ts,equity
2021-01-04T14:59:00+00:00,49995.56
2021-01-04T15:54:00+00:00,50432.0900000
2021-01-04T16:04:00+00:00,51161.1200000
2021-01-05T15:04:00+00:00,51158.1600000
2021-01-05T21:09:00+00:00,51205.2000000
2021-01-06T14:49:00+00:00,51202.2400000
2021-01-06T16:19:00+00:00,51613.2600000
2021-01-06T21:09:00+00:00,51819.2800000
2021-01-07T14:59:00+00:00,51814.8400000
2021-01-07T21:09:00+00:00,52110.4000000
2021-01-08T15:24:00+00:00,52101.5200000
2021-01-08T18:24:00+00:00,52569.5800000
2021-01-08T18:39:00+00:00,53352.6400000
2021-01-11T14:59:00+00:00,53345.9800000
2021-01-11T21:09:00+00:00,53271.8200000
2021-01-12T14:49:00+00:00,53259.2400000
2021-01-12T15:19:00+00:00,52566.6600000
2021-01-13T15:04:00+00:00,52560.0000000
2021-01-13T15:29:00+00:00,51912.0900000
2021-01-14T15:04:00+00:00,51899.5100000
2021-01-14T16:39:00+00:00,51228.1800000
2021-01-15T15:04:00+00:00,51218.5600000
2021-01-15T15:09:00+00:00,51641.6200000
2021-01-15T15:09:00+00:00,51627.6900000
2021-01-18T14:54:00+00:00,51605.4900000
2021-01-18T15:29:00+00:00,51133.2900000
2021-01-19T14:49:00+00:00,51126.6300000
2021-01-19T17:59:00+00:00,50512.4700000
2021-01-20T14:49:00+00:00,50500.6300000
2021-01-20T15:19:00+00:00,50944.7100000
2021-01-20T17:04:00+00:00,51688.7900000
2021-01-21T15:19:00+00:00,51682.1300000
2021-01-21T21:09:00+00:00,51461.7200000
2021-01-22T14:49:00+00:00,51449.1400000
2021-01-22T15:29:00+00:00,50799.0600000
2021-01-25T14:54:00+00:00,50788.7000000
2021-01-25T15:04:00+00:00,50130.8400000
2021-01-26T14:54:00+00:00,50123.4400000
2021-01-26T21:09:00+00:00,49991.0400000
2021-01-27T14:49:00+00:00,49988.8200000
2021-01-27T21:09:00+00:00,50590.3500000
2021-01-28T15:14:00+00:00,50588.1300000
2021-01-28T21:09:00+00:00,50387.1600000
2021-01-29T15:24:00+00:00,50384.9400000
2021-01-29T16:24:00+00:00,49853.9700000
2021-02-01T14:49:00+00:00,49849.5300000
2021-02-01T16:29:00+00:00,49237.5900000
2021-02-02T14:49:00+00:00,49231.6700000
2021-02-02T21:09:00+00:00,49545.7500000
2021-02-03T15:19:00+00:00,49539.8300000
2021-02-03T17:49:00+00:00,48933.9100000
2021-02-04T14:49:00+00:00,48925.0300000
2021-02-04T18:14:00+00:00,49348.0900000
2021-02-04T20:59:00+00:00,50056.1500000
2021-02-05T14:59:00+00:00,50048.0100000
2021-02-05T17:44:00+00:00,49407.3700000
2021-02-08T14:49:00+00:00,49391.8300000
2021-02-08T16:14:00+00:00,48746.2900000
2021-02-09T14:54:00+00:00,48737.4100000
2021-02-09T21:09:00+00:00,48968.5300000
2021-02-10T14:54:00+00:00,48956.6900000
2021-02-10T15:24:00+00:00,49400.7700000
2021-02-10T15:24:00+00:00,50144.8500000
2021-02-11T14:54:00+00:00,50135.2300000
2021-02-11T17:19:00+00:00,50547.0400000
2021-02-11T17:49:00+00:00,51351.2350000
2021-02-12T14:49:00+00:00,51339.3950000
2021-02-12T20:39:00+00:00,51813.4750000
2021-02-12T20:54:00+00:00,52607.5550000
2021-02-15T16:19:00+00:00,52586.0950000
2021-02-15T23:49:00+00:00,51875.8850000
2021-02-16T15:14:00+00:00,51867.7450000
2021-02-16T15:34:00+00:00,51240.8550000
2021-02-17T14:49:00+00:00,51235.6750000
2021-02-17T21:09:00+00:00,51667.9950000
2021-02-18T15:09:00+00:00,51662.8150000
2021-02-18T18:29:00+00:00,51080.1350000
2021-02-19T17:24:00+00:00,51073.4750000
2021-02-19T21:09:00+00:00,51730.5650000
2021-02-22T15:14:00+00:00,51725.3850000
2021-02-22T21:09:00+00:00,51343.9550000
2021-02-23T14:49:00+00:00,51341.7350000
2021-02-23T15:44:00+00:00,50758.2650000
2021-02-24T15:24:00+00:00,50754.5650000
2021-02-24T17:29:00+00:00,51079.3350000
2021-02-24T21:09:00+00:00,51752.1150000
2021-02-25T15:04:00+00:00,51746.9350000
2021-02-25T15:54:00+00:00,52127.2150000
2021-02-25T17:04:00+00:00,52974.2550000
2021-02-26T14:54:00+00:00,52969.8150000
2021-02-26T15:29:00+00:00,53417.5950000
2021-02-26T15:49:00+00:00,53411.6250000
2021-03-01T14:59:00+00:00,53404.9650000
2021-03-01T15:59:00+00:00,53814.5050000
2021-03-01T19:09:00+00:00,54670.1800000
2021-03-02T14:49:00+00:00,54665.0000000
2021-03-02T21:09:00+00:00,55158.5700000
2021-03-03T14:59:00+00:00,55154.8700000
2021-03-03T21:09:00+00:00,55957.4200000
2021-03-04T14:49:00+00:00,55953.7200000
2021-03-04T16:44:00+00:00,55287.5200000
2021-03-05T14:49:00+00:00,55284.5600000
2021-03-05T16:29:00+00:00,55744.3300000
2021-03-05T17:24:00+00:00,55740.3500000
2021-03-08T15:19:00+00:00,55737.3900000
2021-03-08T20:59:00+00:00,55034.4300000
2021-03-09T14:49:00+00:00,55027.0300000
2021-03-09T15:44:00+00:00,55529.5800000
2021-03-09T21:09:00+00:00,55582.1300000
2021-03-10T14:54:00+00:00,55574.7300000
2021-03-10T15:29:00+00:00,54892.3300000
2021-03-11T14:59:00+00:00,54884.1900000
2021-03-11T16:14:00+00:00,55330.4900000
2021-03-11T21:09:00+00:00,55506.0500000
2021-03-12T14:54:00+00:00,55499.3900000
2021-03-12T15:29:00+00:00,54851.4800000
2021-03-15T14:04:00+00:00,54840.3800000
2021-03-15T15:34:00+00:00,55307.7000000
2021-03-15T16:34:00+00:00,55291.7800000
2021-03-16T13:49:00+00:00,55277.7200000
2021-03-16T15:49:00+00:00,54574.9100000
2021-03-17T13:49:00+00:00,54564.5500000
2021-03-17T14:09:00+00:00,53889.1900000
2021-03-18T13:49:00+00:00,53880.3100000
2021-03-18T14:39:00+00:00,53196.4300000
2021-03-19T13:49:00+00:00,53192.7300000
2021-03-19T15:49:00+00:00,52526.5300000
2021-03-22T13:49:00+00:00,52518.3900000
2021-03-22T16:24:00+00:00,52927.1900000
2021-03-22T18:34:00+00:00,53747.7500000
2021-03-23T13:59:00+00:00,53736.6500000
2021-03-23T14:39:00+00:00,53050.5500000
2021-03-24T13:54:00+00:00,53037.9700000
2021-03-24T14:09:00+00:00,52366.6400000
2021-03-25T14:04:00+00:00,52360.7200000
2021-03-25T14:39:00+00:00,51734.8000000
2021-03-26T14:04:00+00:00,51725.9200000
2021-03-26T15:19:00+00:00,51087.0400000
2021-03-29T13:59:00+00:00,51081.8600000
2021-03-29T16:54:00+00:00,50507.9300000
2021-03-30T14:19:00+00:00,50501.2700000
2021-03-30T14:44:00+00:00,49887.1100000
2021-03-31T14:09:00+00:00,49879.7100000
2021-03-31T20:09:00+00:00,49759.8100000
2021-04-01T14:09:00+00:00,49748.7100000
2021-04-01T19:54:00+00:00,50176.6550000
2021-04-01T20:09:00+00:00,50930.7350000
2021-04-05T13:49:00+00:00,50921.8550000
2021-04-05T14:44:00+00:00,51367.4150000
2021-04-05T16:34:00+00:00,52112.9750000
2021-04-06T13:49:00+00:00,52101.8750000
2021-04-06T19:54:00+00:00,51453.2750000
2021-04-07T14:24:00+00:00,51441.4350000
2021-04-07T15:39:00+00:00,50769.5950000
2021-04-08T14:14:00+00:00,50759.2350000
2021-04-08T15:34:00+00:00,50101.3750000
2021-04-09T13:49:00+00:00,50086.5750000
2021-04-09T17:49:00+00:00,50547.9250000
2021-04-09T19:29:00+00:00,51321.7750000
2021-04-12T13:54:00+00:00,51311.4150000
2021-04-12T16:34:00+00:00,50671.0550000
2021-04-13T13:59:00+00:00,50655.5150000
2021-04-13T18:24:00+00:00,51098.1150000
2021-04-13T19:04:00+00:00,51914.9750000
2021-04-14T13:59:00+00:00,51908.3150000
2021-04-14T17:59:00+00:00,51305.4050000
2021-04-15T14:29:00+00:00,51294.3050000
2021-04-15T19:49:00+00:00,51735.3750000
2021-04-15T20:09:00+00:00,52239.4550000
2021-04-16T13:54:00+00:00,52232.7950000
2021-04-16T18:49:00+00:00,51596.1350000
2021-04-19T14:04:00+00:00,51586.5150000
2021-04-19T15:49:00+00:00,52020.8250000
2021-04-19T20:09:00+00:00,52164.3950000
2021-04-20T13:54:00+00:00,52154.0350000
2021-04-20T14:04:00+00:00,51513.6750000
2021-04-21T13:49:00+00:00,51507.0150000
2021-04-21T15:59:00+00:00,51924.0550000
2021-04-21T19:54:00+00:00,52795.3550000
2021-04-22T14:49:00+00:00,52787.9550000
2021-04-22T17:09:00+00:00,52130.5550000
2021-04-23T13:49:00+00:00,52117.9750000
2021-04-23T14:34:00+00:00,52562.0550000
2021-04-23T14:49:00+00:00,53399.1450000
2021-04-26T14:09:00+00:00,53385.0850000
2021-04-26T16:09:00+00:00,52682.2750000
2021-04-27T14:39:00+00:00,52675.6150000
2021-04-27T19:34:00+00:00,52050.2050000
2021-04-28T13:49:00+00:00,52039.1050000
2021-04-28T15:54:00+00:00,51390.5050000
2021-04-29T13:54:00+00:00,51380.8850000
2021-04-29T14:39:00+00:00,51815.1950000
2021-04-29T16:04:00+00:00,52663.1400000
2021-04-30T13:49:00+00:00,52651.3000000
2021-04-30T14:39:00+00:00,51979.4600000
2021-05-03T13:49:00+00:00,51969.1000000
2021-05-03T14:54:00+00:00,51328.7400000
2021-05-04T13:49:00+00:00,51325.0400000
2021-05-04T20:09:00+00:00,51127.5900000
2021-05-05T14:04:00+00:00,51123.1500000
2021-05-05T15:54:00+00:00,50533.7100000
2021-05-06T13:59:00+00:00,50527.7900000
2021-05-06T15:34:00+00:00,49891.8700000
2021-05-07T13:49:00+00:00,49888.1700000
2021-05-07T20:09:00+00:00,50165.7200000
2021-05-10T14:29:00+00:00,50157.5800000
2021-05-10T18:19:00+00:00,50547.6300000
2021-05-10T18:54:00+00:00,51330.6900000
2021-05-11T13:59:00+00:00,51327.7300000
2021-05-11T14:29:00+00:00,50789.7700000
2021-05-12T14:04:00+00:00,50785.3300000
2021-05-12T15:59:00+00:00,51199.3600000
2021-05-12T19:19:00+00:00,51890.8900000
2021-05-13T13:54:00+00:00,51887.9300000
2021-05-13T20:09:00+00:00,51939.9700000
2021-05-14T13:49:00+00:00,51929.6100000
2021-05-14T15:19:00+00:00,52410.0550000
2021-05-14T17:29:00+00:00,53214.2500000
2021-05-17T13:54:00+00:00,53209.0700000
2021-05-17T20:09:00+00:00,52783.8900000
2021-05-18T14:04:00+00:00,52777.2300000
2021-05-18T19:54:00+00:00,53171.7700000
2021-05-18T20:09:00+00:00,53774.3200000
2021-05-19T14:04:00+00:00,53769.1400000
2021-05-19T15:09:00+00:00,53107.7100000
2021-05-20T13:49:00+00:00,53101.0500000
2021-05-20T15:39:00+00:00,53540.5900000
2021-05-20T20:09:00+00:00,54036.8900000
2021-05-21T13:59:00+00:00,54029.4900000
2021-05-21T14:24:00+00:00,53334.5900000
2021-05-24T13:54:00+00:00,53324.2300000
2021-05-24T14:39:00+00:00,53791.5500000
2021-05-24T18:34:00+00:00,54573.8700000
2021-05-25T13:49:00+00:00,54564.9900000
2021-05-25T15:34:00+00:00,55044.3000000
2021-05-25T20:09:00+00:00,55407.3600000
2021-05-26T13:49:00+00:00,55399.2200000
2021-05-26T15:04:00+00:00,54703.5800000
2021-05-27T14:44:00+00:00,54687.3000000
2021-05-27T14:54:00+00:00,53983.5200000
2021-05-28T13:49:00+00:00,53967.2400000
2021-05-28T16:04:00+00:00,53263.4600000
2021-05-31T13:49:00+00:00,53247.1800000
2021-05-31T22:29:00+00:00,52543.4000000
2021-06-01T13:49:00+00:00,52536.7400000
2021-06-01T20:09:00+00:00,53160.0800000
2021-06-02T13:49:00+00:00,53150.4600000
2021-06-02T17:49:00+00:00,52474.5900000
2021-06-03T13:49:00+00:00,52470.1500000
2021-06-03T14:49:00+00:00,51895.7100000
2021-06-04T14:14:00+00:00,51885.3500000
2021-06-04T19:54:00+00:00,52339.5450000
2021-06-04T20:09:00+00:00,52605.6150000
2021-06-07T13:54:00+00:00,52592.2950000
2021-06-07T20:09:00+00:00,52286.4750000
2021-06-08T13:49:00+00:00,52273.8950000
2021-06-08T15:19:00+00:00,52717.9750000
2021-06-08T15:24:00+00:00,53555.0650000
2021-06-09T15:59:00+00:00,53542.4850000
2021-06-09T20:09:00+00:00,54082.4050000
2021-06-10T14:49:00+00:00,54077.9650000
2021-06-10T20:09:00+00:00,53668.5250000
2021-06-11T14:19:00+00:00,53652.9850000
2021-06-11T16:44:00+00:00,54114.3350000
2021-06-11T18:19:00+00:00,54092.4450000
2021-06-14T14:04:00+00:00,54080.6050000
2021-06-14T19:54:00+00:00,53388.7650000
2021-06-15T14:04:00+00:00,53378.4050000
2021-06-15T20:09:00+00:00,53438.0450000
2021-06-16T13:49:00+00:00,53423.2450000
2021-06-16T16:29:00+00:00,53903.3450000
2021-06-16T17:54:00+00:00,54708.4450000
2021-06-17T14:09:00+00:00,54702.5250000
2021-06-17T14:39:00+00:00,54056.6050000
2021-06-18T13:54:00+00:00,54049.9450000
2021-06-18T20:04:00+00:00,54474.4850000
2021-06-18T20:09:00+00:00,54945.7850000
2021-06-21T13:54:00+00:00,54940.6050000
2021-06-21T17:44:00+00:00,55365.8850000
2021-06-21T20:09:00+00:00,56022.9250000
2021-06-22T13:54:00+00:00,56008.1250000
2021-06-22T14:09:00+00:00,55268.3250000
2021-06-23T14:14:00+00:00,55255.7450000
2021-06-23T15:04:00+00:00,54541.9150000
2021-06-24T14:24:00+00:00,54527.1150000
2021-06-24T15:44:00+00:00,53812.3150000
2021-06-25T14:14:00+00:00,53796.7750000
2021-06-25T19:54:00+00:00,54258.1250000
2021-06-25T20:09:00+00:00,54401.2350000
2021-06-28T17:04:00+00:00,54393.0950000
2021-06-28T19:29:00+00:00,53724.9550000
2021-06-29T14:34:00+00:00,53709.4150000
2021-06-29T15:54:00+00:00,53011.3750000
2021-06-30T14:34:00+00:00,53002.4950000
2021-06-30T20:09:00+00:00,53233.6150000
2021-07-01T13:49:00+00:00,53216.5950000
2021-07-01T18:34:00+00:00,53682.8300000
2021-07-01T20:09:00+00:00,54243.9500000
2021-07-02T13:49:00+00:00,54226.1900000
2021-07-02T16:34:00+00:00,54712.3100000
2021-07-02T16:54:00+00:00,55528.4300000
2021-07-05T13:54:00+00:00,55506.2300000
2021-07-05T16:59:00+00:00,55146.5300000
2021-07-06T14:04:00+00:00,55139.1300000
2021-07-06T15:19:00+00:00,55641.6800000
2021-07-06T19:24:00+00:00,55631.7300000
2021-07-07T14:04:00+00:00,55622.8500000
2021-07-07T15:54:00+00:00,54923.9700000
2021-07-08T13:49:00+00:00,54918.7900000
2021-07-08T15:19:00+00:00,54301.1100000
2021-07-09T13:54:00+00:00,54292.9700000
2021-07-09T18:39:00+00:00,54748.6450000
2021-07-09T20:09:00+00:00,55269.2050000
2021-07-12T13:59:00+00:00,55258.8450000
2021-07-12T20:09:00+00:00,56105.9850000
2021-07-13T13:49:00+00:00,56091.1850000
2021-07-13T17:19:00+00:00,55351.3850000
2021-07-14T13:59:00+00:00,55340.2850000
2021-07-14T15:39:00+00:00,55807.6050000
2021-07-14T19:09:00+00:00,55791.6850000
2021-07-15T13:59:00+00:00,55785.0250000
2021-07-15T16:09:00+00:00,55137.1150000
2021-07-16T13:49:00+00:00,55126.0150000
2021-07-16T14:24:00+00:00,55580.2100000
2021-07-16T15:19:00+00:00,56449.2900000
2021-07-19T13:54:00+00:00,56444.8500000
2021-07-19T20:09:00+00:00,56282.9100000
2021-07-20T13:49:00+00:00,56279.2100000
2021-07-20T16:04:00+00:00,56671.4800000
2021-07-20T20:09:00+00:00,57243.0100000
2021-07-21T13:49:00+00:00,57233.3900000
2021-07-21T20:04:00+00:00,57723.9500000
2021-07-21T20:09:00+00:00,58226.2700000
2021-07-22T14:39:00+00:00,58216.6500000
2021-07-22T16:09:00+00:00,57508.2800000
2021-07-23T14:39:00+00:00,57496.4400000
2021-07-23T15:29:00+00:00,58000.5200000
2021-07-23T17:19:00+00:00,58844.6000000
2021-07-26T15:29:00+00:00,58835.7200000
2021-07-26T20:09:00+00:00,59156.8400000
2021-07-27T14:14:00+00:00,59150.9200000
2021-07-27T20:09:00+00:00,59265.0000000
2021-07-28T17:34:00+00:00,59259.8200000
2021-07-28T18:49:00+00:00,58589.6400000
2021-07-29T14:39:00+00:00,58582.2400000
2021-07-29T20:09:00+00:00,58074.8400000
2021-07-30T13:54:00+00:00,58068.1800000
2021-07-30T18:39:00+00:00,57364.0200000
2021-08-02T14:04:00+00:00,57352.9200000
2021-08-02T16:04:00+00:00,57820.2400000
2021-08-02T19:44:00+00:00,58714.3200000
2021-08-03T13:49:00+00:00,58707.6600000
2021-08-03T15:44:00+00:00,57981.0000000
2021-08-04T14:04:00+00:00,57969.1600000
2021-08-04T14:34:00+00:00,57217.3200000
2021-08-05T13:54:00+00:00,57204.7400000
2021-08-05T19:59:00+00:00,57678.8200000
2021-08-05T20:09:00+00:00,58088.4100000
2021-08-06T19:04:00+00:00,58078.0500000
2021-08-06T20:09:00+00:00,57612.6900000
2021-08-10T13:59:00+00:00,57597.1500000
2021-08-10T14:44:00+00:00,56846.6100000
2021-08-11T15:04:00+00:00,56833.2900000
2021-08-11T20:09:00+00:00,56279.9700000
2021-08-12T13:54:00+00:00,56265.9100000
2021-08-12T14:54:00+00:00,55539.3500000
2021-08-13T13:49:00+00:00,55523.8100000
2021-08-13T14:04:00+00:00,54799.5200000
2021-08-16T13:49:00+00:00,54790.6400000
2021-08-16T16:49:00+00:00,54106.7600000
2021-08-17T14:04:00+00:00,54098.6200000
2021-08-17T14:29:00+00:00,53402.9800000
2021-08-18T13:54:00+00:00,53394.1000000
2021-08-18T18:14:00+00:00,52725.2200000
2021-08-19T13:54:00+00:00,52721.5200000
2021-08-19T20:09:00+00:00,53099.0700000
2021-08-20T13:49:00+00:00,53094.6300000
2021-08-20T20:09:00+00:00,53502.6900000
2021-08-23T14:04:00+00:00,53497.5100000
2021-08-23T20:09:00+00:00,53737.3300000
2021-08-24T13:49:00+00:00,53722.5300000
2021-08-24T20:09:00+00:00,53532.7300000
2021-08-25T14:14:00+00:00,53517.1900000
2021-08-25T16:29:00+00:00,53978.5400000
2021-08-25T20:09:00+00:00,54204.1500000
2021-08-26T13:59:00+00:00,54189.3500000
2021-08-26T14:29:00+00:00,54688.2000000
2021-08-26T15:04:00+00:00,55524.5500000
2021-08-27T14:04:00+00:00,55519.3700000
2021-08-27T20:09:00+00:00,55890.4400000
2021-08-30T13:59:00+00:00,55876.3800000
2021-08-30T14:44:00+00:00,56359.0950000
2021-08-30T20:09:00+00:00,56714.1950000
2021-08-31T13:54:00+00:00,56705.3150000
2021-08-31T15:19:00+00:00,56006.4350000
2021-09-01T13:59:00+00:00,55990.8950000
2021-09-01T14:04:00+00:00,55266.6050000
2021-09-02T14:04:00+00:00,55251.8050000
2021-09-02T15:39:00+00:00,54537.0050000
2021-09-03T14:04:00+00:00,54528.8650000
2021-09-03T20:09:00+00:00,54548.2250000
2021-09-06T13:49:00+00:00,54526.0250000
2021-09-06T16:34:00+00:00,54016.3250000
2021-09-07T13:49:00+00:00,54008.1850000
2021-09-07T20:09:00+00:00,54096.2950000
2021-09-08T13:59:00+00:00,54085.1950000
2021-09-08T14:34:00+00:00,53380.3450000
2021-09-09T14:04:00+00:00,53374.4250000
2021-09-09T16:19:00+00:00,52728.5050000
2021-09-10T13:49:00+00:00,52722.5850000
2021-09-10T14:59:00+00:00,53199.6250000
2021-09-10T19:49:00+00:00,53996.6650000
2021-09-13T14:04:00+00:00,53993.7050000
2021-09-13T20:09:00+00:00,53845.7450000
2021-09-14T13:49:00+00:00,53838.3450000
2021-09-14T14:04:00+00:00,54294.0200000
2021-09-14T17:14:00+00:00,55055.9450000
2021-09-15T13:49:00+00:00,55050.7650000
2021-09-15T19:39:00+00:00,55487.2950000
2021-09-15T20:09:00+00:00,55989.3350000
2021-09-16T13:49:00+00:00,55983.4150000
2021-09-16T14:59:00+00:00,56475.4550000
2021-09-16T17:59:00+00:00,56467.4950000
2021-09-17T13:49:00+00:00,56460.8350000
2021-09-17T17:49:00+00:00,56915.3750000
2021-09-17T20:09:00+00:00,57661.6750000
2021-09-20T15:44:00+00:00,57657.9750000
2021-09-20T18:24:00+00:00,58031.4950000
2021-09-20T19:59:00+00:00,58025.5250000
2021-09-21T13:49:00+00:00,58021.0850000
2021-09-21T14:09:00+00:00,57341.6450000
2021-09-22T13:59:00+00:00,57335.7250000
2021-09-22T15:54:00+00:00,57865.2650000
2021-09-22T18:54:00+00:00,57857.3050000
2021-09-23T13:49:00+00:00,57853.6050000
2021-09-23T20:09:00+00:00,58081.1550000
2021-09-24T13:59:00+00:00,58076.7150000
2021-09-24T20:09:00+00:00,58162.2750000
2021-09-27T14:14:00+00:00,58155.6150000
2021-09-27T20:09:00+00:00,57755.2050000
2021-09-28T13:49:00+00:00,57750.7650000
2021-09-28T15:09:00+00:00,58221.0450000
2021-09-28T20:09:00+00:00,58796.3250000
2021-09-29T13:54:00+00:00,58791.8850000
2021-09-29T17:34:00+00:00,58149.9450000
2021-09-30T14:14:00+00:00,58144.7650000
2021-09-30T15:49:00+00:00,58592.5450000
2021-09-30T19:59:00+00:00,59589.5850000
2021-10-01T14:19:00+00:00,59586.6250000
2021-10-01T15:44:00+00:00,58858.6650000
2021-10-04T14:04:00+00:00,58854.9650000
2021-10-04T14:54:00+00:00,59235.9850000
2021-10-04T20:09:00+00:00,59578.7650000
2021-10-05T13:54:00+00:00,59573.5850000
2021-10-05T14:54:00+00:00,60010.1150000
2021-10-05T20:09:00+00:00,60372.1550000
2021-10-06T13:59:00+00:00,60367.7150000
2021-10-06T14:34:00+00:00,59620.7750000
2021-10-07T13:59:00+00:00,59616.3350000
2021-10-07T19:59:00+00:00,58869.3950000
2021-10-08T16:29:00+00:00,58864.2150000
2021-10-08T20:09:00+00:00,59007.7850000
2021-10-11T13:49:00+00:00,59001.8650000
2021-10-11T17:24:00+00:00,58315.9450000
2021-10-12T13:49:00+00:00,58310.7650000
2021-10-12T16:09:00+00:00,57588.0850000
2021-10-13T13:49:00+00:00,57582.9050000
2021-10-13T18:04:00+00:00,56886.4750000
2021-10-14T14:04:00+00:00,56881.2950000
2021-10-14T20:09:00+00:00,57558.6150000
2021-10-15T13:59:00+00:00,57550.4750000
2021-10-15T20:09:00+00:00,57886.0850000
2021-10-18T13:49:00+00:00,57880.9050000
2021-10-18T20:09:00+00:00,58566.9750000
2021-10-19T14:09:00+00:00,58555.8750000
2021-10-19T20:04:00+00:00,59049.4450000
2021-10-19T20:09:00+00:00,59673.5250000
2021-10-20T13:49:00+00:00,59661.6850000
2021-10-20T20:09:00+00:00,59689.8450000
2021-10-21T13:54:00+00:00,59674.3050000
2021-10-21T19:19:00+00:00,60191.9050000
2021-10-21T19:59:00+00:00,61146.2650000
2021-10-22T14:29:00+00:00,61140.3450000
2021-10-22T15:19:00+00:00,60424.4250000
2021-10-25T15:09:00+00:00,60419.2450000
2021-10-25T20:09:00+00:00,60746.5650000
2021-10-26T14:14:00+00:00,60737.6850000
2021-10-26T16:04:00+00:00,60008.8050000
2021-10-27T13:54:00+00:00,60002.1450000
2021-10-27T19:14:00+00:00,59297.9850000
2021-10-28T13:49:00+00:00,59289.8450000
2021-10-28T20:09:00+00:00,59872.9550000
2021-10-29T13:49:00+00:00,59867.0350000
2021-10-29T20:09:00+00:00,60671.1150000
2021-11-01T13:49:00+00:00,60663.7150000
2021-11-01T20:09:00+00:00,60368.8150000
2021-11-02T13:54:00+00:00,60358.4550000
2021-11-02T20:09:00+00:00,60680.5950000
2021-11-03T18:04:00+00:00,60674.6750000
2021-11-03T19:49:00+00:00,61181.7150000
2021-11-03T20:09:00+00:00,61583.7550000
2021-11-04T13:49:00+00:00,61569.6950000
2021-11-04T14:49:00+00:00,62103.0350000
2021-11-04T15:24:00+00:00,62083.1350000
2021-11-05T14:04:00+00:00,62076.4750000
2021-11-05T16:54:00+00:00,61304.8150000
2021-11-08T15:04:00+00:00,61296.6750000
2021-11-08T21:09:00+00:00,61412.2850000
2021-11-09T14:49:00+00:00,61402.6650000
2021-11-09T14:59:00+00:00,61904.4750000
2021-11-09T21:09:00+00:00,62345.5450000
2021-11-10T14:54:00+00:00,62338.1450000
2021-11-10T18:09:00+00:00,61568.2450000
2021-11-11T15:34:00+00:00,61558.6250000
2021-11-11T21:09:00+00:00,61597.7550000
2021-11-12T15:59:00+00:00,61588.8750000
2021-11-12T16:59:00+00:00,62146.9350000
2021-11-12T21:09:00+00:00,62854.9950000
2021-11-15T15:04:00+00:00,62842.4150000
2021-11-15T16:44:00+00:00,63361.4950000
2021-11-15T21:09:00+00:00,63512.3350000
2021-11-16T14:49:00+00:00,63506.4150000
2021-11-16T21:09:00+00:00,63650.4950000
2021-11-17T14:49:00+00:00,63637.9150000
2021-11-17T16:59:00+00:00,62817.8350000
2021-11-18T14:54:00+00:00,62805.9950000
2021-11-18T15:14:00+00:00,63355.0750000
2021-11-18T16:34:00+00:00,63339.1550000
2021-11-19T14:59:00+00:00,63331.7550000
2021-11-19T18:39:00+00:00,62574.3550000
2021-11-22T14:49:00+00:00,62568.4350000
2021-11-22T16:54:00+00:00,61812.5150000
2021-11-23T14:49:00+00:00,61808.0750000
2021-11-23T15:29:00+00:00,61121.1350000
2021-11-24T15:04:00+00:00,61115.2150000
2021-11-24T20:54:00+00:00,61622.2550000
2021-11-24T21:09:00+00:00,62079.2950000
2021-11-25T14:54:00+00:00,62057.0950000
2021-11-25T15:49:00+00:00,61322.3950000
2021-11-26T14:49:00+00:00,61318.6950000
2021-11-29T13:49:00+00:00,60546.2450000
2021-11-29T14:49:00+00:00,60540.3250000
2021-11-29T17:04:00+00:00,59794.4050000
2021-11-30T15:04:00+00:00,59789.2250000
2021-11-30T15:49:00+00:00,59092.7950000
2021-12-01T15:04:00+00:00,59087.6150000
2021-12-01T17:59:00+00:00,58399.9350000
2021-12-02T14:49:00+00:00,58397.7150000
2021-12-02T21:09:00+00:00,58781.7450000
2021-12-03T14:49:00+00:00,58778.7850000
2021-12-03T15:49:00+00:00,59287.3050000
2021-12-03T21:09:00+00:00,59635.8250000
2021-12-06T15:14:00+00:00,59633.6050000
2021-12-06T21:09:00+00:00,59781.3850000
2021-12-07T14:49:00+00:00,59776.2050000
2021-12-07T21:09:00+00:00,60576.0250000
2021-12-08T15:29:00+00:00,60569.3650000
2021-12-08T18:49:00+00:00,59865.2050000
2021-12-09T15:29:00+00:00,59858.5450000
2021-12-09T18:39:00+00:00,59154.3850000
2021-12-10T14:49:00+00:00,59146.9850000
2021-12-10T20:49:00+00:00,58402.0850000
2021-12-13T14:49:00+00:00,58395.4250000
2021-12-13T20:59:00+00:00,58864.9650000
2021-12-13T21:09:00+00:00,59467.5150000
2021-12-14T15:49:00+00:00,59464.5550000
2021-12-14T21:09:00+00:00,59206.5950000
2021-12-15T14:49:00+00:00,59202.1550000
2021-12-15T19:04:00+00:00,58545.2150000
2021-12-16T14:59:00+00:00,58540.0350000
2021-12-16T17:59:00+00:00,58993.4400000
2021-12-16T19:49:00+00:00,60002.9800000
2021-12-17T15:14:00+00:00,60000.0200000
2021-12-17T15:49:00+00:00,59242.0600000
2021-12-20T14:49:00+00:00,59237.6200000
2021-12-20T20:54:00+00:00,58588.1800000
2021-12-21T14:49:00+00:00,58583.0000000
2021-12-21T16:44:00+00:00,57869.0700000
2021-12-22T14:54:00+00:00,57860.1900000
2021-12-22T15:44:00+00:00,58362.0000000
2021-12-22T16:34:00+00:00,59201.3100000
2021-12-23T15:24:00+00:00,59196.8700000
2021-12-23T21:09:00+00:00,59132.4300000
2021-12-27T14:49:00+00:00,59125.0300000
2021-12-27T17:29:00+00:00,59674.4550000
2021-12-27T20:59:00+00:00,60592.6300000
2021-12-28T14:54:00+00:00,60583.0100000
2021-12-28T15:19:00+00:00,59825.8900000
2021-12-29T15:14:00+00:00,59819.9700000
2021-12-29T20:34:00+00:00,59134.0500000
2021-12-30T20:29:00+00:00,59126.6500000
2021-12-30T21:09:00+00:00,59719.2500000
2021-12-31T15:04:00+00:00,59711.8500000
2021-12-31T20:49:00+00:00,58991.9500000
2023-01-03T14:49:00+00:00,58988.9900000
2023-01-03T16:34:00+00:00,59433.7600000
2023-01-03T21:09:00+00:00,59734.7800000
2023-01-04T15:04:00+00:00,59731.0800000
2023-01-04T16:34:00+00:00,59027.3800000
2023-01-05T16:24:00+00:00,59024.4200000
2023-01-05T21:09:00+00:00,58886.4600000
2023-01-06T15:39:00+00:00,58884.2400000
2023-01-06T21:09:00+00:00,59365.7700000
2023-01-09T14:49:00+00:00,59359.8500000
2023-01-09T16:14:00+00:00,59874.3900000
2023-01-09T18:39:00+00:00,59866.4300000
2023-01-10T15:14:00+00:00,59861.9900000
2023-01-10T15:34:00+00:00,59145.0500000
2023-01-11T15:59:00+00:00,59138.3900000
2023-01-11T17:14:00+00:00,58389.2300000
2023-01-12T14:49:00+00:00,58387.0100000
2023-01-12T15:44:00+00:00,57747.2900000
2023-01-13T14:54:00+00:00,57740.6300000
2023-01-13T18:44:00+00:00,58217.6700000
2023-01-13T20:39:00+00:00,59213.9700000
2023-01-16T15:39:00+00:00,59192.5100000
2023-01-16T16:34:00+00:00,58409.8000000
2023-01-17T15:04:00+00:00,58404.6200000
2023-01-17T16:09:00+00:00,57681.9400000
2023-01-18T15:39:00+00:00,57675.2800000
2023-01-18T16:19:00+00:00,58144.8200000
2023-01-18T16:54:00+00:00,59125.4950000
2023-01-19T14:49:00+00:00,59119.5750000
2023-01-19T18:44:00+00:00,58433.6550000
2023-01-20T15:09:00+00:00,58429.2150000
2023-01-20T19:34:00+00:00,58938.8700000
2023-01-20T21:09:00+00:00,59686.6500000
2023-01-23T14:49:00+00:00,59680.7300000
2023-01-23T15:59:00+00:00,60232.7700000
2023-01-23T18:39:00+00:00,61154.8100000
2023-01-24T14:49:00+00:00,61147.4100000
2023-01-24T15:09:00+00:00,60390.0100000
2023-01-25T14:54:00+00:00,60384.0900000
2023-01-25T16:39:00+00:00,59658.1700000
2023-01-26T14:49:00+00:00,59653.7300000
2023-01-26T20:29:00+00:00,58981.7900000
2023-01-27T14:49:00+00:00,58975.1300000
2023-01-27T19:29:00+00:00,59422.1700000
2023-01-27T21:09:00+00:00,59537.2200000
2023-01-30T14:49:00+00:00,59530.5600000
2023-01-30T15:39:00+00:00,58770.1500000
2023-01-31T14:49:00+00:00,58761.2700000
2023-01-31T15:09:00+00:00,58047.3900000
2023-02-01T14:49:00+00:00,58037.0300000
2023-02-01T15:09:00+00:00,57309.1700000
2023-02-02T14:59:00+00:00,57302.5100000
2023-02-02T15:34:00+00:00,56587.1000000
2023-02-03T14:49:00+00:00,56583.4000000
2023-02-03T19:59:00+00:00,55942.2000000
2023-02-06T15:19:00+00:00,55937.0200000
2023-02-06T16:09:00+00:00,55301.8400000
2023-02-07T16:09:00+00:00,55293.7000000
2023-02-07T17:44:00+00:00,55749.3750000
2023-02-07T17:49:00+00:00,56663.6850000
2023-02-08T15:34:00+00:00,56659.2450000
2023-02-08T21:09:00+00:00,57164.8050000
2023-02-09T15:29:00+00:00,57160.3650000
2023-02-09T19:14:00+00:00,57681.2700000
2023-02-09T20:34:00+00:00,58550.9250000
2023-02-10T15:14:00+00:00,58545.0050000
2023-02-10T17:14:00+00:00,57809.0850000
2023-02-13T14:59:00+00:00,57804.6450000
2023-02-13T21:09:00+00:00,58557.7050000
2023-02-14T14:49:00+00:00,58554.0050000
2023-02-14T15:49:00+00:00,57869.0550000
2023-02-15T15:09:00+00:00,57861.6550000
2023-02-15T15:34:00+00:00,57154.2550000
2023-02-16T15:14:00+00:00,57147.5950000
2023-02-16T16:49:00+00:00,57587.1350000
2023-02-16T20:24:00+00:00,57577.1850000
2023-02-17T14:49:00+00:00,57572.0050000
2023-02-17T15:24:00+00:00,56901.8250000
2023-02-20T15:04:00+00:00,56879.6250000
2023-02-21T00:59:00+00:00,57346.6500000
2023-02-21T07:09:00+00:00,58132.4250000
2023-02-21T14:49:00+00:00,58123.5450000
2023-02-21T16:09:00+00:00,58659.1050000
2023-02-21T18:29:00+00:00,59554.6650000
2023-02-22T14:49:00+00:00,59544.3050000
2023-02-22T15:04:00+00:00,58816.4450000
2023-02-23T14:49:00+00:00,58806.8250000
2023-02-23T15:09:00+00:00,58065.9550000
2023-02-24T14:49:00+00:00,58061.5150000
2023-02-24T16:54:00+00:00,57427.0750000
2023-02-27T14:59:00+00:00,57418.1950000
2023-02-27T15:39:00+00:00,56719.3150000
2023-02-28T15:04:00+00:00,56712.6550000
2023-02-28T20:59:00+00:00,56030.9950000
2023-03-01T14:49:00+00:00,56023.5950000
2023-03-01T15:09:00+00:00,55316.1950000
2023-03-02T14:54:00+00:00,55306.5750000
2023-03-02T18:39:00+00:00,55763.3850000
2023-03-02T18:59:00+00:00,56655.0800000
2023-03-03T14:49:00+00:00,56643.2400000
2023-03-03T15:09:00+00:00,55911.4000000
2023-03-06T15:09:00+00:00,55904.7400000
2023-03-06T18:59:00+00:00,55211.8300000
2023-03-07T15:04:00+00:00,55208.8700000
2023-03-07T21:09:00+00:00,55875.9100000
2023-03-08T15:34:00+00:00,55869.2500000
2023-03-08T16:39:00+00:00,55153.8400000
2023-03-09T14:49:00+00:00,55148.6600000
2023-03-09T15:19:00+00:00,54495.9800000
2023-03-10T14:49:00+00:00,54493.0200000
2023-03-10T15:59:00+00:00,53880.0600000
2023-03-13T13:49:00+00:00,53877.8400000
2023-03-13T15:29:00+00:00,54139.6000000
2023-03-13T20:09:00+00:00,54328.1200000
2023-03-14T14:14:00+00:00,54322.9400000
2023-03-14T17:14:00+00:00,53705.2600000
2023-03-15T13:59:00+00:00,53700.8200000
2023-03-15T18:24:00+00:00,53028.8800000
2023-03-16T13:59:00+00:00,53025.1800000
2023-03-16T14:59:00+00:00,53376.2000000
2023-03-16T15:59:00+00:00,54255.2300000
2023-03-17T13:49:00+00:00,54250.0500000
2023-03-17T14:04:00+00:00,53597.3700000
2023-03-20T14:04:00+00:00,53593.6700000
2023-03-20T20:09:00+00:00,53908.7200000
2023-03-21T14:14:00+00:00,53898.3600000
2023-03-21T15:49:00+00:00,54391.9300000
2023-03-21T17:29:00+00:00,54378.0000000
2023-03-22T14:24:00+00:00,54369.1200000
2023-03-22T16:19:00+00:00,53715.2400000
2023-03-23T14:09:00+00:00,53709.3200000
2023-03-23T15:04:00+00:00,54171.3600000
2023-03-23T17:04:00+00:00,54163.4000000
2023-03-24T13:49:00+00:00,54158.9600000
2023-03-24T14:04:00+00:00,53509.5200000
2023-03-27T14:29:00+00:00,53503.6000000
2023-03-27T20:09:00+00:00,53687.6800000
2023-03-28T13:54:00+00:00,53678.0600000
2023-03-28T14:34:00+00:00,53002.1900000
2023-03-29T14:04:00+00:00,52989.6100000
2023-03-29T14:14:00+00:00,52297.0300000
2023-03-30T14:09:00+00:00,52285.1900000
2023-03-30T14:34:00+00:00,51633.3500000
2023-03-31T14:34:00+00:00,51627.4300000
2023-03-31T19:04:00+00:00,52081.9700000
2023-03-31T20:09:00+00:00,52774.0100000
2023-04-03T13:49:00+00:00,52768.8300000
2023-04-03T15:09:00+00:00,52168.6500000
2023-04-04T14:24:00+00:00,52162.7300000
2023-04-04T16:09:00+00:00,52602.2700000
2023-04-04T20:09:00+00:00,52879.3100000
2023-04-05T13:54:00+00:00,52863.0300000
2023-04-05T14:04:00+00:00,52159.2500000
2023-04-06T14:14:00+00:00,52152.5900000
2023-04-06T18:19:00+00:00,52577.1300000
2023-04-06T20:09:00+00:00,53067.1800000
2023-04-10T14:14:00+00:00,53057.5600000
2023-04-10T16:49:00+00:00,53480.6200000
2023-04-10T19:04:00+00:00,54306.6900000
2023-04-11T14:14:00+00:00,54294.8500000
2023-04-11T16:14:00+00:00,53623.0100000
2023-04-12T13:49:00+00:00,53617.0900000
2023-04-12T15:14:00+00:00,54079.1300000
2023-04-12T16:04:00+00:00,54071.1700000
2023-04-13T14:09:00+00:00,54061.5500000
2023-04-13T16:04:00+00:00,54507.1100000
2023-04-13T17:39:00+00:00,55376.9300000
2023-04-14T13:49:00+00:00,55371.7500000
2023-04-14T14:09:00+00:00,54701.5700000
2023-04-17T14:44:00+00:00,54691.9500000
2023-04-17T19:14:00+00:00,53983.5800000
2023-04-18T13:59:00+00:00,53973.9600000
2023-04-18T14:34:00+00:00,54430.7700000
2023-04-18T20:09:00+00:00,54661.8400000
2023-04-19T14:09:00+00:00,54647.0400000
2023-04-19T16:04:00+00:00,55145.8900000
2023-04-19T17:59:00+00:00,55982.2400000
2023-04-20T14:14:00+00:00,55974.8400000
2023-04-20T19:09:00+00:00,55304.9400000
2023-04-21T13:54:00+00:00,55293.1000000
2023-04-21T14:24:00+00:00,54581.2600000
2023-04-24T14:39:00+00:00,54572.3800000
2023-04-24T20:09:00+00:00,54203.5000000
2023-04-25T13:49:00+00:00,54192.4000000
2023-04-25T15:59:00+00:00,54646.5950000
2023-04-25T17:14:00+00:00,55515.6750000
2023-04-26T14:14:00+00:00,55507.5350000
2023-04-26T15:14:00+00:00,54839.3950000
2023-04-27T13:54:00+00:00,54829.0350000
2023-04-27T15:59:00+00:00,55335.7300000
2023-04-27T17:34:00+00:00,56183.6750000
2023-04-28T13:49:00+00:00,56174.7950000
2023-04-28T14:14:00+00:00,56676.6050000
2023-04-28T15:04:00+00:00,56664.6650000
2023-05-01T13:49:00+00:00,56656.5250000
2023-05-01T18:39:00+00:00,55974.6350000
2023-05-02T14:04:00+00:00,55968.7150000
2023-05-02T14:29:00+00:00,56438.2550000
2023-05-02T14:49:00+00:00,57222.7950000
2023-05-03T13:49:00+00:00,57207.2550000
2023-05-03T14:39:00+00:00,56456.7150000
2023-05-04T14:24:00+00:00,56453.0150000
2023-05-04T20:09:00+00:00,56418.0650000
2023-05-05T14:04:00+00:00,56412.8850000
2023-05-05T18:49:00+00:00,56810.0400000
2023-05-05T20:09:00+00:00,57192.0800000
2023-05-08T13:49:00+00:00,57181.7200000
2023-05-08T18:49:00+00:00,56471.3600000
2023-05-09T13:59:00+00:00,56461.0000000
2023-05-09T20:09:00+00:00,56240.6400000
2023-05-10T13:49:00+00:00,56237.6800000
2023-05-10T20:09:00+00:00,55924.7200000
2023-05-11T13:49:00+00:00,55918.8000000
2023-05-11T16:24:00+00:00,55262.8800000
2023-05-12T13:49:00+00:00,55252.5200000
2023-05-12T14:39:00+00:00,55759.2150000
2023-05-12T16:24:00+00:00,56607.1600000
2023-05-15T13:49:00+00:00,56598.2800000
2023-05-15T16:49:00+00:00,55884.4000000
2023-05-16T13:54:00+00:00,55876.2600000
2023-05-16T20:09:00+00:00,56376.8700000
2023-05-17T13:49:00+00:00,56367.2500000
2023-05-17T15:19:00+00:00,55642.6300000
2023-05-18T14:09:00+00:00,55632.2700000
2023-05-18T14:34:00+00:00,56138.9650000
2023-05-18T15:49:00+00:00,56986.9100000
2023-05-19T15:09:00+00:00,56976.5500000
2023-05-19T15:34:00+00:00,57496.3700000
2023-05-19T20:09:00+00:00,57893.6900000
2023-05-22T14:09:00+00:00,57889.9900000
2023-05-22T20:09:00+00:00,57542.5400000
2023-05-23T13:49:00+00:00,57531.4400000
2023-05-23T16:39:00+00:00,56789.0900000
2023-05-24T13:49:00+00:00,56779.4700000
2023-05-24T16:24:00+00:00,57236.2800000
2023-05-24T17:49:00+00:00,57222.3500000
2023-05-25T14:24:00+00:00,57217.9100000
2023-05-25T17:29:00+00:00,56515.9700000
2023-05-26T14:09:00+00:00,56512.2700000
2023-05-26T20:09:00+00:00,57064.8200000
2023-05-29T14:19:00+00:00,57042.6200000
2023-05-29T15:14:00+00:00,57284.6450000
2023-05-29T22:09:00+00:00,57695.4200000
2023-05-30T13:54:00+00:00,57688.0200000
2023-05-30T17:34:00+00:00,58209.3200000
2023-05-30T20:09:00+00:00,58418.1200000
2023-05-31T14:09:00+00:00,58409.2400000
2023-05-31T19:44:00+00:00,57710.3600000
2023-06-01T14:14:00+00:00,57703.7000000
2023-06-01T15:49:00+00:00,58158.2400000
2023-06-01T18:54:00+00:00,59107.6650000
2023-06-02T13:59:00+00:00,59102.4850000
2023-06-02T14:49:00+00:00,58379.8050000
2023-06-05T14:14:00+00:00,58371.6650000
2023-06-05T15:54:00+00:00,57662.2750000
2023-06-06T13:49:00+00:00,57648.2150000
2023-06-06T14:49:00+00:00,58147.8050000
2023-06-06T16:59:00+00:00,58127.9050000
2023-06-07T14:24:00+00:00,58120.5050000
2023-06-07T20:09:00+00:00,58875.6050000
2023-06-08T13:49:00+00:00,58863.7650000
2023-06-08T14:09:00+00:00,58131.9250000
2023-06-09T13:54:00+00:00,58123.7850000
2023-06-09T15:29:00+00:00,57386.8950000
2023-06-12T16:34:00+00:00,57377.2750000
2023-06-12T19:09:00+00:00,57845.3350000
2023-06-12T20:09:00+00:00,58566.4050000
2023-06-14T00:04:00+00:00,58564.9250000
2023-06-14T13:49:00+00:00,58553.8250000
2023-06-14T15:24:00+00:00,59034.2700000
2023-06-14T17:14:00+00:00,59018.3500000
2023-06-14T20:09:00+00:00,59076.8700000
2023-06-15T13:49:00+00:00,59071.6900000
2023-06-15T15:39:00+00:00,59502.5950000
2023-06-15T18:44:00+00:00,60462.1350000
2023-06-16T13:54:00+00:00,60457.6950000
2023-06-16T20:09:00+00:00,60730.7550000
2023-06-19T14:14:00+00:00,60710.0350000
2023-06-19T16:04:00+00:00,59919.3150000
2023-06-20T14:14:00+00:00,59911.9150000
2023-06-20T17:24:00+00:00,59179.5150000
2023-06-21T14:04:00+00:00,59172.8550000
2023-06-21T16:19:00+00:00,58479.9450000
2023-06-22T13:54:00+00:00,58471.0650000
2023-06-22T18:59:00+00:00,58972.8750000
2023-06-22T20:09:00+00:00,59425.9350000
2023-06-23T14:04:00+00:00,59414.0950000
2023-06-23T17:34:00+00:00,59948.1750000
2023-06-23T18:39:00+00:00,59932.2550000
2023-06-26T13:54:00+00:00,59926.3350000
2023-06-26T14:44:00+00:00,59230.4150000
2023-06-27T14:59:00+00:00,59221.5350000
2023-06-27T16:44:00+00:00,59745.8450000
2023-06-27T17:54:00+00:00,60622.6550000
2023-06-28T14:19:00+00:00,60610.0750000
2023-06-28T16:09:00+00:00,61129.1550000
2023-06-28T16:44:00+00:00,61111.2450000
2023-06-29T14:04:00+00:00,61104.5850000
2023-06-29T20:09:00+00:00,61525.4250000
2023-06-30T13:49:00+00:00,61518.0250000
2023-06-30T20:09:00+00:00,61798.1250000
2023-07-03T13:59:00+00:00,61784.0650000
2023-07-04T13:49:00+00:00,61983.7550000
2023-07-04T13:49:00+00:00,61961.5550000
2023-07-05T00:19:00+00:00,62119.2050000
2023-07-05T00:29:00+00:00,62089.3550000
2023-07-05T13:54:00+00:00,62081.2150000
2023-07-05T20:09:00+00:00,61963.0750000
2023-07-06T13:54:00+00:00,61955.6750000
2023-07-06T17:44:00+00:00,61223.2750000
2023-07-07T13:49:00+00:00,61215.1350000
2023-07-07T16:39:00+00:00,61708.3100000
2023-07-07T19:44:00+00:00,61696.3700000
2023-07-10T14:04:00+00:00,61688.9700000
2023-07-10T15:04:00+00:00,60956.5700000
2023-07-11T14:14:00+00:00,60949.9100000
2023-07-11T15:54:00+00:00,60223.2500000
2023-07-12T13:49:00+00:00,60212.1500000
2023-07-12T15:44:00+00:00,59432.3000000
2023-07-13T16:04:00+00:00,59424.1600000
2023-07-13T20:09:00+00:00,59828.5200000
2023-07-14T13:59:00+00:00,59812.9800000
2023-07-14T14:04:00+00:00,59036.1900000
2023-07-17T14:04:00+00:00,59023.6100000
2023-07-17T19:14:00+00:00,59527.6900000
2023-07-17T20:09:00+00:00,59734.7800000
2023-07-18T13:59:00+00:00,59728.1200000
2023-07-18T18:09:00+00:00,60175.1600000
2023-07-18T20:09:00+00:00,60758.9600000
2023-07-19T14:24:00+00:00,60750.8200000
2023-07-19T14:59:00+00:00,60000.1800000
2023-07-20T14:19:00+00:00,59991.3000000
2023-07-20T19:19:00+00:00,60549.3600000
2023-07-20T20:09:00+00:00,60949.9200000
2023-07-21T13:49:00+00:00,60940.3000000
2023-07-21T15:34:00+00:00,60199.4300000
2023-07-24T13:54:00+00:00,60193.5100000
2023-07-24T15:19:00+00:00,59497.5900000
2023-07-25T13:49:00+00:00,59485.0100000
2023-07-25T17:04:00+00:00,59989.0900000
2023-07-25T20:09:00+00:00,60522.4300000
2023-07-26T14:44:00+00:00,60507.6300000
2023-07-26T16:14:00+00:00,59717.8300000
2023-07-27T14:09:00+00:00,59707.4700000
2023-07-27T17:19:00+00:00,60240.4150000
2023-07-27T17:39:00+00:00,61132.1100000
2023-07-28T13:49:00+00:00,61123.2300000
2023-07-28T17:44:00+00:00,60364.3500000
2023-07-31T13:59:00+00:00,60354.7300000
2023-07-31T20:09:00+00:00,59743.8600000
2023-08-01T14:04:00+00:00,59732.7600000
2023-08-01T14:14:00+00:00,58971.6600000
2023-08-02T14:09:00+00:00,58964.2600000
2023-08-02T16:04:00+00:00,59476.1850000
2023-08-02T20:09:00+00:00,59916.2350000
2023-08-03T13:54:00+00:00,59907.3550000
2023-08-03T14:29:00+00:00,59178.4750000
2023-08-04T13:59:00+00:00,59171.8150000
2023-08-04T15:44:00+00:00,58456.4050000
2023-08-07T16:54:00+00:00,58449.7450000
2023-08-07T20:09:00+00:00,58938.0850000
2023-08-08T13:49:00+00:00,58932.9050000
2023-08-08T18:59:00+00:00,58245.2250000
2023-08-09T14:54:00+00:00,58239.3050000
2023-08-09T15:54:00+00:00,58723.8450000
2023-08-09T17:34:00+00:00,58715.8850000
2023-08-10T13:49:00+00:00,58712.1850000
2023-08-10T15:24:00+00:00,58089.7350000
2023-08-11T14:04:00+00:00,58084.5550000
2023-08-11T20:09:00+00:00,58298.1250000
2023-08-14T14:04:00+00:00,58287.7650000
2023-08-14T14:44:00+00:00,58807.5850000
2023-08-14T19:59:00+00:00,59677.4050000
2023-08-15T13:49:00+00:00,59670.7450000
2023-08-15T19:29:00+00:00,60117.7850000
2023-08-15T20:09:00+00:00,60657.8350000
2023-08-16T13:49:00+00:00,60651.9150000
2023-08-16T15:59:00+00:00,59945.9950000
2023-08-17T13:49:00+00:00,59935.6350000
2023-08-17T17:44:00+00:00,60455.4550000
2023-08-17T18:39:00+00:00,61325.2750000
2023-08-18T13:49:00+00:00,61319.3550000
2023-08-18T19:49:00+00:00,61848.8950000
2023-08-18T20:09:00+00:00,62165.9350000
2023-08-21T13:59:00+00:00,62157.7950000
2023-08-21T14:24:00+00:00,61365.9050000
2023-08-22T13:54:00+00:00,61358.5050000
2023-08-22T16:19:00+00:00,61879.8050000
2023-08-22T20:09:00+00:00,62307.3550000
2023-08-23T13:49:00+00:00,62293.2950000
2023-08-23T14:14:00+00:00,62826.6350000
2023-08-23T14:49:00+00:00,63819.2350000
2023-08-24T14:14:00+00:00,63813.3150000
2023-08-24T15:04:00+00:00,64342.8550000
2023-08-24T18:39:00+00:00,65227.3950000
2023-08-25T14:09:00+00:00,65219.9950000
2023-08-25T14:14:00+00:00,64437.5950000
2023-08-28T14:54:00+00:00,64430.9350000
2023-08-28T17:09:00+00:00,63681.7750000
2023-08-29T13:49:00+00:00,63675.1150000
2023-08-29T14:34:00+00:00,64167.1550000
2023-08-29T16:24:00+00:00,65194.7050000
2023-08-30T13:54:00+00:00,65188.0450000
2023-08-30T14:29:00+00:00,64427.6350000
2023-08-31T13:59:00+00:00,64415.0550000
2023-08-31T15:24:00+00:00,63616.2250000
2023-09-01T13:49:00+00:00,63611.0450000
2023-09-01T20:09:00+00:00,63745.8650000
2023-09-04T14:04:00+00:00,63723.6650000
2023-09-04T14:39:00+00:00,64190.6900000
2023-09-05T00:54:00+00:00,64976.4650000
2023-09-05T14:04:00+00:00,64969.0650000
2023-09-05T15:09:00+00:00,64199.1650000
2023-09-06T14:04:00+00:00,64192.5050000
2023-09-06T16:59:00+00:00,64722.0450000
2023-09-06T20:09:00+00:00,64912.0950000
2023-09-07T14:44:00+00:00,64905.4350000
2023-09-07T20:09:00+00:00,65033.7750000
2023-09-08T14:04:00+00:00,65026.3750000
2023-09-08T19:04:00+00:00,64243.9750000
2023-09-11T13:49:00+00:00,64235.8350000
2023-09-11T20:09:00+00:00,63636.4450000
2023-09-12T14:29:00+00:00,63626.8250000
2023-09-12T17:24:00+00:00,62820.9550000
2023-09-13T14:09:00+00:00,62813.5550000
2023-09-13T14:59:00+00:00,62018.6550000
2023-09-14T14:04:00+00:00,62009.0350000
2023-09-14T14:49:00+00:00,61219.4150000
2023-09-15T13:59:00+00:00,61209.7950000
2023-09-15T14:59:00+00:00,61722.8550000
2023-09-15T17:24:00+00:00,62723.9250000
2023-09-18T15:19:00+00:00,62715.0450000
2023-09-18T20:09:00+00:00,62646.1650000
2023-09-19T13:59:00+00:00,62632.8450000
2023-09-19T14:39:00+00:00,63199.9350000
2023-09-19T16:49:00+00:00,64149.5250000
2023-09-20T15:29:00+00:00,64136.9450000
2023-09-20T18:04:00+00:00,64671.0250000
2023-09-20T18:04:00+00:00,64653.1150000
2023-09-21T13:54:00+00:00,64644.2350000
2023-09-21T19:14:00+00:00,65236.0450000
2023-09-21T19:59:00+00:00,66225.3550000
2023-09-22T14:09:00+00:00,66214.2550000
2023-09-22T17:34:00+00:00,65359.4050000
2023-09-25T13:54:00+00:00,65352.0050000
2023-09-25T20:04:00+00:00,65910.8050000
2023-09-25T20:09:00+00:00,66407.1050000
2023-09-26T13:54:00+00:00,66396.0050000
2023-09-26T14:19:00+00:00,66968.3250000
2023-09-26T14:49:00+00:00,66952.4050000
2023-09-27T14:04:00+00:00,66942.7850000
2023-09-27T16:04:00+00:00,67500.8450000
2023-09-27T17:24:00+00:00,68589.4150000
2023-09-28T13:54:00+00:00,68582.0150000
2023-09-28T15:44:00+00:00,69187.6900000
2023-09-28T20:09:00+00:00,69665.2400000
2023-09-29T14:24:00+00:00,69658.5800000
2023-09-29T17:04:00+00:00,70195.6200000
2023-09-29T20:09:00+00:00,70785.6700000
2023-10-02T14:04:00+00:00,70778.2700000
2023-10-02T14:34:00+00:00,69933.3700000
2023-10-03T13:49:00+00:00,69924.4900000
2023-10-03T14:04:00+00:00,69045.6100000
2023-10-04T14:04:00+00:00,69038.9500000
2023-10-04T15:49:00+00:00,68188.5400000
2023-10-05T13:49:00+00:00,68181.1400000
2023-10-05T15:09:00+00:00,68786.8150000
2023-10-05T17:39:00+00:00,68776.8650000
2023-10-06T14:09:00+00:00,68771.6850000
2023-10-06T14:29:00+00:00,67996.5050000
2023-10-09T13:49:00+00:00,67987.6250000
2023-10-09T14:49:00+00:00,67153.7450000
2023-10-10T13:54:00+00:00,67138.2050000
2023-10-10T14:14:00+00:00,67712.0550000
2023-10-10T14:29:00+00:00,68769.5400000
2023-10-11T13:54:00+00:00,68758.4400000
2023-10-11T16:19:00+00:00,69317.6350000
2023-10-11T19:04:00+00:00,69301.7150000
2023-10-12T13:49:00+00:00,69292.8350000
2023-10-12T16:24:00+00:00,68458.9550000
2023-10-13T14:14:00+00:00,68453.0350000
2023-10-13T15:59:00+00:00,69072.5750000
2023-10-13T20:09:00+00:00,69739.6150000
2023-10-16T14:14:00+00:00,69731.4750000
2023-10-16T20:09:00+00:00,70355.8350000
2023-10-17T13:54:00+00:00,70344.7350000
2023-10-17T14:09:00+00:00,69489.8850000
2023-10-18T14:19:00+00:00,69481.0050000
2023-10-18T14:29:00+00:00,68647.1250000
2023-10-19T14:09:00+00:00,68637.5050000
2023-10-19T16:04:00+00:00,67782.8850000
2023-10-20T13:59:00+00:00,67774.7450000
2023-10-20T14:44:00+00:00,68324.1700000
2023-10-20T19:49:00+00:00,69425.9800000
2023-10-23T13:54:00+00:00,69420.8000000
2023-10-23T16:59:00+00:00,69941.7050000
2023-10-23T20:09:00+00:00,70198.7450000
2023-10-24T14:24:00+00:00,70189.8650000
2023-10-24T15:39:00+00:00,69295.9850000
2023-10-25T13:49:00+00:00,69290.8050000
2023-10-25T20:09:00+00:00,69845.6250000
2023-10-26T13:59:00+00:00,69838.9650000
2023-10-26T16:19:00+00:00,70413.5050000
2023-10-26T18:59:00+00:00,70403.5550000
2023-10-27T13:49:00+00:00,70396.1550000
2023-10-27T15:19:00+00:00,69526.2550000
2023-10-30T13:49:00+00:00,69518.8550000
2023-10-30T14:19:00+00:00,68698.9550000
2023-10-31T14:04:00+00:00,68693.0350000
2023-10-31T14:54:00+00:00,67887.1150000
2023-11-01T13:49:00+00:00,67876.7550000
2023-11-01T14:24:00+00:00,68475.3250000
2023-11-01T16:39:00+00:00,68461.3950000
2023-11-02T14:29:00+00:00,68453.9950000
2023-11-02T19:39:00+00:00,69069.0450000
2023-11-02T20:09:00+00:00,69671.5950000
2023-11-03T13:49:00+00:00,69663.4550000
2023-11-03T20:09:00+00:00,69930.3150000
2023-11-06T15:14:00+00:00,69921.4350000
2023-11-06T21:09:00+00:00,69477.5550000
2023-11-07T15:04:00+00:00,69468.6750000
2023-11-07T21:09:00+00:00,70059.7950000
2023-11-08T14:54:00+00:00,70037.5950000
2023-11-08T15:04:00+00:00,69115.3950000
2023-11-09T15:09:00+00:00,69108.7350000
2023-11-09T19:19:00+00:00,69630.7750000
2023-11-09T21:09:00+00:00,70308.3250000
2023-11-10T15:29:00+00:00,70299.4450000
2023-11-10T16:09:00+00:00,69450.5650000
2023-11-13T15:54:00+00:00,69440.2050000
2023-11-13T21:09:00+00:00,69762.3450000
2023-11-14T14:49:00+00:00,69751.9850000
2023-11-14T15:34:00+00:00,70376.8050000
2023-11-14T21:09:00+00:00,70975.3750000
2023-11-15T14:54:00+00:00,70962.7950000
2023-11-15T15:19:00+00:00,70078.9650000
2023-11-16T14:49:00+00:00,70062.6850000
2023-11-16T15:39:00+00:00,69166.4050000
2023-11-17T17:14:00+00:00,69156.0450000
2023-11-17T21:09:00+00:00,69163.1850000
2023-11-20T14:59:00+00:00,69155.7850000
2023-11-20T19:49:00+00:00,69770.8350000
2023-11-20T21:09:00+00:00,70198.3850000
2023-11-21T15:24:00+00:00,70183.5850000
2023-11-21T17:49:00+00:00,69293.7850000
2023-11-22T14:54:00+00:00,69286.3850000
2023-11-22T21:09:00+00:00,69178.9850000
2023-11-23T14:49:00+00:00,69156.7850000
2023-11-23T15:14:00+00:00,68684.5850000
2023-11-27T18:04:00+00:00,68674.9650000
2023-11-27T21:09:00+00:00,68096.5950000
2023-11-28T15:39:00+00:00,68084.0150000
2023-11-28T16:34:00+00:00,68678.0950000
2023-11-28T18:04:00+00:00,68660.1850000
2023-11-29T14:54:00+00:00,68649.8250000
2023-11-29T15:09:00+00:00,67799.4650000
2023-11-30T15:49:00+00:00,67792.0650000
2023-11-30T20:54:00+00:00,66972.1650000
2023-12-01T14:54:00+00:00,66961.0650000
2023-12-01T16:34:00+00:00,67507.1350000
2023-12-01T17:09:00+00:00,68551.2150000
2023-12-04T15:24:00+00:00,68544.5550000
2023-12-04T17:34:00+00:00,67727.8950000
2023-12-05T14:54:00+00:00,67712.3550000
2023-12-05T15:04:00+00:00,68304.9550000
2023-12-05T15:04:00+00:00,68283.0650000
2023-12-06T15:04:00+00:00,68273.4450000
2023-12-06T18:09:00+00:00,68854.0050000
2023-12-06T21:09:00+00:00,69802.5750000
2023-12-07T14:49:00+00:00,69784.8150000
2023-12-07T15:14:00+00:00,68897.0550000
2023-12-08T15:04:00+00:00,68891.1350000
2023-12-08T21:09:00+00:00,69085.2150000
2023-12-11T14:59:00+00:00,69071.8950000
2023-12-11T19:14:00+00:00,69706.4850000
2023-12-11T21:09:00+00:00,70329.8250000
2023-12-12T15:04:00+00:00,70319.4650000
2023-12-12T19:59:00+00:00,70931.1600000
2023-12-12T21:09:00+00:00,71809.7300000
2023-12-13T15:39:00+00:00,71789.7500000
2023-12-13T18:04:00+00:00,70858.5200000
2023-12-14T15:19:00+00:00,70849.6400000
2023-12-14T18:54:00+00:00,71463.9500000
2023-12-14T20:59:00+00:00,71452.0100000
2023-12-15T15:29:00+00:00,71441.6500000
2023-12-15T18:44:00+00:00,70556.2900000
2023-12-18T15:04:00+00:00,70541.4900000
2023-12-18T21:09:00+00:00,70426.6900000
2023-12-19T14:54:00+00:00,70414.8500000
2023-12-19T21:09:00+00:00,71063.0100000
2023-12-20T15:04:00+00:00,71051.9100000
2023-12-20T19:39:00+00:00,70140.8100000
2023-12-21T15:09:00+00:00,70133.4100000
2023-12-21T15:24:00+00:00,69313.5100000
2023-12-22T14:49:00+00:00,69303.8900000
2023-12-22T16:04:00+00:00,68433.0200000
2023-12-26T15:14:00+00:00,68419.7000000
2023-12-26T20:29:00+00:00,69037.4150000
2023-12-26T21:09:00+00:00,69390.7550000
2023-12-27T14:54:00+00:00,69375.2150000
2023-12-27T15:14:00+00:00,68467.1750000
2023-12-28T15:49:00+00:00,68450.1550000
2023-12-28T16:09:00+00:00,67570.6350000
2023-12-29T15:39:00+00:00,67552.1350000
2023-12-29T15:49:00+00:00,68150.7550000
2023-12-29T16:19:00+00:00,69238.0100000
2024-01-02T14:49:00+00:00,69229.8700000
2024-01-02T16:49:00+00:00,68355.4800000
2024-01-03T14:59:00+00:00,68334.0200000
2024-01-03T15:04:00+00:00,67442.5600000
2024-01-04T15:04:00+00:00,67435.1600000
2024-01-04T19:49:00+00:00,66602.7600000
2024-01-05T15:04:00+00:00,66598.3200000
2024-01-05T17:34:00+00:00,65791.3800000
2024-01-08T14:59:00+00:00,65783.2400000
2024-01-08T18:49:00+00:00,66313.9150000
2024-01-08T19:34:00+00:00,67378.2250000
2024-01-09T14:49:00+00:00,67357.5050000
2024-01-09T15:04:00+00:00,66461.7850000
2024-01-10T17:59:00+00:00,66452.1650000
2024-01-10T19:54:00+00:00,67010.2250000
2024-01-10T20:54:00+00:00,66996.2950000
2024-01-11T14:49:00+00:00,66990.3750000
2024-01-11T16:14:00+00:00,67564.9150000
2024-01-11T19:29:00+00:00,67556.9550000
2024-01-12T14:59:00+00:00,67548.8150000
2024-01-12T21:09:00+00:00,67994.4250000
2024-01-15T15:59:00+00:00,67972.2250000
2024-01-15T17:04:00+00:00,67425.0250000
2024-01-16T14:49:00+00:00,67418.3650000
2024-01-16T15:24:00+00:00,66601.7050000
2024-01-17T15:14:00+00:00,66589.1250000
2024-01-17T17:44:00+00:00,65747.7950000
2024-01-18T14:54:00+00:00,65735.9550000
2024-01-18T15:39:00+00:00,64904.1150000
2024-01-19T15:44:00+00:00,64894.4950000
2024-01-19T17:34:00+00:00,65441.3050000
2024-01-19T18:34:00+00:00,66508.0000000
2024-01-22T14:54:00+00:00,66498.3800000
2024-01-22T15:34:00+00:00,65643.7600000
2024-01-23T15:34:00+00:00,65631.1800000
2024-01-23T19:49:00+00:00,64811.1000000
2024-01-24T14:49:00+00:00,64797.0400000
2024-01-24T15:39:00+00:00,63975.4800000
2024-01-25T15:09:00+00:00,63963.6400000
2024-01-25T17:09:00+00:00,63151.8000000
2024-01-26T14:54:00+00:00,63138.4800000
2024-01-26T15:34:00+00:00,62315.1600000
2024-01-29T15:19:00+00:00,62301.1000000
2024-01-29T15:29:00+00:00,61503.2900000
2024-01-30T14:54:00+00:00,61487.7500000
2024-01-30T15:04:00+00:00,60684.7100000
2024-01-31T14:54:00+00:00,60676.5700000
2024-01-31T19:04:00+00:00,61150.9950000
2024-01-31T19:04:00+00:00,61139.0550000
2024-02-01T15:09:00+00:00,61130.9150000
2024-02-01T15:54:00+00:00,60352.7750000
2024-02-02T14:49:00+00:00,60343.1550000
2024-02-02T15:44:00+00:00,60833.7150000
2024-02-02T16:29:00+00:00,61791.0350000
2024-02-05T15:04:00+00:00,61783.6350000
2024-02-05T19:34:00+00:00,61038.7350000
2024-02-06T14:59:00+00:00,61029.1150000
2024-02-06T21:04:00+00:00,60271.9950000
2024-02-07T15:14:00+00:00,60263.8550000
2024-02-07T21:09:00+00:00,60778.2150000
2024-02-08T16:29:00+00:00,60767.1150000
2024-02-08T18:39:00+00:00,60006.0150000
2024-02-09T14:59:00+00:00,59995.6550000
2024-02-09T19:24:00+00:00,60541.7250000
2024-02-09T21:09:00+00:00,61096.5450000
2024-02-12T15:14:00+00:00,61074.3450000
2024-02-12T15:34:00+00:00,60527.1450000
2024-02-13T14:59:00+00:00,60519.7450000
2024-02-13T15:39:00+00:00,59799.8450000
2024-02-14T15:19:00+00:00,59793.1850000
2024-02-14T16:04:00+00:00,59044.0250000
2024-02-15T15:09:00+00:00,59032.1850000
2024-02-15T16:04:00+00:00,58280.3450000
2024-02-16T14:54:00+00:00,58275.9050000
2024-02-16T16:24:00+00:00,57581.4650000
2024-02-19T14:49:00+00:00,57559.2650000
2024-02-19T15:19:00+00:00,57012.0650000
2024-02-20T15:04:00+00:00,57007.6250000
2024-02-20T21:09:00+00:00,57003.1850000
2024-02-21T15:04:00+00:00,56992.8250000
2024-02-21T15:34:00+00:00,56282.4650000
2024-02-22T14:49:00+00:00,56277.2850000
2024-02-22T19:14:00+00:00,56713.8150000
2024-02-22T21:09:00+00:00,57185.8550000
2024-02-23T15:44:00+00:00,57177.7150000
2024-02-23T21:09:00+00:00,57829.5750000
2024-02-26T14:49:00+00:00,57812.5550000
2024-02-26T16:09:00+00:00,58320.0400000
2024-02-26T18:29:00+00:00,59248.6600000
2024-02-27T17:24:00+00:00,59241.2600000
2024-02-27T19:59:00+00:00,58533.8600000
2024-02-28T15:34:00+00:00,58522.7600000
2024-02-28T21:09:00+00:00,57930.4100000
2024-02-29T15:14:00+00:00,57925.2300000
2024-02-29T20:49:00+00:00,57246.3000000
2024-03-01T15:09:00+00:00,57236.6800000
2024-03-01T16:09:00+00:00,57715.9900000
2024-03-01T18:44:00+00:00,58651.4350000
2024-03-04T15:34:00+00:00,58635.8950000
2024-03-04T19:39:00+00:00,59134.7450000
2024-03-04T20:39:00+00:00,59112.8550000
2024-03-05T15:04:00+00:00,59102.4950000
2024-03-05T15:09:00+00:00,58357.1350000
2024-03-06T15:04:00+00:00,58351.9550000
2024-03-06T16:04:00+00:00,57629.2750000
2024-03-07T15:14:00+00:00,57618.9150000
2024-03-07T18:39:00+00:00,58138.7350000
2024-03-07T21:09:00+00:00,58369.8050000
2024-03-08T14:49:00+00:00,58364.6250000
2024-03-08T16:19:00+00:00,57624.4450000
2024-03-11T13:54:00+00:00,57615.5650000
2024-03-11T15:59:00+00:00,56886.6850000
2024-03-12T13:49:00+00:00,56882.9850000
2024-03-12T14:09:00+00:00,56235.5350000
2024-03-13T13:54:00+00:00,56225.1750000
2024-03-13T17:09:00+00:00,55497.3150000
2024-03-14T13:49:00+00:00,55492.8750000
2024-03-14T20:09:00+00:00,55495.9350000
2024-03-15T14:04:00+00:00,55490.7550000
2024-03-15T14:49:00+00:00,54829.3250000
2024-03-18T13:59:00+00:00,54819.7050000
2024-03-18T14:14:00+00:00,54127.5850000
2024-03-19T14:44:00+00:00,54119.4450000
2024-03-19T16:24:00+00:00,54546.9950000
2024-03-19T16:54:00+00:00,55405.0550000
2024-03-20T14:24:00+00:00,55394.6950000
2024-03-20T17:19:00+00:00,54719.3350000
2024-03-21T13:49:00+00:00,54711.9350000
2024-03-21T14:24:00+00:00,54067.0350000
2024-03-22T13:49:00+00:00,54057.4150000
2024-03-22T17:54:00+00:00,53381.5450000
2024-03-25T14:14:00+00:00,53371.9250000
2024-03-25T20:09:00+00:00,52842.3050000
2024-03-26T17:44:00+00:00,52828.9850000
2024-03-26T19:34:00+00:00,53311.7000000
2024-03-26T19:59:00+00:00,54120.6650000
2024-03-27T13:54:00+00:00,54108.8250000
2024-03-27T14:14:00+00:00,54582.9050000
2024-03-27T18:29:00+00:00,54566.9850000
2024-03-28T13:49:00+00:00,54552.1850000
2024-03-28T17:39:00+00:00,53862.3850000
2024-04-01T14:04:00+00:00,53854.2450000
2024-04-01T15:19:00+00:00,54281.7950000
2024-04-01T20:09:00+00:00,54599.8550000
2024-04-02T14:14:00+00:00,54594.6750000
2024-04-02T19:09:00+00:00,53933.2450000
2024-04-03T14:04:00+00:00,53929.5450000
2024-04-03T20:09:00+00:00,53875.8450000
2024-04-04T13:54:00+00:00,53865.4850000
2024-04-04T16:09:00+00:00,53190.1250000
2024-04-05T13:54:00+00:00,53186.4250000
2024-04-05T15:59:00+00:00,53526.1950000
2024-04-05T20:09:00+00:00,53823.9750000
2024-04-08T14:29:00+00:00,53818.0550000
2024-04-08T16:14:00+00:00,53182.1350000
2024-04-09T13:49:00+00:00,53176.9550000
2024-04-09T14:34:00+00:00,53551.6100000
2024-04-09T14:44:00+00:00,54386.1500000
2024-04-10T14:09:00+00:00,54380.9700000
2024-04-10T17:04:00+00:00,53763.2900000
2024-04-11T14:04:00+00:00,53758.8500000
2024-04-11T17:04:00+00:00,53101.9100000
2024-04-12T13:59:00+00:00,53094.5100000
2024-04-12T14:09:00+00:00,52424.6100000
2024-04-15T14:09:00+00:00,52420.9100000
2024-04-15T16:39:00+00:00,52756.9300000
2024-04-15T17:29:00+00:00,53598.4600000
2024-04-16T13:49:00+00:00,53593.2800000
2024-04-16T14:19:00+00:00,52931.8500000
2024-04-17T14:04:00+00:00,52926.6700000
2024-04-17T15:34:00+00:00,53335.0750000
2024-04-17T16:44:00+00:00,54244.6150000
2024-04-18T14:34:00+00:00,54241.6550000
2024-04-18T17:19:00+00:00,53683.6950000
2024-04-19T14:19:00+00:00,53678.5150000
2024-04-19T16:19:00+00:00,54098.1700000
2024-04-19T17:54:00+00:00,54090.2100000
2024-04-22T14:29:00+00:00,54084.2900000
2024-04-22T16:19:00+00:00,53408.3700000
2024-04-23T13:49:00+00:00,53403.1900000
2024-04-23T16:19:00+00:00,53777.8450000
2024-04-23T20:09:00+00:00,54334.8850000
2024-04-24T14:39:00+00:00,54328.9650000
2024-04-24T16:34:00+00:00,54813.5050000
2024-04-24T17:34:00+00:00,54805.5450000
2024-04-25T13:54:00+00:00,54796.6650000
2024-04-25T14:19:00+00:00,54127.7850000
2024-04-26T13:54:00+00:00,54124.0850000
2024-04-26T20:09:00+00:00,54195.3850000
2024-04-29T18:39:00+00:00,54190.2050000
2024-04-29T20:09:00+00:00,53765.0250000
2024-04-30T15:04:00+00:00,53758.3650000
2024-04-30T16:34:00+00:00,54182.9050000
2024-04-30T18:54:00+00:00,55069.8300000
2024-05-01T13:54:00+00:00,55061.6900000
2024-05-01T18:04:00+00:00,54407.3000000
2024-05-02T13:49:00+00:00,54404.3400000
2024-05-02T18:14:00+00:00,53786.3800000
2024-05-03T13:54:00+00:00,53781.9400000
2024-05-03T14:09:00+00:00,53140.0000000
2024-05-06T13:49:00+00:00,53130.3800000
2024-05-06T18:29:00+00:00,53575.9400000
2024-05-06T20:09:00+00:00,54305.7600000
2024-05-07T13:59:00+00:00,54292.4400000
2024-05-07T14:54:00+00:00,53604.1200000
2024-05-08T13:49:00+00:00,53595.9800000
2024-05-08T20:09:00+00:00,53986.5900000
2024-05-09T14:04:00+00:00,53979.1900000
2024-05-09T18:49:00+00:00,54444.2400000
2024-05-09T20:09:00+00:00,55065.5400000
2024-05-10T14:19:00+00:00,55058.1400000
2024-05-10T20:09:00+00:00,55275.7400000
2024-05-13T15:04:00+00:00,55269.8200000
2024-05-13T20:09:00+00:00,55453.9000000
2024-05-14T14:09:00+00:00,55444.2800000
2024-05-14T14:39:00+00:00,54768.4100000
2024-05-15T13:54:00+00:00,54761.7500000
2024-05-15T14:34:00+00:00,54091.3400000
2024-05-16T14:14:00+00:00,54071.3600000
2024-05-16T14:59:00+00:00,54549.2400000
2024-05-16T16:04:00+00:00,54521.3800000
2024-05-17T14:34:00+00:00,54508.8000000
2024-05-17T15:04:00+00:00,53794.9700000
2024-05-20T13:49:00+00:00,53785.3500000
2024-05-20T18:09:00+00:00,53093.2300000
2024-05-21T14:04:00+00:00,53080.6500000
2024-05-21T19:19:00+00:00,53524.7300000
2024-05-21T20:09:00+00:00,54159.3200000
2024-05-22T13:54:00+00:00,54140.8200000
2024-05-22T15:54:00+00:00,53434.8200000
2024-05-23T13:49:00+00:00,53430.3800000
2024-05-23T17:44:00+00:00,53895.0350000
2024-05-23T18:09:00+00:00,54670.9400000
2024-05-24T13:54:00+00:00,54662.8000000
2024-05-24T14:04:00+00:00,54008.4100000
2024-05-27T14:09:00+00:00,53991.3900000
2024-05-27T14:54:00+00:00,53284.3700000
2024-05-28T13:49:00+00:00,53274.7500000
2024-05-28T18:34:00+00:00,53709.0600000
2024-05-28T18:39:00+00:00,54557.0050000
2024-05-29T13:54:00+00:00,54545.9050000
2024-05-29T20:09:00+00:00,53841.0550000
2024-05-30T14:14:00+00:00,53834.3950000
2024-05-30T17:04:00+00:00,53208.9850000
2024-05-31T13:54:00+00:00,53203.8050000
2024-05-31T14:34:00+00:00,53584.0850000
2024-05-31T16:19:00+00:00,54431.1250000
2024-06-03T13:54:00+00:00,54422.2450000
2024-06-03T14:49:00+00:00,54901.5550000
2024-06-03T15:09:00+00:00,55703.3650000
2024-06-04T14:04:00+00:00,55695.9650000
2024-06-04T14:14:00+00:00,55038.5650000
2024-06-05T14:04:00+00:00,55028.2050000
2024-06-05T14:34:00+00:00,54317.8450000
2024-06-06T13:59:00+00:00,54308.9650000
2024-06-06T18:14:00+00:00,54788.2750000
2024-06-06T18:54:00+00:00,54776.3350000
2024-06-07T13:49:00+00:00,54769.6750000
2024-06-07T14:44:00+00:00,55179.2150000
2024-06-07T18:14:00+00:00,55169.2650000
2024-06-10T14:09:00+00:00,55158.9050000
2024-06-10T15:59:00+00:00,55652.4750000
2024-06-10T19:19:00+00:00,56478.5450000
2024-06-11T13:49:00+00:00,56474.1050000
2024-06-11T14:44:00+00:00,55854.6650000
2024-06-12T13:49:00+00:00,55848.7450000
2024-06-12T18:04:00+00:00,55172.8250000
2024-06-13T13:54:00+00:00,55162.4650000
2024-06-13T14:24:00+00:00,55642.9100000
2024-06-13T16:29:00+00:00,56447.1050000
2024-06-14T14:04:00+00:00,56438.2250000
2024-06-14T15:24:00+00:00,55754.3450000
2024-06-17T13:49:00+00:00,55740.2850000
2024-06-17T14:09:00+00:00,55037.4750000
2024-06-18T15:04:00+00:00,55030.0750000
2024-06-18T17:39:00+00:00,54347.6750000
2024-06-19T13:49:00+00:00,54325.4750000
2024-06-19T14:39:00+00:00,54595.6250000
2024-06-19T14:49:00+00:00,54565.7750000
2024-06-20T13:49:00+00:00,54557.6350000
2024-06-20T14:14:00+00:00,53875.7450000
2024-06-21T13:54:00+00:00,53869.8250000
2024-06-21T14:59:00+00:00,53223.9050000
2024-06-24T13:54:00+00:00,53217.9850000
2024-06-24T17:34:00+00:00,52552.0650000
2024-06-25T13:59:00+00:00,52541.7050000
2024-06-25T14:14:00+00:00,51866.3450000
2024-06-26T13:49:00+00:00,51855.9850000
2024-06-26T15:14:00+00:00,51215.6250000
2024-06-27T14:14:00+00:00,51209.7050000
2024-06-27T15:29:00+00:00,50583.7850000
2024-06-28T13:49:00+00:00,50577.1250000
2024-06-28T14:14:00+00:00,50986.6650000
2024-06-28T15:04:00+00:00,50976.7150000
2024-07-01T13:49:00+00:00,50970.7950000
2024-07-01T19:59:00+00:00,50344.8750000
2024-07-02T14:54:00+00:00,50341.1750000
2024-07-02T20:09:00+00:00,50949.9750000
2024-07-03T13:59:00+00:00,50941.0950000
2024-07-03T16:54:00+00:00,51397.9050000
2024-07-04T13:49:00+00:00,51865.9650000
2024-07-04T13:49:00+00:00,51848.2050000
2024-07-05T05:49:00+00:00,51170.4450000
2024-07-05T13:59:00+00:00,51161.5650000
2024-07-05T14:09:00+00:00,50522.6850000
2024-07-08T14:39:00+00:00,50512.3250000
2024-07-08T20:09:00+00:00,50344.4650000
2024-07-09T14:29:00+00:00,50330.4050000
2024-07-09T14:44:00+00:00,49675.0950000
2024-07-10T14:04:00+00:00,49663.9950000
2024-07-10T15:04:00+00:00,49015.3950000
2024-07-11T13:59:00+00:00,49004.2950000
2024-07-11T14:14:00+00:00,48393.1950000
2024-07-12T13:49:00+00:00,48385.0550000
2024-07-12T14:14:00+00:00,48765.7300000
2024-07-12T14:44:00+00:00,49530.0400000
2024-07-15T14:34:00+00:00,49523.3800000
2024-07-15T17:04:00+00:00,48942.9700000
2024-07-16T14:04:00+00:00,48935.5700000
2024-07-16T14:44:00+00:00,48353.1700000
2024-07-17T13:54:00+00:00,48347.9900000
2024-07-17T14:09:00+00:00,47782.8100000
2024-07-18T13:54:00+00:00,47774.6700000
2024-07-18T13:59:00+00:00,47161.5300000
2024-07-19T14:29:00+00:00,47159.3100000
2024-07-19T20:09:00+00:00,47543.3400000
2024-07-22T13:49:00+00:00,47539.6400000
2024-07-22T14:04:00+00:00,47017.1900000
2024-07-23T13:49:00+00:00,47012.0100000
2024-07-23T16:59:00+00:00,46420.5800000
2024-07-24T13:49:00+00:00,46415.4000000
2024-07-24T14:14:00+00:00,46745.0550000
2024-07-24T16:09:00+00:00,47479.5950000
2024-07-25T13:59:00+00:00,47475.1550000
2024-07-25T14:49:00+00:00,46938.2150000
2024-07-26T14:04:00+00:00,46933.7750000
2024-07-26T16:14:00+00:00,47336.5550000
2024-07-26T19:04:00+00:00,47330.5850000
2024-07-29T13:59:00+00:00,47326.1450000
2024-07-29T14:34:00+00:00,46736.7050000
2024-07-30T14:04:00+00:00,46733.0050000
2024-07-30T15:04:00+00:00,47039.0250000
2024-07-30T16:04:00+00:00,47805.5550000
2024-07-31T14:09:00+00:00,47801.8550000
2024-07-31T18:49:00+00:00,48119.1250000
2024-07-31T19:29:00+00:00,48113.1550000
2024-08-01T14:09:00+00:00,48110.1950000
2024-08-01T14:49:00+00:00,48502.4650000
2024-08-01T15:39:00+00:00,49157.2350000
2024-08-02T14:04:00+00:00,49155.0150000
2024-08-02T14:39:00+00:00,49392.4000000
2024-08-02T20:09:00+00:00,49525.9200000
2024-08-05T13:49:00+00:00,49525.1800000
2024-08-05T20:09:00+00:00,49674.4400000
2024-08-06T13:54:00+00:00,49672.2200000
2024-08-06T16:54:00+00:00,49956.4800000
2024-08-06T20:04:00+00:00,49952.5000000
2024-08-07T13:54:00+00:00,49948.8000000
2024-08-07T15:44:00+00:00,49376.3500000
2024-08-08T13:49:00+00:00,49372.6500000
2024-08-08T13:54:00+00:00,48843.9500000
2024-08-09T13:49:00+00:00,48840.9900000
2024-08-09T14:14:00+00:00,48333.0300000
2024-08-12T13:49:00+00:00,48330.8100000
2024-08-12T14:24:00+00:00,47863.5900000
2024-08-13T13:49:00+00:00,47859.1500000
2024-08-13T14:34:00+00:00,47322.2100000
2024-08-14T14:14:00+00:00,47318.5100000
2024-08-14T15:34:00+00:00,46789.8100000
2024-08-15T14:29:00+00:00,46784.6300000
2024-08-15T16:24:00+00:00,47119.9100000
2024-08-15T20:09:00+00:00,47631.9500000
2024-08-16T14:04:00+00:00,47626.7700000
2024-08-16T20:09:00+00:00,48129.0900000
2024-08-19T14:19:00+00:00,48123.1700000
2024-08-19T14:29:00+00:00,47507.2500000
2024-08-20T13:49:00+00:00,47499.1100000
2024-08-20T14:14:00+00:00,46885.9700000
2024-08-21T13:59:00+00:00,46877.0900000
2024-08-21T14:14:00+00:00,46268.2100000
2024-08-22T13:49:00+00:00,46260.0700000
2024-08-22T14:14:00+00:00,46640.7450000
2024-08-22T15:19:00+00:00,47405.0550000
2024-08-23T13:59:00+00:00,47396.1750000
2024-08-23T14:04:00+00:00,47819.2350000
2024-08-23T14:04:00+00:00,47807.2950000
2024-08-26T13:54:00+00:00,47799.8950000
2024-08-26T14:34:00+00:00,48218.0700000
2024-08-26T15:49:00+00:00,48917.4950000
2024-08-27T13:54:00+00:00,48913.0550000
2024-08-27T20:09:00+00:00,49366.1150000
2024-08-28T14:44:00+00:00,49360.1950000
2024-08-28T15:19:00+00:00,49792.2350000
2024-08-28T17:54:00+00:00,50514.2750000
2024-08-29T13:59:00+00:00,50508.3550000
2024-08-29T16:14:00+00:00,50962.8950000
2024-08-29T18:29:00+00:00,50954.9350000
2024-08-30T14:04:00+00:00,50949.0150000
2024-08-30T14:59:00+00:00,50333.0950000
2024-09-02T14:14:00+00:00,50321.2550000
2024-09-02T14:39:00+00:00,49689.4150000
2024-09-03T13:54:00+00:00,49685.7150000
2024-09-03T16:49:00+00:00,50047.9850000
2024-09-03T19:29:00+00:00,50955.1400000
2024-09-04T13:59:00+00:00,50951.4400000
2024-09-04T14:04:00+00:00,50322.7400000
2024-09-05T14:04:00+00:00,50319.0400000
2024-09-05T14:54:00+00:00,49702.8400000
2024-09-06T13:54:00+00:00,49700.6200000
2024-09-06T14:44:00+00:00,49943.6300000
2024-09-06T15:54:00+00:00,50754.6500000
2024-09-09T13:59:00+00:00,50747.2500000
2024-09-09T14:34:00+00:00,50127.3500000
2024-09-10T14:14:00+00:00,50124.3900000
2024-09-10T19:29:00+00:00,49566.4300000
2024-09-11T13:49:00+00:00,49564.2100000
2024-09-11T14:44:00+00:00,49820.3450000
2024-09-11T16:04:00+00:00,49816.3650000
2024-09-12T13:49:00+00:00,49812.6650000
2024-09-12T14:14:00+00:00,49271.4650000
2024-09-13T13:49:00+00:00,49266.2850000
2024-09-13T20:09:00+00:00,49488.6050000
2024-09-16T13:54:00+00:00,49484.1650000
2024-09-16T14:34:00+00:00,48887.2250000
2024-09-17T13:54:00+00:00,48880.5650000
2024-09-17T14:09:00+00:00,48266.4050000
2024-09-18T14:19:00+00:00,48260.4850000
2024-09-18T17:34:00+00:00,47654.5650000
2024-09-19T13:54:00+00:00,47651.6050000
2024-09-19T14:29:00+00:00,47153.6450000
2024-09-20T13:49:00+00:00,47144.7650000
2024-09-20T15:04:00+00:00,47567.8250000
2024-09-20T15:19:00+00:00,48275.8850000
2024-09-23T14:19:00+00:00,48268.4850000
2024-09-23T16:14:00+00:00,47698.5850000
2024-09-24T13:54:00+00:00,47690.4450000
2024-09-24T14:04:00+00:00,48080.4950000
2024-09-24T14:59:00+00:00,48068.5550000
2024-09-25T14:49:00+00:00,48061.1550000
2024-09-25T17:04:00+00:00,48469.9550000
2024-09-25T20:09:00+00:00,48578.7550000
2024-09-26T14:09:00+00:00,48574.3150000
2024-09-26T17:19:00+00:00,48971.4700000
2024-09-26T20:09:00+00:00,49018.0000000
2024-09-27T14:24:00+00:00,49009.8600000
2024-09-27T15:34:00+00:00,48424.2200000
2024-09-30T15:04:00+00:00,48417.5600000
2024-09-30T18:14:00+00:00,47837.1500000
2024-10-01T13:49:00+00:00,47835.6700000
2024-10-01T20:09:00+00:00,47871.6900000
2024-10-02T14:14:00+00:00,47868.7300000
2024-10-02T20:09:00+00:00,48120.7700000
2024-10-03T14:04:00+00:00,48117.0700000
2024-10-03T14:24:00+00:00,47532.1200000
2024-10-04T13:54:00+00:00,47526.9400000
2024-10-04T14:14:00+00:00,47879.0950000
2024-10-04T16:39:00+00:00,47871.1350000
2024-10-07T14:19:00+00:00,47862.9950000
2024-10-07T15:04:00+00:00,47249.8550000
2024-10-08T13:59:00+00:00,47243.1950000
2024-10-08T18:39:00+00:00,47622.7350000
2024-10-08T20:09:00+00:00,48181.5350000
2024-10-09T14:14:00+00:00,48174.8750000
2024-10-09T15:24:00+00:00,48554.4150000
2024-10-09T15:54:00+00:00,49347.5900000
2024-10-10T13:49:00+00:00,49340.9300000
2024-10-10T13:59:00+00:00,48715.5200000
2024-10-11T13:54:00+00:00,48709.6000000
2024-10-11T14:19:00+00:00,49119.1400000
2024-10-11T20:09:00+00:00,49506.1800000
2024-10-14T13:49:00+00:00,49502.4800000
2024-10-14T20:09:00+00:00,49830.0300000
2024-10-15T13:59:00+00:00,49816.7100000
2024-10-15T14:34:00+00:00,50265.6750000
2024-10-15T14:34:00+00:00,51018.3900000
2024-10-16T14:09:00+00:00,51012.4700000
2024-10-16T18:24:00+00:00,51437.0100000
2024-10-16T20:09:00+00:00,51779.0500000
2024-10-17T14:09:00+00:00,51776.0900000
2024-10-17T20:09:00+00:00,51838.1300000
2024-10-18T15:29:00+00:00,51832.9500000
2024-10-18T20:09:00+00:00,51941.5200000
2024-10-21T13:49:00+00:00,51924.5000000
2024-10-21T14:34:00+00:00,51246.2300000
2024-10-22T14:09:00+00:00,51238.8300000
2024-10-22T17:44:00+00:00,51694.5050000
2024-10-22T20:09:00+00:00,52090.8050000
2024-10-23T14:04:00+00:00,52080.4450000
2024-10-23T15:14:00+00:00,52560.8900000
2024-10-23T16:24:00+00:00,53365.0850000
2024-10-24T13:49:00+00:00,53357.6850000
2024-10-24T16:14:00+00:00,53841.4850000
2024-10-24T16:39:00+00:00,53831.5350000
2024-10-25T13:49:00+00:00,53824.8750000
2024-10-25T17:14:00+00:00,53143.2150000
2024-10-28T13:59:00+00:00,53135.0750000
2024-10-28T20:09:00+00:00,53511.9350000
2024-10-29T14:04:00+00:00,53507.4950000
2024-10-29T20:09:00+00:00,54163.0550000
2024-10-30T13:59:00+00:00,54159.3550000
2024-10-30T20:04:00+00:00,53511.9050000
2024-10-31T13:49:00+00:00,53508.2050000
2024-10-31T18:04:00+00:00,53855.4750000
2024-10-31T20:09:00+00:00,54430.7550000
2024-11-01T13:49:00+00:00,54427.0550000
2024-11-01T19:54:00+00:00,53848.3550000
2024-11-04T15:19:00+00:00,53844.6550000
2024-11-04T16:44:00+00:00,53222.2050000
2024-11-05T14:49:00+00:00,53218.5050000
2024-11-05T17:49:00+00:00,53569.5250000
2024-11-05T21:09:00+00:00,54223.5550000
2024-11-06T14:49:00+00:00,54220.5950000
2024-11-06T17:49:00+00:00,53622.6350000
2024-11-07T14:59:00+00:00,53613.0150000
2024-11-07T17:34:00+00:00,54047.3250000
2024-11-07T19:44:00+00:00,54033.3950000
2024-11-08T14:49:00+00:00,54020.0750000
2024-11-08T16:24:00+00:00,54519.6650000
2024-11-08T18:39:00+00:00,55356.7550000
2024-11-11T14:49:00+00:00,55345.6550000
2024-11-11T18:04:00+00:00,55799.8500000
2024-11-11T18:24:00+00:00,56668.9300000
2024-11-12T15:04:00+00:00,56660.0500000
2024-11-12T16:49:00+00:00,57184.3600000
2024-11-12T17:59:00+00:00,58061.1700000
2024-11-13T14:49:00+00:00,58050.8100000
2024-11-13T15:09:00+00:00,58557.5050000
2024-11-13T15:14:00+00:00,58543.5750000
2024-11-14T15:19:00+00:00,58539.8750000
2024-11-14T21:09:00+00:00,59154.9250000
2024-11-15T14:59:00+00:00,59148.2650000
2024-11-15T15:39:00+00:00,59610.3050000
2024-11-15T17:54:00+00:00,60575.3550000
2024-11-18T15:04:00+00:00,60567.9550000
2024-11-18T16:24:00+00:00,61098.6300000
2024-11-18T21:09:00+00:00,61357.4300000
2024-11-19T15:29:00+00:00,61351.5100000
2024-11-19T16:39:00+00:00,61896.0500000
2024-11-19T18:54:00+00:00,62805.5900000
2024-11-20T14:59:00+00:00,62802.6300000
2024-11-20T20:54:00+00:00,62164.6700000
2024-11-21T15:29:00+00:00,62163.1900000
2024-11-21T17:44:00+00:00,61564.2100000
2024-11-22T14:59:00+00:00,61559.7700000
2024-11-22T15:29:00+00:00,60820.3300000
2024-11-25T15:09:00+00:00,60815.1500000
2024-11-25T17:44:00+00:00,61296.6800000
2024-11-25T21:09:00+00:00,61458.7200000
2024-11-26T15:19:00+00:00,61449.8400000
2024-11-26T16:04:00+00:00,60660.9600000
2024-11-27T15:14:00+00:00,60650.6000000
2024-11-27T16:04:00+00:00,61196.6700000
2024-11-27T21:09:00+00:00,61593.9900000
2024-11-28T14:54:00+00:00,61571.7900000
2024-11-29T00:34:00+00:00,60987.0900000
2024-11-29T14:54:00+00:00,60978.2100000
2024-11-29T16:44:00+00:00,61536.2700000
2024-12-02T16:04:00+00:00,62101.8300000
2024-12-02T16:04:00+00:00,62091.4700000
2024-12-02T16:44:00+00:00,61293.6100000
2024-12-03T15:29:00+00:00,61285.4700000
2024-12-03T18:04:00+00:00,60548.5800000
2024-12-04T15:14:00+00:00,60530.8200000
2024-12-04T15:39:00+00:00,59733.0600000
2024-12-05T15:04:00+00:00,59718.2600000
2024-12-05T15:24:00+00:00,58953.4600000
2024-12-06T14:49:00+00:00,58946.0600000
2024-12-06T17:04:00+00:00,58226.1600000
2024-12-09T15:19:00+00:00,58215.0600000
2024-12-09T15:49:00+00:00,58708.6300000
2024-12-09T19:54:00+00:00,59652.7100000
2024-12-10T15:19:00+00:00,59643.8300000
2024-12-10T16:49:00+00:00,58914.9500000
2024-12-11T14:49:00+00:00,58902.3700000
2024-12-11T16:39:00+00:00,59391.4500000
2024-12-11T18:04:00+00:00,60312.9150000
2024-12-12T14:54:00+00:00,60299.5950000
2024-12-12T15:29:00+00:00,59543.7750000
2024-12-13T15:04:00+00:00,59534.8950000
2024-12-13T15:44:00+00:00,60047.9550000
2024-12-13T17:39:00+00:00,60906.0150000
2024-12-16T15:04:00+00:00,60894.9150000
2024-12-16T15:19:00+00:00,60115.0650000
2024-12-17T14:54:00+00:00,60106.1850000
2024-12-17T15:14:00+00:00,59362.3050000
2024-12-18T14:54:00+00:00,59351.9450000
2024-12-18T15:49:00+00:00,59898.0150000
2024-12-18T19:04:00+00:00,59884.0850000
2024-12-19T14:54:00+00:00,59881.1250000
2024-12-19T21:09:00+00:00,60578.1650000
2024-12-20T15:14:00+00:00,60575.2050000
2024-12-20T16:04:00+00:00,61068.7250000
2024-12-20T16:34:00+00:00,61892.2450000
2024-12-23T14:49:00+00:00,61887.8050000
2024-12-23T16:49:00+00:00,61185.8650000
2024-12-24T14:59:00+00:00,61179.2050000
2024-12-24T16:44:00+00:00,61678.7450000
2024-12-25T23:04:00+00:00,62721.9200000
2024-12-26T14:54:00+00:00,62716.7400000
2024-12-26T15:09:00+00:00,61994.0600000
2024-12-27T15:04:00+00:00,61990.3600000
2024-12-27T21:09:00+00:00,61880.4100000
2024-12-30T14:59:00+00:00,61876.7100000
2024-12-30T16:19:00+00:00,61154.2600000
2024-12-31T15:09:00+00:00,61149.8200000
2024-12-31T17:39:00+00:00,61659.4750000
2024-12-31T21:09:00+00:00,61923.5050000
2025-01-02T14:54:00+00:00,61920.5450000
2025-01-02T16:04:00+00:00,61147.5850000
2025-01-03T16:04:00+00:00,61143.8850000
2025-01-03T21:09:00+00:00,61658.9350000
2025-01-06T14:49:00+00:00,61653.7550000
2025-01-06T18:49:00+00:00,60904.8250000
2025-01-07T15:04:00+00:00,60902.6050000
2025-01-07T20:24:00+00:00,61203.7400000
2025-01-07T21:09:00+00:00,61677.2600000
2025-01-08T14:54:00+00:00,61670.6000000
2025-01-08T15:04:00+00:00,60921.4400000
2025-01-10T14:49:00+00:00,60918.4800000
2025-01-10T21:09:00+00:00,61455.5200000
2025-01-13T14:54:00+00:00,61450.3400000
2025-01-13T18:49:00+00:00,61898.1200000
2025-01-13T21:09:00+00:00,62780.1600000
2025-01-14T14:54:00+00:00,62775.7200000
2025-01-14T16:49:00+00:00,63285.3750000
2025-01-14T18:44:00+00:00,63279.4050000
2025-01-15T14:49:00+00:00,63275.7050000
2025-01-15T21:09:00+00:00,63372.0050000
2025-01-16T14:49:00+00:00,63366.0850000
2025-01-16T16:09:00+00:00,62620.1650000
2025-01-17T15:39:00+00:00,62614.9850000
2025-01-17T21:09:00+00:00,62566.0550000
2025-01-20T15:04:00+00:00,62559.3950000
2025-01-20T17:29:00+00:00,63043.9350000
2025-01-20T17:54:00+00:00,63033.9850000
2025-01-21T15:14:00+00:00,63028.8050000
2025-01-21T16:34:00+00:00,62244.8750000
2025-01-22T14:54:00+00:00,62232.2950000
2025-01-22T16:44:00+00:00,62766.3750000
2025-01-22T20:54:00+00:00,62748.4650000
2025-01-23T15:44:00+00:00,62737.3650000
2025-01-23T18:14:00+00:00,63257.1850000
2025-01-23T20:59:00+00:00,64251.2650000
2025-01-24T14:49:00+00:00,64236.4650000
2025-01-24T15:04:00+00:00,63396.6650000
2025-01-27T14:59:00+00:00,63394.4450000
2025-01-27T21:09:00+00:00,63572.2250000
2025-01-28T14:49:00+00:00,63568.5250000
2025-01-28T15:14:00+00:00,62802.3250000
2025-01-29T16:39:00+00:00,62796.4050000
2025-01-29T21:09:00+00:00,63220.4850000
2025-01-30T14:49:00+00:00,63216.0450000
2025-01-30T15:04:00+00:00,62499.1050000
2025-01-31T14:59:00+00:00,62488.7450000
2025-01-31T16:04:00+00:00,63047.9400000
2025-01-31T17:09:00+00:00,63034.0100000
2025-02-03T15:04:00+00:00,63030.3100000
2025-02-03T15:24:00+00:00,62289.1100000
2025-02-04T14:54:00+00:00,62282.4500000
2025-02-04T16:19:00+00:00,62781.9900000
2025-02-04T21:09:00+00:00,63278.2900000
2025-02-05T14:54:00+00:00,63266.4500000
2025-02-05T15:04:00+00:00,63830.5300000
2025-02-05T15:04:00+00:00,63814.6100000
2025-02-06T15:04:00+00:00,63803.5100000
2025-02-06T19:34:00+00:00,64336.4550000
2025-02-06T20:44:00+00:00,64320.5350000
2025-02-07T14:49:00+00:00,64311.6550000
2025-02-07T15:04:00+00:00,63492.7750000
2025-02-10T15:09:00+00:00,63486.8550000
2025-02-10T21:09:00+00:00,63390.9350000
2025-02-11T15:29:00+00:00,63384.2750000
2025-02-11T21:09:00+00:00,63861.3650000
2025-02-12T14:49:00+00:00,63857.6650000
2025-02-12T21:09:00+00:00,64478.9650000
2025-02-13T15:04:00+00:00,64473.0450000
2025-02-13T19:09:00+00:00,65040.0850000
2025-02-13T20:59:00+00:00,65987.1250000
2025-02-14T15:04:00+00:00,65973.8050000
2025-02-14T15:44:00+00:00,65150.4850000
2025-02-17T16:19:00+00:00,65137.1650000
2025-02-18T14:44:00+00:00,64291.3450000
2025-02-18T15:04:00+00:00,64281.7250000
2025-02-18T20:59:00+00:00,63475.8550000
2025-02-19T15:04:00+00:00,63455.8750000
2025-02-19T15:34:00+00:00,62625.8950000
2025-02-20T14:49:00+00:00,62617.7550000
2025-02-20T14:59:00+00:00,63110.9300000
2025-02-20T15:04:00+00:00,64100.2400000
2025-02-21T14:49:00+00:00,64092.8400000
2025-02-21T15:29:00+00:00,64651.6400000
2025-02-21T17:39:00+00:00,65585.4400000
2025-02-24T14:49:00+00:00,65581.0000000
2025-02-24T15:09:00+00:00,66124.4050000
2025-02-24T16:34:00+00:00,66118.4350000
2025-02-25T14:49:00+00:00,66112.5150000
2025-02-25T15:14:00+00:00,66687.0550000
2025-02-25T15:24:00+00:00,67646.5950000
2025-02-26T14:49:00+00:00,67641.4150000
2025-02-26T17:59:00+00:00,66883.7350000
2025-02-27T14:54:00+00:00,66881.5150000
2025-02-27T20:04:00+00:00,67201.4000000
2025-02-27T21:09:00+00:00,68062.4200000
2025-02-28T15:09:00+00:00,68058.7200000
2025-02-28T18:19:00+00:00,67198.7700000
2025-03-03T14:49:00+00:00,67195.0700000
2025-03-03T18:14:00+00:00,67654.8400000
2025-03-03T19:54:00+00:00,68805.7450000
2025-03-04T14:54:00+00:00,68802.0450000
2025-03-04T15:24:00+00:00,69273.0650000
2025-03-04T17:24:00+00:00,69267.0950000
2025-03-05T14:59:00+00:00,69263.3950000
2025-03-05T15:04:00+00:00,68390.9450000
2025-03-06T15:04:00+00:00,68386.5050000
2025-03-06T17:04:00+00:00,67527.0650000
2025-03-07T14:49:00+00:00,67524.8450000
2025-03-07T15:34:00+00:00,66821.3750000
2025-03-10T14:04:00+00:00,66818.4150000
2025-03-10T17:39:00+00:00,67356.9350000
2025-03-10T19:04:00+00:00,68255.4550000
2025-03-11T13:49:00+00:00,68251.7550000
2025-03-11T14:04:00+00:00,67429.3050000
2025-03-12T13:54:00+00:00,67426.3450000
2025-03-12T15:09:00+00:00,67953.6150000
2025-03-12T16:09:00+00:00,67949.6350000
2025-03-13T13:49:00+00:00,67943.7150000
2025-03-13T14:29:00+00:00,67127.7950000
2025-03-14T13:49:00+00:00,67124.8350000
2025-03-14T14:04:00+00:00,66441.8750000
2025-03-17T14:14:00+00:00,66438.9150000
2025-03-17T20:09:00+00:00,66545.9550000
2025-03-18T13:54:00+00:00,66542.9950000
2025-03-18T20:09:00+00:00,66500.0350000
2025-03-19T13:54:00+00:00,66495.5950000
2025-03-19T18:59:00+00:00,67089.6250000
2025-03-19T19:14:00+00:00,68081.1550000
2025-03-20T13:54:00+00:00,68078.1950000
2025-03-20T20:09:00+00:00,68020.2350000
2025-03-21T14:54:00+00:00,68015.0550000
2025-03-21T16:59:00+00:00,68513.4600000
2025-03-21T20:09:00+00:00,69325.5000000
2025-03-24T13:49:00+00:00,69320.3200000
2025-03-24T20:09:00+00:00,69866.3900000
2025-03-25T14:04:00+00:00,69857.5100000
2025-03-25T14:29:00+00:00,68963.6300000
2025-03-26T13:54:00+00:00,68956.9700000
2025-03-26T15:49:00+00:00,69509.0100000
2025-03-26T16:59:00+00:00,70661.5600000
2025-03-27T13:54:00+00:00,70657.1200000
2025-03-27T20:09:00+00:00,70495.1800000
2025-03-28T13:54:00+00:00,70489.2600000
2025-03-28T14:14:00+00:00,71086.3000000
2025-03-28T14:34:00+00:00,72083.3400000
2025-03-31T14:09:00+00:00,72080.3800000
2025-03-31T18:34:00+00:00,72682.6500000
2025-03-31T20:09:00+00:00,73316.1700000
2025-04-01T13:49:00+00:00,73310.9900000
2025-04-01T14:09:00+00:00,72422.0600000
2025-04-02T13:49:00+00:00,72419.8400000
2025-04-02T17:04:00+00:00,72767.8500000
2025-04-02T20:09:00+00:00,73246.3700000
2025-04-03T13:59:00+00:00,73242.6700000
2025-04-03T14:54:00+00:00,73717.4400000
2025-04-03T16:04:00+00:00,73711.4700000
2025-04-04T14:14:00+00:00,73709.9900000
2025-04-04T18:39:00+00:00,74275.5000000
2025-04-04T20:09:00+00:00,74949.7600000
2025-04-07T13:54:00+00:00,74949.0200000
2025-04-07T14:19:00+00:00,76267.0300000
2025-04-08T13:59:00+00:00,76264.8100000
2025-04-08T15:04:00+00:00,75523.8400000
2025-04-09T14:59:00+00:00,75522.3600000
2025-04-09T16:59:00+00:00,74628.3800000
2025-04-10T14:14:00+00:00,74626.1600000
2025-04-10T15:59:00+00:00,75071.6700000
2025-04-10T16:24:00+00:00,76557.6900000
2025-04-11T13:49:00+00:00,76555.4700000
2025-04-11T14:24:00+00:00,75623.2500000
2025-04-14T15:29:00+00:00,75621.0300000
2025-04-14T20:09:00+00:00,75630.0600000
2025-04-15T13:54:00+00:00,75626.3600000
2025-04-15T14:19:00+00:00,74797.6600000
2025-04-16T13:54:00+00:00,74793.9600000
2025-04-16T15:24:00+00:00,73952.7600000
2025-04-17T13:54:00+00:00,73947.5800000
2025-04-17T14:24:00+00:00,73049.9000000
2025-04-21T13:54:00+00:00,73045.4600000
2025-04-21T14:59:00+00:00,73706.9900000
2025-04-21T15:49:00+00:00,74811.0200000
2025-04-22T13:49:00+00:00,74806.5800000
2025-04-22T15:59:00+00:00,75423.1100000
2025-04-22T16:24:00+00:00,76452.1400000
2025-04-23T15:29:00+00:00,76449.9200000
2025-04-23T20:09:00+00:00,76848.9500000
2025-04-24T13:49:00+00:00,76844.5100000
2025-04-24T14:34:00+00:00,77489.1650000
2025-04-24T16:59:00+00:00,78565.0700000
2025-04-25T13:49:00+00:00,78559.8900000
2025-04-25T16:24:00+00:00,77644.7100000
2025-04-28T13:59:00+00:00,77640.2700000
2025-04-28T17:14:00+00:00,78329.9250000
2025-04-28T19:24:00+00:00,78323.9550000
2025-04-29T13:49:00+00:00,78318.0350000
2025-04-29T17:49:00+00:00,79035.0750000
2025-04-29T20:09:00+00:00,79702.1150000
2025-04-30T13:59:00+00:00,79699.8950000
2025-04-30T15:04:00+00:00,78835.1750000
2025-05-01T13:59:00+00:00,78829.2550000
2025-05-01T14:09:00+00:00,77923.3350000
2025-05-02T13:49:00+00:00,77915.9350000
2025-05-02T14:19:00+00:00,76933.5350000
2025-05-05T14:09:00+00:00,76925.3950000
2025-05-05T17:54:00+00:00,77549.8200000
2025-05-05T19:54:00+00:00,77537.8800000
2025-05-06T13:54:00+00:00,77532.7000000
2025-05-06T14:19:00+00:00,76626.2700000
2025-05-07T13:59:00+00:00,76619.6100000
2025-05-07T14:54:00+00:00,75712.9500000
2025-05-08T13:49:00+00:00,75705.5500000
2025-05-08T15:24:00+00:00,74760.6500000
2025-05-09T14:19:00+00:00,74753.2500000
2025-05-09T14:39:00+00:00,75415.1750000
2025-05-09T19:09:00+00:00,75405.2250000
2025-05-12T14:29:00+00:00,75401.5250000
2025-05-12T17:09:00+00:00,74529.0750000
2025-05-13T13:54:00+00:00,74522.4150000
2025-05-13T14:19:00+00:00,75104.4550000
2025-05-13T20:09:00+00:00,75513.2550000
2025-05-14T13:49:00+00:00,75506.5950000
2025-05-14T20:09:00+00:00,75218.6850000
2025-05-15T13:49:00+00:00,75206.1050000
2025-05-15T14:04:00+00:00,74258.5250000
2025-05-16T14:19:00+00:00,74248.9050000
2025-05-16T14:44:00+00:00,73296.7850000
2025-05-19T13:49:00+00:00,73292.3450000
2025-05-19T17:09:00+00:00,73948.2500000
2025-05-19T20:09:00+00:00,74403.5300000
2025-05-20T13:49:00+00:00,74393.1700000
2025-05-20T14:39:00+00:00,73490.3100000
2025-05-21T13:49:00+00:00,73482.9100000
2025-05-21T17:19:00+00:00,72575.5100000
2025-05-22T13:59:00+00:00,72571.0700000
2025-05-22T20:09:00+00:00,72266.6300000
2025-05-23T14:14:00+00:00,72262.1900000
2025-05-23T20:09:00+00:00,72280.2500000
2025-05-26T14:34:00+00:00,72269.1500000
2025-05-27T03:49:00+00:00,72893.9700000
2025-05-27T06:19:00+00:00,72878.0500000
2025-05-27T14:04:00+00:00,72872.8700000
2025-05-27T16:39:00+00:00,73421.9000000
2025-05-27T20:09:00+00:00,74328.9400000
2025-05-28T13:49:00+00:00,74320.0600000
2025-05-28T15:39:00+00:00,75001.8700000
2025-05-28T19:54:00+00:00,76141.1800000
2025-05-29T13:49:00+00:00,76136.7400000
2025-05-29T16:04:00+00:00,76764.5200000
2025-05-29T17:04:00+00:00,76758.5500000
2025-05-30T13:49:00+00:00,76751.1500000
2025-05-30T14:14:00+00:00,75806.2500000
2025-06-02T13:54:00+00:00,75801.0700000
2025-06-02T15:54:00+00:00,74903.3900000
2025-06-03T14:19:00+00:00,74893.7700000
2025-06-03T15:44:00+00:00,75496.8300000
2025-06-03T17:14:00+00:00,76672.9000000
2025-06-04T14:04:00+00:00,76661.8000000
2025-06-04T18:09:00+00:00,75675.7000000
2025-06-05T13:49:00+00:00,75671.2600000
2025-06-05T15:19:00+00:00,74841.8200000
2025-06-06T15:19:00+00:00,74836.6400000
2025-06-06T20:09:00+00:00,74428.9600000
2025-06-09T14:34:00+00:00,74420.8200000
2025-06-09T20:09:00+00:00,74013.9300000
2025-06-10T14:19:00+00:00,73999.1300000
2025-06-10T15:34:00+00:00,73034.3300000
2025-06-11T14:19:00+00:00,73026.9300000
2025-06-11T16:09:00+00:00,72119.5300000
2025-06-12T13:49:00+00:00,72110.6500000
2025-06-12T14:44:00+00:00,72747.4600000
2025-06-12T20:09:00+00:00,73508.0200000
2025-06-13T13:59:00+00:00,73502.8400000
2025-06-13T15:24:00+00:00,72622.6600000
2025-06-16T13:49:00+00:00,72616.0000000
2025-06-16T20:09:00+00:00,72913.0900000
2025-06-17T14:09:00+00:00,72903.4700000
2025-06-17T16:59:00+00:00,71967.6000000
2025-06-18T13:49:00+00:00,71958.7200000
2025-06-18T14:29:00+00:00,72618.0300000
2025-06-18T17:29:00+00:00,72606.0900000
2025-06-19T13:49:00+00:00,72600.9100000
2025-06-19T22:04:00+00:00,71755.7300000
2025-06-20T13:59:00+00:00,71749.8100000
2025-06-20T14:54:00+00:00,72391.8500000
2025-06-20T20:09:00+00:00,72923.8900000
2025-06-23T13:49:00+00:00,72918.7100000
2025-06-23T16:34:00+00:00,72003.5300000
2025-06-24T15:14:00+00:00,71995.3900000
2025-06-24T19:34:00+00:00,72582.3150000
2025-06-24T20:09:00+00:00,72990.3750000
2025-06-25T14:14:00+00:00,72977.7950000
2025-06-25T17:44:00+00:00,73601.8750000
2025-06-25T19:14:00+00:00,73583.9650000
2025-06-26T13:49:00+00:00,73564.7250000
2025-06-26T14:04:00+00:00,72602.9850000
2025-06-27T13:49:00+00:00,72591.1450000
2025-06-27T14:14:00+00:00,73245.2250000
2025-06-27T17:49:00+00:00,73229.3050000
2025-06-30T14:39:00+00:00,73220.4250000
2025-06-30T19:24:00+00:00,72296.5450000
2025-07-01T13:49:00+00:00,72284.7050000
2025-07-01T14:49:00+00:00,71392.8650000
2025-07-02T14:04:00+00:00,71381.0250000
2025-07-02T15:39:00+00:00,72005.1050000
2025-07-02T19:59:00+00:00,73049.1850000
2025-07-03T13:49:00+00:00,73040.3050000
2025-07-03T15:44:00+00:00,73699.6150000
2025-07-04T02:19:00+00:00,73687.6750000
2025-07-04T13:54:00+00:00,73670.6550000
2025-07-06T22:04:00+00:00,74301.8900000
2025-07-06T22:04:00+00:00,75455.5100000
2025-07-07T14:14:00+00:00,75444.4100000
2025-07-07T16:19:00+00:00,76082.3550000
2025-07-07T16:24:00+00:00,77301.4350000
2025-07-08T14:04:00+00:00,77285.1550000
2025-07-08T14:39:00+00:00,76278.8750000
2025-07-09T13:49:00+00:00,76272.2150000
2025-07-09T14:34:00+00:00,75376.8050000
2025-07-10T13:54:00+00:00,75362.0050000
2025-07-10T14:39:00+00:00,74397.2050000
2025-07-11T14:14:00+00:00,74390.5450000
2025-07-11T20:09:00+00:00,74305.1350000
2025-07-14T14:24:00+00:00,74297.7350000
2025-07-14T20:09:00+00:00,74790.3350000
2025-07-15T13:59:00+00:00,74784.4150000
2025-07-15T19:59:00+00:00,75471.4550000
2025-07-15T20:09:00+00:00,76248.4950000
2025-07-16T13:49:00+00:00,76239.6150000
2025-07-16T15:19:00+00:00,76898.9250000
2025-07-16T15:19:00+00:00,76886.9850000
2025-07-17T13:49:00+00:00,76879.5850000
2025-07-17T20:09:00+00:00,77897.1850000
2025-07-18T14:09:00+00:00,77881.6450000
2025-07-18T15:04:00+00:00,78567.9950000
2025-07-18T20:09:00+00:00,79041.1050000
2025-07-21T13:49:00+00:00,79031.4850000
2025-07-21T19:49:00+00:00,78030.6150000
2025-07-22T13:49:00+00:00,78018.7750000
2025-07-22T13:54:00+00:00,78732.8550000
2025-07-22T13:54:00+00:00,78716.9350000
2025-07-23T13:49:00+00:00,78706.5750000
2025-07-23T15:54:00+00:00,77733.7150000
2025-07-24T13:49:00+00:00,77722.6150000
2025-07-24T14:19:00+00:00,76774.0150000
2025-07-25T14:19:00+00:00,76756.2550000
2025-07-25T16:29:00+00:00,77444.8750000
2025-07-25T18:24:00+00:00,78598.4950000
2025-07-28T14:14:00+00:00,78582.9550000
2025-07-28T15:19:00+00:00,77569.9150000
2025-07-29T13:49:00+00:00,77555.8550000
2025-07-29T15:19:00+00:00,78207.3200000
2025-07-29T15:29:00+00:00,79418.6700000
2025-07-30T14:19:00+00:00,79402.3900000
2025-07-30T15:14:00+00:00,78368.6100000
2025-07-31T14:54:00+00:00,78362.6900000
2025-07-31T17:54:00+00:00,79087.2300000
2025-07-31T19:54:00+00:00,80296.7700000
2025-08-01T13:49:00+00:00,80294.5500000
2025-08-01T20:09:00+00:00,80243.5800000
2025-08-04T13:49:00+00:00,80238.4000000
2025-08-04T20:09:00+00:00,81388.2200000
2025-08-05T13:54:00+00:00,81374.9000000
2025-08-05T14:04:00+00:00,80326.5800000
2025-08-06T13:54:00+00:00,80316.2200000
2025-08-06T14:24:00+00:00,79290.8600000
2025-08-07T13:49:00+00:00,79279.7600000
2025-08-07T14:24:00+00:00,79957.0800000
2025-08-07T14:59:00+00:00,81251.1600000
2025-08-08T13:49:00+00:00,81241.5400000
2025-08-08T18:04:00+00:00,81934.6000000
2025-08-08T20:09:00+00:00,82786.9200000
2025-08-11T14:19:00+00:00,82773.6000000
2025-08-11T14:49:00+00:00,81747.7800000
2025-08-12T13:49:00+00:00,81741.8600000
2025-08-12T14:54:00+00:00,80805.9400000
2025-08-13T13:49:00+00:00,80795.5800000
2025-08-13T14:24:00+00:00,79787.7200000
2025-08-14T13:49:00+00:00,79776.6200000
2025-08-14T19:59:00+00:00,80453.9400000
2025-08-14T20:09:00+00:00,80868.0200000
2025-08-15T13:49:00+00:00,80861.3600000
2025-08-15T20:09:00+00:00,81293.4500000
2025-08-18T13:59:00+00:00,81277.1700000
2025-08-18T14:24:00+00:00,80243.3900000
2025-08-19T14:04:00+00:00,80236.7300000
2025-08-19T14:44:00+00:00,79251.3200000
2025-08-20T13:49:00+00:00,79245.4000000
2025-08-20T14:19:00+00:00,79932.4400000
2025-08-20T16:29:00+00:00,79924.4800000
2025-08-21T13:59:00+00:00,79914.1200000
2025-08-21T14:04:00+00:00,78923.7600000
2025-08-22T13:49:00+00:00,78917.8400000
2025-08-22T14:04:00+00:00,79619.8800000
2025-08-22T14:04:00+00:00,79611.9200000
2025-08-25T14:09:00+00:00,79598.6000000
2025-08-25T19:49:00+00:00,78617.7800000
2025-08-26T13:49:00+00:00,78605.2000000
2025-08-26T14:04:00+00:00,77636.3700000
2025-08-27T14:09:00+00:00,77625.2700000
2025-08-27T20:09:00+00:00,78289.1700000
2025-08-28T13:49:00+00:00,78280.2900000
2025-08-28T16:29:00+00:00,77311.4100000
2025-08-29T13:49:00+00:00,77303.2700000
2025-08-29T14:54:00+00:00,77955.8200000
2025-08-29T20:09:00+00:00,78333.8800000
2025-09-01T13:49:00+00:00,78319.0800000
2025-09-01T23:24:00+00:00,77329.2800000
2025-09-02T13:49:00+00:00,77321.8800000
2025-09-02T15:39:00+00:00,76414.4800000
2025-09-03T13:59:00+00:00,76404.1200000
2025-09-03T14:29:00+00:00,75466.2600000
2025-09-04T14:04:00+00:00,75455.1600000
2025-09-04T14:34:00+00:00,74487.8100000
2025-09-05T13:54:00+00:00,74472.2700000
2025-09-05T14:04:00+00:00,75121.1200000
2025-09-05T14:14:00+00:00,76316.1050000
2025-09-08T14:19:00+00:00,76304.2650000
2025-09-08T14:34:00+00:00,75332.4250000
2025-09-09T13:54:00+00:00,75316.8850000
2025-09-09T14:04:00+00:00,74356.3450000
2025-09-10T14:04:00+00:00,74346.7250000
2025-09-10T15:19:00+00:00,73394.6050000
2025-09-11T13:54:00+00:00,73385.7250000
2025-09-11T15:19:00+00:00,74033.7850000
2025-09-11T20:09:00+00:00,74794.3450000
2025-09-12T13:59:00+00:00,74777.3250000
2025-09-12T18:54:00+00:00,75429.1850000
2025-09-12T19:34:00+00:00,75405.3050000
2025-09-15T13:54:00+00:00,75391.2450000
2025-09-15T17:24:00+00:00,74427.1850000
2025-09-16T13:54:00+00:00,74418.3050000
2025-09-16T20:09:00+00:00,74409.4250000
2025-09-17T14:04:00+00:00,74396.1050000
2025-09-17T18:04:00+00:00,73460.2850000
2025-09-18T14:04:00+00:00,73453.6250000
2025-09-18T20:09:00+00:00,73480.7150000
2025-09-19T13:49:00+00:00,73469.6150000
2025-09-19T14:49:00+00:00,72558.5150000
2025-09-22T13:49:00+00:00,72539.2750000
2025-09-22T14:29:00+00:00,73187.7800000
2025-09-22T14:44:00+00:00,74275.0350000
2025-09-23T14:24:00+00:00,74258.7550000
2025-09-23T16:09:00+00:00,74931.2400000
2025-09-23T17:24:00+00:00,76057.4750000
2025-09-24T13:49:00+00:00,76049.3350000
2025-09-24T15:59:00+00:00,76692.5100000
2025-09-24T20:09:00+00:00,77070.5700000
2025-09-25T14:14:00+00:00,77066.1300000
2025-09-25T18:04:00+00:00,76169.1900000
2025-09-26T13:59:00+00:00,76164.7500000
2025-09-26T14:24:00+00:00,75267.8100000
2025-09-29T14:09:00+00:00,75258.1900000
2025-09-29T15:14:00+00:00,74322.3200000
2025-09-30T13:54:00+00:00,74309.7400000
2025-09-30T14:04:00+00:00,73383.4100000
2025-10-01T14:29:00+00:00,73378.2300000
2025-10-01T18:44:00+00:00,73921.6350000
2025-10-01T20:09:00+00:00,74423.6750000
2025-10-02T14:14:00+00:00,74417.0150000
2025-10-02T20:09:00+00:00,74039.1050000
2025-10-03T14:29:00+00:00,74030.2250000
2025-10-03T17:44:00+00:00,73091.3450000
2025-10-06T13:59:00+00:00,73083.2050000
2025-10-06T15:49:00+00:00,72167.5650000
2025-10-07T14:04:00+00:00,72156.4650000
2025-10-07T15:09:00+00:00,72781.2850000
2025-10-07T15:09:00+00:00,73975.3650000
2025-10-08T14:04:00+00:00,73968.7050000
2025-10-08T20:09:00+00:00,74772.0450000
2025-10-09T13:54:00+00:00,74766.1250000
2025-10-09T20:09:00+00:00,75030.2050000
2025-10-10T14:59:00+00:00,75027.2450000
2025-10-10T15:29:00+00:00,75708.2650000
2025-10-10T17:09:00+00:00,76844.2850000
2025-10-13T13:59:00+00:00,76839.8450000
2025-10-13T15:09:00+00:00,75882.9050000
2025-10-14T14:04:00+00:00,75879.9450000
2025-10-14T16:24:00+00:00,76527.2150000
2025-10-14T20:09:00+00:00,76895.7350000
2025-10-15T13:59:00+00:00,76889.0750000
2025-10-15T15:39:00+00:00,75926.1650000
2025-10-16T14:14:00+00:00,75918.7650000
2025-10-16T14:24:00+00:00,75023.8650000
2025-10-17T13:54:00+00:00,75020.1650000
2025-10-17T15:39:00+00:00,74135.2150000
2025-10-20T13:49:00+00:00,74128.5550000
2025-10-20T18:09:00+00:00,74718.0950000
2025-10-20T20:09:00+00:00,75264.3950000
2025-10-21T13:59:00+00:00,75253.2950000
2025-10-21T14:24:00+00:00,74304.6950000
2025-10-22T14:24:00+00:00,74296.5550000
2025-10-22T15:24:00+00:00,74892.8550000
2025-10-22T16:34:00+00:00,76088.4150000
2025-10-23T13:49:00+00:00,76083.2350000
2025-10-23T20:09:00+00:00,76568.0550000
2025-10-24T14:09:00+00:00,76562.1350000
2025-10-24T20:09:00+00:00,76216.2150000
2025-10-27T14:04:00+00:00,76205.1150000
2025-10-27T19:54:00+00:00,76856.1850000
2025-10-27T20:09:00+00:00,77540.2650000
2025-10-28T13:49:00+00:00,77531.3850000
2025-10-28T16:34:00+00:00,76577.5050000
2025-10-29T13:59:00+00:00,76567.8850000
2025-10-29T14:44:00+00:00,75599.5150000
2025-10-30T13:54:00+00:00,75596.5550000
2025-10-30T19:19:00+00:00,74793.5950000
2025-10-31T14:04:00+00:00,74788.4150000
2025-10-31T20:09:00+00:00,74879.4850000
2025-11-03T14:54:00+00:00,74875.7850000
2025-11-03T21:09:00+00:00,74597.0850000
2025-11-04T14:54:00+00:00,74593.3850000
2025-11-04T19:44:00+00:00,73677.1850000
2025-11-05T14:49:00+00:00,73670.5250000
2025-11-05T16:44:00+00:00,74245.0650000
2025-11-05T17:39:00+00:00,75444.4900000
2025-11-06T14:54:00+00:00,75439.3100000
2025-11-06T15:44:00+00:00,75999.5900000
2025-11-06T17:29:00+00:00,77246.6300000
2025-11-07T15:44:00+00:00,77242.9300000
2025-11-07T19:39:00+00:00,76295.4800000
2025-11-10T15:54:00+00:00,76289.5600000
2025-11-10T17:54:00+00:00,75373.6400000
2025-11-11T14:59:00+00:00,75359.5800000
2025-11-11T15:09:00+00:00,74395.5200000
2025-11-12T14:49:00+00:00,74387.3800000
2025-11-12T21:09:00+00:00,74186.7400000
2025-11-13T15:44:00+00:00,74183.0400000
2025-11-13T18:39:00+00:00,74714.0600000
2025-11-13T21:09:00+00:00,75289.3400000
2025-11-14T14:49:00+00:00,75286.3800000
2025-11-14T16:29:00+00:00,75978.6500000
2025-11-14T21:09:00+00:00,76399.6700000
2025-11-17T14:49:00+00:00,76396.7100000
2025-11-17T16:09:00+00:00,75613.7500000
2025-11-18T14:49:00+00:00,75610.0500000
2025-11-18T16:04:00+00:00,76114.8200000
2025-11-18T16:29:00+00:00,76108.8500000
2025-11-19T14:49:00+00:00,76105.1500000
2025-11-19T17:34:00+00:00,75232.7000000
2025-11-20T14:54:00+00:00,75225.3000000
2025-11-20T16:04:00+00:00,74330.4000000
2025-11-21T15:04:00+00:00,74325.2200000
2025-11-21T16:39:00+00:00,73410.0400000
2025-11-24T14:49:00+00:00,73406.3400000
2025-11-24T15:09:00+00:00,72577.6400000
2025-11-25T14:49:00+00:00,72575.4200000
2025-11-25T15:44:00+00:00,71808.2000000
2025-11-26T14:49:00+00:00,71801.5400000
2025-11-26T14:59:00+00:00,70928.6300000
2025-11-27T15:34:00+00:00,70906.4300000
2025-11-27T23:09:00+00:00,69984.2300000
2025-11-28T15:19:00+00:00,69976.0900000
2025-12-01T00:49:00+00:00,69115.4500000
2025-12-01T14:54:00+00:00,69111.0100000
2025-12-01T21:09:00+00:00,68761.5700000
2025-12-02T14:54:00+00:00,68752.6900000
2025-12-02T15:04:00+00:00,67888.8100000
2025-12-03T15:04:00+00:00,67883.6300000
2025-12-03T21:09:00+00:00,68482.2000000
2025-12-04T14:49:00+00:00,68475.5400000
2025-12-04T21:09:00+00:00,68052.6300000
2025-12-05T14:49:00+00:00,68043.0100000
2025-12-05T16:34:00+00:00,67204.6400000
2025-12-08T15:09:00+00:00,67196.5000000
2025-12-08T16:04:00+00:00,67727.1750000
2025-12-08T18:59:00+00:00,68791.4850000
2025-12-09T14:54:00+00:00,68784.0850000
2025-12-09T20:54:00+00:00,67964.1850000
2025-12-10T14:59:00+00:00,67957.5250000
2025-12-10T19:34:00+00:00,68502.0650000
2025-12-10T19:59:00+00:00,69638.9900000
2025-12-11T14:49:00+00:00,69633.8100000
2025-12-11T15:24:00+00:00,68849.8800000
2025-12-12T14:49:00+00:00,68841.7400000
2025-12-12T15:24:00+00:00,69400.5400000
2025-12-12T15:29:00+00:00,70521.1000000
2025-12-15T14:54:00+00:00,70516.6600000
2025-12-15T21:09:00+00:00,71157.2200000
2025-12-16T14:59:00+00:00,71152.7800000
2025-12-16T15:19:00+00:00,70353.3400000
2025-12-17T15:34:00+00:00,70348.9000000
2025-12-17T16:14:00+00:00,70954.1800000
2025-12-17T20:59:00+00:00,71964.4600000
2025-12-18T15:29:00+00:00,71960.0200000
2025-12-18T17:14:00+00:00,71055.5800000
2025-12-19T14:59:00+00:00,71051.8800000
2025-12-19T21:09:00+00:00,71279.4300000
2025-12-22T15:39:00+00:00,71272.0300000
2025-12-22T16:14:00+00:00,70414.6300000
2025-12-23T14:49:00+00:00,70408.7100000
2025-12-23T21:09:00+00:00,71152.7900000
2025-12-24T15:09:00+00:00,71141.6900000
2025-12-24T17:09:00+00:00,71740.2600000
2025-12-26T15:14:00+00:00,71994.3400000
2025-12-26T15:14:00+00:00,71986.9400000
2025-12-26T21:09:00+00:00,71879.5400000
2025-12-29T15:09:00+00:00,71873.6200000
2025-12-29T21:09:00+00:00,71527.7000000
2025-12-30T14:49:00+00:00,71513.6400000
2025-12-30T15:14:00+00:00,70597.0800000
2025-12-31T14:49:00+00:00,70590.4200000
2025-12-31T20:24:00+00:00,71149.9600000
2025-12-31T21:09:00+00:00,72008.7600000
2026-01-02T14:54:00+00:00,72002.8400000
2026-01-02T15:14:00+00:00,71146.9200000
2026-01-05T15:09:00+00:00,71137.3000000
2026-01-05T21:09:00+00:00,71062.6800000
2026-01-06T14:49:00+00:00,71054.5400000
2026-01-06T18:49:00+00:00,71613.3400000
2026-01-06T21:09:00+00:00,72411.4000000
2026-01-07T15:14:00+00:00,72401.0400000
2026-01-07T16:04:00+00:00,71515.6800000
2026-01-08T15:09:00+00:00,71510.5000000
2026-01-08T21:09:00+00:00,71522.8200000
2026-01-09T15:09:00+00:00,71518.3800000
2026-01-09T15:24:00+00:00,70681.4400000
2026-01-12T14:54:00+00:00,70677.0000000
2026-01-12T21:09:00+00:00,71205.0600000
2026-01-13T14:49:00+00:00,71195.4400000
2026-01-13T15:19:00+00:00,71787.2500000
2026-01-13T16:44:00+00:00,71773.3200000
2026-01-14T14:59:00+00:00,71769.6200000
2026-01-14T21:09:00+00:00,71447.1700000
2026-01-15T15:49:00+00:00,71438.2900000
2026-01-15T16:04:00+00:00,70529.4100000
2026-01-16T14:54:00+00:00,70520.5300000
2026-01-16T15:39:00+00:00,71146.0900000
2026-01-16T16:24:00+00:00,71134.1500000
2026-01-19T14:59:00+00:00,71123.0500000
2026-01-20T06:29:00+00:00,70249.4500000
2026-01-20T15:09:00+00:00,70244.2700000
2026-01-20T15:24:00+00:00,69460.3400000
2026-01-21T14:49:00+00:00,69455.1600000
2026-01-21T15:39:00+00:00,69953.5650000
2026-01-21T16:49:00+00:00,69945.6050000
2026-01-22T14:49:00+00:00,69941.1650000
2026-01-22T17:34:00+00:00,69066.7250000
2026-01-23T14:59:00+00:00,69059.3250000
2026-01-23T21:09:00+00:00,68901.9250000
2026-01-26T14:54:00+00:00,68897.4850000
2026-01-26T21:09:00+00:00,68915.5450000
2026-01-27T14:49:00+00:00,68902.2250000
2026-01-27T15:44:00+00:00,69536.8150000
2026-01-27T21:09:00+00:00,69912.6550000
2026-01-28T15:09:00+00:00,69901.5550000
2026-01-28T16:44:00+00:00,70487.0000000
2026-01-28T21:04:00+00:00,71606.0800000
2026-01-29T14:54:00+00:00,71603.1200000
2026-01-29T15:44:00+00:00,72212.8900000
2026-01-29T20:54:00+00:00,72208.9100000
2026-01-30T16:19:00+00:00,72204.4700000
2026-01-30T21:09:00+00:00,72170.0300000
2026-02-02T14:49:00+00:00,72166.3300000
2026-02-02T21:09:00+00:00,72893.8800000
2026-02-03T14:59:00+00:00,72890.1800000
2026-02-03T17:34:00+00:00,73421.2000000
2026-02-03T19:04:00+00:00,74750.2300000
2026-02-04T14:59:00+00:00,74745.7900000
2026-02-04T17:29:00+00:00,75429.8200000
2026-02-04T19:49:00+00:00,75423.8500000
2026-02-05T15:14:00+00:00,75422.3700000
2026-02-05T21:09:00+00:00,75438.3900000
2026-02-06T15:29:00+00:00,75436.1700000
2026-02-06T21:09:00+00:00,76138.9500000
2026-02-09T15:09:00+00:00,76135.2500000
2026-02-09T21:09:00+00:00,76794.0500000
2026-02-10T14:59:00+00:00,76788.1300000
2026-02-10T18:29:00+00:00,75852.2100000
2026-02-11T14:54:00+00:00,75845.5500000
2026-02-11T15:14:00+00:00,76450.0900000
2026-02-11T15:24:00+00:00,77712.0150000
2026-02-12T14:49:00+00:00,77705.3550000
2026-02-12T15:54:00+00:00,78324.8950000
2026-02-12T16:04:00+00:00,79618.0700000
2026-02-13T15:29:00+00:00,79615.8500000
2026-02-13T21:09:00+00:00,79351.1300000
2026-02-16T15:04:00+00:00,79341.5100000
2026-02-16T15:34:00+00:00,78340.6400000
2026-02-17T14:54:00+00:00,78338.4200000
2026-02-17T16:19:00+00:00,77578.7000000
2026-02-18T14:59:00+00:00,77575.0000000
2026-02-18T21:09:00+00:00,77458.8000000
2026-02-19T14:54:00+00:00,77452.8800000
2026-02-19T17:49:00+00:00,76476.9600000
2026-02-20T15:04:00+00:00,76474.7400000
2026-02-20T21:09:00+00:00,76866.2700000
2026-02-23T14:49:00+00:00,76861.8300000
2026-02-23T15:59:00+00:00,77568.3600000
2026-02-23T21:09:00+00:00,78184.8900000
2026-02-24T14:49:00+00:00,78182.6700000
2026-02-24T21:09:00+00:00,78506.7000000
2026-02-25T14:49:00+00:00,78497.8200000
2026-02-25T21:09:00+00:00,79463.9400000
2026-02-26T14:59:00+00:00,79458.7600000
2026-02-26T15:19:00+00:00,80058.4150000
2026-02-26T21:09:00+00:00,80400.4550000
2026-02-27T15:09:00+00:00,80396.0150000
2026-02-27T21:09:00+00:00,80721.5750000
2026-03-02T14:49:00+00:00,80719.3550000
2026-03-02T21:09:00+00:00,81062.1350000
2026-03-03T14:49:00+00:00,81059.1750000
2026-03-03T16:49:00+00:00,80116.2150000
2026-03-04T15:19:00+00:00,80113.2550000
2026-03-04T21:09:00+00:00,80290.2950000
2026-03-05T14:59:00+00:00,80285.8550000
2026-03-05T15:24:00+00:00,79291.4150000
2026-03-06T15:29:00+00:00,79287.7150000
2026-03-06T21:09:00+00:00,78621.5150000
2026-03-09T13:54:00+00:00,78618.5550000
2026-03-09T14:49:00+00:00,77715.5950000
2026-03-10T14:09:00+00:00,77712.6350000
2026-03-10T14:34:00+00:00,76914.6750000
2026-03-11T13:49:00+00:00,76907.2750000
2026-03-11T14:04:00+00:00,75987.3750000
2026-03-12T13:54:00+00:00,75982.1950000
2026-03-12T20:09:00+00:00,76913.2650000
2026-03-13T14:14:00+00:00,76908.8250000
2026-03-13T15:39:00+00:00,77609.7300000
2026-03-13T20:09:00+00:00,78683.7600000
2026-03-16T13:49:00+00:00,78677.8400000
2026-03-16T14:54:00+00:00,77731.9200000
2026-03-17T13:49:00+00:00,77726.0000000
2026-03-17T14:19:00+00:00,76770.0800000
2026-03-18T14:14:00+00:00,76764.9000000
2026-03-18T18:54:00+00:00,77313.9300000
2026-03-18T20:09:00+00:00,78535.9700000
2026-03-19T13:49:00+00:00,78531.5300000
2026-03-19T19:09:00+00:00,79164.9350000
2026-03-19T20:09:00+00:00,79545.2150000
2026-03-20T13:54:00+00:00,79538.5550000
2026-03-20T14:54:00+00:00,80188.0950000
2026-03-20T18:24:00+00:00,81543.7700000
2026-03-23T13:59:00+00:00,81540.8100000
2026-03-23T15:59:00+00:00,80687.8500000
2026-03-24T14:09:00+00:00,80684.1500000
2026-03-24T20:09:00+00:00,80617.9500000
2026-03-25T13:49:00+00:00,80613.5100000
2026-03-25T20:09:00+00:00,80946.5700000
2026-03-26T13:49:00+00:00,80941.3900000
2026-03-26T16:19:00+00:00,79973.7100000
2026-03-27T13:59:00+00:00,79970.0100000
2026-03-27T19:49:00+00:00,80527.2800000
2026-03-27T20:09:00+00:00,81353.8100000
2026-03-30T13:49:00+00:00,81350.8500000
2026-03-30T19:14:00+00:00,81994.3700000
2026-03-30T20:09:00+00:00,82470.3900000
2026-03-31T13:49:00+00:00,82466.6900000
2026-03-31T14:59:00+00:00,81569.2400000
2026-04-01T13:49:00+00:00,81564.0600000
2026-04-01T14:39:00+00:00,80561.3800000
2026-04-02T13:54:00+00:00,80557.6800000
2026-04-02T14:39:00+00:00,81088.7000000
2026-04-02T14:39:00+00:00,82417.7300000
2026-04-06T13:59:00+00:00,82413.2900000
2026-04-06T20:09:00+00:00,82363.8500000
2026-04-07T13:49:00+00:00,82359.4100000
2026-04-07T17:39:00+00:00,81417.4700000
2026-04-08T13:54:00+00:00,81413.0300000
2026-04-08T20:09:00+00:00,80973.5900000
2026-04-09T14:19:00+00:00,80963.2300000
2026-04-09T15:14:00+00:00,79990.3700000
2026-04-10T15:24:00+00:00,79980.7500000
2026-04-10T15:39:00+00:00,78963.6300000
2026-04-13T13:49:00+00:00,78957.7100000
2026-04-13T16:39:00+00:00,79637.2500000
2026-04-13T19:39:00+00:00,80771.7900000
2026-04-14T14:09:00+00:00,80766.6100000
2026-04-14T20:09:00+00:00,81995.1800000
2026-04-15T14:24:00+00:00,81989.2600000
2026-04-15T20:09:00+00:00,83063.3400000
2026-04-16T13:54:00+00:00,83057.4200000
2026-04-16T15:14:00+00:00,82041.5000000
2026-04-17T13:54:00+00:00,82033.3600000
2026-04-17T14:39:00+00:00,82704.6600000
2026-04-17T16:39:00+00:00,84050.2200000
2026-04-20T13:59:00+00:00,84039.8600000
2026-04-20T14:44:00+00:00,82997.0000000
2026-04-21T13:54:00+00:00,82989.6000000
2026-04-21T14:54:00+00:00,82007.2000000
2026-04-22T13:59:00+00:00,81994.6200000
2026-04-22T19:54:00+00:00,82708.7000000
2026-04-22T20:09:00+00:00,83433.2900000
2026-04-23T13:49:00+00:00,83425.1500000
2026-04-23T14:04:00+00:00,82427.0100000
2026-04-24T13:54:00+00:00,82418.1300000
2026-04-24T14:44:00+00:00,81404.2500000
2026-04-27T15:19:00+00:00,81395.3700000
2026-04-27T17:04:00+00:00,80426.4900000
2026-04-28T14:39:00+00:00,80421.3100000
2026-04-28T20:09:00+00:00,79716.1300000
2026-04-29T14:24:00+00:00,79706.5100000
2026-04-29T15:54:00+00:00,78754.3900000
2026-04-30T13:59:00+00:00,78750.6900000
2026-04-30T15:34:00+00:00,77853.2400000
2026-05-01T13:59:00+00:00,77849.5400000
2026-05-01T18:49:00+00:00,76977.0900000
2026-05-04T13:49:00+00:00,76965.2500000
2026-05-04T15:19:00+00:00,76013.4100000
2026-05-05T13:59:00+00:00,76000.8300000
2026-05-05T17:59:00+00:00,76639.9100000
2026-05-05T20:09:00+00:00,77207.0000000
2026-05-06T13:54:00+00:00,77199.6000000
2026-05-06T15:04:00+00:00,77899.0250000
2026-05-06T19:54:00+00:00,79067.2000000
2026-05-07T13:49:00+00:00,79057.5800000
2026-05-07T14:39:00+00:00,78056.7100000
2026-05-08T13:49:00+00:00,78047.8300000
2026-05-08T20:09:00+00:00,78893.9500000
2026-05-11T13:49:00+00:00,78888.0300000
2026-05-11T20:09:00+00:00,78902.1100000
2026-05-12T13:59:00+00:00,78895.4500000
2026-05-12T15:29:00+00:00,79529.9900000
2026-05-12T17:54:00+00:00,79520.0400000
2026-05-13T13:49:00+00:00,79513.3800000
2026-05-13T14:24:00+00:00,78527.9700000
2026-05-14T13:49:00+00:00,78521.3100000
2026-05-14T15:59:00+00:00,79163.3500000
2026-05-14T20:09:00+00:00,79803.4000000
2026-05-15T17:24:00+00:00,79799.7000000
2026-05-15T19:59:00+00:00,78821.0000000
2026-05-18T13:54:00+00:00,78816.5600000
2026-05-18T14:34:00+00:00,77919.6200000
2026-05-19T13:54:00+00:00,77913.7000000
2026-05-19T14:09:00+00:00,76957.7800000
2026-05-20T14:19:00+00:00,76953.3400000
2026-05-20T15:19:00+00:00,77642.9950000
2026-05-20T20:09:00+00:00,78192.0250000
2026-05-21T13:54:00+00:00,78186.1050000
2026-05-21T14:24:00+00:00,77280.1850000
2026-05-22T14:14:00+00:00,77275.0050000
2026-05-22T17:29:00+00:00,76333.5750000
2026-05-25T14:34:00+00:00,76316.5550000
2026-05-25T15:14:00+00:00,75322.0350000
2026-05-26T13:49:00+00:00,75314.6350000
2026-05-26T15:39:00+00:00,74369.7350000
2026-05-27T15:19:00+00:00,74363.8150000
2026-05-27T20:09:00+00:00,73637.8950000
2026-05-28T14:09:00+00:00,73629.0150000
2026-05-28T14:14:00+00:00,74288.3250000
2026-05-28T14:14:00+00:00,74276.3850000
2026-05-29T13:49:00+00:00,74269.7250000
2026-05-29T14:39:00+00:00,73340.5650000
