ts,equity
2021-06-14T08:34:00+00:00,49987.42
2021-06-14T09:19:00+00:00,50178.84000
2021-06-14T09:19:00+00:00,50163.30000
2021-06-14T10:44:00+00:00,49654.26000
2021-06-14T13:49:00+00:00,49652.04000
2021-06-14T13:54:00+00:00,49649.08000
2021-06-14T19:54:00+00:00,50007.600000
2021-06-14T20:09:00+00:00,50489.880000
2021-06-14T20:09:00+00:00,50893.400000
2021-06-14T23:59:00+00:00,50877.120000
2021-06-15T00:09:00+00:00,50354.840000
2021-06-15T00:09:00+00:00,50340.040000
2021-06-15T00:29:00+00:00,50700.140000
2021-06-15T01:19:00+00:00,51305.240000
2021-06-15T13:54:00+00:00,51301.540000
2021-06-15T14:04:00+00:00,50980.340000
2021-06-15T14:04:00+00:00,50976.640000
2021-06-15T15:49:00+00:00,51292.940000
2021-06-15T15:49:00+00:00,51284.060000
2021-06-15T16:59:00+00:00,50795.180000
2021-06-16T13:54:00+00:00,50790.740000
2021-06-16T15:09:00+00:00,50321.300000
2021-06-17T13:54:00+00:00,50319.820000
2021-06-17T15:24:00+00:00,50584.580000
2021-06-17T16:44:00+00:00,50583.100000
2021-06-17T20:09:00+00:00,50875.860000
2021-06-17T20:09:00+00:00,51110.380000
2021-06-18T11:34:00+00:00,51101.500000
2021-06-18T11:49:00+00:00,50588.620000
2021-06-18T12:09:00+00:00,50584.920000
2021-06-18T12:24:00+00:00,50850.440000
2021-06-18T13:44:00+00:00,50846.720000
2021-06-18T15:14:00+00:00,50845.240000
2021-06-18T20:09:00+00:00,50809.760000
2021-06-21T03:34:00+00:00,50799.400000
2021-06-21T06:14:00+00:00,51172.220000
2021-06-21T06:24:00+00:00,51797.040000
2021-06-21T08:09:00+00:00,51790.380000
2021-06-21T08:44:00+00:00,51270.720000
2021-06-21T14:39:00+00:00,51269.240000
2021-06-21T20:09:00+00:00,51472.760000
2021-06-22T06:24:00+00:00,51462.400000
2021-06-22T06:49:00+00:00,50941.040000
2021-06-22T10:24:00+00:00,50930.680000
2021-06-22T10:49:00+00:00,50416.320000
2021-06-22T15:09:00+00:00,50414.100000
2021-06-22T20:09:00+00:00,50882.880000
2021-06-23T05:29:00+00:00,50865.860000
2021-06-23T05:59:00+00:00,51212.470000
2021-06-23T06:09:00+00:00,51197.590000
2021-06-23T13:59:00+00:00,51194.630000
2021-06-23T15:04:00+00:00,50777.670000
2021-06-24T14:09:00+00:00,50773.970000
2021-06-24T17:09:00+00:00,50765.830000
2021-06-24T17:19:00+00:00,50251.690000
2021-06-24T17:24:00+00:00,49815.490000
2021-06-25T12:39:00+00:00,49808.090000
2021-06-25T13:54:00+00:00,49340.690000
2021-06-25T13:54:00+00:00,49334.770000
2021-06-25T14:14:00+00:00,49691.810000
2021-06-25T14:29:00+00:00,49686.850000
2021-06-28T14:09:00+00:00,49684.630000
2021-06-28T15:04:00+00:00,49647.910000
2021-06-28T15:04:00+00:00,49639.770000
2021-06-28T16:09:00+00:00,49153.130000
2021-06-29T12:24:00+00:00,49138.330000
2021-06-29T12:49:00+00:00,48643.530000
2021-06-29T14:49:00+00:00,48640.570000
2021-06-29T20:09:00+00:00,49087.610000
2021-06-30T11:09:00+00:00,49082.430000
2021-06-30T13:39:00+00:00,49091.250000
2021-06-30T13:39:00+00:00,49087.550000
2021-06-30T15:09:00+00:00,48933.850000
2021-06-30T15:09:00+00:00,48930.150000
2021-06-30T16:29:00+00:00,48458.950000
2021-07-01T09:34:00+00:00,48444.150000
2021-07-01T09:49:00+00:00,47939.350000
2021-07-01T15:09:00+00:00,47936.390000
2021-07-01T20:09:00+00:00,47707.430000
2021-07-02T13:49:00+00:00,47703.730000
2021-07-02T15:44:00+00:00,47699.290000
2021-07-02T19:39:00+00:00,48007.570000
2021-07-02T20:09:00+00:00,48428.870000
2021-07-02T20:09:00+00:00,48710.150000
2021-07-05T13:49:00+00:00,48690.170000
2021-07-05T22:04:00+00:00,48170.690000
2021-07-06T14:09:00+00:00,48166.990000
2021-07-06T14:34:00+00:00,47680.790000
2021-07-06T15:14:00+00:00,47674.870000
2021-07-06T15:49:00+00:00,47188.950000
2021-07-07T13:39:00+00:00,47185.250000
2021-07-07T14:04:00+00:00,47183.770000
2021-07-07T14:19:00+00:00,47187.570000
2021-07-07T14:19:00+00:00,47058.090000
2021-07-07T14:24:00+00:00,47053.650000
2021-07-07T14:34:00+00:00,46587.210000
2021-07-08T04:39:00+00:00,46575.370000
2021-07-08T06:19:00+00:00,46611.530000
2021-07-08T06:19:00+00:00,46597.470000
2021-07-08T06:49:00+00:00,46908.060000
2021-07-08T07:04:00+00:00,47488.160000
2021-07-08T13:49:00+00:00,47486.680000
2021-07-08T13:59:00+00:00,47101.200000
2021-07-08T13:59:00+00:00,47098.980000
2021-07-08T15:04:00+00:00,46697.760000
2021-07-09T00:39:00+00:00,46690.360000
2021-07-09T02:04:00+00:00,47027.910000
2021-07-09T02:49:00+00:00,47021.710000
2021-07-09T07:14:00+00:00,47018.750000
2021-07-09T10:04:00+00:00,46591.790000
2021-07-09T12:24:00+00:00,46581.430000
2021-07-09T12:44:00+00:00,46922.750000
2021-07-09T13:34:00+00:00,47495.070000
2021-07-09T14:24:00+00:00,47492.850000
2021-07-09T16:44:00+00:00,47671.360000
2021-07-09T20:09:00+00:00,47990.880000
2021-07-12T08:09:00+00:00,47976.080000
2021-07-12T08:49:00+00:00,48321.180000
2021-07-12T08:59:00+00:00,48901.280000
2021-07-12T13:44:00+00:00,48896.100000
2021-07-12T13:54:00+00:00,48893.880000
2021-07-12T14:04:00+00:00,49175.160000
2021-07-12T15:04:00+00:00,49170.200000
2021-07-12T18:04:00+00:00,49059.980000
2021-07-12T18:04:00+00:00,49045.180000
2021-07-12T18:34:00+00:00,49390.280000
2021-07-12T19:54:00+00:00,49970.380000
2021-07-13T13:49:00+00:00,49967.420000
2021-07-13T15:24:00+00:00,50310.940000
2021-07-13T17:24:00+00:00,50308.460000
2021-07-14T06:24:00+00:00,50292.180000
2021-07-14T06:39:00+00:00,50647.040000
2021-07-14T06:59:00+00:00,50633.400000
2021-07-14T14:04:00+00:00,50630.440000
2021-07-14T15:29:00+00:00,50179.480000
2021-07-15T07:44:00+00:00,50173.560000
2021-07-15T10:34:00+00:00,49715.640000
2021-07-15T14:44:00+00:00,49714.160000
2021-07-15T20:09:00+00:00,49791.680000
2021-07-16T05:54:00+00:00,49772.440000
2021-07-16T06:04:00+00:00,50133.320000
2021-07-16T06:09:00+00:00,50741.200000
2021-07-16T06:29:00+00:00,50732.320000
2021-07-16T07:09:00+00:00,50213.440000
2021-07-16T08:14:00+00:00,50206.040000
2021-07-16T09:09:00+00:00,49723.640000
2021-07-16T13:49:00+00:00,49719.940000
2021-07-16T14:24:00+00:00,49985.460000
2021-07-16T15:14:00+00:00,50650.740000
2021-07-19T07:09:00+00:00,50641.120000
2021-07-19T07:19:00+00:00,50137.500000
2021-07-19T07:24:00+00:00,50129.360000
2021-07-19T08:39:00+00:00,49648.220000
2021-07-19T13:59:00+00:00,49646.740000
2021-07-19T15:34:00+00:00,49296.260000
2021-07-20T10:14:00+00:00,49288.860000
2021-07-20T11:49:00+00:00,48796.460000
2021-07-20T14:24:00+00:00,48794.980000
2021-07-20T18:14:00+00:00,49068.740000
2021-07-20T20:09:00+00:00,49272.000000
2021-07-21T05:59:00+00:00,49249.800000
2021-07-21T06:04:00+00:00,48942.600000
2021-07-21T13:59:00+00:00,48940.380000
2021-07-21T20:09:00+00:00,49337.160000
2021-07-22T00:19:00+00:00,49325.320000
2021-07-22T06:44:00+00:00,49673.400000
2021-07-22T07:04:00+00:00,50257.480000
2021-07-22T08:09:00+00:00,50247.860000
2021-07-22T12:44:00+00:00,50567.420000
2021-07-22T13:34:00+00:00,50558.740000
2021-07-22T14:29:00+00:00,50556.520000
2021-07-22T20:09:00+00:00,50764.300000
2021-07-23T13:39:00+00:00,50759.860000
2021-07-23T13:54:00+00:00,50395.420000
2021-07-23T13:54:00+00:00,50391.720000
2021-07-23T14:19:00+00:00,50388.760000
2021-07-23T15:29:00+00:00,50660.280000
2021-07-23T17:14:00+00:00,51340.560000
2021-07-23T17:14:00+00:00,51717.080000
2021-07-23T20:09:00+00:00,52095.600000
2021-07-26T00:09:00+00:00,52074.140000
2021-07-26T00:39:00+00:00,52431.280000
2021-07-26T00:49:00+00:00,53076.430000
2021-07-26T08:39:00+00:00,53066.810000
2021-07-26T11:39:00+00:00,53413.370000
2021-07-26T11:59:00+00:00,53688.190000
2021-07-26T11:59:00+00:00,53676.350000
2021-07-26T12:44:00+00:00,54060.430000
2021-07-26T13:34:00+00:00,54704.510000
2021-07-26T13:54:00+00:00,54700.810000
2021-07-26T20:09:00+00:00,55017.110000
2021-07-27T05:09:00+00:00,54994.910000
2021-07-27T05:54:00+00:00,54477.710000
2021-07-27T13:59:00+00:00,54474.750000
2021-07-27T14:34:00+00:00,54858.770000
2021-07-27T15:19:00+00:00,55499.790000
2021-07-28T13:44:00+00:00,55496.090000
2021-07-28T13:54:00+00:00,54987.390000
2021-07-28T13:59:00+00:00,54980.730000
2021-07-28T14:14:00+00:00,55337.770000
2021-07-28T14:19:00+00:00,56084.070000
2021-07-28T14:19:00+00:00,56083.330000
2021-07-28T20:09:00+00:00,55936.090000
2021-07-29T07:44:00+00:00,55924.250000
2021-07-29T10:44:00+00:00,56320.330000
2021-07-29T10:49:00+00:00,56984.410000
2021-07-29T11:09:00+00:00,56976.270000
2021-07-29T13:34:00+00:00,57351.320000
2021-07-29T13:34:00+00:00,57343.880000
2021-07-29T14:54:00+00:00,57341.660000
2021-07-29T20:04:00+00:00,56787.440000
2021-07-30T13:49:00+00:00,56784.480000
2021-07-30T20:09:00+00:00,57115.520000
2021-08-02T00:19:00+00:00,57111.080000
2021-08-02T12:39:00+00:00,57104.420000
2021-08-02T13:39:00+00:00,56530.760000
2021-08-02T13:44:00+00:00,56016.320000
2021-08-02T13:44:00+00:00,56011.140000
2021-08-02T14:14:00+00:00,55466.960000
2021-08-02T15:24:00+00:00,55465.480000
2021-08-02T19:39:00+00:00,55086.000000
2021-08-03T00:09:00+00:00,55072.680000
2021-08-03T01:19:00+00:00,54528.360000
2021-08-03T09:19:00+00:00,54520.220000
2021-08-03T12:59:00+00:00,53984.080000
2021-08-03T13:54:00+00:00,53981.120000
2021-08-03T15:49:00+00:00,53550.160000
2021-08-03T15:49:00+00:00,53547.940000
2021-08-03T20:09:00+00:00,53868.220000
2021-08-04T14:14:00+00:00,53863.040000
2021-08-04T16:14:00+00:00,53329.360000
2021-08-04T23:09:00+00:00,53314.560000
2021-08-05T00:09:00+00:00,52779.760000
2021-08-05T13:49:00+00:00,52776.060000
2021-08-05T20:09:00+00:00,53189.860000
2021-08-06T14:14:00+00:00,53186.160000
2021-08-06T17:29:00+00:00,53172.100000
2021-08-06T20:09:00+00:00,53313.400000
2021-08-06T20:09:00+00:00,53432.340000
2021-08-09T07:14:00+00:00,53425.680000
2021-08-09T11:29:00+00:00,53776.720000
2021-08-09T13:39:00+00:00,53770.520000
2021-08-09T13:44:00+00:00,53764.600000
2021-08-09T14:34:00+00:00,53226.680000
2021-08-09T18:34:00+00:00,53224.460000
2021-08-09T20:09:00+00:00,53144.240000
2021-08-10T14:29:00+00:00,53141.280000
2021-08-10T14:44:00+00:00,53484.800000
2021-08-10T20:04:00+00:00,53713.320000
2021-08-11T13:49:00+00:00,53710.360000
2021-08-11T15:19:00+00:00,54062.880000
2021-08-11T19:54:00+00:00,54215.400000
2021-08-12T14:19:00+00:00,54212.440000
2021-08-12T14:24:00+00:00,54209.480000
2021-08-12T20:09:00+00:00,54730.520000
2021-08-12T20:09:00+00:00,55243.560000
2021-08-13T13:49:00+00:00,55237.640000
2021-08-13T20:09:00+00:00,55591.720000
2021-08-16T07:24:00+00:00,55582.840000
2021-08-16T10:14:00+00:00,55033.960000
2021-08-16T13:49:00+00:00,55028.780000
2021-08-16T13:59:00+00:00,55025.820000
2021-08-16T14:09:00+00:00,55354.350000
2021-08-16T14:14:00+00:00,56086.390000
2021-08-16T14:34:00+00:00,56446.410000
2021-08-16T17:24:00+00:00,56443.930000
2021-08-17T14:19:00+00:00,56440.970000
2021-08-17T14:44:00+00:00,55886.010000
2021-08-17T16:34:00+00:00,55882.310000
2021-08-17T16:54:00+00:00,55398.610000
2021-08-17T17:44:00+00:00,55396.390000
2021-08-17T19:04:00+00:00,55008.670000
2021-08-17T19:04:00+00:00,55006.450000
2021-08-17T20:09:00+00:00,55017.730000
2021-08-18T13:54:00+00:00,55014.030000
2021-08-18T15:39:00+00:00,54462.830000
2021-08-18T18:19:00+00:00,54459.130000
2021-08-18T18:34:00+00:00,53977.930000
2021-08-19T11:59:00+00:00,53974.230000
2021-08-19T12:29:00+00:00,53768.030000
2021-08-19T12:29:00+00:00,53761.370000
2021-08-19T13:34:00+00:00,54115.410000
2021-08-19T14:04:00+00:00,54855.460000
2021-08-19T14:09:00+00:00,54853.240000
2021-08-19T15:49:00+00:00,55101.500000
2021-08-19T20:09:00+00:00,55494.020000
2021-08-20T13:49:00+00:00,55490.320000
2021-08-20T14:24:00+00:00,55791.840000
2021-08-20T15:54:00+00:00,55788.120000
2021-08-23T07:09:00+00:00,55777.020000
2021-08-23T13:34:00+00:00,55225.920000
2021-08-23T13:49:00+00:00,55223.700000
2021-08-23T15:59:00+00:00,55440.460000
2021-08-23T20:09:00+00:00,55928.980000
2021-08-24T14:09:00+00:00,55925.280000
2021-08-24T19:39:00+00:00,55906.580000
2021-08-25T08:09:00+00:00,55891.780000
2021-08-25T08:14:00+00:00,55316.980000
2021-08-25T11:49:00+00:00,55302.920000
2021-08-25T13:34:00+00:00,55681.010000
2021-08-25T13:34:00+00:00,56386.110000
2021-08-25T13:59:00+00:00,56380.190000
2021-08-25T14:09:00+00:00,56375.010000
2021-08-25T20:09:00+00:00,56617.090000
2021-08-25T20:09:00+00:00,56552.410000
2021-08-26T07:34:00+00:00,56545.750000
2021-08-26T14:04:00+00:00,56962.090000
2021-08-26T14:04:00+00:00,56954.690000
2021-08-26T14:24:00+00:00,56949.510000
2021-08-26T14:29:00+00:00,57365.810000
2021-08-26T14:29:00+00:00,58062.110000
2021-08-26T15:04:00+00:00,58404.140000
2021-08-26T15:19:00+00:00,58399.180000
2021-08-27T06:09:00+00:00,58379.200000
2021-08-27T07:04:00+00:00,57778.720000
2021-08-27T13:19:00+00:00,57766.880000
2021-08-27T13:34:00+00:00,57171.040000
2021-08-27T14:04:00+00:00,57168.820000
2021-08-27T20:09:00+00:00,57496.600000
2021-08-30T12:54:00+00:00,57478.840000
2021-08-30T13:34:00+00:00,57883.960000
2021-08-30T13:34:00+00:00,58565.080000
2021-08-30T13:54:00+00:00,58562.120000
2021-08-30T18:19:00+00:00,58944.640000
2021-08-30T20:09:00+00:00,59268.160000
2021-08-31T11:24:00+00:00,59262.980000
2021-08-31T12:29:00+00:00,58676.800000
2021-08-31T13:39:00+00:00,58667.180000
2021-08-31T13:54:00+00:00,58664.960000
2021-08-31T14:04:00+00:00,59038.520000
2021-08-31T14:09:00+00:00,59029.840000
2021-08-31T20:09:00+00:00,58639.120000
2021-09-01T13:39:00+00:00,58632.460000
2021-09-01T13:49:00+00:00,58629.500000
2021-09-01T19:14:00+00:00,58037.840000
2021-09-01T19:44:00+00:00,57448.880000
2021-09-02T05:44:00+00:00,57431.120000
2021-09-02T07:29:00+00:00,57836.240000
2021-09-02T08:09:00+00:00,58517.360000
2021-09-02T09:49:00+00:00,58497.380000
2021-09-02T11:44:00+00:00,57883.400000
2021-09-02T13:59:00+00:00,57876.740000
2021-09-02T15:19:00+00:00,57807.080000
2021-09-02T15:19:00+00:00,57799.680000
2021-09-02T16:04:00+00:00,57222.280000
2021-09-03T11:49:00+00:00,57200.080000
2021-09-03T12:34:00+00:00,56637.880000
2021-09-03T13:59:00+00:00,56635.660000
2021-09-03T20:09:00+00:00,56696.440000
2021-09-06T13:49:00+00:00,56674.240000
2021-09-07T00:04:00+00:00,56097.040000
2021-09-07T08:29:00+00:00,56090.380000
2021-09-07T09:24:00+00:00,55548.220000
2021-09-07T13:54:00+00:00,55544.520000
2021-09-07T14:49:00+00:00,55013.320000
2021-09-08T05:24:00+00:00,54991.120000
2021-09-08T06:39:00+00:00,54413.920000
2021-09-08T14:34:00+00:00,54411.700000
2021-09-08T20:09:00+00:00,54307.480000
2021-09-09T07:24:00+00:00,54300.820000
2021-09-09T11:49:00+00:00,54681.160000
2021-09-09T11:49:00+00:00,54675.240000
2021-09-09T12:54:00+00:00,54365.320000
2021-09-09T12:54:00+00:00,54361.620000
2021-09-09T15:29:00+00:00,54230.420000
2021-09-09T15:29:00+00:00,54227.460000
2021-09-09T20:09:00+00:00,54688.500000
2021-09-10T06:54:00+00:00,54667.780000
2021-09-10T07:24:00+00:00,55056.420000
2021-09-10T08:24:00+00:00,55711.060000
2021-09-10T12:24:00+00:00,55688.860000
2021-09-10T13:29:00+00:00,55111.660000
2021-09-10T14:04:00+00:00,55107.220000
2021-09-10T15:29:00+00:00,55516.750000
2021-09-10T19:14:00+00:00,56200.780000
2021-09-13T13:44:00+00:00,56196.340000
2021-09-13T13:59:00+00:00,56194.860000
2021-09-13T14:14:00+00:00,56602.140000
2021-09-13T20:09:00+00:00,56665.920000
2021-09-13T20:09:00+00:00,56665.440000
2021-09-14T05:39:00+00:00,56643.240000
2021-09-14T06:04:00+00:00,57048.390000
2021-09-14T06:44:00+00:00,57731.040000
2021-09-14T13:54:00+00:00,57728.820000
2021-09-14T20:09:00+00:00,57986.100000
2021-09-15T13:44:00+00:00,57983.140000
2021-09-15T14:14:00+00:00,57981.660000
2021-09-15T16:04:00+00:00,57828.700000
2021-09-15T16:04:00+00:00,57659.220000
2021-09-15T16:09:00+00:00,57654.780000
2021-09-15T16:44:00+00:00,58028.310000
2021-09-15T17:54:00+00:00,58652.340000
2021-09-16T01:39:00+00:00,58641.240000
2021-09-16T05:39:00+00:00,59029.810000
2021-09-16T09:49:00+00:00,59773.890000
2021-09-16T13:49:00+00:00,59770.190000
2021-09-16T17:59:00+00:00,59166.490000
2021-09-17T13:54:00+00:00,59164.270000
2021-09-17T15:34:00+00:00,59163.530000
2021-09-17T20:09:00+00:00,59699.810000
2021-09-17T20:09:00+00:00,59717.570000
2021-09-20T14:24:00+00:00,59716.090000
2021-09-20T17:24:00+00:00,60118.610000
2021-09-20T17:24:00+00:00,60111.210000
2021-09-20T18:09:00+00:00,59508.810000
2021-09-21T03:24:00+00:00,59496.970000
2021-09-21T03:49:00+00:00,58901.130000
2021-09-21T05:29:00+00:00,58894.470000
2021-09-21T07:24:00+00:00,58307.310000
2021-09-21T08:39:00+00:00,58305.090000
2021-09-21T12:19:00+00:00,58079.370000
2021-09-21T12:19:00+00:00,58067.530000
2021-09-21T12:59:00+00:00,58475.610000
2021-09-21T13:04:00+00:00,59159.690000
2021-09-21T13:49:00+00:00,59157.470000
2021-09-21T13:54:00+00:00,59155.250000
2021-09-21T14:04:00+00:00,58839.530000
2021-09-21T14:04:00+00:00,58637.810000
2021-09-21T14:09:00+00:00,58634.110000
2021-09-21T15:14:00+00:00,58070.410000
2021-09-21T15:14:00+00:00,58066.710000
2021-09-21T17:29:00+00:00,57483.010000
2021-09-22T13:19:00+00:00,57472.650000
2021-09-22T13:34:00+00:00,57871.720000
2021-09-22T13:34:00+00:00,57863.040000
2021-09-22T13:59:00+00:00,57860.080000
2021-09-22T14:04:00+00:00,57855.640000
2021-09-22T15:34:00+00:00,58256.170000
2021-09-22T15:44:00+00:00,58625.190000
2021-09-22T18:04:00+00:00,58621.470000
2021-09-22T20:09:00+00:00,58980.990000
2021-09-23T03:39:00+00:00,58973.590000
2021-09-23T06:39:00+00:00,58876.190000
2021-09-23T06:39:00+00:00,58863.610000
2021-09-23T06:54:00+00:00,59271.690000
2021-09-23T07:34:00+00:00,60041.280000
2021-09-23T13:49:00+00:00,60039.060000
2021-09-23T16:09:00+00:00,60041.340000
2021-09-23T16:09:00+00:00,60036.900000
2021-09-23T17:29:00+00:00,59435.460000
2021-09-24T13:59:00+00:00,59431.760000
2021-09-24T14:19:00+00:00,59238.060000
2021-09-24T14:19:00+00:00,59233.620000
2021-09-24T15:09:00+00:00,59058.180000
2021-09-24T15:09:00+00:00,59054.480000
2021-09-24T19:49:00+00:00,59398.000000
2021-09-24T20:09:00+00:00,59836.780000
2021-09-27T13:44:00+00:00,59835.300000
2021-09-27T15:04:00+00:00,59390.820000
2021-09-27T15:04:00+00:00,59389.340000
2021-09-27T19:19:00+00:00,59387.860000
2021-09-27T20:09:00+00:00,59238.380000
2021-09-27T20:09:00+00:00,59079.900000
2021-09-28T05:09:00+00:00,59073.240000
2021-09-28T06:29:00+00:00,59457.280000
2021-09-28T06:39:00+00:00,60259.830000
2021-09-28T10:29:00+00:00,60255.390000
2021-09-28T13:49:00+00:00,59713.950000
2021-09-28T13:49:00+00:00,59712.470000
2021-09-28T20:09:00+00:00,60320.990000
2021-09-29T12:54:00+00:00,60311.370000
2021-09-29T13:19:00+00:00,59710.250000
2021-09-29T13:49:00+00:00,59708.030000
2021-09-29T15:39:00+00:00,59212.310000
2021-09-30T01:29:00+00:00,59202.690000
2021-09-30T01:59:00+00:00,58608.070000
2021-09-30T07:24:00+00:00,58602.150000
2021-09-30T08:39:00+00:00,58044.230000
2021-09-30T14:04:00+00:00,58038.310000
2021-09-30T14:34:00+00:00,58449.350000
2021-09-30T14:54:00+00:00,58446.390000
2021-09-30T15:39:00+00:00,59133.430000
2021-09-30T16:14:00+00:00,59556.450000
2021-09-30T18:09:00+00:00,59553.970000
2021-10-01T06:19:00+00:00,59542.870000
2021-10-01T06:24:00+00:00,59941.940000
2021-10-01T07:04:00+00:00,59932.020000
2021-10-01T13:54:00+00:00,59930.540000
2021-10-01T15:04:00+00:00,59967.060000
2021-10-01T15:04:00+00:00,59964.100000
2021-10-01T17:49:00+00:00,60382.620000
2021-10-01T19:04:00+00:00,61081.140000
2021-10-04T13:49:00+00:00,61079.660000
2021-10-04T20:09:00+00:00,61435.180000
2021-10-05T10:44:00+00:00,61430.000000
2021-10-05T13:49:00+00:00,61427.780000
2021-10-05T13:54:00+00:00,61787.810000
2021-10-05T14:09:00+00:00,62589.850000
2021-10-05T15:04:00+00:00,62821.610000
2021-10-05T20:09:00+00:00,63179.130000
2021-10-06T07:09:00+00:00,63172.470000
2021-10-06T07:49:00+00:00,63580.510000
2021-10-06T09:24:00+00:00,64433.060000
2021-10-06T12:04:00+00:00,64429.360000
2021-10-06T12:24:00+00:00,64403.160000
2021-10-06T12:24:00+00:00,64396.500000
2021-10-06T12:44:00+00:00,63791.340000
2021-10-06T14:04:00+00:00,63789.860000
2021-10-06T14:19:00+00:00,63486.380000
2021-10-06T14:19:00+00:00,63484.160000
2021-10-06T17:59:00+00:00,64200.440000
2021-10-06T17:59:00+00:00,64191.560000
2021-10-06T18:14:00+00:00,63546.680000
2021-10-07T10:29:00+00:00,63537.060000
2021-10-07T10:59:00+00:00,62922.940000
2021-10-07T13:39:00+00:00,62916.280000
2021-10-07T13:59:00+00:00,62914.060000
2021-10-07T14:04:00+00:00,63310.100000
2021-10-07T16:04:00+00:00,64137.650000
2021-10-07T20:09:00+00:00,63737.930000
2021-10-08T00:14:00+00:00,63725.350000
2021-10-08T00:44:00+00:00,63075.270000
2021-10-08T07:24:00+00:00,63068.610000
2021-10-08T11:29:00+00:00,62431.950000
2021-10-08T12:44:00+00:00,62429.730000
2021-10-08T12:54:00+00:00,62255.010000
2021-10-08T12:54:00+00:00,62252.050000
2021-10-08T14:44:00+00:00,62646.570000
2021-10-08T14:44:00+00:00,62645.090000
2021-10-08T20:09:00+00:00,63145.610000
2021-10-08T20:09:00+00:00,63261.130000
2021-10-11T13:49:00+00:00,63259.650000
2021-10-11T19:54:00+00:00,62755.170000
2021-10-12T05:39:00+00:00,62744.810000
2021-10-12T06:04:00+00:00,63196.380000
2021-10-12T06:59:00+00:00,63952.450000
2021-10-12T07:14:00+00:00,63943.570000
2021-10-12T08:44:00+00:00,64384.630000
2021-10-12T09:04:00+00:00,65122.690000
2021-10-12T13:49:00+00:00,65120.470000
2021-10-12T20:09:00+00:00,65592.250000
2021-10-13T07:09:00+00:00,65581.150000
2021-10-13T07:29:00+00:00,64940.050000
2021-10-13T07:39:00+00:00,64934.870000
2021-10-13T08:54:00+00:00,65319.650000
2021-10-13T12:39:00+00:00,65386.690000
2021-10-13T12:39:00+00:00,65381.510000
2021-10-13T12:59:00+00:00,65218.830000
2021-10-13T12:59:00+00:00,65209.210000
2021-10-13T13:19:00+00:00,65654.770000
2021-10-13T13:29:00+00:00,66524.590000
2021-10-13T13:54:00+00:00,66521.630000
2021-10-13T18:04:00+00:00,65908.670000
2021-10-14T07:39:00+00:00,65899.050000
2021-10-14T08:14:00+00:00,65232.930000
2021-10-14T14:04:00+00:00,65230.710000
2021-10-14T20:09:00+00:00,65624.490000
2021-10-15T06:19:00+00:00,65608.950000
2021-10-15T07:24:00+00:00,66059.050000
2021-10-15T07:44:00+00:00,66889.660000
2021-10-15T12:49:00+00:00,66882.260000
2021-10-15T13:34:00+00:00,66219.860000
2021-10-15T14:59:00+00:00,66216.160000
2021-10-15T19:09:00+00:00,66047.460000
2021-10-15T19:09:00+00:00,66031.180000
2021-10-15T19:19:00+00:00,65343.900000
2021-10-18T13:49:00+00:00,65340.200000
2021-10-18T17:14:00+00:00,65709.220000
2021-10-18T19:54:00+00:00,66633.250000
2021-10-19T00:44:00+00:00,66623.630000
2021-10-19T06:04:00+00:00,65970.510000
2021-10-19T08:14:00+00:00,65963.110000
2021-10-19T13:54:00+00:00,65958.670000
2021-10-19T14:59:00+00:00,66427.470000
2021-10-19T18:29:00+00:00,66943.770000
2021-10-19T18:29:00+00:00,67188.330000
2021-10-19T18:34:00+00:00,67167.610000
2021-10-19T19:04:00+00:00,66474.890000
2021-10-20T02:34:00+00:00,66452.690000
2021-10-20T07:14:00+00:00,66902.840000
2021-10-20T07:19:00+00:00,67660.490000
2021-10-20T09:34:00+00:00,67653.090000
2021-10-20T13:54:00+00:00,67740.690000
2021-10-20T13:54:00+00:00,67733.290000
2021-10-20T14:29:00+00:00,67040.890000
2021-10-20T23:24:00+00:00,67035.710000
2021-10-21T01:44:00+00:00,66943.030000
2021-10-21T01:44:00+00:00,66934.890000
2021-10-21T04:19:00+00:00,66288.750000
2021-10-21T07:14:00+00:00,66279.130000
2021-10-21T13:44:00+00:00,66729.190000
2021-10-21T13:54:00+00:00,66724.750000
2021-10-21T14:09:00+00:00,67603.320000
2021-10-21T19:59:00+00:00,68102.850000
2021-10-21T20:09:00+00:00,68631.630000
2021-10-21T23:29:00+00:00,68628.670000
2021-10-22T13:44:00+00:00,68199.710000
2021-10-22T13:44:00+00:00,68193.050000
2021-10-22T13:49:00+00:00,67511.390000
2021-10-22T13:49:00+00:00,67506.950000
2021-10-22T14:29:00+00:00,66836.510000
2021-10-22T14:39:00+00:00,66828.370000
2021-10-22T15:19:00+00:00,67252.170000
2021-10-22T15:19:00+00:00,68102.730000
2021-10-24T22:24:00+00:00,68096.070000
2021-10-24T22:39:00+00:00,67936.410000
2021-10-24T22:39:00+00:00,67930.490000
2021-10-25T05:54:00+00:00,67268.570000
2021-10-25T15:59:00+00:00,67267.090000
2021-10-25T20:09:00+00:00,67570.610000
2021-10-26T01:39:00+00:00,67555.810000
2021-10-26T06:34:00+00:00,66881.010000
2021-10-26T12:19:00+00:00,66863.250000
2021-10-26T12:29:00+00:00,66173.490000
2021-10-26T14:14:00+00:00,66171.270000
2021-10-26T16:04:00+00:00,65600.550000
2021-10-27T13:49:00+00:00,65597.590000
2021-10-27T14:09:00+00:00,65208.630000
2021-10-27T14:09:00+00:00,65204.930000
2021-10-27T14:44:00+00:00,64608.730000
2021-10-28T06:44:00+00:00,64596.150000
2021-10-28T07:19:00+00:00,63937.570000
2021-10-28T07:24:00+00:00,63927.950000
2021-10-28T10:54:00+00:00,64364.510000
2021-10-28T13:49:00+00:00,65216.830000
2021-10-28T14:09:00+00:00,65213.130000
2021-10-28T15:54:00+00:00,65556.930000
2021-10-28T15:54:00+00:00,65549.530000
2021-10-28T18:39:00+00:00,64922.130000
2021-10-29T06:34:00+00:00,64908.070000
2021-10-29T07:04:00+00:00,64257.510000
2021-10-29T13:54:00+00:00,64254.550000
2021-10-29T16:24:00+00:00,64659.570000
2021-10-29T20:09:00+00:00,65286.090000
2021-10-31T23:24:00+00:00,65283.130000
2021-11-01T13:49:00+00:00,64780.170000
2021-11-01T13:49:00+00:00,64776.470000
2021-11-01T17:04:00+00:00,64125.270000
2021-11-01T17:29:00+00:00,64117.130000
2021-11-01T18:19:00+00:00,64544.680000
2021-11-01T18:29:00+00:00,64879.240000
2021-11-01T18:29:00+00:00,64870.360000
2021-11-01T19:24:00+00:00,65347.420000
2021-11-01T19:59:00+00:00,66145.480000
2021-11-02T07:09:00+00:00,66123.280000
2021-11-02T08:04:00+00:00,66573.430000
2021-11-02T09:04:00+00:00,67331.080000
2021-11-02T09:29:00+00:00,67317.760000
2021-11-02T13:39:00+00:00,67797.100000
2021-11-02T13:39:00+00:00,68600.440000
2021-11-02T13:49:00+00:00,68598.220000
2021-11-02T15:59:00+00:00,68474.500000
2021-11-02T15:59:00+00:00,68465.620000
2021-11-02T19:44:00+00:00,67766.740000
2021-11-03T14:04:00+00:00,67763.040000
2021-11-03T15:49:00+00:00,67466.840000
2021-11-03T15:49:00+00:00,67456.480000
2021-11-03T18:04:00+00:00,67955.300000
2021-11-03T18:04:00+00:00,67946.620000
2021-11-04T07:39:00+00:00,67924.420000
2021-11-04T08:04:00+00:00,67377.220000
2021-11-04T13:49:00+00:00,67374.260000
2021-11-04T14:49:00+00:00,67783.780000
2021-11-04T20:09:00+00:00,68178.300000
2021-11-05T08:09:00+00:00,68165.720000
2021-11-05T09:04:00+00:00,68621.800000
2021-11-05T09:39:00+00:00,69481.390000
2021-11-05T13:54:00+00:00,69477.690000
2021-11-05T15:49:00+00:00,68813.990000
2021-11-07T23:59:00+00:00,68810.290000
2021-11-08T10:49:00+00:00,68791.790000
2021-11-08T11:24:00+00:00,68123.290000
2021-11-08T14:24:00+00:00,67524.590000
2021-11-08T15:04:00+00:00,67521.630000
2021-11-08T15:54:00+00:00,67390.670000
2021-11-08T15:54:00+00:00,67384.010000
2021-11-08T21:04:00+00:00,66706.850000
2021-11-09T06:29:00+00:00,66684.650000
2021-11-09T08:14:00+00:00,65987.450000
2021-11-09T14:49:00+00:00,65983.750000
2021-11-09T14:59:00+00:00,66370.770000
2021-11-09T18:49:00+00:00,67339.800000
2021-11-10T13:39:00+00:00,67330.180000
2021-11-10T13:54:00+00:00,66664.060000
2021-11-10T14:49:00+00:00,66661.840000
2021-11-10T18:14:00+00:00,66076.120000
2021-11-11T08:59:00+00:00,66068.720000
2021-11-11T09:29:00+00:00,66522.520000
2021-11-11T13:39:00+00:00,67281.320000
2021-11-11T15:29:00+00:00,67277.620000
2021-11-11T21:09:00+00:00,67468.920000
2021-11-12T05:04:00+00:00,67460.780000
2021-11-12T13:14:00+00:00,67282.140000
2021-11-12T13:14:00+00:00,67260.680000
2021-11-12T14:04:00+00:00,67722.820000
2021-11-12T14:14:00+00:00,68555.470000
2021-11-12T14:29:00+00:00,68533.270000
2021-11-12T14:34:00+00:00,68915.920000
2021-11-12T14:34:00+00:00,68897.320000
2021-11-12T15:49:00+00:00,68894.360000
2021-11-12T20:34:00+00:00,69374.380000
2021-11-12T21:09:00+00:00,69829.900000
2021-11-15T00:04:00+00:00,69808.440000
2021-11-15T03:04:00+00:00,70302.080000
2021-11-15T04:39:00+00:00,71190.980000
2021-11-15T15:04:00+00:00,71186.540000
2021-11-15T16:44:00+00:00,71659.070000
2021-11-15T16:49:00+00:00,71656.110000
2021-11-15T21:09:00+00:00,71721.390000
2021-11-15T21:09:00+00:00,71110.430000
2021-11-16T05:24:00+00:00,71102.290000
2021-11-16T13:39:00+00:00,70395.650000
2021-11-16T14:39:00+00:00,70386.030000
2021-11-16T14:54:00+00:00,69680.910000
2021-11-16T16:04:00+00:00,69678.690000
2021-11-16T20:54:00+00:00,70009.470000
2021-11-17T14:54:00+00:00,70003.550000
2021-11-17T15:14:00+00:00,69357.630000
2021-11-18T02:34:00+00:00,69335.430000
2021-11-18T05:04:00+00:00,69751.830000
2021-11-18T07:14:00+00:00,70453.230000
2021-11-18T14:39:00+00:00,70445.830000
2021-11-18T14:49:00+00:00,69783.430000
2021-11-18T14:49:00+00:00,69779.730000
2021-11-18T14:54:00+00:00,69773.810000
2021-11-18T15:14:00+00:00,69180.110000
2021-11-18T15:14:00+00:00,68482.190000
2021-11-18T15:19:00+00:00,68479.230000
2021-11-18T16:19:00+00:00,67900.270000
2021-11-18T16:19:00+00:00,67897.310000
2021-11-18T17:54:00+00:00,68330.350000
2021-11-18T17:54:00+00:00,68325.170000
2021-11-18T20:39:00+00:00,67686.490000
2021-11-19T08:59:00+00:00,67673.910000
2021-11-19T09:44:00+00:00,66998.330000
2021-11-19T09:49:00+00:00,66991.670000
2021-11-19T14:49:00+00:00,66458.510000
2021-11-19T14:49:00+00:00,66454.810000
2021-11-19T21:09:00+00:00,66386.110000
2021-11-22T14:39:00+00:00,66375.010000
2021-11-22T14:49:00+00:00,66805.580000
2021-11-22T14:49:00+00:00,66795.660000
2021-11-22T14:49:00+00:00,66793.440000
2021-11-22T16:14:00+00:00,66237.720000
2021-11-23T09:34:00+00:00,66233.280000
2021-11-23T10:19:00+00:00,65640.840000
2021-11-23T14:49:00+00:00,65639.360000
2021-11-23T14:54:00+00:00,65637.880000
2021-11-23T15:09:00+00:00,65150.400000
2021-11-23T15:09:00+00:00,64702.920000
2021-11-23T15:09:00+00:00,64697.740000
2021-11-23T15:44:00+00:00,65091.520000
2021-11-23T15:59:00+00:00,65968.560000
2021-11-23T18:54:00+00:00,65960.420000
2021-11-23T18:59:00+00:00,65308.780000
2021-11-24T03:09:00+00:00,65301.380000
2021-11-24T05:44:00+00:00,64638.980000
2021-11-24T09:44:00+00:00,64636.020000
2021-11-24T14:09:00+00:00,65047.040000
2021-11-24T14:49:00+00:00,65733.060000
2021-11-24T15:04:00+00:00,65731.580000
2021-11-24T17:44:00+00:00,65730.100000
2021-11-24T21:09:00+00:00,66242.620000
2021-11-24T21:09:00+00:00,66432.140000
2021-11-25T07:09:00+00:00,66409.940000
2021-11-25T08:19:00+00:00,65712.740000
2021-11-25T14:49:00+00:00,65705.340000
2021-11-25T23:34:00+00:00,65037.940000
2021-11-26T14:49:00+00:00,65035.720000
2021-11-26T17:54:00+00:00,65343.980000
2021-11-29T00:04:00+00:00,65341.500000
2021-11-29T14:59:00+00:00,65339.280000
2021-11-29T20:19:00+00:00,65601.040000
2021-11-29T20:29:00+00:00,66057.560000
2021-11-29T20:29:00+00:00,66049.420000
2021-11-29T21:09:00+00:00,66211.780000
2021-11-30T14:54:00+00:00,66208.820000
2021-11-30T15:49:00+00:00,65643.860000
2021-12-01T07:59:00+00:00,65632.760000
2021-12-01T08:09:00+00:00,66079.080000
2021-12-01T08:24:00+00:00,66585.160000
2021-12-01T08:24:00+00:00,66576.280000
2021-12-01T08:34:00+00:00,65931.400000
2021-12-01T15:09:00+00:00,65929.180000
2021-12-01T17:59:00+00:00,65320.960000
2021-12-02T08:24:00+00:00,65312.080000
2021-12-02T08:34:00+00:00,64655.200000
2021-12-02T09:39:00+00:00,64649.280000
2021-12-02T10:19:00+00:00,65081.320000
2021-12-02T10:44:00+00:00,65200.360000
2021-12-02T10:44:00+00:00,65195.920000
2021-12-02T12:09:00+00:00,64603.480000
2021-12-02T14:54:00+00:00,64602.740000
2021-12-02T15:44:00+00:00,64180.500000
2021-12-03T07:34:00+00:00,64164.220000
2021-12-03T07:54:00+00:00,64634.580000
2021-12-03T08:04:00+00:00,64620.940000
2021-12-03T14:44:00+00:00,64619.460000
2021-12-03T14:49:00+00:00,64618.720000
2021-12-03T15:09:00+00:00,64974.230000
2021-12-03T16:09:00+00:00,65567.240000
2021-12-03T21:09:00+00:00,65982.500000
2021-12-06T00:19:00+00:00,65977.320000
2021-12-06T00:59:00+00:00,65373.640000
2021-12-06T08:09:00+00:00,65369.200000
2021-12-06T09:49:00+00:00,64767.760000
2021-12-06T15:19:00+00:00,64767.020000
2021-12-06T21:09:00+00:00,64910.280000
2021-12-07T13:59:00+00:00,64899.180000
2021-12-07T14:34:00+00:00,64243.080000
2021-12-07T14:39:00+00:00,64237.160000
2021-12-07T14:49:00+00:00,64234.200000
2021-12-07T14:54:00+00:00,64687.240000
2021-12-07T15:04:00+00:00,65444.280000
2021-12-07T16:39:00+00:00,65892.800000
2021-12-07T21:09:00+00:00,66450.320000
2021-12-08T06:19:00+00:00,66442.180000
2021-12-08T11:09:00+00:00,66884.730000
2021-12-08T11:19:00+00:00,67012.290000
2021-12-08T11:19:00+00:00,67002.670000
2021-12-08T11:49:00+00:00,67461.730000
2021-12-08T11:49:00+00:00,67453.050000
2021-12-08T14:49:00+00:00,67450.830000
2021-12-08T20:49:00+00:00,67585.110000
2021-12-09T11:19:00+00:00,67582.150000
2021-12-09T14:39:00+00:00,66989.190000
2021-12-09T15:14:00+00:00,66986.970000
2021-12-09T19:59:00+00:00,67247.230000
2021-12-09T21:09:00+00:00,68045.750000
2021-12-10T00:19:00+00:00,68042.050000
2021-12-10T06:14:00+00:00,68023.550000
2021-12-10T08:04:00+00:00,68500.670000
2021-12-10T08:49:00+00:00,69368.550000
2021-12-10T09:09:00+00:00,69437.350000
2021-12-10T09:09:00+00:00,69423.290000
2021-12-10T09:39:00+00:00,68706.230000
2021-12-10T13:39:00+00:00,68698.830000
2021-12-10T14:34:00+00:00,68016.430000
2021-12-10T14:49:00+00:00,68014.210000
2021-12-10T20:59:00+00:00,67350.490000
2021-12-13T08:09:00+00:00,67340.870000
2021-12-13T08:39:00+00:00,66733.250000
2021-12-13T08:39:00+00:00,66723.630000
2021-12-13T09:04:00+00:00,66922.010000
2021-12-13T09:04:00+00:00,66913.870000
2021-12-13T11:44:00+00:00,66240.230000
2021-12-13T14:54:00+00:00,66237.270000
2021-12-13T16:29:00+00:00,66700.790000
2021-12-13T21:04:00+00:00,67474.310000
2021-12-14T01:39:00+00:00,67464.690000
2021-12-14T03:39:00+00:00,66811.570000
2021-12-14T13:29:00+00:00,66799.730000
2021-12-14T13:34:00+00:00,67279.810000
2021-12-14T13:34:00+00:00,67269.890000
2021-12-14T14:49:00+00:00,67268.410000
2021-12-14T15:49:00+00:00,66778.930000
2021-12-14T15:49:00+00:00,66777.450000
2021-12-14T21:09:00+00:00,66403.970000
2021-12-15T09:39:00+00:00,66396.570000
2021-12-15T13:34:00+00:00,66880.370000
2021-12-15T13:49:00+00:00,67094.170000
2021-12-15T13:49:00+00:00,67089.730000
2021-12-15T14:49:00+00:00,67087.510000
2021-12-15T14:54:00+00:00,67562.290000
2021-12-15T15:44:00+00:00,67558.570000
2021-12-15T19:09:00+00:00,66977.350000
2021-12-16T09:09:00+00:00,66972.170000
2021-12-16T10:59:00+00:00,66375.490000
2021-12-16T14:59:00+00:00,66374.750000
2021-12-16T21:09:00+00:00,66954.510000
2021-12-17T07:24:00+00:00,66950.810000
2021-12-17T08:44:00+00:00,66287.110000
2021-12-17T14:49:00+00:00,66285.630000
2021-12-17T15:24:00+00:00,65729.150000
2021-12-17T16:39:00+00:00,65726.190000
2021-12-17T19:14:00+00:00,65139.230000
2021-12-20T16:04:00+00:00,65137.750000
2021-12-20T20:24:00+00:00,64639.270000
2021-12-21T07:09:00+00:00,64625.210000
2021-12-21T07:34:00+00:00,65064.050000
2021-12-21T08:04:00+00:00,65881.650000
2021-12-21T10:24:00+00:00,65874.990000
2021-12-21T11:39:00+00:00,66274.030000
2021-12-21T13:09:00+00:00,66547.830000
2021-12-21T13:09:00+00:00,66534.510000
2021-12-21T13:34:00+00:00,65864.190000
2021-12-21T14:49:00+00:00,65862.710000
2021-12-21T16:59:00+00:00,65406.230000
2021-12-22T01:54:00+00:00,65395.130000
2021-12-22T05:39:00+00:00,65616.530000
2021-12-22T05:39:00+00:00,65600.250000
2021-12-22T06:19:00+00:00,66070.610000
2021-12-22T06:24:00+00:00,66859.970000
2021-12-22T14:49:00+00:00,66857.750000
2021-12-22T20:54:00+00:00,67121.010000
2021-12-22T21:09:00+00:00,67723.530000
2021-12-23T06:19:00+00:00,67703.550000
2021-12-23T07:44:00+00:00,67143.570000
2021-12-23T07:44:00+00:00,67124.330000
2021-12-23T08:14:00+00:00,66429.090000
2021-12-23T15:14:00+00:00,66426.130000
2021-12-23T20:09:00+00:00,66901.170000
2021-12-23T20:09:00+00:00,66878.970000
2021-12-23T20:19:00+00:00,66226.770000
2021-12-27T14:39:00+00:00,66220.850000
2021-12-27T15:04:00+00:00,66219.370000
2021-12-27T15:24:00+00:00,66705.410000
2021-12-27T16:14:00+00:00,67517.450000
2021-12-27T21:09:00+00:00,67956.970000
2021-12-28T07:54:00+00:00,67934.770000
2021-12-28T08:09:00+00:00,68159.920000
2021-12-28T08:09:00+00:00,68542.570000
2021-12-28T15:09:00+00:00,68540.350000
2021-12-28T21:09:00+00:00,68502.130000
2021-12-29T01:24:00+00:00,68479.930000
2021-12-29T01:34:00+00:00,68963.830000
2021-12-29T01:59:00+00:00,69777.730000
2021-12-29T07:39:00+00:00,69759.970000
2021-12-29T08:14:00+00:00,70273.090000
2021-12-29T08:34:00+00:00,70258.210000
2021-12-29T15:04:00+00:00,70254.510000
2021-12-29T15:19:00+00:00,70616.030000
2021-12-29T17:44:00+00:00,70922.810000
2021-12-29T17:44:00+00:00,70917.630000
2021-12-29T20:34:00+00:00,71354.160000
2021-12-29T21:09:00+00:00,71783.200000
2021-12-30T11:44:00+00:00,71763.960000
2021-12-30T13:24:00+00:00,71016.720000
2021-12-30T15:09:00+00:00,71014.500000
2021-12-30T20:49:00+00:00,70476.780000
2021-12-31T09:14:00+00:00,70463.460000
2021-12-31T09:24:00+00:00,69766.140000
2021-12-31T14:49:00+00:00,69763.180000
2021-12-31T21:09:00+00:00,70172.220000
2022-01-03T09:19:00+00:00,70159.640000
2022-01-03T10:24:00+00:00,70633.720000
2022-01-03T11:14:00+00:00,71527.060000
2022-01-03T13:39:00+00:00,71518.920000
2022-01-03T14:04:00+00:00,71972.720000
2022-01-03T14:34:00+00:00,71965.280000
2022-01-03T14:39:00+00:00,71960.100000
2022-01-03T14:49:00+00:00,71317.920000
2022-01-03T14:49:00+00:00,71316.440000
2022-01-03T14:54:00+00:00,71314.220000
2022-01-03T15:19:00+00:00,70767.500000
2022-01-03T19:44:00+00:00,70220.020000
2022-01-04T06:24:00+00:00,70197.820000
2022-01-04T07:54:00+00:00,69680.620000
2022-01-04T14:54:00+00:00,69675.440000
2022-01-04T15:14:00+00:00,70096.220000
2022-01-04T15:39:00+00:00,71033.260000
2022-01-05T07:54:00+00:00,71028.080000
2022-01-05T14:09:00+00:00,70585.400000
2022-01-05T14:09:00+00:00,70569.860000
2022-01-05T14:14:00+00:00,69850.820000
2022-01-05T17:39:00+00:00,69849.340000
2022-01-05T20:09:00+00:00,70290.350000
2022-01-05T21:09:00+00:00,70873.610000
2022-01-06T14:39:00+00:00,70871.390000
2022-01-06T14:59:00+00:00,70305.170000
2022-01-06T15:04:00+00:00,70304.430000
2022-01-06T15:09:00+00:00,70303.690000
2022-01-06T15:34:00+00:00,69899.950000
2022-01-06T15:59:00+00:00,69481.710000
2022-01-07T13:44:00+00:00,69480.230000
2022-01-07T14:34:00+00:00,69006.750000
2022-01-07T15:24:00+00:00,69005.270000
2022-01-07T21:09:00+00:00,69261.790000
2022-01-10T05:09:00+00:00,69244.770000
2022-01-10T05:34:00+00:00,68549.250000
2022-01-10T06:24:00+00:00,68538.150000
2022-01-10T07:34:00+00:00,69005.470000
2022-01-10T08:04:00+00:00,68995.550000
2022-01-10T14:54:00+00:00,68994.070000
2022-01-10T18:54:00+00:00,68486.590000
2022-01-11T00:24:00+00:00,68477.710000
2022-01-11T00:54:00+00:00,67784.830000
2022-01-11T02:14:00+00:00,67772.990000
2022-01-11T03:54:00+00:00,67081.150000
2022-01-11T15:04:00+00:00,67079.670000
2022-01-11T21:09:00+00:00,67911.190000
2022-01-12T07:39:00+00:00,67904.530000
2022-01-12T08:19:00+00:00,67263.370000
2022-01-12T15:14:00+00:00,67261.150000
2022-01-12T15:39:00+00:00,66607.930000
2022-01-13T01:24:00+00:00,66597.570000
2022-01-13T01:59:00+00:00,67080.640000
2022-01-13T01:59:00+00:00,67889.210000
2022-01-13T15:04:00+00:00,67886.250000
2022-01-13T15:49:00+00:00,68325.770000
2022-01-13T17:19:00+00:00,69059.290000
2022-01-14T08:24:00+00:00,69054.110000
2022-01-14T08:54:00+00:00,68355.930000
2022-01-14T14:54:00+00:00,68354.450000
2022-01-14T21:09:00+00:00,68535.970000
2022-01-17T14:49:00+00:00,68532.270000
2022-01-18T03:49:00+00:00,68890.790000
2022-01-18T08:14:00+00:00,69788.570000
2022-01-18T14:49:00+00:00,69785.610000
2022-01-18T15:09:00+00:00,69784.130000
2022-01-18T15:14:00+00:00,70217.650000
2022-01-18T15:59:00+00:00,70215.170000
2022-01-18T16:34:00+00:00,69667.690000
2022-01-18T19:29:00+00:00,69665.470000
2022-01-18T21:09:00+00:00,69958.750000
2022-01-19T14:54:00+00:00,69956.530000
2022-01-19T15:34:00+00:00,69402.310000
2022-01-20T00:09:00+00:00,69394.910000
2022-01-20T01:24:00+00:00,68712.510000
2022-01-20T01:24:00+00:00,68705.110000
2022-01-20T01:49:00+00:00,68022.710000
2022-01-20T14:49:00+00:00,68021.230000
2022-01-20T14:59:00+00:00,68019.750000
2022-01-20T19:14:00+00:00,67550.270000
2022-01-20T19:19:00+00:00,67075.790000
2022-01-20T19:19:00+00:00,67073.570000
2022-01-20T20:19:00+00:00,67375.830000
2022-01-20T20:39:00+00:00,68384.350000
2022-01-21T01:29:00+00:00,68380.650000
2022-01-21T02:44:00+00:00,67741.950000
2022-01-21T11:44:00+00:00,67735.290000
2022-01-21T12:09:00+00:00,67067.130000
2022-01-21T14:49:00+00:00,67065.650000
2022-01-21T14:54:00+00:00,67064.170000
2022-01-21T15:24:00+00:00,67421.930000
2022-01-21T15:34:00+00:00,67420.690000
2022-01-21T15:59:00+00:00,66774.210000
2022-01-24T14:59:00+00:00,66773.470000
2022-01-24T20:19:00+00:00,66438.230000
2022-01-25T07:14:00+00:00,66436.010000
2022-01-25T09:24:00+00:00,65839.790000
2022-01-25T14:49:00+00:00,65839.050000
2022-01-25T15:34:00+00:00,65702.810000
2022-01-25T15:34:00+00:00,65702.070000
2022-01-25T16:39:00+00:00,65365.330000
2022-01-26T05:34:00+00:00,65354.970000
2022-01-26T06:09:00+00:00,65838.040000
2022-01-26T06:54:00+00:00,65829.360000
2022-01-26T13:39:00+00:00,65821.960000
2022-01-26T14:34:00+00:00,65154.560000
2022-01-26T15:04:00+00:00,65153.080000
2022-01-26T15:44:00+00:00,64531.600000
2022-01-27T05:24:00+00:00,64529.380000
2022-01-27T07:34:00+00:00,63951.160000
2022-01-27T14:49:00+00:00,63949.680000
2022-01-27T15:34:00+00:00,63412.200000
2022-01-28T05:19:00+00:00,63406.280000
2022-01-28T07:24:00+00:00,62788.360000
2022-01-28T08:19:00+00:00,62786.140000
2022-01-28T12:39:00+00:00,63096.650000
2022-01-28T13:44:00+00:00,63094.170000
2022-01-28T15:24:00+00:00,63093.430000
2022-01-28T15:54:00+00:00,63092.690000
2022-01-28T21:09:00+00:00,63946.950000
2022-01-28T21:09:00+00:00,64578.210000
2022-01-31T08:09:00+00:00,64573.770000
2022-01-31T08:54:00+00:00,63948.330000
2022-01-31T14:34:00+00:00,63946.110000
2022-01-31T14:54:00+00:00,63945.370000
2022-01-31T15:04:00+00:00,64187.630000
2022-01-31T15:24:00+00:00,64996.150000
2022-01-31T21:09:00+00:00,65528.910000
2022-02-01T06:19:00+00:00,65513.370000
2022-02-01T07:04:00+00:00,64836.330000
2022-02-01T15:04:00+00:00,64835.590000
2022-02-01T20:34:00+00:00,64447.850000
2022-02-02T14:49:00+00:00,64446.370000
2022-02-02T21:09:00+00:00,65020.890000
2022-02-03T12:09:00+00:00,65016.450000
2022-02-03T12:39:00+00:00,64448.010000
2022-02-03T15:29:00+00:00,64446.530000
2022-02-03T16:59:00+00:00,63863.050000
2022-02-04T15:04:00+00:00,63862.310000
2022-02-04T21:09:00+00:00,63923.070000
2022-02-07T00:14:00+00:00,63921.590000
2022-02-07T08:44:00+00:00,63894.110000
2022-02-07T08:44:00+00:00,63871.910000
2022-02-07T08:49:00+00:00,64265.810000
2022-02-07T08:49:00+00:00,64247.210000
2022-02-07T14:54:00+00:00,64245.730000
2022-02-07T16:09:00+00:00,63723.250000
2022-02-08T07:19:00+00:00,63719.550000
2022-02-08T11:39:00+00:00,63130.850000
2022-02-08T15:04:00+00:00,63129.370000
2022-02-08T15:49:00+00:00,62690.890000
2022-02-09T06:54:00+00:00,62678.310000
2022-02-09T07:29:00+00:00,63110.390000
2022-02-09T07:44:00+00:00,63924.980000
2022-02-09T14:54:00+00:00,63922.020000
2022-02-09T16:04:00+00:00,63361.060000
2022-02-10T02:44:00+00:00,63346.260000
2022-02-10T03:04:00+00:00,62701.460000
2022-02-10T06:04:00+00:00,62688.140000
2022-02-10T08:14:00+00:00,63133.730000
2022-02-10T08:19:00+00:00,63122.570000
2022-02-10T08:24:00+00:00,63115.170000
2022-02-10T13:09:00+00:00,62512.770000
2022-02-10T14:54:00+00:00,62512.030000
2022-02-10T18:39:00+00:00,62156.290000
2022-02-11T01:24:00+00:00,62151.110000
2022-02-11T04:34:00+00:00,61578.930000
2022-02-11T08:44:00+00:00,61574.490000
2022-02-11T12:14:00+00:00,61018.050000
2022-02-11T14:54:00+00:00,61014.350000
2022-02-11T14:59:00+00:00,60470.650000
2022-02-11T14:59:00+00:00,60469.170000
2022-02-11T18:34:00+00:00,60801.430000
2022-02-11T18:44:00+00:00,61355.690000
2022-02-14T06:54:00+00:00,61343.110000
2022-02-14T07:04:00+00:00,60710.030000
2022-02-14T07:09:00+00:00,60707.070000
2022-02-14T07:59:00+00:00,60208.110000
2022-02-14T14:54:00+00:00,60206.630000
2022-02-14T18:54:00+00:00,59606.150000
2022-02-15T07:14:00+00:00,59603.190000
2022-02-15T08:24:00+00:00,59979.710000
2022-02-15T08:29:00+00:00,60608.230000
2022-02-15T15:44:00+00:00,60606.010000
2022-02-15T17:49:00+00:00,60041.290000
2022-02-16T08:19:00+00:00,60028.710000
2022-02-16T08:44:00+00:00,59429.630000
2022-02-16T09:14:00+00:00,59425.190000
2022-02-16T13:49:00+00:00,59816.720000
2022-02-16T14:09:00+00:00,60470.750000
2022-02-16T14:54:00+00:00,60469.270000
2022-02-16T19:24:00+00:00,59995.790000
2022-02-17T13:14:00+00:00,59989.130000
2022-02-17T13:49:00+00:00,60355.170000
2022-02-17T14:49:00+00:00,61120.220000
2022-02-17T14:49:00+00:00,61117.260000
2022-02-17T15:49:00+00:00,61510.280000
2022-02-17T19:29:00+00:00,62166.300000
2022-02-18T01:39:00+00:00,62163.340000
2022-02-18T06:24:00+00:00,62153.720000
2022-02-18T06:59:00+00:00,61559.100000
2022-02-18T13:14:00+00:00,61288.140000
2022-02-18T13:14:00+00:00,61282.220000
2022-02-18T13:29:00+00:00,61693.260000
2022-02-18T14:34:00+00:00,61688.300000
2022-02-18T14:59:00+00:00,61685.340000
2022-02-18T15:14:00+00:00,61162.380000
2022-02-18T15:34:00+00:00,61160.900000
2022-02-18T20:24:00+00:00,61159.420000
2022-02-18T20:49:00+00:00,61284.940000
2022-02-18T20:49:00+00:00,61242.460000
2022-02-21T15:49:00+00:00,61240.240000
2022-02-21T23:04:00+00:00,61482.500000
2022-02-21T23:04:00+00:00,62291.020000
2022-02-22T05:19:00+00:00,62282.140000
2022-02-22T05:29:00+00:00,61661.260000
2022-02-22T14:49:00+00:00,61660.520000
2022-02-22T14:54:00+00:00,61659.040000
2022-02-22T15:59:00+00:00,61113.560000
2022-02-22T16:54:00+00:00,60753.320000
2022-02-23T06:29:00+00:00,60744.440000
2022-02-23T08:14:00+00:00,60135.560000
2022-02-23T14:54:00+00:00,60134.080000
2022-02-23T18:14:00+00:00,60536.840000
2022-02-23T20:04:00+00:00,61208.600000
2022-02-24T11:49:00+00:00,61195.280000
2022-02-24T11:54:00+00:00,61627.370000
2022-02-24T11:54:00+00:00,61616.210000
2022-02-24T14:49:00+00:00,61615.470000
2022-02-24T21:09:00+00:00,62797.230000
2022-02-25T04:24:00+00:00,62790.570000
2022-02-25T07:54:00+00:00,63171.610000
2022-02-25T08:09:00+00:00,63967.910000
2022-02-25T14:59:00+00:00,63966.430000
2022-02-25T15:14:00+00:00,63825.950000
2022-02-25T15:14:00+00:00,63822.990000
2022-02-25T15:44:00+00:00,64297.010000
2022-02-25T16:14:00+00:00,65088.030000
2022-02-28T04:14:00+00:00,65085.070000
2022-02-28T07:29:00+00:00,65494.590000
2022-02-28T07:49:00+00:00,66178.110000
2022-02-28T09:09:00+00:00,66176.630000
2022-02-28T14:59:00+00:00,66175.150000
2022-02-28T15:44:00+00:00,66507.410000
2022-02-28T19:09:00+00:00,66506.170000
2022-02-28T19:09:00+00:00,66034.690000
2022-03-01T02:59:00+00:00,66028.030000
2022-03-01T05:19:00+00:00,65737.870000
2022-03-01T05:19:00+00:00,65728.250000
2022-03-01T05:44:00+00:00,65075.130000
2022-03-01T10:49:00+00:00,65066.250000
2022-03-01T11:49:00+00:00,64421.370000
2022-03-01T15:59:00+00:00,64419.150000
2022-03-01T18:29:00+00:00,64724.410000
2022-03-01T21:09:00+00:00,65236.930000
2022-03-02T08:14:00+00:00,65235.450000
2022-03-02T09:34:00+00:00,64738.970000
2022-03-02T15:09:00+00:00,64737.490000
2022-03-02T15:34:00+00:00,64239.010000
2022-03-02T15:34:00+00:00,64237.530000
2022-03-02T18:04:00+00:00,64591.540000
2022-03-02T21:09:00+00:00,64951.800000
2022-03-03T14:49:00+00:00,64950.320000
2022-03-03T15:54:00+00:00,65287.830000
2022-03-03T19:19:00+00:00,65460.590000
2022-03-03T19:19:00+00:00,65459.110000
2022-03-03T20:04:00+00:00,64979.630000
2022-03-04T00:14:00+00:00,64970.010000
2022-03-04T00:24:00+00:00,65411.070000
2022-03-04T00:24:00+00:00,66272.140000
2022-03-04T07:24:00+00:00,66266.220000
2022-03-04T08:04:00+00:00,65612.300000
2022-03-04T12:44:00+00:00,65603.420000
2022-03-04T13:34:00+00:00,66080.480000
2022-03-04T13:34:00+00:00,66073.040000
2022-03-04T14:49:00+00:00,66071.560000
2022-03-04T21:09:00+00:00,66178.080000
2022-03-07T05:39:00+00:00,66174.380000
2022-03-07T08:14:00+00:00,66145.680000
2022-03-07T08:14:00+00:00,66141.980000
2022-03-07T12:09:00+00:00,66509.500000
2022-03-07T12:34:00+00:00,67429.780000
2022-03-07T14:49:00+00:00,67428.300000
2022-03-07T15:49:00+00:00,67799.560000
2022-03-07T19:44:00+00:00,68418.820000
2022-03-08T10:34:00+00:00,68417.340000
2022-03-08T15:04:00+00:00,67843.860000
2022-03-08T15:04:00+00:00,67843.120000
2022-03-08T17:14:00+00:00,67460.880000
2022-03-09T05:34:00+00:00,67458.660000
2022-03-09T09:04:00+00:00,67778.170000
2022-03-09T11:29:00+00:00,68844.190000
2022-03-09T14:54:00+00:00,68841.970000
2022-03-09T15:04:00+00:00,68202.250000
2022-03-10T15:19:00+00:00,68200.770000
2022-03-10T15:34:00+00:00,67722.290000
2022-03-10T20:09:00+00:00,67715.630000
2022-03-10T20:19:00+00:00,67092.470000
2022-03-11T07:29:00+00:00,67086.550000
2022-03-11T08:04:00+00:00,67551.590000
2022-03-11T09:14:00+00:00,67546.630000
2022-03-11T14:54:00+00:00,67545.150000
2022-03-11T16:44:00+00:00,67909.660000
2022-03-11T20:59:00+00:00,68517.670000
2022-03-14T03:29:00+00:00,68508.050000
2022-03-14T03:49:00+00:00,67848.430000
2022-03-14T06:24:00+00:00,67843.250000
2022-03-14T06:54:00+00:00,67222.070000
2022-03-14T14:09:00+00:00,67220.590000
2022-03-14T15:44:00+00:00,66688.110000
2022-03-15T01:39:00+00:00,66683.670000
2022-03-15T02:39:00+00:00,66013.230000
2022-03-15T14:04:00+00:00,66011.750000
2022-03-15T16:14:00+00:00,66011.010000
2022-03-15T19:19:00+00:00,66386.770000
2022-03-15T20:09:00+00:00,66830.030000
2022-03-15T20:09:00+00:00,66998.790000
2022-03-16T05:19:00+00:00,66978.810000
2022-03-16T05:24:00+00:00,66297.330000
2022-03-16T13:49:00+00:00,66295.850000
2022-03-16T17:39:00+00:00,66291.410000
2022-03-16T18:04:00+00:00,65668.970000
2022-03-16T18:09:00+00:00,65188.490000
2022-03-16T18:09:00+00:00,65187.010000
2022-03-16T18:49:00+00:00,64796.530000
2022-03-16T18:49:00+00:00,64795.790000
2022-03-16T20:09:00+00:00,65327.550000
2022-03-17T13:54:00+00:00,65325.330000
2022-03-17T17:44:00+00:00,65608.090000
2022-03-17T20:09:00+00:00,66362.610000
2022-03-18T00:14:00+00:00,66352.990000
2022-03-18T00:44:00+00:00,65686.870000
2022-03-18T10:24:00+00:00,65680.950000
2022-03-18T13:29:00+00:00,65071.030000
2022-03-18T13:49:00+00:00,65069.550000
2022-03-18T15:39:00+00:00,65404.060000
2022-03-18T19:24:00+00:00,65962.070000
2022-03-21T07:49:00+00:00,65955.410000
2022-03-21T11:14:00+00:00,66351.450000
2022-03-21T13:44:00+00:00,67179.000000
2022-03-21T13:54:00+00:00,67175.300000
2022-03-21T15:04:00+00:00,66551.600000
2022-03-22T13:44:00+00:00,66548.640000
2022-03-22T14:04:00+00:00,66547.160000
2022-03-22T14:29:00+00:00,67010.680000
2022-03-22T15:19:00+00:00,67784.200000
2022-03-22T20:09:00+00:00,68287.720000
2022-03-23T13:49:00+00:00,68284.760000
2022-03-23T14:14:00+00:00,67661.800000
2022-03-23T19:04:00+00:00,67660.320000
2022-03-23T20:09:00+00:00,67923.840000
2022-03-24T01:44:00+00:00,67912.000000
2022-03-24T03:59:00+00:00,68398.080000
2022-03-24T05:39:00+00:00,69212.160000
2022-03-24T14:19:00+00:00,69209.940000
2022-03-24T14:24:00+00:00,69207.720000
2022-03-24T14:39:00+00:00,68944.500000
2022-03-24T14:39:00+00:00,68685.780000
2022-03-24T14:44:00+00:00,68682.080000
2022-03-24T15:29:00+00:00,69048.100000
2022-03-24T18:04:00+00:00,69964.630000
2022-03-25T14:04:00+00:00,69961.670000
2022-03-25T14:39:00+00:00,69348.710000
2022-03-25T15:14:00+00:00,69347.230000
2022-03-25T20:09:00+00:00,68906.750000
2022-03-28T05:29:00+00:00,68886.030000
2022-03-28T05:39:00+00:00,68179.310000
2022-03-28T10:34:00+00:00,68167.470000
2022-03-28T10:49:00+00:00,67483.630000
2022-03-28T13:59:00+00:00,67482.150000
2022-03-28T15:39:00+00:00,66928.670000
2022-03-29T05:34:00+00:00,66917.570000
2022-03-29T06:59:00+00:00,67374.390000
2022-03-29T07:09:00+00:00,67364.470000
2022-03-29T09:59:00+00:00,67353.370000
2022-03-29T10:09:00+00:00,67794.440000
2022-03-29T10:09:00+00:00,67784.520000
2022-03-29T13:49:00+00:00,67782.300000
2022-03-29T18:49:00+00:00,67211.580000
2022-03-30T13:49:00+00:00,67207.880000
2022-03-30T15:04:00+00:00,66586.680000
2022-03-31T14:04:00+00:00,66584.460000
2022-03-31T14:59:00+00:00,65919.240000
2022-04-01T06:24:00+00:00,65907.400000
2022-04-01T07:14:00+00:00,65247.560000
2022-04-01T12:09:00+00:00,65235.720000
2022-04-01T12:34:00+00:00,65691.800000
2022-04-01T12:34:00+00:00,65681.880000
2022-04-01T13:54:00+00:00,65680.400000
2022-04-01T20:09:00+00:00,65557.920000
2022-04-04T11:59:00+00:00,65546.820000
2022-04-04T12:29:00+00:00,64875.720000
2022-04-04T13:49:00+00:00,64874.240000
2022-04-04T20:09:00+00:00,65477.760000
2022-04-05T06:19:00+00:00,65459.260000
2022-04-05T07:04:00+00:00,64778.260000
2022-04-05T13:54:00+00:00,64775.300000
2022-04-05T14:19:00+00:00,65252.320000
2022-04-05T16:29:00+00:00,66048.340000
2022-04-05T23:49:00+00:00,66030.580000
2022-04-06T00:04:00+00:00,65364.820000
2022-04-06T08:54:00+00:00,65355.940000
2022-04-06T09:39:00+00:00,64711.060000
2022-04-06T13:49:00+00:00,64709.580000
2022-04-06T19:04:00+00:00,64205.100000
2022-04-07T02:44:00+00:00,64196.220000
2022-04-07T04:39:00+00:00,64583.340000
2022-04-07T04:39:00+00:00,64567.060000
2022-04-07T05:29:00+00:00,63912.780000
2022-04-07T14:44:00+00:00,63911.300000
2022-04-07T18:59:00+00:00,63392.820000
2022-04-08T07:09:00+00:00,63378.760000
2022-04-08T07:24:00+00:00,62747.200000
2022-04-08T13:54:00+00:00,62745.720000
2022-04-08T15:04:00+00:00,62146.240000
2022-04-11T05:14:00+00:00,62132.920000
2022-04-11T05:59:00+00:00,62592.010000
2022-04-11T06:14:00+00:00,63361.600000
2022-04-11T07:04:00+00:00,63355.680000
2022-04-11T07:19:00+00:00,63805.720000
2022-04-11T07:29:00+00:00,63800.760000
2022-04-11T07:34:00+00:00,63798.540000
2022-04-11T08:09:00+00:00,63277.320000
2022-04-11T08:09:00+00:00,63274.360000
2022-04-11T13:44:00+00:00,63700.380000
2022-04-11T14:29:00+00:00,63698.160000
2022-04-11T14:54:00+00:00,64409.180000
2022-04-11T20:09:00+00:00,64841.960000
2022-04-12T05:14:00+00:00,64830.860000
2022-04-12T06:04:00+00:00,65277.180000
2022-04-12T06:39:00+00:00,66131.260000
2022-04-12T13:49:00+00:00,66129.040000
2022-04-12T14:49:00+00:00,65555.320000
2022-04-13T05:19:00+00:00,65544.220000
2022-04-13T05:34:00+00:00,64895.620000
2022-04-13T13:49:00+00:00,64894.140000
2022-04-13T19:19:00+00:00,65271.400000
2022-04-13T20:09:00+00:00,65618.160000
2022-04-14T02:04:00+00:00,65610.760000
2022-04-14T04:39:00+00:00,66090.810000
2022-04-14T07:09:00+00:00,66084.610000
2022-04-14T11:54:00+00:00,66077.210000
2022-04-14T13:39:00+00:00,66527.260000
2022-04-14T13:39:00+00:00,66521.060000
2022-04-14T13:54:00+00:00,66519.580000
2022-04-14T19:34:00+00:00,66914.090000
2022-04-14T20:09:00+00:00,67364.350000
2022-04-18T12:34:00+00:00,67356.950000
2022-04-18T13:34:00+00:00,67837.000000
2022-04-18T13:34:00+00:00,68639.550000
2022-04-18T13:54:00+00:00,68637.330000
2022-04-18T14:09:00+00:00,68113.110000
2022-04-19T06:04:00+00:00,68105.710000
2022-04-19T06:19:00+00:00,67433.310000
2022-04-19T08:04:00+00:00,67426.650000
2022-04-19T08:49:00+00:00,66807.990000
2022-04-19T13:49:00+00:00,66805.770000
2022-04-19T14:14:00+00:00,67096.780000
2022-04-19T15:34:00+00:00,68067.800000
2022-04-20T13:49:00+00:00,68066.320000
2022-04-20T20:09:00+00:00,68266.840000
2022-04-21T05:19:00+00:00,68260.180000
2022-04-21T06:04:00+00:00,67569.520000
2022-04-21T14:14:00+00:00,67568.040000
2022-04-21T16:14:00+00:00,67972.300000
2022-04-21T18:09:00+00:00,68646.560000
2022-04-22T10:49:00+00:00,68637.680000
2022-04-22T10:59:00+00:00,68436.800000
2022-04-22T10:59:00+00:00,68433.100000
2022-04-22T11:59:00+00:00,67751.900000
2022-04-22T14:24:00+00:00,67751.160000
2022-04-22T20:09:00+00:00,68327.420000
2022-04-25T07:14:00+00:00,68322.240000
2022-04-25T07:24:00+00:00,68707.020000
2022-04-25T07:54:00+00:00,68702.060000
2022-04-25T13:59:00+00:00,68700.580000
2022-04-25T14:29:00+00:00,68232.100000
2022-04-25T19:04:00+00:00,68228.400000
2022-04-25T19:24:00+00:00,67644.700000
2022-04-26T06:04:00+00:00,67636.560000
2022-04-26T06:49:00+00:00,68079.110000
2022-04-26T07:09:00+00:00,68967.170000
2022-04-26T13:49:00+00:00,68965.690000
2022-04-26T15:24:00+00:00,69381.200000
2022-04-26T15:29:00+00:00,69715.960000
2022-04-26T15:29:00+00:00,69711.520000
2022-04-26T16:59:00+00:00,70159.300000
2022-04-26T17:04:00+00:00,70155.580000
2022-04-27T07:44:00+00:00,70151.140000
2022-04-27T07:59:00+00:00,70637.170000
2022-04-27T11:14:00+00:00,70835.950000
2022-04-27T11:14:00+00:00,70832.990000
2022-04-27T13:39:00+00:00,70500.030000
2022-04-27T13:39:00+00:00,70497.070000
2022-04-27T13:49:00+00:00,70496.330000
2022-04-27T13:54:00+00:00,70952.350000
2022-04-27T14:04:00+00:00,70949.870000
2022-04-27T14:14:00+00:00,70518.130000
2022-04-27T14:19:00+00:00,70517.390000
2022-04-27T16:24:00+00:00,70068.150000
2022-04-28T05:54:00+00:00,70051.870000
2022-04-28T06:14:00+00:00,69342.590000
2022-04-28T14:04:00+00:00,69341.850000
2022-04-28T16:34:00+00:00,68961.110000
2022-04-29T12:39:00+00:00,68954.450000
2022-04-29T12:49:00+00:00,68317.790000
2022-04-29T13:29:00+00:00,68311.870000
2022-04-29T13:34:00+00:00,68764.910000
2022-04-29T13:34:00+00:00,68759.950000
2022-04-29T13:59:00+00:00,68759.210000
2022-04-29T14:29:00+00:00,68363.470000
2022-04-29T16:09:00+00:00,68362.730000
2022-04-29T20:09:00+00:00,68800.490000
2022-05-02T13:49:00+00:00,68798.270000
2022-05-02T14:29:00+00:00,68797.530000
2022-05-02T14:34:00+00:00,69092.290000
2022-05-02T15:04:00+00:00,69089.810000
2022-05-02T17:49:00+00:00,68609.070000
2022-05-02T18:19:00+00:00,68608.330000
2022-05-02T19:19:00+00:00,68205.590000
2022-05-03T13:59:00+00:00,68204.110000
2022-05-03T14:49:00+00:00,67719.630000
2022-05-04T03:39:00+00:00,67714.450000
2022-05-04T11:24:00+00:00,67054.770000
2022-05-04T13:54:00+00:00,67051.810000
2022-05-04T14:19:00+00:00,67476.330000
2022-05-04T16:24:00+00:00,67473.850000
2022-05-05T11:14:00+00:00,67470.150000
2022-05-05T13:04:00+00:00,66901.450000
2022-05-05T13:49:00+00:00,66899.970000
2022-05-05T14:24:00+00:00,67274.230000
2022-05-05T15:09:00+00:00,67898.490000
2022-05-05T17:19:00+00:00,67896.270000
2022-05-05T19:04:00+00:00,68179.780000
2022-05-05T20:09:00+00:00,68177.300000
2022-05-06T00:24:00+00:00,68171.380000
2022-05-06T00:59:00+00:00,67541.460000
2022-05-06T07:59:00+00:00,67536.280000
2022-05-06T09:24:00+00:00,66876.600000
2022-05-06T12:54:00+00:00,66873.640000
2022-05-06T13:39:00+00:00,67340.160000
2022-05-06T13:49:00+00:00,68118.680000
2022-05-06T13:54:00+00:00,68117.940000
2022-05-06T14:19:00+00:00,67614.700000
2022-05-09T07:29:00+00:00,67611.000000
2022-05-09T07:39:00+00:00,67357.300000
2022-05-09T07:39:00+00:00,67350.640000
2022-05-09T07:54:00+00:00,66695.980000
2022-05-09T14:09:00+00:00,66695.240000
2022-05-09T20:09:00+00:00,66989.000000
2022-05-10T09:59:00+00:00,66984.560000
2022-05-10T12:34:00+00:00,66386.120000
2022-05-10T13:49:00+00:00,66385.380000
2022-05-10T15:44:00+00:00,66518.140000
2022-05-10T15:44:00+00:00,66515.920000
2022-05-10T17:39:00+00:00,66802.430000
2022-05-10T20:09:00+00:00,67052.950000
2022-05-11T13:49:00+00:00,67052.210000
2022-05-11T16:59:00+00:00,66473.970000
2022-05-12T00:44:00+00:00,66470.270000
2022-05-12T04:39:00+00:00,65851.570000
2022-05-12T08:09:00+00:00,65848.610000
2022-05-12T11:59:00+00:00,66315.130000
2022-05-12T13:49:00+00:00,66312.650000
2022-05-12T14:09:00+00:00,66311.910000
2022-05-12T18:44:00+00:00,65878.170000
2022-05-13T13:49:00+00:00,65876.690000
2022-05-13T13:54:00+00:00,65875.950000
2022-05-13T16:04:00+00:00,66246.460000
2022-05-13T19:39:00+00:00,66610.720000
2022-05-13T19:39:00+00:00,66804.980000
2022-05-16T07:34:00+00:00,66799.800000
2022-05-16T12:24:00+00:00,67213.830000
2022-05-16T12:34:00+00:00,68135.870000
2022-05-16T13:49:00+00:00,68134.390000
2022-05-16T14:24:00+00:00,67618.910000
2022-05-17T07:29:00+00:00,67610.030000
2022-05-17T07:44:00+00:00,68109.590000
2022-05-17T08:09:00+00:00,68945.150000
2022-05-17T13:54:00+00:00,68942.930000
2022-05-17T18:09:00+00:00,68417.210000
2022-05-18T07:29:00+00:00,68405.370000
2022-05-18T07:44:00+00:00,67721.530000
2022-05-18T13:59:00+00:00,67719.310000
2022-05-18T15:29:00+00:00,68019.320000
2022-05-18T17:09:00+00:00,69020.340000
2022-05-18T22:34:00+00:00,69017.380000
2022-05-19T04:54:00+00:00,68730.420000
2022-05-19T04:54:00+00:00,68728.200000
2022-05-19T07:24:00+00:00,68166.480000
2022-05-19T13:49:00+00:00,68165.000000
2022-05-19T13:54:00+00:00,68162.780000
2022-05-19T14:04:00+00:00,67498.300000
2022-05-19T14:04:00+00:00,66824.080000
2022-05-20T07:19:00+00:00,66818.900000
2022-05-20T08:34:00+00:00,67203.680000
2022-05-20T12:49:00+00:00,67198.720000
2022-05-20T12:54:00+00:00,67195.760000
2022-05-20T14:09:00+00:00,67603.780000
2022-05-20T14:09:00+00:00,67602.300000
2022-05-20T14:54:00+00:00,68283.320000
2022-05-20T16:09:00+00:00,68724.330000
2022-05-20T16:49:00+00:00,69459.840000
2022-05-23T13:44:00+00:00,69458.360000
2022-05-23T13:49:00+00:00,69308.880000
2022-05-23T13:49:00+00:00,69307.400000
2022-05-23T14:04:00+00:00,68768.920000
2022-05-24T13:49:00+00:00,68767.440000
2022-05-24T20:09:00+00:00,68417.960000
2022-05-25T06:44:00+00:00,68407.600000
2022-05-25T07:24:00+00:00,67711.240000
2022-05-25T14:19:00+00:00,67709.760000
2022-05-25T20:09:00+00:00,67943.280000
2022-05-26T13:39:00+00:00,67938.840000
2022-05-26T13:49:00+00:00,67937.360000
2022-05-26T13:54:00+00:00,68409.890000
2022-05-26T14:14:00+00:00,69198.920000
2022-05-26T16:59:00+00:00,69700.680000
2022-05-26T20:09:00+00:00,70072.440000
2022-05-27T05:29:00+00:00,70053.940000
2022-05-27T05:49:00+00:00,70540.060000
2022-05-27T06:04:00+00:00,70946.440000
2022-05-27T06:04:00+00:00,70928.680000
2022-05-27T06:09:00+00:00,70202.920000
2022-05-27T13:59:00+00:00,70201.440000
2022-05-27T20:09:00+00:00,70899.960000
2022-05-30T12:49:00+00:00,70886.640000
2022-05-30T13:19:00+00:00,70180.320000
2022-05-30T14:49:00+00:00,70175.140000
2022-05-30T22:29:00+00:00,69522.460000
2022-05-30T23:44:00+00:00,69518.760000
2022-05-31T00:54:00+00:00,69881.780000
2022-05-31T07:44:00+00:00,70790.810000
2022-05-31T13:39:00+00:00,70787.110000
2022-05-31T14:04:00+00:00,70786.370000
2022-05-31T14:44:00+00:00,70155.170000
2022-05-31T15:44:00+00:00,69902.930000
2022-05-31T15:44:00+00:00,69901.450000
2022-05-31T20:09:00+00:00,69930.970000
2022-06-01T04:14:00+00:00,69925.790000
2022-06-01T06:14:00+00:00,70032.610000
2022-06-01T06:14:00+00:00,70022.990000
2022-06-01T08:09:00+00:00,69330.870000
2022-06-01T13:54:00+00:00,69327.910000
2022-06-01T14:09:00+00:00,68650.950000
2022-06-02T05:19:00+00:00,68635.410000
2022-06-02T05:54:00+00:00,67937.370000
2022-06-02T10:44:00+00:00,67929.230000
2022-06-02T11:09:00+00:00,67624.090000
2022-06-02T11:09:00+00:00,67610.770000
2022-06-02T11:44:00+00:00,66913.450000
2022-06-02T13:49:00+00:00,66911.970000
2022-06-02T16:24:00+00:00,67287.730000
2022-06-02T19:54:00+00:00,67914.490000
2022-06-03T04:59:00+00:00,67895.250000
2022-06-03T05:29:00+00:00,67187.010000
2022-06-03T14:39:00+00:00,67185.530000
2022-06-03T19:34:00+00:00,67331.050000
2022-06-05T22:19:00+00:00,67324.390000
2022-06-06T00:24:00+00:00,66669.730000
2022-06-06T11:59:00+00:00,66661.590000
2022-06-06T13:34:00+00:00,67104.140000
2022-06-06T13:34:00+00:00,67096.700000
2022-06-06T14:04:00+00:00,67094.480000
2022-06-06T15:14:00+00:00,66511.760000
2022-06-07T00:09:00+00:00,66502.140000
2022-06-07T01:29:00+00:00,66952.200000
2022-06-07T01:29:00+00:00,67830.770000
2022-06-07T13:49:00+00:00,67829.290000
2022-06-07T18:49:00+00:00,68298.810000
2022-06-07T18:49:00+00:00,68293.630000
2022-06-07T19:24:00+00:00,67623.450000
2022-06-08T05:14:00+00:00,67612.350000
2022-06-08T07:09:00+00:00,66933.750000
2022-06-08T13:49:00+00:00,66932.270000
2022-06-08T16:39:00+00:00,66420.790000
2022-06-09T05:14:00+00:00,66414.130000
2022-06-09T06:09:00+00:00,65790.970000
2022-06-09T13:54:00+00:00,65789.490000
2022-06-09T17:44:00+00:00,65286.010000
2022-06-10T05:54:00+00:00,65276.390000
2022-06-10T07:14:00+00:00,65699.450000
2022-06-10T08:09:00+00:00,65690.770000
2022-06-10T13:54:00+00:00,65689.290000
2022-06-10T20:09:00+00:00,66136.810000
2022-06-13T13:39:00+00:00,66130.150000
2022-06-13T13:49:00+00:00,66541.190000
2022-06-13T13:49:00+00:00,66534.990000
2022-06-13T14:14:00+00:00,66533.510000
2022-06-13T20:09:00+00:00,66948.030000
2022-06-14T12:09:00+00:00,66942.110000
2022-06-14T12:34:00+00:00,67389.150000
2022-06-14T12:34:00+00:00,67384.190000
2022-06-14T13:34:00+00:00,67379.750000
2022-06-14T13:44:00+00:00,67879.280000
2022-06-14T13:59:00+00:00,67875.560000
2022-06-14T13:59:00+00:00,67872.600000
2022-06-14T14:14:00+00:00,67281.640000
2022-06-14T14:44:00+00:00,67280.160000
2022-06-14T17:24:00+00:00,66676.680000
2022-06-14T17:34:00+00:00,66672.240000
2022-06-14T19:04:00+00:00,67169.520000
2022-06-14T19:19:00+00:00,67999.800000
2022-06-15T07:54:00+00:00,67993.140000
2022-06-15T08:29:00+00:00,67329.480000
2022-06-15T14:04:00+00:00,67327.260000
2022-06-15T18:04:00+00:00,66794.040000
2022-06-15T18:49:00+00:00,66793.300000
2022-06-15T20:09:00+00:00,66734.560000
2022-06-16T14:04:00+00:00,66733.080000
2022-06-16T20:09:00+00:00,67033.600000
2022-06-17T00:09:00+00:00,67028.420000
2022-06-17T01:54:00+00:00,66382.740000
2022-06-17T06:34:00+00:00,66376.080000
2022-06-17T06:59:00+00:00,66247.920000
2022-06-17T06:59:00+00:00,66244.960000
2022-06-17T08:34:00+00:00,65654.000000
2022-06-17T09:59:00+00:00,65651.040000
2022-06-17T13:04:00+00:00,65104.080000
2022-06-17T13:54:00+00:00,65102.600000
2022-06-17T14:24:00+00:00,64523.120000
2022-06-20T00:09:00+00:00,64511.280000
2022-06-20T00:19:00+00:00,64967.360000
2022-06-20T01:19:00+00:00,65731.440000
2022-06-20T07:14:00+00:00,65722.560000
2022-06-20T08:09:00+00:00,65065.680000
2022-06-20T13:49:00+00:00,65059.760000
2022-06-20T14:04:00+00:00,64421.840000
2022-06-20T16:54:00+00:00,64417.400000
2022-06-21T03:14:00+00:00,64858.430000
2022-06-21T11:14:00+00:00,65213.210000
2022-06-21T11:14:00+00:00,65208.770000
2022-06-21T13:09:00+00:00,65246.330000
2022-06-21T13:09:00+00:00,65239.670000
2022-06-21T13:39:00+00:00,65656.710000
2022-06-21T13:39:00+00:00,66528.010000
2022-06-21T13:59:00+00:00,66526.530000
2022-06-21T20:09:00+00:00,66309.050000
2022-06-22T00:09:00+00:00,66299.430000
2022-06-22T01:39:00+00:00,66722.490000
2022-06-22T02:44:00+00:00,67548.560000
2022-06-22T10:54:00+00:00,67544.860000
2022-06-22T13:29:00+00:00,67907.880000
2022-06-22T13:49:00+00:00,68816.910000
2022-06-22T13:49:00+00:00,68814.690000
2022-06-22T14:19:00+00:00,69073.450000
2022-06-22T15:49:00+00:00,69456.970000
2022-06-22T15:49:00+00:00,69452.530000
2022-06-22T18:09:00+00:00,68752.090000
2022-06-22T18:14:00+00:00,68750.610000
2022-06-22T19:39:00+00:00,68229.130000
2022-06-23T13:54:00+00:00,68227.650000
2022-06-23T14:09:00+00:00,67731.170000
2022-06-23T15:09:00+00:00,67726.730000
2022-06-23T16:04:00+00:00,68185.760000
2022-06-23T16:54:00+00:00,68952.290000
2022-06-24T07:14:00+00:00,68944.150000
2022-06-24T13:34:00+00:00,69375.450000
2022-06-24T13:34:00+00:00,70241.010000
2022-06-24T13:49:00+00:00,70239.530000
2022-06-24T20:09:00+00:00,70838.050000
2022-06-27T10:24:00+00:00,70821.770000
2022-06-27T10:29:00+00:00,70112.490000
2022-06-27T13:39:00+00:00,70108.790000
2022-06-27T13:49:00+00:00,70108.050000
2022-06-27T14:09:00+00:00,70341.850000
2022-06-27T14:09:00+00:00,70239.110000
2022-06-27T14:14:00+00:00,70236.890000
2022-06-27T20:09:00+00:00,70282.670000
2022-06-28T14:09:00+00:00,70281.190000
2022-06-28T15:44:00+00:00,70699.700000
2022-06-28T19:09:00+00:00,71397.710000
2022-06-29T12:29:00+00:00,71389.570000
2022-06-29T13:34:00+00:00,71854.620000
2022-06-29T13:34:00+00:00,71847.180000
2022-06-29T13:54:00+00:00,71845.700000
2022-06-29T13:59:00+00:00,71843.480000
2022-06-29T20:09:00+00:00,71750.000000
2022-06-29T20:09:00+00:00,71708.780000
2022-06-30T13:44:00+00:00,71706.560000
2022-06-30T13:54:00+00:00,71705.080000
2022-06-30T15:24:00+00:00,71080.360000
2022-06-30T15:29:00+00:00,70370.880000
2022-06-30T23:34:00+00:00,70362.740000
2022-07-01T01:39:00+00:00,69661.600000
2022-07-01T13:49:00+00:00,69660.120000
2022-07-01T13:54:00+00:00,69658.640000
2022-07-01T14:29:00+00:00,69156.160000
2022-07-01T14:34:00+00:00,68628.680000
2022-07-03T23:09:00+00:00,68622.020000
2022-07-03T23:34:00+00:00,67989.860000
2022-07-04T14:09:00+00:00,67981.720000
2022-07-04T16:14:00+00:00,67462.080000
2022-07-04T16:14:00+00:00,67455.420000
2022-07-04T22:14:00+00:00,67860.460000
2022-07-04T22:59:00+00:00,68706.760000
2022-07-05T06:54:00+00:00,68684.560000
2022-07-05T07:04:00+00:00,69179.710000
2022-07-05T07:04:00+00:00,69161.110000
2022-07-05T13:54:00+00:00,69157.410000
2022-07-05T14:14:00+00:00,69155.930000
2022-07-05T14:39:00+00:00,69533.950000
2022-07-05T14:44:00+00:00,70480.480000
2022-07-05T17:39:00+00:00,70835.240000
2022-07-05T19:34:00+00:00,71427.000000
2022-07-06T10:49:00+00:00,71418.120000
2022-07-06T11:54:00+00:00,71935.680000
2022-07-06T12:39:00+00:00,71928.240000
2022-07-06T18:34:00+00:00,71924.540000
2022-07-06T20:09:00+00:00,71925.840000
2022-07-07T00:09:00+00:00,71912.520000
2022-07-07T00:44:00+00:00,71179.200000
2022-07-07T07:29:00+00:00,71167.360000
2022-07-07T08:09:00+00:00,71665.440000
2022-07-07T08:49:00+00:00,71655.520000
2022-07-07T13:49:00+00:00,71653.300000
2022-07-07T20:09:00+00:00,72233.080000
2022-07-08T02:54:00+00:00,72224.940000
2022-07-08T12:34:00+00:00,72686.240000
2022-07-08T12:34:00+00:00,72678.800000
2022-07-08T12:39:00+00:00,72675.100000
2022-07-08T14:29:00+00:00,72018.900000
2022-07-08T14:29:00+00:00,72017.420000
2022-07-08T20:09:00+00:00,72192.940000
2022-07-11T01:09:00+00:00,72178.140000
2022-07-11T01:39:00+00:00,72688.240000
2022-07-11T02:04:00+00:00,73543.340000
2022-07-11T12:29:00+00:00,73532.980000
2022-07-11T13:34:00+00:00,72815.620000
2022-07-11T13:54:00+00:00,72814.880000
2022-07-11T20:09:00+00:00,72728.140000
2022-07-12T13:49:00+00:00,72725.920000
2022-07-12T19:29:00+00:00,73063.430000
2022-07-12T20:09:00+00:00,73630.950000
2022-07-12T23:39:00+00:00,73612.450000
2022-07-12T23:54:00+00:00,72868.950000
2022-07-13T11:29:00+00:00,72853.410000
2022-07-13T11:49:00+00:00,72102.870000
2022-07-13T13:49:00+00:00,72101.390000
2022-07-13T20:09:00+00:00,72305.910000
2022-07-14T05:29:00+00:00,72295.550000
2022-07-14T06:04:00+00:00,72810.120000
2022-07-14T07:09:00+00:00,73671.190000
2022-07-14T07:24:00+00:00,73663.790000
2022-07-14T07:54:00+00:00,72936.390000
2022-07-14T10:54:00+00:00,72928.250000
2022-07-14T12:34:00+00:00,72210.610000
2022-07-14T13:54:00+00:00,72203.950000
2022-07-14T14:04:00+00:00,71472.790000
2022-07-14T14:04:00+00:00,71471.310000
2022-07-14T15:44:00+00:00,70831.830000
2022-07-15T12:44:00+00:00,70828.870000
2022-07-15T13:34:00+00:00,71314.890000
2022-07-15T13:49:00+00:00,71554.410000
2022-07-15T13:49:00+00:00,71552.190000
2022-07-15T13:54:00+00:00,71549.230000
2022-07-15T14:04:00+00:00,70998.010000
2022-07-15T14:04:00+00:00,70359.050000
2022-07-18T13:49:00+00:00,70356.090000
2022-07-18T17:34:00+00:00,69755.130000
2022-07-19T05:19:00+00:00,69741.070000
2022-07-19T07:04:00+00:00,70206.910000
2022-07-19T07:04:00+00:00,70194.510000
2022-07-19T07:39:00+00:00,70187.850000
2022-07-19T09:04:00+00:00,69479.190000
2022-07-19T14:29:00+00:00,69476.230000
2022-07-19T17:34:00+00:00,69981.750000
2022-07-19T20:09:00+00:00,70801.270000
2022-07-20T07:44:00+00:00,70796.090000
2022-07-20T13:39:00+00:00,70108.410000
2022-07-20T14:14:00+00:00,70105.450000
2022-07-20T14:54:00+00:00,70609.470000
2022-07-20T20:09:00+00:00,71166.990000
2022-07-21T08:39:00+00:00,71154.410000
2022-07-21T09:24:00+00:00,71634.490000
2022-07-21T10:04:00+00:00,72539.080000
2022-07-21T13:54:00+00:00,72536.860000
2022-07-21T14:14:00+00:00,71909.140000
2022-07-22T11:09:00+00:00,71898.780000
2022-07-22T11:44:00+00:00,71167.420000
2022-07-22T13:44:00+00:00,71163.720000
2022-07-22T13:49:00+00:00,71161.500000
2022-07-22T14:04:00+00:00,70490.300000
2022-07-22T14:04:00+00:00,69942.080000
2022-07-25T14:14:00+00:00,69939.860000
2022-07-25T20:09:00+00:00,69849.140000
2022-07-26T06:14:00+00:00,69835.080000
2022-07-26T07:29:00+00:00,69146.520000
2022-07-26T13:49:00+00:00,69143.560000
2022-07-26T18:29:00+00:00,69616.080000
2022-07-26T19:59:00+00:00,70020.600000
2022-07-27T07:09:00+00:00,70005.800000
2022-07-27T07:49:00+00:00,70500.900000
2022-07-27T08:09:00+00:00,71331.000000
2022-07-27T13:49:00+00:00,71328.780000
2022-07-27T18:44:00+00:00,71674.540000
2022-07-27T19:29:00+00:00,72828.060000
2022-07-28T13:04:00+00:00,72822.140000
2022-07-28T13:29:00+00:00,72132.220000
2022-07-28T13:49:00+00:00,72130.740000
2022-07-28T15:29:00+00:00,71525.260000
2022-07-29T05:29:00+00:00,71514.160000
2022-07-29T07:39:00+00:00,71428.060000
2022-07-29T07:39:00+00:00,71414.740000
2022-07-29T08:44:00+00:00,71941.330000
2022-07-29T08:54:00+00:00,72823.420000
2022-07-29T13:49:00+00:00,72820.460000
2022-07-29T13:59:00+00:00,72818.240000
2022-07-29T19:34:00+00:00,73361.260000
2022-07-29T20:09:00+00:00,73774.780000
2022-07-29T20:09:00+00:00,74362.060000
2022-07-31T22:09:00+00:00,74356.140000
2022-08-01T11:49:00+00:00,73606.220000
2022-08-01T13:54:00+00:00,73604.740000
2022-08-01T14:24:00+00:00,73613.260000
2022-08-01T14:24:00+00:00,73607.340000
2022-08-01T14:44:00+00:00,72929.420000
2022-08-02T05:24:00+00:00,72917.580000
2022-08-02T07:09:00+00:00,73427.660000
2022-08-02T07:19:00+00:00,74281.740000
2022-08-02T12:29:00+00:00,74276.560000
2022-08-02T13:44:00+00:00,74735.590000
2022-08-02T14:09:00+00:00,74730.630000
2022-08-02T14:09:00+00:00,74727.670000
2022-08-02T14:44:00+00:00,74000.710000
2022-08-02T23:44:00+00:00,73988.130000
2022-08-03T00:44:00+00:00,74492.210000
2022-08-03T01:34:00+00:00,74481.050000
2022-08-03T11:14:00+00:00,74477.350000
2022-08-03T13:39:00+00:00,74853.870000
2022-08-03T13:54:00+00:00,74851.650000
2022-08-03T14:04:00+00:00,75794.430000
2022-08-03T16:54:00+00:00,76128.190000
2022-08-03T20:04:00+00:00,76736.710000
2022-08-03T22:54:00+00:00,76715.250000
2022-08-04T00:04:00+00:00,75925.290000
2022-08-04T05:24:00+00:00,75906.790000
2022-08-04T07:04:00+00:00,75125.790000
2022-08-04T14:29:00+00:00,75122.830000
2022-08-04T19:14:00+00:00,74413.870000
2022-08-04T19:29:00+00:00,74402.030000
2022-08-04T19:44:00+00:00,74954.110000
2022-08-04T20:04:00+00:00,74944.190000
2022-08-05T06:04:00+00:00,74921.990000
2022-08-05T06:44:00+00:00,74239.790000
2022-08-05T12:39:00+00:00,74233.130000
2022-08-05T12:49:00+00:00,74704.170000
2022-08-05T13:39:00+00:00,74697.970000
2022-08-05T14:04:00+00:00,74695.750000
2022-08-05T15:29:00+00:00,74012.530000
2022-08-08T08:14:00+00:00,74002.170000
2022-08-08T10:44:00+00:00,73291.810000
2022-08-08T13:49:00+00:00,73290.330000
2022-08-08T13:54:00+00:00,73288.850000
2022-08-08T15:39:00+00:00,72785.370000
2022-08-08T15:44:00+00:00,72116.890000
2022-08-09T07:24:00+00:00,72105.790000
2022-08-09T08:29:00+00:00,71629.690000
2022-08-09T08:29:00+00:00,71619.330000
2022-08-09T09:59:00+00:00,70922.970000
2022-08-09T13:54:00+00:00,70920.750000
2022-08-09T20:09:00+00:00,70777.530000
2022-08-10T00:09:00+00:00,70760.510000
2022-08-10T01:19:00+00:00,70041.990000
2022-08-10T04:09:00+00:00,70027.190000
2022-08-10T05:54:00+00:00,69322.390000
2022-08-10T14:19:00+00:00,69320.170000
2022-08-10T15:04:00+00:00,68735.950000
2022-08-11T14:04:00+00:00,68732.990000
2022-08-11T15:09:00+00:00,68154.030000
2022-08-12T00:14:00+00:00,68145.150000
2022-08-12T06:09:00+00:00,67464.270000
2022-08-12T07:09:00+00:00,67453.910000
2022-08-12T07:29:00+00:00,66799.550000
2022-08-12T13:49:00+00:00,66795.850000
2022-08-12T14:19:00+00:00,66793.630000
2022-08-12T15:24:00+00:00,67164.150000
2022-08-12T19:04:00+00:00,68091.930000
2022-08-12T20:09:00+00:00,68734.710000
2022-08-15T01:39:00+00:00,68722.870000
2022-08-15T07:14:00+00:00,68031.030000
2022-08-15T12:44:00+00:00,68021.410000
2022-08-15T13:09:00+00:00,68024.790000
2022-08-15T13:09:00+00:00,68011.470000
2022-08-15T13:34:00+00:00,68497.560000
2022-08-15T13:34:00+00:00,69312.150000
2022-08-15T13:54:00+00:00,69309.190000
2022-08-15T14:19:00+00:00,68904.230000
2022-08-15T14:19:00+00:00,68900.530000
2022-08-15T15:44:00+00:00,68261.830000
2022-08-16T12:19:00+00:00,68255.170000
2022-08-16T12:49:00+00:00,67627.510000
2022-08-16T13:49:00+00:00,67623.810000
2022-08-16T15:49:00+00:00,67015.110000
2022-08-17T00:34:00+00:00,66999.570000
2022-08-17T06:14:00+00:00,66992.910000
2022-08-17T06:39:00+00:00,67458.010000
2022-08-17T07:09:00+00:00,67635.050000
2022-08-17T07:19:00+00:00,68493.160000
2022-08-17T07:44:00+00:00,68864.460000
2022-08-17T14:14:00+00:00,68861.500000
2022-08-17T18:09:00+00:00,68200.540000
2022-08-18T07:24:00+00:00,68196.100000
2022-08-18T09:09:00+00:00,67567.660000
2022-08-18T14:44:00+00:00,67564.700000
2022-08-18T20:09:00+00:00,67729.740000
2022-08-19T13:49:00+00:00,67727.520000
2022-08-19T19:19:00+00:00,68113.800000
2022-08-19T19:19:00+00:00,68099.740000
2022-08-19T20:09:00+00:00,68066.680000
2022-08-22T09:54:00+00:00,68053.360000
2022-08-22T12:14:00+00:00,67383.040000
2022-08-22T13:49:00+00:00,67380.080000
2022-08-22T18:44:00+00:00,67830.100000
2022-08-22T20:09:00+00:00,68197.620000
2022-08-23T00:09:00+00:00,68175.420000
2022-08-23T00:29:00+00:00,67508.220000
2022-08-23T01:14:00+00:00,67486.760000
2022-08-23T01:59:00+00:00,66783.800000
2022-08-23T13:49:00+00:00,66779.360000
2022-08-23T13:54:00+00:00,66432.920000
2022-08-23T13:54:00+00:00,66430.700000
2022-08-23T20:09:00+00:00,65979.980000
2022-08-24T06:44:00+00:00,65975.540000
2022-08-24T14:14:00+00:00,65971.840000
2022-08-24T14:39:00+00:00,66419.620000
2022-08-24T15:49:00+00:00,66764.640000
2022-08-24T15:54:00+00:00,67512.420000
2022-08-24T20:09:00+00:00,67759.200000
2022-08-25T13:59:00+00:00,67754.020000
2022-08-25T14:44:00+00:00,68154.550000
2022-08-25T15:14:00+00:00,68149.590000
2022-08-26T07:09:00+00:00,68142.190000
2022-08-26T09:54:00+00:00,68618.490000
2022-08-26T11:19:00+00:00,68964.790000
2022-08-26T11:19:00+00:00,68949.250000
2022-08-26T11:54:00+00:00,69421.850000
2022-08-26T12:34:00+00:00,69408.210000
2022-08-26T13:34:00+00:00,69404.510000
2022-08-26T13:49:00+00:00,69399.330000
2022-08-26T14:04:00+00:00,69772.850000
2022-08-26T14:04:00+00:00,70708.130000
2022-08-26T14:04:00+00:00,71144.660000
2022-08-26T14:04:00+00:00,71139.700000
2022-08-26T14:14:00+00:00,71138.960000
2022-08-26T14:34:00+00:00,70779.220000
2022-08-29T04:24:00+00:00,70764.420000
2022-08-29T05:59:00+00:00,71282.020000
2022-08-29T06:09:00+00:00,71269.620000
2022-08-29T07:39:00+00:00,71263.700000
2022-08-29T08:39:00+00:00,70573.780000
2022-08-29T14:54:00+00:00,70572.300000
2022-08-29T17:49:00+00:00,70034.820000
2022-08-30T12:09:00+00:00,70023.720000
2022-08-30T12:24:00+00:00,69337.620000
2022-08-30T13:49:00+00:00,69336.140000
2022-08-30T13:54:00+00:00,69333.920000
2022-08-30T14:34:00+00:00,69696.930000
2022-08-30T14:34:00+00:00,69972.940000
2022-08-30T17:24:00+00:00,70893.960000
2022-08-30T20:09:00+00:00,71200.720000
2022-08-31T13:49:00+00:00,71197.760000
2022-08-31T13:54:00+00:00,71195.540000
2022-08-31T14:19:00+00:00,70516.580000
2022-08-31T14:19:00+00:00,69863.360000
2022-09-01T13:14:00+00:00,69856.700000
2022-09-01T13:34:00+00:00,69215.540000
2022-09-01T14:04:00+00:00,69213.320000
2022-09-01T19:09:00+00:00,68660.600000
2022-09-02T07:09:00+00:00,68645.060000
2022-09-02T07:34:00+00:00,67947.020000
2022-09-02T14:04:00+00:00,67945.540000
2022-09-02T14:19:00+00:00,67572.060000
2022-09-02T14:19:00+00:00,67569.840000
2022-09-02T16:34:00+00:00,66987.120000
2022-09-05T00:24:00+00:00,66976.760000
2022-09-05T05:59:00+00:00,67470.330000
2022-09-05T06:09:00+00:00,67461.650000
2022-09-05T08:34:00+00:00,67452.770000
2022-09-05T11:54:00+00:00,66777.890000
2022-09-05T14:34:00+00:00,66773.450000
2022-09-05T16:49:00+00:00,66472.010000
2022-09-05T16:49:00+00:00,66464.610000
2022-09-05T22:29:00+00:00,66037.210000
2022-09-05T22:29:00+00:00,66026.110000
2022-09-05T22:44:00+00:00,66456.680000
2022-09-05T23:34:00+00:00,66446.760000
2022-09-06T11:59:00+00:00,66436.400000
2022-09-06T12:34:00+00:00,65796.040000
2022-09-06T13:49:00+00:00,65793.820000
2022-09-06T17:14:00+00:00,65792.340000
2022-09-06T19:49:00+00:00,65976.120000
2022-09-06T19:49:00+00:00,65766.640000
2022-09-07T02:59:00+00:00,65755.540000
2022-09-07T04:54:00+00:00,65091.940000
2022-09-07T06:19:00+00:00,65086.760000
2022-09-07T08:09:00+00:00,65485.040000
2022-09-07T11:39:00+00:00,65480.080000
2022-09-07T15:14:00+00:00,65477.860000
2022-09-07T19:14:00+00:00,65789.120000
2022-09-07T20:09:00+00:00,66244.640000
2022-09-08T01:24:00+00:00,66229.840000
2022-09-08T06:04:00+00:00,65555.040000
2022-09-08T13:54:00+00:00,65553.560000
2022-09-08T14:09:00+00:00,65425.080000
2022-09-08T14:09:00+00:00,65421.380000
2022-09-08T14:24:00+00:00,64837.680000
2022-09-09T07:09:00+00:00,64831.020000
2022-09-09T07:29:00+00:00,65218.060000
2022-09-09T12:59:00+00:00,65601.860000
2022-09-09T12:59:00+00:00,65592.240000
2022-09-09T13:29:00+00:00,66019.800000
2022-09-09T13:34:00+00:00,66011.120000
2022-09-09T13:39:00+00:00,66005.200000
2022-09-09T13:59:00+00:00,66002.980000
2022-09-09T14:04:00+00:00,66480.020000
2022-09-09T14:44:00+00:00,67277.060000
2022-09-09T20:09:00+00:00,67765.340000
2022-09-12T05:04:00+00:00,67755.720000
2022-09-12T06:39:00+00:00,67063.600000
2022-09-12T13:54:00+00:00,67060.640000
2022-09-12T16:14:00+00:00,66511.680000
2022-09-13T12:39:00+00:00,66507.980000
2022-09-13T13:39:00+00:00,66902.500000
2022-09-13T13:59:00+00:00,66901.020000
2022-09-13T14:34:00+00:00,67888.800000
2022-09-13T18:54:00+00:00,68248.060000
2022-09-13T19:49:00+00:00,68847.320000
2022-09-14T05:49:00+00:00,68825.120000
2022-09-14T05:59:00+00:00,69286.520000
2022-09-14T06:14:00+00:00,69267.920000
2022-09-14T07:39:00+00:00,69262.000000
2022-09-14T08:34:00+00:00,69733.040000
2022-09-14T11:24:00+00:00,69728.080000
2022-09-14T13:59:00+00:00,69725.860000
2022-09-14T14:34:00+00:00,69152.140000
2022-09-15T05:54:00+00:00,69135.120000
2022-09-15T07:09:00+00:00,69605.480000
2022-09-15T07:54:00+00:00,70466.600000
2022-09-15T13:49:00+00:00,70464.380000
2022-09-15T14:29:00+00:00,69910.160000
2022-09-16T13:59:00+00:00,69907.200000
2022-09-16T14:14:00+00:00,69286.240000
2022-09-16T19:19:00+00:00,69280.320000
2022-09-16T19:24:00+00:00,68606.400000
2022-09-19T05:34:00+00:00,68584.200000
2022-09-19T05:59:00+00:00,68989.350000
2022-09-19T05:59:00+00:00,69672.000000
2022-09-19T06:24:00+00:00,69660.160000
2022-09-19T07:09:00+00:00,68968.320000
2022-09-19T13:54:00+00:00,68966.100000
2022-09-19T20:09:00+00:00,69664.380000
2022-09-20T13:39:00+00:00,69654.020000
2022-09-20T14:09:00+00:00,70163.340000
2022-09-20T14:14:00+00:00,70154.660000
2022-09-20T14:54:00+00:00,70150.960000
2022-09-20T17:29:00+00:00,69484.760000
2022-09-20T18:39:00+00:00,69483.280000
2022-09-20T18:54:00+00:00,69346.800000
2022-09-20T18:54:00+00:00,69342.360000
2022-09-20T20:09:00+00:00,70006.920000
2022-09-21T06:04:00+00:00,69998.780000
2022-09-21T07:04:00+00:00,70471.330000
2022-09-21T07:24:00+00:00,70745.890000
2022-09-21T07:24:00+00:00,70737.010000
2022-09-21T11:54:00+00:00,71236.570000
2022-09-21T12:34:00+00:00,72072.130000
2022-09-21T13:49:00+00:00,72066.950000
2022-09-21T18:04:00+00:00,71347.770000
2022-09-21T18:09:00+00:00,71344.810000
2022-09-21T18:34:00+00:00,70759.850000
2022-09-21T18:49:00+00:00,70759.110000
2022-09-21T19:39:00+00:00,70273.870000
2022-09-22T09:14:00+00:00,70270.910000
2022-09-22T13:44:00+00:00,70743.430000
2022-09-22T14:04:00+00:00,70741.210000
2022-09-22T15:04:00+00:00,71529.730000
2022-09-22T19:49:00+00:00,70911.010000
2022-09-23T13:54:00+00:00,70908.790000
2022-09-23T18:59:00+00:00,71190.050000
2022-09-23T19:44:00+00:00,71187.570000
2022-09-26T00:14:00+00:00,71183.130000
2022-09-26T00:59:00+00:00,70548.690000
2022-09-26T13:54:00+00:00,70547.210000
2022-09-26T16:29:00+00:00,70056.730000
2022-09-27T13:39:00+00:00,70050.070000
2022-09-27T13:49:00+00:00,69372.910000
2022-09-27T13:54:00+00:00,69366.990000
2022-09-27T14:04:00+00:00,69850.030000
2022-09-27T14:04:00+00:00,69848.550000
2022-09-27T14:54:00+00:00,69843.590000
2022-09-27T20:09:00+00:00,70206.110000
2022-09-28T13:49:00+00:00,70204.630000
2022-09-28T14:24:00+00:00,70202.410000
2022-09-28T19:04:00+00:00,70620.920000
2022-09-28T19:04:00+00:00,70936.680000
2022-09-28T20:09:00+00:00,71415.440000
2022-09-28T20:09:00+00:00,72162.960000
2022-09-29T10:09:00+00:00,72158.520000
2022-09-29T11:19:00+00:00,71500.080000
2022-09-29T13:49:00+00:00,71498.600000
2022-09-29T18:34:00+00:00,72035.120000
2022-09-29T18:34:00+00:00,72026.980000
2022-09-29T19:19:00+00:00,72503.280000
2022-09-29T19:34:00+00:00,73458.840000
2022-09-30T09:09:00+00:00,73449.960000
2022-09-30T10:54:00+00:00,73967.520000
2022-09-30T11:09:00+00:00,74833.080000
2022-09-30T12:34:00+00:00,74831.600000
2022-09-30T14:24:00+00:00,74829.380000
2022-09-30T18:44:00+00:00,74195.660000
2022-09-30T19:29:00+00:00,73684.180000
2022-10-03T03:04:00+00:00,73677.520000
2022-10-03T05:54:00+00:00,72932.860000
2022-10-03T06:29:00+00:00,72928.420000
2022-10-03T11:59:00+00:00,72230.980000
2022-10-03T13:54:00+00:00,72228.020000
2022-10-03T14:04:00+00:00,72225.800000
2022-10-03T14:34:00+00:00,72668.320000
2022-10-03T18:14:00+00:00,73406.840000
2022-10-03T18:44:00+00:00,73758.600000
2022-10-03T20:09:00+00:00,74389.120000
2022-10-04T09:34:00+00:00,74385.420000
2022-10-04T13:49:00+00:00,74778.440000
2022-10-04T13:49:00+00:00,74775.480000
2022-10-04T14:04:00+00:00,75759.510000
2022-10-04T20:09:00+00:00,76218.550000
2022-10-05T01:39:00+00:00,76211.890000
2022-10-05T08:29:00+00:00,76688.930000
2022-10-05T13:44:00+00:00,77685.230000
2022-10-05T14:04:00+00:00,77683.010000
2022-10-05T16:49:00+00:00,77044.790000
2022-10-06T12:19:00+00:00,77039.610000
2022-10-06T13:39:00+00:00,77532.390000
2022-10-06T14:04:00+00:00,77527.430000
2022-10-06T14:04:00+00:00,77523.730000
2022-10-06T15:24:00+00:00,76842.530000
2022-10-06T23:09:00+00:00,76832.170000
2022-10-07T02:19:00+00:00,77399.240000
2022-10-07T04:39:00+00:00,77530.560000
2022-10-07T04:39:00+00:00,77524.640000
2022-10-07T05:29:00+00:00,77626.720000
2022-10-07T05:29:00+00:00,77604.520000
2022-10-07T05:49:00+00:00,78155.920000
2022-10-07T06:04:00+00:00,78137.320000
2022-10-07T13:49:00+00:00,78134.360000
2022-10-07T16:49:00+00:00,78677.380000
2022-10-07T20:09:00+00:00,79344.900000
2022-10-10T05:34:00+00:00,79336.020000
2022-10-10T06:54:00+00:00,78559.140000
2022-10-10T13:39:00+00:00,78551.740000
2022-10-10T13:49:00+00:00,77759.340000
2022-10-10T13:54:00+00:00,77757.120000
2022-10-10T20:09:00+00:00,77789.400000
2022-10-11T07:04:00+00:00,77785.700000
2022-10-11T07:29:00+00:00,77067.000000
2022-10-11T13:54:00+00:00,77064.040000
2022-10-11T15:39:00+00:00,76289.080000
2022-10-12T13:44:00+00:00,76285.380000
2022-10-12T14:09:00+00:00,75531.680000
2022-10-13T07:19:00+00:00,75523.540000
2022-10-13T07:39:00+00:00,75229.400000
2022-10-13T07:39:00+00:00,75207.200000
2022-10-13T07:44:00+00:00,74675.000000
2022-10-13T13:49:00+00:00,74672.780000
2022-10-13T15:09:00+00:00,74969.790000
2022-10-13T15:19:00+00:00,75960.810000
2022-10-14T03:39:00+00:00,75958.590000
2022-10-14T08:24:00+00:00,75329.370000
2022-10-14T12:54:00+00:00,75327.150000
2022-10-14T13:49:00+00:00,74663.430000
2022-10-14T13:49:00+00:00,74661.950000
2022-10-14T14:24:00+00:00,75068.460000
2022-10-14T19:59:00+00:00,75746.470000
2022-10-16T22:09:00+00:00,75741.290000
2022-10-17T06:19:00+00:00,76168.820000
2022-10-17T07:24:00+00:00,76543.860000
2022-10-17T07:24:00+00:00,76538.680000
2022-10-17T07:54:00+00:00,75767.000000
2022-10-17T12:29:00+00:00,75756.640000
2022-10-17T12:44:00+00:00,76286.960000
2022-10-17T13:04:00+00:00,77174.280000
2022-10-17T14:14:00+00:00,77172.060000
2022-10-17T20:09:00+00:00,77175.840000
2022-10-18T06:19:00+00:00,77156.600000
2022-10-18T06:44:00+00:00,77712.480000
2022-10-18T06:44:00+00:00,78645.360000
2022-10-18T13:54:00+00:00,78643.880000
2022-10-18T15:39:00+00:00,79040.640000
2022-10-18T17:04:00+00:00,79037.680000
2022-10-18T17:34:00+00:00,78336.720000
2022-10-18T20:09:00+00:00,78391.980000
2022-10-19T13:59:00+00:00,78387.540000
2022-10-19T14:19:00+00:00,78963.570000
2022-10-19T14:19:00+00:00,78961.350000
2022-10-19T16:44:00+00:00,78957.630000
2022-10-19T16:49:00+00:00,78272.910000
2022-10-20T12:49:00+00:00,78270.690000
2022-10-20T13:49:00+00:00,77812.470000
2022-10-20T13:49:00+00:00,77810.250000
2022-10-20T17:49:00+00:00,77196.030000
2022-10-21T06:24:00+00:00,77183.450000
2022-10-21T06:44:00+00:00,76414.370000
2022-10-21T07:24:00+00:00,76406.970000
2022-10-21T07:49:00+00:00,75694.570000
2022-10-21T13:49:00+00:00,75692.350000
2022-10-21T16:04:00+00:00,75980.360000
2022-10-21T19:14:00+00:00,76941.380000
2022-10-24T05:14:00+00:00,76931.020000
2022-10-24T06:34:00+00:00,76171.660000
2022-10-24T14:04:00+00:00,76169.440000
2022-10-24T15:54:00+00:00,75423.220000
2022-10-25T13:49:00+00:00,75421.000000
2022-10-25T18:49:00+00:00,75637.780000
2022-10-25T18:49:00+00:00,75625.200000
2022-10-25T19:09:00+00:00,74881.620000
2022-10-26T06:29:00+00:00,74869.780000
2022-10-26T07:04:00+00:00,74137.940000
2022-10-26T13:49:00+00:00,74134.980000
2022-10-26T14:49:00+00:00,74628.500000
2022-10-26T17:24:00+00:00,74626.020000
2022-10-27T13:49:00+00:00,74624.540000
2022-10-27T20:04:00+00:00,75043.050000
2022-10-27T20:09:00+00:00,75577.810000
2022-10-28T09:09:00+00:00,75565.970000
2022-10-28T09:59:00+00:00,74826.130000
2022-10-28T14:29:00+00:00,74824.650000
2022-10-28T20:09:00+00:00,75638.170000
2022-10-30T22:09:00+00:00,75628.550000
2022-10-30T23:14:00+00:00,74897.430000
2022-10-31T01:54:00+00:00,74886.330000
2022-10-31T03:34:00+00:00,75302.730000
2022-10-31T03:34:00+00:00,75284.230000
2022-10-31T03:54:00+00:00,74503.230000
2022-10-31T08:09:00+00:00,74489.910000
2022-10-31T11:04:00+00:00,73747.590000
2022-10-31T13:49:00+00:00,73744.630000
2022-10-31T20:09:00+00:00,73573.670000
2022-11-01T07:29:00+00:00,73558.870000
2022-11-01T07:59:00+00:00,72824.070000
2022-11-01T13:49:00+00:00,72821.110000
2022-11-01T14:14:00+00:00,73352.130000
2022-11-01T20:04:00+00:00,74238.150000
2022-11-02T14:14:00+00:00,74235.190000
2022-11-02T18:04:00+00:00,73636.230000
2022-11-02T18:09:00+00:00,73634.750000
2022-11-02T18:39:00+00:00,72974.270000
2022-11-02T18:59:00+00:00,72973.530000
2022-11-02T20:09:00+00:00,73444.790000
2022-11-03T08:14:00+00:00,73436.650000
2022-11-03T08:24:00+00:00,72741.010000
2022-11-03T13:49:00+00:00,72738.050000
2022-11-03T14:49:00+00:00,72139.090000
2022-11-04T13:39:00+00:00,72136.130000
2022-11-04T14:04:00+00:00,72075.170000
2022-11-04T14:04:00+00:00,72073.690000
2022-11-04T15:54:00+00:00,71616.210000
2022-11-04T15:54:00+00:00,71615.470000
2022-11-04T20:09:00+00:00,71268.230000
2022-11-07T01:39:00+00:00,71259.350000
2022-11-07T03:29:00+00:00,71776.910000
2022-11-07T07:34:00+00:00,71769.470000
2022-11-07T14:49:00+00:00,71767.250000
2022-11-07T19:19:00+00:00,71115.530000
2022-11-08T08:39:00+00:00,71106.650000
2022-11-08T09:29:00+00:00,71633.210000
2022-11-08T10:09:00+00:00,72513.770000
2022-11-08T10:29:00+00:00,72501.190000
2022-11-08T11:44:00+00:00,71766.110000
2022-11-08T15:19:00+00:00,71763.150000
2022-11-08T16:34:00+00:00,72199.670000
2022-11-08T18:34:00+00:00,72197.190000
2022-11-08T19:44:00+00:00,72191.270000
2022-11-08T20:19:00+00:00,72677.310000
2022-11-08T20:34:00+00:00,73489.350000
2022-11-09T07:19:00+00:00,73481.210000
2022-11-09T09:19:00+00:00,72752.570000
2022-11-09T15:09:00+00:00,72748.870000
2022-11-09T15:34:00+00:00,72067.670000
2022-11-09T15:34:00+00:00,72065.450000
2022-11-09T21:09:00+00:00,72792.230000
2022-11-10T08:19:00+00:00,72783.350000
2022-11-10T11:44:00+00:00,72072.470000
2022-11-10T13:39:00+00:00,72070.250000
2022-11-10T14:59:00+00:00,72389.760000
2022-11-10T14:59:00+00:00,72388.280000
2022-11-10T19:04:00+00:00,73454.300000
2022-11-10T21:09:00+00:00,74211.820000
2022-11-11T08:09:00+00:00,74199.980000
2022-11-11T08:19:00+00:00,73460.140000
2022-11-11T14:49:00+00:00,73454.960000
2022-11-11T15:04:00+00:00,72767.280000
2022-11-11T16:14:00+00:00,72761.360000
2022-11-11T17:19:00+00:00,72055.440000
2022-11-14T01:44:00+00:00,72048.040000
2022-11-14T13:19:00+00:00,71940.640000
2022-11-14T13:19:00+00:00,71933.980000
2022-11-14T14:29:00+00:00,71211.820000
2022-11-14T15:09:00+00:00,71208.120000
2022-11-14T16:19:00+00:00,70701.920000
2022-11-14T16:19:00+00:00,70698.220000
2022-11-14T16:39:00+00:00,70044.520000
2022-11-15T07:59:00+00:00,70030.460000
2022-11-15T09:09:00+00:00,69322.900000
2022-11-15T14:49:00+00:00,69319.940000
2022-11-15T18:29:00+00:00,69808.960000
2022-11-15T18:39:00+00:00,70624.980000
2022-11-16T05:14:00+00:00,70606.480000
2022-11-16T05:19:00+00:00,71092.600000
2022-11-16T05:19:00+00:00,71076.480000
2022-11-16T14:04:00+00:00,71073.520000
2022-11-16T14:49:00+00:00,71070.560000
2022-11-16T15:19:00+00:00,71522.080000
2022-11-16T20:49:00+00:00,71899.600000
2022-11-16T20:49:00+00:00,72000.640000
2022-11-17T07:19:00+00:00,71985.100000
2022-11-17T07:34:00+00:00,71245.060000
2022-11-17T14:39:00+00:00,71238.400000
2022-11-17T14:49:00+00:00,71235.440000
2022-11-17T15:19:00+00:00,71673.480000
2022-11-17T16:59:00+00:00,72588.530000
2022-11-17T17:59:00+00:00,73089.550000
2022-11-17T20:29:00+00:00,73087.070000
2022-11-18T05:29:00+00:00,73076.710000
2022-11-18T08:19:00+00:00,73612.280000
2022-11-18T08:59:00+00:00,73603.600000
2022-11-18T14:49:00+00:00,73601.380000
2022-11-18T14:59:00+00:00,73500.160000
2022-11-18T14:59:00+00:00,73477.960000
2022-11-18T15:04:00+00:00,73155.760000
2022-11-21T08:09:00+00:00,73138.740000
2022-11-21T08:19:00+00:00,72397.220000
2022-11-21T14:34:00+00:00,72392.040000
2022-11-21T14:49:00+00:00,71725.360000
2022-11-21T15:14:00+00:00,71722.400000
2022-11-21T21:09:00+00:00,71955.440000
2022-11-22T08:09:00+00:00,71939.900000
2022-11-22T08:24:00+00:00,71220.860000
2022-11-22T15:49:00+00:00,71218.640000
2022-11-22T21:09:00+00:00,71813.420000
2022-11-23T13:39:00+00:00,71802.320000
2022-11-23T13:49:00+00:00,71101.220000
2022-11-23T14:49:00+00:00,71098.260000
2022-11-23T17:59:00+00:00,70495.300000
2022-11-24T05:14:00+00:00,70474.580000
2022-11-24T07:24:00+00:00,69753.860000
2022-11-24T15:59:00+00:00,69740.540000
2022-11-25T00:19:00+00:00,69034.220000
2022-11-25T02:09:00+00:00,69015.720000
2022-11-25T05:34:00+00:00,68997.220000
2022-11-25T05:34:00+00:00,68975.020000
2022-11-25T08:04:00+00:00,69436.420000
2022-11-25T08:44:00+00:00,70212.820000
2022-11-25T15:19:00+00:00,70207.640000
2022-11-27T23:04:00+00:00,69502.460000
2022-11-28T09:24:00+00:00,69491.360000
2022-11-28T09:49:00+00:00,68812.760000
2022-11-28T15:54:00+00:00,68810.540000
2022-11-28T21:09:00+00:00,69231.320000
2022-11-29T14:59:00+00:00,69226.880000
2022-11-29T15:34:00+00:00,68625.440000
2022-11-30T05:44:00+00:00,68603.240000
2022-11-30T07:19:00+00:00,67981.040000
2022-11-30T13:24:00+00:00,67973.640000
2022-11-30T13:34:00+00:00,67336.240000
2022-11-30T13:39:00+00:00,67329.580000
2022-11-30T14:44:00+00:00,66697.420000
2022-11-30T14:49:00+00:00,66693.720000
2022-11-30T16:04:00+00:00,66315.020000
2022-11-30T16:04:00+00:00,66312.060000
2022-11-30T18:34:00+00:00,65771.100000
2022-12-01T01:44:00+00:00,65761.480000
2022-12-01T05:19:00+00:00,65108.360000
2022-12-01T13:54:00+00:00,65104.660000
2022-12-01T14:49:00+00:00,64698.460000
2022-12-01T14:49:00+00:00,64696.240000
2022-12-01T15:14:00+00:00,64193.020000
2022-12-01T16:04:00+00:00,64191.540000
2022-12-01T18:24:00+00:00,64058.060000
2022-12-01T18:24:00+00:00,64048.440000
2022-12-01T18:44:00+00:00,63434.320000
2022-12-02T04:39:00+00:00,63423.960000
2022-12-02T09:59:00+00:00,63875.530000
2022-12-02T12:04:00+00:00,63866.850000
2022-12-02T12:24:00+00:00,63855.010000
2022-12-02T13:34:00+00:00,63219.170000
2022-12-02T15:14:00+00:00,63216.950000
2022-12-02T21:09:00+00:00,63589.730000
2022-12-05T06:59:00+00:00,63567.530000
2022-12-05T07:09:00+00:00,62960.330000
2022-12-05T07:14:00+00:00,62943.310000
2022-12-05T08:09:00+00:00,63372.420000
2022-12-05T08:14:00+00:00,63357.540000
2022-12-05T13:29:00+00:00,63340.520000
2022-12-05T13:44:00+00:00,62679.500000
2022-12-05T15:04:00+00:00,62676.540000
2022-12-05T18:04:00+00:00,63057.560000
2022-12-05T19:49:00+00:00,63693.580000
2022-12-06T08:49:00+00:00,63687.660000
2022-12-06T13:54:00+00:00,63445.740000
2022-12-06T13:54:00+00:00,63441.300000
2022-12-06T14:44:00+00:00,63853.080000
2022-12-06T14:54:00+00:00,63851.600000
2022-12-06T14:59:00+00:00,64539.380000
2022-12-06T19:29:00+00:00,64870.890000
2022-12-06T21:09:00+00:00,65128.650000
2022-12-07T07:09:00+00:00,65114.590000
2022-12-07T07:14:00+00:00,64445.030000
2022-12-07T07:19:00+00:00,64436.890000
2022-12-07T09:49:00+00:00,64871.940000
2022-12-07T11:49:00+00:00,65745.000000
2022-12-07T14:49:00+00:00,65743.520000
2022-12-07T21:09:00+00:00,65653.040000
2022-12-08T10:49:00+00:00,65640.460000
2022-12-08T11:49:00+00:00,64990.380000
2022-12-08T14:59:00+00:00,64988.900000
2022-12-08T15:04:00+00:00,64986.680000
2022-12-08T18:59:00+00:00,65176.200000
2022-12-08T18:59:00+00:00,65400.480000
2022-12-08T19:04:00+00:00,65385.680000
2022-12-08T19:09:00+00:00,65858.280000
2022-12-08T19:09:00+00:00,65845.880000
2022-12-09T07:19:00+00:00,65828.860000
2022-12-09T07:29:00+00:00,65144.840000
2022-12-09T13:29:00+00:00,65138.920000
2022-12-09T13:34:00+00:00,64497.000000
2022-12-09T15:34:00+00:00,64494.780000
2022-12-09T21:09:00+00:00,64032.060000
2022-12-12T01:24:00+00:00,64015.040000
2022-12-12T03:44:00+00:00,64460.650000
2022-12-12T07:44:00+00:00,65276.770000
2022-12-12T13:44:00+00:00,65261.970000
2022-12-12T13:59:00+00:00,64877.170000
2022-12-12T13:59:00+00:00,64866.070000
2022-12-12T14:39:00+00:00,65291.390000
2022-12-12T14:39:00+00:00,65281.470000
2022-12-12T14:54:00+00:00,65273.330000
2022-12-12T15:34:00+00:00,64621.690000
2022-12-12T15:49:00+00:00,64617.990000
2022-12-12T16:09:00+00:00,64034.290000
2022-12-13T07:04:00+00:00,64027.630000
2022-12-13T09:49:00+00:00,64232.470000
2022-12-13T09:49:00+00:00,64222.110000
2022-12-13T10:29:00+00:00,63588.750000
2022-12-13T12:29:00+00:00,63584.310000
2022-12-13T13:29:00+00:00,63998.340000
2022-12-13T13:29:00+00:00,64689.870000
2022-12-13T14:39:00+00:00,64688.390000
2022-12-13T15:24:00+00:00,64686.910000
2022-12-13T16:49:00+00:00,65085.170000
2022-12-13T17:19:00+00:00,65749.430000
2022-12-13T17:19:00+00:00,66225.690000
2022-12-13T20:24:00+00:00,66611.450000
2022-12-13T20:24:00+00:00,66608.490000
2022-12-13T21:09:00+00:00,66801.530000
2022-12-14T14:39:00+00:00,66790.430000
2022-12-14T14:49:00+00:00,66111.830000
2022-12-14T14:59:00+00:00,66108.870000
2022-12-14T19:04:00+00:00,65469.910000
2022-12-14T19:09:00+00:00,65463.990000
2022-12-14T19:14:00+00:00,64870.070000
2022-12-15T14:49:00+00:00,64868.590000
2022-12-15T17:59:00+00:00,65193.350000
2022-12-15T20:19:00+00:00,65185.210000
2022-12-15T20:29:00+00:00,64522.570000
2022-12-15T21:09:00+00:00,64803.830000
2022-12-16T14:49:00+00:00,64800.870000
2022-12-16T15:09:00+00:00,64149.910000
2022-12-16T15:09:00+00:00,64144.730000
2022-12-16T15:39:00+00:00,64520.510000
2022-12-16T19:34:00+00:00,65357.550000
2022-12-19T14:09:00+00:00,65344.970000
2022-12-19T14:34:00+00:00,64686.390000
2022-12-19T14:49:00+00:00,64684.170000
2022-12-19T20:44:00+00:00,64948.180000
2022-12-19T21:09:00+00:00,65254.700000
2022-12-20T08:54:00+00:00,65251.740000
2022-12-20T09:54:00+00:00,65236.780000
2022-12-20T09:54:00+00:00,65227.900000
2022-12-20T11:19:00+00:00,64595.020000
2022-12-20T14:59:00+00:00,64592.800000
2022-12-20T15:04:00+00:00,64590.580000
2022-12-20T21:09:00+00:00,64711.360000
2022-12-20T21:09:00+00:00,64773.640000
2022-12-21T05:59:00+00:00,64761.060000
2022-12-21T07:54:00+00:00,64127.980000
2022-12-21T14:49:00+00:00,64125.760000
2022-12-21T21:09:00+00:00,64593.040000
2022-12-22T08:34:00+00:00,64578.980000
2022-12-22T09:34:00+00:00,65024.570000
2022-12-22T10:19:00+00:00,65854.670000
2022-12-22T14:49:00+00:00,65852.450000
2022-12-22T17:24:00+00:00,66171.960000
2022-12-22T21:09:00+00:00,66392.480000
2022-12-23T03:29:00+00:00,66388.780000
2022-12-23T09:19:00+00:00,66055.080000
2022-12-23T09:19:00+00:00,66046.940000
2022-12-23T10:24:00+00:00,65406.300000
2022-12-23T15:34:00+00:00,65404.820000
2022-12-23T21:09:00+00:00,65404.340000
2022-12-27T14:34:00+00:00,65401.380000
2022-12-27T14:49:00+00:00,65833.400000
2022-12-27T14:49:00+00:00,65831.920000
2022-12-27T21:09:00+00:00,66225.440000
2022-12-27T21:09:00+00:00,66258.960000
2022-12-28T00:09:00+00:00,66236.760000
2022-12-28T00:34:00+00:00,65584.560000
2022-12-28T05:24:00+00:00,65562.360000
2022-12-28T06:59:00+00:00,64925.160000
2022-12-28T14:39:00+00:00,64921.460000
2022-12-28T15:29:00+00:00,64325.260000
2022-12-28T15:59:00+00:00,64324.520000
2022-12-28T21:09:00+00:00,64407.280000
2022-12-29T15:09:00+00:00,64405.800000
2022-12-29T21:09:00+00:00,64659.320000
2022-12-30T14:49:00+00:00,64657.100000
2022-12-30T15:49:00+00:00,64155.380000
2023-01-03T00:19:00+00:00,64153.900000
2023-01-03T06:44:00+00:00,64133.180000
2023-01-03T06:59:00+00:00,63524.460000
2023-01-03T07:04:00+00:00,63451.980000
2023-01-03T07:04:00+00:00,63442.360000
2023-01-03T07:59:00+00:00,63856.420000
2023-01-03T08:04:00+00:00,64664.990000
2023-01-03T13:14:00+00:00,64662.770000
2023-01-03T14:44:00+00:00,64165.550000
2023-01-03T14:49:00+00:00,64164.070000
2023-01-03T16:14:00+00:00,64501.580000
2023-01-03T19:49:00+00:00,64724.340000
2023-01-03T19:49:00+00:00,64719.900000
2023-01-03T21:09:00+00:00,64433.460000
2023-01-04T06:59:00+00:00,64414.960000
2023-01-04T07:59:00+00:00,64856.080000
2023-01-04T08:14:00+00:00,65658.960000
2023-01-04T14:39:00+00:00,65655.260000
2023-01-04T15:04:00+00:00,65994.280000
2023-01-04T15:04:00+00:00,65990.560000
2023-01-04T15:04:00+00:00,65989.080000
2023-01-04T16:39:00+00:00,65460.600000
2023-01-04T20:04:00+00:00,65458.380000
2023-01-04T20:39:00+00:00,64952.160000
2023-01-05T18:29:00+00:00,64934.400000
2023-01-05T18:34:00+00:00,65402.520000
2023-01-05T18:34:00+00:00,65387.640000
2023-01-06T07:24:00+00:00,65379.500000
2023-01-06T09:24:00+00:00,65803.300000
2023-01-06T13:19:00+00:00,66653.860000
2023-01-06T15:39:00+00:00,66653.120000
2023-01-06T21:09:00+00:00,66955.880000
2023-01-09T09:59:00+00:00,66939.600000
2023-01-09T11:24:00+00:00,67418.210000
2023-01-09T12:14:00+00:00,67404.570000
2023-01-09T14:49:00+00:00,67401.610000
2023-01-09T20:34:00+00:00,66744.650000
2023-01-10T07:04:00+00:00,66736.510000
2023-01-10T10:39:00+00:00,67171.560000
2023-01-10T11:19:00+00:00,67164.120000
2023-01-10T11:19:00+00:00,67158.200000
2023-01-10T12:19:00+00:00,67644.240000
2023-01-10T14:14:00+00:00,67639.280000
2023-01-10T15:14:00+00:00,67637.800000
2023-01-10T15:44:00+00:00,67165.320000
2023-01-11T05:59:00+00:00,67144.600000
2023-01-11T07:04:00+00:00,67627.740000
2023-01-11T07:04:00+00:00,68439.880000
2023-01-11T11:39:00+00:00,68429.520000
2023-01-11T12:24:00+00:00,67761.160000
2023-01-11T15:09:00+00:00,67758.200000
2023-01-11T20:54:00+00:00,68164.720000
2023-01-11T21:09:00+00:00,68597.240000
2023-01-12T10:09:00+00:00,68577.260000
2023-01-12T12:19:00+00:00,67882.280000
2023-01-12T14:49:00+00:00,67881.540000
2023-01-12T17:19:00+00:00,67504.300000
2023-01-13T07:34:00+00:00,67482.100000
2023-01-13T07:39:00+00:00,67617.250000
2023-01-13T07:39:00+00:00,67598.650000
2023-01-13T15:04:00+00:00,67594.210000
2023-01-13T18:44:00+00:00,68095.990000
2023-01-13T20:39:00+00:00,68933.770000
2023-01-16T15:14:00+00:00,68924.890000
2023-01-16T23:09:00+00:00,68820.010000
2023-01-16T23:09:00+00:00,68805.950000
2023-01-17T00:04:00+00:00,68098.390000
2023-01-17T06:54:00+00:00,68082.110000
2023-01-17T07:14:00+00:00,67768.830000
2023-01-17T07:14:00+00:00,67754.770000
2023-01-17T09:09:00+00:00,68220.610000
2023-01-17T09:24:00+00:00,68208.210000
2023-01-17T09:29:00+00:00,68201.550000
2023-01-17T12:29:00+00:00,67528.890000
2023-01-17T15:04:00+00:00,67527.410000
2023-01-17T21:09:00+00:00,67386.930000
2023-01-18T06:54:00+00:00,67369.910000
2023-01-18T07:04:00+00:00,66674.390000
2023-01-18T08:59:00+00:00,66658.110000
2023-01-18T09:34:00+00:00,66311.830000
2023-01-18T09:34:00+00:00,66304.430000
2023-01-18T10:54:00+00:00,66042.030000
2023-01-18T10:54:00+00:00,66032.410000
2023-01-18T13:34:00+00:00,66468.970000
2023-01-18T13:34:00+00:00,66460.290000
2023-01-18T15:04:00+00:00,66456.590000
2023-01-18T15:39:00+00:00,65787.890000
2023-01-19T05:44:00+00:00,65773.090000
2023-01-19T06:24:00+00:00,65688.290000
2023-01-19T06:24:00+00:00,65671.270000
2023-01-19T06:59:00+00:00,64987.250000
2023-01-19T14:49:00+00:00,64982.070000
2023-01-19T14:59:00+00:00,64388.890000
2023-01-19T15:04:00+00:00,64383.710000
2023-01-19T15:49:00+00:00,63748.530000
2023-01-20T06:59:00+00:00,63730.030000
2023-01-20T07:24:00+00:00,64171.150000
2023-01-20T08:24:00+00:00,64155.030000
2023-01-20T14:39:00+00:00,64148.370000
2023-01-20T14:44:00+00:00,63556.710000
2023-01-20T14:54:00+00:00,63553.750000
2023-01-20T18:39:00+00:00,63987.270000
2023-01-20T20:04:00+00:00,64710.790000
2023-01-23T08:29:00+00:00,64701.170000
2023-01-23T12:44:00+00:00,64080.550000
2023-01-23T14:49:00+00:00,64079.070000
2023-01-23T16:19:00+00:00,64409.830000
2023-01-23T21:09:00+00:00,64684.590000
2023-01-24T07:39:00+00:00,64671.270000
2023-01-24T10:09:00+00:00,65143.860000
2023-01-24T11:09:00+00:00,65935.950000
2023-01-24T14:49:00+00:00,65932.990000
2023-01-24T15:09:00+00:00,65322.030000
2023-01-25T07:24:00+00:00,65314.630000
2023-01-25T08:19:00+00:00,64977.230000
2023-01-25T08:19:00+00:00,64963.170000
2023-01-25T09:54:00+00:00,65415.510000
2023-01-25T09:59:00+00:00,66258.110000
2023-01-25T14:54:00+00:00,66255.150000
2023-01-25T16:19:00+00:00,65670.190000
2023-01-26T13:44:00+00:00,65666.490000
2023-01-26T14:49:00+00:00,65712.790000
2023-01-26T14:49:00+00:00,65709.830000
2023-01-26T20:24:00+00:00,65080.870000
2023-01-27T01:29:00+00:00,65060.150000
2023-01-27T03:59:00+00:00,65522.290000
2023-01-27T06:49:00+00:00,66299.430000
2023-01-27T07:04:00+00:00,66284.630000
2023-01-27T08:24:00+00:00,66299.830000
2023-01-27T08:24:00+00:00,66288.730000
2023-01-27T10:24:00+00:00,65632.630000
2023-01-27T13:34:00+00:00,65627.450000
2023-01-27T14:49:00+00:00,66036.980000
2023-01-27T14:49:00+00:00,66034.760000
2023-01-27T15:09:00+00:00,66946.800000
2023-01-27T18:59:00+00:00,67208.560000
2023-01-27T21:09:00+00:00,67545.080000
2023-01-29T23:29:00+00:00,67542.860000
2023-01-30T09:39:00+00:00,67809.120000
2023-01-30T14:49:00+00:00,68118.640000
2023-01-30T14:49:00+00:00,68114.940000
2023-01-30T15:24:00+00:00,67511.240000
2023-01-31T00:09:00+00:00,67492.740000
2023-01-31T01:44:00+00:00,67311.740000
2023-01-31T01:44:00+00:00,67295.460000
2023-01-31T02:04:00+00:00,66619.180000
2023-01-31T06:24:00+00:00,66604.380000
2023-01-31T07:49:00+00:00,67091.980000
2023-01-31T07:49:00+00:00,67079.580000
2023-01-31T14:49:00+00:00,67076.620000
2023-01-31T20:59:00+00:00,67505.640000
2023-01-31T21:09:00+00:00,67928.160000
2023-02-01T06:49:00+00:00,67907.440000
2023-02-01T07:19:00+00:00,67200.720000
2023-02-01T14:59:00+00:00,67194.800000
2023-02-01T15:04:00+00:00,66524.880000
2023-02-01T15:54:00+00:00,66521.180000
2023-02-01T18:59:00+00:00,65954.980000
2023-02-02T01:39:00+00:00,65946.840000
2023-02-02T04:44:00+00:00,65278.700000
2023-02-02T04:44:00+00:00,65272.780000
2023-02-02T08:44:00+00:00,65722.820000
2023-02-02T13:34:00+00:00,66474.860000
2023-02-02T15:34:00+00:00,66473.380000
2023-02-02T21:09:00+00:00,66244.900000
2023-02-03T06:09:00+00:00,66237.500000
2023-02-03T07:29:00+00:00,65585.100000
2023-02-03T11:54:00+00:00,65572.520000
2023-02-03T12:04:00+00:00,64913.940000
2023-02-03T14:49:00+00:00,64913.200000
2023-02-03T18:59:00+00:00,64910.240000
2023-02-03T20:04:00+00:00,64307.280000
2023-02-03T21:09:00+00:00,64075.540000
2023-02-06T08:09:00+00:00,64064.440000
2023-02-06T08:29:00+00:00,63438.340000
2023-02-06T15:04:00+00:00,63435.380000
2023-02-06T15:19:00+00:00,62966.420000
2023-02-06T15:19:00+00:00,62961.240000
2023-02-06T15:54:00+00:00,62371.560000
2023-02-07T05:54:00+00:00,62363.420000
2023-02-07T08:09:00+00:00,62760.970000
2023-02-07T09:09:00+00:00,62753.530000
2023-02-07T11:34:00+00:00,62743.910000
2023-02-07T13:39:00+00:00,62123.290000
2023-02-07T15:09:00+00:00,62119.590000
2023-02-07T16:09:00+00:00,61545.890000
2023-02-08T12:24:00+00:00,61538.490000
2023-02-08T13:44:00+00:00,61981.040000
2023-02-08T14:54:00+00:00,62721.090000
2023-02-08T14:54:00+00:00,62718.130000
2023-02-08T16:14:00+00:00,63139.650000
2023-02-08T21:09:00+00:00,63696.170000
2023-02-09T14:49:00+00:00,63693.210000
2023-02-09T15:29:00+00:00,63691.730000
2023-02-09T16:24:00+00:00,64086.250000
2023-02-09T17:49:00+00:00,64744.770000
2023-02-09T19:34:00+00:00,65069.530000
2023-02-09T21:09:00+00:00,65447.790000
2023-02-10T05:09:00+00:00,65435.210000
2023-02-10T08:14:00+00:00,65867.290000
2023-02-10T08:29:00+00:00,66681.880000
2023-02-10T15:04:00+00:00,66679.660000
2023-02-10T15:14:00+00:00,66149.440000
2023-02-12T23:09:00+00:00,66145.000000
2023-02-13T07:39:00+00:00,66127.240000
2023-02-13T08:04:00+00:00,65521.480000
2023-02-13T09:04:00+00:00,64917.040000
2023-02-13T14:59:00+00:00,64915.560000
2023-02-13T21:09:00+00:00,65242.080000
2023-02-14T08:24:00+00:00,65233.940000
2023-02-14T09:04:00+00:00,64620.800000
2023-02-14T09:09:00+00:00,64608.960000
2023-02-14T10:29:00+00:00,65083.040000
2023-02-14T11:04:00+00:00,65877.120000
2023-02-14T14:49:00+00:00,65875.640000
2023-02-14T21:09:00+00:00,66139.160000
2023-02-15T07:39:00+00:00,66131.760000
2023-02-15T08:39:00+00:00,65479.360000
2023-02-15T14:49:00+00:00,65476.400000
2023-02-15T14:54:00+00:00,64869.440000
2023-02-16T08:09:00+00:00,64861.300000
2023-02-16T12:09:00+00:00,65270.100000
2023-02-16T12:29:00+00:00,66090.660000
2023-02-16T14:54:00+00:00,66087.700000
2023-02-16T17:39:00+00:00,66554.220000
2023-02-16T20:19:00+00:00,66551.740000
2023-02-17T05:04:00+00:00,66529.540000
2023-02-17T05:24:00+00:00,65907.340000
2023-02-17T14:49:00+00:00,65905.120000
2023-02-17T19:49:00+00:00,65894.020000
2023-02-17T19:54:00+00:00,65252.920000
2023-02-17T21:09:00+00:00,64838.200000
2023-02-20T04:49:00+00:00,64817.480000
2023-02-20T08:04:00+00:00,65290.120000
2023-02-20T08:14:00+00:00,66084.760000
2023-02-20T15:04:00+00:00,66064.780000
2023-02-20T17:34:00+00:00,66368.800000
2023-02-20T17:34:00+00:00,66346.600000
2023-02-20T17:59:00+00:00,65739.400000
2023-02-21T02:59:00+00:00,65727.560000
2023-02-21T07:09:00+00:00,65717.200000
2023-02-21T08:04:00+00:00,66185.280000
2023-02-21T08:19:00+00:00,66969.360000
2023-02-21T08:19:00+00:00,67231.930000
2023-02-21T08:24:00+00:00,67673.000000
2023-02-21T14:44:00+00:00,67667.820000
2023-02-21T14:54:00+00:00,67015.140000
2023-02-21T14:54:00+00:00,67009.220000
2023-02-21T15:09:00+00:00,67006.260000
2023-02-21T15:14:00+00:00,67492.300000
2023-02-21T16:34:00+00:00,68304.340000
2023-02-21T19:19:00+00:00,68730.360000
2023-02-21T21:09:00+00:00,69161.880000
2023-02-22T07:14:00+00:00,69149.300000
2023-02-22T08:09:00+00:00,68465.220000
2023-02-22T14:49:00+00:00,68460.780000
2023-02-22T15:04:00+00:00,67856.340000
2023-02-23T07:19:00+00:00,67834.140000
2023-02-23T08:09:00+00:00,67151.940000
2023-02-23T11:19:00+00:00,67145.280000
2023-02-23T12:39:00+00:00,66477.120000
2023-02-23T15:09:00+00:00,66474.160000
2023-02-23T16:24:00+00:00,66900.180000
2023-02-23T19:24:00+00:00,66897.700000
2023-02-24T05:39:00+00:00,66884.380000
2023-02-24T07:49:00+00:00,67363.720000
2023-02-24T08:19:00+00:00,68167.060000
2023-02-24T12:04:00+00:00,68153.000000
2023-02-24T13:34:00+00:00,67473.940000
2023-02-24T14:49:00+00:00,67472.460000
2023-02-24T21:04:00+00:00,67343.980000
2023-02-27T14:59:00+00:00,67338.060000
2023-02-27T15:39:00+00:00,66728.140000
2023-02-27T19:24:00+00:00,66715.560000
2023-02-27T19:49:00+00:00,67177.640000
2023-02-27T20:39:00+00:00,68048.480000
2023-02-28T15:04:00+00:00,68045.520000
2023-02-28T21:04:00+00:00,67464.560000
2023-03-01T09:04:00+00:00,67454.940000
2023-03-01T13:04:00+00:00,66788.820000
2023-03-01T14:49:00+00:00,66785.860000
2023-03-01T15:09:00+00:00,66212.900000
2023-03-01T15:14:00+00:00,66211.420000
2023-03-01T21:09:00+00:00,66219.940000
2023-03-02T12:29:00+00:00,66205.880000
2023-03-02T13:14:00+00:00,66658.220000
2023-03-02T13:34:00+00:00,67500.820000
2023-03-02T14:54:00+00:00,67496.380000
2023-03-02T18:59:00+00:00,67977.910000
2023-03-02T19:29:00+00:00,68781.940000
2023-03-03T06:29:00+00:00,68767.880000
2023-03-03T07:09:00+00:00,68060.320000
2023-03-03T07:09:00+00:00,68044.780000
2023-03-03T08:04:00+00:00,67346.740000
2023-03-03T08:09:00+00:00,67331.200000
2023-03-03T08:44:00+00:00,67788.800000
2023-03-03T09:14:00+00:00,68633.160000
2023-03-03T12:24:00+00:00,68614.660000
2023-03-03T13:44:00+00:00,67908.660000
2023-03-03T14:49:00+00:00,67904.220000
2023-03-03T17:54:00+00:00,68394.750000
2023-03-03T19:34:00+00:00,69213.780000
2023-03-06T07:59:00+00:00,69193.060000
2023-03-06T08:14:00+00:00,69686.700000
2023-03-06T08:19:00+00:00,70516.340000
2023-03-06T12:09:00+00:00,70503.760000
2023-03-06T13:14:00+00:00,70977.840000
2023-03-06T13:29:00+00:00,71871.180000
2023-03-06T15:14:00+00:00,71866.740000
2023-03-06T19:24:00+00:00,71196.300000
2023-03-07T15:04:00+00:00,71194.820000
2023-03-07T21:09:00+00:00,71415.340000
2023-03-08T07:14:00+00:00,71396.100000
2023-03-08T08:09:00+00:00,70661.860000
2023-03-08T13:14:00+00:00,70654.460000
2023-03-08T15:04:00+00:00,69952.060000
2023-03-08T15:04:00+00:00,69948.360000
2023-03-08T15:34:00+00:00,69289.660000
2023-03-09T05:54:00+00:00,69267.460000
2023-03-09T07:04:00+00:00,69728.860000
2023-03-09T08:09:00+00:00,70505.260000
2023-03-09T13:39:00+00:00,70499.340000
2023-03-09T14:39:00+00:00,70985.380000
2023-03-09T14:49:00+00:00,71797.420000
2023-03-09T14:49:00+00:00,71795.200000
2023-03-09T17:49:00+00:00,71243.980000
2023-03-10T06:59:00+00:00,71229.920000
2023-03-10T07:24:00+00:00,71709.260000
2023-03-10T07:24:00+00:00,72601.860000
2023-03-10T14:49:00+00:00,72600.380000
2023-03-10T16:14:00+00:00,72033.900000
2023-03-13T06:24:00+00:00,72023.540000
2023-03-13T06:54:00+00:00,71313.180000
2023-03-13T08:19:00+00:00,71305.040000
2023-03-13T08:34:00+00:00,70631.400000
2023-03-13T13:49:00+00:00,70629.920000
2023-03-13T16:04:00+00:00,71061.930000
2023-03-13T20:09:00+00:00,71250.190000
2023-03-14T14:24:00+00:00,71247.970000
2023-03-14T15:04:00+00:00,71296.750000
2023-03-14T15:04:00+00:00,71289.350000
2023-03-14T15:24:00+00:00,70621.950000
2023-03-15T12:44:00+00:00,70619.730000
2023-03-15T13:29:00+00:00,70080.510000
2023-03-15T14:34:00+00:00,70078.290000
2023-03-15T15:44:00+00:00,69453.570000
2023-03-15T17:19:00+00:00,69451.350000
2023-03-15T20:09:00+00:00,70221.630000
2023-03-16T05:44:00+00:00,70212.010000
2023-03-16T06:49:00+00:00,69500.390000
2023-03-16T13:59:00+00:00,69498.170000
2023-03-16T14:14:00+00:00,69381.950000
2023-03-16T14:14:00+00:00,69376.770000
2023-03-16T14:44:00+00:00,68692.590000
2023-03-17T07:14:00+00:00,68680.750000
2023-03-17T09:14:00+00:00,69172.830000
2023-03-17T11:49:00+00:00,69490.910000
2023-03-17T11:49:00+00:00,69473.150000
2023-03-17T12:24:00+00:00,68771.390000
2023-03-17T14:04:00+00:00,68769.170000
2023-03-17T14:24:00+00:00,68157.950000
2023-03-17T14:24:00+00:00,68154.990000
2023-03-17T15:44:00+00:00,68633.510000
2023-03-17T20:09:00+00:00,68771.030000
2023-03-20T03:44:00+00:00,68759.930000
2023-03-20T04:39:00+00:00,68096.330000
2023-03-20T08:19:00+00:00,68093.370000
2023-03-20T08:44:00+00:00,67600.410000
2023-03-20T08:44:00+00:00,67595.970000
2023-03-20T10:09:00+00:00,68041.500000
2023-03-20T13:34:00+00:00,68037.780000
2023-03-20T14:49:00+00:00,68034.820000
2023-03-20T20:09:00+00:00,68489.860000
2023-03-21T07:59:00+00:00,68474.320000
2023-03-21T09:49:00+00:00,68954.420000
2023-03-21T10:04:00+00:00,68940.780000
2023-03-21T14:19:00+00:00,68935.600000
2023-03-21T17:34:00+00:00,68321.420000
2023-03-22T13:54:00+00:00,68314.020000
2023-03-22T14:29:00+00:00,68809.070000
2023-03-22T16:24:00+00:00,68802.870000
2023-03-22T19:04:00+00:00,68800.650000
2023-03-22T19:24:00+00:00,68168.430000
2023-03-23T12:09:00+00:00,68161.030000
2023-03-23T12:49:00+00:00,67478.630000
2023-03-23T13:19:00+00:00,67466.790000
2023-03-23T13:34:00+00:00,67964.870000
2023-03-23T13:34:00+00:00,68798.950000
2023-03-23T14:04:00+00:00,68793.770000
2023-03-23T14:49:00+00:00,69212.300000
2023-03-23T15:04:00+00:00,70144.340000
2023-03-24T08:09:00+00:00,70131.020000
2023-03-24T08:14:00+00:00,69433.700000
2023-03-24T15:14:00+00:00,69431.480000
2023-03-24T16:04:00+00:00,68794.760000
2023-03-27T08:14:00+00:00,68790.320000
2023-03-27T13:49:00+00:00,68786.620000
2023-03-27T14:34:00+00:00,68155.420000
2023-03-27T15:09:00+00:00,67556.980000
2023-03-28T07:14:00+00:00,67542.180000
2023-03-28T07:44:00+00:00,68157.380000
2023-03-28T07:44:00+00:00,68144.060000
2023-03-28T07:54:00+00:00,67455.740000
2023-03-28T14:34:00+00:00,67454.260000
2023-03-28T20:09:00+00:00,67084.780000
2023-03-29T08:49:00+00:00,67069.240000
2023-03-29T09:09:00+00:00,66392.200000
2023-03-29T11:09:00+00:00,66370.000000
2023-03-29T11:49:00+00:00,66842.650000
2023-03-29T12:34:00+00:00,66824.050000
2023-03-29T14:04:00+00:00,66818.870000
2023-03-29T14:34:00+00:00,66148.690000
2023-03-30T14:29:00+00:00,66144.250000
2023-03-30T16:49:00+00:00,65524.810000
2023-03-31T13:39:00+00:00,65521.110000
2023-03-31T13:49:00+00:00,65518.150000
2023-03-31T15:54:00+00:00,65857.170000
2023-03-31T18:09:00+00:00,66260.690000
2023-03-31T19:04:00+00:00,67109.720000
2023-03-31T20:09:00+00:00,67713.240000
2023-04-03T05:24:00+00:00,67694.740000
2023-04-03T05:54:00+00:00,67001.240000
2023-04-03T08:14:00+00:00,66990.880000
2023-04-03T12:14:00+00:00,67468.700000
2023-04-03T13:09:00+00:00,67460.020000
2023-04-03T13:49:00+00:00,67456.320000
2023-04-03T14:54:00+00:00,66830.120000
2023-04-04T06:19:00+00:00,66807.920000
2023-04-04T07:29:00+00:00,66110.720000
2023-04-04T14:04:00+00:00,66107.760000
2023-04-04T14:24:00+00:00,65726.800000
2023-04-04T14:24:00+00:00,65721.620000
2023-04-04T14:34:00+00:00,65103.940000
2023-04-05T06:19:00+00:00,65090.620000
2023-04-05T07:34:00+00:00,64438.300000
2023-04-05T12:39:00+00:00,64430.160000
2023-04-05T13:39:00+00:00,64853.960000
2023-04-05T13:49:00+00:00,65704.520000
2023-04-05T13:49:00+00:00,65700.820000
2023-04-05T14:54:00+00:00,66035.340000
2023-04-05T20:09:00+00:00,66343.620000
2023-04-06T05:59:00+00:00,66321.420000
2023-04-06T06:19:00+00:00,66681.570000
2023-04-06T06:34:00+00:00,67289.220000
2023-04-06T14:09:00+00:00,67286.260000
2023-04-06T16:04:00+00:00,67697.280000
2023-04-06T20:09:00+00:00,68247.800000
2023-04-10T04:39:00+00:00,68225.600000
2023-04-10T05:24:00+00:00,67558.400000
2023-04-10T09:59:00+00:00,67536.200000
2023-04-10T10:19:00+00:00,66944.000000
2023-04-10T13:49:00+00:00,66941.040000
2023-04-10T15:09:00+00:00,66400.080000
2023-04-11T00:19:00+00:00,66390.460000
2023-04-11T00:39:00+00:00,65717.840000
2023-04-11T14:14:00+00:00,65714.880000
2023-04-11T14:29:00+00:00,65537.920000
2023-04-11T14:29:00+00:00,65530.520000
2023-04-11T14:39:00+00:00,64893.120000
2023-04-12T07:39:00+00:00,64887.200000
2023-04-12T07:49:00+00:00,64613.280000
2023-04-12T07:49:00+00:00,64600.700000
2023-04-12T08:19:00+00:00,65026.780000
2023-04-12T12:29:00+00:00,65015.620000
2023-04-12T13:49:00+00:00,65014.140000
2023-04-12T20:09:00+00:00,65436.660000
2023-04-13T09:19:00+00:00,65425.560000
2023-04-13T10:14:00+00:00,64776.960000
2023-04-13T14:09:00+00:00,64774.000000
2023-04-13T18:19:00+00:00,65230.020000
2023-04-13T20:09:00+00:00,65639.540000
2023-04-14T07:19:00+00:00,65625.480000
2023-04-14T08:14:00+00:00,64955.920000
2023-04-14T12:39:00+00:00,64947.040000
2023-04-14T12:59:00+00:00,65428.600000
2023-04-14T13:34:00+00:00,65421.160000
2023-04-14T13:49:00+00:00,65418.940000
2023-04-14T14:29:00+00:00,64878.220000
2023-04-17T06:34:00+00:00,64866.380000
2023-04-17T07:49:00+00:00,65534.540000
2023-04-17T07:49:00+00:00,65518.260000
2023-04-17T08:39:00+00:00,65996.870000
2023-04-17T09:19:00+00:00,66799.980000
2023-04-17T14:39:00+00:00,66797.020000
2023-04-17T20:09:00+00:00,66284.060000
2023-04-18T13:49:00+00:00,66277.400000
2023-04-18T13:54:00+00:00,66270.000000
2023-04-18T13:59:00+00:00,65628.840000
2023-04-18T13:59:00+00:00,64996.440000
2023-04-18T16:44:00+00:00,64992.000000
2023-04-18T20:09:00+00:00,65143.560000
2023-04-19T11:54:00+00:00,65128.760000
2023-04-19T12:49:00+00:00,65608.860000
2023-04-19T13:34:00+00:00,65596.460000
2023-04-19T14:39:00+00:00,65592.760000
2023-04-19T18:04:00+00:00,65922.780000
2023-04-19T20:09:00+00:00,66163.560000
2023-04-20T06:19:00+00:00,66153.200000
2023-04-20T07:14:00+00:00,65505.840000
2023-04-20T13:49:00+00:00,65502.880000
2023-04-20T19:19:00+00:00,64945.920000
2023-04-21T07:39:00+00:00,64940.000000
2023-04-21T08:49:00+00:00,64526.080000
2023-04-21T08:49:00+00:00,64519.420000
2023-04-21T10:34:00+00:00,63891.760000
2023-04-21T13:54:00+00:00,63887.320000
2023-04-21T14:29:00+00:00,63267.880000
2023-04-21T14:49:00+00:00,63264.180000
2023-04-21T15:04:00+00:00,62730.480000
2023-04-24T14:39:00+00:00,62728.260000
2023-04-24T20:09:00+00:00,62580.540000
2023-04-25T13:49:00+00:00,62574.620000
2023-04-25T15:54:00+00:00,63015.660000
2023-04-25T17:19:00+00:00,63752.700000
2023-04-26T06:24:00+00:00,63743.080000
2023-04-26T08:04:00+00:00,64051.960000
2023-04-26T08:04:00+00:00,64039.380000
2023-04-26T10:44:00+00:00,63380.800000
2023-04-26T13:59:00+00:00,63377.100000
2023-04-26T14:24:00+00:00,62755.900000
2023-04-27T14:09:00+00:00,62750.720000
2023-04-27T14:44:00+00:00,63110.750000
2023-04-27T16:14:00+00:00,63912.790000
2023-04-28T09:24:00+00:00,63890.590000
2023-04-28T09:44:00+00:00,63268.390000
2023-04-28T14:14:00+00:00,63266.170000
2023-04-28T20:09:00+00:00,63625.450000
2023-05-01T00:49:00+00:00,63610.650000
2023-05-01T02:59:00+00:00,64060.750000
2023-05-01T06:09:00+00:00,64513.350000
2023-05-01T06:09:00+00:00,64499.290000
2023-05-01T06:44:00+00:00,63848.730000
2023-05-01T13:54:00+00:00,63842.070000
2023-05-01T14:04:00+00:00,63214.410000
2023-05-02T00:14:00+00:00,63200.350000
2023-05-02T00:24:00+00:00,62568.790000
2023-05-02T10:09:00+00:00,62557.690000
2023-05-02T13:44:00+00:00,62972.510000
2023-05-02T13:54:00+00:00,62962.590000
2023-05-02T14:09:00+00:00,62958.150000
2023-05-02T14:34:00+00:00,63394.680000
2023-05-02T14:54:00+00:00,64123.710000
2023-05-03T05:49:00+00:00,64101.510000
2023-05-03T07:04:00+00:00,64529.160000
2023-05-03T07:59:00+00:00,64510.560000
2023-05-03T13:54:00+00:00,64506.120000
2023-05-03T15:04:00+00:00,63913.680000
2023-05-04T07:09:00+00:00,63907.020000
2023-05-04T07:39:00+00:00,63319.860000
2023-05-04T14:24:00+00:00,63316.900000
2023-05-04T15:09:00+00:00,62789.940000
2023-05-05T06:24:00+00:00,62775.140000
2023-05-05T07:09:00+00:00,62130.340000
2023-05-05T12:39:00+00:00,62125.160000
2023-05-05T12:49:00+00:00,61787.480000
2023-05-05T12:49:00+00:00,61782.300000
2023-05-05T13:49:00+00:00,61778.600000
2023-05-05T14:04:00+00:00,62170.130000
2023-05-05T14:34:00+00:00,63042.170000
2023-05-05T14:39:00+00:00,63358.690000
2023-05-05T18:04:00+00:00,64151.470000
2023-05-08T06:19:00+00:00,64131.490000
2023-05-08T07:09:00+00:00,63463.510000
2023-05-08T12:14:00+00:00,63447.230000
2023-05-08T12:44:00+00:00,62792.950000
2023-05-08T13:54:00+00:00,62788.510000
2023-05-08T15:49:00+00:00,62199.070000
2023-05-08T18:14:00+00:00,62190.930000
2023-05-08T18:24:00+00:00,61566.790000
2023-05-09T08:59:00+00:00,61551.250000
2023-05-09T11:29:00+00:00,60937.210000
2023-05-09T12:29:00+00:00,60926.110000
2023-05-09T13:59:00+00:00,60427.510000
2023-05-09T13:59:00+00:00,60421.590000
2023-05-09T15:14:00+00:00,59851.670000
2023-05-10T14:09:00+00:00,59850.190000
2023-05-10T14:49:00+00:00,59437.710000
2023-05-11T06:39:00+00:00,59419.210000
2023-05-11T07:04:00+00:00,58813.210000
2023-05-11T07:09:00+00:00,58800.630000
2023-05-11T11:14:00+00:00,58193.050000
2023-05-11T14:34:00+00:00,58189.350000
2023-05-11T15:29:00+00:00,57620.650000
2023-05-12T13:49:00+00:00,57616.210000
2023-05-12T13:54:00+00:00,57611.770000
2023-05-12T14:34:00+00:00,57985.300000
2023-05-12T15:29:00+00:00,58372.330000
2023-05-12T16:24:00+00:00,58996.360000
2023-05-12T16:44:00+00:00,59642.890000
2023-05-15T09:44:00+00:00,59629.570000
2023-05-15T10:29:00+00:00,59679.250000
2023-05-15T10:29:00+00:00,59661.490000
2023-05-15T12:29:00+00:00,59055.730000
2023-05-15T13:54:00+00:00,59049.070000
2023-05-15T15:19:00+00:00,58484.410000
2023-05-16T07:04:00+00:00,58467.390000
2023-05-16T07:19:00+00:00,57863.870000
2023-05-16T09:39:00+00:00,57858.690000
2023-05-16T11:14:00+00:00,57794.010000
2023-05-16T11:14:00+00:00,57780.690000
2023-05-16T12:34:00+00:00,58185.780000
2023-05-16T12:34:00+00:00,58174.620000
2023-05-16T13:39:00+00:00,58168.700000
2023-05-16T13:49:00+00:00,58165.740000
2023-05-16T14:59:00+00:00,58594.780000
2023-05-16T20:09:00+00:00,58807.820000
2023-05-16T20:09:00+00:00,58714.860000
2023-05-17T05:49:00+00:00,58692.660000
2023-05-17T06:09:00+00:00,58145.460000
2023-05-17T13:49:00+00:00,58139.540000
2023-05-17T13:54:00+00:00,58133.620000
2023-05-17T14:19:00+00:00,57979.700000
2023-05-17T14:19:00+00:00,57573.780000
2023-05-17T14:24:00+00:00,57567.860000
2023-05-17T16:34:00+00:00,57960.900000
2023-05-17T16:49:00+00:00,58617.940000
2023-05-18T07:09:00+00:00,58595.740000
2023-05-18T07:14:00+00:00,58888.390000
2023-05-18T07:14:00+00:00,58869.790000
2023-05-18T13:59:00+00:00,58866.830000
2023-05-18T15:04:00+00:00,59226.850000
2023-05-18T19:44:00+00:00,59827.870000
2023-05-19T11:09:00+00:00,59809.370000
2023-05-19T11:49:00+00:00,59190.870000
2023-05-19T13:49:00+00:00,59185.690000
2023-05-19T15:39:00+00:00,59556.970000
2023-05-19T20:09:00+00:00,59868.010000
2023-05-22T07:24:00+00:00,59856.170000
2023-05-22T09:59:00+00:00,60282.250000
2023-05-22T11:39:00+00:00,60556.330000
2023-05-22T11:39:00+00:00,60541.530000
2023-05-22T13:34:00+00:00,60969.130000
2023-05-22T13:34:00+00:00,60956.730000
2023-05-22T13:49:00+00:00,60954.510000
2023-05-22T14:14:00+00:00,60811.290000
2023-05-22T14:14:00+00:00,60808.330000
2023-05-22T20:09:00+00:00,60721.370000
2023-05-22T23:09:00+00:00,60715.450000
2023-05-23T00:19:00+00:00,60981.530000
2023-05-23T00:19:00+00:00,60964.510000
2023-05-23T01:49:00+00:00,60349.490000
2023-05-23T05:09:00+00:00,60332.470000
2023-05-23T06:59:00+00:00,59705.950000
2023-05-23T13:54:00+00:00,59701.510000
2023-05-23T16:39:00+00:00,59109.070000
2023-05-24T07:19:00+00:00,59097.970000
2023-05-24T07:44:00+00:00,58494.370000
2023-05-24T14:04:00+00:00,58490.670000
2023-05-24T19:24:00+00:00,57901.970000
2023-05-25T06:14:00+00:00,57883.470000
2023-05-25T06:29:00+00:00,58279.590000
2023-05-25T06:34:00+00:00,59001.220000
2023-05-25T14:24:00+00:00,58999.740000
2023-05-25T15:14:00+00:00,58565.260000
2023-05-25T16:39:00+00:00,58558.600000
2023-05-25T18:04:00+00:00,58016.440000
2023-05-26T07:09:00+00:00,58005.340000
2023-05-26T08:24:00+00:00,57439.240000
2023-05-26T10:24:00+00:00,57432.580000
2023-05-26T11:09:00+00:00,57801.620000
2023-05-26T12:39:00+00:00,57795.420000
2023-05-26T13:49:00+00:00,57793.200000
2023-05-26T14:39:00+00:00,58036.960000
2023-05-26T15:54:00+00:00,58850.480000
2023-05-29T00:39:00+00:00,58844.560000
2023-05-29T12:39:00+00:00,58839.380000
2023-05-29T14:24:00+00:00,59293.460000
2023-05-29T14:24:00+00:00,59256.780000
2023-05-29T14:29:00+00:00,59238.280000
2023-05-29T16:59:00+00:00,59643.400000
2023-05-29T16:59:00+00:00,60381.280000
2023-05-30T05:14:00+00:00,60360.560000
2023-05-30T06:04:00+00:00,59737.840000
2023-05-30T11:09:00+00:00,59728.960000
2023-05-30T11:34:00+00:00,60161.020000
2023-05-30T12:14:00+00:00,60884.080000
2023-05-30T13:54:00+00:00,60882.600000
2023-05-30T13:59:00+00:00,60881.120000
2023-05-30T20:09:00+00:00,61020.640000
2023-05-30T20:09:00+00:00,61175.160000
2023-05-31T01:24:00+00:00,61155.180000
2023-05-31T01:34:00+00:00,60527.700000
2023-05-31T11:14:00+00:00,60515.120000
2023-05-31T11:49:00+00:00,60923.200000
2023-05-31T12:09:00+00:00,61692.790000
2023-05-31T13:49:00+00:00,61689.830000
2023-05-31T14:14:00+00:00,61114.870000
2023-06-01T06:14:00+00:00,61106.730000
2023-06-01T08:24:00+00:00,60526.590000
2023-06-01T14:04:00+00:00,60523.630000
2023-06-01T14:29:00+00:00,60340.670000
2023-06-01T14:29:00+00:00,60336.230000
2023-06-01T14:44:00+00:00,59812.790000
2023-06-02T03:34:00+00:00,59804.650000
2023-06-02T07:19:00+00:00,59857.010000
2023-06-02T07:19:00+00:00,59845.170000
2023-06-02T09:09:00+00:00,59257.330000
2023-06-02T11:09:00+00:00,59248.450000
2023-06-02T12:34:00+00:00,58663.570000
2023-06-02T13:49:00+00:00,58661.350000
2023-06-02T13:54:00+00:00,58659.130000
2023-06-02T20:09:00+00:00,58382.410000
2023-06-02T20:09:00+00:00,58078.690000
2023-06-05T09:49:00+00:00,58073.510000
2023-06-05T13:34:00+00:00,57515.330000
2023-06-05T14:54:00+00:00,57513.110000
2023-06-05T18:34:00+00:00,56975.390000
2023-06-06T07:09:00+00:00,56955.410000
2023-06-06T07:29:00+00:00,57345.540000
2023-06-06T07:29:00+00:00,58052.680000
2023-06-06T13:34:00+00:00,58046.760000
2023-06-06T13:49:00+00:00,57480.840000
2023-06-06T14:24:00+00:00,57478.620000
2023-06-06T20:09:00+00:00,57575.400000
2023-06-07T13:39:00+00:00,57556.900000
2023-06-07T13:44:00+00:00,57953.020000
2023-06-07T13:44:00+00:00,57936.900000
2023-06-07T14:19:00+00:00,57934.680000
2023-06-07T15:54:00+00:00,58215.940000
2023-06-07T17:39:00+00:00,59154.460000
2023-06-08T01:49:00+00:00,59140.400000
2023-06-08T04:04:00+00:00,59545.490000
2023-06-08T04:09:00+00:00,60300.590000
2023-06-08T06:24:00+00:00,60287.270000
2023-06-08T07:34:00+00:00,60712.610000
2023-06-08T08:14:00+00:00,61425.950000
2023-06-08T12:19:00+00:00,61422.250000
2023-06-08T12:34:00+00:00,60823.550000
2023-06-08T14:14:00+00:00,60821.330000
2023-06-08T20:09:00+00:00,61351.610000
2023-06-09T07:59:00+00:00,61344.210000
2023-06-09T11:39:00+00:00,61764.260000
2023-06-09T12:44:00+00:00,62466.810000
2023-06-09T13:49:00+00:00,62463.850000
2023-06-09T15:29:00+00:00,61840.890000
2023-06-12T14:09:00+00:00,61834.970000
2023-06-12T14:49:00+00:00,61225.050000
2023-06-13T07:59:00+00:00,61214.690000
2023-06-13T10:19:00+00:00,61645.260000
2023-06-13T11:49:00+00:00,62366.330000
2023-06-13T13:49:00+00:00,62364.110000
2023-06-13T18:59:00+00:00,62219.390000
2023-06-13T18:59:00+00:00,62214.950000
2023-06-13T20:09:00+00:00,62552.510000
2023-06-14T05:54:00+00:00,62539.930000
2023-06-14T07:19:00+00:00,62960.010000
2023-06-14T08:04:00+00:00,63752.100000
2023-06-14T11:44:00+00:00,63743.220000
2023-06-14T12:34:00+00:00,63104.340000
2023-06-14T13:49:00+00:00,63098.420000
2023-06-14T14:44:00+00:00,63545.460000
2023-06-14T15:29:00+00:00,64292.500000
2023-06-15T05:34:00+00:00,64282.880000
2023-06-15T06:04:00+00:00,63668.760000
2023-06-15T12:44:00+00:00,63664.320000
2023-06-15T13:04:00+00:00,63101.880000
2023-06-15T13:49:00+00:00,63098.920000
2023-06-15T15:39:00+00:00,63562.440000
2023-06-15T18:44:00+00:00,64335.960000
2023-06-16T05:29:00+00:00,64326.340000
2023-06-16T08:29:00+00:00,64753.900000
2023-06-16T11:29:00+00:00,65588.720000
2023-06-16T13:39:00+00:00,65582.800000
2023-06-16T13:54:00+00:00,65581.320000
2023-06-16T15:29:00+00:00,66067.360000
2023-06-16T16:29:00+00:00,66062.400000
2023-06-16T20:09:00+00:00,66183.920000
2023-06-19T14:14:00+00:00,66172.820000
2023-06-20T00:04:00+00:00,65509.220000
2023-06-20T00:19:00+00:00,65487.020000
2023-06-20T01:59:00+00:00,65948.420000
2023-06-20T05:24:00+00:00,66724.820000
2023-06-20T11:59:00+00:00,66721.120000
2023-06-20T13:49:00+00:00,66718.900000
2023-06-20T14:04:00+00:00,66157.180000
2023-06-20T14:04:00+00:00,66218.480000
2023-06-20T14:04:00+00:00,66215.520000
2023-06-20T20:09:00+00:00,66186.560000
2023-06-21T05:34:00+00:00,66164.360000
2023-06-21T06:09:00+00:00,66547.010000
2023-06-21T06:14:00+00:00,67192.160000
2023-06-21T11:49:00+00:00,67174.400000
2023-06-21T12:04:00+00:00,66484.640000
2023-06-21T13:49:00+00:00,66480.940000
2023-06-21T14:49:00+00:00,66854.460000
2023-06-21T15:59:00+00:00,66852.980000
2023-06-21T20:09:00+00:00,67455.260000
2023-06-21T20:09:00+00:00,67343.780000
2023-06-22T10:09:00+00:00,67328.980000
2023-06-22T10:49:00+00:00,67816.580000
2023-06-22T12:04:00+00:00,67804.180000
2023-06-22T12:39:00+00:00,67799.000000
2023-06-22T13:49:00+00:00,67796.780000
2023-06-22T13:59:00+00:00,68213.060000
2023-06-22T14:14:00+00:00,69140.100000
2023-06-22T20:09:00+00:00,69971.880000
2023-06-23T13:49:00+00:00,69969.660000
2023-06-23T16:19:00+00:00,69341.940000
2023-06-26T08:09:00+00:00,69337.500000
2023-06-26T13:39:00+00:00,68694.060000
2023-06-26T13:54:00+00:00,68691.840000
2023-06-26T14:54:00+00:00,68687.400000
2023-06-26T15:09:00+00:00,68089.680000
2023-06-26T15:09:00+00:00,67467.240000
2023-06-27T00:14:00+00:00,67445.040000
2023-06-27T00:59:00+00:00,67827.690000
2023-06-27T01:19:00+00:00,68472.840000
2023-06-27T01:54:00+00:00,68461.740000
2023-06-27T07:09:00+00:00,68923.810000
2023-06-27T13:39:00+00:00,69807.890000
2023-06-27T15:29:00+00:00,69804.930000
2023-06-27T15:34:00+00:00,69802.710000
2023-06-27T17:49:00+00:00,70306.730000
2023-06-27T18:19:00+00:00,70595.490000
2023-06-27T20:09:00+00:00,71029.010000
2023-06-27T20:09:00+00:00,71469.530000
2023-06-28T13:39:00+00:00,71457.690000
2023-06-28T13:49:00+00:00,70741.850000
2023-06-28T14:19:00+00:00,70739.630000
2023-06-28T16:34:00+00:00,70852.910000
2023-06-28T16:34:00+00:00,70846.250000
2023-06-28T16:54:00+00:00,71305.290000
2023-06-28T17:34:00+00:00,71299.090000
2023-06-29T00:19:00+00:00,71288.730000
2023-06-29T03:39:00+00:00,70578.370000
2023-06-29T05:09:00+00:00,70558.390000
2023-06-29T05:24:00+00:00,69836.410000
2023-06-29T11:44:00+00:00,69819.390000
2023-06-29T12:04:00+00:00,69112.370000
2023-06-29T14:09:00+00:00,69109.410000
2023-06-29T20:09:00+00:00,68672.450000
2023-06-30T13:49:00+00:00,68670.230000
2023-06-30T20:09:00+00:00,68656.010000
2023-07-03T00:14:00+00:00,68641.950000
2023-07-03T03:39:00+00:00,67962.890000
2023-07-03T13:49:00+00:00,67956.970000
2023-07-03T14:34:00+00:00,67311.050000
2023-07-04T00:14:00+00:00,67291.070000
2023-07-04T01:34:00+00:00,66596.090000
2023-07-04T01:39:00+00:00,66582.030000
2023-07-04T03:49:00+00:00,65921.970000
2023-07-04T13:49:00+00:00,65899.770000
2023-07-04T14:29:00+00:00,66181.170000
2023-07-04T14:44:00+00:00,66657.570000
2023-07-05T00:34:00+00:00,66638.330000
2023-07-05T06:09:00+00:00,65956.090000
2023-07-05T08:19:00+00:00,65950.910000
2023-07-05T13:44:00+00:00,65322.730000
2023-07-05T13:54:00+00:00,65320.510000
2023-07-05T20:09:00+00:00,65144.290000
2023-07-06T13:54:00+00:00,65141.330000
2023-07-06T16:34:00+00:00,64522.370000
2023-07-07T05:19:00+00:00,64506.090000
2023-07-07T05:49:00+00:00,63840.810000
2023-07-07T12:49:00+00:00,63838.590000
2023-07-07T13:49:00+00:00,63752.370000
2023-07-07T13:49:00+00:00,63748.670000
2023-07-07T14:34:00+00:00,63147.470000
2023-07-09T22:29:00+00:00,63139.330000
2023-07-10T00:29:00+00:00,62515.190000
2023-07-10T13:49:00+00:00,62512.230000
2023-07-10T14:14:00+00:00,62319.270000
2023-07-10T14:14:00+00:00,62316.310000
2023-07-10T15:49:00+00:00,61899.350000
2023-07-10T15:49:00+00:00,61895.650000
2023-07-10T17:34:00+00:00,61279.450000
2023-07-11T05:19:00+00:00,61257.250000
2023-07-11T05:34:00+00:00,60800.050000
2023-07-11T05:39:00+00:00,60785.990000
2023-07-11T06:24:00+00:00,61211.330000
2023-07-11T07:59:00+00:00,61198.930000
2023-07-11T13:49:00+00:00,61193.010000
2023-07-11T14:04:00+00:00,61190.790000
2023-07-11T14:39:00+00:00,60616.870000
2023-07-11T15:59:00+00:00,60008.650000
2023-07-12T01:49:00+00:00,59986.450000
2023-07-12T03:39:00+00:00,60414.100000
2023-07-12T04:29:00+00:00,61134.250000
2023-07-12T06:24:00+00:00,61112.050000
2023-07-12T07:34:00+00:00,60474.850000
2023-07-12T12:39:00+00:00,60469.670000
2023-07-12T13:49:00+00:00,60464.490000
2023-07-12T13:59:00+00:00,60813.270000
2023-07-12T14:24:00+00:00,61590.310000
2023-07-12T15:39:00+00:00,60990.130000
2023-07-13T11:44:00+00:00,60976.070000
2023-07-13T12:34:00+00:00,61394.660000
2023-07-13T12:34:00+00:00,61382.260000
2023-07-13T13:54:00+00:00,61379.300000
2023-07-13T19:29:00+00:00,61781.320000
2023-07-13T20:09:00+00:00,62117.840000
2023-07-14T10:54:00+00:00,62110.440000
2023-07-14T13:34:00+00:00,61483.040000
2023-07-14T13:54:00+00:00,61480.820000
2023-07-14T18:29:00+00:00,60970.100000
2023-07-17T11:29:00+00:00,60960.480000
2023-07-17T13:09:00+00:00,60339.860000
2023-07-17T13:49:00+00:00,60336.160000
2023-07-17T15:29:00+00:00,59729.960000
2023-07-18T05:59:00+00:00,59707.760000
2023-07-18T07:54:00+00:00,59100.560000
2023-07-18T15:44:00+00:00,59098.340000
2023-07-18T17:44:00+00:00,59334.600000
2023-07-18T19:19:00+00:00,60123.120000
2023-07-19T15:14:00+00:00,60120.160000
2023-07-19T15:19:00+00:00,60116.460000
2023-07-19T16:24:00+00:00,59595.500000
2023-07-19T16:24:00+00:00,59066.800000
2023-07-20T14:04:00+00:00,59063.840000
2023-07-20T14:09:00+00:00,59060.140000
2023-07-20T14:34:00+00:00,59478.660000
2023-07-20T14:34:00+00:00,59823.680000
2023-07-20T18:19:00+00:00,60522.200000
2023-07-20T18:19:00+00:00,61386.230000
2023-07-21T04:34:00+00:00,61371.430000
2023-07-21T05:19:00+00:00,60756.630000
2023-07-21T13:34:00+00:00,60748.490000
2023-07-21T13:39:00+00:00,61153.540000
2023-07-21T13:39:00+00:00,61146.100000
2023-07-21T13:49:00+00:00,61143.140000
2023-07-21T19:14:00+00:00,61593.160000
2023-07-21T20:09:00+00:00,61957.680000
2023-07-24T07:39:00+00:00,61949.540000
2023-07-24T11:19:00+00:00,61666.400000
2023-07-24T11:19:00+00:00,61648.640000
2023-07-24T12:14:00+00:00,61006.880000
2023-07-24T13:29:00+00:00,60995.040000
2023-07-24T13:34:00+00:00,60375.200000
2023-07-24T13:49:00+00:00,60372.240000
2023-07-24T14:19:00+00:00,60277.280000
2023-07-24T14:19:00+00:00,60274.320000
2023-07-24T20:09:00+00:00,60209.360000
2023-07-25T12:24:00+00:00,60199.000000
2023-07-25T13:34:00+00:00,59607.640000
2023-07-25T13:39:00+00:00,59601.720000
2023-07-25T13:49:00+00:00,59598.020000
2023-07-25T13:59:00+00:00,60036.060000
2023-07-25T14:34:00+00:00,60031.100000
2023-07-25T18:39:00+00:00,60373.120000
2023-07-25T20:04:00+00:00,60369.400000
2023-07-26T11:44:00+00:00,60361.260000
2023-07-26T13:34:00+00:00,60743.810000
2023-07-26T13:34:00+00:00,60736.370000
2023-07-26T13:59:00+00:00,60732.670000
2023-07-26T14:54:00+00:00,60211.470000
2023-07-26T14:59:00+00:00,60209.990000
2023-07-26T18:39:00+00:00,59800.510000
2023-07-26T19:14:00+00:00,59798.290000
2023-07-26T20:09:00+00:00,59221.570000
2023-07-27T03:59:00+00:00,59211.950000
2023-07-27T06:09:00+00:00,59599.010000
2023-07-27T07:39:00+00:00,60355.080000
2023-07-27T14:24:00+00:00,60352.860000
2023-07-27T17:59:00+00:00,60578.620000
2023-07-27T18:29:00+00:00,61332.140000
2023-07-27T19:19:00+00:00,61326.960000
2023-07-27T19:34:00+00:00,60740.780000
2023-07-28T03:49:00+00:00,60731.160000
2023-07-28T04:04:00+00:00,61140.720000
2023-07-28T04:04:00+00:00,61132.040000
2023-07-28T13:19:00+00:00,61125.380000
2023-07-28T13:39:00+00:00,60524.720000
2023-07-28T13:49:00+00:00,60522.500000
2023-07-28T13:54:00+00:00,60520.280000
2023-07-28T18:44:00+00:00,60852.560000
2023-07-28T18:44:00+00:00,61091.840000
2023-07-28T18:49:00+00:00,61088.140000
2023-07-28T20:09:00+00:00,61221.940000
2023-07-31T07:24:00+00:00,61216.020000
2023-07-31T12:49:00+00:00,61663.060000
2023-07-31T13:59:00+00:00,61658.100000
2023-07-31T13:59:00+00:00,61655.140000
2023-07-31T19:09:00+00:00,61644.780000
2023-07-31T19:59:00+00:00,61039.420000
2023-07-31T20:04:00+00:00,60702.460000
2023-08-01T04:39:00+00:00,60683.220000
2023-08-01T05:24:00+00:00,60052.980000
2023-08-01T14:14:00+00:00,60048.540000
2023-08-01T14:34:00+00:00,59459.100000
2023-08-02T14:09:00+00:00,59457.620000
2023-08-02T20:09:00+00:00,59772.140000
2023-08-03T00:24:00+00:00,59763.260000
2023-08-03T01:34:00+00:00,59184.380000
2023-08-03T04:19:00+00:00,59179.200000
2023-08-03T05:59:00+00:00,59289.520000
2023-08-03T05:59:00+00:00,59278.420000
2023-08-03T06:49:00+00:00,58667.320000
2023-08-03T10:29:00+00:00,58656.960000
2023-08-03T11:04:00+00:00,58086.600000
2023-08-03T13:49:00+00:00,58084.380000
2023-08-03T18:24:00+00:00,58077.720000
2023-08-03T19:09:00+00:00,57517.560000
2023-08-03T20:09:00+00:00,57938.340000
2023-08-04T08:39:00+00:00,57931.680000
2023-08-04T09:29:00+00:00,57371.520000
2023-08-04T13:54:00+00:00,57370.040000
2023-08-04T14:39:00+00:00,57270.560000
2023-08-04T14:39:00+00:00,57269.080000
2023-08-04T18:39:00+00:00,56833.600000
2023-08-07T05:44:00+00:00,56819.540000
2023-08-07T05:54:00+00:00,56235.480000
2023-08-07T06:49:00+00:00,56220.680000
2023-08-07T07:09:00+00:00,56618.280000
2023-08-07T07:09:00+00:00,56605.880000
2023-08-07T13:49:00+00:00,56603.660000
2023-08-07T13:59:00+00:00,56572.940000
2023-08-07T13:59:00+00:00,56568.500000
2023-08-07T15:19:00+00:00,56036.060000
2023-08-08T07:09:00+00:00,56027.180000
2023-08-08T10:34:00+00:00,55466.300000
2023-08-08T13:49:00+00:00,55464.820000
2023-08-08T20:09:00+00:00,55184.340000
2023-08-09T11:39:00+00:00,55175.460000
2023-08-09T13:14:00+00:00,54644.580000
2023-08-09T13:54:00+00:00,54642.360000
2023-08-09T20:09:00+00:00,55108.140000
2023-08-10T06:49:00+00:00,55092.600000
2023-08-10T07:04:00+00:00,54531.060000
2023-08-10T13:49:00+00:00,54529.580000
2023-08-10T15:24:00+00:00,54111.100000
2023-08-11T06:09:00+00:00,54095.560000
2023-08-11T06:34:00+00:00,53534.020000
2023-08-11T14:14:00+00:00,53531.800000
2023-08-11T15:29:00+00:00,53081.080000
2023-08-14T13:54:00+00:00,53078.860000
2023-08-14T14:54:00+00:00,53320.370000
2023-08-14T20:09:00+00:00,53950.890000
2023-08-15T05:24:00+00:00,53940.530000
2023-08-15T05:39:00+00:00,53391.170000
2023-08-15T13:49:00+00:00,53388.210000
2023-08-15T19:29:00+00:00,53761.730000
2023-08-15T20:09:00+00:00,54126.250000
2023-08-16T12:29:00+00:00,54121.810000
2023-08-16T13:49:00+00:00,53637.370000
2023-08-16T13:49:00+00:00,53635.150000
2023-08-16T15:54:00+00:00,53218.930000
2023-08-16T18:29:00+00:00,53215.970000
2023-08-16T19:09:00+00:00,52691.010000
2023-08-17T08:04:00+00:00,52687.310000
2023-08-17T13:54:00+00:00,52273.610000
2023-08-17T13:54:00+00:00,52272.130000
2023-08-17T19:14:00+00:00,52547.390000
2023-08-17T20:09:00+00:00,52840.650000
2023-08-18T03:54:00+00:00,52835.470000
2023-08-18T10:44:00+00:00,53139.250000
2023-08-18T11:24:00+00:00,53816.290000
2023-08-18T13:49:00+00:00,53813.330000
2023-08-18T14:04:00+00:00,53354.370000
2023-08-21T01:09:00+00:00,53342.530000
2023-08-21T01:19:00+00:00,53720.610000
2023-08-21T01:19:00+00:00,53710.690000
2023-08-21T13:59:00+00:00,53709.210000
2023-08-21T15:14:00+00:00,53274.730000
2023-08-22T01:29:00+00:00,53265.850000
2023-08-22T03:39:00+00:00,53364.970000
2023-08-22T03:39:00+00:00,53349.430000
2023-08-22T05:39:00+00:00,53717.030000
2023-08-22T06:04:00+00:00,53703.390000
2023-08-22T12:49:00+00:00,53696.730000
2023-08-22T13:39:00+00:00,54026.770000
2023-08-22T13:44:00+00:00,54716.820000
2023-08-22T13:54:00+00:00,54714.600000
2023-08-22T14:59:00+00:00,54521.880000
2023-08-22T14:59:00+00:00,54518.180000
2023-08-22T15:44:00+00:00,54029.480000
2023-08-23T12:44:00+00:00,54023.560000
2023-08-23T13:49:00+00:00,54398.600000
2023-08-23T13:49:00+00:00,54395.640000
2023-08-23T13:54:00+00:00,55022.680000
2023-08-23T14:24:00+00:00,55354.200000
2023-08-23T15:24:00+00:00,55907.720000
2023-08-24T05:49:00+00:00,55892.180000
2023-08-24T06:09:00+00:00,56282.280000
2023-08-24T06:39:00+00:00,56268.640000
2023-08-24T13:49:00+00:00,56267.160000
2023-08-24T15:29:00+00:00,56681.920000
2023-08-24T19:59:00+00:00,57373.680000
2023-08-25T05:29:00+00:00,57359.620000
2023-08-25T05:54:00+00:00,56775.560000
2023-08-25T13:59:00+00:00,56771.860000
2023-08-25T14:09:00+00:00,56200.660000
2023-08-27T23:19:00+00:00,56196.220000
2023-08-28T01:39:00+00:00,56116.780000
2023-08-28T01:39:00+00:00,56104.200000
2023-08-28T03:59:00+00:00,56482.280000
2023-08-28T05:49:00+00:00,56471.120000
2023-08-28T06:54:00+00:00,56452.620000
2023-08-28T07:24:00+00:00,55871.620000
2023-08-28T07:24:00+00:00,55865.700000
2023-08-28T12:29:00+00:00,56264.740000
2023-08-28T12:59:00+00:00,56931.780000
2023-08-28T14:44:00+00:00,56929.560000
2023-08-28T20:09:00+00:00,56526.840000
2023-08-29T06:59:00+00:00,56514.260000
2023-08-29T07:29:00+00:00,55932.180000
2023-08-29T13:49:00+00:00,55930.700000
2023-08-29T14:34:00+00:00,56236.710000
2023-08-29T19:19:00+00:00,56747.220000
2023-08-30T06:14:00+00:00,56731.680000
2023-08-30T06:59:00+00:00,56159.640000
2023-08-30T13:54:00+00:00,56157.420000
2023-08-30T14:29:00+00:00,55691.700000
2023-08-30T14:29:00+00:00,55689.480000
2023-08-30T15:39:00+00:00,55196.760000
2023-08-31T10:09:00+00:00,55184.180000
2023-08-31T11:29:00+00:00,55556.260000
2023-08-31T11:44:00+00:00,56258.350000
2023-08-31T13:59:00+00:00,56256.130000
2023-08-31T20:09:00+00:00,56129.410000
2023-09-01T13:44:00+00:00,56127.190000
2023-09-01T13:49:00+00:00,56125.710000
2023-09-01T14:04:00+00:00,56060.490000
2023-09-01T14:04:00+00:00,55874.010000
2023-09-01T14:09:00+00:00,55868.830000
2023-09-01T14:39:00+00:00,55324.650000
2023-09-04T10:29:00+00:00,55309.850000
2023-09-04T13:39:00+00:00,54755.050000
2023-09-04T13:54:00+00:00,54746.170000
2023-09-04T14:14:00+00:00,54209.290000
2023-09-05T01:34:00+00:00,54198.930000
2023-09-05T05:54:00+00:00,54187.090000
2023-09-05T06:29:00+00:00,53637.730000
2023-09-05T06:29:00+00:00,53161.890000
2023-09-05T13:14:00+00:00,53154.490000
2023-09-05T13:34:00+00:00,52617.090000
2023-09-05T14:04:00+00:00,52614.130000
2023-09-05T14:14:00+00:00,52391.170000
2023-09-05T14:14:00+00:00,52385.990000
2023-09-05T14:49:00+00:00,52701.020000
2023-09-05T15:09:00+00:00,53403.060000
2023-09-06T08:24:00+00:00,53398.620000
2023-09-06T14:04:00+00:00,53751.900000
2023-09-06T14:04:00+00:00,53748.180000
2023-09-06T14:04:00+00:00,53746.700000
2023-09-06T20:09:00+00:00,53841.220000
2023-09-07T08:09:00+00:00,53833.080000
2023-09-07T08:29:00+00:00,54185.630000
2023-09-07T09:14:00+00:00,54178.190000
2023-09-07T14:44:00+00:00,54176.710000
2023-09-07T20:09:00+00:00,54168.230000
2023-09-08T11:24:00+00:00,54163.050000
2023-09-08T12:34:00+00:00,53678.370000
2023-09-08T13:49:00+00:00,53676.890000
2023-09-08T18:59:00+00:00,53307.410000
2023-09-11T01:44:00+00:00,53291.130000
2023-09-11T02:39:00+00:00,53678.990000
2023-09-11T04:39:00+00:00,54330.850000
2023-09-11T10:34:00+00:00,54316.790000
2023-09-11T11:34:00+00:00,54681.380000
2023-09-11T12:14:00+00:00,55361.480000
2023-09-11T13:44:00+00:00,55357.040000
2023-09-11T13:59:00+00:00,55354.820000
2023-09-11T17:24:00+00:00,54798.380000
2023-09-11T17:34:00+00:00,54293.660000
2023-09-11T19:29:00+00:00,54291.440000
2023-09-11T20:09:00+00:00,54188.720000
2023-09-12T05:29:00+00:00,54168.740000
2023-09-12T06:39:00+00:00,54539.370000
2023-09-12T07:09:00+00:00,54522.010000
2023-09-12T07:14:00+00:00,54510.170000
2023-09-12T08:49:00+00:00,54894.250000
2023-09-12T10:34:00+00:00,54884.330000
2023-09-12T13:59:00+00:00,54881.370000
2023-09-12T14:29:00+00:00,54368.410000
2023-09-13T06:54:00+00:00,54361.010000
2023-09-13T07:44:00+00:00,54493.610000
2023-09-13T07:44:00+00:00,54486.950000
2023-09-13T10:19:00+00:00,54822.990000
2023-09-13T11:49:00+00:00,54816.790000
2023-09-13T14:09:00+00:00,54814.570000
2023-09-13T14:29:00+00:00,54578.350000
2023-09-13T14:29:00+00:00,54576.870000
2023-09-13T20:09:00+00:00,54757.390000
2023-09-14T06:54:00+00:00,54747.030000
2023-09-14T08:19:00+00:00,55135.600000
2023-09-14T08:29:00+00:00,55786.670000
2023-09-14T12:59:00+00:00,55782.970000
2023-09-14T13:54:00+00:00,55289.270000
2023-09-14T13:54:00+00:00,55287.050000
2023-09-14T14:44:00+00:00,54815.330000
2023-09-15T12:14:00+00:00,54798.310000
2023-09-15T12:24:00+00:00,54240.790000
2023-09-15T13:59:00+00:00,54239.310000
2023-09-15T20:09:00+00:00,54730.830000
2023-09-17T22:09:00+00:00,54725.650000
2023-09-18T05:49:00+00:00,54853.470000
2023-09-18T05:49:00+00:00,54831.270000
2023-09-18T06:19:00+00:00,54299.070000
2023-09-18T06:19:00+00:00,54282.790000
2023-09-18T06:39:00+00:00,53716.510000
2023-09-18T06:39:00+00:00,53697.270000
2023-09-18T06:59:00+00:00,53431.030000
2023-09-18T06:59:00+00:00,53414.750000
2023-09-18T07:19:00+00:00,52870.470000
2023-09-18T11:14:00+00:00,52866.030000
2023-09-18T13:39:00+00:00,52381.590000
2023-09-18T13:39:00+00:00,52378.630000
2023-09-18T15:34:00+00:00,52377.150000
2023-09-18T20:09:00+00:00,52498.190000
2023-09-18T20:09:00+00:00,52458.710000
2023-09-19T09:24:00+00:00,52455.010000
2023-09-19T11:44:00+00:00,52388.810000
2023-09-19T11:44:00+00:00,52374.750000
2023-09-19T12:34:00+00:00,52739.340000
2023-09-19T12:44:00+00:00,53419.440000
2023-09-19T13:59:00+00:00,53417.220000
2023-09-19T17:49:00+00:00,52996.500000
2023-09-20T08:09:00+00:00,52987.620000
2023-09-20T08:24:00+00:00,52456.740000
2023-09-20T08:24:00+00:00,52450.820000
2023-09-20T09:14:00+00:00,52524.900000
2023-09-20T09:14:00+00:00,52507.140000
2023-09-20T09:59:00+00:00,51961.380000
2023-09-20T12:49:00+00:00,51953.980000
2023-09-20T13:34:00+00:00,51456.580000
2023-09-20T14:14:00+00:00,51453.620000
2023-09-20T18:04:00+00:00,51797.140000
2023-09-20T18:34:00+00:00,51794.660000
2023-09-21T09:09:00+00:00,51786.520000
2023-09-21T09:59:00+00:00,51288.880000
2023-09-21T13:49:00+00:00,51285.920000
2023-09-21T19:54:00+00:00,51623.440000
2023-09-21T20:09:00+00:00,52021.960000
2023-09-21T23:59:00+00:00,52014.560000
2023-09-22T01:44:00+00:00,51507.160000
2023-09-22T04:59:00+00:00,51501.980000
2023-09-22T08:54:00+00:00,51682.300000
2023-09-22T08:54:00+00:00,51667.500000
2023-09-22T09:39:00+00:00,51132.700000
2023-09-22T11:29:00+00:00,51125.300000
2023-09-22T12:19:00+00:00,51477.850000
2023-09-22T13:34:00+00:00,51471.650000
2023-09-22T13:59:00+00:00,51468.690000
2023-09-22T18:14:00+00:00,50969.730000
2023-09-25T10:39:00+00:00,50967.510000
2023-09-25T12:34:00+00:00,51106.290000
2023-09-25T12:34:00+00:00,51098.890000
2023-09-25T13:09:00+00:00,50596.490000
2023-09-25T13:59:00+00:00,50595.010000
2023-09-25T16:44:00+00:00,50658.530000
2023-09-25T16:44:00+00:00,50653.350000
2023-09-25T17:14:00+00:00,50315.670000
2023-09-25T17:14:00+00:00,50313.450000
2023-09-25T20:09:00+00:00,50438.730000
2023-09-26T01:49:00+00:00,50436.510000
2023-09-26T05:29:00+00:00,50416.530000
2023-09-26T05:54:00+00:00,50767.660000
2023-09-26T06:14:00+00:00,51404.800000
2023-09-26T10:09:00+00:00,51440.080000
2023-09-26T10:09:00+00:00,51434.900000
2023-09-26T11:14:00+00:00,51321.220000
2023-09-26T11:14:00+00:00,51315.300000
2023-09-26T11:24:00+00:00,51009.380000
2023-09-26T11:24:00+00:00,51002.720000
2023-09-26T11:54:00+00:00,51095.060000
2023-09-26T11:54:00+00:00,51080.260000
2023-09-26T12:04:00+00:00,50565.460000
2023-09-26T13:49:00+00:00,50561.760000
2023-09-26T14:19:00+00:00,50840.780000
2023-09-26T14:49:00+00:00,50837.060000
2023-09-27T14:04:00+00:00,50834.100000
2023-09-27T14:29:00+00:00,50659.140000
2023-09-27T14:29:00+00:00,50653.960000
2023-09-27T14:44:00+00:00,50197.280000
2023-09-28T08:39:00+00:00,50182.480000
2023-09-28T08:59:00+00:00,49667.680000
2023-09-28T12:54:00+00:00,49665.460000
2023-09-28T13:54:00+00:00,49511.740000
2023-09-28T13:54:00+00:00,49509.520000
2023-09-28T15:34:00+00:00,49734.530000
2023-09-28T16:19:00+00:00,50485.550000
2023-09-29T09:14:00+00:00,50482.590000
2023-09-29T10:09:00+00:00,50417.630000
2023-09-29T10:09:00+00:00,50402.830000
2023-09-29T10:14:00+00:00,49878.030000
2023-09-29T13:49:00+00:00,49873.590000
2023-09-29T14:24:00+00:00,49377.150000
2023-10-02T06:14:00+00:00,49366.050000
2023-10-02T06:54:00+00:00,49702.120000
2023-10-02T07:14:00+00:00,50346.200000
2023-10-02T11:39:00+00:00,50343.980000
2023-10-02T14:04:00+00:00,49960.760000
2023-10-02T14:04:00+00:00,49960.020000
2023-10-02T20:09:00+00:00,49982.280000
2023-10-02T23:39:00+00:00,49963.040000
2023-10-03T00:04:00+00:00,49436.800000
2023-10-03T00:09:00+00:00,49428.660000
2023-10-03T00:39:00+00:00,48958.520000
2023-10-03T04:44:00+00:00,48946.680000
2023-10-03T04:59:00+00:00,48462.840000
2023-10-03T07:54:00+00:00,48455.440000
2023-10-03T08:04:00+00:00,47983.040000
2023-10-03T13:49:00+00:00,47980.080000
2023-10-03T14:04:00+00:00,47515.120000
2023-10-04T03:04:00+00:00,47507.720000
2023-10-04T03:34:00+00:00,47025.320000
2023-10-04T11:14:00+00:00,47021.620000
2023-10-04T12:44:00+00:00,47279.640000
2023-10-04T14:29:00+00:00,47308.920000
2023-10-04T14:29:00+00:00,47307.440000
2023-10-04T14:44:00+00:00,46920.960000
2023-10-04T14:54:00+00:00,46917.260000
2023-10-04T15:14:00+00:00,46461.060000
2023-10-05T05:09:00+00:00,46452.920000
2023-10-05T06:49:00+00:00,46752.970000
2023-10-05T09:04:00+00:00,47356.030000
2023-10-05T13:49:00+00:00,47354.550000
2023-10-05T14:39:00+00:00,47592.310000
2023-10-05T17:44:00+00:00,47591.070000
2023-10-06T13:14:00+00:00,47587.370000
2023-10-06T13:34:00+00:00,47854.390000
2023-10-06T13:39:00+00:00,47850.670000
2023-10-06T14:24:00+00:00,47849.930000
2023-10-06T18:39:00+00:00,48456.690000
2023-10-09T00:24:00+00:00,48450.770000
2023-10-09T01:14:00+00:00,48004.850000
2023-10-09T07:34:00+00:00,47998.190000
2023-10-09T08:24:00+00:00,47550.530000
2023-10-09T13:39:00+00:00,47546.090000
2023-10-09T13:44:00+00:00,47094.650000
2023-10-09T13:49:00+00:00,47093.170000
2023-10-09T20:09:00+00:00,47656.690000
2023-10-10T11:44:00+00:00,47650.030000
2023-10-10T11:59:00+00:00,47179.870000
2023-10-10T13:29:00+00:00,47176.170000
2023-10-10T13:59:00+00:00,46767.470000
2023-10-10T13:59:00+00:00,46765.250000
2023-10-10T15:09:00+00:00,46946.010000
2023-10-10T20:09:00+00:00,47107.530000
2023-10-11T14:04:00+00:00,47105.310000
2023-10-11T20:04:00+00:00,46641.090000
2023-10-12T14:09:00+00:00,46638.130000
2023-10-12T17:09:00+00:00,46183.170000
2023-10-12T23:44:00+00:00,46164.670000
2023-10-12T23:54:00+00:00,45683.670000
2023-10-13T07:24:00+00:00,45671.830000
2023-10-13T07:44:00+00:00,45195.990000
2023-10-13T12:29:00+00:00,45193.030000
2023-10-13T13:34:00+00:00,45494.550000
2023-10-13T14:14:00+00:00,45533.070000
2023-10-13T14:14:00+00:00,45531.590000
2023-10-13T15:09:00+00:00,45764.850000
2023-10-13T17:29:00+00:00,46154.110000
2023-10-16T06:04:00+00:00,46145.230000
2023-10-16T06:59:00+00:00,46316.350000
2023-10-16T06:59:00+00:00,46303.030000
2023-10-16T07:14:00+00:00,46633.870000
2023-10-16T07:24:00+00:00,47189.710000
2023-10-16T14:19:00+00:00,47188.230000
2023-10-16T17:09:00+00:00,47184.530000
2023-10-16T17:24:00+00:00,46758.330000
2023-10-16T17:24:00+00:00,46643.850000
2023-10-16T17:24:00+00:00,46635.710000
2023-10-16T17:29:00+00:00,46182.070000
2023-10-17T01:49:00+00:00,46170.970000
2023-10-17T03:49:00+00:00,45709.870000
2023-10-17T06:24:00+00:00,45697.290000
2023-10-17T07:04:00+00:00,45242.710000
2023-10-17T13:49:00+00:00,45240.490000
2023-10-17T14:09:00+00:00,44887.270000
2023-10-18T07:39:00+00:00,44878.390000
2023-10-18T09:34:00+00:00,44431.510000
2023-10-18T09:39:00+00:00,44427.810000
2023-10-18T14:19:00+00:00,44019.110000
2023-10-18T14:19:00+00:00,44017.630000
2023-10-18T14:39:00+00:00,43715.150000
2023-10-19T05:09:00+00:00,43704.790000
2023-10-19T05:54:00+00:00,44014.610000
2023-10-19T06:19:00+00:00,44005.930000
2023-10-19T06:24:00+00:00,43997.790000
2023-10-19T07:44:00+00:00,43577.150000
2023-10-19T13:44:00+00:00,43574.190000
2023-10-19T14:14:00+00:00,43219.230000
2023-10-19T14:29:00+00:00,43217.750000
2023-10-19T16:04:00+00:00,42793.270000
2023-10-19T16:54:00+00:00,42791.790000
2023-10-19T18:34:00+00:00,42377.310000
2023-10-20T00:54:00+00:00,42368.430000
2023-10-20T04:54:00+00:00,42355.110000
2023-10-20T05:39:00+00:00,42591.450000
2023-10-20T05:44:00+00:00,42989.790000
2023-10-20T06:19:00+00:00,43286.850000
2023-10-20T06:24:00+00:00,43784.910000
2023-10-20T11:59:00+00:00,43781.210000
2023-10-20T12:19:00+00:00,43400.010000
2023-10-20T14:14:00+00:00,43398.530000
2023-10-20T20:09:00+00:00,43910.050000
2023-10-23T00:24:00+00:00,43898.210000
2023-10-23T01:04:00+00:00,43446.370000
2023-10-23T13:44:00+00:00,43444.890000
2023-10-23T13:49:00+00:00,43134.410000
2023-10-23T13:54:00+00:00,43132.190000
2023-10-23T13:59:00+00:00,43131.450000
2023-10-23T15:09:00+00:00,43318.960000
2023-10-23T16:09:00+00:00,43944.980000
2023-10-23T20:09:00+00:00,44154.240000
2023-10-24T08:49:00+00:00,44149.060000
2023-10-24T13:44:00+00:00,44419.090000
2023-10-24T13:49:00+00:00,44414.130000
2023-10-24T13:54:00+00:00,44411.910000
2023-10-24T14:29:00+00:00,44075.190000
2023-10-24T14:29:00+00:00,44073.710000
2023-10-24T16:24:00+00:00,43732.230000
2023-10-25T12:44:00+00:00,43726.310000
2023-10-25T13:34:00+00:00,44020.350000
2023-10-25T13:34:00+00:00,44512.390000
2023-10-25T13:49:00+00:00,44511.650000
2023-10-25T20:09:00+00:00,44760.410000
2023-10-26T09:29:00+00:00,44758.930000
2023-10-26T13:49:00+00:00,44811.450000
2023-10-26T13:49:00+00:00,44809.970000
2023-10-26T15:09:00+00:00,44809.230000
2023-10-26T16:09:00+00:00,45096.490000
2023-10-26T20:09:00+00:00,45336.250000
2023-10-26T20:09:00+00:00,45466.010000
2023-10-27T13:49:00+00:00,45463.050000
2023-10-27T14:09:00+00:00,45036.090000
2023-10-30T09:09:00+00:00,45028.690000
2023-10-30T12:29:00+00:00,44601.290000
2023-10-30T13:49:00+00:00,44600.550000
2023-10-30T14:29:00+00:00,44343.810000
2023-10-31T09:14:00+00:00,44335.670000
2023-10-31T09:39:00+00:00,44173.530000
2023-10-31T09:39:00+00:00,44170.570000
2023-10-31T12:39:00+00:00,44193.610000
2023-10-31T12:39:00+00:00,44183.250000
2023-10-31T12:49:00+00:00,43745.890000
2023-10-31T13:34:00+00:00,43736.270000
2023-10-31T13:39:00+00:00,43297.650000
2023-10-31T16:19:00+00:00,43294.690000
2023-10-31T16:44:00+00:00,42883.730000
2023-10-31T16:49:00+00:00,42882.990000
2023-10-31T20:09:00+00:00,42953.250000
2023-11-01T02:19:00+00:00,42942.890000
2023-11-01T03:24:00+00:00,43247.460000
2023-11-01T06:59:00+00:00,43758.530000
2023-11-01T13:49:00+00:00,43756.310000
2023-11-01T18:34:00+00:00,43935.570000
2023-11-01T18:44:00+00:00,43933.090000
2023-11-02T03:54:00+00:00,43912.370000
2023-11-02T05:54:00+00:00,43443.650000
2023-11-02T14:09:00+00:00,43441.430000
2023-11-02T14:54:00+00:00,43079.210000
2023-11-03T11:24:00+00:00,43062.930000
2023-11-03T11:39:00+00:00,43376.540000
2023-11-03T11:49:00+00:00,43904.650000
2023-11-03T13:49:00+00:00,43903.170000
2023-11-03T17:29:00+00:00,44111.690000
2023-11-03T17:29:00+00:00,44107.250000
2023-11-03T17:59:00+00:00,43679.810000
2023-11-06T15:14:00+00:00,43677.590000
2023-11-06T18:44:00+00:00,43751.870000
2023-11-06T18:44:00+00:00,43747.430000
2023-11-06T20:59:00+00:00,44062.460000
2023-11-06T21:09:00+00:00,44367.740000
2023-11-07T01:59:00+00:00,44351.460000
2023-11-07T05:29:00+00:00,44673.320000
2023-11-07T05:39:00+00:00,44780.680000
2023-11-07T05:39:00+00:00,44762.920000
2023-11-07T06:14:00+00:00,44301.160000
2023-11-07T06:19:00+00:00,44290.060000
2023-11-07T08:34:00+00:00,43836.460000
2023-11-07T14:59:00+00:00,43834.240000
2023-11-07T15:14:00+00:00,43812.520000
2023-11-07T15:14:00+00:00,43808.820000
2023-11-07T15:29:00+00:00,43400.120000
2023-11-08T10:29:00+00:00,43389.760000
2023-11-08T10:54:00+00:00,42938.400000
2023-11-08T12:29:00+00:00,42931.740000
2023-11-08T14:34:00+00:00,43189.780000
2023-11-08T15:04:00+00:00,43183.580000
2023-11-08T15:04:00+00:00,43181.360000
2023-11-08T21:09:00+00:00,43062.140000
2023-11-09T05:59:00+00:00,43045.860000
2023-11-09T06:39:00+00:00,42589.580000
2023-11-09T08:39:00+00:00,42581.440000
2023-11-09T08:59:00+00:00,42171.800000
2023-11-09T08:59:00+00:00,42165.140000
2023-11-09T10:44:00+00:00,41753.480000
2023-11-09T12:09:00+00:00,41741.640000
2023-11-09T13:49:00+00:00,42035.720000
2023-11-09T14:34:00+00:00,42529.800000
2023-11-09T14:59:00+00:00,42527.580000
2023-11-09T15:09:00+00:00,42178.860000
2023-11-09T17:19:00+00:00,42175.160000
2023-11-09T18:04:00+00:00,42416.680000
2023-11-09T18:04:00+00:00,42412.960000
2023-11-10T14:54:00+00:00,42411.480000
2023-11-10T17:34:00+00:00,42648.490000
2023-11-10T20:19:00+00:00,43044.000000
2023-11-13T14:54:00+00:00,43041.780000
2023-11-13T15:49:00+00:00,42661.560000
2023-11-14T08:19:00+00:00,42651.200000
2023-11-14T08:54:00+00:00,42220.840000
2023-11-14T13:39:00+00:00,42218.620000
2023-11-14T14:59:00+00:00,42217.140000
2023-11-14T15:04:00+00:00,42379.150000
2023-11-14T20:29:00+00:00,42866.670000
2023-11-14T20:29:00+00:00,43053.190000
2023-11-14T20:34:00+00:00,43044.310000
2023-11-14T20:54:00+00:00,43345.870000
2023-11-14T20:59:00+00:00,43851.430000
2023-11-15T08:09:00+00:00,43841.810000
2023-11-15T08:49:00+00:00,44138.870000
2023-11-15T09:44:00+00:00,44130.190000
2023-11-15T12:29:00+00:00,44120.570000
2023-11-15T13:04:00+00:00,43675.450000
2023-11-15T14:54:00+00:00,43673.230000
2023-11-15T15:54:00+00:00,43339.510000
2023-11-16T02:24:00+00:00,43326.930000
2023-11-16T02:39:00+00:00,42889.350000
2023-11-16T13:39:00+00:00,42884.910000
2023-11-16T14:34:00+00:00,42496.470000
2023-11-16T14:49:00+00:00,42493.510000
2023-11-16T15:24:00+00:00,42604.550000
2023-11-16T15:24:00+00:00,42602.330000
2023-11-16T16:39:00+00:00,42763.590000
2023-11-16T17:39:00+00:00,42761.110000
2023-11-17T06:54:00+00:00,42747.790000
2023-11-17T08:34:00+00:00,43058.380000
2023-11-17T09:14:00+00:00,43580.470000
2023-11-17T16:59:00+00:00,43577.510000
2023-11-17T21:09:00+00:00,43652.550000
2023-11-20T13:49:00+00:00,43645.890000
2023-11-20T14:34:00+00:00,43930.930000
2023-11-20T14:34:00+00:00,43924.730000
2023-11-20T14:59:00+00:00,43923.250000
2023-11-20T21:09:00+00:00,44256.770000
2023-11-21T15:24:00+00:00,44255.290000
2023-11-21T21:09:00+00:00,44120.810000
2023-11-22T08:09:00+00:00,44114.890000
2023-11-22T10:34:00+00:00,44414.930000
2023-11-22T11:24:00+00:00,44916.970000
2023-11-22T14:54:00+00:00,44916.230000
2023-11-22T21:09:00+00:00,44945.490000
2023-11-23T15:04:00+00:00,44935.130000
2023-11-23T15:54:00+00:00,44490.770000
2023-11-24T09:14:00+00:00,44486.330000
2023-11-24T11:14:00+00:00,44073.890000
2023-11-24T15:24:00+00:00,44070.930000
2023-11-27T10:19:00+00:00,44075.970000
2023-11-27T10:19:00+00:00,44068.570000
2023-11-27T14:14:00+00:00,43631.170000
2023-11-27T15:09:00+00:00,43629.690000
2023-11-27T20:54:00+00:00,43506.210000
2023-11-28T00:39:00+00:00,43492.890000
2023-11-28T07:14:00+00:00,43038.570000
2023-11-28T13:29:00+00:00,43031.170000
2023-11-28T14:34:00+00:00,43327.470000
2023-11-28T14:34:00+00:00,43321.270000
2023-11-28T14:49:00+00:00,43316.830000
2023-11-28T14:54:00+00:00,43313.870000
2023-11-28T15:39:00+00:00,42930.910000
2023-11-28T15:44:00+00:00,42521.470000
2023-11-29T08:14:00+00:00,42513.330000
2023-11-29T09:24:00+00:00,42783.380000
2023-11-29T09:54:00+00:00,43326.440000
2023-11-29T13:44:00+00:00,43320.520000
2023-11-29T14:34:00+00:00,42922.600000
2023-11-29T15:09:00+00:00,42921.120000
2023-11-29T21:09:00+00:00,43243.640000
2023-11-30T09:14:00+00:00,43237.720000
2023-11-30T13:34:00+00:00,43525.760000
2023-11-30T13:54:00+00:00,43520.800000
2023-11-30T15:04:00+00:00,43520.060000
2023-11-30T20:14:00+00:00,43515.620000
2023-11-30T20:44:00+00:00,43121.180000
2023-11-30T21:09:00+00:00,43030.440000
2023-12-01T08:09:00+00:00,43015.640000
2023-12-01T08:39:00+00:00,43315.740000
2023-12-01T09:14:00+00:00,43820.840000
2023-12-01T15:04:00+00:00,43818.620000
2023-12-01T15:29:00+00:00,43439.900000
2023-12-04T09:14:00+00:00,43435.460000
2023-12-04T13:39:00+00:00,43727.990000
2023-12-04T14:09:00+00:00,44217.020000
2023-12-04T15:14:00+00:00,44214.060000
2023-12-04T15:24:00+00:00,44484.080000
2023-12-04T17:09:00+00:00,44481.600000
2023-12-04T19:19:00+00:00,44478.640000
2023-12-04T21:09:00+00:00,44707.680000
2023-12-05T13:44:00+00:00,44696.580000
2023-12-05T14:14:00+00:00,44990.650000
2023-12-05T14:24:00+00:00,45554.730000
2023-12-05T14:54:00+00:00,45552.510000
2023-12-05T15:49:00+00:00,45758.770000
2023-12-05T16:54:00+00:00,45756.290000
2023-12-06T05:09:00+00:00,45745.930000
2023-12-06T07:19:00+00:00,46076.750000
2023-12-06T08:04:00+00:00,46068.070000
2023-12-06T15:04:00+00:00,46067.330000
2023-12-06T21:09:00+00:00,46272.090000
2023-12-07T15:24:00+00:00,46270.610000
2023-12-07T16:19:00+00:00,46063.130000
2023-12-07T16:19:00+00:00,46058.690000
2023-12-07T16:34:00+00:00,45637.250000
2023-12-08T01:44:00+00:00,45622.450000
2023-12-08T07:19:00+00:00,45147.650000
2023-12-08T13:29:00+00:00,45141.730000
2023-12-08T13:34:00+00:00,44727.810000
2023-12-08T15:04:00+00:00,44726.330000
2023-12-08T21:09:00+00:00,44891.850000
2023-12-11T05:39:00+00:00,44876.310000
2023-12-11T06:09:00+00:00,45183.910000
2023-12-11T07:04:00+00:00,45170.270000
2023-12-11T14:29:00+00:00,45162.130000
2023-12-11T14:34:00+00:00,44730.490000
2023-12-11T14:54:00+00:00,44729.010000
2023-12-11T21:09:00+00:00,45065.530000
2023-12-12T08:04:00+00:00,45043.330000
2023-12-12T08:29:00+00:00,44571.130000
2023-12-12T14:59:00+00:00,44568.910000
2023-12-12T20:59:00+00:00,44778.920000
2023-12-12T21:09:00+00:00,45277.440000
2023-12-13T09:09:00+00:00,45268.560000
2023-12-13T13:34:00+00:00,44803.680000
2023-12-13T16:24:00+00:00,44800.720000
2023-12-13T19:04:00+00:00,44371.760000
2023-12-14T06:54:00+00:00,44356.960000
2023-12-14T07:34:00+00:00,44672.060000
2023-12-14T08:14:00+00:00,44659.660000
2023-12-14T15:19:00+00:00,44657.440000
2023-12-14T18:04:00+00:00,44831.450000
2023-12-14T18:54:00+00:00,45412.470000
2023-12-15T13:44:00+00:00,45408.770000
2023-12-15T14:19:00+00:00,45012.570000
2023-12-15T15:19:00+00:00,45010.350000
2023-12-15T18:44:00+00:00,44600.130000
2023-12-18T08:44:00+00:00,44591.250000
2023-12-18T14:34:00+00:00,44919.810000
2023-12-18T14:34:00+00:00,44912.370000
2023-12-18T14:59:00+00:00,44909.410000
2023-12-18T18:29:00+00:00,45183.930000
2023-12-18T21:09:00+00:00,45322.450000
2023-12-19T07:14:00+00:00,45312.090000
2023-12-19T08:24:00+00:00,44853.730000
2023-12-19T11:34:00+00:00,44845.590000
2023-12-19T12:19:00+00:00,45130.640000
2023-12-19T12:44:00+00:00,45123.200000
2023-12-19T15:34:00+00:00,45120.240000
2023-12-19T21:09:00+00:00,45261.280000
2023-12-20T14:44:00+00:00,45256.840000
2023-12-20T15:04:00+00:00,45253.880000
2023-12-20T15:34:00+00:00,45584.660000
2023-12-20T19:29:00+00:00,45580.940000
2023-12-20T19:39:00+00:00,45135.980000
2023-12-21T08:44:00+00:00,45132.280000
2023-12-21T13:39:00+00:00,45373.800000
2023-12-21T14:59:00+00:00,45457.080000
2023-12-21T14:59:00+00:00,45454.860000
2023-12-21T18:24:00+00:00,45453.380000
2023-12-21T20:39:00+00:00,45107.900000
2023-12-21T20:54:00+00:00,44712.680000
2023-12-22T03:54:00+00:00,44701.580000
2023-12-22T06:04:00+00:00,44247.980000
2023-12-22T16:04:00+00:00,44245.020000
2023-12-22T19:24:00+00:00,44542.040000
2023-12-22T19:59:00+00:00,44539.560000
2023-12-26T09:39:00+00:00,44526.240000
2023-12-26T11:24:00+00:00,44062.920000
2023-12-26T15:39:00+00:00,44059.960000
2023-12-26T18:04:00+00:00,43987.000000
2023-12-26T18:04:00+00:00,43978.120000
2023-12-26T19:34:00+00:00,43549.240000
2023-12-27T08:29:00+00:00,43538.140000
2023-12-27T10:14:00+00:00,43099.540000
2023-12-27T15:14:00+00:00,43097.320000
2023-12-27T15:19:00+00:00,43093.620000
2023-12-27T18:14:00+00:00,42729.900000
2023-12-27T18:14:00+00:00,42306.200000
2023-12-28T15:09:00+00:00,42303.240000
2023-12-28T17:54:00+00:00,42297.320000
2023-12-28T20:14:00+00:00,42591.360000
2023-12-28T21:09:00+00:00,42720.400000
2023-12-28T21:09:00+00:00,42995.440000
2023-12-29T08:09:00+00:00,42987.300000
2023-12-29T12:09:00+00:00,42819.660000
2023-12-29T12:09:00+00:00,42807.080000
2023-12-29T12:34:00+00:00,43089.160000
2023-12-29T13:19:00+00:00,43622.500000
2023-12-29T14:54:00+00:00,43617.320000
2023-12-29T15:34:00+00:00,43220.140000
2024-01-02T07:19:00+00:00,43210.520000
2024-01-02T09:14:00+00:00,42791.400000
2024-01-02T14:49:00+00:00,42790.660000
2024-01-02T21:09:00+00:00,42798.920000
2024-01-03T08:34:00+00:00,42789.300000
2024-01-03T08:54:00+00:00,43063.860000
2024-01-03T09:09:00+00:00,43601.180000
2024-01-03T13:24:00+00:00,43596.740000
2024-01-03T14:14:00+00:00,43214.300000
2024-01-03T15:14:00+00:00,43212.820000
2024-01-03T21:09:00+00:00,43353.340000
2024-01-04T12:19:00+00:00,43347.420000
2024-01-04T13:19:00+00:00,42909.500000
2024-01-04T15:09:00+00:00,42907.280000
2024-01-04T20:59:00+00:00,42482.060000
2024-01-05T01:29:00+00:00,42465.780000
2024-01-05T04:54:00+00:00,42771.140000
2024-01-05T05:24:00+00:00,43285.500000
2024-01-05T08:19:00+00:00,43278.840000
2024-01-05T09:04:00+00:00,42876.180000
2024-01-05T15:04:00+00:00,42874.700000
2024-01-05T18:19:00+00:00,42461.220000
2024-01-08T01:34:00+00:00,42445.680000
2024-01-08T01:54:00+00:00,42730.780000
2024-01-08T01:59:00+00:00,43258.890000
2024-01-08T13:04:00+00:00,43256.670000
2024-01-08T14:44:00+00:00,43437.430000
2024-01-08T14:49:00+00:00,43435.950000
2024-01-08T14:59:00+00:00,44039.470000
2024-01-08T17:34:00+00:00,44268.980000
2024-01-08T19:49:00+00:00,44651.990000
2024-01-09T15:09:00+00:00,44649.770000
2024-01-09T16:54:00+00:00,44829.030000
2024-01-09T18:54:00+00:00,44826.810000
2024-01-09T20:49:00+00:00,44478.090000
2024-01-09T21:09:00+00:00,44912.610000
2024-01-10T12:09:00+00:00,44905.950000
2024-01-10T13:04:00+00:00,44458.290000
2024-01-10T14:54:00+00:00,44455.330000
2024-01-10T15:44:00+00:00,44040.370000
2024-01-10T20:29:00+00:00,44037.410000
2024-01-10T21:09:00+00:00,43968.450000
2024-01-11T09:14:00+00:00,43959.570000
2024-01-11T09:44:00+00:00,44274.630000
2024-01-11T11:14:00+00:00,44267.190000
2024-01-11T14:39:00+00:00,44266.450000
2024-01-11T14:49:00+00:00,44136.210000
2024-01-11T14:49:00+00:00,44134.730000
2024-01-11T16:14:00+00:00,44417.490000
2024-01-11T19:04:00+00:00,44416.250000
2024-01-12T07:09:00+00:00,44404.410000
2024-01-12T07:24:00+00:00,43960.570000
2024-01-12T08:14:00+00:00,43953.170000
2024-01-12T09:59:00+00:00,43520.770000
2024-01-12T15:04:00+00:00,43519.290000
2024-01-12T21:09:00+00:00,43498.810000
2024-01-15T08:14:00+00:00,43494.370000
2024-01-15T08:49:00+00:00,43111.930000
2024-01-15T14:49:00+00:00,43104.530000
2024-01-15T15:39:00+00:00,42667.130000
2024-01-16T08:09:00+00:00,42660.470000
2024-01-16T09:04:00+00:00,42262.310000
2024-01-16T13:39:00+00:00,42259.350000
2024-01-16T14:44:00+00:00,41902.390000
2024-01-16T14:49:00+00:00,41899.430000
2024-01-16T15:04:00+00:00,41480.470000
2024-01-16T15:04:00+00:00,41477.510000
2024-01-16T15:19:00+00:00,41476.030000
2024-01-16T15:24:00+00:00,41756.550000
2024-01-16T15:44:00+00:00,42225.070000
2024-01-16T19:19:00+00:00,41842.590000
2024-01-17T14:49:00+00:00,41841.850000
2024-01-17T18:14:00+00:00,41838.150000
2024-01-17T19:44:00+00:00,41449.450000
2024-01-17T19:49:00+00:00,41221.210000
2024-01-17T23:24:00+00:00,41218.990000
2024-01-18T07:54:00+00:00,41215.290000
2024-01-18T09:44:00+00:00,41372.800000
2024-01-18T10:59:00+00:00,41612.820000
2024-01-18T11:44:00+00:00,42138.840000
2024-01-18T11:44:00+00:00,42740.370000
2024-01-18T15:04:00+00:00,42738.150000
2024-01-18T15:39:00+00:00,42359.430000
2024-01-19T12:59:00+00:00,42353.510000
2024-01-19T14:04:00+00:00,41951.590000
2024-01-19T14:54:00+00:00,41948.630000
2024-01-19T17:24:00+00:00,42209.650000
2024-01-19T17:54:00+00:00,42645.670000
2024-01-22T06:09:00+00:00,42634.570000
2024-01-22T07:39:00+00:00,42383.470000
2024-01-22T07:39:00+00:00,42372.370000
2024-01-22T11:39:00+00:00,41948.770000
2024-01-22T15:29:00+00:00,41947.290000
2024-01-22T21:09:00+00:00,42097.810000
2024-01-23T03:24:00+00:00,42091.890000
2024-01-23T08:19:00+00:00,41705.970000
2024-01-23T17:59:00+00:00,41704.490000
2024-01-23T21:09:00+00:00,41826.010000
2024-01-24T01:09:00+00:00,41815.650000
2024-01-24T02:04:00+00:00,41406.290000
2024-01-24T11:24:00+00:00,41395.930000
2024-01-24T12:39:00+00:00,40972.570000
2024-01-24T15:14:00+00:00,40969.610000
2024-01-24T15:19:00+00:00,40967.390000
2024-01-24T15:44:00+00:00,41234.410000
2024-01-24T16:19:00+00:00,41231.930000
2024-01-24T18:09:00+00:00,41537.210000
2024-01-24T18:09:00+00:00,41529.070000
2024-01-24T18:19:00+00:00,41791.620000
2024-01-24T18:29:00+00:00,41784.180000
2024-01-25T02:04:00+00:00,41773.820000
2024-01-25T02:44:00+00:00,41350.460000
2024-01-25T07:29:00+00:00,41342.320000
2024-01-25T08:09:00+00:00,41612.370000
2024-01-25T08:39:00+00:00,41604.930000
2024-01-25T14:59:00+00:00,41602.710000
2024-01-25T15:24:00+00:00,41249.490000
2024-01-26T03:54:00+00:00,41239.130000
2024-01-26T04:14:00+00:00,40822.770000
2024-01-26T08:19:00+00:00,40815.370000
2024-01-26T09:44:00+00:00,41104.170000
2024-01-26T10:04:00+00:00,41587.970000
2024-01-26T15:04:00+00:00,41585.010000
2024-01-26T15:29:00+00:00,41230.050000
2024-01-29T14:44:00+00:00,41225.610000
2024-01-29T15:04:00+00:00,40831.170000
2024-01-29T17:14:00+00:00,40828.950000
2024-01-29T20:04:00+00:00,40990.960000
2024-01-29T21:09:00+00:00,41411.480000
2024-01-30T05:49:00+00:00,41395.940000
2024-01-30T06:24:00+00:00,41681.040000
2024-01-30T07:04:00+00:00,42209.150000
2024-01-30T08:29:00+00:00,42203.230000
2024-01-30T12:44:00+00:00,41813.310000
2024-01-30T15:04:00+00:00,41809.610000
2024-01-30T17:34:00+00:00,42052.630000
2024-01-30T21:04:00+00:00,42661.660000
2024-01-31T15:14:00+00:00,42660.180000
2024-01-31T19:39:00+00:00,42298.700000
2024-01-31T20:09:00+00:00,42297.960000
2024-01-31T21:09:00+00:00,42369.720000
2024-02-01T06:49:00+00:00,42360.840000
2024-02-01T06:59:00+00:00,41943.960000
2024-02-01T15:09:00+00:00,41941.740000
2024-02-01T15:54:00+00:00,41587.020000
2024-02-01T18:09:00+00:00,41584.800000
2024-02-01T19:09:00+00:00,41203.080000
2024-02-02T12:24:00+00:00,41195.680000
2024-02-02T13:24:00+00:00,40793.280000
2024-02-02T14:49:00+00:00,40792.540000
2024-02-02T21:04:00+00:00,41044.300000
2024-02-05T05:39:00+00:00,41035.420000
2024-02-05T06:09:00+00:00,40636.540000
2024-02-05T10:09:00+00:00,40629.880000
2024-02-05T12:19:00+00:00,40896.920000
2024-02-05T13:59:00+00:00,40890.720000
2024-02-05T14:49:00+00:00,40887.760000
2024-02-05T15:19:00+00:00,41163.780000
2024-02-05T15:44:00+00:00,41624.800000
2024-02-06T14:49:00+00:00,41623.320000
2024-02-06T16:49:00+00:00,41831.830000
2024-02-06T19:14:00+00:00,41828.130000
2024-02-06T19:34:00+00:00,41451.930000
2024-02-06T21:09:00+00:00,41550.690000
2024-02-07T05:39:00+00:00,41545.510000
2024-02-07T11:34:00+00:00,41137.830000
2024-02-07T15:14:00+00:00,41136.350000
2024-02-07T15:19:00+00:00,41134.870000
2024-02-07T21:09:00+00:00,41260.390000
2024-02-07T21:09:00+00:00,41384.910000
2024-02-08T15:04:00+00:00,41381.950000
2024-02-08T18:09:00+00:00,41378.990000
2024-02-08T18:59:00+00:00,41494.030000
2024-02-08T18:59:00+00:00,41437.070000
2024-02-08T19:04:00+00:00,41431.890000
2024-02-08T21:09:00+00:00,41454.710000
2024-02-09T06:39:00+00:00,41432.510000
2024-02-09T07:19:00+00:00,41713.910000
2024-02-09T07:29:00+00:00,42190.310000
2024-02-09T14:54:00+00:00,42186.610000
2024-02-09T15:29:00+00:00,42407.130000
2024-02-09T16:09:00+00:00,42959.910000
2024-02-12T08:44:00+00:00,42947.330000
2024-02-12T09:09:00+00:00,42518.250000
2024-02-12T15:44:00+00:00,42515.290000
2024-02-12T18:39:00+00:00,42094.330000
2024-02-13T08:29:00+00:00,42089.150000
2024-02-13T08:59:00+00:00,42356.930000
2024-02-13T10:09:00+00:00,42953.970000
2024-02-13T14:44:00+00:00,42951.750000
2024-02-13T14:54:00+00:00,42950.270000
2024-02-13T15:34:00+00:00,43149.780000
2024-02-13T19:04:00+00:00,43147.300000
2024-02-13T19:54:00+00:00,42778.820000
2024-02-14T13:24:00+00:00,42772.160000
2024-02-14T14:34:00+00:00,42365.000000
2024-02-14T15:19:00+00:00,42363.520000
2024-02-14T16:04:00+00:00,42030.040000
2024-02-14T16:29:00+00:00,42027.080000
2024-02-14T17:04:00+00:00,41682.120000
2024-02-15T13:54:00+00:00,41678.420000
2024-02-15T14:54:00+00:00,41918.440000
2024-02-15T14:54:00+00:00,41916.960000
2024-02-15T16:09:00+00:00,42518.490000
2024-02-15T18:19:00+00:00,42205.010000
2024-02-16T14:49:00+00:00,42202.790000
2024-02-16T14:59:00+00:00,42403.800000
2024-02-16T16:19:00+00:00,42401.320000
2024-02-19T01:29:00+00:00,42395.400000
2024-02-19T01:54:00+00:00,42529.480000
2024-02-19T01:54:00+00:00,42521.340000
2024-02-19T07:39:00+00:00,42100.700000
2024-02-19T07:49:00+00:00,42082.200000
2024-02-19T08:04:00+00:00,42370.320000
2024-02-19T08:19:00+00:00,42354.200000
2024-02-19T15:19:00+00:00,42348.280000
2024-02-19T23:44:00+00:00,42642.320000
2024-02-20T00:29:00+00:00,43134.360000
2024-02-20T08:44:00+00:00,43131.400000
2024-02-20T10:09:00+00:00,42742.440000
2024-02-20T14:44:00+00:00,42740.960000
2024-02-20T15:04:00+00:00,42740.220000
2024-02-20T17:39:00+00:00,42989.980000
2024-02-20T20:09:00+00:00,42988.740000
2024-02-20T21:09:00+00:00,42899.500000
2024-02-21T06:19:00+00:00,42889.140000
2024-02-21T07:29:00+00:00,42451.780000
2024-02-21T12:19:00+00:00,42447.340000
2024-02-21T12:44:00+00:00,42067.900000
2024-02-21T15:04:00+00:00,42065.680000
2024-02-21T15:34:00+00:00,41658.460000
2024-02-22T14:34:00+00:00,41653.280000
2024-02-22T14:49:00+00:00,41896.310000
2024-02-22T14:49:00+00:00,42438.350000
2024-02-22T14:49:00+00:00,42436.870000
2024-02-22T19:14:00+00:00,42681.380000
2024-02-22T21:09:00+00:00,42842.140000
2024-02-23T08:09:00+00:00,42834.740000
2024-02-23T09:59:00+00:00,42972.340000
2024-02-23T09:59:00+00:00,42964.200000
2024-02-23T12:34:00+00:00,43234.250000
2024-02-23T13:29:00+00:00,43777.310000
2024-02-23T14:59:00+00:00,43775.090000
2024-02-23T16:04:00+00:00,43969.350000
2024-02-23T21:09:00+00:00,44416.870000
2024-02-26T14:49:00+00:00,44413.910000
2024-02-26T14:59:00+00:00,44411.690000
2024-02-26T16:44:00+00:00,44030.730000
2024-02-26T16:54:00+00:00,43635.510000
2024-02-27T15:19:00+00:00,43634.030000
2024-02-27T17:54:00+00:00,43282.550000
2024-02-28T08:29:00+00:00,43279.590000
2024-02-28T14:54:00+00:00,43563.110000
2024-02-28T14:54:00+00:00,43560.890000
2024-02-28T16:04:00+00:00,43198.670000
2024-02-28T16:19:00+00:00,43196.190000
2024-02-29T07:14:00+00:00,43185.090000
2024-02-29T07:54:00+00:00,42738.990000
2024-02-29T12:09:00+00:00,42726.410000
2024-02-29T12:44:00+00:00,43020.490000
2024-02-29T13:09:00+00:00,43009.330000
2024-02-29T13:39:00+00:00,43004.890000
2024-02-29T14:34:00+00:00,43292.920000
2024-02-29T15:14:00+00:00,43289.200000
2024-02-29T15:14:00+00:00,43287.720000
2024-02-29T20:49:00+00:00,42946.240000
2024-03-01T10:39:00+00:00,42941.800000
2024-03-01T14:34:00+00:00,43216.330000
2024-03-01T15:04:00+00:00,43675.360000
2024-03-01T15:09:00+00:00,43673.880000
2024-03-01T18:04:00+00:00,43910.890000
2024-03-01T19:34:00+00:00,44306.400000
2024-03-04T16:34:00+00:00,44303.440000
2024-03-04T19:39:00+00:00,43898.480000
2024-03-05T14:49:00+00:00,43897.000000
2024-03-05T15:49:00+00:00,44164.010000
2024-03-05T21:09:00+00:00,44329.770000
2024-03-06T01:09:00+00:00,44318.670000
2024-03-06T03:49:00+00:00,44617.990000
2024-03-06T07:49:00+00:00,45192.070000
2024-03-06T14:54:00+00:00,45189.850000
2024-03-06T15:09:00+00:00,45381.110000
2024-03-06T15:39:00+00:00,45510.630000
2024-03-06T15:39:00+00:00,45509.150000
2024-03-06T17:09:00+00:00,45736.410000
2024-03-06T19:19:00+00:00,45735.170000
2024-03-07T06:29:00+00:00,45728.510000
2024-03-07T06:49:00+00:00,45384.350000
2024-03-07T06:49:00+00:00,45374.730000
2024-03-07T07:04:00+00:00,45671.790000
2024-03-07T08:14:00+00:00,46252.860000
2024-03-07T14:49:00+00:00,46250.640000
2024-03-07T14:59:00+00:00,46035.420000
2024-03-07T14:59:00+00:00,46033.940000
2024-03-07T17:19:00+00:00,46293.450000
2024-03-07T21:04:00+00:00,46490.710000
2024-03-08T09:04:00+00:00,46482.570000
2024-03-08T09:54:00+00:00,46012.430000
2024-03-08T14:49:00+00:00,46010.210000
2024-03-08T16:09:00+00:00,45596.990000
2024-03-11T01:54:00+00:00,45588.110000
2024-03-11T03:59:00+00:00,45921.170000
2024-03-11T04:04:00+00:00,46479.230000
2024-03-11T07:59:00+00:00,46476.270000
2024-03-11T08:14:00+00:00,46065.310000
2024-03-11T13:59:00+00:00,46063.090000
2024-03-11T14:34:00+00:00,45598.870000
2024-03-12T06:09:00+00:00,45582.590000
2024-03-12T06:19:00+00:00,45904.450000
2024-03-12T06:44:00+00:00,45890.810000
2024-03-12T14:04:00+00:00,45889.330000
2024-03-12T14:24:00+00:00,45888.590000
2024-03-12T14:49:00+00:00,46157.100000
2024-03-12T18:49:00+00:00,46465.860000
2024-03-12T18:49:00+00:00,46633.620000
2024-03-12T18:54:00+00:00,46626.960000
2024-03-12T19:54:00+00:00,46156.800000
2024-03-13T13:49:00+00:00,46155.320000
2024-03-13T20:09:00+00:00,46191.840000
2024-03-14T06:34:00+00:00,46173.340000
2024-03-14T07:04:00+00:00,45692.340000
2024-03-14T07:04:00+00:00,45684.940000
2024-03-14T08:14:00+00:00,46022.490000
2024-03-14T12:34:00+00:00,46016.290000
2024-03-14T12:39:00+00:00,46011.110000
2024-03-14T13:49:00+00:00,46274.390000
2024-03-14T13:49:00+00:00,46269.430000
2024-03-14T13:49:00+00:00,46268.690000
2024-03-14T20:09:00+00:00,46274.450000
2024-03-15T08:14:00+00:00,46267.790000
2024-03-15T09:39:00+00:00,46570.830000
2024-03-15T10:24:00+00:00,47204.630000
2024-03-15T14:04:00+00:00,47203.150000
2024-03-15T17:54:00+00:00,47200.190000
2024-03-15T20:09:00+00:00,47186.710000
2024-03-15T20:09:00+00:00,47141.750000
2024-03-18T08:54:00+00:00,47135.830000
2024-03-18T11:24:00+00:00,47456.870000
2024-03-18T11:34:00+00:00,47993.910000
2024-03-18T14:24:00+00:00,47992.430000
2024-03-18T15:54:00+00:00,47667.950000
2024-03-18T18:49:00+00:00,47659.810000
2024-03-18T19:54:00+00:00,47959.860000
2024-03-18T19:59:00+00:00,48562.920000
2024-03-19T09:04:00+00:00,48556.260000
2024-03-19T09:39:00+00:00,48850.300000
2024-03-19T11:04:00+00:00,49465.350000
2024-03-19T15:34:00+00:00,49463.870000
2024-03-19T20:09:00+00:00,49929.390000
2024-03-20T04:54:00+00:00,49911.630000
2024-03-20T05:44:00+00:00,49521.870000
2024-03-20T05:44:00+00:00,49507.070000
2024-03-20T07:09:00+00:00,49867.170000
2024-03-20T08:39:00+00:00,49854.770000
2024-03-20T18:04:00+00:00,49853.290000
2024-03-20T20:09:00+00:00,50190.800000
2024-03-20T20:09:00+00:00,50528.060000
2024-03-21T13:49:00+00:00,50525.840000
2024-03-21T13:54:00+00:00,50523.620000
2024-03-21T20:09:00+00:00,50941.400000
2024-03-21T20:09:00+00:00,51414.680000
2024-03-22T13:49:00+00:00,51410.240000
2024-03-22T14:04:00+00:00,50895.800000
2024-03-22T18:34:00+00:00,50893.580000
2024-03-22T20:04:00+00:00,50607.860000
2024-03-25T03:09:00+00:00,50601.940000
2024-03-25T09:59:00+00:00,50967.980000
2024-03-25T10:59:00+00:00,51580.020000
2024-03-25T13:54:00+00:00,51577.800000
2024-03-25T20:09:00+00:00,51748.080000
2024-03-26T01:29:00+00:00,51725.880000
2024-03-26T02:59:00+00:00,52029.780000
2024-03-26T03:44:00+00:00,52543.680000
2024-03-26T09:49:00+00:00,52532.580000
2024-03-26T12:39:00+00:00,52889.650000
2024-03-26T12:44:00+00:00,53573.730000
2024-03-26T14:04:00+00:00,53570.770000
2024-03-26T14:29:00+00:00,53113.810000
2024-03-27T06:04:00+00:00,53100.490000
2024-03-27T07:09:00+00:00,53478.580000
2024-03-27T07:54:00+00:00,54113.170000
2024-03-27T08:09:00+00:00,54098.370000
2024-03-27T08:49:00+00:00,54488.470000
2024-03-27T10:24:00+00:00,55143.570000
2024-03-27T13:39:00+00:00,55134.690000
2024-03-27T13:54:00+00:00,55530.750000
2024-03-27T13:54:00+00:00,55523.310000
2024-03-27T13:54:00+00:00,55521.830000
2024-03-27T19:29:00+00:00,55643.350000
2024-03-27T19:29:00+00:00,55635.210000
2024-03-27T19:39:00+00:00,56006.510000
2024-03-27T19:39:00+00:00,55999.070000
2024-03-28T01:14:00+00:00,55979.090000
2024-03-28T04:49:00+00:00,55392.110000
2024-03-28T08:14:00+00:00,55381.010000
2024-03-28T09:24:00+00:00,55753.830000
2024-03-28T10:29:00+00:00,55743.910000
2024-03-28T12:09:00+00:00,55737.990000
2024-03-28T13:34:00+00:00,55176.070000
2024-03-28T13:49:00+00:00,55173.110000
2024-03-28T14:14:00+00:00,54974.150000
2024-03-28T14:14:00+00:00,54968.230000
2024-03-28T15:54:00+00:00,54582.310000
2024-03-28T15:54:00+00:00,54578.610000
2024-03-28T16:14:00+00:00,54302.410000
2024-03-28T16:14:00+00:00,54297.970000
2024-03-28T20:09:00+00:00,54497.530000
2024-04-01T07:19:00+00:00,54487.170000
2024-04-01T08:09:00+00:00,53930.810000
2024-04-01T14:54:00+00:00,53929.330000
2024-04-01T20:09:00+00:00,53832.850000
2024-04-02T07:29:00+00:00,53826.190000
2024-04-02T07:44:00+00:00,53491.030000
2024-04-02T07:44:00+00:00,53482.890000
2024-04-02T08:04:00+00:00,53827.940000
2024-04-02T08:04:00+00:00,53820.500000
2024-04-02T14:14:00+00:00,53818.280000
2024-04-02T17:04:00+00:00,53360.060000
2024-04-02T19:19:00+00:00,53354.140000
2024-04-02T19:29:00+00:00,52864.220000
2024-04-03T06:19:00+00:00,52856.820000
2024-04-03T07:54:00+00:00,52469.420000
2024-04-03T07:54:00+00:00,52461.280000
2024-04-03T08:34:00+00:00,51941.640000
2024-04-03T11:09:00+00:00,51936.460000
2024-04-03T12:29:00+00:00,51777.280000
2024-04-03T12:29:00+00:00,51771.360000
2024-04-03T13:39:00+00:00,51633.440000
2024-04-03T13:39:00+00:00,51622.340000
2024-04-03T13:44:00+00:00,51093.740000
2024-04-03T14:04:00+00:00,51092.260000
2024-04-03T20:09:00+00:00,51229.780000
2024-04-04T13:54:00+00:00,51226.080000
2024-04-04T18:14:00+00:00,51524.600000
2024-04-04T18:19:00+00:00,52272.380000
2024-04-05T06:19:00+00:00,52262.020000
2024-04-05T06:34:00+00:00,51754.660000
2024-04-05T13:49:00+00:00,51752.440000
2024-04-05T15:04:00+00:00,52002.200000
2024-04-05T16:59:00+00:00,52835.720000
2024-04-08T06:24:00+00:00,52825.360000
2024-04-08T07:19:00+00:00,52311.000000
2024-04-08T07:19:00+00:00,52304.340000
2024-04-08T07:34:00+00:00,52036.680000
2024-04-08T07:34:00+00:00,52029.280000
2024-04-08T07:54:00+00:00,51526.880000
2024-04-08T14:29:00+00:00,51525.400000
2024-04-08T20:09:00+00:00,51417.920000
2024-04-09T02:24:00+00:00,51403.120000
2024-04-09T04:49:00+00:00,51778.220000
2024-04-09T07:19:00+00:00,52408.320000
2024-04-09T07:44:00+00:00,52397.220000
2024-04-09T07:59:00+00:00,52743.790000
2024-04-09T08:04:00+00:00,52733.870000
2024-04-09T13:59:00+00:00,52730.910000
2024-04-09T14:34:00+00:00,53104.430000
2024-04-09T14:44:00+00:00,53727.950000
2024-04-09T19:24:00+00:00,53722.770000
2024-04-09T19:34:00+00:00,54051.300000
2024-04-09T20:04:00+00:00,54783.340000
2024-04-10T09:09:00+00:00,54772.980000
2024-04-10T09:54:00+00:00,55156.300000
2024-04-10T10:04:00+00:00,55798.620000
2024-04-10T14:39:00+00:00,55797.140000
2024-04-10T17:09:00+00:00,55386.660000
2024-04-10T17:29:00+00:00,55383.700000
2024-04-10T20:09:00+00:00,55306.740000
2024-04-11T01:24:00+00:00,55289.720000
2024-04-11T01:39:00+00:00,54709.200000
2024-04-11T12:39:00+00:00,54706.240000
2024-04-11T14:14:00+00:00,54373.280000
2024-04-11T14:14:00+00:00,54370.320000
2024-04-11T15:19:00+00:00,53875.360000
2024-04-12T13:54:00+00:00,53871.660000
2024-04-12T14:09:00+00:00,53337.960000
2024-04-15T13:39:00+00:00,53334.260000
2024-04-15T14:09:00+00:00,53332.780000
2024-04-15T14:14:00+00:00,53602.800000
2024-04-15T14:59:00+00:00,54279.330000
2024-04-15T16:39:00+00:00,54573.340000
2024-04-15T17:29:00+00:00,55063.850000
2024-04-16T10:39:00+00:00,55056.450000
2024-04-16T11:14:00+00:00,55454.000000
2024-04-16T11:54:00+00:00,56119.050000
2024-04-16T13:59:00+00:00,56116.090000
2024-04-16T14:39:00+00:00,55607.130000
2024-04-17T13:49:00+00:00,55603.430000
2024-04-17T14:14:00+00:00,55928.950000
2024-04-17T14:54:00+00:00,56744.230000
2024-04-17T15:09:00+00:00,56741.270000
2024-04-17T15:34:00+00:00,56214.310000
2024-04-17T18:59:00+00:00,56212.090000
2024-04-17T20:09:00+00:00,56451.370000
2024-04-18T05:29:00+00:00,56438.050000
2024-04-18T05:34:00+00:00,56849.890000
2024-04-18T05:34:00+00:00,56838.730000
2024-04-18T14:39:00+00:00,56837.250000
2024-04-18T17:24:00+00:00,56313.770000
2024-04-19T08:24:00+00:00,56311.550000
2024-04-19T12:34:00+00:00,56544.060000
2024-04-19T13:39:00+00:00,56541.580000
2024-04-19T14:14:00+00:00,56539.360000
2024-04-19T16:09:00+00:00,56807.870000
2024-04-19T18:39:00+00:00,57703.890000
2024-04-22T11:24:00+00:00,57697.230000
2024-04-22T12:14:00+00:00,57128.070000
2024-04-22T13:49:00+00:00,57125.110000
2024-04-22T14:04:00+00:00,56820.150000
2024-04-22T14:04:00+00:00,56812.750000
2024-04-22T14:24:00+00:00,57221.550000
2024-04-22T14:24:00+00:00,57905.350000
2024-04-22T15:34:00+00:00,57901.650000
2024-04-22T17:09:00+00:00,58239.170000
2024-04-22T17:34:00+00:00,59084.450000
2024-04-23T06:09:00+00:00,59068.170000
2024-04-23T06:49:00+00:00,58457.890000
2024-04-23T12:29:00+00:00,58448.270000
2024-04-23T12:59:00+00:00,58844.330000
2024-04-23T13:34:00+00:00,59617.900000
2024-04-23T13:49:00+00:00,59614.940000
2024-04-23T14:34:00+00:00,60049.960000
2024-04-23T20:09:00+00:00,60640.480000
2024-04-24T06:24:00+00:00,60628.640000
2024-04-24T07:19:00+00:00,60024.800000
2024-04-24T14:39:00+00:00,60022.580000
2024-04-24T16:14:00+00:00,60252.090000
2024-04-24T20:09:00+00:00,60843.610000
2024-04-25T11:24:00+00:00,60836.210000
2024-04-25T12:19:00+00:00,60228.810000
2024-04-25T12:54:00+00:00,60227.330000
2024-04-25T13:49:00+00:00,60320.850000
2024-04-25T13:49:00+00:00,60316.410000
2024-04-25T14:14:00+00:00,60314.930000
2024-04-25T14:19:00+00:00,60724.460000
2024-04-25T14:54:00+00:00,60720.740000
2024-04-25T17:49:00+00:00,61029.000000
2024-04-25T18:34:00+00:00,61255.760000
2024-04-25T18:34:00+00:00,61250.580000
2024-04-25T19:04:00+00:00,60699.400000
2024-04-26T11:44:00+00:00,60690.520000
2024-04-26T12:29:00+00:00,61113.580000
2024-04-26T12:34:00+00:00,61106.140000
2024-04-26T13:54:00+00:00,61104.660000
2024-04-26T20:09:00+00:00,61323.180000
2024-04-29T07:59:00+00:00,61315.040000
2024-04-29T09:54:00+00:00,60701.900000
2024-04-29T19:04:00+00:00,60700.420000
2024-04-29T19:09:00+00:00,60697.460000
2024-04-29T19:54:00+00:00,60130.500000
2024-04-29T20:09:00+00:00,59722.020000
2024-04-30T11:09:00+00:00,59711.660000
2024-04-30T12:34:00+00:00,60126.480000
2024-04-30T12:34:00+00:00,60821.300000
2024-04-30T15:04:00+00:00,60818.340000
2024-04-30T16:34:00+00:00,61241.360000
2024-04-30T19:54:00+00:00,61947.380000
2024-05-01T09:54:00+00:00,61934.800000
2024-05-01T10:29:00+00:00,61310.220000
2024-05-01T14:04:00+00:00,61307.260000
2024-05-01T18:04:00+00:00,60748.300000
2024-05-02T13:49:00+00:00,60746.820000
2024-05-02T14:29:00+00:00,60718.340000
2024-05-02T14:29:00+00:00,60716.860000
2024-05-02T18:54:00+00:00,61055.870000
2024-05-02T20:09:00+00:00,61396.630000
2024-05-03T02:04:00+00:00,61378.870000
2024-05-03T04:59:00+00:00,61819.990000
2024-05-03T06:19:00+00:00,62381.110000
2024-05-03T06:19:00+00:00,62369.270000
2024-05-03T07:09:00+00:00,61757.430000
2024-05-03T13:49:00+00:00,61754.470000
2024-05-03T14:14:00+00:00,61143.510000
2024-05-06T05:44:00+00:00,61127.970000
2024-05-06T06:39:00+00:00,61548.070000
2024-05-06T07:29:00+00:00,61825.930000
2024-05-06T07:29:00+00:00,61812.610000
2024-05-06T07:44:00+00:00,61412.290000
2024-05-06T07:44:00+00:00,61407.110000
2024-05-06T13:39:00+00:00,61758.140000
2024-05-06T13:59:00+00:00,61755.180000
2024-05-06T15:49:00+00:00,62537.220000
2024-05-06T20:09:00+00:00,63182.260000
2024-05-07T02:59:00+00:00,63160.060000
2024-05-07T04:04:00+00:00,62522.860000
2024-05-07T09:29:00+00:00,62505.840000
2024-05-07T11:24:00+00:00,62934.950000
2024-05-07T12:44:00+00:00,62920.070000
2024-05-07T13:59:00+00:00,62914.890000
2024-05-07T14:59:00+00:00,62307.710000
2024-05-08T13:49:00+00:00,62304.750000
2024-05-08T19:24:00+00:00,62299.570000
2024-05-08T20:09:00+00:00,62416.610000
2024-05-08T20:09:00+00:00,62190.930000
2024-05-09T07:29:00+00:00,62179.830000
2024-05-09T10:24:00+00:00,61546.230000
2024-05-09T11:44:00+00:00,61541.050000
2024-05-09T13:49:00+00:00,60961.870000
2024-05-09T13:49:00+00:00,60959.650000
2024-05-09T14:39:00+00:00,60418.930000
2024-05-10T08:24:00+00:00,60413.010000
2024-05-10T12:39:00+00:00,60539.090000
2024-05-10T12:39:00+00:00,60523.550000
2024-05-10T12:59:00+00:00,60943.650000
2024-05-10T13:19:00+00:00,60930.010000
2024-05-10T13:49:00+00:00,60927.790000
2024-05-10T14:19:00+00:00,60415.570000
2024-05-13T03:29:00+00:00,60394.850000
2024-05-13T05:04:00+00:00,60835.990000
2024-05-13T08:19:00+00:00,60818.630000
2024-05-13T12:24:00+00:00,60804.570000
2024-05-13T12:44:00+00:00,60192.010000
2024-05-13T12:49:00+00:00,60185.350000
2024-05-13T13:34:00+00:00,59607.190000
2024-05-13T13:39:00+00:00,59593.130000
2024-05-13T13:49:00+00:00,60004.970000
2024-05-13T13:49:00+00:00,60002.010000
2024-05-13T13:59:00+00:00,59989.610000
2024-05-13T17:24:00+00:00,59742.650000
2024-05-13T17:24:00+00:00,59738.210000
2024-05-13T19:54:00+00:00,59784.770000
2024-05-14T09:09:00+00:00,59762.570000
2024-05-14T09:39:00+00:00,60122.720000
2024-05-14T11:34:00+00:00,60730.370000
2024-05-14T14:24:00+00:00,60728.150000
2024-05-14T20:09:00+00:00,61123.430000
2024-05-15T12:39:00+00:00,61117.510000
2024-05-15T13:49:00+00:00,60819.590000
2024-05-15T13:49:00+00:00,60815.890000
2024-05-15T14:19:00+00:00,60242.190000
2024-05-16T07:24:00+00:00,60232.570000
2024-05-16T12:34:00+00:00,59637.950000
2024-05-16T13:49:00+00:00,59631.290000
2024-05-16T15:04:00+00:00,60021.330000
2024-05-16T17:24:00+00:00,60015.130000
2024-05-17T13:49:00+00:00,60007.730000
2024-05-17T14:34:00+00:00,59405.330000
2024-05-20T01:29:00+00:00,59394.230000
2024-05-20T08:54:00+00:00,59383.130000
2024-05-20T10:04:00+00:00,59566.950000
2024-05-20T11:04:00+00:00,59921.030000
2024-05-20T12:44:00+00:00,59339.930000
2024-05-20T13:54:00+00:00,59338.450000
2024-05-20T20:09:00+00:00,59349.970000
2024-05-21T13:39:00+00:00,59341.830000
2024-05-21T13:54:00+00:00,59336.650000
2024-05-21T14:39:00+00:00,59734.200000
2024-05-21T16:19:00+00:00,60532.260000
2024-05-21T18:04:00+00:00,60885.540000
2024-05-21T20:09:00+00:00,61580.580000
2024-05-22T06:09:00+00:00,61558.380000
2024-05-22T07:14:00+00:00,61873.530000
2024-05-22T07:24:00+00:00,61854.930000
2024-05-22T07:24:00+00:00,61834.950000
2024-05-22T07:29:00+00:00,61193.970000
2024-05-22T15:04:00+00:00,61188.790000
2024-05-22T17:39:00+00:00,60602.610000
2024-05-23T13:49:00+00:00,60599.650000
2024-05-23T14:19:00+00:00,60724.690000
2024-05-23T14:19:00+00:00,60720.990000
2024-05-23T14:54:00+00:00,60159.790000
2024-05-24T05:44:00+00:00,60147.210000
2024-05-24T08:19:00+00:00,59548.130000
2024-05-24T12:39:00+00:00,59537.030000
2024-05-24T12:49:00+00:00,58925.930000
2024-05-24T14:04:00+00:00,58921.490000
2024-05-24T14:59:00+00:00,59360.270000
2024-05-24T15:14:00+00:00,60093.050000
2024-05-27T13:54:00+00:00,60073.810000
2024-05-27T14:49:00+00:00,59456.570000
2024-05-27T15:04:00+00:00,59450.650000
2024-05-28T08:19:00+00:00,59873.690000
2024-05-28T11:04:00+00:00,59868.730000
2024-05-28T13:49:00+00:00,59865.030000
2024-05-28T14:19:00+00:00,59306.330000
2024-05-29T08:09:00+00:00,59290.790000
2024-05-29T08:14:00+00:00,58687.250000
2024-05-29T12:29:00+00:00,58669.490000
2024-05-29T12:39:00+00:00,59083.610000
2024-05-29T12:39:00+00:00,59779.730000
2024-05-29T13:54:00+00:00,59777.510000
2024-05-29T20:09:00+00:00,59488.790000
2024-05-30T07:09:00+00:00,59477.690000
2024-05-30T08:04:00+00:00,59876.760000
2024-05-30T08:39:00+00:00,60640.840000
2024-05-30T14:34:00+00:00,60638.620000
2024-05-30T19:49:00+00:00,60883.130000
2024-05-30T20:09:00+00:00,61376.650000
2024-05-31T11:19:00+00:00,61372.950000
2024-05-31T12:34:00+00:00,61680.470000
2024-05-31T12:44:00+00:00,62450.750000
2024-05-31T13:54:00+00:00,62448.530000
2024-05-31T14:34:00+00:00,62710.290000
2024-05-31T15:34:00+00:00,63583.810000
2024-06-02T22:09:00+00:00,63580.110000
2024-06-03T00:04:00+00:00,62968.910000
2024-06-03T05:34:00+00:00,62946.710000
2024-06-03T06:14:00+00:00,63385.610000
2024-06-03T06:24:00+00:00,63367.010000
2024-06-03T13:54:00+00:00,63363.310000
2024-06-03T14:54:00+00:00,63724.830000
2024-06-03T16:14:00+00:00,64630.110000
2024-06-04T10:34:00+00:00,64627.150000
2024-06-04T13:14:00+00:00,64050.190000
2024-06-04T14:14:00+00:00,64047.230000
2024-06-04T14:44:00+00:00,63466.270000
2024-06-05T01:49:00+00:00,63451.470000
2024-06-05T02:24:00+00:00,63901.570000
2024-06-05T06:09:00+00:00,63889.170000
2024-06-05T07:24:00+00:00,63875.850000
2024-06-05T08:44:00+00:00,64334.940000
2024-06-05T09:09:00+00:00,65104.530000
2024-06-05T13:59:00+00:00,65099.350000
2024-06-05T14:04:00+00:00,64474.670000
2024-06-06T12:29:00+00:00,64466.530000
2024-06-06T12:59:00+00:00,64557.390000
2024-06-06T12:59:00+00:00,64550.730000
2024-06-06T13:49:00+00:00,64058.070000
2024-06-06T13:49:00+00:00,64053.630000
2024-06-06T14:04:00+00:00,64051.410000
2024-06-06T20:09:00+00:00,64073.970000
2024-06-06T20:09:00+00:00,64052.250000
2024-06-07T07:04:00+00:00,64033.750000
2024-06-07T07:39:00+00:00,64474.870000
2024-06-07T08:14:00+00:00,64536.750000
2024-06-07T08:14:00+00:00,64525.650000
2024-06-07T08:54:00+00:00,63899.550000
2024-06-07T13:54:00+00:00,63895.850000
2024-06-07T17:24:00+00:00,64267.870000
2024-06-07T18:09:00+00:00,64264.150000
2024-06-10T09:39:00+00:00,64252.310000
2024-06-10T10:34:00+00:00,64726.390000
2024-06-10T12:59:00+00:00,64716.470000
2024-06-10T14:29:00+00:00,64712.770000
2024-06-10T16:19:00+00:00,65053.290000
2024-06-10T18:34:00+00:00,65049.570000
2024-06-11T13:49:00+00:00,65046.610000
2024-06-11T14:09:00+00:00,64719.650000
2024-06-11T14:09:00+00:00,64715.950000
2024-06-11T17:19:00+00:00,65060.970000
2024-06-11T18:24:00+00:00,65925.000000
2024-06-12T02:04:00+00:00,65905.760000
2024-06-12T06:14:00+00:00,65223.520000
2024-06-12T13:49:00+00:00,65222.040000
2024-06-12T18:24:00+00:00,65219.080000
2024-06-12T19:29:00+00:00,65100.600000
2024-06-12T19:29:00+00:00,64777.640000
2024-06-12T19:34:00+00:00,64773.200000
2024-06-12T19:54:00+00:00,64132.760000
2024-06-13T05:09:00+00:00,64110.560000
2024-06-13T06:44:00+00:00,63503.360000
2024-06-13T10:34:00+00:00,63491.520000
2024-06-13T10:54:00+00:00,62847.680000
2024-06-13T14:14:00+00:00,62844.720000
2024-06-13T20:09:00+00:00,62645.760000
2024-06-14T07:34:00+00:00,62639.100000
2024-06-14T08:09:00+00:00,62033.940000
2024-06-14T13:49:00+00:00,62030.980000
2024-06-14T14:44:00+00:00,61872.020000
2024-06-14T14:44:00+00:00,61869.060000
2024-06-14T17:34:00+00:00,61324.100000
2024-06-17T13:49:00+00:00,61321.140000
2024-06-17T13:54:00+00:00,61318.180000
2024-06-17T14:14:00+00:00,60795.220000
2024-06-17T15:09:00+00:00,60282.260000
2024-06-18T13:49:00+00:00,60277.820000
2024-06-18T16:59:00+00:00,59913.380000
2024-06-18T16:59:00+00:00,59910.420000
2024-06-18T20:09:00+00:00,59879.460000
2024-06-19T06:29:00+00:00,59859.480000
2024-06-19T06:34:00+00:00,59245.500000
2024-06-19T14:34:00+00:00,59237.360000
2024-06-20T00:54:00+00:00,58635.220000
2024-06-20T12:34:00+00:00,58621.900000
2024-06-20T12:44:00+00:00,58023.580000
2024-06-20T14:09:00+00:00,58020.620000
2024-06-20T16:24:00+00:00,58437.640000
2024-06-20T16:34:00+00:00,59133.660000
2024-06-21T10:49:00+00:00,59130.700000
2024-06-21T13:49:00+00:00,58743.740000
2024-06-21T13:49:00+00:00,58740.780000
2024-06-21T15:19:00+00:00,58169.820000
2024-06-24T07:09:00+00:00,58166.120000
2024-06-24T08:09:00+00:00,58322.420000
2024-06-24T08:09:00+00:00,58309.840000
2024-06-24T08:54:00+00:00,58693.920000
2024-06-24T09:34:00+00:00,59418.510000
2024-06-24T13:39:00+00:00,59413.330000
2024-06-24T13:44:00+00:00,58837.650000
2024-06-24T13:49:00+00:00,58835.430000
2024-06-24T14:04:00+00:00,58261.710000
2024-06-24T14:34:00+00:00,58258.750000
2024-06-24T14:49:00+00:00,58612.770000
2024-06-24T15:04:00+00:00,58610.290000
2024-06-24T15:04:00+00:00,58605.110000
2024-06-24T16:59:00+00:00,58032.930000
2024-06-25T11:29:00+00:00,58022.570000
2024-06-25T13:39:00+00:00,58447.890000
2024-06-25T13:44:00+00:00,58439.210000
2024-06-25T14:04:00+00:00,58436.990000
2024-06-25T20:09:00+00:00,58962.770000
2024-06-26T06:09:00+00:00,58945.750000
2024-06-26T06:29:00+00:00,58342.230000
2024-06-26T07:29:00+00:00,58336.310000
2024-06-26T10:19:00+00:00,57746.390000
2024-06-26T13:49:00+00:00,57743.430000
2024-06-26T15:14:00+00:00,57270.470000
2024-06-27T11:39:00+00:00,57263.810000
2024-06-27T13:34:00+00:00,57635.850000
2024-06-27T13:34:00+00:00,58413.400000
2024-06-27T14:14:00+00:00,58411.920000
2024-06-27T15:29:00+00:00,57924.440000
2024-06-28T07:14:00+00:00,57914.080000
2024-06-28T12:19:00+00:00,58318.400000
2024-06-28T12:34:00+00:00,58995.720000
2024-06-28T12:49:00+00:00,58992.760000
2024-06-28T13:49:00+00:00,58769.800000
2024-06-28T13:49:00+00:00,58767.580000
2024-06-28T14:14:00+00:00,59026.340000
2024-06-28T14:59:00+00:00,59023.860000
2024-06-28T17:14:00+00:00,59020.900000
2024-06-28T19:09:00+00:00,58471.940000
2024-07-01T07:34:00+00:00,58467.500000
2024-07-01T08:14:00+00:00,58508.060000
2024-07-01T08:14:00+00:00,58503.620000
2024-07-01T08:44:00+00:00,57968.180000
2024-07-01T13:49:00+00:00,57966.700000
2024-07-01T16:09:00+00:00,57474.220000
2024-07-02T09:29:00+00:00,57469.780000
2024-07-02T13:34:00+00:00,56916.340000
2024-07-02T14:39:00+00:00,56914.860000
2024-07-02T20:09:00+00:00,57504.380000
2024-07-03T07:19:00+00:00,57489.580000
2024-07-03T07:49:00+00:00,56894.780000
2024-07-03T13:49:00+00:00,56891.080000
2024-07-03T15:19:00+00:00,57201.600000
2024-07-03T16:14:00+00:00,57979.380000
2024-07-04T00:04:00+00:00,57972.720000
2024-07-04T13:49:00+00:00,57961.620000
2024-07-05T00:44:00+00:00,57365.520000
2024-07-05T06:14:00+00:00,56787.360000
2024-07-05T12:19:00+00:00,56775.520000
2024-07-05T12:29:00+00:00,56203.680000
2024-07-05T13:59:00+00:00,56201.460000
2024-07-05T17:34:00+00:00,56421.220000
2024-07-05T20:09:00+00:00,56790.740000
2024-07-08T11:14:00+00:00,56776.680000
2024-07-08T13:34:00+00:00,57168.270000
2024-07-08T13:34:00+00:00,57155.870000
2024-07-08T15:24:00+00:00,57152.910000
2024-07-08T16:14:00+00:00,56963.950000
2024-07-08T16:14:00+00:00,56958.770000
2024-07-08T19:59:00+00:00,56383.090000
2024-07-09T14:24:00+00:00,56378.650000
2024-07-09T14:29:00+00:00,56371.990000
2024-07-09T14:49:00+00:00,55811.830000
2024-07-09T16:49:00+00:00,56223.610000
2024-07-09T20:09:00+00:00,56480.890000
2024-07-10T02:09:00+00:00,56468.310000
2024-07-10T08:59:00+00:00,56840.390000
2024-07-10T11:39:00+00:00,57542.480000
2024-07-10T13:49:00+00:00,57538.780000
2024-07-10T15:04:00+00:00,57005.080000
2024-07-10T19:09:00+00:00,56996.940000
2024-07-10T19:49:00+00:00,56455.300000
2024-07-11T12:34:00+00:00,56442.720000
2024-07-11T12:39:00+00:00,55869.140000
2024-07-11T12:59:00+00:00,55867.660000
2024-07-11T13:54:00+00:00,55864.700000
2024-07-11T14:19:00+00:00,56151.960000
2024-07-11T14:19:00+00:00,56546.480000
2024-07-11T14:24:00+00:00,57205.000000
2024-07-11T14:44:00+00:00,57684.260000
2024-07-12T09:29:00+00:00,57669.460000
2024-07-12T09:49:00+00:00,57074.660000
2024-07-12T11:24:00+00:00,57065.040000
2024-07-12T12:24:00+00:00,56489.920000
2024-07-12T13:49:00+00:00,56486.960000
2024-07-12T14:39:00+00:00,56900.980000
2024-07-12T16:04:00+00:00,57347.500000
2024-07-12T16:04:00+00:00,57344.540000
2024-07-12T17:34:00+00:00,56767.580000
2024-07-15T08:09:00+00:00,56760.180000
2024-07-15T11:44:00+00:00,56697.780000
2024-07-15T11:44:00+00:00,56680.760000
2024-07-15T12:04:00+00:00,57076.870000
2024-07-15T12:09:00+00:00,57061.990000
2024-07-15T14:09:00+00:00,57059.770000
2024-07-15T15:19:00+00:00,57277.280000
2024-07-15T15:49:00+00:00,57274.800000
2024-07-16T11:29:00+00:00,57260.740000
2024-07-16T12:34:00+00:00,57659.080000
2024-07-16T12:34:00+00:00,57646.680000
2024-07-16T13:49:00+00:00,57644.460000
2024-07-16T16:19:00+00:00,57890.470000
2024-07-16T18:44:00+00:00,57969.990000
2024-07-16T18:44:00+00:00,57967.770000
2024-07-16T20:09:00+00:00,58111.050000
2024-07-17T03:04:00+00:00,58102.910000
2024-07-17T03:34:00+00:00,58083.770000
2024-07-17T03:34:00+00:00,58063.790000
2024-07-17T03:44:00+00:00,57449.810000
2024-07-17T05:14:00+00:00,57445.370000
2024-07-17T06:24:00+00:00,57830.150000
2024-07-17T07:29:00+00:00,58472.930000
2024-07-17T13:59:00+00:00,58469.970000
2024-07-17T14:14:00+00:00,58903.490000
2024-07-17T16:29:00+00:00,59627.010000
2024-07-18T03:54:00+00:00,59618.870000
2024-07-18T06:14:00+00:00,60020.170000
2024-07-18T06:19:00+00:00,60825.730000
2024-07-18T10:39:00+00:00,60821.290000
2024-07-18T12:44:00+00:00,61221.820000
2024-07-18T13:44:00+00:00,61218.100000
2024-07-18T13:54:00+00:00,61216.620000
2024-07-18T15:24:00+00:00,61591.630000
2024-07-18T20:09:00+00:00,61828.890000
2024-07-19T07:59:00+00:00,61825.190000
2024-07-19T10:09:00+00:00,62182.210000
2024-07-19T13:44:00+00:00,63076.240000
2024-07-19T14:29:00+00:00,63075.500000
2024-07-19T20:09:00+00:00,63281.260000
2024-07-22T13:49:00+00:00,63279.780000
2024-07-22T15:19:00+00:00,62724.300000
2024-07-23T15:14:00+00:00,62722.820000
2024-07-23T15:19:00+00:00,62721.340000
2024-07-23T16:24:00+00:00,62220.860000
2024-07-23T16:59:00+00:00,61740.380000
2024-07-24T07:59:00+00:00,61736.680000
2024-07-24T11:24:00+00:00,61687.980000
2024-07-24T11:24:00+00:00,61679.840000
2024-07-24T12:04:00+00:00,61061.200000
2024-07-24T13:59:00+00:00,61059.720000
2024-07-24T18:24:00+00:00,61484.230000
2024-07-24T20:09:00+00:00,62010.990000
2024-07-25T06:24:00+00:00,62002.850000
2024-07-25T06:44:00+00:00,62389.150000
2024-07-25T07:09:00+00:00,62381.710000
2024-07-25T13:54:00+00:00,62380.230000
2024-07-25T14:14:00+00:00,62755.240000
2024-07-25T14:39:00+00:00,62754.000000
2024-07-26T05:54:00+00:00,62748.080000
2024-07-26T06:14:00+00:00,62378.160000
2024-07-26T06:14:00+00:00,62372.980000
2024-07-26T08:14:00+00:00,62766.760000
2024-07-26T08:59:00+00:00,63643.800000
2024-07-26T13:49:00+00:00,63641.580000
2024-07-26T14:04:00+00:00,63018.360000
2024-07-26T14:39:00+00:00,63016.880000
2024-07-26T15:49:00+00:00,62536.400000
2024-07-29T06:59:00+00:00,62520.860000
2024-07-29T07:04:00+00:00,61885.820000
2024-07-29T13:59:00+00:00,61884.340000
2024-07-29T14:59:00+00:00,61335.860000
2024-07-29T17:34:00+00:00,61332.900000
2024-07-29T20:09:00+00:00,61859.940000
2024-07-30T06:34:00+00:00,61857.720000
2024-07-30T09:29:00+00:00,62037.000000
2024-07-30T09:29:00+00:00,62026.640000
2024-07-30T10:49:00+00:00,61414.280000
2024-07-30T13:49:00+00:00,61411.320000
2024-07-30T14:34:00+00:00,61808.840000
2024-07-30T15:04:00+00:00,62472.360000
2024-07-31T08:29:00+00:00,62467.920000
2024-07-31T09:54:00+00:00,62382.480000
2024-07-31T09:54:00+00:00,62377.300000
2024-07-31T11:49:00+00:00,61819.120000
2024-07-31T14:09:00+00:00,61817.640000
2024-07-31T20:09:00+00:00,62217.400000
2024-07-31T20:09:00+00:00,62498.660000
2024-08-01T06:09:00+00:00,62488.300000
2024-08-01T06:34:00+00:00,61875.940000
2024-08-01T07:14:00+00:00,61869.280000
2024-08-01T07:59:00+00:00,61277.620000
2024-08-01T13:49:00+00:00,61276.140000
2024-08-01T14:24:00+00:00,60694.660000
2024-08-02T10:29:00+00:00,60691.700000
2024-08-02T10:39:00+00:00,60500.740000
2024-08-02T10:39:00+00:00,60497.040000
2024-08-02T12:34:00+00:00,60843.560000
2024-08-02T12:34:00+00:00,60839.840000
2024-08-02T13:44:00+00:00,60839.100000
2024-08-02T14:09:00+00:00,60452.860000
2024-08-02T14:09:00+00:00,60452.120000
2024-08-02T20:09:00+00:00,60299.880000
2024-08-05T10:04:00+00:00,60298.400000
2024-08-05T10:44:00+00:00,59769.920000
2024-08-05T13:49:00+00:00,59769.180000
2024-08-05T20:09:00+00:00,60248.940000
2024-08-06T05:34:00+00:00,60246.720000
2024-08-06T06:49:00+00:00,59734.500000
2024-08-06T09:09:00+00:00,59733.760000
2024-08-06T14:04:00+00:00,59592.020000
2024-08-06T14:04:00+00:00,59591.280000
2024-08-06T19:29:00+00:00,59585.360000
2024-08-06T19:44:00+00:00,58979.440000
2024-08-06T20:09:00+00:00,58935.700000
2024-08-07T07:29:00+00:00,58934.960000
2024-08-07T07:39:00+00:00,58816.720000
2024-08-07T07:39:00+00:00,58813.760000
2024-08-07T07:54:00+00:00,58278.800000
2024-08-07T09:49:00+00:00,58273.620000
2024-08-07T10:59:00+00:00,57690.940000
2024-08-07T14:29:00+00:00,57689.460000
2024-08-07T14:49:00+00:00,57259.980000
2024-08-07T19:09:00+00:00,57258.500000
2024-08-07T19:54:00+00:00,56837.020000
2024-08-08T06:24:00+00:00,56834.800000
2024-08-08T07:29:00+00:00,56292.580000
2024-08-08T13:49:00+00:00,56291.840000
2024-08-08T14:04:00+00:00,56004.100000
2024-08-08T23:29:00+00:00,55998.920000
2024-08-09T00:34:00+00:00,56338.700000
2024-08-09T02:34:00+00:00,56333.740000
2024-08-09T13:49:00+00:00,56331.520000
2024-08-09T14:14:00+00:00,55822.300000
2024-08-11T22:09:00+00:00,55817.860000
2024-08-11T22:14:00+00:00,55297.420000
2024-08-11T22:19:00+00:00,55294.460000
2024-08-11T23:04:00+00:00,54813.500000
2024-08-11T23:54:00+00:00,54812.020000
2024-08-12T07:24:00+00:00,54741.540000
2024-08-12T07:24:00+00:00,54735.620000
2024-08-12T07:29:00+00:00,54217.700000
2024-08-12T07:34:00+00:00,54211.780000
2024-08-12T07:54:00+00:00,54610.820000
2024-08-12T08:59:00+00:00,54605.860000
2024-08-12T13:49:00+00:00,54604.380000
2024-08-12T14:19:00+00:00,54119.900000
2024-08-12T15:29:00+00:00,54114.720000
2024-08-12T15:54:00+00:00,53612.540000
2024-08-13T13:49:00+00:00,53610.320000
2024-08-13T16:44:00+00:00,53868.330000
2024-08-13T20:09:00+00:00,54729.350000
2024-08-13T22:09:00+00:00,54727.130000
2024-08-14T05:54:00+00:00,54687.410000
2024-08-14T05:54:00+00:00,54676.310000
2024-08-14T06:39:00+00:00,54117.710000
2024-08-14T13:54:00+00:00,54116.970000
2024-08-14T15:54:00+00:00,53822.730000
2024-08-15T06:44:00+00:00,53816.810000
2024-08-15T08:34:00+00:00,53306.890000
2024-08-15T13:49:00+00:00,53304.670000
2024-08-15T15:19:00+00:00,53522.930000
2024-08-15T18:09:00+00:00,54251.450000
2024-08-16T14:09:00+00:00,54249.230000
2024-08-16T20:09:00+00:00,54611.510000
2024-08-19T03:49:00+00:00,54604.850000
2024-08-19T04:39:00+00:00,54946.890000
2024-08-19T06:09:00+00:00,55661.940000
2024-08-19T09:34:00+00:00,55656.760000
2024-08-19T13:09:00+00:00,55987.540000
2024-08-19T13:34:00+00:00,56052.580000
2024-08-19T13:34:00+00:00,56045.920000
2024-08-19T13:39:00+00:00,56381.960000
2024-08-19T13:39:00+00:00,56375.760000
2024-08-19T13:49:00+00:00,56372.800000
2024-08-19T14:04:00+00:00,55893.840000
2024-08-20T06:44:00+00:00,55887.920000
2024-08-20T08:39:00+00:00,55370.000000
2024-08-20T13:49:00+00:00,55367.040000
2024-08-20T14:19:00+00:00,54842.080000
2024-08-21T05:49:00+00:00,54830.980000
2024-08-21T06:49:00+00:00,55188.050000
2024-08-21T09:04:00+00:00,55872.130000
2024-08-21T13:54:00+00:00,55868.430000
2024-08-21T14:39:00+00:00,56175.950000
2024-08-21T14:39:00+00:00,56172.230000
2024-08-22T07:39:00+00:00,56165.570000
2024-08-22T09:19:00+00:00,55609.910000
2024-08-22T14:04:00+00:00,55606.950000
2024-08-22T14:49:00+00:00,55992.470000
2024-08-22T15:34:00+00:00,56635.990000
2024-08-23T06:54:00+00:00,56624.890000
2024-08-23T07:29:00+00:00,56058.790000
2024-08-23T13:54:00+00:00,56053.610000
2024-08-23T14:04:00+00:00,56409.140000
2024-08-23T14:04:00+00:00,56404.180000
2024-08-23T14:04:00+00:00,56402.700000
2024-08-23T14:49:00+00:00,55843.220000
2024-08-26T08:29:00+00:00,55830.640000
2024-08-26T10:44:00+00:00,56214.720000
2024-08-26T11:29:00+00:00,56939.310000
2024-08-26T13:49:00+00:00,56937.090000
2024-08-26T14:19:00+00:00,57150.850000
2024-08-26T14:34:00+00:00,57864.370000
2024-08-27T04:19:00+00:00,57859.190000
2024-08-27T06:09:00+00:00,57980.010000
2024-08-27T06:09:00+00:00,57964.470000
2024-08-27T07:09:00+00:00,57371.430000
2024-08-27T11:14:00+00:00,57364.770000
2024-08-27T12:09:00+00:00,57214.110000
2024-08-27T12:09:00+00:00,57210.410000
2024-08-27T13:04:00+00:00,57529.930000
2024-08-27T13:49:00+00:00,58330.210000
2024-08-27T13:54:00+00:00,58327.990000
2024-08-27T20:09:00+00:00,58916.770000
2024-08-28T01:49:00+00:00,58910.850000
2024-08-28T07:04:00+00:00,59342.890000
2024-08-28T07:59:00+00:00,59331.790000
2024-08-28T08:14:00+00:00,58750.690000
2024-08-28T08:59:00+00:00,59472.730000
2024-08-28T13:44:00+00:00,59469.770000
2024-08-28T13:49:00+00:00,59468.290000
2024-08-28T14:49:00+00:00,59886.810000
2024-08-28T15:14:00+00:00,60585.330000
2024-08-28T15:14:00+00:00,60902.590000
2024-08-28T18:04:00+00:00,61431.850000
2024-08-29T10:24:00+00:00,61428.150000
2024-08-29T13:34:00+00:00,60886.950000
2024-08-29T13:49:00+00:00,60885.470000
2024-08-29T18:34:00+00:00,60332.990000
2024-08-30T06:04:00+00:00,60313.750000
2024-08-30T06:09:00+00:00,59683.510000
2024-08-30T07:24:00+00:00,59675.370000
2024-08-30T07:39:00+00:00,60076.670000
2024-08-30T10:59:00+00:00,60882.230000
2024-08-30T13:54:00+00:00,60879.270000
2024-08-30T14:59:00+00:00,60328.310000
2024-09-02T14:04:00+00:00,60317.210000
2024-09-02T14:09:00+00:00,60311.290000
2024-09-02T14:34:00+00:00,59692.690000
2024-09-02T14:39:00+00:00,59114.770000
2024-09-02T14:39:00+00:00,59107.370000
2024-09-02T22:49:00+00:00,58534.970000
2024-09-03T05:29:00+00:00,58525.350000
2024-09-03T06:29:00+00:00,58921.410000
2024-09-03T06:39:00+00:00,58912.730000
2024-09-03T11:24:00+00:00,58907.550000
2024-09-03T13:34:00+00:00,58314.370000
2024-09-03T13:54:00+00:00,58312.890000
2024-09-03T17:14:00+00:00,58737.400000
2024-09-03T17:39:00+00:00,58735.180000
2024-09-03T19:29:00+00:00,59006.690000
2024-09-03T19:44:00+00:00,59714.700000
2024-09-03T19:49:00+00:00,60620.720000
2024-09-04T07:14:00+00:00,60614.800000
2024-09-04T09:49:00+00:00,61025.840000
2024-09-04T10:19:00+00:00,61020.880000
2024-09-04T13:49:00+00:00,61019.400000
2024-09-04T14:04:00+00:00,60517.920000
2024-09-05T05:19:00+00:00,60509.780000
2024-09-05T06:59:00+00:00,59929.640000
2024-09-05T13:54:00+00:00,59928.160000
2024-09-05T15:29:00+00:00,59327.680000
2024-09-06T05:54:00+00:00,59319.540000
2024-09-06T06:09:00+00:00,58739.400000
2024-09-06T06:14:00+00:00,58734.960000
2024-09-06T07:14:00+00:00,59130.990000
2024-09-06T07:19:00+00:00,59792.520000
2024-09-06T13:59:00+00:00,59791.780000
2024-09-06T20:09:00+00:00,60389.040000
2024-09-08T23:29:00+00:00,60386.820000
2024-09-09T04:14:00+00:00,60617.080000
2024-09-09T10:04:00+00:00,61385.600000
2024-09-09T13:59:00+00:00,61383.380000
2024-09-09T14:34:00+00:00,60883.160000
2024-09-09T23:59:00+00:00,60877.240000
2024-09-10T00:14:00+00:00,61282.280000
2024-09-10T04:34:00+00:00,61959.320000
2024-09-10T09:44:00+00:00,61953.400000
2024-09-10T11:49:00+00:00,62391.440000
2024-09-10T12:14:00+00:00,63123.480000
2024-09-10T13:44:00+00:00,63121.260000
2024-09-10T14:14:00+00:00,63119.780000
2024-09-10T14:34:00+00:00,63237.560000
2024-09-10T14:34:00+00:00,63090.080000
2024-09-10T14:39:00+00:00,63086.380000
2024-09-10T14:54:00+00:00,62485.180000
2024-09-10T23:59:00+00:00,62476.300000
2024-09-11T01:14:00+00:00,62939.860000
2024-09-11T01:34:00+00:00,63715.420000
2024-09-11T05:39:00+00:00,63700.620000
2024-09-11T05:49:00+00:00,64165.720000
2024-09-11T06:04:00+00:00,64945.820000
2024-09-11T13:39:00+00:00,64942.120000
2024-09-11T13:54:00+00:00,64940.640000
2024-09-11T14:04:00+00:00,65270.660000
2024-09-11T14:14:00+00:00,66097.190000
2024-09-11T14:34:00+00:00,66430.950000
2024-09-11T15:44:00+00:00,66429.710000
2024-09-12T05:39:00+00:00,66414.170000
2024-09-12T05:54:00+00:00,65747.630000
2024-09-12T07:34:00+00:00,65742.450000
2024-09-12T08:04:00+00:00,65093.270000
2024-09-12T13:49:00+00:00,65090.310000
2024-09-12T14:14:00+00:00,64441.350000
2024-09-12T23:59:00+00:00,64428.770000
2024-09-13T00:39:00+00:00,63787.190000
2024-09-13T06:04:00+00:00,63782.010000
2024-09-13T13:44:00+00:00,63209.830000
2024-09-13T14:09:00+00:00,63208.350000
2024-09-13T16:59:00+00:00,63206.130000
2024-09-13T20:09:00+00:00,63254.650000
2024-09-13T20:09:00+00:00,63112.930000
2024-09-15T22:09:00+00:00,63104.790000
2024-09-15T22:19:00+00:00,62497.150000
2024-09-16T02:39:00+00:00,62489.010000
2024-09-16T07:24:00+00:00,62483.830000
2024-09-16T10:29:00+00:00,62888.880000
2024-09-16T11:29:00+00:00,63701.940000
2024-09-16T12:09:00+00:00,64077.720000
2024-09-16T13:34:00+00:00,64914.760000
2024-09-16T13:54:00+00:00,64913.280000
2024-09-16T14:34:00+00:00,64453.800000
2024-09-17T01:39:00+00:00,64435.300000
2024-09-17T03:19:00+00:00,64166.800000
2024-09-17T03:19:00+00:00,64144.600000
2024-09-17T03:34:00+00:00,63492.400000
2024-09-17T03:39:00+00:00,63477.600000
2024-09-17T05:04:00+00:00,63935.200000
2024-09-17T05:29:00+00:00,64702.800000
2024-09-17T12:19:00+00:00,64695.400000
2024-09-17T12:34:00+00:00,64093.000000
2024-09-17T13:49:00+00:00,64090.040000
2024-09-17T14:49:00+00:00,63449.080000
2024-09-18T07:29:00+00:00,63439.460000
2024-09-18T08:34:00+00:00,63853.520000
2024-09-18T09:24:00+00:00,63844.840000
2024-09-18T14:19:00+00:00,63841.880000
2024-09-18T16:19:00+00:00,64000.920000
2024-09-18T16:19:00+00:00,63995.740000
2024-09-18T16:59:00+00:00,64396.270000
2024-09-18T17:44:00+00:00,64849.310000
2024-09-18T17:44:00+00:00,64843.390000
2024-09-18T18:04:00+00:00,65281.430000
2024-09-18T18:04:00+00:00,65276.470000
2024-09-19T13:54:00+00:00,65273.510000
2024-09-19T14:19:00+00:00,64696.550000
2024-09-19T16:09:00+00:00,64695.810000
2024-09-19T20:09:00+00:00,64561.570000
2024-09-20T13:14:00+00:00,64556.390000
2024-09-20T13:39:00+00:00,63938.710000
2024-09-20T13:59:00+00:00,63936.490000
2024-09-20T15:19:00+00:00,64178.000000
2024-09-20T16:09:00+00:00,64175.520000
2024-09-23T13:49:00+00:00,64172.560000
2024-09-23T13:54:00+00:00,64168.860000
2024-09-23T17:04:00+00:00,63611.900000
2024-09-23T17:04:00+00:00,63015.700000
2024-09-24T10:54:00+00:00,63009.780000
2024-09-24T11:04:00+00:00,63471.820000
2024-09-24T13:09:00+00:00,63466.860000
2024-09-24T13:59:00+00:00,63463.900000
2024-09-24T14:04:00+00:00,63850.920000
2024-09-24T14:04:00+00:00,63848.440000
2024-09-25T03:19:00+00:00,63832.160000
2024-09-25T05:44:00+00:00,63177.880000
2024-09-25T09:39:00+00:00,63171.960000
2024-09-25T13:34:00+00:00,63607.000000
2024-09-25T13:39:00+00:00,64334.040000
2024-09-25T13:59:00+00:00,64331.820000
2024-09-25T17:04:00+00:00,63764.100000
2024-09-26T13:54:00+00:00,63761.880000
2024-09-26T14:54:00+00:00,64061.890000
2024-09-26T16:09:00+00:00,64061.150000
2024-09-26T17:34:00+00:00,64673.670000
2024-09-26T17:34:00+00:00,64715.930000
2024-09-26T17:39:00+00:00,64711.490000
2024-09-26T18:19:00+00:00,65161.520000
2024-09-26T20:09:00+00:00,65739.800000
2024-09-27T05:34:00+00:00,65730.920000
2024-09-27T05:59:00+00:00,65080.040000
2024-09-27T14:19:00+00:00,65077.820000
2024-09-27T20:09:00+00:00,65542.100000
2024-09-29T22:19:00+00:00,65538.400000
2024-09-30T02:14:00+00:00,64917.200000
2024-09-30T14:14:00+00:00,64914.980000
2024-09-30T18:24:00+00:00,64913.500000
2024-09-30T19:49:00+00:00,64351.020000
2024-09-30T19:59:00+00:00,63798.300000
2024-10-01T13:49:00+00:00,63797.560000
2024-10-01T17:39:00+00:00,64095.820000
2024-10-01T17:39:00+00:00,64093.600000
2024-10-01T18:04:00+00:00,64355.360000
2024-10-01T20:09:00+00:00,64742.880000
2024-10-02T06:54:00+00:00,64739.920000
2024-10-02T10:24:00+00:00,64870.960000
2024-10-02T10:24:00+00:00,64863.560000
2024-10-02T10:39:00+00:00,65313.610000
2024-10-02T11:14:00+00:00,65732.410000
2024-10-02T11:14:00+00:00,65727.230000
2024-10-02T12:44:00+00:00,65078.050000
2024-10-02T13:54:00+00:00,65075.830000
2024-10-02T14:19:00+00:00,65074.350000
2024-10-02T14:44:00+00:00,65318.110000
2024-10-02T20:09:00+00:00,65837.630000
2024-10-02T20:09:00+00:00,65991.150000
2024-10-03T00:09:00+00:00,65983.010000
2024-10-03T00:19:00+00:00,66399.310000
2024-10-03T01:34:00+00:00,67234.870000
2024-10-03T05:49:00+00:00,67226.730000
2024-10-03T06:54:00+00:00,66580.590000
2024-10-03T13:39:00+00:00,66575.410000
2024-10-03T13:54:00+00:00,66573.930000
2024-10-03T13:59:00+00:00,66967.710000
2024-10-03T14:04:00+00:00,67844.750000
2024-10-03T14:19:00+00:00,67906.270000
2024-10-03T14:19:00+00:00,67903.310000
2024-10-03T14:44:00+00:00,68312.830000
2024-10-03T14:54:00+00:00,68310.350000
2024-10-04T07:19:00+00:00,68304.430000
2024-10-04T11:34:00+00:00,68772.470000
2024-10-04T12:34:00+00:00,69554.510000
2024-10-04T13:54:00+00:00,69552.290000
2024-10-04T14:14:00+00:00,69820.050000
2024-10-04T15:04:00+00:00,69817.570000
2024-10-07T01:54:00+00:00,69806.470000
2024-10-07T02:09:00+00:00,69105.370000
2024-10-07T13:14:00+00:00,69100.930000
2024-10-07T13:54:00+00:00,68718.490000
2024-10-07T13:54:00+00:00,68714.790000
2024-10-07T14:19:00+00:00,68121.090000
2024-10-08T05:14:00+00:00,68112.210000
2024-10-08T07:39:00+00:00,67437.330000
2024-10-08T13:54:00+00:00,67434.370000
2024-10-08T14:44:00+00:00,67846.890000
2024-10-08T19:34:00+00:00,68535.410000
2024-10-09T05:09:00+00:00,68519.130000
2024-10-09T05:34:00+00:00,67820.850000
2024-10-09T07:14:00+00:00,67814.190000
2024-10-09T08:04:00+00:00,67164.030000
2024-10-09T14:14:00+00:00,67160.330000
2024-10-09T15:24:00+00:00,67533.850000
2024-10-09T18:29:00+00:00,68469.130000
2024-10-10T05:09:00+00:00,68447.670000
2024-10-10T05:54:00+00:00,67730.210000
2024-10-10T13:49:00+00:00,67727.250000
2024-10-10T14:09:00+00:00,67098.290000
2024-10-10T17:54:00+00:00,67095.330000
2024-10-10T20:09:00+00:00,67102.370000
2024-10-11T03:14:00+00:00,67087.570000
2024-10-11T03:39:00+00:00,66402.770000
2024-10-11T13:49:00+00:00,66397.590000
2024-10-11T14:14:00+00:00,66784.620000
2024-10-11T14:29:00+00:00,67646.660000
2024-10-14T01:44:00+00:00,67634.080000
2024-10-14T02:04:00+00:00,66967.000000
2024-10-14T09:09:00+00:00,66962.560000
2024-10-14T13:14:00+00:00,67423.840000
2024-10-14T13:49:00+00:00,68194.120000
2024-10-14T13:49:00+00:00,68191.900000
2024-10-14T15:04:00+00:00,67601.680000
2024-10-15T07:49:00+00:00,67592.800000
2024-10-15T08:39:00+00:00,68092.360000
2024-10-15T10:34:00+00:00,68084.920000
2024-10-15T14:14:00+00:00,68081.960000
2024-10-15T14:34:00+00:00,68540.980000
2024-10-15T14:39:00+00:00,69307.000000
2024-10-16T05:14:00+00:00,69284.800000
2024-10-16T05:29:00+00:00,68782.600000
2024-10-16T07:39:00+00:00,68778.160000
2024-10-16T13:34:00+00:00,68167.720000
2024-10-16T13:59:00+00:00,68166.240000
2024-10-16T18:24:00+00:00,67629.760000
2024-10-17T01:24:00+00:00,67617.920000
2024-10-17T05:34:00+00:00,66942.080000
2024-10-17T14:04:00+00:00,66941.340000
2024-10-17T18:14:00+00:00,66939.120000
2024-10-17T20:09:00+00:00,66927.380000
2024-10-17T20:09:00+00:00,67055.660000
2024-10-18T09:24:00+00:00,67041.600000
2024-10-18T10:04:00+00:00,67507.440000
2024-10-18T10:44:00+00:00,67495.040000
2024-10-18T13:49:00+00:00,67491.340000
2024-10-18T14:09:00+00:00,67488.380000
2024-10-18T20:09:00+00:00,67869.680000
2024-10-18T20:09:00+00:00,67688.720000
2024-10-21T13:49:00+00:00,67685.020000
2024-10-21T14:44:00+00:00,67006.320000
2024-10-22T12:34:00+00:00,66996.700000
2024-10-22T12:44:00+00:00,67433.260000
2024-10-22T13:24:00+00:00,67424.580000
2024-10-22T13:54:00+00:00,67422.360000
2024-10-22T14:59:00+00:00,67420.880000
2024-10-22T18:04:00+00:00,67698.390000
2024-10-22T20:09:00+00:00,67951.910000
2024-10-22T20:09:00+00:00,68085.430000
2024-10-23T02:34:00+00:00,68072.850000
2024-10-23T07:24:00+00:00,67371.770000
2024-10-23T12:39:00+00:00,67361.410000
2024-10-23T13:34:00+00:00,67849.730000
2024-10-23T13:34:00+00:00,67841.050000
2024-10-23T14:04:00+00:00,67838.090000
2024-10-23T16:29:00+00:00,68310.610000
2024-10-23T17:14:00+00:00,69099.130000
2024-10-24T07:09:00+00:00,69090.990000
2024-10-24T08:14:00+00:00,69552.290000
2024-10-24T12:34:00+00:00,70477.850000
2024-10-24T13:49:00+00:00,70474.890000
2024-10-24T14:04:00+00:00,69877.930000
2024-10-25T07:14:00+00:00,69871.270000
2024-10-25T08:09:00+00:00,70211.110000
2024-10-25T08:09:00+00:00,70199.270000
2024-10-25T09:14:00+00:00,69499.430000
2024-10-25T13:49:00+00:00,69497.950000
2024-10-25T17:44:00+00:00,68997.470000
2024-10-27T22:09:00+00:00,68991.550000
2024-10-28T01:04:00+00:00,69385.630000
2024-10-28T01:04:00+00:00,69375.270000
2024-10-28T04:54:00+00:00,68685.910000
2024-10-28T05:14:00+00:00,68666.670000
2024-10-28T05:44:00+00:00,69164.050000
2024-10-28T06:04:00+00:00,69999.430000
2024-10-28T08:24:00+00:00,69991.290000
2024-10-28T10:14:00+00:00,70560.650000
2024-10-28T10:14:00+00:00,70539.930000
2024-10-28T10:59:00+00:00,71044.070000
2024-10-28T11:04:00+00:00,71891.210000
2024-10-28T13:54:00+00:00,71888.250000
2024-10-28T20:09:00+00:00,72183.290000
2024-10-29T01:29:00+00:00,72173.670000
2024-10-29T03:49:00+00:00,71436.050000
2024-10-29T14:04:00+00:00,71433.830000
2024-10-29T17:04:00+00:00,71728.590000
2024-10-29T20:09:00+00:00,72553.110000
2024-10-29T23:09:00+00:00,72543.490000
2024-10-30T00:19:00+00:00,71825.370000
2024-10-30T14:19:00+00:00,71823.890000
2024-10-30T19:54:00+00:00,71276.410000
2024-10-31T13:49:00+00:00,71275.670000
2024-10-31T20:09:00+00:00,71519.430000
2024-11-01T02:29:00+00:00,71511.290000
2024-11-01T04:54:00+00:00,71833.150000
2024-11-01T04:54:00+00:00,71810.950000
2024-11-01T05:09:00+00:00,71098.750000
2024-11-01T13:39:00+00:00,71094.310000
2024-11-01T13:59:00+00:00,71092.090000
2024-11-01T14:14:00+00:00,71593.870000
2024-11-01T14:29:00+00:00,72431.650000
2024-11-01T19:34:00+00:00,72382.930000
2024-11-04T13:04:00+00:00,72379.230000
2024-11-04T14:29:00+00:00,71723.030000
2024-11-04T15:19:00+00:00,71721.550000
2024-11-04T21:09:00+00:00,71522.070000
2024-11-05T03:39:00+00:00,71501.350000
2024-11-05T04:44:00+00:00,72015.990000
2024-11-05T05:19:00+00:00,71998.630000
2024-11-05T07:29:00+00:00,71980.870000
2024-11-05T08:14:00+00:00,72502.990000
2024-11-05T08:34:00+00:00,72488.110000
2024-11-05T14:49:00+00:00,72485.890000
2024-11-05T16:14:00+00:00,72484.410000
2024-11-05T20:49:00+00:00,72930.690000
2024-11-05T20:49:00+00:00,73056.210000
2024-11-06T14:54:00+00:00,73053.990000
2024-11-06T15:19:00+00:00,72366.270000
2024-11-07T14:59:00+00:00,72364.050000
2024-11-07T21:09:00+00:00,73144.830000
2024-11-08T04:39:00+00:00,73131.510000
2024-11-08T05:39:00+00:00,72416.190000
2024-11-08T06:14:00+00:00,72401.390000
2024-11-08T08:14:00+00:00,72911.490000
2024-11-08T08:19:00+00:00,72899.090000
2024-11-08T15:09:00+00:00,72894.650000
2024-11-08T15:24:00+00:00,72827.210000
2024-11-08T15:24:00+00:00,72820.550000
2024-11-08T18:34:00+00:00,73261.590000
2024-11-08T21:09:00+00:00,73692.890000
2024-11-11T02:09:00+00:00,73686.970000
2024-11-11T08:29:00+00:00,72993.050000
2024-11-11T13:24:00+00:00,72982.690000
2024-11-11T14:34:00+00:00,73523.510000
2024-11-11T14:39:00+00:00,74428.330000
2024-11-11T14:49:00+00:00,74426.110000
2024-11-11T21:09:00+00:00,74203.390000
2024-11-12T07:54:00+00:00,74195.250000
2024-11-12T09:09:00+00:00,73780.110000
2024-11-12T09:09:00+00:00,73768.270000
2024-11-12T09:34:00+00:00,73044.430000
2024-11-12T10:49:00+00:00,73037.770000
2024-11-12T12:59:00+00:00,73706.110000
2024-11-12T12:59:00+00:00,73693.530000
2024-11-12T13:24:00+00:00,72958.450000
2024-11-12T16:09:00+00:00,72954.010000
2024-11-12T16:59:00+00:00,73255.570000
2024-11-12T16:59:00+00:00,73248.170000
2024-11-12T17:54:00+00:00,72540.770000
2024-11-13T06:59:00+00:00,72530.410000
2024-11-13T08:34:00+00:00,73039.730000
2024-11-13T08:59:00+00:00,73892.050000
2024-11-13T12:44:00+00:00,73885.390000
2024-11-13T13:34:00+00:00,73140.730000
2024-11-13T14:49:00+00:00,73136.290000
2024-11-13T17:09:00+00:00,72477.850000
2024-11-14T10:49:00+00:00,72466.010000
2024-11-14T13:34:00+00:00,72982.090000
2024-11-14T13:34:00+00:00,72972.170000
2024-11-14T15:19:00+00:00,72970.690000
2024-11-14T15:34:00+00:00,72744.210000
2024-11-14T15:34:00+00:00,72739.030000
2024-11-14T16:04:00+00:00,72695.350000
2024-11-14T16:04:00+00:00,72692.390000
2024-11-14T20:44:00+00:00,73149.910000
2024-11-14T21:09:00+00:00,73656.430000
2024-11-15T12:24:00+00:00,73641.630000
2024-11-15T12:54:00+00:00,72886.830000
2024-11-15T15:04:00+00:00,72884.610000
2024-11-15T16:54:00+00:00,73189.870000
2024-11-15T18:59:00+00:00,74208.390000
2024-11-18T09:09:00+00:00,74197.290000
2024-11-18T09:34:00+00:00,74701.360000
2024-11-18T13:04:00+00:00,75665.440000
2024-11-18T14:54:00+00:00,75661.000000
2024-11-18T15:04:00+00:00,74972.560000
2024-11-18T15:09:00+00:00,74968.120000
2024-11-18T15:34:00+00:00,75478.900000
2024-11-18T16:39:00+00:00,76331.680000
2024-11-19T00:39:00+00:00,76317.620000
2024-11-19T01:59:00+00:00,75534.060000
2024-11-19T07:09:00+00:00,75522.960000
2024-11-19T07:29:00+00:00,75459.360000
2024-11-19T07:29:00+00:00,75439.380000
2024-11-19T08:04:00+00:00,75956.260000
2024-11-19T08:14:00+00:00,75938.900000
2024-11-19T08:19:00+00:00,75930.020000
2024-11-19T08:39:00+00:00,76479.080000
2024-11-19T08:39:00+00:00,77397.140000
2024-11-19T15:29:00+00:00,77394.180000
2024-11-19T18:39:00+00:00,77959.700000
2024-11-19T21:09:00+00:00,78695.220000
2024-11-20T14:59:00+00:00,78693.740000
2024-11-20T20:59:00+00:00,78123.260000
2024-11-21T07:34:00+00:00,78118.080000
2024-11-21T07:49:00+00:00,77381.400000
2024-11-21T15:04:00+00:00,77380.660000
2024-11-21T15:19:00+00:00,77241.420000
2024-11-21T15:19:00+00:00,77237.720000
2024-11-21T15:24:00+00:00,76474.020000
2024-11-22T06:09:00+00:00,76462.920000
2024-11-22T09:09:00+00:00,75686.820000
2024-11-22T15:14:00+00:00,75683.860000
2024-11-22T17:54:00+00:00,74958.900000
2024-11-22T20:09:00+00:00,74952.980000
2024-11-22T20:59:00+00:00,74231.060000
2024-11-25T03:34:00+00:00,74208.860000
2024-11-25T04:24:00+00:00,73586.660000
2024-11-25T06:09:00+00:00,73564.460000
2024-11-25T07:14:00+00:00,73287.260000
2024-11-25T07:14:00+00:00,73265.060000
2024-11-25T07:34:00+00:00,72567.860000
2024-11-25T14:34:00+00:00,72559.720000
2024-11-25T14:39:00+00:00,71842.080000
2024-11-25T14:54:00+00:00,71840.600000
2024-11-25T17:59:00+00:00,72153.120000
2024-11-25T17:59:00+00:00,72147.940000
2024-11-25T21:09:00+00:00,72776.260000
2024-11-26T07:09:00+00:00,72765.160000
2024-11-26T08:39:00+00:00,73253.480000
2024-11-26T09:09:00+00:00,73243.560000
2024-11-26T14:39:00+00:00,73238.380000
2024-11-26T14:49:00+00:00,73235.420000
2024-11-26T15:04:00+00:00,72523.240000
2024-11-26T15:04:00+00:00,71894.280000
2024-11-27T11:19:00+00:00,71885.400000
2024-11-27T12:54:00+00:00,71156.520000
2024-11-27T14:19:00+00:00,71149.860000
2024-11-27T14:34:00+00:00,70490.700000
2024-11-27T14:54:00+00:00,70488.480000
2024-11-27T16:54:00+00:00,70780.240000
2024-11-27T21:09:00+00:00,70901.760000
2024-11-28T15:19:00+00:00,70889.180000
2024-11-28T23:04:00+00:00,70171.100000
2024-11-29T00:14:00+00:00,70163.700000
2024-11-29T02:59:00+00:00,69481.300000
2024-11-29T14:09:00+00:00,69474.640000
2024-11-29T14:34:00+00:00,68815.480000
2024-11-29T14:34:00+00:00,68808.080000
2024-11-29T14:39:00+00:00,68155.680000
2024-11-29T14:54:00+00:00,68153.460000
2024-12-02T04:09:00+00:00,68134.220000
2024-12-02T08:04:00+00:00,68621.850000
2024-12-02T09:54:00+00:00,68605.730000
2024-12-02T13:19:00+00:00,68877.990000
2024-12-02T14:39:00+00:00,69786.510000
2024-12-02T14:49:00+00:00,69785.030000
2024-12-02T21:09:00+00:00,70112.550000
2024-12-03T07:19:00+00:00,70090.350000
2024-12-03T08:09:00+00:00,70518.000000
2024-12-03T08:14:00+00:00,70499.400000
2024-12-03T08:19:00+00:00,70489.040000
2024-12-03T12:29:00+00:00,70849.680000
2024-12-03T12:29:00+00:00,70836.360000
2024-12-03T13:59:00+00:00,70445.040000
2024-12-03T13:59:00+00:00,70429.500000
2024-12-03T14:09:00+00:00,70917.100000
2024-12-03T14:09:00+00:00,70903.460000
2024-12-03T15:04:00+00:00,70900.500000
2024-12-03T21:09:00+00:00,71615.540000
2024-12-04T03:44:00+00:00,71598.520000
2024-12-04T05:34:00+00:00,72101.880000
2024-12-04T06:34:00+00:00,72087.000000
2024-12-04T06:49:00+00:00,72067.760000
2024-12-04T08:39:00+00:00,72584.640000
2024-12-04T08:54:00+00:00,73452.520000
2024-12-04T15:09:00+00:00,73447.340000
2024-12-04T19:34:00+00:00,73886.120000
2024-12-04T21:09:00+00:00,74577.160000
2024-12-04T23:44:00+00:00,74569.760000
2024-12-05T03:14:00+00:00,74567.360000
2024-12-05T03:14:00+00:00,74555.520000
2024-12-05T05:34:00+00:00,74511.680000
2024-12-05T05:34:00+00:00,74489.480000
2024-12-05T06:04:00+00:00,74392.280000
2024-12-05T06:04:00+00:00,74370.080000
2024-12-05T06:54:00+00:00,73597.880000
2024-12-05T14:49:00+00:00,73589.740000
2024-12-05T17:14:00+00:00,72850.100000
2024-12-06T07:29:00+00:00,72827.900000
2024-12-06T08:19:00+00:00,72280.700000
2024-12-06T14:49:00+00:00,72278.480000
2024-12-06T21:09:00+00:00,72591.260000
2024-12-09T07:29:00+00:00,72577.940000
2024-12-09T07:39:00+00:00,73091.030000
2024-12-09T09:09:00+00:00,73079.870000
2024-12-09T09:09:00+00:00,73065.810000
2024-12-09T09:44:00+00:00,73565.400000
2024-12-09T10:19:00+00:00,74495.500000
2024-12-09T14:49:00+00:00,74491.800000
2024-12-09T14:54:00+00:00,74488.100000
2024-12-09T15:29:00+00:00,73859.400000
2024-12-09T15:29:00+00:00,73218.200000
2024-12-10T14:59:00+00:00,73213.020000
2024-12-10T15:04:00+00:00,72770.340000
2024-12-10T15:04:00+00:00,72766.640000
2024-12-10T15:59:00+00:00,72040.440000
2024-12-10T17:29:00+00:00,72033.040000
2024-12-10T19:04:00+00:00,71330.640000
2024-12-11T07:14:00+00:00,71308.440000
2024-12-11T07:29:00+00:00,71803.590000
2024-12-11T07:39:00+00:00,72636.240000
2024-12-11T14:49:00+00:00,72634.020000
2024-12-11T20:19:00+00:00,72923.530000
2024-12-11T21:09:00+00:00,73274.050000
2024-12-12T08:09:00+00:00,73254.810000
2024-12-12T08:39:00+00:00,72494.570000
2024-12-12T15:09:00+00:00,72489.390000
2024-12-12T15:24:00+00:00,71829.710000
2024-12-13T07:09:00+00:00,71808.990000
2024-12-13T08:19:00+00:00,71060.270000
2024-12-13T12:09:00+00:00,71054.350000
2024-12-13T14:44:00+00:00,71534.390000
2024-12-13T14:49:00+00:00,72336.430000
2024-12-13T15:44:00+00:00,72334.950000
2024-12-13T21:09:00+00:00,72188.470000
2024-12-16T05:59:00+00:00,72168.490000
2024-12-16T07:34:00+00:00,72665.870000
2024-12-16T09:14:00+00:00,73565.510000
2024-12-16T14:54:00+00:00,73561.810000
2024-12-16T17:39:00+00:00,73986.330000
2024-12-16T20:09:00+00:00,75049.110000
2024-12-16T23:14:00+00:00,75043.930000
2024-12-17T01:14:00+00:00,75000.250000
2024-12-17T01:14:00+00:00,74983.230000
2024-12-17T02:04:00+00:00,75503.090000
2024-12-17T03:54:00+00:00,75998.210000
2024-12-17T03:54:00+00:00,75976.010000
2024-12-17T05:49:00+00:00,76369.910000
2024-12-17T06:29:00+00:00,77033.810000
2024-12-17T11:24:00+00:00,77030.110000
2024-12-17T13:04:00+00:00,76283.910000
2024-12-17T15:04:00+00:00,76280.950000
2024-12-17T16:34:00+00:00,75599.990000
2024-12-17T16:59:00+00:00,75591.850000
2024-12-17T19:04:00+00:00,76083.150000
2024-12-17T21:09:00+00:00,76552.710000
2024-12-18T12:34:00+00:00,76531.990000
2024-12-18T13:34:00+00:00,77088.630000
2024-12-18T13:44:00+00:00,78023.270000
2024-12-18T15:14:00+00:00,78021.050000
2024-12-18T16:34:00+00:00,78018.090000
2024-12-18T19:04:00+00:00,77418.870000
2024-12-18T19:04:00+00:00,76729.910000
2024-12-19T10:44:00+00:00,76721.030000
2024-12-19T12:09:00+00:00,75974.150000
2024-12-19T14:54:00+00:00,75972.670000
2024-12-19T18:04:00+00:00,76432.190000
2024-12-19T18:04:00+00:00,76428.490000
2024-12-19T18:59:00+00:00,76862.010000
2024-12-19T20:14:00+00:00,76858.290000
2024-12-20T14:44:00+00:00,76857.550000
2024-12-20T15:14:00+00:00,76856.070000
2024-12-20T16:04:00+00:00,77326.330000
2024-12-20T16:39:00+00:00,78110.590000
2024-12-20T21:09:00+00:00,78682.350000
2024-12-23T14:49:00+00:00,78679.390000
2024-12-23T16:44:00+00:00,77892.430000
2024-12-23T20:19:00+00:00,77885.770000
2024-12-23T20:44:00+00:00,78401.810000
2024-12-23T21:09:00+00:00,79063.110000
2024-12-24T03:14:00+00:00,79041.650000
2024-12-24T04:24:00+00:00,79598.290000
2024-12-24T04:49:00+00:00,79579.690000
2024-12-24T06:59:00+00:00,79557.490000
2024-12-24T07:04:00+00:00,78905.290000
2024-12-24T14:54:00+00:00,78902.330000
2024-12-24T17:54:00+00:00,79380.850000
2024-12-25T23:04:00+00:00,80179.370000
2024-12-26T08:09:00+00:00,80167.530000
2024-12-26T08:24:00+00:00,80755.610000
2024-12-26T08:34:00+00:00,81739.690000
2024-12-26T10:24:00+00:00,81730.810000
2024-12-26T12:04:00+00:00,82311.370000
2024-12-26T13:34:00+00:00,82303.930000
2024-12-26T14:49:00+00:00,82298.750000
2024-12-26T14:54:00+00:00,82787.030000
2024-12-26T14:54:00+00:00,82782.070000
2024-12-26T14:54:00+00:00,82776.150000
2024-12-26T14:59:00+00:00,81982.230000
2024-12-27T15:04:00+00:00,81981.490000
2024-12-27T16:59:00+00:00,81980.750000
2024-12-27T21:09:00+00:00,81742.010000
2024-12-27T21:09:00+00:00,81393.770000
2024-12-30T14:59:00+00:00,81391.550000
2024-12-30T16:24:00+00:00,80619.830000
2024-12-31T13:19:00+00:00,80609.470000
2024-12-31T13:54:00+00:00,80543.110000
2024-12-31T13:54:00+00:00,80537.190000
2024-12-31T14:39:00+00:00,81113.230000
2024-12-31T14:39:00+00:00,81108.270000
2024-12-31T14:54:00+00:00,81104.570000
2024-12-31T15:09:00+00:00,80495.870000
2024-12-31T15:09:00+00:00,80494.390000
2024-12-31T19:24:00+00:00,80492.910000
2024-12-31T21:09:00+00:00,80918.430000
2024-12-31T21:09:00+00:00,80773.950000
2025-01-02T00:49:00+00:00,80770.990000
2025-01-02T05:19:00+00:00,81269.010000
2025-01-02T11:49:00+00:00,82100.030000
2025-01-02T14:54:00+00:00,82097.070000
2025-01-02T15:24:00+00:00,81278.110000
2025-01-02T20:04:00+00:00,81271.450000
2025-01-02T20:14:00+00:00,80450.290000
2025-01-03T07:24:00+00:00,80438.450000
2025-01-03T08:04:00+00:00,81014.530000
2025-01-03T08:29:00+00:00,81004.610000
2025-01-03T16:34:00+00:00,81003.130000
2025-01-03T21:09:00+00:00,81181.650000
2025-01-06T08:24:00+00:00,81165.370000
2025-01-06T08:39:00+00:00,80335.090000
2025-01-06T14:34:00+00:00,80332.130000
2025-01-06T14:49:00+00:00,80329.910000
2025-01-06T18:49:00+00:00,79688.690000
2025-01-06T19:04:00+00:00,78949.730000
2025-01-07T08:19:00+00:00,78937.890000
2025-01-07T08:39:00+00:00,78174.050000
2025-01-07T10:19:00+00:00,78168.870000
2025-01-07T14:39:00+00:00,77460.190000
2025-01-07T14:39:00+00:00,77451.310000
2025-01-07T14:44:00+00:00,76716.430000
2025-01-07T15:04:00+00:00,76715.690000
2025-01-07T21:09:00+00:00,77154.450000
2025-01-08T12:44:00+00:00,77147.050000
2025-01-08T13:04:00+00:00,77705.850000
2025-01-08T13:04:00+00:00,77699.650000
2025-01-08T15:04:00+00:00,77697.430000
2025-01-08T15:14:00+00:00,77105.710000
2025-01-08T15:19:00+00:00,77104.230000
2025-01-08T21:09:00+00:00,76815.750000
2025-01-09T06:34:00+00:00,76807.610000
2025-01-09T07:19:00+00:00,76056.970000
2025-01-10T07:19:00+00:00,76048.090000
2025-01-10T09:14:00+00:00,75295.210000
2025-01-10T14:49:00+00:00,75293.730000
2025-01-10T21:09:00+00:00,75398.250000
2025-01-12T23:54:00+00:00,75393.070000
2025-01-13T01:39:00+00:00,75831.850000
2025-01-13T03:24:00+00:00,76808.890000
2025-01-13T12:24:00+00:00,76804.450000
2025-01-13T14:39:00+00:00,76116.010000
2025-01-13T14:54:00+00:00,76113.790000
2025-01-13T15:59:00+00:00,76045.570000
2025-01-13T15:59:00+00:00,76040.390000
2025-01-13T17:04:00+00:00,76474.670000
2025-01-13T17:14:00+00:00,76469.710000
2025-01-14T10:39:00+00:00,76463.050000
2025-01-14T11:34:00+00:00,75754.390000
2025-01-14T14:54:00+00:00,75752.170000
2025-01-14T16:59:00+00:00,76120.430000
2025-01-14T18:59:00+00:00,76117.950000
2025-01-15T08:34:00+00:00,76110.550000
2025-01-15T11:49:00+00:00,76665.600000
2025-01-15T13:34:00+00:00,77593.150000
2025-01-15T14:49:00+00:00,77591.670000
2025-01-15T21:09:00+00:00,77699.190000
2025-01-16T12:09:00+00:00,77685.870000
2025-01-16T12:54:00+00:00,78259.710000
2025-01-16T13:04:00+00:00,79220.550000
2025-01-16T14:49:00+00:00,79218.330000
2025-01-16T21:09:00+00:00,80132.610000
2025-01-17T07:54:00+00:00,80117.810000
2025-01-17T08:54:00+00:00,80695.410000
2025-01-17T09:04:00+00:00,81663.010000
2025-01-17T18:14:00+00:00,81661.530000
2025-01-17T21:09:00+00:00,81415.050000
2025-01-20T01:24:00+00:00,81410.610000
2025-01-20T07:49:00+00:00,80647.170000
2025-01-20T12:39:00+00:00,80633.850000
2025-01-20T13:04:00+00:00,79846.530000
2025-01-20T15:19:00+00:00,79842.830000
2025-01-21T00:24:00+00:00,79824.330000
2025-01-21T00:39:00+00:00,80319.450000
2025-01-21T00:44:00+00:00,81219.830000
2025-01-21T00:54:00+00:00,81620.350000
2025-01-21T00:54:00+00:00,82623.130000
2025-01-21T14:54:00+00:00,82620.910000
2025-01-21T17:44:00+00:00,81808.690000
2025-01-22T07:14:00+00:00,81786.490000
2025-01-22T08:19:00+00:00,82292.890000
2025-01-22T08:44:00+00:00,83144.290000
2025-01-22T14:49:00+00:00,83141.330000
2025-01-22T21:09:00+00:00,83162.370000
2025-01-23T09:29:00+00:00,83151.270000
2025-01-23T13:34:00+00:00,83707.840000
2025-01-23T14:34:00+00:00,83697.920000
2025-01-23T15:34:00+00:00,83692.740000
2025-01-23T20:54:00+00:00,84181.020000
2025-01-23T21:09:00+00:00,84966.060000
2025-01-24T03:29:00+00:00,84957.180000
2025-01-24T06:14:00+00:00,84822.300000
2025-01-24T06:14:00+00:00,84809.720000
2025-01-24T07:14:00+00:00,83938.640000
2025-01-24T14:49:00+00:00,83934.200000
2025-01-24T15:19:00+00:00,83161.760000
2025-01-24T20:04:00+00:00,83159.540000
2025-01-24T21:09:00+00:00,83029.820000
2025-01-26T23:09:00+00:00,83022.420000
2025-01-27T00:39:00+00:00,83633.720000
2025-01-27T00:54:00+00:00,84655.020000
2025-01-27T14:49:00+00:00,84653.540000
2025-01-27T16:04:00+00:00,84627.060000
2025-01-27T16:04:00+00:00,84624.100000
2025-01-27T17:59:00+00:00,85237.620000
2025-01-27T21:04:00+00:00,85235.140000
2025-01-28T13:39:00+00:00,85232.180000
2025-01-28T14:44:00+00:00,85742.200000
2025-01-28T14:59:00+00:00,85830.720000
2025-01-28T14:59:00+00:00,85827.020000
2025-01-28T15:04:00+00:00,85825.540000
2025-01-28T15:24:00+00:00,86331.060000
2025-01-28T17:04:00+00:00,87596.340000
2025-01-28T21:09:00+00:00,88432.860000
2025-01-29T14:39:00+00:00,88429.900000
2025-01-29T15:44:00+00:00,88427.680000
2025-01-29T18:04:00+00:00,88985.700000
2025-01-29T19:44:00+00:00,88983.220000
2025-01-29T21:09:00+00:00,89036.500000
2025-01-30T10:39:00+00:00,89023.920000
2025-01-30T12:19:00+00:00,88144.340000
2025-01-30T14:49:00+00:00,88142.120000
2025-01-30T15:04:00+00:00,87304.400000
2025-01-31T08:24:00+00:00,87299.220000
2025-01-31T14:54:00+00:00,87296.260000
2025-01-31T14:59:00+00:00,87791.290000
2025-01-31T15:34:00+00:00,88893.330000
2025-01-31T18:34:00+00:00,88150.370000
2025-02-03T15:04:00+00:00,88148.150000
2025-02-03T15:24:00+00:00,87271.430000
2025-02-03T15:29:00+00:00,87264.770000
2025-02-03T15:44:00+00:00,87816.810000
2025-02-03T15:44:00+00:00,87810.610000
2025-02-04T14:54:00+00:00,87808.390000
2025-02-04T21:09:00+00:00,88274.170000
2025-02-05T07:49:00+00:00,88260.850000
2025-02-05T08:39:00+00:00,87401.530000
2025-02-05T08:44:00+00:00,87392.650000
2025-02-05T09:04:00+00:00,86531.770000
2025-02-05T12:24:00+00:00,86526.590000
2025-02-05T14:39:00+00:00,87071.120000
2025-02-05T15:04:00+00:00,87256.160000
2025-02-05T15:04:00+00:00,87251.720000
2025-02-05T15:39:00+00:00,86380.280000
2025-02-06T07:24:00+00:00,86366.960000
2025-02-06T08:04:00+00:00,86988.050000
2025-02-06T08:34:00+00:00,86976.890000
2025-02-06T14:49:00+00:00,86971.710000
2025-02-06T19:34:00+00:00,86200.030000
2025-02-07T11:49:00+00:00,86191.150000
2025-02-07T13:34:00+00:00,86812.210000
2025-02-07T13:34:00+00:00,86804.770000
2025-02-07T15:04:00+00:00,86803.290000
2025-02-07T15:59:00+00:00,86802.550000
2025-02-07T21:09:00+00:00,87451.070000
2025-02-07T21:09:00+00:00,87713.830000
2025-02-10T08:39:00+00:00,87693.110000
2025-02-10T10:04:00+00:00,86804.390000
2025-02-10T15:04:00+00:00,86799.950000
2025-02-10T21:09:00+00:00,86960.510000
2025-02-11T12:09:00+00:00,86949.410000
2025-02-11T13:54:00+00:00,87542.730000
2025-02-11T13:59:00+00:00,88676.810000
2025-02-11T15:14:00+00:00,88673.850000
2025-02-11T21:09:00+00:00,88560.890000
2025-02-11T23:34:00+00:00,88550.530000
2025-02-12T04:04:00+00:00,87700.170000
2025-02-12T11:14:00+00:00,87689.810000
2025-02-12T12:44:00+00:00,86797.450000
2025-02-12T14:49:00+00:00,86795.230000
2025-02-12T21:09:00+00:00,87739.510000
2025-02-13T06:54:00+00:00,87728.410000
2025-02-13T07:54:00+00:00,88311.230000
2025-02-13T08:19:00+00:00,89425.310000
2025-02-13T09:24:00+00:00,89420.130000
2025-02-13T14:34:00+00:00,89926.410000
2025-02-13T15:04:00+00:00,91053.450000
2025-02-13T15:19:00+00:00,91051.230000
2025-02-13T21:09:00+00:00,91745.010000
2025-02-14T12:04:00+00:00,91725.770000
2025-02-14T13:09:00+00:00,92388.900000
2025-02-14T13:34:00+00:00,93500.530000
2025-02-14T15:09:00+00:00,93494.610000
2025-02-14T15:24:00+00:00,93528.690000
2025-02-14T15:24:00+00:00,93517.590000
2025-02-14T15:44:00+00:00,94137.160000
2025-02-14T15:54:00+00:00,94127.240000
2025-02-14T17:54:00+00:00,94119.100000
2025-02-14T20:54:00+00:00,94704.150000
2025-02-14T21:09:00+00:00,95410.710000
2025-02-17T05:39:00+00:00,95388.510000
2025-02-17T07:44:00+00:00,95894.910000
2025-02-17T07:44:00+00:00,96746.310000
2025-02-17T16:04:00+00:00,96739.650000
2025-02-18T08:14:00+00:00,97425.990000
2025-02-18T08:14:00+00:00,97415.630000
2025-02-18T12:14:00+00:00,97377.270000
2025-02-18T12:14:00+00:00,97360.250000
2025-02-18T14:09:00+00:00,98045.110000
2025-02-18T14:29:00+00:00,98030.230000
2025-02-18T14:34:00+00:00,98021.350000
2025-02-18T14:49:00+00:00,98736.910000
2025-02-18T14:49:00+00:00,98733.210000
2025-02-18T15:04:00+00:00,99928.770000
2025-02-18T19:29:00+00:00,100235.070000
2025-02-18T19:29:00+00:00,100228.410000
2025-02-18T20:59:00+00:00,100885.450000
2025-02-18T21:09:00+00:00,101656.750000
2025-02-19T04:09:00+00:00,101634.550000
2025-02-19T05:09:00+00:00,102107.200000
2025-02-19T07:04:00+00:00,102902.350000
2025-02-19T12:09:00+00:00,102889.030000
2025-02-19T13:04:00+00:00,101876.710000
2025-02-19T13:04:00+00:00,101854.510000
2025-02-19T13:19:00+00:00,102529.660000
2025-02-19T13:24:00+00:00,103662.310000
2025-02-19T14:49:00+00:00,103655.650000
2025-02-19T16:14:00+00:00,102636.490000
2025-02-19T18:24:00+00:00,102632.050000
2025-02-19T21:09:00+00:00,102390.610000
2025-02-20T14:39:00+00:00,102378.030000
2025-02-20T14:49:00+00:00,103074.110000
2025-02-20T14:49:00+00:00,103069.670000
2025-02-20T14:54:00+00:00,104379.260000
2025-02-20T14:59:00+00:00,105151.040000
2025-02-20T20:54:00+00:00,105147.320000
2025-02-21T14:59:00+00:00,105143.620000
2025-02-21T15:44:00+00:00,105715.140000
2025-02-21T17:59:00+00:00,107145.420000
2025-02-23T23:14:00+00:00,107140.980000
2025-02-24T03:19:00+00:00,107511.540000
2025-02-24T03:19:00+00:00,107489.340000
2025-02-24T03:49:00+00:00,106567.140000
2025-02-24T05:29:00+00:00,106546.420000
2025-02-24T05:54:00+00:00,106623.700000
2025-02-24T05:54:00+00:00,106601.500000
2025-02-24T07:04:00+00:00,107186.650000
2025-02-24T07:04:00+00:00,107168.050000
2025-02-24T14:54:00+00:00,107166.570000
2025-02-24T21:09:00+00:00,107897.090000
2025-02-25T04:24:00+00:00,107885.990000
2025-02-25T07:04:00+00:00,106847.390000
2025-02-25T08:09:00+00:00,106837.030000
2025-02-25T08:54:00+00:00,105762.670000
2025-02-25T14:49:00+00:00,105759.710000
2025-02-25T15:19:00+00:00,106419.730000
2025-02-25T16:34:00+00:00,107520.750000
2025-02-26T13:54:00+00:00,107508.910000
2025-02-26T14:19:00+00:00,108300.990000
2025-02-26T14:34:00+00:00,109625.070000
2025-02-26T14:49:00+00:00,109620.630000
2025-02-26T16:54:00+00:00,110408.160000
2025-02-26T17:54:00+00:00,110404.440000
2025-02-27T01:19:00+00:00,110389.640000
2025-02-27T02:24:00+00:00,111192.240000
2025-02-27T03:59:00+00:00,111179.840000
2025-02-27T14:49:00+00:00,111176.880000
2025-02-27T14:54:00+00:00,111176.140000
2025-02-27T14:59:00+00:00,111902.160000
2025-02-27T19:34:00+00:00,113113.180000
2025-02-27T21:09:00+00:00,114041.440000
2025-02-28T15:14:00+00:00,114039.960000
2025-02-28T17:29:00+00:00,114057.480000
2025-02-28T17:29:00+00:00,114053.040000
2025-02-28T17:54:00+00:00,114818.070000
2025-02-28T18:19:00+00:00,116094.600000
2025-02-28T18:34:00+00:00,116086.460000
2025-02-28T18:59:00+00:00,114967.320000
2025-03-03T07:09:00+00:00,114954.740000
2025-03-03T07:29:00+00:00,115758.820000
2025-03-03T07:44:00+00:00,115747.660000
2025-03-03T14:49:00+00:00,115745.440000
2025-03-03T16:54:00+00:00,115854.220000
2025-03-03T16:54:00+00:00,115850.520000
2025-03-03T18:09:00+00:00,114714.320000
2025-03-03T19:59:00+00:00,114713.580000
2025-03-03T21:09:00+00:00,114924.340000
2025-03-04T12:09:00+00:00,114920.640000
2025-03-04T13:29:00+00:00,115562.660000
2025-03-04T14:59:00+00:00,115561.180000
2025-03-04T15:14:00+00:00,117167.710000
2025-03-04T17:29:00+00:00,116373.230000
2025-03-05T15:09:00+00:00,116370.270000
2025-03-05T15:24:00+00:00,115227.310000
2025-03-05T18:14:00+00:00,115222.870000
2025-03-05T19:04:00+00:00,114129.430000
2025-03-06T15:04:00+00:00,114126.470000
2025-03-06T17:04:00+00:00,113075.510000
2025-03-06T18:34:00+00:00,113074.770000
2025-03-06T21:09:00+00:00,113083.530000
2025-03-07T07:09:00+00:00,113068.730000
2025-03-07T07:39:00+00:00,111943.930000
2025-03-07T11:49:00+00:00,111935.050000
2025-03-07T12:44:00+00:00,112713.610000
2025-03-07T13:34:00+00:00,112706.170000
2025-03-07T14:49:00+00:00,112703.950000
2025-03-07T15:34:00+00:00,111674.230000
2025-03-10T06:09:00+00:00,111658.690000
2025-03-10T08:04:00+00:00,110519.650000
2025-03-10T13:54:00+00:00,110517.430000
2025-03-10T14:54:00+00:00,110932.190000
2025-03-10T16:44:00+00:00,110930.710000
2025-03-10T18:09:00+00:00,112314.230000
2025-03-10T20:09:00+00:00,112582.750000
2025-03-11T08:04:00+00:00,112576.090000
2025-03-11T09:04:00+00:00,113290.130000
2025-03-11T11:09:00+00:00,113283.930000
2025-03-11T12:14:00+00:00,113275.790000
2025-03-11T12:24:00+00:00,112162.150000
2025-03-11T13:44:00+00:00,112159.190000
2025-03-11T13:49:00+00:00,112157.710000
2025-03-11T14:04:00+00:00,111240.750000
2025-03-11T14:04:00+00:00,110431.270000
2025-03-12T06:09:00+00:00,110409.070000
2025-03-12T06:24:00+00:00,110915.470000
2025-03-12T06:49:00+00:00,111766.870000
2025-03-12T13:54:00+00:00,111763.910000
2025-03-12T15:04:00+00:00,112573.930000
2025-03-12T16:09:00+00:00,112571.450000
2025-03-13T07:44:00+00:00,112560.350000
2025-03-13T07:49:00+00:00,111446.750000
2025-03-13T08:09:00+00:00,111437.870000
2025-03-13T08:19:00+00:00,110366.990000
2025-03-13T13:54:00+00:00,110364.770000
2025-03-13T20:09:00+00:00,110986.550000
2025-03-14T02:04:00+00:00,110973.970000
2025-03-14T02:54:00+00:00,109898.890000
2025-03-14T07:49:00+00:00,109881.130000
2025-03-14T08:04:00+00:00,108771.370000
2025-03-14T13:54:00+00:00,108769.150000
2025-03-14T14:04:00+00:00,107820.430000
2025-03-17T06:24:00+00:00,107807.110000
2025-03-17T07:59:00+00:00,106740.790000
2025-03-17T13:39:00+00:00,106734.130000
2025-03-17T13:49:00+00:00,105692.470000
2025-03-17T13:54:00+00:00,105688.770000
2025-03-17T14:59:00+00:00,106231.790000
2025-03-17T15:04:00+00:00,106230.310000
2025-03-17T17:44:00+00:00,106226.590000
2025-03-17T18:04:00+00:00,105504.110000
2025-03-18T11:34:00+00:00,105499.670000
2025-03-18T13:39:00+00:00,106221.950000
2025-03-18T13:44:00+00:00,107427.230000
2025-03-18T13:54:00+00:00,107425.750000
2025-03-18T20:09:00+00:00,107327.270000
2025-03-18T22:49:00+00:00,107316.170000
2025-03-19T00:29:00+00:00,108024.990000
2025-03-19T00:54:00+00:00,109379.070000
2025-03-19T13:54:00+00:00,109376.110000
2025-03-19T18:59:00+00:00,110105.130000
2025-03-19T19:14:00+00:00,111321.150000
2025-03-20T04:44:00+00:00,111298.950000
2025-03-20T05:54:00+00:00,110466.750000
2025-03-20T13:39:00+00:00,110461.570000
2025-03-20T13:49:00+00:00,110459.350000
2025-03-20T14:04:00+00:00,111125.380000
2025-03-20T14:29:00+00:00,112607.420000
2025-03-20T19:34:00+00:00,112270.700000
2025-03-21T05:59:00+00:00,112249.240000
2025-03-21T06:54:00+00:00,113036.880000
2025-03-21T07:34:00+00:00,113018.280000
2025-03-21T13:54:00+00:00,113014.580000
2025-03-21T16:59:00+00:00,113682.100000
2025-03-21T20:09:00+00:00,115020.880000
2025-03-24T09:54:00+00:00,115010.520000
2025-03-24T11:49:00+00:00,115840.090000
2025-03-24T13:49:00+00:00,117226.160000
2025-03-24T13:49:00+00:00,117221.720000
2025-03-24T16:34:00+00:00,117553.280000
2025-03-24T16:34:00+00:00,117542.180000
2025-03-24T19:09:00+00:00,116361.080000
2025-03-25T14:24:00+00:00,116354.420000
2025-03-25T20:09:00+00:00,117661.760000
2025-03-26T00:09:00+00:00,117639.560000
2025-03-26T00:34:00+00:00,116792.360000
2025-03-26T13:24:00+00:00,116778.300000
2025-03-26T13:49:00+00:00,117561.390000
2025-03-26T13:49:00+00:00,117548.990000
2025-03-26T13:49:00+00:00,117543.810000
2025-03-26T14:19:00+00:00,118218.840000
2025-03-26T15:54:00+00:00,119720.880000
2025-03-27T05:54:00+00:00,119698.680000
2025-03-27T06:14:00+00:00,119286.480000
2025-03-27T06:14:00+00:00,119264.280000
2025-03-27T06:49:00+00:00,118327.080000
2025-03-27T13:59:00+00:00,118324.120000
2025-03-27T19:04:00+00:00,118195.160000
2025-03-27T19:04:00+00:00,118185.540000
2025-03-27T19:19:00+00:00,117012.420000
2025-03-28T06:09:00+00:00,116990.220000
2025-03-28T06:39:00+00:00,116593.020000
2025-03-28T06:39:00+00:00,116570.820000
2025-03-28T06:54:00+00:00,117392.220000
2025-03-28T06:54:00+00:00,118768.620000
2025-03-28T13:14:00+00:00,118753.820000
2025-03-28T13:29:00+00:00,117559.020000
2025-03-28T14:04:00+00:00,117555.320000
2025-03-28T14:19:00+00:00,118165.840000
2025-03-28T14:59:00+00:00,119693.620000
2025-03-31T07:39:00+00:00,119681.780000
2025-03-31T09:04:00+00:00,120557.860000
2025-03-31T11:29:00+00:00,122021.940000
2025-03-31T15:24:00+00:00,122020.460000
2025-03-31T20:09:00+00:00,122778.980000
2025-04-01T05:09:00+00:00,122767.880000
2025-04-01T07:04:00+00:00,123586.950000
2025-04-01T07:09:00+00:00,125151.030000
2025-04-01T13:49:00+00:00,125147.330000
2025-04-01T14:09:00+00:00,124088.630000
2025-04-02T06:24:00+00:00,124073.830000
2025-04-02T07:09:00+00:00,122809.030000
2025-04-02T13:49:00+00:00,122807.550000
2025-04-02T20:09:00+00:00,123502.070000
2025-04-03T04:34:00+00:00,123493.190000
2025-04-03T05:34:00+00:00,124348.250000
2025-04-03T08:14:00+00:00,124340.810000
2025-04-03T14:09:00+00:00,124338.590000
2025-04-03T20:09:00+00:00,125561.870000
2025-04-04T08:39:00+00:00,125553.730000
2025-04-04T09:34:00+00:00,126345.030000
2025-04-04T10:09:00+00:00,127930.590000
2025-04-04T11:44:00+00:00,127928.370000
2025-04-04T12:34:00+00:00,128534.380000
2025-04-04T14:14:00+00:00,128829.900000
2025-04-04T14:14:00+00:00,128828.420000
2025-04-04T17:19:00+00:00,129565.680000
2025-04-04T18:14:00+00:00,129563.460000
2025-04-04T18:54:00+00:00,130249.720000
2025-04-04T18:54:00+00:00,130838.500000
2025-04-04T18:59:00+00:00,130832.580000
2025-04-04T19:14:00+00:00,131777.620000
2025-04-04T19:14:00+00:00,131772.660000
2025-04-07T12:34:00+00:00,131770.440000
2025-04-07T13:29:00+00:00,130563.720000
2025-04-07T13:54:00+00:00,130562.980000
2025-04-07T14:19:00+00:00,132794.740000
2025-04-08T05:44:00+00:00,132788.080000
2025-04-08T07:24:00+00:00,133658.120000
2025-04-08T08:19:00+00:00,134256.920000
2025-04-08T08:19:00+00:00,134251.740000
2025-04-08T11:39:00+00:00,132972.560000
2025-04-08T11:39:00+00:00,132970.340000
2025-04-08T13:34:00+00:00,133469.850000
2025-04-08T13:54:00+00:00,133466.890000
2025-04-08T14:24:00+00:00,135132.910000
2025-04-08T15:14:00+00:00,133889.950000
2025-04-09T04:54:00+00:00,133886.990000
2025-04-09T05:39:00+00:00,132810.030000
2025-04-09T11:09:00+00:00,132807.810000
2025-04-09T12:59:00+00:00,131640.090000
2025-04-09T17:04:00+00:00,131639.350000
2025-04-09T18:04:00+00:00,134094.860000
2025-04-10T07:54:00+00:00,134089.680000
2025-04-10T08:24:00+00:00,132758.000000
2025-04-10T13:59:00+00:00,132755.780000
2025-04-10T15:54:00+00:00,133384.290000
2025-04-10T16:19:00+00:00,135480.310000
2025-04-11T02:09:00+00:00,135476.610000
2025-04-11T02:29:00+00:00,134320.410000
2025-04-11T05:19:00+00:00,134317.450000
2025-04-11T06:04:00+00:00,135260.970000
2025-04-11T08:04:00+00:00,135258.490000
2025-04-11T13:49:00+00:00,135256.270000
2025-04-11T14:24:00+00:00,133923.550000
2025-04-14T03:14:00+00:00,133912.450000
2025-04-14T03:24:00+00:00,132581.350000
2025-04-14T05:59:00+00:00,132573.210000
2025-04-14T08:04:00+00:00,133420.760000
2025-04-14T09:24:00+00:00,133413.320000
2025-04-14T13:44:00+00:00,133408.880000
2025-04-14T14:04:00+00:00,132210.440000
2025-04-14T15:29:00+00:00,132208.960000
2025-04-14T20:09:00+00:00,132309.480000
2025-04-15T09:44:00+00:00,132296.900000
2025-04-15T11:49:00+00:00,133220.980000
2025-04-15T11:54:00+00:00,134958.070000
2025-04-15T13:49:00+00:00,134954.370000
2025-04-15T14:19:00+00:00,133748.170000
2025-04-16T08:59:00+00:00,133745.210000
2025-04-16T13:54:00+00:00,133741.510000
2025-04-16T14:14:00+00:00,135016.550000
2025-04-16T14:14:00+00:00,135017.850000
2025-04-16T14:19:00+00:00,135011.930000
2025-04-16T15:24:00+00:00,135947.970000
2025-04-16T16:09:00+00:00,135943.010000
2025-04-17T02:44:00+00:00,135930.430000
2025-04-17T03:04:00+00:00,134583.350000
2025-04-17T05:44:00+00:00,134575.210000
2025-04-17T10:59:00+00:00,133280.070000
2025-04-17T14:24:00+00:00,133277.110000
2025-04-17T18:14:00+00:00,132076.150000
2025-04-21T01:39:00+00:00,132065.050000
2025-04-21T01:54:00+00:00,130801.450000
2025-04-21T06:59:00+00:00,130779.250000
2025-04-21T07:14:00+00:00,129467.050000
2025-04-21T11:19:00+00:00,129447.810000
2025-04-21T11:24:00+00:00,130403.440000
2025-04-21T11:24:00+00:00,130387.320000
2025-04-21T13:54:00+00:00,130383.620000
2025-04-21T15:14:00+00:00,131042.140000
2025-04-21T17:04:00+00:00,132689.920000
2025-04-22T05:09:00+00:00,132681.040000
2025-04-22T06:54:00+00:00,133626.100000
2025-04-22T06:59:00+00:00,135204.160000
2025-04-22T13:39:00+00:00,135182.700000
2025-04-22T13:44:00+00:00,133798.240000
2025-04-22T13:49:00+00:00,133795.280000
2025-04-22T16:04:00+00:00,133793.800000
2025-04-22T16:14:00+00:00,134638.320000
2025-04-22T17:34:00+00:00,134635.840000
2025-04-22T20:09:00+00:00,134413.360000
2025-04-23T06:44:00+00:00,134394.120000
2025-04-23T07:34:00+00:00,133048.880000
2025-04-23T14:34:00+00:00,133046.660000
2025-04-23T15:24:00+00:00,131730.440000
2025-04-23T16:34:00+00:00,131723.040000
2025-04-23T16:59:00+00:00,132619.340000
2025-04-23T17:04:00+00:00,132613.140000
2025-04-24T04:49:00+00:00,132602.040000
2025-04-24T05:59:00+00:00,131300.940000
2025-04-24T11:09:00+00:00,131292.060000
2025-04-24T12:24:00+00:00,130053.180000
2025-04-24T13:49:00+00:00,130050.220000
2025-04-24T15:14:00+00:00,130851.240000
2025-04-24T18:39:00+00:00,132187.260000
2025-04-25T01:44:00+00:00,132173.200000
2025-04-25T01:54:00+00:00,130886.140000
2025-04-25T04:34:00+00:00,130877.260000
2025-04-25T06:54:00+00:00,129632.380000
2025-04-25T13:54:00+00:00,129628.680000
2025-04-25T14:09:00+00:00,128539.980000
2025-04-28T11:14:00+00:00,128520.740000
2025-04-28T11:39:00+00:00,129447.120000
2025-04-28T12:09:00+00:00,129431.000000
2025-04-28T12:14:00+00:00,129421.380000
2025-04-28T12:34:00+00:00,128202.760000
2025-04-28T13:59:00+00:00,128199.800000
2025-04-28T17:19:00+00:00,129002.320000
2025-04-28T19:09:00+00:00,128999.840000
2025-04-29T04:34:00+00:00,128988.000000
2025-04-29T04:54:00+00:00,127736.160000
2025-04-29T04:54:00+00:00,127729.500000
2025-04-29T07:54:00+00:00,126494.340000
2025-04-29T12:34:00+00:00,126483.980000
2025-04-29T12:59:00+00:00,125276.620000
2025-04-29T13:09:00+00:00,125272.180000
2025-04-29T13:49:00+00:00,124028.740000
2025-04-29T13:49:00+00:00,124025.040000
2025-04-29T18:29:00+00:00,124698.560000
2025-04-29T20:09:00+00:00,125405.840000
2025-04-30T05:39:00+00:00,125394.000000
2025-04-30T07:14:00+00:00,126306.080000
2025-04-30T08:19:00+00:00,127830.160000
2025-04-30T08:29:00+00:00,127813.140000
2025-04-30T09:29:00+00:00,126554.120000
2025-04-30T13:59:00+00:00,126551.900000
2025-04-30T14:29:00+00:00,125448.680000
2025-04-30T16:44:00+00:00,125447.200000
2025-04-30T20:04:00+00:00,126083.210000
2025-04-30T20:09:00+00:00,126772.970000
2025-05-01T05:34:00+00:00,126763.350000
2025-05-01T06:04:00+00:00,125544.730000
2025-05-01T13:59:00+00:00,125541.030000
2025-05-01T14:29:00+00:00,124397.330000
2025-05-02T09:14:00+00:00,124384.010000
2025-05-02T11:24:00+00:00,125308.850000
2025-05-02T11:39:00+00:00,125297.690000
2025-05-02T14:09:00+00:00,125293.250000
2025-05-02T18:54:00+00:00,126458.810000
2025-05-02T18:54:00+00:00,126450.670000
2025-05-02T20:09:00+00:00,126679.030000
2025-05-05T03:44:00+00:00,126672.370000
2025-05-05T06:54:00+00:00,126877.210000
2025-05-05T06:54:00+00:00,126855.010000
2025-05-05T07:19:00+00:00,127586.410000
2025-05-05T07:34:00+00:00,127567.810000
2025-05-05T14:04:00+00:00,127561.890000
2025-05-05T18:09:00+00:00,128419.930000
2025-05-05T19:54:00+00:00,128414.970000
2025-05-06T00:14:00+00:00,128392.770000
2025-05-06T00:24:00+00:00,127095.570000
2025-05-06T12:54:00+00:00,127077.070000
2025-05-06T13:14:00+00:00,125821.070000
2025-05-06T13:54:00+00:00,125815.890000
2025-05-06T14:14:00+00:00,124641.710000
2025-05-06T16:19:00+00:00,124639.490000
2025-05-06T16:29:00+00:00,124230.770000
2025-05-06T16:29:00+00:00,124227.070000
2025-05-06T20:09:00+00:00,124508.370000
2025-05-06T22:09:00+00:00,124502.450000
2025-05-06T22:39:00+00:00,123264.530000
2025-05-07T05:39:00+00:00,123242.330000
2025-05-07T06:04:00+00:00,122080.130000
2025-05-07T13:59:00+00:00,122074.210000
2025-05-07T14:54:00+00:00,120920.290000
2025-05-08T13:49:00+00:00,120915.850000
2025-05-08T15:29:00+00:00,119744.410000
2025-05-09T03:14:00+00:00,119737.750000
2025-05-09T08:04:00+00:00,120037.090000
2025-05-09T08:04:00+00:00,120025.990000
2025-05-09T10:34:00+00:00,118867.390000
2025-05-09T14:19:00+00:00,118861.470000
2025-05-09T14:39:00+00:00,119746.510000
2025-05-09T20:09:00+00:00,120291.550000
2025-05-12T14:29:00+00:00,120289.330000
2025-05-12T17:09:00+00:00,119202.610000
2025-05-12T23:44:00+00:00,119190.030000
2025-05-13T00:34:00+00:00,120024.110000
2025-05-13T04:04:00+00:00,121592.450000
2025-05-13T08:49:00+00:00,121570.250000
2025-05-13T09:29:00+00:00,120438.050000
2025-05-13T13:54:00+00:00,120435.090000
2025-05-13T16:39:00+00:00,121263.110000
2025-05-13T20:09:00+00:00,121808.630000
2025-05-14T05:34:00+00:00,121786.430000
2025-05-14T06:04:00+00:00,120714.230000
2025-05-14T09:29:00+00:00,120702.390000
2025-05-14T11:09:00+00:00,121560.470000
2025-05-14T11:24:00+00:00,122994.550000
2025-05-14T13:34:00+00:00,122987.150000
2025-05-14T13:49:00+00:00,123898.450000
2025-05-14T13:49:00+00:00,123894.010000
2025-05-14T16:09:00+00:00,123887.810000
2025-05-14T16:34:00+00:00,122722.370000
2025-05-14T18:39:00+00:00,122718.670000
2025-05-14T20:09:00+00:00,123107.470000
2025-05-15T05:14:00+00:00,123096.370000
2025-05-15T07:14:00+00:00,123952.190000
2025-05-15T07:59:00+00:00,125586.270000
2025-05-15T12:39:00+00:00,125577.390000
2025-05-15T13:49:00+00:00,124392.510000
2025-05-15T13:49:00+00:00,124386.590000
2025-05-15T14:04:00+00:00,123236.670000
2025-05-16T03:44:00+00:00,123214.470000
2025-05-16T03:54:00+00:00,122397.270000
2025-05-16T04:59:00+00:00,122375.810000
2025-05-16T06:09:00+00:00,122774.850000
2025-05-16T06:09:00+00:00,122752.650000
2025-05-16T06:34:00+00:00,122145.450000
2025-05-16T06:34:00+00:00,122134.350000
2025-05-16T07:34:00+00:00,120938.250000
2025-05-16T14:39:00+00:00,120933.810000
2025-05-16T17:34:00+00:00,119804.370000
2025-05-19T11:54:00+00:00,119796.230000
2025-05-19T13:39:00+00:00,120587.530000
2025-05-19T13:49:00+00:00,122173.090000
2025-05-19T13:49:00+00:00,122170.870000
2025-05-19T20:09:00+00:00,122914.150000
2025-05-20T08:24:00+00:00,122904.530000
2025-05-20T13:39:00+00:00,121666.410000
2025-05-20T13:49:00+00:00,121659.750000
2025-05-20T14:39:00+00:00,120478.590000
2025-05-21T00:14:00+00:00,120456.390000
2025-05-21T00:24:00+00:00,119414.190000
2025-05-21T02:39:00+00:00,119395.690000
2025-05-21T03:34:00+00:00,118214.690000
2025-05-21T12:09:00+00:00,118204.330000
2025-05-21T12:29:00+00:00,117052.970000
2025-05-21T13:49:00+00:00,117049.270000
2025-05-21T16:09:00+00:00,117679.290000
2025-05-21T17:19:00+00:00,117675.570000
2025-05-22T00:14:00+00:00,117667.430000
2025-05-22T08:39:00+00:00,118572.290000
2025-05-22T08:39:00+00:00,118556.750000
2025-05-22T10:19:00+00:00,118247.210000
2025-05-22T10:19:00+00:00,118230.930000
2025-05-22T11:09:00+00:00,119080.790000
2025-05-22T11:14:00+00:00,119067.150000
2025-05-22T11:19:00+00:00,119056.790000
2025-05-22T11:49:00+00:00,119886.360000
2025-05-22T11:59:00+00:00,121272.430000
2025-05-22T13:54:00+00:00,121269.470000
2025-05-22T20:09:00+00:00,120894.510000
2025-05-23T05:39:00+00:00,120883.410000
2025-05-23T06:19:00+00:00,121676.230000
2025-05-23T06:34:00+00:00,122186.310000
2025-05-23T06:34:00+00:00,122170.770000
2025-05-23T07:14:00+00:00,123010.870000
2025-05-23T07:24:00+00:00,124556.480000
2025-05-23T11:24:00+00:00,124549.080000
2025-05-23T11:44:00+00:00,125456.630000
2025-05-23T11:44:00+00:00,125450.430000
2025-05-23T13:34:00+00:00,125446.730000
2025-05-23T14:14:00+00:00,125443.770000
2025-05-23T20:09:00+00:00,125755.070000
2025-05-23T20:09:00+00:00,125510.110000
2025-05-26T13:39:00+00:00,125501.230000
2025-05-26T14:34:00+00:00,124322.350000
2025-05-26T14:34:00+00:00,124314.950000
2025-05-27T01:09:00+00:00,124300.150000
2025-05-27T01:49:00+00:00,124742.750000
2025-05-27T02:19:00+00:00,125485.350000
2025-05-27T03:44:00+00:00,126381.650000
2025-05-27T06:39:00+00:00,126375.450000
2025-05-27T09:24:00+00:00,126359.170000
2025-05-27T09:44:00+00:00,125110.890000
2025-05-27T13:59:00+00:00,125106.450000
2025-05-27T14:09:00+00:00,125102.750000
2025-05-27T16:39:00+00:00,126009.530000
2025-05-27T20:09:00+00:00,127063.310000
2025-05-27T20:09:00+00:00,128262.110000
2025-05-28T12:54:00+00:00,128244.350000
2025-05-28T13:39:00+00:00,126966.590000
2025-05-28T13:49:00+00:00,126961.410000
2025-05-28T19:54:00+00:00,127724.190000
2025-05-28T20:09:00+00:00,128447.230000
2025-05-29T08:34:00+00:00,128439.090000
2025-05-29T11:29:00+00:00,129294.140000
2025-05-29T12:09:00+00:00,131007.200000
2025-05-29T13:49:00+00:00,131004.980000
2025-05-29T20:09:00+00:00,131620.760000
2025-05-30T05:09:00+00:00,131605.220000
2025-05-30T05:44:00+00:00,132535.320000
2025-05-30T06:24:00+00:00,132521.680000
2025-05-30T13:49:00+00:00,132517.240000
2025-05-30T14:29:00+00:00,131312.800000
2025-06-02T07:29:00+00:00,131298.740000
2025-06-02T07:34:00+00:00,130002.180000
2025-06-02T14:04:00+00:00,129999.960000
2025-06-02T17:04:00+00:00,128934.240000
2025-06-03T02:44:00+00:00,128912.040000
2025-06-03T03:29:00+00:00,127659.840000
2025-06-03T06:29:00+00:00,127639.120000
2025-06-03T07:24:00+00:00,126344.400000
2025-06-03T14:04:00+00:00,126340.700000
2025-06-03T20:09:00+00:00,126902.000000
2025-06-04T00:19:00+00:00,126879.800000
2025-06-04T02:14:00+00:00,127802.450000
2025-06-04T06:04:00+00:00,127783.850000
2025-06-04T06:24:00+00:00,127763.870000
2025-06-04T07:59:00+00:00,126474.890000
2025-06-04T14:04:00+00:00,126470.450000
2025-06-04T18:04:00+00:00,125269.010000
2025-06-05T13:59:00+00:00,125265.310000
2025-06-05T14:44:00+00:00,124091.610000
2025-06-05T18:29:00+00:00,124086.430000
2025-06-05T19:14:00+00:00,122922.750000
2025-06-06T13:49:00+00:00,122918.310000
2025-06-06T14:29:00+00:00,121839.870000
2025-06-06T15:24:00+00:00,121833.950000
2025-06-06T18:19:00+00:00,120640.030000
2025-06-08T22:19:00+00:00,120635.590000
2025-06-09T11:09:00+00:00,120256.150000
2025-06-09T11:09:00+00:00,120239.130000
2025-06-09T13:39:00+00:00,119026.110000
2025-06-09T14:04:00+00:00,119011.310000
2025-06-09T14:09:00+00:00,118166.510000
2025-06-09T14:09:00+00:00,118160.590000
2025-06-09T20:09:00+00:00,117870.670000
2025-06-10T05:44:00+00:00,117864.750000
2025-06-10T07:44:00+00:00,116762.830000
2025-06-10T15:34:00+00:00,116759.130000
2025-06-10T16:04:00+00:00,115667.930000
2025-06-10T23:09:00+00:00,115655.350000
2025-06-10T23:14:00+00:00,114503.770000
2025-06-11T05:29:00+00:00,114489.710000
2025-06-11T07:49:00+00:00,113345.150000
2025-06-11T11:34:00+00:00,113330.350000
2025-06-11T12:04:00+00:00,114132.950000
2025-06-11T12:04:00+00:00,114120.550000
2025-06-11T13:49:00+00:00,114115.370000
2025-06-11T14:24:00+00:00,113102.190000
2025-06-12T12:44:00+00:00,113098.490000
2025-06-12T13:49:00+00:00,113092.570000
2025-06-12T20:09:00+00:00,114013.870000
2025-06-12T20:09:00+00:00,114731.950000
2025-06-13T14:29:00+00:00,114729.730000
2025-06-13T14:44:00+00:00,114243.010000
2025-06-13T14:44:00+00:00,114237.090000
2025-06-13T15:24:00+00:00,115008.130000
2025-06-13T18:19:00+00:00,115003.170000
2025-06-16T10:49:00+00:00,114993.550000
2025-06-16T11:49:00+00:00,113885.430000
2025-06-16T13:49:00+00:00,113880.990000
2025-06-16T20:09:00+00:00,114632.550000
2025-06-17T13:49:00+00:00,114623.670000
2025-06-17T14:04:00+00:00,113480.790000
2025-06-17T14:14:00+00:00,113476.350000
2025-06-17T16:59:00+00:00,112394.910000
2025-06-18T13:39:00+00:00,112388.990000
2025-06-18T13:49:00+00:00,111735.070000
2025-06-18T13:49:00+00:00,111729.890000
2025-06-18T13:54:00+00:00,111723.970000
2025-06-18T18:59:00+00:00,110647.790000
2025-06-18T18:59:00+00:00,109533.870000
2025-06-19T00:09:00+00:00,109524.990000
2025-06-19T00:19:00+00:00,110312.550000
2025-06-19T01:04:00+00:00,111628.110000
2025-06-19T03:09:00+00:00,111622.190000
2025-06-19T07:59:00+00:00,110512.270000
2025-06-19T11:14:00+00:00,110501.910000
2025-06-19T13:09:00+00:00,111299.980000
2025-06-19T13:49:00+00:00,112633.550000
2025-06-19T13:49:00+00:00,112629.850000
2025-06-19T22:04:00+00:00,111578.650000
2025-06-20T06:39:00+00:00,111561.630000
2025-06-20T08:09:00+00:00,110429.110000
2025-06-20T09:14:00+00:00,110414.310000
2025-06-20T11:44:00+00:00,111224.410000
2025-06-20T11:44:00+00:00,112579.510000
2025-06-20T13:59:00+00:00,112575.810000
2025-06-20T14:49:00+00:00,113249.330000
2025-06-20T17:34:00+00:00,113245.630000
2025-06-20T18:19:00+00:00,112211.930000
2025-06-20T20:09:00+00:00,113130.710000
2025-06-23T01:24:00+00:00,113121.830000
2025-06-23T02:34:00+00:00,112032.950000
2025-06-23T13:49:00+00:00,112030.730000
2025-06-23T16:39:00+00:00,111154.010000
2025-06-24T02:14:00+00:00,111136.250000
2025-06-24T05:34:00+00:00,110026.490000
2025-06-24T08:39:00+00:00,110021.310000
2025-06-24T11:34:00+00:00,110261.130000
2025-06-24T11:34:00+00:00,110247.070000
2025-06-24T12:34:00+00:00,109140.510000
2025-06-24T14:44:00+00:00,109135.330000
2025-06-24T20:09:00+00:00,110022.650000
2025-06-25T14:14:00+00:00,110017.470000
2025-06-25T17:39:00+00:00,110004.890000
2025-06-25T19:14:00+00:00,108921.310000
2025-06-25T20:09:00+00:00,109066.630000
2025-06-26T14:24:00+00:00,109061.450000
2025-06-26T15:34:00+00:00,109178.770000
2025-06-26T15:34:00+00:00,109158.050000
2025-06-26T15:44:00+00:00,108059.330000
2025-06-27T07:39:00+00:00,108041.570000
2025-06-27T11:04:00+00:00,106943.810000
2025-06-27T13:54:00+00:00,106937.150000
2025-06-27T18:19:00+00:00,105872.990000
2025-06-30T04:59:00+00:00,105850.790000
2025-06-30T05:44:00+00:00,105468.590000
2025-06-30T05:44:00+00:00,105448.610000
2025-06-30T07:04:00+00:00,104389.130000
2025-06-30T09:49:00+00:00,104366.930000
2025-06-30T10:19:00+00:00,103474.730000
2025-06-30T11:49:00+00:00,103456.230000
2025-06-30T12:24:00+00:00,102400.230000
2025-06-30T13:49:00+00:00,102395.790000
2025-06-30T19:24:00+00:00,101482.350000
2025-07-01T07:19:00+00:00,101466.070000
2025-07-01T12:14:00+00:00,102192.180000
2025-07-01T12:24:00+00:00,103407.790000
2025-07-01T12:39:00+00:00,103398.170000
2025-07-01T13:54:00+00:00,104091.230000
2025-07-01T13:54:00+00:00,104083.090000
2025-07-01T14:24:00+00:00,103095.950000
2025-07-01T14:29:00+00:00,103087.270000
2025-07-01T14:29:00+00:00,103075.430000
2025-07-01T14:39:00+00:00,103831.510000
2025-07-01T14:49:00+00:00,105095.590000
2025-07-02T02:34:00+00:00,105081.530000
2025-07-02T04:24:00+00:00,105810.620000
2025-07-02T08:29:00+00:00,105798.220000
2025-07-02T13:49:00+00:00,105791.560000
2025-07-02T14:34:00+00:00,106493.600000
2025-07-02T20:09:00+00:00,107739.900000
2025-07-03T06:04:00+00:00,107717.700000
2025-07-03T06:44:00+00:00,108246.600000
2025-07-03T07:39:00+00:00,109135.500000
2025-07-03T08:04:00+00:00,109113.300000
2025-07-03T08:59:00+00:00,109855.950000
2025-07-03T10:04:00+00:00,111101.100000
2025-07-03T12:39:00+00:00,111092.220000
2025-07-03T13:34:00+00:00,111866.280000
2025-07-03T13:54:00+00:00,111860.360000
2025-07-03T14:04:00+00:00,113153.420000
2025-07-03T15:44:00+00:00,113915.460000
2025-07-04T02:19:00+00:00,113910.500000
2025-07-04T05:49:00+00:00,113888.300000
2025-07-04T06:09:00+00:00,112921.100000
2025-07-04T13:54:00+00:00,112911.480000
2025-07-06T22:04:00+00:00,113667.540000
2025-07-07T01:09:00+00:00,113658.860000
2025-07-07T14:59:00+00:00,113653.680000
2025-07-07T20:09:00+00:00,114184.000000
2025-07-07T22:39:00+00:00,114168.460000
2025-07-08T00:29:00+00:00,114963.560000
2025-07-08T00:54:00+00:00,116426.670000
2025-07-08T07:09:00+00:00,116404.470000
2025-07-08T07:39:00+00:00,115497.270000
2025-07-08T13:59:00+00:00,115490.610000
2025-07-08T16:24:00+00:00,114363.450000
2025-07-09T05:24:00+00:00,114341.250000
2025-07-09T06:09:00+00:00,115117.650000
2025-07-09T06:49:00+00:00,115099.050000
2025-07-09T13:49:00+00:00,115095.350000
2025-07-09T14:39:00+00:00,114014.150000
2025-07-10T13:49:00+00:00,114010.450000
2025-07-10T13:54:00+00:00,114005.270000
2025-07-10T18:24:00+00:00,112992.090000
2025-07-10T20:09:00+00:00,112815.890000
2025-07-11T06:39:00+00:00,112795.170000
2025-07-11T07:14:00+00:00,113624.810000
2025-07-11T07:29:00+00:00,115014.450000
2025-07-11T13:54:00+00:00,115006.310000
2025-07-11T13:59:00+00:00,115001.870000
2025-07-11T14:39:00+00:00,115736.920000
2025-07-11T15:14:00+00:00,115729.480000
2025-07-11T20:09:00+00:00,115497.040000
2025-07-14T07:39:00+00:00,115477.800000
2025-07-14T07:54:00+00:00,116316.430000
2025-07-14T08:54:00+00:00,117720.560000
2025-07-14T12:39:00+00:00,117698.360000
2025-07-14T13:24:00+00:00,116761.160000
2025-07-14T14:59:00+00:00,116758.200000
2025-07-14T20:09:00+00:00,117041.240000
2025-07-15T12:39:00+00:00,117026.440000
2025-07-15T13:24:00+00:00,117889.040000
2025-07-15T13:34:00+00:00,117876.640000
2025-07-15T13:39:00+00:00,117867.020000
2025-07-15T14:19:00+00:00,116739.400000
2025-07-15T14:59:00+00:00,116736.440000
2025-07-15T20:09:00+00:00,117263.480000
2025-07-16T13:39:00+00:00,117256.820000
2025-07-16T13:49:00+00:00,117252.380000
2025-07-16T14:09:00+00:00,117957.420000
2025-07-16T15:14:00+00:00,117951.220000
2025-07-16T15:39:00+00:00,118777.000000
2025-07-16T15:49:00+00:00,119079.280000
2025-07-16T15:49:00+00:00,119074.100000
2025-07-16T17:09:00+00:00,119796.380000
2025-07-16T20:09:00+00:00,120713.420000
2025-07-17T11:14:00+00:00,120691.220000
2025-07-17T11:34:00+00:00,120084.020000
2025-07-17T12:19:00+00:00,120070.700000
2025-07-17T12:34:00+00:00,118905.380000
2025-07-17T13:49:00+00:00,118892.800000
2025-07-17T14:49:00+00:00,119720.880000
2025-07-17T15:09:00+00:00,121277.970000
2025-07-18T14:04:00+00:00,121271.310000
2025-07-18T20:09:00+00:00,121692.150000
2025-07-20T22:34:00+00:00,121675.130000
2025-07-21T01:09:00+00:00,122508.490000
2025-07-21T05:19:00+00:00,123261.610000
2025-07-21T05:19:00+00:00,123239.410000
2025-07-21T05:34:00+00:00,122707.210000
2025-07-21T13:49:00+00:00,122704.250000
2025-07-21T20:09:00+00:00,122477.290000
2025-07-21T22:09:00+00:00,122458.050000
2025-07-22T04:14:00+00:00,121229.810000
2025-07-22T13:39:00+00:00,121219.450000
2025-07-22T13:49:00+00:00,122096.270000
2025-07-22T13:49:00+00:00,122093.310000
2025-07-22T13:54:00+00:00,123558.130000
2025-07-22T20:09:00+00:00,123625.170000
2025-07-23T13:59:00+00:00,123620.730000
2025-07-23T15:54:00+00:00,122440.290000
2025-07-24T13:04:00+00:00,122426.230000
2025-07-24T13:34:00+00:00,123249.820000
2025-07-24T13:34:00+00:00,123237.420000
2025-07-24T14:09:00+00:00,123231.500000
2025-07-24T15:54:00+00:00,122105.580000
2025-07-24T16:09:00+00:00,122084.860000
2025-07-24T17:09:00+00:00,120860.140000
2025-07-25T08:34:00+00:00,120839.420000
2025-07-25T13:09:00+00:00,119628.700000
2025-07-25T13:49:00+00:00,119620.560000
2025-07-25T16:29:00+00:00,120411.860000
2025-07-25T20:09:00+00:00,120866.420000
2025-07-28T07:59:00+00:00,120844.220000
2025-07-28T08:14:00+00:00,119997.020000
2025-07-28T13:54:00+00:00,119986.660000
2025-07-28T15:19:00+00:00,118800.300000
2025-07-29T04:24:00+00:00,118778.100000
2025-07-29T05:49:00+00:00,118215.900000
2025-07-29T06:44:00+00:00,118193.700000
2025-07-29T07:44:00+00:00,118823.850000
2025-07-29T07:49:00+00:00,119881.500000
2025-07-29T13:49:00+00:00,119874.840000
2025-07-29T13:54:00+00:00,119866.700000
2025-07-29T15:19:00+00:00,120616.740000
2025-07-29T15:19:00+00:00,121415.540000
2025-07-29T15:44:00+00:00,123016.100000
2025-07-29T19:39:00+00:00,124581.150000
2025-07-30T05:29:00+00:00,124558.950000
2025-07-30T07:09:00+00:00,123666.750000
2025-07-30T08:29:00+00:00,123651.950000
2025-07-30T11:14:00+00:00,122447.150000
2025-07-30T14:24:00+00:00,122440.490000
2025-07-30T18:59:00+00:00,121263.830000
2025-07-31T04:34:00+00:00,121241.630000
2025-07-31T06:34:00+00:00,121826.780000
2025-07-31T06:59:00+00:00,121808.180000
2025-07-31T11:09:00+00:00,121788.940000
2025-07-31T11:44:00+00:00,120560.700000
2025-07-31T14:49:00+00:00,120557.740000
2025-07-31T17:59:00+00:00,121450.260000
2025-07-31T20:09:00+00:00,122513.780000
2025-08-01T11:19:00+00:00,122505.640000
2025-08-01T12:39:00+00:00,122822.000000
2025-08-01T12:39:00+00:00,122815.340000
2025-08-01T13:34:00+00:00,123613.380000
2025-08-01T13:44:00+00:00,125278.430000
2025-08-01T13:49:00+00:00,125276.950000
2025-08-01T20:09:00+00:00,125244.470000
2025-08-03T23:39:00+00:00,125231.150000
2025-08-04T00:04:00+00:00,123966.830000
2025-08-04T11:34:00+00:00,123950.550000
2025-08-04T12:09:00+00:00,122702.270000
2025-08-04T13:49:00+00:00,122699.310000
2025-08-04T19:34:00+00:00,123038.350000
2025-08-05T13:49:00+00:00,123033.170000
2025-08-05T14:19:00+00:00,121935.990000
2025-08-06T00:09:00+00:00,121921.930000
2025-08-06T01:44:00+00:00,122738.770000
2025-08-06T02:29:00+00:00,124256.370000
2025-08-06T07:29:00+00:00,124234.170000
2025-08-06T08:09:00+00:00,123071.970000
2025-08-06T11:09:00+00:00,123063.830000
2025-08-06T13:29:00+00:00,123011.690000
2025-08-06T13:29:00+00:00,122989.490000
2025-08-06T13:34:00+00:00,121977.290000
2025-08-06T13:54:00+00:00,121972.110000
2025-08-06T15:54:00+00:00,122703.390000
2025-08-06T18:39:00+00:00,124330.430000
2025-08-07T06:44:00+00:00,124308.230000
2025-08-07T07:14:00+00:00,123551.030000
2025-08-07T07:14:00+00:00,123535.490000
2025-08-07T07:34:00+00:00,122816.450000
2025-08-07T07:34:00+00:00,122800.170000
2025-08-07T07:59:00+00:00,121573.890000
2025-08-07T13:59:00+00:00,121567.970000
2025-08-07T14:14:00+00:00,120398.050000
2025-08-07T16:59:00+00:00,120392.870000
2025-08-07T17:39:00+00:00,119302.690000
2025-08-08T13:49:00+00:00,119298.250000
2025-08-08T15:54:00+00:00,119294.550000
2025-08-08T20:09:00+00:00,120601.110000
2025-08-08T20:09:00+00:00,121304.910000
2025-08-10T22:09:00+00:00,121291.590000
2025-08-11T02:09:00+00:00,120108.270000
2025-08-11T03:19:00+00:00,120097.170000
2025-08-11T05:54:00+00:00,118893.570000
2025-08-11T07:19:00+00:00,118871.370000
2025-08-11T07:39:00+00:00,119546.520000
2025-08-11T07:49:00+00:00,120679.170000
2025-08-11T13:59:00+00:00,120672.510000
2025-08-11T18:04:00+00:00,119509.350000
2025-08-12T04:44:00+00:00,119487.150000
2025-08-12T05:04:00+00:00,118609.950000
2025-08-12T13:49:00+00:00,118606.250000
2025-08-12T15:09:00+00:00,117517.550000
2025-08-13T13:59:00+00:00,117509.410000
2025-08-13T14:49:00+00:00,118274.460000
2025-08-13T16:54:00+00:00,119807.520000
2025-08-13T17:39:00+00:00,119796.420000
2025-08-13T18:14:00+00:00,118630.320000
2025-08-14T07:54:00+00:00,118608.120000
2025-08-14T08:34:00+00:00,117760.920000
2025-08-14T13:49:00+00:00,117756.480000
2025-08-14T15:54:00+00:00,117752.040000
2025-08-14T20:09:00+00:00,117195.600000
2025-08-14T20:09:00+00:00,116708.160000
2025-08-15T08:09:00+00:00,116685.960000
2025-08-15T08:34:00+00:00,115493.760000
2025-08-15T13:39:00+00:00,115484.880000
2025-08-15T13:49:00+00:00,116335.440000
2025-08-15T13:49:00+00:00,116328.000000
2025-08-15T13:49:00+00:00,116325.040000
2025-08-15T15:59:00+00:00,116284.080000
2025-08-15T15:59:00+00:00,116278.160000
2025-08-15T20:09:00+00:00,116356.240000
2025-08-17T23:54:00+00:00,116334.040000
2025-08-18T00:09:00+00:00,115366.840000
2025-08-18T06:09:00+00:00,115347.600000
2025-08-18T06:29:00+00:00,116186.230000
2025-08-18T06:44:00+00:00,117590.360000
2025-08-18T08:39:00+00:00,117580.740000
2025-08-18T09:29:00+00:00,116466.120000
2025-08-18T13:49:00+00:00,116456.500000
2025-08-18T13:54:00+00:00,116449.840000
2025-08-18T14:09:00+00:00,117018.720000
2025-08-18T14:09:00+00:00,116800.560000
2025-08-18T14:14:00+00:00,116790.200000
2025-08-18T14:49:00+00:00,115645.840000
2025-08-18T17:44:00+00:00,115634.740000
2025-08-18T18:59:00+00:00,114476.140000
2025-08-19T03:29:00+00:00,114453.940000
2025-08-19T03:39:00+00:00,113411.740000
2025-08-19T03:44:00+00:00,113396.200000
2025-08-19T05:14:00+00:00,113389.540000
2025-08-19T08:04:00+00:00,112229.500000
2025-08-19T08:04:00+00:00,111561.340000
2025-08-19T13:49:00+00:00,111558.380000
2025-08-19T17:04:00+00:00,112273.900000
2025-08-19T20:09:00+00:00,112948.420000
2025-08-20T06:44:00+00:00,112941.020000
2025-08-20T07:39:00+00:00,113238.620000
2025-08-20T07:39:00+00:00,113219.380000
2025-08-20T08:39:00+00:00,112394.140000
2025-08-20T08:39:00+00:00,112387.480000
2025-08-20T13:39:00+00:00,111354.820000
2025-08-20T13:49:00+00:00,111352.600000
2025-08-20T20:09:00+00:00,111017.380000
2025-08-21T10:29:00+00:00,111004.060000
2025-08-21T11:49:00+00:00,109874.740000
2025-08-21T13:59:00+00:00,109871.040000
2025-08-21T14:14:00+00:00,108839.840000
2025-08-21T23:39:00+00:00,108817.640000
2025-08-22T00:09:00+00:00,109414.040000
2025-08-22T00:14:00+00:00,110415.440000
2025-08-22T05:14:00+00:00,110402.860000
2025-08-22T06:34:00+00:00,111134.940000
2025-08-22T06:44:00+00:00,112512.030000
2025-08-22T06:59:00+00:00,112505.370000
2025-08-22T08:09:00+00:00,113186.410000
2025-08-22T11:19:00+00:00,114335.210000
2025-08-22T11:19:00+00:00,114313.010000
2025-08-22T12:24:00+00:00,113300.810000
2025-08-22T13:49:00+00:00,113297.850000
2025-08-22T14:04:00+00:00,114062.870000
2025-08-22T14:04:00+00:00,114060.390000
2025-08-24T23:54:00+00:00,114048.550000
2025-08-25T03:09:00+00:00,114876.630000
2025-08-25T09:34:00+00:00,116260.710000
2025-08-25T12:09:00+00:00,116241.470000
2025-08-25T13:04:00+00:00,115078.230000
2025-08-25T13:59:00+00:00,115073.050000
2025-08-25T14:09:00+00:00,115068.610000
2025-08-25T20:09:00+00:00,114933.930000
2025-08-25T20:09:00+00:00,114467.490000
2025-08-26T04:54:00+00:00,114445.290000
2025-08-26T05:09:00+00:00,115019.190000
2025-08-26T05:49:00+00:00,115983.090000
2025-08-26T12:59:00+00:00,115969.770000
2025-08-26T13:34:00+00:00,114813.450000
2025-08-26T13:49:00+00:00,114808.270000
2025-08-26T14:14:00+00:00,113763.590000
2025-08-27T06:04:00+00:00,113741.390000
2025-08-27T06:29:00+00:00,114259.040000
2025-08-27T07:19:00+00:00,114240.440000
2025-08-27T12:39:00+00:00,114228.600000
2025-08-27T13:44:00+00:00,115074.680000
2025-08-27T13:49:00+00:00,116488.760000
2025-08-27T13:49:00+00:00,116482.840000
2025-08-27T14:14:00+00:00,115420.920000
2025-08-28T13:54:00+00:00,115417.960000
2025-08-28T15:19:00+00:00,114401.000000
2025-08-28T15:34:00+00:00,114396.560000
2025-08-28T19:04:00+00:00,113405.120000
2025-08-29T13:49:00+00:00,113402.160000
2025-08-29T20:09:00+00:00,114051.200000
2025-09-01T04:54:00+00:00,114036.400000
2025-09-01T06:04:00+00:00,112881.600000
2025-09-01T13:49:00+00:00,112872.720000
2025-09-01T23:24:00+00:00,111801.840000
2025-09-02T07:19:00+00:00,111794.440000
2025-09-02T07:49:00+00:00,112615.740000
2025-09-02T10:29:00+00:00,113987.040000
2025-09-02T13:44:00+00:00,113982.600000
2025-09-02T13:49:00+00:00,113980.380000
2025-09-02T14:04:00+00:00,114745.410000
2025-09-02T14:49:00+00:00,114741.690000
2025-09-02T20:09:00+00:00,115729.470000
2025-09-03T05:19:00+00:00,115715.410000
2025-09-03T07:54:00+00:00,116505.250000
2025-09-03T08:14:00+00:00,117972.850000
2025-09-03T14:19:00+00:00,117966.930000
2025-09-03T17:49:00+00:00,116817.010000
2025-09-04T05:29:00+00:00,116799.250000
2025-09-04T07:09:00+00:00,116109.490000
2025-09-04T07:09:00+00:00,116090.990000
2025-09-04T10:04:00+00:00,116901.110000
2025-09-04T11:54:00+00:00,116884.990000
2025-09-04T12:24:00+00:00,116870.930000
2025-09-04T13:34:00+00:00,115735.870000
2025-09-04T13:39:00+00:00,115728.470000
2025-09-04T14:04:00+00:00,114616.070000
2025-09-04T14:04:00+00:00,114613.110000
2025-09-04T15:24:00+00:00,113684.150000
2025-09-05T11:39:00+00:00,113661.950000
2025-09-05T12:34:00+00:00,114258.350000
2025-09-05T12:34:00+00:00,114239.750000
2025-09-05T14:09:00+00:00,114236.050000
2025-09-05T14:29:00+00:00,114870.570000
2025-09-05T15:04:00+00:00,116458.350000
2025-09-08T12:39:00+00:00,116436.150000
2025-09-08T13:24:00+00:00,117257.550000
2025-09-08T13:34:00+00:00,118633.950000
2025-09-08T13:54:00+00:00,118629.510000
2025-09-08T17:54:00+00:00,117503.070000
2025-09-09T07:49:00+00:00,117480.870000
2025-09-09T11:19:00+00:00,118246.020000
2025-09-09T11:39:00+00:00,118819.920000
2025-09-09T11:39:00+00:00,118797.720000
2025-09-09T13:04:00+00:00,117575.520000
2025-09-09T13:54:00+00:00,117567.380000
2025-09-09T14:44:00+00:00,118321.180000
2025-09-09T15:54:00+00:00,118313.740000
2025-09-10T12:39:00+00:00,118305.600000
2025-09-10T13:34:00+00:00,117191.960000
2025-09-10T13:54:00+00:00,117187.520000
2025-09-10T19:24:00+00:00,117948.050000
2025-09-10T20:09:00+00:00,118164.830000
2025-09-11T13:44:00+00:00,118154.470000
2025-09-11T13:49:00+00:00,117031.110000
2025-09-11T14:34:00+00:00,117026.670000
2025-09-11T20:09:00+00:00,117283.230000
2025-09-12T14:24:00+00:00,117277.310000
2025-09-12T20:09:00+00:00,117859.390000
2025-09-15T03:34:00+00:00,117837.190000
2025-09-15T04:34:00+00:00,117169.990000
2025-09-15T13:49:00+00:00,117162.590000
2025-09-15T19:59:00+00:00,117995.140000
2025-09-15T20:09:00+00:00,118663.940000
2025-09-16T04:29:00+00:00,118650.620000
2025-09-16T08:09:00+00:00,119487.710000
2025-09-16T13:34:00+00:00,119476.550000
2025-09-16T13:54:00+00:00,119469.890000
2025-09-16T20:09:00+00:00,119454.230000
2025-09-17T13:44:00+00:00,119445.350000
2025-09-17T14:09:00+00:00,119440.170000
2025-09-17T15:44:00+00:00,120304.230000
2025-09-17T18:04:00+00:00,120296.790000
2025-09-17T18:14:00+00:00,120969.570000
2025-09-17T18:49:00+00:00,122466.610000
2025-09-18T12:39:00+00:00,122448.850000
2025-09-18T12:59:00+00:00,123348.970000
2025-09-18T13:04:00+00:00,124855.090000
2025-09-18T14:04:00+00:00,124850.650000
2025-09-18T20:09:00+00:00,124705.210000
2025-09-19T09:59:00+00:00,124683.010000
2025-09-19T10:19:00+00:00,123595.810000
2025-09-19T13:49:00+00:00,123587.670000
2025-09-19T14:49:00+00:00,122347.530000
2025-09-22T09:24:00+00:00,122333.470000
2025-09-22T13:34:00+00:00,123184.060000
2025-09-22T13:49:00+00:00,124764.160000
2025-09-22T13:49:00+00:00,124753.800000
2025-09-22T14:49:00+00:00,125656.870000
2025-09-22T16:19:00+00:00,127165.440000
2025-09-23T07:14:00+00:00,127146.940000
2025-09-23T08:09:00+00:00,125865.940000
2025-09-23T13:59:00+00:00,125859.280000
2025-09-23T17:39:00+00:00,126693.320000
2025-09-23T20:09:00+00:00,127662.120000
2025-09-24T00:29:00+00:00,127644.360000
2025-09-24T05:39:00+00:00,128010.600000
2025-09-24T05:39:00+00:00,127988.400000
2025-09-24T05:49:00+00:00,127546.200000
2025-09-24T13:49:00+00:00,127541.760000
2025-09-24T16:09:00+00:00,128385.540000
2025-09-24T20:09:00+00:00,128714.820000
2025-09-25T07:34:00+00:00,128701.500000
2025-09-25T09:49:00+00:00,127401.180000
2025-09-25T13:39:00+00:00,127397.480000
2025-09-25T14:19:00+00:00,126146.280000
2025-09-25T14:19:00+00:00,126144.060000
2025-09-25T20:09:00+00:00,126230.340000
2025-09-26T04:14:00+00:00,126212.580000
2025-09-26T06:09:00+00:00,127139.700000
2025-09-26T06:24:00+00:00,128690.820000
2025-09-26T10:14:00+00:00,128683.420000
2025-09-26T12:34:00+00:00,127396.020000
2025-09-26T14:24:00+00:00,127393.060000
2025-09-26T14:44:00+00:00,126940.100000
2025-09-26T14:44:00+00:00,126933.440000
2025-09-26T14:54:00+00:00,125729.780000
2025-09-29T10:39:00+00:00,125707.580000
2025-09-29T11:14:00+00:00,126371.480000
2025-09-29T12:24:00+00:00,126352.880000
2025-09-29T13:49:00+00:00,126344.000000
2025-09-29T15:14:00+00:00,125087.120000
2025-09-29T23:59:00+00:00,125064.920000
2025-09-30T00:04:00+00:00,125503.820000
2025-09-30T00:04:00+00:00,125485.220000
2025-09-30T07:59:00+00:00,125465.980000
2025-09-30T08:04:00+00:00,124211.740000
2025-09-30T13:54:00+00:00,124207.300000
2025-09-30T14:49:00+00:00,123035.860000
2025-10-01T13:49:00+00:00,123032.160000
2025-10-01T13:54:00+00:00,123024.760000
2025-10-01T14:19:00+00:00,121973.560000
2025-10-01T14:19:00+00:00,120766.160000
2025-10-02T04:29:00+00:00,120746.180000
2025-10-02T07:14:00+00:00,119511.200000
2025-10-02T13:49:00+00:00,119508.240000
2025-10-02T15:59:00+00:00,119113.280000
2025-10-02T15:59:00+00:00,119106.620000
2025-10-02T20:09:00+00:00,119900.960000
2025-10-03T11:49:00+00:00,119878.760000
2025-10-03T11:54:00+00:00,118701.560000
2025-10-03T13:59:00+00:00,118694.900000
2025-10-03T17:34:00+00:00,119408.940000
2025-10-03T17:54:00+00:00,120898.990000
2025-10-06T04:09:00+00:00,120876.790000
2025-10-06T04:34:00+00:00,119699.590000
2025-10-06T07:59:00+00:00,119688.490000
2025-10-06T09:44:00+00:00,120497.060000
2025-10-06T10:54:00+00:00,122041.140000
2025-10-06T17:24:00+00:00,122037.440000
2025-10-06T20:09:00+00:00,121603.740000
2025-10-07T08:09:00+00:00,121590.420000
2025-10-07T08:44:00+00:00,121478.100000
2025-10-07T08:44:00+00:00,121455.900000
2025-10-07T09:09:00+00:00,122176.050000
2025-10-07T10:34:00+00:00,123383.700000
2025-10-07T10:49:00+00:00,123361.500000
2025-10-07T11:54:00+00:00,122649.300000
2025-10-07T14:29:00+00:00,122640.420000
2025-10-07T15:09:00+00:00,123535.980000
2025-10-07T15:09:00+00:00,125031.540000
2025-10-08T11:24:00+00:00,125010.820000
2025-10-08T12:19:00+00:00,125913.960000
2025-10-08T13:14:00+00:00,125896.600000
2025-10-08T13:49:00+00:00,125891.420000
2025-10-08T18:14:00+00:00,126676.700000
2025-10-08T20:09:00+00:00,128029.740000
2025-10-09T11:49:00+00:00,128007.540000
2025-10-09T13:34:00+00:00,128851.440000
2025-10-09T13:34:00+00:00,128832.840000
2025-10-09T14:29:00+00:00,128827.660000
2025-10-09T20:09:00+00:00,128220.480000
2025-10-10T07:09:00+00:00,128204.200000
2025-10-10T09:49:00+00:00,126944.920000
2025-10-10T14:59:00+00:00,126942.700000
2025-10-10T15:04:00+00:00,126939.000000
2025-10-10T15:19:00+00:00,127485.010000
2025-10-10T15:24:00+00:00,128217.030000
2025-10-10T15:34:00+00:00,130038.050000
2025-10-10T15:34:00+00:00,131869.580000
2025-10-12T22:09:00+00:00,131868.100000
2025-10-13T06:39:00+00:00,131857.740000
2025-10-13T07:19:00+00:00,132813.310000
2025-10-13T10:19:00+00:00,132804.630000
2025-10-13T10:49:00+00:00,133415.150000
2025-10-13T10:49:00+00:00,133405.530000
2025-10-13T11:09:00+00:00,134269.590000
2025-10-13T13:04:00+00:00,134260.910000
2025-10-13T13:59:00+00:00,134257.950000
2025-10-13T20:09:00+00:00,134486.990000
2025-10-14T00:09:00+00:00,134464.790000
2025-10-14T00:19:00+00:00,135274.940000
2025-10-14T00:24:00+00:00,136632.590000
2025-10-14T13:09:00+00:00,136629.630000
2025-10-14T13:39:00+00:00,135462.670000
2025-10-14T14:24:00+00:00,135461.190000
2025-10-14T20:09:00+00:00,135526.710000
2025-10-15T07:29:00+00:00,135507.470000
2025-10-15T08:04:00+00:00,134149.230000
2025-10-15T08:09:00+00:00,134138.130000
2025-10-15T09:14:00+00:00,135020.200000
2025-10-15T13:44:00+00:00,135010.280000
2025-10-15T13:49:00+00:00,135005.100000
2025-10-15T13:59:00+00:00,133774.920000
2025-10-16T08:34:00+00:00,133760.120000
2025-10-16T09:54:00+00:00,132965.320000
2025-10-16T09:54:00+00:00,132957.180000
2025-10-16T13:34:00+00:00,133966.540000
2025-10-16T13:34:00+00:00,133958.400000
2025-10-16T14:34:00+00:00,133504.760000
2025-10-16T14:34:00+00:00,133498.100000
2025-10-16T15:29:00+00:00,132199.940000
2025-10-17T05:59:00+00:00,132185.880000
2025-10-17T06:39:00+00:00,130841.820000
2025-10-17T13:54:00+00:00,130839.600000
2025-10-17T20:09:00+00:00,131797.380000
2025-10-20T04:44:00+00:00,131775.180000
2025-10-20T05:24:00+00:00,130672.980000
2025-10-20T06:29:00+00:00,130653.740000
2025-10-20T07:39:00+00:00,131599.620000
2025-10-20T08:04:00+00:00,131583.500000
2025-10-20T10:49:00+00:00,131574.620000
2025-10-20T12:49:00+00:00,130317.740000
2025-10-20T13:54:00+00:00,130314.040000
2025-10-20T20:04:00+00:00,131072.840000
2025-10-21T13:34:00+00:00,131062.480000
2025-10-21T13:44:00+00:00,129813.120000
2025-10-21T14:04:00+00:00,129807.200000
2025-10-21T15:49:00+00:00,128533.280000
2025-10-22T07:09:00+00:00,128523.660000
2025-10-22T09:29:00+00:00,129294.040000
2025-10-22T09:29:00+00:00,129274.800000
2025-10-22T10:44:00+00:00,130230.430000
2025-10-22T11:09:00+00:00,130214.310000
2025-10-22T13:39:00+00:00,130192.110000
2025-10-22T13:44:00+00:00,128864.910000
2025-10-22T13:54:00+00:00,128861.210000
2025-10-22T14:29:00+00:00,127775.010000
2025-10-23T00:24:00+00:00,127767.610000
2025-10-23T03:34:00+00:00,129110.210000
2025-10-23T03:34:00+00:00,129088.010000
2025-10-23T03:44:00+00:00,129673.160000
2025-10-23T04:04:00+00:00,129654.560000
2025-10-23T04:29:00+00:00,129632.360000
2025-10-23T05:24:00+00:00,128440.160000
2025-10-23T13:49:00+00:00,128437.200000
2025-10-23T20:09:00+00:00,129484.240000
2025-10-24T07:54:00+00:00,129470.920000
2025-10-24T08:49:00+00:00,128170.600000
2025-10-24T14:09:00+00:00,128166.160000
2025-10-24T20:09:00+00:00,127927.720000
2025-10-27T14:04:00+00:00,127921.060000
2025-10-27T19:54:00+00:00,128758.100000
2025-10-27T20:09:00+00:00,129744.400000
2025-10-28T13:54:00+00:00,129737.000000
2025-10-28T16:29:00+00:00,128514.600000
2025-10-29T08:19:00+00:00,128492.400000
2025-10-29T08:39:00+00:00,129235.050000
2025-10-29T08:59:00+00:00,130480.200000
2025-10-29T12:54:00+00:00,130458.000000
2025-10-29T13:34:00+00:00,131054.400000
2025-10-29T13:39:00+00:00,131035.800000
2025-10-29T13:59:00+00:00,131028.400000
2025-10-29T14:54:00+00:00,129736.000000
2025-10-29T18:44:00+00:00,129730.820000
2025-10-29T18:54:00+00:00,128430.640000
2025-10-30T04:09:00+00:00,128420.280000
2025-10-30T04:14:00+00:00,129360.100000
2025-10-30T04:14:00+00:00,130929.920000
2025-10-30T07:19:00+00:00,130920.300000
2025-10-30T09:24:00+00:00,129604.180000
2025-10-30T13:54:00+00:00,129601.960000
2025-10-30T19:19:00+00:00,128455.240000
2025-10-31T04:29:00+00:00,128433.040000
2025-10-31T05:54:00+00:00,129344.440000
2025-10-31T07:09:00+00:00,130870.840000
2025-10-31T14:04:00+00:00,130867.880000
2025-10-31T20:09:00+00:00,131460.920000
2025-11-03T05:34:00+00:00,131443.900000
2025-11-03T06:24:00+00:00,130104.380000
2025-11-03T11:04:00+00:00,130082.920000
2025-11-03T12:14:00+00:00,128756.460000
2025-11-03T14:49:00+00:00,128752.760000
2025-11-03T21:09:00+00:00,128824.060000
2025-11-04T12:24:00+00:00,128820.360000
2025-11-04T14:39:00+00:00,128089.160000
2025-11-04T14:39:00+00:00,128083.980000
2025-11-04T14:44:00+00:00,126825.800000
2025-11-04T14:54:00+00:00,126823.580000
2025-11-04T17:19:00+00:00,125684.360000
2025-11-05T05:14:00+00:00,125682.140000
2025-11-05T14:49:00+00:00,125678.440000
2025-11-05T16:44:00+00:00,126159.950000
2025-11-05T17:29:00+00:00,126881.470000
2025-11-05T21:09:00+00:00,127694.990000
2025-11-05T21:09:00+00:00,128412.770000
2025-11-06T03:59:00+00:00,128394.270000
2025-11-06T06:29:00+00:00,129276.390000
2025-11-06T07:39:00+00:00,130875.520000
2025-11-06T07:39:00+00:00,130865.160000
2025-11-06T09:09:00+00:00,129608.800000
2025-11-06T14:54:00+00:00,129605.840000
2025-11-06T15:39:00+00:00,130391.860000
2025-11-06T16:44:00+00:00,131702.880000
2025-11-07T04:24:00+00:00,131694.000000
2025-11-07T05:59:00+00:00,132666.060000
2025-11-07T08:54:00+00:00,132654.960000
2025-11-07T09:34:00+00:00,131338.860000
2025-11-07T09:44:00+00:00,131331.420000
2025-11-07T15:39:00+00:00,131329.940000
2025-11-07T19:59:00+00:00,130450.460000
2025-11-10T00:09:00+00:00,130443.800000
2025-11-10T01:14:00+00:00,129217.640000
2025-11-10T08:29:00+00:00,129196.920000
2025-11-10T08:59:00+00:00,130152.560000
2025-11-10T09:19:00+00:00,131752.200000
2025-11-10T15:04:00+00:00,131748.500000
2025-11-10T15:59:00+00:00,130592.300000
2025-11-11T08:29:00+00:00,130583.420000
2025-11-11T13:14:00+00:00,130988.540000
2025-11-11T13:14:00+00:00,130975.960000
2025-11-11T13:29:00+00:00,129662.880000
2025-11-11T14:49:00+00:00,129655.480000
2025-11-11T15:59:00+00:00,130596.780000
2025-11-11T16:24:00+00:00,130590.580000
2025-11-11T16:34:00+00:00,130586.140000
2025-11-11T17:59:00+00:00,129291.700000
2025-11-12T08:24:00+00:00,129282.080000
2025-11-12T11:34:00+00:00,128037.460000
2025-11-12T14:49:00+00:00,128035.240000
2025-11-12T21:09:00+00:00,127640.020000
2025-11-13T15:49:00+00:00,127638.540000
2025-11-13T21:09:00+00:00,127990.060000
2025-11-14T05:29:00+00:00,127984.140000
2025-11-14T07:14:00+00:00,126758.220000
2025-11-14T07:24:00+00:00,126756.000000
2025-11-14T08:59:00+00:00,126569.280000
2025-11-14T08:59:00+00:00,126559.660000
2025-11-14T09:49:00+00:00,125308.540000
2025-11-14T14:49:00+00:00,125307.060000
2025-11-14T21:09:00+00:00,126165.580000
2025-11-17T14:04:00+00:00,126155.960000
2025-11-17T14:29:00+00:00,124950.340000
2025-11-17T14:49:00+00:00,124948.860000
2025-11-17T16:19:00+00:00,123892.380000
2025-11-18T07:29:00+00:00,123882.760000
2025-11-18T08:04:00+00:00,124701.820000
2025-11-18T08:34:00+00:00,126297.890000
2025-11-18T09:29:00+00:00,126289.750000
2025-11-18T12:14:00+00:00,127077.300000
2025-11-18T12:59:00+00:00,128655.360000
2025-11-18T13:09:00+00:00,128647.960000
2025-11-18T14:34:00+00:00,127390.560000
2025-11-18T14:49:00+00:00,127388.340000
2025-11-18T21:09:00+00:00,127780.620000
2025-11-19T03:24:00+00:00,127771.000000
2025-11-19T04:14:00+00:00,128644.060000
2025-11-19T05:44:00+00:00,130345.130000
2025-11-19T05:59:00+00:00,130337.730000
2025-11-19T07:14:00+00:00,131237.780000
2025-11-19T08:44:00+00:00,132026.580000
2025-11-19T08:44:00+00:00,132012.520000
2025-11-19T09:19:00+00:00,131323.960000
2025-11-19T09:19:00+00:00,131319.520000
2025-11-19T14:49:00+00:00,131317.300000
2025-11-19T14:54:00+00:00,132203.830000
2025-11-19T14:59:00+00:00,133682.860000
2025-11-19T17:34:00+00:00,132500.140000
2025-11-20T10:24:00+00:00,132484.600000
2025-11-20T10:49:00+00:00,133399.700000
2025-11-20T11:29:00+00:00,133386.060000
2025-11-20T11:54:00+00:00,133373.480000
2025-11-20T12:19:00+00:00,132060.400000
2025-11-20T14:59:00+00:00,132056.700000
2025-11-20T16:04:00+00:00,130768.000000
2025-11-21T08:14:00+00:00,130762.820000
2025-11-21T09:44:00+00:00,129511.640000
2025-11-21T14:54:00+00:00,129507.940000
2025-11-21T15:04:00+00:00,128226.740000
2025-11-24T08:09:00+00:00,128217.860000
2025-11-24T08:19:00+00:00,126990.980000
2025-11-24T15:04:00+00:00,126989.500000
2025-11-24T20:09:00+00:00,126981.360000
2025-11-24T21:09:00+00:00,127887.880000
2025-11-24T21:09:00+00:00,128325.240000
2025-11-25T12:09:00+00:00,128319.320000
2025-11-25T14:34:00+00:00,127069.400000
2025-11-25T14:49:00+00:00,127067.920000
2025-11-25T16:24:00+00:00,126071.440000
2025-11-26T14:59:00+00:00,126067.000000
2025-11-26T15:59:00+00:00,124823.560000
2025-11-27T01:14:00+00:00,124801.360000
2025-11-27T01:59:00+00:00,123699.160000
2025-11-27T07:54:00+00:00,123684.360000
2025-11-27T08:14:00+00:00,123269.560000
2025-11-27T08:14:00+00:00,123256.240000
2025-11-27T23:09:00+00:00,122864.920000
2025-11-27T23:09:00+00:00,122851.600000
2025-11-28T13:34:00+00:00,123749.440000
2025-11-28T14:39:00+00:00,125250.280000
2025-11-28T16:09:00+00:00,125245.840000
2025-12-01T00:49:00+00:00,123993.400000
2025-12-01T11:19:00+00:00,123981.560000
2025-12-01T12:14:00+00:00,122777.720000
2025-12-01T14:54:00+00:00,122774.760000
2025-12-01T19:09:00+00:00,123575.800000
2025-12-01T19:09:00+00:00,123554.340000
2025-12-01T19:24:00+00:00,124425.980000
2025-12-01T19:29:00+00:00,125989.880000
2025-12-01T23:29:00+00:00,125979.520000
2025-12-02T03:29:00+00:00,124751.160000
2025-12-02T15:04:00+00:00,124748.940000
2025-12-02T15:49:00+00:00,124745.980000
2025-12-02T16:24:00+00:00,123761.260000
2025-12-02T16:24:00+00:00,122656.300000
2025-12-03T00:29:00+00:00,122642.980000
2025-12-03T00:49:00+00:00,121405.660000
2025-12-03T00:54:00+00:00,121394.560000
2025-12-03T13:24:00+00:00,122365.960000
2025-12-03T13:24:00+00:00,122349.680000
2025-12-03T14:04:00+00:00,123249.040000
2025-12-03T14:04:00+00:00,124753.400000
2025-12-03T15:04:00+00:00,124749.700000
2025-12-03T21:09:00+00:00,125526.000000
2025-12-04T01:14:00+00:00,125508.980000
2025-12-04T02:14:00+00:00,124226.960000
2025-12-04T05:24:00+00:00,124210.680000
2025-12-04T07:09:00+00:00,122984.400000
2025-12-04T16:04:00+00:00,122982.180000
2025-12-04T21:09:00+00:00,122373.960000
2025-12-05T08:34:00+00:00,122351.760000
2025-12-05T09:14:00+00:00,123218.160000
2025-12-05T12:24:00+00:00,124669.560000
2025-12-05T14:54:00+00:00,124665.860000
2025-12-05T16:34:00+00:00,123444.660000
2025-12-08T06:14:00+00:00,123423.940000
2025-12-08T06:49:00+00:00,122997.220000
2025-12-08T06:49:00+00:00,122975.020000
2025-12-08T07:04:00+00:00,123560.170000
2025-12-08T07:19:00+00:00,123541.570000
2025-12-08T07:24:00+00:00,123524.550000
2025-12-08T08:29:00+00:00,122277.030000
2025-12-08T13:39:00+00:00,122266.670000
2025-12-08T13:49:00+00:00,121906.310000
2025-12-08T13:49:00+00:00,121894.470000
2025-12-08T14:49:00+00:00,120658.630000
2025-12-08T14:49:00+00:00,120654.930000
2025-12-08T17:04:00+00:00,121266.950000
2025-12-08T21:09:00+00:00,121824.230000
2025-12-09T01:09:00+00:00,121805.730000
2025-12-09T02:14:00+00:00,122642.850000
2025-12-09T06:04:00+00:00,124160.730000
2025-12-09T15:29:00+00:00,124156.290000
2025-12-09T21:09:00+00:00,124478.850000
2025-12-10T00:14:00+00:00,124456.650000
2025-12-10T00:19:00+00:00,123774.450000
2025-12-10T00:24:00+00:00,123765.570000
2025-12-10T07:24:00+00:00,122544.690000
2025-12-10T10:29:00+00:00,122538.030000
2025-12-10T13:24:00+00:00,121406.370000
2025-12-10T15:54:00+00:00,121398.970000
2025-12-10T15:59:00+00:00,121266.570000
2025-12-10T15:59:00+00:00,121262.130000
2025-12-10T17:54:00+00:00,120090.690000
2025-12-11T06:44:00+00:00,120074.410000
2025-12-11T07:09:00+00:00,118859.130000
2025-12-11T13:39:00+00:00,118850.250000
2025-12-11T14:34:00+00:00,119687.310000
2025-12-11T14:34:00+00:00,119679.870000
2025-12-11T14:49:00+00:00,119677.650000
2025-12-11T15:14:00+00:00,119258.430000
2025-12-11T15:14:00+00:00,119253.990000
2025-12-11T15:54:00+00:00,118094.550000
2025-12-11T16:59:00+00:00,118091.590000
2025-12-11T17:39:00+00:00,116966.630000
2025-12-12T06:39:00+00:00,116946.650000
2025-12-12T08:04:00+00:00,117756.030000
2025-12-12T09:09:00+00:00,119215.670000
2025-12-12T14:49:00+00:00,119211.970000
2025-12-12T15:29:00+00:00,119883.990000
2025-12-12T15:59:00+00:00,121565.520000
2025-12-15T04:34:00+00:00,121544.060000
2025-12-15T07:14:00+00:00,121856.100000
2025-12-15T07:14:00+00:00,121833.900000
2025-12-15T08:44:00+00:00,120581.700000
2025-12-15T14:54:00+00:00,120578.740000
2025-12-15T15:29:00+00:00,121480.260000
2025-12-15T16:29:00+00:00,121477.780000
2025-12-16T03:54:00+00:00,121468.900000
2025-12-16T05:59:00+00:00,120266.020000
2025-12-16T08:09:00+00:00,120259.360000
2025-12-16T10:39:00+00:00,121039.400000
2025-12-16T12:14:00+00:00,122666.950000
2025-12-16T13:59:00+00:00,122663.990000
2025-12-16T14:54:00+00:00,121579.030000
2025-12-16T14:59:00+00:00,121576.810000
2025-12-16T15:29:00+00:00,120496.090000
2025-12-17T13:04:00+00:00,120473.890000
2025-12-17T13:14:00+00:00,121137.790000
2025-12-17T13:14:00+00:00,122251.690000
2025-12-17T14:54:00+00:00,122249.470000
2025-12-17T15:59:00+00:00,122730.230000
2025-12-17T21:09:00+00:00,123971.750000
2025-12-18T07:04:00+00:00,123953.990000
2025-12-18T07:24:00+00:00,124854.110000
2025-12-18T08:34:00+00:00,125751.230000
2025-12-18T08:34:00+00:00,125729.030000
2025-12-18T08:44:00+00:00,124671.830000
2025-12-18T14:59:00+00:00,124669.610000
2025-12-18T15:34:00+00:00,124667.390000
2025-12-18T17:14:00+00:00,124398.170000
2025-12-18T17:14:00+00:00,123608.450000
2025-12-18T17:19:00+00:00,123603.270000
2025-12-18T17:44:00+00:00,122506.090000
2025-12-19T01:44:00+00:00,122488.330000
2025-12-19T01:54:00+00:00,123370.450000
2025-12-19T03:29:00+00:00,124846.570000
2025-12-19T10:19:00+00:00,124839.170000
2025-12-19T11:14:00+00:00,123676.770000
2025-12-19T14:59:00+00:00,123674.550000
2025-12-19T21:09:00+00:00,123826.830000
2025-12-22T12:09:00+00:00,123804.630000
2025-12-22T12:39:00+00:00,124389.780000
2025-12-22T13:24:00+00:00,125372.430000
2025-12-22T13:44:00+00:00,125352.450000
2025-12-22T14:04:00+00:00,124076.970000
2025-12-22T15:39:00+00:00,124074.010000
2025-12-22T21:09:00+00:00,123635.050000
2025-12-23T07:39:00+00:00,123622.470000
2025-12-23T08:24:00+00:00,122428.390000
2025-12-23T15:04:00+00:00,122423.950000
2025-12-23T15:59:00+00:00,121213.510000
2025-12-24T13:14:00+00:00,121191.310000
2025-12-24T13:34:00+00:00,120119.110000
2025-12-24T15:14:00+00:00,120109.490000
2025-12-25T23:14:00+00:00,120901.550000
2025-12-26T09:24:00+00:00,121351.370000
2025-12-26T09:24:00+00:00,121329.170000
2025-12-26T09:59:00+00:00,120361.970000
2025-12-26T15:04:00+00:00,120356.050000
2025-12-26T17:34:00+00:00,120174.130000
2025-12-26T17:34:00+00:00,120163.770000
2025-12-26T21:09:00+00:00,119922.410000
2025-12-29T03:39:00+00:00,119900.210000
2025-12-29T05:04:00+00:00,118693.010000
2025-12-29T06:39:00+00:00,118684.130000
2025-12-29T08:39:00+00:00,119521.190000
2025-12-29T13:49:00+00:00,120919.250000
2025-12-29T17:29:00+00:00,120917.030000
2025-12-29T21:09:00+00:00,120437.810000
2025-12-30T05:54:00+00:00,120422.270000
2025-12-30T06:29:00+00:00,119209.730000
2025-12-30T13:44:00+00:00,119200.850000
2025-12-30T14:39:00+00:00,119545.970000
2025-12-30T14:39:00+00:00,119531.170000
2025-12-30T14:49:00+00:00,120378.770000
2025-12-30T14:49:00+00:00,120366.370000
2025-12-30T14:49:00+00:00,120358.970000
2025-12-30T15:19:00+00:00,119541.570000
2025-12-30T15:19:00+00:00,119535.650000
2025-12-30T16:19:00+00:00,118377.730000
2025-12-31T05:44:00+00:00,118355.530000
2025-12-31T06:19:00+00:00,119131.930000
2025-12-31T07:34:00+00:00,119405.830000
2025-12-31T07:34:00+00:00,119383.630000
2025-12-31T08:14:00+00:00,118446.430000
2025-12-31T14:49:00+00:00,118441.990000
2025-12-31T17:14:00+00:00,118432.370000
2025-12-31T18:44:00+00:00,117246.250000
2025-12-31T20:29:00+00:00,118033.780000
2025-12-31T21:09:00+00:00,118967.560000
2026-01-02T11:24:00+00:00,118948.320000
2026-01-02T12:14:00+00:00,119806.450000
2026-01-02T14:24:00+00:00,121243.080000
2026-01-02T14:49:00+00:00,121239.380000
2026-01-02T15:14:00+00:00,120068.180000
2026-01-05T05:14:00+00:00,120045.980000
2026-01-05T05:34:00+00:00,119183.780000
2026-01-05T06:54:00+00:00,119171.940000
2026-01-05T07:29:00+00:00,117968.100000
2026-01-05T11:34:00+00:00,117945.900000
2026-01-05T11:39:00+00:00,116933.700000
2026-01-05T13:39:00+00:00,116921.120000
2026-01-05T14:04:00+00:00,117731.200000
2026-01-05T14:29:00+00:00,119254.540000
2026-01-05T15:29:00+00:00,119251.580000
2026-01-05T20:59:00+00:00,118554.620000
2026-01-06T14:49:00+00:00,118550.920000
2026-01-06T21:09:00+00:00,119659.720000
2026-01-07T05:49:00+00:00,119647.880000
2026-01-07T14:34:00+00:00,118436.040000
2026-01-07T15:29:00+00:00,118431.600000
2026-01-07T21:09:00+00:00,117932.160000
2026-01-08T08:54:00+00:00,117911.440000
2026-01-08T09:44:00+00:00,118772.580000
2026-01-08T13:19:00+00:00,118755.220000
2026-01-08T14:59:00+00:00,118753.740000
2026-01-08T15:14:00+00:00,118453.260000
2026-01-08T15:14:00+00:00,118445.120000
2026-01-08T15:54:00+00:00,117259.980000
2026-01-09T07:44:00+00:00,117237.780000
2026-01-09T08:09:00+00:00,117822.930000
2026-01-09T08:34:00+00:00,117804.330000
2026-01-09T15:09:00+00:00,117802.110000
2026-01-09T15:24:00+00:00,116910.390000
2026-01-09T15:49:00+00:00,116904.470000
2026-01-09T16:04:00+00:00,115810.550000
2026-01-09T18:44:00+00:00,115806.850000
2026-01-09T21:09:00+00:00,115768.150000
2026-01-12T08:19:00+00:00,115745.950000
2026-01-12T08:24:00+00:00,116533.600000
2026-01-12T08:24:00+00:00,116515.000000
2026-01-12T14:39:00+00:00,116507.600000
2026-01-12T14:54:00+00:00,116505.380000
2026-01-12T16:59:00+00:00,117345.430000
2026-01-12T21:09:00+00:00,118084.230000
2026-01-12T21:09:00+00:00,118457.010000
2026-01-13T07:19:00+00:00,118449.610000
2026-01-13T08:39:00+00:00,118242.210000
2026-01-13T08:39:00+00:00,118230.370000
2026-01-13T13:34:00+00:00,117058.530000
2026-01-13T13:39:00+00:00,117051.130000
2026-01-13T15:04:00+00:00,115973.730000
2026-01-13T15:04:00+00:00,115970.030000
2026-01-13T21:09:00+00:00,116128.830000
2026-01-14T01:39:00+00:00,116106.630000
2026-01-14T01:49:00+00:00,116793.030000
2026-01-14T03:09:00+00:00,116774.430000
2026-01-14T14:49:00+00:00,116772.210000
2026-01-14T14:59:00+00:00,116770.730000
2026-01-14T16:54:00+00:00,117219.240000
2026-01-14T20:14:00+00:00,117668.760000
2026-01-14T20:14:00+00:00,117789.280000
2026-01-14T20:19:00+00:00,117786.320000
2026-01-14T21:09:00+00:00,118453.360000
2026-01-15T08:14:00+00:00,118449.660000
2026-01-15T13:29:00+00:00,119058.680000
2026-01-15T15:44:00+00:00,119846.960000
2026-01-15T15:44:00+00:00,119842.520000
2026-01-15T20:19:00+00:00,120690.800000
2026-01-15T21:09:00+00:00,121530.080000
2026-01-16T07:49:00+00:00,121510.100000
2026-01-16T08:04:00+00:00,121598.120000
2026-01-16T08:04:00+00:00,121575.920000
2026-01-16T08:24:00+00:00,122262.320000
2026-01-16T08:44:00+00:00,123413.720000
2026-01-16T08:59:00+00:00,123400.400000
2026-01-16T11:19:00+00:00,124291.490000
2026-01-16T12:54:00+00:00,124280.330000
2026-01-16T12:59:00+00:00,124269.970000
2026-01-16T14:29:00+00:00,123083.610000
2026-01-16T14:54:00+00:00,123079.910000
2026-01-16T15:39:00+00:00,123711.430000
2026-01-16T21:09:00+00:00,124348.210000
2026-01-19T00:44:00+00:00,124339.330000
2026-01-19T01:59:00+00:00,123124.450000
2026-01-19T05:29:00+00:00,123112.610000
2026-01-19T07:04:00+00:00,121892.770000
2026-01-19T14:59:00+00:00,121886.850000
2026-01-19T16:29:00+00:00,122200.930000
2026-01-19T16:29:00+00:00,122185.390000
2026-01-19T16:39:00+00:00,120983.350000
2026-01-20T00:44:00+00:00,120972.990000
2026-01-20T00:59:00+00:00,119814.630000
2026-01-20T05:44:00+00:00,119803.530000
2026-01-20T06:19:00+00:00,120633.100000
2026-01-20T06:34:00+00:00,122217.180000
2026-01-20T15:29:00+00:00,122214.220000
2026-01-20T18:34:00+00:00,121189.260000
2026-01-21T09:09:00+00:00,121175.940000
2026-01-21T09:49:00+00:00,119983.620000
2026-01-21T14:49:00+00:00,119979.920000
2026-01-21T15:34:00+00:00,120627.940000
2026-01-21T16:59:00+00:00,120624.220000
2026-01-21T18:09:00+00:00,120622.740000
2026-01-21T19:34:00+00:00,119462.260000
2026-01-21T23:09:00+00:00,119456.340000
2026-01-22T06:14:00+00:00,118270.420000
2026-01-22T14:49:00+00:00,118268.200000
2026-01-22T19:09:00+00:00,117527.980000
2026-01-22T19:09:00+00:00,117518.360000
2026-01-22T19:59:00+00:00,116377.740000
2026-01-23T14:59:00+00:00,116374.040000
2026-01-23T15:54:00+00:00,116980.060000
2026-01-23T16:44:00+00:00,116978.580000
2026-01-23T21:09:00+00:00,117270.360000
2026-01-23T21:09:00+00:00,116868.880000
2026-01-26T06:39:00+00:00,116846.680000
2026-01-26T06:54:00+00:00,115834.480000
2026-01-26T10:04:00+00:00,115821.900000
2026-01-26T12:04:00+00:00,116631.980000
2026-01-26T12:09:00+00:00,118155.320000
2026-01-26T14:59:00+00:00,118152.360000
2026-01-26T21:09:00+00:00,118241.400000
2026-01-27T07:54:00+00:00,118222.900000
2026-01-27T08:39:00+00:00,119033.020000
2026-01-27T10:09:00+00:00,119484.900000
2026-01-27T10:09:00+00:00,119462.700000
2026-01-27T11:34:00+00:00,120171.600000
2026-01-27T11:39:00+00:00,121360.500000
2026-01-27T14:44:00+00:00,121354.580000
2026-01-27T14:54:00+00:00,120180.660000
2026-01-27T14:54:00+00:00,120176.960000
2026-01-27T14:59:00+00:00,120173.260000
2026-01-27T21:09:00+00:00,120562.060000
2026-01-27T21:09:00+00:00,120790.860000
2026-01-28T07:49:00+00:00,120785.680000
2026-01-28T14:19:00+00:00,119625.500000
2026-01-28T15:34:00+00:00,119621.800000
2026-01-28T20:04:00+00:00,119612.920000
2026-01-28T21:04:00+00:00,120212.940000
2026-01-28T21:04:00+00:00,121090.500000
2026-01-28T21:04:00+00:00,122556.060000
2026-01-28T21:09:00+00:00,122825.340000
2026-01-29T08:19:00+00:00,122809.060000
2026-01-29T08:29:00+00:00,121560.780000
2026-01-29T14:54:00+00:00,121559.300000
2026-01-29T15:54:00+00:00,122260.560000
2026-01-29T19:39:00+00:00,122251.680000
2026-01-29T20:39:00+00:00,121096.800000
2026-01-29T20:54:00+00:00,121095.560000
2026-01-30T09:19:00+00:00,121090.380000
2026-01-30T11:04:00+00:00,119989.700000
2026-01-30T15:29:00+00:00,119986.740000
2026-01-30T15:44:00+00:00,119181.780000
2026-01-30T15:44:00+00:00,119177.340000
2026-01-30T16:19:00+00:00,117987.900000
2026-02-02T14:49:00+00:00,117986.420000
2026-02-02T21:09:00+00:00,118570.940000
2026-02-03T05:29:00+00:00,118564.280000
2026-02-03T13:29:00+00:00,118958.120000
2026-02-03T13:29:00+00:00,118936.660000
2026-02-03T14:04:00+00:00,119766.300000
2026-02-03T14:19:00+00:00,121255.200000
2026-02-03T14:54:00+00:00,121253.720000
2026-02-03T17:39:00+00:00,121948.980000
2026-02-03T21:09:00+00:00,122489.740000
2026-02-03T23:19:00+00:00,122487.520000
2026-02-04T14:34:00+00:00,121439.800000
2026-02-04T14:59:00+00:00,121437.580000
2026-02-04T15:04:00+00:00,121436.100000
2026-02-04T17:29:00+00:00,122022.610000
2026-02-04T17:54:00+00:00,122728.370000
2026-02-04T21:09:00+00:00,123402.890000
2026-02-04T21:09:00+00:00,123648.650000
2026-02-05T15:04:00+00:00,123645.690000
2026-02-05T15:14:00+00:00,123644.950000
2026-02-05T16:59:00+00:00,122447.990000
2026-02-05T21:09:00+00:00,122379.750000
2026-02-05T23:34:00+00:00,122373.090000
2026-02-05T23:54:00+00:00,121205.430000
2026-02-06T06:44:00+00:00,121198.030000
2026-02-06T09:09:00+00:00,120045.630000
2026-02-06T14:49:00+00:00,120044.150000
2026-02-06T19:29:00+00:00,120040.450000
2026-02-06T21:09:00+00:00,120836.970000
2026-02-06T21:09:00+00:00,121093.270000
2026-02-09T14:44:00+00:00,121091.050000
2026-02-09T14:49:00+00:00,121089.570000
2026-02-09T17:14:00+00:00,121606.330000
2026-02-09T21:09:00+00:00,122446.850000
2026-02-09T21:09:00+00:00,123199.370000
2026-02-09T23:19:00+00:00,123191.230000
2026-02-10T01:44:00+00:00,123705.590000
2026-02-10T01:44:00+00:00,123684.870000
2026-02-10T02:14:00+00:00,122432.150000
2026-02-10T05:39:00+00:00,122423.270000
2026-02-10T06:39:00+00:00,121202.390000
2026-02-10T12:44:00+00:00,121180.190000
2026-02-10T12:54:00+00:00,121855.340000
2026-02-10T12:59:00+00:00,122987.990000
2026-02-10T14:59:00+00:00,122983.550000
2026-02-10T15:09:00+00:00,122981.330000
2026-02-10T18:29:00+00:00,121854.890000
2026-02-10T20:09:00+00:00,120834.170000
2026-02-11T07:19:00+00:00,120828.250000
2026-02-11T10:04:00+00:00,121674.290000
2026-02-11T12:14:00+00:00,121669.330000
2026-02-11T14:59:00+00:00,121667.110000
2026-02-11T15:29:00+00:00,122146.370000
2026-02-11T15:59:00+00:00,122387.890000
2026-02-11T15:59:00+00:00,122385.670000
2026-02-11T16:34:00+00:00,122132.950000
2026-02-11T16:34:00+00:00,122131.470000
2026-02-11T17:14:00+00:00,122088.990000
2026-02-11T17:14:00+00:00,122086.030000
2026-02-11T21:09:00+00:00,122601.070000
2026-02-12T04:39:00+00:00,122578.870000
2026-02-12T05:04:00+00:00,121746.670000
2026-02-12T10:19:00+00:00,121724.470000
2026-02-12T11:24:00+00:00,120577.270000
2026-02-12T13:39:00+00:00,120565.430000
2026-02-12T14:29:00+00:00,119369.590000
2026-02-12T14:49:00+00:00,119366.630000
2026-02-12T15:59:00+00:00,120211.150000
2026-02-12T16:19:00+00:00,121619.670000
2026-02-13T08:24:00+00:00,121613.750000
2026-02-13T09:24:00+00:00,120491.830000
2026-02-13T15:09:00+00:00,120490.350000
2026-02-13T21:09:00+00:00,120417.870000
2026-02-16T15:04:00+00:00,120412.690000
2026-02-16T15:29:00+00:00,119347.010000
2026-02-17T08:39:00+00:00,119340.350000
2026-02-17T13:09:00+00:00,120129.390000
2026-02-17T13:29:00+00:00,120578.190000
2026-02-17T13:29:00+00:00,120570.050000
2026-02-17T13:54:00+00:00,121331.350000
2026-02-17T13:54:00+00:00,121323.910000
2026-02-17T14:54:00+00:00,121322.430000
2026-02-17T14:59:00+00:00,121320.950000
2026-02-17T15:24:00+00:00,121267.470000
2026-02-17T15:24:00+00:00,121030.990000
2026-02-17T15:29:00+00:00,121028.770000
2026-02-17T16:14:00+00:00,121513.280000
2026-02-17T21:09:00+00:00,122490.800000
2026-02-18T12:39:00+00:00,122484.140000
2026-02-18T14:34:00+00:00,123297.180000
2026-02-18T14:49:00+00:00,123290.980000
2026-02-18T14:54:00+00:00,123288.020000
2026-02-18T14:59:00+00:00,123285.060000
2026-02-18T15:59:00+00:00,124090.580000
2026-02-18T19:59:00+00:00,124088.100000
2026-02-18T21:09:00+00:00,124041.140000
2026-02-19T01:29:00+00:00,124018.940000
2026-02-19T02:24:00+00:00,122916.740000
2026-02-19T08:14:00+00:00,122907.860000
2026-02-19T08:49:00+00:00,121728.980000
2026-02-19T14:34:00+00:00,121719.360000
2026-02-19T14:39:00+00:00,122542.920000
2026-02-19T14:39:00+00:00,122534.240000
2026-02-19T15:04:00+00:00,122532.020000
2026-02-19T18:24:00+00:00,121557.800000
2026-02-20T01:59:00+00:00,121550.400000
2026-02-20T11:04:00+00:00,120373.000000
2026-02-20T14:39:00+00:00,120367.820000
2026-02-20T15:04:00+00:00,121083.350000
2026-02-20T15:04:00+00:00,122675.390000
2026-02-20T15:04:00+00:00,122673.910000
2026-02-20T21:09:00+00:00,123093.430000
2026-02-23T08:19:00+00:00,123087.510000
2026-02-23T14:34:00+00:00,123993.550000
2026-02-23T14:44:00+00:00,123988.590000
2026-02-23T14:49:00+00:00,123983.410000
2026-02-23T15:04:00+00:00,123981.190000
2026-02-23T15:59:00+00:00,124768.720000
2026-02-23T16:09:00+00:00,126520.760000
2026-02-23T21:09:00+00:00,127040.540000
2026-02-24T05:24:00+00:00,127018.340000
2026-02-24T05:39:00+00:00,127513.490000
2026-02-24T05:49:00+00:00,128346.140000
2026-02-24T09:19:00+00:00,128340.220000
2026-02-24T14:34:00+00:00,127170.300000
2026-02-24T14:49:00+00:00,127168.820000
2026-02-24T21:04:00+00:00,127477.340000
2026-02-25T05:54:00+00:00,127469.940000
2026-02-25T12:24:00+00:00,128373.740000
2026-02-25T14:34:00+00:00,129882.540000
2026-02-25T14:49:00+00:00,129879.580000
2026-02-25T21:09:00+00:00,130528.620000
2026-02-26T05:24:00+00:00,130506.420000
2026-02-26T06:14:00+00:00,131350.320000
2026-02-26T07:14:00+00:00,132764.220000
2026-02-26T09:59:00+00:00,132742.020000
2026-02-26T10:59:00+00:00,133495.920000
2026-02-26T12:09:00+00:00,133477.320000
2026-02-26T14:54:00+00:00,133473.620000
2026-02-26T15:19:00+00:00,134226.640000
2026-02-26T15:24:00+00:00,136110.670000
2026-02-27T06:39:00+00:00,136088.470000
2026-02-27T07:24:00+00:00,137044.870000
2026-02-27T08:04:00+00:00,138646.270000
2026-02-27T09:29:00+00:00,138624.070000
2026-02-27T09:39:00+00:00,139569.220000
2026-02-27T09:49:00+00:00,141151.870000
2026-02-27T12:19:00+00:00,141139.290000
2026-02-27T12:44:00+00:00,139715.710000
2026-02-27T14:49:00+00:00,139712.750000
2026-02-27T21:09:00+00:00,140031.790000
2026-03-02T14:49:00+00:00,140030.310000
2026-03-02T16:44:00+00:00,140028.830000
2026-03-02T21:09:00+00:00,140382.350000
2026-03-02T21:09:00+00:00,140250.870000
2026-03-03T10:49:00+00:00,140239.030000
2026-03-03T10:59:00+00:00,138819.190000
2026-03-03T14:49:00+00:00,138816.230000
2026-03-03T16:49:00+00:00,137539.270000
2026-03-04T00:39:00+00:00,137531.130000
2026-03-04T01:04:00+00:00,136153.490000
2026-03-04T06:39:00+00:00,136146.830000
2026-03-04T08:19:00+00:00,137031.870000
2026-03-04T09:49:00+00:00,138878.170000
2026-03-04T15:09:00+00:00,138875.210000
2026-03-04T21:09:00+00:00,140038.250000
2026-03-05T09:44:00+00:00,140033.810000
2026-03-05T14:39:00+00:00,140014.370000
2026-03-05T14:39:00+00:00,140006.970000
2026-03-05T14:54:00+00:00,140004.010000
2026-03-05T15:04:00+00:00,140964.060000
2026-03-05T15:24:00+00:00,140957.860000
2026-03-05T15:34:00+00:00,139690.900000
2026-03-06T02:59:00+00:00,139676.840000
2026-03-06T03:59:00+00:00,138323.280000
2026-03-06T05:54:00+00:00,138301.080000
2026-03-06T08:19:00+00:00,139291.230000
2026-03-06T08:29:00+00:00,140948.880000
2026-03-06T15:04:00+00:00,140945.920000
2026-03-06T20:39:00+00:00,139696.960000
2026-03-09T13:44:00+00:00,139692.520000
2026-03-09T13:54:00+00:00,139690.300000
2026-03-09T14:09:00+00:00,139652.860000
2026-03-09T14:09:00+00:00,139385.140000
2026-03-09T14:14:00+00:00,139380.700000
2026-03-09T14:44:00+00:00,140404.480000
2026-03-09T15:29:00+00:00,142112.260000
2026-03-10T14:09:00+00:00,142110.040000
2026-03-10T14:39:00+00:00,141027.820000
2026-03-10T17:39:00+00:00,141016.720000
2026-03-10T17:54:00+00:00,139603.120000
2026-03-11T06:39:00+00:00,139580.920000
2026-03-11T06:49:00+00:00,138343.720000
2026-03-11T14:04:00+00:00,138338.540000
2026-03-11T14:24:00+00:00,137115.360000
2026-03-12T06:04:00+00:00,137107.960000
2026-03-12T07:59:00+00:00,138120.510000
2026-03-12T11:59:00+00:00,139029.310000
2026-03-12T11:59:00+00:00,139018.210000
2026-03-12T13:19:00+00:00,139963.280000
2026-03-12T13:34:00+00:00,141767.360000
2026-03-12T13:49:00+00:00,141762.180000
2026-03-12T14:39:00+00:00,142641.960000
2026-03-12T20:09:00+00:00,144183.000000
2026-03-13T00:14:00+00:00,144171.900000
2026-03-13T01:09:00+00:00,145164.220000
2026-03-13T04:34:00+00:00,145154.300000
2026-03-13T13:54:00+00:00,145151.340000
2026-03-13T14:44:00+00:00,143720.380000
2026-03-16T13:59:00+00:00,143715.940000
2026-03-16T14:54:00+00:00,142343.500000
2026-03-16T19:14:00+00:00,142336.840000
2026-03-16T20:09:00+00:00,141682.180000
2026-03-17T11:19:00+00:00,141659.980000
2026-03-17T11:24:00+00:00,140542.780000
2026-03-17T12:09:00+00:00,140531.680000
2026-03-17T13:04:00+00:00,141487.250000
2026-03-17T13:19:00+00:00,143311.330000
2026-03-17T13:49:00+00:00,143308.370000
2026-03-17T15:39:00+00:00,142107.410000
2026-03-18T14:14:00+00:00,142102.230000
2026-03-18T18:24:00+00:00,142095.570000
2026-03-18T18:59:00+00:00,142955.100000
2026-03-18T19:24:00+00:00,143873.140000
2026-03-18T19:59:00+00:00,145785.180000
2026-03-18T19:59:00+00:00,147700.230000
2026-03-19T02:14:00+00:00,147692.090000
2026-03-19T04:44:00+00:00,146297.950000
2026-03-19T09:34:00+00:00,146292.770000
2026-03-19T09:54:00+00:00,144996.090000
2026-03-19T13:24:00+00:00,144984.250000
2026-03-19T13:34:00+00:00,143588.410000
2026-03-19T13:49:00+00:00,143584.710000
2026-03-19T19:09:00+00:00,144369.230000
2026-03-19T20:09:00+00:00,145208.510000
2026-03-20T00:29:00+00:00,145197.410000
2026-03-20T01:39:00+00:00,143806.310000
2026-03-20T03:39:00+00:00,143789.290000
2026-03-20T05:04:00+00:00,142334.770000
2026-03-20T13:39:00+00:00,142324.410000
2026-03-20T13:44:00+00:00,140963.050000
2026-03-20T13:54:00+00:00,140959.350000
2026-03-20T17:39:00+00:00,141724.370000
2026-03-20T19:34:00+00:00,143638.400000
2026-03-23T05:29:00+00:00,143628.040000
2026-03-23T06:34:00+00:00,144662.360000
2026-03-23T06:59:00+00:00,146389.680000
2026-03-23T13:49:00+00:00,146385.980000
2026-03-23T15:54:00+00:00,144947.280000
2026-03-24T15:19:00+00:00,144945.060000
2026-03-24T20:09:00+00:00,144279.840000
2026-03-25T00:19:00+00:00,144265.780000
2026-03-25T00:34:00+00:00,142807.720000
2026-03-25T07:09:00+00:00,142801.060000
2026-03-25T08:04:00+00:00,141462.400000
2026-03-25T13:49:00+00:00,141457.960000
2026-03-25T16:29:00+00:00,141519.520000
2026-03-25T16:29:00+00:00,141515.820000
2026-03-25T20:09:00+00:00,141102.120000
2026-03-26T12:14:00+00:00,141088.800000
2026-03-26T12:34:00+00:00,139707.480000
2026-03-26T13:49:00+00:00,139703.040000
2026-03-26T14:59:00+00:00,138474.600000
2026-03-27T00:19:00+00:00,138456.840000
2026-03-27T00:39:00+00:00,139464.960000
2026-03-27T01:19:00+00:00,139450.080000
2026-03-27T02:39:00+00:00,139441.940000
2026-03-27T05:14:00+00:00,140375.740000
2026-03-27T07:24:00+00:00,140368.300000
2026-03-27T08:14:00+00:00,140364.600000
2026-03-27T10:59:00+00:00,141122.120000
2026-03-27T13:54:00+00:00,141118.420000
2026-03-27T13:59:00+00:00,143013.700000
2026-03-27T19:09:00+00:00,143846.220000
2026-03-27T20:09:00+00:00,145255.500000
2026-03-30T13:49:00+00:00,145252.540000
2026-03-30T16:09:00+00:00,145248.100000
2026-03-30T18:29:00+00:00,146238.130000
2026-03-30T19:09:00+00:00,147312.150000
2026-03-30T19:14:00+00:00,148963.680000
2026-03-30T20:09:00+00:00,149963.200000
2026-03-31T12:19:00+00:00,149955.060000
2026-03-31T13:34:00+00:00,148511.420000
2026-03-31T13:49:00+00:00,148508.460000
2026-03-31T14:59:00+00:00,147289.500000
2026-04-01T12:54:00+00:00,147286.540000
2026-04-01T14:34:00+00:00,146045.580000
2026-04-01T14:39:00+00:00,146042.620000
2026-04-01T20:09:00+00:00,145865.660000
2026-04-02T00:49:00+00:00,145858.260000
2026-04-02T01:04:00+00:00,144420.860000
2026-04-02T01:09:00+00:00,144412.720000
2026-04-02T01:14:00+00:00,142996.580000
2026-04-02T11:14:00+00:00,142991.400000
2026-04-02T13:54:00+00:00,141596.720000
2026-04-02T13:54:00+00:00,141593.760000
2026-04-02T14:39:00+00:00,142595.780000
2026-04-02T14:39:00+00:00,144266.800000
2026-04-03T11:24:00+00:00,144247.560000
2026-04-03T12:34:00+00:00,145300.690000
2026-04-03T12:34:00+00:00,147062.320000
2026-04-06T07:09:00+00:00,147053.440000
2026-04-06T07:44:00+00:00,145640.560000
2026-04-06T13:39:00+00:00,145632.420000
2026-04-06T13:54:00+00:00,146547.470000
2026-04-06T13:54:00+00:00,146543.770000
2026-04-06T14:04:00+00:00,146536.330000
2026-04-06T14:09:00+00:00,145892.630000
2026-04-06T14:09:00+00:00,145888.190000
2026-04-06T17:29:00+00:00,146003.750000
2026-04-06T17:29:00+00:00,145995.610000
2026-04-06T20:09:00+00:00,146850.970000
2026-04-06T22:29:00+00:00,146836.910000
2026-04-07T00:19:00+00:00,145863.350000
2026-04-07T00:19:00+00:00,145848.550000
2026-04-07T00:39:00+00:00,144373.750000
2026-04-07T00:44:00+00:00,144367.830000
2026-04-07T01:59:00+00:00,145333.870000
2026-04-07T06:39:00+00:00,145321.290000
2026-04-07T08:04:00+00:00,145316.330000
2026-04-07T08:04:00+00:00,143884.250000
2026-04-07T13:49:00+00:00,143880.550000
2026-04-07T15:09:00+00:00,144728.070000
2026-04-07T16:04:00+00:00,144724.350000
2026-04-07T17:39:00+00:00,144722.870000
2026-04-07T20:09:00+00:00,145252.390000
2026-04-08T05:44:00+00:00,145230.930000
2026-04-08T05:54:00+00:00,143788.470000
2026-04-08T13:54:00+00:00,143777.370000
2026-04-08T14:34:00+00:00,142386.270000
2026-04-08T18:24:00+00:00,142378.870000
2026-04-08T18:59:00+00:00,143357.670000
2026-04-08T19:59:00+00:00,143351.470000
2026-04-09T05:24:00+00:00,143329.270000
2026-04-09T06:04:00+00:00,144251.920000
2026-04-09T06:49:00+00:00,144233.320000
2026-04-09T14:09:00+00:00,144228.140000
2026-04-09T15:34:00+00:00,142917.460000
2026-04-10T03:34:00+00:00,142897.480000
2026-04-10T06:19:00+00:00,143901.860000
2026-04-10T06:54:00+00:00,145711.500000
2026-04-10T07:49:00+00:00,145699.660000
2026-04-10T10:29:00+00:00,144287.820000
2026-04-10T14:04:00+00:00,144281.160000
2026-04-10T14:34:00+00:00,142834.500000
2026-04-10T16:19:00+00:00,142819.700000
2026-04-10T16:39:00+00:00,141414.900000
2026-04-12T23:59:00+00:00,141401.580000
2026-04-13T00:54:00+00:00,142400.670000
2026-04-13T01:14:00+00:00,144070.260000
2026-04-13T13:49:00+00:00,144065.080000
2026-04-13T16:39:00+00:00,144935.860000
2026-04-13T19:54:00+00:00,146872.900000
2026-04-14T03:09:00+00:00,146850.700000
2026-04-14T05:24:00+00:00,145973.500000
2026-04-14T05:39:00+00:00,145951.300000
2026-04-14T06:44:00+00:00,144819.100000
2026-04-14T06:44:00+00:00,144796.900000
2026-04-14T07:09:00+00:00,145820.800000
2026-04-14T07:49:00+00:00,146837.200000
2026-04-14T07:49:00+00:00,146815.000000
2026-04-14T08:29:00+00:00,145517.800000
2026-04-14T14:09:00+00:00,145512.620000
2026-04-14T16:24:00+00:00,146435.150000
2026-04-14T20:09:00+00:00,148244.190000
2026-04-15T07:24:00+00:00,148237.530000
2026-04-15T13:59:00+00:00,146786.370000
2026-04-15T13:59:00+00:00,146780.450000
2026-04-15T15:29:00+00:00,147812.490000
2026-04-15T18:39:00+00:00,149534.530000
2026-04-16T03:09:00+00:00,149520.470000
2026-04-16T05:04:00+00:00,148043.410000
2026-04-16T05:24:00+00:00,148021.210000
2026-04-16T06:04:00+00:00,148842.610000
2026-04-16T06:14:00+00:00,150219.010000
2026-04-16T13:54:00+00:00,150216.050000
2026-04-16T15:09:00+00:00,148843.090000
2026-04-17T13:59:00+00:00,148837.910000
2026-04-17T16:39:00+00:00,149751.440000
2026-04-17T20:09:00+00:00,150522.480000
2026-04-20T13:49:00+00:00,150517.300000
2026-04-20T15:09:00+00:00,151383.580000
2026-04-20T18:09:00+00:00,151378.620000
2026-04-21T06:14:00+00:00,151364.560000
2026-04-21T07:19:00+00:00,149830.500000
2026-04-21T09:09:00+00:00,149813.480000
2026-04-21T09:59:00+00:00,148301.460000
2026-04-21T13:59:00+00:00,148297.020000
2026-04-21T14:04:00+00:00,148291.100000
2026-04-21T14:59:00+00:00,146957.180000
2026-04-21T15:04:00+00:00,145608.740000
2026-04-22T14:14:00+00:00,145604.300000
2026-04-22T19:54:00+00:00,146580.830000
2026-04-22T20:09:00+00:00,147793.610000
2026-04-23T13:44:00+00:00,147788.430000
2026-04-23T13:49:00+00:00,147783.990000
2026-04-23T14:04:00+00:00,147127.810000
2026-04-23T14:04:00+00:00,146316.370000
2026-04-23T14:09:00+00:00,146310.450000
2026-04-23T15:09:00+00:00,144884.530000
2026-04-24T08:04:00+00:00,144872.690000
2026-04-24T08:24:00+00:00,145904.770000
2026-04-24T08:34:00+00:00,145894.850000
2026-04-24T13:54:00+00:00,145888.930000
2026-04-24T14:14:00+00:00,144491.010000
2026-04-26T22:09:00+00:00,144468.810000
2026-04-26T22:44:00+00:00,143111.610000
2026-04-27T13:49:00+00:00,143105.690000
2026-04-27T17:34:00+00:00,141735.770000
2026-04-28T04:19:00+00:00,141722.450000
2026-04-28T05:14:00+00:00,140332.130000
2026-04-28T14:49:00+00:00,140329.910000
2026-04-28T20:09:00+00:00,139568.690000
2026-04-29T13:24:00+00:00,139560.550000
2026-04-29T13:54:00+00:00,139200.410000
2026-04-29T13:54:00+00:00,139195.970000
2026-04-29T19:04:00+00:00,139192.270000
2026-04-29T20:04:00+00:00,140108.050000
2026-04-29T20:09:00+00:00,140470.330000
2026-04-29T20:09:00+00:00,140489.130000
2026-04-30T13:54:00+00:00,140487.650000
2026-04-30T17:09:00+00:00,139738.170000
2026-04-30T17:09:00+00:00,139735.950000
2026-04-30T20:09:00+00:00,140651.730000
2026-05-01T05:24:00+00:00,140641.370000
2026-05-01T08:49:00+00:00,141665.190000
2026-05-01T11:04:00+00:00,142629.510000
2026-05-01T11:04:00+00:00,142611.750000
2026-05-01T12:14:00+00:00,143655.870000
2026-05-01T12:14:00+00:00,143640.990000
2026-05-01T12:14:00+00:00,143632.850000
2026-05-01T13:34:00+00:00,142216.710000
2026-05-01T13:59:00+00:00,142215.230000
2026-05-01T20:09:00+00:00,142023.750000
2026-05-04T00:14:00+00:00,142017.830000
2026-05-04T05:34:00+00:00,143343.910000
2026-05-04T05:34:00+00:00,143321.710000
2026-05-04T06:09:00+00:00,144075.610000
2026-05-04T06:29:00+00:00,145339.510000
2026-05-04T13:59:00+00:00,145333.590000
2026-05-04T15:19:00+00:00,143919.670000
2026-05-05T00:09:00+00:00,143906.350000
2026-05-05T00:24:00+00:00,142498.030000
2026-05-05T04:54:00+00:00,142484.710000
2026-05-05T07:09:00+00:00,143544.550000
2026-05-05T08:49:00+00:00,145315.390000
2026-05-05T13:59:00+00:00,145310.950000
2026-05-05T20:09:00+00:00,146065.510000
2026-05-06T06:14:00+00:00,146048.490000
2026-05-06T08:49:00+00:00,144570.970000
2026-05-06T13:54:00+00:00,144568.010000
2026-05-06T20:09:00+00:00,145522.030000
2026-05-06T20:09:00+00:00,146574.550000
2026-05-07T13:54:00+00:00,146566.410000
2026-05-07T14:24:00+00:00,147537.710000
2026-05-07T15:59:00+00:00,147530.270000
2026-05-08T02:54:00+00:00,147522.870000
2026-05-08T08:14:00+00:00,148602.920000
2026-05-08T12:34:00+00:00,150405.470000
2026-05-08T13:39:00+00:00,150393.630000
2026-05-08T13:49:00+00:00,151461.710000
2026-05-08T13:49:00+00:00,151459.490000
2026-05-08T13:54:00+00:00,153243.570000
2026-05-08T20:04:00+00:00,153863.080000
2026-05-08T20:09:00+00:00,155001.600000
2026-05-11T00:59:00+00:00,154993.460000
2026-05-11T05:49:00+00:00,154979.400000
2026-05-11T08:09:00+00:00,155823.240000
2026-05-11T08:09:00+00:00,155810.840000
2026-05-11T09:49:00+00:00,154290.200000
2026-05-11T15:49:00+00:00,154287.240000
2026-05-11T17:29:00+00:00,154276.140000
2026-05-11T18:59:00+00:00,152757.540000
2026-05-11T20:09:00+00:00,152440.580000
2026-05-12T03:09:00+00:00,152431.700000
2026-05-12T05:54:00+00:00,153628.820000
2026-05-12T05:54:00+00:00,153606.620000
2026-05-12T06:09:00+00:00,152264.420000
2026-05-12T13:59:00+00:00,152261.460000
2026-05-12T15:24:00+00:00,153197.480000
2026-05-12T19:44:00+00:00,153195.000000
2026-05-13T13:49:00+00:00,153191.300000
2026-05-13T14:54:00+00:00,151667.600000
2026-05-13T15:49:00+00:00,151666.120000
2026-05-13T20:09:00+00:00,152280.640000
2026-05-14T09:54:00+00:00,152268.800000
2026-05-14T10:29:00+00:00,152544.960000
2026-05-14T10:29:00+00:00,152539.040000
2026-05-14T13:49:00+00:00,151073.120000
2026-05-14T13:49:00+00:00,151070.900000
2026-05-14T20:09:00+00:00,151310.180000
2026-05-15T08:49:00+00:00,151305.000000
2026-05-15T09:54:00+00:00,149854.320000
2026-05-15T13:44:00+00:00,149851.360000
2026-05-15T13:59:00+00:00,149847.660000
2026-05-15T14:14:00+00:00,148363.960000
2026-05-15T14:19:00+00:00,147143.000000
2026-05-18T00:14:00+00:00,147141.520000
2026-05-18T04:29:00+00:00,147131.160000
2026-05-18T04:44:00+00:00,145727.800000
2026-05-18T06:49:00+00:00,145454.320000
2026-05-18T06:49:00+00:00,145447.660000
2026-05-18T08:24:00+00:00,146350.700000
2026-05-18T10:39:00+00:00,146344.500000
2026-05-18T13:49:00+00:00,146342.280000
2026-05-18T16:29:00+00:00,146934.790000
2026-05-18T20:09:00+00:00,147241.310000
2026-05-19T04:09:00+00:00,147236.870000
2026-05-19T05:34:00+00:00,147493.430000
2026-05-19T05:34:00+00:00,147486.030000
2026-05-19T07:09:00+00:00,148521.080000
2026-05-19T07:49:00+00:00,150248.630000
2026-05-19T14:09:00+00:00,150247.150000
2026-05-19T14:14:00+00:00,150244.930000
2026-05-19T16:34:00+00:00,148939.210000
2026-05-19T17:09:00+00:00,147835.730000
2026-05-20T00:34:00+00:00,147826.850000
2026-05-20T01:39:00+00:00,146353.970000
2026-05-20T05:09:00+00:00,146345.830000
2026-05-20T06:19:00+00:00,147335.880000
2026-05-20T08:09:00+00:00,149318.940000
2026-05-20T14:19:00+00:00,149315.240000
2026-05-20T15:19:00+00:00,150176.260000
2026-05-20T18:49:00+00:00,150990.040000
2026-05-20T18:49:00+00:00,150976.720000
2026-05-20T19:19:00+00:00,149478.400000
2026-05-21T07:29:00+00:00,149468.780000
2026-05-21T08:04:00+00:00,150436.340000
2026-05-21T08:14:00+00:00,152321.160000
2026-05-21T13:54:00+00:00,152316.720000
2026-05-21T14:24:00+00:00,150863.280000
2026-05-22T05:29:00+00:00,150844.040000
2026-05-22T05:59:00+00:00,151965.420000
2026-05-22T06:39:00+00:00,151949.300000
2026-05-22T07:24:00+00:00,151933.020000
2026-05-22T07:34:00+00:00,150409.740000
2026-05-22T08:39:00+00:00,150400.860000
2026-05-22T09:09:00+00:00,151467.420000
2026-05-22T10:29:00+00:00,153247.980000
2026-05-22T13:39:00+00:00,153245.020000
2026-05-22T14:09:00+00:00,151852.060000
2026-05-22T14:19:00+00:00,151849.100000
2026-05-22T17:24:00+00:00,151836.520000
2026-05-22T17:29:00+00:00,150505.560000
2026-05-22T17:29:00+00:00,149022.480000
2026-05-25T02:54:00+00:00,149014.340000
2026-05-25T13:49:00+00:00,149001.020000
2026-05-25T14:14:00+00:00,149311.880000
2026-05-25T14:14:00+00:00,148299.560000
2026-05-25T14:19:00+00:00,148277.360000
2026-05-25T14:34:00+00:00,148885.010000
2026-05-25T14:44:00+00:00,149905.160000
2026-05-26T10:49:00+00:00,149889.620000
2026-05-26T11:39:00+00:00,150947.220000
2026-05-26T12:04:00+00:00,150933.580000
2026-05-26T13:49:00+00:00,150926.180000
2026-05-26T14:29:00+00:00,152024.980000
2026-05-26T15:39:00+00:00,152018.780000
2026-05-27T14:24:00+00:00,152016.560000
2026-05-27T15:44:00+00:00,152015.080000
2026-05-27T20:09:00+00:00,151433.860000
2026-05-27T20:09:00+00:00,150749.380000
2026-05-28T13:49:00+00:00,150746.420000
2026-05-28T14:14:00+00:00,149301.460000
2026-05-28T14:14:00+00:00,149297.760000
2026-05-28T20:09:00+00:00,150914.060000
2026-05-29T06:34:00+00:00,150891.860000
2026-05-29T06:54:00+00:00,149789.660000
2026-05-29T13:49:00+00:00,149785.220000
2026-05-29T14:29:00+00:00,148322.780000
2026-06-01T11:44:00+00:00,148310.200000
2026-06-01T12:09:00+00:00,146861.120000
2026-06-01T14:04:00+00:00,146858.160000
2026-06-01T15:19:00+00:00,145617.200000
2026-06-02T13:29:00+00:00,145604.620000
2026-06-02T13:34:00+00:00,144172.540000
2026-06-02T13:39:00+00:00,144163.660000
2026-06-02T13:49:00+00:00,142726.780000
2026-06-02T13:54:00+00:00,142722.340000
2026-06-02T13:59:00+00:00,142719.380000
2026-06-02T20:04:00+00:00,143747.660000
2026-06-02T20:09:00+00:00,144841.940000
2026-06-02T20:09:00+00:00,145956.980000
2026-06-03T04:54:00+00:00,145934.780000
2026-06-03T05:04:00+00:00,146981.180000
2026-06-03T05:14:00+00:00,146962.580000
2026-06-03T06:09:00+00:00,146950.000000
2026-06-03T07:29:00+00:00,147362.420000
2026-06-03T07:29:00+00:00,147341.700000
2026-06-03T08:14:00+00:00,145864.980000
2026-06-03T13:49:00+00:00,145863.500000
2026-06-03T20:09:00+00:00,145519.020000
2026-06-03T23:04:00+00:00,145510.140000
2026-06-03T23:39:00+00:00,144055.260000
2026-06-04T13:34:00+00:00,144044.160000
2026-06-04T13:44:00+00:00,144989.230000
2026-06-04T13:44:00+00:00,146793.310000
2026-06-04T14:04:00+00:00,146790.350000
2026-06-04T14:19:00+00:00,146251.390000
2026-06-04T14:19:00+00:00,146245.470000
2026-06-04T15:09:00+00:00,147253.510000
2026-06-04T16:24:00+00:00,148935.550000
2026-06-05T12:24:00+00:00,148922.230000
2026-06-05T12:29:00+00:00,147450.910000
2026-06-05T13:49:00+00:00,147448.690000
2026-06-05T16:34:00+00:00,148176.200000
2026-06-05T18:29:00+00:00,150602.220000
2026-06-08T13:59:00+00:00,150600.000000
2026-06-08T14:14:00+00:00,150044.280000
2026-06-08T14:14:00+00:00,150039.100000
2026-06-08T14:39:00+00:00,150988.630000
2026-06-08T15:04:00+00:00,153100.670000
2026-06-09T07:09:00+00:00,153086.610000
2026-06-09T07:19:00+00:00,151571.550000
2026-06-09T13:39:00+00:00,151562.670000
2026-06-09T13:44:00+00:00,150101.790000
2026-06-09T13:49:00+00:00,150098.090000
2026-06-09T13:59:00+00:00,148731.890000
2026-06-09T19:24:00+00:00,148730.410000
2026-06-09T20:04:00+00:00,147643.930000
2026-06-10T05:34:00+00:00,147632.830000
2026-06-10T06:09:00+00:00,148614.650000
2026-06-10T08:04:00+00:00,148604.730000
2026-06-10T13:49:00+00:00,148603.250000
2026-06-10T15:14:00+00:00,147114.770000
2026-06-11T13:49:00+00:00,147111.810000
2026-06-11T14:59:00+00:00,145790.850000
2026-06-11T17:34:00+00:00,145789.370000
2026-06-11T20:09:00+00:00,146926.890000
