ts,equity
2021-06-14T08:34:00+00:00,49984.46
2021-06-14T11:09:00+00:00,50412.060000
2021-06-14T12:39:00+00:00,50398.420000
2021-06-14T13:49:00+00:00,50395.460000
2021-06-14T13:54:00+00:00,50391.760000
2021-06-14T19:54:00+00:00,50750.280000
2021-06-14T20:09:00+00:00,51393.320000
2021-06-14T20:09:00+00:00,51998.600000
2021-06-15T13:54:00+00:00,51994.160000
2021-06-15T14:04:00+00:00,51608.720000
2021-06-15T14:04:00+00:00,51603.540000
2021-06-15T18:19:00+00:00,52013.070000
2021-06-15T19:54:00+00:00,52550.110000
2021-06-16T13:54:00+00:00,52544.190000
2021-06-16T15:09:00+00:00,51918.270000
2021-06-17T13:54:00+00:00,51916.050000
2021-06-17T15:24:00+00:00,52180.810000
2021-06-17T20:09:00+00:00,52766.330000
2021-06-18T15:14:00+00:00,52764.110000
2021-06-18T17:29:00+00:00,52755.970000
2021-06-18T18:04:00+00:00,52137.330000
2021-06-18T20:09:00+00:00,52084.110000
2021-06-21T08:09:00+00:00,52075.970000
2021-06-21T08:44:00+00:00,51440.830000
2021-06-21T14:39:00+00:00,51439.350000
2021-06-21T20:09:00+00:00,51642.870000
2021-06-22T06:24:00+00:00,51630.290000
2021-06-22T06:49:00+00:00,50997.210000
2021-06-22T09:09:00+00:00,50989.070000
2021-06-22T10:49:00+00:00,51401.620000
2021-06-22T13:49:00+00:00,51805.180000
2021-06-22T13:49:00+00:00,51800.740000
2021-06-22T14:34:00+00:00,51208.300000
2021-06-22T15:09:00+00:00,51205.340000
2021-06-22T20:09:00+00:00,51830.380000
2021-06-23T13:39:00+00:00,51825.940000
2021-06-23T13:59:00+00:00,51821.500000
2021-06-23T15:04:00+00:00,51196.060000
2021-06-23T16:39:00+00:00,50555.620000
2021-06-23T18:39:00+00:00,50551.180000
2021-06-23T20:09:00+00:00,50366.740000
2021-06-24T14:09:00+00:00,50361.560000
2021-06-24T17:09:00+00:00,50351.940000
2021-06-24T17:19:00+00:00,49744.320000
2021-06-24T17:24:00+00:00,49133.640000
2021-06-25T12:39:00+00:00,49124.020000
2021-06-25T13:54:00+00:00,48516.400000
2021-06-25T13:54:00+00:00,48509.000000
2021-06-25T14:14:00+00:00,48955.300000
2021-06-25T14:29:00+00:00,48949.100000
2021-06-25T14:34:00+00:00,48945.400000
2021-06-25T20:09:00+00:00,48489.200000
2021-06-28T14:09:00+00:00,48486.980000
2021-06-28T15:04:00+00:00,48450.260000
2021-06-28T15:04:00+00:00,48439.900000
2021-06-28T16:09:00+00:00,47820.540000
2021-06-29T14:49:00+00:00,47816.840000
2021-06-29T20:09:00+00:00,48375.640000
2021-06-30T13:39:00+00:00,48370.460000
2021-06-30T15:09:00+00:00,48155.280000
2021-06-30T15:09:00+00:00,48150.840000
2021-06-30T16:29:00+00:00,47585.400000
2021-07-01T15:09:00+00:00,47581.700000
2021-07-01T20:09:00+00:00,47295.500000
2021-07-02T13:49:00+00:00,47291.060000
2021-07-02T20:09:00+00:00,47796.620000
2021-07-05T13:49:00+00:00,47774.420000
2021-07-05T22:04:00+00:00,47197.220000
2021-07-06T14:09:00+00:00,47192.780000
2021-07-06T14:34:00+00:00,46609.340000
2021-07-07T13:39:00+00:00,46604.900000
2021-07-07T14:04:00+00:00,46602.680000
2021-07-07T14:19:00+00:00,46607.240000
2021-07-07T14:19:00+00:00,46413.020000
2021-07-07T14:24:00+00:00,46407.840000
2021-07-07T14:34:00+00:00,45863.660000
2021-07-08T06:19:00+00:00,45845.900000
2021-07-08T06:49:00+00:00,46260.020000
2021-07-08T07:09:00+00:00,47238.140000
2021-07-08T13:49:00+00:00,47236.660000
2021-07-08T13:54:00+00:00,47234.440000
2021-07-08T14:04:00+00:00,46837.960000
2021-07-08T15:14:00+00:00,46703.740000
2021-07-08T15:14:00+00:00,46700.040000
2021-07-08T16:34:00+00:00,47028.560000
2021-07-08T19:04:00+00:00,47018.940000
2021-07-08T19:19:00+00:00,46417.820000
2021-07-08T20:09:00+00:00,46837.100000
2021-07-09T07:14:00+00:00,46833.400000
2021-07-09T08:09:00+00:00,46828.220000
2021-07-09T10:04:00+00:00,46294.520000
2021-07-09T10:04:00+00:00,45750.340000
2021-07-09T14:24:00+00:00,45747.380000
2021-07-09T16:44:00+00:00,46104.400000
2021-07-09T20:09:00+00:00,46423.920000
2021-07-12T08:09:00+00:00,46406.160000
2021-07-12T08:49:00+00:00,46820.280000
2021-07-12T10:14:00+00:00,46805.400000
2021-07-12T13:44:00+00:00,46798.740000
2021-07-12T13:54:00+00:00,46795.780000
2021-07-12T14:04:00+00:00,47170.820000
2021-07-12T15:04:00+00:00,47164.620000
2021-07-12T18:04:00+00:00,47017.660000
2021-07-12T18:04:00+00:00,46999.160000
2021-07-12T18:34:00+00:00,47413.280000
2021-07-12T20:09:00+00:00,48472.910000
2021-07-13T13:49:00+00:00,48469.210000
2021-07-13T15:24:00+00:00,48812.730000
2021-07-13T17:24:00+00:00,48809.010000
2021-07-14T06:24:00+00:00,48789.030000
2021-07-14T06:39:00+00:00,49208.410000
2021-07-14T06:59:00+00:00,49191.050000
2021-07-14T14:04:00+00:00,49187.350000
2021-07-14T15:29:00+00:00,48623.650000
2021-07-15T07:44:00+00:00,48616.250000
2021-07-15T10:34:00+00:00,48043.850000
2021-07-15T13:54:00+00:00,48038.670000
2021-07-15T14:29:00+00:00,47459.490000
2021-07-15T14:44:00+00:00,47458.010000
2021-07-15T18:09:00+00:00,47650.530000
2021-07-15T18:09:00+00:00,47642.390000
2021-07-15T18:59:00+00:00,48017.440000
2021-07-15T20:09:00+00:00,48352.000000
2021-07-16T06:29:00+00:00,48341.640000
2021-07-16T07:09:00+00:00,47736.280000
2021-07-16T08:14:00+00:00,47727.400000
2021-07-16T09:09:00+00:00,47148.520000
2021-07-16T13:49:00+00:00,47144.080000
2021-07-16T14:24:00+00:00,47542.360000
2021-07-16T15:14:00+00:00,48207.640000
2021-07-19T07:09:00+00:00,48195.800000
2021-07-19T07:19:00+00:00,47575.960000
2021-07-19T07:24:00+00:00,47566.340000
2021-07-19T08:39:00+00:00,46997.720000
2021-07-19T13:59:00+00:00,46995.500000
2021-07-19T15:34:00+00:00,46469.780000
2021-07-20T14:24:00+00:00,46467.560000
2021-07-20T18:14:00+00:00,46741.320000
2021-07-20T20:09:00+00:00,47147.840000
2021-07-21T13:59:00+00:00,47144.880000
2021-07-21T20:09:00+00:00,47673.920000
2021-07-22T08:09:00+00:00,47662.080000
2021-07-22T12:44:00+00:00,48088.160000
2021-07-22T13:34:00+00:00,48078.240000
2021-07-22T14:29:00+00:00,48075.280000
2021-07-22T20:09:00+00:00,48352.320000
2021-07-23T13:39:00+00:00,48347.140000
2021-07-23T13:54:00+00:00,47921.960000
2021-07-23T13:54:00+00:00,47917.520000
2021-07-23T14:19:00+00:00,47914.560000
2021-07-23T15:29:00+00:00,48321.840000
2021-07-23T17:14:00+00:00,48698.360000
2021-07-23T20:09:00+00:00,49375.640000
2021-07-23T20:09:00+00:00,49754.160000
2021-07-26T08:39:00+00:00,49743.060000
2021-07-26T11:39:00+00:00,50147.380000
2021-07-26T12:39:00+00:00,50137.460000
2021-07-26T13:39:00+00:00,50129.320000
2021-07-26T13:54:00+00:00,49741.680000
2021-07-26T13:54:00+00:00,49737.980000
2021-07-26T14:19:00+00:00,49694.280000
2021-07-26T14:19:00+00:00,49682.440000
2021-07-26T14:34:00+00:00,49054.600000
2021-07-26T14:49:00+00:00,49042.760000
2021-07-26T14:59:00+00:00,48414.920000
2021-07-27T13:59:00+00:00,48411.960000
2021-07-27T14:34:00+00:00,48795.980000
2021-07-27T15:19:00+00:00,49437.000000
2021-07-28T13:44:00+00:00,49432.560000
2021-07-28T13:54:00+00:00,48822.120000
2021-07-28T13:59:00+00:00,48814.720000
2021-07-28T14:14:00+00:00,49261.020000
2021-07-28T14:19:00+00:00,49259.540000
2021-07-28T17:14:00+00:00,49253.340000
2021-07-28T20:09:00+00:00,48958.860000
2021-07-29T07:44:00+00:00,48945.540000
2021-07-29T10:44:00+00:00,49391.130000
2021-07-29T12:34:00+00:00,49379.970000
2021-07-29T14:54:00+00:00,49377.750000
2021-07-29T20:04:00+00:00,48823.530000
2021-07-30T13:49:00+00:00,48819.830000
2021-07-30T20:09:00+00:00,49233.630000
2021-08-02T12:39:00+00:00,49226.970000
2021-08-02T13:39:00+00:00,48653.310000
2021-08-02T13:44:00+00:00,48648.130000
2021-08-02T14:14:00+00:00,48103.950000
2021-08-02T15:24:00+00:00,48101.730000
2021-08-02T19:39:00+00:00,47532.510000
2021-08-03T13:54:00+00:00,47529.550000
2021-08-03T15:54:00+00:00,47004.590000
2021-08-04T14:14:00+00:00,46999.410000
2021-08-04T16:14:00+00:00,46465.730000
2021-08-05T13:49:00+00:00,46461.290000
2021-08-05T20:09:00+00:00,46957.850000
2021-08-06T14:14:00+00:00,46953.410000
2021-08-06T17:29:00+00:00,46937.870000
2021-08-06T20:09:00+00:00,47107.430000
2021-08-06T20:09:00+00:00,47238.890000
2021-08-09T07:14:00+00:00,47231.490000
2021-08-09T11:29:00+00:00,47670.290000
2021-08-09T13:39:00+00:00,47664.090000
2021-08-09T13:44:00+00:00,47657.430000
2021-08-09T14:34:00+00:00,47052.270000
2021-08-09T18:34:00+00:00,47050.050000
2021-08-09T18:49:00+00:00,46978.830000
2021-08-09T18:49:00+00:00,46962.550000
2021-08-09T20:09:00+00:00,46990.270000
2021-08-10T14:29:00+00:00,46986.570000
2021-08-10T14:44:00+00:00,47330.090000
2021-08-10T20:04:00+00:00,47672.870000
2021-08-11T13:49:00+00:00,47669.170000
2021-08-11T15:19:00+00:00,48021.690000
2021-08-11T19:54:00+00:00,48250.470000
2021-08-12T14:19:00+00:00,48246.770000
2021-08-12T14:24:00+00:00,48243.070000
2021-08-12T20:09:00+00:00,48894.370000
2021-08-12T20:09:00+00:00,49535.670000
2021-08-13T13:49:00+00:00,49529.010000
2021-08-13T20:09:00+00:00,49927.350000
2021-08-16T07:24:00+00:00,49916.990000
2021-08-16T10:14:00+00:00,49276.630000
2021-08-16T13:49:00+00:00,49270.710000
2021-08-16T13:59:00+00:00,49267.010000
2021-08-16T14:09:00+00:00,49705.050000
2021-08-16T14:14:00+00:00,50437.090000
2021-08-16T14:34:00+00:00,50797.110000
2021-08-16T17:24:00+00:00,50793.390000
2021-08-17T14:19:00+00:00,50790.430000
2021-08-17T14:44:00+00:00,50235.470000
2021-08-17T17:44:00+00:00,50233.250000
2021-08-17T19:04:00+00:00,49845.530000
2021-08-17T19:04:00+00:00,49843.310000
2021-08-17T20:09:00+00:00,49854.590000
2021-08-18T13:54:00+00:00,49850.890000
2021-08-18T15:39:00+00:00,49299.690000
2021-08-18T18:19:00+00:00,49295.250000
2021-08-18T18:34:00+00:00,48717.810000
2021-08-19T14:09:00+00:00,48715.590000
2021-08-19T15:49:00+00:00,48963.850000
2021-08-19T20:09:00+00:00,49356.370000
2021-08-20T13:49:00+00:00,49351.930000
2021-08-20T14:24:00+00:00,49804.210000
2021-08-20T15:54:00+00:00,49800.490000
2021-08-23T07:09:00+00:00,49787.910000
2021-08-23T13:34:00+00:00,49163.330000
2021-08-23T13:49:00+00:00,49160.370000
2021-08-23T15:59:00+00:00,49593.890000
2021-08-23T20:09:00+00:00,50082.410000
2021-08-24T14:09:00+00:00,50077.970000
2021-08-24T19:39:00+00:00,50055.530000
2021-08-25T08:09:00+00:00,50039.250000
2021-08-25T08:14:00+00:00,49406.970000
2021-08-25T13:59:00+00:00,49400.310000
2021-08-25T14:09:00+00:00,49395.130000
2021-08-25T17:14:00+00:00,49384.770000
2021-08-25T18:09:00+00:00,49003.410000
2021-08-25T20:09:00+00:00,49275.750000
2021-08-25T20:09:00+00:00,49211.070000
2021-08-26T07:34:00+00:00,49203.670000
2021-08-26T14:04:00+00:00,49666.270000
2021-08-26T14:04:00+00:00,49658.870000
2021-08-26T14:24:00+00:00,49652.950000
2021-08-26T14:29:00+00:00,50069.250000
2021-08-26T14:29:00+00:00,50061.850000
2021-08-26T15:04:00+00:00,51038.150000
2021-08-26T15:04:00+00:00,51494.190000
2021-08-26T15:19:00+00:00,51489.230000
2021-08-26T15:19:00+00:00,50861.830000
2021-08-27T13:19:00+00:00,50849.250000
2021-08-27T13:34:00+00:00,50216.170000
2021-08-27T13:44:00+00:00,50210.990000
2021-08-27T14:04:00+00:00,49617.810000
2021-08-27T14:04:00+00:00,49614.850000
2021-08-27T20:09:00+00:00,50051.890000
2021-08-30T12:54:00+00:00,50031.910000
2021-08-30T13:34:00+00:00,50470.790000
2021-08-30T13:34:00+00:00,51587.430000
2021-08-30T13:54:00+00:00,51583.730000
2021-08-30T18:19:00+00:00,51966.250000
2021-08-30T20:09:00+00:00,52451.530000
2021-08-31T13:39:00+00:00,52440.430000
2021-08-31T13:54:00+00:00,52437.470000
2021-08-31T14:04:00+00:00,52873.290000
2021-08-31T14:09:00+00:00,52863.370000
2021-08-31T20:09:00+00:00,52342.410000
2021-09-01T13:39:00+00:00,52335.010000
2021-09-01T13:49:00+00:00,52332.050000
2021-09-01T19:14:00+00:00,51674.650000
2021-09-01T19:44:00+00:00,51085.690000
2021-09-02T13:59:00+00:00,51078.290000
2021-09-02T16:39:00+00:00,51535.840000
2021-09-02T17:54:00+00:00,52300.890000
2021-09-03T12:44:00+00:00,52297.930000
2021-09-03T13:59:00+00:00,51894.970000
2021-09-03T13:59:00+00:00,51892.750000
2021-09-03T19:24:00+00:00,51985.030000
2021-09-03T19:24:00+00:00,51967.270000
2021-09-03T20:09:00+00:00,52177.510000
2021-09-06T13:49:00+00:00,52155.310000
2021-09-07T00:04:00+00:00,51578.110000
2021-09-07T08:29:00+00:00,51570.710000
2021-09-07T09:24:00+00:00,50968.310000
2021-09-07T13:34:00+00:00,50956.470000
2021-09-07T13:44:00+00:00,51406.550000
2021-09-07T13:44:00+00:00,51397.670000
2021-09-07T13:49:00+00:00,51387.750000
2021-09-07T13:49:00+00:00,50730.870000
2021-09-07T13:54:00+00:00,50726.430000
2021-09-07T14:49:00+00:00,50088.990000
2021-09-08T12:54:00+00:00,50074.930000
2021-09-08T13:34:00+00:00,49443.370000
2021-09-08T14:34:00+00:00,49440.410000
2021-09-08T20:09:00+00:00,49301.450000
2021-09-09T07:24:00+00:00,49294.050000
2021-09-09T12:54:00+00:00,49729.100000
2021-09-09T12:54:00+00:00,49724.660000
2021-09-09T15:29:00+00:00,49998.460000
2021-09-09T15:29:00+00:00,49841.020000
2021-09-09T15:34:00+00:00,49837.320000
2021-09-09T20:09:00+00:00,50438.620000
2021-09-10T06:54:00+00:00,50416.420000
2021-09-10T07:24:00+00:00,50832.820000
2021-09-10T11:04:00+00:00,51819.220000
2021-09-10T14:04:00+00:00,51814.040000
2021-09-10T15:29:00+00:00,52223.570000
2021-09-10T19:14:00+00:00,53135.610000
2021-09-13T13:44:00+00:00,53130.430000
2021-09-13T13:59:00+00:00,53128.950000
2021-09-13T14:14:00+00:00,53536.230000
2021-09-13T19:09:00+00:00,53534.010000
2021-09-13T20:09:00+00:00,53619.050000
2021-09-13T20:09:00+00:00,53618.570000
2021-09-13T20:09:00+00:00,53251.850000
2021-09-14T13:54:00+00:00,53249.630000
2021-09-14T20:09:00+00:00,53506.910000
2021-09-15T13:44:00+00:00,53503.210000
2021-09-15T14:14:00+00:00,53501.730000
2021-09-15T16:34:00+00:00,52895.530000
2021-09-15T16:59:00+00:00,52435.050000
2021-09-16T13:49:00+00:00,52431.350000
2021-09-16T17:59:00+00:00,51827.650000
2021-09-17T13:54:00+00:00,51825.430000
2021-09-17T20:09:00+00:00,52361.710000
2021-09-20T14:24:00+00:00,52360.230000
2021-09-20T17:24:00+00:00,52762.750000
2021-09-20T17:24:00+00:00,52754.610000
2021-09-20T18:09:00+00:00,52091.970000
2021-09-21T08:39:00+00:00,52089.750000
2021-09-21T13:34:00+00:00,51517.530000
2021-09-21T13:49:00+00:00,51515.310000
2021-09-21T13:54:00+00:00,51513.090000
2021-09-21T14:04:00+00:00,51197.370000
2021-09-21T14:04:00+00:00,50995.650000
2021-09-21T14:09:00+00:00,50991.950000
2021-09-21T15:14:00+00:00,50428.250000
2021-09-21T15:14:00+00:00,50424.550000
2021-09-21T17:29:00+00:00,49840.850000
2021-09-22T13:19:00+00:00,49829.010000
2021-09-22T13:34:00+00:00,50285.090000
2021-09-22T13:34:00+00:00,50275.170000
2021-09-22T13:59:00+00:00,50271.470000
2021-09-22T14:04:00+00:00,50266.290000
2021-09-22T15:34:00+00:00,50666.820000
2021-09-22T15:44:00+00:00,51035.840000
2021-09-22T18:04:00+00:00,51030.880000
2021-09-22T20:09:00+00:00,51570.160000
2021-09-23T06:39:00+00:00,51556.840000
2021-09-23T06:54:00+00:00,52015.930000
2021-09-23T07:49:00+00:00,53096.020000
2021-09-23T07:49:00+00:00,53092.320000
2021-09-23T13:09:00+00:00,52426.120000
2021-09-23T13:49:00+00:00,52423.900000
2021-09-23T20:09:00+00:00,52603.180000
2021-09-24T13:59:00+00:00,52599.480000
2021-09-24T14:19:00+00:00,52405.780000
2021-09-24T14:19:00+00:00,52400.600000
2021-09-24T15:09:00+00:00,52195.920000
2021-09-24T15:09:00+00:00,52192.220000
2021-09-24T19:49:00+00:00,52535.740000
2021-09-24T20:09:00+00:00,52974.520000
2021-09-27T13:44:00+00:00,52973.040000
2021-09-27T15:04:00+00:00,52528.560000
2021-09-27T15:04:00+00:00,52527.080000
2021-09-27T19:19:00+00:00,52525.600000
2021-09-27T20:09:00+00:00,52376.120000
2021-09-27T20:09:00+00:00,52217.640000
2021-09-28T06:14:00+00:00,52198.400000
2021-09-28T06:24:00+00:00,52676.280000
2021-09-28T06:34:00+00:00,53804.160000
2021-09-28T13:49:00+00:00,53802.680000
2021-09-28T20:09:00+00:00,54411.200000
2021-09-29T12:54:00+00:00,54400.100000
2021-09-29T13:19:00+00:00,53706.500000
2021-09-29T13:49:00+00:00,53703.540000
2021-09-29T13:54:00+00:00,53700.580000
2021-09-29T15:24:00+00:00,53055.620000
2021-09-29T15:39:00+00:00,52394.660000
2021-09-30T07:24:00+00:00,52388.000000
2021-09-30T08:39:00+00:00,51760.340000
2021-09-30T13:39:00+00:00,51756.640000
2021-09-30T14:04:00+00:00,51887.940000
2021-09-30T14:04:00+00:00,51881.280000
2021-09-30T14:34:00+00:00,52292.320000
2021-09-30T14:54:00+00:00,52289.360000
2021-09-30T15:49:00+00:00,53493.160000
2021-09-30T16:14:00+00:00,53916.180000
2021-09-30T18:09:00+00:00,53913.700000
2021-10-01T06:19:00+00:00,53901.120000
2021-10-01T06:24:00+00:00,54357.200000
2021-10-01T07:04:00+00:00,54346.040000
2021-10-01T13:54:00+00:00,54343.820000
2021-10-01T15:04:00+00:00,54398.600000
2021-10-01T15:04:00+00:00,54395.640000
2021-10-01T17:49:00+00:00,54814.160000
2021-10-01T20:09:00+00:00,55453.680000
2021-10-04T13:49:00+00:00,55452.200000
2021-10-04T20:09:00+00:00,55807.720000
2021-10-05T13:49:00+00:00,55804.760000
2021-10-05T15:04:00+00:00,56268.280000
2021-10-05T20:09:00+00:00,56625.800000
2021-10-06T07:09:00+00:00,56618.400000
2021-10-06T07:49:00+00:00,57128.450000
2021-10-06T12:44:00+00:00,57122.250000
2021-10-06T13:59:00+00:00,57119.290000
2021-10-06T14:04:00+00:00,57117.810000
2021-10-06T14:19:00+00:00,56846.850000
2021-10-06T14:19:00+00:00,56543.370000
2021-10-06T14:24:00+00:00,56541.150000
2021-10-06T17:59:00+00:00,56730.930000
2021-10-06T17:59:00+00:00,56721.310000
2021-10-06T18:14:00+00:00,56022.690000
2021-10-07T13:39:00+00:00,56015.290000
2021-10-07T13:59:00+00:00,56013.070000
2021-10-07T14:04:00+00:00,56508.120000
2021-10-07T18:44:00+00:00,56501.920000
2021-10-07T20:09:00+00:00,56102.200000
2021-10-08T07:24:00+00:00,56094.800000
2021-10-08T11:29:00+00:00,55387.400000
2021-10-08T12:44:00+00:00,55385.180000
2021-10-08T12:54:00+00:00,55210.460000
2021-10-08T12:54:00+00:00,55206.760000
2021-10-08T14:44:00+00:00,55601.280000
2021-10-08T14:44:00+00:00,55599.060000
2021-10-08T20:09:00+00:00,56349.840000
2021-10-08T20:09:00+00:00,56523.120000
2021-10-11T13:49:00+00:00,56521.640000
2021-10-11T19:54:00+00:00,56017.160000
2021-10-12T07:14:00+00:00,56006.800000
2021-10-12T08:44:00+00:00,56521.370000
2021-10-12T09:19:00+00:00,57728.940000
2021-10-12T13:49:00+00:00,57725.980000
2021-10-12T20:09:00+00:00,58355.020000
2021-10-13T07:09:00+00:00,58342.440000
2021-10-13T07:29:00+00:00,57615.860000
2021-10-13T07:39:00+00:00,57609.940000
2021-10-13T08:54:00+00:00,58122.980000
2021-10-13T12:39:00+00:00,58190.020000
2021-10-13T12:39:00+00:00,58184.100000
2021-10-13T12:59:00+00:00,57998.180000
2021-10-13T12:59:00+00:00,57987.820000
2021-10-13T13:19:00+00:00,58507.640000
2021-10-13T13:39:00+00:00,59727.460000
2021-10-13T13:54:00+00:00,59724.500000
2021-10-13T18:04:00+00:00,59111.540000
2021-10-14T07:39:00+00:00,59101.180000
2021-10-14T08:14:00+00:00,58383.820000
2021-10-14T14:04:00+00:00,58380.860000
2021-10-14T20:09:00+00:00,58905.900000
2021-10-15T06:19:00+00:00,58888.140000
2021-10-15T07:24:00+00:00,59428.260000
2021-10-15T08:14:00+00:00,59413.380000
2021-10-15T14:59:00+00:00,59408.940000
2021-10-15T19:09:00+00:00,59206.500000
2021-10-15T19:09:00+00:00,59188.740000
2021-10-15T19:19:00+00:00,58438.980000
2021-10-18T13:49:00+00:00,58435.280000
2021-10-18T17:14:00+00:00,58804.300000
2021-10-18T20:09:00+00:00,59735.080000
2021-10-19T08:14:00+00:00,59726.940000
2021-10-19T13:24:00+00:00,59712.880000
2021-10-19T13:34:00+00:00,58995.820000
2021-10-19T13:54:00+00:00,58991.380000
2021-10-19T14:59:00+00:00,59460.180000
2021-10-19T18:29:00+00:00,60079.740000
2021-10-19T18:29:00+00:00,60324.300000
2021-10-19T18:34:00+00:00,60302.100000
2021-10-19T19:04:00+00:00,59559.900000
2021-10-19T19:29:00+00:00,59545.100000
2021-10-19T20:04:00+00:00,58810.300000
2021-10-20T13:34:00+00:00,58801.420000
2021-10-20T13:54:00+00:00,58510.540000
2021-10-20T13:54:00+00:00,58503.140000
2021-10-20T14:29:00+00:00,57810.740000
2021-10-21T07:14:00+00:00,57800.380000
2021-10-21T13:44:00+00:00,58325.450000
2021-10-21T13:54:00+00:00,58321.010000
2021-10-21T14:29:00+00:00,59553.080000
2021-10-21T19:59:00+00:00,60052.610000
2021-10-21T20:09:00+00:00,60581.390000
2021-10-22T13:44:00+00:00,60573.990000
2021-10-22T13:49:00+00:00,59816.590000
2021-10-22T13:49:00+00:00,59812.150000
2021-10-22T14:29:00+00:00,59141.710000
2021-10-22T14:39:00+00:00,59132.830000
2021-10-22T15:19:00+00:00,59641.390000
2021-10-22T15:29:00+00:00,60833.950000
2021-10-25T15:59:00+00:00,60831.730000
2021-10-25T20:09:00+00:00,61287.010000
2021-10-26T14:14:00+00:00,61284.050000
2021-10-26T16:04:00+00:00,60523.090000
2021-10-27T13:49:00+00:00,60519.390000
2021-10-27T14:09:00+00:00,60033.190000
2021-10-27T14:09:00+00:00,60028.750000
2021-10-27T14:44:00+00:00,59313.310000
2021-10-27T17:54:00+00:00,59291.110000
2021-10-27T18:09:00+00:00,58623.910000
2021-10-28T06:44:00+00:00,58609.850000
2021-10-28T07:19:00+00:00,57873.790000
2021-10-28T07:24:00+00:00,57863.430000
2021-10-28T10:54:00+00:00,58372.750000
2021-10-28T14:09:00+00:00,58368.310000
2021-10-28T14:39:00+00:00,59563.630000
2021-10-28T19:49:00+00:00,60039.190000
2021-10-29T06:34:00+00:00,60022.910000
2021-10-29T07:04:00+00:00,59269.630000
2021-10-29T07:19:00+00:00,59260.750000
2021-10-29T10:14:00+00:00,58531.870000
2021-10-29T13:19:00+00:00,58522.250000
2021-10-29T13:44:00+00:00,59021.810000
2021-10-29T13:54:00+00:00,59018.110000
2021-10-29T15:24:00+00:00,60384.930000
2021-10-29T16:24:00+00:00,60789.950000
2021-10-29T20:09:00+00:00,61729.730000
2021-11-01T13:49:00+00:00,61726.030000
2021-11-01T17:04:00+00:00,61074.830000
2021-11-01T17:29:00+00:00,61065.210000
2021-11-01T18:19:00+00:00,61578.270000
2021-11-01T18:29:00+00:00,61968.590000
2021-11-01T18:29:00+00:00,61958.230000
2021-11-01T19:24:00+00:00,62514.800000
2021-11-01T20:09:00+00:00,63475.620000
2021-11-02T07:09:00+00:00,63453.420000
2021-11-02T08:04:00+00:00,63903.570000
2021-11-02T13:34:00+00:00,63884.970000
2021-11-02T13:49:00+00:00,63882.010000
2021-11-02T20:09:00+00:00,63855.050000
2021-11-03T14:04:00+00:00,63850.610000
2021-11-03T18:04:00+00:00,63144.170000
2021-11-03T18:09:00+00:00,63138.250000
2021-11-03T18:54:00+00:00,63669.290000
2021-11-03T20:09:00+00:00,64644.330000
2021-11-04T07:39:00+00:00,64622.130000
2021-11-04T08:04:00+00:00,64074.930000
2021-11-04T13:49:00+00:00,64071.230000
2021-11-04T14:49:00+00:00,64480.750000
2021-11-04T20:09:00+00:00,65072.530000
2021-11-05T08:09:00+00:00,65056.990000
2021-11-05T09:04:00+00:00,65627.090000
2021-11-05T09:59:00+00:00,67101.200000
2021-11-05T13:54:00+00:00,67096.760000
2021-11-05T14:04:00+00:00,66450.320000
2021-11-05T14:04:00+00:00,66446.620000
2021-11-05T17:14:00+00:00,65620.420000
2021-11-08T15:04:00+00:00,65616.720000
2021-11-08T15:54:00+00:00,65453.020000
2021-11-08T15:54:00+00:00,65444.880000
2021-11-08T21:04:00+00:00,64617.240000
2021-11-09T14:49:00+00:00,64612.800000
2021-11-09T14:54:00+00:00,64606.140000
2021-11-09T14:59:00+00:00,65186.670000
2021-11-09T14:59:00+00:00,65705.710000
2021-11-09T14:59:00+00:00,65699.510000
2021-11-09T18:49:00+00:00,66668.540000
2021-11-10T14:49:00+00:00,66665.580000
2021-11-10T18:14:00+00:00,65884.620000
2021-11-11T08:59:00+00:00,65875.000000
2021-11-11T09:29:00+00:00,66419.560000
2021-11-11T15:29:00+00:00,66722.380000
2021-11-11T15:29:00+00:00,66717.940000
2021-11-11T15:49:00+00:00,66302.500000
2021-11-11T15:49:00+00:00,66296.580000
2021-11-11T17:19:00+00:00,65526.660000
2021-11-12T14:29:00+00:00,65504.460000
2021-11-12T14:34:00+00:00,65887.110000
2021-11-12T14:34:00+00:00,65868.510000
2021-11-12T15:49:00+00:00,65864.810000
2021-11-12T20:34:00+00:00,66344.830000
2021-11-12T20:54:00+00:00,66941.110000
2021-11-15T15:04:00+00:00,66935.930000
2021-11-15T16:44:00+00:00,67408.460000
2021-11-15T21:09:00+00:00,67495.500000
2021-11-16T14:39:00+00:00,67484.400000
2021-11-16T14:54:00+00:00,66670.800000
2021-11-16T16:04:00+00:00,66668.580000
2021-11-16T20:54:00+00:00,66999.360000
2021-11-17T14:54:00+00:00,66991.960000
2021-11-17T15:14:00+00:00,66184.560000
2021-11-18T14:39:00+00:00,66175.680000
2021-11-18T14:49:00+00:00,65380.800000
2021-11-18T14:49:00+00:00,65375.620000
2021-11-18T14:54:00+00:00,65368.960000
2021-11-18T15:14:00+00:00,64537.780000
2021-11-18T15:14:00+00:00,63752.620000
2021-11-18T15:19:00+00:00,63748.920000
2021-11-18T16:24:00+00:00,62970.220000
2021-11-19T08:59:00+00:00,62955.420000
2021-11-19T09:44:00+00:00,62160.620000
2021-11-19T09:49:00+00:00,62152.480000
2021-11-19T14:49:00+00:00,61500.840000
2021-11-19T14:49:00+00:00,61496.400000
2021-11-19T21:09:00+00:00,61413.960000
2021-11-22T14:39:00+00:00,61400.640000
2021-11-22T14:49:00+00:00,61954.230000
2021-11-22T14:49:00+00:00,61943.070000
2021-11-22T14:49:00+00:00,61940.110000
2021-11-22T16:14:00+00:00,61199.150000
2021-11-23T09:34:00+00:00,61193.970000
2021-11-23T10:19:00+00:00,60502.790000
2021-11-23T14:49:00+00:00,60500.570000
2021-11-23T14:54:00+00:00,60498.350000
2021-11-23T15:09:00+00:00,59767.130000
2021-11-23T15:09:00+00:00,59095.910000
2021-11-23T15:09:00+00:00,59089.990000
2021-11-23T15:44:00+00:00,59615.030000
2021-11-23T18:34:00+00:00,60844.070000
2021-11-23T18:54:00+00:00,60834.450000
2021-11-23T18:59:00+00:00,60064.330000
2021-11-24T09:44:00+00:00,60060.630000
2021-11-24T13:44:00+00:00,60055.450000
2021-11-24T14:09:00+00:00,60466.470000
2021-11-24T14:34:00+00:00,60896.250000
2021-11-24T14:39:00+00:00,60893.290000
2021-11-24T15:04:00+00:00,60888.330000
2021-11-24T15:04:00+00:00,60183.370000
2021-11-24T15:04:00+00:00,60530.650000
2021-11-24T15:04:00+00:00,60528.430000
2021-11-24T19:24:00+00:00,60521.030000
2021-11-24T20:19:00+00:00,61087.330000
2021-11-24T21:09:00+00:00,61856.110000
2021-11-24T21:09:00+00:00,62407.410000
2021-11-25T07:09:00+00:00,62385.210000
2021-11-25T08:19:00+00:00,61688.010000
2021-11-25T08:34:00+00:00,61665.810000
2021-11-25T10:09:00+00:00,62082.210000
2021-11-25T11:14:00+00:00,63068.610000
2021-11-25T14:49:00+00:00,63059.730000
2021-11-25T23:34:00+00:00,62258.850000
2021-11-26T14:49:00+00:00,62256.630000
2021-11-26T17:54:00+00:00,62564.890000
2021-11-29T00:04:00+00:00,62562.410000
2021-11-29T14:59:00+00:00,62559.450000
2021-11-29T20:19:00+00:00,63082.970000
2021-11-29T20:29:00+00:00,63539.490000
2021-11-29T20:29:00+00:00,63529.130000
2021-11-29T21:09:00+00:00,63735.770000
2021-11-30T14:54:00+00:00,63732.070000
2021-11-30T15:49:00+00:00,63025.870000
2021-12-01T07:59:00+00:00,63012.550000
2021-12-01T08:09:00+00:00,63586.390000
2021-12-01T08:24:00+00:00,64155.730000
2021-12-01T08:24:00+00:00,64144.630000
2021-12-01T08:34:00+00:00,63338.530000
2021-12-01T14:09:00+00:00,63326.690000
2021-12-01T14:29:00+00:00,62554.850000
2021-12-01T15:09:00+00:00,62552.630000
2021-12-01T17:59:00+00:00,61944.410000
2021-12-02T08:24:00+00:00,61934.050000
2021-12-02T08:34:00+00:00,61167.690000
2021-12-02T09:39:00+00:00,61160.290000
2021-12-02T10:19:00+00:00,61700.340000
2021-12-02T12:29:00+00:00,62965.390000
2021-12-02T14:44:00+00:00,62963.170000
2021-12-02T14:54:00+00:00,62962.430000
2021-12-02T15:39:00+00:00,62240.210000
2021-12-02T15:44:00+00:00,61817.970000
2021-12-02T16:04:00+00:00,61815.750000
2021-12-02T17:24:00+00:00,62115.010000
2021-12-02T20:59:00+00:00,62554.530000
2021-12-03T07:34:00+00:00,62535.290000
2021-12-03T07:54:00+00:00,63091.170000
2021-12-03T08:04:00+00:00,63075.050000
2021-12-03T14:44:00+00:00,63072.830000
2021-12-03T14:49:00+00:00,63071.350000
2021-12-03T15:09:00+00:00,63426.860000
2021-12-03T15:49:00+00:00,63947.370000
2021-12-03T21:09:00+00:00,64909.890000
2021-12-03T21:09:00+00:00,65325.150000
2021-12-06T08:09:00+00:00,65319.230000
2021-12-06T09:49:00+00:00,64517.310000
2021-12-06T15:19:00+00:00,64515.830000
2021-12-06T21:09:00+00:00,64802.350000
2021-12-07T13:59:00+00:00,64788.290000
2021-12-07T14:34:00+00:00,63957.230000
2021-12-07T14:39:00+00:00,63949.830000
2021-12-07T14:49:00+00:00,63946.130000
2021-12-07T14:54:00+00:00,64512.430000
2021-12-07T15:39:00+00:00,65838.730000
2021-12-07T16:39:00+00:00,66287.250000
2021-12-07T21:09:00+00:00,67123.530000
2021-12-08T14:49:00+00:00,67120.570000
2021-12-08T20:49:00+00:00,67299.610000
2021-12-09T15:14:00+00:00,67296.650000
2021-12-09T19:59:00+00:00,67817.170000
2021-12-09T21:09:00+00:00,68615.690000
2021-12-10T09:09:00+00:00,68598.670000
2021-12-10T09:39:00+00:00,67730.650000
2021-12-10T13:39:00+00:00,67721.770000
2021-12-10T14:34:00+00:00,66902.890000
2021-12-10T14:49:00+00:00,66900.670000
2021-12-10T20:59:00+00:00,66236.950000
2021-12-13T08:09:00+00:00,66225.110000
2021-12-13T08:39:00+00:00,65477.270000
2021-12-13T08:39:00+00:00,65465.430000
2021-12-13T09:04:00+00:00,65709.590000
2021-12-13T09:04:00+00:00,65699.970000
2021-12-13T11:44:00+00:00,64903.850000
2021-12-13T14:54:00+00:00,64900.150000
2021-12-13T16:29:00+00:00,65363.670000
2021-12-13T21:04:00+00:00,66523.950000
2021-12-14T14:49:00+00:00,66521.730000
2021-12-14T15:49:00+00:00,65787.510000
2021-12-14T15:49:00+00:00,65786.030000
2021-12-14T21:09:00+00:00,65412.550000
2021-12-15T09:39:00+00:00,65403.670000
2021-12-15T13:34:00+00:00,65984.230000
2021-12-15T13:49:00+00:00,66240.790000
2021-12-15T13:49:00+00:00,66235.610000
2021-12-15T14:49:00+00:00,66232.650000
2021-12-15T14:54:00+00:00,66707.430000
2021-12-15T15:44:00+00:00,66702.470000
2021-12-15T19:09:00+00:00,65927.510000
2021-12-15T19:29:00+00:00,65922.330000
2021-12-15T19:39:00+00:00,65126.150000
2021-12-16T09:09:00+00:00,65119.490000
2021-12-16T10:59:00+00:00,64352.330000
2021-12-16T14:59:00+00:00,64350.850000
2021-12-16T17:59:00+00:00,64866.860000
2021-12-16T21:09:00+00:00,65446.620000
2021-12-17T07:24:00+00:00,65442.180000
2021-12-17T08:44:00+00:00,64645.740000
2021-12-17T14:49:00+00:00,64644.260000
2021-12-17T15:24:00+00:00,64087.780000
2021-12-17T15:34:00+00:00,64084.080000
2021-12-17T15:54:00+00:00,64543.100000
2021-12-17T16:49:00+00:00,64539.380000
2021-12-17T19:59:00+00:00,64532.720000
2021-12-17T20:04:00+00:00,63729.560000
2021-12-20T16:04:00+00:00,63727.340000
2021-12-20T20:24:00+00:00,62979.620000
2021-12-21T07:09:00+00:00,62962.600000
2021-12-21T07:34:00+00:00,63498.960000
2021-12-21T08:04:00+00:00,64876.080000
2021-12-21T09:39:00+00:00,64871.640000
2021-12-21T14:49:00+00:00,64869.420000
2021-12-21T14:54:00+00:00,65402.700000
2021-12-21T16:39:00+00:00,65398.980000
2021-12-21T16:59:00+00:00,64714.260000
2021-12-22T08:54:00+00:00,64705.380000
2021-12-22T10:54:00+00:00,65299.440000
2021-12-22T14:49:00+00:00,66691.500000
2021-12-22T14:49:00+00:00,66688.540000
2021-12-22T20:54:00+00:00,67215.060000
2021-12-22T21:09:00+00:00,67817.580000
2021-12-23T07:44:00+00:00,67795.380000
2021-12-23T08:14:00+00:00,66993.180000
2021-12-23T08:59:00+00:00,66978.380000
2021-12-23T11:29:00+00:00,67578.480000
2021-12-23T13:44:00+00:00,67566.080000
2021-12-23T15:14:00+00:00,67562.380000
2021-12-23T20:09:00+00:00,68156.180000
2021-12-23T20:09:00+00:00,68133.980000
2021-12-23T20:19:00+00:00,67481.780000
2021-12-27T14:39:00+00:00,67474.380000
2021-12-27T15:04:00+00:00,67472.160000
2021-12-27T15:24:00+00:00,68079.710000
2021-12-27T21:09:00+00:00,69421.010000
2021-12-27T21:09:00+00:00,70080.290000
2021-12-28T07:54:00+00:00,70058.090000
2021-12-28T08:09:00+00:00,70283.240000
2021-12-28T08:29:00+00:00,70823.390000
2021-12-28T15:09:00+00:00,70820.430000
2021-12-28T21:09:00+00:00,70769.470000
2021-12-29T07:39:00+00:00,70747.270000
2021-12-29T08:14:00+00:00,71388.670000
2021-12-29T08:34:00+00:00,71370.070000
2021-12-29T15:04:00+00:00,71364.890000
2021-12-29T15:19:00+00:00,71907.170000
2021-12-29T19:34:00+00:00,71902.210000
2021-12-30T14:39:00+00:00,71895.550000
2021-12-30T14:44:00+00:00,71020.390000
2021-12-30T15:09:00+00:00,71017.430000
2021-12-30T15:14:00+00:00,71013.730000
2021-12-30T20:44:00+00:00,70245.030000
2021-12-30T20:49:00+00:00,69528.070000
2021-12-31T09:14:00+00:00,69511.050000
2021-12-31T09:24:00+00:00,68620.030000
2021-12-31T14:39:00+00:00,68614.850000
2021-12-31T14:49:00+00:00,67780.170000
2021-12-31T14:49:00+00:00,67775.730000
2021-12-31T21:09:00+00:00,68389.290000
2022-01-03T09:19:00+00:00,68373.750000
2022-01-03T10:24:00+00:00,68966.350000
2022-01-03T13:59:00+00:00,68952.710000
2022-01-03T14:39:00+00:00,68946.050000
2022-01-03T14:49:00+00:00,68120.390000
2022-01-03T14:49:00+00:00,68118.170000
2022-01-03T14:54:00+00:00,68115.210000
2022-01-03T15:19:00+00:00,67386.250000
2022-01-03T19:44:00+00:00,66565.030000
2022-01-04T08:09:00+00:00,66550.230000
2022-01-04T08:44:00+00:00,67157.830000
2022-01-04T10:04:00+00:00,67145.430000
2022-01-04T14:54:00+00:00,67139.510000
2022-01-04T15:14:00+00:00,67700.550000
2022-01-04T15:39:00+00:00,68637.590000
2022-01-05T07:54:00+00:00,68630.930000
2022-01-05T14:09:00+00:00,68061.770000
2022-01-05T14:09:00+00:00,68043.270000
2022-01-05T14:14:00+00:00,67187.270000
2022-01-05T17:39:00+00:00,67185.790000
2022-01-05T20:09:00+00:00,67626.800000
2022-01-05T21:09:00+00:00,68210.060000
2022-01-06T14:39:00+00:00,68207.100000
2022-01-06T14:59:00+00:00,67452.140000
2022-01-06T15:04:00+00:00,67450.660000
2022-01-06T15:09:00+00:00,67449.180000
2022-01-06T15:34:00+00:00,66641.700000
2022-01-06T15:59:00+00:00,65805.220000
2022-01-07T13:44:00+00:00,65803.000000
2022-01-07T14:34:00+00:00,65092.780000
2022-01-07T15:14:00+00:00,65089.820000
2022-01-07T15:24:00+00:00,65088.340000
2022-01-07T15:49:00+00:00,65662.860000
2022-01-07T21:09:00+00:00,66153.380000
2022-01-07T21:09:00+00:00,66409.900000
2022-01-10T14:54:00+00:00,66407.680000
2022-01-10T18:54:00+00:00,65646.460000
2022-01-11T15:04:00+00:00,65644.980000
2022-01-11T21:09:00+00:00,66476.500000
2022-01-12T07:39:00+00:00,66468.360000
2022-01-12T08:19:00+00:00,65684.720000
2022-01-12T13:44:00+00:00,65682.500000
2022-01-12T15:14:00+00:00,65680.280000
2022-01-12T15:39:00+00:00,65027.060000
2022-01-12T15:54:00+00:00,64379.840000
2022-01-13T15:04:00+00:00,64376.140000
2022-01-13T15:49:00+00:00,64815.660000
2022-01-13T17:19:00+00:00,65915.940000
2022-01-14T08:24:00+00:00,65910.020000
2022-01-14T08:54:00+00:00,65112.100000
2022-01-14T14:54:00+00:00,65110.620000
2022-01-14T21:09:00+00:00,65292.140000
2022-01-17T14:49:00+00:00,65287.700000
2022-01-18T03:49:00+00:00,65825.480000
2022-01-18T08:14:00+00:00,66723.260000
2022-01-18T14:49:00+00:00,66719.560000
2022-01-18T15:09:00+00:00,66717.340000
2022-01-18T15:14:00+00:00,67150.860000
2022-01-18T15:59:00+00:00,67147.140000
2022-01-18T16:34:00+00:00,66325.920000
2022-01-18T19:29:00+00:00,66322.960000
2022-01-18T21:09:00+00:00,66714.000000
2022-01-19T14:54:00+00:00,66711.040000
2022-01-19T15:34:00+00:00,65972.080000
2022-01-20T14:49:00+00:00,65969.860000
2022-01-20T14:59:00+00:00,65967.640000
2022-01-20T19:14:00+00:00,65263.420000
2022-01-20T19:19:00+00:00,64551.700000
2022-01-20T19:19:00+00:00,64548.740000
2022-01-20T20:19:00+00:00,65153.260000
2022-01-20T21:04:00+00:00,66565.780000
2022-01-21T14:34:00+00:00,66558.380000
2022-01-21T14:39:00+00:00,65740.980000
2022-01-21T14:49:00+00:00,65738.760000
2022-01-21T14:54:00+00:00,65737.280000
2022-01-21T15:24:00+00:00,66095.040000
2022-01-21T15:34:00+00:00,66092.560000
2022-01-21T15:59:00+00:00,65446.080000
2022-01-24T14:59:00+00:00,65444.600000
2022-01-24T16:49:00+00:00,65944.860000
2022-01-24T18:19:00+00:00,65943.620000
2022-01-25T14:49:00+00:00,65942.140000
2022-01-25T14:54:00+00:00,65940.660000
2022-01-25T15:29:00+00:00,65379.180000
2022-01-25T15:34:00+00:00,65106.700000
2022-01-25T15:34:00+00:00,65105.220000
2022-01-25T16:39:00+00:00,64431.740000
2022-01-26T15:04:00+00:00,64430.260000
2022-01-26T15:19:00+00:00,64189.780000
2022-01-26T15:19:00+00:00,64185.340000
2022-01-26T15:29:00+00:00,64707.370000
2022-01-26T16:19:00+00:00,64703.650000
2022-01-26T19:19:00+00:00,64701.430000
2022-01-26T19:49:00+00:00,65101.190000
2022-01-26T21:09:00+00:00,66512.710000
2022-01-27T14:49:00+00:00,66510.490000
2022-01-27T15:34:00+00:00,65704.270000
2022-01-28T07:59:00+00:00,65699.090000
2022-01-28T08:14:00+00:00,64909.910000
2022-01-28T15:24:00+00:00,64908.430000
2022-01-28T15:54:00+00:00,64907.690000
2022-01-28T17:04:00+00:00,65512.200000
2022-01-28T21:09:00+00:00,66366.460000
2022-01-28T21:09:00+00:00,66997.720000
2022-01-31T08:09:00+00:00,66991.800000
2022-01-31T08:54:00+00:00,66157.880000
2022-01-31T14:34:00+00:00,66154.180000
2022-01-31T14:54:00+00:00,66152.700000
2022-01-31T15:04:00+00:00,66637.220000
2022-01-31T19:09:00+00:00,68336.000000
2022-01-31T20:29:00+00:00,68330.820000
2022-01-31T20:49:00+00:00,68868.600000
2022-01-31T20:54:00+00:00,69447.610000
2022-01-31T21:09:00+00:00,69980.370000
2022-01-31T21:09:00+00:00,70839.410000
2022-02-01T15:04:00+00:00,70837.930000
2022-02-01T20:34:00+00:00,70062.450000
2022-02-02T14:49:00+00:00,70060.970000
2022-02-02T21:09:00+00:00,70635.490000
2022-02-03T15:29:00+00:00,70633.270000
2022-02-03T16:59:00+00:00,69758.050000
2022-02-04T15:04:00+00:00,69756.570000
2022-02-04T21:09:00+00:00,69878.090000
2022-02-07T08:44:00+00:00,69855.890000
2022-02-07T08:49:00+00:00,70249.790000
2022-02-07T08:49:00+00:00,70231.190000
2022-02-07T14:44:00+00:00,70226.750000
2022-02-07T14:54:00+00:00,70224.530000
2022-02-07T15:19:00+00:00,69392.090000
2022-02-07T16:09:00+00:00,68608.370000
2022-02-08T07:19:00+00:00,68603.190000
2022-02-08T11:39:00+00:00,67779.010000
2022-02-08T15:04:00+00:00,67776.790000
2022-02-08T15:24:00+00:00,67432.570000
2022-02-08T15:24:00+00:00,67426.650000
2022-02-08T15:39:00+00:00,66612.730000
2022-02-09T14:54:00+00:00,66609.030000
2022-02-09T16:04:00+00:00,65907.830000
2022-02-10T08:24:00+00:00,65898.210000
2022-02-10T13:09:00+00:00,65115.090000
2022-02-10T14:54:00+00:00,65113.610000
2022-02-10T18:39:00+00:00,64402.130000
2022-02-11T08:44:00+00:00,64396.210000
2022-02-11T12:14:00+00:00,63654.290000
2022-02-11T14:54:00+00:00,63649.110000
2022-02-11T14:59:00+00:00,62887.930000
2022-02-11T14:59:00+00:00,62885.710000
2022-02-11T18:34:00+00:00,63217.970000
2022-02-11T18:44:00+00:00,64326.490000
2022-02-11T20:09:00+00:00,64322.050000
2022-02-11T20:44:00+00:00,63531.610000
2022-02-14T07:09:00+00:00,63527.170000
2022-02-14T07:59:00+00:00,62778.730000
2022-02-14T08:09:00+00:00,62772.810000
2022-02-14T08:19:00+00:00,63303.850000
2022-02-14T08:54:00+00:00,64546.890000
2022-02-14T14:54:00+00:00,64545.410000
2022-02-14T18:54:00+00:00,63944.930000
2022-02-15T07:14:00+00:00,63940.490000
2022-02-15T08:09:00+00:00,63932.350000
2022-02-15T08:24:00+00:00,64497.130000
2022-02-15T08:24:00+00:00,64995.930000
2022-02-15T08:34:00+00:00,66398.490000
2022-02-15T09:19:00+00:00,67719.270000
2022-02-15T15:44:00+00:00,67716.310000
2022-02-15T17:49:00+00:00,66963.350000
2022-02-16T08:19:00+00:00,66945.590000
2022-02-16T08:44:00+00:00,66099.830000
2022-02-16T09:14:00+00:00,66093.170000
2022-02-16T13:49:00+00:00,66615.210000
2022-02-16T14:39:00+00:00,68142.760000
2022-02-16T14:54:00+00:00,68140.540000
2022-02-16T19:24:00+00:00,67430.320000
2022-02-17T14:49:00+00:00,67425.880000
2022-02-17T15:49:00+00:00,68015.410000
2022-02-17T19:29:00+00:00,68999.440000
2022-02-18T14:59:00+00:00,68995.000000
2022-02-18T15:14:00+00:00,68210.560000
2022-02-18T15:34:00+00:00,68209.080000
2022-02-18T20:24:00+00:00,68206.860000
2022-02-18T20:49:00+00:00,68332.380000
2022-02-18T20:49:00+00:00,68268.660000
2022-02-21T15:49:00+00:00,68264.960000
2022-02-21T23:04:00+00:00,68749.480000
2022-02-21T23:04:00+00:00,69962.260000
2022-02-22T14:49:00+00:00,69960.780000
2022-02-22T14:54:00+00:00,69958.560000
2022-02-22T15:59:00+00:00,69140.340000
2022-02-22T16:54:00+00:00,68419.860000
2022-02-22T19:34:00+00:00,68416.900000
2022-02-22T19:59:00+00:00,68946.420000
2022-02-22T20:54:00+00:00,68943.940000
2022-02-23T14:54:00+00:00,68941.720000
2022-02-23T18:14:00+00:00,69344.480000
2022-02-23T20:04:00+00:00,70688.000000
2022-02-24T14:39:00+00:00,70684.300000
2022-02-24T14:44:00+00:00,69825.600000
2022-02-24T14:49:00+00:00,69824.860000
2022-02-24T21:09:00+00:00,71006.620000
2022-02-25T14:59:00+00:00,71004.400000
2022-02-25T15:14:00+00:00,70793.680000
2022-02-25T15:14:00+00:00,70789.980000
2022-02-25T15:44:00+00:00,71264.000000
2022-02-25T20:54:00+00:00,72926.030000
2022-02-28T09:09:00+00:00,72923.070000
2022-02-28T14:59:00+00:00,72920.850000
2022-02-28T15:44:00+00:00,73585.370000
2022-02-28T19:09:00+00:00,73582.890000
2022-02-28T19:09:00+00:00,72875.670000
2022-03-01T15:59:00+00:00,72872.710000
2022-03-01T18:29:00+00:00,73483.230000
2022-03-01T21:09:00+00:00,73995.750000
2022-03-02T08:14:00+00:00,73993.530000
2022-03-02T09:34:00+00:00,73248.810000
2022-03-02T14:39:00+00:00,73245.850000
2022-03-02T14:49:00+00:00,72460.890000
2022-03-02T15:09:00+00:00,72458.670000
2022-03-02T15:14:00+00:00,72454.970000
2022-03-02T15:29:00+00:00,71591.270000
2022-03-02T15:34:00+00:00,70843.550000
2022-03-02T15:34:00+00:00,70841.330000
2022-03-02T18:04:00+00:00,71195.340000
2022-03-02T21:09:00+00:00,71915.860000
2022-03-03T14:49:00+00:00,71913.640000
2022-03-03T15:54:00+00:00,72251.150000
2022-03-03T19:19:00+00:00,72596.670000
2022-03-03T19:19:00+00:00,72594.450000
2022-03-03T20:04:00+00:00,71875.230000
2022-03-04T07:24:00+00:00,71867.090000
2022-03-04T08:04:00+00:00,70967.950000
2022-03-04T14:49:00+00:00,70966.470000
2022-03-04T15:04:00+00:00,70679.990000
2022-03-04T15:04:00+00:00,70674.810000
2022-03-04T15:09:00+00:00,69847.130000
2022-03-07T08:14:00+00:00,69841.950000
2022-03-07T12:09:00+00:00,70393.230000
2022-03-07T14:09:00+00:00,72112.270000
2022-03-07T14:49:00+00:00,72110.050000
2022-03-07T15:49:00+00:00,72481.310000
2022-03-07T21:04:00+00:00,74215.830000
2022-03-08T15:04:00+00:00,74214.350000
2022-03-08T15:24:00+00:00,74062.870000
2022-03-08T15:24:00+00:00,74059.170000
2022-03-08T15:34:00+00:00,73140.470000
2022-03-09T14:54:00+00:00,73137.510000
2022-03-09T15:04:00+00:00,72284.550000
2022-03-10T15:19:00+00:00,72282.330000
2022-03-10T15:34:00+00:00,71564.610000
2022-03-10T20:09:00+00:00,71554.990000
2022-03-10T20:19:00+00:00,70654.870000
2022-03-11T07:29:00+00:00,70646.730000
2022-03-11T08:04:00+00:00,71228.030000
2022-03-11T09:14:00+00:00,71220.590000
2022-03-11T14:54:00+00:00,71218.370000
2022-03-11T16:44:00+00:00,71582.880000
2022-03-11T18:59:00+00:00,71576.960000
2022-03-11T20:34:00+00:00,72234.000000
2022-03-11T20:59:00+00:00,73450.020000
2022-03-11T21:09:00+00:00,74461.060000
2022-03-14T06:24:00+00:00,74453.660000
2022-03-14T06:54:00+00:00,73566.260000
2022-03-14T07:04:00+00:00,73560.340000
2022-03-14T08:14:00+00:00,73555.160000
2022-03-14T08:34:00+00:00,72633.240000
2022-03-14T11:29:00+00:00,71735.560000
2022-03-14T14:09:00+00:00,71733.340000
2022-03-14T15:44:00+00:00,70934.620000
2022-03-15T14:04:00+00:00,70932.400000
2022-03-15T19:19:00+00:00,71308.160000
2022-03-15T20:09:00+00:00,72194.680000
2022-03-16T13:49:00+00:00,72192.460000
2022-03-16T17:39:00+00:00,72186.540000
2022-03-16T18:04:00+00:00,71356.620000
2022-03-16T18:09:00+00:00,70635.900000
2022-03-16T18:09:00+00:00,70633.680000
2022-03-16T18:49:00+00:00,70047.960000
2022-03-16T18:49:00+00:00,70046.480000
2022-03-16T19:59:00+00:00,70541.490000
2022-03-16T20:09:00+00:00,71073.250000
2022-03-17T13:54:00+00:00,71070.290000
2022-03-17T17:44:00+00:00,71635.810000
2022-03-17T20:09:00+00:00,72390.330000
2022-03-18T13:49:00+00:00,72387.370000
2022-03-18T15:39:00+00:00,73056.390000
2022-03-18T19:24:00+00:00,74172.410000
2022-03-21T07:49:00+00:00,74162.790000
2022-03-21T11:14:00+00:00,74756.850000
2022-03-21T13:54:00+00:00,74748.170000
2022-03-21T13:54:00+00:00,74742.990000
2022-03-21T15:04:00+00:00,73869.810000
2022-03-21T19:04:00+00:00,73867.590000
2022-03-21T20:09:00+00:00,73082.370000
2022-03-22T13:44:00+00:00,73078.670000
2022-03-22T14:04:00+00:00,73077.190000
2022-03-22T14:29:00+00:00,73540.710000
2022-03-22T20:09:00+00:00,74651.490000
2022-03-22T20:09:00+00:00,75155.010000
2022-03-23T13:49:00+00:00,75150.570000
2022-03-23T14:14:00+00:00,74216.130000
2022-03-23T19:04:00+00:00,74213.910000
2022-03-23T20:09:00+00:00,74609.190000
2022-03-24T14:19:00+00:00,74605.490000
2022-03-24T14:24:00+00:00,74602.530000
2022-03-24T14:39:00+00:00,74163.830000
2022-03-24T14:39:00+00:00,73818.870000
2022-03-24T14:44:00+00:00,73813.690000
2022-03-24T15:29:00+00:00,74362.720000
2022-03-24T19:29:00+00:00,76074.760000
2022-03-25T14:04:00+00:00,76070.320000
2022-03-25T14:39:00+00:00,75150.880000
2022-03-25T15:14:00+00:00,75148.660000
2022-03-25T20:09:00+00:00,74487.940000
2022-03-28T07:09:00+00:00,74478.320000
2022-03-28T09:24:00+00:00,73584.700000
2022-03-28T13:59:00+00:00,73582.480000
2022-03-28T15:39:00+00:00,72752.260000
2022-03-29T07:29:00+00:00,72746.340000
2022-03-29T12:24:00+00:00,73412.380000
2022-03-29T13:49:00+00:00,74163.420000
2022-03-29T13:49:00+00:00,74160.460000
2022-03-29T18:49:00+00:00,73399.500000
2022-03-30T13:49:00+00:00,73394.320000
2022-03-30T15:04:00+00:00,72524.640000
2022-03-31T14:04:00+00:00,72521.680000
2022-03-31T14:59:00+00:00,71634.720000
2022-04-01T06:24:00+00:00,71618.440000
2022-04-01T07:14:00+00:00,70711.160000
2022-04-01T13:54:00+00:00,70708.940000
2022-04-01T20:09:00+00:00,70525.220000
2022-04-04T13:49:00+00:00,70523.000000
2022-04-04T20:09:00+00:00,71428.280000
2022-04-05T06:19:00+00:00,71406.080000
2022-04-05T07:04:00+00:00,70588.880000
2022-04-05T13:54:00+00:00,70585.180000
2022-04-05T14:19:00+00:00,71062.200000
2022-04-05T16:29:00+00:00,72256.230000
2022-04-06T08:54:00+00:00,72243.650000
2022-04-06T09:39:00+00:00,71330.070000
2022-04-06T13:49:00+00:00,71327.850000
2022-04-06T18:39:00+00:00,71351.130000
2022-04-06T18:39:00+00:00,71347.430000
2022-04-06T19:04:00+00:00,71807.950000
2022-04-06T19:24:00+00:00,71804.230000
2022-04-07T08:14:00+00:00,71800.530000
2022-04-07T13:04:00+00:00,70996.830000
2022-04-07T13:39:00+00:00,70990.910000
2022-04-07T13:44:00+00:00,70136.990000
2022-04-07T14:44:00+00:00,70134.770000
2022-04-07T18:59:00+00:00,69357.050000
2022-04-08T07:09:00+00:00,69337.070000
2022-04-08T07:24:00+00:00,68439.590000
2022-04-08T13:54:00+00:00,68438.110000
2022-04-08T15:04:00+00:00,67838.630000
2022-04-11T07:04:00+00:00,67830.490000
2022-04-11T07:19:00+00:00,68393.040000
2022-04-11T07:29:00+00:00,68385.600000
2022-04-11T07:34:00+00:00,68382.640000
2022-04-11T08:09:00+00:00,67687.680000
2022-04-11T08:09:00+00:00,67683.980000
2022-04-11T13:44:00+00:00,68110.000000
2022-04-11T14:29:00+00:00,68107.040000
2022-04-11T20:09:00+00:00,69331.820000
2022-04-11T20:09:00+00:00,69908.860000
2022-04-12T07:54:00+00:00,69897.020000
2022-04-12T08:39:00+00:00,70539.100000
2022-04-12T12:09:00+00:00,72045.180000
2022-04-12T13:49:00+00:00,72042.220000
2022-04-12T14:49:00+00:00,71277.260000
2022-04-13T13:49:00+00:00,71275.040000
2022-04-13T14:04:00+00:00,71193.320000
2022-04-13T14:04:00+00:00,71186.660000
2022-04-13T14:19:00+00:00,70374.500000
2022-04-14T13:54:00+00:00,70372.280000
2022-04-14T19:34:00+00:00,70766.790000
2022-04-14T20:09:00+00:00,71667.310000
2022-04-18T13:54:00+00:00,71663.610000
2022-04-18T14:09:00+00:00,70789.910000
2022-04-19T08:04:00+00:00,70780.290000
2022-04-19T08:49:00+00:00,69886.670000
2022-04-19T13:49:00+00:00,69883.710000
2022-04-19T14:04:00+00:00,69882.230000
2022-04-19T14:14:00+00:00,70464.250000
2022-04-19T15:34:00+00:00,71435.270000
2022-04-19T20:09:00+00:00,71707.790000
2022-04-20T13:49:00+00:00,71706.310000
2022-04-20T20:09:00+00:00,71906.830000
2022-04-21T14:14:00+00:00,71904.610000
2022-04-21T16:14:00+00:00,72308.870000
2022-04-21T18:09:00+00:00,73657.390000
2022-04-22T12:39:00+00:00,73647.770000
2022-04-22T13:14:00+00:00,74241.830000
2022-04-22T13:34:00+00:00,74233.150000
2022-04-22T13:44:00+00:00,74230.190000
2022-04-22T14:09:00+00:00,73345.230000
2022-04-22T14:24:00+00:00,73343.750000
2022-04-22T19:59:00+00:00,73856.760000
2022-04-22T20:09:00+00:00,74433.020000
2022-04-25T07:14:00+00:00,74425.620000
2022-04-25T07:24:00+00:00,75066.920000
2022-04-25T07:54:00+00:00,75060.720000
2022-04-25T13:59:00+00:00,75057.760000
2022-04-25T14:29:00+00:00,74120.800000
2022-04-25T19:04:00+00:00,74114.880000
2022-04-25T19:24:00+00:00,73180.960000
2022-04-26T13:49:00+00:00,73178.740000
2022-04-26T15:24:00+00:00,73594.250000
2022-04-26T20:04:00+00:00,74980.270000
2022-04-27T07:44:00+00:00,74974.350000
2022-04-27T07:59:00+00:00,75622.390000
2022-04-27T11:24:00+00:00,75617.430000
2022-04-27T13:39:00+00:00,75612.990000
2022-04-27T13:49:00+00:00,75611.510000
2022-04-27T13:54:00+00:00,76295.540000
2022-04-27T14:04:00+00:00,76291.820000
2022-04-27T14:14:00+00:00,75428.340000
2022-04-27T14:19:00+00:00,75426.860000
2022-04-27T16:24:00+00:00,74528.380000
2022-04-28T13:14:00+00:00,74521.720000
2022-04-28T13:34:00+00:00,75082.760000
2022-04-28T13:34:00+00:00,75076.560000
2022-04-28T14:04:00+00:00,75075.080000
2022-04-28T16:34:00+00:00,74313.600000
2022-04-29T12:39:00+00:00,74303.980000
2022-04-29T12:49:00+00:00,73384.360000
2022-04-29T13:29:00+00:00,73375.480000
2022-04-29T13:34:00+00:00,74055.040000
2022-04-29T13:34:00+00:00,74047.600000
2022-04-29T13:59:00+00:00,74046.120000
2022-04-29T14:29:00+00:00,73254.640000
2022-05-02T13:49:00+00:00,73251.680000
2022-05-02T14:29:00+00:00,73250.940000
2022-05-02T14:34:00+00:00,73840.460000
2022-05-02T15:04:00+00:00,73837.980000
2022-05-02T17:49:00+00:00,73357.240000
2022-05-02T18:19:00+00:00,73355.760000
2022-05-02T19:19:00+00:00,72550.280000
2022-05-03T13:59:00+00:00,72548.060000
2022-05-03T14:49:00+00:00,71821.340000
2022-05-04T13:54:00+00:00,71816.900000
2022-05-04T14:19:00+00:00,72453.680000
2022-05-04T16:24:00+00:00,72449.960000
2022-05-05T13:49:00+00:00,72447.740000
2022-05-05T14:24:00+00:00,72822.000000
2022-05-05T15:09:00+00:00,74070.520000
2022-05-05T17:19:00+00:00,74067.560000
2022-05-05T19:04:00+00:00,74634.580000
2022-05-05T20:09:00+00:00,74632.100000
2022-05-06T07:59:00+00:00,74624.700000
2022-05-06T09:24:00+00:00,73682.300000
2022-05-06T12:54:00+00:00,73678.600000
2022-05-06T13:39:00+00:00,74145.120000
2022-05-06T13:54:00+00:00,74144.380000
2022-05-06T14:19:00+00:00,74140.660000
2022-05-06T14:19:00+00:00,73637.420000
2022-05-06T19:04:00+00:00,73636.680000
2022-05-06T20:09:00+00:00,73595.440000
2022-05-09T07:29:00+00:00,73589.520000
2022-05-09T07:39:00+00:00,73183.600000
2022-05-09T07:39:00+00:00,73174.720000
2022-05-09T07:54:00+00:00,72301.840000
2022-05-09T14:09:00+00:00,72300.360000
2022-05-09T20:09:00+00:00,72887.880000
2022-05-10T13:49:00+00:00,72885.660000
2022-05-10T14:04:00+00:00,72022.440000
2022-05-11T13:49:00+00:00,72021.700000
2022-05-11T16:59:00+00:00,71443.460000
2022-05-12T08:09:00+00:00,71439.760000
2022-05-12T11:59:00+00:00,71906.280000
2022-05-12T13:34:00+00:00,71904.060000
2022-05-12T13:49:00+00:00,71900.340000
2022-05-12T13:49:00+00:00,71208.120000
2022-05-12T14:09:00+00:00,71206.640000
2022-05-12T18:44:00+00:00,70339.160000
2022-05-13T13:49:00+00:00,70336.940000
2022-05-13T13:54:00+00:00,70335.460000
2022-05-13T16:04:00+00:00,70705.970000
2022-05-13T19:39:00+00:00,71434.490000
2022-05-13T19:39:00+00:00,71823.010000
2022-05-16T07:34:00+00:00,71816.350000
2022-05-16T12:24:00+00:00,72368.390000
2022-05-16T13:34:00+00:00,72362.190000
2022-05-16T13:49:00+00:00,72359.970000
2022-05-16T14:24:00+00:00,71586.750000
2022-05-17T07:29:00+00:00,71575.650000
2022-05-17T07:44:00+00:00,72158.470000
2022-05-17T08:19:00+00:00,73720.550000
2022-05-17T13:54:00+00:00,73716.850000
2022-05-17T18:09:00+00:00,72840.650000
2022-05-18T07:29:00+00:00,72825.110000
2022-05-18T07:44:00+00:00,71927.570000
2022-05-18T13:59:00+00:00,71924.610000
2022-05-18T15:29:00+00:00,72524.630000
2022-05-18T17:09:00+00:00,73525.650000
2022-05-19T13:49:00+00:00,73524.170000
2022-05-19T13:54:00+00:00,73521.210000
2022-05-19T14:04:00+00:00,72856.730000
2022-05-19T14:04:00+00:00,71957.770000
2022-05-20T07:19:00+00:00,71950.370000
2022-05-20T08:34:00+00:00,72591.670000
2022-05-20T12:49:00+00:00,72585.470000
2022-05-20T12:54:00+00:00,72581.030000
2022-05-20T14:09:00+00:00,73193.060000
2022-05-20T14:09:00+00:00,73190.840000
2022-05-20T15:09:00+00:00,74621.870000
2022-05-20T16:09:00+00:00,75062.880000
2022-05-20T16:49:00+00:00,76533.900000
2022-05-23T13:44:00+00:00,76531.680000
2022-05-23T13:49:00+00:00,76307.460000
2022-05-23T13:49:00+00:00,76305.240000
2022-05-23T14:04:00+00:00,75497.520000
2022-05-23T14:04:00+00:00,75493.820000
2022-05-23T14:19:00+00:00,74620.120000
2022-05-24T13:49:00+00:00,74617.900000
2022-05-24T20:09:00+00:00,74093.680000
2022-05-25T06:44:00+00:00,74079.620000
2022-05-25T07:24:00+00:00,73134.560000
2022-05-25T14:19:00+00:00,73132.340000
2022-05-25T20:09:00+00:00,73482.620000
2022-05-26T13:39:00+00:00,73476.700000
2022-05-26T13:49:00+00:00,73475.220000
2022-05-26T13:54:00+00:00,74105.260000
2022-05-26T15:04:00+00:00,75579.300000
2022-05-26T16:59:00+00:00,76081.060000
2022-05-26T20:09:00+00:00,76452.820000
2022-05-27T13:59:00+00:00,76449.860000
2022-05-27T20:09:00+00:00,77846.900000
2022-05-30T14:49:00+00:00,77839.500000
2022-05-30T22:29:00+00:00,76907.100000
2022-05-31T13:39:00+00:00,76901.920000
2022-05-31T14:04:00+00:00,76900.440000
2022-05-31T14:44:00+00:00,76016.760000
2022-05-31T15:54:00+00:00,75293.280000
2022-06-01T06:14:00+00:00,75279.960000
2022-06-01T08:09:00+00:00,74321.640000
2022-06-01T13:54:00+00:00,74317.940000
2022-06-01T14:09:00+00:00,73471.740000
2022-06-01T14:59:00+00:00,73465.820000
2022-06-01T15:09:00+00:00,72635.900000
2022-06-02T13:49:00+00:00,72633.680000
2022-06-02T16:24:00+00:00,73009.440000
2022-06-02T19:54:00+00:00,74262.960000
2022-06-03T14:39:00+00:00,74260.740000
2022-06-03T19:34:00+00:00,74479.020000
2022-06-06T14:04:00+00:00,74476.060000
2022-06-06T15:14:00+00:00,73699.100000
2022-06-07T13:49:00+00:00,73696.880000
2022-06-07T18:49:00+00:00,74401.160000
2022-06-07T18:49:00+00:00,74394.500000
2022-06-07T19:24:00+00:00,73532.840000
2022-06-08T13:44:00+00:00,73529.140000
2022-06-08T13:49:00+00:00,73526.920000
2022-06-08T16:39:00+00:00,72759.700000
2022-06-08T16:49:00+00:00,71978.500000
2022-06-09T13:54:00+00:00,71976.280000
2022-06-09T17:44:00+00:00,71221.060000
2022-06-10T13:54:00+00:00,71218.840000
2022-06-10T20:09:00+00:00,71890.120000
2022-06-13T13:39:00+00:00,71880.500000
2022-06-13T13:49:00+00:00,72497.060000
2022-06-13T13:49:00+00:00,72488.380000
2022-06-13T14:14:00+00:00,72486.160000
2022-06-13T17:49:00+00:00,72389.440000
2022-06-13T17:49:00+00:00,72386.480000
2022-06-13T18:34:00+00:00,71635.520000
2022-06-14T13:34:00+00:00,71629.600000
2022-06-14T13:44:00+00:00,72295.640000
2022-06-14T13:59:00+00:00,72290.680000
2022-06-14T13:59:00+00:00,72286.240000
2022-06-14T14:14:00+00:00,71399.800000
2022-06-14T14:44:00+00:00,71398.320000
2022-06-14T14:54:00+00:00,71160.840000
2022-06-14T14:54:00+00:00,71157.140000
2022-06-14T17:34:00+00:00,71428.440000
2022-06-14T17:34:00+00:00,71422.520000
2022-06-14T19:04:00+00:00,72085.560000
2022-06-14T19:34:00+00:00,72516.600000
2022-06-15T07:54:00+00:00,72507.720000
2022-06-15T08:29:00+00:00,71622.840000
2022-06-15T14:04:00+00:00,71619.140000
2022-06-15T18:04:00+00:00,70730.440000
2022-06-15T18:49:00+00:00,70729.700000
2022-06-15T20:09:00+00:00,70670.960000
2022-06-16T14:04:00+00:00,70668.740000
2022-06-16T20:09:00+00:00,71119.520000
2022-06-17T06:34:00+00:00,71110.640000
2022-06-17T06:59:00+00:00,70939.760000
2022-06-17T06:59:00+00:00,70935.320000
2022-06-17T08:34:00+00:00,70048.880000
2022-06-17T13:39:00+00:00,70044.440000
2022-06-17T13:54:00+00:00,70042.220000
2022-06-17T14:24:00+00:00,69251.780000
2022-06-17T14:24:00+00:00,68382.560000
2022-06-17T19:29:00+00:00,68375.900000
2022-06-17T19:49:00+00:00,67541.240000
2022-06-20T07:14:00+00:00,67530.140000
2022-06-20T08:09:00+00:00,66709.040000
2022-06-20T13:49:00+00:00,66701.640000
2022-06-20T14:04:00+00:00,65904.240000
2022-06-21T13:09:00+00:00,65896.100000
2022-06-21T13:39:00+00:00,66417.400000
2022-06-21T13:59:00+00:00,67882.960000
2022-06-21T13:59:00+00:00,67881.480000
2022-06-21T20:09:00+00:00,67664.000000
2022-06-22T13:49:00+00:00,67661.040000
2022-06-22T14:19:00+00:00,68178.560000
2022-06-22T18:14:00+00:00,68176.340000
2022-06-22T19:39:00+00:00,67394.120000
2022-06-22T20:09:00+00:00,67470.640000
2022-06-23T13:54:00+00:00,67468.420000
2022-06-23T14:09:00+00:00,66723.700000
2022-06-23T15:09:00+00:00,66717.780000
2022-06-23T16:04:00+00:00,67329.820000
2022-06-23T19:29:00+00:00,67324.860000
2022-06-24T07:14:00+00:00,67314.500000
2022-06-24T13:34:00+00:00,67918.320000
2022-06-24T13:44:00+00:00,69334.140000
2022-06-24T13:49:00+00:00,69331.920000
2022-06-24T20:09:00+00:00,70229.700000
2022-06-27T13:39:00+00:00,70224.520000
2022-06-27T13:49:00+00:00,70223.040000
2022-06-27T14:09:00+00:00,70550.360000
2022-06-27T14:09:00+00:00,70344.880000
2022-06-27T14:14:00+00:00,70341.920000
2022-06-27T19:19:00+00:00,70335.260000
2022-06-27T19:39:00+00:00,69500.600000
2022-06-27T20:09:00+00:00,69561.640000
2022-06-28T14:09:00+00:00,69559.420000
2022-06-28T15:44:00+00:00,69977.930000
2022-06-28T19:09:00+00:00,71373.950000
2022-06-29T13:54:00+00:00,71371.730000
2022-06-29T13:59:00+00:00,71368.770000
2022-06-29T20:09:00+00:00,71228.550000
2022-06-29T20:09:00+00:00,71173.590000
2022-06-30T13:44:00+00:00,71170.630000
2022-06-30T13:54:00+00:00,71169.150000
2022-06-30T15:24:00+00:00,70336.190000
2022-06-30T15:29:00+00:00,69626.710000
2022-07-01T13:49:00+00:00,69624.490000
2022-07-01T13:54:00+00:00,69622.270000
2022-07-01T14:29:00+00:00,68868.550000
2022-07-01T14:34:00+00:00,68077.330000
2022-07-04T14:09:00+00:00,68066.970000
2022-07-04T16:29:00+00:00,67202.610000
2022-07-05T06:54:00+00:00,67180.410000
2022-07-05T07:04:00+00:00,67675.560000
2022-07-05T07:04:00+00:00,67656.960000
2022-07-05T13:54:00+00:00,67652.520000
2022-07-05T14:14:00+00:00,67650.300000
2022-07-05T14:39:00+00:00,68217.330000
2022-07-05T17:24:00+00:00,69543.360000
2022-07-05T17:39:00+00:00,69898.120000
2022-07-05T19:34:00+00:00,71081.640000
2022-07-06T13:44:00+00:00,71078.680000
2022-07-06T18:09:00+00:00,70347.720000
2022-07-06T18:34:00+00:00,70343.280000
2022-07-06T20:09:00+00:00,70344.840000
2022-07-07T07:29:00+00:00,70330.040000
2022-07-07T08:09:00+00:00,70952.640000
2022-07-07T08:49:00+00:00,70940.240000
2022-07-07T13:49:00+00:00,70937.280000
2022-07-07T20:09:00+00:00,71710.320000
2022-07-08T13:54:00+00:00,71705.140000
2022-07-08T14:14:00+00:00,70842.460000
2022-07-08T14:29:00+00:00,70840.240000
2022-07-08T20:09:00+00:00,71103.520000
2022-07-11T13:54:00+00:00,71102.040000
2022-07-11T20:09:00+00:00,70928.560000
2022-07-12T13:49:00+00:00,70926.340000
2022-07-12T19:29:00+00:00,71263.850000
2022-07-12T20:09:00+00:00,71831.370000
2022-07-13T12:39:00+00:00,71829.890000
2022-07-13T13:49:00+00:00,71184.410000
2022-07-13T13:49:00+00:00,71182.930000
2022-07-13T20:09:00+00:00,71387.450000
2022-07-14T07:14:00+00:00,71382.270000
2022-07-14T07:24:00+00:00,70883.590000
2022-07-14T07:24:00+00:00,70874.710000
2022-07-14T07:54:00+00:00,70001.830000
2022-07-14T13:54:00+00:00,69994.430000
2022-07-14T14:04:00+00:00,69182.030000
2022-07-14T14:04:00+00:00,69180.550000
2022-07-14T15:44:00+00:00,68541.070000
2022-07-15T12:44:00+00:00,68537.370000
2022-07-15T13:34:00+00:00,69023.390000
2022-07-15T13:49:00+00:00,69382.670000
2022-07-15T13:49:00+00:00,69379.710000
2022-07-15T13:54:00+00:00,69376.010000
2022-07-15T14:04:00+00:00,68641.050000
2022-07-15T14:04:00+00:00,67842.350000
2022-07-18T13:49:00+00:00,67838.650000
2022-07-18T17:34:00+00:00,67087.450000
2022-07-19T07:39:00+00:00,67080.050000
2022-07-19T09:04:00+00:00,66292.650000
2022-07-19T14:29:00+00:00,66289.690000
2022-07-19T17:34:00+00:00,66795.210000
2022-07-19T20:09:00+00:00,67614.730000
2022-07-20T07:44:00+00:00,67608.810000
2022-07-20T13:39:00+00:00,66822.890000
2022-07-20T14:04:00+00:00,66816.970000
2022-07-20T14:14:00+00:00,66115.050000
2022-07-20T14:14:00+00:00,66112.090000
2022-07-20T14:54:00+00:00,66616.110000
2022-07-20T20:09:00+00:00,67173.630000
2022-07-21T08:39:00+00:00,67158.830000
2022-07-21T09:24:00+00:00,67758.930000
2022-07-21T10:19:00+00:00,69169.030000
2022-07-21T13:54:00+00:00,69166.070000
2022-07-21T14:14:00+00:00,68329.110000
2022-07-22T13:44:00+00:00,68324.670000
2022-07-22T13:49:00+00:00,68321.710000
2022-07-22T14:04:00+00:00,67516.270000
2022-07-22T14:04:00+00:00,66785.310000
2022-07-22T14:19:00+00:00,66777.170000
2022-07-22T14:29:00+00:00,65944.030000
2022-07-25T14:14:00+00:00,65941.070000
2022-07-25T20:09:00+00:00,65820.110000
2022-07-26T06:14:00+00:00,65803.090000
2022-07-26T07:29:00+00:00,64969.570000
2022-07-26T12:49:00+00:00,64959.210000
2022-07-26T13:34:00+00:00,65557.780000
2022-07-26T13:34:00+00:00,65549.100000
2022-07-26T13:49:00+00:00,65545.400000
2022-07-26T18:29:00+00:00,66017.920000
2022-07-26T19:59:00+00:00,66624.700000
2022-07-27T07:09:00+00:00,66606.940000
2022-07-27T07:49:00+00:00,67201.060000
2022-07-27T10:24:00+00:00,67186.180000
2022-07-27T13:49:00+00:00,67183.960000
2022-07-27T18:44:00+00:00,67529.720000
2022-07-27T18:49:00+00:00,67527.500000
2022-07-27T19:29:00+00:00,68681.020000
2022-07-27T20:09:00+00:00,68603.800000
2022-07-28T13:04:00+00:00,68596.400000
2022-07-28T13:29:00+00:00,67734.000000
2022-07-28T13:49:00+00:00,67730.300000
2022-07-28T15:04:00+00:00,66959.100000
2022-07-29T07:39:00+00:00,66943.560000
2022-07-29T08:44:00+00:00,67528.660000
2022-07-29T12:19:00+00:00,69041.270000
2022-07-29T13:49:00+00:00,69038.310000
2022-07-29T13:59:00+00:00,69036.090000
2022-07-29T19:34:00+00:00,69579.110000
2022-07-29T20:09:00+00:00,69992.630000
2022-07-29T20:09:00+00:00,70579.910000
2022-08-01T13:54:00+00:00,70578.430000
2022-08-01T14:24:00+00:00,70586.950000
2022-08-01T14:24:00+00:00,70579.550000
2022-08-01T14:44:00+00:00,69732.150000
2022-08-01T19:29:00+00:00,69727.710000
2022-08-01T20:09:00+00:00,69414.270000
2022-08-02T14:09:00+00:00,69411.310000
2022-08-02T14:44:00+00:00,68684.350000
2022-08-03T13:39:00+00:00,68679.910000
2022-08-03T13:54:00+00:00,68677.690000
2022-08-03T15:14:00+00:00,69287.470000
2022-08-03T16:54:00+00:00,69621.230000
2022-08-03T20:04:00+00:00,70664.510000
2022-08-03T20:04:00+00:00,71273.030000
2022-08-04T14:29:00+00:00,71269.330000
2022-08-04T19:14:00+00:00,70383.130000
2022-08-04T19:29:00+00:00,70369.810000
2022-08-04T19:44:00+00:00,70990.900000
2022-08-04T20:04:00+00:00,70979.740000
2022-08-05T06:04:00+00:00,70957.540000
2022-08-05T06:44:00+00:00,70275.340000
2022-08-05T12:39:00+00:00,70267.200000
2022-08-05T12:49:00+00:00,70856.000000
2022-08-05T13:39:00+00:00,70848.560000
2022-08-05T14:04:00+00:00,70846.340000
2022-08-05T15:29:00+00:00,70163.120000
2022-08-08T08:14:00+00:00,70150.540000
2022-08-08T10:44:00+00:00,69287.960000
2022-08-08T13:09:00+00:00,69270.940000
2022-08-08T13:34:00+00:00,69881.550000
2022-08-08T13:34:00+00:00,69866.670000
2022-08-08T13:49:00+00:00,69864.450000
2022-08-08T13:54:00+00:00,69862.970000
2022-08-08T15:39:00+00:00,69107.750000
2022-08-08T15:44:00+00:00,68439.270000
2022-08-09T07:24:00+00:00,68425.950000
2022-08-09T08:29:00+00:00,67854.630000
2022-08-09T08:29:00+00:00,67842.050000
2022-08-09T09:59:00+00:00,66996.470000
2022-08-09T13:54:00+00:00,66993.510000
2022-08-09T20:09:00+00:00,66802.550000
2022-08-10T14:19:00+00:00,66799.590000
2022-08-10T15:04:00+00:00,66020.630000
2022-08-11T14:04:00+00:00,66016.930000
2022-08-11T15:09:00+00:00,65293.230000
2022-08-12T07:09:00+00:00,65280.650000
2022-08-12T07:29:00+00:00,64486.070000
2022-08-12T13:49:00+00:00,64481.630000
2022-08-12T14:19:00+00:00,64478.670000
2022-08-12T15:24:00+00:00,65034.450000
2022-08-12T20:09:00+00:00,66094.230000
2022-08-12T20:09:00+00:00,66951.270000
2022-08-15T12:44:00+00:00,66939.430000
2022-08-15T13:09:00+00:00,66943.590000
2022-08-15T13:09:00+00:00,66927.310000
2022-08-15T13:34:00+00:00,67521.420000
2022-08-15T13:34:00+00:00,68918.530000
2022-08-15T13:54:00+00:00,68914.830000
2022-08-15T14:19:00+00:00,68408.630000
2022-08-15T14:19:00+00:00,68404.190000
2022-08-15T15:44:00+00:00,67637.750000
2022-08-16T13:49:00+00:00,67632.570000
2022-08-16T15:49:00+00:00,66780.390000
2022-08-17T06:14:00+00:00,66760.410000
2022-08-17T07:09:00+00:00,67335.790000
2022-08-17T08:04:00+00:00,68795.430000
2022-08-17T14:14:00+00:00,68791.730000
2022-08-17T18:09:00+00:00,67965.530000
2022-08-18T07:24:00+00:00,67959.610000
2022-08-18T09:09:00+00:00,67121.690000
2022-08-18T14:44:00+00:00,67117.990000
2022-08-18T20:09:00+00:00,67324.290000
2022-08-19T13:49:00+00:00,67321.330000
2022-08-19T19:19:00+00:00,67836.370000
2022-08-19T19:19:00+00:00,67818.610000
2022-08-19T20:09:00+00:00,67776.850000
2022-08-22T13:49:00+00:00,67773.150000
2022-08-22T18:44:00+00:00,68223.170000
2022-08-22T20:09:00+00:00,68774.450000
2022-08-23T13:49:00+00:00,68769.270000
2022-08-23T13:54:00+00:00,68365.090000
2022-08-23T13:54:00+00:00,68362.130000
2022-08-23T20:09:00+00:00,67761.170000
2022-08-24T06:44:00+00:00,67755.250000
2022-08-24T07:44:00+00:00,67746.370000
2022-08-24T08:34:00+00:00,68335.930000
2022-08-24T13:34:00+00:00,68328.490000
2022-08-24T14:14:00+00:00,68323.310000
2022-08-24T14:39:00+00:00,68920.350000
2022-08-24T15:49:00+00:00,69437.880000
2022-08-24T20:09:00+00:00,70042.920000
2022-08-24T20:09:00+00:00,70371.960000
2022-08-25T13:59:00+00:00,70365.300000
2022-08-25T14:44:00+00:00,70899.340000
2022-08-25T15:14:00+00:00,70893.140000
2022-08-26T07:09:00+00:00,70883.520000
2022-08-26T09:54:00+00:00,71455.080000
2022-08-26T12:34:00+00:00,71446.400000
2022-08-26T13:34:00+00:00,71441.220000
2022-08-26T13:49:00+00:00,71434.560000
2022-08-26T14:04:00+00:00,71994.840000
2022-08-26T14:04:00+00:00,72576.880000
2022-08-26T14:04:00+00:00,72570.680000
2022-08-26T14:09:00+00:00,72565.720000
2022-08-26T14:14:00+00:00,72564.240000
2022-08-26T14:34:00+00:00,71844.760000
2022-08-29T07:24:00+00:00,71839.580000
2022-08-29T07:39:00+00:00,70990.900000
2022-08-29T07:39:00+00:00,70983.500000
2022-08-29T08:39:00+00:00,70121.100000
2022-08-29T13:39:00+00:00,70118.140000
2022-08-29T14:54:00+00:00,69375.180000
2022-08-29T14:54:00+00:00,69372.960000
2022-08-29T17:49:00+00:00,68566.740000
2022-08-30T13:49:00+00:00,68564.520000
2022-08-30T13:54:00+00:00,68561.560000
2022-08-30T14:34:00+00:00,68924.570000
2022-08-30T14:34:00+00:00,69476.590000
2022-08-30T17:24:00+00:00,70397.610000
2022-08-30T20:09:00+00:00,71011.130000
2022-08-31T13:49:00+00:00,71007.430000
2022-08-31T13:54:00+00:00,71004.470000
2022-08-31T14:19:00+00:00,70155.770000
2022-08-31T14:19:00+00:00,69284.810000
2022-09-01T13:14:00+00:00,69275.930000
2022-09-01T13:34:00+00:00,68421.050000
2022-09-01T14:04:00+00:00,68418.090000
2022-09-01T14:29:00+00:00,68137.130000
2022-09-01T14:29:00+00:00,68128.250000
2022-09-01T14:39:00+00:00,67309.370000
2022-09-02T07:09:00+00:00,67290.130000
2022-09-02T07:34:00+00:00,66425.890000
2022-09-02T13:39:00+00:00,66422.930000
2022-09-02T14:04:00+00:00,66420.710000
2022-09-02T14:19:00+00:00,66187.750000
2022-09-02T14:19:00+00:00,65627.530000
2022-09-02T14:24:00+00:00,65624.570000
2022-09-02T16:34:00+00:00,64847.610000
2022-09-05T08:34:00+00:00,64837.250000
2022-09-05T11:54:00+00:00,64049.890000
2022-09-05T14:34:00+00:00,64044.710000
2022-09-06T01:09:00+00:00,64494.740000
2022-09-06T03:54:00+00:00,64489.780000
2022-09-06T13:49:00+00:00,64487.560000
2022-09-06T19:49:00+00:00,64671.340000
2022-09-07T06:19:00+00:00,64664.680000
2022-09-07T08:09:00+00:00,65195.720000
2022-09-07T11:39:00+00:00,65189.520000
2022-09-07T15:14:00+00:00,65187.300000
2022-09-07T19:14:00+00:00,65498.560000
2022-09-07T20:09:00+00:00,65954.080000
2022-09-08T13:54:00+00:00,65951.860000
2022-09-08T14:09:00+00:00,65759.140000
2022-09-08T14:09:00+00:00,65753.960000
2022-09-08T14:24:00+00:00,64936.780000
2022-09-09T07:09:00+00:00,64927.900000
2022-09-09T07:29:00+00:00,65508.460000
2022-09-09T12:59:00+00:00,65969.020000
2022-09-09T12:59:00+00:00,65956.440000
2022-09-09T13:29:00+00:00,66526.520000
2022-09-09T13:34:00+00:00,66515.360000
2022-09-09T13:39:00+00:00,66507.960000
2022-09-09T13:59:00+00:00,66505.000000
2022-09-09T14:04:00+00:00,67101.300000
2022-09-09T17:39:00+00:00,68497.600000
2022-09-09T20:09:00+00:00,69148.640000
2022-09-12T13:54:00+00:00,69144.200000
2022-09-12T16:14:00+00:00,68320.760000
2022-09-13T13:59:00+00:00,68318.540000
2022-09-13T18:54:00+00:00,68677.800000
2022-09-13T19:49:00+00:00,69876.320000
2022-09-14T07:24:00+00:00,69867.440000
2022-09-14T07:39:00+00:00,69000.560000
2022-09-14T13:49:00+00:00,68996.860000
2022-09-14T13:59:00+00:00,68993.900000
2022-09-14T14:34:00+00:00,68228.940000
2022-09-14T20:09:00+00:00,68845.240000
2022-09-15T13:49:00+00:00,68842.280000
2022-09-15T14:29:00+00:00,68103.320000
2022-09-16T13:59:00+00:00,68099.620000
2022-09-16T14:14:00+00:00,67323.420000
2022-09-16T19:19:00+00:00,67316.020000
2022-09-16T19:24:00+00:00,66473.620000
2022-09-19T06:24:00+00:00,66459.560000
2022-09-19T07:09:00+00:00,65638.000000
2022-09-19T13:54:00+00:00,65635.040000
2022-09-19T20:09:00+00:00,66566.080000
2022-09-20T13:39:00+00:00,66554.240000
2022-09-20T14:09:00+00:00,67136.320000
2022-09-20T14:14:00+00:00,67126.400000
2022-09-20T14:54:00+00:00,67121.960000
2022-09-20T17:29:00+00:00,66322.520000
2022-09-20T18:39:00+00:00,66321.040000
2022-09-20T18:54:00+00:00,66184.560000
2022-09-20T18:54:00+00:00,66178.640000
2022-09-20T20:09:00+00:00,67064.720000
2022-09-21T07:24:00+00:00,67054.360000
2022-09-21T11:54:00+00:00,67637.180000
2022-09-21T13:49:00+00:00,67631.260000
2022-09-21T16:34:00+00:00,68998.080000
2022-09-21T18:04:00+00:00,68176.160000
2022-09-21T18:09:00+00:00,68172.460000
2022-09-21T18:34:00+00:00,67441.260000
2022-09-21T18:49:00+00:00,67440.520000
2022-09-21T19:39:00+00:00,66955.280000
2022-09-22T09:14:00+00:00,66951.580000
2022-09-22T13:44:00+00:00,67424.100000
2022-09-22T14:04:00+00:00,67421.140000
2022-09-22T19:49:00+00:00,66596.180000
2022-09-22T20:09:00+00:00,67531.460000
2022-09-23T13:54:00+00:00,67528.500000
2022-09-23T18:59:00+00:00,68091.020000
2022-09-23T19:44:00+00:00,68088.540000
2022-09-26T13:54:00+00:00,68086.320000
2022-09-26T16:29:00+00:00,67350.600000
2022-09-27T13:39:00+00:00,67342.460000
2022-09-27T13:49:00+00:00,66514.820000
2022-09-27T13:54:00+00:00,66507.420000
2022-09-27T14:04:00+00:00,67111.220000
2022-09-27T14:04:00+00:00,67109.000000
2022-09-27T14:54:00+00:00,67102.800000
2022-09-27T17:09:00+00:00,67102.060000
2022-09-27T20:09:00+00:00,67645.840000
2022-09-27T20:09:00+00:00,67498.100000
2022-09-28T13:49:00+00:00,67495.880000
2022-09-28T14:24:00+00:00,67492.920000
2022-09-28T19:04:00+00:00,67911.430000
2022-09-28T19:04:00+00:00,68542.950000
2022-09-28T20:09:00+00:00,69500.470000
2022-09-28T20:09:00+00:00,70247.990000
2022-09-29T13:49:00+00:00,70246.510000
2022-09-29T18:34:00+00:00,70783.030000
2022-09-29T18:34:00+00:00,70773.410000
2022-09-29T19:19:00+00:00,71344.970000
2022-09-29T19:54:00+00:00,72907.790000
2022-09-30T12:34:00+00:00,72905.570000
2022-09-30T14:24:00+00:00,72902.610000
2022-09-30T18:44:00+00:00,72057.650000
2022-09-30T19:29:00+00:00,71290.430000
2022-10-03T06:29:00+00:00,71285.250000
2022-10-03T11:59:00+00:00,70471.570000
2022-10-03T13:54:00+00:00,70467.870000
2022-10-03T14:04:00+00:00,70465.650000
2022-10-03T14:34:00+00:00,70908.170000
2022-10-03T18:44:00+00:00,71259.930000
2022-10-03T20:09:00+00:00,72504.210000
2022-10-03T20:09:00+00:00,73134.730000
2022-10-04T13:49:00+00:00,73130.290000
2022-10-04T20:09:00+00:00,73818.850000
2022-10-05T14:04:00+00:00,73815.890000
2022-10-05T16:49:00+00:00,72964.930000
2022-10-06T13:39:00+00:00,72961.230000
2022-10-06T14:04:00+00:00,72072.530000
2022-10-06T14:04:00+00:00,72068.090000
2022-10-06T15:24:00+00:00,71250.650000
2022-10-06T18:09:00+00:00,71246.210000
2022-10-06T20:09:00+00:00,71745.770000
2022-10-07T13:49:00+00:00,71742.810000
2022-10-07T16:49:00+00:00,72285.830000
2022-10-07T20:09:00+00:00,72953.350000
2022-10-10T07:09:00+00:00,72935.590000
2022-10-10T07:24:00+00:00,73601.710000
2022-10-10T07:54:00+00:00,73586.830000
2022-10-10T13:39:00+00:00,73578.690000
2022-10-10T13:49:00+00:00,72707.050000
2022-10-10T13:54:00+00:00,72704.830000
2022-10-10T20:09:00+00:00,72737.110000
2022-10-11T07:04:00+00:00,72732.670000
2022-10-11T07:29:00+00:00,71870.230000
2022-10-11T13:54:00+00:00,71867.270000
2022-10-11T15:39:00+00:00,71092.310000
2022-10-12T13:44:00+00:00,71088.610000
2022-10-12T14:09:00+00:00,70334.910000
2022-10-13T07:19:00+00:00,70325.290000
2022-10-13T07:39:00+00:00,69977.670000
2022-10-13T07:39:00+00:00,69955.470000
2022-10-13T07:44:00+00:00,69423.270000
2022-10-13T13:49:00+00:00,69420.310000
2022-10-13T15:09:00+00:00,70014.330000
2022-10-13T15:19:00+00:00,71005.350000
2022-10-14T12:54:00+00:00,71002.390000
2022-10-14T13:49:00+00:00,70117.430000
2022-10-14T13:49:00+00:00,70115.210000
2022-10-14T14:24:00+00:00,70521.720000
2022-10-14T19:59:00+00:00,71877.740000
2022-10-17T07:24:00+00:00,71871.820000
2022-10-17T07:54:00+00:00,70989.900000
2022-10-17T14:14:00+00:00,70987.680000
2022-10-17T20:09:00+00:00,70991.460000
2022-10-18T06:19:00+00:00,70969.260000
2022-10-18T06:44:00+00:00,71610.660000
2022-10-18T06:59:00+00:00,71592.060000
2022-10-18T13:54:00+00:00,71589.840000
2022-10-18T15:39:00+00:00,71986.600000
2022-10-18T20:09:00+00:00,72097.120000
2022-10-19T13:59:00+00:00,72091.940000
2022-10-19T14:19:00+00:00,72667.970000
2022-10-19T14:19:00+00:00,72665.010000
2022-10-19T16:44:00+00:00,72660.050000
2022-10-19T16:49:00+00:00,71747.090000
2022-10-20T12:49:00+00:00,71744.130000
2022-10-20T13:49:00+00:00,71133.170000
2022-10-20T13:49:00+00:00,71130.210000
2022-10-20T17:49:00+00:00,70311.250000
2022-10-21T06:24:00+00:00,70297.190000
2022-10-21T06:44:00+00:00,69437.630000
2022-10-21T07:24:00+00:00,69428.750000
2022-10-21T07:49:00+00:00,68573.870000
2022-10-21T13:49:00+00:00,68570.910000
2022-10-21T16:04:00+00:00,69146.930000
2022-10-21T19:14:00+00:00,70107.950000
2022-10-24T07:24:00+00:00,70104.990000
2022-10-24T11:34:00+00:00,69334.030000
2022-10-24T14:04:00+00:00,69331.810000
2022-10-24T15:54:00+00:00,68585.590000
2022-10-25T13:49:00+00:00,68583.370000
2022-10-25T18:49:00+00:00,68800.150000
2022-10-25T18:49:00+00:00,68785.350000
2022-10-25T19:09:00+00:00,67910.550000
2022-10-26T06:29:00+00:00,67896.490000
2022-10-26T07:04:00+00:00,67027.430000
2022-10-26T13:49:00+00:00,67023.730000
2022-10-26T14:49:00+00:00,67517.250000
2022-10-26T17:24:00+00:00,67513.530000
2022-10-27T13:49:00+00:00,67511.310000
2022-10-27T20:04:00+00:00,67929.820000
2022-10-27T20:09:00+00:00,68999.340000
2022-10-28T14:29:00+00:00,68997.860000
2022-10-28T20:09:00+00:00,69811.380000
2022-10-31T08:09:00+00:00,69795.840000
2022-10-31T11:04:00+00:00,68929.800000
2022-10-31T13:49:00+00:00,68926.840000
2022-10-31T20:09:00+00:00,68755.880000
2022-11-01T07:29:00+00:00,68738.120000
2022-11-01T07:59:00+00:00,67856.360000
2022-11-01T13:49:00+00:00,67853.400000
2022-11-01T13:54:00+00:00,67848.960000
2022-11-01T14:09:00+00:00,68454.240000
2022-11-01T14:14:00+00:00,68985.260000
2022-11-01T20:04:00+00:00,69871.280000
2022-11-01T20:09:00+00:00,71070.560000
2022-11-02T14:14:00+00:00,71066.860000
2022-11-02T18:04:00+00:00,70318.160000
2022-11-02T18:09:00+00:00,70316.680000
2022-11-02T18:39:00+00:00,69656.200000
2022-11-02T18:59:00+00:00,69655.460000
2022-11-02T20:09:00+00:00,70126.720000
2022-11-03T08:14:00+00:00,70116.360000
2022-11-03T08:24:00+00:00,69231.000000
2022-11-03T13:49:00+00:00,69227.300000
2022-11-03T14:49:00+00:00,68478.600000
2022-11-04T13:39:00+00:00,68475.640000
2022-11-04T14:04:00+00:00,68414.680000
2022-11-04T14:04:00+00:00,68413.200000
2022-11-04T15:54:00+00:00,67955.720000
2022-11-04T15:54:00+00:00,67954.980000
2022-11-04T20:09:00+00:00,67607.740000
2022-11-07T14:49:00+00:00,67605.520000
2022-11-07T19:19:00+00:00,66953.800000
2022-11-08T08:39:00+00:00,66943.440000
2022-11-08T09:29:00+00:00,67557.760000
2022-11-08T14:04:00+00:00,68998.080000
2022-11-08T15:19:00+00:00,68994.380000
2022-11-08T16:34:00+00:00,69430.900000
2022-11-08T18:29:00+00:00,69509.680000
2022-11-08T18:29:00+00:00,69505.240000
2022-11-08T19:24:00+00:00,70133.020000
2022-11-08T19:44:00+00:00,70633.300000
2022-11-08T19:44:00+00:00,70625.900000
2022-11-08T20:19:00+00:00,71233.450000
2022-11-08T21:09:00+00:00,71699.750000
2022-11-09T15:09:00+00:00,71695.310000
2022-11-09T15:34:00+00:00,70877.870000
2022-11-09T15:34:00+00:00,70874.910000
2022-11-09T21:09:00+00:00,71843.950000
2022-11-10T08:19:00+00:00,71832.850000
2022-11-10T11:44:00+00:00,70944.250000
2022-11-10T13:39:00+00:00,70941.290000
2022-11-10T14:59:00+00:00,71580.310000
2022-11-10T14:59:00+00:00,71578.830000
2022-11-10T20:54:00+00:00,73071.850000
2022-11-10T21:09:00+00:00,73829.370000
2022-11-11T08:09:00+00:00,73814.570000
2022-11-11T08:19:00+00:00,72889.770000
2022-11-11T09:09:00+00:00,72876.450000
2022-11-11T09:44:00+00:00,73524.540000
2022-11-11T14:14:00+00:00,75045.630000
2022-11-11T14:49:00+00:00,75038.970000
2022-11-11T15:04:00+00:00,74154.810000
2022-11-11T16:14:00+00:00,74147.410000
2022-11-11T17:19:00+00:00,73265.010000
2022-11-14T14:09:00+00:00,73252.430000
2022-11-14T14:29:00+00:00,72330.350000
2022-11-14T15:09:00+00:00,72325.910000
2022-11-14T16:19:00+00:00,71718.470000
2022-11-14T16:19:00+00:00,71714.030000
2022-11-14T16:39:00+00:00,70929.590000
2022-11-15T07:59:00+00:00,70911.830000
2022-11-15T09:09:00+00:00,70018.070000
2022-11-15T14:49:00+00:00,70014.370000
2022-11-15T18:29:00+00:00,70503.390000
2022-11-15T18:39:00+00:00,71727.420000
2022-11-16T14:04:00+00:00,71723.720000
2022-11-16T14:49:00+00:00,71720.020000
2022-11-16T15:19:00+00:00,72171.540000
2022-11-16T20:49:00+00:00,72737.820000
2022-11-16T20:49:00+00:00,72864.120000
2022-11-17T07:19:00+00:00,72844.880000
2022-11-17T07:34:00+00:00,71928.640000
2022-11-17T14:39:00+00:00,71919.760000
2022-11-17T14:49:00+00:00,71916.060000
2022-11-17T15:19:00+00:00,72573.120000
2022-11-17T17:04:00+00:00,74112.180000
2022-11-17T17:59:00+00:00,74613.200000
2022-11-17T20:29:00+00:00,74609.480000
2022-11-18T09:54:00+00:00,74589.500000
2022-11-18T10:19:00+00:00,73624.520000
2022-11-18T14:49:00+00:00,73621.560000
2022-11-18T14:59:00+00:00,73486.600000
2022-11-18T14:59:00+00:00,73464.400000
2022-11-18T15:04:00+00:00,73142.200000
2022-11-21T08:09:00+00:00,73120.740000
2022-11-21T08:19:00+00:00,72185.780000
2022-11-21T14:29:00+00:00,72181.340000
2022-11-21T14:34:00+00:00,72050.900000
2022-11-21T14:34:00+00:00,72044.240000
2022-11-21T14:49:00+00:00,71187.080000
2022-11-21T15:14:00+00:00,71182.640000
2022-11-21T21:09:00+00:00,71532.200000
2022-11-22T08:09:00+00:00,71512.220000
2022-11-22T08:24:00+00:00,70587.740000
2022-11-22T15:49:00+00:00,70585.520000
2022-11-22T21:09:00+00:00,71180.300000
2022-11-23T13:39:00+00:00,71166.240000
2022-11-23T13:49:00+00:00,70278.180000
2022-11-23T14:39:00+00:00,70265.600000
2022-11-23T14:49:00+00:00,70261.900000
2022-11-23T14:54:00+00:00,70849.980000
2022-11-23T15:44:00+00:00,72402.570000
2022-11-23T17:59:00+00:00,71648.870000
2022-11-24T07:59:00+00:00,71630.370000
2022-11-24T08:54:00+00:00,70711.870000
2022-11-24T15:59:00+00:00,70694.850000
2022-11-25T00:19:00+00:00,69792.330000
2022-11-25T15:19:00+00:00,69786.410000
2022-11-27T23:04:00+00:00,68980.490000
2022-11-28T09:24:00+00:00,68966.430000
2022-11-28T09:49:00+00:00,68106.870000
2022-11-28T14:39:00+00:00,68101.690000
2022-11-28T15:24:00+00:00,67277.510000
2022-11-28T15:54:00+00:00,67274.550000
2022-11-28T21:09:00+00:00,67835.590000
2022-11-29T14:59:00+00:00,67829.670000
2022-11-29T15:34:00+00:00,67027.750000
2022-11-30T07:24:00+00:00,67010.730000
2022-11-30T08:04:00+00:00,66177.210000
2022-11-30T09:49:00+00:00,66167.590000
2022-11-30T13:19:00+00:00,65377.970000
2022-11-30T13:39:00+00:00,65369.830000
2022-11-30T14:44:00+00:00,64597.190000
2022-11-30T14:49:00+00:00,64592.750000
2022-11-30T16:04:00+00:00,64138.310000
2022-11-30T16:04:00+00:00,64134.610000
2022-11-30T16:14:00+00:00,63798.410000
2022-11-30T16:14:00+00:00,63791.750000
2022-11-30T17:24:00+00:00,63060.590000
2022-12-01T13:54:00+00:00,63056.150000
2022-12-01T14:49:00+00:00,62568.710000
2022-12-01T14:49:00+00:00,62565.750000
2022-12-01T15:14:00+00:00,61894.790000
2022-12-01T15:19:00+00:00,61892.570000
2022-12-01T16:04:00+00:00,61360.850000
2022-12-01T16:04:00+00:00,61358.630000
2022-12-01T18:24:00+00:00,61158.410000
2022-12-01T18:24:00+00:00,61146.570000
2022-12-01T18:44:00+00:00,60390.730000
2022-12-02T15:14:00+00:00,60388.510000
2022-12-02T21:09:00+00:00,60761.290000
2022-12-05T07:14:00+00:00,60740.570000
2022-12-05T08:09:00+00:00,61286.710000
2022-12-05T08:14:00+00:00,61269.350000
2022-12-05T14:39:00+00:00,61256.770000
2022-12-05T14:59:00+00:00,60504.690000
2022-12-05T15:04:00+00:00,60500.990000
2022-12-05T18:04:00+00:00,60882.010000
2022-12-05T19:49:00+00:00,61836.040000
2022-12-06T08:49:00+00:00,61829.380000
2022-12-06T13:54:00+00:00,61557.220000
2022-12-06T13:54:00+00:00,61551.300000
2022-12-06T14:44:00+00:00,62100.340000
2022-12-06T14:54:00+00:00,62098.120000
2022-12-06T15:04:00+00:00,63383.160000
2022-12-06T19:29:00+00:00,63714.670000
2022-12-06T21:09:00+00:00,64230.190000
2022-12-07T07:09:00+00:00,64213.170000
2022-12-07T07:14:00+00:00,63402.650000
2022-12-07T07:19:00+00:00,63393.030000
2022-12-07T09:49:00+00:00,63915.090000
2022-12-07T12:24:00+00:00,65343.160000
2022-12-07T14:49:00+00:00,65340.940000
2022-12-07T14:54:00+00:00,65337.980000
2022-12-07T15:54:00+00:00,64679.020000
2022-12-07T21:09:00+00:00,64543.300000
2022-12-08T14:59:00+00:00,64541.080000
2022-12-08T15:04:00+00:00,64538.120000
2022-12-08T18:59:00+00:00,64822.400000
2022-12-08T18:59:00+00:00,65121.440000
2022-12-08T19:04:00+00:00,65102.940000
2022-12-08T19:09:00+00:00,65670.060000
2022-12-08T19:09:00+00:00,65653.940000
2022-12-09T07:19:00+00:00,65633.220000
2022-12-09T07:29:00+00:00,64800.500000
2022-12-09T15:34:00+00:00,64797.540000
2022-12-09T21:09:00+00:00,64180.580000
2022-12-12T13:44:00+00:00,64162.080000
2022-12-12T13:59:00+00:00,63681.080000
2022-12-12T13:59:00+00:00,63667.020000
2022-12-12T14:39:00+00:00,64213.860000
2022-12-12T14:39:00+00:00,64201.460000
2022-12-12T14:54:00+00:00,64191.840000
2022-12-12T15:34:00+00:00,63421.720000
2022-12-12T15:49:00+00:00,63417.280000
2022-12-12T16:09:00+00:00,62716.840000
2022-12-13T09:49:00+00:00,62704.260000
2022-12-13T10:29:00+00:00,61935.180000
2022-12-13T14:39:00+00:00,61933.700000
2022-12-13T15:24:00+00:00,61932.220000
2022-12-13T16:49:00+00:00,62330.480000
2022-12-13T17:19:00+00:00,62806.740000
2022-12-13T19:59:00+00:00,62800.080000
2022-12-13T20:09:00+00:00,63301.120000
2022-12-13T20:24:00+00:00,63294.920000
2022-12-13T20:24:00+00:00,63845.180000
2022-12-13T20:24:00+00:00,64230.940000
2022-12-13T20:29:00+00:00,64227.240000
2022-12-13T21:09:00+00:00,64396.040000
2022-12-14T14:39:00+00:00,64382.720000
2022-12-14T14:49:00+00:00,63568.400000
2022-12-14T14:59:00+00:00,63564.700000
2022-12-14T19:04:00+00:00,62766.000000
2022-12-14T19:09:00+00:00,62758.600000
2022-12-14T19:14:00+00:00,62016.200000
2022-12-15T14:49:00+00:00,62013.980000
2022-12-15T17:59:00+00:00,62338.740000
2022-12-15T20:19:00+00:00,62329.120000
2022-12-15T20:29:00+00:00,61546.000000
2022-12-15T21:09:00+00:00,62108.520000
2022-12-16T14:49:00+00:00,62105.560000
2022-12-16T15:09:00+00:00,61454.600000
2022-12-16T15:09:00+00:00,61447.940000
2022-12-16T15:39:00+00:00,61948.980000
2022-12-16T20:34:00+00:00,61942.780000
2022-12-19T14:09:00+00:00,61927.980000
2022-12-19T14:34:00+00:00,61153.180000
2022-12-19T14:49:00+00:00,61150.220000
2022-12-19T20:44:00+00:00,61678.240000
2022-12-19T20:59:00+00:00,62005.760000
2022-12-20T08:54:00+00:00,62002.060000
2022-12-20T09:54:00+00:00,61983.360000
2022-12-20T09:54:00+00:00,61972.260000
2022-12-20T11:19:00+00:00,61181.160000
2022-12-20T14:59:00+00:00,61178.200000
2022-12-20T15:04:00+00:00,61175.980000
2022-12-20T21:09:00+00:00,61337.020000
2022-12-20T21:09:00+00:00,61399.300000
2022-12-21T07:09:00+00:00,61379.320000
2022-12-21T08:09:00+00:00,61915.700000
2022-12-21T08:14:00+00:00,61907.560000
2022-12-21T08:54:00+00:00,61890.200000
2022-12-21T09:04:00+00:00,61117.560000
2022-12-21T14:49:00+00:00,61114.600000
2022-12-21T21:09:00+00:00,61737.640000
2022-12-22T08:34:00+00:00,61720.620000
2022-12-22T09:34:00+00:00,62265.230000
2022-12-22T11:24:00+00:00,63663.350000
2022-12-22T14:49:00+00:00,63661.130000
2022-12-22T17:24:00+00:00,63980.640000
2022-12-22T21:09:00+00:00,64201.160000
2022-12-23T09:19:00+00:00,64190.800000
2022-12-23T10:24:00+00:00,63375.440000
2022-12-23T15:34:00+00:00,63373.960000
2022-12-23T21:09:00+00:00,63373.480000
2022-12-27T14:34:00+00:00,63369.780000
2022-12-27T14:49:00+00:00,63801.800000
2022-12-27T14:49:00+00:00,63799.580000
2022-12-27T21:09:00+00:00,64389.860000
2022-12-27T21:09:00+00:00,64440.140000
2022-12-28T14:39:00+00:00,64435.700000
2022-12-28T15:29:00+00:00,63720.260000
2022-12-28T15:59:00+00:00,63718.780000
2022-12-28T19:49:00+00:00,63747.300000
2022-12-28T19:49:00+00:00,63739.160000
2022-12-28T20:04:00+00:00,62944.520000
2022-12-29T15:09:00+00:00,62942.300000
2022-12-29T21:09:00+00:00,63322.580000
2022-12-30T14:49:00+00:00,63319.620000
2022-12-30T15:49:00+00:00,62650.660000
2023-01-03T14:49:00+00:00,62648.440000
2023-01-03T14:59:00+00:00,62646.960000
2023-01-03T16:14:00+00:00,62984.470000
2023-01-03T19:49:00+00:00,63429.990000
2023-01-03T19:49:00+00:00,63573.510000
2023-01-03T19:54:00+00:00,63568.330000
2023-01-03T21:09:00+00:00,63496.650000
2023-01-04T14:39:00+00:00,63492.210000
2023-01-04T15:04:00+00:00,64000.740000
2023-01-04T15:04:00+00:00,63997.020000
2023-01-04T15:04:00+00:00,63994.800000
2023-01-04T16:39:00+00:00,63202.080000
2023-01-04T20:04:00+00:00,63199.120000
2023-01-04T20:39:00+00:00,62524.160000
2023-01-05T18:29:00+00:00,62502.700000
2023-01-05T18:34:00+00:00,63048.840000
2023-01-05T18:34:00+00:00,63030.240000
2023-01-06T07:24:00+00:00,63020.620000
2023-01-06T09:24:00+00:00,63529.180000
2023-01-06T13:34:00+00:00,63520.500000
2023-01-06T15:39:00+00:00,63519.020000
2023-01-06T21:09:00+00:00,64124.540000
2023-01-09T09:59:00+00:00,64104.560000
2023-01-09T11:24:00+00:00,64670.190000
2023-01-09T12:14:00+00:00,64652.830000
2023-01-09T14:49:00+00:00,64649.870000
2023-01-09T18:49:00+00:00,64660.910000
2023-01-09T18:49:00+00:00,64657.210000
2023-01-09T20:59:00+00:00,65125.230000
2023-01-09T21:09:00+00:00,65705.010000
2023-01-10T08:29:00+00:00,65696.130000
2023-01-10T11:44:00+00:00,64883.250000
2023-01-10T15:14:00+00:00,64881.030000
2023-01-10T15:44:00+00:00,64172.310000
2023-01-11T15:09:00+00:00,64168.610000
2023-01-11T20:54:00+00:00,64575.130000
2023-01-11T21:09:00+00:00,65223.910000
2023-01-12T10:09:00+00:00,65201.710000
2023-01-12T12:19:00+00:00,64429.510000
2023-01-12T14:19:00+00:00,64424.330000
2023-01-12T14:44:00+00:00,64917.110000
2023-01-12T14:49:00+00:00,64915.630000
2023-01-12T15:14:00+00:00,64910.670000
2023-01-12T17:19:00+00:00,64156.190000
2023-01-13T07:34:00+00:00,64133.990000
2023-01-13T07:39:00+00:00,64269.140000
2023-01-13T07:39:00+00:00,64250.540000
2023-01-13T08:09:00+00:00,64232.040000
2023-01-13T08:19:00+00:00,63413.540000
2023-01-13T15:04:00+00:00,63408.360000
2023-01-13T18:44:00+00:00,63910.140000
2023-01-13T20:39:00+00:00,65027.180000
2023-01-16T15:14:00+00:00,65016.080000
2023-01-17T02:44:00+00:00,65572.650000
2023-01-17T07:14:00+00:00,66166.730000
2023-01-17T07:14:00+00:00,66149.710000
2023-01-17T09:09:00+00:00,66719.070000
2023-01-17T09:24:00+00:00,66704.190000
2023-01-17T09:29:00+00:00,66696.050000
2023-01-17T12:29:00+00:00,65873.910000
2023-01-17T15:04:00+00:00,65871.690000
2023-01-17T21:09:00+00:00,65660.970000
2023-01-18T07:49:00+00:00,65645.430000
2023-01-18T08:14:00+00:00,64831.890000
2023-01-18T08:24:00+00:00,64811.170000
2023-01-18T08:59:00+00:00,64720.450000
2023-01-18T08:59:00+00:00,64700.470000
2023-01-18T09:34:00+00:00,64275.490000
2023-01-18T09:34:00+00:00,64265.870000
2023-01-18T12:44:00+00:00,63443.750000
2023-01-18T15:04:00+00:00,63440.050000
2023-01-18T15:39:00+00:00,62771.350000
2023-01-19T14:49:00+00:00,62764.690000
2023-01-19T14:59:00+00:00,62002.030000
2023-01-19T15:04:00+00:00,61996.110000
2023-01-19T15:49:00+00:00,61270.190000
2023-01-20T10:19:00+00:00,61253.170000
2023-01-20T12:34:00+00:00,61789.530000
2023-01-20T14:34:00+00:00,61774.650000
2023-01-20T14:39:00+00:00,61766.510000
2023-01-20T14:44:00+00:00,61043.370000
2023-01-20T14:54:00+00:00,61039.670000
2023-01-20T18:39:00+00:00,61473.190000
2023-01-20T20:04:00+00:00,62558.470000
2023-01-23T08:29:00+00:00,62546.630000
2023-01-23T12:44:00+00:00,61782.790000
2023-01-23T14:49:00+00:00,61780.570000
2023-01-23T16:19:00+00:00,62111.330000
2023-01-23T21:09:00+00:00,62660.850000
2023-01-24T07:39:00+00:00,62644.570000
2023-01-24T10:09:00+00:00,63222.180000
2023-01-24T13:39:00+00:00,64580.790000
2023-01-24T14:49:00+00:00,64577.090000
2023-01-24T15:04:00+00:00,64053.390000
2023-01-24T15:04:00+00:00,64048.210000
2023-01-24T15:19:00+00:00,63308.030000
2023-01-25T07:24:00+00:00,63299.150000
2023-01-25T08:19:00+00:00,62894.270000
2023-01-25T08:19:00+00:00,62877.250000
2023-01-25T09:54:00+00:00,63430.110000
2023-01-25T10:14:00+00:00,64849.230000
2023-01-25T14:54:00+00:00,64845.530000
2023-01-25T16:19:00+00:00,64114.330000
2023-01-26T13:44:00+00:00,64109.890000
2023-01-26T14:49:00+00:00,64165.450000
2023-01-26T14:49:00+00:00,64161.750000
2023-01-26T20:24:00+00:00,63375.550000
2023-01-27T08:24:00+00:00,63362.230000
2023-01-27T10:24:00+00:00,62574.910000
2023-01-27T13:34:00+00:00,62568.990000
2023-01-27T14:49:00+00:00,63115.030000
2023-01-27T14:49:00+00:00,63112.070000
2023-01-27T17:24:00+00:00,64390.110000
2023-01-27T18:59:00+00:00,64913.630000
2023-01-27T21:09:00+00:00,65250.150000
2023-01-30T14:49:00+00:00,65245.710000
2023-01-30T15:24:00+00:00,64521.270000
2023-01-31T14:49:00+00:00,64517.570000
2023-01-31T20:59:00+00:00,64946.590000
2023-01-31T21:09:00+00:00,65580.370000
2023-02-01T08:54:00+00:00,65561.130000
2023-02-01T12:09:00+00:00,64735.890000
2023-02-01T14:59:00+00:00,64729.230000
2023-02-01T15:04:00+00:00,63975.570000
2023-02-01T15:54:00+00:00,63970.390000
2023-02-01T18:59:00+00:00,63177.710000
2023-02-01T19:44:00+00:00,63176.230000
2023-02-01T21:09:00+00:00,63893.750000
2023-02-02T15:34:00+00:00,63891.530000
2023-02-02T21:09:00+00:00,63548.810000
2023-02-03T14:49:00+00:00,63547.330000
2023-02-03T18:59:00+00:00,63543.630000
2023-02-03T20:04:00+00:00,62789.930000
2023-02-03T21:09:00+00:00,62326.450000
2023-02-06T08:09:00+00:00,62312.390000
2023-02-06T08:29:00+00:00,61519.330000
2023-02-06T15:04:00+00:00,61515.630000
2023-02-06T15:19:00+00:00,60929.430000
2023-02-06T15:19:00+00:00,60922.770000
2023-02-06T15:54:00+00:00,60164.610000
2023-02-07T15:09:00+00:00,60160.170000
2023-02-07T16:09:00+00:00,59471.730000
2023-02-08T14:54:00+00:00,59468.030000
2023-02-08T16:14:00+00:00,59889.550000
2023-02-08T21:09:00+00:00,60724.330000
2023-02-09T14:49:00+00:00,60720.630000
2023-02-09T15:29:00+00:00,60718.410000
2023-02-09T16:24:00+00:00,61112.930000
2023-02-09T19:34:00+00:00,61437.690000
2023-02-09T20:04:00+00:00,62821.470000
2023-02-09T21:09:00+00:00,63577.990000
2023-02-10T15:04:00+00:00,63575.030000
2023-02-10T15:14:00+00:00,62868.070000
2023-02-13T07:39:00+00:00,62845.870000
2023-02-13T08:04:00+00:00,62088.670000
2023-02-13T14:59:00+00:00,62086.450000
2023-02-13T21:09:00+00:00,62576.230000
2023-02-14T08:24:00+00:00,62565.870000
2023-02-14T09:04:00+00:00,61785.510000
2023-02-14T09:09:00+00:00,61771.450000
2023-02-14T10:29:00+00:00,62304.790000
2023-02-14T13:29:00+00:00,63697.390000
2023-02-14T14:49:00+00:00,63695.910000
2023-02-14T21:09:00+00:00,63959.430000
2023-02-15T07:39:00+00:00,63950.550000
2023-02-15T08:39:00+00:00,63167.670000
2023-02-15T14:04:00+00:00,63159.530000
2023-02-15T14:39:00+00:00,62359.390000
2023-02-15T14:49:00+00:00,62355.690000
2023-02-15T14:54:00+00:00,61596.990000
2023-02-15T14:59:00+00:00,61593.290000
2023-02-15T16:44:00+00:00,60844.590000
2023-02-16T08:09:00+00:00,60834.970000
2023-02-16T12:09:00+00:00,61325.530000
2023-02-16T13:34:00+00:00,62667.850000
2023-02-16T14:54:00+00:00,62664.150000
2023-02-16T17:39:00+00:00,63130.670000
2023-02-16T20:19:00+00:00,63126.950000
2023-02-17T14:49:00+00:00,63124.730000
2023-02-17T15:09:00+00:00,62995.010000
2023-02-17T15:09:00+00:00,62989.830000
2023-02-17T16:34:00+00:00,62239.150000
2023-02-17T19:49:00+00:00,62225.830000
2023-02-17T19:54:00+00:00,61456.510000
2023-02-20T15:04:00+00:00,61434.310000
2023-02-20T23:04:00+00:00,61963.210000
2023-02-21T00:59:00+00:00,62852.110000
2023-02-21T14:44:00+00:00,62846.190000
2023-02-21T14:54:00+00:00,62100.270000
2023-02-21T14:54:00+00:00,62093.610000
2023-02-21T15:09:00+00:00,62089.910000
2023-02-21T15:14:00+00:00,62575.950000
2023-02-21T19:19:00+00:00,63998.500000
2023-02-21T19:19:00+00:00,64424.520000
2023-02-21T21:09:00+00:00,65071.800000
2023-02-22T08:04:00+00:00,65050.340000
2023-02-22T08:09:00+00:00,64202.380000
2023-02-22T14:49:00+00:00,64196.460000
2023-02-22T15:04:00+00:00,63390.540000
2023-02-22T15:09:00+00:00,63386.100000
2023-02-22T18:09:00+00:00,62592.660000
2023-02-23T07:19:00+00:00,62570.460000
2023-02-23T08:09:00+00:00,61888.260000
2023-02-23T15:09:00+00:00,61884.560000
2023-02-23T16:24:00+00:00,62310.580000
2023-02-23T19:24:00+00:00,62306.860000
2023-02-24T14:49:00+00:00,62304.640000
2023-02-24T21:04:00+00:00,62111.920000
2023-02-27T14:59:00+00:00,62104.520000
2023-02-27T15:39:00+00:00,61342.120000
2023-02-27T19:24:00+00:00,61328.060000
2023-02-27T19:49:00+00:00,61847.900000
2023-02-27T21:09:00+00:00,62250.500000
2023-02-28T15:04:00+00:00,62246.800000
2023-02-28T21:04:00+00:00,61520.600000
2023-03-01T09:04:00+00:00,61509.500000
2023-03-01T13:04:00+00:00,60740.900000
2023-03-01T14:49:00+00:00,60737.200000
2023-03-01T15:09:00+00:00,60021.000000
2023-03-01T15:14:00+00:00,60018.780000
2023-03-01T21:09:00+00:00,60031.560000
2023-03-02T14:54:00+00:00,60027.120000
2023-03-02T18:59:00+00:00,60508.650000
2023-03-02T19:29:00+00:00,61312.680000
2023-03-03T08:09:00+00:00,61294.920000
2023-03-03T08:44:00+00:00,61844.040000
2023-03-03T10:24:00+00:00,63137.160000
2023-03-03T14:49:00+00:00,63131.980000
2023-03-03T17:54:00+00:00,63622.510000
2023-03-03T19:34:00+00:00,64714.550000
2023-03-06T07:59:00+00:00,64692.350000
2023-03-06T08:14:00+00:00,65221.250000
2023-03-06T08:54:00+00:00,65202.650000
2023-03-06T15:14:00+00:00,65197.470000
2023-03-06T19:24:00+00:00,64415.290000
2023-03-07T15:04:00+00:00,64413.070000
2023-03-07T21:09:00+00:00,64743.850000
2023-03-08T07:14:00+00:00,64722.390000
2023-03-08T08:09:00+00:00,63903.430000
2023-03-08T15:04:00+00:00,63898.990000
2023-03-08T15:34:00+00:00,63108.550000
2023-03-09T14:49:00+00:00,63105.590000
2023-03-09T17:49:00+00:00,62370.630000
2023-03-10T14:49:00+00:00,62369.150000
2023-03-10T16:14:00+00:00,61802.670000
2023-03-13T06:24:00+00:00,61791.570000
2023-03-13T06:54:00+00:00,61030.470000
2023-03-13T08:19:00+00:00,61021.590000
2023-03-13T08:34:00+00:00,60286.710000
2023-03-13T13:49:00+00:00,60285.230000
2023-03-13T16:04:00+00:00,60717.240000
2023-03-13T20:09:00+00:00,60905.500000
2023-03-14T14:24:00+00:00,60902.540000
2023-03-14T15:04:00+00:00,60967.580000
2023-03-14T15:04:00+00:00,60959.440000
2023-03-14T15:24:00+00:00,60225.300000
2023-03-15T12:44:00+00:00,60222.340000
2023-03-15T13:29:00+00:00,59503.380000
2023-03-15T14:34:00+00:00,59501.160000
2023-03-15T15:44:00+00:00,58876.440000
2023-03-15T17:19:00+00:00,58874.220000
2023-03-15T20:09:00+00:00,59644.500000
2023-03-16T13:59:00+00:00,59642.280000
2023-03-16T14:14:00+00:00,59526.060000
2023-03-16T14:14:00+00:00,59520.880000
2023-03-16T14:44:00+00:00,58836.700000
2023-03-17T07:14:00+00:00,58824.120000
2023-03-17T09:14:00+00:00,59316.200000
2023-03-17T12:29:00+00:00,60616.790000
2023-03-17T14:04:00+00:00,60614.570000
2023-03-17T14:24:00+00:00,60003.350000
2023-03-17T14:24:00+00:00,60000.390000
2023-03-17T15:44:00+00:00,60478.910000
2023-03-17T20:09:00+00:00,60616.430000
2023-03-20T08:19:00+00:00,60613.470000
2023-03-20T08:44:00+00:00,60120.510000
2023-03-20T08:44:00+00:00,60115.330000
2023-03-20T10:09:00+00:00,60560.860000
2023-03-20T13:34:00+00:00,60555.900000
2023-03-20T14:49:00+00:00,60552.940000
2023-03-20T20:09:00+00:00,61007.980000
2023-03-21T07:59:00+00:00,60990.960000
2023-03-21T09:49:00+00:00,61519.070000
2023-03-21T10:04:00+00:00,61504.190000
2023-03-21T14:19:00+00:00,61498.270000
2023-03-21T17:34:00+00:00,60796.350000
2023-03-22T13:54:00+00:00,60788.210000
2023-03-22T14:29:00+00:00,61283.260000
2023-03-22T16:24:00+00:00,61275.820000
2023-03-22T19:04:00+00:00,61273.600000
2023-03-22T19:24:00+00:00,60641.380000
2023-03-23T13:19:00+00:00,60628.060000
2023-03-23T13:34:00+00:00,61188.400000
2023-03-23T14:04:00+00:00,62504.740000
2023-03-23T14:04:00+00:00,62498.820000
2023-03-23T14:49:00+00:00,63056.860000
2023-03-23T15:04:00+00:00,63988.900000
2023-03-23T19:04:00+00:00,63982.980000
2023-03-23T19:19:00+00:00,63185.060000
2023-03-24T08:09:00+00:00,63169.520000
2023-03-24T08:14:00+00:00,62355.980000
2023-03-24T15:14:00+00:00,62353.760000
2023-03-24T16:04:00+00:00,61717.040000
2023-03-27T08:14:00+00:00,61711.860000
2023-03-27T13:49:00+00:00,61707.420000
2023-03-27T14:34:00+00:00,60949.980000
2023-03-27T15:09:00+00:00,60251.800000
2023-03-28T07:14:00+00:00,60235.520000
2023-03-28T07:44:00+00:00,60912.240000
2023-03-28T07:44:00+00:00,60897.440000
2023-03-28T07:54:00+00:00,60132.640000
2023-03-28T14:34:00+00:00,60131.160000
2023-03-28T20:09:00+00:00,59761.680000
2023-03-29T08:49:00+00:00,59743.920000
2023-03-29T09:09:00+00:00,58970.160000
2023-03-29T14:04:00+00:00,58964.980000
2023-03-29T14:34:00+00:00,58294.800000
2023-03-30T14:29:00+00:00,58289.620000
2023-03-30T16:49:00+00:00,57566.940000
2023-03-31T13:39:00+00:00,57562.500000
2023-03-31T13:49:00+00:00,57558.800000
2023-03-31T15:54:00+00:00,58067.330000
2023-03-31T18:09:00+00:00,58470.850000
2023-03-31T20:09:00+00:00,59530.630000
2023-03-31T20:09:00+00:00,60435.910000
2023-04-03T08:04:00+00:00,60427.770000
2023-04-03T12:09:00+00:00,59710.130000
2023-04-03T13:49:00+00:00,59705.690000
2023-04-03T14:44:00+00:00,59389.250000
2023-04-03T14:44:00+00:00,59378.150000
2023-04-03T14:54:00+00:00,59871.720000
2023-04-03T19:04:00+00:00,59861.800000
2023-04-04T06:19:00+00:00,59839.600000
2023-04-04T07:29:00+00:00,59142.400000
2023-04-04T13:59:00+00:00,59135.740000
2023-04-04T14:04:00+00:00,59132.040000
2023-04-04T14:24:00+00:00,58666.380000
2023-04-04T14:24:00+00:00,58190.180000
2023-04-04T14:29:00+00:00,58184.260000
2023-04-04T15:19:00+00:00,58703.300000
2023-04-04T20:09:00+00:00,59066.340000
2023-04-05T06:19:00+00:00,59050.800000
2023-04-05T07:34:00+00:00,58289.760000
2023-04-05T13:49:00+00:00,58285.320000
2023-04-05T14:54:00+00:00,58787.100000
2023-04-05T20:09:00+00:00,59095.380000
2023-04-06T14:09:00+00:00,59091.680000
2023-04-06T16:04:00+00:00,59502.700000
2023-04-06T20:09:00+00:00,60328.480000
2023-04-10T13:49:00+00:00,60324.780000
2023-04-10T15:09:00+00:00,59648.580000
2023-04-11T14:14:00+00:00,59645.620000
2023-04-11T14:29:00+00:00,59468.660000
2023-04-11T14:29:00+00:00,59460.520000
2023-04-11T14:39:00+00:00,58759.380000
2023-04-12T07:39:00+00:00,58752.720000
2023-04-12T07:49:00+00:00,58444.560000
2023-04-12T07:49:00+00:00,58429.760000
2023-04-12T08:19:00+00:00,58962.360000
2023-04-12T12:29:00+00:00,58949.960000
2023-04-12T12:39:00+00:00,58946.260000
2023-04-12T13:34:00+00:00,58272.560000
2023-04-12T13:49:00+00:00,58270.340000
2023-04-12T20:09:00+00:00,58904.120000
2023-04-13T09:19:00+00:00,58891.540000
2023-04-13T10:14:00+00:00,58156.460000
2023-04-13T14:09:00+00:00,58153.500000
2023-04-13T18:19:00+00:00,58609.520000
2023-04-13T20:09:00+00:00,59019.040000
2023-04-14T07:19:00+00:00,59003.500000
2023-04-14T08:14:00+00:00,58263.460000
2023-04-14T12:39:00+00:00,58253.840000
2023-04-14T12:59:00+00:00,58735.400000
2023-04-14T13:34:00+00:00,58726.720000
2023-04-14T13:49:00+00:00,58723.760000
2023-04-14T14:14:00+00:00,58450.800000
2023-04-14T14:14:00+00:00,58446.360000
2023-04-14T16:09:00+00:00,58948.140000
2023-04-14T19:49:00+00:00,58944.420000
2023-04-17T06:34:00+00:00,58931.100000
2023-04-17T07:49:00+00:00,59682.780000
2023-04-17T07:49:00+00:00,59664.280000
2023-04-17T08:39:00+00:00,60186.400000
2023-04-17T09:49:00+00:00,61519.030000
2023-04-17T14:34:00+00:00,61513.110000
2023-04-17T14:39:00+00:00,61509.410000
2023-04-17T16:09:00+00:00,62034.450000
2023-04-17T19:09:00+00:00,62029.490000
2023-04-17T20:09:00+00:00,61388.290000
2023-04-18T13:49:00+00:00,61380.890000
2023-04-18T13:54:00+00:00,61372.010000
2023-04-18T13:59:00+00:00,60659.610000
2023-04-18T13:59:00+00:00,59900.730000
2023-04-19T14:39:00+00:00,59896.290000
2023-04-19T17:24:00+00:00,60656.850000
2023-04-19T17:24:00+00:00,60641.310000
2023-04-19T18:04:00+00:00,59890.770000
2023-04-20T06:19:00+00:00,59878.930000
2023-04-20T07:14:00+00:00,59139.090000
2023-04-20T13:49:00+00:00,59135.390000
2023-04-20T19:19:00+00:00,58439.190000
2023-04-21T07:39:00+00:00,58432.530000
2023-04-21T08:49:00+00:00,57966.870000
2023-04-21T08:49:00+00:00,57959.470000
2023-04-21T10:34:00+00:00,57262.070000
2023-04-21T13:54:00+00:00,57256.890000
2023-04-21T14:24:00+00:00,56716.210000
2023-04-21T14:24:00+00:00,56712.510000
2023-04-21T14:49:00+00:00,56283.810000
2023-04-21T14:49:00+00:00,56279.370000
2023-04-21T15:04:00+00:00,55638.930000
2023-04-24T14:39:00+00:00,55636.710000
2023-04-24T20:09:00+00:00,55488.990000
2023-04-25T13:49:00+00:00,55482.330000
2023-04-25T15:54:00+00:00,55923.370000
2023-04-25T17:19:00+00:00,56844.670000
2023-04-26T06:24:00+00:00,56834.310000
2023-04-26T08:04:00+00:00,57166.950000
2023-04-26T08:04:00+00:00,57153.630000
2023-04-26T10:44:00+00:00,56456.310000
2023-04-26T13:59:00+00:00,56452.610000
2023-04-26T14:24:00+00:00,55831.410000
2023-04-27T14:09:00+00:00,55825.490000
2023-04-27T14:44:00+00:00,56305.530000
2023-04-27T16:14:00+00:00,57107.570000
2023-04-28T14:14:00+00:00,57105.350000
2023-04-28T20:09:00+00:00,57464.630000
2023-05-01T06:09:00+00:00,57449.090000
2023-05-01T06:44:00+00:00,56730.050000
2023-05-01T13:54:00+00:00,56722.650000
2023-05-01T14:04:00+00:00,56025.250000
2023-05-02T14:09:00+00:00,56020.070000
2023-05-02T14:34:00+00:00,56456.600000
2023-05-02T14:54:00+00:00,57428.640000
2023-05-03T13:54:00+00:00,57423.460000
2023-05-03T15:04:00+00:00,56732.280000
2023-05-04T07:09:00+00:00,56724.140000
2023-05-04T07:39:00+00:00,56006.500000
2023-05-04T14:24:00+00:00,56002.800000
2023-05-04T15:09:00+00:00,55344.100000
2023-05-05T06:24:00+00:00,55327.820000
2023-05-05T07:09:00+00:00,54618.540000
2023-05-05T12:49:00+00:00,54613.360000
2023-05-05T13:49:00+00:00,54608.920000
2023-05-05T14:04:00+00:00,55000.450000
2023-05-05T14:39:00+00:00,55475.230000
2023-05-05T17:29:00+00:00,56697.270000
2023-05-05T18:04:00+00:00,57490.050000
2023-05-08T06:19:00+00:00,57467.850000
2023-05-08T07:09:00+00:00,56725.650000
2023-05-08T13:54:00+00:00,56720.470000
2023-05-08T15:49:00+00:00,56032.790000
2023-05-08T18:14:00+00:00,56023.910000
2023-05-08T18:24:00+00:00,55343.030000
2023-05-09T08:59:00+00:00,55325.270000
2023-05-09T11:29:00+00:00,54623.510000
2023-05-09T13:59:00+00:00,54616.850000
2023-05-09T14:14:00+00:00,54097.190000
2023-05-09T14:14:00+00:00,54089.050000
2023-05-09T20:09:00+00:00,54328.410000
2023-05-10T14:09:00+00:00,54326.190000
2023-05-10T14:49:00+00:00,53707.470000
2023-05-11T06:39:00+00:00,53686.010000
2023-05-11T07:04:00+00:00,52983.050000
2023-05-11T07:09:00+00:00,52968.990000
2023-05-11T11:14:00+00:00,52289.930000
2023-05-11T14:34:00+00:00,52286.230000
2023-05-11T14:54:00+00:00,51945.030000
2023-05-11T14:54:00+00:00,51939.850000
2023-05-11T20:09:00+00:00,52351.170000
2023-05-12T13:49:00+00:00,52345.990000
2023-05-12T13:54:00+00:00,52340.810000
2023-05-12T14:34:00+00:00,52714.340000
2023-05-12T15:29:00+00:00,53101.370000
2023-05-12T16:44:00+00:00,53963.410000
2023-05-12T18:04:00+00:00,55129.450000
2023-05-15T13:54:00+00:00,55121.310000
2023-05-15T15:19:00+00:00,54431.170000
2023-05-15T17:59:00+00:00,54420.070000
2023-05-15T20:09:00+00:00,54918.970000
2023-05-16T07:04:00+00:00,54898.990000
2023-05-16T07:19:00+00:00,54190.510000
2023-05-16T13:39:00+00:00,54183.850000
2023-05-16T13:49:00+00:00,54180.890000
2023-05-16T14:34:00+00:00,54177.930000
2023-05-16T14:59:00+00:00,54606.970000
2023-05-16T20:09:00+00:00,54873.270000
2023-05-16T20:09:00+00:00,54780.310000
2023-05-16T20:09:00+00:00,54739.350000
2023-05-17T06:34:00+00:00,54717.150000
2023-05-17T06:39:00+00:00,54499.950000
2023-05-17T13:49:00+00:00,54493.290000
2023-05-17T13:54:00+00:00,54486.630000
2023-05-17T14:19:00+00:00,54313.470000
2023-05-17T14:19:00+00:00,53856.810000
2023-05-17T14:24:00+00:00,53849.410000
2023-05-17T16:34:00+00:00,54340.710000
2023-05-17T17:09:00+00:00,55492.010000
2023-05-18T07:09:00+00:00,55469.810000
2023-05-18T07:14:00+00:00,55762.460000
2023-05-18T07:14:00+00:00,55743.860000
2023-05-18T13:59:00+00:00,55740.160000
2023-05-18T15:04:00+00:00,56100.180000
2023-05-18T19:44:00+00:00,57001.710000
2023-05-19T13:49:00+00:00,56995.790000
2023-05-19T15:39:00+00:00,57490.830000
2023-05-19T18:59:00+00:00,57787.870000
2023-05-19T18:59:00+00:00,57778.990000
2023-05-19T20:09:00+00:00,57716.110000
2023-05-22T07:24:00+00:00,57701.310000
2023-05-22T09:59:00+00:00,58233.910000
2023-05-22T12:24:00+00:00,58221.510000
2023-05-22T13:39:00+00:00,58214.850000
2023-05-22T13:49:00+00:00,58211.890000
2023-05-22T14:14:00+00:00,58326.730000
2023-05-22T14:14:00+00:00,58135.770000
2023-05-22T14:19:00+00:00,58132.070000
2023-05-22T20:09:00+00:00,58145.870000
2023-05-23T13:54:00+00:00,58140.690000
2023-05-23T16:39:00+00:00,57449.510000
2023-05-24T07:19:00+00:00,57436.190000
2023-05-24T07:44:00+00:00,56711.870000
2023-05-24T14:04:00+00:00,56707.430000
2023-05-24T19:24:00+00:00,56000.990000
2023-05-25T06:14:00+00:00,55978.790000
2023-05-25T06:29:00+00:00,56473.940000
2023-05-25T07:39:00+00:00,56455.340000
2023-05-25T14:24:00+00:00,56453.120000
2023-05-25T15:14:00+00:00,55801.400000
2023-05-26T07:09:00+00:00,55787.340000
2023-05-26T08:24:00+00:00,55070.280000
2023-05-26T13:49:00+00:00,55067.320000
2023-05-26T14:39:00+00:00,55554.840000
2023-05-26T15:54:00+00:00,56368.360000
2023-05-29T14:24:00+00:00,56346.160000
2023-05-29T16:59:00+00:00,56852.560000
2023-05-29T16:59:00+00:00,57703.960000
2023-05-30T13:54:00+00:00,57702.480000
2023-05-30T13:59:00+00:00,57700.260000
2023-05-30T20:09:00+00:00,57839.780000
2023-05-30T20:09:00+00:00,58071.560000
2023-05-31T13:49:00+00:00,58067.860000
2023-05-31T14:14:00+00:00,57349.160000
2023-05-31T14:14:00+00:00,57344.720000
2023-05-31T20:09:00+00:00,57703.280000
2023-06-01T06:14:00+00:00,57692.920000
2023-06-01T08:24:00+00:00,56954.560000
2023-06-01T14:04:00+00:00,56950.860000
2023-06-01T14:29:00+00:00,56722.160000
2023-06-01T14:29:00+00:00,56716.240000
2023-06-01T14:44:00+00:00,56018.320000
2023-06-02T07:19:00+00:00,56004.260000
2023-06-02T09:09:00+00:00,55306.200000
2023-06-02T13:49:00+00:00,55303.240000
2023-06-02T13:54:00+00:00,55300.280000
2023-06-02T20:09:00+00:00,54931.320000
2023-06-02T20:09:00+00:00,54526.360000
2023-06-05T12:59:00+00:00,54506.380000
2023-06-05T13:34:00+00:00,53797.900000
2023-06-05T13:59:00+00:00,53790.500000
2023-06-05T14:04:00+00:00,53128.100000
2023-06-05T14:54:00+00:00,53125.880000
2023-06-05T18:34:00+00:00,52588.160000
2023-06-06T07:09:00+00:00,52565.960000
2023-06-06T07:29:00+00:00,53016.110000
2023-06-06T08:29:00+00:00,52997.510000
2023-06-06T13:34:00+00:00,52990.850000
2023-06-06T13:49:00+00:00,52354.190000
2023-06-06T14:24:00+00:00,52351.230000
2023-06-06T20:09:00+00:00,52480.270000
2023-06-07T13:39:00+00:00,52458.810000
2023-06-07T13:44:00+00:00,52920.950000
2023-06-07T13:44:00+00:00,52902.350000
2023-06-07T14:19:00+00:00,52900.130000
2023-06-07T15:54:00+00:00,53181.390000
2023-06-07T17:39:00+00:00,54119.910000
2023-06-08T06:24:00+00:00,54104.370000
2023-06-08T07:34:00+00:00,54576.970000
2023-06-08T08:24:00+00:00,55800.830000
2023-06-08T14:14:00+00:00,55797.870000
2023-06-08T20:09:00+00:00,56504.910000
2023-06-09T07:59:00+00:00,56496.030000
2023-06-09T11:39:00+00:00,57000.090000
2023-06-09T13:34:00+00:00,58182.150000
2023-06-09T13:49:00+00:00,58179.190000
2023-06-09T15:29:00+00:00,57556.230000
2023-06-12T14:09:00+00:00,57549.570000
2023-06-12T14:49:00+00:00,56863.410000
2023-06-13T07:59:00+00:00,56850.830000
2023-06-13T10:19:00+00:00,57342.910000
2023-06-13T12:34:00+00:00,57331.750000
2023-06-13T13:49:00+00:00,57328.790000
2023-06-13T18:59:00+00:00,57135.830000
2023-06-13T18:59:00+00:00,57130.650000
2023-06-13T20:09:00+00:00,57524.470000
2023-06-14T06:39:00+00:00,57508.930000
2023-06-14T07:19:00+00:00,58011.530000
2023-06-14T13:09:00+00:00,57997.890000
2023-06-14T13:49:00+00:00,57991.230000
2023-06-14T14:44:00+00:00,58438.270000
2023-06-14T17:34:00+00:00,58432.070000
2023-06-15T12:44:00+00:00,58426.890000
2023-06-15T13:04:00+00:00,57770.710000
2023-06-15T13:49:00+00:00,57767.750000
2023-06-15T15:39:00+00:00,58231.270000
2023-06-15T18:44:00+00:00,59004.790000
2023-06-16T13:24:00+00:00,59000.350000
2023-06-16T13:34:00+00:00,58326.910000
2023-06-16T13:39:00+00:00,58320.990000
2023-06-16T13:54:00+00:00,58319.510000
2023-06-16T15:29:00+00:00,58805.550000
2023-06-16T16:29:00+00:00,58800.590000
2023-06-16T20:09:00+00:00,58922.110000
2023-06-19T14:14:00+00:00,58909.530000
2023-06-20T00:04:00+00:00,58157.450000
2023-06-20T13:39:00+00:00,58150.050000
2023-06-20T13:49:00+00:00,58147.830000
2023-06-20T13:59:00+00:00,57410.430000
2023-06-20T14:04:00+00:00,56848.710000
2023-06-20T14:04:00+00:00,56845.750000
2023-06-20T20:09:00+00:00,56816.790000
2023-06-21T07:44:00+00:00,56809.390000
2023-06-21T13:34:00+00:00,57296.940000
2023-06-21T13:49:00+00:00,57293.240000
2023-06-21T14:04:00+00:00,58435.790000
2023-06-21T14:49:00+00:00,58809.310000
2023-06-21T20:09:00+00:00,59411.590000
2023-06-22T13:49:00+00:00,59408.630000
2023-06-22T19:49:00+00:00,59918.650000
2023-06-22T20:09:00+00:00,60473.170000
2023-06-23T13:49:00+00:00,60470.950000
2023-06-23T16:19:00+00:00,59843.230000
2023-06-26T08:09:00+00:00,59838.050000
2023-06-26T13:39:00+00:00,59087.370000
2023-06-26T13:54:00+00:00,59085.150000
2023-06-26T14:54:00+00:00,59079.970000
2023-06-26T15:09:00+00:00,58482.250000
2023-06-26T15:09:00+00:00,57756.070000
2023-06-27T15:29:00+00:00,57753.110000
2023-06-27T17:49:00+00:00,58257.130000
2023-06-27T20:09:00+00:00,58690.650000
2023-06-28T13:39:00+00:00,58678.810000
2023-06-28T13:49:00+00:00,57962.970000
2023-06-28T14:19:00+00:00,57960.010000
2023-06-28T20:09:00+00:00,58383.050000
2023-06-29T14:09:00+00:00,58380.090000
2023-06-29T20:09:00+00:00,57943.130000
2023-06-30T13:49:00+00:00,57940.170000
2023-06-30T20:09:00+00:00,57921.210000
2023-07-03T13:49:00+00:00,57914.550000
2023-07-03T14:34:00+00:00,57187.890000
2023-07-04T13:49:00+00:00,57165.690000
2023-07-04T14:29:00+00:00,57447.090000
2023-07-04T14:44:00+00:00,57923.490000
2023-07-05T08:19:00+00:00,57917.570000
2023-07-05T13:44:00+00:00,57199.650000
2023-07-05T13:54:00+00:00,57197.430000
2023-07-05T20:09:00+00:00,57021.210000
2023-07-06T13:54:00+00:00,57018.250000
2023-07-06T16:34:00+00:00,56399.290000
2023-07-07T08:04:00+00:00,56380.050000
2023-07-07T08:49:00+00:00,56896.930000
2023-07-07T12:34:00+00:00,58115.810000
2023-07-07T12:49:00+00:00,58112.850000
2023-07-07T13:04:00+00:00,58109.890000
2023-07-07T13:49:00+00:00,57994.930000
2023-07-07T13:49:00+00:00,57649.970000
2023-07-07T13:54:00+00:00,57645.530000
2023-07-07T14:34:00+00:00,56924.090000
2023-07-10T13:49:00+00:00,56920.390000
2023-07-10T14:14:00+00:00,56679.190000
2023-07-10T14:14:00+00:00,56676.230000
2023-07-10T16:04:00+00:00,56101.270000
2023-07-11T13:49:00+00:00,56094.610000
2023-07-11T14:04:00+00:00,56092.390000
2023-07-11T14:39:00+00:00,55446.730000
2023-07-11T15:59:00+00:00,54838.510000
2023-07-12T06:24:00+00:00,54816.310000
2023-07-12T07:34:00+00:00,54179.110000
2023-07-12T13:49:00+00:00,54173.190000
2023-07-12T15:39:00+00:00,53487.270000
2023-07-13T12:49:00+00:00,53478.390000
2023-07-13T13:34:00+00:00,53968.950000
2023-07-13T13:54:00+00:00,53965.250000
2023-07-13T16:24:00+00:00,55115.810000
2023-07-13T19:29:00+00:00,55517.830000
2023-07-13T20:09:00+00:00,56022.610000
2023-07-14T13:54:00+00:00,56019.650000
2023-07-14T18:29:00+00:00,55338.690000
2023-07-17T13:49:00+00:00,55334.990000
2023-07-17T13:54:00+00:00,55330.550000
2023-07-17T15:29:00+00:00,54724.350000
2023-07-17T15:29:00+00:00,54056.910000
2023-07-18T13:39:00+00:00,54053.210000
2023-07-18T15:44:00+00:00,53414.510000
2023-07-18T15:44:00+00:00,53411.550000
2023-07-18T17:44:00+00:00,53884.070000
2023-07-18T19:19:00+00:00,54672.590000
2023-07-19T15:14:00+00:00,54668.890000
2023-07-19T15:19:00+00:00,54664.450000
2023-07-19T16:24:00+00:00,54013.250000
2023-07-19T16:24:00+00:00,53378.810000
2023-07-20T14:04:00+00:00,53375.850000
2023-07-20T14:09:00+00:00,53372.150000
2023-07-20T14:34:00+00:00,53790.670000
2023-07-20T14:34:00+00:00,54135.690000
2023-07-20T18:19:00+00:00,54834.210000
2023-07-20T19:04:00+00:00,56044.740000
2023-07-21T13:34:00+00:00,56035.860000
2023-07-21T13:39:00+00:00,56521.920000
2023-07-21T13:39:00+00:00,56514.480000
2023-07-21T13:49:00+00:00,56511.520000
2023-07-21T18:19:00+00:00,56507.080000
2023-07-21T19:14:00+00:00,56957.100000
2023-07-21T20:09:00+00:00,57321.620000
2023-07-21T20:09:00+00:00,57935.180000
2023-07-24T07:39:00+00:00,57925.560000
2023-07-24T13:29:00+00:00,57912.980000
2023-07-24T13:34:00+00:00,57220.860000
2023-07-24T13:34:00+00:00,56562.280000
2023-07-24T13:49:00+00:00,56558.580000
2023-07-24T13:54:00+00:00,56553.400000
2023-07-24T14:14:00+00:00,55872.720000
2023-07-24T14:19:00+00:00,55754.020000
2023-07-24T14:19:00+00:00,55750.320000
2023-07-24T20:09:00+00:00,55669.120000
2023-07-25T13:39:00+00:00,55662.460000
2023-07-25T13:49:00+00:00,55658.020000
2023-07-25T13:59:00+00:00,56096.060000
2023-07-25T14:34:00+00:00,56089.860000
2023-07-25T18:39:00+00:00,56602.890000
2023-07-25T20:04:00+00:00,56599.170000
2023-07-26T13:59:00+00:00,56594.730000
2023-07-26T14:54:00+00:00,55969.290000
2023-07-26T14:59:00+00:00,55967.070000
2023-07-26T18:39:00+00:00,55352.850000
2023-07-26T19:14:00+00:00,55350.630000
2023-07-26T20:09:00+00:00,54773.910000
2023-07-27T14:24:00+00:00,54770.950000
2023-07-27T17:59:00+00:00,55222.470000
2023-07-27T18:29:00+00:00,55975.990000
2023-07-27T19:19:00+00:00,55970.070000
2023-07-27T19:34:00+00:00,55300.150000
2023-07-28T13:19:00+00:00,55292.750000
2023-07-28T13:39:00+00:00,54625.350000
2023-07-28T13:49:00+00:00,54623.130000
2023-07-28T13:54:00+00:00,54620.910000
2023-07-28T17:59:00+00:00,54612.030000
2023-07-28T18:44:00+00:00,54944.310000
2023-07-28T18:44:00+00:00,55183.590000
2023-07-28T18:44:00+00:00,55714.710000
2023-07-28T18:49:00+00:00,55710.270000
2023-07-28T20:09:00+00:00,55870.830000
2023-07-31T07:24:00+00:00,55864.170000
2023-07-31T12:49:00+00:00,56311.210000
2023-07-31T13:59:00+00:00,56305.010000
2023-07-31T13:59:00+00:00,56301.310000
2023-07-31T14:14:00+00:00,55975.110000
2023-07-31T14:14:00+00:00,55969.930000
2023-07-31T17:04:00+00:00,55313.750000
2023-07-31T19:09:00+00:00,55301.910000
2023-07-31T19:59:00+00:00,54610.070000
2023-08-01T08:44:00+00:00,54596.750000
2023-08-01T09:34:00+00:00,53926.430000
2023-08-01T14:14:00+00:00,53921.990000
2023-08-01T14:34:00+00:00,53332.550000
2023-08-02T14:09:00+00:00,53331.070000
2023-08-02T20:09:00+00:00,53645.590000
2023-08-03T13:49:00+00:00,53643.370000
2023-08-03T14:14:00+00:00,53536.150000
2023-08-03T14:14:00+00:00,53532.450000
2023-08-03T15:19:00+00:00,52963.750000
2023-08-03T18:24:00+00:00,52956.350000
2023-08-03T19:09:00+00:00,52333.950000
2023-08-04T08:39:00+00:00,52326.550000
2023-08-04T09:29:00+00:00,51704.150000
2023-08-04T13:49:00+00:00,51701.190000
2023-08-04T13:54:00+00:00,51699.710000
2023-08-04T14:04:00+00:00,52127.230000
2023-08-04T14:39:00+00:00,52244.750000
2023-08-04T14:39:00+00:00,52145.270000
2023-08-04T14:44:00+00:00,52143.050000
2023-08-04T18:39:00+00:00,51489.830000
2023-08-07T06:49:00+00:00,51472.810000
2023-08-07T07:09:00+00:00,51910.170000
2023-08-07T07:09:00+00:00,51895.290000
2023-08-07T08:59:00+00:00,51883.450000
2023-08-07T10:29:00+00:00,51239.610000
2023-08-07T12:39:00+00:00,51227.770000
2023-08-07T13:14:00+00:00,51695.850000
2023-08-07T13:34:00+00:00,51685.930000
2023-08-07T13:49:00+00:00,51682.970000
2023-08-07T13:59:00+00:00,51642.010000
2023-08-07T13:59:00+00:00,51636.830000
2023-08-07T14:14:00+00:00,51633.130000
2023-08-07T15:19:00+00:00,51011.950000
2023-08-07T15:19:00+00:00,50403.250000
2023-08-08T07:09:00+00:00,50393.630000
2023-08-08T10:34:00+00:00,49786.010000
2023-08-08T13:49:00+00:00,49783.790000
2023-08-08T20:09:00+00:00,49363.070000
2023-08-09T13:54:00+00:00,49360.850000
2023-08-09T20:09:00+00:00,49826.630000
2023-08-10T06:49:00+00:00,49808.870000
2023-08-10T07:04:00+00:00,49167.110000
2023-08-10T13:49:00+00:00,49165.630000
2023-08-10T15:24:00+00:00,48747.150000
2023-08-11T06:09:00+00:00,48730.130000
2023-08-11T06:34:00+00:00,48115.110000
2023-08-11T14:14:00+00:00,48112.150000
2023-08-11T15:29:00+00:00,47511.190000
2023-08-14T13:54:00+00:00,47508.970000
2023-08-14T14:54:00+00:00,47750.480000
2023-08-14T20:09:00+00:00,48381.000000
2023-08-15T13:49:00+00:00,48378.040000
2023-08-15T19:29:00+00:00,48751.560000
2023-08-15T20:09:00+00:00,49116.080000
2023-08-16T13:49:00+00:00,49113.120000
2023-08-16T15:54:00+00:00,48558.160000
2023-08-16T18:29:00+00:00,48555.200000
2023-08-16T19:09:00+00:00,48030.240000
2023-08-17T08:04:00+00:00,48025.800000
2023-08-17T13:54:00+00:00,47529.360000
2023-08-17T13:54:00+00:00,47527.140000
2023-08-17T19:14:00+00:00,47802.400000
2023-08-17T20:09:00+00:00,48388.920000
2023-08-18T13:49:00+00:00,48385.220000
2023-08-18T14:04:00+00:00,47811.520000
2023-08-21T13:59:00+00:00,47810.040000
2023-08-21T15:14:00+00:00,47375.560000
2023-08-22T12:49:00+00:00,47368.160000
2023-08-22T13:39:00+00:00,47780.710000
2023-08-22T13:54:00+00:00,47778.490000
2023-08-22T13:59:00+00:00,48746.040000
2023-08-22T14:59:00+00:00,48553.320000
2023-08-22T14:59:00+00:00,48548.880000
2023-08-22T15:44:00+00:00,47962.440000
2023-08-23T13:49:00+00:00,47958.740000
2023-08-23T14:24:00+00:00,48290.260000
2023-08-23T15:24:00+00:00,49120.540000
2023-08-24T07:19:00+00:00,49113.880000
2023-08-24T08:04:00+00:00,48535.720000
2023-08-24T13:49:00+00:00,48534.240000
2023-08-24T15:29:00+00:00,48949.000000
2023-08-24T18:24:00+00:00,48946.040000
2023-08-24T19:49:00+00:00,49345.060000
2023-08-24T19:59:00+00:00,50036.820000
2023-08-24T20:09:00+00:00,50542.340000
2023-08-25T13:59:00+00:00,50538.640000
2023-08-25T14:09:00+00:00,49967.440000
2023-08-28T06:54:00+00:00,49946.720000
2023-08-28T07:24:00+00:00,49296.000000
2023-08-28T07:24:00+00:00,49289.340000
2023-08-28T12:29:00+00:00,49688.380000
2023-08-28T13:39:00+00:00,50857.180000
2023-08-28T14:44:00+00:00,50854.960000
2023-08-28T20:09:00+00:00,50452.240000
2023-08-29T06:59:00+00:00,50438.180000
2023-08-29T07:29:00+00:00,49787.620000
2023-08-29T07:49:00+00:00,49777.260000
2023-08-29T07:59:00+00:00,50213.080000
2023-08-29T13:44:00+00:00,50204.400000
2023-08-29T13:49:00+00:00,50202.180000
2023-08-29T14:34:00+00:00,50508.190000
2023-08-29T19:19:00+00:00,51529.210000
2023-08-30T06:14:00+00:00,51511.450000
2023-08-30T06:59:00+00:00,50857.690000
2023-08-30T13:54:00+00:00,50854.730000
2023-08-30T13:59:00+00:00,50851.770000
2023-08-30T14:29:00+00:00,50230.810000
2023-08-30T14:29:00+00:00,49639.850000
2023-08-30T14:29:00+00:00,49637.630000
2023-08-30T15:39:00+00:00,49144.910000
2023-08-31T13:59:00+00:00,49142.690000
2023-08-31T20:09:00+00:00,49015.970000
2023-09-01T13:44:00+00:00,49013.750000
2023-09-01T13:49:00+00:00,49012.270000
2023-09-01T14:04:00+00:00,48947.050000
2023-09-01T14:04:00+00:00,48760.570000
2023-09-01T14:09:00+00:00,48755.390000
2023-09-01T14:39:00+00:00,48211.210000
2023-09-04T13:54:00+00:00,48201.590000
2023-09-04T14:14:00+00:00,47619.970000
2023-09-04T14:19:00+00:00,47611.830000
2023-09-04T15:09:00+00:00,48001.880000
2023-09-05T07:39:00+00:00,49099.940000
2023-09-05T12:49:00+00:00,49087.360000
2023-09-05T13:09:00+00:00,48462.780000
2023-09-05T13:14:00+00:00,48454.640000
2023-09-05T13:34:00+00:00,47863.500000
2023-09-05T14:04:00+00:00,47860.540000
2023-09-05T14:14:00+00:00,47637.580000
2023-09-05T14:14:00+00:00,47631.660000
2023-09-05T14:49:00+00:00,48051.700000
2023-09-05T20:09:00+00:00,48420.740000
2023-09-06T08:24:00+00:00,48415.560000
2023-09-06T14:04:00+00:00,48768.840000
2023-09-06T14:04:00+00:00,48763.880000
2023-09-06T14:04:00+00:00,48761.660000
2023-09-06T14:09:00+00:00,48759.440000
2023-09-06T20:09:00+00:00,48901.220000
2023-09-06T20:09:00+00:00,49031.000000
2023-09-07T08:09:00+00:00,49022.120000
2023-09-07T08:29:00+00:00,49445.180000
2023-09-07T09:14:00+00:00,49437.740000
2023-09-07T14:44:00+00:00,49436.260000
2023-09-07T19:14:00+00:00,49477.780000
2023-09-07T19:14:00+00:00,49468.160000
2023-09-07T19:54:00+00:00,48847.540000
2023-09-08T13:49:00+00:00,48845.320000
2023-09-08T18:19:00+00:00,48394.600000
2023-09-08T18:19:00+00:00,48388.680000
2023-09-08T20:09:00+00:00,47798.760000
2023-09-11T13:44:00+00:00,47794.320000
2023-09-11T13:59:00+00:00,47792.100000
2023-09-11T17:24:00+00:00,47235.660000
2023-09-11T17:34:00+00:00,46730.940000
2023-09-11T19:29:00+00:00,46728.720000
2023-09-11T20:09:00+00:00,46626.000000
2023-09-12T07:14:00+00:00,46613.420000
2023-09-12T08:49:00+00:00,46997.500000
2023-09-12T10:34:00+00:00,46986.340000
2023-09-12T13:59:00+00:00,46983.380000
2023-09-12T14:29:00+00:00,46470.420000
2023-09-13T06:54:00+00:00,46463.020000
2023-09-13T07:44:00+00:00,46595.620000
2023-09-13T07:44:00+00:00,46588.220000
2023-09-13T10:19:00+00:00,47008.270000
2023-09-13T11:49:00+00:00,47002.070000
2023-09-13T14:09:00+00:00,46999.850000
2023-09-13T14:29:00+00:00,46763.630000
2023-09-13T14:29:00+00:00,46761.410000
2023-09-13T20:09:00+00:00,47032.190000
2023-09-14T06:54:00+00:00,47021.090000
2023-09-14T08:19:00+00:00,47409.660000
2023-09-14T10:24:00+00:00,47399.740000
2023-09-14T12:59:00+00:00,47395.300000
2023-09-14T13:54:00+00:00,46802.860000
2023-09-14T13:54:00+00:00,46800.640000
2023-09-14T14:44:00+00:00,46328.920000
2023-09-15T13:59:00+00:00,46327.440000
2023-09-15T20:09:00+00:00,46818.960000
2023-09-18T06:19:00+00:00,46801.940000
2023-09-18T06:39:00+00:00,46209.920000
2023-09-18T06:39:00+00:00,46189.200000
2023-09-18T06:59:00+00:00,45902.480000
2023-09-18T06:59:00+00:00,45884.720000
2023-09-18T07:19:00+00:00,45290.960000
2023-09-18T07:29:00+00:00,45279.120000
2023-09-18T11:09:00+00:00,44723.280000
2023-09-18T13:39:00+00:00,44719.580000
2023-09-18T15:34:00+00:00,44717.360000
2023-09-18T20:09:00+00:00,44868.660000
2023-09-18T20:09:00+00:00,44809.440000
2023-09-19T13:59:00+00:00,44806.480000
2023-09-19T17:49:00+00:00,44245.520000
2023-09-19T19:04:00+00:00,44242.560000
2023-09-19T20:09:00+00:00,43997.600000
2023-09-20T08:09:00+00:00,43988.720000
2023-09-20T08:24:00+00:00,43457.840000
2023-09-20T08:24:00+00:00,43451.920000
2023-09-20T12:49:00+00:00,43443.780000
2023-09-20T13:34:00+00:00,42896.640000
2023-09-20T14:14:00+00:00,42594.720000
2023-09-20T14:14:00+00:00,42591.760000
2023-09-20T17:59:00+00:00,42598.800000
2023-09-20T17:59:00+00:00,42593.620000
2023-09-20T18:04:00+00:00,42070.440000
2023-09-21T09:09:00+00:00,42062.300000
2023-09-21T09:59:00+00:00,41564.660000
2023-09-21T13:49:00+00:00,41561.700000
2023-09-21T14:14:00+00:00,41632.740000
2023-09-21T14:14:00+00:00,41629.040000
2023-09-21T19:14:00+00:00,41182.840000
2023-09-22T08:54:00+00:00,41168.040000
2023-09-22T09:39:00+00:00,40633.240000
2023-09-22T13:59:00+00:00,40630.280000
2023-09-22T18:14:00+00:00,40131.320000
2023-09-25T13:24:00+00:00,40124.660000
2023-09-25T13:34:00+00:00,39650.000000
2023-09-25T13:59:00+00:00,39648.520000
2023-09-25T17:14:00+00:00,39646.300000
2023-09-25T19:24:00+00:00,39640.380000
2023-09-25T19:59:00+00:00,39994.420000
2023-09-25T20:09:00+00:00,40237.940000
2023-09-25T20:09:00+00:00,40363.220000
2023-09-25T20:09:00+00:00,40780.260000
2023-09-26T13:49:00+00:00,40776.560000
2023-09-26T14:19:00+00:00,41055.580000
2023-09-26T14:49:00+00:00,41051.860000
2023-09-27T14:04:00+00:00,41048.900000
2023-09-27T14:29:00+00:00,40873.940000
2023-09-27T14:29:00+00:00,40868.020000
2023-09-27T14:44:00+00:00,40346.100000
2023-09-27T17:09:00+00:00,40340.920000
2023-09-27T17:14:00+00:00,39873.740000
2023-09-28T08:39:00+00:00,39858.940000
2023-09-28T08:59:00+00:00,39344.140000
2023-09-28T12:54:00+00:00,39341.920000
2023-09-28T13:54:00+00:00,39188.200000
2023-09-28T13:54:00+00:00,39185.980000
2023-09-28T15:34:00+00:00,39410.990000
2023-09-28T16:19:00+00:00,40162.010000
2023-09-29T13:49:00+00:00,40157.570000
2023-09-29T14:24:00+00:00,39661.130000
2023-10-02T06:14:00+00:00,39650.030000
2023-10-02T06:54:00+00:00,39986.100000
2023-10-02T07:14:00+00:00,40890.180000
2023-10-02T14:04:00+00:00,40889.440000
2023-10-02T14:19:00+00:00,40817.700000
2023-10-02T14:19:00+00:00,40814.740000
2023-10-02T15:19:00+00:00,40333.780000
2023-10-02T18:34:00+00:00,40331.560000
2023-10-02T19:54:00+00:00,39913.840000
2023-10-03T07:54:00+00:00,39906.440000
2023-10-03T08:04:00+00:00,39434.040000
2023-10-03T13:49:00+00:00,39431.080000
2023-10-03T14:04:00+00:00,38966.120000
2023-10-04T14:29:00+00:00,38964.640000
2023-10-04T14:44:00+00:00,38578.160000
2023-10-04T14:54:00+00:00,38574.460000
2023-10-04T15:14:00+00:00,38118.260000
2023-10-05T13:49:00+00:00,38116.780000
2023-10-05T14:39:00+00:00,38354.540000
2023-10-05T17:44:00+00:00,38353.300000
2023-10-06T13:14:00+00:00,38349.600000
2023-10-06T13:34:00+00:00,38616.620000
2023-10-06T13:39:00+00:00,38612.900000
2023-10-06T14:24:00+00:00,38612.160000
2023-10-06T18:39:00+00:00,39218.920000
2023-10-09T07:34:00+00:00,39211.520000
2023-10-09T08:24:00+00:00,38714.120000
2023-10-09T13:09:00+00:00,38708.940000
2023-10-09T13:34:00+00:00,38227.760000
2023-10-09T13:39:00+00:00,38223.320000
2023-10-09T13:44:00+00:00,37771.880000
2023-10-09T13:49:00+00:00,37770.400000
2023-10-09T20:09:00+00:00,38333.920000
2023-10-10T13:29:00+00:00,38330.220000
2023-10-10T13:59:00+00:00,37921.520000
2023-10-10T13:59:00+00:00,37919.300000
2023-10-10T15:09:00+00:00,38100.060000
2023-10-10T20:09:00+00:00,38261.580000
2023-10-11T14:04:00+00:00,38259.360000
2023-10-11T20:04:00+00:00,37795.140000
2023-10-12T14:09:00+00:00,37792.180000
2023-10-12T17:09:00+00:00,37337.220000
2023-10-13T07:24:00+00:00,37325.380000
2023-10-13T07:44:00+00:00,36849.540000
2023-10-13T14:14:00+00:00,36848.060000
2023-10-13T15:09:00+00:00,37081.320000
2023-10-13T17:29:00+00:00,37470.580000
2023-10-13T17:49:00+00:00,37467.620000
2023-10-13T20:09:00+00:00,37408.660000
2023-10-16T06:59:00+00:00,37395.340000
2023-10-16T07:14:00+00:00,37726.180000
2023-10-16T07:39:00+00:00,38507.020000
2023-10-16T14:19:00+00:00,38505.540000
2023-10-16T17:24:00+00:00,38391.060000
2023-10-16T17:24:00+00:00,38382.180000
2023-10-16T17:29:00+00:00,37887.300000
2023-10-17T06:24:00+00:00,37873.980000
2023-10-17T07:04:00+00:00,37392.660000
2023-10-17T13:49:00+00:00,37389.700000
2023-10-17T14:09:00+00:00,36918.740000
2023-10-18T07:39:00+00:00,36909.860000
2023-10-18T09:34:00+00:00,36462.980000
2023-10-18T14:19:00+00:00,36460.760000
2023-10-18T14:34:00+00:00,36043.040000
2023-10-18T14:34:00+00:00,36040.820000
2023-10-18T19:04:00+00:00,36224.580000
2023-10-18T20:09:00+00:00,36497.100000
2023-10-19T06:24:00+00:00,36488.220000
2023-10-19T07:44:00+00:00,36029.340000
2023-10-19T13:44:00+00:00,36025.640000
2023-10-19T14:14:00+00:00,35581.940000
2023-10-19T14:29:00+00:00,35580.460000
2023-10-19T14:34:00+00:00,35578.980000
2023-10-19T16:04:00+00:00,35154.500000
2023-10-19T16:04:00+00:00,34730.020000
2023-10-20T14:14:00+00:00,34728.540000
2023-10-20T20:09:00+00:00,35240.060000
2023-10-23T13:44:00+00:00,35238.580000
2023-10-23T13:49:00+00:00,34928.100000
2023-10-23T13:54:00+00:00,34925.880000
2023-10-23T13:59:00+00:00,34925.140000
2023-10-23T15:09:00+00:00,35112.650000
2023-10-23T16:59:00+00:00,35989.670000
2023-10-23T20:09:00+00:00,36198.930000
2023-10-24T08:49:00+00:00,36193.750000
2023-10-24T13:44:00+00:00,36463.780000
2023-10-24T13:49:00+00:00,36458.820000
2023-10-24T13:54:00+00:00,36456.600000
2023-10-24T14:29:00+00:00,36119.880000
2023-10-24T14:29:00+00:00,36118.400000
2023-10-24T16:24:00+00:00,35776.920000
2023-10-25T13:49:00+00:00,35776.180000
2023-10-25T20:09:00+00:00,36024.940000
2023-10-26T13:49:00+00:00,36023.460000
2023-10-26T14:54:00+00:00,35988.980000
2023-10-26T14:54:00+00:00,35987.500000
2023-10-26T15:14:00+00:00,35620.020000
2023-10-27T13:49:00+00:00,35617.060000
2023-10-27T14:09:00+00:00,35190.100000
2023-10-30T09:09:00+00:00,35182.700000
2023-10-30T12:29:00+00:00,34755.300000
2023-10-30T13:04:00+00:00,34741.980000
2023-10-30T13:14:00+00:00,34287.660000
2023-10-30T13:49:00+00:00,34286.920000
2023-10-30T14:29:00+00:00,34030.180000
2023-10-31T09:14:00+00:00,34022.040000
2023-10-31T10:04:00+00:00,33601.400000
2023-10-31T13:34:00+00:00,33592.520000
2023-10-31T13:39:00+00:00,33187.640000
2023-10-31T16:49:00+00:00,33186.900000
2023-10-31T20:09:00+00:00,33257.160000
2023-11-01T13:49:00+00:00,33254.940000
2023-11-01T18:34:00+00:00,33434.200000
2023-11-01T18:44:00+00:00,33431.720000
2023-11-02T14:09:00+00:00,33429.500000
2023-11-02T14:54:00+00:00,33067.280000
2023-11-03T13:49:00+00:00,33065.800000
2023-11-03T17:29:00+00:00,33274.320000
2023-11-03T17:29:00+00:00,33270.620000
2023-11-03T17:59:00+00:00,32914.420000
2023-11-06T15:14:00+00:00,32912.940000
2023-11-06T18:44:00+00:00,32962.460000
2023-11-06T18:44:00+00:00,32958.760000
2023-11-06T20:59:00+00:00,33168.780000
2023-11-06T21:09:00+00:00,33474.060000
2023-11-07T14:39:00+00:00,33470.360000
2023-11-07T14:54:00+00:00,33064.160000
2023-11-07T14:59:00+00:00,33062.680000
2023-11-07T15:14:00+00:00,33048.200000
2023-11-07T15:14:00+00:00,33044.500000
2023-11-07T15:29:00+00:00,32635.800000
2023-11-08T15:04:00+00:00,32633.580000
2023-11-08T21:09:00+00:00,32514.360000
2023-11-09T08:39:00+00:00,32506.220000
2023-11-09T08:59:00+00:00,32096.580000
2023-11-09T08:59:00+00:00,32089.920000
2023-11-09T10:44:00+00:00,31678.260000
2023-11-09T14:59:00+00:00,31676.040000
2023-11-09T15:09:00+00:00,31327.320000
2023-11-10T14:54:00+00:00,31325.840000
2023-11-10T17:34:00+00:00,31562.850000
2023-11-10T20:19:00+00:00,31958.360000
2023-11-13T14:54:00+00:00,31956.140000
2023-11-13T15:49:00+00:00,31575.920000
2023-11-14T08:19:00+00:00,31566.300000
2023-11-14T08:54:00+00:00,31166.680000
2023-11-14T13:39:00+00:00,31164.460000
2023-11-14T14:59:00+00:00,31162.980000
2023-11-14T15:04:00+00:00,31324.990000
2023-11-14T20:29:00+00:00,31812.510000
2023-11-14T20:29:00+00:00,31999.030000
2023-11-14T20:34:00+00:00,31990.890000
2023-11-14T20:54:00+00:00,32242.190000
2023-11-14T21:09:00+00:00,32372.750000
2023-11-15T08:09:00+00:00,32363.870000
2023-11-15T08:49:00+00:00,32660.930000
2023-11-15T09:44:00+00:00,32653.490000
2023-11-15T14:54:00+00:00,32651.270000
2023-11-15T15:54:00+00:00,32317.550000
2023-11-16T14:49:00+00:00,32314.590000
2023-11-16T15:24:00+00:00,32425.630000
2023-11-16T15:24:00+00:00,32423.410000
2023-11-16T16:39:00+00:00,32584.670000
2023-11-16T17:39:00+00:00,32582.190000
2023-11-16T19:59:00+00:00,32577.750000
2023-11-16T21:09:00+00:00,32459.310000
2023-11-17T16:59:00+00:00,32456.350000
2023-11-17T19:09:00+00:00,32454.130000
2023-11-17T20:44:00+00:00,32058.910000
2023-11-17T21:09:00+00:00,32133.950000
2023-11-20T14:59:00+00:00,32133.210000
2023-11-20T21:09:00+00:00,32299.970000
2023-11-21T15:24:00+00:00,32298.490000
2023-11-21T21:09:00+00:00,32164.010000
2023-11-22T08:09:00+00:00,32158.830000
2023-11-22T10:34:00+00:00,32383.860000
2023-11-22T12:29:00+00:00,33087.900000
2023-11-22T14:54:00+00:00,33087.160000
2023-11-22T21:09:00+00:00,33116.420000
2023-11-23T15:04:00+00:00,33106.800000
2023-11-23T15:54:00+00:00,32694.180000
2023-11-24T09:14:00+00:00,32689.740000
2023-11-24T11:14:00+00:00,32277.300000
2023-11-24T15:24:00+00:00,32275.080000
2023-11-27T15:09:00+00:00,32008.860000
2023-11-27T15:09:00+00:00,32007.380000
2023-11-27T20:54:00+00:00,31883.900000
2023-11-28T14:49:00+00:00,31880.200000
2023-11-28T14:54:00+00:00,31877.240000
2023-11-28T15:39:00+00:00,31494.280000
2023-11-28T15:44:00+00:00,31153.080000
2023-11-29T08:14:00+00:00,31145.680000
2023-11-29T09:24:00+00:00,31415.730000
2023-11-29T11:59:00+00:00,32050.780000
2023-11-29T13:44:00+00:00,32044.860000
2023-11-29T14:34:00+00:00,31646.940000
2023-11-29T15:09:00+00:00,31645.460000
2023-11-29T16:14:00+00:00,31644.720000
2023-11-29T21:09:00+00:00,31967.240000
2023-11-29T21:09:00+00:00,32016.000000
2023-11-30T09:14:00+00:00,32010.080000
2023-11-30T13:34:00+00:00,32298.120000
2023-11-30T13:54:00+00:00,32293.160000
2023-11-30T15:04:00+00:00,32292.420000
2023-11-30T15:19:00+00:00,32174.180000
2023-11-30T15:19:00+00:00,32171.960000
2023-11-30T15:39:00+00:00,31844.240000
2023-11-30T20:14:00+00:00,31839.800000
2023-11-30T20:44:00+00:00,31445.360000
2023-12-01T08:09:00+00:00,31431.300000
2023-12-01T08:39:00+00:00,31701.390000
2023-12-01T09:34:00+00:00,32411.490000
2023-12-01T14:49:00+00:00,32408.530000
2023-12-01T15:04:00+00:00,32406.310000
2023-12-01T15:29:00+00:00,32015.350000
2023-12-01T15:29:00+00:00,31636.630000
2023-12-04T09:14:00+00:00,31632.190000
2023-12-04T13:39:00+00:00,31924.720000
2023-12-04T14:24:00+00:00,32610.250000
2023-12-04T15:14:00+00:00,32607.290000
2023-12-04T15:24:00+00:00,32877.310000
2023-12-04T17:09:00+00:00,32874.830000
2023-12-04T19:19:00+00:00,32871.870000
2023-12-04T21:09:00+00:00,33100.910000
2023-12-05T13:44:00+00:00,33090.550000
2023-12-05T14:14:00+00:00,33384.620000
2023-12-05T14:34:00+00:00,33375.940000
2023-12-05T14:54:00+00:00,33373.720000
2023-12-05T15:49:00+00:00,33579.980000
2023-12-05T16:54:00+00:00,33577.500000
2023-12-05T19:39:00+00:00,33573.060000
2023-12-05T19:59:00+00:00,33181.620000
2023-12-06T14:39:00+00:00,33175.700000
2023-12-06T14:54:00+00:00,32789.780000
2023-12-06T15:04:00+00:00,32789.040000
2023-12-06T15:29:00+00:00,32788.300000
2023-12-06T21:09:00+00:00,32993.060000
2023-12-06T21:09:00+00:00,33149.820000
2023-12-07T15:24:00+00:00,33148.340000
2023-12-07T19:39:00+00:00,33315.860000
2023-12-07T19:39:00+00:00,33309.940000
2023-12-07T21:09:00+00:00,33520.020000
2023-12-08T15:04:00+00:00,33518.540000
2023-12-08T21:09:00+00:00,33684.060000
2023-12-11T14:29:00+00:00,33675.920000
2023-12-11T14:34:00+00:00,33244.280000
2023-12-11T14:54:00+00:00,33242.800000
2023-12-11T19:24:00+00:00,33551.320000
2023-12-11T19:24:00+00:00,33543.920000
2023-12-11T21:09:00+00:00,33386.520000
2023-12-12T08:04:00+00:00,33365.800000
2023-12-12T08:29:00+00:00,32925.080000
2023-12-12T14:59:00+00:00,32923.600000
2023-12-12T20:59:00+00:00,33133.610000
2023-12-12T21:09:00+00:00,33382.870000
2023-12-13T09:09:00+00:00,33374.730000
2023-12-13T13:34:00+00:00,32948.590000
2023-12-13T16:24:00+00:00,32946.370000
2023-12-13T19:04:00+00:00,32624.650000
2023-12-14T08:24:00+00:00,32620.950000
2023-12-14T15:19:00+00:00,32841.470000
2023-12-14T15:19:00+00:00,32839.250000
2023-12-14T18:04:00+00:00,33614.030000
2023-12-14T18:04:00+00:00,33788.040000
2023-12-14T18:54:00+00:00,34369.060000
2023-12-15T13:44:00+00:00,34365.360000
2023-12-15T14:19:00+00:00,33969.160000
2023-12-15T15:19:00+00:00,33966.940000
2023-12-15T18:44:00+00:00,33556.720000
2023-12-18T08:44:00+00:00,33548.580000
2023-12-18T14:34:00+00:00,33822.380000
2023-12-18T14:34:00+00:00,33814.940000
2023-12-18T14:59:00+00:00,33811.980000
2023-12-18T18:29:00+00:00,34086.500000
2023-12-18T21:09:00+00:00,34225.020000
2023-12-19T15:34:00+00:00,34222.800000
2023-12-19T21:09:00+00:00,34328.580000
2023-12-20T14:44:00+00:00,34324.880000
2023-12-20T15:04:00+00:00,34322.660000
2023-12-20T15:34:00+00:00,34543.180000
2023-12-20T19:29:00+00:00,34539.460000
2023-12-20T19:39:00+00:00,34205.740000
2023-12-21T08:44:00+00:00,34202.040000
2023-12-21T13:39:00+00:00,34443.560000
2023-12-21T13:39:00+00:00,34436.160000
2023-12-21T13:44:00+00:00,34747.460000
2023-12-21T13:44:00+00:00,34741.260000
2023-12-21T14:59:00+00:00,34824.540000
2023-12-21T14:59:00+00:00,34822.320000
2023-12-21T18:24:00+00:00,34820.840000
2023-12-21T20:39:00+00:00,34475.360000
2023-12-21T20:54:00+00:00,34080.140000
2023-12-22T16:04:00+00:00,34077.180000
2023-12-22T19:24:00+00:00,34374.200000
2023-12-22T19:59:00+00:00,34371.720000
2023-12-26T09:39:00+00:00,34359.140000
2023-12-26T11:24:00+00:00,33921.560000
2023-12-26T15:39:00+00:00,33918.600000
2023-12-26T21:09:00+00:00,34145.640000
2023-12-27T08:29:00+00:00,34134.540000
2023-12-27T10:14:00+00:00,33695.940000
2023-12-27T15:14:00+00:00,33693.720000
2023-12-27T15:19:00+00:00,33690.020000
2023-12-27T18:14:00+00:00,33326.300000
2023-12-27T18:14:00+00:00,32902.600000
2023-12-28T15:09:00+00:00,32899.640000
2023-12-28T21:09:00+00:00,33028.680000
2023-12-29T08:09:00+00:00,33020.540000
2023-12-29T12:14:00+00:00,32599.900000
2023-12-29T14:54:00+00:00,32594.720000
2023-12-29T15:34:00+00:00,32197.540000
2023-12-29T20:09:00+00:00,32188.660000
2023-12-29T20:24:00+00:00,32476.720000
2023-12-29T21:09:00+00:00,32793.280000
2024-01-02T07:19:00+00:00,32783.660000
2024-01-02T09:14:00+00:00,32364.540000
2024-01-02T14:49:00+00:00,32363.800000
2024-01-02T21:09:00+00:00,32372.060000
2024-01-03T08:34:00+00:00,32362.440000
2024-01-03T08:54:00+00:00,32637.000000
2024-01-03T09:49:00+00:00,33391.320000
2024-01-03T14:24:00+00:00,33384.660000
2024-01-03T14:44:00+00:00,33648.700000
2024-01-03T14:59:00+00:00,33642.500000
2024-01-03T15:14:00+00:00,33641.020000
2024-01-03T21:09:00+00:00,33781.540000
2024-01-04T15:09:00+00:00,33779.320000
2024-01-04T20:59:00+00:00,33354.100000
2024-01-05T08:19:00+00:00,33347.440000
2024-01-05T09:04:00+00:00,32944.780000
2024-01-05T15:04:00+00:00,32943.300000
2024-01-05T18:19:00+00:00,32529.820000
2024-01-08T14:49:00+00:00,32528.340000
2024-01-08T17:34:00+00:00,32757.850000
2024-01-08T19:49:00+00:00,33140.860000
2024-01-09T15:09:00+00:00,33138.640000
2024-01-09T16:54:00+00:00,33317.900000
2024-01-09T18:54:00+00:00,33315.680000
2024-01-09T20:49:00+00:00,32966.960000
2024-01-09T21:09:00+00:00,33401.480000
2024-01-10T14:54:00+00:00,33398.520000
2024-01-10T15:19:00+00:00,33205.560000
2024-01-10T15:19:00+00:00,33202.600000
2024-01-10T18:04:00+00:00,33475.620000
2024-01-10T20:29:00+00:00,33843.140000
2024-01-10T20:29:00+00:00,33840.180000
2024-01-10T21:09:00+00:00,33771.220000
2024-01-11T09:14:00+00:00,33763.080000
2024-01-11T09:44:00+00:00,34025.630000
2024-01-11T11:14:00+00:00,34018.190000
2024-01-11T14:39:00+00:00,34017.450000
2024-01-11T14:49:00+00:00,33887.210000
2024-01-11T14:49:00+00:00,33885.730000
2024-01-11T16:14:00+00:00,34168.490000
2024-01-11T19:04:00+00:00,34167.250000
2024-01-12T07:09:00+00:00,34155.410000
2024-01-12T07:24:00+00:00,33711.570000
2024-01-12T08:14:00+00:00,33704.170000
2024-01-12T09:59:00+00:00,33271.770000
2024-01-12T15:04:00+00:00,33270.290000
2024-01-12T21:09:00+00:00,33249.810000
2024-01-15T08:14:00+00:00,33245.370000
2024-01-15T08:49:00+00:00,32862.930000
2024-01-15T14:49:00+00:00,32856.270000
2024-01-15T15:39:00+00:00,32462.610000
2024-01-16T08:09:00+00:00,32455.950000
2024-01-16T09:04:00+00:00,32057.790000
2024-01-16T14:34:00+00:00,32054.830000
2024-01-16T14:44:00+00:00,31679.870000
2024-01-16T15:04:00+00:00,31676.910000
2024-01-16T15:19:00+00:00,31675.430000
2024-01-16T15:24:00+00:00,31955.950000
2024-01-16T17:59:00+00:00,31953.470000
2024-01-16T19:19:00+00:00,31570.990000
2024-01-17T14:49:00+00:00,31570.250000
2024-01-17T18:14:00+00:00,31566.550000
2024-01-17T19:44:00+00:00,31177.850000
2024-01-17T19:49:00+00:00,30949.610000
2024-01-17T20:09:00+00:00,30944.430000
2024-01-17T20:49:00+00:00,30554.250000
2024-01-18T07:54:00+00:00,30551.290000
2024-01-18T10:59:00+00:00,30791.310000
2024-01-18T12:49:00+00:00,31353.330000
2024-01-18T15:04:00+00:00,31351.110000
2024-01-18T15:39:00+00:00,30972.390000
2024-01-19T14:54:00+00:00,30969.430000
2024-01-19T17:24:00+00:00,31230.450000
2024-01-19T17:54:00+00:00,31666.470000
2024-01-22T07:19:00+00:00,31657.590000
2024-01-22T07:39:00+00:00,31276.710000
2024-01-22T07:39:00+00:00,31266.350000
2024-01-22T11:39:00+00:00,30870.990000
2024-01-22T14:49:00+00:00,30868.770000
2024-01-22T15:29:00+00:00,30868.030000
2024-01-22T15:49:00+00:00,31033.790000
2024-01-22T21:09:00+00:00,31357.310000
2024-01-22T21:09:00+00:00,31432.570000
2024-01-23T17:59:00+00:00,31431.090000
2024-01-23T21:09:00+00:00,31552.610000
2024-01-24T14:39:00+00:00,31547.430000
2024-01-24T14:49:00+00:00,31153.750000
2024-01-24T15:14:00+00:00,31150.790000
2024-01-24T15:19:00+00:00,31149.310000
2024-01-24T15:44:00+00:00,31416.330000
2024-01-24T16:19:00+00:00,31413.850000
2024-01-24T19:24:00+00:00,31148.370000
2024-01-25T07:29:00+00:00,31140.970000
2024-01-25T08:09:00+00:00,31411.020000
2024-01-25T08:39:00+00:00,31404.820000
2024-01-25T14:59:00+00:00,31402.600000
2024-01-25T15:24:00+00:00,31049.380000
2024-01-26T08:19:00+00:00,31042.720000
2024-01-26T09:44:00+00:00,31273.760000
2024-01-26T11:59:00+00:00,31952.560000
2024-01-26T15:04:00+00:00,31949.600000
2024-01-26T15:29:00+00:00,31594.640000
2024-01-29T14:44:00+00:00,31590.200000
2024-01-29T15:04:00+00:00,31195.760000
2024-01-29T17:14:00+00:00,31193.540000
2024-01-29T20:04:00+00:00,31355.550000
2024-01-29T21:09:00+00:00,31776.070000
2024-01-30T08:29:00+00:00,31770.150000
2024-01-30T12:44:00+00:00,31380.230000
2024-01-30T15:04:00+00:00,31377.270000
2024-01-30T17:34:00+00:00,31620.290000
2024-01-30T21:04:00+00:00,32026.310000
2024-01-31T15:14:00+00:00,32024.830000
2024-01-31T19:39:00+00:00,31663.350000
2024-01-31T20:09:00+00:00,31662.610000
2024-01-31T21:09:00+00:00,31734.370000
2024-02-01T13:44:00+00:00,31732.150000
2024-02-01T14:59:00+00:00,31422.430000
2024-02-01T15:09:00+00:00,31420.210000
2024-02-01T15:54:00+00:00,31065.490000
2024-02-01T18:19:00+00:00,31064.750000
2024-02-01T21:09:00+00:00,31355.510000
2024-02-02T14:44:00+00:00,31354.030000
2024-02-02T14:49:00+00:00,31353.290000
2024-02-02T16:34:00+00:00,31550.550000
2024-02-02T21:04:00+00:00,31822.310000
2024-02-02T21:04:00+00:00,32074.070000
2024-02-05T10:09:00+00:00,32068.150000
2024-02-05T12:19:00+00:00,32335.190000
2024-02-05T13:59:00+00:00,32330.230000
2024-02-05T14:49:00+00:00,32327.270000
2024-02-05T15:19:00+00:00,32603.290000
2024-02-05T15:44:00+00:00,33064.310000
2024-02-06T14:49:00+00:00,33062.830000
2024-02-06T16:49:00+00:00,33271.340000
2024-02-06T19:14:00+00:00,33267.640000
2024-02-06T19:34:00+00:00,32891.440000
2024-02-06T21:09:00+00:00,32990.200000
2024-02-07T15:14:00+00:00,32988.720000
2024-02-07T15:19:00+00:00,32987.240000
2024-02-07T21:09:00+00:00,33112.760000
2024-02-07T21:09:00+00:00,33237.280000
2024-02-08T15:04:00+00:00,33234.320000
2024-02-08T18:09:00+00:00,33231.360000
2024-02-08T18:59:00+00:00,33346.400000
2024-02-08T18:59:00+00:00,33289.440000
2024-02-08T19:04:00+00:00,33283.520000
2024-02-08T21:09:00+00:00,33309.600000
2024-02-09T14:54:00+00:00,33305.900000
2024-02-09T15:04:00+00:00,33303.680000
2024-02-09T15:29:00+00:00,33524.200000
2024-02-09T16:09:00+00:00,34076.980000
2024-02-09T17:54:00+00:00,34240.490000
2024-02-09T21:09:00+00:00,34650.010000
2024-02-12T08:44:00+00:00,34636.690000
2024-02-12T09:09:00+00:00,34182.370000
2024-02-12T15:44:00+00:00,34179.410000
2024-02-12T18:29:00+00:00,34138.450000
2024-02-12T18:29:00+00:00,34134.750000
2024-02-12T18:39:00+00:00,34368.770000
2024-02-12T21:09:00+00:00,35058.050000
2024-02-13T08:29:00+00:00,35052.870000
2024-02-13T08:59:00+00:00,35320.650000
2024-02-13T12:04:00+00:00,36157.690000
2024-02-13T13:39:00+00:00,36153.990000
2024-02-13T14:09:00+00:00,36379.010000
2024-02-13T14:44:00+00:00,36607.790000
2024-02-13T14:44:00+00:00,36605.570000
2024-02-13T14:54:00+00:00,36604.090000
2024-02-13T15:34:00+00:00,36803.600000
2024-02-13T19:04:00+00:00,36801.120000
2024-02-13T19:54:00+00:00,36432.640000
2024-02-14T14:44:00+00:00,36428.940000
2024-02-14T15:09:00+00:00,36007.740000
2024-02-14T15:19:00+00:00,36006.260000
2024-02-14T16:04:00+00:00,35672.780000
2024-02-15T13:54:00+00:00,35669.080000
2024-02-15T14:54:00+00:00,35909.100000
2024-02-15T14:54:00+00:00,35907.620000
2024-02-15T18:14:00+00:00,35903.900000
2024-02-15T18:19:00+00:00,35590.420000
2024-02-16T14:49:00+00:00,35588.200000
2024-02-16T14:59:00+00:00,35789.210000
2024-02-16T16:19:00+00:00,35786.730000
2024-02-19T07:49:00+00:00,35766.750000
2024-02-19T08:04:00+00:00,36078.880000
2024-02-19T08:19:00+00:00,36061.520000
2024-02-19T15:19:00+00:00,36054.860000
2024-02-19T23:44:00+00:00,36348.900000
2024-02-20T00:29:00+00:00,36963.950000
2024-02-20T08:44:00+00:00,36960.990000
2024-02-20T10:09:00+00:00,36572.030000
2024-02-20T14:44:00+00:00,36570.550000
2024-02-20T15:04:00+00:00,36569.810000
2024-02-20T17:39:00+00:00,36819.570000
2024-02-20T18:34:00+00:00,36818.090000
2024-02-20T20:09:00+00:00,36816.850000
2024-02-20T20:09:00+00:00,36431.370000
2024-02-20T21:09:00+00:00,36342.130000
2024-02-21T15:04:00+00:00,36339.910000
2024-02-21T15:34:00+00:00,35932.690000
2024-02-22T14:34:00+00:00,35926.770000
2024-02-22T14:49:00+00:00,36250.810000
2024-02-22T14:49:00+00:00,36249.330000
2024-02-22T14:54:00+00:00,37009.370000
2024-02-22T19:14:00+00:00,37253.880000
2024-02-22T21:09:00+00:00,37414.640000
2024-02-23T08:09:00+00:00,37406.500000
2024-02-23T09:59:00+00:00,37557.860000
2024-02-23T09:59:00+00:00,37548.980000
2024-02-23T12:34:00+00:00,37873.040000
2024-02-23T13:39:00+00:00,38635.100000
2024-02-23T14:59:00+00:00,38632.880000
2024-02-23T16:04:00+00:00,38827.140000
2024-02-23T21:09:00+00:00,39274.660000
2024-02-26T14:49:00+00:00,39270.960000
2024-02-26T14:59:00+00:00,39268.740000
2024-02-26T16:44:00+00:00,38792.540000
2024-02-26T16:54:00+00:00,38397.320000
2024-02-27T15:19:00+00:00,38395.840000
2024-02-27T17:54:00+00:00,38044.360000
2024-02-28T08:29:00+00:00,38040.660000
2024-02-28T14:54:00+00:00,38324.180000
2024-02-28T14:54:00+00:00,38321.220000
2024-02-28T16:04:00+00:00,37838.260000
2024-02-28T16:19:00+00:00,37834.540000
2024-02-29T07:14:00+00:00,37822.700000
2024-02-29T07:54:00+00:00,37346.860000
2024-02-29T15:14:00+00:00,37345.380000
2024-02-29T20:49:00+00:00,37003.900000
2024-03-01T13:54:00+00:00,36997.980000
2024-03-01T14:34:00+00:00,37307.020000
2024-03-01T15:04:00+00:00,38032.060000
2024-03-01T15:09:00+00:00,38030.580000
2024-03-01T18:04:00+00:00,38267.590000
2024-03-01T19:34:00+00:00,38663.100000
2024-03-04T16:34:00+00:00,38660.140000
2024-03-04T19:39:00+00:00,38255.180000
2024-03-05T14:49:00+00:00,38253.700000
2024-03-05T15:49:00+00:00,38520.710000
2024-03-05T21:09:00+00:00,38686.470000
2024-03-06T14:54:00+00:00,38684.250000
2024-03-06T15:09:00+00:00,38875.510000
2024-03-06T15:39:00+00:00,39005.030000
2024-03-06T15:39:00+00:00,39002.810000
2024-03-06T17:09:00+00:00,39230.070000
2024-03-06T19:19:00+00:00,39227.590000
2024-03-07T14:49:00+00:00,39225.370000
2024-03-07T14:59:00+00:00,39010.150000
2024-03-07T14:59:00+00:00,39008.670000
2024-03-07T17:19:00+00:00,39268.180000
2024-03-07T21:04:00+00:00,39465.440000
2024-03-08T09:04:00+00:00,39457.300000
2024-03-08T09:54:00+00:00,38987.160000
2024-03-08T14:49:00+00:00,38984.940000
2024-03-08T16:09:00+00:00,38571.720000
2024-03-11T07:59:00+00:00,38568.760000
2024-03-11T08:14:00+00:00,38157.800000
2024-03-11T08:29:00+00:00,38153.360000
2024-03-11T08:54:00+00:00,37674.920000
2024-03-11T13:59:00+00:00,37672.700000
2024-03-11T14:34:00+00:00,37208.480000
2024-03-12T06:09:00+00:00,37191.460000
2024-03-12T06:19:00+00:00,37513.320000
2024-03-12T06:44:00+00:00,37498.440000
2024-03-12T14:04:00+00:00,37496.960000
2024-03-12T14:24:00+00:00,37496.220000
2024-03-12T14:49:00+00:00,37764.730000
2024-03-12T18:49:00+00:00,38073.490000
2024-03-12T18:49:00+00:00,38241.250000
2024-03-12T18:54:00+00:00,38234.590000
2024-03-12T19:54:00+00:00,37764.430000
2024-03-13T13:49:00+00:00,37762.950000
2024-03-13T20:09:00+00:00,37799.470000
2024-03-14T06:34:00+00:00,37780.230000
2024-03-14T07:04:00+00:00,37279.990000
2024-03-14T07:04:00+00:00,37272.590000
2024-03-14T07:39:00+00:00,37262.230000
2024-03-14T08:14:00+00:00,37599.780000
2024-03-14T08:14:00+00:00,37941.100000
2024-03-14T12:34:00+00:00,37934.900000
2024-03-14T12:34:00+00:00,37926.220000
2024-03-14T13:49:00+00:00,37925.480000
2024-03-14T13:59:00+00:00,37924.740000
2024-03-14T20:09:00+00:00,37930.500000
2024-03-14T20:09:00+00:00,37861.260000
2024-03-15T08:14:00+00:00,37854.600000
2024-03-15T09:39:00+00:00,38157.640000
2024-03-15T12:44:00+00:00,38151.440000
2024-03-15T14:04:00+00:00,38149.960000
2024-03-15T17:54:00+00:00,38147.000000
2024-03-15T18:54:00+00:00,38141.080000
2024-03-15T20:09:00+00:00,38127.600000
2024-03-15T20:09:00+00:00,38082.640000
2024-03-15T20:09:00+00:00,38252.720000
2024-03-18T08:54:00+00:00,38246.800000
2024-03-18T11:24:00+00:00,38567.840000
2024-03-18T12:04:00+00:00,39320.880000
2024-03-18T14:24:00+00:00,39318.660000
2024-03-18T15:54:00+00:00,38831.940000
2024-03-18T18:49:00+00:00,38823.800000
2024-03-18T19:54:00+00:00,39123.850000
2024-03-18T20:09:00+00:00,39650.410000
2024-03-19T09:04:00+00:00,39643.010000
2024-03-19T09:39:00+00:00,40010.560000
2024-03-19T11:09:00+00:00,40873.110000
2024-03-19T15:34:00+00:00,40871.630000
2024-03-19T20:09:00+00:00,41337.150000
2024-03-20T18:04:00+00:00,41335.670000
2024-03-20T20:09:00+00:00,41673.180000
2024-03-20T20:09:00+00:00,42010.440000
2024-03-21T13:49:00+00:00,42008.220000
2024-03-21T13:54:00+00:00,42006.000000
2024-03-21T20:09:00+00:00,42423.780000
2024-03-21T20:09:00+00:00,42897.060000
2024-03-22T13:49:00+00:00,42892.620000
2024-03-22T14:04:00+00:00,42378.180000
2024-03-22T18:34:00+00:00,42375.960000
2024-03-22T20:04:00+00:00,42090.240000
2024-03-25T13:54:00+00:00,42088.020000
2024-03-25T20:09:00+00:00,42258.300000
2024-03-26T14:04:00+00:00,42255.340000
2024-03-26T14:29:00+00:00,41798.380000
2024-03-27T08:09:00+00:00,41784.320000
2024-03-27T08:49:00+00:00,42135.410000
2024-03-27T10:54:00+00:00,43055.510000
2024-03-27T13:39:00+00:00,43046.630000
2024-03-27T13:54:00+00:00,43442.690000
2024-03-27T13:54:00+00:00,43435.250000
2024-03-27T13:54:00+00:00,43433.770000
2024-03-27T19:29:00+00:00,43555.290000
2024-03-27T19:29:00+00:00,43547.890000
2024-03-27T19:39:00+00:00,43919.190000
2024-03-27T19:39:00+00:00,43912.990000
2024-03-28T08:14:00+00:00,43901.890000
2024-03-28T09:24:00+00:00,44274.710000
2024-03-28T10:29:00+00:00,44264.790000
2024-03-28T13:49:00+00:00,44261.830000
2024-03-28T14:14:00+00:00,44062.870000
2024-03-28T14:14:00+00:00,44056.950000
2024-03-28T20:09:00+00:00,44379.030000
2024-04-01T07:19:00+00:00,44368.670000
2024-04-01T08:09:00+00:00,43812.310000
2024-04-01T13:39:00+00:00,43805.650000
2024-04-01T14:04:00+00:00,43276.990000
2024-04-01T14:54:00+00:00,43275.510000
2024-04-01T20:09:00+00:00,43179.030000
2024-04-02T07:29:00+00:00,43172.370000
2024-04-02T07:44:00+00:00,42837.210000
2024-04-02T07:44:00+00:00,42829.070000
2024-04-02T08:04:00+00:00,43174.120000
2024-04-02T08:04:00+00:00,43166.680000
2024-04-02T14:14:00+00:00,43164.460000
2024-04-02T17:04:00+00:00,42706.240000
2024-04-02T19:19:00+00:00,42700.320000
2024-04-02T19:29:00+00:00,42210.400000
2024-04-03T06:19:00+00:00,42203.000000
2024-04-03T07:54:00+00:00,41815.600000
2024-04-03T07:54:00+00:00,41807.460000
2024-04-03T08:34:00+00:00,41287.820000
2024-04-03T13:39:00+00:00,41276.720000
2024-04-03T13:44:00+00:00,40748.120000
2024-04-03T14:04:00+00:00,40746.640000
2024-04-03T20:09:00+00:00,40884.160000
2024-04-04T13:54:00+00:00,40880.460000
2024-04-04T18:14:00+00:00,41178.980000
2024-04-04T18:19:00+00:00,41926.760000
2024-04-05T06:19:00+00:00,41916.400000
2024-04-05T06:34:00+00:00,41409.040000
2024-04-05T07:49:00+00:00,41398.680000
2024-04-05T08:04:00+00:00,40877.320000
2024-04-05T13:49:00+00:00,40875.100000
2024-04-05T15:04:00+00:00,41124.860000
2024-04-05T16:59:00+00:00,41958.380000
2024-04-08T06:24:00+00:00,41948.020000
2024-04-08T07:19:00+00:00,41433.660000
2024-04-08T07:19:00+00:00,41427.000000
2024-04-08T07:34:00+00:00,41159.340000
2024-04-08T07:34:00+00:00,41151.940000
2024-04-08T07:54:00+00:00,40649.540000
2024-04-08T14:29:00+00:00,40648.060000
2024-04-08T20:09:00+00:00,40540.580000
2024-04-09T07:44:00+00:00,40529.480000
2024-04-09T07:59:00+00:00,40876.050000
2024-04-09T08:04:00+00:00,40866.130000
2024-04-09T13:39:00+00:00,40861.690000
2024-04-09T13:59:00+00:00,40858.730000
2024-04-09T14:09:00+00:00,41191.760000
2024-04-09T14:34:00+00:00,41971.790000
2024-04-09T14:34:00+00:00,42345.310000
2024-04-09T14:34:00+00:00,42343.090000
2024-04-09T14:44:00+00:00,42966.610000
2024-04-09T19:24:00+00:00,42731.890000
2024-04-09T19:24:00+00:00,42726.710000
2024-04-09T19:34:00+00:00,43055.240000
2024-04-09T20:09:00+00:00,43970.280000
2024-04-10T09:09:00+00:00,43959.920000
2024-04-10T09:54:00+00:00,44343.240000
2024-04-10T12:09:00+00:00,44334.560000
2024-04-10T12:39:00+00:00,44333.080000
2024-04-10T13:59:00+00:00,43869.600000
2024-04-10T14:39:00+00:00,43868.120000
2024-04-10T17:09:00+00:00,43457.640000
2024-04-10T17:09:00+00:00,43455.420000
2024-04-10T17:24:00+00:00,43031.700000
2024-04-10T17:29:00+00:00,43028.740000
2024-04-10T20:09:00+00:00,42951.780000
2024-04-11T12:39:00+00:00,42948.820000
2024-04-11T14:14:00+00:00,42615.860000
2024-04-11T14:14:00+00:00,42612.900000
2024-04-11T15:19:00+00:00,42117.940000
2024-04-12T13:54:00+00:00,42114.980000
2024-04-12T14:09:00+00:00,41688.020000
2024-04-15T13:39:00+00:00,41684.320000
2024-04-15T14:09:00+00:00,41682.840000
2024-04-15T14:14:00+00:00,41952.860000
2024-04-15T16:29:00+00:00,42900.890000
2024-04-15T16:39:00+00:00,43194.900000
2024-04-15T17:29:00+00:00,43685.410000
2024-04-16T13:59:00+00:00,43682.450000
2024-04-16T14:39:00+00:00,43173.490000
2024-04-17T13:49:00+00:00,43170.530000
2024-04-17T14:14:00+00:00,43496.050000
2024-04-17T14:54:00+00:00,44039.570000
2024-04-17T15:09:00+00:00,44036.610000
2024-04-17T15:34:00+00:00,43509.650000
2024-04-17T18:49:00+00:00,43508.910000
2024-04-17T18:59:00+00:00,43403.670000
2024-04-17T18:59:00+00:00,43401.450000
2024-04-17T20:09:00+00:00,43640.730000
2024-04-18T14:39:00+00:00,43639.250000
2024-04-18T17:24:00+00:00,43115.770000
2024-04-19T08:24:00+00:00,43113.550000
2024-04-19T12:34:00+00:00,43346.060000
2024-04-19T13:39:00+00:00,43343.580000
2024-04-19T14:14:00+00:00,43341.360000
2024-04-19T16:09:00+00:00,43609.870000
2024-04-19T18:39:00+00:00,44505.890000
2024-04-22T13:49:00+00:00,44502.930000
2024-04-22T14:04:00+00:00,44197.970000
2024-04-22T14:04:00+00:00,44190.570000
2024-04-22T14:24:00+00:00,44599.370000
2024-04-22T14:29:00+00:00,45558.170000
2024-04-23T06:09:00+00:00,45542.630000
2024-04-23T06:49:00+00:00,44960.090000
2024-04-23T13:49:00+00:00,44957.870000
2024-04-23T14:34:00+00:00,45175.380000
2024-04-23T20:09:00+00:00,45765.900000
2024-04-24T06:24:00+00:00,45754.800000
2024-04-24T07:19:00+00:00,45188.700000
2024-04-24T13:34:00+00:00,45183.520000
2024-04-24T13:49:00+00:00,45500.800000
2024-04-24T13:59:00+00:00,45495.840000
2024-04-24T14:39:00+00:00,45493.620000
2024-04-24T16:14:00+00:00,45723.130000
2024-04-24T20:09:00+00:00,46314.650000
2024-04-25T12:54:00+00:00,46313.170000
2024-04-25T13:49:00+00:00,46406.690000
2024-04-25T13:49:00+00:00,46402.250000
2024-04-25T14:14:00+00:00,46400.770000
2024-04-25T14:19:00+00:00,46810.300000
2024-04-25T14:54:00+00:00,46806.580000
2024-04-25T17:49:00+00:00,47114.840000
2024-04-25T18:34:00+00:00,47341.600000
2024-04-25T18:34:00+00:00,47336.420000
2024-04-25T19:04:00+00:00,46785.240000
2024-04-26T13:54:00+00:00,46783.760000
2024-04-26T20:09:00+00:00,47002.280000
2024-04-29T07:59:00+00:00,46994.880000
2024-04-29T09:54:00+00:00,46437.480000
2024-04-29T18:49:00+00:00,46433.040000
2024-04-29T19:04:00+00:00,45918.600000
2024-04-29T19:04:00+00:00,45917.120000
2024-04-29T19:09:00+00:00,45914.160000
2024-04-29T19:54:00+00:00,45347.200000
2024-04-29T20:09:00+00:00,44938.720000
2024-04-30T15:04:00+00:00,44936.500000
2024-04-30T16:34:00+00:00,45148.010000
2024-04-30T19:54:00+00:00,45854.030000
2024-05-01T14:04:00+00:00,45851.070000
2024-05-01T17:29:00+00:00,45840.110000
2024-05-01T17:29:00+00:00,45833.450000
2024-05-01T18:04:00+00:00,46199.490000
2024-05-01T18:29:00+00:00,47272.040000
2024-05-02T13:49:00+00:00,47270.560000
2024-05-02T14:29:00+00:00,47242.080000
2024-05-02T14:29:00+00:00,47240.600000
2024-05-02T18:54:00+00:00,47579.610000
2024-05-02T20:09:00+00:00,47920.370000
2024-05-03T06:19:00+00:00,47908.530000
2024-05-03T07:09:00+00:00,47296.690000
2024-05-03T13:49:00+00:00,47294.470000
2024-05-03T14:14:00+00:00,46836.250000
2024-05-06T07:29:00+00:00,46823.670000
2024-05-06T07:44:00+00:00,46445.590000
2024-05-06T07:44:00+00:00,46440.410000
2024-05-06T08:19:00+00:00,46433.010000
2024-05-06T10:34:00+00:00,46826.810000
2024-05-06T13:39:00+00:00,47177.840000
2024-05-06T13:59:00+00:00,47174.880000
2024-05-06T14:04:00+00:00,48098.680000
2024-05-06T19:49:00+00:00,49194.720000
2024-05-06T20:09:00+00:00,49839.760000
2024-05-07T13:59:00+00:00,49834.580000
2024-05-07T14:59:00+00:00,49227.400000
2024-05-07T17:54:00+00:00,49222.960000
2024-05-07T20:09:00+00:00,49149.520000
2024-05-08T13:49:00+00:00,49147.300000
2024-05-08T19:24:00+00:00,49142.120000
2024-05-08T20:09:00+00:00,49229.900000
2024-05-08T20:09:00+00:00,49004.220000
2024-05-09T07:29:00+00:00,48993.860000
2024-05-09T10:24:00+00:00,48402.500000
2024-05-09T13:49:00+00:00,48400.280000
2024-05-09T14:39:00+00:00,47859.560000
2024-05-09T17:34:00+00:00,47855.860000
2024-05-09T20:09:00+00:00,47952.160000
2024-05-10T08:24:00+00:00,47946.240000
2024-05-10T12:39:00+00:00,48072.320000
2024-05-10T12:39:00+00:00,48056.780000
2024-05-10T12:59:00+00:00,48476.880000
2024-05-10T13:19:00+00:00,48463.240000
2024-05-10T13:49:00+00:00,48461.020000
2024-05-10T14:19:00+00:00,47948.800000
2024-05-13T12:49:00+00:00,47942.140000
2024-05-13T13:34:00+00:00,47363.980000
2024-05-13T13:39:00+00:00,47349.920000
2024-05-13T13:49:00+00:00,47761.760000
2024-05-13T13:49:00+00:00,47758.800000
2024-05-13T13:59:00+00:00,47746.400000
2024-05-13T17:24:00+00:00,47499.440000
2024-05-13T17:24:00+00:00,47495.000000
2024-05-13T19:54:00+00:00,47541.560000
2024-05-14T09:09:00+00:00,47519.360000
2024-05-14T09:39:00+00:00,47879.510000
2024-05-14T12:34:00+00:00,48734.660000
2024-05-14T14:04:00+00:00,48727.260000
2024-05-14T14:24:00+00:00,48149.860000
2024-05-14T14:24:00+00:00,48147.640000
2024-05-14T14:44:00+00:00,47899.420000
2024-05-14T14:44:00+00:00,47892.020000
2024-05-14T14:59:00+00:00,47299.620000
2024-05-15T13:49:00+00:00,47295.920000
2024-05-15T14:19:00+00:00,46722.220000
2024-05-16T07:24:00+00:00,46712.600000
2024-05-16T12:34:00+00:00,46117.980000
2024-05-16T13:49:00+00:00,46112.060000
2024-05-16T15:04:00+00:00,46502.100000
2024-05-16T17:24:00+00:00,46497.140000
2024-05-17T13:49:00+00:00,46490.480000
2024-05-17T14:34:00+00:00,45948.320000
2024-05-20T08:54:00+00:00,45926.120000
2024-05-20T10:04:00+00:00,46320.020000
2024-05-20T12:44:00+00:00,46301.420000
2024-05-20T13:39:00+00:00,46294.760000
2024-05-20T13:54:00+00:00,46293.280000
2024-05-20T13:59:00+00:00,46644.320000
2024-05-20T20:09:00+00:00,47100.620000
2024-05-20T20:09:00+00:00,47112.140000
2024-05-21T13:39:00+00:00,47104.000000
2024-05-21T13:54:00+00:00,47098.820000
2024-05-21T14:39:00+00:00,47496.370000
2024-05-21T18:04:00+00:00,47849.650000
2024-05-21T19:54:00+00:00,48968.710000
2024-05-21T20:09:00+00:00,49663.750000
2024-05-22T06:09:00+00:00,49641.550000
2024-05-22T07:14:00+00:00,49956.700000
2024-05-22T07:24:00+00:00,49938.100000
2024-05-22T07:24:00+00:00,49918.120000
2024-05-22T07:29:00+00:00,49277.140000
2024-05-22T15:04:00+00:00,49271.960000
2024-05-22T17:39:00+00:00,48685.780000
2024-05-23T13:49:00+00:00,48682.820000
2024-05-23T14:19:00+00:00,48807.860000
2024-05-23T14:19:00+00:00,48804.160000
2024-05-23T14:54:00+00:00,48242.960000
2024-05-24T14:04:00+00:00,48238.520000
2024-05-24T14:59:00+00:00,48677.300000
2024-05-24T15:14:00+00:00,49410.080000
2024-05-27T13:54:00+00:00,49390.100000
2024-05-27T14:49:00+00:00,48749.120000
2024-05-27T15:04:00+00:00,48743.200000
2024-05-28T08:19:00+00:00,49166.240000
2024-05-28T11:04:00+00:00,49161.280000
2024-05-28T13:49:00+00:00,49157.580000
2024-05-28T14:19:00+00:00,48598.880000
2024-05-28T17:54:00+00:00,48587.780000
2024-05-28T18:09:00+00:00,47976.680000
2024-05-29T08:09:00+00:00,47961.140000
2024-05-29T08:14:00+00:00,47357.600000
2024-05-29T08:59:00+00:00,47342.800000
2024-05-29T09:09:00+00:00,46738.000000
2024-05-29T13:54:00+00:00,46735.780000
2024-05-29T15:14:00+00:00,46684.060000
2024-05-29T15:14:00+00:00,46678.880000
2024-05-29T16:39:00+00:00,46145.200000
2024-05-30T07:09:00+00:00,46134.840000
2024-05-30T08:04:00+00:00,46533.910000
2024-05-30T10:39:00+00:00,47471.980000
2024-05-30T14:34:00+00:00,47469.760000
2024-05-30T19:49:00+00:00,47714.270000
2024-05-30T20:09:00+00:00,48207.790000
2024-05-31T13:54:00+00:00,48205.570000
2024-05-31T14:34:00+00:00,48467.330000
2024-05-31T15:34:00+00:00,49340.850000
2024-06-03T13:54:00+00:00,49337.150000
2024-06-03T14:54:00+00:00,49698.670000
2024-06-03T16:14:00+00:00,50603.950000
2024-06-04T13:39:00+00:00,50598.770000
2024-06-04T14:14:00+00:00,50595.810000
2024-06-04T14:44:00+00:00,50014.850000
2024-06-04T18:19:00+00:00,49446.170000
2024-06-05T07:24:00+00:00,49433.590000
2024-06-05T08:44:00+00:00,49841.670000
2024-06-05T09:54:00+00:00,50921.760000
2024-06-05T13:59:00+00:00,50916.580000
2024-06-05T14:04:00+00:00,50291.900000
2024-06-06T12:59:00+00:00,50285.240000
2024-06-06T13:49:00+00:00,49792.580000
2024-06-06T13:49:00+00:00,49788.140000
2024-06-06T14:04:00+00:00,49785.920000
2024-06-06T20:09:00+00:00,49808.480000
2024-06-06T20:09:00+00:00,49786.760000
2024-06-07T07:04:00+00:00,49769.000000
2024-06-07T07:39:00+00:00,50210.120000
2024-06-07T08:14:00+00:00,50267.240000
2024-06-07T08:14:00+00:00,50256.140000
2024-06-07T08:54:00+00:00,49630.040000
2024-06-07T13:54:00+00:00,49627.080000
2024-06-07T17:24:00+00:00,49999.100000
2024-06-07T18:09:00+00:00,49996.620000
2024-06-10T14:29:00+00:00,49992.920000
2024-06-10T16:19:00+00:00,50333.440000
2024-06-10T18:34:00+00:00,50329.720000
2024-06-11T13:49:00+00:00,50326.760000
2024-06-11T14:09:00+00:00,49999.800000
2024-06-11T14:09:00+00:00,49996.100000
2024-06-11T17:19:00+00:00,50341.120000
2024-06-11T20:09:00+00:00,51445.900000
2024-06-12T13:49:00+00:00,51444.420000
2024-06-12T18:24:00+00:00,51441.460000
2024-06-12T19:29:00+00:00,51322.980000
2024-06-12T19:29:00+00:00,51000.020000
2024-06-12T19:34:00+00:00,50995.580000
2024-06-12T19:54:00+00:00,50355.140000
2024-06-13T14:14:00+00:00,50352.180000
2024-06-13T18:14:00+00:00,50361.220000
2024-06-13T18:14:00+00:00,50358.260000
2024-06-13T20:09:00+00:00,50559.300000
2024-06-14T07:34:00+00:00,50552.640000
2024-06-14T08:09:00+00:00,49947.480000
2024-06-14T08:19:00+00:00,49941.560000
2024-06-14T09:09:00+00:00,49363.640000
2024-06-14T13:49:00+00:00,49360.680000
2024-06-14T14:44:00+00:00,49201.720000
2024-06-14T14:44:00+00:00,49198.760000
2024-06-14T17:34:00+00:00,48653.800000
2024-06-17T13:49:00+00:00,48650.840000
2024-06-17T13:54:00+00:00,48647.880000
2024-06-17T14:14:00+00:00,48124.920000
2024-06-17T15:09:00+00:00,47611.960000
2024-06-18T13:49:00+00:00,47607.520000
2024-06-18T17:49:00+00:00,47072.080000
2024-06-19T06:29:00+00:00,47052.100000
2024-06-19T06:34:00+00:00,46438.120000
2024-06-19T14:34:00+00:00,46430.720000
2024-06-20T00:54:00+00:00,45883.320000
2024-06-20T13:49:00+00:00,45878.880000
2024-06-20T14:09:00+00:00,45301.440000
2024-06-20T14:09:00+00:00,45298.480000
2024-06-20T16:24:00+00:00,45715.500000
2024-06-20T16:34:00+00:00,46411.520000
2024-06-20T17:49:00+00:00,46407.080000
2024-06-20T19:24:00+00:00,45847.640000
2024-06-21T13:49:00+00:00,45844.680000
2024-06-21T15:19:00+00:00,45273.720000
2024-06-24T07:09:00+00:00,45270.020000
2024-06-24T08:09:00+00:00,45426.320000
2024-06-24T08:09:00+00:00,45413.740000
2024-06-24T08:39:00+00:00,45404.120000
2024-06-24T08:54:00+00:00,45788.200000
2024-06-24T09:19:00+00:00,46094.260000
2024-06-24T09:44:00+00:00,47111.350000
2024-06-24T09:49:00+00:00,47951.420000
2024-06-24T13:39:00+00:00,47946.240000
2024-06-24T13:44:00+00:00,47370.560000
2024-06-24T13:49:00+00:00,47368.340000
2024-06-24T14:04:00+00:00,46794.620000
2024-06-24T14:34:00+00:00,46791.660000
2024-06-24T14:49:00+00:00,47145.680000
2024-06-24T15:04:00+00:00,47143.200000
2024-06-24T15:04:00+00:00,47138.020000
2024-06-24T16:59:00+00:00,46565.840000
2024-06-25T14:04:00+00:00,46563.620000
2024-06-25T20:09:00+00:00,47089.400000
2024-06-26T07:29:00+00:00,47083.480000
2024-06-26T10:19:00+00:00,46493.560000
2024-06-26T13:49:00+00:00,46490.600000
2024-06-26T15:14:00+00:00,46017.640000
2024-06-27T14:14:00+00:00,46016.160000
2024-06-27T15:29:00+00:00,45528.680000
2024-06-28T07:14:00+00:00,45518.320000
2024-06-28T12:19:00+00:00,45922.640000
2024-06-28T12:34:00+00:00,46872.960000
2024-06-28T12:49:00+00:00,46870.000000
2024-06-28T13:39:00+00:00,46868.520000
2024-06-28T13:49:00+00:00,46645.560000
2024-06-28T13:49:00+00:00,46489.080000
2024-06-28T13:54:00+00:00,46486.860000
2024-06-28T14:14:00+00:00,46745.620000
2024-06-28T14:59:00+00:00,46743.140000
2024-07-01T07:34:00+00:00,46738.700000
2024-07-01T08:14:00+00:00,46779.260000
2024-07-01T08:14:00+00:00,46774.820000
2024-07-01T08:44:00+00:00,46239.380000
2024-07-01T13:49:00+00:00,46237.900000
2024-07-01T14:09:00+00:00,46012.420000
2024-07-01T14:09:00+00:00,46010.200000
2024-07-01T14:14:00+00:00,45557.980000
2024-07-02T14:39:00+00:00,45556.500000
2024-07-02T20:09:00+00:00,46146.020000
2024-07-03T07:19:00+00:00,46131.220000
2024-07-03T07:49:00+00:00,45536.420000
2024-07-03T13:49:00+00:00,45532.720000
2024-07-03T15:19:00+00:00,45843.240000
2024-07-03T16:14:00+00:00,46621.020000
2024-07-04T13:49:00+00:00,46609.920000
2024-07-05T00:44:00+00:00,46013.820000
2024-07-05T13:59:00+00:00,46011.600000
2024-07-05T14:14:00+00:00,45874.380000
2024-07-05T14:14:00+00:00,45870.680000
2024-07-05T14:49:00+00:00,45316.980000
2024-07-08T15:24:00+00:00,45314.020000
2024-07-08T20:09:00+00:00,45515.060000
2024-07-09T14:24:00+00:00,45510.620000
2024-07-09T14:29:00+00:00,45503.960000
2024-07-09T14:49:00+00:00,44943.800000
2024-07-09T16:49:00+00:00,45355.580000
2024-07-09T20:09:00+00:00,45612.860000
2024-07-10T13:49:00+00:00,45609.160000
2024-07-10T15:04:00+00:00,45075.460000
2024-07-10T19:09:00+00:00,45067.320000
2024-07-10T19:49:00+00:00,44525.680000
2024-07-11T12:59:00+00:00,44524.200000
2024-07-11T13:34:00+00:00,44521.980000
2024-07-11T13:54:00+00:00,44519.020000
2024-07-11T14:14:00+00:00,44757.530000
2024-07-11T14:19:00+00:00,45044.790000
2024-07-11T14:19:00+00:00,45439.310000
2024-07-11T14:24:00+00:00,46097.830000
2024-07-11T14:59:00+00:00,47212.850000
2024-07-11T15:24:00+00:00,47884.110000
2024-07-12T13:49:00+00:00,47881.150000
2024-07-12T14:39:00+00:00,48295.170000
2024-07-12T17:29:00+00:00,48986.190000
2024-07-15T08:09:00+00:00,48978.790000
2024-07-15T12:04:00+00:00,48401.390000
2024-07-15T14:09:00+00:00,48398.430000
2024-07-15T15:19:00+00:00,48833.450000
2024-07-15T15:49:00+00:00,48830.970000
2024-07-16T13:49:00+00:00,48828.750000
2024-07-16T16:19:00+00:00,49074.760000
2024-07-16T18:44:00+00:00,49154.280000
2024-07-16T18:44:00+00:00,49152.060000
2024-07-16T20:09:00+00:00,49295.340000
2024-07-17T13:59:00+00:00,49292.380000
2024-07-17T14:14:00+00:00,49725.900000
2024-07-17T16:29:00+00:00,50449.420000
2024-07-18T13:54:00+00:00,50447.940000
2024-07-18T14:59:00+00:00,50581.460000
2024-07-18T14:59:00+00:00,50578.500000
2024-07-18T15:09:00+00:00,50035.540000
2024-07-19T07:59:00+00:00,50031.840000
2024-07-19T10:09:00+00:00,50388.860000
2024-07-19T14:14:00+00:00,50385.160000
2024-07-19T14:29:00+00:00,49768.960000
2024-07-19T14:29:00+00:00,49792.240000
2024-07-19T14:29:00+00:00,49791.500000
2024-07-19T20:09:00+00:00,49997.260000
2024-07-22T13:49:00+00:00,49995.780000
2024-07-22T15:19:00+00:00,49440.300000
2024-07-23T15:14:00+00:00,49438.820000
2024-07-23T15:19:00+00:00,49437.340000
2024-07-23T16:24:00+00:00,48936.860000
2024-07-23T16:59:00+00:00,48456.380000
2024-07-24T07:59:00+00:00,48452.680000
2024-07-24T12:39:00+00:00,48793.200000
2024-07-24T13:59:00+00:00,49987.980000
2024-07-24T13:59:00+00:00,49986.500000
2024-07-24T18:24:00+00:00,50411.010000
2024-07-24T19:39:00+00:00,50872.770000
2024-07-25T06:24:00+00:00,50863.890000
2024-07-25T06:44:00+00:00,51327.450000
2024-07-25T07:09:00+00:00,51320.010000
2024-07-25T13:54:00+00:00,51318.530000
2024-07-25T14:14:00+00:00,51693.540000
2024-07-25T14:39:00+00:00,51692.300000
2024-07-26T13:49:00+00:00,51690.080000
2024-07-26T14:04:00+00:00,51066.860000
2024-07-26T14:39:00+00:00,51065.380000
2024-07-26T15:49:00+00:00,50584.900000
2024-07-26T17:39:00+00:00,50580.460000
2024-07-26T17:49:00+00:00,50018.020000
2024-07-29T06:59:00+00:00,50002.480000
2024-07-29T07:04:00+00:00,49367.440000
2024-07-29T13:44:00+00:00,49365.220000
2024-07-29T13:59:00+00:00,49363.740000
2024-07-29T14:14:00+00:00,48824.520000
2024-07-29T14:59:00+00:00,48276.040000
2024-07-29T17:34:00+00:00,48273.080000
2024-07-29T20:09:00+00:00,48800.120000
2024-07-30T06:34:00+00:00,48797.900000
2024-07-30T13:49:00+00:00,49088.180000
2024-07-30T13:49:00+00:00,49085.220000
2024-07-30T14:34:00+00:00,49482.740000
2024-07-30T15:04:00+00:00,50146.260000
2024-07-31T08:29:00+00:00,50141.820000
2024-07-31T12:19:00+00:00,50549.100000
2024-07-31T13:29:00+00:00,51502.380000
2024-07-31T13:39:00+00:00,51498.680000
2024-07-31T14:04:00+00:00,50889.980000
2024-07-31T14:09:00+00:00,50888.500000
2024-07-31T20:09:00+00:00,51288.260000
2024-07-31T20:09:00+00:00,51569.520000
2024-08-01T06:09:00+00:00,51558.420000
2024-08-01T06:34:00+00:00,50902.320000
2024-08-01T07:14:00+00:00,50895.660000
2024-08-01T07:59:00+00:00,50304.000000
2024-08-01T13:39:00+00:00,50299.560000
2024-08-01T13:49:00+00:00,50747.340000
2024-08-01T13:49:00+00:00,50745.860000
2024-08-01T14:09:00+00:00,50742.140000
2024-08-01T14:24:00+00:00,50160.660000
2024-08-02T12:39:00+00:00,50158.440000
2024-08-02T12:54:00+00:00,49647.720000
2024-08-02T13:44:00+00:00,49646.980000
2024-08-02T14:09:00+00:00,49260.740000
2024-08-02T14:09:00+00:00,49260.000000
2024-08-02T20:09:00+00:00,49107.760000
2024-08-05T13:49:00+00:00,49107.020000
2024-08-05T20:09:00+00:00,49586.780000
2024-08-06T09:09:00+00:00,49586.040000
2024-08-06T14:04:00+00:00,49444.300000
2024-08-06T14:04:00+00:00,49443.560000
2024-08-06T19:04:00+00:00,49702.320000
2024-08-06T19:04:00+00:00,49699.360000
2024-08-06T19:29:00+00:00,49174.400000
2024-08-06T19:29:00+00:00,49168.480000
2024-08-06T19:44:00+00:00,48562.560000
2024-08-07T07:29:00+00:00,48561.820000
2024-08-07T07:39:00+00:00,48443.580000
2024-08-07T07:39:00+00:00,48440.620000
2024-08-07T07:54:00+00:00,47905.660000
2024-08-07T14:29:00+00:00,47904.180000
2024-08-07T14:49:00+00:00,47474.700000
2024-08-07T19:09:00+00:00,47473.220000
2024-08-07T19:54:00+00:00,47051.740000
2024-08-08T06:24:00+00:00,47049.520000
2024-08-08T07:29:00+00:00,46507.300000
2024-08-08T13:49:00+00:00,46505.820000
2024-08-08T14:04:00+00:00,45930.340000
2024-08-08T17:24:00+00:00,45928.860000
2024-08-08T20:09:00+00:00,46249.380000
2024-08-09T13:49:00+00:00,46247.160000
2024-08-09T14:14:00+00:00,45737.940000
2024-08-12T07:24:00+00:00,45731.280000
2024-08-12T07:29:00+00:00,45148.620000
2024-08-12T07:34:00+00:00,45142.700000
2024-08-12T07:54:00+00:00,45541.740000
2024-08-12T08:59:00+00:00,45536.780000
2024-08-12T13:49:00+00:00,45535.300000
2024-08-12T14:14:00+00:00,45104.820000
2024-08-12T14:14:00+00:00,45102.600000
2024-08-12T20:09:00+00:00,44974.380000
2024-08-13T13:49:00+00:00,44972.160000
2024-08-13T16:44:00+00:00,45230.170000
2024-08-13T20:09:00+00:00,46091.190000
2024-08-14T13:54:00+00:00,46090.450000
2024-08-14T15:54:00+00:00,45796.210000
2024-08-15T06:44:00+00:00,45789.550000
2024-08-15T08:34:00+00:00,45215.890000
2024-08-15T13:49:00+00:00,45213.670000
2024-08-15T15:19:00+00:00,45431.930000
2024-08-15T18:09:00+00:00,46160.450000
2024-08-16T14:09:00+00:00,46158.230000
2024-08-16T20:09:00+00:00,46520.510000
2024-08-19T13:34:00+00:00,46513.110000
2024-08-19T13:39:00+00:00,46933.160000
2024-08-19T13:39:00+00:00,46926.960000
2024-08-19T13:49:00+00:00,46924.000000
2024-08-19T14:04:00+00:00,46445.040000
2024-08-20T06:44:00+00:00,46438.380000
2024-08-20T08:39:00+00:00,45855.720000
2024-08-20T13:49:00+00:00,45852.760000
2024-08-20T14:19:00+00:00,45327.800000
2024-08-21T13:54:00+00:00,45324.100000
2024-08-21T14:39:00+00:00,45631.620000
2024-08-21T14:39:00+00:00,45627.900000
2024-08-21T14:59:00+00:00,45626.420000
2024-08-21T18:04:00+00:00,45226.940000
2024-08-21T18:44:00+00:00,45222.500000
2024-08-21T20:09:00+00:00,45317.060000
2024-08-22T07:39:00+00:00,45310.400000
2024-08-22T09:19:00+00:00,44754.740000
2024-08-22T14:04:00+00:00,44751.780000
2024-08-22T14:49:00+00:00,45137.300000
2024-08-22T15:34:00+00:00,45780.820000
2024-08-23T06:54:00+00:00,45769.720000
2024-08-23T07:29:00+00:00,45203.620000
2024-08-23T13:54:00+00:00,45198.440000
2024-08-23T14:04:00+00:00,45553.970000
2024-08-23T14:04:00+00:00,45549.010000
2024-08-23T14:04:00+00:00,45547.530000
2024-08-23T14:49:00+00:00,44988.050000
2024-08-23T19:19:00+00:00,44987.310000
2024-08-23T20:09:00+00:00,45003.570000
2024-08-26T08:29:00+00:00,44990.990000
2024-08-26T10:44:00+00:00,45375.070000
2024-08-26T11:44:00+00:00,46392.160000
2024-08-26T13:49:00+00:00,46389.200000
2024-08-26T14:19:00+00:00,46816.720000
2024-08-26T14:34:00+00:00,47530.240000
2024-08-27T06:09:00+00:00,47513.960000
2024-08-27T07:09:00+00:00,46892.680000
2024-08-27T13:54:00+00:00,46890.460000
2024-08-27T20:09:00+00:00,47479.240000
2024-08-28T07:59:00+00:00,47468.140000
2024-08-28T08:14:00+00:00,46887.040000
2024-08-28T13:44:00+00:00,46884.080000
2024-08-28T13:49:00+00:00,46882.600000
2024-08-28T14:49:00+00:00,47301.120000
2024-08-28T15:14:00+00:00,47618.380000
2024-08-28T15:19:00+00:00,48596.900000
2024-08-28T18:04:00+00:00,49126.160000
2024-08-29T13:49:00+00:00,49124.680000
2024-08-29T18:34:00+00:00,48572.200000
2024-08-30T07:24:00+00:00,48564.060000
2024-08-30T07:39:00+00:00,48965.360000
2024-08-30T13:34:00+00:00,50094.920000
2024-08-30T13:54:00+00:00,50091.960000
2024-08-30T14:59:00+00:00,49541.000000
2024-09-02T14:04:00+00:00,49529.900000
2024-09-02T14:09:00+00:00,49523.980000
2024-09-02T14:34:00+00:00,48905.380000
2024-09-02T14:39:00+00:00,48327.460000
2024-09-02T14:39:00+00:00,48320.060000
2024-09-02T22:49:00+00:00,47747.660000
2024-09-03T07:59:00+00:00,47737.300000
2024-09-03T08:29:00+00:00,48152.120000
2024-09-03T08:54:00+00:00,49126.940000
2024-09-03T13:54:00+00:00,49125.460000
2024-09-03T17:14:00+00:00,49549.970000
2024-09-03T17:39:00+00:00,49547.750000
2024-09-03T19:29:00+00:00,49819.260000
2024-09-03T19:44:00+00:00,50527.270000
2024-09-03T20:09:00+00:00,51059.790000
2024-09-04T07:14:00+00:00,51053.130000
2024-09-04T09:49:00+00:00,51464.170000
2024-09-04T10:19:00+00:00,51457.970000
2024-09-04T13:49:00+00:00,51456.490000
2024-09-04T14:04:00+00:00,50955.010000
2024-09-05T07:14:00+00:00,50950.570000
2024-09-05T09:24:00+00:00,50307.130000
2024-09-05T13:54:00+00:00,50305.650000
2024-09-05T15:29:00+00:00,49705.170000
2024-09-06T06:14:00+00:00,49699.990000
2024-09-06T07:14:00+00:00,50096.020000
2024-09-06T09:19:00+00:00,51332.060000
2024-09-06T13:44:00+00:00,51330.580000
2024-09-06T13:59:00+00:00,51329.840000
2024-09-06T14:39:00+00:00,51809.100000
2024-09-06T20:09:00+00:00,52612.360000
2024-09-06T20:09:00+00:00,53209.620000
2024-09-09T13:59:00+00:00,53206.660000
2024-09-09T14:34:00+00:00,52539.700000
2024-09-10T13:44:00+00:00,52537.480000
2024-09-10T14:14:00+00:00,52536.000000
2024-09-10T14:34:00+00:00,52653.780000
2024-09-10T14:34:00+00:00,52506.300000
2024-09-10T14:39:00+00:00,52502.600000
2024-09-10T14:54:00+00:00,51901.400000
2024-09-11T08:54:00+00:00,51891.780000
2024-09-11T09:54:00+00:00,52310.340000
2024-09-11T12:29:00+00:00,53456.660000
2024-09-11T13:09:00+00:00,53455.180000
2024-09-11T13:39:00+00:00,53209.700000
2024-09-11T13:39:00+00:00,53205.260000
2024-09-11T13:54:00+00:00,53203.780000
2024-09-11T14:04:00+00:00,53698.810000
2024-09-11T14:34:00+00:00,54856.840000
2024-09-11T14:34:00+00:00,55190.600000
2024-09-11T15:44:00+00:00,55189.360000
2024-09-12T06:24:00+00:00,55176.040000
2024-09-12T07:19:00+00:00,55662.130000
2024-09-12T07:29:00+00:00,55650.970000
2024-09-12T07:34:00+00:00,55645.790000
2024-09-12T08:04:00+00:00,54996.610000
2024-09-12T13:49:00+00:00,54993.650000
2024-09-12T14:14:00+00:00,54344.690000
2024-09-12T14:19:00+00:00,54343.210000
2024-09-12T20:09:00+00:00,54676.730000
2024-09-13T07:39:00+00:00,54669.330000
2024-09-13T13:29:00+00:00,55141.880000
2024-09-13T13:39:00+00:00,55135.680000
2024-09-13T14:09:00+00:00,55133.460000
2024-09-13T20:09:00+00:00,55206.240000
2024-09-16T07:24:00+00:00,55200.320000
2024-09-16T12:09:00+00:00,55701.360000
2024-09-16T13:34:00+00:00,56874.400000
2024-09-16T13:54:00+00:00,56872.180000
2024-09-16T14:34:00+00:00,56182.960000
2024-09-16T14:39:00+00:00,56181.480000
2024-09-16T20:09:00+00:00,55791.000000
2024-09-17T13:49:00+00:00,55788.040000
2024-09-17T13:54:00+00:00,55785.080000
2024-09-17T14:09:00+00:00,55148.120000
2024-09-17T14:49:00+00:00,54507.160000
2024-09-17T15:04:00+00:00,54502.720000
2024-09-17T15:19:00+00:00,53865.280000
2024-09-18T07:29:00+00:00,53854.920000
2024-09-18T08:34:00+00:00,54337.990000
2024-09-18T09:24:00+00:00,54329.310000
2024-09-18T13:39:00+00:00,54320.430000
2024-09-18T13:44:00+00:00,53669.550000
2024-09-18T14:19:00+00:00,53666.590000
2024-09-18T17:44:00+00:00,53659.930000
2024-09-18T18:04:00+00:00,53090.970000
2024-09-18T18:04:00+00:00,53529.010000
2024-09-18T18:04:00+00:00,53522.810000
2024-09-19T13:54:00+00:00,53519.850000
2024-09-19T14:19:00+00:00,52942.890000
2024-09-20T13:14:00+00:00,52937.710000
2024-09-20T13:39:00+00:00,52320.030000
2024-09-20T13:59:00+00:00,52317.070000
2024-09-20T15:19:00+00:00,52800.090000
2024-09-20T16:09:00+00:00,52797.610000
2024-09-23T13:49:00+00:00,52794.650000
2024-09-23T13:54:00+00:00,52790.950000
2024-09-23T17:04:00+00:00,52233.990000
2024-09-23T17:04:00+00:00,51637.790000
2024-09-24T13:59:00+00:00,51634.830000
2024-09-24T14:04:00+00:00,52021.850000
2024-09-24T14:04:00+00:00,52019.370000
2024-09-25T13:39:00+00:00,52014.930000
2024-09-25T13:59:00+00:00,52012.710000
2024-09-25T14:14:00+00:00,52460.490000
2024-09-25T15:54:00+00:00,52456.770000
2024-09-25T17:04:00+00:00,51889.050000
2024-09-26T13:54:00+00:00,51886.830000
2024-09-26T14:54:00+00:00,52186.840000
2024-09-26T17:34:00+00:00,52799.360000
2024-09-26T17:34:00+00:00,52794.920000
2024-09-26T18:19:00+00:00,53244.950000
2024-09-26T20:09:00+00:00,53811.230000
2024-09-27T12:59:00+00:00,53803.830000
2024-09-27T13:39:00+00:00,54291.380000
2024-09-27T14:04:00+00:00,54285.180000
2024-09-27T14:19:00+00:00,54282.960000
2024-09-27T20:09:00+00:00,54747.240000
2024-09-30T14:14:00+00:00,54745.020000
2024-09-30T18:24:00+00:00,54743.540000
2024-09-30T19:49:00+00:00,54181.060000
2024-09-30T19:59:00+00:00,53628.340000
2024-10-01T13:49:00+00:00,53627.600000
2024-10-01T17:39:00+00:00,53925.860000
2024-10-01T17:39:00+00:00,53923.640000
2024-10-01T18:04:00+00:00,54185.400000
2024-10-01T20:09:00+00:00,54572.920000
2024-10-02T06:54:00+00:00,54569.960000
2024-10-02T12:44:00+00:00,54001.000000
2024-10-02T13:54:00+00:00,53998.040000
2024-10-02T14:19:00+00:00,53996.560000
2024-10-02T14:44:00+00:00,54484.080000
2024-10-02T20:09:00+00:00,55003.600000
2024-10-02T20:09:00+00:00,55157.120000
2024-10-03T13:39:00+00:00,55151.940000
2024-10-03T13:54:00+00:00,55150.460000
2024-10-03T13:59:00+00:00,55544.240000
2024-10-03T14:19:00+00:00,56041.280000
2024-10-03T14:19:00+00:00,56102.800000
2024-10-03T14:24:00+00:00,56099.100000
2024-10-03T15:44:00+00:00,55407.900000
2024-10-04T07:19:00+00:00,55401.980000
2024-10-04T11:34:00+00:00,55870.020000
2024-10-04T12:34:00+00:00,56966.060000
2024-10-04T13:54:00+00:00,56963.840000
2024-10-04T14:14:00+00:00,57231.600000
2024-10-04T15:04:00+00:00,57229.120000
2024-10-07T13:14:00+00:00,57224.680000
2024-10-07T13:54:00+00:00,56842.240000
2024-10-07T13:54:00+00:00,56837.800000
2024-10-07T14:19:00+00:00,56125.360000
2024-10-08T13:54:00+00:00,56121.660000
2024-10-08T14:44:00+00:00,56534.180000
2024-10-08T19:34:00+00:00,57566.960000
2024-10-09T06:54:00+00:00,57554.380000
2024-10-09T07:14:00+00:00,56827.800000
2024-10-09T07:14:00+00:00,56820.400000
2024-10-09T08:04:00+00:00,56098.000000
2024-10-09T08:24:00+00:00,56088.380000
2024-10-09T08:49:00+00:00,55409.260000
2024-10-09T13:39:00+00:00,55401.120000
2024-10-09T13:44:00+00:00,54732.980000
2024-10-09T14:14:00+00:00,54729.280000
2024-10-09T15:24:00+00:00,55102.800000
2024-10-09T18:29:00+00:00,56038.080000
2024-10-10T13:49:00+00:00,56035.120000
2024-10-10T14:09:00+00:00,55406.160000
2024-10-10T17:54:00+00:00,55402.460000
2024-10-10T20:09:00+00:00,55411.260000
2024-10-11T13:49:00+00:00,55405.340000
2024-10-11T14:14:00+00:00,55921.380000
2024-10-11T14:29:00+00:00,56783.420000
2024-10-14T13:49:00+00:00,56781.200000
2024-10-14T15:04:00+00:00,56190.980000
2024-10-15T07:49:00+00:00,56182.100000
2024-10-15T08:39:00+00:00,56681.660000
2024-10-15T10:34:00+00:00,56674.220000
2024-10-15T13:34:00+00:00,56661.640000
2024-10-15T13:39:00+00:00,55935.060000
2024-10-15T14:14:00+00:00,55932.100000
2024-10-15T14:34:00+00:00,56391.120000
2024-10-15T14:39:00+00:00,57157.140000
2024-10-16T07:04:00+00:00,57143.080000
2024-10-16T07:24:00+00:00,57635.920000
2024-10-16T07:34:00+00:00,57623.520000
2024-10-16T07:39:00+00:00,57618.340000
2024-10-16T13:34:00+00:00,56906.160000
2024-10-16T13:59:00+00:00,56904.680000
2024-10-16T14:14:00+00:00,56583.200000
2024-10-16T14:14:00+00:00,56579.500000
2024-10-16T20:09:00+00:00,56878.300000
2024-10-17T14:04:00+00:00,56877.560000
2024-10-17T18:14:00+00:00,56875.340000
2024-10-17T20:09:00+00:00,56863.600000
2024-10-17T20:09:00+00:00,56991.880000
2024-10-18T13:49:00+00:00,56988.180000
2024-10-18T14:09:00+00:00,56985.220000
2024-10-18T20:09:00+00:00,57366.520000
2024-10-18T20:09:00+00:00,57185.560000
2024-10-21T13:49:00+00:00,57181.860000
2024-10-21T14:44:00+00:00,56503.160000
2024-10-22T13:54:00+00:00,56500.940000
2024-10-22T14:59:00+00:00,56499.460000
2024-10-22T18:04:00+00:00,56776.970000
2024-10-22T20:09:00+00:00,57030.490000
2024-10-22T20:09:00+00:00,57164.010000
2024-10-23T14:04:00+00:00,57161.050000
2024-10-23T14:59:00+00:00,57157.350000
2024-10-23T16:09:00+00:00,57580.370000
2024-10-23T16:29:00+00:00,58052.890000
2024-10-23T17:14:00+00:00,58841.410000
2024-10-23T17:54:00+00:00,60324.940000
2024-10-24T07:09:00+00:00,60316.060000
2024-10-24T08:14:00+00:00,60869.620000
2024-10-24T13:34:00+00:00,60862.180000
2024-10-24T13:49:00+00:00,60858.480000
2024-10-24T14:04:00+00:00,60112.280000
2024-10-25T07:14:00+00:00,60104.880000
2024-10-25T08:09:00+00:00,60482.480000
2024-10-25T08:09:00+00:00,60469.900000
2024-10-25T09:14:00+00:00,59726.320000
2024-10-25T13:49:00+00:00,59724.840000
2024-10-25T17:44:00+00:00,59224.360000
2024-10-28T08:24:00+00:00,59216.220000
2024-10-28T12:04:00+00:00,58520.580000
2024-10-28T13:54:00+00:00,58517.620000
2024-10-28T20:09:00+00:00,58812.660000
2024-10-29T14:04:00+00:00,58810.440000
2024-10-29T17:04:00+00:00,59105.200000
2024-10-29T20:09:00+00:00,59929.720000
2024-10-30T14:19:00+00:00,59928.240000
2024-10-30T19:54:00+00:00,59380.760000
2024-10-31T13:49:00+00:00,59380.020000
2024-10-31T20:09:00+00:00,59623.780000
2024-11-01T13:39:00+00:00,59619.340000
2024-11-01T13:59:00+00:00,59617.120000
2024-11-01T14:14:00+00:00,60118.900000
2024-11-01T19:34:00+00:00,60368.680000
2024-11-01T19:34:00+00:00,60319.960000
2024-11-04T14:49:00+00:00,60317.000000
2024-11-04T15:19:00+00:00,60315.520000
2024-11-04T17:09:00+00:00,59694.560000
2024-11-04T21:09:00+00:00,59495.080000
2024-11-05T07:29:00+00:00,59476.580000
2024-11-05T08:14:00+00:00,59998.700000
2024-11-05T08:34:00+00:00,59982.580000
2024-11-05T14:04:00+00:00,59973.700000
2024-11-05T14:19:00+00:00,59250.820000
2024-11-05T14:49:00+00:00,59248.600000
2024-11-05T16:14:00+00:00,59247.120000
2024-11-05T20:14:00+00:00,59241.200000
2024-11-05T20:49:00+00:00,59687.480000
2024-11-05T20:49:00+00:00,59813.000000
2024-11-05T20:49:00+00:00,59799.080000
2024-11-06T14:54:00+00:00,59796.860000
2024-11-06T15:19:00+00:00,59109.140000
2024-11-07T14:59:00+00:00,59106.920000
2024-11-07T21:09:00+00:00,59887.700000
2024-11-08T14:49:00+00:00,59881.780000
2024-11-08T15:09:00+00:00,59877.340000
2024-11-08T15:24:00+00:00,60271.420000
2024-11-08T15:24:00+00:00,60203.980000
2024-11-08T15:29:00+00:00,60196.580000
2024-11-08T18:39:00+00:00,60747.880000
2024-11-08T21:09:00+00:00,61069.180000
2024-11-11T14:49:00+00:00,61066.960000
2024-11-11T15:49:00+00:00,61064.740000
2024-11-11T21:09:00+00:00,60842.020000
2024-11-11T21:09:00+00:00,60733.300000
2024-11-12T07:54:00+00:00,60724.420000
2024-11-12T09:09:00+00:00,60271.540000
2024-11-12T09:09:00+00:00,60258.960000
2024-11-12T09:34:00+00:00,59489.880000
2024-11-12T16:09:00+00:00,59485.440000
2024-11-12T17:59:00+00:00,60029.970000
2024-11-12T18:59:00+00:00,60026.250000
2024-11-13T14:49:00+00:00,60021.810000
2024-11-13T17:09:00+00:00,59363.370000
2024-11-14T14:49:00+00:00,59357.450000
2024-11-14T15:19:00+00:00,59355.970000
2024-11-14T15:34:00+00:00,59182.050000
2024-11-14T15:34:00+00:00,58955.570000
2024-11-14T15:39:00+00:00,58950.390000
2024-11-14T16:04:00+00:00,58710.710000
2024-11-14T16:04:00+00:00,58707.750000
2024-11-14T20:44:00+00:00,59165.270000
2024-11-14T21:09:00+00:00,59671.790000
2024-11-15T15:04:00+00:00,59669.570000
2024-11-15T16:54:00+00:00,59974.830000
2024-11-15T18:59:00+00:00,60993.350000
2024-11-18T09:09:00+00:00,60982.250000
2024-11-18T09:34:00+00:00,61486.320000
2024-11-18T13:14:00+00:00,62838.400000
2024-11-18T14:34:00+00:00,62825.080000
2024-11-18T14:39:00+00:00,62055.760000
2024-11-18T14:54:00+00:00,62051.320000
2024-11-18T15:04:00+00:00,61362.880000
2024-11-18T15:09:00+00:00,61358.440000
2024-11-18T15:34:00+00:00,61869.220000
2024-11-18T19:04:00+00:00,61863.300000
2024-11-18T19:19:00+00:00,61125.380000
2024-11-18T21:09:00+00:00,61397.660000
2024-11-19T07:29:00+00:00,61376.940000
2024-11-19T08:04:00+00:00,61933.580000
2024-11-19T08:14:00+00:00,61916.220000
2024-11-19T08:19:00+00:00,61907.340000
2024-11-19T08:39:00+00:00,62456.400000
2024-11-19T09:29:00+00:00,63743.460000
2024-11-19T15:29:00+00:00,63740.500000
2024-11-19T18:39:00+00:00,64306.020000
2024-11-19T21:09:00+00:00,65041.540000
2024-11-20T14:59:00+00:00,65040.060000
2024-11-20T20:59:00+00:00,64469.580000
2024-11-21T07:34:00+00:00,64464.400000
2024-11-21T07:49:00+00:00,63727.720000
2024-11-21T14:39:00+00:00,63722.540000
2024-11-21T14:49:00+00:00,62943.860000
2024-11-21T15:04:00+00:00,62943.120000
2024-11-21T15:19:00+00:00,62803.880000
2024-11-21T15:19:00+00:00,62800.180000
2024-11-21T15:24:00+00:00,62036.480000
2024-11-22T15:14:00+00:00,62033.520000
2024-11-22T15:44:00+00:00,61438.560000
2024-11-22T15:44:00+00:00,61435.600000
2024-11-22T16:24:00+00:00,60764.640000
2024-11-22T20:09:00+00:00,60758.720000
2024-11-22T20:59:00+00:00,60036.800000
2024-11-25T07:14:00+00:00,60014.600000
2024-11-25T07:34:00+00:00,59317.400000
2024-11-25T14:34:00+00:00,59309.260000
2024-11-25T14:39:00+00:00,58591.620000
2024-11-25T14:54:00+00:00,58587.920000
2024-11-25T17:19:00+00:00,58955.440000
2024-11-25T21:09:00+00:00,59149.720000
2024-11-26T14:29:00+00:00,59135.660000
2024-11-26T14:34:00+00:00,58390.100000
2024-11-26T14:49:00+00:00,58387.140000
2024-11-26T15:04:00+00:00,57758.180000
2024-11-27T14:19:00+00:00,57750.780000
2024-11-27T14:34:00+00:00,57018.380000
2024-11-27T14:54:00+00:00,57016.160000
2024-11-27T16:54:00+00:00,57307.920000
2024-11-27T21:09:00+00:00,57429.440000
2024-11-28T15:19:00+00:00,57416.860000
2024-11-28T23:04:00+00:00,56698.780000
2024-11-29T14:09:00+00:00,56692.120000
2024-11-29T14:34:00+00:00,56032.960000
2024-11-29T14:34:00+00:00,56025.560000
2024-11-29T14:39:00+00:00,55373.160000
2024-11-29T14:54:00+00:00,55370.940000
2024-12-02T13:19:00+00:00,55643.200000
2024-12-02T14:39:00+00:00,56551.720000
2024-12-02T14:49:00+00:00,56550.240000
2024-12-02T21:09:00+00:00,56877.760000
2024-12-03T07:19:00+00:00,56855.560000
2024-12-03T08:09:00+00:00,57283.210000
2024-12-03T08:14:00+00:00,57264.610000
2024-12-03T08:19:00+00:00,57254.250000
2024-12-03T13:59:00+00:00,57242.410000
2024-12-03T14:09:00+00:00,57762.230000
2024-12-03T14:09:00+00:00,58152.310000
2024-12-03T14:09:00+00:00,58142.390000
2024-12-03T15:04:00+00:00,58133.710000
2024-12-03T15:04:00+00:00,58130.750000
2024-12-03T21:09:00+00:00,58845.790000
2024-12-04T15:09:00+00:00,58840.610000
2024-12-04T18:59:00+00:00,58833.950000
2024-12-04T19:34:00+00:00,59272.730000
2024-12-04T20:39:00+00:00,59740.770000
2024-12-04T21:09:00+00:00,60431.810000
2024-12-04T21:09:00+00:00,60950.610000
2024-12-05T08:19:00+00:00,60936.550000
2024-12-05T12:59:00+00:00,61469.890000
2024-12-05T14:49:00+00:00,61777.490000
2024-12-05T14:49:00+00:00,61769.350000
2024-12-05T17:14:00+00:00,61029.710000
2024-12-06T07:29:00+00:00,61007.510000
2024-12-06T08:19:00+00:00,60460.310000
2024-12-06T14:49:00+00:00,60458.090000
2024-12-06T21:09:00+00:00,60770.870000
2024-12-09T07:29:00+00:00,60756.810000
2024-12-09T07:39:00+00:00,61269.900000
2024-12-09T09:09:00+00:00,61257.500000
2024-12-09T09:09:00+00:00,61242.700000
2024-12-09T09:44:00+00:00,61797.800000
2024-12-09T11:34:00+00:00,63102.900000
2024-12-09T14:49:00+00:00,63098.460000
2024-12-09T14:54:00+00:00,63094.020000
2024-12-09T15:29:00+00:00,62339.580000
2024-12-09T15:29:00+00:00,61570.140000
2024-12-10T14:59:00+00:00,61564.960000
2024-12-10T15:04:00+00:00,61122.280000
2024-12-10T15:04:00+00:00,61118.580000
2024-12-10T15:59:00+00:00,60392.380000
2024-12-11T07:14:00+00:00,60370.180000
2024-12-11T07:29:00+00:00,60865.330000
2024-12-11T08:29:00+00:00,60846.730000
2024-12-11T14:49:00+00:00,60844.510000
2024-12-11T20:19:00+00:00,61134.020000
2024-12-11T21:09:00+00:00,61484.540000
2024-12-12T08:09:00+00:00,61464.560000
2024-12-12T08:39:00+00:00,60675.080000
2024-12-12T15:09:00+00:00,60669.160000
2024-12-12T15:24:00+00:00,59915.240000
2024-12-12T19:39:00+00:00,59904.140000
2024-12-12T20:14:00+00:00,59173.040000
2024-12-13T07:09:00+00:00,59151.580000
2024-12-13T08:19:00+00:00,58376.120000
2024-12-13T09:39:00+00:00,58356.140000
2024-12-13T09:44:00+00:00,57607.160000
2024-12-13T15:44:00+00:00,57605.680000
2024-12-13T21:09:00+00:00,57459.200000
2024-12-16T07:54:00+00:00,57446.620000
2024-12-16T09:19:00+00:00,57926.700000
2024-12-16T12:14:00+00:00,59195.790000
2024-12-16T14:54:00+00:00,59192.090000
2024-12-16T17:39:00+00:00,59616.610000
2024-12-16T20:09:00+00:00,60679.390000
2024-12-17T14:49:00+00:00,60674.950000
2024-12-17T15:04:00+00:00,60016.510000
2024-12-17T15:04:00+00:00,60013.550000
2024-12-17T16:34:00+00:00,59332.590000
2024-12-18T15:14:00+00:00,59330.370000
2024-12-18T19:04:00+00:00,58731.150000
2024-12-19T14:54:00+00:00,58729.670000
2024-12-19T21:04:00+00:00,59131.680000
2024-12-19T21:09:00+00:00,59474.440000
2024-12-20T14:44:00+00:00,59473.700000
2024-12-20T15:14:00+00:00,59472.220000
2024-12-20T16:04:00+00:00,59942.480000
2024-12-20T16:39:00+00:00,60726.740000
2024-12-20T21:09:00+00:00,61298.500000
2024-12-23T14:49:00+00:00,61296.280000
2024-12-23T16:44:00+00:00,60706.060000
2024-12-23T20:19:00+00:00,60700.140000
2024-12-23T20:44:00+00:00,61216.180000
2024-12-23T21:09:00+00:00,61745.220000
2024-12-24T08:14:00+00:00,61737.820000
2024-12-24T08:54:00+00:00,61730.420000
2024-12-24T09:09:00+00:00,61003.020000
2024-12-24T09:14:00+00:00,60225.620000
2024-12-24T14:54:00+00:00,60222.660000
2024-12-24T15:59:00+00:00,60867.700000
2024-12-24T15:59:00+00:00,60855.860000
2024-12-24T16:19:00+00:00,60100.020000
2024-12-26T08:09:00+00:00,60088.920000
2024-12-26T08:24:00+00:00,60603.490000
2024-12-26T08:34:00+00:00,61983.570000
2024-12-26T14:49:00+00:00,61978.390000
2024-12-26T14:54:00+00:00,62466.670000
2024-12-26T14:54:00+00:00,62461.710000
2024-12-26T14:54:00+00:00,62456.530000
2024-12-26T14:59:00+00:00,61761.850000
2024-12-27T15:04:00+00:00,61761.110000
2024-12-27T21:09:00+00:00,61522.370000
2024-12-30T14:59:00+00:00,61520.150000
2024-12-30T16:24:00+00:00,60748.430000
2024-12-31T13:54:00+00:00,60743.250000
2024-12-31T14:34:00+00:00,60739.550000
2024-12-31T14:39:00+00:00,61171.580000
2024-12-31T14:39:00+00:00,61166.620000
2024-12-31T14:54:00+00:00,61660.420000
2024-12-31T14:54:00+00:00,61656.720000
2024-12-31T15:09:00+00:00,61048.020000
2024-12-31T15:09:00+00:00,61046.540000
2024-12-31T19:14:00+00:00,61370.060000
2024-12-31T19:14:00+00:00,61364.140000
2024-12-31T19:24:00+00:00,60638.220000
2024-12-31T19:24:00+00:00,60636.740000
2024-12-31T20:19:00+00:00,60634.520000
2024-12-31T21:09:00+00:00,60490.040000
2024-12-31T21:09:00+00:00,60519.320000
2025-01-02T14:54:00+00:00,60517.100000
2025-01-02T15:24:00+00:00,59902.880000
2025-01-02T20:04:00+00:00,59896.960000
2025-01-02T20:14:00+00:00,59167.040000
2025-01-03T07:24:00+00:00,59155.940000
2025-01-03T08:04:00+00:00,59660.010000
2025-01-03T08:29:00+00:00,59650.090000
2025-01-03T16:34:00+00:00,59648.610000
2025-01-03T21:09:00+00:00,59827.130000
2025-01-06T08:24:00+00:00,59812.330000
2025-01-06T08:39:00+00:00,59057.530000
2025-01-06T14:24:00+00:00,59053.090000
2025-01-06T14:34:00+00:00,58364.650000
2025-01-06T14:34:00+00:00,58362.430000
2025-01-06T14:49:00+00:00,58360.210000
2025-01-06T18:49:00+00:00,57718.990000
2025-01-06T19:04:00+00:00,57164.770000
2025-01-07T08:19:00+00:00,57153.670000
2025-01-07T08:39:00+00:00,56437.570000
2025-01-07T14:39:00+00:00,56429.430000
2025-01-07T14:44:00+00:00,55755.790000
2025-01-07T15:04:00+00:00,55755.050000
2025-01-07T21:09:00+00:00,56193.810000
2025-01-08T15:04:00+00:00,56191.590000
2025-01-08T15:14:00+00:00,55599.870000
2025-01-08T15:19:00+00:00,55598.390000
2025-01-08T21:09:00+00:00,55309.910000
2025-01-10T07:19:00+00:00,55301.770000
2025-01-10T09:14:00+00:00,54611.630000
2025-01-10T14:49:00+00:00,54610.150000
2025-01-10T21:09:00+00:00,54714.670000
2025-01-13T14:54:00+00:00,54712.450000
2025-01-13T14:59:00+00:00,54710.230000
2025-01-13T15:59:00+00:00,54642.010000
2025-01-13T15:59:00+00:00,54615.790000
2025-01-13T16:04:00+00:00,54610.610000
2025-01-13T17:19:00+00:00,53922.930000
2025-01-14T14:54:00+00:00,53921.450000
2025-01-14T15:14:00+00:00,53622.970000
2025-01-14T15:14:00+00:00,53620.750000
2025-01-14T15:39:00+00:00,53033.530000
2025-01-14T15:49:00+00:00,53030.570000
2025-01-14T16:04:00+00:00,52473.610000
2025-01-15T08:34:00+00:00,52467.690000
2025-01-15T11:49:00+00:00,52911.730000
2025-01-15T13:34:00+00:00,53951.770000
2025-01-15T14:49:00+00:00,53950.290000
2025-01-15T21:09:00+00:00,54057.810000
2025-01-16T14:39:00+00:00,54045.230000
2025-01-16T14:44:00+00:00,54507.310000
2025-01-16T14:44:00+00:00,54496.150000
2025-01-16T14:49:00+00:00,54493.930000
2025-01-16T21:09:00+00:00,55408.210000
2025-01-17T07:54:00+00:00,55395.630000
2025-01-17T08:54:00+00:00,55857.710000
2025-01-17T09:19:00+00:00,57079.550000
2025-01-17T18:14:00+00:00,57078.070000
2025-01-17T21:09:00+00:00,56831.590000
2025-01-20T13:39:00+00:00,56827.890000
2025-01-20T14:34:00+00:00,57249.410000
2025-01-20T15:19:00+00:00,57734.690000
2025-01-20T15:19:00+00:00,57730.990000
2025-01-21T00:54:00+00:00,58131.510000
2025-01-21T00:54:00+00:00,59134.290000
2025-01-21T14:54:00+00:00,59132.810000
2025-01-21T17:44:00+00:00,58591.330000
2025-01-22T07:14:00+00:00,58569.130000
2025-01-22T08:19:00+00:00,59075.530000
2025-01-22T08:59:00+00:00,60271.930000
2025-01-22T14:49:00+00:00,60268.970000
2025-01-22T19:54:00+00:00,60257.870000
2025-01-22T20:39:00+00:00,59511.770000
2025-01-22T21:09:00+00:00,59532.810000
2025-01-23T09:29:00+00:00,59523.190000
2025-01-23T13:34:00+00:00,60000.250000
2025-01-23T14:34:00+00:00,59991.570000
2025-01-23T15:34:00+00:00,59987.130000
2025-01-23T20:54:00+00:00,60475.410000
2025-01-23T21:09:00+00:00,61064.190000
2025-01-24T14:49:00+00:00,61060.490000
2025-01-24T15:19:00+00:00,60416.790000
2025-01-24T20:04:00+00:00,60414.570000
2025-01-24T21:09:00+00:00,60284.850000
2025-01-27T14:49:00+00:00,60284.110000
2025-01-27T16:04:00+00:00,60270.870000
2025-01-27T16:04:00+00:00,60268.650000
2025-01-27T17:59:00+00:00,60575.410000
2025-01-27T19:54:00+00:00,60573.930000
2025-01-27T20:59:00+00:00,60031.450000
2025-01-27T21:04:00+00:00,60028.970000
2025-01-28T14:59:00+00:00,60026.010000
2025-01-28T15:04:00+00:00,60024.530000
2025-01-28T15:24:00+00:00,60530.050000
2025-01-28T18:19:00+00:00,61711.570000
2025-01-28T21:09:00+00:00,62548.090000
2025-01-29T14:39:00+00:00,62545.130000
2025-01-29T15:44:00+00:00,62543.650000
2025-01-29T18:04:00+00:00,63101.670000
2025-01-29T19:44:00+00:00,63099.190000
2025-01-29T21:09:00+00:00,63134.710000
2025-01-30T14:49:00+00:00,63133.230000
2025-01-30T14:54:00+00:00,63131.010000
2025-01-30T15:04:00+00:00,62572.530000
2025-01-30T15:04:00+00:00,61817.310000
2025-01-31T08:24:00+00:00,61812.870000
2025-01-31T09:09:00+00:00,61801.030000
2025-01-31T14:19:00+00:00,61029.190000
2025-01-31T14:54:00+00:00,61026.230000
2025-01-31T14:59:00+00:00,61521.260000
2025-01-31T18:34:00+00:00,61517.540000
2025-01-31T18:34:00+00:00,60774.580000
2025-02-03T15:04:00+00:00,60773.100000
2025-02-03T15:24:00+00:00,60188.620000
2025-02-03T15:29:00+00:00,60182.700000
2025-02-03T15:44:00+00:00,60734.740000
2025-02-03T15:44:00+00:00,60729.780000
2025-02-04T14:54:00+00:00,60728.300000
2025-02-04T21:09:00+00:00,61038.820000
2025-02-05T07:49:00+00:00,61026.980000
2025-02-05T08:39:00+00:00,60263.140000
2025-02-05T08:44:00+00:00,60255.740000
2025-02-05T09:04:00+00:00,59538.340000
2025-02-05T15:04:00+00:00,59534.640000
2025-02-05T15:39:00+00:00,58808.440000
2025-02-06T07:24:00+00:00,58797.340000
2025-02-06T08:04:00+00:00,59280.410000
2025-02-06T08:34:00+00:00,59270.490000
2025-02-06T09:29:00+00:00,59256.430000
2025-02-06T10:34:00+00:00,59762.770000
2025-02-06T11:24:00+00:00,61085.370000
2025-02-06T14:49:00+00:00,61080.190000
2025-02-06T15:29:00+00:00,61068.010000
2025-02-06T15:29:00+00:00,61059.130000
2025-02-06T15:39:00+00:00,60318.250000
2025-02-07T15:04:00+00:00,60317.510000
2025-02-07T15:59:00+00:00,60316.770000
2025-02-07T21:09:00+00:00,60641.030000
2025-02-07T21:09:00+00:00,60903.790000
2025-02-10T08:39:00+00:00,60886.030000
2025-02-10T10:04:00+00:00,60124.270000
2025-02-10T15:04:00+00:00,60120.570000
2025-02-10T21:09:00+00:00,60254.370000
2025-02-11T15:14:00+00:00,60252.150000
2025-02-11T21:09:00+00:00,60167.430000
2025-02-12T13:39:00+00:00,60162.990000
2025-02-12T14:39:00+00:00,59471.550000
2025-02-12T14:49:00+00:00,59470.070000
2025-02-12T21:09:00+00:00,60099.590000
2025-02-13T09:24:00+00:00,60095.150000
2025-02-13T14:34:00+00:00,60601.430000
2025-02-13T14:39:00+00:00,60599.210000
2025-02-13T15:19:00+00:00,60597.730000
2025-02-13T15:39:00+00:00,61782.010000
2025-02-13T15:39:00+00:00,62139.020000
2025-02-13T21:09:00+00:00,63073.540000
2025-02-13T21:09:00+00:00,63536.060000
2025-02-14T15:09:00+00:00,63530.880000
2025-02-14T15:24:00+00:00,63560.700000
2025-02-14T15:24:00+00:00,63551.080000
2025-02-14T15:44:00+00:00,64082.140000
2025-02-14T15:54:00+00:00,64073.460000
2025-02-17T07:09:00+00:00,64052.740000
2025-02-17T07:44:00+00:00,64640.880000
2025-02-17T11:19:00+00:00,64623.520000
2025-02-17T16:04:00+00:00,64618.340000
2025-02-18T08:14:00+00:00,65152.160000
2025-02-18T08:14:00+00:00,65143.280000
2025-02-18T14:14:00+00:00,64318.400000
2025-02-18T14:34:00+00:00,64311.000000
2025-02-18T14:49:00+00:00,64907.300000
2025-02-18T14:49:00+00:00,64904.340000
2025-02-18T19:09:00+00:00,66300.640000
2025-02-18T19:29:00+00:00,66545.680000
2025-02-18T19:29:00+00:00,66540.500000
2025-02-18T20:59:00+00:00,67033.280000
2025-02-18T21:09:00+00:00,67650.320000
2025-02-19T14:49:00+00:00,67645.140000
2025-02-19T16:14:00+00:00,66852.460000
2025-02-19T18:24:00+00:00,66849.500000
2025-02-19T21:09:00+00:00,66688.540000
2025-02-20T14:39:00+00:00,66678.180000
2025-02-20T14:49:00+00:00,67287.250000
2025-02-20T14:49:00+00:00,67284.290000
2025-02-20T14:54:00+00:00,68712.360000
2025-02-20T14:59:00+00:00,69226.880000
2025-02-20T20:54:00+00:00,69224.400000
2025-02-21T14:59:00+00:00,69221.440000
2025-02-21T15:44:00+00:00,69792.960000
2025-02-21T17:59:00+00:00,70746.480000
2025-02-24T14:54:00+00:00,70745.000000
2025-02-24T21:09:00+00:00,71475.520000
2025-02-25T08:09:00+00:00,71467.380000
2025-02-25T08:54:00+00:00,70623.240000
2025-02-25T10:09:00+00:00,70613.620000
2025-02-25T10:54:00+00:00,69739.500000
2025-02-25T14:49:00+00:00,69737.280000
2025-02-25T15:19:00+00:00,70067.290000
2025-02-25T16:34:00+00:00,71168.310000
2025-02-26T13:54:00+00:00,71158.690000
2025-02-26T14:19:00+00:00,71752.750000
2025-02-26T14:49:00+00:00,71744.070000
2025-02-26T14:49:00+00:00,71740.370000
2025-02-26T15:34:00+00:00,72081.670000
2025-02-26T15:34:00+00:00,72076.490000
2025-02-26T16:04:00+00:00,71178.810000
2025-02-27T14:49:00+00:00,71176.590000
2025-02-27T14:54:00+00:00,71175.850000
2025-02-27T14:59:00+00:00,71538.860000
2025-02-27T20:04:00+00:00,73234.880000
2025-02-27T21:09:00+00:00,74163.140000
2025-02-28T15:14:00+00:00,74162.400000
2025-02-28T18:34:00+00:00,74155.740000
2025-02-28T18:59:00+00:00,73240.080000
2025-02-28T21:09:00+00:00,73666.340000
2025-03-03T14:44:00+00:00,73664.120000
2025-03-03T14:49:00+00:00,73662.640000
2025-03-03T15:04:00+00:00,74013.650000
2025-03-03T15:34:00+00:00,74011.170000
2025-03-03T18:34:00+00:00,74548.930000
2025-03-03T19:59:00+00:00,74548.190000
2025-03-03T20:09:00+00:00,75444.950000
2025-03-03T21:09:00+00:00,75655.710000
2025-03-04T14:59:00+00:00,75654.230000
2025-03-04T17:29:00+00:00,74859.750000
2025-03-05T15:09:00+00:00,74857.530000
2025-03-05T15:24:00+00:00,74000.310000
2025-03-05T18:14:00+00:00,73996.610000
2025-03-05T19:04:00+00:00,73085.410000
2025-03-06T15:04:00+00:00,73083.190000
2025-03-06T17:04:00+00:00,72294.970000
2025-03-06T18:34:00+00:00,72294.230000
2025-03-06T20:04:00+00:00,72292.010000
2025-03-06T21:09:00+00:00,72300.770000
2025-03-06T21:09:00+00:00,72096.050000
2025-03-07T07:54:00+00:00,72089.390000
2025-03-07T12:44:00+00:00,71223.230000
2025-03-07T14:49:00+00:00,71221.750000
2025-03-07T15:34:00+00:00,70535.270000
2025-03-10T06:09:00+00:00,70523.430000
2025-03-10T08:04:00+00:00,69655.590000
2025-03-10T13:54:00+00:00,69653.370000
2025-03-10T14:54:00+00:00,70068.130000
2025-03-10T18:09:00+00:00,71451.650000
2025-03-11T08:04:00+00:00,71446.470000
2025-03-11T09:04:00+00:00,71982.000000
2025-03-11T11:09:00+00:00,71977.040000
2025-03-11T13:44:00+00:00,71974.820000
2025-03-11T13:49:00+00:00,71973.340000
2025-03-11T14:04:00+00:00,71285.620000
2025-03-11T14:04:00+00:00,70476.140000
2025-03-12T13:54:00+00:00,70473.920000
2025-03-12T15:04:00+00:00,70878.930000
2025-03-12T16:09:00+00:00,70876.450000
2025-03-13T07:44:00+00:00,70867.570000
2025-03-13T07:49:00+00:00,69976.690000
2025-03-13T08:09:00+00:00,69970.030000
2025-03-13T08:19:00+00:00,69166.870000
2025-03-13T13:54:00+00:00,69165.390000
2025-03-13T20:09:00+00:00,69579.910000
2025-03-14T07:49:00+00:00,69565.850000
2025-03-14T08:04:00+00:00,68687.290000
2025-03-14T13:39:00+00:00,68682.850000
2025-03-14T13:54:00+00:00,68681.370000
2025-03-14T14:04:00+00:00,67833.930000
2025-03-14T14:04:00+00:00,67201.450000
2025-03-14T18:39:00+00:00,67195.530000
2025-03-14T20:09:00+00:00,66821.610000
2025-03-17T06:24:00+00:00,66811.250000
2025-03-17T07:59:00+00:00,65981.890000
2025-03-17T13:39:00+00:00,65976.710000
2025-03-17T13:49:00+00:00,65166.530000
2025-03-17T13:54:00+00:00,65163.570000
2025-03-17T14:59:00+00:00,65706.590000
2025-03-17T15:04:00+00:00,65705.110000
2025-03-17T17:44:00+00:00,65702.630000
2025-03-17T18:04:00+00:00,64980.150000
2025-03-18T13:54:00+00:00,64978.670000
2025-03-18T20:09:00+00:00,64880.190000
2025-03-19T13:54:00+00:00,64877.970000
2025-03-19T18:59:00+00:00,65242.480000
2025-03-19T19:14:00+00:00,66458.500000
2025-03-20T13:39:00+00:00,66454.800000
2025-03-20T13:49:00+00:00,66453.320000
2025-03-20T14:04:00+00:00,66897.340000
2025-03-20T16:29:00+00:00,66893.620000
2025-03-20T19:34:00+00:00,66669.140000
2025-03-21T13:54:00+00:00,66666.920000
2025-03-21T16:59:00+00:00,67000.680000
2025-03-21T20:09:00+00:00,67893.200000
2025-03-24T13:49:00+00:00,67890.240000
2025-03-24T20:09:00+00:00,68315.280000
2025-03-25T14:24:00+00:00,68310.840000
2025-03-25T20:09:00+00:00,69182.400000
2025-03-26T13:24:00+00:00,69172.040000
2025-03-26T13:49:00+00:00,69781.110000
2025-03-26T13:49:00+00:00,69772.430000
2025-03-26T13:49:00+00:00,69768.730000
2025-03-26T14:19:00+00:00,70218.750000
2025-03-26T15:54:00+00:00,71345.280000
2025-03-27T06:14:00+00:00,71323.820000
2025-03-27T06:49:00+00:00,70417.860000
2025-03-27T08:24:00+00:00,70409.720000
2025-03-27T10:04:00+00:00,71006.020000
2025-03-27T11:04:00+00:00,70998.580000
2025-03-27T13:59:00+00:00,70996.360000
2025-03-27T19:04:00+00:00,70899.640000
2025-03-27T19:04:00+00:00,70892.980000
2025-03-27T19:19:00+00:00,70080.820000
2025-03-28T06:39:00+00:00,70063.800000
2025-03-28T06:54:00+00:00,70666.160000
2025-03-28T06:59:00+00:00,72211.280000
2025-03-28T13:14:00+00:00,72200.180000
2025-03-28T13:29:00+00:00,71304.080000
2025-03-28T14:04:00+00:00,71301.120000
2025-03-28T14:19:00+00:00,71911.640000
2025-03-28T14:59:00+00:00,72930.160000
2025-03-31T07:39:00+00:00,72921.280000
2025-03-31T09:04:00+00:00,73578.340000
2025-03-31T13:34:00+00:00,75117.400000
2025-03-31T15:24:00+00:00,75115.920000
2025-03-31T17:24:00+00:00,75207.440000
2025-03-31T17:24:00+00:00,75202.260000
2025-03-31T18:09:00+00:00,74367.580000
2025-04-01T13:49:00+00:00,74364.620000
2025-04-01T14:09:00+00:00,73517.660000
2025-04-02T06:24:00+00:00,73507.300000
2025-04-02T07:09:00+00:00,72621.940000
2025-04-02T13:39:00+00:00,72612.320000
2025-04-02T13:49:00+00:00,73206.380000
2025-04-02T13:49:00+00:00,73205.640000
2025-04-02T14:04:00+00:00,74829.710000
2025-04-02T20:09:00+00:00,75176.970000
2025-04-03T14:09:00+00:00,75175.490000
2025-04-03T20:09:00+00:00,75991.010000
2025-04-04T08:39:00+00:00,75985.090000
2025-04-04T09:34:00+00:00,76618.130000
2025-04-04T10:14:00+00:00,78099.170000
2025-04-04T14:14:00+00:00,78098.430000
2025-04-04T15:09:00+00:00,78160.190000
2025-04-04T15:09:00+00:00,78159.450000
2025-04-04T16:39:00+00:00,77638.710000
2025-04-04T18:14:00+00:00,77637.230000
2025-04-04T18:54:00+00:00,78029.750000
2025-04-04T18:54:00+00:00,78025.310000
2025-04-04T19:04:00+00:00,77069.870000
2025-04-07T13:54:00+00:00,77069.130000
2025-04-07T13:59:00+00:00,77068.390000
2025-04-07T14:19:00+00:00,79300.150000
2025-04-07T20:09:00+00:00,80150.910000
2025-04-08T08:19:00+00:00,80147.210000
2025-04-08T11:39:00+00:00,79233.510000
2025-04-08T13:54:00+00:00,79231.290000
2025-04-08T15:14:00+00:00,78299.070000
2025-04-09T17:04:00+00:00,78298.330000
2025-04-09T18:04:00+00:00,80753.840000
2025-04-10T07:54:00+00:00,80750.140000
2025-04-10T08:24:00+00:00,79798.940000
2025-04-10T13:59:00+00:00,79797.460000
2025-04-10T15:54:00+00:00,80425.970000
2025-04-10T16:19:00+00:00,81473.980000
2025-04-11T13:49:00+00:00,81472.500000
2025-04-11T14:24:00+00:00,80584.020000
2025-04-11T14:39:00+00:00,80581.800000
2025-04-11T16:34:00+00:00,80998.060000
2025-04-11T20:09:00+00:00,82362.580000
2025-04-14T13:44:00+00:00,82358.880000
2025-04-14T14:04:00+00:00,81360.180000
2025-04-14T15:29:00+00:00,81359.440000
2025-04-14T20:09:00+00:00,81409.700000
2025-04-15T13:49:00+00:00,81406.740000
2025-04-15T14:19:00+00:00,80441.780000
2025-04-16T08:59:00+00:00,80439.560000
2025-04-16T13:54:00+00:00,80436.600000
2025-04-16T14:14:00+00:00,81392.880000
2025-04-16T14:14:00+00:00,81393.920000
2025-04-16T14:19:00+00:00,81389.480000
2025-04-16T15:24:00+00:00,82091.510000
2025-04-16T16:09:00+00:00,82087.790000
2025-04-17T14:24:00+00:00,82085.570000
2025-04-17T14:49:00+00:00,82171.850000
2025-04-17T14:49:00+00:00,82165.190000
2025-04-17T15:19:00+00:00,82843.230000
2025-04-17T15:29:00+00:00,82837.030000
2025-04-21T06:59:00+00:00,82819.270000
2025-04-21T07:14:00+00:00,81769.510000
2025-04-21T13:54:00+00:00,81766.550000
2025-04-21T15:14:00+00:00,82425.070000
2025-04-21T17:04:00+00:00,83523.590000
2025-04-22T13:39:00+00:00,83507.310000
2025-04-22T13:44:00+00:00,82457.030000
2025-04-22T13:49:00+00:00,82454.810000
2025-04-22T16:14:00+00:00,82877.070000
2025-04-22T17:34:00+00:00,82874.590000
2025-04-23T06:44:00+00:00,82859.790000
2025-04-23T07:34:00+00:00,81824.990000
2025-04-23T14:34:00+00:00,81823.510000
2025-04-23T15:24:00+00:00,80946.030000
2025-04-24T13:49:00+00:00,80943.810000
2025-04-24T15:14:00+00:00,81344.320000
2025-04-24T18:39:00+00:00,82680.340000
2025-04-25T13:54:00+00:00,82677.380000
2025-04-25T14:09:00+00:00,81806.420000
2025-04-28T13:59:00+00:00,81804.200000
2025-04-28T14:04:00+00:00,81800.500000
2025-04-28T15:24:00+00:00,82405.020000
2025-04-28T17:19:00+00:00,82806.280000
2025-04-28T19:09:00+00:00,82803.800000
2025-04-28T19:24:00+00:00,82800.080000
2025-04-29T13:09:00+00:00,82796.380000
2025-04-29T13:49:00+00:00,81760.180000
2025-04-29T13:49:00+00:00,81757.220000
2025-04-29T18:29:00+00:00,82430.740000
2025-04-29T20:09:00+00:00,82902.260000
2025-04-30T08:29:00+00:00,82888.200000
2025-04-30T09:29:00+00:00,81848.140000
2025-04-30T13:44:00+00:00,81847.400000
2025-04-30T13:59:00+00:00,81845.920000
2025-04-30T14:29:00+00:00,81110.440000
2025-04-30T17:34:00+00:00,80488.200000
2025-04-30T17:34:00+00:00,80485.240000
2025-04-30T18:54:00+00:00,80483.020000
2025-04-30T19:54:00+00:00,81086.040000
2025-04-30T20:04:00+00:00,81544.300000
2025-04-30T20:09:00+00:00,82631.820000
2025-04-30T20:09:00+00:00,83684.340000
2025-05-01T07:14:00+00:00,83670.280000
2025-05-01T08:49:00+00:00,84392.620000
2025-05-01T13:04:00+00:00,84380.220000
2025-05-01T13:54:00+00:00,84375.780000
2025-05-01T13:59:00+00:00,83387.340000
2025-05-01T13:59:00+00:00,83384.380000
2025-05-01T14:29:00+00:00,82469.420000
2025-05-02T14:09:00+00:00,82465.720000
2025-05-02T18:54:00+00:00,83437.020000
2025-05-02T18:54:00+00:00,83430.360000
2025-05-02T20:09:00+00:00,83617.200000
2025-05-05T06:54:00+00:00,83595.000000
2025-05-05T07:19:00+00:00,84326.400000
2025-05-05T07:34:00+00:00,84307.800000
2025-05-05T14:04:00+00:00,84302.620000
2025-05-05T18:09:00+00:00,84946.150000
2025-05-05T19:54:00+00:00,84941.190000
2025-05-06T12:54:00+00:00,84925.650000
2025-05-06T13:14:00+00:00,83870.610000
2025-05-06T13:39:00+00:00,83863.210000
2025-05-06T13:49:00+00:00,82825.810000
2025-05-06T13:54:00+00:00,82821.370000
2025-05-06T14:14:00+00:00,81814.930000
2025-05-07T13:59:00+00:00,81809.750000
2025-05-07T14:54:00+00:00,80800.070000
2025-05-08T13:49:00+00:00,80796.370000
2025-05-08T15:29:00+00:00,79820.170000
2025-05-09T08:04:00+00:00,79810.550000
2025-05-09T10:34:00+00:00,78806.430000
2025-05-09T14:19:00+00:00,78801.990000
2025-05-09T14:39:00+00:00,79465.770000
2025-05-09T20:09:00+00:00,79874.550000
2025-05-12T14:29:00+00:00,79873.070000
2025-05-12T17:09:00+00:00,79148.590000
2025-05-13T08:49:00+00:00,79128.610000
2025-05-13T09:29:00+00:00,78109.630000
2025-05-13T13:54:00+00:00,78107.410000
2025-05-13T16:39:00+00:00,78521.420000
2025-05-13T20:09:00+00:00,79066.940000
2025-05-14T07:29:00+00:00,79056.580000
2025-05-14T09:09:00+00:00,79754.900000
2025-05-14T10:34:00+00:00,79746.220000
2025-05-14T13:34:00+00:00,79740.300000
2025-05-14T13:49:00+00:00,80469.340000
2025-05-14T13:49:00+00:00,80464.160000
2025-05-14T15:09:00+00:00,80458.240000
2025-05-14T15:29:00+00:00,79529.060000
2025-05-14T16:09:00+00:00,79524.100000
2025-05-14T16:09:00+00:00,78526.180000
2025-05-14T18:39:00+00:00,78523.220000
2025-05-14T20:09:00+00:00,78834.260000
2025-05-15T12:39:00+00:00,78826.860000
2025-05-15T13:49:00+00:00,77839.460000
2025-05-15T13:49:00+00:00,77835.020000
2025-05-15T14:04:00+00:00,76972.580000
2025-05-16T06:34:00+00:00,76963.700000
2025-05-16T07:34:00+00:00,76006.820000
2025-05-16T14:39:00+00:00,76003.120000
2025-05-16T17:34:00+00:00,75061.920000
2025-05-19T13:39:00+00:00,75058.220000
2025-05-19T13:49:00+00:00,75056.740000
2025-05-19T14:09:00+00:00,75583.260000
2025-05-19T20:09:00+00:00,76665.540000
2025-05-19T20:09:00+00:00,77161.060000
2025-05-20T08:24:00+00:00,77153.660000
2025-05-20T13:39:00+00:00,76201.260000
2025-05-20T13:49:00+00:00,76196.080000
2025-05-20T14:39:00+00:00,75277.400000
2025-05-21T13:49:00+00:00,75274.440000
2025-05-21T16:09:00+00:00,75904.460000
2025-05-21T17:19:00+00:00,75901.980000
2025-05-22T08:39:00+00:00,75889.400000
2025-05-22T11:09:00+00:00,74941.820000
2025-05-22T13:54:00+00:00,74939.600000
2025-05-22T20:09:00+00:00,74658.380000
2025-05-23T06:34:00+00:00,74646.540000
2025-05-23T07:14:00+00:00,75318.620000
2025-05-23T08:09:00+00:00,76894.700000
2025-05-23T13:34:00+00:00,76892.480000
2025-05-23T14:14:00+00:00,76890.260000
2025-05-23T20:09:00+00:00,77077.040000
2025-05-23T20:09:00+00:00,76893.320000
2025-05-26T13:39:00+00:00,76886.660000
2025-05-26T14:34:00+00:00,76002.500000
2025-05-26T14:34:00+00:00,75997.320000
2025-05-27T03:44:00+00:00,76535.100000
2025-05-27T06:39:00+00:00,76530.140000
2025-05-27T13:34:00+00:00,76510.900000
2025-05-27T13:39:00+00:00,77203.280000
2025-05-27T13:39:00+00:00,77187.160000
2025-05-27T13:59:00+00:00,77184.200000
2025-05-27T14:09:00+00:00,77181.240000
2025-05-27T16:39:00+00:00,77785.760000
2025-05-27T20:09:00+00:00,78488.280000
2025-05-27T20:09:00+00:00,79447.320000
2025-05-28T12:54:00+00:00,79433.260000
2025-05-28T13:39:00+00:00,78421.700000
2025-05-28T13:49:00+00:00,78418.000000
2025-05-28T13:54:00+00:00,78409.860000
2025-05-28T18:54:00+00:00,79073.660000
2025-05-28T19:09:00+00:00,79066.220000
2025-05-28T19:54:00+00:00,79574.740000
2025-05-28T20:09:00+00:00,80117.020000
2025-05-29T08:34:00+00:00,80111.100000
2025-05-29T11:29:00+00:00,80795.140000
2025-05-29T13:39:00+00:00,82395.180000
2025-05-29T13:49:00+00:00,82393.700000
2025-05-29T20:09:00+00:00,82804.220000
2025-05-30T13:49:00+00:00,82800.520000
2025-05-30T14:09:00+00:00,82226.820000
2025-05-30T14:09:00+00:00,82220.900000
2025-05-30T16:19:00+00:00,81194.980000
2025-06-02T07:29:00+00:00,81183.880000
2025-06-02T07:34:00+00:00,80160.280000
2025-06-02T14:04:00+00:00,80158.800000
2025-06-02T17:04:00+00:00,79448.320000
2025-06-03T06:29:00+00:00,79432.040000
2025-06-03T07:24:00+00:00,78414.760000
2025-06-03T07:39:00+00:00,78405.880000
2025-06-03T08:14:00+00:00,77455.000000
2025-06-03T13:04:00+00:00,77450.560000
2025-06-03T14:04:00+00:00,77447.600000
2025-06-03T14:59:00+00:00,78120.380000
2025-06-03T20:09:00+00:00,78880.160000
2025-06-03T20:09:00+00:00,79329.200000
2025-06-04T06:24:00+00:00,79313.660000
2025-06-04T07:59:00+00:00,78311.120000
2025-06-04T14:04:00+00:00,78308.160000
2025-06-04T18:04:00+00:00,77507.200000
2025-06-05T13:59:00+00:00,77504.240000
2025-06-05T14:44:00+00:00,76565.280000
2025-06-05T18:29:00+00:00,76561.580000
2025-06-05T19:14:00+00:00,75730.380000
2025-06-06T13:49:00+00:00,75726.680000
2025-06-06T14:29:00+00:00,74827.980000
2025-06-09T14:04:00+00:00,74816.880000
2025-06-09T14:09:00+00:00,74183.280000
2025-06-09T14:09:00+00:00,74178.840000
2025-06-09T20:09:00+00:00,73961.400000
2025-06-10T15:34:00+00:00,73958.440000
2025-06-10T16:04:00+00:00,73085.480000
2025-06-11T06:39:00+00:00,73072.900000
2025-06-11T07:49:00+00:00,72167.820000
2025-06-11T13:49:00+00:00,72163.380000
2025-06-11T14:24:00+00:00,71294.940000
2025-06-12T12:44:00+00:00,71291.980000
2025-06-12T13:49:00+00:00,71287.540000
2025-06-12T20:09:00+00:00,72024.580000
2025-06-12T20:09:00+00:00,72563.140000
2025-06-13T14:29:00+00:00,72561.660000
2025-06-13T14:44:00+00:00,72237.180000
2025-06-13T14:44:00+00:00,72232.740000
2025-06-13T15:24:00+00:00,72811.020000
2025-06-13T18:19:00+00:00,72807.300000
2025-06-16T13:49:00+00:00,72803.600000
2025-06-16T20:09:00+00:00,73429.900000
2025-06-17T13:49:00+00:00,73423.240000
2025-06-17T14:04:00+00:00,72566.080000
2025-06-17T14:14:00+00:00,72562.380000
2025-06-17T16:59:00+00:00,71661.180000
2025-06-18T13:39:00+00:00,71656.000000
2025-06-18T13:49:00+00:00,71083.820000
2025-06-18T13:49:00+00:00,71080.120000
2025-06-18T13:54:00+00:00,71075.680000
2025-06-18T18:59:00+00:00,70306.980000
2025-06-18T18:59:00+00:00,69471.540000
2025-06-19T13:49:00+00:00,69468.580000
2025-06-19T22:04:00+00:00,68627.620000
2025-06-20T06:39:00+00:00,68615.040000
2025-06-20T08:09:00+00:00,67777.960000
2025-06-20T13:59:00+00:00,67775.740000
2025-06-20T14:49:00+00:00,68112.500000
2025-06-20T17:34:00+00:00,68109.540000
2025-06-20T18:19:00+00:00,67282.580000
2025-06-20T20:09:00+00:00,67895.100000
2025-06-23T13:49:00+00:00,67893.620000
2025-06-23T16:39:00+00:00,67309.140000
2025-06-24T08:39:00+00:00,67305.440000
2025-06-24T14:44:00+00:00,66999.240000
2025-06-24T14:44:00+00:00,66995.540000
2025-06-24T20:09:00+00:00,67629.340000
2025-06-25T14:14:00+00:00,67625.640000
2025-06-25T17:39:00+00:00,67616.020000
2025-06-25T19:14:00+00:00,66787.400000
2025-06-25T20:09:00+00:00,66891.200000
2025-06-26T14:24:00+00:00,66887.500000
2025-06-26T18:24:00+00:00,67343.520000
2025-06-26T20:09:00+00:00,67849.800000
2025-06-27T07:39:00+00:00,67835.740000
2025-06-27T11:04:00+00:00,66966.680000
2025-06-27T13:54:00+00:00,66961.500000
2025-06-27T18:19:00+00:00,66133.820000
2025-06-30T13:49:00+00:00,66130.120000
2025-06-30T19:04:00+00:00,65513.920000
2025-06-30T19:04:00+00:00,65508.000000
2025-06-30T19:54:00+00:00,66084.040000
2025-06-30T20:09:00+00:00,66181.080000
2025-07-01T07:19:00+00:00,66167.760000
2025-07-01T12:14:00+00:00,66761.850000
2025-07-01T12:24:00+00:00,68156.940000
2025-07-01T12:39:00+00:00,68149.540000
2025-07-01T13:54:00+00:00,68727.090000
2025-07-01T13:54:00+00:00,68720.430000
2025-07-01T14:24:00+00:00,67912.770000
2025-07-01T14:29:00+00:00,67906.570000
2025-07-01T14:29:00+00:00,67896.950000
2025-07-01T14:39:00+00:00,68464.010000
2025-07-01T15:09:00+00:00,70014.580000
2025-07-02T13:49:00+00:00,70009.400000
2025-07-02T14:34:00+00:00,70535.930000
2025-07-02T20:09:00+00:00,71532.970000
2025-07-03T08:04:00+00:00,71513.730000
2025-07-03T08:59:00+00:00,72157.360000
2025-07-03T12:34:00+00:00,72141.240000
2025-07-03T13:54:00+00:00,72136.060000
2025-07-03T15:44:00+00:00,72707.590000
2025-07-04T02:19:00+00:00,72702.630000
2025-07-04T08:29:00+00:00,72689.310000
2025-07-04T08:54:00+00:00,71784.990000
2025-07-04T13:54:00+00:00,71777.590000
2025-07-06T22:04:00+00:00,72407.640000
2025-07-07T01:09:00+00:00,72401.440000
2025-07-07T14:59:00+00:00,72397.740000
2025-07-07T20:09:00+00:00,72776.540000
2025-07-08T07:09:00+00:00,72754.340000
2025-07-08T07:39:00+00:00,71847.140000
2025-07-08T08:09:00+00:00,71830.120000
2025-07-08T09:54:00+00:00,72457.230000
2025-07-08T10:49:00+00:00,72442.350000
2025-07-08T13:59:00+00:00,72437.170000
2025-07-08T16:24:00+00:00,71560.490000
2025-07-09T07:19:00+00:00,71547.910000
2025-07-09T09:14:00+00:00,70642.830000
2025-07-09T13:49:00+00:00,70639.870000
2025-07-09T14:39:00+00:00,69774.910000
2025-07-10T13:49:00+00:00,69771.950000
2025-07-10T13:54:00+00:00,69767.510000
2025-07-10T18:24:00+00:00,68899.070000
2025-07-10T20:09:00+00:00,68758.110000
2025-07-11T06:39:00+00:00,68742.570000
2025-07-11T07:14:00+00:00,69335.170000
2025-07-11T08:14:00+00:00,70867.030000
2025-07-11T13:44:00+00:00,70861.850000
2025-07-11T13:49:00+00:00,70016.670000
2025-07-11T13:54:00+00:00,70010.750000
2025-07-11T13:59:00+00:00,70007.790000
2025-07-11T14:39:00+00:00,70595.830000
2025-07-11T15:14:00+00:00,70590.870000
2025-07-11T20:09:00+00:00,70435.910000
2025-07-14T07:39:00+00:00,70421.110000
2025-07-14T07:54:00+00:00,71066.210000
2025-07-14T12:39:00+00:00,72283.810000
2025-07-14T12:39:00+00:00,72261.610000
2025-07-14T13:24:00+00:00,71324.410000
2025-07-14T13:49:00+00:00,71320.710000
2025-07-14T14:34:00+00:00,71313.310000
2025-07-14T14:54:00+00:00,70425.910000
2025-07-14T14:59:00+00:00,69694.710000
2025-07-14T14:59:00+00:00,69692.490000
2025-07-14T20:09:00+00:00,69904.770000
2025-07-15T13:39:00+00:00,69897.370000
2025-07-15T14:19:00+00:00,69029.970000
2025-07-15T14:59:00+00:00,69027.750000
2025-07-15T20:09:00+00:00,69423.030000
2025-07-16T13:39:00+00:00,69417.850000
2025-07-16T13:49:00+00:00,69414.890000
2025-07-16T14:09:00+00:00,69943.670000
2025-07-16T15:14:00+00:00,69938.710000
2025-07-16T15:39:00+00:00,70489.230000
2025-07-16T15:59:00+00:00,70486.750000
2025-07-17T13:49:00+00:00,70477.870000
2025-07-17T14:49:00+00:00,71098.930000
2025-07-17T16:04:00+00:00,72553.990000
2025-07-18T14:04:00+00:00,72548.810000
2025-07-18T20:09:00+00:00,72876.130000
2025-07-21T13:49:00+00:00,72873.910000
2025-07-21T20:09:00+00:00,72703.690000
2025-07-22T13:39:00+00:00,72696.290000
2025-07-22T13:49:00+00:00,73322.590000
2025-07-22T13:49:00+00:00,73320.370000
2025-07-22T13:54:00+00:00,74786.670000
2025-07-22T20:09:00+00:00,74836.950000
2025-07-23T13:59:00+00:00,74833.990000
2025-07-23T15:54:00+00:00,74047.030000
2025-07-24T13:04:00+00:00,74035.930000
2025-07-24T13:34:00+00:00,74676.500000
2025-07-24T13:34:00+00:00,74666.580000
2025-07-24T14:09:00+00:00,74662.140000
2025-07-24T15:54:00+00:00,73817.700000
2025-07-24T17:34:00+00:00,73808.080000
2025-07-24T20:09:00+00:00,74162.460000
2025-07-25T08:34:00+00:00,74146.180000
2025-07-25T13:09:00+00:00,73194.900000
2025-07-25T13:49:00+00:00,73188.980000
2025-07-25T16:29:00+00:00,73822.020000
2025-07-25T20:09:00+00:00,74125.060000
2025-07-28T07:59:00+00:00,74102.860000
2025-07-28T08:14:00+00:00,73255.660000
2025-07-28T13:54:00+00:00,73248.260000
2025-07-28T15:19:00+00:00,72400.860000
2025-07-29T06:44:00+00:00,72378.660000
2025-07-29T07:44:00+00:00,73008.810000
2025-07-29T09:59:00+00:00,74493.960000
2025-07-29T13:49:00+00:00,74488.780000
2025-07-29T13:54:00+00:00,74482.860000
2025-07-29T15:19:00+00:00,75045.390000
2025-07-29T15:19:00+00:00,75684.430000
2025-07-29T19:39:00+00:00,76936.470000
2025-07-29T20:09:00+00:00,78013.510000
2025-07-30T08:29:00+00:00,78001.670000
2025-07-30T11:14:00+00:00,77037.830000
2025-07-30T14:24:00+00:00,77032.650000
2025-07-30T15:19:00+00:00,76638.970000
2025-07-30T15:19:00+00:00,76631.570000
2025-07-30T16:19:00+00:00,75729.170000
2025-07-30T17:54:00+00:00,75709.190000
2025-07-30T18:04:00+00:00,76372.320000
2025-07-30T18:04:00+00:00,76354.960000
2025-07-30T18:59:00+00:00,76351.260000
2025-07-30T20:04:00+00:00,75462.560000
2025-07-31T14:49:00+00:00,75460.340000
2025-07-31T17:59:00+00:00,75906.600000
2025-07-31T20:09:00+00:00,76970.120000
2025-08-01T12:39:00+00:00,76964.940000
2025-08-01T13:04:00+00:00,76961.240000
2025-08-01T13:34:00+00:00,77559.770000
2025-08-01T13:44:00+00:00,78110.290000
2025-08-01T13:49:00+00:00,79976.330000
2025-08-01T13:49:00+00:00,79974.850000
2025-08-01T20:09:00+00:00,81202.630000
2025-08-01T20:09:00+00:00,81170.150000
2025-08-04T13:49:00+00:00,81167.930000
2025-08-04T19:34:00+00:00,81422.210000
2025-08-05T13:49:00+00:00,81417.770000
2025-08-05T14:19:00+00:00,80477.330000
2025-08-06T07:29:00+00:00,80458.090000
2025-08-06T08:09:00+00:00,79450.850000
2025-08-06T13:29:00+00:00,79428.650000
2025-08-06T13:34:00+00:00,78416.450000
2025-08-06T13:54:00+00:00,78412.010000
2025-08-06T15:54:00+00:00,79143.290000
2025-08-06T18:39:00+00:00,80363.570000
2025-08-07T06:44:00+00:00,80341.370000
2025-08-07T07:14:00+00:00,79584.170000
2025-08-07T07:14:00+00:00,79571.590000
2025-08-07T07:34:00+00:00,78989.510000
2025-08-07T07:34:00+00:00,78976.190000
2025-08-07T07:59:00+00:00,77972.870000
2025-08-07T13:59:00+00:00,77968.430000
2025-08-07T14:14:00+00:00,77090.990000
2025-08-08T13:49:00+00:00,77088.030000
2025-08-08T20:09:00+00:00,77959.070000
2025-08-11T07:19:00+00:00,77936.870000
2025-08-11T07:39:00+00:00,78612.020000
2025-08-11T08:04:00+00:00,80202.170000
2025-08-11T13:59:00+00:00,80196.990000
2025-08-11T18:04:00+00:00,79292.310000
2025-08-12T13:39:00+00:00,79290.090000
2025-08-12T13:49:00+00:00,78720.870000
2025-08-12T13:49:00+00:00,78717.910000
2025-08-12T15:09:00+00:00,77846.950000
2025-08-13T13:59:00+00:00,77840.290000
2025-08-13T14:49:00+00:00,78452.330000
2025-08-13T16:54:00+00:00,79729.880000
2025-08-13T17:39:00+00:00,79720.260000
2025-08-13T18:14:00+00:00,78709.640000
2025-08-14T07:54:00+00:00,78687.440000
2025-08-14T08:34:00+00:00,77840.240000
2025-08-14T12:39:00+00:00,77829.140000
2025-08-14T12:44:00+00:00,76865.540000
2025-08-14T13:49:00+00:00,76861.840000
2025-08-14T20:09:00+00:00,76398.140000
2025-08-15T08:09:00+00:00,76380.380000
2025-08-15T08:34:00+00:00,75426.620000
2025-08-15T13:39:00+00:00,75419.960000
2025-08-15T13:49:00+00:00,75987.000000
2025-08-15T13:49:00+00:00,75980.800000
2025-08-15T13:49:00+00:00,75978.580000
2025-08-15T20:09:00+00:00,75913.360000
2025-08-18T08:39:00+00:00,75905.220000
2025-08-18T09:29:00+00:00,74962.080000
2025-08-18T13:49:00+00:00,74953.940000
2025-08-18T13:54:00+00:00,74948.760000
2025-08-18T14:09:00+00:00,75430.120000
2025-08-18T14:09:00+00:00,75260.440000
2025-08-18T14:14:00+00:00,75252.300000
2025-08-18T14:49:00+00:00,74353.160000
2025-08-18T17:44:00+00:00,74344.280000
2025-08-18T18:59:00+00:00,73417.400000
2025-08-19T13:49:00+00:00,73415.180000
2025-08-19T17:04:00+00:00,73772.940000
2025-08-19T18:09:00+00:00,73769.980000
2025-08-19T20:09:00+00:00,74444.500000
2025-08-19T20:09:00+00:00,74613.540000
2025-08-20T06:44:00+00:00,74607.620000
2025-08-20T07:39:00+00:00,74845.700000
2025-08-20T07:39:00+00:00,74829.420000
2025-08-20T08:39:00+00:00,74131.140000
2025-08-20T08:39:00+00:00,74125.220000
2025-08-20T13:39:00+00:00,73207.300000
2025-08-20T13:49:00+00:00,73205.820000
2025-08-20T20:09:00+00:00,72982.340000
2025-08-21T13:59:00+00:00,72979.380000
2025-08-21T14:14:00+00:00,72154.420000
2025-08-22T06:59:00+00:00,72149.240000
2025-08-22T08:09:00+00:00,72660.020000
2025-08-22T13:49:00+00:00,72657.800000
2025-08-22T13:54:00+00:00,74250.840000
2025-08-22T14:04:00+00:00,74633.350000
2025-08-22T14:04:00+00:00,74630.870000
2025-08-25T13:59:00+00:00,74626.430000
2025-08-25T14:09:00+00:00,74622.730000
2025-08-25T20:09:00+00:00,74507.290000
2025-08-25T20:09:00+00:00,74118.590000
2025-08-26T12:59:00+00:00,74108.230000
2025-08-26T13:34:00+00:00,73208.870000
2025-08-26T13:49:00+00:00,73204.430000
2025-08-26T14:14:00+00:00,72308.990000
2025-08-27T13:49:00+00:00,72304.550000
2025-08-27T14:14:00+00:00,71508.110000
2025-08-28T13:54:00+00:00,71505.890000
2025-08-28T15:19:00+00:00,70743.170000
2025-08-29T13:49:00+00:00,70740.950000
2025-08-29T20:09:00+00:00,71227.730000
2025-09-01T13:49:00+00:00,71220.330000
2025-09-01T23:24:00+00:00,70327.930000
2025-09-02T07:19:00+00:00,70322.750000
2025-09-02T07:49:00+00:00,70815.530000
2025-09-02T12:04:00+00:00,72352.570000
2025-09-02T13:44:00+00:00,72348.870000
2025-09-02T13:49:00+00:00,72347.390000
2025-09-02T14:04:00+00:00,72857.410000
2025-09-02T14:49:00+00:00,72853.690000
2025-09-02T20:09:00+00:00,73512.210000
2025-09-03T14:19:00+00:00,73507.770000
2025-09-03T17:49:00+00:00,72645.330000
2025-09-04T07:09:00+00:00,72631.270000
2025-09-04T10:04:00+00:00,73238.860000
2025-09-04T11:54:00+00:00,73226.460000
2025-09-04T13:39:00+00:00,73220.540000
2025-09-04T14:04:00+00:00,72330.620000
2025-09-04T14:04:00+00:00,72328.400000
2025-09-04T15:24:00+00:00,71631.680000
2025-09-05T14:09:00+00:00,71628.720000
2025-09-05T14:29:00+00:00,72263.240000
2025-09-05T15:04:00+00:00,73321.760000
2025-09-08T13:54:00+00:00,73318.800000
2025-09-08T14:34:00+00:00,73315.840000
2025-09-08T17:54:00+00:00,72564.880000
2025-09-08T20:09:00+00:00,72169.920000
2025-09-09T07:49:00+00:00,72150.680000
2025-09-09T11:19:00+00:00,72813.810000
2025-09-09T11:59:00+00:00,72797.690000
2025-09-09T13:54:00+00:00,72791.030000
2025-09-09T14:44:00+00:00,73394.070000
2025-09-09T15:54:00+00:00,73387.870000
2025-09-10T13:54:00+00:00,73384.170000
2025-09-10T18:39:00+00:00,73862.970000
2025-09-10T18:39:00+00:00,73853.350000
2025-09-10T19:09:00+00:00,72972.730000
2025-09-11T13:44:00+00:00,72964.590000
2025-09-11T13:49:00+00:00,72081.950000
2025-09-11T14:34:00+00:00,72078.250000
2025-09-11T20:09:00+00:00,72292.050000
2025-09-12T14:24:00+00:00,72287.610000
2025-09-12T20:09:00+00:00,72724.170000
2025-09-15T13:49:00+00:00,72718.250000
2025-09-15T19:59:00+00:00,73384.290000
2025-09-15T20:09:00+00:00,73919.330000
2025-09-16T07:19:00+00:00,73905.270000
2025-09-16T08:49:00+00:00,74526.360000
2025-09-16T11:19:00+00:00,74513.960000
2025-09-16T13:54:00+00:00,74508.780000
2025-09-16T20:09:00+00:00,74496.600000
2025-09-17T13:44:00+00:00,74489.940000
2025-09-17T14:09:00+00:00,74485.500000
2025-09-17T15:44:00+00:00,75061.540000
2025-09-17T18:04:00+00:00,75055.340000
2025-09-17T18:14:00+00:00,75728.120000
2025-09-17T18:19:00+00:00,75724.420000
2025-09-17T18:49:00+00:00,76847.200000
2025-09-17T19:09:00+00:00,75931.000000
2025-09-18T12:39:00+00:00,75917.680000
2025-09-18T12:59:00+00:00,76592.770000
2025-09-18T13:44:00+00:00,78176.860000
2025-09-18T13:49:00+00:00,78174.640000
2025-09-18T14:04:00+00:00,77777.920000
2025-09-18T14:04:00+00:00,77774.960000
2025-09-18T20:09:00+00:00,77678.000000
2025-09-19T13:49:00+00:00,77672.080000
2025-09-19T14:49:00+00:00,76770.160000
2025-09-19T18:54:00+00:00,76756.840000
2025-09-19T19:19:00+00:00,75789.520000
2025-09-22T13:49:00+00:00,75782.120000
2025-09-22T14:49:00+00:00,76427.170000
2025-09-22T16:19:00+00:00,77504.720000
2025-09-23T07:14:00+00:00,77490.660000
2025-09-23T08:09:00+00:00,76517.100000
2025-09-23T13:59:00+00:00,76512.660000
2025-09-23T17:39:00+00:00,77138.190000
2025-09-23T20:09:00+00:00,77719.470000
2025-09-24T07:14:00+00:00,77704.670000
2025-09-24T07:49:00+00:00,76719.870000
2025-09-24T13:39:00+00:00,76713.950000
2025-09-24T13:49:00+00:00,76710.250000
2025-09-24T15:49:00+00:00,77415.290000
2025-09-24T16:09:00+00:00,77977.810000
2025-09-24T16:14:00+00:00,79626.850000
2025-09-24T17:44:00+00:00,79623.150000
2025-09-24T20:09:00+00:00,79952.430000
2025-09-24T20:09:00+00:00,79691.230000
2025-09-25T07:34:00+00:00,79680.870000
2025-09-25T09:49:00+00:00,78669.510000
2025-09-25T13:39:00+00:00,78667.290000
2025-09-25T14:19:00+00:00,77916.570000
2025-09-25T14:19:00+00:00,77915.090000
2025-09-25T20:09:00+00:00,77972.610000
2025-09-26T09:14:00+00:00,77956.330000
2025-09-26T09:24:00+00:00,76961.050000
2025-09-26T14:24:00+00:00,76958.830000
2025-09-26T14:44:00+00:00,76619.110000
2025-09-26T14:44:00+00:00,76613.930000
2025-09-26T14:54:00+00:00,75677.750000
2025-09-29T13:49:00+00:00,75671.090000
2025-09-29T15:14:00+00:00,74728.430000
2025-09-30T07:59:00+00:00,74714.370000
2025-09-30T08:04:00+00:00,73797.810000
2025-09-30T13:54:00+00:00,73794.850000
2025-09-30T14:49:00+00:00,73013.890000
2025-10-01T13:49:00+00:00,73010.930000
2025-10-01T13:54:00+00:00,73005.750000
2025-10-01T14:19:00+00:00,72164.790000
2025-10-01T14:19:00+00:00,71319.610000
2025-10-02T13:49:00+00:00,71317.390000
2025-10-02T20:09:00+00:00,70751.170000
2025-10-03T13:59:00+00:00,70745.990000
2025-10-03T17:34:00+00:00,71281.520000
2025-10-03T17:54:00+00:00,72473.560000
2025-10-06T07:59:00+00:00,72465.420000
2025-10-06T09:44:00+00:00,73042.970000
2025-10-06T12:09:00+00:00,74666.030000
2025-10-06T17:24:00+00:00,74663.070000
2025-10-06T17:29:00+00:00,74659.370000
2025-10-06T20:09:00+00:00,74312.410000
2025-10-06T20:09:00+00:00,73921.210000
2025-10-07T08:09:00+00:00,73911.590000
2025-10-07T08:44:00+00:00,73830.470000
2025-10-07T08:44:00+00:00,73809.750000
2025-10-07T09:09:00+00:00,74481.890000
2025-10-07T11:59:00+00:00,76064.030000
2025-10-07T14:29:00+00:00,76057.370000
2025-10-07T15:09:00+00:00,76654.410000
2025-10-07T15:09:00+00:00,77900.710000
2025-10-08T13:49:00+00:00,77897.010000
2025-10-08T18:14:00+00:00,78420.530000
2025-10-08T20:09:00+00:00,79435.310000
2025-10-09T14:29:00+00:00,79431.610000
2025-10-09T20:09:00+00:00,78997.910000
2025-10-10T07:09:00+00:00,78985.330000
2025-10-10T09:49:00+00:00,78012.250000
2025-10-10T14:59:00+00:00,78010.770000
2025-10-10T15:04:00+00:00,78008.550000
2025-10-10T15:19:00+00:00,78554.560000
2025-10-10T15:24:00+00:00,78920.570000
2025-10-10T15:34:00+00:00,79831.080000
2025-10-10T18:54:00+00:00,81541.100000
2025-10-13T06:39:00+00:00,81532.960000
2025-10-13T07:19:00+00:00,82215.510000
2025-10-13T10:19:00+00:00,82208.070000
2025-10-13T13:59:00+00:00,82205.850000
2025-10-13T20:09:00+00:00,82377.630000
2025-10-14T13:09:00+00:00,82375.410000
2025-10-14T13:39:00+00:00,81500.190000
2025-10-14T14:24:00+00:00,81499.450000
2025-10-14T20:09:00+00:00,81532.210000
2025-10-15T07:29:00+00:00,81518.150000
2025-10-15T08:04:00+00:00,80525.590000
2025-10-15T08:09:00+00:00,80517.450000
2025-10-15T09:14:00+00:00,81147.500000
2025-10-15T13:44:00+00:00,81140.060000
2025-10-15T13:49:00+00:00,81136.360000
2025-10-15T13:59:00+00:00,80257.660000
2025-10-16T08:34:00+00:00,80246.560000
2025-10-16T10:09:00+00:00,79237.960000
2025-10-16T13:34:00+00:00,79232.040000
2025-10-16T14:34:00+00:00,78902.120000
2025-10-16T14:34:00+00:00,78897.680000
2025-10-16T15:29:00+00:00,78032.240000
2025-10-17T13:54:00+00:00,78030.760000
2025-10-17T20:09:00+00:00,78669.280000
2025-10-20T06:29:00+00:00,78654.480000
2025-10-20T07:39:00+00:00,79382.080000
2025-10-20T08:04:00+00:00,79369.680000
2025-10-20T13:34:00+00:00,79357.840000
2025-10-20T13:39:00+00:00,78402.000000
2025-10-20T13:54:00+00:00,78399.040000
2025-10-20T20:04:00+00:00,79006.080000
2025-10-21T13:34:00+00:00,78997.940000
2025-10-21T13:44:00+00:00,78016.300000
2025-10-21T14:04:00+00:00,78011.860000
2025-10-21T15:49:00+00:00,77056.420000
2025-10-22T07:09:00+00:00,77049.760000
2025-10-22T11:44:00+00:00,77628.800000
2025-10-22T13:39:00+00:00,77612.520000
2025-10-22T13:44:00+00:00,76639.240000
2025-10-22T13:54:00+00:00,76633.040000
2025-10-22T13:54:00+00:00,76630.080000
2025-10-22T14:19:00+00:00,76279.120000
2025-10-22T14:19:00+00:00,76273.940000
2025-10-22T14:29:00+00:00,76863.470000
2025-10-22T15:34:00+00:00,78701.510000
2025-10-23T13:49:00+00:00,78699.290000
2025-10-23T20:09:00+00:00,79484.570000
2025-10-24T07:54:00+00:00,79474.950000
2025-10-24T08:49:00+00:00,78535.830000
2025-10-24T14:09:00+00:00,78532.870000
2025-10-24T20:09:00+00:00,78373.910000
2025-10-27T14:04:00+00:00,78369.470000
2025-10-27T19:54:00+00:00,78997.250000
2025-10-27T20:09:00+00:00,79589.030000
2025-10-28T13:54:00+00:00,79583.110000
2025-10-28T16:29:00+00:00,78605.190000
2025-10-29T08:19:00+00:00,78583.730000
2025-10-29T08:39:00+00:00,79276.870000
2025-10-29T09:14:00+00:00,81024.520000
2025-10-29T12:54:00+00:00,81002.320000
2025-10-29T13:34:00+00:00,81598.720000
2025-10-29T13:39:00+00:00,81580.120000
2025-10-29T13:59:00+00:00,81574.940000
2025-10-29T14:54:00+00:00,80670.260000
2025-10-29T18:44:00+00:00,80666.560000
2025-10-29T18:54:00+00:00,79737.860000
2025-10-30T07:19:00+00:00,79731.200000
2025-10-30T09:24:00+00:00,78820.040000
2025-10-30T13:54:00+00:00,78818.560000
2025-10-30T19:19:00+00:00,78054.080000
2025-10-31T08:14:00+00:00,78039.280000
2025-10-31T08:34:00+00:00,77044.480000
2025-10-31T14:04:00+00:00,77042.260000
2025-10-31T20:09:00+00:00,77487.040000
2025-11-03T14:44:00+00:00,77482.600000
2025-11-03T14:49:00+00:00,77479.640000
2025-11-03T15:29:00+00:00,78177.170000
2025-11-03T21:09:00+00:00,78173.450000
2025-11-03T21:09:00+00:00,78230.490000
2025-11-04T14:24:00+00:00,78223.090000
2025-11-04T14:34:00+00:00,77235.690000
2025-11-04T14:39:00+00:00,77231.990000
2025-11-04T14:44:00+00:00,76333.290000
2025-11-04T14:54:00+00:00,76331.810000
2025-11-04T17:19:00+00:00,75572.330000
2025-11-05T08:14:00+00:00,75567.890000
2025-11-05T10:54:00+00:00,74750.450000
2025-11-05T14:49:00+00:00,74748.230000
2025-11-05T14:59:00+00:00,74746.010000
2025-11-05T17:29:00+00:00,75106.770000
2025-11-05T21:09:00+00:00,75585.290000
2025-11-05T21:09:00+00:00,75778.070000
2025-11-06T07:39:00+00:00,75770.670000
2025-11-06T09:09:00+00:00,74873.270000
2025-11-06T14:54:00+00:00,74871.050000
2025-11-06T15:39:00+00:00,75264.060000
2025-11-06T16:44:00+00:00,76575.080000
2025-11-06T18:14:00+00:00,76571.380000
2025-11-06T18:34:00+00:00,75645.180000
2025-11-07T08:54:00+00:00,75637.780000
2025-11-07T09:34:00+00:00,74760.380000
2025-11-07T13:54:00+00:00,74754.460000
2025-11-07T14:09:00+00:00,73868.540000
2025-11-07T15:39:00+00:00,73867.060000
2025-11-07T19:59:00+00:00,72987.580000
2025-11-10T08:29:00+00:00,72973.520000
2025-11-10T08:59:00+00:00,73587.860000
2025-11-10T09:24:00+00:00,75190.460000
2025-11-10T15:04:00+00:00,75187.500000
2025-11-10T15:59:00+00:00,74262.540000
2025-11-11T08:29:00+00:00,74255.880000
2025-11-11T14:49:00+00:00,74250.700000
2025-11-11T14:54:00+00:00,74862.740000
2025-11-11T15:04:00+00:00,75299.040000
2025-11-11T15:04:00+00:00,75087.360000
2025-11-11T15:09:00+00:00,75076.260000
2025-11-11T15:19:00+00:00,74120.160000
2025-11-12T08:24:00+00:00,74113.500000
2025-11-12T11:34:00+00:00,73251.840000
2025-11-12T14:49:00+00:00,73250.360000
2025-11-12T21:09:00+00:00,72986.880000
2025-11-13T15:49:00+00:00,72986.140000
2025-11-13T21:09:00+00:00,73161.900000
2025-11-14T07:24:00+00:00,73160.420000
2025-11-14T08:59:00+00:00,73035.940000
2025-11-14T08:59:00+00:00,73029.280000
2025-11-14T09:49:00+00:00,72163.120000
2025-11-14T10:14:00+00:00,72159.420000
2025-11-14T11:09:00+00:00,71373.220000
2025-11-14T14:49:00+00:00,71372.480000
2025-11-14T14:54:00+00:00,71371.740000
2025-11-14T18:59:00+00:00,71366.560000
2025-11-14T20:44:00+00:00,70468.880000
2025-11-14T21:09:00+00:00,70898.140000
2025-11-14T21:09:00+00:00,71254.400000
2025-11-17T14:04:00+00:00,71247.740000
2025-11-17T14:29:00+00:00,70413.080000
2025-11-17T14:39:00+00:00,70410.860000
2025-11-17T14:49:00+00:00,70410.120000
2025-11-17T16:04:00+00:00,69635.400000
2025-11-17T16:19:00+00:00,69107.160000
2025-11-18T07:29:00+00:00,69100.500000
2025-11-18T08:04:00+00:00,69646.540000
2025-11-18T08:39:00+00:00,71244.090000
2025-11-18T09:29:00+00:00,71238.170000
2025-11-18T12:14:00+00:00,71868.210000
2025-11-18T14:34:00+00:00,71863.250000
2025-11-18T14:49:00+00:00,71861.770000
2025-11-18T21:09:00+00:00,72123.290000
2025-11-19T08:44:00+00:00,72113.670000
2025-11-19T09:19:00+00:00,71642.550000
2025-11-19T09:19:00+00:00,71639.590000
2025-11-19T14:44:00+00:00,71635.890000
2025-11-19T14:49:00+00:00,71634.410000
2025-11-19T14:54:00+00:00,72225.430000
2025-11-19T14:59:00+00:00,72748.950000
2025-11-19T15:19:00+00:00,74129.970000
2025-11-19T16:09:00+00:00,74126.250000
2025-11-19T17:34:00+00:00,73337.770000
2025-11-20T14:59:00+00:00,73335.550000
2025-11-20T16:04:00+00:00,72562.330000
2025-11-21T08:14:00+00:00,72558.630000
2025-11-21T09:44:00+00:00,71664.930000
2025-11-21T14:54:00+00:00,71662.710000
2025-11-21T15:04:00+00:00,70893.990000
2025-11-24T08:09:00+00:00,70888.070000
2025-11-24T08:19:00+00:00,70070.150000
2025-11-24T15:04:00+00:00,70068.670000
2025-11-24T20:09:00+00:00,70063.490000
2025-11-24T21:09:00+00:00,70970.010000
2025-11-24T21:09:00+00:00,71248.330000
2025-11-25T14:49:00+00:00,71247.590000
2025-11-25T16:24:00+00:00,70749.350000
2025-11-26T14:59:00+00:00,70746.390000
2025-11-26T15:59:00+00:00,69917.430000
2025-11-27T07:54:00+00:00,69907.070000
2025-11-27T08:14:00+00:00,69616.710000
2025-11-27T08:14:00+00:00,69607.830000
2025-11-27T23:09:00+00:00,69346.950000
2025-11-27T23:09:00+00:00,69338.070000
2025-11-28T13:34:00+00:00,69936.630000
2025-11-28T14:39:00+00:00,70937.190000
2025-11-28T16:09:00+00:00,70934.230000
2025-12-01T00:49:00+00:00,70099.270000
2025-12-01T14:39:00+00:00,70094.090000
2025-12-01T14:54:00+00:00,70091.870000
2025-12-01T14:59:00+00:00,70613.900000
2025-12-01T17:09:00+00:00,72241.940000
2025-12-01T19:09:00+00:00,72842.720000
2025-12-01T19:09:00+00:00,72827.180000
2025-12-01T19:24:00+00:00,73449.780000
2025-12-01T19:34:00+00:00,75058.640000
2025-12-02T15:04:00+00:00,75057.160000
2025-12-02T15:49:00+00:00,75054.940000
2025-12-02T16:24:00+00:00,74398.460000
2025-12-02T16:24:00+00:00,73569.740000
2025-12-03T14:09:00+00:00,73566.040000
2025-12-03T14:34:00+00:00,72694.840000
2025-12-03T15:04:00+00:00,72692.620000
2025-12-03T21:09:00+00:00,73158.400000
2025-12-04T14:39:00+00:00,73153.220000
2025-12-04T15:29:00+00:00,73677.500000
2025-12-04T15:39:00+00:00,73672.540000
2025-12-04T16:04:00+00:00,73671.060000
2025-12-04T21:09:00+00:00,73265.580000
2025-12-05T08:34:00+00:00,73248.560000
2025-12-05T09:14:00+00:00,73883.920000
2025-12-05T13:34:00+00:00,75513.040000
2025-12-05T14:54:00+00:00,75510.820000
2025-12-05T16:34:00+00:00,74778.100000
2025-12-08T07:24:00+00:00,74765.520000
2025-12-08T08:29:00+00:00,73843.440000
2025-12-08T13:49:00+00:00,73834.560000
2025-12-08T14:49:00+00:00,72907.680000
2025-12-08T14:49:00+00:00,72904.720000
2025-12-08T17:04:00+00:00,73516.740000
2025-12-08T21:09:00+00:00,73888.260000
2025-12-09T15:29:00+00:00,73885.300000
2025-12-09T21:09:00+00:00,74100.340000
2025-12-10T15:54:00+00:00,74095.160000
2025-12-10T15:59:00+00:00,74002.480000
2025-12-10T15:59:00+00:00,73999.520000
2025-12-10T17:54:00+00:00,73218.560000
2025-12-11T13:39:00+00:00,73211.900000
2025-12-11T14:34:00+00:00,73769.940000
2025-12-11T14:34:00+00:00,73763.740000
2025-12-11T14:39:00+00:00,73760.780000
2025-12-11T14:49:00+00:00,73759.300000
2025-12-11T14:54:00+00:00,74332.320000
2025-12-11T15:14:00+00:00,74447.840000
2025-12-11T15:14:00+00:00,74168.360000
2025-12-11T15:19:00+00:00,74165.400000
2025-12-11T15:54:00+00:00,73392.440000
2025-12-12T14:49:00+00:00,73389.480000
2025-12-12T15:29:00+00:00,74061.500000
2025-12-12T15:59:00+00:00,75182.520000
2025-12-15T07:14:00+00:00,75165.500000
2025-12-15T08:44:00+00:00,74205.480000
2025-12-15T14:39:00+00:00,74199.560000
2025-12-15T14:54:00+00:00,74197.340000
2025-12-15T14:59:00+00:00,74833.380000
2025-12-15T15:24:00+00:00,76321.420000
2025-12-15T15:29:00+00:00,76772.180000
2025-12-15T16:29:00+00:00,76769.700000
2025-12-16T08:09:00+00:00,76764.520000
2025-12-16T10:39:00+00:00,77349.550000
2025-12-16T13:34:00+00:00,79173.590000
2025-12-16T13:59:00+00:00,79171.370000
2025-12-16T14:54:00+00:00,78357.650000
2025-12-16T14:59:00+00:00,78356.170000
2025-12-16T15:29:00+00:00,77635.690000
2025-12-17T14:54:00+00:00,77633.470000
2025-12-17T15:59:00+00:00,78114.230000
2025-12-17T21:09:00+00:00,79355.750000
2025-12-18T08:34:00+00:00,79334.290000
2025-12-18T08:44:00+00:00,78312.330000
2025-12-18T14:44:00+00:00,78308.630000
2025-12-18T14:59:00+00:00,77472.430000
2025-12-18T15:34:00+00:00,77470.950000
2025-12-18T21:09:00+00:00,76936.470000
2025-12-19T14:59:00+00:00,76934.990000
2025-12-19T21:09:00+00:00,77036.510000
2025-12-22T13:44:00+00:00,77021.710000
2025-12-22T14:04:00+00:00,76076.910000
2025-12-22T15:39:00+00:00,76074.690000
2025-12-22T21:09:00+00:00,75745.470000
2025-12-23T07:39:00+00:00,75735.850000
2025-12-23T08:24:00+00:00,74822.730000
2025-12-23T15:04:00+00:00,74819.770000
2025-12-23T15:09:00+00:00,74816.810000
2025-12-23T15:59:00+00:00,74009.850000
2025-12-23T16:54:00+00:00,73146.890000
2025-12-24T15:14:00+00:00,73139.490000
2025-12-24T15:29:00+00:00,72867.090000
2025-12-24T15:29:00+00:00,72850.070000
2025-12-24T16:09:00+00:00,71913.050000
2025-12-26T09:24:00+00:00,71892.330000
2025-12-26T09:59:00+00:00,70989.610000
2025-12-26T13:54:00+00:00,70972.590000
2025-12-26T14:19:00+00:00,70081.570000
2025-12-26T15:04:00+00:00,70077.130000
2025-12-26T21:09:00+00:00,70033.690000
2025-12-29T17:29:00+00:00,70032.210000
2025-12-29T21:09:00+00:00,69712.730000
2025-12-30T14:39:00+00:00,69701.630000
2025-12-30T14:49:00+00:00,70294.950000
2025-12-30T14:49:00+00:00,70285.030000
2025-12-30T14:49:00+00:00,70279.850000
2025-12-30T15:19:00+00:00,69707.670000
2025-12-30T15:19:00+00:00,69703.230000
2025-12-30T16:19:00+00:00,68834.790000
2025-12-31T07:34:00+00:00,68814.070000
2025-12-31T08:14:00+00:00,67939.350000
2025-12-31T14:49:00+00:00,67936.390000
2025-12-31T20:29:00+00:00,68461.410000
2025-12-31T21:09:00+00:00,69083.930000
2026-01-02T14:49:00+00:00,69081.710000
2026-01-02T15:14:00+00:00,68378.990000
2026-01-02T15:19:00+00:00,68377.510000
2026-01-02T16:14:00+00:00,68901.020000
2026-01-02T21:09:00+00:00,69251.780000
2026-01-05T13:39:00+00:00,69242.900000
2026-01-05T14:04:00+00:00,69850.460000
2026-01-05T14:39:00+00:00,69843.020000
2026-01-05T15:29:00+00:00,69840.800000
2026-01-05T20:59:00+00:00,69318.080000
2026-01-06T14:49:00+00:00,69315.120000
2026-01-06T21:09:00+00:00,70202.160000
2026-01-07T15:29:00+00:00,70199.200000
2026-01-07T21:09:00+00:00,69866.240000
2026-01-08T08:54:00+00:00,69850.700000
2026-01-08T09:44:00+00:00,70465.800000
2026-01-08T13:19:00+00:00,70452.160000
2026-01-08T14:59:00+00:00,70450.680000
2026-01-08T15:14:00+00:00,70150.200000
2026-01-08T15:14:00+00:00,70144.280000
2026-01-08T15:54:00+00:00,69282.360000
2026-01-08T18:24:00+00:00,69278.660000
2026-01-08T21:09:00+00:00,69704.960000
2026-01-09T07:44:00+00:00,69682.760000
2026-01-09T08:09:00+00:00,70267.910000
2026-01-09T08:34:00+00:00,70249.310000
2026-01-09T14:44:00+00:00,70246.350000
2026-01-09T15:09:00+00:00,69381.390000
2026-01-09T15:09:00+00:00,69379.910000
2026-01-09T15:24:00+00:00,68785.430000
2026-01-09T15:34:00+00:00,68784.690000
2026-01-09T15:49:00+00:00,68598.450000
2026-01-09T15:49:00+00:00,68594.010000
2026-01-09T16:04:00+00:00,67773.570000
2026-01-09T18:44:00+00:00,67770.610000
2026-01-09T21:09:00+00:00,67739.650000
2026-01-12T08:19:00+00:00,67722.630000
2026-01-12T08:24:00+00:00,68300.240000
2026-01-12T08:24:00+00:00,68285.360000
2026-01-12T14:39:00+00:00,68280.180000
2026-01-12T14:54:00+00:00,68278.700000
2026-01-12T16:59:00+00:00,68782.730000
2026-01-12T21:09:00+00:00,69373.770000
2026-01-12T21:09:00+00:00,69622.290000
2026-01-13T08:39:00+00:00,69613.410000
2026-01-13T09:49:00+00:00,69603.050000
2026-01-13T13:34:00+00:00,68724.170000
2026-01-13T13:34:00+00:00,67845.810000
2026-01-13T15:04:00+00:00,67843.590000
2026-01-13T21:09:00+00:00,67938.870000
2026-01-14T14:49:00+00:00,67937.390000
2026-01-14T14:59:00+00:00,67935.910000
2026-01-14T16:54:00+00:00,68384.420000
2026-01-14T18:39:00+00:00,68382.200000
2026-01-14T20:09:00+00:00,67547.480000
2026-01-14T20:14:00+00:00,67772.240000
2026-01-14T20:14:00+00:00,67892.760000
2026-01-14T20:19:00+00:00,67890.540000
2026-01-14T21:09:00+00:00,68390.820000
2026-01-15T08:14:00+00:00,68387.860000
2026-01-15T13:29:00+00:00,68996.880000
2026-01-15T15:44:00+00:00,69522.400000
2026-01-15T15:44:00+00:00,69519.440000
2026-01-15T16:04:00+00:00,69020.480000
2026-01-15T16:04:00+00:00,69014.560000
2026-01-15T17:34:00+00:00,68224.640000
2026-01-16T07:49:00+00:00,68210.580000
2026-01-16T08:04:00+00:00,68272.520000
2026-01-16T08:04:00+00:00,68252.540000
2026-01-16T08:24:00+00:00,68847.420000
2026-01-16T08:59:00+00:00,69404.060000
2026-01-16T08:59:00+00:00,69395.180000
2026-01-16T11:19:00+00:00,69989.240000
2026-01-16T12:54:00+00:00,69981.800000
2026-01-16T14:54:00+00:00,69978.840000
2026-01-16T15:39:00+00:00,70610.360000
2026-01-16T19:19:00+00:00,70600.740000
2026-01-16T19:39:00+00:00,69759.120000
2026-01-16T21:09:00+00:00,70183.640000
2026-01-19T07:54:00+00:00,70170.320000
2026-01-19T08:19:00+00:00,70811.660000
2026-01-19T09:14:00+00:00,70800.500000
2026-01-19T14:59:00+00:00,70793.840000
2026-01-19T17:09:00+00:00,71366.880000
2026-01-20T06:29:00+00:00,71360.680000
2026-01-20T15:29:00+00:00,71358.460000
2026-01-20T18:34:00+00:00,70589.740000
2026-01-21T09:09:00+00:00,70580.120000
2026-01-21T09:49:00+00:00,69719.000000
2026-01-21T14:49:00+00:00,69716.040000
2026-01-21T15:34:00+00:00,70364.060000
2026-01-21T16:59:00+00:00,70361.580000
2026-01-21T18:09:00+00:00,70360.840000
2026-01-21T19:34:00+00:00,69780.600000
2026-01-22T14:49:00+00:00,69779.120000
2026-01-22T19:09:00+00:00,69285.640000
2026-01-22T19:09:00+00:00,69278.240000
2026-01-22T19:59:00+00:00,68400.840000
2026-01-23T14:59:00+00:00,68397.880000
2026-01-23T15:54:00+00:00,69003.900000
2026-01-23T21:09:00+00:00,69198.420000
2026-01-26T10:04:00+00:00,69189.540000
2026-01-26T12:04:00+00:00,69797.100000
2026-01-26T13:54:00+00:00,69788.960000
2026-01-26T14:29:00+00:00,71212.520000
2026-01-26T14:34:00+00:00,71793.820000
2026-01-26T14:34:00+00:00,71786.380000
2026-01-26T14:59:00+00:00,71784.160000
2026-01-26T21:09:00+00:00,71850.940000
2026-01-27T07:54:00+00:00,71836.880000
2026-01-27T08:39:00+00:00,72444.470000
2026-01-27T10:09:00+00:00,72792.070000
2026-01-27T10:09:00+00:00,72771.350000
2026-01-27T11:34:00+00:00,73432.990000
2026-01-27T11:54:00+00:00,74990.630000
2026-01-27T14:44:00+00:00,74986.190000
2026-01-27T14:54:00+00:00,74105.750000
2026-01-27T14:54:00+00:00,74103.530000
2026-01-27T14:59:00+00:00,74100.570000
2026-01-27T21:09:00+00:00,74333.850000
2026-01-27T21:09:00+00:00,74516.890000
2026-01-28T07:49:00+00:00,74513.190000
2026-01-28T14:19:00+00:00,73684.490000
2026-01-28T14:29:00+00:00,73668.210000
2026-01-28T14:34:00+00:00,74328.320000
2026-01-28T14:34:00+00:00,74314.680000
2026-01-28T15:34:00+00:00,74311.720000
2026-01-28T20:04:00+00:00,74305.060000
2026-01-28T21:04:00+00:00,74905.080000
2026-01-28T21:04:00+00:00,75490.120000
2026-01-28T21:04:00+00:00,77201.420000
2026-01-28T21:09:00+00:00,77380.940000
2026-01-29T08:19:00+00:00,77368.360000
2026-01-29T08:29:00+00:00,76403.780000
2026-01-29T14:54:00+00:00,76402.300000
2026-01-29T15:54:00+00:00,77103.560000
2026-01-29T19:39:00+00:00,77096.160000
2026-01-29T20:39:00+00:00,76133.760000
2026-01-29T20:54:00+00:00,76132.520000
2026-01-30T09:19:00+00:00,76128.080000
2026-01-30T11:04:00+00:00,75184.640000
2026-01-30T15:29:00+00:00,75182.420000
2026-01-30T15:44:00+00:00,74578.700000
2026-01-30T15:44:00+00:00,74575.740000
2026-01-30T16:19:00+00:00,73782.780000
2026-01-30T18:34:00+00:00,73779.820000
2026-01-30T18:59:00+00:00,74349.840000
2026-01-30T20:19:00+00:00,74347.360000
2026-02-02T14:49:00+00:00,74345.880000
2026-02-02T21:09:00+00:00,74930.400000
2026-02-03T14:54:00+00:00,74928.920000
2026-02-03T17:39:00+00:00,75624.180000
2026-02-03T21:09:00+00:00,76164.940000
2026-02-04T14:59:00+00:00,76163.460000
2026-02-04T15:04:00+00:00,76161.980000
2026-02-04T17:29:00+00:00,76748.490000
2026-02-04T17:54:00+00:00,77454.250000
2026-02-04T21:09:00+00:00,77791.510000
2026-02-04T21:09:00+00:00,78037.270000
2026-02-05T15:04:00+00:00,78035.050000
2026-02-05T15:14:00+00:00,78034.310000
2026-02-05T16:59:00+00:00,77136.590000
2026-02-05T21:09:00+00:00,77068.350000
2026-02-06T14:49:00+00:00,77066.870000
2026-02-06T19:29:00+00:00,77063.910000
2026-02-06T21:09:00+00:00,77860.430000
2026-02-06T21:09:00+00:00,78065.470000
2026-02-09T14:44:00+00:00,78063.990000
2026-02-09T14:49:00+00:00,78062.510000
2026-02-09T17:14:00+00:00,78579.270000
2026-02-09T21:09:00+00:00,78999.530000
2026-02-09T21:09:00+00:00,79752.050000
2026-02-10T14:59:00+00:00,79748.350000
2026-02-10T15:09:00+00:00,79746.870000
2026-02-10T18:29:00+00:00,78808.170000
2026-02-10T20:09:00+00:00,78127.690000
2026-02-11T07:19:00+00:00,78123.250000
2026-02-11T10:04:00+00:00,78757.780000
2026-02-11T12:14:00+00:00,78754.060000
2026-02-11T14:59:00+00:00,78751.840000
2026-02-11T15:29:00+00:00,79231.100000
2026-02-11T15:59:00+00:00,79472.620000
2026-02-11T15:59:00+00:00,79471.140000
2026-02-11T21:09:00+00:00,79602.660000
2026-02-12T14:49:00+00:00,79600.440000
2026-02-12T15:59:00+00:00,80022.700000
2026-02-12T16:19:00+00:00,81431.220000
2026-02-13T08:24:00+00:00,81426.040000
2026-02-13T09:09:00+00:00,81415.680000
2026-02-13T09:24:00+00:00,80434.000000
2026-02-13T09:24:00+00:00,79401.640000
2026-02-13T15:09:00+00:00,79400.160000
2026-02-13T21:09:00+00:00,79327.680000
2026-02-16T15:04:00+00:00,79323.240000
2026-02-16T15:29:00+00:00,78409.800000
2026-02-17T08:39:00+00:00,78404.620000
2026-02-17T13:09:00+00:00,78996.400000
2026-02-17T13:54:00+00:00,78991.440000
2026-02-17T14:54:00+00:00,78990.700000
2026-02-17T14:59:00+00:00,78989.960000
2026-02-17T15:24:00+00:00,78963.220000
2026-02-17T15:24:00+00:00,78844.980000
2026-02-17T15:29:00+00:00,78842.760000
2026-02-17T16:14:00+00:00,79327.270000
2026-02-17T21:09:00+00:00,80304.790000
2026-02-18T14:54:00+00:00,80302.570000
2026-02-18T14:59:00+00:00,80300.350000
2026-02-18T15:59:00+00:00,80703.110000
2026-02-18T19:59:00+00:00,80700.630000
2026-02-18T21:09:00+00:00,80665.410000
2026-02-19T08:14:00+00:00,80658.010000
2026-02-19T08:49:00+00:00,79675.610000
2026-02-19T14:34:00+00:00,79668.210000
2026-02-19T14:39:00+00:00,80354.510000
2026-02-19T14:39:00+00:00,80348.310000
2026-02-19T15:04:00+00:00,80346.090000
2026-02-19T18:24:00+00:00,79371.870000
2026-02-19T19:44:00+00:00,79368.910000
2026-02-19T21:09:00+00:00,78669.950000
2026-02-20T14:39:00+00:00,78665.510000
2026-02-20T15:04:00+00:00,79381.040000
2026-02-20T15:04:00+00:00,79380.300000
2026-02-20T16:04:00+00:00,81052.830000
2026-02-20T21:09:00+00:00,81262.590000
2026-02-23T08:19:00+00:00,81258.150000
2026-02-23T14:34:00+00:00,81937.680000
2026-02-23T14:44:00+00:00,81933.960000
2026-02-23T14:49:00+00:00,81930.260000
2026-02-23T15:04:00+00:00,81928.780000
2026-02-23T15:59:00+00:00,82453.800000
2026-02-23T21:09:00+00:00,83126.580000
2026-02-23T21:09:00+00:00,83473.100000
2026-02-24T07:49:00+00:00,83464.960000
2026-02-24T08:49:00+00:00,84117.510000
2026-02-24T09:14:00+00:00,84110.070000
2026-02-24T09:19:00+00:00,84104.890000
2026-02-24T14:34:00+00:00,83081.210000
2026-02-24T14:49:00+00:00,83078.990000
2026-02-24T21:04:00+00:00,83541.770000
2026-02-25T14:49:00+00:00,83539.550000
2026-02-25T21:09:00+00:00,84026.330000
2026-02-26T09:59:00+00:00,84004.130000
2026-02-26T10:59:00+00:00,84758.030000
2026-02-26T12:09:00+00:00,84739.430000
2026-02-26T14:54:00+00:00,84736.470000
2026-02-26T15:19:00+00:00,85489.490000
2026-02-26T15:24:00+00:00,86745.510000
2026-02-27T09:29:00+00:00,86727.010000
2026-02-27T09:39:00+00:00,87483.130000
2026-02-27T10:04:00+00:00,89407.260000
2026-02-27T14:49:00+00:00,89405.040000
2026-02-27T21:09:00+00:00,89644.320000
2026-03-02T14:49:00+00:00,89643.580000
2026-03-02T21:09:00+00:00,89820.340000
2026-03-03T14:49:00+00:00,89818.120000
2026-03-03T16:49:00+00:00,88860.400000
2026-03-04T14:39:00+00:00,88858.180000
2026-03-04T15:09:00+00:00,88855.960000
2026-03-04T15:29:00+00:00,89344.970000
2026-03-04T21:09:00+00:00,90365.490000
2026-03-04T21:09:00+00:00,91237.770000
2026-03-05T09:44:00+00:00,91234.070000
2026-03-05T14:39:00+00:00,91217.870000
2026-03-05T14:39:00+00:00,91211.950000
2026-03-05T14:54:00+00:00,91209.730000
2026-03-05T15:04:00+00:00,91977.770000
2026-03-05T15:24:00+00:00,91972.810000
2026-03-05T15:34:00+00:00,91022.590000
2026-03-05T15:44:00+00:00,91018.890000
2026-03-05T16:19:00+00:00,90052.690000
2026-03-06T15:04:00+00:00,90050.470000
2026-03-06T20:39:00+00:00,89113.750000
2026-03-09T13:44:00+00:00,89110.050000
2026-03-09T13:54:00+00:00,89107.830000
2026-03-09T14:09:00+00:00,89076.630000
2026-03-09T14:09:00+00:00,88808.910000
2026-03-09T14:14:00+00:00,88805.950000
2026-03-09T14:44:00+00:00,89488.470000
2026-03-09T19:19:00+00:00,91082.990000
2026-03-10T14:09:00+00:00,91080.770000
2026-03-10T14:39:00+00:00,89998.550000
2026-03-10T17:39:00+00:00,89989.670000
2026-03-10T17:54:00+00:00,88858.790000
2026-03-11T06:39:00+00:00,88838.810000
2026-03-11T06:49:00+00:00,87725.330000
2026-03-11T14:04:00+00:00,87720.890000
2026-03-11T14:24:00+00:00,86672.450000
2026-03-12T13:49:00+00:00,86668.750000
2026-03-12T14:39:00+00:00,87255.270000
2026-03-12T20:09:00+00:00,88411.050000
2026-03-13T13:54:00+00:00,88408.830000
2026-03-13T14:44:00+00:00,87335.610000
2026-03-16T13:59:00+00:00,87332.650000
2026-03-16T14:54:00+00:00,86417.690000
2026-03-16T19:14:00+00:00,86413.250000
2026-03-16T20:09:00+00:00,85976.810000
2026-03-17T13:49:00+00:00,85974.590000
2026-03-17T15:39:00+00:00,85073.870000
2026-03-18T14:14:00+00:00,85070.170000
2026-03-18T18:24:00+00:00,85065.730000
2026-03-18T18:59:00+00:00,85638.750000
2026-03-18T19:24:00+00:00,86327.280000
2026-03-18T19:59:00+00:00,87761.310000
2026-03-18T20:09:00+00:00,88987.590000
2026-03-19T13:24:00+00:00,88978.710000
2026-03-19T13:34:00+00:00,87931.830000
2026-03-19T13:49:00+00:00,87928.870000
2026-03-19T17:24:00+00:00,87920.730000
2026-03-19T18:14:00+00:00,88622.030000
2026-03-19T18:39:00+00:00,88614.590000
2026-03-19T19:04:00+00:00,88609.410000
2026-03-19T19:09:00+00:00,89393.930000
2026-03-19T20:09:00+00:00,89953.450000
2026-03-19T20:09:00+00:00,90140.770000
2026-03-20T13:39:00+00:00,90132.630000
2026-03-20T13:44:00+00:00,89062.990000
2026-03-20T13:54:00+00:00,89060.030000
2026-03-20T17:39:00+00:00,89825.050000
2026-03-20T19:34:00+00:00,91101.070000
2026-03-23T13:49:00+00:00,91098.850000
2026-03-23T15:54:00+00:00,90235.630000
2026-03-24T15:19:00+00:00,90234.150000
2026-03-24T20:09:00+00:00,89790.670000
2026-03-25T07:09:00+00:00,89785.490000
2026-03-25T07:29:00+00:00,89778.830000
2026-03-25T08:04:00+00:00,88737.650000
2026-03-25T08:04:00+00:00,87646.490000
2026-03-25T13:49:00+00:00,87642.790000
2026-03-25T20:09:00+00:00,88099.090000
2026-03-26T13:49:00+00:00,88093.910000
2026-03-26T14:49:00+00:00,87108.730000
2026-03-27T08:14:00+00:00,87105.770000
2026-03-27T10:59:00+00:00,87863.290000
2026-03-27T13:39:00+00:00,87858.110000
2026-03-27T13:54:00+00:00,87855.890000
2026-03-27T13:59:00+00:00,88512.920000
2026-03-27T15:34:00+00:00,88507.960000
2026-03-27T17:29:00+00:00,90277.480000
2026-03-27T19:09:00+00:00,90693.740000
2026-03-27T20:09:00+00:00,91633.260000
2026-03-30T13:49:00+00:00,91631.040000
2026-03-30T19:09:00+00:00,92168.050000
2026-03-30T20:09:00+00:00,93167.570000
2026-03-31T13:49:00+00:00,93165.350000
2026-03-31T14:59:00+00:00,92251.130000
2026-04-01T12:54:00+00:00,92248.910000
2026-04-01T14:34:00+00:00,91318.190000
2026-04-01T14:39:00+00:00,91315.970000
2026-04-01T20:09:00+00:00,91183.250000
2026-04-02T13:44:00+00:00,91178.070000
2026-04-02T13:49:00+00:00,90143.890000
2026-04-02T13:54:00+00:00,90141.670000
2026-04-02T14:39:00+00:00,90642.680000
2026-04-02T14:39:00+00:00,92313.700000
2026-04-06T07:09:00+00:00,92307.040000
2026-04-06T07:44:00+00:00,91247.380000
2026-04-06T13:39:00+00:00,91240.720000
2026-04-06T13:54:00+00:00,91972.760000
2026-04-06T13:54:00+00:00,91969.800000
2026-04-06T14:04:00+00:00,91963.600000
2026-04-06T14:09:00+00:00,91448.640000
2026-04-06T14:09:00+00:00,91444.940000
2026-04-06T17:29:00+00:00,91541.240000
2026-04-06T17:29:00+00:00,91534.580000
2026-04-06T20:09:00+00:00,92234.420000
2026-04-07T06:39:00+00:00,92224.800000
2026-04-07T08:04:00+00:00,91129.680000
2026-04-07T13:49:00+00:00,91126.720000
2026-04-07T15:09:00+00:00,91974.240000
2026-04-07T16:04:00+00:00,91971.760000
2026-04-07T17:39:00+00:00,91970.280000
2026-04-07T20:09:00+00:00,92499.800000
2026-04-08T13:54:00+00:00,92490.920000
2026-04-08T14:34:00+00:00,91378.040000
2026-04-08T18:24:00+00:00,91372.120000
2026-04-08T18:59:00+00:00,92155.160000
2026-04-08T19:59:00+00:00,92150.200000
2026-04-09T14:09:00+00:00,92145.760000
2026-04-09T15:34:00+00:00,91022.320000
2026-04-10T07:49:00+00:00,91012.700000
2026-04-10T10:29:00+00:00,89865.580000
2026-04-10T14:04:00+00:00,89860.400000
2026-04-10T14:34:00+00:00,88735.220000
2026-04-13T13:49:00+00:00,88731.520000
2026-04-13T16:39:00+00:00,89312.040000
2026-04-13T19:54:00+00:00,90764.820000
2026-04-14T06:44:00+00:00,90747.060000
2026-04-14T07:09:00+00:00,91566.180000
2026-04-14T07:49:00+00:00,92379.300000
2026-04-14T07:49:00+00:00,92359.320000
2026-04-14T08:29:00+00:00,91191.840000
2026-04-14T14:09:00+00:00,91188.140000
2026-04-14T16:24:00+00:00,91803.160000
2026-04-14T20:09:00+00:00,93159.940000
2026-04-15T07:24:00+00:00,93154.760000
2026-04-15T13:59:00+00:00,92026.080000
2026-04-15T13:59:00+00:00,92021.640000
2026-04-15T15:29:00+00:00,92795.670000
2026-04-15T18:39:00+00:00,94087.200000
2026-04-16T13:34:00+00:00,94081.280000
2026-04-16T13:54:00+00:00,92911.360000
2026-04-16T13:54:00+00:00,92909.140000
2026-04-16T15:09:00+00:00,91879.420000
2026-04-17T13:59:00+00:00,91875.720000
2026-04-17T16:39:00+00:00,92484.740000
2026-04-17T20:09:00+00:00,93063.020000
2026-04-20T13:49:00+00:00,93058.580000
2026-04-20T15:09:00+00:00,93924.860000
2026-04-20T18:09:00+00:00,93921.140000
2026-04-21T09:09:00+00:00,93907.820000
2026-04-21T09:59:00+00:00,92724.500000
2026-04-21T13:59:00+00:00,92720.800000
2026-04-21T14:04:00+00:00,92715.620000
2026-04-21T14:59:00+00:00,91548.440000
2026-04-21T15:04:00+00:00,90424.740000
2026-04-22T14:14:00+00:00,90421.040000
2026-04-22T19:54:00+00:00,91072.060000
2026-04-22T20:09:00+00:00,92284.840000
2026-04-23T13:44:00+00:00,92280.400000
2026-04-23T13:49:00+00:00,92276.700000
2026-04-23T14:04:00+00:00,91714.260000
2026-04-23T14:04:00+00:00,91038.060000
2026-04-23T14:09:00+00:00,91033.620000
2026-04-23T15:09:00+00:00,89964.180000
2026-04-24T08:04:00+00:00,89954.560000
2026-04-24T08:24:00+00:00,90728.620000
2026-04-24T08:34:00+00:00,90719.940000
2026-04-24T13:54:00+00:00,90715.500000
2026-04-24T14:14:00+00:00,89667.060000
2026-04-27T13:49:00+00:00,89662.620000
2026-04-27T17:34:00+00:00,88635.180000
2026-04-28T14:49:00+00:00,88632.960000
2026-04-28T20:09:00+00:00,87871.740000
2026-04-29T13:24:00+00:00,87865.080000
2026-04-29T13:54:00+00:00,87570.420000
2026-04-29T13:54:00+00:00,87566.720000
2026-04-29T18:09:00+00:00,87070.520000
2026-04-29T18:09:00+00:00,87065.340000
2026-04-29T18:39:00+00:00,85971.660000
2026-04-29T19:04:00+00:00,85968.700000
2026-04-29T20:09:00+00:00,85983.740000
2026-04-30T13:54:00+00:00,85982.260000
2026-04-30T17:34:00+00:00,84987.780000
2026-05-01T13:59:00+00:00,84986.300000
2026-05-01T20:09:00+00:00,84794.820000
2026-05-04T08:09:00+00:00,84787.420000
2026-05-04T10:04:00+00:00,85574.970000
2026-05-04T10:04:00+00:00,85568.770000
2026-05-04T13:59:00+00:00,85564.330000
2026-05-04T15:04:00+00:00,85487.890000
2026-05-04T15:04:00+00:00,85475.310000
2026-05-04T15:14:00+00:00,86183.390000
2026-05-04T15:14:00+00:00,86172.230000
2026-05-05T06:39:00+00:00,86155.950000
2026-05-05T07:04:00+00:00,86939.810000
2026-05-05T08:09:00+00:00,86935.370000
2026-05-05T09:34:00+00:00,88775.230000
2026-05-05T13:34:00+00:00,89517.760000
2026-05-05T13:59:00+00:00,89514.800000
2026-05-05T20:09:00+00:00,90966.080000
2026-05-05T20:09:00+00:00,91469.120000
2026-05-06T07:19:00+00:00,91457.280000
2026-05-06T08:04:00+00:00,90317.440000
2026-05-06T13:54:00+00:00,90315.220000
2026-05-06T20:09:00+00:00,90792.230000
2026-05-06T20:09:00+00:00,91844.750000
2026-05-07T13:54:00+00:00,91838.830000
2026-05-07T14:24:00+00:00,92615.870000
2026-05-07T15:59:00+00:00,92610.910000
2026-05-08T13:39:00+00:00,92602.030000
2026-05-08T13:49:00+00:00,93403.090000
2026-05-08T13:49:00+00:00,93401.610000
2026-05-08T14:04:00+00:00,95276.670000
2026-05-08T20:04:00+00:00,95896.180000
2026-05-08T20:09:00+00:00,96465.440000
2026-05-11T15:49:00+00:00,96463.220000
2026-05-11T17:29:00+00:00,96454.340000
2026-05-11T18:59:00+00:00,95239.460000
2026-05-11T20:09:00+00:00,95001.740000
2026-05-12T13:59:00+00:00,94999.520000
2026-05-12T14:19:00+00:00,94455.800000
2026-05-12T14:19:00+00:00,94451.360000
2026-05-12T14:29:00+00:00,93261.920000
2026-05-13T13:49:00+00:00,93259.700000
2026-05-13T14:54:00+00:00,92345.480000
2026-05-14T13:49:00+00:00,92344.000000
2026-05-14T14:04:00+00:00,92058.520000
2026-05-14T14:04:00+00:00,92054.080000
2026-05-14T14:44:00+00:00,90990.640000
2026-05-15T08:49:00+00:00,90986.940000
2026-05-15T09:54:00+00:00,89950.740000
2026-05-15T13:44:00+00:00,89948.520000
2026-05-15T13:59:00+00:00,89946.300000
2026-05-15T14:14:00+00:00,89056.080000
2026-05-15T14:19:00+00:00,88140.360000
2026-05-15T18:24:00+00:00,88129.260000
2026-05-15T18:34:00+00:00,88880.080000
2026-05-15T19:19:00+00:00,90890.160000
2026-05-18T06:49:00+00:00,90884.980000
2026-05-18T08:24:00+00:00,91562.260000
2026-05-18T10:39:00+00:00,91557.300000
2026-05-18T13:49:00+00:00,91555.820000
2026-05-18T13:59:00+00:00,91211.340000
2026-05-18T13:59:00+00:00,91209.120000
2026-05-18T14:34:00+00:00,90261.900000
2026-05-18T19:09:00+00:00,90258.940000
2026-05-18T20:09:00+00:00,91159.980000
2026-05-19T13:39:00+00:00,91156.280000
2026-05-19T13:44:00+00:00,90127.580000
2026-05-19T14:09:00+00:00,90126.100000
2026-05-19T14:14:00+00:00,90124.620000
2026-05-19T16:34:00+00:00,89254.140000
2026-05-19T17:09:00+00:00,88150.660000
2026-05-20T13:39:00+00:00,88145.480000
2026-05-20T13:49:00+00:00,88789.010000
2026-05-20T13:54:00+00:00,88784.050000
2026-05-20T14:19:00+00:00,88781.830000
2026-05-20T15:19:00+00:00,89212.340000
2026-05-20T18:49:00+00:00,89754.860000
2026-05-20T18:49:00+00:00,89745.240000
2026-05-20T19:19:00+00:00,88663.120000
2026-05-21T07:29:00+00:00,88655.720000
2026-05-21T08:04:00+00:00,89462.020000
2026-05-21T08:19:00+00:00,91348.320000
2026-05-21T13:54:00+00:00,91345.360000
2026-05-21T14:24:00+00:00,90376.400000
2026-05-22T06:59:00+00:00,90367.520000
2026-05-22T07:24:00+00:00,89950.640000
2026-05-22T07:24:00+00:00,89938.800000
2026-05-22T07:34:00+00:00,88830.960000
2026-05-22T08:39:00+00:00,88824.300000
2026-05-22T09:09:00+00:00,89535.340000
2026-05-22T13:34:00+00:00,89529.140000
2026-05-22T13:39:00+00:00,89526.920000
2026-05-22T14:09:00+00:00,88482.200000
2026-05-22T14:19:00+00:00,88479.980000
2026-05-22T17:24:00+00:00,88471.100000
2026-05-22T17:29:00+00:00,87472.880000
2026-05-22T17:29:00+00:00,86426.000000
2026-05-25T13:49:00+00:00,86416.380000
2026-05-25T14:14:00+00:00,85685.260000
2026-05-25T14:14:00+00:00,85663.060000
2026-05-25T14:34:00+00:00,86270.710000
2026-05-25T15:14:00+00:00,86252.110000
2026-05-26T13:49:00+00:00,86246.930000
2026-05-26T14:29:00+00:00,86906.210000
2026-05-26T15:39:00+00:00,86901.250000
2026-05-27T14:24:00+00:00,86899.770000
2026-05-27T20:09:00+00:00,86512.290000
2026-05-28T13:49:00+00:00,86510.070000
2026-05-28T14:14:00+00:00,85426.350000
2026-05-28T14:14:00+00:00,85423.390000
2026-05-28T18:59:00+00:00,85413.030000
2026-05-28T20:09:00+00:00,86706.070000
2026-05-28T20:09:00+00:00,87528.710000
2026-05-29T06:34:00+00:00,87506.510000
2026-05-29T06:54:00+00:00,86404.310000
2026-05-29T13:49:00+00:00,86401.350000
2026-05-29T14:29:00+00:00,85426.390000
2026-06-01T13:44:00+00:00,85424.170000
2026-06-01T14:04:00+00:00,84785.950000
2026-06-01T14:04:00+00:00,84783.730000
2026-06-01T15:19:00+00:00,83853.010000
2026-06-02T13:29:00+00:00,83844.130000
2026-06-02T13:34:00+00:00,82833.250000
2026-06-02T13:39:00+00:00,82827.330000
2026-06-02T13:49:00+00:00,81869.410000
2026-06-02T13:54:00+00:00,81866.450000
2026-06-02T13:59:00+00:00,81864.970000
2026-06-02T20:04:00+00:00,82550.490000
2026-06-02T20:09:00+00:00,83280.010000
2026-06-02T20:09:00+00:00,83837.530000
2026-06-03T07:29:00+00:00,83822.730000
2026-06-03T08:14:00+00:00,82767.930000
2026-06-03T13:49:00+00:00,82765.710000
2026-06-03T14:14:00+00:00,81791.490000
2026-06-04T13:34:00+00:00,81783.350000
2026-06-04T13:44:00+00:00,82458.400000
2026-06-04T14:04:00+00:00,82456.180000
2026-06-04T14:09:00+00:00,84352.240000
2026-06-04T14:19:00+00:00,83948.020000
2026-06-04T14:19:00+00:00,83943.580000
2026-06-04T15:09:00+00:00,84699.610000
2026-06-04T17:59:00+00:00,86466.640000
2026-06-05T12:49:00+00:00,86460.720000
2026-06-05T12:59:00+00:00,85434.800000
2026-06-05T13:49:00+00:00,85433.320000
2026-06-05T16:34:00+00:00,86160.830000
2026-06-05T18:29:00+00:00,87373.840000
2026-06-08T13:59:00+00:00,87372.360000
2026-06-08T14:14:00+00:00,87001.880000
2026-06-08T14:14:00+00:00,86998.180000
2026-06-08T14:39:00+00:00,87631.200000
2026-06-08T19:14:00+00:00,87627.480000
2026-06-09T07:09:00+00:00,87617.860000
2026-06-09T07:19:00+00:00,86581.240000
2026-06-09T13:39:00+00:00,86575.320000
2026-06-09T13:44:00+00:00,85601.400000
2026-06-09T13:49:00+00:00,85599.180000
2026-06-09T13:59:00+00:00,84779.460000
2026-06-09T19:24:00+00:00,84778.720000
2026-06-09T20:04:00+00:00,84235.480000
2026-06-10T13:49:00+00:00,84234.740000
2026-06-10T15:14:00+00:00,83490.500000
2026-06-11T13:49:00+00:00,83488.280000
2026-06-11T14:59:00+00:00,82497.560000
2026-06-11T17:34:00+00:00,82496.820000
2026-06-11T20:09:00+00:00,83065.580000
