ts,equity
2021-06-14T08:34:00+00:00,49987.42
2021-06-14T09:19:00+00:00,50178.84000
2021-06-14T09:19:00+00:00,50163.30000
2021-06-14T10:44:00+00:00,49654.26000
2021-06-14T13:49:00+00:00,49652.04000
2021-06-14T13:54:00+00:00,49649.08000
2021-06-14T19:54:00+00:00,50007.600000
2021-06-14T20:09:00+00:00,50489.880000
2021-06-14T20:09:00+00:00,50893.400000
2021-06-14T23:59:00+00:00,50877.120000
2021-06-15T00:09:00+00:00,50354.840000
2021-06-15T00:09:00+00:00,50340.040000
2021-06-15T00:29:00+00:00,50700.140000
2021-06-15T01:19:00+00:00,51305.240000
2021-06-15T13:54:00+00:00,51301.540000
2021-06-15T14:04:00+00:00,50980.340000
2021-06-15T14:04:00+00:00,50976.640000
2021-06-15T15:49:00+00:00,51292.940000
2021-06-15T15:49:00+00:00,51284.060000
2021-06-15T16:59:00+00:00,50795.180000
2021-06-16T13:54:00+00:00,50790.740000
2021-06-16T15:09:00+00:00,50321.300000
2021-06-17T13:54:00+00:00,50319.820000
2021-06-17T15:24:00+00:00,50584.580000
2021-06-17T16:44:00+00:00,50583.100000
2021-06-17T20:09:00+00:00,50875.860000
2021-06-17T20:09:00+00:00,51110.380000
2021-06-18T11:34:00+00:00,51101.500000
2021-06-18T11:49:00+00:00,50588.620000
2021-06-18T12:09:00+00:00,50584.920000
2021-06-18T12:24:00+00:00,50850.440000
2021-06-18T13:44:00+00:00,50846.720000
2021-06-18T15:14:00+00:00,50845.240000
2021-06-18T17:29:00+00:00,50838.580000
2021-06-18T18:04:00+00:00,50332.420000
2021-06-18T20:09:00+00:00,50296.940000
2021-06-21T03:34:00+00:00,50287.320000
2021-06-21T06:14:00+00:00,50606.880000
2021-06-21T06:24:00+00:00,51231.700000
2021-06-21T08:09:00+00:00,51225.040000
2021-06-21T08:44:00+00:00,50705.380000
2021-06-21T14:39:00+00:00,50703.900000
2021-06-21T20:09:00+00:00,50907.420000
2021-06-22T06:24:00+00:00,50897.060000
2021-06-22T06:49:00+00:00,50375.700000
2021-06-22T09:09:00+00:00,50369.040000
2021-06-22T10:24:00+00:00,50816.880000
2021-06-22T10:24:00+00:00,50806.520000
2021-06-22T10:49:00+00:00,50292.160000
2021-06-22T13:49:00+00:00,50288.460000
2021-06-22T14:34:00+00:00,49794.760000
2021-06-22T15:09:00+00:00,49792.540000
2021-06-22T20:09:00+00:00,50261.320000
2021-06-23T05:29:00+00:00,50244.300000
2021-06-23T05:59:00+00:00,50590.910000
2021-06-23T06:09:00+00:00,50576.030000
2021-06-23T10:29:00+00:00,50569.370000
2021-06-23T11:24:00+00:00,50076.710000
2021-06-23T13:39:00+00:00,50073.750000
2021-06-23T13:59:00+00:00,50070.790000
2021-06-23T15:04:00+00:00,49653.830000
2021-06-23T15:19:00+00:00,49644.210000
2021-06-23T16:39:00+00:00,49217.250000
2021-06-23T16:39:00+00:00,48739.630000
2021-06-23T18:39:00+00:00,48735.930000
2021-06-23T20:09:00+00:00,48582.230000
2021-06-24T14:09:00+00:00,48578.530000
2021-06-24T17:09:00+00:00,48571.130000
2021-06-24T17:19:00+00:00,48103.730000
2021-06-24T17:24:00+00:00,47667.530000
2021-06-25T12:39:00+00:00,47660.130000
2021-06-25T13:54:00+00:00,47192.730000
2021-06-25T13:54:00+00:00,47187.550000
2021-06-25T14:14:00+00:00,47455.330000
2021-06-25T14:29:00+00:00,47450.370000
2021-06-25T14:34:00+00:00,47447.410000
2021-06-25T20:09:00+00:00,47082.450000
2021-06-28T14:09:00+00:00,47080.230000
2021-06-28T15:04:00+00:00,47043.510000
2021-06-28T15:04:00+00:00,47036.110000
2021-06-28T16:09:00+00:00,46593.710000
2021-06-29T12:24:00+00:00,46579.650000
2021-06-29T12:49:00+00:00,46109.590000
2021-06-29T14:49:00+00:00,46106.630000
2021-06-29T20:09:00+00:00,46553.670000
2021-06-30T11:09:00+00:00,46548.490000
2021-06-30T13:39:00+00:00,46557.310000
2021-06-30T13:39:00+00:00,46553.610000
2021-06-30T15:09:00+00:00,46399.910000
2021-06-30T15:09:00+00:00,46396.950000
2021-06-30T16:29:00+00:00,46019.990000
2021-07-01T09:34:00+00:00,46005.930000
2021-07-01T09:49:00+00:00,45526.370000
2021-07-01T15:09:00+00:00,45523.410000
2021-07-01T20:09:00+00:00,45294.450000
2021-07-02T13:49:00+00:00,45291.490000
2021-07-02T15:44:00+00:00,45287.050000
2021-07-02T19:39:00+00:00,45595.330000
2021-07-02T20:09:00+00:00,45932.370000
2021-07-02T20:09:00+00:00,46213.650000
2021-07-05T13:49:00+00:00,46195.150000
2021-07-05T22:04:00+00:00,45714.150000
2021-07-06T14:09:00+00:00,45711.190000
2021-07-06T14:34:00+00:00,45322.230000
2021-07-06T15:14:00+00:00,45317.050000
2021-07-06T15:49:00+00:00,44891.870000
2021-07-07T13:39:00+00:00,44888.910000
2021-07-07T14:04:00+00:00,44887.430000
2021-07-07T14:19:00+00:00,44890.470000
2021-07-07T14:19:00+00:00,44760.990000
2021-07-07T14:24:00+00:00,44757.290000
2021-07-07T14:34:00+00:00,44368.590000
2021-07-08T04:39:00+00:00,44357.490000
2021-07-08T06:19:00+00:00,44391.390000
2021-07-08T06:19:00+00:00,44378.070000
2021-07-08T06:49:00+00:00,44688.660000
2021-07-08T07:04:00+00:00,45210.750000
2021-07-08T13:49:00+00:00,45209.270000
2021-07-08T13:54:00+00:00,45207.790000
2021-07-08T14:04:00+00:00,44811.310000
2021-07-08T15:14:00+00:00,44721.830000
2021-07-08T15:14:00+00:00,44718.870000
2021-07-08T16:34:00+00:00,45047.390000
2021-07-08T19:04:00+00:00,45039.990000
2021-07-08T19:19:00+00:00,44577.590000
2021-07-08T20:09:00+00:00,44857.110000
2021-07-09T00:14:00+00:00,44851.190000
2021-07-09T00:39:00+00:00,44401.270000
2021-07-09T00:39:00+00:00,44394.610000
2021-07-09T02:04:00+00:00,44664.650000
2021-07-09T02:49:00+00:00,44658.450000
2021-07-09T07:14:00+00:00,44655.490000
2021-07-09T08:09:00+00:00,44651.790000
2021-07-09T10:04:00+00:00,44224.830000
2021-07-09T10:04:00+00:00,43836.130000
2021-07-09T12:24:00+00:00,43826.510000
2021-07-09T12:44:00+00:00,44119.070000
2021-07-09T13:34:00+00:00,44691.390000
2021-07-09T14:24:00+00:00,44689.170000
2021-07-09T16:44:00+00:00,44867.680000
2021-07-09T20:09:00+00:00,45187.200000
2021-07-12T08:09:00+00:00,45173.140000
2021-07-12T08:49:00+00:00,45483.730000
2021-07-12T08:59:00+00:00,46063.830000
2021-07-12T13:44:00+00:00,46058.650000
2021-07-12T13:54:00+00:00,46056.430000
2021-07-12T14:04:00+00:00,46337.710000
2021-07-12T15:04:00+00:00,46332.750000
2021-07-12T18:04:00+00:00,46222.530000
2021-07-12T18:04:00+00:00,46208.470000
2021-07-12T18:34:00+00:00,46519.060000
2021-07-12T19:54:00+00:00,47099.160000
2021-07-13T13:49:00+00:00,47096.200000
2021-07-13T15:24:00+00:00,47439.720000
2021-07-13T17:24:00+00:00,47437.240000
2021-07-14T06:24:00+00:00,47421.700000
2021-07-14T06:39:00+00:00,47744.300000
2021-07-14T06:59:00+00:00,47730.660000
2021-07-14T14:04:00+00:00,47727.700000
2021-07-14T15:29:00+00:00,47276.740000
2021-07-14T16:09:00+00:00,47270.820000
2021-07-14T16:44:00+00:00,47600.860000
2021-07-14T17:24:00+00:00,47595.900000
2021-07-15T07:44:00+00:00,47589.980000
2021-07-15T10:34:00+00:00,47132.060000
2021-07-15T13:54:00+00:00,47128.360000
2021-07-15T14:29:00+00:00,46714.660000
2021-07-15T14:44:00+00:00,46713.180000
2021-07-15T18:09:00+00:00,46905.700000
2021-07-15T18:09:00+00:00,46899.040000
2021-07-15T18:59:00+00:00,47199.080000
2021-07-15T19:39:00+00:00,47826.630000
2021-07-16T00:19:00+00:00,47813.310000
2021-07-16T00:59:00+00:00,47313.990000
2021-07-16T05:54:00+00:00,47296.230000
2021-07-16T06:04:00+00:00,47629.350000
2021-07-16T06:09:00+00:00,48190.470000
2021-07-16T06:29:00+00:00,48182.330000
2021-07-16T07:09:00+00:00,47706.690000
2021-07-16T08:14:00+00:00,47699.290000
2021-07-16T09:09:00+00:00,47216.890000
2021-07-16T13:49:00+00:00,47213.190000
2021-07-16T14:24:00+00:00,47478.710000
2021-07-16T15:14:00+00:00,48143.990000
2021-07-19T07:09:00+00:00,48135.110000
2021-07-19T07:19:00+00:00,47670.230000
2021-07-19T07:24:00+00:00,47662.090000
2021-07-19T08:39:00+00:00,47180.950000
2021-07-19T13:59:00+00:00,47179.470000
2021-07-19T15:34:00+00:00,46828.990000
2021-07-20T10:14:00+00:00,46822.330000
2021-07-20T11:04:00+00:00,46817.150000
2021-07-20T11:49:00+00:00,46373.990000
2021-07-20T11:49:00+00:00,45931.310000
2021-07-20T14:24:00+00:00,45929.830000
2021-07-20T18:14:00+00:00,46203.590000
2021-07-20T20:09:00+00:00,46406.850000
2021-07-21T05:59:00+00:00,46384.650000
2021-07-21T06:04:00+00:00,46077.450000
2021-07-21T13:59:00+00:00,46075.230000
2021-07-21T20:09:00+00:00,46472.010000
2021-07-22T00:19:00+00:00,46460.910000
2021-07-22T06:44:00+00:00,46765.480000
2021-07-22T07:04:00+00:00,47349.560000
2021-07-22T08:09:00+00:00,47339.940000
2021-07-22T12:44:00+00:00,47659.500000
2021-07-22T13:34:00+00:00,47650.820000
2021-07-22T14:29:00+00:00,47648.600000
2021-07-22T16:09:00+00:00,47391.380000
2021-07-22T16:09:00+00:00,47386.200000
2021-07-22T17:04:00+00:00,46957.520000
2021-07-23T13:39:00+00:00,46953.080000
2021-07-23T13:54:00+00:00,46588.640000
2021-07-23T13:54:00+00:00,46584.940000
2021-07-23T14:19:00+00:00,46582.720000
2021-07-23T15:29:00+00:00,46854.240000
2021-07-23T17:14:00+00:00,47534.520000
2021-07-23T17:14:00+00:00,47722.780000
2021-07-23T20:09:00+00:00,48101.300000
2021-07-26T00:09:00+00:00,48081.320000
2021-07-26T00:39:00+00:00,48412.950000
2021-07-26T00:49:00+00:00,49015.090000
2021-07-26T08:39:00+00:00,49006.210000
2021-07-26T11:09:00+00:00,48997.330000
2021-07-26T11:39:00+00:00,49343.890000
2021-07-26T11:59:00+00:00,49579.450000
2021-07-26T11:59:00+00:00,49714.570000
2021-07-26T12:04:00+00:00,49703.470000
2021-07-26T12:39:00+00:00,50039.540000
2021-07-26T13:34:00+00:00,50683.620000
2021-07-26T13:39:00+00:00,50676.960000
2021-07-26T13:54:00+00:00,50359.800000
2021-07-26T13:54:00+00:00,50356.840000
2021-07-26T14:19:00+00:00,50321.880000
2021-07-26T14:19:00+00:00,50312.260000
2021-07-26T14:34:00+00:00,49802.140000
2021-07-26T14:49:00+00:00,49792.520000
2021-07-26T14:59:00+00:00,49282.400000
2021-07-27T05:09:00+00:00,49260.200000
2021-07-27T05:54:00+00:00,48743.000000
2021-07-27T11:29:00+00:00,48726.720000
2021-07-27T13:14:00+00:00,49073.330000
2021-07-27T13:34:00+00:00,49656.440000
2021-07-27T13:59:00+00:00,49654.220000
2021-07-27T14:34:00+00:00,49846.230000
2021-07-27T15:19:00+00:00,50487.250000
2021-07-28T01:49:00+00:00,50476.890000
2021-07-28T02:04:00+00:00,50828.710000
2021-07-28T02:24:00+00:00,50820.030000
2021-07-28T13:44:00+00:00,50816.330000
2021-07-28T13:54:00+00:00,50307.630000
2021-07-28T13:59:00+00:00,50301.710000
2021-07-28T14:14:00+00:00,50658.750000
2021-07-28T14:19:00+00:00,51255.790000
2021-07-28T14:19:00+00:00,51255.050000
2021-07-28T20:09:00+00:00,51107.810000
2021-07-29T07:44:00+00:00,51096.710000
2021-07-29T10:44:00+00:00,51443.280000
2021-07-29T10:49:00+00:00,52107.360000
2021-07-29T11:09:00+00:00,52099.960000
2021-07-29T13:34:00+00:00,52475.010000
2021-07-29T13:34:00+00:00,52468.810000
2021-07-29T14:54:00+00:00,52467.330000
2021-07-29T20:04:00+00:00,52097.850000
2021-07-30T13:49:00+00:00,52094.890000
2021-07-30T20:09:00+00:00,52425.930000
2021-08-02T00:19:00+00:00,52421.490000
2021-08-02T12:39:00+00:00,52415.570000
2021-08-02T13:39:00+00:00,51905.650000
2021-08-02T13:44:00+00:00,51391.210000
2021-08-02T13:44:00+00:00,51386.770000
2021-08-02T14:14:00+00:00,50920.330000
2021-08-02T15:24:00+00:00,50918.850000
2021-08-02T19:39:00+00:00,50539.370000
2021-08-03T00:09:00+00:00,50526.790000
2021-08-03T01:19:00+00:00,50012.710000
2021-08-03T09:19:00+00:00,50005.310000
2021-08-03T12:59:00+00:00,49517.910000
2021-08-03T13:54:00+00:00,49515.690000
2021-08-03T15:49:00+00:00,49192.470000
2021-08-03T15:49:00+00:00,49190.990000
2021-08-03T20:09:00+00:00,49404.510000
2021-08-04T01:54:00+00:00,49392.670000
2021-08-04T05:49:00+00:00,49740.750000
2021-08-04T08:09:00+00:00,49730.830000
2021-08-04T14:14:00+00:00,49726.390000
2021-08-04T16:14:00+00:00,49268.950000
2021-08-04T23:09:00+00:00,49254.890000
2021-08-05T00:09:00+00:00,48746.830000
2021-08-05T13:49:00+00:00,48743.130000
2021-08-05T20:09:00+00:00,49156.930000
2021-08-06T14:14:00+00:00,49153.230000
2021-08-06T17:29:00+00:00,49140.650000
2021-08-06T20:09:00+00:00,49281.950000
2021-08-06T20:09:00+00:00,49388.370000
2021-08-09T07:14:00+00:00,49382.450000
2021-08-09T11:29:00+00:00,49733.490000
2021-08-09T13:39:00+00:00,49728.530000
2021-08-09T13:44:00+00:00,49723.350000
2021-08-09T14:34:00+00:00,49252.670000
2021-08-09T18:34:00+00:00,49250.450000
2021-08-09T18:49:00+00:00,49179.230000
2021-08-09T18:49:00+00:00,49165.910000
2021-08-09T20:09:00+00:00,49188.590000
2021-08-10T14:29:00+00:00,49185.630000
2021-08-10T14:44:00+00:00,49529.150000
2021-08-10T20:04:00+00:00,49757.670000
2021-08-11T13:49:00+00:00,49754.710000
2021-08-11T15:19:00+00:00,50107.230000
2021-08-11T19:54:00+00:00,50259.750000
2021-08-12T14:19:00+00:00,50256.790000
2021-08-12T14:24:00+00:00,50253.830000
2021-08-12T20:09:00+00:00,50774.870000
2021-08-12T20:09:00+00:00,51287.910000
2021-08-13T13:49:00+00:00,51281.990000
2021-08-13T20:09:00+00:00,51636.070000
2021-08-16T07:24:00+00:00,51627.930000
2021-08-16T10:14:00+00:00,51124.790000
2021-08-16T13:49:00+00:00,51120.350000
2021-08-16T13:59:00+00:00,51117.390000
2021-08-16T14:09:00+00:00,51445.920000
2021-08-16T14:14:00+00:00,51994.950000
2021-08-16T14:34:00+00:00,52354.970000
2021-08-16T17:24:00+00:00,52352.490000
2021-08-17T14:19:00+00:00,52350.270000
2021-08-17T14:44:00+00:00,51934.050000
2021-08-17T16:34:00+00:00,51930.350000
2021-08-17T16:54:00+00:00,51446.650000
2021-08-17T17:44:00+00:00,51445.170000
2021-08-17T19:04:00+00:00,51186.690000
2021-08-17T19:04:00+00:00,51184.470000
2021-08-17T20:09:00+00:00,51195.750000
2021-08-18T13:54:00+00:00,51192.790000
2021-08-18T15:39:00+00:00,50751.830000
2021-08-18T18:19:00+00:00,50748.130000
2021-08-18T18:34:00+00:00,50266.930000
2021-08-19T11:59:00+00:00,50263.230000
2021-08-19T12:29:00+00:00,50057.030000
2021-08-19T12:29:00+00:00,50051.110000
2021-08-19T13:34:00+00:00,50405.150000
2021-08-19T14:04:00+00:00,50997.190000
2021-08-19T14:09:00+00:00,50994.970000
2021-08-19T15:49:00+00:00,51243.230000
2021-08-19T20:09:00+00:00,51635.750000
2021-08-20T00:09:00+00:00,51621.690000
2021-08-20T00:49:00+00:00,51966.030000
2021-08-20T01:19:00+00:00,51953.630000
2021-08-20T13:49:00+00:00,51949.930000
2021-08-20T14:24:00+00:00,52251.450000
2021-08-20T15:54:00+00:00,52247.730000
2021-08-23T07:09:00+00:00,52237.370000
2021-08-23T13:34:00+00:00,51723.010000
2021-08-23T13:49:00+00:00,51720.790000
2021-08-23T15:59:00+00:00,51937.550000
2021-08-23T20:09:00+00:00,52426.070000
2021-08-24T14:09:00+00:00,52422.370000
2021-08-24T19:39:00+00:00,52403.670000
2021-08-25T08:09:00+00:00,52389.610000
2021-08-25T08:14:00+00:00,51843.550000
2021-08-25T11:49:00+00:00,51830.230000
2021-08-25T13:34:00+00:00,52208.320000
2021-08-25T13:34:00+00:00,52842.910000
2021-08-25T13:59:00+00:00,52836.990000
2021-08-25T14:09:00+00:00,52832.550000
2021-08-25T17:14:00+00:00,52820.710000
2021-08-25T18:09:00+00:00,52384.870000
2021-08-25T20:09:00+00:00,52626.950000
2021-08-25T20:09:00+00:00,52571.510000
2021-08-26T07:34:00+00:00,52565.590000
2021-08-26T14:04:00+00:00,52935.670000
2021-08-26T14:04:00+00:00,52929.010000
2021-08-26T14:24:00+00:00,52924.570000
2021-08-26T14:29:00+00:00,53257.610000
2021-08-26T14:29:00+00:00,53953.910000
2021-08-26T14:29:00+00:00,53947.990000
2021-08-26T15:04:00+00:00,54290.020000
2021-08-26T15:19:00+00:00,54286.300000
2021-08-26T15:19:00+00:00,53784.380000
2021-08-27T06:09:00+00:00,53765.880000
2021-08-27T07:04:00+00:00,53209.880000
2021-08-27T13:19:00+00:00,53199.520000
2021-08-27T13:34:00+00:00,52678.160000
2021-08-27T13:44:00+00:00,52673.720000
2021-08-27T14:04:00+00:00,52165.280000
2021-08-27T14:04:00+00:00,52163.060000
2021-08-27T20:09:00+00:00,52490.840000
2021-08-30T12:54:00+00:00,52474.560000
2021-08-30T13:34:00+00:00,52845.920000
2021-08-30T13:34:00+00:00,53470.280000
2021-08-30T13:54:00+00:00,53467.320000
2021-08-30T18:19:00+00:00,53849.840000
2021-08-30T20:09:00+00:00,54173.360000
2021-08-31T11:24:00+00:00,54168.920000
2021-08-31T12:29:00+00:00,53666.480000
2021-08-31T13:39:00+00:00,53657.600000
2021-08-31T13:54:00+00:00,53655.380000
2021-08-31T14:04:00+00:00,54028.940000
2021-08-31T14:09:00+00:00,54021.500000
2021-08-31T20:09:00+00:00,53630.780000
2021-09-01T13:39:00+00:00,53624.860000
2021-09-01T13:49:00+00:00,53622.640000
2021-09-01T19:14:00+00:00,53096.720000
2021-09-01T19:44:00+00:00,52655.000000
2021-09-02T05:44:00+00:00,52638.720000
2021-09-02T07:29:00+00:00,53010.080000
2021-09-02T08:09:00+00:00,53634.440000
2021-09-02T09:39:00+00:00,53627.780000
2021-09-02T09:49:00+00:00,53540.120000
2021-09-02T09:49:00+00:00,53522.360000
2021-09-02T10:54:00+00:00,53517.920000
2021-09-02T11:44:00+00:00,52972.160000
2021-09-02T11:44:00+00:00,52787.720000
2021-09-02T13:59:00+00:00,52781.800000
2021-09-02T15:19:00+00:00,52719.880000
2021-09-02T15:19:00+00:00,52713.220000
2021-09-02T16:04:00+00:00,52193.560000
2021-09-03T11:49:00+00:00,52172.100000
2021-09-03T12:34:00+00:00,51628.640000
2021-09-03T12:44:00+00:00,51626.420000
2021-09-03T13:59:00+00:00,51324.200000
2021-09-03T13:59:00+00:00,51322.720000
2021-09-03T19:24:00+00:00,51384.240000
2021-09-03T19:24:00+00:00,51370.180000
2021-09-03T20:09:00+00:00,51536.620000
2021-09-06T13:49:00+00:00,51515.900000
2021-09-07T00:04:00+00:00,50977.180000
2021-09-07T08:29:00+00:00,50971.260000
2021-09-07T09:24:00+00:00,50489.340000
2021-09-07T13:34:00+00:00,50479.720000
2021-09-07T13:44:00+00:00,50817.280000
2021-09-07T13:44:00+00:00,50810.620000
2021-09-07T13:49:00+00:00,50801.940000
2021-09-07T13:49:00+00:00,50309.280000
2021-09-07T13:54:00+00:00,50306.320000
2021-09-07T14:49:00+00:00,49881.360000
2021-09-08T00:09:00+00:00,49865.820000
2021-09-08T05:24:00+00:00,49859.160000
2021-09-08T06:39:00+00:00,49686.000000
2021-09-08T07:04:00+00:00,49176.960000
2021-09-08T12:54:00+00:00,49165.860000
2021-09-08T13:34:00+00:00,48667.260000
2021-09-08T14:34:00+00:00,48665.040000
2021-09-08T20:09:00+00:00,48560.820000
2021-09-09T07:24:00+00:00,48554.900000
2021-09-09T11:49:00+00:00,48892.980000
2021-09-09T11:49:00+00:00,48887.800000
2021-09-09T12:54:00+00:00,48616.620000
2021-09-09T12:54:00+00:00,48613.660000
2021-09-09T15:29:00+00:00,48508.700000
2021-09-09T15:29:00+00:00,48505.740000
2021-09-09T20:09:00+00:00,48966.780000
2021-09-10T01:34:00+00:00,48953.460000
2021-09-10T04:39:00+00:00,49311.300000
2021-09-10T06:54:00+00:00,49295.760000
2021-09-10T07:04:00+00:00,49896.600000
2021-09-10T07:24:00+00:00,50174.200000
2021-09-10T08:24:00+00:00,50688.560000
2021-09-10T12:24:00+00:00,50667.840000
2021-09-10T13:29:00+00:00,50129.120000
2021-09-10T14:04:00+00:00,50125.420000
2021-09-10T15:29:00+00:00,50398.440000
2021-09-10T19:14:00+00:00,51082.470000
2021-09-13T13:44:00+00:00,51078.770000
2021-09-13T13:59:00+00:00,51077.290000
2021-09-13T14:14:00+00:00,51348.810000
2021-09-13T19:09:00+00:00,51347.330000
2021-09-13T20:09:00+00:00,51411.110000
2021-09-13T20:09:00+00:00,51410.630000
2021-09-13T20:09:00+00:00,51166.150000
2021-09-14T01:49:00+00:00,51148.390000
2021-09-14T02:24:00+00:00,50614.630000
2021-09-14T05:39:00+00:00,50594.650000
2021-09-14T06:04:00+00:00,50945.780000
2021-09-14T06:44:00+00:00,51582.920000
2021-09-14T13:54:00+00:00,51580.700000
2021-09-14T20:09:00+00:00,51837.980000
2021-09-15T13:44:00+00:00,51835.020000
2021-09-15T14:14:00+00:00,51833.540000
2021-09-15T16:04:00+00:00,51680.580000
2021-09-15T16:04:00+00:00,51511.100000
2021-09-15T16:09:00+00:00,51506.660000
2021-09-15T16:44:00+00:00,51880.190000
2021-09-15T17:54:00+00:00,52504.220000
2021-09-16T01:39:00+00:00,52493.860000
2021-09-16T05:39:00+00:00,52882.430000
2021-09-16T09:49:00+00:00,53533.500000
2021-09-16T13:49:00+00:00,53530.540000
2021-09-16T17:59:00+00:00,53047.580000
2021-09-17T13:54:00+00:00,53046.100000
2021-09-17T15:34:00+00:00,53045.360000
2021-09-17T20:09:00+00:00,53402.880000
2021-09-17T20:09:00+00:00,53420.640000
2021-09-20T14:24:00+00:00,53419.160000
2021-09-20T17:24:00+00:00,53821.680000
2021-09-20T17:24:00+00:00,53815.020000
2021-09-20T18:09:00+00:00,53272.860000
2021-09-20T23:49:00+00:00,53262.500000
2021-09-21T00:14:00+00:00,53651.070000
2021-09-21T00:34:00+00:00,54302.140000
2021-09-21T03:24:00+00:00,54291.040000
2021-09-21T03:49:00+00:00,53732.440000
2021-09-21T05:29:00+00:00,53726.520000
2021-09-21T07:24:00+00:00,53204.600000
2021-09-21T08:39:00+00:00,53203.120000
2021-09-21T12:19:00+00:00,53052.640000
2021-09-21T12:19:00+00:00,53041.540000
2021-09-21T12:59:00+00:00,53398.610000
2021-09-21T13:04:00+00:00,54082.690000
2021-09-21T13:49:00+00:00,54081.210000
2021-09-21T13:54:00+00:00,54078.990000
2021-09-21T14:04:00+00:00,53868.510000
2021-09-21T14:04:00+00:00,53666.790000
2021-09-21T14:09:00+00:00,53663.830000
2021-09-21T15:14:00+00:00,53212.870000
2021-09-21T15:14:00+00:00,53209.910000
2021-09-21T17:29:00+00:00,52742.950000
2021-09-22T01:14:00+00:00,52738.510000
2021-09-22T07:09:00+00:00,53123.290000
2021-09-22T13:19:00+00:00,53352.070000
2021-09-22T13:19:00+00:00,53342.450000
2021-09-22T13:34:00+00:00,53684.510000
2021-09-22T13:34:00+00:00,53675.830000
2021-09-22T13:59:00+00:00,53672.870000
2021-09-22T14:04:00+00:00,53669.170000
2021-09-22T15:34:00+00:00,53936.190000
2021-09-22T15:44:00+00:00,54305.210000
2021-09-22T18:04:00+00:00,54301.490000
2021-09-22T20:09:00+00:00,54661.010000
2021-09-23T03:39:00+00:00,54654.350000
2021-09-23T06:39:00+00:00,54566.690000
2021-09-23T06:39:00+00:00,54555.590000
2021-09-23T06:54:00+00:00,54912.660000
2021-09-23T07:34:00+00:00,55596.740000
2021-09-23T07:49:00+00:00,55593.780000
2021-09-23T13:09:00+00:00,55060.820000
2021-09-23T13:49:00+00:00,55059.340000
2021-09-23T16:09:00+00:00,55060.860000
2021-09-23T16:09:00+00:00,55057.160000
2021-09-23T17:29:00+00:00,54555.960000
2021-09-24T13:59:00+00:00,54553.000000
2021-09-24T14:19:00+00:00,54398.040000
2021-09-24T14:19:00+00:00,54393.600000
2021-09-24T15:09:00+00:00,54218.160000
2021-09-24T15:09:00+00:00,54215.200000
2021-09-24T19:49:00+00:00,54558.720000
2021-09-24T20:09:00+00:00,54851.240000
2021-09-27T13:44:00+00:00,54849.760000
2021-09-27T15:04:00+00:00,54405.280000
2021-09-27T15:04:00+00:00,54404.540000
2021-09-27T19:19:00+00:00,54403.060000
2021-09-27T20:09:00+00:00,54328.320000
2021-09-27T20:09:00+00:00,54169.840000
2021-09-28T00:14:00+00:00,54160.220000
2021-09-28T00:29:00+00:00,53624.100000
2021-09-28T05:09:00+00:00,53618.180000
2021-09-28T06:14:00+00:00,53602.640000
2021-09-28T06:24:00+00:00,53970.240000
2021-09-28T06:29:00+00:00,54354.280000
2021-09-28T06:29:00+00:00,55033.640000
2021-09-28T06:39:00+00:00,55675.680000
2021-09-28T09:39:00+00:00,55673.460000
2021-09-28T10:29:00+00:00,55839.240000
2021-09-28T10:29:00+00:00,55834.800000
2021-09-28T13:49:00+00:00,55293.360000
2021-09-28T13:49:00+00:00,55291.880000
2021-09-28T20:09:00+00:00,55900.400000
2021-09-29T12:54:00+00:00,55891.520000
2021-09-29T13:19:00+00:00,55336.640000
2021-09-29T13:49:00+00:00,55334.420000
2021-09-29T13:54:00+00:00,55332.200000
2021-09-29T15:24:00+00:00,54848.480000
2021-09-29T15:39:00+00:00,54352.760000
2021-09-30T01:29:00+00:00,54343.880000
2021-09-30T01:59:00+00:00,53795.000000
2021-09-30T07:24:00+00:00,53789.820000
2021-09-30T08:39:00+00:00,53301.640000
2021-09-30T13:39:00+00:00,53298.680000
2021-09-30T14:04:00+00:00,53403.720000
2021-09-30T14:04:00+00:00,53398.540000
2021-09-30T14:34:00+00:00,53706.820000
2021-09-30T14:54:00+00:00,53704.600000
2021-09-30T15:39:00+00:00,54391.640000
2021-09-30T16:14:00+00:00,54603.150000
2021-09-30T18:09:00+00:00,54600.670000
2021-10-01T06:19:00+00:00,54590.310000
2021-10-01T06:24:00+00:00,54989.380000
2021-10-01T07:04:00+00:00,54980.700000
2021-10-01T12:39:00+00:00,54974.040000
2021-10-01T13:09:00+00:00,54467.880000
2021-10-01T13:54:00+00:00,54466.400000
2021-10-01T15:04:00+00:00,54502.920000
2021-10-01T15:04:00+00:00,54500.700000
2021-10-01T17:49:00+00:00,54709.960000
2021-10-01T19:04:00+00:00,55408.480000
2021-10-04T13:49:00+00:00,55407.740000
2021-10-04T20:09:00+00:00,55585.500000
2021-10-05T10:44:00+00:00,55581.060000
2021-10-05T11:44:00+00:00,55577.360000
2021-10-05T13:49:00+00:00,55575.140000
2021-10-05T13:54:00+00:00,55935.170000
2021-10-05T14:04:00+00:00,56214.190000
2021-10-05T14:09:00+00:00,56815.720000
2021-10-05T14:44:00+00:00,57514.750000
2021-10-05T15:04:00+00:00,57746.510000
2021-10-05T20:09:00+00:00,58104.030000
2021-10-06T07:09:00+00:00,58098.110000
2021-10-06T07:49:00+00:00,58506.150000
2021-10-06T09:24:00+00:00,59188.190000
2021-10-06T12:04:00+00:00,59185.230000
2021-10-06T12:24:00+00:00,59164.270000
2021-10-06T12:24:00+00:00,59158.350000
2021-10-06T12:44:00+00:00,58620.430000
2021-10-06T13:59:00+00:00,58618.210000
2021-10-06T14:04:00+00:00,58616.730000
2021-10-06T14:19:00+00:00,58413.510000
2021-10-06T14:19:00+00:00,58110.030000
2021-10-06T14:24:00+00:00,58108.550000
2021-10-06T17:59:00+00:00,58235.070000
2021-10-06T17:59:00+00:00,58226.930000
2021-10-06T18:14:00+00:00,57635.790000
2021-10-07T10:29:00+00:00,57626.910000
2021-10-07T10:59:00+00:00,57060.030000
2021-10-07T13:39:00+00:00,57054.110000
2021-10-07T13:59:00+00:00,57052.630000
2021-10-07T14:04:00+00:00,57448.670000
2021-10-07T16:04:00+00:00,58110.710000
2021-10-07T20:09:00+00:00,57844.230000
2021-10-08T00:14:00+00:00,57833.130000
2021-10-08T00:44:00+00:00,57259.530000
2021-10-08T07:24:00+00:00,57253.610000
2021-10-08T11:29:00+00:00,56687.690000
2021-10-08T12:44:00+00:00,56686.210000
2021-10-08T12:54:00+00:00,56569.730000
2021-10-08T12:54:00+00:00,56566.770000
2021-10-08T14:44:00+00:00,56961.290000
2021-10-08T14:44:00+00:00,56959.810000
2021-10-08T20:09:00+00:00,57460.330000
2021-10-08T20:09:00+00:00,57575.850000
2021-10-11T13:49:00+00:00,57574.370000
2021-10-11T19:54:00+00:00,57069.890000
2021-10-12T05:39:00+00:00,57060.270000
2021-10-12T06:04:00+00:00,57447.330000
2021-10-12T06:59:00+00:00,58203.400000
2021-10-12T07:14:00+00:00,58195.260000
2021-10-12T08:44:00+00:00,58562.810000
2021-10-12T09:04:00+00:00,59300.870000
2021-10-12T13:49:00+00:00,59298.650000
2021-10-12T20:09:00+00:00,59770.430000
2021-10-13T07:09:00+00:00,59760.070000
2021-10-13T07:29:00+00:00,59161.710000
2021-10-13T07:39:00+00:00,59157.270000
2021-10-13T08:54:00+00:00,59542.050000
2021-10-13T12:39:00+00:00,59592.330000
2021-10-13T12:39:00+00:00,59587.150000
2021-10-13T12:59:00+00:00,59424.470000
2021-10-13T12:59:00+00:00,59416.330000
2021-10-13T13:19:00+00:00,59787.630000
2021-10-13T13:29:00+00:00,60533.190000
2021-10-13T13:54:00+00:00,60530.970000
2021-10-13T15:54:00+00:00,60444.750000
2021-10-13T15:54:00+00:00,60441.050000
2021-10-13T20:09:00+00:00,60932.350000
2021-10-14T07:39:00+00:00,60923.470000
2021-10-14T08:14:00+00:00,60308.590000
2021-10-14T14:04:00+00:00,60306.370000
2021-10-14T20:09:00+00:00,60700.150000
2021-10-15T06:19:00+00:00,60686.090000
2021-10-15T07:24:00+00:00,61091.180000
2021-10-15T07:44:00+00:00,61846.280000
2021-10-15T12:49:00+00:00,61839.620000
2021-10-15T13:34:00+00:00,61243.460000
2021-10-15T14:59:00+00:00,61240.500000
2021-10-15T19:09:00+00:00,61105.540000
2021-10-15T19:09:00+00:00,61090.740000
2021-10-15T19:19:00+00:00,60465.940000
2021-10-18T13:49:00+00:00,60462.980000
2021-10-18T17:14:00+00:00,60832.000000
2021-10-18T19:54:00+00:00,61448.020000
2021-10-19T00:44:00+00:00,61439.140000
2021-10-19T06:04:00+00:00,60836.260000
2021-10-19T08:14:00+00:00,60829.600000
2021-10-19T13:24:00+00:00,60817.760000
2021-10-19T13:34:00+00:00,60213.920000
2021-10-19T13:54:00+00:00,60210.220000
2021-10-19T14:59:00+00:00,60585.260000
2021-10-19T18:29:00+00:00,61101.560000
2021-10-19T18:29:00+00:00,61305.360000
2021-10-19T18:34:00+00:00,61286.120000
2021-10-19T19:04:00+00:00,60642.880000
2021-10-19T19:29:00+00:00,60630.300000
2021-10-19T20:04:00+00:00,60005.720000
2021-10-20T02:34:00+00:00,59984.260000
2021-10-20T07:14:00+00:00,60404.400000
2021-10-20T07:19:00+00:00,61162.050000
2021-10-20T09:34:00+00:00,61155.390000
2021-10-20T12:19:00+00:00,61145.770000
2021-10-20T13:34:00+00:00,61139.850000
2021-10-20T13:54:00+00:00,61218.690000
2021-10-20T13:54:00+00:00,61072.570000
2021-10-20T13:54:00+00:00,60878.650000
2021-10-20T13:59:00+00:00,60872.730000
2021-10-20T14:34:00+00:00,60318.810000
2021-10-20T23:24:00+00:00,60313.630000
2021-10-21T01:44:00+00:00,60220.950000
2021-10-21T01:44:00+00:00,60213.550000
2021-10-21T04:19:00+00:00,59626.150000
2021-10-21T07:14:00+00:00,59618.010000
2021-10-21T13:44:00+00:00,59993.060000
2021-10-21T13:54:00+00:00,59989.360000
2021-10-21T14:09:00+00:00,60742.420000
2021-10-21T19:59:00+00:00,61075.440000
2021-10-21T20:09:00+00:00,61604.220000
2021-10-21T23:29:00+00:00,61602.000000
2021-10-22T13:44:00+00:00,61280.280000
2021-10-22T13:44:00+00:00,61274.360000
2021-10-22T13:49:00+00:00,60668.440000
2021-10-22T13:49:00+00:00,60664.740000
2021-10-22T14:29:00+00:00,60106.040000
2021-10-22T14:39:00+00:00,60098.640000
2021-10-22T15:19:00+00:00,60522.440000
2021-10-22T15:19:00+00:00,61231.240000
2021-10-24T22:24:00+00:00,61225.320000
2021-10-24T22:39:00+00:00,61083.400000
2021-10-24T22:39:00+00:00,61078.220000
2021-10-25T05:54:00+00:00,60499.040000
2021-10-25T15:59:00+00:00,60497.560000
2021-10-25T20:09:00+00:00,60801.080000
2021-10-26T01:39:00+00:00,60787.760000
2021-10-26T06:34:00+00:00,60180.440000
2021-10-26T12:19:00+00:00,60164.900000
2021-10-26T12:29:00+00:00,59561.360000
2021-10-26T14:14:00+00:00,59559.140000
2021-10-26T16:04:00+00:00,58988.420000
2021-10-26T16:19:00+00:00,58981.020000
2021-10-26T16:39:00+00:00,58383.620000
2021-10-27T13:49:00+00:00,58380.660000
2021-10-27T14:09:00+00:00,57991.700000
2021-10-27T14:09:00+00:00,57988.740000
2021-10-27T14:44:00+00:00,57511.780000
2021-10-27T17:54:00+00:00,57491.800000
2021-10-27T18:09:00+00:00,56891.320000
2021-10-28T06:44:00+00:00,56880.220000
2021-10-28T07:19:00+00:00,56299.120000
2021-10-28T07:24:00+00:00,56290.980000
2021-10-28T10:54:00+00:00,56654.780000
2021-10-28T13:49:00+00:00,57385.340000
2021-10-28T14:09:00+00:00,57381.640000
2021-10-28T15:54:00+00:00,57725.440000
2021-10-28T15:54:00+00:00,57718.780000
2021-10-28T18:39:00+00:00,57154.120000
2021-10-29T02:04:00+00:00,57148.200000
2021-10-29T06:34:00+00:00,57170.280000
2021-10-29T06:34:00+00:00,57157.700000
2021-10-29T07:04:00+00:00,56575.620000
2021-10-29T07:19:00+00:00,56568.960000
2021-10-29T10:14:00+00:00,56022.300000
2021-10-29T13:19:00+00:00,56014.900000
2021-10-29T13:44:00+00:00,56431.200000
2021-10-29T13:54:00+00:00,56428.240000
2021-10-29T15:09:00+00:00,57124.540000
2021-10-29T16:24:00+00:00,57529.560000
2021-10-29T20:09:00+00:00,58156.080000
2021-10-31T23:24:00+00:00,58153.860000
2021-11-01T13:49:00+00:00,57776.640000
2021-11-01T13:49:00+00:00,57773.680000
2021-11-01T17:04:00+00:00,57252.720000
2021-11-01T17:29:00+00:00,57246.060000
2021-11-01T18:19:00+00:00,57588.100000
2021-11-01T18:29:00+00:00,57866.900000
2021-11-01T18:29:00+00:00,57859.500000
2021-11-01T19:24:00+00:00,58257.050000
2021-11-01T19:59:00+00:00,58922.100000
2021-11-02T07:09:00+00:00,58901.380000
2021-11-02T08:04:00+00:00,59321.520000
2021-11-02T09:04:00+00:00,60028.660000
2021-11-02T09:29:00+00:00,60016.820000
2021-11-02T13:39:00+00:00,60442.900000
2021-11-02T13:39:00+00:00,61156.980000
2021-11-02T13:49:00+00:00,61154.760000
2021-11-02T15:59:00+00:00,61031.040000
2021-11-02T15:59:00+00:00,61023.640000
2021-11-02T19:44:00+00:00,60441.240000
2021-11-03T14:04:00+00:00,60437.540000
2021-11-03T15:49:00+00:00,60141.340000
2021-11-03T15:49:00+00:00,60132.460000
2021-11-03T18:04:00+00:00,60560.020000
2021-11-03T18:04:00+00:00,60552.580000
2021-11-03T18:09:00+00:00,60548.140000
2021-11-03T18:54:00+00:00,60946.420000
2021-11-03T19:44:00+00:00,61611.700000
2021-11-04T07:39:00+00:00,61589.500000
2021-11-04T08:04:00+00:00,61042.300000
2021-11-04T13:49:00+00:00,61039.340000
2021-11-04T14:49:00+00:00,61448.860000
2021-11-04T20:09:00+00:00,61843.380000
2021-11-05T08:09:00+00:00,61831.540000
2021-11-05T09:04:00+00:00,62287.620000
2021-11-05T09:39:00+00:00,63051.700000
2021-11-05T13:54:00+00:00,63048.740000
2021-11-05T14:04:00+00:00,62617.780000
2021-11-05T14:04:00+00:00,62615.560000
2021-11-05T17:14:00+00:00,62119.840000
2021-11-07T23:59:00+00:00,62116.140000
2021-11-08T01:59:00+00:00,62110.220000
2021-11-08T08:14:00+00:00,61508.300000
2021-11-08T10:49:00+00:00,61491.280000
2021-11-08T11:24:00+00:00,60876.260000
2021-11-08T14:24:00+00:00,60277.560000
2021-11-08T15:04:00+00:00,60274.600000
2021-11-08T15:54:00+00:00,60143.640000
2021-11-08T15:54:00+00:00,60137.720000
2021-11-08T21:04:00+00:00,59535.800000
2021-11-09T06:29:00+00:00,59515.820000
2021-11-09T08:14:00+00:00,58888.340000
2021-11-09T14:49:00+00:00,58885.380000
2021-11-09T14:54:00+00:00,58880.940000
2021-11-09T14:59:00+00:00,59267.960000
2021-11-09T14:59:00+00:00,59657.240000
2021-11-09T14:59:00+00:00,59653.520000
2021-11-09T18:49:00+00:00,60299.540000
2021-11-10T13:39:00+00:00,60290.660000
2021-11-10T13:54:00+00:00,59675.780000
2021-11-10T14:49:00+00:00,59673.560000
2021-11-10T18:14:00+00:00,59087.840000
2021-11-11T08:59:00+00:00,59081.180000
2021-11-11T09:29:00+00:00,59444.220000
2021-11-11T13:39:00+00:00,60203.020000
2021-11-11T15:29:00+00:00,60200.060000
2021-11-11T15:49:00+00:00,59923.100000
2021-11-11T15:49:00+00:00,59918.660000
2021-11-11T17:19:00+00:00,59341.220000
2021-11-12T05:04:00+00:00,59333.820000
2021-11-12T13:14:00+00:00,59171.420000
2021-11-12T13:14:00+00:00,59152.180000
2021-11-12T14:04:00+00:00,59581.310000
2021-11-12T14:14:00+00:00,60302.940000
2021-11-12T14:29:00+00:00,60280.740000
2021-11-12T14:34:00+00:00,60663.390000
2021-11-12T14:34:00+00:00,60644.790000
2021-11-12T15:49:00+00:00,60642.570000
2021-11-12T20:34:00+00:00,60882.580000
2021-11-12T20:54:00+00:00,61280.100000
2021-11-15T00:04:00+00:00,61261.600000
2021-11-15T03:04:00+00:00,61684.720000
2021-11-15T04:39:00+00:00,62455.100000
2021-11-15T15:04:00+00:00,62451.400000
2021-11-15T16:44:00+00:00,62766.420000
2021-11-15T16:49:00+00:00,62764.200000
2021-11-15T21:09:00+00:00,62829.480000
2021-11-15T21:09:00+00:00,62371.260000
2021-11-16T05:24:00+00:00,62364.600000
2021-11-16T13:39:00+00:00,61786.440000
2021-11-16T14:39:00+00:00,61778.300000
2021-11-16T14:54:00+00:00,61181.660000
2021-11-16T16:04:00+00:00,61180.180000
2021-11-16T20:54:00+00:00,61400.700000
2021-11-17T14:54:00+00:00,61395.520000
2021-11-17T15:14:00+00:00,60830.340000
2021-11-18T02:34:00+00:00,60808.140000
2021-11-18T05:04:00+00:00,61224.540000
2021-11-18T07:14:00+00:00,61925.940000
2021-11-18T14:39:00+00:00,61919.280000
2021-11-18T14:49:00+00:00,61323.120000
2021-11-18T14:49:00+00:00,61319.420000
2021-11-18T14:54:00+00:00,61314.240000
2021-11-18T15:14:00+00:00,60720.540000
2021-11-18T15:14:00+00:00,60109.860000
2021-11-18T15:19:00+00:00,60107.640000
2021-11-18T16:19:00+00:00,59673.420000
2021-11-18T16:19:00+00:00,59671.200000
2021-11-18T17:54:00+00:00,59995.980000
2021-11-18T17:54:00+00:00,59991.540000
2021-11-18T20:39:00+00:00,59444.100000
2021-11-18T23:09:00+00:00,59426.340000
2021-11-19T01:49:00+00:00,58808.580000
2021-11-19T08:59:00+00:00,58797.480000
2021-11-19T09:44:00+00:00,58201.380000
2021-11-19T09:49:00+00:00,58195.460000
2021-11-19T13:19:00+00:00,58182.880000
2021-11-19T13:44:00+00:00,57592.300000
2021-11-19T14:49:00+00:00,57118.380000
2021-11-19T14:49:00+00:00,57115.420000
2021-11-19T21:09:00+00:00,57060.460000
2021-11-22T14:39:00+00:00,57050.840000
2021-11-22T14:49:00+00:00,57419.900000
2021-11-22T14:49:00+00:00,57411.220000
2021-11-22T14:49:00+00:00,57409.000000
2021-11-22T16:14:00+00:00,56853.280000
2021-11-23T09:34:00+00:00,56849.580000
2021-11-23T10:19:00+00:00,56355.880000
2021-11-23T14:49:00+00:00,56354.400000
2021-11-23T14:54:00+00:00,56352.920000
2021-11-23T15:09:00+00:00,55865.440000
2021-11-23T15:09:00+00:00,55417.960000
2021-11-23T15:09:00+00:00,55413.520000
2021-11-23T15:44:00+00:00,55807.300000
2021-11-23T15:59:00+00:00,56465.080000
2021-11-23T18:54:00+00:00,56458.420000
2021-11-23T18:59:00+00:00,55925.260000
2021-11-24T03:09:00+00:00,55919.340000
2021-11-24T05:44:00+00:00,55389.420000
2021-11-24T09:44:00+00:00,55386.460000
2021-11-24T12:04:00+00:00,55382.020000
2021-11-24T13:44:00+00:00,55378.320000
2021-11-24T13:49:00+00:00,55749.600000
2021-11-24T14:09:00+00:00,56160.620000
2021-11-24T14:34:00+00:00,56780.900000
2021-11-24T14:34:00+00:00,57067.420000
2021-11-24T14:39:00+00:00,57065.200000
2021-11-24T14:49:00+00:00,57751.220000
2021-11-24T14:49:00+00:00,58469.000000
2021-11-24T15:04:00+00:00,57940.280000
2021-11-24T15:04:00+00:00,57938.800000
2021-11-24T17:44:00+00:00,57937.320000
2021-11-24T19:24:00+00:00,57932.140000
2021-11-24T20:19:00+00:00,58271.920000
2021-11-24T21:09:00+00:00,58784.440000
2021-11-24T21:09:00+00:00,58973.960000
2021-11-24T21:09:00+00:00,59415.000000
2021-11-25T07:09:00+00:00,59395.020000
2021-11-25T08:19:00+00:00,58767.540000
2021-11-25T08:34:00+00:00,58745.340000
2021-11-25T10:09:00+00:00,59161.740000
2021-11-25T11:09:00+00:00,59863.140000
2021-11-25T14:49:00+00:00,59856.480000
2021-11-25T23:34:00+00:00,59255.820000
2021-11-26T14:49:00+00:00,59254.340000
2021-11-26T17:54:00+00:00,59562.600000
2021-11-26T17:59:00+00:00,59561.120000
2021-11-28T23:49:00+00:00,59007.640000
2021-11-29T00:04:00+00:00,59006.400000
2021-11-29T14:59:00+00:00,59004.180000
2021-11-29T20:19:00+00:00,59265.940000
2021-11-29T20:29:00+00:00,59722.460000
2021-11-29T20:29:00+00:00,59715.060000
2021-11-29T21:09:00+00:00,59862.660000
2021-11-30T02:04:00+00:00,59847.120000
2021-11-30T02:29:00+00:00,60252.220000
2021-11-30T03:19:00+00:00,61000.330000
2021-11-30T14:54:00+00:00,60997.370000
2021-11-30T15:49:00+00:00,60432.410000
2021-12-01T07:59:00+00:00,60422.050000
2021-12-01T08:09:00+00:00,60868.370000
2021-12-01T08:24:00+00:00,61311.190000
2021-12-01T08:24:00+00:00,61303.050000
2021-12-01T08:34:00+00:00,60711.910000
2021-12-01T14:09:00+00:00,60703.030000
2021-12-01T14:29:00+00:00,60124.150000
2021-12-01T15:09:00+00:00,60122.670000
2021-12-01T17:59:00+00:00,59717.190000
2021-12-02T08:24:00+00:00,59709.050000
2021-12-02T08:34:00+00:00,59106.910000
2021-12-02T09:39:00+00:00,59100.990000
2021-12-02T10:19:00+00:00,59533.030000
2021-12-02T10:44:00+00:00,59652.070000
2021-12-02T10:44:00+00:00,59647.630000
2021-12-02T12:09:00+00:00,59055.190000
2021-12-02T14:44:00+00:00,59053.710000
2021-12-02T14:54:00+00:00,59052.970000
2021-12-02T15:39:00+00:00,58571.490000
2021-12-02T15:44:00+00:00,58149.250000
2021-12-02T16:04:00+00:00,58147.770000
2021-12-02T17:24:00+00:00,58447.030000
2021-12-02T20:59:00+00:00,58666.790000
2021-12-03T07:34:00+00:00,58651.990000
2021-12-03T07:54:00+00:00,59079.590000
2021-12-03T08:04:00+00:00,59067.190000
2021-12-03T11:09:00+00:00,59062.010000
2021-12-03T12:34:00+00:00,59410.790000
2021-12-03T13:09:00+00:00,60187.830000
2021-12-03T14:44:00+00:00,60186.350000
2021-12-03T14:49:00+00:00,60185.610000
2021-12-03T15:09:00+00:00,60541.120000
2021-12-03T16:09:00+00:00,61134.130000
2021-12-03T21:09:00+00:00,61549.390000
2021-12-06T00:19:00+00:00,61544.210000
2021-12-06T00:59:00+00:00,60940.530000
2021-12-06T08:09:00+00:00,60936.090000
2021-12-06T09:49:00+00:00,60334.650000
2021-12-06T15:19:00+00:00,60333.910000
2021-12-06T21:09:00+00:00,60477.170000
2021-12-07T13:59:00+00:00,60466.810000
2021-12-07T14:34:00+00:00,59854.450000
2021-12-07T14:39:00+00:00,59849.270000
2021-12-07T14:49:00+00:00,59846.310000
2021-12-07T14:54:00+00:00,60186.090000
2021-12-07T15:04:00+00:00,60943.130000
2021-12-07T16:39:00+00:00,61391.650000
2021-12-07T21:09:00+00:00,61949.170000
2021-12-08T06:19:00+00:00,61941.770000
2021-12-08T11:09:00+00:00,62384.320000
2021-12-08T11:19:00+00:00,62490.620000
2021-12-08T11:19:00+00:00,62481.740000
2021-12-08T11:49:00+00:00,62940.800000
2021-12-08T11:49:00+00:00,62933.360000
2021-12-08T14:49:00+00:00,62931.140000
2021-12-08T20:49:00+00:00,63065.420000
2021-12-09T11:19:00+00:00,63062.460000
2021-12-09T14:39:00+00:00,62469.500000
2021-12-09T15:14:00+00:00,62467.280000
2021-12-09T19:59:00+00:00,62727.540000
2021-12-09T21:09:00+00:00,63526.060000
2021-12-10T00:19:00+00:00,63522.360000
2021-12-10T06:14:00+00:00,63505.340000
2021-12-10T07:04:00+00:00,63503.860000
2021-12-10T08:04:00+00:00,63941.220000
2021-12-10T08:49:00+00:00,64742.340000
2021-12-10T08:54:00+00:00,64804.600000
2021-12-10T09:09:00+00:00,64873.400000
2021-12-10T09:09:00+00:00,64911.660000
2021-12-10T09:14:00+00:00,64899.080000
2021-12-10T09:39:00+00:00,64257.500000
2021-12-10T10:19:00+00:00,64244.920000
2021-12-10T11:09:00+00:00,63594.840000
2021-12-10T11:39:00+00:00,63574.860000
2021-12-10T11:54:00+00:00,62906.880000
2021-12-10T13:39:00+00:00,62900.220000
2021-12-10T14:34:00+00:00,62286.060000
2021-12-10T14:49:00+00:00,62284.580000
2021-12-10T20:59:00+00:00,61842.100000
2021-12-13T08:09:00+00:00,61833.220000
2021-12-13T08:39:00+00:00,61272.340000
2021-12-13T08:39:00+00:00,61263.460000
2021-12-13T09:04:00+00:00,61446.580000
2021-12-13T09:04:00+00:00,61439.180000
2021-12-13T11:44:00+00:00,60826.780000
2021-12-13T14:54:00+00:00,60824.560000
2021-12-13T16:29:00+00:00,61056.320000
2021-12-13T21:04:00+00:00,61829.840000
2021-12-14T01:39:00+00:00,61820.960000
2021-12-14T03:39:00+00:00,61218.080000
2021-12-14T13:29:00+00:00,61206.980000
2021-12-14T13:34:00+00:00,61627.050000
2021-12-14T13:34:00+00:00,61617.130000
2021-12-14T14:49:00+00:00,61615.650000
2021-12-14T15:49:00+00:00,61126.170000
2021-12-14T15:49:00+00:00,61124.690000
2021-12-14T21:09:00+00:00,60751.210000
2021-12-15T09:39:00+00:00,60744.550000
2021-12-15T13:34:00+00:00,61131.590000
2021-12-15T13:49:00+00:00,61345.390000
2021-12-15T13:49:00+00:00,61341.690000
2021-12-15T14:49:00+00:00,61339.470000
2021-12-15T14:54:00+00:00,61655.990000
2021-12-15T15:44:00+00:00,61652.270000
2021-12-15T19:09:00+00:00,61071.050000
2021-12-15T19:29:00+00:00,61067.350000
2021-12-15T19:39:00+00:00,60498.650000
2021-12-16T09:09:00+00:00,60493.470000
2021-12-16T10:59:00+00:00,59896.790000
2021-12-16T14:59:00+00:00,59896.050000
2021-12-16T21:09:00+00:00,60475.810000
2021-12-17T07:24:00+00:00,60472.850000
2021-12-17T08:44:00+00:00,59941.890000
2021-12-17T14:49:00+00:00,59940.410000
2021-12-17T15:24:00+00:00,59383.930000
2021-12-17T15:34:00+00:00,59381.710000
2021-12-17T15:54:00+00:00,59611.220000
2021-12-17T16:39:00+00:00,59809.740000
2021-12-17T16:39:00+00:00,59806.780000
2021-12-17T19:14:00+00:00,59219.820000
2021-12-17T19:59:00+00:00,59215.380000
2021-12-17T20:04:00+00:00,58679.940000
2021-12-20T16:04:00+00:00,58678.460000
2021-12-20T20:24:00+00:00,58179.980000
2021-12-21T07:09:00+00:00,58167.400000
2021-12-21T07:34:00+00:00,58557.480000
2021-12-21T08:04:00+00:00,59293.320000
2021-12-21T09:39:00+00:00,59290.360000
2021-12-21T10:24:00+00:00,59335.400000
2021-12-21T10:24:00+00:00,59329.480000
2021-12-21T11:39:00+00:00,59728.520000
2021-12-21T13:09:00+00:00,59947.560000
2021-12-21T13:09:00+00:00,59935.720000
2021-12-21T13:34:00+00:00,59339.880000
2021-12-21T14:49:00+00:00,59338.400000
2021-12-21T16:59:00+00:00,58881.920000
2021-12-22T01:54:00+00:00,58871.560000
2021-12-22T05:39:00+00:00,59078.200000
2021-12-22T05:39:00+00:00,59063.400000
2021-12-22T06:19:00+00:00,59491.000000
2021-12-22T06:24:00+00:00,60208.600000
2021-12-22T08:54:00+00:00,60201.940000
2021-12-22T10:54:00+00:00,60597.980000
2021-12-22T14:44:00+00:00,61425.530000
2021-12-22T14:49:00+00:00,61423.310000
2021-12-22T20:54:00+00:00,61686.570000
2021-12-22T21:09:00+00:00,62289.090000
2021-12-23T06:19:00+00:00,62271.330000
2021-12-23T07:44:00+00:00,61773.570000
2021-12-23T07:44:00+00:00,61755.810000
2021-12-23T08:14:00+00:00,61114.050000
2021-12-23T08:59:00+00:00,61102.950000
2021-12-23T11:29:00+00:00,61523.020000
2021-12-23T13:44:00+00:00,61513.100000
2021-12-23T15:14:00+00:00,61510.880000
2021-12-23T20:09:00+00:00,61867.160000
2021-12-23T20:09:00+00:00,61844.960000
2021-12-23T20:19:00+00:00,61192.760000
2021-12-27T14:39:00+00:00,61187.580000
2021-12-27T15:04:00+00:00,61186.100000
2021-12-27T15:24:00+00:00,61550.630000
2021-12-27T16:14:00+00:00,62362.670000
2021-12-27T21:09:00+00:00,62802.190000
2021-12-28T07:54:00+00:00,62779.990000
2021-12-28T08:09:00+00:00,63005.140000
2021-12-28T08:09:00+00:00,63387.790000
2021-12-28T15:09:00+00:00,63385.570000
2021-12-28T21:09:00+00:00,63347.350000
2021-12-29T01:24:00+00:00,63326.630000
2021-12-29T01:34:00+00:00,63778.270000
2021-12-29T01:59:00+00:00,64537.910000
2021-12-29T07:39:00+00:00,64521.630000
2021-12-29T08:14:00+00:00,64991.990000
2021-12-29T08:34:00+00:00,64978.350000
2021-12-29T15:04:00+00:00,64974.650000
2021-12-29T15:19:00+00:00,65336.170000
2021-12-29T17:44:00+00:00,65642.950000
2021-12-29T17:44:00+00:00,65638.510000
2021-12-29T20:34:00+00:00,66075.040000
2021-12-29T21:09:00+00:00,66396.820000
2021-12-30T11:44:00+00:00,66379.060000
2021-12-30T13:24:00+00:00,65689.300000
2021-12-30T14:39:00+00:00,65684.860000
2021-12-30T14:44:00+00:00,65101.420000
2021-12-30T15:09:00+00:00,65099.200000
2021-12-30T15:14:00+00:00,65096.240000
2021-12-30T20:44:00+00:00,64481.280000
2021-12-30T20:49:00+00:00,63943.560000
2021-12-31T09:14:00+00:00,63930.980000
2021-12-31T09:24:00+00:00,63272.400000
2021-12-31T14:39:00+00:00,63268.700000
2021-12-31T14:49:00+00:00,62672.500000
2021-12-31T14:49:00+00:00,62669.540000
2021-12-31T17:44:00+00:00,62818.580000
2021-12-31T17:44:00+00:00,62811.920000
2021-12-31T20:54:00+00:00,62220.260000
2022-01-03T09:19:00+00:00,62209.160000
2022-01-03T10:24:00+00:00,62623.980000
2022-01-03T11:14:00+00:00,63418.060000
2022-01-03T13:09:00+00:00,63405.480000
2022-01-03T13:34:00+00:00,62755.400000
2022-01-03T13:39:00+00:00,62748.000000
2022-01-03T14:04:00+00:00,63201.800000
2022-01-03T14:34:00+00:00,63195.600000
2022-01-03T14:39:00+00:00,63191.160000
2022-01-03T14:49:00+00:00,62640.720000
2022-01-03T14:49:00+00:00,62639.240000
2022-01-03T14:54:00+00:00,62637.020000
2022-01-03T15:19:00+00:00,62090.300000
2022-01-03T19:44:00+00:00,61542.820000
2022-01-04T06:24:00+00:00,61520.620000
2022-01-04T07:54:00+00:00,61003.420000
2022-01-04T08:09:00+00:00,60993.060000
2022-01-04T08:44:00+00:00,61418.380000
2022-01-04T10:04:00+00:00,61409.700000
2022-01-04T14:54:00+00:00,61405.260000
2022-01-04T15:14:00+00:00,61826.040000
2022-01-04T15:39:00+00:00,62528.820000
2022-01-05T01:39:00+00:00,62522.160000
2022-01-05T07:54:00+00:00,62335.500000
2022-01-05T07:54:00+00:00,62331.060000
2022-01-05T14:09:00+00:00,61951.620000
2022-01-05T14:09:00+00:00,61938.300000
2022-01-05T14:14:00+00:00,61321.980000
2022-01-05T17:39:00+00:00,61320.500000
2022-01-05T20:09:00+00:00,61761.510000
2022-01-05T21:09:00+00:00,62344.770000
2022-01-06T14:39:00+00:00,62342.550000
2022-01-06T14:59:00+00:00,61776.330000
2022-01-06T15:04:00+00:00,61775.590000
2022-01-06T15:09:00+00:00,61774.850000
2022-01-06T15:34:00+00:00,61371.110000
2022-01-06T15:59:00+00:00,60952.870000
2022-01-07T13:44:00+00:00,60951.390000
2022-01-07T14:34:00+00:00,60477.910000
2022-01-07T15:14:00+00:00,60475.690000
2022-01-07T15:24:00+00:00,60474.950000
2022-01-07T15:49:00+00:00,60762.210000
2022-01-07T21:09:00+00:00,61252.730000
2022-01-07T21:09:00+00:00,61380.990000
2022-01-10T05:09:00+00:00,61365.450000
2022-01-10T05:34:00+00:00,60730.410000
2022-01-10T06:24:00+00:00,60720.790000
2022-01-10T07:34:00+00:00,61121.350000
2022-01-10T08:04:00+00:00,61112.670000
2022-01-10T10:19:00+00:00,61109.710000
2022-01-10T11:24:00+00:00,60570.750000
2022-01-10T14:54:00+00:00,60569.270000
2022-01-10T18:54:00+00:00,60061.790000
2022-01-11T00:24:00+00:00,60054.390000
2022-01-11T00:54:00+00:00,59476.990000
2022-01-11T02:14:00+00:00,59466.630000
2022-01-11T03:54:00+00:00,58861.270000
2022-01-11T15:04:00+00:00,58859.790000
2022-01-11T21:09:00+00:00,59691.310000
2022-01-12T07:39:00+00:00,59685.390000
2022-01-12T08:19:00+00:00,59115.470000
2022-01-12T12:39:00+00:00,59110.290000
2022-01-12T13:34:00+00:00,59452.320000
2022-01-12T13:34:00+00:00,59447.360000
2022-01-12T13:44:00+00:00,59445.880000
2022-01-12T15:14:00+00:00,59444.400000
2022-01-12T15:39:00+00:00,59008.920000
2022-01-12T15:54:00+00:00,58577.440000
2022-01-13T01:24:00+00:00,58568.560000
2022-01-13T01:59:00+00:00,58982.620000
2022-01-13T01:59:00+00:00,59675.680000
2022-01-13T15:04:00+00:00,59672.720000
2022-01-13T15:49:00+00:00,60112.240000
2022-01-13T17:19:00+00:00,60845.760000
2022-01-14T08:24:00+00:00,60841.320000
2022-01-14T08:54:00+00:00,60242.880000
2022-01-14T14:54:00+00:00,60242.140000
2022-01-14T21:09:00+00:00,60332.900000
2022-01-17T14:49:00+00:00,60329.200000
2022-01-18T03:49:00+00:00,60687.720000
2022-01-18T08:14:00+00:00,61585.500000
2022-01-18T14:49:00+00:00,61582.540000
2022-01-18T15:09:00+00:00,61581.060000
2022-01-18T15:14:00+00:00,62014.580000
2022-01-18T15:59:00+00:00,62012.100000
2022-01-18T16:34:00+00:00,61464.620000
2022-01-18T19:29:00+00:00,61462.400000
2022-01-18T21:09:00+00:00,61755.680000
2022-01-19T14:54:00+00:00,61753.460000
2022-01-19T15:34:00+00:00,61199.240000
2022-01-20T00:09:00+00:00,61192.580000
2022-01-20T01:24:00+00:00,60578.420000
2022-01-20T01:24:00+00:00,60571.760000
2022-01-20T01:49:00+00:00,59957.600000
2022-01-20T14:49:00+00:00,59956.120000
2022-01-20T14:59:00+00:00,59954.640000
2022-01-20T19:14:00+00:00,59485.160000
2022-01-20T19:19:00+00:00,59010.680000
2022-01-20T19:19:00+00:00,59009.200000
2022-01-20T20:19:00+00:00,59311.460000
2022-01-20T20:39:00+00:00,59815.720000
2022-01-21T01:29:00+00:00,59812.760000
2022-01-21T02:44:00+00:00,59301.800000
2022-01-21T11:44:00+00:00,59295.880000
2022-01-21T12:04:00+00:00,59287.740000
2022-01-21T12:09:00+00:00,58693.820000
2022-01-21T12:14:00+00:00,58113.680000
2022-01-21T14:34:00+00:00,58108.500000
2022-01-21T14:39:00+00:00,57536.320000
2022-01-21T14:49:00+00:00,57534.840000
2022-01-21T14:54:00+00:00,57534.100000
2022-01-21T15:24:00+00:00,57891.860000
2022-01-21T15:34:00+00:00,57890.620000
2022-01-21T15:59:00+00:00,57567.380000
2022-01-21T16:44:00+00:00,57565.900000
2022-01-21T19:59:00+00:00,57961.910000
2022-01-21T21:09:00+00:00,58579.670000
2022-01-24T14:59:00+00:00,58578.930000
2022-01-24T20:19:00+00:00,58243.690000
2022-01-25T07:14:00+00:00,58242.210000
2022-01-25T09:24:00+00:00,57844.730000
2022-01-25T11:39:00+00:00,57843.250000
2022-01-25T14:49:00+00:00,57842.510000
2022-01-25T14:54:00+00:00,58150.020000
2022-01-25T14:54:00+00:00,58148.540000
2022-01-25T15:29:00+00:00,57587.060000
2022-01-25T15:34:00+00:00,57707.320000
2022-01-25T15:34:00+00:00,57571.080000
2022-01-25T15:39:00+00:00,57570.340000
2022-01-25T21:09:00+00:00,57383.100000
2022-01-26T05:34:00+00:00,57374.220000
2022-01-26T06:09:00+00:00,57788.280000
2022-01-26T06:54:00+00:00,57780.840000
2022-01-26T13:39:00+00:00,57774.920000
2022-01-26T14:34:00+00:00,57241.000000
2022-01-26T15:04:00+00:00,57240.260000
2022-01-26T15:19:00+00:00,57120.020000
2022-01-26T15:19:00+00:00,57117.060000
2022-01-26T15:29:00+00:00,57465.080000
2022-01-26T16:19:00+00:00,57462.600000
2022-01-26T19:19:00+00:00,57461.120000
2022-01-26T19:49:00+00:00,57860.880000
2022-01-26T20:04:00+00:00,58527.640000
2022-01-27T03:44:00+00:00,58526.900000
2022-01-27T05:24:00+00:00,58524.680000
2022-01-27T07:34:00+00:00,57946.460000
2022-01-27T08:14:00+00:00,57592.220000
2022-01-27T14:49:00+00:00,57590.740000
2022-01-27T15:34:00+00:00,57053.260000
2022-01-28T05:19:00+00:00,57048.080000
2022-01-28T07:24:00+00:00,56507.400000
2022-01-28T07:59:00+00:00,56503.700000
2022-01-28T08:14:00+00:00,55940.000000
2022-01-28T15:24:00+00:00,55939.260000
2022-01-28T15:54:00+00:00,55938.520000
2022-01-28T21:09:00+00:00,56792.780000
2022-01-28T21:09:00+00:00,57424.040000
2022-01-31T08:09:00+00:00,57420.340000
2022-01-31T08:54:00+00:00,56899.140000
2022-01-31T14:34:00+00:00,56896.920000
2022-01-31T14:54:00+00:00,56896.180000
2022-01-31T15:04:00+00:00,57138.440000
2022-01-31T15:24:00+00:00,57946.960000
2022-01-31T20:29:00+00:00,57944.000000
2022-01-31T20:49:00+00:00,58302.520000
2022-01-31T21:09:00+00:00,58835.280000
2022-01-31T21:09:00+00:00,59264.800000
2022-02-01T06:19:00+00:00,59250.740000
2022-02-01T07:04:00+00:00,58638.180000
2022-02-01T15:04:00+00:00,58637.440000
2022-02-01T20:34:00+00:00,58249.700000
2022-02-02T14:49:00+00:00,58248.960000
2022-02-02T21:09:00+00:00,58536.220000
2022-02-03T12:09:00+00:00,58531.780000
2022-02-03T12:39:00+00:00,57963.340000
2022-02-03T15:29:00+00:00,57962.600000
2022-02-03T16:59:00+00:00,57670.860000
2022-02-04T15:04:00+00:00,57670.120000
2022-02-04T21:09:00+00:00,57730.880000
2022-02-07T00:14:00+00:00,57729.400000
2022-02-07T08:44:00+00:00,57701.920000
2022-02-07T08:44:00+00:00,57679.720000
2022-02-07T08:49:00+00:00,58073.620000
2022-02-07T08:49:00+00:00,58055.020000
2022-02-07T14:44:00+00:00,58052.060000
2022-02-07T14:54:00+00:00,58050.580000
2022-02-07T15:19:00+00:00,57495.620000
2022-02-07T16:09:00+00:00,56973.140000
2022-02-08T00:29:00+00:00,56965.740000
2022-02-08T05:29:00+00:00,57367.040000
2022-02-08T07:14:00+00:00,57360.840000
2022-02-08T07:19:00+00:00,57357.880000
2022-02-08T11:39:00+00:00,56886.920000
2022-02-08T15:04:00+00:00,56885.440000
2022-02-08T15:24:00+00:00,56655.960000
2022-02-08T15:24:00+00:00,56652.260000
2022-02-08T15:39:00+00:00,56143.560000
2022-02-09T06:54:00+00:00,56132.460000
2022-02-09T07:29:00+00:00,56510.530000
2022-02-09T07:44:00+00:00,57234.610000
2022-02-09T14:54:00+00:00,57231.650000
2022-02-09T16:04:00+00:00,56670.690000
2022-02-10T02:44:00+00:00,56657.370000
2022-02-10T03:04:00+00:00,56077.050000
2022-02-10T06:04:00+00:00,56065.210000
2022-02-10T08:14:00+00:00,56461.290000
2022-02-10T08:19:00+00:00,56451.370000
2022-02-10T08:24:00+00:00,56444.710000
2022-02-10T13:09:00+00:00,55902.550000
2022-02-10T14:54:00+00:00,55901.810000
2022-02-10T18:39:00+00:00,55546.070000
2022-02-11T01:24:00+00:00,55541.630000
2022-02-11T04:34:00+00:00,55051.190000
2022-02-11T08:44:00+00:00,55046.750000
2022-02-11T12:14:00+00:00,54490.310000
2022-02-11T14:54:00+00:00,54486.610000
2022-02-11T14:59:00+00:00,53942.910000
2022-02-11T14:59:00+00:00,53941.430000
2022-02-11T18:34:00+00:00,54273.690000
2022-02-11T18:44:00+00:00,54827.950000
2022-02-11T20:09:00+00:00,54824.990000
2022-02-11T20:44:00+00:00,54298.030000
2022-02-14T06:54:00+00:00,54286.930000
2022-02-14T07:04:00+00:00,53728.330000
2022-02-14T07:09:00+00:00,53725.370000
2022-02-14T07:59:00+00:00,53226.410000
2022-02-14T08:09:00+00:00,53222.710000
2022-02-14T08:19:00+00:00,53488.230000
2022-02-14T08:29:00+00:00,54153.510000
2022-02-14T14:54:00+00:00,54152.770000
2022-02-14T18:54:00+00:00,53852.530000
2022-02-15T00:24:00+00:00,53845.130000
2022-02-15T02:04:00+00:00,53327.730000
2022-02-15T07:14:00+00:00,53324.770000
2022-02-15T08:09:00+00:00,53319.590000
2022-02-15T08:24:00+00:00,53696.110000
2022-02-15T08:24:00+00:00,53995.390000
2022-02-15T08:29:00+00:00,54623.910000
2022-02-15T08:29:00+00:00,55290.950000
2022-02-15T15:44:00+00:00,55289.470000
2022-02-15T17:49:00+00:00,54912.990000
2022-02-16T08:19:00+00:00,54901.150000
2022-02-16T08:44:00+00:00,54337.310000
2022-02-16T09:14:00+00:00,54332.870000
2022-02-16T13:49:00+00:00,54724.400000
2022-02-16T14:09:00+00:00,55378.430000
2022-02-16T14:54:00+00:00,55376.950000
2022-02-16T19:24:00+00:00,54903.470000
2022-02-17T13:14:00+00:00,54897.550000
2022-02-17T13:49:00+00:00,55263.590000
2022-02-17T14:49:00+00:00,55875.630000
2022-02-17T14:49:00+00:00,55872.670000
2022-02-17T15:49:00+00:00,56265.690000
2022-02-17T19:29:00+00:00,56921.710000
2022-02-18T01:39:00+00:00,56918.750000
2022-02-18T06:24:00+00:00,56909.870000
2022-02-18T06:59:00+00:00,56360.990000
2022-02-18T13:14:00+00:00,56090.030000
2022-02-18T13:14:00+00:00,56084.110000
2022-02-18T13:29:00+00:00,56495.150000
2022-02-18T14:34:00+00:00,56490.190000
2022-02-18T14:59:00+00:00,56487.230000
2022-02-18T15:14:00+00:00,55964.270000
2022-02-18T15:34:00+00:00,55963.530000
2022-02-18T17:14:00+00:00,56065.290000
2022-02-18T17:14:00+00:00,56059.370000
2022-02-18T17:34:00+00:00,55529.450000
2022-02-18T20:24:00+00:00,55527.970000
2022-02-18T20:49:00+00:00,55485.490000
2022-02-21T15:49:00+00:00,55483.270000
2022-02-21T23:04:00+00:00,55725.530000
2022-02-21T23:04:00+00:00,56534.050000
2022-02-22T05:19:00+00:00,56525.910000
2022-02-22T05:29:00+00:00,55956.770000
2022-02-22T06:59:00+00:00,55953.070000
2022-02-22T07:39:00+00:00,56251.590000
2022-02-22T08:14:00+00:00,56247.870000
2022-02-22T14:49:00+00:00,56247.130000
2022-02-22T14:54:00+00:00,56245.650000
2022-02-22T15:59:00+00:00,55700.170000
2022-02-22T16:54:00+00:00,55339.930000
2022-02-22T19:34:00+00:00,55337.710000
2022-02-22T19:59:00+00:00,55602.470000
2022-02-22T20:54:00+00:00,55599.990000
2022-02-23T06:29:00+00:00,55591.850000
2022-02-23T08:14:00+00:00,55033.710000
2022-02-23T14:54:00+00:00,55032.230000
2022-02-23T18:14:00+00:00,55434.990000
2022-02-23T20:04:00+00:00,56106.750000
2022-02-24T11:49:00+00:00,56094.170000
2022-02-24T11:54:00+00:00,56478.250000
2022-02-24T11:54:00+00:00,56467.090000
2022-02-24T14:39:00+00:00,56464.870000
2022-02-24T14:44:00+00:00,55949.650000
2022-02-24T14:49:00+00:00,55948.910000
2022-02-24T21:09:00+00:00,57130.670000
2022-02-25T04:24:00+00:00,57124.750000
2022-02-25T07:54:00+00:00,57505.790000
2022-02-25T08:09:00+00:00,58142.830000
2022-02-25T14:59:00+00:00,58142.090000
2022-02-25T15:14:00+00:00,58071.850000
2022-02-25T15:14:00+00:00,58069.630000
2022-02-25T15:44:00+00:00,58306.640000
2022-02-25T16:14:00+00:00,59097.660000
2022-02-28T04:14:00+00:00,59094.700000
2022-02-28T07:29:00+00:00,59504.220000
2022-02-28T07:49:00+00:00,60187.740000
2022-02-28T09:09:00+00:00,60186.260000
2022-02-28T14:59:00+00:00,60184.780000
2022-02-28T15:44:00+00:00,60517.040000
2022-02-28T19:09:00+00:00,60515.800000
2022-02-28T19:09:00+00:00,60044.320000
2022-03-01T02:59:00+00:00,60038.400000
2022-03-01T05:19:00+00:00,59780.480000
2022-03-01T05:19:00+00:00,59771.600000
2022-03-01T05:44:00+00:00,59168.720000
2022-03-01T10:49:00+00:00,59160.580000
2022-03-01T11:49:00+00:00,58569.440000
2022-03-01T15:59:00+00:00,58567.960000
2022-03-01T18:29:00+00:00,58873.220000
2022-03-01T21:09:00+00:00,59129.480000
2022-03-02T08:14:00+00:00,59128.000000
2022-03-02T09:34:00+00:00,58631.520000
2022-03-02T14:39:00+00:00,58629.300000
2022-03-02T14:49:00+00:00,58040.580000
2022-03-02T15:09:00+00:00,58039.100000
2022-03-02T15:14:00+00:00,58036.880000
2022-03-02T15:29:00+00:00,57518.660000
2022-03-02T15:34:00+00:00,57020.180000
2022-03-02T15:34:00+00:00,57018.700000
2022-03-02T18:04:00+00:00,57372.710000
2022-03-02T21:09:00+00:00,57732.970000
2022-03-03T01:09:00+00:00,57728.530000
2022-03-03T09:14:00+00:00,57169.090000
2022-03-03T14:49:00+00:00,57167.610000
2022-03-03T15:54:00+00:00,57505.120000
2022-03-03T19:19:00+00:00,57677.880000
2022-03-03T19:19:00+00:00,57676.400000
2022-03-03T20:04:00+00:00,57196.920000
2022-03-04T00:14:00+00:00,57188.780000
2022-03-04T00:24:00+00:00,57556.330000
2022-03-04T00:24:00+00:00,58294.390000
2022-03-04T07:24:00+00:00,58289.210000
2022-03-04T08:04:00+00:00,57717.030000
2022-03-04T12:44:00+00:00,57709.630000
2022-03-04T13:34:00+00:00,58107.180000
2022-03-04T13:34:00+00:00,58100.980000
2022-03-04T14:49:00+00:00,58100.240000
2022-03-04T15:04:00+00:00,57957.000000
2022-03-04T15:04:00+00:00,57954.040000
2022-03-04T15:09:00+00:00,57481.080000
2022-03-04T18:09:00+00:00,57480.340000
2022-03-04T19:59:00+00:00,57132.100000
2022-03-07T05:39:00+00:00,57128.400000
2022-03-07T08:14:00+00:00,57099.700000
2022-03-07T08:14:00+00:00,57096.740000
2022-03-07T12:09:00+00:00,57464.260000
2022-03-07T12:34:00+00:00,58077.780000
2022-03-07T14:49:00+00:00,58076.300000
2022-03-07T15:49:00+00:00,58447.560000
2022-03-07T19:44:00+00:00,59066.820000
2022-03-08T10:34:00+00:00,59066.080000
2022-03-08T15:04:00+00:00,58779.340000
2022-03-08T15:04:00+00:00,58778.600000
2022-03-08T15:24:00+00:00,58702.860000
2022-03-08T15:24:00+00:00,58700.640000
2022-03-08T15:34:00+00:00,58149.420000
2022-03-09T01:39:00+00:00,58147.200000
2022-03-09T03:09:00+00:00,57646.980000
2022-03-09T05:34:00+00:00,57645.500000
2022-03-09T09:04:00+00:00,57965.010000
2022-03-09T11:29:00+00:00,58498.020000
2022-03-09T14:54:00+00:00,58496.540000
2022-03-09T15:04:00+00:00,58070.060000
2022-03-10T02:09:00+00:00,58064.140000
2022-03-10T03:39:00+00:00,57522.220000
2022-03-10T15:19:00+00:00,57520.740000
2022-03-10T15:34:00+00:00,57042.260000
2022-03-10T20:09:00+00:00,57036.340000
2022-03-10T20:19:00+00:00,56482.420000
2022-03-11T07:29:00+00:00,56477.240000
2022-03-11T08:04:00+00:00,56826.020000
2022-03-11T09:14:00+00:00,56821.060000
2022-03-11T14:54:00+00:00,56819.580000
2022-03-11T16:44:00+00:00,57184.090000
2022-03-11T18:59:00+00:00,57180.390000
2022-03-11T20:34:00+00:00,57508.910000
2022-03-11T20:59:00+00:00,58116.920000
2022-03-11T20:59:00+00:00,58939.700000
2022-03-14T03:29:00+00:00,58931.560000
2022-03-14T03:49:00+00:00,58373.420000
2022-03-14T06:24:00+00:00,58368.980000
2022-03-14T06:54:00+00:00,57836.540000
2022-03-14T07:04:00+00:00,57832.840000
2022-03-14T08:14:00+00:00,57829.880000
2022-03-14T08:34:00+00:00,57253.680000
2022-03-14T11:29:00+00:00,56740.720000
2022-03-14T14:09:00+00:00,56739.240000
2022-03-14T15:44:00+00:00,56206.760000
2022-03-15T01:39:00+00:00,56203.060000
2022-03-15T02:39:00+00:00,55644.360000
2022-03-15T14:04:00+00:00,55642.880000
2022-03-15T16:14:00+00:00,55642.140000
2022-03-15T19:19:00+00:00,56017.900000
2022-03-15T20:09:00+00:00,56461.160000
2022-03-15T20:09:00+00:00,56629.920000
2022-03-16T05:19:00+00:00,56612.900000
2022-03-16T05:24:00+00:00,56032.380000
2022-03-16T13:49:00+00:00,56030.900000
2022-03-16T17:39:00+00:00,56027.200000
2022-03-16T18:04:00+00:00,55508.500000
2022-03-16T18:09:00+00:00,55028.020000
2022-03-16T18:09:00+00:00,55027.280000
2022-03-16T18:49:00+00:00,54832.040000
2022-03-16T18:49:00+00:00,54831.300000
2022-03-16T20:09:00+00:00,55363.060000
2022-03-17T13:54:00+00:00,55361.580000
2022-03-17T17:44:00+00:00,55644.340000
2022-03-17T20:09:00+00:00,56021.600000
2022-03-18T00:14:00+00:00,56013.460000
2022-03-18T00:44:00+00:00,55449.820000
2022-03-18T10:24:00+00:00,55444.640000
2022-03-18T13:29:00+00:00,54910.960000
2022-03-18T13:49:00+00:00,54909.480000
2022-03-18T15:39:00+00:00,55243.990000
2022-03-18T19:24:00+00:00,55802.000000
2022-03-21T07:49:00+00:00,55796.080000
2022-03-21T11:14:00+00:00,56192.120000
2022-03-21T13:44:00+00:00,56854.160000
2022-03-21T13:54:00+00:00,56851.200000
2022-03-21T15:04:00+00:00,56352.240000
2022-03-21T19:04:00+00:00,56351.500000
2022-03-21T20:09:00+00:00,56089.760000
2022-03-22T03:04:00+00:00,56080.880000
2022-03-22T05:54:00+00:00,55520.000000
2022-03-22T13:44:00+00:00,55517.780000
2022-03-22T14:04:00+00:00,55517.040000
2022-03-22T14:29:00+00:00,55748.800000
2022-03-22T15:19:00+00:00,56522.320000
2022-03-22T20:09:00+00:00,56774.080000
2022-03-23T02:24:00+00:00,56763.720000
2022-03-23T08:09:00+00:00,56200.360000
2022-03-23T13:49:00+00:00,56198.140000
2022-03-23T14:14:00+00:00,55730.920000
2022-03-23T19:04:00+00:00,55729.440000
2022-03-23T20:09:00+00:00,55992.960000
2022-03-24T01:44:00+00:00,55983.340000
2022-03-24T03:59:00+00:00,56347.900000
2022-03-24T05:39:00+00:00,57060.220000
2022-03-24T14:19:00+00:00,57058.000000
2022-03-24T14:24:00+00:00,57056.520000
2022-03-24T14:39:00+00:00,56793.300000
2022-03-24T14:39:00+00:00,56620.820000
2022-03-24T14:44:00+00:00,56617.860000
2022-03-24T15:29:00+00:00,56983.880000
2022-03-24T18:04:00+00:00,57594.900000
2022-03-25T14:04:00+00:00,57592.680000
2022-03-25T14:39:00+00:00,57132.960000
2022-03-25T15:14:00+00:00,57131.480000
2022-03-25T20:09:00+00:00,56691.000000
2022-03-28T05:29:00+00:00,56673.980000
2022-03-28T05:39:00+00:00,56093.460000
2022-03-28T07:09:00+00:00,56087.540000
2022-03-28T09:24:00+00:00,55537.620000
2022-03-28T10:34:00+00:00,55528.000000
2022-03-28T10:49:00+00:00,54972.380000
2022-03-28T13:59:00+00:00,54971.640000
2022-03-28T15:09:00+00:00,54854.900000
2022-03-28T15:09:00+00:00,54852.680000
2022-03-28T16:19:00+00:00,55101.690000
2022-03-28T17:24:00+00:00,55099.210000
2022-03-29T05:34:00+00:00,55090.330000
2022-03-29T06:59:00+00:00,55481.890000
2022-03-29T07:09:00+00:00,55474.450000
2022-03-29T07:29:00+00:00,55471.490000
2022-03-29T09:59:00+00:00,55654.530000
2022-03-29T09:59:00+00:00,55644.910000
2022-03-29T10:09:00+00:00,56022.970000
2022-03-29T10:09:00+00:00,56014.290000
2022-03-29T13:49:00+00:00,56012.810000
2022-03-29T18:49:00+00:00,55632.330000
2022-03-30T00:09:00+00:00,55622.710000
2022-03-30T00:34:00+00:00,55080.090000
2022-03-30T13:49:00+00:00,55077.130000
2022-03-30T15:04:00+00:00,54580.170000
2022-03-31T14:04:00+00:00,54578.690000
2022-03-31T14:59:00+00:00,54135.210000
2022-04-01T06:24:00+00:00,54125.590000
2022-04-01T07:14:00+00:00,53589.470000
2022-04-01T12:09:00+00:00,53579.850000
2022-04-01T12:34:00+00:00,53921.910000
2022-04-01T12:34:00+00:00,53913.230000
2022-04-01T12:39:00+00:00,53908.050000
2022-04-01T13:39:00+00:00,54220.830000
2022-04-01T13:54:00+00:00,54917.870000
2022-04-01T13:54:00+00:00,54916.390000
2022-04-01T20:09:00+00:00,54793.910000
2022-04-04T11:59:00+00:00,54785.030000
2022-04-04T12:29:00+00:00,54248.150000
2022-04-04T13:49:00+00:00,54246.670000
2022-04-04T20:09:00+00:00,54850.190000
2022-04-05T06:19:00+00:00,54834.650000
2022-04-05T07:04:00+00:00,54262.610000
2022-04-05T13:54:00+00:00,54260.390000
2022-04-05T14:19:00+00:00,54498.900000
2022-04-05T16:29:00+00:00,55294.920000
2022-04-05T23:49:00+00:00,55280.120000
2022-04-06T00:04:00+00:00,54725.320000
2022-04-06T08:54:00+00:00,54717.920000
2022-04-06T09:39:00+00:00,54180.520000
2022-04-06T13:49:00+00:00,54179.040000
2022-04-06T18:39:00+00:00,54194.560000
2022-04-06T18:39:00+00:00,54192.340000
2022-04-06T19:04:00+00:00,54422.600000
2022-04-06T19:24:00+00:00,54420.120000
2022-04-07T02:44:00+00:00,54412.720000
2022-04-07T04:39:00+00:00,54735.320000
2022-04-07T04:39:00+00:00,54721.260000
2022-04-07T05:29:00+00:00,54156.200000
2022-04-07T08:14:00+00:00,54153.980000
2022-04-07T13:04:00+00:00,53671.760000
2022-04-07T13:39:00+00:00,53668.060000
2022-04-07T13:44:00+00:00,53134.360000
2022-04-07T14:44:00+00:00,53132.880000
2022-04-07T18:59:00+00:00,52614.400000
2022-04-08T07:09:00+00:00,52602.560000
2022-04-08T07:24:00+00:00,52070.720000
2022-04-08T13:54:00+00:00,52069.980000
2022-04-08T15:04:00+00:00,51770.240000
2022-04-11T05:14:00+00:00,51759.140000
2022-04-11T05:59:00+00:00,52116.210000
2022-04-11T06:14:00+00:00,52800.290000
2022-04-11T07:04:00+00:00,52795.850000
2022-04-11T07:19:00+00:00,53133.380000
2022-04-11T07:29:00+00:00,53129.660000
2022-04-11T07:34:00+00:00,53127.440000
2022-04-11T08:09:00+00:00,52606.220000
2022-04-11T08:09:00+00:00,52604.000000
2022-04-11T13:44:00+00:00,52817.010000
2022-04-11T14:29:00+00:00,52815.530000
2022-04-11T14:54:00+00:00,53526.550000
2022-04-11T20:09:00+00:00,53815.070000
2022-04-12T05:14:00+00:00,53806.190000
2022-04-12T06:04:00+00:00,54188.750000
2022-04-12T06:39:00+00:00,54829.310000
2022-04-12T07:54:00+00:00,54821.910000
2022-04-12T08:39:00+00:00,55223.210000
2022-04-12T09:44:00+00:00,55894.510000
2022-04-12T13:49:00+00:00,55893.030000
2022-04-12T14:49:00+00:00,55510.550000
2022-04-13T05:19:00+00:00,55500.930000
2022-04-13T05:34:00+00:00,54938.810000
2022-04-13T13:49:00+00:00,54937.330000
2022-04-13T14:04:00+00:00,54882.850000
2022-04-13T14:04:00+00:00,54878.410000
2022-04-13T14:19:00+00:00,54336.970000
2022-04-14T02:04:00+00:00,54331.050000
2022-04-14T04:39:00+00:00,54715.090000
2022-04-14T07:09:00+00:00,54710.130000
2022-04-14T11:54:00+00:00,54703.470000
2022-04-14T13:39:00+00:00,55063.510000
2022-04-14T13:39:00+00:00,55057.310000
2022-04-14T13:54:00+00:00,55055.830000
2022-04-14T19:34:00+00:00,55450.340000
2022-04-14T20:09:00+00:00,55900.600000
2022-04-18T12:34:00+00:00,55894.680000
2022-04-18T13:34:00+00:00,56278.720000
2022-04-18T13:34:00+00:00,56920.760000
2022-04-18T13:54:00+00:00,56918.540000
2022-04-18T14:09:00+00:00,56394.320000
2022-04-19T06:04:00+00:00,56388.400000
2022-04-19T06:19:00+00:00,55850.480000
2022-04-19T08:04:00+00:00,55844.560000
2022-04-19T08:49:00+00:00,55294.640000
2022-04-19T13:49:00+00:00,55293.160000
2022-04-19T14:04:00+00:00,55292.420000
2022-04-19T14:14:00+00:00,55583.430000
2022-04-19T15:34:00+00:00,56068.940000
2022-04-19T20:09:00+00:00,56205.200000
2022-04-20T13:49:00+00:00,56204.460000
2022-04-20T20:09:00+00:00,56304.720000
2022-04-21T01:49:00+00:00,56301.020000
2022-04-21T05:19:00+00:00,56295.840000
2022-04-21T06:04:00+00:00,55758.660000
2022-04-21T06:14:00+00:00,55232.460000
2022-04-21T10:14:00+00:00,55228.020000
2022-04-21T13:34:00+00:00,55624.050000
2022-04-21T13:34:00+00:00,56285.580000
2022-04-21T14:14:00+00:00,56284.100000
2022-04-21T16:14:00+00:00,56688.360000
2022-04-21T18:09:00+00:00,57362.620000
2022-04-22T10:49:00+00:00,57355.220000
2022-04-22T10:59:00+00:00,57187.820000
2022-04-22T10:59:00+00:00,57184.860000
2022-04-22T11:59:00+00:00,56639.900000
2022-04-22T12:39:00+00:00,56633.980000
2022-04-22T13:14:00+00:00,57030.020000
2022-04-22T13:34:00+00:00,57025.060000
2022-04-22T13:44:00+00:00,57023.580000
2022-04-22T14:09:00+00:00,56581.100000
2022-04-22T14:24:00+00:00,56580.360000
2022-04-22T20:09:00+00:00,57156.620000
2022-04-25T07:14:00+00:00,57152.180000
2022-04-25T07:24:00+00:00,57536.960000
2022-04-25T07:54:00+00:00,57533.240000
2022-04-25T09:49:00+00:00,57529.540000
2022-04-25T11:19:00+00:00,56978.340000
2022-04-25T11:29:00+00:00,56973.900000
2022-04-25T12:34:00+00:00,57392.430000
2022-04-25T12:59:00+00:00,58091.460000
2022-04-25T13:59:00+00:00,58089.980000
2022-04-25T14:29:00+00:00,57621.500000
2022-04-25T19:04:00+00:00,57618.540000
2022-04-25T19:24:00+00:00,57151.580000
2022-04-26T06:04:00+00:00,57144.920000
2022-04-26T06:49:00+00:00,57498.960000
2022-04-26T07:09:00+00:00,58239.010000
2022-04-26T12:44:00+00:00,58233.090000
2022-04-26T13:34:00+00:00,58656.130000
2022-04-26T13:39:00+00:00,59363.170000
2022-04-26T13:49:00+00:00,59361.690000
2022-04-26T15:24:00+00:00,59777.200000
2022-04-26T15:29:00+00:00,60111.960000
2022-04-26T15:29:00+00:00,60107.520000
2022-04-26T16:59:00+00:00,60555.300000
2022-04-26T17:04:00+00:00,60551.580000
2022-04-27T01:14:00+00:00,60542.700000
2022-04-27T01:24:00+00:00,60965.760000
2022-04-27T01:34:00+00:00,61673.820000
2022-04-27T07:44:00+00:00,61670.120000
2022-04-27T07:59:00+00:00,61994.140000
2022-04-27T10:59:00+00:00,61989.700000
2022-04-27T11:09:00+00:00,61418.260000
2022-04-27T11:24:00+00:00,61414.540000
2022-04-27T13:39:00+00:00,61411.580000
2022-04-27T13:49:00+00:00,61410.840000
2022-04-27T13:54:00+00:00,61866.860000
2022-04-27T14:04:00+00:00,61864.380000
2022-04-27T14:14:00+00:00,61432.640000
2022-04-27T14:19:00+00:00,61431.900000
2022-04-27T16:24:00+00:00,60982.660000
2022-04-28T05:54:00+00:00,60968.600000
2022-04-28T06:14:00+00:00,60356.040000
2022-04-28T13:14:00+00:00,60351.600000
2022-04-28T13:34:00+00:00,60772.380000
2022-04-28T13:34:00+00:00,60768.660000
2022-04-28T14:04:00+00:00,60767.920000
2022-04-28T16:34:00+00:00,60387.180000
2022-04-29T12:39:00+00:00,60381.260000
2022-04-29T12:49:00+00:00,59815.340000
2022-04-29T13:29:00+00:00,59810.160000
2022-04-29T13:34:00+00:00,60149.940000
2022-04-29T13:34:00+00:00,60144.980000
2022-04-29T13:59:00+00:00,60144.240000
2022-04-29T14:29:00+00:00,59748.500000
2022-04-29T16:09:00+00:00,59747.760000
2022-04-29T20:09:00+00:00,60185.520000
2022-05-02T13:49:00+00:00,60183.300000
2022-05-02T14:29:00+00:00,60182.560000
2022-05-02T14:34:00+00:00,60477.320000
2022-05-02T15:04:00+00:00,60474.840000
2022-05-02T17:49:00+00:00,59994.100000
2022-05-02T18:19:00+00:00,59993.360000
2022-05-02T19:19:00+00:00,59590.620000
2022-05-03T13:59:00+00:00,59589.140000
2022-05-03T14:49:00+00:00,59104.660000
2022-05-04T03:39:00+00:00,59100.220000
2022-05-04T11:24:00+00:00,58534.780000
2022-05-04T13:54:00+00:00,58531.820000
2022-05-04T14:19:00+00:00,58956.340000
2022-05-04T16:24:00+00:00,58953.860000
2022-05-05T11:14:00+00:00,58950.160000
2022-05-05T13:04:00+00:00,58381.460000
2022-05-05T13:49:00+00:00,58379.980000
2022-05-05T14:24:00+00:00,58754.240000
2022-05-05T15:09:00+00:00,59378.500000
2022-05-05T17:19:00+00:00,59376.280000
2022-05-05T19:04:00+00:00,59659.790000
2022-05-05T20:09:00+00:00,59657.310000
2022-05-06T00:14:00+00:00,59653.610000
2022-05-06T00:24:00+00:00,59372.410000
2022-05-06T00:24:00+00:00,59367.230000
2022-05-06T00:59:00+00:00,58816.050000
2022-05-06T07:59:00+00:00,58811.610000
2022-05-06T09:24:00+00:00,58246.170000
2022-05-06T12:54:00+00:00,58243.950000
2022-05-06T13:39:00+00:00,58477.210000
2022-05-06T13:49:00+00:00,59255.730000
2022-05-06T13:54:00+00:00,59254.990000
2022-05-06T14:19:00+00:00,58751.750000
2022-05-06T15:39:00+00:00,58749.530000
2022-05-06T16:09:00+00:00,58213.310000
2022-05-06T19:04:00+00:00,58212.570000
2022-05-06T20:09:00+00:00,58171.330000
2022-05-09T07:29:00+00:00,58167.630000
2022-05-09T07:39:00+00:00,57913.930000
2022-05-09T07:39:00+00:00,57908.010000
2022-05-09T07:54:00+00:00,57326.090000
2022-05-09T14:09:00+00:00,57325.350000
2022-05-09T20:09:00+00:00,57619.110000
2022-05-10T09:59:00+00:00,57615.410000
2022-05-10T12:34:00+00:00,57116.710000
2022-05-10T13:49:00+00:00,57115.970000
2022-05-10T14:04:00+00:00,56828.230000
2022-05-10T15:44:00+00:00,56826.750000
2022-05-10T17:39:00+00:00,57113.260000
2022-05-10T20:09:00+00:00,57238.520000
2022-05-11T00:14:00+00:00,57232.600000
2022-05-11T02:09:00+00:00,57646.640000
2022-05-11T02:34:00+00:00,58338.680000
2022-05-11T13:49:00+00:00,58337.940000
2022-05-11T16:59:00+00:00,57759.700000
2022-05-12T00:44:00+00:00,57756.740000
2022-05-12T04:39:00+00:00,57261.780000
2022-05-12T08:09:00+00:00,57259.560000
2022-05-12T11:39:00+00:00,57255.860000
2022-05-12T11:59:00+00:00,57489.120000
2022-05-12T11:59:00+00:00,57829.640000
2022-05-12T13:34:00+00:00,57825.920000
2022-05-12T13:34:00+00:00,57824.440000
2022-05-12T13:49:00+00:00,57821.960000
2022-05-12T13:49:00+00:00,57360.480000
2022-05-12T14:09:00+00:00,57359.740000
2022-05-12T18:44:00+00:00,56926.000000
2022-05-13T01:44:00+00:00,56920.080000
2022-05-13T02:04:00+00:00,56402.160000
2022-05-13T03:54:00+00:00,56392.540000
2022-05-13T05:24:00+00:00,55830.420000
2022-05-13T13:49:00+00:00,55828.940000
2022-05-13T13:54:00+00:00,55828.200000
2022-05-13T16:04:00+00:00,56198.710000
2022-05-13T19:39:00+00:00,56562.970000
2022-05-13T19:39:00+00:00,56757.230000
2022-05-16T07:34:00+00:00,56752.790000
2022-05-16T12:24:00+00:00,57166.820000
2022-05-16T12:34:00+00:00,57858.350000
2022-05-16T13:49:00+00:00,57856.870000
2022-05-16T14:24:00+00:00,57341.390000
2022-05-16T23:54:00+00:00,57333.990000
2022-05-17T00:24:00+00:00,57757.790000
2022-05-17T01:54:00+00:00,58466.590000
2022-05-17T07:29:00+00:00,58459.190000
2022-05-17T07:44:00+00:00,58875.490000
2022-05-17T08:09:00+00:00,59571.790000
2022-05-17T13:54:00+00:00,59569.570000
2022-05-17T18:09:00+00:00,59043.850000
2022-05-18T07:29:00+00:00,59033.490000
2022-05-18T07:44:00+00:00,58435.130000
2022-05-18T13:59:00+00:00,58433.650000
2022-05-18T15:29:00+00:00,58733.660000
2022-05-18T17:09:00+00:00,59234.170000
2022-05-18T22:34:00+00:00,59231.210000
2022-05-19T04:54:00+00:00,58944.250000
2022-05-19T04:54:00+00:00,58942.030000
2022-05-19T07:24:00+00:00,58380.310000
2022-05-19T13:49:00+00:00,58379.570000
2022-05-19T13:54:00+00:00,58378.090000
2022-05-19T14:04:00+00:00,58045.850000
2022-05-19T14:04:00+00:00,57596.370000
2022-05-20T07:19:00+00:00,57591.930000
2022-05-20T08:34:00+00:00,57976.710000
2022-05-20T12:49:00+00:00,57972.990000
2022-05-20T12:54:00+00:00,57970.030000
2022-05-20T14:09:00+00:00,58378.050000
2022-05-20T14:09:00+00:00,58377.310000
2022-05-20T14:54:00+00:00,59058.330000
2022-05-20T16:49:00+00:00,59793.840000
2022-05-23T13:44:00+00:00,59792.360000
2022-05-23T13:49:00+00:00,59642.880000
2022-05-23T13:49:00+00:00,59641.400000
2022-05-23T14:04:00+00:00,59102.920000
2022-05-23T14:04:00+00:00,59100.700000
2022-05-23T14:19:00+00:00,58576.480000
2022-05-24T13:49:00+00:00,58575.000000
2022-05-24T20:09:00+00:00,58225.520000
2022-05-25T06:44:00+00:00,58216.640000
2022-05-25T07:24:00+00:00,57619.760000
2022-05-25T14:19:00+00:00,57618.280000
2022-05-25T20:09:00+00:00,57851.800000
2022-05-26T00:09:00+00:00,57847.360000
2022-05-26T01:14:00+00:00,58234.390000
2022-05-26T01:39:00+00:00,58230.670000
2022-05-26T13:39:00+00:00,58226.970000
2022-05-26T13:49:00+00:00,58226.230000
2022-05-26T13:54:00+00:00,58541.250000
2022-05-26T14:14:00+00:00,59330.280000
2022-05-26T20:09:00+00:00,59702.040000
2022-05-27T05:29:00+00:00,59686.500000
2022-05-27T05:49:00+00:00,60091.600000
2022-05-27T06:04:00+00:00,60435.460000
2022-05-27T06:04:00+00:00,60420.660000
2022-05-27T06:09:00+00:00,59815.860000
2022-05-27T12:09:00+00:00,59808.460000
2022-05-27T12:34:00+00:00,59251.060000
2022-05-27T13:59:00+00:00,59249.580000
2022-05-27T20:09:00+00:00,59948.100000
2022-05-30T12:49:00+00:00,59937.000000
2022-05-30T13:19:00+00:00,59348.400000
2022-05-30T14:49:00+00:00,59343.960000
2022-05-30T22:29:00+00:00,58784.520000
2022-05-30T23:44:00+00:00,58781.560000
2022-05-31T00:54:00+00:00,59144.580000
2022-05-31T07:44:00+00:00,59750.600000
2022-05-31T13:39:00+00:00,59747.640000
2022-05-31T14:04:00+00:00,59746.900000
2022-05-31T14:44:00+00:00,59241.940000
2022-05-31T15:44:00+00:00,58989.700000
2022-05-31T15:44:00+00:00,58988.220000
2022-05-31T20:09:00+00:00,59017.740000
2022-06-01T04:14:00+00:00,59013.300000
2022-06-01T06:14:00+00:00,59104.860000
2022-06-01T06:14:00+00:00,59096.720000
2022-06-01T08:09:00+00:00,58511.080000
2022-06-01T13:54:00+00:00,58508.860000
2022-06-01T14:09:00+00:00,58001.140000
2022-06-01T14:59:00+00:00,57997.440000
2022-06-01T15:09:00+00:00,57478.740000
2022-06-02T02:19:00+00:00,57475.780000
2022-06-02T05:19:00+00:00,57200.820000
2022-06-02T05:19:00+00:00,57188.240000
2022-06-02T05:54:00+00:00,56623.160000
2022-06-02T10:44:00+00:00,56616.500000
2022-06-02T11:09:00+00:00,56366.840000
2022-06-02T11:09:00+00:00,56355.740000
2022-06-02T11:44:00+00:00,55774.640000
2022-06-02T13:49:00+00:00,55773.160000
2022-06-02T16:24:00+00:00,56148.920000
2022-06-02T19:54:00+00:00,56775.680000
2022-06-03T04:59:00+00:00,56760.140000
2022-06-03T05:29:00+00:00,56188.100000
2022-06-03T14:39:00+00:00,56186.620000
2022-06-03T19:34:00+00:00,56332.140000
2022-06-05T22:19:00+00:00,56326.960000
2022-06-06T00:24:00+00:00,55817.780000
2022-06-06T11:59:00+00:00,55811.120000
2022-06-06T13:34:00+00:00,56165.160000
2022-06-06T13:34:00+00:00,56158.960000
2022-06-06T14:04:00+00:00,56157.480000
2022-06-06T15:14:00+00:00,55769.000000
2022-06-07T00:09:00+00:00,55760.860000
2022-06-07T01:29:00+00:00,56135.910000
2022-06-07T01:29:00+00:00,56888.970000
2022-06-07T13:49:00+00:00,56887.490000
2022-06-07T18:49:00+00:00,57357.010000
2022-06-07T18:49:00+00:00,57352.570000
2022-06-07T19:24:00+00:00,56778.130000
2022-06-08T05:14:00+00:00,56769.250000
2022-06-08T07:09:00+00:00,56226.370000
2022-06-08T13:44:00+00:00,56224.150000
2022-06-08T13:49:00+00:00,56222.670000
2022-06-08T16:39:00+00:00,55711.190000
2022-06-08T16:49:00+00:00,55242.470000
2022-06-08T22:09:00+00:00,55238.030000
2022-06-09T05:14:00+00:00,55341.590000
2022-06-09T05:14:00+00:00,55335.670000
2022-06-09T06:09:00+00:00,54781.750000
2022-06-09T10:29:00+00:00,54780.270000
2022-06-09T12:14:00+00:00,54367.790000
2022-06-09T13:54:00+00:00,54366.310000
2022-06-09T17:44:00+00:00,53862.830000
2022-06-10T05:54:00+00:00,53854.690000
2022-06-10T07:14:00+00:00,54207.240000
2022-06-10T08:09:00+00:00,54199.800000
2022-06-10T13:54:00+00:00,54198.320000
2022-06-10T20:09:00+00:00,54645.840000
2022-06-13T13:39:00+00:00,54640.660000
2022-06-13T13:49:00+00:00,54948.940000
2022-06-13T13:49:00+00:00,54943.980000
2022-06-13T14:14:00+00:00,54942.500000
2022-06-13T17:49:00+00:00,54878.020000
2022-06-13T17:49:00+00:00,54876.540000
2022-06-13T18:34:00+00:00,54501.060000
2022-06-14T12:09:00+00:00,54495.880000
2022-06-14T12:34:00+00:00,54831.160000
2022-06-14T12:34:00+00:00,54826.200000
2022-06-14T13:34:00+00:00,54823.240000
2022-06-14T13:44:00+00:00,55156.260000
2022-06-14T13:59:00+00:00,55153.780000
2022-06-14T13:59:00+00:00,55151.560000
2022-06-14T14:14:00+00:00,54708.340000
2022-06-14T14:44:00+00:00,54707.600000
2022-06-14T14:54:00+00:00,54588.860000
2022-06-14T14:54:00+00:00,54586.640000
2022-06-14T17:34:00+00:00,54749.420000
2022-06-14T17:34:00+00:00,54746.460000
2022-06-14T19:04:00+00:00,55077.980000
2022-06-14T19:19:00+00:00,55631.500000
2022-06-14T23:29:00+00:00,55627.800000
2022-06-15T01:29:00+00:00,55953.320000
2022-06-15T05:29:00+00:00,55949.600000
2022-06-15T07:54:00+00:00,55944.420000
2022-06-15T08:29:00+00:00,55428.240000
2022-06-15T14:04:00+00:00,55426.020000
2022-06-15T18:04:00+00:00,54892.800000
2022-06-15T18:49:00+00:00,54892.060000
2022-06-15T20:09:00+00:00,54833.320000
2022-06-16T14:04:00+00:00,54831.840000
2022-06-16T20:09:00+00:00,55132.360000
2022-06-17T00:09:00+00:00,55127.920000
2022-06-17T01:54:00+00:00,54574.480000
2022-06-17T06:34:00+00:00,54569.300000
2022-06-17T06:59:00+00:00,54469.620000
2022-06-17T06:59:00+00:00,54467.400000
2022-06-17T08:34:00+00:00,54024.180000
2022-06-17T09:59:00+00:00,54021.960000
2022-06-17T13:04:00+00:00,53611.740000
2022-06-17T13:39:00+00:00,53608.780000
2022-06-17T13:54:00+00:00,53608.040000
2022-06-17T14:24:00+00:00,53081.080000
2022-06-17T14:24:00+00:00,52791.340000
2022-06-17T19:29:00+00:00,52787.640000
2022-06-17T19:49:00+00:00,52323.940000
2022-06-20T00:09:00+00:00,52314.320000
2022-06-20T00:19:00+00:00,52656.380000
2022-06-20T01:19:00+00:00,53324.950000
2022-06-20T07:14:00+00:00,53318.290000
2022-06-20T08:09:00+00:00,52825.630000
2022-06-20T13:49:00+00:00,52821.190000
2022-06-20T14:04:00+00:00,52342.750000
2022-06-20T16:54:00+00:00,52339.050000
2022-06-20T23:49:00+00:00,52330.170000
2022-06-21T00:04:00+00:00,51811.290000
2022-06-21T03:14:00+00:00,52105.310000
2022-06-21T11:14:00+00:00,52460.090000
2022-06-21T11:14:00+00:00,52457.130000
2022-06-21T13:09:00+00:00,52482.170000
2022-06-21T13:09:00+00:00,52476.990000
2022-06-21T13:39:00+00:00,52789.770000
2022-06-21T13:39:00+00:00,53486.810000
2022-06-21T13:59:00+00:00,53486.070000
2022-06-21T20:09:00+00:00,53377.330000
2022-06-21T23:39:00+00:00,53361.790000
2022-06-22T00:09:00+00:00,52810.750000
2022-06-22T00:09:00+00:00,52802.610000
2022-06-22T01:39:00+00:00,53155.160000
2022-06-22T02:44:00+00:00,53863.220000
2022-06-22T10:54:00+00:00,53860.260000
2022-06-22T13:29:00+00:00,54223.280000
2022-06-22T13:49:00+00:00,54829.300000
2022-06-22T13:49:00+00:00,54827.080000
2022-06-22T14:19:00+00:00,55085.840000
2022-06-22T15:49:00+00:00,55469.360000
2022-06-22T15:49:00+00:00,55466.400000
2022-06-22T18:09:00+00:00,54999.440000
2022-06-22T18:14:00+00:00,54997.960000
2022-06-22T19:39:00+00:00,54476.480000
2022-06-23T13:54:00+00:00,54475.000000
2022-06-23T14:09:00+00:00,53978.520000
2022-06-23T15:09:00+00:00,53974.820000
2022-06-23T16:04:00+00:00,54280.840000
2022-06-23T16:54:00+00:00,55047.370000
2022-06-24T07:14:00+00:00,55040.710000
2022-06-24T13:34:00+00:00,55385.750000
2022-06-24T13:34:00+00:00,56107.050000
2022-06-24T13:49:00+00:00,56105.570000
2022-06-24T20:09:00+00:00,56704.090000
2022-06-27T10:24:00+00:00,56690.770000
2022-06-27T10:29:00+00:00,56110.450000
2022-06-27T13:39:00+00:00,56107.490000
2022-06-27T13:49:00+00:00,56106.750000
2022-06-27T14:09:00+00:00,56293.790000
2022-06-27T14:09:00+00:00,56191.050000
2022-06-27T14:14:00+00:00,56189.570000
2022-06-27T19:19:00+00:00,56185.130000
2022-06-27T19:39:00+00:00,55628.690000
2022-06-27T20:09:00+00:00,55659.210000
2022-06-28T14:09:00+00:00,55658.470000
2022-06-28T19:09:00+00:00,56356.480000
2022-06-29T12:29:00+00:00,56349.820000
2022-06-29T13:34:00+00:00,56721.860000
2022-06-29T13:34:00+00:00,56715.660000
2022-06-29T13:54:00+00:00,56714.180000
2022-06-29T13:59:00+00:00,56712.700000
2022-06-29T20:09:00+00:00,56619.220000
2022-06-29T20:09:00+00:00,56591.740000
2022-06-30T13:44:00+00:00,56590.260000
2022-06-30T13:54:00+00:00,56589.520000
2022-06-30T15:24:00+00:00,56173.040000
2022-06-30T15:29:00+00:00,55818.300000
2022-06-30T23:34:00+00:00,55812.380000
2022-07-01T01:39:00+00:00,55302.460000
2022-07-01T13:49:00+00:00,55300.980000
2022-07-01T13:54:00+00:00,55299.500000
2022-07-01T14:29:00+00:00,54797.020000
2022-07-01T14:34:00+00:00,54269.540000
2022-07-03T23:09:00+00:00,54264.360000
2022-07-03T23:34:00+00:00,53772.680000
2022-07-04T14:09:00+00:00,53766.760000
2022-07-04T16:14:00+00:00,53388.840000
2022-07-04T16:14:00+00:00,53383.660000
2022-07-04T22:14:00+00:00,53687.440000
2022-07-04T22:59:00+00:00,54364.480000
2022-07-05T06:54:00+00:00,54346.720000
2022-07-05T07:04:00+00:00,54742.840000
2022-07-05T07:04:00+00:00,54727.960000
2022-07-05T10:24:00+00:00,54726.480000
2022-07-05T13:54:00+00:00,55148.000000
2022-07-05T13:54:00+00:00,55145.040000
2022-07-05T14:14:00+00:00,55143.560000
2022-07-05T14:39:00+00:00,55521.580000
2022-07-05T14:44:00+00:00,56152.600000
2022-07-05T17:39:00+00:00,56507.360000
2022-07-05T19:34:00+00:00,57099.120000
2022-07-06T10:49:00+00:00,57092.460000
2022-07-06T11:54:00+00:00,57437.500000
2022-07-06T12:39:00+00:00,57431.300000
2022-07-06T13:44:00+00:00,57429.080000
2022-07-06T18:09:00+00:00,56880.860000
2022-07-06T18:34:00+00:00,56877.900000
2022-07-06T20:09:00+00:00,56878.940000
2022-07-07T00:09:00+00:00,56868.580000
2022-07-07T00:44:00+00:00,56298.220000
2022-07-07T07:29:00+00:00,56288.600000
2022-07-07T08:09:00+00:00,56662.160000
2022-07-07T08:49:00+00:00,56653.480000
2022-07-07T13:49:00+00:00,56652.000000
2022-07-07T20:09:00+00:00,57038.520000
2022-07-08T02:54:00+00:00,57031.860000
2022-07-08T12:34:00+00:00,57400.900000
2022-07-08T12:34:00+00:00,57394.700000
2022-07-08T12:39:00+00:00,57391.740000
2022-07-08T13:54:00+00:00,57388.780000
2022-07-08T14:14:00+00:00,56895.820000
2022-07-08T14:29:00+00:00,56370.860000
2022-07-08T14:29:00+00:00,56369.380000
2022-07-08T20:09:00+00:00,56544.900000
2022-07-11T01:09:00+00:00,56533.060000
2022-07-11T01:39:00+00:00,56941.140000
2022-07-11T02:04:00+00:00,57625.220000
2022-07-11T12:29:00+00:00,57617.080000
2022-07-11T13:34:00+00:00,57053.440000
2022-07-11T13:54:00+00:00,57052.700000
2022-07-11T20:09:00+00:00,56965.960000
2022-07-12T13:49:00+00:00,56964.480000
2022-07-12T19:29:00+00:00,57301.990000
2022-07-12T20:09:00+00:00,57585.750000
2022-07-12T23:39:00+00:00,57570.950000
2022-07-12T23:54:00+00:00,56976.150000
2022-07-13T11:29:00+00:00,56964.310000
2022-07-13T11:49:00+00:00,56392.470000
2022-07-13T12:39:00+00:00,56391.730000
2022-07-13T13:49:00+00:00,56068.990000
2022-07-13T13:49:00+00:00,56068.250000
2022-07-13T20:09:00+00:00,56170.510000
2022-07-14T05:29:00+00:00,56162.370000
2022-07-14T06:04:00+00:00,56529.920000
2022-07-14T07:09:00+00:00,57267.980000
2022-07-14T07:14:00+00:00,57265.020000
2022-07-14T07:24:00+00:00,56980.060000
2022-07-14T07:24:00+00:00,56974.880000
2022-07-14T07:54:00+00:00,56465.700000
2022-07-14T10:54:00+00:00,56459.780000
2022-07-14T12:34:00+00:00,55937.860000
2022-07-14T13:54:00+00:00,55933.420000
2022-07-14T14:04:00+00:00,55445.980000
2022-07-14T14:04:00+00:00,55445.240000
2022-07-14T15:44:00+00:00,55125.500000
2022-07-15T12:44:00+00:00,55123.280000
2022-07-15T13:34:00+00:00,55366.290000
2022-07-15T13:49:00+00:00,55605.810000
2022-07-15T13:49:00+00:00,55603.590000
2022-07-15T13:54:00+00:00,55601.370000
2022-07-15T14:04:00+00:00,55050.150000
2022-07-15T14:04:00+00:00,54570.930000
2022-07-18T13:49:00+00:00,54568.710000
2022-07-18T17:34:00+00:00,54117.990000
2022-07-19T05:19:00+00:00,54106.890000
2022-07-19T07:04:00+00:00,54469.210000
2022-07-19T07:04:00+00:00,54459.290000
2022-07-19T07:39:00+00:00,54454.110000
2022-07-19T09:04:00+00:00,53902.930000
2022-07-19T14:29:00+00:00,53900.710000
2022-07-19T17:34:00+00:00,54153.470000
2022-07-19T20:09:00+00:00,54972.990000
2022-07-20T07:44:00+00:00,54969.290000
2022-07-20T11:49:00+00:00,54966.330000
2022-07-20T12:29:00+00:00,54963.370000
2022-07-20T13:39:00+00:00,54472.170000
2022-07-20T13:39:00+00:00,53937.210000
2022-07-20T13:39:00+00:00,53450.250000
2022-07-20T14:04:00+00:00,53446.550000
2022-07-20T14:14:00+00:00,53007.850000
2022-07-20T14:14:00+00:00,53005.630000
2022-07-20T14:54:00+00:00,53257.640000
2022-07-20T20:09:00+00:00,53815.160000
2022-07-21T08:39:00+00:00,53805.540000
2022-07-21T09:24:00+00:00,54165.600000
2022-07-21T10:04:00+00:00,54869.170000
2022-07-21T13:54:00+00:00,54867.690000
2022-07-21T14:14:00+00:00,54449.210000
2022-07-22T11:09:00+00:00,54441.810000
2022-07-22T11:44:00+00:00,53919.410000
2022-07-22T13:44:00+00:00,53916.450000
2022-07-22T13:49:00+00:00,53914.970000
2022-07-22T14:04:00+00:00,53378.010000
2022-07-22T14:04:00+00:00,53012.530000
2022-07-22T14:19:00+00:00,53007.350000
2022-07-22T14:29:00+00:00,52477.170000
2022-07-25T14:14:00+00:00,52475.690000
2022-07-25T20:09:00+00:00,52415.210000
2022-07-26T06:14:00+00:00,52404.850000
2022-07-26T07:29:00+00:00,51897.490000
2022-07-26T12:24:00+00:00,51893.050000
2022-07-26T12:49:00+00:00,51886.390000
2022-07-26T13:34:00+00:00,52226.170000
2022-07-26T13:34:00+00:00,52568.210000
2022-07-26T13:34:00+00:00,52562.010000
2022-07-26T13:49:00+00:00,53129.790000
2022-07-26T13:49:00+00:00,53127.570000
2022-07-26T18:29:00+00:00,53363.830000
2022-07-26T19:59:00+00:00,53768.350000
2022-07-27T07:09:00+00:00,53756.510000
2022-07-27T07:49:00+00:00,54152.590000
2022-07-27T08:09:00+00:00,54816.670000
2022-07-27T13:49:00+00:00,54815.190000
2022-07-27T18:44:00+00:00,55160.950000
2022-07-27T18:49:00+00:00,55159.470000
2022-07-27T19:29:00+00:00,55736.230000
2022-07-27T20:09:00+00:00,55684.750000
2022-07-28T13:04:00+00:00,55680.310000
2022-07-28T13:29:00+00:00,55162.870000
2022-07-28T13:49:00+00:00,55160.650000
2022-07-28T15:04:00+00:00,54697.930000
2022-07-29T05:29:00+00:00,54689.050000
2022-07-29T07:39:00+00:00,54620.170000
2022-07-29T07:39:00+00:00,54610.550000
2022-07-29T08:44:00+00:00,54961.610000
2022-07-29T08:54:00+00:00,55647.680000
2022-07-29T13:49:00+00:00,55645.460000
2022-07-29T13:59:00+00:00,55643.980000
2022-07-29T19:34:00+00:00,55915.490000
2022-07-29T20:09:00+00:00,56329.010000
2022-07-29T20:09:00+00:00,56720.530000
2022-07-31T22:09:00+00:00,56716.090000
2022-08-01T11:49:00+00:00,56153.650000
2022-08-01T13:54:00+00:00,56152.910000
2022-08-01T14:24:00+00:00,56157.170000
2022-08-01T14:24:00+00:00,56152.730000
2022-08-01T14:44:00+00:00,55644.290000
2022-08-01T19:29:00+00:00,55641.330000
2022-08-01T20:09:00+00:00,55432.370000
2022-08-02T05:24:00+00:00,55423.490000
2022-08-02T07:09:00+00:00,55806.050000
2022-08-02T07:19:00+00:00,56446.610000
2022-08-02T12:29:00+00:00,56442.910000
2022-08-02T13:44:00+00:00,56748.930000
2022-08-02T14:09:00+00:00,56745.210000
2022-08-02T14:09:00+00:00,56742.990000
2022-08-02T14:44:00+00:00,56197.770000
2022-08-02T23:44:00+00:00,56188.150000
2022-08-03T00:44:00+00:00,56566.210000
2022-08-03T01:34:00+00:00,56557.530000
2022-08-03T11:14:00+00:00,56554.570000
2022-08-03T13:39:00+00:00,56931.090000
2022-08-03T13:39:00+00:00,56928.130000
2022-08-03T13:54:00+00:00,56926.650000
2022-08-03T14:04:00+00:00,57555.170000
2022-08-03T15:14:00+00:00,57961.690000
2022-08-03T16:44:00+00:00,58640.210000
2022-08-03T16:54:00+00:00,58973.970000
2022-08-03T20:04:00+00:00,59278.230000
2022-08-03T22:54:00+00:00,59261.950000
2022-08-04T00:04:00+00:00,58662.670000
2022-08-04T05:24:00+00:00,58648.610000
2022-08-04T07:04:00+00:00,58055.050000
2022-08-04T14:29:00+00:00,58052.830000
2022-08-04T19:14:00+00:00,57521.110000
2022-08-04T19:29:00+00:00,57512.230000
2022-08-04T19:44:00+00:00,57926.290000
2022-08-04T20:04:00+00:00,57918.850000
2022-08-05T00:49:00+00:00,57904.050000
2022-08-05T01:09:00+00:00,57319.250000
2022-08-05T06:04:00+00:00,57300.010000
2022-08-05T06:44:00+00:00,56708.770000
2022-08-05T12:39:00+00:00,56703.590000
2022-08-05T12:49:00+00:00,57056.870000
2022-08-05T13:39:00+00:00,57051.910000
2022-08-05T14:04:00+00:00,57050.430000
2022-08-05T15:29:00+00:00,56594.950000
2022-08-08T08:14:00+00:00,56586.810000
2022-08-08T09:19:00+00:00,56578.670000
2022-08-08T10:44:00+00:00,56020.530000
2022-08-08T10:44:00+00:00,55473.390000
2022-08-08T13:09:00+00:00,55463.030000
2022-08-08T13:34:00+00:00,55851.600000
2022-08-08T13:34:00+00:00,55842.920000
2022-08-08T13:49:00+00:00,55841.440000
2022-08-08T13:54:00+00:00,55840.700000
2022-08-08T15:39:00+00:00,55337.220000
2022-08-08T15:44:00+00:00,55002.980000
2022-08-08T15:59:00+00:00,54998.540000
2022-08-08T16:09:00+00:00,54472.100000
2022-08-08T23:14:00+00:00,54467.660000
2022-08-09T01:24:00+00:00,53977.220000
2022-08-09T07:24:00+00:00,53969.080000
2022-08-09T08:29:00+00:00,53619.940000
2022-08-09T08:29:00+00:00,53611.800000
2022-08-09T09:59:00+00:00,53064.660000
2022-08-09T13:54:00+00:00,53063.180000
2022-08-09T15:19:00+00:00,52948.700000
2022-08-09T15:19:00+00:00,52945.000000
2022-08-09T16:04:00+00:00,52463.800000
2022-08-10T00:09:00+00:00,52451.220000
2022-08-10T01:19:00+00:00,51920.140000
2022-08-10T04:09:00+00:00,51909.040000
2022-08-10T05:54:00+00:00,51380.440000
2022-08-10T14:19:00+00:00,51378.960000
2022-08-10T15:04:00+00:00,50989.480000
2022-08-11T14:04:00+00:00,50987.260000
2022-08-11T15:09:00+00:00,50553.040000
2022-08-12T00:14:00+00:00,50546.380000
2022-08-12T06:09:00+00:00,50035.720000
2022-08-12T07:09:00+00:00,50028.320000
2022-08-12T07:29:00+00:00,49560.920000
2022-08-12T13:49:00+00:00,49558.700000
2022-08-12T14:19:00+00:00,49557.220000
2022-08-12T15:24:00+00:00,49742.480000
2022-08-12T19:04:00+00:00,50361.000000
2022-08-12T20:09:00+00:00,50789.520000
2022-08-15T01:39:00+00:00,50780.640000
2022-08-15T07:14:00+00:00,50261.760000
2022-08-15T12:44:00+00:00,50255.100000
2022-08-15T13:09:00+00:00,50257.440000
2022-08-15T13:09:00+00:00,50247.820000
2022-08-15T13:34:00+00:00,50571.880000
2022-08-15T13:34:00+00:00,51205.450000
2022-08-15T13:54:00+00:00,51203.230000
2022-08-15T14:19:00+00:00,50899.510000
2022-08-15T14:19:00+00:00,50896.550000
2022-08-15T15:44:00+00:00,50385.590000
2022-08-16T00:09:00+00:00,50364.130000
2022-08-16T00:34:00+00:00,50710.770000
2022-08-16T01:24:00+00:00,51337.170000
2022-08-16T03:19:00+00:00,51325.330000
2022-08-16T07:04:00+00:00,51703.410000
2022-08-16T08:14:00+00:00,51693.490000
2022-08-16T12:19:00+00:00,51688.310000
2022-08-16T12:49:00+00:00,51200.130000
2022-08-16T13:49:00+00:00,51197.170000
2022-08-16T15:49:00+00:00,50710.210000
2022-08-17T00:34:00+00:00,50698.370000
2022-08-17T06:14:00+00:00,50688.010000
2022-08-17T06:39:00+00:00,51060.090000
2022-08-17T07:09:00+00:00,51369.910000
2022-08-17T07:19:00+00:00,51993.990000
2022-08-17T07:44:00+00:00,52513.810000
2022-08-17T14:14:00+00:00,52511.590000
2022-08-17T18:09:00+00:00,52015.870000
2022-08-18T07:24:00+00:00,52012.170000
2022-08-18T09:09:00+00:00,51488.470000
2022-08-18T14:44:00+00:00,51486.250000
2022-08-18T20:09:00+00:00,51610.030000
2022-08-19T13:49:00+00:00,51608.550000
2022-08-19T19:19:00+00:00,51866.070000
2022-08-19T19:19:00+00:00,51855.710000
2022-08-19T20:09:00+00:00,51831.350000
2022-08-22T09:54:00+00:00,51820.990000
2022-08-22T12:14:00+00:00,51299.630000
2022-08-22T13:49:00+00:00,51297.410000
2022-08-22T18:44:00+00:00,51522.420000
2022-08-22T20:09:00+00:00,51889.940000
2022-08-23T00:09:00+00:00,51872.180000
2022-08-23T00:29:00+00:00,51338.420000
2022-08-23T01:14:00+00:00,51322.140000
2022-08-23T01:59:00+00:00,50788.860000
2022-08-23T13:49:00+00:00,50785.900000
2022-08-23T13:54:00+00:00,50554.940000
2022-08-23T13:54:00+00:00,50553.460000
2022-08-23T20:09:00+00:00,50252.980000
2022-08-24T06:44:00+00:00,50249.280000
2022-08-24T07:44:00+00:00,50244.100000
2022-08-24T08:34:00+00:00,50538.880000
2022-08-24T13:34:00+00:00,50533.920000
2022-08-24T14:14:00+00:00,50530.960000
2022-08-24T14:39:00+00:00,50829.480000
2022-08-24T15:49:00+00:00,51174.500000
2022-08-24T15:54:00+00:00,51922.280000
2022-08-24T20:09:00+00:00,52086.800000
2022-08-25T13:59:00+00:00,52083.100000
2022-08-25T14:44:00+00:00,52350.120000
2022-08-25T15:14:00+00:00,52346.400000
2022-08-26T07:09:00+00:00,52340.480000
2022-08-26T09:54:00+00:00,52721.520000
2022-08-26T11:19:00+00:00,52998.560000
2022-08-26T11:19:00+00:00,52986.720000
2022-08-26T11:54:00+00:00,53364.800000
2022-08-26T12:34:00+00:00,53354.880000
2022-08-26T13:34:00+00:00,53351.920000
2022-08-26T13:49:00+00:00,53348.220000
2022-08-26T14:04:00+00:00,53721.740000
2022-08-26T14:04:00+00:00,54345.260000
2022-08-26T14:04:00+00:00,54636.280000
2022-08-26T14:04:00+00:00,54632.560000
2022-08-26T14:14:00+00:00,54631.820000
2022-08-26T14:34:00+00:00,54272.080000
2022-08-29T04:24:00+00:00,54260.980000
2022-08-29T05:59:00+00:00,54623.300000
2022-08-29T06:09:00+00:00,54613.380000
2022-08-29T07:24:00+00:00,54610.420000
2022-08-29T07:39:00+00:00,54125.460000
2022-08-29T07:39:00+00:00,54121.020000
2022-08-29T08:39:00+00:00,53603.580000
2022-08-29T09:19:00+00:00,53598.400000
2022-08-29T12:39:00+00:00,53904.430000
2022-08-29T13:34:00+00:00,54586.470000
2022-08-29T13:39:00+00:00,54584.990000
2022-08-29T14:54:00+00:00,54213.510000
2022-08-29T14:54:00+00:00,54212.030000
2022-08-29T17:49:00+00:00,53674.550000
2022-08-30T12:09:00+00:00,53665.670000
2022-08-30T12:24:00+00:00,53116.790000
2022-08-30T13:49:00+00:00,53115.310000
2022-08-30T13:54:00+00:00,53113.830000
2022-08-30T14:34:00+00:00,53476.840000
2022-08-30T14:34:00+00:00,53752.850000
2022-08-30T17:24:00+00:00,54213.360000
2022-08-30T20:09:00+00:00,54520.120000
2022-08-31T13:49:00+00:00,54517.900000
2022-08-31T13:54:00+00:00,54516.420000
2022-08-31T14:19:00+00:00,54007.200000
2022-08-31T14:19:00+00:00,53571.720000
2022-09-01T13:14:00+00:00,53566.540000
2022-09-01T13:34:00+00:00,53067.860000
2022-09-01T14:04:00+00:00,53066.380000
2022-09-01T14:29:00+00:00,52925.900000
2022-09-01T14:29:00+00:00,52920.720000
2022-09-01T14:39:00+00:00,52443.040000
2022-09-01T15:39:00+00:00,52437.120000
2022-09-01T15:49:00+00:00,51915.200000
2022-09-02T07:09:00+00:00,51903.360000
2022-09-02T07:34:00+00:00,51371.520000
2022-09-02T13:39:00+00:00,51369.300000
2022-09-02T14:04:00+00:00,51368.560000
2022-09-02T14:19:00+00:00,51193.840000
2022-09-02T14:19:00+00:00,51007.100000
2022-09-02T14:24:00+00:00,51005.620000
2022-09-02T16:34:00+00:00,50617.140000
2022-09-05T00:24:00+00:00,50609.740000
2022-09-05T05:59:00+00:00,50962.290000
2022-09-05T06:09:00+00:00,50956.090000
2022-09-05T08:34:00+00:00,50949.430000
2022-09-05T11:54:00+00:00,50443.270000
2022-09-05T14:34:00+00:00,50439.570000
2022-09-05T16:49:00+00:00,50188.370000
2022-09-05T16:49:00+00:00,50183.190000
2022-09-05T22:29:00+00:00,49884.010000
2022-09-05T22:29:00+00:00,49875.130000
2022-09-05T22:44:00+00:00,50244.190000
2022-09-05T23:34:00+00:00,50236.750000
2022-09-06T11:59:00+00:00,50228.610000
2022-09-06T12:34:00+00:00,49725.470000
2022-09-06T13:49:00+00:00,49723.990000
2022-09-06T17:14:00+00:00,49723.250000
2022-09-06T19:49:00+00:00,49845.770000
2022-09-06T19:49:00+00:00,49741.030000
2022-09-07T00:14:00+00:00,49735.110000
2022-09-07T00:19:00+00:00,49257.190000
2022-09-07T02:59:00+00:00,49249.050000
2022-09-07T04:54:00+00:00,48762.410000
2022-09-07T06:19:00+00:00,48758.710000
2022-09-07T08:09:00+00:00,49024.230000
2022-09-07T11:39:00+00:00,49020.510000
2022-09-07T15:14:00+00:00,49019.030000
2022-09-07T19:14:00+00:00,49330.290000
2022-09-07T20:09:00+00:00,49558.050000
2022-09-08T01:24:00+00:00,49546.950000
2022-09-08T06:04:00+00:00,49040.850000
2022-09-08T13:54:00+00:00,49040.110000
2022-09-08T14:09:00+00:00,48975.870000
2022-09-08T14:09:00+00:00,48972.910000
2022-09-08T14:24:00+00:00,48505.950000
2022-09-09T02:54:00+00:00,48498.550000
2022-09-09T04:39:00+00:00,48041.150000
2022-09-09T07:09:00+00:00,48035.970000
2022-09-09T07:29:00+00:00,48326.250000
2022-09-09T12:59:00+00:00,48633.290000
2022-09-09T12:59:00+00:00,48625.890000
2022-09-09T13:29:00+00:00,48982.190000
2022-09-09T13:34:00+00:00,48975.990000
2022-09-09T13:39:00+00:00,48971.550000
2022-09-09T13:59:00+00:00,48970.070000
2022-09-09T14:04:00+00:00,49327.850000
2022-09-09T14:44:00+00:00,49925.630000
2022-09-09T20:09:00+00:00,50251.150000
2022-09-12T05:04:00+00:00,50244.490000
2022-09-12T06:39:00+00:00,49765.330000
2022-09-12T13:54:00+00:00,49763.110000
2022-09-12T16:14:00+00:00,49351.390000
2022-09-13T00:24:00+00:00,49343.250000
2022-09-13T06:04:00+00:00,48851.110000
2022-09-13T12:39:00+00:00,48848.890000
2022-09-13T13:39:00+00:00,49046.150000
2022-09-13T13:59:00+00:00,49044.670000
2022-09-13T14:34:00+00:00,49703.190000
2022-09-13T18:54:00+00:00,50062.450000
2022-09-13T19:49:00+00:00,50661.710000
2022-09-14T05:49:00+00:00,50643.950000
2022-09-14T05:59:00+00:00,51013.070000
2022-09-14T06:14:00+00:00,50998.190000
2022-09-14T07:24:00+00:00,50993.010000
2022-09-14T07:39:00+00:00,50487.330000
2022-09-14T13:49:00+00:00,50485.850000
2022-09-14T13:59:00+00:00,50484.370000
2022-09-14T14:34:00+00:00,50101.890000
2022-09-14T20:09:00+00:00,50348.410000
2022-09-15T05:54:00+00:00,50335.830000
2022-09-15T07:09:00+00:00,50677.910000
2022-09-15T07:54:00+00:00,51323.750000
2022-09-15T12:19:00+00:00,51313.390000
2022-09-15T12:34:00+00:00,51675.710000
2022-09-15T12:34:00+00:00,51667.030000
2022-09-15T13:49:00+00:00,51665.550000
2022-09-15T14:29:00+00:00,51296.070000
2022-09-16T00:24:00+00:00,51290.890000
2022-09-16T04:19:00+00:00,50781.710000
2022-09-16T13:59:00+00:00,50779.490000
2022-09-16T14:14:00+00:00,50313.770000
2022-09-16T19:19:00+00:00,50309.330000
2022-09-16T19:24:00+00:00,49803.890000
2022-09-19T05:34:00+00:00,49784.650000
2022-09-19T05:59:00+00:00,50135.780000
2022-09-19T05:59:00+00:00,50727.410000
2022-09-19T06:24:00+00:00,50718.530000
2022-09-19T07:09:00+00:00,50199.650000
2022-09-19T13:54:00+00:00,50198.170000
2022-09-19T20:09:00+00:00,50663.690000
2022-09-20T13:39:00+00:00,50656.290000
2022-09-20T14:09:00+00:00,51020.090000
2022-09-20T14:14:00+00:00,51013.890000
2022-09-20T14:54:00+00:00,51011.670000
2022-09-20T17:29:00+00:00,50611.950000
2022-09-20T18:39:00+00:00,50611.210000
2022-09-20T18:54:00+00:00,50542.970000
2022-09-20T18:54:00+00:00,50539.270000
2022-09-20T20:09:00+00:00,51093.070000
2022-09-21T06:04:00+00:00,51087.150000
2022-09-21T07:04:00+00:00,51465.190000
2022-09-21T07:24:00+00:00,51648.230000
2022-09-21T07:24:00+00:00,51641.570000
2022-09-21T11:54:00+00:00,51974.610000
2022-09-21T12:34:00+00:00,52670.910000
2022-09-21T13:49:00+00:00,52667.210000
2022-09-21T18:04:00+00:00,52153.510000
2022-09-21T18:09:00+00:00,52151.290000
2022-09-21T18:34:00+00:00,51712.570000
2022-09-21T18:49:00+00:00,51711.830000
2022-09-21T19:39:00+00:00,51226.590000
2022-09-22T09:14:00+00:00,51224.370000
2022-09-22T11:14:00+00:00,51222.890000
2022-09-22T13:44:00+00:00,51459.150000
2022-09-22T14:04:00+00:00,51457.670000
2022-09-22T15:04:00+00:00,52246.190000
2022-09-22T19:49:00+00:00,51833.710000
2022-09-22T20:09:00+00:00,52178.230000
2022-09-23T13:54:00+00:00,52176.750000
2022-09-23T18:59:00+00:00,52458.010000
2022-09-23T19:44:00+00:00,52456.770000
2022-09-26T00:14:00+00:00,52453.070000
2022-09-26T00:59:00+00:00,51924.370000
2022-09-26T13:54:00+00:00,51922.890000
2022-09-26T16:29:00+00:00,51432.410000
2022-09-27T13:39:00+00:00,51427.970000
2022-09-27T13:49:00+00:00,50976.530000
2022-09-27T13:54:00+00:00,50972.090000
2022-09-27T14:04:00+00:00,51334.370000
2022-09-27T14:04:00+00:00,51333.630000
2022-09-27T14:54:00+00:00,51329.910000
2022-09-27T17:09:00+00:00,51329.170000
2022-09-27T20:09:00+00:00,51510.430000
2022-09-27T20:09:00+00:00,51362.690000
2022-09-28T13:49:00+00:00,51361.950000
2022-09-28T14:24:00+00:00,51360.470000
2022-09-28T19:04:00+00:00,51676.230000
2022-09-28T20:09:00+00:00,52154.990000
2022-09-28T20:09:00+00:00,52528.750000
2022-09-29T10:09:00+00:00,52525.790000
2022-09-29T11:04:00+00:00,52522.830000
2022-09-29T11:19:00+00:00,52083.870000
2022-09-29T13:39:00+00:00,52439.390000
2022-09-29T13:44:00+00:00,53032.910000
2022-09-29T13:49:00+00:00,53032.170000
2022-09-29T18:34:00+00:00,53300.430000
2022-09-29T18:34:00+00:00,53294.510000
2022-09-29T19:19:00+00:00,53675.550000
2022-09-29T19:34:00+00:00,54312.590000
2022-09-30T09:09:00+00:00,54305.930000
2022-09-30T10:54:00+00:00,54650.970000
2022-09-30T11:09:00+00:00,55372.270000
2022-09-30T12:34:00+00:00,55370.790000
2022-09-30T14:24:00+00:00,55369.310000
2022-09-30T18:44:00+00:00,54946.830000
2022-09-30T19:29:00+00:00,54435.350000
2022-10-03T03:04:00+00:00,54430.910000
2022-10-03T05:54:00+00:00,53934.470000
2022-10-03T06:29:00+00:00,53931.510000
2022-10-03T11:59:00+00:00,53466.550000
2022-10-03T13:54:00+00:00,53464.330000
2022-10-03T14:04:00+00:00,53462.850000
2022-10-03T14:34:00+00:00,53684.110000
2022-10-03T18:14:00+00:00,54422.630000
2022-10-03T18:44:00+00:00,54774.390000
2022-10-03T20:09:00+00:00,55089.650000
2022-10-04T09:34:00+00:00,55086.690000
2022-10-04T13:49:00+00:00,55479.710000
2022-10-04T13:49:00+00:00,55477.490000
2022-10-04T14:04:00+00:00,56133.510000
2022-10-04T20:09:00+00:00,56477.790000
2022-10-05T01:14:00+00:00,56470.390000
2022-10-05T01:34:00+00:00,55937.990000
2022-10-05T01:39:00+00:00,55933.550000
2022-10-05T08:29:00+00:00,56291.330000
2022-10-05T13:44:00+00:00,56889.110000
2022-10-05T14:04:00+00:00,56887.630000
2022-10-05T16:49:00+00:00,56462.150000
2022-10-06T12:19:00+00:00,56458.450000
2022-10-06T13:39:00+00:00,56786.970000
2022-10-06T13:39:00+00:00,56784.750000
2022-10-06T14:04:00+00:00,56781.030000
2022-10-06T14:04:00+00:00,56247.810000
2022-10-06T14:04:00+00:00,56244.850000
2022-10-06T15:24:00+00:00,55699.890000
2022-10-06T16:04:00+00:00,55697.670000
2022-10-06T18:09:00+00:00,55694.710000
2022-10-06T20:09:00+00:00,55828.990000
2022-10-06T20:09:00+00:00,56162.030000
2022-10-06T23:09:00+00:00,56154.630000
2022-10-07T02:19:00+00:00,56559.680000
2022-10-07T04:39:00+00:00,56653.480000
2022-10-07T04:39:00+00:00,56649.780000
2022-10-07T05:29:00+00:00,56713.580000
2022-10-07T05:29:00+00:00,56697.300000
2022-10-07T05:49:00+00:00,57101.660000
2022-10-07T06:04:00+00:00,57088.020000
2022-10-07T13:49:00+00:00,57085.800000
2022-10-07T16:49:00+00:00,57357.310000
2022-10-07T20:09:00+00:00,58024.830000
2022-10-10T05:34:00+00:00,58018.170000
2022-10-10T06:54:00+00:00,57435.510000
2022-10-10T07:09:00+00:00,57424.410000
2022-10-10T07:24:00+00:00,57812.980000
2022-10-10T07:54:00+00:00,57803.060000
2022-10-10T11:09:00+00:00,57799.360000
2022-10-10T13:39:00+00:00,57485.660000
2022-10-10T13:39:00+00:00,57480.480000
2022-10-10T13:49:00+00:00,56925.800000
2022-10-10T13:54:00+00:00,56924.320000
2022-10-10T20:09:00+00:00,56945.840000
2022-10-11T07:04:00+00:00,56943.620000
2022-10-11T07:29:00+00:00,56512.400000
2022-10-11T13:54:00+00:00,56510.920000
2022-10-11T15:39:00+00:00,56123.440000
2022-10-12T02:44:00+00:00,56118.260000
2022-10-12T04:04:00+00:00,55581.080000
2022-10-12T13:44:00+00:00,55578.860000
2022-10-12T14:09:00+00:00,55126.640000
2022-10-13T07:19:00+00:00,55120.720000
2022-10-13T07:39:00+00:00,54906.800000
2022-10-13T07:39:00+00:00,54884.600000
2022-10-13T07:44:00+00:00,54352.400000
2022-10-13T12:39:00+00:00,54350.920000
2022-10-13T13:49:00+00:00,54251.440000
2022-10-13T13:49:00+00:00,54249.960000
2022-10-13T15:09:00+00:00,54546.970000
2022-10-13T15:19:00+00:00,55042.480000
2022-10-14T03:39:00+00:00,55041.000000
2022-10-14T08:24:00+00:00,54621.520000
2022-10-14T12:54:00+00:00,54620.040000
2022-10-14T13:49:00+00:00,54177.560000
2022-10-14T13:49:00+00:00,54176.820000
2022-10-14T19:59:00+00:00,54854.830000
2022-10-16T22:09:00+00:00,54851.130000
2022-10-17T06:19:00+00:00,55136.150000
2022-10-17T07:24:00+00:00,55417.430000
2022-10-17T07:24:00+00:00,55413.730000
2022-10-17T07:54:00+00:00,54862.530000
2022-10-17T12:29:00+00:00,54855.130000
2022-10-17T12:44:00+00:00,55233.930000
2022-10-17T13:04:00+00:00,55867.730000
2022-10-17T14:14:00+00:00,55866.250000
2022-10-17T20:09:00+00:00,55868.770000
2022-10-18T06:19:00+00:00,55854.710000
2022-10-18T06:44:00+00:00,56239.550000
2022-10-18T06:44:00+00:00,56957.150000
2022-10-18T13:54:00+00:00,56955.670000
2022-10-18T15:39:00+00:00,57352.430000
2022-10-18T17:04:00+00:00,57350.210000
2022-10-18T17:34:00+00:00,56824.490000
2022-10-18T20:09:00+00:00,56879.750000
2022-10-19T13:59:00+00:00,56876.790000
2022-10-19T14:19:00+00:00,57260.810000
2022-10-19T14:19:00+00:00,57259.330000
2022-10-19T16:44:00+00:00,57256.850000
2022-10-19T16:49:00+00:00,56800.370000
2022-10-20T12:49:00+00:00,56798.890000
2022-10-20T13:49:00+00:00,56493.410000
2022-10-20T13:49:00+00:00,56491.930000
2022-10-20T17:49:00+00:00,56082.450000
2022-10-21T06:24:00+00:00,56073.570000
2022-10-21T06:44:00+00:00,55530.690000
2022-10-21T07:24:00+00:00,55525.510000
2022-10-21T07:49:00+00:00,55026.830000
2022-10-21T13:49:00+00:00,55025.350000
2022-10-21T16:04:00+00:00,55313.360000
2022-10-21T19:14:00+00:00,55793.870000
2022-10-24T05:14:00+00:00,55786.470000
2022-10-24T06:34:00+00:00,55244.070000
2022-10-24T07:24:00+00:00,55242.590000
2022-10-24T11:14:00+00:00,55235.930000
2022-10-24T11:29:00+00:00,54702.770000
2022-10-24T11:34:00+00:00,54317.290000
2022-10-24T14:04:00+00:00,54315.810000
2022-10-24T15:54:00+00:00,53818.330000
2022-10-25T13:49:00+00:00,53816.850000
2022-10-25T18:49:00+00:00,53961.370000
2022-10-25T18:49:00+00:00,53952.490000
2022-10-25T19:09:00+00:00,53427.610000
2022-10-26T06:29:00+00:00,53418.730000
2022-10-26T07:04:00+00:00,52869.850000
2022-10-26T13:49:00+00:00,52867.630000
2022-10-26T14:49:00+00:00,53114.390000
2022-10-26T17:24:00+00:00,53111.910000
2022-10-27T13:49:00+00:00,53111.170000
2022-10-27T20:09:00+00:00,53645.930000
2022-10-28T09:09:00+00:00,53637.790000
2022-10-28T09:59:00+00:00,53129.150000
2022-10-28T14:29:00+00:00,53128.410000
2022-10-28T20:09:00+00:00,53535.170000
2022-10-30T22:09:00+00:00,53528.510000
2022-10-30T23:14:00+00:00,53022.350000
2022-10-31T01:54:00+00:00,53014.210000
2022-10-31T03:34:00+00:00,53319.570000
2022-10-31T03:34:00+00:00,53306.990000
2022-10-31T03:54:00+00:00,52775.910000
2022-10-31T08:09:00+00:00,52766.290000
2022-10-31T11:04:00+00:00,52230.170000
2022-10-31T13:49:00+00:00,52228.690000
2022-10-31T20:09:00+00:00,52143.210000
2022-11-01T07:29:00+00:00,52132.850000
2022-11-01T07:59:00+00:00,51618.490000
2022-11-01T13:49:00+00:00,51617.010000
2022-11-01T13:54:00+00:00,51614.790000
2022-11-01T14:09:00+00:00,51816.550000
2022-11-01T14:14:00+00:00,52082.060000
2022-11-01T14:59:00+00:00,52755.580000
2022-11-01T20:04:00+00:00,53198.590000
2022-11-02T03:09:00+00:00,53183.050000
2022-11-02T03:24:00+00:00,52642.510000
2022-11-02T14:14:00+00:00,52640.290000
2022-11-02T18:04:00+00:00,52191.070000
2022-11-02T18:09:00+00:00,52190.330000
2022-11-02T18:39:00+00:00,51860.090000
2022-11-02T18:59:00+00:00,51859.350000
2022-11-02T20:09:00+00:00,52330.610000
2022-11-03T08:14:00+00:00,52324.690000
2022-11-03T08:24:00+00:00,51818.770000
2022-11-03T10:04:00+00:00,51811.370000
2022-11-03T10:19:00+00:00,51303.970000
2022-11-03T13:49:00+00:00,51301.750000
2022-11-03T14:49:00+00:00,50852.530000
2022-11-04T13:39:00+00:00,50851.050000
2022-11-04T14:04:00+00:00,50820.570000
2022-11-04T14:04:00+00:00,50819.830000
2022-11-04T15:54:00+00:00,50591.090000
2022-11-04T15:54:00+00:00,50590.350000
2022-11-04T16:24:00+00:00,50505.610000
2022-11-04T16:24:00+00:00,50503.390000
2022-11-04T17:04:00+00:00,50087.170000
2022-11-07T01:39:00+00:00,50081.250000
2022-11-07T03:29:00+00:00,50426.290000
2022-11-07T07:34:00+00:00,50421.330000
2022-11-07T14:49:00+00:00,50419.850000
2022-11-07T19:19:00+00:00,49985.370000
2022-11-08T08:39:00+00:00,49979.450000
2022-11-08T09:29:00+00:00,50330.490000
2022-11-08T10:09:00+00:00,50917.530000
2022-11-08T10:29:00+00:00,50908.650000
2022-11-08T11:44:00+00:00,50389.770000
2022-11-08T15:19:00+00:00,50387.550000
2022-11-08T16:34:00+00:00,50605.810000
2022-11-08T18:29:00+00:00,50658.330000
2022-11-08T18:29:00+00:00,50656.110000
2022-11-08T19:24:00+00:00,50865.370000
2022-11-08T19:44:00+00:00,51198.890000
2022-11-08T19:44:00+00:00,51194.450000
2022-11-08T20:19:00+00:00,51558.980000
2022-11-08T20:34:00+00:00,52168.010000
2022-11-09T07:19:00+00:00,52162.090000
2022-11-09T09:19:00+00:00,51632.170000
2022-11-09T15:09:00+00:00,51629.950000
2022-11-09T15:34:00+00:00,51221.230000
2022-11-09T15:34:00+00:00,51219.750000
2022-11-09T21:09:00+00:00,51704.270000
2022-11-10T08:19:00+00:00,51698.350000
2022-11-10T11:44:00+00:00,51224.430000
2022-11-10T13:39:00+00:00,51222.950000
2022-11-10T14:59:00+00:00,51542.460000
2022-11-10T14:59:00+00:00,51541.720000
2022-11-10T19:04:00+00:00,52074.730000
2022-11-10T21:09:00+00:00,52453.490000
2022-11-11T08:09:00+00:00,52445.350000
2022-11-11T08:19:00+00:00,51936.710000
2022-11-11T09:09:00+00:00,51929.310000
2022-11-11T09:44:00+00:00,52289.360000
2022-11-11T11:09:00+00:00,52891.910000
2022-11-11T14:49:00+00:00,52888.210000
2022-11-11T15:04:00+00:00,52397.010000
2022-11-11T16:14:00+00:00,52392.570000
2022-11-11T17:19:00+00:00,51863.130000
2022-11-14T01:44:00+00:00,51857.950000
2022-11-14T13:19:00+00:00,51782.770000
2022-11-14T13:19:00+00:00,51778.330000
2022-11-14T14:09:00+00:00,51771.670000
2022-11-14T14:29:00+00:00,51290.230000
2022-11-14T14:29:00+00:00,50802.070000
2022-11-14T15:09:00+00:00,50799.850000
2022-11-14T16:19:00+00:00,50496.130000
2022-11-14T16:19:00+00:00,50493.910000
2022-11-14T16:39:00+00:00,50101.690000
2022-11-15T07:59:00+00:00,50092.070000
2022-11-15T09:09:00+00:00,49607.950000
2022-11-15T12:09:00+00:00,49600.550000
2022-11-15T12:24:00+00:00,49133.150000
2022-11-15T14:49:00+00:00,49130.930000
2022-11-15T18:29:00+00:00,49375.440000
2022-11-15T18:39:00+00:00,50191.460000
2022-11-16T05:14:00+00:00,50178.140000
2022-11-16T05:19:00+00:00,50542.730000
2022-11-16T05:19:00+00:00,50531.570000
2022-11-16T14:04:00+00:00,50529.350000
2022-11-16T14:49:00+00:00,50527.130000
2022-11-16T15:19:00+00:00,50752.890000
2022-11-16T20:49:00+00:00,51130.410000
2022-11-16T20:49:00+00:00,51206.190000
2022-11-17T07:19:00+00:00,51195.090000
2022-11-17T07:34:00+00:00,50666.490000
2022-11-17T10:39:00+00:00,50665.010000
2022-11-17T13:09:00+00:00,50946.270000
2022-11-17T14:39:00+00:00,51250.030000
2022-11-17T14:39:00+00:00,51245.590000
2022-11-17T14:49:00+00:00,51243.370000
2022-11-17T15:19:00+00:00,51571.900000
2022-11-17T16:59:00+00:00,52120.930000
2022-11-17T17:59:00+00:00,52371.440000
2022-11-17T20:29:00+00:00,52368.960000
2022-11-18T05:29:00+00:00,52361.560000
2022-11-18T08:19:00+00:00,52744.110000
2022-11-18T08:59:00+00:00,52737.910000
2022-11-18T09:54:00+00:00,52726.810000
2022-11-18T10:19:00+00:00,52190.710000
2022-11-18T14:49:00+00:00,52189.230000
2022-11-18T14:59:00+00:00,52121.750000
2022-11-18T14:59:00+00:00,52099.550000
2022-11-18T15:04:00+00:00,51777.350000
2022-11-18T16:24:00+00:00,51774.390000
2022-11-18T17:19:00+00:00,51325.430000
2022-11-21T08:09:00+00:00,51313.590000
2022-11-21T08:19:00+00:00,50797.750000
2022-11-21T14:29:00+00:00,50795.530000
2022-11-21T14:34:00+00:00,50730.310000
2022-11-21T14:34:00+00:00,50726.610000
2022-11-21T14:49:00+00:00,50250.410000
2022-11-21T15:14:00+00:00,50248.190000
2022-11-21T21:09:00+00:00,50422.970000
2022-11-22T01:54:00+00:00,50411.130000
2022-11-22T05:44:00+00:00,50777.210000
2022-11-22T07:19:00+00:00,51391.290000
2022-11-22T08:09:00+00:00,51380.190000
2022-11-22T08:24:00+00:00,50866.590000
2022-11-22T11:19:00+00:00,50859.190000
2022-11-22T13:04:00+00:00,50361.790000
2022-11-22T15:49:00+00:00,50360.310000
2022-11-22T21:09:00+00:00,50756.830000
2022-11-23T13:39:00+00:00,50748.690000
2022-11-23T13:49:00+00:00,50234.550000
2022-11-23T14:39:00+00:00,50227.150000
2022-11-23T14:49:00+00:00,50224.930000
2022-11-23T14:54:00+00:00,50592.480000
2022-11-23T15:09:00+00:00,51207.530000
2022-11-23T17:59:00+00:00,50755.310000
2022-11-24T05:14:00+00:00,50740.510000
2022-11-24T07:24:00+00:00,50225.710000
2022-11-24T07:59:00+00:00,50215.350000
2022-11-24T08:54:00+00:00,49700.990000
2022-11-24T15:59:00+00:00,49691.370000
2022-11-25T00:19:00+00:00,49181.250000
2022-11-25T02:09:00+00:00,49167.930000
2022-11-25T05:34:00+00:00,49154.610000
2022-11-25T05:34:00+00:00,49137.590000
2022-11-25T08:04:00+00:00,49475.950000
2022-11-25T08:44:00+00:00,50097.070000
2022-11-25T15:19:00+00:00,50093.370000
2022-11-27T23:04:00+00:00,49589.670000
2022-11-28T09:24:00+00:00,49581.530000
2022-11-28T09:49:00+00:00,49083.890000
2022-11-28T14:39:00+00:00,49080.930000
2022-11-28T15:24:00+00:00,48609.970000
2022-11-28T15:54:00+00:00,48608.490000
2022-11-28T21:09:00+00:00,48889.010000
2022-11-29T14:59:00+00:00,48886.050000
2022-11-29T15:34:00+00:00,48485.090000
2022-11-30T05:44:00+00:00,48467.330000
2022-11-30T07:19:00+00:00,47969.570000
2022-11-30T07:24:00+00:00,47959.950000
2022-11-30T08:04:00+00:00,47488.830000
2022-11-30T09:49:00+00:00,47483.650000
2022-11-30T13:19:00+00:00,47058.470000
2022-11-30T13:24:00+00:00,47053.290000
2022-11-30T13:34:00+00:00,46607.110000
2022-11-30T13:39:00+00:00,46602.670000
2022-11-30T14:44:00+00:00,46181.230000
2022-11-30T14:49:00+00:00,46179.010000
2022-11-30T16:04:00+00:00,45951.790000
2022-11-30T16:04:00+00:00,45949.570000
2022-11-30T16:14:00+00:00,45747.850000
2022-11-30T16:14:00+00:00,45744.150000
2022-11-30T17:24:00+00:00,45337.950000
2022-12-01T01:44:00+00:00,45331.290000
2022-12-01T05:19:00+00:00,44879.130000
2022-12-01T13:54:00+00:00,44876.910000
2022-12-01T14:49:00+00:00,44633.190000
2022-12-01T14:49:00+00:00,44631.710000
2022-12-01T15:14:00+00:00,44296.230000
2022-12-01T15:19:00+00:00,44295.490000
2022-12-01T16:04:00+00:00,44118.250000
2022-12-01T16:04:00+00:00,44117.510000
2022-12-01T18:24:00+00:00,44050.770000
2022-12-01T18:24:00+00:00,44044.110000
2022-12-01T18:44:00+00:00,43618.950000
2022-12-02T04:09:00+00:00,43597.490000
2022-12-02T04:34:00+00:00,43126.530000
2022-12-02T04:39:00+00:00,43119.870000
2022-12-02T09:59:00+00:00,43377.910000
2022-12-02T12:04:00+00:00,43371.710000
2022-12-02T12:24:00+00:00,43363.570000
2022-12-02T13:34:00+00:00,42926.430000
2022-12-02T15:14:00+00:00,42924.950000
2022-12-02T21:09:00+00:00,43173.470000
2022-12-05T06:59:00+00:00,43157.190000
2022-12-05T07:09:00+00:00,42711.910000
2022-12-05T07:14:00+00:00,42700.070000
2022-12-05T08:09:00+00:00,43012.150000
2022-12-05T08:14:00+00:00,43002.230000
2022-12-05T13:29:00+00:00,42991.130000
2022-12-05T13:44:00+00:00,42560.030000
2022-12-05T14:39:00+00:00,42553.370000
2022-12-05T14:59:00+00:00,42155.210000
2022-12-05T15:04:00+00:00,42152.990000
2022-12-05T18:04:00+00:00,42343.500000
2022-12-05T19:49:00+00:00,42979.520000
2022-12-06T08:49:00+00:00,42975.820000
2022-12-06T13:24:00+00:00,42969.900000
2022-12-06T13:49:00+00:00,42531.980000
2022-12-06T13:54:00+00:00,42380.780000
2022-12-06T13:54:00+00:00,42377.820000
2022-12-06T14:44:00+00:00,42652.340000
2022-12-06T14:54:00+00:00,42651.600000
2022-12-06T14:59:00+00:00,43110.120000
2022-12-06T21:09:00+00:00,43367.880000
2022-12-07T07:09:00+00:00,43359.000000
2022-12-07T07:14:00+00:00,42936.120000
2022-12-07T07:19:00+00:00,42930.940000
2022-12-07T09:49:00+00:00,43191.970000
2022-12-07T11:49:00+00:00,43774.010000
2022-12-07T14:49:00+00:00,43773.270000
2022-12-07T14:54:00+00:00,43771.790000
2022-12-07T15:54:00+00:00,43442.310000
2022-12-07T16:29:00+00:00,43440.830000
2022-12-07T21:09:00+00:00,43395.590000
2022-12-07T21:09:00+00:00,43269.110000
2022-12-08T10:49:00+00:00,43260.970000
2022-12-08T11:49:00+00:00,42840.330000
2022-12-08T14:59:00+00:00,42839.590000
2022-12-08T15:04:00+00:00,42838.110000
2022-12-08T18:59:00+00:00,42932.870000
2022-12-08T18:59:00+00:00,43082.390000
2022-12-08T19:04:00+00:00,43072.770000
2022-12-08T19:09:00+00:00,43356.330000
2022-12-08T19:09:00+00:00,43347.650000
2022-12-09T07:19:00+00:00,43336.550000
2022-12-09T07:29:00+00:00,42890.450000
2022-12-09T13:14:00+00:00,42876.390000
2022-12-09T13:24:00+00:00,42425.330000
2022-12-09T13:29:00+00:00,42421.630000
2022-12-09T13:34:00+00:00,42020.430000
2022-12-09T15:34:00+00:00,42018.950000
2022-12-09T21:09:00+00:00,41710.470000
2022-12-12T01:24:00+00:00,41699.370000
2022-12-12T03:44:00+00:00,41982.940000
2022-12-12T07:44:00+00:00,42527.020000
2022-12-12T13:44:00+00:00,42517.400000
2022-12-12T13:59:00+00:00,42267.280000
2022-12-12T13:59:00+00:00,42259.880000
2022-12-12T14:39:00+00:00,42563.680000
2022-12-12T14:39:00+00:00,42557.480000
2022-12-12T14:54:00+00:00,42552.300000
2022-12-12T15:34:00+00:00,42137.620000
2022-12-12T15:49:00+00:00,42135.400000
2022-12-12T16:09:00+00:00,41785.180000
2022-12-13T07:04:00+00:00,41780.740000
2022-12-13T09:49:00+00:00,41917.300000
2022-12-13T09:49:00+00:00,41910.640000
2022-12-13T10:29:00+00:00,41503.480000
2022-12-13T12:29:00+00:00,41500.520000
2022-12-13T13:29:00+00:00,41776.540000
2022-12-13T13:29:00+00:00,42237.560000
2022-12-13T14:39:00+00:00,42236.820000
2022-12-13T15:24:00+00:00,42236.080000
2022-12-13T17:19:00+00:00,42900.340000
2022-12-13T19:59:00+00:00,42896.640000
2022-12-13T20:09:00+00:00,43147.160000
2022-12-13T20:24:00+00:00,43143.440000
2022-12-13T20:24:00+00:00,43529.200000
2022-12-13T20:24:00+00:00,43527.720000
2022-12-13T21:09:00+00:00,43624.240000
2022-12-14T14:39:00+00:00,43617.580000
2022-12-14T14:49:00+00:00,43210.420000
2022-12-14T14:59:00+00:00,43208.940000
2022-12-14T19:04:00+00:00,42889.460000
2022-12-14T19:09:00+00:00,42885.760000
2022-12-14T19:14:00+00:00,42514.560000
2022-12-15T04:09:00+00:00,42510.860000
2022-12-15T07:44:00+00:00,42729.880000
2022-12-15T07:54:00+00:00,43278.910000
2022-12-15T14:49:00+00:00,43278.170000
2022-12-15T20:19:00+00:00,43272.990000
2022-12-15T20:29:00+00:00,42851.310000
2022-12-15T21:09:00+00:00,43132.570000
2022-12-16T14:49:00+00:00,43131.090000
2022-12-16T15:09:00+00:00,42805.610000
2022-12-16T15:09:00+00:00,42801.910000
2022-12-16T15:39:00+00:00,43052.430000
2022-12-16T19:34:00+00:00,43680.210000
2022-12-19T14:09:00+00:00,43672.070000
2022-12-19T14:34:00+00:00,43245.930000
2022-12-19T14:49:00+00:00,43244.450000
2022-12-19T20:44:00+00:00,43508.460000
2022-12-19T20:59:00+00:00,43672.220000
2022-12-20T08:54:00+00:00,43670.740000
2022-12-20T09:54:00+00:00,43663.260000
2022-12-20T09:54:00+00:00,43657.340000
2022-12-20T11:19:00+00:00,43235.420000
2022-12-20T14:59:00+00:00,43233.940000
2022-12-20T15:04:00+00:00,43232.460000
2022-12-20T21:09:00+00:00,43312.980000
2022-12-20T21:09:00+00:00,43354.500000
2022-12-21T05:59:00+00:00,43345.620000
2022-12-21T07:09:00+00:00,43334.520000
2022-12-21T07:54:00+00:00,42887.640000
2022-12-21T08:09:00+00:00,43176.460000
2022-12-21T08:14:00+00:00,43730.540000
2022-12-21T08:14:00+00:00,43726.100000
2022-12-21T09:04:00+00:00,43304.660000
2022-12-21T12:19:00+00:00,43302.440000
2022-12-21T14:49:00+00:00,42940.220000
2022-12-21T14:49:00+00:00,42938.740000
2022-12-21T21:09:00+00:00,43250.260000
2022-12-22T08:34:00+00:00,43241.380000
2022-12-22T09:34:00+00:00,43538.440000
2022-12-22T10:19:00+00:00,44036.500000
2022-12-22T14:49:00+00:00,44035.020000
2022-12-22T17:24:00+00:00,44354.530000
2022-12-22T21:09:00+00:00,44464.790000
2022-12-23T03:29:00+00:00,44462.570000
2022-12-23T09:19:00+00:00,44262.350000
2022-12-23T09:19:00+00:00,44257.170000
2022-12-23T10:24:00+00:00,43849.490000
2022-12-23T15:34:00+00:00,43848.750000
2022-12-23T21:09:00+00:00,43848.510000
2022-12-27T14:34:00+00:00,43846.290000
2022-12-27T14:49:00+00:00,44062.300000
2022-12-27T14:49:00+00:00,44061.560000
2022-12-27T21:09:00+00:00,44455.080000
2022-12-27T21:09:00+00:00,44471.840000
2022-12-28T00:09:00+00:00,44456.300000
2022-12-28T00:34:00+00:00,43999.760000
2022-12-28T01:09:00+00:00,43989.400000
2022-12-28T01:39:00+00:00,44304.470000
2022-12-28T05:24:00+00:00,44568.790000
2022-12-28T05:24:00+00:00,44552.510000
2022-12-28T06:59:00+00:00,44085.230000
2022-12-28T14:39:00+00:00,44083.010000
2022-12-28T15:29:00+00:00,43725.290000
2022-12-28T15:59:00+00:00,43724.550000
2022-12-28T19:49:00+00:00,43738.810000
2022-12-28T19:49:00+00:00,43734.370000
2022-12-28T20:04:00+00:00,43300.930000
2022-12-29T15:09:00+00:00,43300.190000
2022-12-29T21:09:00+00:00,43426.950000
2022-12-30T14:49:00+00:00,43425.470000
2022-12-30T15:49:00+00:00,43090.990000
2023-01-03T00:19:00+00:00,43090.250000
2023-01-03T06:44:00+00:00,43074.710000
2023-01-03T06:59:00+00:00,42618.170000
2023-01-03T07:04:00+00:00,42581.930000
2023-01-03T07:04:00+00:00,42575.270000
2023-01-03T07:59:00+00:00,42851.310000
2023-01-03T08:04:00+00:00,43428.860000
2023-01-03T13:14:00+00:00,43427.380000
2023-01-03T14:44:00+00:00,43095.900000
2023-01-03T14:49:00+00:00,43095.160000
2023-01-03T14:59:00+00:00,43094.420000
2023-01-03T19:49:00+00:00,43317.180000
2023-01-03T19:49:00+00:00,43388.940000
2023-01-03T19:54:00+00:00,43385.980000
2023-01-03T21:09:00+00:00,43345.020000
2023-01-04T03:14:00+00:00,43339.840000
2023-01-04T06:59:00+00:00,43327.260000
2023-01-04T07:59:00+00:00,43621.340000
2023-01-04T08:14:00+00:00,43864.370000
2023-01-04T08:14:00+00:00,44420.210000
2023-01-04T08:24:00+00:00,44962.250000
2023-01-04T14:39:00+00:00,44960.030000
2023-01-04T15:04:00+00:00,45129.540000
2023-01-04T15:04:00+00:00,45127.060000
2023-01-04T15:04:00+00:00,45126.320000
2023-01-04T16:39:00+00:00,44862.080000
2023-01-04T20:04:00+00:00,44860.600000
2023-01-04T20:39:00+00:00,44523.120000
2023-01-05T18:29:00+00:00,44511.280000
2023-01-05T18:34:00+00:00,44823.360000
2023-01-05T18:34:00+00:00,44813.440000
2023-01-06T07:24:00+00:00,44808.260000
2023-01-06T09:24:00+00:00,45062.540000
2023-01-06T13:19:00+00:00,45629.580000
2023-01-06T15:39:00+00:00,45628.840000
2023-01-06T21:09:00+00:00,45931.600000
2023-01-09T09:59:00+00:00,45920.500000
2023-01-09T11:24:00+00:00,46225.070000
2023-01-09T12:14:00+00:00,46215.150000
2023-01-09T14:49:00+00:00,46213.670000
2023-01-09T18:49:00+00:00,46219.190000
2023-01-09T18:49:00+00:00,46217.710000
2023-01-09T20:59:00+00:00,46451.720000
2023-01-09T21:09:00+00:00,46644.980000
2023-01-10T07:04:00+00:00,46639.800000
2023-01-10T08:29:00+00:00,46634.620000
2023-01-10T10:39:00+00:00,46895.650000
2023-01-10T11:19:00+00:00,46890.690000
2023-01-10T11:19:00+00:00,46906.510000
2023-01-10T11:19:00+00:00,46902.810000
2023-01-10T12:19:00+00:00,47145.830000
2023-01-10T14:14:00+00:00,47142.110000
2023-01-10T15:14:00+00:00,47140.630000
2023-01-10T15:44:00+00:00,46668.150000
2023-01-11T02:54:00+00:00,46660.010000
2023-01-11T05:59:00+00:00,46645.950000
2023-01-11T07:04:00+00:00,46956.540000
2023-01-11T07:04:00+00:00,47536.640000
2023-01-11T07:09:00+00:00,47836.690000
2023-01-11T09:04:00+00:00,47829.250000
2023-01-11T11:39:00+00:00,47821.850000
2023-01-11T12:24:00+00:00,47344.450000
2023-01-11T15:09:00+00:00,47342.230000
2023-01-11T20:54:00+00:00,47545.490000
2023-01-11T21:09:00+00:00,47978.010000
2023-01-12T01:59:00+00:00,47960.990000
2023-01-12T04:54:00+00:00,48291.100000
2023-01-12T06:59:00+00:00,48276.220000
2023-01-12T10:09:00+00:00,48262.160000
2023-01-12T12:19:00+00:00,47773.100000
2023-01-12T14:19:00+00:00,47770.140000
2023-01-12T14:44:00+00:00,48098.660000
2023-01-12T14:49:00+00:00,48647.180000
2023-01-12T14:49:00+00:00,48646.440000
2023-01-12T17:19:00+00:00,48269.200000
2023-01-13T07:34:00+00:00,48247.000000
2023-01-13T07:39:00+00:00,48382.150000
2023-01-13T07:39:00+00:00,48363.550000
2023-01-13T08:09:00+00:00,48352.450000
2023-01-13T08:19:00+00:00,47861.350000
2023-01-13T15:04:00+00:00,47858.390000
2023-01-13T18:44:00+00:00,48192.910000
2023-01-13T20:39:00+00:00,48751.430000
2023-01-16T15:14:00+00:00,48744.770000
2023-01-16T23:09:00+00:00,48666.110000
2023-01-16T23:09:00+00:00,48656.490000
2023-01-17T00:04:00+00:00,48172.370000
2023-01-17T02:09:00+00:00,48161.270000
2023-01-17T02:29:00+00:00,47670.170000
2023-01-17T06:54:00+00:00,47659.070000
2023-01-17T07:14:00+00:00,47445.470000
2023-01-17T07:14:00+00:00,47435.850000
2023-01-17T09:09:00+00:00,47746.410000
2023-01-17T09:24:00+00:00,47737.730000
2023-01-17T09:29:00+00:00,47733.290000
2023-01-17T12:29:00+00:00,47284.850000
2023-01-17T15:04:00+00:00,47283.370000
2023-01-17T21:09:00+00:00,47142.890000
2023-01-18T06:54:00+00:00,47131.050000
2023-01-18T07:04:00+00:00,46647.210000
2023-01-18T07:49:00+00:00,46638.330000
2023-01-18T08:14:00+00:00,46173.450000
2023-01-18T08:24:00+00:00,46161.610000
2023-01-18T08:59:00+00:00,46109.770000
2023-01-18T08:59:00+00:00,46098.670000
2023-01-18T09:34:00+00:00,45862.570000
2023-01-18T09:34:00+00:00,45857.390000
2023-01-18T10:54:00+00:00,45673.710000
2023-01-18T10:54:00+00:00,45667.050000
2023-01-18T13:34:00+00:00,45958.090000
2023-01-18T13:34:00+00:00,45951.890000
2023-01-18T15:04:00+00:00,45949.670000
2023-01-18T15:39:00+00:00,45548.450000
2023-01-19T05:44:00+00:00,45538.090000
2023-01-19T06:24:00+00:00,45478.730000
2023-01-19T06:24:00+00:00,45467.630000
2023-01-19T06:59:00+00:00,45021.530000
2023-01-19T14:49:00+00:00,45017.830000
2023-01-19T14:59:00+00:00,44594.130000
2023-01-19T15:04:00+00:00,44591.170000
2023-01-19T15:49:00+00:00,44228.210000
2023-01-20T06:59:00+00:00,44215.630000
2023-01-20T07:24:00+00:00,44509.710000
2023-01-20T08:24:00+00:00,44498.550000
2023-01-20T10:19:00+00:00,44488.930000
2023-01-20T12:34:00+00:00,44781.490000
2023-01-20T12:44:00+00:00,45353.810000
2023-01-20T14:39:00+00:00,45348.630000
2023-01-20T14:44:00+00:00,44888.450000
2023-01-20T14:54:00+00:00,44886.230000
2023-01-20T18:39:00+00:00,45102.990000
2023-01-20T20:04:00+00:00,45826.510000
2023-01-23T08:29:00+00:00,45819.850000
2023-01-23T12:44:00+00:00,45390.190000
2023-01-23T14:49:00+00:00,45388.710000
2023-01-23T16:19:00+00:00,45719.470000
2023-01-23T21:09:00+00:00,45994.230000
2023-01-24T07:39:00+00:00,45985.350000
2023-01-24T10:09:00+00:00,46300.410000
2023-01-24T11:09:00+00:00,46828.470000
2023-01-24T14:49:00+00:00,46826.250000
2023-01-24T15:04:00+00:00,46512.030000
2023-01-24T15:04:00+00:00,46509.070000
2023-01-24T15:19:00+00:00,46086.110000
2023-01-25T07:24:00+00:00,46080.930000
2023-01-25T08:19:00+00:00,45844.750000
2023-01-25T08:19:00+00:00,45835.130000
2023-01-25T09:54:00+00:00,46136.690000
2023-01-25T09:59:00+00:00,46726.510000
2023-01-25T13:09:00+00:00,46719.110000
2023-01-25T13:49:00+00:00,47056.660000
2023-01-25T14:34:00+00:00,47621.710000
2023-01-25T14:54:00+00:00,47619.490000
2023-01-25T16:19:00+00:00,47180.770000
2023-01-26T13:44:00+00:00,47178.550000
2023-01-26T14:49:00+00:00,47206.330000
2023-01-26T14:49:00+00:00,47204.110000
2023-01-26T20:24:00+00:00,46732.390000
2023-01-27T01:29:00+00:00,46717.590000
2023-01-27T03:59:00+00:00,47047.690000
2023-01-27T06:49:00+00:00,47602.790000
2023-01-27T07:04:00+00:00,47592.430000
2023-01-27T08:24:00+00:00,47603.070000
2023-01-27T08:24:00+00:00,47594.930000
2023-01-27T10:24:00+00:00,47113.790000
2023-01-27T12:34:00+00:00,47104.170000
2023-01-27T13:29:00+00:00,46646.050000
2023-01-27T13:34:00+00:00,46642.350000
2023-01-27T14:49:00+00:00,46915.370000
2023-01-27T14:49:00+00:00,46913.890000
2023-01-27T15:09:00+00:00,47597.920000
2023-01-27T18:59:00+00:00,47859.680000
2023-01-27T21:09:00+00:00,48027.940000
2023-01-29T23:29:00+00:00,48026.460000
2023-01-30T09:39:00+00:00,48292.720000
2023-01-30T14:49:00+00:00,48447.480000
2023-01-30T14:49:00+00:00,48444.520000
2023-01-30T15:24:00+00:00,47961.560000
2023-01-31T00:09:00+00:00,47948.980000
2023-01-31T01:44:00+00:00,47825.900000
2023-01-31T01:44:00+00:00,47814.060000
2023-01-31T02:04:00+00:00,47322.220000
2023-01-31T06:24:00+00:00,47311.860000
2023-01-31T07:49:00+00:00,47653.180000
2023-01-31T07:49:00+00:00,47644.500000
2023-01-31T11:44:00+00:00,47633.400000
2023-01-31T12:49:00+00:00,47953.720000
2023-01-31T13:34:00+00:00,48567.800000
2023-01-31T14:49:00+00:00,48565.580000
2023-01-31T20:59:00+00:00,48780.090000
2023-01-31T21:09:00+00:00,49202.610000
2023-02-01T06:49:00+00:00,49187.810000
2023-02-01T07:19:00+00:00,48683.010000
2023-02-01T08:54:00+00:00,48671.910000
2023-02-01T12:09:00+00:00,48195.810000
2023-02-01T14:59:00+00:00,48192.110000
2023-02-01T15:04:00+00:00,47773.410000
2023-02-01T15:54:00+00:00,47770.450000
2023-02-01T18:59:00+00:00,47317.490000
2023-02-01T19:44:00+00:00,47316.750000
2023-02-01T21:09:00+00:00,47675.510000
2023-02-02T01:39:00+00:00,47669.590000
2023-02-02T04:44:00+00:00,47183.670000
2023-02-02T04:44:00+00:00,47179.230000
2023-02-02T08:44:00+00:00,47516.760000
2023-02-02T13:34:00+00:00,48080.790000
2023-02-02T15:34:00+00:00,48079.310000
2023-02-02T21:09:00+00:00,47850.830000
2023-02-03T06:09:00+00:00,47845.650000
2023-02-03T07:29:00+00:00,47388.970000
2023-02-03T11:54:00+00:00,47380.090000
2023-02-03T12:04:00+00:00,46915.210000
2023-02-03T13:39:00+00:00,46912.990000
2023-02-03T14:49:00+00:00,46508.770000
2023-02-03T14:49:00+00:00,46508.030000
2023-02-03T18:59:00+00:00,46505.810000
2023-02-03T20:04:00+00:00,46053.590000
2023-02-03T21:09:00+00:00,45821.850000
2023-02-06T08:09:00+00:00,45813.710000
2023-02-06T08:29:00+00:00,45354.570000
2023-02-06T15:04:00+00:00,45352.350000
2023-02-06T15:19:00+00:00,45000.630000
2023-02-06T15:19:00+00:00,44996.930000
2023-02-06T15:54:00+00:00,44575.730000
2023-02-07T05:54:00+00:00,44569.810000
2023-02-07T08:09:00+00:00,44887.850000
2023-02-07T09:09:00+00:00,44882.890000
2023-02-07T11:34:00+00:00,44876.230000
2023-02-07T13:39:00+00:00,44446.570000
2023-02-07T15:09:00+00:00,44444.350000
2023-02-07T16:09:00+00:00,44100.130000
2023-02-08T12:24:00+00:00,44094.950000
2023-02-08T13:44:00+00:00,44360.480000
2023-02-08T14:54:00+00:00,44952.520000
2023-02-08T14:54:00+00:00,44950.300000
2023-02-08T16:14:00+00:00,45161.060000
2023-02-08T21:09:00+00:00,45717.580000
2023-02-09T14:49:00+00:00,45715.360000
2023-02-09T15:29:00+00:00,45713.880000
2023-02-09T16:24:00+00:00,45911.140000
2023-02-09T17:49:00+00:00,46569.660000
2023-02-09T19:34:00+00:00,46894.420000
2023-02-09T21:09:00+00:00,47272.680000
2023-02-10T05:09:00+00:00,47263.800000
2023-02-10T08:14:00+00:00,47587.860000
2023-02-10T08:29:00+00:00,48130.920000
2023-02-10T15:04:00+00:00,48129.440000
2023-02-10T15:14:00+00:00,47775.960000
2023-02-12T23:09:00+00:00,47773.000000
2023-02-13T01:14:00+00:00,47770.780000
2023-02-13T07:39:00+00:00,47756.720000
2023-02-13T08:04:00+00:00,47277.160000
2023-02-13T08:39:00+00:00,46905.940000
2023-02-13T09:04:00+00:00,46502.980000
2023-02-13T14:59:00+00:00,46501.500000
2023-02-13T21:09:00+00:00,46828.020000
2023-02-14T08:24:00+00:00,46822.100000
2023-02-14T09:04:00+00:00,46376.180000
2023-02-14T09:09:00+00:00,46368.040000
2023-02-14T10:29:00+00:00,46664.340000
2023-02-14T11:04:00+00:00,47259.900000
2023-02-14T14:49:00+00:00,47259.160000
2023-02-14T21:09:00+00:00,47390.920000
2023-02-15T07:39:00+00:00,47385.740000
2023-02-15T08:39:00+00:00,46929.060000
2023-02-15T11:19:00+00:00,46921.660000
2023-02-15T12:14:00+00:00,46469.260000
2023-02-15T14:04:00+00:00,46464.820000
2023-02-15T14:39:00+00:00,46028.380000
2023-02-15T14:49:00+00:00,46026.160000
2023-02-15T14:54:00+00:00,45570.940000
2023-02-15T14:59:00+00:00,45568.720000
2023-02-15T16:44:00+00:00,45119.500000
2023-02-16T08:09:00+00:00,45113.580000
2023-02-16T12:09:00+00:00,45440.620000
2023-02-16T12:29:00+00:00,45987.660000
2023-02-16T14:54:00+00:00,45986.180000
2023-02-16T17:39:00+00:00,46219.440000
2023-02-16T20:19:00+00:00,46218.200000
2023-02-17T05:04:00+00:00,46201.180000
2023-02-17T05:24:00+00:00,45724.160000
2023-02-17T14:49:00+00:00,45722.680000
2023-02-17T15:09:00+00:00,45636.200000
2023-02-17T15:09:00+00:00,45633.240000
2023-02-17T16:34:00+00:00,45204.280000
2023-02-17T19:49:00+00:00,45196.880000
2023-02-17T19:54:00+00:00,44769.480000
2023-02-20T04:49:00+00:00,44755.420000
2023-02-20T08:04:00+00:00,45059.260000
2023-02-20T08:14:00+00:00,45626.860000
2023-02-20T15:04:00+00:00,45612.800000
2023-02-20T17:34:00+00:00,45826.740000
2023-02-20T17:34:00+00:00,45808.980000
2023-02-20T17:59:00+00:00,45323.220000
2023-02-21T02:59:00+00:00,45315.080000
2023-02-21T07:09:00+00:00,45302.500000
2023-02-21T08:04:00+00:00,45595.050000
2023-02-21T08:19:00+00:00,46183.110000
2023-02-21T08:19:00+00:00,46483.190000
2023-02-21T08:24:00+00:00,47050.280000
2023-02-21T14:44:00+00:00,47046.580000
2023-02-21T14:54:00+00:00,46580.380000
2023-02-21T14:54:00+00:00,46576.680000
2023-02-21T15:09:00+00:00,46574.460000
2023-02-21T15:14:00+00:00,46817.480000
2023-02-21T16:34:00+00:00,47426.510000
2023-02-21T19:19:00+00:00,47639.520000
2023-02-21T21:09:00+00:00,48071.040000
2023-02-22T07:14:00+00:00,48062.160000
2023-02-22T08:04:00+00:00,48049.580000
2023-02-22T08:09:00+00:00,47566.700000
2023-02-22T08:09:00+00:00,47069.620000
2023-02-22T14:49:00+00:00,47066.660000
2023-02-22T15:04:00+00:00,46663.700000
2023-02-22T15:09:00+00:00,46661.480000
2023-02-22T18:09:00+00:00,46264.760000
2023-02-23T07:19:00+00:00,46249.220000
2023-02-23T08:09:00+00:00,45771.680000
2023-02-23T11:19:00+00:00,45767.240000
2023-02-23T12:39:00+00:00,45321.800000
2023-02-23T15:09:00+00:00,45319.580000
2023-02-23T16:24:00+00:00,45532.590000
2023-02-23T19:24:00+00:00,45530.110000
2023-02-24T05:39:00+00:00,45521.230000
2023-02-24T07:09:00+00:00,45512.350000
2023-02-24T07:49:00+00:00,45831.910000
2023-02-24T08:19:00+00:00,46367.470000
2023-02-24T08:19:00+00:00,46700.530000
2023-02-24T10:19:00+00:00,47258.590000
2023-02-24T12:04:00+00:00,47248.970000
2023-02-24T13:34:00+00:00,46784.350000
2023-02-24T14:49:00+00:00,46782.870000
2023-02-24T21:04:00+00:00,46654.390000
2023-02-27T14:59:00+00:00,46649.950000
2023-02-27T15:39:00+00:00,46192.510000
2023-02-27T19:24:00+00:00,46184.370000
2023-02-27T19:49:00+00:00,46473.170000
2023-02-27T20:39:00+00:00,47053.730000
2023-02-28T15:04:00+00:00,47051.510000
2023-02-28T21:04:00+00:00,46615.790000
2023-03-01T09:04:00+00:00,46609.130000
2023-03-01T13:04:00+00:00,46147.970000
2023-03-01T14:49:00+00:00,46145.750000
2023-03-01T15:09:00+00:00,45716.030000
2023-03-01T15:14:00+00:00,45715.290000
2023-03-01T21:09:00+00:00,45719.550000
2023-03-02T03:14:00+00:00,45718.070000
2023-03-02T12:29:00+00:00,45708.450000
2023-03-02T13:14:00+00:00,46010.010000
2023-03-02T13:34:00+00:00,46599.830000
2023-03-02T14:54:00+00:00,46618.350000
2023-03-02T14:54:00+00:00,46615.390000
2023-03-02T18:59:00+00:00,46936.410000
2023-03-02T19:29:00+00:00,47472.430000
2023-03-03T00:34:00+00:00,47467.250000
2023-03-03T06:29:00+00:00,47308.070000
2023-03-03T06:29:00+00:00,47298.450000
2023-03-03T07:09:00+00:00,46814.330000
2023-03-03T07:09:00+00:00,46803.970000
2023-03-03T08:04:00+00:00,46338.610000
2023-03-03T08:09:00+00:00,46328.250000
2023-03-03T08:44:00+00:00,46648.570000
2023-03-03T09:14:00+00:00,47185.890000
2023-03-03T12:24:00+00:00,47173.310000
2023-03-03T13:44:00+00:00,46693.230000
2023-03-03T14:49:00+00:00,46690.270000
2023-03-03T17:54:00+00:00,47017.290000
2023-03-03T19:34:00+00:00,47563.310000
2023-03-06T07:59:00+00:00,47549.250000
2023-03-06T08:14:00+00:00,47866.590000
2023-03-06T08:19:00+00:00,48459.190000
2023-03-06T12:09:00+00:00,48450.310000
2023-03-06T13:14:00+00:00,48805.870000
2023-03-06T13:29:00+00:00,49401.430000
2023-03-06T15:14:00+00:00,49398.470000
2023-03-06T19:24:00+00:00,48951.510000
2023-03-07T15:04:00+00:00,48950.770000
2023-03-07T21:09:00+00:00,49061.030000
2023-03-08T07:14:00+00:00,49047.710000
2023-03-08T08:09:00+00:00,48539.390000
2023-03-08T13:14:00+00:00,48534.210000
2023-03-08T15:04:00+00:00,48042.530000
2023-03-08T15:04:00+00:00,48040.310000
2023-03-08T15:34:00+00:00,47645.090000
2023-03-09T05:54:00+00:00,47628.810000
2023-03-09T07:04:00+00:00,47967.170000
2023-03-09T08:09:00+00:00,48536.530000
2023-03-09T13:39:00+00:00,48532.830000
2023-03-09T14:39:00+00:00,48775.850000
2023-03-09T14:49:00+00:00,49384.880000
2023-03-09T14:49:00+00:00,49383.400000
2023-03-09T17:49:00+00:00,49015.920000
2023-03-10T02:44:00+00:00,49012.220000
2023-03-10T06:59:00+00:00,49002.600000
2023-03-10T07:24:00+00:00,49322.160000
2023-03-10T07:24:00+00:00,49946.980000
2023-03-10T09:34:00+00:00,50200.500000
2023-03-10T11:39:00+00:00,50196.060000
2023-03-10T12:34:00+00:00,49747.620000
2023-03-10T13:34:00+00:00,49743.900000
2023-03-10T14:49:00+00:00,49743.160000
2023-03-10T16:14:00+00:00,49459.920000
2023-03-13T06:24:00+00:00,49453.260000
2023-03-13T06:54:00+00:00,48996.600000
2023-03-13T08:19:00+00:00,48990.680000
2023-03-13T08:34:00+00:00,48500.760000
2023-03-13T13:49:00+00:00,48500.020000
2023-03-13T20:09:00+00:00,48688.280000
2023-03-14T14:24:00+00:00,48686.800000
2023-03-14T15:04:00+00:00,48719.320000
2023-03-14T15:04:00+00:00,48714.140000
2023-03-14T15:24:00+00:00,48246.960000
2023-03-15T12:44:00+00:00,48245.480000
2023-03-15T13:29:00+00:00,47886.000000
2023-03-15T14:34:00+00:00,47884.520000
2023-03-15T15:44:00+00:00,47468.040000
2023-03-15T17:19:00+00:00,47466.560000
2023-03-15T20:09:00+00:00,47980.080000
2023-03-16T05:44:00+00:00,47974.160000
2023-03-16T06:49:00+00:00,47536.240000
2023-03-16T13:59:00+00:00,47534.760000
2023-03-16T14:14:00+00:00,47457.280000
2023-03-16T14:14:00+00:00,47454.320000
2023-03-16T14:44:00+00:00,47063.360000
2023-03-17T07:14:00+00:00,47055.220000
2023-03-17T09:14:00+00:00,47362.770000
2023-03-17T11:49:00+00:00,47601.330000
2023-03-17T11:49:00+00:00,47588.750000
2023-03-17T12:24:00+00:00,47091.670000
2023-03-17T14:04:00+00:00,47090.190000
2023-03-17T14:24:00+00:00,46682.710000
2023-03-17T14:24:00+00:00,46681.230000
2023-03-17T15:44:00+00:00,46920.490000
2023-03-17T20:09:00+00:00,46989.250000
2023-03-20T03:44:00+00:00,46981.850000
2023-03-20T04:39:00+00:00,46539.450000
2023-03-20T08:19:00+00:00,46537.970000
2023-03-20T08:44:00+00:00,46291.490000
2023-03-20T08:44:00+00:00,46288.530000
2023-03-20T10:09:00+00:00,46585.550000
2023-03-20T13:34:00+00:00,46583.070000
2023-03-20T14:49:00+00:00,46581.590000
2023-03-20T20:09:00+00:00,46809.110000
2023-03-21T07:59:00+00:00,46798.750000
2023-03-21T09:49:00+00:00,47134.820000
2023-03-21T10:04:00+00:00,47126.140000
2023-03-21T14:19:00+00:00,47122.440000
2023-03-21T17:34:00+00:00,46683.740000
2023-03-22T13:54:00+00:00,46678.560000
2023-03-22T14:29:00+00:00,46975.590000
2023-03-22T16:24:00+00:00,46970.630000
2023-03-22T19:04:00+00:00,46969.150000
2023-03-22T19:24:00+00:00,46547.670000
2023-03-23T12:09:00+00:00,46543.230000
2023-03-23T12:49:00+00:00,46133.790000
2023-03-23T13:19:00+00:00,46126.390000
2023-03-23T13:34:00+00:00,46437.690000
2023-03-23T13:34:00+00:00,46958.990000
2023-03-23T14:04:00+00:00,46955.290000
2023-03-23T14:49:00+00:00,47234.310000
2023-03-23T15:04:00+00:00,47933.340000
2023-03-23T19:04:00+00:00,47930.380000
2023-03-23T19:19:00+00:00,47531.420000
2023-03-24T08:09:00+00:00,47522.540000
2023-03-24T08:14:00+00:00,47057.660000
2023-03-24T15:14:00+00:00,47056.180000
2023-03-24T16:04:00+00:00,46631.700000
2023-03-27T08:14:00+00:00,46628.740000
2023-03-27T13:49:00+00:00,46626.520000
2023-03-27T14:34:00+00:00,46247.800000
2023-03-27T15:09:00+00:00,45848.840000
2023-03-28T07:14:00+00:00,45839.220000
2023-03-28T07:44:00+00:00,46239.100000
2023-03-28T07:44:00+00:00,46230.220000
2023-03-28T07:54:00+00:00,45771.340000
2023-03-28T14:34:00+00:00,45770.600000
2023-03-28T20:09:00+00:00,45585.860000
2023-03-29T08:49:00+00:00,45575.500000
2023-03-29T09:09:00+00:00,45124.140000
2023-03-29T11:09:00+00:00,45109.340000
2023-03-29T11:49:00+00:00,45424.440000
2023-03-29T12:34:00+00:00,45412.040000
2023-03-29T14:04:00+00:00,45409.080000
2023-03-29T14:34:00+00:00,45026.120000
2023-03-30T14:29:00+00:00,45023.160000
2023-03-30T16:49:00+00:00,44610.200000
2023-03-31T13:39:00+00:00,44607.980000
2023-03-31T13:49:00+00:00,44605.760000
2023-03-31T15:54:00+00:00,44775.270000
2023-03-31T18:09:00+00:00,44977.030000
2023-03-31T19:04:00+00:00,45543.050000
2023-03-31T20:09:00+00:00,46146.570000
2023-04-03T05:24:00+00:00,46133.990000
2023-04-03T05:54:00+00:00,45662.410000
2023-04-03T08:04:00+00:00,45657.230000
2023-04-03T12:09:00+00:00,45200.550000
2023-04-03T13:49:00+00:00,45198.330000
2023-04-03T14:44:00+00:00,45040.110000
2023-04-03T14:44:00+00:00,45033.450000
2023-04-03T14:54:00+00:00,45315.490000
2023-04-03T15:09:00+00:00,45905.540000
2023-04-04T06:19:00+00:00,45890.740000
2023-04-04T07:29:00+00:00,45425.940000
2023-04-04T13:59:00+00:00,45422.240000
2023-04-04T14:04:00+00:00,45420.020000
2023-04-04T14:24:00+00:00,45161.320000
2023-04-04T14:24:00+00:00,44875.600000
2023-04-04T14:29:00+00:00,44871.900000
2023-04-04T15:19:00+00:00,45131.420000
2023-04-04T20:09:00+00:00,45403.700000
2023-04-05T06:19:00+00:00,45394.820000
2023-04-05T07:34:00+00:00,44959.940000
2023-04-05T12:39:00+00:00,44954.760000
2023-04-05T13:39:00+00:00,45209.040000
2023-04-05T13:49:00+00:00,45776.080000
2023-04-05T13:49:00+00:00,45773.120000
2023-04-05T14:54:00+00:00,46107.640000
2023-04-05T20:09:00+00:00,46313.160000
2023-04-06T05:59:00+00:00,46292.440000
2023-04-06T06:19:00+00:00,46628.580000
2023-04-06T06:34:00+00:00,47195.720000
2023-04-06T10:19:00+00:00,47188.320000
2023-04-06T11:14:00+00:00,47514.620000
2023-04-06T12:34:00+00:00,47508.420000
2023-04-06T14:09:00+00:00,47506.200000
2023-04-06T16:04:00+00:00,47711.710000
2023-04-06T20:09:00+00:00,48262.230000
2023-04-10T04:39:00+00:00,48245.950000
2023-04-10T05:24:00+00:00,47756.670000
2023-04-10T09:59:00+00:00,47738.170000
2023-04-10T10:19:00+00:00,47244.670000
2023-04-10T13:49:00+00:00,47242.450000
2023-04-10T15:09:00+00:00,46836.730000
2023-04-10T16:09:00+00:00,46833.030000
2023-04-10T16:39:00+00:00,46371.830000
2023-04-11T00:19:00+00:00,46365.170000
2023-04-11T00:39:00+00:00,45899.510000
2023-04-11T14:14:00+00:00,45897.290000
2023-04-11T14:29:00+00:00,45764.570000
2023-04-11T14:29:00+00:00,45759.390000
2023-04-11T14:39:00+00:00,45313.210000
2023-04-12T07:39:00+00:00,45308.770000
2023-04-12T07:49:00+00:00,45103.330000
2023-04-12T07:49:00+00:00,45094.450000
2023-04-12T08:19:00+00:00,45414.010000
2023-04-12T11:49:00+00:00,45405.870000
2023-04-12T12:29:00+00:00,45398.430000
2023-04-12T12:29:00+00:00,44955.790000
2023-04-12T12:39:00+00:00,44953.570000
2023-04-12T13:34:00+00:00,44549.350000
2023-04-12T13:49:00+00:00,44548.610000
2023-04-12T20:09:00+00:00,44759.870000
2023-04-13T09:19:00+00:00,44752.470000
2023-04-13T10:14:00+00:00,44320.070000
2023-04-13T12:24:00+00:00,44311.930000
2023-04-13T12:34:00+00:00,44596.980000
2023-04-13T12:34:00+00:00,44589.540000
2023-04-13T14:09:00+00:00,44588.060000
2023-04-13T16:04:00+00:00,44587.320000
2023-04-13T18:19:00+00:00,44815.330000
2023-04-13T20:09:00+00:00,45020.090000
2023-04-13T20:09:00+00:00,45135.850000
2023-04-14T07:19:00+00:00,45126.230000
2023-04-14T08:14:00+00:00,44668.110000
2023-04-14T12:39:00+00:00,44662.190000
2023-04-14T12:59:00+00:00,44983.230000
2023-04-14T13:34:00+00:00,44978.270000
2023-04-14T13:49:00+00:00,44976.790000
2023-04-14T14:14:00+00:00,44840.310000
2023-04-14T14:14:00+00:00,44838.090000
2023-04-14T16:09:00+00:00,45005.350000
2023-04-14T19:49:00+00:00,45002.870000
2023-04-17T06:34:00+00:00,44994.730000
2023-04-17T07:49:00+00:00,45454.090000
2023-04-17T07:49:00+00:00,45442.990000
2023-04-17T08:39:00+00:00,45747.560000
2023-04-17T09:19:00+00:00,46331.640000
2023-04-17T14:34:00+00:00,46327.940000
2023-04-17T14:39:00+00:00,46325.720000
2023-04-17T16:09:00+00:00,46588.240000
2023-04-17T19:09:00+00:00,46584.520000
2023-04-17T20:09:00+00:00,46199.800000
2023-04-18T13:49:00+00:00,46195.360000
2023-04-18T13:54:00+00:00,46190.180000
2023-04-18T13:59:00+00:00,45762.740000
2023-04-18T13:59:00+00:00,45320.060000
2023-04-18T16:44:00+00:00,45317.100000
2023-04-18T20:09:00+00:00,45418.140000
2023-04-19T11:54:00+00:00,45408.520000
2023-04-19T12:49:00+00:00,45696.580000
2023-04-19T13:34:00+00:00,45687.900000
2023-04-19T14:39:00+00:00,45684.940000
2023-04-19T17:24:00+00:00,46191.980000
2023-04-19T17:24:00+00:00,46182.360000
2023-04-19T18:04:00+00:00,45717.740000
2023-04-20T06:19:00+00:00,45710.340000
2023-04-20T07:14:00+00:00,45247.940000
2023-04-20T12:29:00+00:00,45240.540000
2023-04-20T13:39:00+00:00,45566.840000
2023-04-20T13:49:00+00:00,46113.140000
2023-04-20T13:49:00+00:00,46110.920000
2023-04-20T19:19:00+00:00,45693.200000
2023-04-21T07:39:00+00:00,45689.500000
2023-04-21T08:49:00+00:00,45430.800000
2023-04-21T08:49:00+00:00,45426.360000
2023-04-21T10:34:00+00:00,45007.920000
2023-04-21T13:54:00+00:00,45004.960000
2023-04-21T14:24:00+00:00,44696.000000
2023-04-21T14:24:00+00:00,44693.780000
2023-04-21T14:49:00+00:00,44436.560000
2023-04-21T14:49:00+00:00,44433.600000
2023-04-21T15:04:00+00:00,44006.640000
2023-04-24T14:39:00+00:00,44005.160000
2023-04-24T20:09:00+00:00,43906.680000
2023-04-25T13:49:00+00:00,43902.980000
2023-04-25T15:54:00+00:00,44123.500000
2023-04-25T17:19:00+00:00,44676.280000
2023-04-26T06:24:00+00:00,44669.620000
2023-04-26T08:04:00+00:00,44883.460000
2023-04-26T08:04:00+00:00,44875.320000
2023-04-26T10:44:00+00:00,44449.180000
2023-04-26T12:19:00+00:00,44444.740000
2023-04-26T13:59:00+00:00,44442.520000
2023-04-26T14:24:00+00:00,44069.800000
2023-04-26T15:09:00+00:00,44378.080000
2023-04-26T16:09:00+00:00,44893.360000
2023-04-27T14:09:00+00:00,44889.660000
2023-04-27T14:44:00+00:00,45129.680000
2023-04-27T16:14:00+00:00,45731.210000
2023-04-28T09:24:00+00:00,45714.190000
2023-04-28T09:44:00+00:00,45237.170000
2023-04-28T12:19:00+00:00,45225.330000
2023-04-28T12:34:00+00:00,45543.410000
2023-04-28T12:34:00+00:00,45533.490000
2023-04-28T14:14:00+00:00,45532.010000
2023-04-28T20:09:00+00:00,45771.530000
2023-05-01T00:49:00+00:00,45760.430000
2023-05-01T02:59:00+00:00,46075.500000
2023-05-01T06:09:00+00:00,46437.580000
2023-05-01T06:09:00+00:00,46427.220000
2023-05-01T06:44:00+00:00,45947.860000
2023-05-01T13:54:00+00:00,45943.420000
2023-05-01T14:04:00+00:00,45524.980000
2023-05-02T00:14:00+00:00,45514.620000
2023-05-02T00:24:00+00:00,45049.260000
2023-05-02T10:09:00+00:00,45041.120000
2023-05-02T13:44:00+00:00,45337.420000
2023-05-02T13:54:00+00:00,45329.980000
2023-05-02T14:09:00+00:00,45327.020000
2023-05-02T14:34:00+00:00,45618.040000
2023-05-02T14:54:00+00:00,46104.060000
2023-05-03T02:09:00+00:00,46088.520000
2023-05-03T05:49:00+00:00,46081.860000
2023-05-03T07:04:00+00:00,46396.960000
2023-05-03T07:04:00+00:00,46511.000000
2023-05-03T07:59:00+00:00,46504.800000
2023-05-03T08:09:00+00:00,46491.160000
2023-05-03T13:54:00+00:00,46488.200000
2023-05-03T15:04:00+00:00,46093.240000
2023-05-04T07:09:00+00:00,46088.060000
2023-05-04T07:39:00+00:00,45631.380000
2023-05-04T14:24:00+00:00,45629.160000
2023-05-04T15:09:00+00:00,45233.940000
2023-05-05T06:24:00+00:00,45223.580000
2023-05-05T07:09:00+00:00,44772.220000
2023-05-05T12:39:00+00:00,44768.520000
2023-05-05T12:49:00+00:00,44527.320000
2023-05-05T12:49:00+00:00,44523.620000
2023-05-05T13:49:00+00:00,44520.660000
2023-05-05T14:04:00+00:00,44781.680000
2023-05-05T14:34:00+00:00,45435.710000
2023-05-05T14:39:00+00:00,45752.230000
2023-05-05T18:04:00+00:00,46280.750000
2023-05-08T06:19:00+00:00,46266.690000
2023-05-08T07:09:00+00:00,45796.630000
2023-05-08T12:14:00+00:00,45784.790000
2023-05-08T12:44:00+00:00,45308.950000
2023-05-08T13:54:00+00:00,45305.990000
2023-05-08T15:49:00+00:00,44913.030000
2023-05-08T18:14:00+00:00,44907.110000
2023-05-08T18:24:00+00:00,44453.190000
2023-05-08T23:24:00+00:00,44448.010000
2023-05-09T08:49:00+00:00,44720.290000
2023-05-09T08:59:00+00:00,45023.330000
2023-05-09T08:59:00+00:00,45011.490000
2023-05-09T11:29:00+00:00,44543.650000
2023-05-09T12:29:00+00:00,44535.510000
2023-05-09T13:59:00+00:00,44169.870000
2023-05-09T13:59:00+00:00,44165.430000
2023-05-09T14:14:00+00:00,43818.990000
2023-05-09T14:14:00+00:00,43813.810000
2023-05-09T20:09:00+00:00,43966.130000
2023-05-10T14:09:00+00:00,43964.650000
2023-05-10T14:49:00+00:00,43552.170000
2023-05-11T06:39:00+00:00,43538.850000
2023-05-11T07:04:00+00:00,43102.530000
2023-05-11T07:09:00+00:00,43093.650000
2023-05-11T11:14:00+00:00,42664.770000
2023-05-11T11:34:00+00:00,42655.890000
2023-05-11T12:19:00+00:00,42961.950000
2023-05-11T12:19:00+00:00,43475.010000
2023-05-11T14:34:00+00:00,43472.790000
2023-05-11T14:54:00+00:00,43268.070000
2023-05-11T14:54:00+00:00,43264.370000
2023-05-11T20:09:00+00:00,43558.170000
2023-05-12T13:49:00+00:00,43554.470000
2023-05-12T13:54:00+00:00,43550.770000
2023-05-12T14:34:00+00:00,43799.790000
2023-05-12T15:29:00+00:00,44057.810000
2023-05-12T16:24:00+00:00,44681.840000
2023-05-12T16:44:00+00:00,45328.370000
2023-05-15T09:44:00+00:00,45318.010000
2023-05-15T10:29:00+00:00,45356.650000
2023-05-15T10:29:00+00:00,45343.330000
2023-05-15T12:29:00+00:00,44889.010000
2023-05-15T13:54:00+00:00,44883.830000
2023-05-15T15:19:00+00:00,44444.650000
2023-05-15T17:59:00+00:00,44437.250000
2023-05-15T20:09:00+00:00,44769.850000
2023-05-16T07:04:00+00:00,44757.270000
2023-05-16T07:19:00+00:00,44311.190000
2023-05-16T09:39:00+00:00,44307.490000
2023-05-16T11:14:00+00:00,44261.290000
2023-05-16T11:14:00+00:00,44250.930000
2023-05-16T12:34:00+00:00,44566.000000
2023-05-16T12:34:00+00:00,44557.320000
2023-05-16T13:39:00+00:00,44552.880000
2023-05-16T13:49:00+00:00,44550.660000
2023-05-16T14:34:00+00:00,44549.180000
2023-05-16T14:59:00+00:00,44870.960000
2023-05-16T20:09:00+00:00,45030.740000
2023-05-16T20:09:00+00:00,44961.020000
2023-05-16T20:09:00+00:00,44940.540000
2023-05-17T05:49:00+00:00,44921.300000
2023-05-17T06:09:00+00:00,44447.060000
2023-05-17T06:34:00+00:00,44424.860000
2023-05-17T06:39:00+00:00,44207.660000
2023-05-17T12:04:00+00:00,44201.740000
2023-05-17T13:49:00+00:00,44091.820000
2023-05-17T13:49:00+00:00,44087.380000
2023-05-17T13:54:00+00:00,44082.940000
2023-05-17T14:19:00+00:00,43967.500000
2023-05-17T14:19:00+00:00,43663.060000
2023-05-17T14:24:00+00:00,43658.620000
2023-05-17T16:34:00+00:00,43953.400000
2023-05-17T16:49:00+00:00,44446.180000
2023-05-18T07:09:00+00:00,44423.980000
2023-05-18T07:14:00+00:00,44716.630000
2023-05-18T07:14:00+00:00,44698.030000
2023-05-18T13:59:00+00:00,44695.810000
2023-05-18T15:04:00+00:00,44875.820000
2023-05-18T19:44:00+00:00,45476.840000
2023-05-19T11:09:00+00:00,45462.780000
2023-05-19T11:49:00+00:00,44992.720000
2023-05-19T13:49:00+00:00,44989.020000
2023-05-19T15:39:00+00:00,45236.540000
2023-05-19T18:59:00+00:00,45459.320000
2023-05-19T18:59:00+00:00,45454.140000
2023-05-19T20:09:00+00:00,45417.460000
2023-05-22T07:24:00+00:00,45408.580000
2023-05-22T09:59:00+00:00,45728.140000
2023-05-22T11:39:00+00:00,45933.700000
2023-05-22T11:39:00+00:00,45922.600000
2023-05-22T13:34:00+00:00,46221.920000
2023-05-22T13:34:00+00:00,46212.000000
2023-05-22T13:39:00+00:00,46208.300000
2023-05-22T13:49:00+00:00,46206.820000
2023-05-22T14:14:00+00:00,46270.620000
2023-05-22T14:14:00+00:00,46175.140000
2023-05-22T14:19:00+00:00,46172.920000
2023-05-22T20:09:00+00:00,46181.200000
2023-05-22T23:09:00+00:00,46176.760000
2023-05-23T00:19:00+00:00,46376.320000
2023-05-23T00:19:00+00:00,46363.000000
2023-05-23T01:49:00+00:00,45881.680000
2023-05-23T05:09:00+00:00,45869.100000
2023-05-23T06:59:00+00:00,45406.020000
2023-05-23T10:14:00+00:00,45397.140000
2023-05-23T11:04:00+00:00,45387.520000
2023-05-23T11:44:00+00:00,44922.640000
2023-05-23T11:44:00+00:00,44477.520000
2023-05-23T13:54:00+00:00,44474.560000
2023-05-23T16:39:00+00:00,44079.600000
2023-05-24T07:19:00+00:00,44071.460000
2023-05-24T07:44:00+00:00,43628.820000
2023-05-24T14:04:00+00:00,43626.600000
2023-05-24T19:24:00+00:00,43273.380000
2023-05-25T06:14:00+00:00,43259.320000
2023-05-25T06:29:00+00:00,43556.410000
2023-05-25T06:34:00+00:00,44111.510000
2023-05-25T14:24:00+00:00,44110.030000
2023-05-25T15:14:00+00:00,43675.550000
2023-05-25T16:39:00+00:00,43670.370000
2023-05-25T18:04:00+00:00,43248.690000
2023-05-26T07:09:00+00:00,43240.550000
2023-05-26T08:24:00+00:00,42825.410000
2023-05-26T10:24:00+00:00,42820.970000
2023-05-26T11:09:00+00:00,43097.750000
2023-05-26T12:39:00+00:00,43094.030000
2023-05-26T13:49:00+00:00,43092.550000
2023-05-26T14:39:00+00:00,43336.310000
2023-05-26T15:54:00+00:00,43743.070000
2023-05-29T00:39:00+00:00,43738.630000
2023-05-29T12:39:00+00:00,43734.930000
2023-05-29T14:24:00+00:00,44075.490000
2023-05-29T14:24:00+00:00,44049.290000
2023-05-29T14:29:00+00:00,44035.230000
2023-05-29T16:59:00+00:00,44339.070000
2023-05-29T16:59:00+00:00,44906.670000
2023-05-29T23:24:00+00:00,44897.050000
2023-05-30T05:14:00+00:00,44884.470000
2023-05-30T06:04:00+00:00,44445.850000
2023-05-30T06:04:00+00:00,44067.770000
2023-05-30T11:09:00+00:00,44061.110000
2023-05-30T11:34:00+00:00,44349.150000
2023-05-30T12:14:00+00:00,44951.700000
2023-05-30T13:54:00+00:00,44950.960000
2023-05-30T13:59:00+00:00,44950.220000
2023-05-30T20:09:00+00:00,45019.980000
2023-05-30T20:09:00+00:00,45097.240000
2023-05-31T01:24:00+00:00,45082.440000
2023-05-31T01:34:00+00:00,44617.640000
2023-05-31T11:14:00+00:00,44608.760000
2023-05-31T11:49:00+00:00,44914.820000
2023-05-31T12:09:00+00:00,45427.880000
2023-05-31T13:49:00+00:00,45425.660000
2023-05-31T14:14:00+00:00,44994.440000
2023-05-31T14:14:00+00:00,44991.480000
2023-05-31T20:09:00+00:00,45230.520000
2023-06-01T01:44:00+00:00,45226.820000
2023-06-01T06:14:00+00:00,44895.620000
2023-06-01T06:14:00+00:00,44889.700000
2023-06-01T08:24:00+00:00,44467.780000
2023-06-01T14:04:00+00:00,44465.560000
2023-06-01T14:29:00+00:00,44328.340000
2023-06-01T14:29:00+00:00,44324.640000
2023-06-01T14:44:00+00:00,43888.440000
2023-06-02T03:34:00+00:00,43882.520000
2023-06-02T07:19:00+00:00,43920.600000
2023-06-02T07:19:00+00:00,43911.720000
2023-06-02T09:09:00+00:00,43470.840000
2023-06-02T11:09:00+00:00,43464.180000
2023-06-02T12:34:00+00:00,43025.520000
2023-06-02T13:49:00+00:00,43024.040000
2023-06-02T13:54:00+00:00,43022.560000
2023-06-02T20:09:00+00:00,42838.080000
2023-06-02T20:09:00+00:00,42635.600000
2023-06-05T09:49:00+00:00,42631.900000
2023-06-05T12:59:00+00:00,42620.060000
2023-06-05T13:34:00+00:00,42221.360000
2023-06-05T13:34:00+00:00,41801.520000
2023-06-05T13:59:00+00:00,41797.080000
2023-06-05T14:04:00+00:00,41399.640000
2023-06-05T14:54:00+00:00,41398.160000
2023-06-05T18:34:00+00:00,41039.680000
2023-06-06T07:09:00+00:00,41024.880000
2023-06-06T07:29:00+00:00,41324.980000
2023-06-06T07:29:00+00:00,41830.080000
2023-06-06T13:34:00+00:00,41825.640000
2023-06-06T13:49:00+00:00,41401.200000
2023-06-06T14:24:00+00:00,41399.720000
2023-06-06T20:09:00+00:00,41464.240000
2023-06-07T01:14:00+00:00,41456.840000
2023-06-07T07:29:00+00:00,41745.640000
2023-06-07T10:29:00+00:00,41739.440000
2023-06-07T13:39:00+00:00,41726.120000
2023-06-07T13:44:00+00:00,42023.210000
2023-06-07T13:44:00+00:00,42012.050000
2023-06-07T14:19:00+00:00,42010.570000
2023-06-07T15:54:00+00:00,42291.830000
2023-06-07T17:39:00+00:00,42761.090000
2023-06-08T01:49:00+00:00,42750.730000
2023-06-08T04:04:00+00:00,43065.800000
2023-06-08T04:09:00+00:00,43594.370000
2023-06-08T06:24:00+00:00,43584.750000
2023-06-08T07:34:00+00:00,43868.310000
2023-06-08T08:14:00+00:00,44423.130000
2023-06-08T12:19:00+00:00,44420.910000
2023-06-08T12:34:00+00:00,44061.690000
2023-06-08T14:14:00+00:00,44060.210000
2023-06-08T20:09:00+00:00,44413.730000
2023-06-08T22:09:00+00:00,44407.070000
2023-06-09T07:29:00+00:00,44677.110000
2023-06-09T07:59:00+00:00,44935.910000
2023-06-09T07:59:00+00:00,44930.730000
2023-06-09T10:24:00+00:00,44927.030000
2023-06-09T11:39:00+00:00,45179.060000
2023-06-09T12:44:00+00:00,45741.100000
2023-06-09T13:34:00+00:00,45967.620000
2023-06-09T13:39:00+00:00,46535.400000
2023-06-09T13:49:00+00:00,46533.180000
2023-06-09T15:29:00+00:00,46065.960000
2023-06-12T14:09:00+00:00,46061.520000
2023-06-12T14:49:00+00:00,45604.080000
2023-06-13T07:59:00+00:00,45596.680000
2023-06-13T10:19:00+00:00,45904.230000
2023-06-13T11:39:00+00:00,45900.530000
2023-06-13T11:49:00+00:00,46415.580000
2023-06-13T12:29:00+00:00,45966.880000
2023-06-13T13:49:00+00:00,45965.400000
2023-06-13T18:59:00+00:00,45868.920000
2023-06-13T18:59:00+00:00,45865.960000
2023-06-13T20:09:00+00:00,46091.000000
2023-06-14T05:54:00+00:00,46082.120000
2023-06-14T06:39:00+00:00,46072.500000
2023-06-14T07:19:00+00:00,46387.560000
2023-06-14T07:19:00+00:00,46689.120000
2023-06-14T07:19:00+00:00,47278.940000
2023-06-14T08:04:00+00:00,47807.000000
2023-06-14T11:44:00+00:00,47800.340000
2023-06-14T12:34:00+00:00,47321.180000
2023-06-14T13:49:00+00:00,47316.740000
2023-06-14T14:44:00+00:00,47652.020000
2023-06-14T15:14:00+00:00,47650.540000
2023-06-14T15:29:00+00:00,48210.820000
2023-06-14T18:04:00+00:00,47761.340000
2023-06-15T05:34:00+00:00,47753.940000
2023-06-15T06:04:00+00:00,47281.540000
2023-06-15T11:29:00+00:00,47271.920000
2023-06-15T12:39:00+00:00,46787.800000
2023-06-15T12:44:00+00:00,46784.100000
2023-06-15T13:04:00+00:00,46315.400000
2023-06-15T13:49:00+00:00,46313.920000
2023-06-15T15:39:00+00:00,46545.680000
2023-06-15T18:44:00+00:00,46932.440000
2023-06-16T05:29:00+00:00,46925.780000
2023-06-16T08:29:00+00:00,47210.820000
2023-06-16T11:29:00+00:00,47807.120000
2023-06-16T13:24:00+00:00,47804.160000
2023-06-16T13:34:00+00:00,47355.200000
2023-06-16T13:39:00+00:00,47351.500000
2023-06-16T13:54:00+00:00,47350.760000
2023-06-16T15:24:00+00:00,47349.280000
2023-06-16T15:29:00+00:00,47592.300000
2023-06-16T16:29:00+00:00,47588.580000
2023-06-16T20:09:00+00:00,47649.340000
2023-06-16T20:09:00+00:00,47838.860000
2023-06-19T14:14:00+00:00,47830.720000
2023-06-20T00:04:00+00:00,47344.080000
2023-06-20T00:19:00+00:00,47327.800000
2023-06-20T01:59:00+00:00,47666.160000
2023-06-20T05:24:00+00:00,48235.520000
2023-06-20T11:59:00+00:00,48232.560000
2023-06-20T13:39:00+00:00,48228.120000
2023-06-20T13:49:00+00:00,48226.640000
2023-06-20T13:59:00+00:00,47784.200000
2023-06-20T14:04:00+00:00,47409.720000
2023-06-20T14:04:00+00:00,47458.760000
2023-06-20T14:04:00+00:00,47457.280000
2023-06-20T20:09:00+00:00,47442.800000
2023-06-21T05:34:00+00:00,47422.820000
2023-06-21T06:09:00+00:00,47754.450000
2023-06-21T06:14:00+00:00,48356.590000
2023-06-21T07:44:00+00:00,48351.410000
2023-06-21T11:49:00+00:00,48272.730000
2023-06-21T11:49:00+00:00,48260.150000
2023-06-21T12:04:00+00:00,47771.570000
2023-06-21T13:49:00+00:00,47769.350000
2023-06-21T14:49:00+00:00,47956.110000
2023-06-21T15:59:00+00:00,47955.370000
2023-06-21T20:09:00+00:00,48356.890000
2023-06-21T20:09:00+00:00,48301.150000
2023-06-22T10:09:00+00:00,48290.790000
2023-06-22T10:49:00+00:00,48632.110000
2023-06-22T12:04:00+00:00,48623.430000
2023-06-22T12:39:00+00:00,48619.730000
2023-06-22T13:49:00+00:00,48618.250000
2023-06-22T13:59:00+00:00,48895.770000
2023-06-22T14:14:00+00:00,49591.050000
2023-06-22T19:49:00+00:00,49846.060000
2023-06-22T20:09:00+00:00,50123.320000
2023-06-23T13:49:00+00:00,50121.840000
2023-06-23T16:19:00+00:00,49703.360000
2023-06-26T08:09:00+00:00,49700.400000
2023-06-26T13:39:00+00:00,49271.440000
2023-06-26T13:54:00+00:00,49269.960000
2023-06-26T14:54:00+00:00,49267.000000
2023-06-26T15:09:00+00:00,48868.520000
2023-06-26T15:09:00+00:00,48453.560000
2023-06-27T00:14:00+00:00,48433.580000
2023-06-27T00:59:00+00:00,48765.210000
2023-06-27T01:19:00+00:00,49367.350000
2023-06-27T01:54:00+00:00,49359.210000
2023-06-27T07:09:00+00:00,49689.260000
2023-06-27T13:39:00+00:00,50352.320000
2023-06-27T15:29:00+00:00,50350.840000
2023-06-27T15:34:00+00:00,50349.360000
2023-06-27T17:49:00+00:00,50601.370000
2023-06-27T18:19:00+00:00,50890.130000
2023-06-27T20:09:00+00:00,51106.890000
2023-06-27T20:09:00+00:00,51327.150000
2023-06-28T02:49:00+00:00,51320.490000
2023-06-28T08:39:00+00:00,50805.330000
2023-06-28T13:39:00+00:00,50797.190000
2023-06-28T13:49:00+00:00,50305.050000
2023-06-28T14:19:00+00:00,50303.570000
2023-06-28T16:34:00+00:00,50379.090000
2023-06-28T16:34:00+00:00,50374.650000
2023-06-28T16:54:00+00:00,50718.930000
2023-06-28T17:34:00+00:00,50715.210000
2023-06-29T00:19:00+00:00,50707.810000
2023-06-29T03:39:00+00:00,50200.410000
2023-06-29T05:09:00+00:00,50186.350000
2023-06-29T05:24:00+00:00,49678.290000
2023-06-29T11:44:00+00:00,49666.450000
2023-06-29T12:04:00+00:00,49174.610000
2023-06-29T14:09:00+00:00,49173.130000
2023-06-29T20:09:00+00:00,48954.650000
2023-06-30T13:49:00+00:00,48953.170000
2023-06-30T20:09:00+00:00,48943.690000
2023-07-03T00:14:00+00:00,48933.330000
2023-07-03T03:39:00+00:00,48432.970000
2023-07-03T13:49:00+00:00,48428.530000
2023-07-03T14:34:00+00:00,47944.090000
2023-07-04T00:14:00+00:00,47930.030000
2023-07-04T01:34:00+00:00,47440.970000
2023-07-04T01:39:00+00:00,47430.610000
2023-07-04T03:49:00+00:00,46944.250000
2023-07-04T13:49:00+00:00,46922.050000
2023-07-04T14:29:00+00:00,47203.450000
2023-07-04T14:44:00+00:00,47679.850000
2023-07-05T00:34:00+00:00,47665.790000
2023-07-05T06:09:00+00:00,47167.230000
2023-07-05T08:19:00+00:00,47163.530000
2023-07-05T13:44:00+00:00,46714.830000
2023-07-05T13:54:00+00:00,46713.350000
2023-07-05T20:09:00+00:00,46595.870000
2023-07-06T13:54:00+00:00,46593.650000
2023-07-06T16:34:00+00:00,46129.430000
2023-07-07T05:19:00+00:00,46118.330000
2023-07-07T05:49:00+00:00,45664.730000
2023-07-07T08:04:00+00:00,45652.890000
2023-07-07T08:49:00+00:00,45970.970000
2023-07-07T09:14:00+00:00,46505.050000
2023-07-07T12:49:00+00:00,46503.570000
2023-07-07T13:04:00+00:00,46502.090000
2023-07-07T13:49:00+00:00,46444.610000
2023-07-07T13:49:00+00:00,46272.130000
2023-07-07T13:54:00+00:00,46269.910000
2023-07-07T14:34:00+00:00,45909.190000
2023-07-09T22:29:00+00:00,45903.270000
2023-07-10T00:29:00+00:00,45449.350000
2023-07-10T13:49:00+00:00,45447.130000
2023-07-10T14:14:00+00:00,45302.410000
2023-07-10T14:14:00+00:00,45300.190000
2023-07-10T15:49:00+00:00,44987.470000
2023-07-10T15:49:00+00:00,44985.250000
2023-07-10T17:34:00+00:00,44615.530000
2023-07-11T00:09:00+00:00,44607.390000
2023-07-11T01:19:00+00:00,44170.250000
2023-07-11T05:19:00+00:00,44148.050000
2023-07-11T05:34:00+00:00,43690.850000
2023-07-11T05:39:00+00:00,43681.230000
2023-07-11T06:24:00+00:00,43964.790000
2023-07-11T07:59:00+00:00,43956.110000
2023-07-11T12:34:00+00:00,43950.190000
2023-07-11T13:19:00+00:00,43524.270000
2023-07-11T13:49:00+00:00,43519.830000
2023-07-11T14:04:00+00:00,43518.350000
2023-07-11T14:39:00+00:00,43087.910000
2023-07-11T15:59:00+00:00,42682.430000
2023-07-12T01:49:00+00:00,42666.890000
2023-07-12T03:39:00+00:00,42951.990000
2023-07-12T04:29:00+00:00,43480.100000
2023-07-12T06:24:00+00:00,43464.560000
2023-07-12T07:34:00+00:00,43018.520000
2023-07-12T12:39:00+00:00,43014.820000
2023-07-12T13:49:00+00:00,43011.120000
2023-07-12T13:59:00+00:00,43243.640000
2023-07-12T14:24:00+00:00,43826.420000
2023-07-12T15:39:00+00:00,43397.720000
2023-07-13T11:44:00+00:00,43388.100000
2023-07-13T12:34:00+00:00,43667.160000
2023-07-13T12:34:00+00:00,43658.480000
2023-07-13T12:49:00+00:00,43653.300000
2023-07-13T13:34:00+00:00,43898.580000
2023-07-13T13:54:00+00:00,44445.620000
2023-07-13T13:54:00+00:00,44443.400000
2023-07-13T19:29:00+00:00,44644.410000
2023-07-13T20:09:00+00:00,44980.930000
2023-07-14T10:54:00+00:00,44975.750000
2023-07-14T13:34:00+00:00,44536.570000
2023-07-14T13:54:00+00:00,44535.090000
2023-07-14T18:29:00+00:00,44194.610000
2023-07-17T11:29:00+00:00,44187.950000
2023-07-17T13:09:00+00:00,43758.290000
2023-07-17T13:49:00+00:00,43756.070000
2023-07-17T13:54:00+00:00,43753.850000
2023-07-17T15:29:00+00:00,43390.130000
2023-07-17T15:29:00+00:00,43056.410000
2023-07-18T01:44:00+00:00,43042.350000
2023-07-18T02:24:00+00:00,42600.790000
2023-07-18T05:59:00+00:00,42584.510000
2023-07-18T07:54:00+00:00,42139.230000
2023-07-18T13:39:00+00:00,42137.010000
2023-07-18T15:44:00+00:00,41753.790000
2023-07-18T15:44:00+00:00,41752.310000
2023-07-18T17:44:00+00:00,41988.570000
2023-07-18T19:19:00+00:00,42382.830000
2023-07-19T15:14:00+00:00,42380.610000
2023-07-19T15:19:00+00:00,42377.650000
2023-07-19T16:24:00+00:00,41986.930000
2023-07-19T16:24:00+00:00,41563.970000
2023-07-20T14:04:00+00:00,41562.490000
2023-07-20T14:09:00+00:00,41560.270000
2023-07-20T14:34:00+00:00,41769.530000
2023-07-20T14:34:00+00:00,41942.040000
2023-07-20T18:19:00+00:00,42291.300000
2023-07-20T18:19:00+00:00,42867.320000
2023-07-21T04:34:00+00:00,42856.960000
2023-07-21T05:19:00+00:00,42426.600000
2023-07-21T06:04:00+00:00,42418.460000
2023-07-21T07:24:00+00:00,42681.010000
2023-07-21T08:19:00+00:00,43209.070000
2023-07-21T13:34:00+00:00,43203.890000
2023-07-21T13:39:00+00:00,43446.920000
2023-07-21T13:39:00+00:00,43441.960000
2023-07-21T13:49:00+00:00,43440.480000
2023-07-21T18:19:00+00:00,43438.260000
2023-07-21T19:14:00+00:00,43663.270000
2023-07-21T20:09:00+00:00,43845.530000
2023-07-21T20:09:00+00:00,44152.310000
2023-07-24T07:39:00+00:00,44146.390000
2023-07-24T11:19:00+00:00,43940.470000
2023-07-24T11:19:00+00:00,43927.890000
2023-07-24T12:14:00+00:00,43473.310000
2023-07-24T13:29:00+00:00,43465.170000
2023-07-24T13:34:00+00:00,43039.030000
2023-07-24T13:49:00+00:00,43036.810000
2023-07-24T13:54:00+00:00,43033.850000
2023-07-24T14:14:00+00:00,42644.890000
2023-07-24T14:19:00+00:00,42573.670000
2023-07-24T14:19:00+00:00,42571.450000
2023-07-24T15:19:00+00:00,42569.970000
2023-07-24T20:09:00+00:00,42521.250000
2023-07-24T20:09:00+00:00,42412.770000
2023-07-25T12:24:00+00:00,42405.370000
2023-07-25T13:34:00+00:00,41982.970000
2023-07-25T13:39:00+00:00,41979.270000
2023-07-25T13:49:00+00:00,41977.050000
2023-07-25T13:59:00+00:00,42196.070000
2023-07-25T14:34:00+00:00,42192.350000
2023-07-25T18:39:00+00:00,42363.360000
2023-07-25T20:04:00+00:00,42360.880000
2023-07-26T11:44:00+00:00,42354.960000
2023-07-26T13:34:00+00:00,42661.000000
2023-07-26T13:34:00+00:00,42656.040000
2023-07-26T13:59:00+00:00,42653.080000
2023-07-26T14:54:00+00:00,42236.120000
2023-07-26T14:59:00+00:00,42234.640000
2023-07-26T18:39:00+00:00,41825.160000
2023-07-26T19:14:00+00:00,41823.680000
2023-07-26T20:09:00+00:00,41439.200000
2023-07-27T03:59:00+00:00,41432.540000
2023-07-27T06:09:00+00:00,41690.580000
2023-07-27T07:39:00+00:00,42230.630000
2023-07-27T14:24:00+00:00,42229.150000
2023-07-27T17:59:00+00:00,42454.910000
2023-07-27T18:29:00+00:00,42831.670000
2023-07-27T19:19:00+00:00,42827.970000
2023-07-27T19:34:00+00:00,42409.270000
2023-07-28T03:49:00+00:00,42402.610000
2023-07-28T04:04:00+00:00,42675.650000
2023-07-28T04:04:00+00:00,42669.450000
2023-07-28T13:19:00+00:00,42665.010000
2023-07-28T13:39:00+00:00,42264.570000
2023-07-28T13:49:00+00:00,42263.090000
2023-07-28T13:54:00+00:00,42261.610000
2023-07-28T17:59:00+00:00,42256.430000
2023-07-28T18:44:00+00:00,42477.950000
2023-07-28T18:44:00+00:00,42637.470000
2023-07-28T18:44:00+00:00,42947.290000
2023-07-28T18:49:00+00:00,42944.330000
2023-07-28T20:09:00+00:00,43051.370000
2023-07-31T07:24:00+00:00,43047.670000
2023-07-31T12:49:00+00:00,43271.190000
2023-07-31T13:59:00+00:00,43267.470000
2023-07-31T13:59:00+00:00,43265.250000
2023-07-31T14:14:00+00:00,43069.530000
2023-07-31T14:14:00+00:00,43066.570000
2023-07-31T17:04:00+00:00,42691.610000
2023-07-31T19:09:00+00:00,42684.210000
2023-07-31T19:59:00+00:00,42251.810000
2023-08-01T00:54:00+00:00,42237.010000
2023-08-01T01:59:00+00:00,42537.110000
2023-08-01T02:14:00+00:00,42524.710000
2023-08-01T04:39:00+00:00,42511.390000
2023-08-01T05:24:00+00:00,42075.070000
2023-08-01T08:44:00+00:00,42066.930000
2023-08-01T09:34:00+00:00,41657.290000
2023-08-01T14:14:00+00:00,41654.330000
2023-08-01T14:34:00+00:00,41261.370000
2023-08-02T14:09:00+00:00,41260.630000
2023-08-02T20:09:00+00:00,41417.890000
2023-08-03T00:24:00+00:00,41411.970000
2023-08-03T01:34:00+00:00,41026.050000
2023-08-03T03:39:00+00:00,41022.350000
2023-08-03T04:19:00+00:00,41018.650000
2023-08-03T05:59:00+00:00,41087.450000
2023-08-03T05:59:00+00:00,41166.250000
2023-08-03T06:04:00+00:00,41158.850000
2023-08-03T06:49:00+00:00,40751.450000
2023-08-03T10:29:00+00:00,40744.050000
2023-08-03T11:04:00+00:00,40336.650000
2023-08-03T13:49:00+00:00,40335.170000
2023-08-03T14:14:00+00:00,40263.690000
2023-08-03T14:14:00+00:00,40261.470000
2023-08-03T15:19:00+00:00,39920.250000
2023-08-03T18:24:00+00:00,39915.810000
2023-08-03T19:09:00+00:00,39542.370000
2023-08-04T08:39:00+00:00,39537.930000
2023-08-04T09:29:00+00:00,39164.490000
2023-08-04T13:49:00+00:00,39163.010000
2023-08-04T13:54:00+00:00,39162.270000
2023-08-04T14:04:00+00:00,39376.030000
2023-08-04T14:39:00+00:00,39434.790000
2023-08-04T14:39:00+00:00,39385.050000
2023-08-04T14:44:00+00:00,39384.310000
2023-08-04T18:39:00+00:00,39166.570000
2023-08-07T05:44:00+00:00,39156.950000
2023-08-07T05:54:00+00:00,38757.330000
2023-08-07T06:49:00+00:00,38746.970000
2023-08-07T07:09:00+00:00,39025.290000
2023-08-07T07:09:00+00:00,39016.610000
2023-08-07T08:59:00+00:00,39009.210000
2023-08-07T10:29:00+00:00,38606.810000
2023-08-07T12:39:00+00:00,38600.150000
2023-08-07T13:14:00+00:00,38834.190000
2023-08-07T13:34:00+00:00,38827.990000
2023-08-07T13:49:00+00:00,38826.510000
2023-08-07T13:59:00+00:00,38806.030000
2023-08-07T13:59:00+00:00,38803.070000
2023-08-07T14:14:00+00:00,38800.850000
2023-08-07T15:19:00+00:00,38445.890000
2023-08-07T15:19:00+00:00,38080.670000
2023-08-08T07:09:00+00:00,38074.750000
2023-08-08T10:34:00+00:00,37700.830000
2023-08-08T13:49:00+00:00,37699.350000
2023-08-08T20:09:00+00:00,37418.870000
2023-08-09T11:39:00+00:00,37412.950000
2023-08-09T13:14:00+00:00,37059.030000
2023-08-09T13:54:00+00:00,37057.550000
2023-08-09T20:09:00+00:00,37368.070000
2023-08-10T06:49:00+00:00,37357.710000
2023-08-10T07:04:00+00:00,36983.350000
2023-08-10T13:49:00+00:00,36982.610000
2023-08-10T15:24:00+00:00,36773.370000
2023-08-10T16:59:00+00:00,36772.630000
2023-08-10T20:09:00+00:00,36786.890000
2023-08-11T03:44:00+00:00,36784.670000
2023-08-11T06:09:00+00:00,36774.310000
2023-08-11T06:34:00+00:00,36399.950000
2023-08-11T12:34:00+00:00,36546.210000
2023-08-11T12:54:00+00:00,37034.730000
2023-08-11T14:14:00+00:00,37033.250000
2023-08-11T15:29:00+00:00,36732.770000
2023-08-14T13:54:00+00:00,36731.290000
2023-08-14T14:54:00+00:00,36972.800000
2023-08-14T20:09:00+00:00,37288.060000
2023-08-15T05:24:00+00:00,37281.400000
2023-08-15T05:39:00+00:00,36928.240000
2023-08-15T13:49:00+00:00,36926.760000
2023-08-15T19:29:00+00:00,37113.520000
2023-08-15T20:09:00+00:00,37295.780000
2023-08-16T12:29:00+00:00,37292.820000
2023-08-16T13:49:00+00:00,36969.860000
2023-08-16T13:49:00+00:00,36968.380000
2023-08-16T15:54:00+00:00,36690.900000
2023-08-16T18:29:00+00:00,36689.420000
2023-08-16T19:09:00+00:00,36426.940000
2023-08-17T08:04:00+00:00,36424.720000
2023-08-17T13:54:00+00:00,36176.500000
2023-08-17T13:54:00+00:00,36175.760000
2023-08-17T20:09:00+00:00,36469.020000
2023-08-18T03:54:00+00:00,36465.320000
2023-08-18T10:44:00+00:00,36667.840000
2023-08-18T11:24:00+00:00,37175.620000
2023-08-18T13:49:00+00:00,37173.400000
2023-08-18T14:04:00+00:00,36829.180000
2023-08-21T01:09:00+00:00,36821.040000
2023-08-21T01:19:00+00:00,37057.340000
2023-08-21T01:19:00+00:00,37049.900000
2023-08-21T13:59:00+00:00,37049.160000
2023-08-21T15:14:00+00:00,36831.920000
2023-08-22T01:29:00+00:00,36826.000000
2023-08-22T03:39:00+00:00,36892.080000
2023-08-22T03:39:00+00:00,36881.720000
2023-08-22T05:39:00+00:00,37139.040000
2023-08-22T06:04:00+00:00,37130.360000
2023-08-22T12:49:00+00:00,37125.920000
2023-08-22T13:39:00+00:00,37373.450000
2023-08-22T13:44:00+00:00,37787.480000
2023-08-22T13:54:00+00:00,37786.000000
2023-08-22T14:59:00+00:00,37657.520000
2023-08-22T14:59:00+00:00,37655.300000
2023-08-22T15:44:00+00:00,37362.080000
2023-08-22T16:44:00+00:00,37359.120000
2023-08-22T17:19:00+00:00,37010.160000
2023-08-23T00:14:00+00:00,36999.800000
2023-08-23T01:09:00+00:00,37267.620000
2023-08-23T01:19:00+00:00,37717.440000
2023-08-23T03:39:00+00:00,37710.040000
2023-08-23T07:09:00+00:00,37972.590000
2023-08-23T07:29:00+00:00,38412.640000
2023-08-23T12:44:00+00:00,38408.200000
2023-08-23T13:49:00+00:00,38689.480000
2023-08-23T13:49:00+00:00,38687.260000
2023-08-23T13:54:00+00:00,39157.540000
2023-08-23T14:24:00+00:00,39323.300000
2023-08-23T15:24:00+00:00,39876.820000
2023-08-24T05:49:00+00:00,39865.720000
2023-08-24T06:09:00+00:00,40138.790000
2023-08-24T06:39:00+00:00,40128.870000
2023-08-24T07:19:00+00:00,40124.430000
2023-08-24T08:04:00+00:00,39738.990000
2023-08-24T13:49:00+00:00,39738.250000
2023-08-24T18:24:00+00:00,39736.030000
2023-08-24T19:49:00+00:00,39935.540000
2023-08-24T19:59:00+00:00,40627.300000
2023-08-24T20:09:00+00:00,41132.820000
2023-08-25T01:44:00+00:00,41128.380000
2023-08-25T05:29:00+00:00,41118.760000
2023-08-25T05:54:00+00:00,40719.140000
2023-08-25T06:39:00+00:00,41004.920000
2023-08-25T07:19:00+00:00,41001.200000
2023-08-25T10:49:00+00:00,40993.060000
2023-08-25T12:14:00+00:00,40594.420000
2023-08-25T13:59:00+00:00,40592.200000
2023-08-25T14:09:00+00:00,40249.480000
2023-08-27T23:19:00+00:00,40246.520000
2023-08-28T01:39:00+00:00,40193.560000
2023-08-28T01:39:00+00:00,40184.680000
2023-08-28T03:59:00+00:00,40468.240000
2023-08-28T05:49:00+00:00,40460.800000
2023-08-28T06:54:00+00:00,40447.480000
2023-08-28T07:24:00+00:00,40029.160000
2023-08-28T07:24:00+00:00,40025.460000
2023-08-28T12:29:00+00:00,40224.980000
2023-08-28T12:59:00+00:00,40725.260000
2023-08-28T14:44:00+00:00,40723.780000
2023-08-28T20:09:00+00:00,40455.300000
2023-08-29T06:59:00+00:00,40446.420000
2023-08-29T07:29:00+00:00,40035.540000
2023-08-29T07:49:00+00:00,40028.880000
2023-08-29T07:59:00+00:00,40277.920000
2023-08-29T12:24:00+00:00,40799.220000
2023-08-29T13:49:00+00:00,40798.480000
2023-08-29T19:19:00+00:00,41308.990000
2023-08-30T06:14:00+00:00,41297.890000
2023-08-30T06:59:00+00:00,40889.290000
2023-08-30T13:54:00+00:00,40887.810000
2023-08-30T13:59:00+00:00,40886.330000
2023-08-30T14:29:00+00:00,40575.850000
2023-08-30T14:29:00+00:00,40280.370000
2023-08-30T14:29:00+00:00,40278.890000
2023-08-30T15:39:00+00:00,39950.410000
2023-08-31T10:09:00+00:00,39941.530000
2023-08-31T11:29:00+00:00,40220.590000
2023-08-31T11:44:00+00:00,40688.650000
2023-08-31T13:59:00+00:00,40687.170000
2023-08-31T20:09:00+00:00,40602.690000
2023-09-01T13:44:00+00:00,40601.210000
2023-09-01T13:49:00+00:00,40600.470000
2023-09-01T14:04:00+00:00,40556.990000
2023-09-01T14:04:00+00:00,40463.750000
2023-09-01T14:09:00+00:00,40460.050000
2023-09-01T14:39:00+00:00,40071.350000
2023-09-04T10:29:00+00:00,40060.250000
2023-09-04T13:39:00+00:00,39644.150000
2023-09-04T13:54:00+00:00,39637.490000
2023-09-04T14:14:00+00:00,39234.830000
2023-09-04T14:19:00+00:00,39229.650000
2023-09-04T15:09:00+00:00,39463.680000
2023-09-05T01:19:00+00:00,39985.720000
2023-09-05T01:34:00+00:00,39978.320000
2023-09-05T05:54:00+00:00,39967.960000
2023-09-05T06:29:00+00:00,39575.560000
2023-09-05T06:29:00+00:00,39159.200000
2023-09-05T12:49:00+00:00,39151.060000
2023-09-05T13:09:00+00:00,38746.920000
2023-09-05T13:14:00+00:00,38741.740000
2023-09-05T13:34:00+00:00,38365.560000
2023-09-05T14:04:00+00:00,38363.340000
2023-09-05T14:14:00+00:00,38196.120000
2023-09-05T14:14:00+00:00,38192.420000
2023-09-05T14:49:00+00:00,38402.440000
2023-09-05T15:09:00+00:00,38928.970000
2023-09-06T08:24:00+00:00,38926.010000
2023-09-06T14:04:00+00:00,39161.530000
2023-09-06T14:04:00+00:00,39159.050000
2023-09-06T14:04:00+00:00,39157.570000
2023-09-06T14:09:00+00:00,39156.090000
2023-09-06T20:09:00+00:00,39250.610000
2023-09-06T20:09:00+00:00,39337.130000
2023-09-07T08:09:00+00:00,39331.210000
2023-09-07T08:29:00+00:00,39613.250000
2023-09-07T09:14:00+00:00,39608.290000
2023-09-07T14:44:00+00:00,39607.550000
2023-09-07T19:14:00+00:00,39628.310000
2023-09-07T19:14:00+00:00,39622.390000
2023-09-07T19:54:00+00:00,39240.470000
2023-09-08T00:04:00+00:00,39221.970000
2023-09-08T00:29:00+00:00,39492.090000
2023-09-08T00:29:00+00:00,39986.220000
2023-09-08T11:24:00+00:00,39982.520000
2023-09-08T12:34:00+00:00,39636.320000
2023-09-08T13:49:00+00:00,39634.840000
2023-09-08T18:19:00+00:00,39334.360000
2023-09-08T18:19:00+00:00,39330.660000
2023-09-08T20:09:00+00:00,38961.960000
2023-09-11T01:44:00+00:00,38950.120000
2023-09-11T02:39:00+00:00,39232.200000
2023-09-11T04:39:00+00:00,39706.280000
2023-09-11T10:34:00+00:00,39695.920000
2023-09-11T11:34:00+00:00,39979.490000
2023-09-11T12:14:00+00:00,40455.560000
2023-09-11T13:44:00+00:00,40452.600000
2023-09-11T13:59:00+00:00,40451.120000
2023-09-11T17:24:00+00:00,40080.160000
2023-09-11T17:34:00+00:00,39743.680000
2023-09-11T19:29:00+00:00,39742.200000
2023-09-11T20:09:00+00:00,39673.720000
2023-09-12T05:29:00+00:00,39658.920000
2023-09-12T06:39:00+00:00,39944.020000
2023-09-12T07:09:00+00:00,39931.620000
2023-09-12T07:14:00+00:00,39922.740000
2023-09-12T08:49:00+00:00,40210.800000
2023-09-12T10:34:00+00:00,40203.360000
2023-09-12T10:49:00+00:00,40192.260000
2023-09-12T11:54:00+00:00,40465.330000
2023-09-12T12:44:00+00:00,40455.410000
2023-09-12T13:59:00+00:00,40453.190000
2023-09-12T14:29:00+00:00,40068.470000
2023-09-13T06:54:00+00:00,40063.290000
2023-09-13T07:44:00+00:00,40156.110000
2023-09-13T07:44:00+00:00,40150.930000
2023-09-13T09:49:00+00:00,40147.970000
2023-09-13T10:19:00+00:00,40400.000000
2023-09-13T11:49:00+00:00,40395.040000
2023-09-13T12:34:00+00:00,40677.060000
2023-09-13T12:34:00+00:00,40674.580000
2023-09-13T14:09:00+00:00,40673.100000
2023-09-13T14:29:00+00:00,40515.620000
2023-09-13T14:29:00+00:00,40514.140000
2023-09-13T20:09:00+00:00,40694.660000
2023-09-14T06:54:00+00:00,40687.260000
2023-09-14T08:19:00+00:00,40964.810000
2023-09-14T08:29:00+00:00,41429.860000
2023-09-14T12:59:00+00:00,41426.900000
2023-09-14T13:54:00+00:00,41031.940000
2023-09-14T13:54:00+00:00,41030.460000
2023-09-14T14:44:00+00:00,40715.980000
2023-09-14T23:54:00+00:00,40709.320000
2023-09-15T02:04:00+00:00,40293.160000
2023-09-15T12:14:00+00:00,40280.580000
2023-09-15T12:24:00+00:00,39868.500000
2023-09-15T13:59:00+00:00,39867.760000
2023-09-15T20:09:00+00:00,40113.520000
2023-09-17T22:09:00+00:00,40109.820000
2023-09-18T05:49:00+00:00,40201.120000
2023-09-18T05:49:00+00:00,40183.360000
2023-09-18T06:19:00+00:00,39757.600000
2023-09-18T06:19:00+00:00,39745.760000
2023-09-18T06:39:00+00:00,39333.920000
2023-09-18T06:39:00+00:00,39319.860000
2023-09-18T06:59:00+00:00,39125.300000
2023-09-18T06:59:00+00:00,39113.460000
2023-09-18T07:19:00+00:00,38717.620000
2023-09-18T07:29:00+00:00,38709.480000
2023-09-18T11:09:00+00:00,38327.340000
2023-09-18T11:14:00+00:00,38324.380000
2023-09-18T13:39:00+00:00,38001.420000
2023-09-18T13:39:00+00:00,37999.200000
2023-09-18T15:34:00+00:00,37997.720000
2023-09-18T20:09:00+00:00,38088.500000
2023-09-18T20:09:00+00:00,38049.020000
2023-09-19T09:24:00+00:00,38046.800000
2023-09-19T11:44:00+00:00,38007.080000
2023-09-19T11:44:00+00:00,37997.460000
2023-09-19T12:34:00+00:00,38240.520000
2023-09-19T12:44:00+00:00,38716.590000
2023-09-19T13:59:00+00:00,38715.110000
2023-09-19T17:49:00+00:00,38434.630000
2023-09-19T19:04:00+00:00,38432.410000
2023-09-19T20:09:00+00:00,38248.690000
2023-09-20T08:09:00+00:00,38242.770000
2023-09-20T08:24:00+00:00,37888.850000
2023-09-20T08:24:00+00:00,37885.150000
2023-09-20T09:14:00+00:00,37931.450000
2023-09-20T09:14:00+00:00,37918.870000
2023-09-20T09:59:00+00:00,37532.290000
2023-09-20T11:34:00+00:00,37524.150000
2023-09-20T12:19:00+00:00,37164.010000
2023-09-20T12:49:00+00:00,37158.830000
2023-09-20T13:34:00+00:00,36810.650000
2023-09-20T14:14:00+00:00,36808.430000
2023-09-20T17:59:00+00:00,36813.710000
2023-09-20T17:59:00+00:00,36810.010000
2023-09-20T18:04:00+00:00,36436.310000
2023-09-21T09:09:00+00:00,36430.390000
2023-09-21T09:59:00+00:00,36068.470000
2023-09-21T13:49:00+00:00,36066.250000
2023-09-21T14:14:00+00:00,36119.530000
2023-09-21T14:14:00+00:00,36116.570000
2023-09-21T19:14:00+00:00,35759.610000
2023-09-21T23:59:00+00:00,35754.430000
2023-09-22T01:44:00+00:00,35399.250000
2023-09-22T04:59:00+00:00,35395.550000
2023-09-22T08:54:00+00:00,35524.350000
2023-09-22T08:54:00+00:00,35514.730000
2023-09-22T09:39:00+00:00,35167.110000
2023-09-22T11:29:00+00:00,35161.930000
2023-09-22T12:09:00+00:00,35156.010000
2023-09-22T12:19:00+00:00,35367.540000
2023-09-22T13:34:00+00:00,35362.580000
2023-09-22T13:34:00+00:00,35008.660000
2023-09-22T13:59:00+00:00,35007.180000
2023-09-22T18:14:00+00:00,34757.700000
2023-09-25T10:39:00+00:00,34756.220000
2023-09-25T12:34:00+00:00,34848.740000
2023-09-25T12:34:00+00:00,34843.560000
2023-09-25T13:09:00+00:00,34491.880000
2023-09-25T13:24:00+00:00,34487.440000
2023-09-25T13:34:00+00:00,34171.000000
2023-09-25T13:59:00+00:00,34170.260000
2023-09-25T16:44:00+00:00,34202.020000
2023-09-25T16:44:00+00:00,34198.320000
2023-09-25T17:14:00+00:00,33957.120000
2023-09-25T17:14:00+00:00,33955.640000
2023-09-25T19:24:00+00:00,33951.940000
2023-09-25T19:59:00+00:00,34128.960000
2023-09-25T20:09:00+00:00,34212.480000
2023-09-25T20:09:00+00:00,34525.260000
2023-09-26T01:49:00+00:00,34523.780000
2023-09-26T05:29:00+00:00,34510.460000
2023-09-26T05:54:00+00:00,34753.550000
2023-09-26T06:14:00+00:00,35163.140000
2023-09-26T10:09:00+00:00,35186.660000
2023-09-26T10:09:00+00:00,35183.700000
2023-09-26T11:14:00+00:00,35118.740000
2023-09-26T11:14:00+00:00,35114.300000
2023-09-26T11:24:00+00:00,34884.860000
2023-09-26T11:24:00+00:00,34880.420000
2023-09-26T11:54:00+00:00,34941.980000
2023-09-26T11:54:00+00:00,34931.620000
2023-09-26T12:04:00+00:00,34571.260000
2023-09-26T13:49:00+00:00,34569.040000
2023-09-26T14:19:00+00:00,34708.550000
2023-09-26T14:49:00+00:00,34706.070000
2023-09-27T14:04:00+00:00,34703.850000
2023-09-27T14:29:00+00:00,34572.630000
2023-09-27T14:29:00+00:00,34568.930000
2023-09-27T14:44:00+00:00,34242.730000
2023-09-27T17:09:00+00:00,34239.030000
2023-09-27T17:14:00+00:00,33905.330000
2023-09-28T08:39:00+00:00,33895.710000
2023-09-28T08:59:00+00:00,33561.090000
2023-09-28T12:54:00+00:00,33559.610000
2023-09-28T13:54:00+00:00,33457.130000
2023-09-28T13:54:00+00:00,33455.650000
2023-09-28T15:34:00+00:00,33680.660000
2023-09-28T16:19:00+00:00,34056.170000
2023-09-29T09:14:00+00:00,34054.690000
2023-09-29T10:09:00+00:00,34022.210000
2023-09-29T10:09:00+00:00,34012.590000
2023-09-29T10:14:00+00:00,33671.470000
2023-09-29T13:49:00+00:00,33668.510000
2023-09-29T14:24:00+00:00,33337.550000
2023-10-02T06:14:00+00:00,33330.150000
2023-10-02T06:54:00+00:00,33570.200000
2023-10-02T07:14:00+00:00,33972.750000
2023-10-02T11:39:00+00:00,33971.270000
2023-10-02T14:04:00+00:00,33715.790000
2023-10-02T14:04:00+00:00,33715.050000
2023-10-02T14:19:00+00:00,33643.310000
2023-10-02T14:19:00+00:00,33641.830000
2023-10-02T15:19:00+00:00,33401.350000
2023-10-02T15:49:00+00:00,33399.870000
2023-10-02T18:34:00+00:00,33398.390000
2023-10-02T19:54:00+00:00,33119.910000
2023-10-02T20:09:00+00:00,32943.430000
2023-10-02T23:39:00+00:00,32930.850000
2023-10-03T00:04:00+00:00,32586.770000
2023-10-03T00:09:00+00:00,32581.590000
2023-10-03T00:39:00+00:00,32282.410000
2023-10-03T04:44:00+00:00,32274.270000
2023-10-03T04:59:00+00:00,31941.630000
2023-10-03T07:54:00+00:00,31937.190000
2023-10-03T08:04:00+00:00,31653.750000
2023-10-03T10:49:00+00:00,31651.530000
2023-10-03T11:49:00+00:00,31802.290000
2023-10-03T12:59:00+00:00,32305.810000
2023-10-03T13:49:00+00:00,32304.330000
2023-10-03T14:04:00+00:00,32071.850000
2023-10-04T03:04:00+00:00,32067.410000
2023-10-04T03:34:00+00:00,31777.970000
2023-10-04T11:14:00+00:00,31775.750000
2023-10-04T12:44:00+00:00,31904.760000
2023-10-04T14:29:00+00:00,31924.280000
2023-10-04T14:29:00+00:00,31923.540000
2023-10-04T14:44:00+00:00,31730.300000
2023-10-04T14:54:00+00:00,31728.080000
2023-10-04T15:14:00+00:00,31454.360000
2023-10-05T00:09:00+00:00,31449.180000
2023-10-05T00:39:00+00:00,31160.500000
2023-10-05T05:09:00+00:00,31155.320000
2023-10-05T06:49:00+00:00,31335.350000
2023-10-05T09:04:00+00:00,31737.390000
2023-10-05T10:54:00+00:00,31732.210000
2023-10-05T11:04:00+00:00,31440.030000
2023-10-05T12:19:00+00:00,31437.070000
2023-10-05T12:39:00+00:00,31626.090000
2023-10-05T13:39:00+00:00,31623.610000
2023-10-05T13:49:00+00:00,31622.870000
2023-10-05T20:09:00+00:00,31599.130000
2023-10-06T00:39:00+00:00,31590.250000
2023-10-06T00:49:00+00:00,31269.370000
2023-10-06T13:14:00+00:00,31267.150000
2023-10-06T13:34:00+00:00,31400.660000
2023-10-06T13:39:00+00:00,31398.180000
2023-10-06T14:24:00+00:00,31397.440000
2023-10-06T18:39:00+00:00,32004.200000
2023-10-09T00:24:00+00:00,32000.500000
2023-10-09T01:14:00+00:00,31721.800000
2023-10-09T07:34:00+00:00,31717.360000
2023-10-09T08:24:00+00:00,31418.920000
2023-10-09T13:09:00+00:00,31415.960000
2023-10-09T13:34:00+00:00,31141.000000
2023-10-09T13:39:00+00:00,31138.040000
2023-10-09T13:44:00+00:00,30837.080000
2023-10-09T13:49:00+00:00,30836.340000
2023-10-09T20:09:00+00:00,31118.100000
2023-10-10T11:44:00+00:00,31113.660000
2023-10-10T11:59:00+00:00,30800.220000
2023-10-10T13:29:00+00:00,30798.000000
2023-10-10T13:59:00+00:00,30552.780000
2023-10-10T13:59:00+00:00,30551.300000
2023-10-10T15:09:00+00:00,30732.060000
2023-10-10T20:09:00+00:00,30812.820000
2023-10-11T00:24:00+00:00,30805.420000
2023-10-11T07:19:00+00:00,30488.020000
2023-10-11T14:04:00+00:00,30487.280000
2023-10-11T20:04:00+00:00,30332.540000
2023-10-12T14:09:00+00:00,30331.060000
2023-10-12T17:09:00+00:00,30103.580000
2023-10-12T23:44:00+00:00,30091.740000
2023-10-12T23:54:00+00:00,29783.900000
2023-10-13T07:24:00+00:00,29776.500000
2023-10-13T07:44:00+00:00,29479.100000
2023-10-13T12:29:00+00:00,29477.620000
2023-10-13T13:34:00+00:00,29628.380000
2023-10-13T14:14:00+00:00,29647.640000
2023-10-13T14:14:00+00:00,29646.900000
2023-10-13T17:29:00+00:00,30036.160000
2023-10-13T17:49:00+00:00,30034.680000
2023-10-13T20:09:00+00:00,30005.200000
2023-10-16T06:04:00+00:00,29999.280000
2023-10-16T06:59:00+00:00,30113.360000
2023-10-16T06:59:00+00:00,30104.480000
2023-10-16T07:14:00+00:00,30325.040000
2023-10-16T07:24:00+00:00,30695.600000
2023-10-16T14:19:00+00:00,30694.860000
2023-10-16T17:09:00+00:00,30692.640000
2023-10-16T17:24:00+00:00,30436.920000
2023-10-16T17:24:00+00:00,30379.680000
2023-10-16T17:24:00+00:00,30374.500000
2023-10-16T17:29:00+00:00,30085.820000
2023-10-17T01:49:00+00:00,30078.420000
2023-10-17T03:49:00+00:00,29771.020000
2023-10-17T06:24:00+00:00,29762.880000
2023-10-17T07:04:00+00:00,29468.740000
2023-10-17T13:49:00+00:00,29467.260000
2023-10-17T14:09:00+00:00,29231.780000
2023-10-18T07:39:00+00:00,29225.860000
2023-10-18T09:34:00+00:00,28927.940000
2023-10-18T09:39:00+00:00,28925.720000
2023-10-18T14:19:00+00:00,28680.500000
2023-10-18T14:19:00+00:00,28679.760000
2023-10-18T14:34:00+00:00,28540.520000
2023-10-18T14:34:00+00:00,28539.040000
2023-10-18T19:04:00+00:00,28722.800000
2023-10-18T20:09:00+00:00,28859.060000
2023-10-19T05:09:00+00:00,28852.400000
2023-10-19T05:54:00+00:00,29029.440000
2023-10-19T06:19:00+00:00,29023.240000
2023-10-19T06:24:00+00:00,29018.060000
2023-10-19T07:44:00+00:00,28750.380000
2023-10-19T13:44:00+00:00,28748.160000
2023-10-19T14:14:00+00:00,28481.940000
2023-10-19T14:29:00+00:00,28481.200000
2023-10-19T14:34:00+00:00,28480.460000
2023-10-19T16:04:00+00:00,28268.220000
2023-10-19T16:04:00+00:00,28055.980000
2023-10-19T16:34:00+00:00,28055.240000
2023-10-19T16:54:00+00:00,27903.500000
2023-10-19T16:54:00+00:00,27902.760000
2023-10-19T18:34:00+00:00,27695.520000
2023-10-20T00:54:00+00:00,27689.600000
2023-10-20T04:54:00+00:00,27678.500000
2023-10-20T05:39:00+00:00,27862.320000
2023-10-20T05:44:00+00:00,28216.400000
2023-10-20T06:19:00+00:00,28414.440000
2023-10-20T06:24:00+00:00,28746.480000
2023-10-20T11:59:00+00:00,28744.260000
2023-10-20T12:19:00+00:00,28515.540000
2023-10-20T14:14:00+00:00,28514.800000
2023-10-20T20:09:00+00:00,28770.560000
2023-10-23T00:24:00+00:00,28763.160000
2023-10-23T01:04:00+00:00,28480.760000
2023-10-23T13:44:00+00:00,28480.020000
2023-10-23T13:49:00+00:00,28324.780000
2023-10-23T13:54:00+00:00,28323.300000
2023-10-23T13:59:00+00:00,28322.560000
2023-10-23T15:09:00+00:00,28510.070000
2023-10-23T16:09:00+00:00,28823.080000
2023-10-23T20:09:00+00:00,29032.340000
2023-10-24T00:59:00+00:00,29026.420000
2023-10-24T01:39:00+00:00,28744.500000
2023-10-24T08:49:00+00:00,28741.540000
2023-10-24T12:29:00+00:00,28737.840000
2023-10-24T13:14:00+00:00,28484.140000
2023-10-24T13:44:00+00:00,28664.160000
2023-10-24T13:49:00+00:00,28661.680000
2023-10-24T13:54:00+00:00,28660.200000
2023-10-24T14:29:00+00:00,28435.720000
2023-10-24T14:29:00+00:00,28434.980000
2023-10-24T16:24:00+00:00,28264.240000
2023-10-25T12:44:00+00:00,28260.540000
2023-10-25T13:34:00+00:00,28407.560000
2023-10-25T13:34:00+00:00,28776.590000
2023-10-25T13:49:00+00:00,28775.850000
2023-10-25T20:09:00+00:00,29024.610000
2023-10-26T09:29:00+00:00,29023.870000
2023-10-26T13:49:00+00:00,29050.130000
2023-10-26T13:49:00+00:00,29049.390000
2023-10-26T14:54:00+00:00,29032.150000
2023-10-26T14:54:00+00:00,29031.410000
2023-10-26T15:09:00+00:00,28904.170000
2023-10-26T15:09:00+00:00,28903.430000
2023-10-26T20:09:00+00:00,29033.190000
2023-10-27T00:09:00+00:00,29028.750000
2023-10-27T02:19:00+00:00,28745.310000
2023-10-27T13:49:00+00:00,28743.830000
2023-10-27T14:09:00+00:00,28530.350000
2023-10-30T09:09:00+00:00,28525.910000
2023-10-30T12:29:00+00:00,28269.470000
2023-10-30T13:04:00+00:00,28261.330000
2023-10-30T13:14:00+00:00,27983.690000
2023-10-30T13:49:00+00:00,27982.950000
2023-10-30T14:29:00+00:00,27726.210000
2023-10-30T23:14:00+00:00,27715.850000
2023-10-30T23:59:00+00:00,27425.490000
2023-10-31T09:14:00+00:00,27420.310000
2023-10-31T09:39:00+00:00,27317.130000
2023-10-31T09:39:00+00:00,27315.650000
2023-10-31T12:39:00+00:00,27327.170000
2023-10-31T12:39:00+00:00,27320.510000
2023-10-31T12:49:00+00:00,27039.350000
2023-10-31T13:34:00+00:00,27033.430000
2023-10-31T13:39:00+00:00,26763.510000
2023-10-31T16:19:00+00:00,26762.030000
2023-10-31T16:44:00+00:00,26556.550000
2023-10-31T16:49:00+00:00,26555.810000
2023-10-31T20:09:00+00:00,26626.070000
2023-11-01T02:19:00+00:00,26619.410000
2023-11-01T03:24:00+00:00,26793.450000
2023-11-01T06:59:00+00:00,27158.500000
2023-11-01T13:49:00+00:00,27157.020000
2023-11-01T18:34:00+00:00,27336.280000
2023-11-01T18:44:00+00:00,27335.040000
2023-11-02T03:54:00+00:00,27322.460000
2023-11-02T05:54:00+00:00,27037.880000
2023-11-02T14:09:00+00:00,27036.400000
2023-11-02T14:54:00+00:00,26794.920000
2023-11-03T11:24:00+00:00,26785.300000
2023-11-03T11:39:00+00:00,26956.360000
2023-11-03T11:49:00+00:00,27292.430000
2023-11-03T13:49:00+00:00,27291.690000
2023-11-03T17:29:00+00:00,27395.950000
2023-11-03T17:29:00+00:00,27393.730000
2023-11-03T17:59:00+00:00,27180.010000
2023-11-06T15:14:00+00:00,27179.270000
2023-11-06T18:44:00+00:00,27204.030000
2023-11-06T18:44:00+00:00,27201.810000
2023-11-06T20:59:00+00:00,27306.820000
2023-11-06T21:09:00+00:00,27510.340000
2023-11-07T01:59:00+00:00,27500.720000
2023-11-07T05:29:00+00:00,27676.280000
2023-11-07T05:39:00+00:00,27744.600000
2023-11-07T05:39:00+00:00,27733.500000
2023-11-07T06:14:00+00:00,27444.900000
2023-11-07T06:19:00+00:00,27438.240000
2023-11-07T08:34:00+00:00,27166.080000
2023-11-07T14:39:00+00:00,27163.860000
2023-11-07T14:54:00+00:00,26920.140000
2023-11-07T14:59:00+00:00,26919.400000
2023-11-07T15:14:00+00:00,26912.160000
2023-11-07T15:14:00+00:00,26909.940000
2023-11-07T15:29:00+00:00,26664.720000
2023-11-07T16:54:00+00:00,26659.540000
2023-11-07T17:19:00+00:00,26823.820000
2023-11-07T17:49:00+00:00,26818.860000
2023-11-08T10:29:00+00:00,26812.940000
2023-11-08T10:54:00+00:00,26555.020000
2023-11-08T12:29:00+00:00,26550.580000
2023-11-08T14:34:00+00:00,26744.110000
2023-11-08T15:04:00+00:00,26740.390000
2023-11-08T15:04:00+00:00,26738.910000
2023-11-08T21:09:00+00:00,26659.430000
2023-11-09T05:59:00+00:00,26649.810000
2023-11-09T06:39:00+00:00,26380.190000
2023-11-09T08:39:00+00:00,26375.010000
2023-11-09T08:59:00+00:00,26114.330000
2023-11-09T08:59:00+00:00,26110.630000
2023-11-09T10:44:00+00:00,25881.930000
2023-11-09T12:09:00+00:00,25874.530000
2023-11-09T13:49:00+00:00,26058.330000
2023-11-09T14:34:00+00:00,26367.130000
2023-11-09T14:59:00+00:00,26365.650000
2023-11-09T15:09:00+00:00,26133.170000
2023-11-09T17:19:00+00:00,26130.950000
2023-11-09T18:04:00+00:00,26251.710000
2023-11-09T18:04:00+00:00,26249.230000
2023-11-10T14:54:00+00:00,26248.490000
2023-11-10T20:19:00+00:00,26644.000000
2023-11-13T14:54:00+00:00,26642.520000
2023-11-13T15:49:00+00:00,26389.040000
2023-11-14T08:19:00+00:00,26383.120000
2023-11-14T08:54:00+00:00,26137.200000
2023-11-14T10:39:00+00:00,26132.020000
2023-11-14T13:34:00+00:00,26280.550000
2023-11-14T13:34:00+00:00,26275.590000
2023-11-14T13:39:00+00:00,26274.110000
2023-11-14T14:59:00+00:00,26273.370000
2023-11-14T15:04:00+00:00,26435.380000
2023-11-14T20:29:00+00:00,26679.140000
2023-11-14T20:29:00+00:00,26772.400000
2023-11-14T20:34:00+00:00,26767.220000
2023-11-14T20:54:00+00:00,26918.000000
2023-11-14T20:59:00+00:00,27255.040000
2023-11-15T08:09:00+00:00,27249.120000
2023-11-15T08:49:00+00:00,27447.160000
2023-11-15T09:44:00+00:00,27442.200000
2023-11-15T12:29:00+00:00,27436.280000
2023-11-15T13:04:00+00:00,27162.360000
2023-11-15T14:54:00+00:00,27160.880000
2023-11-15T15:54:00+00:00,26938.400000
2023-11-16T02:24:00+00:00,26931.000000
2023-11-16T02:39:00+00:00,26673.600000
2023-11-16T13:39:00+00:00,26670.640000
2023-11-16T14:34:00+00:00,26411.680000
2023-11-16T14:49:00+00:00,26409.460000
2023-11-16T15:24:00+00:00,26492.740000
2023-11-16T15:24:00+00:00,26491.260000
2023-11-16T16:39:00+00:00,26652.520000
2023-11-16T17:39:00+00:00,26651.280000
2023-11-16T19:59:00+00:00,26648.320000
2023-11-16T21:09:00+00:00,26569.360000
2023-11-17T00:29:00+00:00,26564.920000
2023-11-17T06:54:00+00:00,26554.480000
2023-11-17T06:54:00+00:00,26546.340000
2023-11-17T08:34:00+00:00,26718.890000
2023-11-17T09:14:00+00:00,27066.950000
2023-11-17T16:59:00+00:00,27065.470000
2023-11-17T19:09:00+00:00,27063.990000
2023-11-17T20:44:00+00:00,26800.510000
2023-11-17T21:09:00+00:00,26838.030000
2023-11-20T13:49:00+00:00,26834.330000
2023-11-20T14:34:00+00:00,26976.850000
2023-11-20T14:34:00+00:00,26973.130000
2023-11-20T14:59:00+00:00,26972.390000
2023-11-20T21:09:00+00:00,27139.150000
2023-11-21T15:24:00+00:00,27138.410000
2023-11-21T21:09:00+00:00,27071.170000
2023-11-22T08:09:00+00:00,27067.470000
2023-11-22T10:34:00+00:00,27217.490000
2023-11-22T11:24:00+00:00,27594.020000
2023-11-22T14:54:00+00:00,27593.280000
2023-11-22T21:09:00+00:00,27622.540000
2023-11-23T15:04:00+00:00,27615.880000
2023-11-23T15:54:00+00:00,27330.220000
2023-11-24T09:14:00+00:00,27327.260000
2023-11-24T11:14:00+00:00,27052.300000
2023-11-24T15:24:00+00:00,27050.820000
2023-11-27T10:19:00+00:00,27053.340000
2023-11-27T10:19:00+00:00,27048.900000
2023-11-27T14:14:00+00:00,26786.460000
2023-11-27T15:09:00+00:00,26785.720000
2023-11-27T20:54:00+00:00,26723.980000
2023-11-28T00:39:00+00:00,26715.840000
2023-11-28T07:14:00+00:00,26438.200000
2023-11-28T13:29:00+00:00,26433.760000
2023-11-28T14:34:00+00:00,26611.540000
2023-11-28T14:34:00+00:00,26607.820000
2023-11-28T14:49:00+00:00,26605.600000
2023-11-28T14:54:00+00:00,26604.120000
2023-11-28T15:39:00+00:00,26412.640000
2023-11-28T15:44:00+00:00,26207.920000
2023-11-29T08:14:00+00:00,26202.740000
2023-11-29T09:24:00+00:00,26364.770000
2023-11-29T09:54:00+00:00,26726.810000
2023-11-29T13:44:00+00:00,26723.110000
2023-11-29T14:34:00+00:00,26474.410000
2023-11-29T15:09:00+00:00,26473.670000
2023-11-29T16:14:00+00:00,26472.930000
2023-11-29T21:09:00+00:00,26634.190000
2023-11-29T21:09:00+00:00,26682.950000
2023-11-30T09:14:00+00:00,26679.250000
2023-11-30T12:09:00+00:00,26674.810000
2023-11-30T13:34:00+00:00,26818.830000
2023-11-30T13:34:00+00:00,26994.360000
2023-11-30T13:34:00+00:00,26990.640000
2023-11-30T13:54:00+00:00,26986.920000
2023-11-30T15:04:00+00:00,26986.180000
2023-11-30T15:19:00+00:00,26867.940000
2023-11-30T15:19:00+00:00,26866.460000
2023-11-30T15:39:00+00:00,26647.980000
2023-11-30T20:14:00+00:00,26645.020000
2023-11-30T20:44:00+00:00,26382.060000
2023-12-01T08:09:00+00:00,26373.180000
2023-12-01T08:39:00+00:00,26553.240000
2023-12-01T09:14:00+00:00,26856.300000
2023-12-01T14:49:00+00:00,26854.820000
2023-12-01T15:04:00+00:00,26853.340000
2023-12-01T15:29:00+00:00,26657.860000
2023-12-01T15:29:00+00:00,26405.380000
2023-12-04T09:14:00+00:00,26402.420000
2023-12-04T13:34:00+00:00,26398.720000
2023-12-04T13:39:00+00:00,26593.740000
2023-12-04T14:04:00+00:00,26745.260000
2023-12-04T14:09:00+00:00,27071.280000
2023-12-04T14:14:00+00:00,27451.560000
2023-12-04T15:14:00+00:00,27449.340000
2023-12-04T15:24:00+00:00,27584.350000
2023-12-04T17:09:00+00:00,27581.870000
2023-12-04T19:19:00+00:00,27580.390000
2023-12-04T21:09:00+00:00,27694.910000
2023-12-05T04:04:00+00:00,27683.070000
2023-12-05T04:49:00+00:00,27399.230000
2023-12-05T13:44:00+00:00,27392.570000
2023-12-05T14:14:00+00:00,27560.610000
2023-12-05T14:24:00+00:00,27913.160000
2023-12-05T14:54:00+00:00,27911.680000
2023-12-05T15:49:00+00:00,28117.940000
2023-12-05T16:54:00+00:00,28116.700000
2023-12-05T16:59:00+00:00,28115.960000
2023-12-05T19:39:00+00:00,28113.000000
2023-12-05T19:59:00+00:00,27852.040000
2023-12-05T21:09:00+00:00,27762.300000
2023-12-06T05:09:00+00:00,27756.380000
2023-12-06T07:19:00+00:00,27945.420000
2023-12-06T08:04:00+00:00,27940.460000
2023-12-06T14:39:00+00:00,27936.760000
2023-12-06T14:54:00+00:00,27695.560000
2023-12-06T15:04:00+00:00,27694.820000
2023-12-06T15:29:00+00:00,27694.080000
2023-12-06T21:09:00+00:00,27898.840000
2023-12-06T21:09:00+00:00,28055.600000
2023-12-07T15:24:00+00:00,28054.860000
2023-12-07T16:19:00+00:00,27951.120000
2023-12-07T16:19:00+00:00,27948.160000
2023-12-07T16:34:00+00:00,27667.200000
2023-12-07T19:39:00+00:00,27663.500000
2023-12-07T21:09:00+00:00,27794.800000
2023-12-08T01:44:00+00:00,27785.920000
2023-12-08T07:19:00+00:00,27501.040000
2023-12-08T13:29:00+00:00,27497.340000
2023-12-08T13:34:00+00:00,27238.640000
2023-12-08T15:04:00+00:00,27237.900000
2023-12-08T21:09:00+00:00,27320.660000
2023-12-11T05:39:00+00:00,27311.040000
2023-12-11T06:09:00+00:00,27495.600000
2023-12-11T07:04:00+00:00,27486.920000
2023-12-11T13:24:00+00:00,27483.960000
2023-12-11T14:29:00+00:00,27433.000000
2023-12-11T14:29:00+00:00,27427.820000
2023-12-11T14:34:00+00:00,27153.140000
2023-12-11T14:54:00+00:00,27152.400000
2023-12-11T19:24:00+00:00,27306.660000
2023-12-11T19:24:00+00:00,27302.220000
2023-12-11T21:09:00+00:00,27207.780000
2023-12-12T08:04:00+00:00,27194.460000
2023-12-12T08:29:00+00:00,26911.140000
2023-12-12T14:59:00+00:00,26910.400000
2023-12-12T21:09:00+00:00,27159.660000
2023-12-13T09:09:00+00:00,27154.480000
2023-12-13T13:34:00+00:00,26883.300000
2023-12-13T16:24:00+00:00,26881.820000
2023-12-13T19:04:00+00:00,26667.340000
2023-12-14T06:54:00+00:00,26658.460000
2023-12-14T07:34:00+00:00,26847.520000
2023-12-14T08:14:00+00:00,26840.080000
2023-12-14T08:24:00+00:00,26837.860000
2023-12-14T15:19:00+00:00,26948.120000
2023-12-14T15:19:00+00:00,26946.640000
2023-12-14T16:14:00+00:00,27315.160000
2023-12-14T18:04:00+00:00,27489.170000
2023-12-14T18:09:00+00:00,27488.430000
2023-12-14T18:54:00+00:00,27778.940000
2023-12-14T21:09:00+00:00,27709.200000
2023-12-15T13:44:00+00:00,27706.980000
2023-12-15T14:19:00+00:00,27469.260000
2023-12-15T15:19:00+00:00,27467.780000
2023-12-15T18:44:00+00:00,27194.300000
2023-12-18T08:44:00+00:00,27189.120000
2023-12-18T14:34:00+00:00,27353.400000
2023-12-18T14:34:00+00:00,27348.440000
2023-12-18T14:59:00+00:00,27346.960000
2023-12-18T18:29:00+00:00,27484.220000
2023-12-18T21:09:00+00:00,27553.480000
2023-12-19T07:14:00+00:00,27547.560000
2023-12-19T08:24:00+00:00,27285.640000
2023-12-19T11:34:00+00:00,27280.460000
2023-12-19T12:19:00+00:00,27451.490000
2023-12-19T12:44:00+00:00,27446.530000
2023-12-19T15:34:00+00:00,27445.050000
2023-12-19T21:09:00+00:00,27515.570000
2023-12-20T14:44:00+00:00,27513.350000
2023-12-20T15:04:00+00:00,27511.870000
2023-12-20T15:34:00+00:00,27622.130000
2023-12-20T19:29:00+00:00,27619.650000
2023-12-20T19:39:00+00:00,27397.170000
2023-12-21T00:39:00+00:00,27395.690000
2023-12-21T08:19:00+00:00,27532.200000
2023-12-21T08:44:00+00:00,27529.980000
2023-12-21T13:39:00+00:00,27757.990000
2023-12-21T13:39:00+00:00,27878.750000
2023-12-21T13:39:00+00:00,27874.310000
2023-12-21T13:44:00+00:00,28061.090000
2023-12-21T13:44:00+00:00,28057.370000
2023-12-21T14:59:00+00:00,28112.890000
2023-12-21T14:59:00+00:00,28111.410000
2023-12-21T18:09:00+00:00,28265.930000
2023-12-21T18:09:00+00:00,28261.490000
2023-12-21T18:19:00+00:00,28002.050000
2023-12-21T18:24:00+00:00,28001.310000
2023-12-21T20:39:00+00:00,27828.570000
2023-12-22T03:54:00+00:00,27821.910000
2023-12-22T06:04:00+00:00,27549.750000
2023-12-22T16:04:00+00:00,27548.270000
2023-12-22T19:24:00+00:00,27696.780000
2023-12-22T19:59:00+00:00,27695.540000
2023-12-26T09:39:00+00:00,27687.400000
2023-12-26T10:44:00+00:00,27678.520000
2023-12-26T11:19:00+00:00,27393.640000
2023-12-26T11:24:00+00:00,27110.500000
2023-12-26T15:39:00+00:00,27109.020000
2023-12-26T18:04:00+00:00,27072.540000
2023-12-26T18:04:00+00:00,27067.360000
2023-12-26T19:34:00+00:00,26817.180000
2023-12-27T08:29:00+00:00,26810.520000
2023-12-27T10:14:00+00:00,26547.360000
2023-12-27T15:14:00+00:00,26545.880000
2023-12-27T15:19:00+00:00,26543.660000
2023-12-27T18:14:00+00:00,26301.180000
2023-12-27T18:14:00+00:00,26046.960000
2023-12-28T15:09:00+00:00,26045.480000
2023-12-28T17:54:00+00:00,26041.780000
2023-12-28T20:14:00+00:00,26188.800000
2023-12-28T21:09:00+00:00,26253.320000
2023-12-28T21:09:00+00:00,26459.600000
2023-12-29T08:09:00+00:00,26454.420000
2023-12-29T12:09:00+00:00,26347.740000
2023-12-29T12:09:00+00:00,26339.600000
2023-12-29T12:34:00+00:00,26515.900000
2023-12-29T13:19:00+00:00,26871.460000
2023-12-29T14:54:00+00:00,26868.500000
2023-12-29T15:34:00+00:00,26641.540000
2023-12-29T20:09:00+00:00,26635.620000
2023-12-29T20:24:00+00:00,26827.660000
2023-12-29T20:54:00+00:00,27149.700000
2024-01-02T07:19:00+00:00,27143.780000
2024-01-02T09:14:00+00:00,26885.860000
2024-01-02T14:49:00+00:00,26885.120000
2024-01-02T21:09:00+00:00,26893.380000
2024-01-03T08:34:00+00:00,26887.460000
2024-01-03T08:54:00+00:00,27070.500000
2024-01-03T09:09:00+00:00,27377.540000
2024-01-03T13:24:00+00:00,27374.580000
2024-01-03T14:14:00+00:00,27119.620000
2024-01-03T14:24:00+00:00,27115.180000
2024-01-03T14:44:00+00:00,27313.210000
2024-01-03T14:59:00+00:00,27309.490000
2024-01-03T15:14:00+00:00,27308.750000
2024-01-03T21:09:00+00:00,27379.010000
2024-01-04T02:34:00+00:00,27374.570000
2024-01-04T07:29:00+00:00,27559.100000
2024-01-04T08:59:00+00:00,27555.380000
2024-01-04T12:19:00+00:00,27551.680000
2024-01-04T13:19:00+00:00,27277.980000
2024-01-04T15:09:00+00:00,27277.240000
2024-01-04T20:59:00+00:00,27135.500000
2024-01-05T01:29:00+00:00,27125.140000
2024-01-05T04:54:00+00:00,27319.460000
2024-01-05T05:24:00+00:00,27646.780000
2024-01-05T08:19:00+00:00,27642.340000
2024-01-05T09:04:00+00:00,27373.900000
2024-01-05T15:04:00+00:00,27373.160000
2024-01-05T18:19:00+00:00,27166.420000
2024-01-08T01:34:00+00:00,27156.800000
2024-01-08T01:54:00+00:00,27327.860000
2024-01-08T01:59:00+00:00,27663.930000
2024-01-08T13:04:00+00:00,27662.450000
2024-01-08T14:44:00+00:00,27843.210000
2024-01-08T14:49:00+00:00,27842.470000
2024-01-08T14:59:00+00:00,28144.230000
2024-01-08T19:49:00+00:00,28527.240000
2024-01-09T15:09:00+00:00,28525.760000
2024-01-09T16:54:00+00:00,28705.020000
2024-01-09T18:54:00+00:00,28703.540000
2024-01-09T20:49:00+00:00,28471.060000
2024-01-09T21:09:00+00:00,28688.320000
2024-01-10T12:09:00+00:00,28684.620000
2024-01-10T13:04:00+00:00,28435.920000
2024-01-10T14:54:00+00:00,28434.440000
2024-01-10T15:19:00+00:00,28337.960000
2024-01-10T15:19:00+00:00,28335.740000
2024-01-10T18:04:00+00:00,28472.250000
2024-01-10T19:14:00+00:00,28928.270000
2024-01-10T20:29:00+00:00,28926.790000
2024-01-10T21:09:00+00:00,28892.310000
2024-01-11T09:14:00+00:00,28886.390000
2024-01-11T09:44:00+00:00,29096.430000
2024-01-11T11:14:00+00:00,29091.470000
2024-01-11T14:39:00+00:00,29090.730000
2024-01-11T14:49:00+00:00,28960.490000
2024-01-11T14:49:00+00:00,28959.750000
2024-01-11T21:09:00+00:00,28922.010000
2024-01-12T04:44:00+00:00,28910.170000
2024-01-12T06:59:00+00:00,29114.250000
2024-01-12T07:04:00+00:00,29104.330000
2024-01-12T07:09:00+00:00,29096.930000
2024-01-12T07:24:00+00:00,28819.530000
2024-01-12T08:14:00+00:00,28815.090000
2024-01-12T09:59:00+00:00,28555.650000
2024-01-12T15:04:00+00:00,28554.910000
2024-01-12T21:09:00+00:00,28544.670000
2024-01-15T08:14:00+00:00,28541.710000
2024-01-15T08:49:00+00:00,28286.750000
2024-01-15T11:44:00+00:00,28280.830000
2024-01-15T14:04:00+00:00,28010.910000
2024-01-15T14:49:00+00:00,28006.470000
2024-01-15T15:39:00+00:00,27744.030000
2024-01-16T08:09:00+00:00,27739.590000
2024-01-16T09:04:00+00:00,27474.150000
2024-01-16T13:39:00+00:00,27471.930000
2024-01-16T14:34:00+00:00,27470.450000
2024-01-16T14:44:00+00:00,27202.730000
2024-01-16T14:44:00+00:00,27015.250000
2024-01-16T15:04:00+00:00,27013.770000
2024-01-16T15:19:00+00:00,27013.030000
2024-01-16T15:24:00+00:00,27153.290000
2024-01-16T15:44:00+00:00,27387.550000
2024-01-16T19:19:00+00:00,27196.310000
2024-01-16T23:59:00+00:00,27194.830000
2024-01-17T01:24:00+00:00,27186.690000
2024-01-17T01:44:00+00:00,26920.050000
2024-01-17T02:59:00+00:00,26712.570000
2024-01-17T14:49:00+00:00,26711.830000
2024-01-17T18:14:00+00:00,26709.610000
2024-01-17T19:44:00+00:00,26476.390000
2024-01-17T19:49:00+00:00,26248.150000
2024-01-17T20:09:00+00:00,26245.190000
2024-01-17T20:49:00+00:00,26022.230000
2024-01-17T23:24:00+00:00,26020.750000
2024-01-18T07:54:00+00:00,26018.530000
2024-01-18T09:44:00+00:00,26176.040000
2024-01-18T10:59:00+00:00,26296.050000
2024-01-18T11:44:00+00:00,26559.060000
2024-01-18T11:44:00+00:00,26960.080000
2024-01-18T15:04:00+00:00,26958.600000
2024-01-18T15:39:00+00:00,26706.120000
2024-01-19T12:59:00+00:00,26702.420000
2024-01-19T14:04:00+00:00,26451.220000
2024-01-19T14:54:00+00:00,26449.000000
2024-01-19T17:24:00+00:00,26579.510000
2024-01-19T17:54:00+00:00,27015.530000
2024-01-22T06:09:00+00:00,27008.870000
2024-01-22T07:19:00+00:00,27002.950000
2024-01-22T07:39:00+00:00,26749.030000
2024-01-22T07:39:00+00:00,26598.370000
2024-01-22T07:39:00+00:00,26591.710000
2024-01-22T11:39:00+00:00,26337.550000
2024-01-22T14:49:00+00:00,26336.070000
2024-01-22T15:29:00+00:00,26335.330000
2024-01-22T15:49:00+00:00,26501.090000
2024-01-22T21:09:00+00:00,26662.850000
2024-01-22T21:09:00+00:00,26738.110000
2024-01-23T03:24:00+00:00,26734.410000
2024-01-23T04:09:00+00:00,26729.230000
2024-01-23T08:19:00+00:00,26488.030000
2024-01-23T08:19:00+00:00,26216.850000
2024-01-23T17:59:00+00:00,26216.110000
2024-01-23T21:09:00+00:00,26276.870000
2024-01-24T01:09:00+00:00,26270.210000
2024-01-24T02:04:00+00:00,26007.050000
2024-01-24T11:24:00+00:00,26001.130000
2024-01-24T12:39:00+00:00,25759.210000
2024-01-24T14:39:00+00:00,25756.250000
2024-01-24T14:49:00+00:00,25531.290000
2024-01-24T15:14:00+00:00,25529.810000
2024-01-24T15:19:00+00:00,25529.070000
2024-01-24T15:44:00+00:00,25662.580000
2024-01-24T16:19:00+00:00,25661.340000
2024-01-24T18:09:00+00:00,25763.100000
2024-01-24T18:09:00+00:00,25757.920000
2024-01-24T18:19:00+00:00,25915.450000
2024-01-24T18:29:00+00:00,25910.490000
2024-01-25T01:24:00+00:00,25905.310000
2024-01-25T02:04:00+00:00,25917.630000
2024-01-25T02:04:00+00:00,25911.710000
2024-01-25T02:44:00+00:00,25669.790000
2024-01-25T07:29:00+00:00,25664.610000
2024-01-25T08:09:00+00:00,25826.640000
2024-01-25T08:39:00+00:00,25821.680000
2024-01-25T14:59:00+00:00,25820.200000
2024-01-25T15:24:00+00:00,25584.720000
2024-01-26T03:54:00+00:00,25578.800000
2024-01-26T04:14:00+00:00,25340.880000
2024-01-26T08:19:00+00:00,25336.440000
2024-01-26T09:44:00+00:00,25509.720000
2024-01-26T10:04:00+00:00,25800.000000
2024-01-26T11:29:00+00:00,25799.260000
2024-01-26T13:14:00+00:00,25798.520000
2024-01-26T14:54:00+00:00,25664.780000
2024-01-26T15:04:00+00:00,25634.540000
2024-01-26T15:04:00+00:00,25633.060000
2024-01-26T15:29:00+00:00,25455.580000
2024-01-29T14:44:00+00:00,25453.360000
2024-01-29T15:04:00+00:00,25256.140000
2024-01-29T17:14:00+00:00,25254.660000
2024-01-29T20:04:00+00:00,25416.670000
2024-01-29T21:09:00+00:00,25626.930000
2024-01-30T05:49:00+00:00,25617.310000
2024-01-30T06:24:00+00:00,25788.370000
2024-01-30T07:04:00+00:00,26124.440000
2024-01-30T08:29:00+00:00,26120.740000
2024-01-30T12:44:00+00:00,25877.040000
2024-01-30T15:04:00+00:00,25874.820000
2024-01-30T17:34:00+00:00,25996.330000
2024-01-30T21:04:00+00:00,26402.350000
2024-01-31T15:14:00+00:00,26401.610000
2024-01-31T19:39:00+00:00,26220.870000
2024-01-31T20:09:00+00:00,26220.130000
2024-01-31T21:09:00+00:00,26291.890000
2024-02-01T06:49:00+00:00,26286.710000
2024-02-01T06:59:00+00:00,26043.530000
2024-02-01T12:14:00+00:00,26040.570000
2024-02-01T13:14:00+00:00,25821.610000
2024-02-01T13:44:00+00:00,25820.130000
2024-02-01T14:59:00+00:00,25613.650000
2024-02-01T15:09:00+00:00,25612.170000
2024-02-01T15:54:00+00:00,25375.690000
2024-02-01T18:09:00+00:00,25374.210000
2024-02-01T19:09:00+00:00,25119.730000
2024-02-02T12:24:00+00:00,25115.290000
2024-02-02T13:24:00+00:00,24873.850000
2024-02-02T14:44:00+00:00,24873.110000
2024-02-02T14:49:00+00:00,24872.370000
2024-02-02T17:29:00+00:00,25201.630000
2024-02-02T21:04:00+00:00,25453.390000
2024-02-05T05:39:00+00:00,25448.210000
2024-02-05T06:09:00+00:00,25215.530000
2024-02-05T10:09:00+00:00,25211.830000
2024-02-05T12:19:00+00:00,25345.350000
2024-02-05T13:59:00+00:00,25341.630000
2024-02-05T14:49:00+00:00,25340.150000
2024-02-05T15:19:00+00:00,25478.160000
2024-02-05T15:44:00+00:00,25708.670000
2024-02-06T14:49:00+00:00,25707.930000
2024-02-06T19:14:00+00:00,25705.710000
2024-02-06T19:34:00+00:00,25479.990000
2024-02-06T21:09:00+00:00,25578.750000
2024-02-07T05:39:00+00:00,25575.790000
2024-02-07T11:34:00+00:00,25342.830000
2024-02-07T15:14:00+00:00,25342.090000
2024-02-07T15:19:00+00:00,25341.350000
2024-02-07T21:09:00+00:00,25404.110000
2024-02-07T21:09:00+00:00,25466.370000
2024-02-08T15:04:00+00:00,25464.890000
2024-02-08T18:09:00+00:00,25463.410000
2024-02-08T18:59:00+00:00,25520.930000
2024-02-08T18:59:00+00:00,25492.450000
2024-02-08T19:04:00+00:00,25489.490000
2024-02-08T21:09:00+00:00,25502.530000
2024-02-09T06:39:00+00:00,25488.470000
2024-02-09T07:19:00+00:00,25657.310000
2024-02-09T07:29:00+00:00,25974.910000
2024-02-09T14:54:00+00:00,25972.690000
2024-02-09T15:04:00+00:00,25971.210000
2024-02-09T15:29:00+00:00,26081.470000
2024-02-09T16:09:00+00:00,26449.990000
2024-02-09T17:54:00+00:00,26613.500000
2024-02-09T19:49:00+00:00,26886.510000
2024-02-12T08:44:00+00:00,26878.370000
2024-02-12T09:09:00+00:00,26600.730000
2024-02-12T15:44:00+00:00,26599.250000
2024-02-12T18:29:00+00:00,26578.770000
2024-02-12T18:29:00+00:00,26576.550000
2024-02-12T18:39:00+00:00,26693.560000
2024-02-12T19:19:00+00:00,27084.580000
2024-02-13T08:29:00+00:00,27081.620000
2024-02-13T08:59:00+00:00,27260.140000
2024-02-13T10:09:00+00:00,27558.660000
2024-02-13T13:39:00+00:00,27556.440000
2024-02-13T14:09:00+00:00,27668.950000
2024-02-13T14:34:00+00:00,28044.970000
2024-02-13T14:44:00+00:00,28043.490000
2024-02-13T14:54:00+00:00,28042.750000
2024-02-13T15:34:00+00:00,28242.260000
2024-02-13T19:04:00+00:00,28241.020000
2024-02-13T19:54:00+00:00,28056.780000
2024-02-14T13:24:00+00:00,28052.340000
2024-02-14T14:34:00+00:00,27780.900000
2024-02-14T14:44:00+00:00,27778.680000
2024-02-14T15:09:00+00:00,27525.960000
2024-02-14T15:19:00+00:00,27525.220000
2024-02-14T16:04:00+00:00,27358.480000
2024-02-14T16:29:00+00:00,27356.260000
2024-02-14T17:04:00+00:00,27097.540000
2024-02-15T13:54:00+00:00,27095.320000
2024-02-15T14:54:00+00:00,27215.330000
2024-02-15T14:54:00+00:00,27214.590000
2024-02-15T16:09:00+00:00,27615.610000
2024-02-15T18:19:00+00:00,27458.870000
2024-02-16T14:49:00+00:00,27457.390000
2024-02-16T14:59:00+00:00,27658.400000
2024-02-16T16:19:00+00:00,27657.160000
2024-02-19T01:29:00+00:00,27653.460000
2024-02-19T01:54:00+00:00,27737.260000
2024-02-19T01:54:00+00:00,27732.080000
2024-02-19T07:39:00+00:00,27464.400000
2024-02-19T07:49:00+00:00,27452.560000
2024-02-19T08:04:00+00:00,27644.640000
2024-02-19T08:19:00+00:00,27634.720000
2024-02-19T15:19:00+00:00,27631.020000
2024-02-19T23:44:00+00:00,27778.040000
2024-02-20T00:29:00+00:00,28147.070000
2024-02-20T08:44:00+00:00,28145.590000
2024-02-20T10:09:00+00:00,27951.110000
2024-02-20T14:44:00+00:00,27950.370000
2024-02-20T15:04:00+00:00,27949.630000
2024-02-20T18:34:00+00:00,27948.890000
2024-02-20T20:09:00+00:00,27756.150000
2024-02-20T21:09:00+00:00,27750.910000
2024-02-20T21:09:00+00:00,27661.670000
2024-02-21T06:19:00+00:00,27655.010000
2024-02-21T07:29:00+00:00,27373.850000
2024-02-21T10:39:00+00:00,27371.630000
2024-02-21T12:19:00+00:00,27367.910000
2024-02-21T12:19:00+00:00,27364.950000
2024-02-21T12:44:00+00:00,27111.990000
2024-02-21T13:09:00+00:00,27107.550000
2024-02-21T14:34:00+00:00,26851.110000
2024-02-21T15:04:00+00:00,26850.370000
2024-02-21T15:34:00+00:00,26714.630000
2024-02-22T14:34:00+00:00,26711.670000
2024-02-22T14:49:00+00:00,26873.690000
2024-02-22T14:49:00+00:00,27144.710000
2024-02-22T14:49:00+00:00,27143.970000
2024-02-22T21:09:00+00:00,27304.730000
2024-02-23T08:09:00+00:00,27300.290000
2024-02-23T09:59:00+00:00,27382.850000
2024-02-23T09:59:00+00:00,27377.670000
2024-02-23T12:34:00+00:00,27539.700000
2024-02-23T13:29:00+00:00,27901.740000
2024-02-23T14:59:00+00:00,27900.260000
2024-02-23T16:04:00+00:00,28094.520000
2024-02-23T21:09:00+00:00,28318.280000
2024-02-26T14:49:00+00:00,28316.060000
2024-02-26T14:59:00+00:00,28314.580000
2024-02-26T16:44:00+00:00,28028.860000
2024-02-26T16:54:00+00:00,27765.380000
2024-02-27T00:09:00+00:00,27763.900000
2024-02-27T02:24:00+00:00,27754.280000
2024-02-27T05:44:00+00:00,27934.340000
2024-02-27T07:14:00+00:00,27925.660000
2024-02-27T09:29:00+00:00,27687.180000
2024-02-27T15:19:00+00:00,27686.440000
2024-02-27T17:54:00+00:00,27510.700000
2024-02-28T08:29:00+00:00,27509.220000
2024-02-28T14:54:00+00:00,27650.980000
2024-02-28T14:54:00+00:00,27649.500000
2024-02-28T16:04:00+00:00,27408.020000
2024-02-28T16:19:00+00:00,27406.780000
2024-02-29T07:14:00+00:00,27400.120000
2024-02-29T07:54:00+00:00,27132.460000
2024-02-29T12:09:00+00:00,27125.060000
2024-02-29T12:44:00+00:00,27308.860000
2024-02-29T13:09:00+00:00,27302.660000
2024-02-29T13:39:00+00:00,27299.700000
2024-02-29T14:34:00+00:00,27491.720000
2024-02-29T15:14:00+00:00,27489.240000
2024-02-29T15:14:00+00:00,27488.500000
2024-02-29T20:49:00+00:00,27317.760000
2024-03-01T10:39:00+00:00,27314.800000
2024-03-01T13:54:00+00:00,27311.100000
2024-03-01T14:34:00+00:00,27494.120000
2024-03-01T14:34:00+00:00,27648.640000
2024-03-01T15:04:00+00:00,27954.660000
2024-03-01T15:04:00+00:00,28342.440000
2024-03-01T15:09:00+00:00,28341.700000
2024-03-01T19:34:00+00:00,28737.210000
2024-03-04T16:34:00+00:00,28735.730000
2024-03-04T19:39:00+00:00,28533.250000
2024-03-05T14:49:00+00:00,28532.510000
2024-03-05T21:09:00+00:00,28698.270000
2024-03-06T01:09:00+00:00,28691.610000
2024-03-06T03:49:00+00:00,28862.650000
2024-03-06T07:49:00+00:00,29221.450000
2024-03-06T14:54:00+00:00,29219.970000
2024-03-06T15:09:00+00:00,29411.230000
2024-03-06T15:39:00+00:00,29475.990000
2024-03-06T15:39:00+00:00,29475.250000
2024-03-06T21:09:00+00:00,29480.010000
2024-03-07T06:29:00+00:00,29476.310000
2024-03-07T06:49:00+00:00,29285.110000
2024-03-07T06:49:00+00:00,29279.190000
2024-03-07T07:04:00+00:00,29477.230000
2024-03-07T08:14:00+00:00,29809.270000
2024-03-07T14:49:00+00:00,29807.790000
2024-03-07T14:59:00+00:00,29664.310000
2024-03-07T14:59:00+00:00,29663.570000
2024-03-07T21:04:00+00:00,29860.830000
2024-03-08T09:04:00+00:00,29855.650000
2024-03-08T09:54:00+00:00,29556.470000
2024-03-08T14:49:00+00:00,29554.990000
2024-03-08T16:09:00+00:00,29279.510000
2024-03-11T01:54:00+00:00,29274.330000
2024-03-11T03:59:00+00:00,29440.860000
2024-03-11T04:04:00+00:00,29812.900000
2024-03-11T07:59:00+00:00,29811.420000
2024-03-11T08:14:00+00:00,29605.940000
2024-03-11T08:29:00+00:00,29603.720000
2024-03-11T08:54:00+00:00,29364.500000
2024-03-11T10:39:00+00:00,29363.760000
2024-03-11T12:09:00+00:00,29201.020000
2024-03-11T13:59:00+00:00,29200.280000
2024-03-11T14:34:00+00:00,29045.540000
2024-03-12T02:04:00+00:00,29041.100000
2024-03-12T04:54:00+00:00,28775.660000
2024-03-12T06:09:00+00:00,28765.300000
2024-03-12T06:19:00+00:00,28970.120000
2024-03-12T06:44:00+00:00,28961.440000
2024-03-12T14:04:00+00:00,28960.700000
2024-03-12T14:24:00+00:00,28959.960000
2024-03-12T18:49:00+00:00,29268.720000
2024-03-12T18:49:00+00:00,29436.480000
2024-03-12T18:54:00+00:00,29432.780000
2024-03-12T19:54:00+00:00,29171.580000
2024-03-13T13:49:00+00:00,29170.840000
2024-03-13T20:09:00+00:00,29189.100000
2024-03-14T06:34:00+00:00,29177.260000
2024-03-14T07:04:00+00:00,28869.420000
2024-03-14T07:04:00+00:00,28864.980000
2024-03-14T07:39:00+00:00,28859.060000
2024-03-14T08:14:00+00:00,29061.590000
2024-03-14T08:14:00+00:00,29256.630000
2024-03-14T12:09:00+00:00,29247.750000
2024-03-14T12:34:00+00:00,29244.030000
2024-03-14T12:34:00+00:00,29239.070000
2024-03-14T12:34:00+00:00,28930.190000
2024-03-14T12:39:00+00:00,28927.230000
2024-03-14T13:49:00+00:00,29102.750000
2024-03-14T13:49:00+00:00,29100.270000
2024-03-14T13:49:00+00:00,29099.530000
2024-03-14T13:59:00+00:00,29098.790000
2024-03-14T16:14:00+00:00,29098.050000
2024-03-14T20:09:00+00:00,29103.810000
2024-03-14T20:09:00+00:00,29034.570000
2024-03-14T20:09:00+00:00,28987.330000
2024-03-15T08:14:00+00:00,28983.630000
2024-03-15T09:39:00+00:00,29135.150000
2024-03-15T10:24:00+00:00,29515.430000
2024-03-15T14:04:00+00:00,29514.690000
2024-03-15T17:54:00+00:00,29513.210000
2024-03-15T18:54:00+00:00,29509.510000
2024-03-15T20:09:00+00:00,29502.770000
2024-03-15T20:09:00+00:00,29480.290000
2024-03-15T20:09:00+00:00,29586.590000
2024-03-18T08:54:00+00:00,29582.890000
2024-03-18T11:24:00+00:00,29743.410000
2024-03-18T11:34:00+00:00,30146.190000
2024-03-18T14:24:00+00:00,30145.450000
2024-03-18T15:54:00+00:00,29983.210000
2024-03-18T18:49:00+00:00,29978.030000
2024-03-18T19:54:00+00:00,30158.060000
2024-03-18T19:59:00+00:00,30560.100000
2024-03-19T03:39:00+00:00,30555.660000
2024-03-19T08:44:00+00:00,30257.220000
2024-03-19T09:04:00+00:00,30252.780000
2024-03-19T09:39:00+00:00,30473.310000
2024-03-19T10:59:00+00:00,30471.830000
2024-03-19T11:04:00+00:00,30840.860000
2024-03-19T12:29:00+00:00,31026.120000
2024-03-19T15:34:00+00:00,31082.380000
2024-03-19T15:34:00+00:00,31081.640000
2024-03-19T20:09:00+00:00,31314.400000
2024-03-20T04:54:00+00:00,31303.300000
2024-03-20T05:44:00+00:00,31059.700000
2024-03-20T05:44:00+00:00,31050.820000
2024-03-20T07:09:00+00:00,31266.880000
2024-03-20T08:39:00+00:00,31259.440000
2024-03-20T09:19:00+00:00,31249.820000
2024-03-20T10:14:00+00:00,31461.380000
2024-03-20T10:29:00+00:00,31452.700000
2024-03-20T10:39:00+00:00,31449.740000
2024-03-20T18:04:00+00:00,31674.760000
2024-03-20T18:04:00+00:00,31672.280000
2024-03-20T18:04:00+00:00,31671.540000
2024-03-20T20:09:00+00:00,32008.800000
2024-03-21T02:04:00+00:00,32000.660000
2024-03-21T02:34:00+00:00,32203.210000
2024-03-21T05:39:00+00:00,32611.270000
2024-03-21T13:49:00+00:00,32609.790000
2024-03-21T13:54:00+00:00,32608.310000
2024-03-21T20:09:00+00:00,32886.830000
2024-03-21T20:09:00+00:00,33202.350000
2024-03-22T13:49:00+00:00,33200.130000
2024-03-22T14:04:00+00:00,32942.910000
2024-03-22T18:34:00+00:00,32941.430000
2024-03-22T20:04:00+00:00,32750.950000
2024-03-25T03:09:00+00:00,32747.250000
2024-03-25T09:59:00+00:00,32930.270000
2024-03-25T10:59:00+00:00,33389.300000
2024-03-25T13:54:00+00:00,33387.820000
2024-03-25T20:09:00+00:00,33501.340000
2024-03-26T01:29:00+00:00,33484.320000
2024-03-26T02:59:00+00:00,33707.180000
2024-03-26T03:44:00+00:00,34118.300000
2024-03-26T09:49:00+00:00,34111.640000
2024-03-26T12:39:00+00:00,34315.680000
2024-03-26T12:44:00+00:00,34743.230000
2024-03-26T14:04:00+00:00,34741.010000
2024-03-26T14:29:00+00:00,34398.290000
2024-03-27T06:04:00+00:00,34389.410000
2024-03-27T07:09:00+00:00,34641.470000
2024-03-27T07:54:00+00:00,35064.530000
2024-03-27T08:09:00+00:00,35054.910000
2024-03-27T08:49:00+00:00,35288.970000
2024-03-27T09:49:00+00:00,35286.750000
2024-03-27T10:24:00+00:00,35745.320000
2024-03-27T13:39:00+00:00,35632.100000
2024-03-27T13:39:00+00:00,35626.180000
2024-03-27T13:54:00+00:00,35890.220000
2024-03-27T13:54:00+00:00,35885.260000
2024-03-27T13:54:00+00:00,35884.520000
2024-03-27T19:29:00+00:00,35945.280000
2024-03-27T19:29:00+00:00,35940.100000
2024-03-27T19:39:00+00:00,36162.880000
2024-03-27T19:39:00+00:00,36157.920000
2024-03-28T01:14:00+00:00,36145.340000
2024-03-28T04:49:00+00:00,35775.760000
2024-03-28T08:14:00+00:00,35769.100000
2024-03-28T09:24:00+00:00,35982.140000
2024-03-28T10:29:00+00:00,35975.940000
2024-03-28T10:44:00+00:00,35967.800000
2024-03-28T12:09:00+00:00,35800.160000
2024-03-28T12:09:00+00:00,35796.460000
2024-03-28T13:34:00+00:00,35445.260000
2024-03-28T13:49:00+00:00,35443.040000
2024-03-28T14:14:00+00:00,35293.820000
2024-03-28T14:14:00+00:00,35290.120000
2024-03-28T15:54:00+00:00,35048.920000
2024-03-28T15:54:00+00:00,35046.700000
2024-03-28T16:14:00+00:00,34880.980000
2024-03-28T16:14:00+00:00,34878.020000
2024-03-28T20:09:00+00:00,35011.060000
2024-04-01T07:19:00+00:00,35004.400000
2024-04-01T08:09:00+00:00,34646.740000
2024-04-01T13:39:00+00:00,34642.300000
2024-04-01T14:04:00+00:00,34289.860000
2024-04-01T14:54:00+00:00,34289.120000
2024-04-01T20:09:00+00:00,34240.880000
2024-04-02T07:29:00+00:00,34236.440000
2024-04-02T07:44:00+00:00,34013.000000
2024-04-02T07:44:00+00:00,34007.820000
2024-04-02T08:04:00+00:00,34214.850000
2024-04-02T08:04:00+00:00,34209.890000
2024-04-02T14:14:00+00:00,34208.410000
2024-04-02T17:04:00+00:00,33902.930000
2024-04-02T19:19:00+00:00,33899.230000
2024-04-02T19:29:00+00:00,33593.030000
2024-04-03T06:19:00+00:00,33588.590000
2024-04-03T07:54:00+00:00,33356.150000
2024-04-03T07:54:00+00:00,33350.970000
2024-04-03T08:34:00+00:00,33020.290000
2024-04-03T11:09:00+00:00,33016.590000
2024-04-03T12:29:00+00:00,32902.890000
2024-04-03T12:29:00+00:00,32899.190000
2024-04-03T13:39:00+00:00,32812.990000
2024-04-03T13:39:00+00:00,32806.330000
2024-04-03T13:44:00+00:00,32489.170000
2024-04-03T14:04:00+00:00,32488.430000
2024-04-03T20:09:00+00:00,32557.190000
2024-04-04T13:54:00+00:00,32554.970000
2024-04-04T18:14:00+00:00,32704.230000
2024-04-04T18:19:00+00:00,33202.750000
2024-04-05T06:19:00+00:00,33196.090000
2024-04-05T06:34:00+00:00,32869.930000
2024-04-05T07:49:00+00:00,32863.270000
2024-04-05T08:04:00+00:00,32528.110000
2024-04-05T13:49:00+00:00,32527.370000
2024-04-05T16:59:00+00:00,32944.130000
2024-04-08T06:24:00+00:00,32937.470000
2024-04-08T07:19:00+00:00,32606.810000
2024-04-08T07:19:00+00:00,32602.370000
2024-04-08T07:34:00+00:00,32423.930000
2024-04-08T07:34:00+00:00,32419.490000
2024-04-08T07:54:00+00:00,32118.050000
2024-04-08T14:29:00+00:00,32117.310000
2024-04-08T20:09:00+00:00,32063.570000
2024-04-09T02:24:00+00:00,32054.690000
2024-04-09T04:49:00+00:00,32279.750000
2024-04-09T07:19:00+00:00,32657.810000
2024-04-09T07:44:00+00:00,32651.150000
2024-04-09T07:59:00+00:00,32849.190000
2024-04-09T08:04:00+00:00,32842.990000
2024-04-09T10:04:00+00:00,32836.330000
2024-04-09T10:34:00+00:00,33040.370000
2024-04-09T10:34:00+00:00,33467.920000
2024-04-09T13:39:00+00:00,33464.960000
2024-04-09T13:59:00+00:00,33463.480000
2024-04-09T14:09:00+00:00,33685.500000
2024-04-09T14:29:00+00:00,34056.520000
2024-04-09T14:34:00+00:00,34243.280000
2024-04-09T14:34:00+00:00,34241.800000
2024-04-09T14:44:00+00:00,34553.560000
2024-04-09T19:24:00+00:00,34397.080000
2024-04-09T19:24:00+00:00,34394.120000
2024-04-09T19:34:00+00:00,34613.140000
2024-04-09T20:04:00+00:00,34979.160000
2024-04-10T09:09:00+00:00,34972.500000
2024-04-10T09:54:00+00:00,35191.540000
2024-04-10T10:04:00+00:00,35650.340000
2024-04-10T12:24:00+00:00,35642.940000
2024-04-10T12:29:00+00:00,35305.540000
2024-04-10T12:39:00+00:00,35304.800000
2024-04-10T13:59:00+00:00,35073.060000
2024-04-10T14:39:00+00:00,35072.320000
2024-04-10T17:09:00+00:00,34867.080000
2024-04-10T17:09:00+00:00,34865.600000
2024-04-10T17:24:00+00:00,34583.120000
2024-04-10T17:29:00+00:00,34581.640000
2024-04-10T20:09:00+00:00,34543.160000
2024-04-11T01:24:00+00:00,34532.800000
2024-04-11T01:39:00+00:00,34179.440000
2024-04-11T12:39:00+00:00,34177.960000
2024-04-11T14:14:00+00:00,34011.480000
2024-04-11T14:14:00+00:00,34010.000000
2024-04-11T15:19:00+00:00,33762.520000
2024-04-12T13:54:00+00:00,33760.300000
2024-04-12T14:09:00+00:00,33440.080000
2024-04-15T13:39:00+00:00,33437.860000
2024-04-15T14:09:00+00:00,33437.120000
2024-04-15T14:14:00+00:00,33572.130000
2024-04-15T14:59:00+00:00,34023.150000
2024-04-15T17:29:00+00:00,34513.660000
2024-04-16T10:39:00+00:00,34509.220000
2024-04-16T11:14:00+00:00,34747.750000
2024-04-16T11:54:00+00:00,35146.780000
2024-04-16T13:59:00+00:00,35145.300000
2024-04-16T14:39:00+00:00,34890.820000
2024-04-16T16:14:00+00:00,34889.340000
2024-04-16T17:34:00+00:00,34559.860000
2024-04-17T13:49:00+00:00,34557.640000
2024-04-17T14:14:00+00:00,34720.400000
2024-04-17T14:54:00+00:00,35263.920000
2024-04-17T15:09:00+00:00,35262.440000
2024-04-17T15:34:00+00:00,34998.960000
2024-04-17T18:49:00+00:00,34998.220000
2024-04-17T18:59:00+00:00,34892.980000
2024-04-17T18:59:00+00:00,34891.500000
2024-04-17T20:09:00+00:00,35051.020000
2024-04-18T05:29:00+00:00,35042.880000
2024-04-18T05:34:00+00:00,35271.680000
2024-04-18T05:34:00+00:00,35264.240000
2024-04-18T14:39:00+00:00,35263.500000
2024-04-18T17:24:00+00:00,35001.760000
2024-04-19T02:29:00+00:00,35000.280000
2024-04-19T03:34:00+00:00,35175.040000
2024-04-19T06:14:00+00:00,35466.800000
2024-04-19T08:24:00+00:00,35465.320000
2024-04-19T11:04:00+00:00,35463.100000
2024-04-19T12:14:00+00:00,35613.860000
2024-04-19T12:34:00+00:00,35846.370000
2024-04-19T13:39:00+00:00,35845.130000
2024-04-19T13:39:00+00:00,35842.650000
2024-04-19T14:14:00+00:00,35841.910000
2024-04-19T18:39:00+00:00,36289.920000
2024-04-22T11:24:00+00:00,36286.220000
2024-04-22T12:14:00+00:00,35970.020000
2024-04-22T13:49:00+00:00,35968.540000
2024-04-22T14:04:00+00:00,35816.060000
2024-04-22T14:04:00+00:00,35811.620000
2024-04-22T14:24:00+00:00,36056.900000
2024-04-22T14:24:00+00:00,36467.180000
2024-04-22T15:34:00+00:00,36464.960000
2024-04-22T17:09:00+00:00,36633.720000
2024-04-22T17:34:00+00:00,37197.240000
2024-04-23T06:09:00+00:00,37186.880000
2024-04-23T06:49:00+00:00,36798.520000
2024-04-23T12:29:00+00:00,36792.600000
2024-04-23T12:59:00+00:00,37056.640000
2024-04-23T13:34:00+00:00,37498.680000
2024-04-23T13:49:00+00:00,37497.200000
2024-04-23T14:34:00+00:00,37714.710000
2024-04-23T20:09:00+00:00,38009.970000
2024-04-24T06:24:00+00:00,38002.570000
2024-04-24T07:19:00+00:00,37625.170000
2024-04-24T13:34:00+00:00,37621.470000
2024-04-24T13:49:00+00:00,37832.990000
2024-04-24T13:59:00+00:00,37829.270000
2024-04-24T14:39:00+00:00,37827.790000
2024-04-24T16:14:00+00:00,38057.300000
2024-04-24T20:09:00+00:00,38353.060000
2024-04-25T00:09:00+00:00,38349.360000
2024-04-25T05:14:00+00:00,38000.660000
2024-04-25T11:24:00+00:00,37996.220000
2024-04-25T12:19:00+00:00,37631.780000
2024-04-25T12:54:00+00:00,37631.040000
2024-04-25T13:49:00+00:00,37677.800000
2024-04-25T13:49:00+00:00,37674.840000
2024-04-25T14:14:00+00:00,37674.100000
2024-04-25T14:19:00+00:00,37947.120000
2024-04-25T14:54:00+00:00,37944.640000
2024-04-25T18:34:00+00:00,38171.400000
2024-04-25T18:34:00+00:00,38168.440000
2024-04-25T19:04:00+00:00,37853.480000
2024-04-26T11:44:00+00:00,37848.300000
2024-04-26T12:29:00+00:00,38059.830000
2024-04-26T12:34:00+00:00,38054.870000
2024-04-26T13:54:00+00:00,38054.130000
2024-04-26T20:09:00+00:00,38163.390000
2024-04-29T07:59:00+00:00,38158.210000
2024-04-29T09:54:00+00:00,37768.030000
2024-04-29T15:49:00+00:00,37765.070000
2024-04-29T18:49:00+00:00,37762.110000
2024-04-29T19:04:00+00:00,37395.150000
2024-04-29T19:04:00+00:00,37052.190000
2024-04-29T19:04:00+00:00,37051.450000
2024-04-29T19:09:00+00:00,37049.970000
2024-04-29T19:54:00+00:00,36766.490000
2024-04-29T20:09:00+00:00,36562.250000
2024-04-30T11:09:00+00:00,36555.590000
2024-04-30T12:34:00+00:00,36792.630000
2024-04-30T12:34:00+00:00,37288.930000
2024-04-30T15:04:00+00:00,37287.450000
2024-04-30T16:34:00+00:00,37498.960000
2024-04-30T16:39:00+00:00,37498.220000
2024-04-30T19:54:00+00:00,37851.230000
2024-04-30T20:09:00+00:00,38134.990000
2024-05-01T09:54:00+00:00,38127.590000
2024-05-01T10:29:00+00:00,37760.190000
2024-05-01T14:04:00+00:00,37758.710000
2024-05-01T17:29:00+00:00,37753.230000
2024-05-01T17:29:00+00:00,37748.790000
2024-05-01T18:04:00+00:00,38023.320000
2024-05-01T18:09:00+00:00,38482.350000
2024-05-02T13:49:00+00:00,38481.610000
2024-05-02T14:29:00+00:00,38467.370000
2024-05-02T14:29:00+00:00,38466.630000
2024-05-02T20:09:00+00:00,38807.390000
2024-05-03T02:04:00+00:00,38796.290000
2024-05-03T04:59:00+00:00,39053.610000
2024-05-03T06:19:00+00:00,39427.690000
2024-05-03T06:19:00+00:00,39420.290000
2024-05-03T07:09:00+00:00,39037.890000
2024-05-03T12:09:00+00:00,39030.490000
2024-05-03T12:29:00+00:00,39296.790000
2024-05-03T12:29:00+00:00,39290.590000
2024-05-03T13:49:00+00:00,39289.110000
2024-05-03T14:14:00+00:00,38983.630000
2024-05-06T05:44:00+00:00,38974.010000
2024-05-06T06:39:00+00:00,39226.070000
2024-05-06T07:29:00+00:00,39402.890000
2024-05-06T07:29:00+00:00,39394.750000
2024-05-06T07:44:00+00:00,39150.110000
2024-05-06T07:44:00+00:00,39147.150000
2024-05-06T08:19:00+00:00,39141.970000
2024-05-06T10:34:00+00:00,39378.250000
2024-05-06T13:39:00+00:00,39612.270000
2024-05-06T13:39:00+00:00,40139.310000
2024-05-06T13:59:00+00:00,40137.090000
2024-05-06T15:49:00+00:00,40528.110000
2024-05-06T20:09:00+00:00,41011.890000
2024-05-07T02:59:00+00:00,40997.090000
2024-05-07T04:04:00+00:00,40572.290000
2024-05-07T09:29:00+00:00,40561.190000
2024-05-07T11:24:00+00:00,40834.260000
2024-05-07T12:44:00+00:00,40824.340000
2024-05-07T13:59:00+00:00,40821.380000
2024-05-07T14:59:00+00:00,40474.420000
2024-05-07T17:54:00+00:00,40471.460000
2024-05-07T20:09:00+00:00,40422.500000
2024-05-08T13:49:00+00:00,40421.020000
2024-05-08T19:24:00+00:00,40417.320000
2024-05-08T20:09:00+00:00,40475.840000
2024-05-08T20:09:00+00:00,40314.640000
2024-05-09T07:29:00+00:00,40307.980000
2024-05-09T10:24:00+00:00,39927.820000
2024-05-09T11:44:00+00:00,39924.860000
2024-05-09T13:49:00+00:00,39593.900000
2024-05-09T13:49:00+00:00,39592.420000
2024-05-09T14:39:00+00:00,39231.940000
2024-05-09T17:34:00+00:00,39229.720000
2024-05-09T20:09:00+00:00,39287.500000
2024-05-10T08:24:00+00:00,39283.800000
2024-05-10T12:39:00+00:00,39362.600000
2024-05-10T12:39:00+00:00,39352.980000
2024-05-10T12:59:00+00:00,39605.040000
2024-05-10T13:19:00+00:00,39596.360000
2024-05-10T13:49:00+00:00,39594.880000
2024-05-10T14:19:00+00:00,39253.400000
2024-05-13T03:29:00+00:00,39240.080000
2024-05-13T05:04:00+00:00,39523.670000
2024-05-13T08:19:00+00:00,39512.510000
2024-05-13T12:24:00+00:00,39503.630000
2024-05-13T12:44:00+00:00,39116.750000
2024-05-13T12:49:00+00:00,39112.310000
2024-05-13T13:34:00+00:00,38726.870000
2024-05-13T13:39:00+00:00,38717.990000
2024-05-13T13:49:00+00:00,38992.550000
2024-05-13T13:49:00+00:00,38991.070000
2024-05-13T13:59:00+00:00,38983.630000
2024-05-13T17:24:00+00:00,38860.150000
2024-05-13T17:24:00+00:00,38857.930000
2024-05-13T19:54:00+00:00,38881.210000
2024-05-14T09:09:00+00:00,38864.190000
2024-05-14T09:39:00+00:00,39128.300000
2024-05-14T11:14:00+00:00,39117.940000
2024-05-14T11:34:00+00:00,39604.060000
2024-05-14T12:34:00+00:00,39882.380000
2024-05-14T12:34:00+00:00,39873.700000
2024-05-14T14:04:00+00:00,39868.520000
2024-05-14T14:24:00+00:00,39464.340000
2024-05-14T14:24:00+00:00,39462.860000
2024-05-14T14:44:00+00:00,39297.380000
2024-05-14T14:44:00+00:00,39292.940000
2024-05-14T14:59:00+00:00,38937.500000
2024-05-15T12:39:00+00:00,38933.800000
2024-05-15T13:49:00+00:00,38747.600000
2024-05-15T13:49:00+00:00,38745.380000
2024-05-15T14:19:00+00:00,38401.160000
2024-05-16T07:24:00+00:00,38395.240000
2024-05-16T12:34:00+00:00,38029.320000
2024-05-16T13:49:00+00:00,38025.620000
2024-05-16T15:04:00+00:00,38220.640000
2024-05-16T17:24:00+00:00,38216.920000
2024-05-17T13:49:00+00:00,38212.480000
2024-05-17T14:34:00+00:00,37851.040000
2024-05-20T01:29:00+00:00,37843.640000
2024-05-20T08:54:00+00:00,37828.840000
2024-05-20T10:04:00+00:00,38091.440000
2024-05-20T11:04:00+00:00,38534.040000
2024-05-20T12:44:00+00:00,38146.640000
2024-05-20T13:39:00+00:00,38142.200000
2024-05-20T13:54:00+00:00,38141.460000
2024-05-20T13:59:00+00:00,38404.740000
2024-05-20T16:44:00+00:00,38845.020000
2024-05-20T20:09:00+00:00,38850.780000
2024-05-21T13:39:00+00:00,38845.600000
2024-05-21T13:54:00+00:00,38842.640000
2024-05-21T14:39:00+00:00,39081.170000
2024-05-21T16:19:00+00:00,39613.210000
2024-05-21T18:04:00+00:00,39848.730000
2024-05-21T20:09:00+00:00,40196.250000
2024-05-22T06:09:00+00:00,40176.270000
2024-05-22T07:14:00+00:00,40449.400000
2024-05-22T07:24:00+00:00,40432.040000
2024-05-22T07:24:00+00:00,40418.720000
2024-05-22T07:29:00+00:00,39991.400000
2024-05-22T10:49:00+00:00,39981.040000
2024-05-22T11:04:00+00:00,40264.610000
2024-05-22T11:04:00+00:00,40740.680000
2024-05-22T15:04:00+00:00,40737.720000
2024-05-22T17:39:00+00:00,40402.760000
2024-05-23T13:49:00+00:00,40401.280000
2024-05-23T14:19:00+00:00,40463.800000
2024-05-23T14:19:00+00:00,40461.580000
2024-05-23T14:54:00+00:00,40124.860000
2024-05-23T15:14:00+00:00,40122.640000
2024-05-23T17:24:00+00:00,39733.420000
2024-05-24T05:44:00+00:00,39725.280000
2024-05-24T08:19:00+00:00,39337.640000
2024-05-24T12:09:00+00:00,39327.280000
2024-05-24T12:34:00+00:00,39605.600000
2024-05-24T12:34:00+00:00,39596.920000
2024-05-24T12:39:00+00:00,39589.520000
2024-05-24T12:49:00+00:00,39182.120000
2024-05-24T14:04:00+00:00,39179.900000
2024-05-24T14:59:00+00:00,39326.160000
2024-05-24T15:14:00+00:00,39814.680000
2024-05-27T13:54:00+00:00,39802.100000
2024-05-27T14:49:00+00:00,39398.520000
2024-05-27T15:04:00+00:00,39394.820000
2024-05-27T22:09:00+00:00,39548.620000
2024-05-27T22:09:00+00:00,39536.780000
2024-05-27T22:34:00+00:00,39824.860000
2024-05-28T00:04:00+00:00,40308.940000
2024-05-28T13:49:00+00:00,40306.720000
2024-05-28T14:19:00+00:00,39971.500000
2024-05-28T17:54:00+00:00,39964.100000
2024-05-28T18:09:00+00:00,39556.700000
2024-05-29T08:09:00+00:00,39546.340000
2024-05-29T08:14:00+00:00,39143.980000
2024-05-29T08:59:00+00:00,39134.360000
2024-05-29T09:09:00+00:00,38741.240000
2024-05-29T12:29:00+00:00,38729.400000
2024-05-29T12:39:00+00:00,39005.480000
2024-05-29T12:39:00+00:00,39469.560000
2024-05-29T13:54:00+00:00,39468.080000
2024-05-29T15:14:00+00:00,39433.600000
2024-05-29T15:14:00+00:00,39429.900000
2024-05-29T16:39:00+00:00,39048.700000
2024-05-29T17:09:00+00:00,39039.080000
2024-05-29T17:24:00+00:00,39291.140000
2024-05-29T17:39:00+00:00,39784.710000
2024-05-30T07:09:00+00:00,39777.310000
2024-05-30T08:04:00+00:00,40062.360000
2024-05-30T08:39:00+00:00,40539.910000
2024-05-30T10:29:00+00:00,40535.470000
2024-05-30T12:34:00+00:00,40832.500000
2024-05-30T13:34:00+00:00,40828.780000
2024-05-30T14:34:00+00:00,40827.300000
2024-05-30T19:49:00+00:00,41071.810000
2024-05-30T20:09:00+00:00,41318.570000
2024-05-31T11:19:00+00:00,41315.610000
2024-05-31T12:34:00+00:00,41623.130000
2024-05-31T12:44:00+00:00,42136.650000
2024-05-31T13:54:00+00:00,42135.170000
2024-05-31T14:34:00+00:00,42396.930000
2024-05-31T15:34:00+00:00,42833.690000
2024-06-02T22:09:00+00:00,42831.470000
2024-06-03T00:04:00+00:00,42464.750000
2024-06-03T03:24:00+00:00,42449.210000
2024-06-03T05:19:00+00:00,42013.670000
2024-06-03T05:34:00+00:00,41998.130000
2024-06-03T06:14:00+00:00,42290.730000
2024-06-03T06:24:00+00:00,42277.090000
2024-06-03T11:29:00+00:00,42267.470000
2024-06-03T11:34:00+00:00,41835.350000
2024-06-03T13:54:00+00:00,41833.130000
2024-06-03T14:54:00+00:00,42013.890000
2024-06-03T16:14:00+00:00,42617.410000
2024-06-04T10:34:00+00:00,42615.930000
2024-06-04T13:14:00+00:00,42327.450000
2024-06-04T13:39:00+00:00,42323.750000
2024-06-04T14:14:00+00:00,42322.270000
2024-06-04T14:44:00+00:00,42031.790000
2024-06-04T18:19:00+00:00,41625.590000
2024-06-05T01:49:00+00:00,41615.970000
2024-06-05T02:24:00+00:00,41886.030000
2024-06-05T06:09:00+00:00,41877.350000
2024-06-05T07:24:00+00:00,41868.470000
2024-06-05T08:44:00+00:00,42174.530000
2024-06-05T09:09:00+00:00,42687.590000
2024-06-05T13:59:00+00:00,42684.630000
2024-06-05T14:04:00+00:00,42327.670000
2024-06-06T00:49:00+00:00,42316.570000
2024-06-06T03:29:00+00:00,42600.140000
2024-06-06T05:24:00+00:00,42590.220000
2024-06-06T12:29:00+00:00,42585.040000
2024-06-06T12:59:00+00:00,42642.860000
2024-06-06T12:59:00+00:00,42638.420000
2024-06-06T13:49:00+00:00,42309.980000
2024-06-06T13:49:00+00:00,42307.020000
2024-06-06T14:04:00+00:00,42305.540000
2024-06-06T20:09:00+00:00,42320.580000
2024-06-06T20:09:00+00:00,42306.100000
2024-06-07T07:04:00+00:00,42294.260000
2024-06-07T07:39:00+00:00,42588.340000
2024-06-07T08:14:00+00:00,42626.420000
2024-06-07T08:14:00+00:00,42619.020000
2024-06-07T08:54:00+00:00,42201.620000
2024-06-07T13:54:00+00:00,42199.400000
2024-06-07T15:29:00+00:00,42197.920000
2024-06-07T17:24:00+00:00,42383.930000
2024-06-07T18:09:00+00:00,42381.450000
2024-06-07T20:09:00+00:00,42213.970000
2024-06-10T09:39:00+00:00,42206.570000
2024-06-10T10:34:00+00:00,42502.870000
2024-06-10T12:59:00+00:00,42496.670000
2024-06-10T14:29:00+00:00,42494.450000
2024-06-10T16:19:00+00:00,42664.710000
2024-06-10T18:34:00+00:00,42662.230000
2024-06-11T03:59:00+00:00,42648.910000
2024-06-11T06:04:00+00:00,42952.750000
2024-06-11T07:14:00+00:00,42941.590000
2024-06-11T13:49:00+00:00,42940.110000
2024-06-11T14:09:00+00:00,42776.630000
2024-06-11T14:09:00+00:00,42774.410000
2024-06-11T17:19:00+00:00,42946.920000
2024-06-11T18:24:00+00:00,43522.940000
2024-06-12T02:04:00+00:00,43510.360000
2024-06-12T06:14:00+00:00,43064.280000
2024-06-12T13:49:00+00:00,43063.540000
2024-06-12T18:24:00+00:00,43061.320000
2024-06-12T19:29:00+00:00,43002.080000
2024-06-12T19:29:00+00:00,42759.860000
2024-06-12T19:34:00+00:00,42756.900000
2024-06-12T19:54:00+00:00,42329.940000
2024-06-13T05:09:00+00:00,42313.660000
2024-06-13T06:44:00+00:00,41868.380000
2024-06-13T09:24:00+00:00,41864.680000
2024-06-13T10:34:00+00:00,42045.980000
2024-06-13T10:34:00+00:00,42038.580000
2024-06-13T10:54:00+00:00,41636.180000
2024-06-13T14:14:00+00:00,41634.700000
2024-06-13T16:39:00+00:00,41827.220000
2024-06-13T16:39:00+00:00,41823.520000
2024-06-13T18:14:00+00:00,41822.040000
2024-06-13T18:24:00+00:00,42048.560000
2024-06-13T20:09:00+00:00,42616.340000
2024-06-13T20:09:00+00:00,42716.860000
2024-06-14T07:34:00+00:00,42712.420000
2024-06-14T08:09:00+00:00,42308.980000
2024-06-14T08:19:00+00:00,42305.280000
2024-06-14T09:09:00+00:00,41944.080000
2024-06-14T13:49:00+00:00,41941.860000
2024-06-14T14:44:00+00:00,41822.640000
2024-06-14T14:44:00+00:00,41820.420000
2024-06-14T17:34:00+00:00,41411.700000
2024-06-17T13:49:00+00:00,41409.480000
2024-06-17T13:54:00+00:00,41407.260000
2024-06-17T14:14:00+00:00,41015.040000
2024-06-17T15:09:00+00:00,40630.320000
2024-06-18T13:49:00+00:00,40627.360000
2024-06-18T16:59:00+00:00,40384.400000
2024-06-18T16:59:00+00:00,40382.180000
2024-06-18T20:09:00+00:00,40358.960000
2024-06-19T06:29:00+00:00,40345.640000
2024-06-19T06:34:00+00:00,39936.320000
2024-06-19T14:34:00+00:00,39931.140000
2024-06-20T00:54:00+00:00,39547.960000
2024-06-20T12:34:00+00:00,39539.080000
2024-06-20T12:44:00+00:00,39140.200000
2024-06-20T13:49:00+00:00,39137.240000
2024-06-20T14:09:00+00:00,38752.280000
2024-06-20T14:09:00+00:00,38750.800000
2024-06-20T16:24:00+00:00,38959.310000
2024-06-20T16:34:00+00:00,39307.320000
2024-06-20T17:49:00+00:00,39304.360000
2024-06-20T19:24:00+00:00,38931.400000
2024-06-21T10:49:00+00:00,38929.180000
2024-06-21T13:49:00+00:00,38638.960000
2024-06-21T13:49:00+00:00,38637.480000
2024-06-21T15:19:00+00:00,38352.000000
2024-06-24T07:09:00+00:00,38349.780000
2024-06-24T08:09:00+00:00,38443.560000
2024-06-24T08:09:00+00:00,38435.420000
2024-06-24T08:39:00+00:00,38427.280000
2024-06-24T08:54:00+00:00,38667.330000
2024-06-24T09:19:00+00:00,38922.380000
2024-06-24T09:34:00+00:00,39405.440000
2024-06-24T09:34:00+00:00,39918.500000
2024-06-24T13:39:00+00:00,39915.540000
2024-06-24T13:44:00+00:00,39586.580000
2024-06-24T13:49:00+00:00,39585.100000
2024-06-24T14:04:00+00:00,39202.620000
2024-06-24T14:34:00+00:00,39200.400000
2024-06-24T14:49:00+00:00,39377.410000
2024-06-24T15:04:00+00:00,39374.930000
2024-06-24T15:04:00+00:00,39371.970000
2024-06-24T16:59:00+00:00,39045.010000
2024-06-25T11:29:00+00:00,39038.350000
2024-06-25T13:39:00+00:00,39281.390000
2024-06-25T13:44:00+00:00,39275.190000
2024-06-25T14:04:00+00:00,39273.710000
2024-06-25T20:09:00+00:00,39624.230000
2024-06-26T06:09:00+00:00,39613.130000
2024-06-26T06:29:00+00:00,39219.530000
2024-06-26T07:29:00+00:00,39215.830000
2024-06-26T10:19:00+00:00,38847.130000
2024-06-26T13:49:00+00:00,38844.910000
2024-06-26T15:14:00+00:00,38490.190000
2024-06-27T11:39:00+00:00,38485.750000
2024-06-27T13:34:00+00:00,38764.780000
2024-06-27T13:34:00+00:00,39231.310000
2024-06-27T14:14:00+00:00,39230.570000
2024-06-27T15:29:00+00:00,38986.830000
2024-06-28T07:14:00+00:00,38980.170000
2024-06-28T12:19:00+00:00,39211.210000
2024-06-28T12:34:00+00:00,39695.010000
2024-06-28T12:49:00+00:00,39693.530000
2024-06-28T13:39:00+00:00,39692.790000
2024-06-28T13:49:00+00:00,39581.310000
2024-06-28T13:49:00+00:00,39503.070000
2024-06-28T13:54:00+00:00,39501.590000
2024-06-28T14:14:00+00:00,39760.350000
2024-06-28T14:59:00+00:00,39759.110000
2024-06-28T17:14:00+00:00,39757.630000
2024-06-28T19:09:00+00:00,39483.150000
2024-07-01T07:34:00+00:00,39480.190000
2024-07-01T08:14:00+00:00,39507.230000
2024-07-01T08:14:00+00:00,39504.270000
2024-07-01T08:44:00+00:00,39147.310000
2024-07-01T13:49:00+00:00,39146.570000
2024-07-01T14:09:00+00:00,39033.830000
2024-07-01T14:09:00+00:00,39032.350000
2024-07-01T14:14:00+00:00,38730.870000
2024-07-02T09:29:00+00:00,38727.910000
2024-07-02T13:34:00+00:00,38358.950000
2024-07-02T14:39:00+00:00,38358.210000
2024-07-02T20:09:00+00:00,38652.970000
2024-07-03T02:49:00+00:00,38645.570000
2024-07-03T03:24:00+00:00,38634.470000
2024-07-03T05:09:00+00:00,38233.370000
2024-07-03T06:14:00+00:00,37845.970000
2024-07-03T07:19:00+00:00,37836.350000
2024-07-03T07:49:00+00:00,37449.730000
2024-07-03T13:49:00+00:00,37447.510000
2024-07-03T15:19:00+00:00,37602.770000
2024-07-03T16:14:00+00:00,38121.290000
2024-07-04T00:04:00+00:00,38116.850000
2024-07-04T13:49:00+00:00,38110.190000
2024-07-05T00:44:00+00:00,37752.530000
2024-07-05T06:14:00+00:00,37367.090000
2024-07-05T12:19:00+00:00,37359.690000
2024-07-05T12:29:00+00:00,37002.290000
2024-07-05T13:59:00+00:00,37000.810000
2024-07-05T14:14:00+00:00,36909.330000
2024-07-05T14:14:00+00:00,36907.110000
2024-07-05T14:49:00+00:00,36574.890000
2024-07-08T11:14:00+00:00,36566.010000
2024-07-08T13:34:00+00:00,36827.070000
2024-07-08T13:34:00+00:00,36819.630000
2024-07-08T15:24:00+00:00,36817.410000
2024-07-08T16:14:00+00:00,36675.690000
2024-07-08T16:14:00+00:00,36672.730000
2024-07-08T19:59:00+00:00,36343.770000
2024-07-09T01:49:00+00:00,36337.110000
2024-07-09T04:59:00+00:00,35988.450000
2024-07-09T14:24:00+00:00,35986.230000
2024-07-09T14:29:00+00:00,35982.530000
2024-07-09T14:49:00+00:00,35671.330000
2024-07-09T16:49:00+00:00,35808.590000
2024-07-09T20:09:00+00:00,35980.110000
2024-07-10T02:09:00+00:00,35971.970000
2024-07-10T08:59:00+00:00,36204.520000
2024-07-10T11:39:00+00:00,36672.580000
2024-07-10T13:49:00+00:00,36670.360000
2024-07-10T15:04:00+00:00,36350.140000
2024-07-10T19:09:00+00:00,36344.960000
2024-07-10T19:49:00+00:00,36000.280000
2024-07-11T12:34:00+00:00,35992.140000
2024-07-11T12:39:00+00:00,35621.000000
2024-07-11T12:59:00+00:00,35620.260000
2024-07-11T13:34:00+00:00,35618.780000
2024-07-11T13:54:00+00:00,35617.300000
2024-07-11T14:14:00+00:00,35855.810000
2024-07-11T14:19:00+00:00,36253.820000
2024-07-11T14:19:00+00:00,36451.080000
2024-07-11T14:24:00+00:00,36780.340000
2024-07-11T14:44:00+00:00,37259.600000
2024-07-11T16:54:00+00:00,37258.860000
2024-07-11T20:09:00+00:00,37241.620000
2024-07-12T09:29:00+00:00,37232.000000
2024-07-12T09:49:00+00:00,36845.380000
2024-07-12T11:24:00+00:00,36839.460000
2024-07-12T12:24:00+00:00,36485.540000
2024-07-12T13:49:00+00:00,36484.060000
2024-07-12T14:39:00+00:00,36691.070000
2024-07-12T16:04:00+00:00,36914.330000
2024-07-12T16:04:00+00:00,36912.850000
2024-07-12T17:34:00+00:00,36624.370000
2024-07-15T08:09:00+00:00,36619.930000
2024-07-15T11:44:00+00:00,36582.490000
2024-07-15T11:44:00+00:00,36572.130000
2024-07-15T12:04:00+00:00,36824.200000
2024-07-15T12:09:00+00:00,36815.520000
2024-07-15T14:09:00+00:00,36814.040000
2024-07-15T15:19:00+00:00,37031.550000
2024-07-15T15:49:00+00:00,37030.310000
2024-07-16T11:29:00+00:00,37021.430000
2024-07-16T12:34:00+00:00,37286.990000
2024-07-16T12:34:00+00:00,37279.550000
2024-07-16T13:49:00+00:00,37278.070000
2024-07-16T16:19:00+00:00,37524.080000
2024-07-16T18:44:00+00:00,37563.840000
2024-07-16T18:44:00+00:00,37562.360000
2024-07-16T20:09:00+00:00,37657.880000
2024-07-17T03:04:00+00:00,37652.700000
2024-07-17T03:34:00+00:00,37640.520000
2024-07-17T03:34:00+00:00,37627.940000
2024-07-17T03:44:00+00:00,37241.360000
2024-07-17T05:14:00+00:00,37238.400000
2024-07-17T06:24:00+00:00,37494.920000
2024-07-17T07:29:00+00:00,37923.440000
2024-07-17T13:59:00+00:00,37921.960000
2024-07-17T14:14:00+00:00,38138.720000
2024-07-17T16:29:00+00:00,38500.480000
2024-07-18T01:09:00+00:00,38493.080000
2024-07-18T01:19:00+00:00,38487.160000
2024-07-18T03:19:00+00:00,38749.710000
2024-07-18T03:34:00+00:00,39189.760000
2024-07-18T03:34:00+00:00,39468.800000
2024-07-18T03:54:00+00:00,39585.840000
2024-07-18T03:54:00+00:00,39580.660000
2024-07-18T06:14:00+00:00,39821.440000
2024-07-18T06:19:00+00:00,40358.480000
2024-07-18T10:39:00+00:00,40355.520000
2024-07-18T12:44:00+00:00,40622.540000
2024-07-18T13:44:00+00:00,40620.060000
2024-07-18T13:54:00+00:00,40619.320000
2024-07-18T14:59:00+00:00,40686.080000
2024-07-18T14:59:00+00:00,40683.860000
2024-07-18T15:09:00+00:00,40276.640000
2024-07-19T07:59:00+00:00,40274.420000
2024-07-19T10:09:00+00:00,40452.930000
2024-07-19T13:44:00+00:00,41048.950000
2024-07-19T14:14:00+00:00,41046.730000
2024-07-19T14:29:00+00:00,40677.010000
2024-07-19T14:29:00+00:00,40676.270000
2024-07-19T20:09:00+00:00,40882.030000
2024-07-22T13:49:00+00:00,40881.290000
2024-07-22T15:19:00+00:00,40603.550000
2024-07-23T15:14:00+00:00,40602.810000
2024-07-23T15:19:00+00:00,40602.070000
2024-07-23T16:24:00+00:00,40351.830000
2024-07-23T16:59:00+00:00,40111.590000
2024-07-24T07:59:00+00:00,40109.370000
2024-07-24T11:24:00+00:00,40080.150000
2024-07-24T11:24:00+00:00,40074.970000
2024-07-24T12:04:00+00:00,39681.290000
2024-07-24T13:59:00+00:00,39680.550000
2024-07-24T19:39:00+00:00,40142.310000
2024-07-25T06:24:00+00:00,40137.130000
2024-07-25T06:44:00+00:00,40368.910000
2024-07-25T07:09:00+00:00,40363.950000
2024-07-25T13:54:00+00:00,40363.210000
2024-07-25T15:14:00+00:00,40111.470000
2024-07-26T05:54:00+00:00,40107.770000
2024-07-26T06:14:00+00:00,39876.570000
2024-07-26T06:14:00+00:00,39873.610000
2024-07-26T08:14:00+00:00,40136.130000
2024-07-26T08:59:00+00:00,40574.650000
2024-07-26T13:49:00+00:00,40573.910000
2024-07-26T14:04:00+00:00,40366.170000
2024-07-26T14:39:00+00:00,40365.430000
2024-07-26T15:49:00+00:00,40125.190000
2024-07-26T17:39:00+00:00,40122.230000
2024-07-26T17:49:00+00:00,39747.270000
2024-07-29T06:59:00+00:00,39737.650000
2024-07-29T07:04:00+00:00,39344.530000
2024-07-29T13:44:00+00:00,39343.050000
2024-07-29T13:59:00+00:00,39342.310000
2024-07-29T14:14:00+00:00,38982.830000
2024-07-29T14:59:00+00:00,38708.590000
2024-07-29T17:34:00+00:00,38707.110000
2024-07-29T20:09:00+00:00,38970.630000
2024-07-30T06:34:00+00:00,38969.150000
2024-07-30T09:29:00+00:00,39088.670000
2024-07-30T09:29:00+00:00,39082.010000
2024-07-30T10:49:00+00:00,38688.350000
2024-07-30T13:49:00+00:00,38686.870000
2024-07-30T14:34:00+00:00,38885.630000
2024-07-30T15:04:00+00:00,39217.390000
2024-07-31T08:29:00+00:00,39214.430000
2024-07-31T09:54:00+00:00,39157.470000
2024-07-31T09:54:00+00:00,39154.510000
2024-07-31T11:49:00+00:00,38835.550000
2024-07-31T13:39:00+00:00,38833.330000
2024-07-31T14:04:00+00:00,38468.110000
2024-07-31T14:09:00+00:00,38467.370000
2024-07-31T20:09:00+00:00,38748.630000
2024-08-01T06:09:00+00:00,38741.970000
2024-08-01T06:34:00+00:00,38348.310000
2024-08-01T07:14:00+00:00,38344.610000
2024-08-01T07:59:00+00:00,38015.910000
2024-08-01T13:39:00+00:00,38013.690000
2024-08-01T13:49:00+00:00,38162.950000
2024-08-01T13:49:00+00:00,38162.210000
2024-08-01T14:09:00+00:00,38159.730000
2024-08-01T14:24:00+00:00,37868.990000
2024-08-02T10:29:00+00:00,37866.770000
2024-08-02T10:39:00+00:00,37723.550000
2024-08-02T10:39:00+00:00,37721.330000
2024-08-02T12:34:00+00:00,37894.590000
2024-08-02T12:34:00+00:00,37892.110000
2024-08-02T12:39:00+00:00,37890.630000
2024-08-02T12:54:00+00:00,37550.150000
2024-08-02T13:44:00+00:00,37549.410000
2024-08-02T14:09:00+00:00,37163.170000
2024-08-02T14:09:00+00:00,37162.430000
2024-08-02T20:09:00+00:00,37010.190000
2024-08-05T10:04:00+00:00,37009.450000
2024-08-05T10:44:00+00:00,36745.210000
2024-08-05T13:49:00+00:00,36744.470000
2024-08-05T20:09:00+00:00,37224.230000
2024-08-06T05:34:00+00:00,37222.750000
2024-08-06T06:49:00+00:00,36881.270000
2024-08-06T09:09:00+00:00,36880.530000
2024-08-06T11:49:00+00:00,36879.050000
2024-08-06T12:39:00+00:00,37117.560000
2024-08-06T13:34:00+00:00,37116.320000
2024-08-06T14:04:00+00:00,36974.580000
2024-08-06T14:04:00+00:00,36973.840000
2024-08-06T19:04:00+00:00,37232.600000
2024-08-06T19:04:00+00:00,37231.120000
2024-08-06T19:29:00+00:00,36968.640000
2024-08-06T19:29:00+00:00,36965.680000
2024-08-06T19:44:00+00:00,36662.720000
2024-08-07T07:29:00+00:00,36661.980000
2024-08-07T07:39:00+00:00,36543.740000
2024-08-07T07:39:00+00:00,36542.260000
2024-08-07T07:54:00+00:00,36274.780000
2024-08-07T09:49:00+00:00,36271.820000
2024-08-07T10:59:00+00:00,35938.860000
2024-08-07T14:29:00+00:00,35938.120000
2024-08-07T14:49:00+00:00,35723.380000
2024-08-07T19:09:00+00:00,35722.640000
2024-08-07T19:54:00+00:00,35511.900000
2024-08-08T06:24:00+00:00,35511.160000
2024-08-08T07:29:00+00:00,35330.420000
2024-08-08T12:39:00+00:00,35329.680000
2024-08-08T13:49:00+00:00,35202.440000
2024-08-08T13:49:00+00:00,35201.700000
2024-08-08T14:04:00+00:00,34913.960000
2024-08-08T15:29:00+00:00,34913.220000
2024-08-08T17:24:00+00:00,34912.480000
2024-08-08T20:09:00+00:00,35208.740000
2024-08-08T20:09:00+00:00,35369.000000
2024-08-08T23:29:00+00:00,35366.040000
2024-08-09T00:34:00+00:00,35592.560000
2024-08-09T02:34:00+00:00,35590.080000
2024-08-09T13:49:00+00:00,35588.600000
2024-08-09T14:14:00+00:00,35249.120000
2024-08-11T22:09:00+00:00,35246.160000
2024-08-11T22:14:00+00:00,34899.200000
2024-08-11T22:19:00+00:00,34897.720000
2024-08-11T23:04:00+00:00,34657.240000
2024-08-11T23:54:00+00:00,34656.500000
2024-08-12T07:24:00+00:00,34621.260000
2024-08-12T07:24:00+00:00,34617.560000
2024-08-12T07:29:00+00:00,34293.860000
2024-08-12T07:34:00+00:00,34290.160000
2024-08-12T07:54:00+00:00,34489.680000
2024-08-12T08:59:00+00:00,34485.960000
2024-08-12T13:49:00+00:00,34485.220000
2024-08-12T14:14:00+00:00,34269.980000
2024-08-12T14:14:00+00:00,34269.240000
2024-08-12T15:29:00+00:00,34209.500000
2024-08-12T15:29:00+00:00,34206.540000
2024-08-12T15:54:00+00:00,33919.580000
2024-08-13T01:14:00+00:00,33915.140000
2024-08-13T02:54:00+00:00,33577.700000
2024-08-13T13:49:00+00:00,33576.960000
2024-08-13T20:09:00+00:00,34007.470000
2024-08-13T22:09:00+00:00,34005.990000
2024-08-14T05:54:00+00:00,33979.510000
2024-08-14T05:54:00+00:00,33972.850000
2024-08-14T06:39:00+00:00,33637.690000
2024-08-14T13:54:00+00:00,33636.950000
2024-08-14T15:54:00+00:00,33342.710000
2024-08-14T16:24:00+00:00,33340.490000
2024-08-14T19:54:00+00:00,33017.270000
2024-08-15T06:44:00+00:00,33013.570000
2024-08-15T08:34:00+00:00,32694.870000
2024-08-15T12:39:00+00:00,32694.130000
2024-08-15T13:49:00+00:00,32692.650000
2024-08-15T14:49:00+00:00,33113.160000
2024-08-15T15:19:00+00:00,33331.420000
2024-08-15T18:09:00+00:00,33695.680000
2024-08-16T14:09:00+00:00,33694.940000
2024-08-16T20:09:00+00:00,33815.700000
2024-08-19T03:49:00+00:00,33812.000000
2024-08-19T04:39:00+00:00,33983.020000
2024-08-19T06:09:00+00:00,34412.050000
2024-08-19T09:34:00+00:00,34409.090000
2024-08-19T13:09:00+00:00,34629.610000
2024-08-19T13:34:00+00:00,34662.130000
2024-08-19T13:34:00+00:00,34657.690000
2024-08-19T13:39:00+00:00,34909.720000
2024-08-19T13:39:00+00:00,34906.000000
2024-08-19T13:49:00+00:00,34904.520000
2024-08-19T14:04:00+00:00,34665.040000
2024-08-20T06:44:00+00:00,34661.340000
2024-08-20T08:39:00+00:00,34337.640000
2024-08-20T13:49:00+00:00,34336.160000
2024-08-20T14:19:00+00:00,34073.680000
2024-08-20T15:59:00+00:00,34072.200000
2024-08-20T16:54:00+00:00,33816.720000
2024-08-21T00:09:00+00:00,33804.880000
2024-08-21T00:34:00+00:00,33457.040000
2024-08-21T05:49:00+00:00,33450.380000
2024-08-21T06:49:00+00:00,33654.420000
2024-08-21T09:04:00+00:00,34081.970000
2024-08-21T13:54:00+00:00,34079.750000
2024-08-21T14:39:00+00:00,34233.510000
2024-08-21T14:39:00+00:00,34231.030000
2024-08-21T14:59:00+00:00,34230.290000
2024-08-21T18:04:00+00:00,34030.550000
2024-08-21T18:44:00+00:00,34028.330000
2024-08-21T20:09:00+00:00,34075.610000
2024-08-22T07:39:00+00:00,34071.910000
2024-08-22T09:19:00+00:00,33763.210000
2024-08-22T14:04:00+00:00,33761.730000
2024-08-22T14:49:00+00:00,33954.490000
2024-08-22T15:34:00+00:00,34276.250000
2024-08-22T23:14:00+00:00,34268.850000
2024-08-23T00:04:00+00:00,33921.450000
2024-08-23T06:54:00+00:00,33914.790000
2024-08-23T07:29:00+00:00,33575.130000
2024-08-23T13:54:00+00:00,33572.170000
2024-08-23T14:04:00+00:00,33809.190000
2024-08-23T14:04:00+00:00,33806.710000
2024-08-23T14:04:00+00:00,33805.970000
2024-08-23T14:49:00+00:00,33526.230000
2024-08-23T19:19:00+00:00,33525.490000
2024-08-23T20:09:00+00:00,33541.750000
2024-08-26T08:29:00+00:00,33534.350000
2024-08-26T10:44:00+00:00,33774.400000
2024-08-26T11:29:00+00:00,34176.950000
2024-08-26T13:49:00+00:00,34175.470000
2024-08-26T14:19:00+00:00,34389.230000
2024-08-26T14:34:00+00:00,34745.990000
2024-08-27T04:19:00+00:00,34743.030000
2024-08-27T06:09:00+00:00,34812.070000
2024-08-27T06:09:00+00:00,34803.190000
2024-08-27T07:09:00+00:00,34464.310000
2024-08-27T11:14:00+00:00,34460.610000
2024-08-27T12:09:00+00:00,34376.910000
2024-08-27T12:09:00+00:00,34374.690000
2024-08-27T13:04:00+00:00,34534.450000
2024-08-27T13:49:00+00:00,35067.970000
2024-08-27T13:54:00+00:00,35067.230000
2024-08-27T20:09:00+00:00,35263.490000
2024-08-28T01:49:00+00:00,35260.530000
2024-08-28T07:04:00+00:00,35476.550000
2024-08-28T07:59:00+00:00,35469.890000
2024-08-28T08:14:00+00:00,35121.230000
2024-08-28T08:59:00+00:00,35482.250000
2024-08-28T13:44:00+00:00,35480.770000
2024-08-28T13:49:00+00:00,35480.030000
2024-08-28T14:49:00+00:00,35689.290000
2024-08-28T15:14:00+00:00,36038.550000
2024-08-28T18:04:00+00:00,36567.810000
2024-08-29T10:24:00+00:00,36565.590000
2024-08-29T13:34:00+00:00,36240.870000
2024-08-29T13:49:00+00:00,36240.130000
2024-08-29T18:34:00+00:00,35963.890000
2024-08-30T06:04:00+00:00,35952.790000
2024-08-30T06:09:00+00:00,35589.190000
2024-08-30T07:24:00+00:00,35584.750000
2024-08-30T07:39:00+00:00,35825.530000
2024-08-30T10:59:00+00:00,36228.310000
2024-08-30T10:59:00+00:00,36223.870000
2024-08-30T11:44:00+00:00,35898.430000
2024-08-30T12:09:00+00:00,35895.470000
2024-08-30T12:39:00+00:00,35586.510000
2024-08-30T13:54:00+00:00,35585.030000
2024-08-30T14:59:00+00:00,35309.550000
2024-09-02T14:04:00+00:00,35303.630000
2024-09-02T14:09:00+00:00,35300.670000
2024-09-02T14:34:00+00:00,34970.750000
2024-09-02T14:39:00+00:00,34681.790000
2024-09-02T14:39:00+00:00,34677.350000
2024-09-02T22:09:00+00:00,34674.390000
2024-09-02T22:39:00+00:00,34369.430000
2024-09-02T22:49:00+00:00,34025.990000
2024-09-03T05:29:00+00:00,34020.810000
2024-09-03T06:29:00+00:00,34218.840000
2024-09-03T06:39:00+00:00,34213.880000
2024-09-03T07:59:00+00:00,34207.960000
2024-09-03T08:29:00+00:00,34445.000000
2024-09-03T08:44:00+00:00,34842.040000
2024-09-03T11:24:00+00:00,34839.080000
2024-09-03T13:34:00+00:00,34500.120000
2024-09-03T13:54:00+00:00,34499.380000
2024-09-03T17:39:00+00:00,34498.640000
2024-09-03T19:44:00+00:00,35206.650000
2024-09-03T19:49:00+00:00,35659.660000
2024-09-04T07:14:00+00:00,35655.960000
2024-09-04T09:49:00+00:00,35861.480000
2024-09-04T10:19:00+00:00,35857.760000
2024-09-04T13:49:00+00:00,35857.020000
2024-09-04T14:04:00+00:00,35606.280000
2024-09-05T05:19:00+00:00,35601.840000
2024-09-05T06:59:00+00:00,35285.400000
2024-09-05T07:14:00+00:00,35283.180000
2024-09-05T09:24:00+00:00,34961.460000
2024-09-05T13:54:00+00:00,34960.720000
2024-09-05T15:29:00+00:00,34660.480000
2024-09-06T05:54:00+00:00,34656.040000
2024-09-06T06:09:00+00:00,34339.600000
2024-09-06T06:14:00+00:00,34337.380000
2024-09-06T07:14:00+00:00,34469.390000
2024-09-06T07:19:00+00:00,34910.410000
2024-09-06T13:44:00+00:00,34909.670000
2024-09-06T13:59:00+00:00,34908.930000
2024-09-06T15:54:00+00:00,35708.190000
2024-09-06T20:09:00+00:00,36305.450000
2024-09-08T23:29:00+00:00,36303.970000
2024-09-09T04:14:00+00:00,36534.230000
2024-09-09T10:04:00+00:00,36918.490000
2024-09-09T13:59:00+00:00,36917.010000
2024-09-09T14:34:00+00:00,36583.530000
2024-09-09T23:59:00+00:00,36579.830000
2024-09-10T00:14:00+00:00,36782.350000
2024-09-10T04:34:00+00:00,37290.130000
2024-09-10T09:44:00+00:00,37286.430000
2024-09-10T10:34:00+00:00,37284.950000
2024-09-10T11:49:00+00:00,37503.970000
2024-09-10T12:14:00+00:00,38053.000000
2024-09-10T13:24:00+00:00,38246.510000
2024-09-10T13:44:00+00:00,38423.270000
2024-09-10T13:44:00+00:00,38421.790000
2024-09-10T14:14:00+00:00,38421.050000
2024-09-10T14:34:00+00:00,38499.570000
2024-09-10T14:34:00+00:00,38425.830000
2024-09-10T14:39:00+00:00,38423.610000
2024-09-10T14:54:00+00:00,38062.890000
2024-09-10T23:59:00+00:00,38057.710000
2024-09-11T01:14:00+00:00,38289.490000
2024-09-11T01:34:00+00:00,38806.530000
2024-09-11T05:39:00+00:00,38797.650000
2024-09-11T05:49:00+00:00,39076.710000
2024-09-11T06:04:00+00:00,39544.770000
2024-09-11T08:54:00+00:00,39538.850000
2024-09-11T09:54:00+00:00,39817.890000
2024-09-11T11:39:00+00:00,40284.930000
2024-09-11T13:09:00+00:00,40284.190000
2024-09-11T13:39:00+00:00,40161.450000
2024-09-11T13:39:00+00:00,40159.230000
2024-09-11T13:54:00+00:00,40158.490000
2024-09-11T14:04:00+00:00,40323.500000
2024-09-11T14:14:00+00:00,40874.520000
2024-09-11T16:24:00+00:00,40650.280000
2024-09-12T02:59:00+00:00,40642.880000
2024-09-12T03:44:00+00:00,40230.480000
2024-09-12T05:39:00+00:00,40220.860000
2024-09-12T05:54:00+00:00,39808.240000
2024-09-12T06:24:00+00:00,39800.840000
2024-09-12T07:19:00+00:00,40070.890000
2024-09-12T07:29:00+00:00,40064.690000
2024-09-12T07:34:00+00:00,40061.730000
2024-09-12T08:04:00+00:00,39690.770000
2024-09-12T13:49:00+00:00,39689.290000
2024-09-12T14:14:00+00:00,39364.810000
2024-09-12T14:19:00+00:00,39364.070000
2024-09-12T20:09:00+00:00,39530.830000
2024-09-12T23:59:00+00:00,39523.430000
2024-09-13T00:39:00+00:00,39146.030000
2024-09-13T06:04:00+00:00,39143.070000
2024-09-13T07:39:00+00:00,39138.630000
2024-09-13T13:29:00+00:00,39422.160000
2024-09-13T13:39:00+00:00,39418.440000
2024-09-13T13:44:00+00:00,39091.480000
2024-09-13T14:09:00+00:00,39090.740000
2024-09-13T16:59:00+00:00,39090.000000
2024-09-13T20:09:00+00:00,39114.260000
2024-09-13T20:09:00+00:00,39067.020000
2024-09-15T22:09:00+00:00,39061.840000
2024-09-15T22:19:00+00:00,38675.160000
2024-09-16T02:39:00+00:00,38669.980000
2024-09-16T07:24:00+00:00,38667.020000
2024-09-16T10:29:00+00:00,38910.050000
2024-09-16T11:29:00+00:00,39452.090000
2024-09-16T12:09:00+00:00,39702.610000
2024-09-16T13:34:00+00:00,40121.130000
2024-09-16T13:54:00+00:00,40120.390000
2024-09-16T14:34:00+00:00,39890.650000
2024-09-16T14:39:00+00:00,39889.910000
2024-09-16T20:09:00+00:00,39694.670000
2024-09-17T01:39:00+00:00,39683.570000
2024-09-17T03:19:00+00:00,39522.470000
2024-09-17T03:19:00+00:00,39508.410000
2024-09-17T03:34:00+00:00,39095.350000
2024-09-17T03:39:00+00:00,39086.470000
2024-09-17T05:04:00+00:00,39361.030000
2024-09-17T05:29:00+00:00,39821.590000
2024-09-17T12:19:00+00:00,39817.150000
2024-09-17T12:34:00+00:00,39455.710000
2024-09-17T13:49:00+00:00,39454.230000
2024-09-17T13:54:00+00:00,39452.750000
2024-09-17T14:09:00+00:00,39134.270000
2024-09-17T14:49:00+00:00,38813.790000
2024-09-17T15:04:00+00:00,38811.570000
2024-09-17T15:19:00+00:00,38492.850000
2024-09-18T07:29:00+00:00,38486.930000
2024-09-18T08:34:00+00:00,38762.970000
2024-09-18T09:24:00+00:00,38758.010000
2024-09-18T13:39:00+00:00,38752.830000
2024-09-18T13:44:00+00:00,38373.150000
2024-09-18T14:19:00+00:00,38371.670000
2024-09-18T16:19:00+00:00,38451.190000
2024-09-18T16:19:00+00:00,38448.230000
2024-09-18T16:59:00+00:00,38715.250000
2024-09-18T17:44:00+00:00,38941.770000
2024-09-18T17:44:00+00:00,38938.070000
2024-09-18T18:04:00+00:00,39157.090000
2024-09-18T18:04:00+00:00,39153.370000
2024-09-19T13:54:00+00:00,39151.890000
2024-09-19T14:19:00+00:00,38863.410000
2024-09-19T16:09:00+00:00,38862.670000
2024-09-19T20:09:00+00:00,38728.430000
2024-09-20T03:24:00+00:00,38720.290000
2024-09-20T04:39:00+00:00,38979.090000
2024-09-20T05:24:00+00:00,38971.650000
2024-09-20T13:14:00+00:00,38968.690000
2024-09-20T13:39:00+00:00,38615.730000
2024-09-20T13:59:00+00:00,38614.250000
2024-09-20T15:19:00+00:00,38855.760000
2024-09-20T16:09:00+00:00,38854.520000
2024-09-23T13:49:00+00:00,38853.040000
2024-09-23T13:54:00+00:00,38850.820000
2024-09-23T17:04:00+00:00,38572.340000
2024-09-23T17:04:00+00:00,38214.620000
2024-09-24T10:54:00+00:00,38211.660000
2024-09-24T11:04:00+00:00,38442.680000
2024-09-24T13:09:00+00:00,38440.200000
2024-09-24T13:59:00+00:00,38438.720000
2024-09-24T14:04:00+00:00,38632.230000
2024-09-24T14:04:00+00:00,38630.990000
2024-09-25T03:19:00+00:00,38621.370000
2024-09-25T05:44:00+00:00,38234.750000
2024-09-25T09:39:00+00:00,38231.050000
2024-09-25T13:34:00+00:00,38448.570000
2024-09-25T13:39:00+00:00,38993.850000
2024-09-25T13:39:00+00:00,38991.630000
2024-09-25T13:59:00+00:00,38990.150000
2024-09-25T14:14:00+00:00,39139.410000
2024-09-25T15:54:00+00:00,39136.930000
2024-09-25T17:04:00+00:00,38758.450000
2024-09-26T13:54:00+00:00,38757.710000
2024-09-26T16:09:00+00:00,38756.970000
2024-09-26T17:34:00+00:00,39063.230000
2024-09-26T17:34:00+00:00,39105.490000
2024-09-26T17:39:00+00:00,39103.270000
2024-09-26T18:19:00+00:00,39253.280000
2024-09-26T20:09:00+00:00,39638.800000
2024-09-27T05:34:00+00:00,39633.620000
2024-09-27T05:59:00+00:00,39253.940000
2024-09-27T09:29:00+00:00,39248.020000
2024-09-27T10:09:00+00:00,38886.100000
2024-09-27T12:59:00+00:00,38882.400000
2024-09-27T13:39:00+00:00,39077.420000
2024-09-27T14:04:00+00:00,39073.700000
2024-09-27T14:19:00+00:00,39072.220000
2024-09-27T20:09:00+00:00,39381.740000
2024-09-29T22:19:00+00:00,39379.520000
2024-09-30T02:14:00+00:00,39006.800000
2024-09-30T14:14:00+00:00,39005.320000
2024-09-30T18:24:00+00:00,39004.580000
2024-09-30T19:49:00+00:00,38723.340000
2024-09-30T19:59:00+00:00,38354.860000
2024-10-01T00:24:00+00:00,38350.420000
2024-10-01T00:49:00+00:00,38012.980000
2024-10-01T13:49:00+00:00,38012.240000
2024-10-01T17:39:00+00:00,38310.500000
2024-10-01T17:39:00+00:00,38309.020000
2024-10-01T18:04:00+00:00,38570.780000
2024-10-01T20:09:00+00:00,38764.540000
2024-10-02T06:54:00+00:00,38763.060000
2024-10-02T10:24:00+00:00,38828.580000
2024-10-02T10:24:00+00:00,38824.140000
2024-10-02T10:39:00+00:00,39094.170000
2024-10-02T11:14:00+00:00,39345.450000
2024-10-02T11:14:00+00:00,39342.490000
2024-10-02T12:44:00+00:00,38971.530000
2024-10-02T13:54:00+00:00,38970.050000
2024-10-02T14:19:00+00:00,38969.310000
2024-10-02T14:44:00+00:00,39213.070000
2024-10-02T20:09:00+00:00,39472.830000
2024-10-02T20:09:00+00:00,39549.590000
2024-10-03T00:09:00+00:00,39544.410000
2024-10-03T00:19:00+00:00,39794.190000
2024-10-03T01:34:00+00:00,40351.230000
2024-10-03T02:59:00+00:00,40348.270000
2024-10-03T05:49:00+00:00,40343.090000
2024-10-03T06:54:00+00:00,39931.910000
2024-10-03T07:29:00+00:00,40224.430000
2024-10-03T11:04:00+00:00,40221.950000
2024-10-03T12:29:00+00:00,40211.590000
2024-10-03T12:34:00+00:00,39809.230000
2024-10-03T13:39:00+00:00,39806.270000
2024-10-03T13:54:00+00:00,39805.530000
2024-10-03T13:59:00+00:00,40068.050000
2024-10-03T14:04:00+00:00,40506.570000
2024-10-03T14:19:00+00:00,40537.330000
2024-10-03T14:19:00+00:00,40535.850000
2024-10-03T14:44:00+00:00,40740.610000
2024-10-03T14:54:00+00:00,40739.370000
2024-10-04T07:19:00+00:00,40735.670000
2024-10-04T11:34:00+00:00,40969.690000
2024-10-04T12:34:00+00:00,41556.220000
2024-10-04T13:54:00+00:00,41554.740000
2024-10-04T14:14:00+00:00,41822.500000
2024-10-04T15:04:00+00:00,41821.260000
2024-10-07T01:54:00+00:00,41814.600000
2024-10-07T02:09:00+00:00,41393.940000
2024-10-07T13:14:00+00:00,41391.720000
2024-10-07T13:54:00+00:00,41200.500000
2024-10-07T13:54:00+00:00,41198.280000
2024-10-07T14:19:00+00:00,40842.060000
2024-10-08T02:49:00+00:00,40839.100000
2024-10-08T05:14:00+00:00,40698.140000
2024-10-08T05:14:00+00:00,40692.960000
2024-10-08T07:39:00+00:00,40299.280000
2024-10-08T13:54:00+00:00,40297.800000
2024-10-08T14:44:00+00:00,40504.060000
2024-10-08T19:34:00+00:00,40848.320000
2024-10-09T05:09:00+00:00,40838.700000
2024-10-09T05:34:00+00:00,40426.080000
2024-10-09T06:54:00+00:00,40419.420000
2024-10-09T07:14:00+00:00,40034.760000
2024-10-09T07:14:00+00:00,40031.060000
2024-10-09T08:04:00+00:00,39669.860000
2024-10-09T08:24:00+00:00,39664.680000
2024-10-09T08:49:00+00:00,39299.000000
2024-10-09T13:39:00+00:00,39294.560000
2024-10-09T13:44:00+00:00,38930.120000
2024-10-09T14:14:00+00:00,38927.900000
2024-10-09T15:24:00+00:00,39114.660000
2024-10-09T18:29:00+00:00,39738.180000
2024-10-09T23:29:00+00:00,39733.000000
2024-10-10T02:54:00+00:00,39349.820000
2024-10-10T05:09:00+00:00,39337.980000
2024-10-10T05:54:00+00:00,38942.140000
2024-10-10T13:49:00+00:00,38940.660000
2024-10-10T14:09:00+00:00,38626.180000
2024-10-10T17:54:00+00:00,38624.700000
2024-10-10T20:09:00+00:00,38628.220000
2024-10-11T03:14:00+00:00,38620.080000
2024-10-11T03:39:00+00:00,38243.440000
2024-10-11T13:49:00+00:00,38240.480000
2024-10-11T14:14:00+00:00,38498.500000
2024-10-11T14:29:00+00:00,38929.520000
2024-10-14T01:44:00+00:00,38922.120000
2024-10-14T02:04:00+00:00,38529.720000
2024-10-14T09:09:00+00:00,38527.500000
2024-10-14T13:14:00+00:00,38681.260000
2024-10-14T13:49:00+00:00,39194.780000
2024-10-14T13:49:00+00:00,39193.300000
2024-10-14T15:04:00+00:00,38799.820000
2024-10-15T00:09:00+00:00,38792.420000
2024-10-15T00:49:00+00:00,39054.970000
2024-10-15T00:49:00+00:00,39048.770000
2024-10-15T07:49:00+00:00,39044.330000
2024-10-15T08:39:00+00:00,39294.110000
2024-10-15T10:34:00+00:00,39290.390000
2024-10-15T13:34:00+00:00,39283.730000
2024-10-15T13:39:00+00:00,38899.070000
2024-10-15T14:14:00+00:00,38897.590000
2024-10-15T14:34:00+00:00,39127.100000
2024-10-15T14:39:00+00:00,39510.110000
2024-10-16T05:14:00+00:00,39491.610000
2024-10-16T05:29:00+00:00,39073.110000
2024-10-16T07:04:00+00:00,39065.710000
2024-10-16T07:24:00+00:00,39339.510000
2024-10-16T07:34:00+00:00,39333.310000
2024-10-16T07:39:00+00:00,39331.090000
2024-10-16T13:34:00+00:00,39025.870000
2024-10-16T13:59:00+00:00,39025.130000
2024-10-16T14:14:00+00:00,38864.390000
2024-10-16T14:14:00+00:00,38862.910000
2024-10-16T20:09:00+00:00,38982.430000
2024-10-17T00:34:00+00:00,38977.990000
2024-10-17T01:24:00+00:00,38889.550000
2024-10-17T01:24:00+00:00,38882.890000
2024-10-17T05:34:00+00:00,38502.730000
2024-10-17T14:04:00+00:00,38501.990000
2024-10-17T18:14:00+00:00,38500.510000
2024-10-17T20:09:00+00:00,38488.770000
2024-10-17T20:09:00+00:00,38574.290000
2024-10-18T09:24:00+00:00,38566.150000
2024-10-18T10:04:00+00:00,38824.950000
2024-10-18T10:44:00+00:00,38817.510000
2024-10-18T13:49:00+00:00,38816.030000
2024-10-18T14:09:00+00:00,38814.550000
2024-10-18T20:09:00+00:00,38967.070000
2024-10-18T20:09:00+00:00,38876.590000
2024-10-21T13:49:00+00:00,38875.110000
2024-10-21T14:44:00+00:00,38603.630000
2024-10-22T12:34:00+00:00,38598.450000
2024-10-22T12:44:00+00:00,38816.730000
2024-10-22T13:24:00+00:00,38811.770000
2024-10-22T13:54:00+00:00,38810.290000
2024-10-22T14:59:00+00:00,38809.550000
2024-10-22T18:04:00+00:00,39087.060000
2024-10-22T20:09:00+00:00,39213.820000
2024-10-22T20:09:00+00:00,39280.580000
2024-10-23T02:34:00+00:00,39273.920000
2024-10-23T07:24:00+00:00,38902.760000
2024-10-23T12:39:00+00:00,38896.840000
2024-10-23T13:34:00+00:00,39175.880000
2024-10-23T13:34:00+00:00,39170.920000
2024-10-23T14:04:00+00:00,39169.440000
2024-10-23T14:59:00+00:00,39167.960000
2024-10-23T16:09:00+00:00,39379.470000
2024-10-23T16:29:00+00:00,39615.730000
2024-10-23T17:04:00+00:00,39968.740000
2024-10-23T17:14:00+00:00,40363.000000
2024-10-24T03:14:00+00:00,40354.120000
2024-10-24T03:29:00+00:00,39955.240000
2024-10-24T07:09:00+00:00,39950.800000
2024-10-24T08:14:00+00:00,40227.580000
2024-10-24T12:34:00+00:00,40690.360000
2024-10-24T13:49:00+00:00,40688.880000
2024-10-24T14:04:00+00:00,40390.400000
2024-10-25T07:14:00+00:00,40386.700000
2024-10-25T08:09:00+00:00,40575.500000
2024-10-25T08:09:00+00:00,40568.840000
2024-10-25T09:14:00+00:00,40175.180000
2024-10-25T13:49:00+00:00,40174.440000
2024-10-25T17:44:00+00:00,39924.200000
2024-10-27T22:09:00+00:00,39921.240000
2024-10-28T01:04:00+00:00,40118.280000
2024-10-28T01:04:00+00:00,40112.360000
2024-10-28T04:54:00+00:00,39718.440000
2024-10-28T05:14:00+00:00,39707.340000
2024-10-28T05:44:00+00:00,39975.160000
2024-10-28T06:04:00+00:00,40489.240000
2024-10-28T08:24:00+00:00,40484.800000
2024-10-28T10:14:00+00:00,40795.360000
2024-10-28T10:14:00+00:00,40783.520000
2024-10-28T10:59:00+00:00,41071.600000
2024-10-28T11:04:00+00:00,41555.680000
2024-10-28T13:54:00+00:00,41554.200000
2024-10-28T20:09:00+00:00,41701.720000
2024-10-28T23:54:00+00:00,41697.280000
2024-10-29T00:14:00+00:00,41691.360000
2024-10-29T00:39:00+00:00,41281.440000
2024-10-29T01:29:00+00:00,41070.000000
2024-10-29T01:29:00+00:00,41064.820000
2024-10-29T03:49:00+00:00,40667.640000
2024-10-29T14:04:00+00:00,40666.160000
2024-10-29T17:04:00+00:00,40960.920000
2024-10-29T20:09:00+00:00,41373.180000
2024-10-29T23:09:00+00:00,41368.000000
2024-10-30T00:19:00+00:00,40981.320000
2024-10-30T14:19:00+00:00,40980.580000
2024-10-30T19:54:00+00:00,40706.840000
2024-10-31T13:49:00+00:00,40706.100000
2024-10-31T20:09:00+00:00,40949.860000
2024-11-01T02:29:00+00:00,40945.420000
2024-11-01T04:54:00+00:00,41120.980000
2024-11-01T04:54:00+00:00,41107.660000
2024-11-01T05:09:00+00:00,40680.340000
2024-11-01T11:54:00+00:00,40671.460000
2024-11-01T12:34:00+00:00,40955.020000
2024-11-01T12:34:00+00:00,40947.580000
2024-11-01T13:39:00+00:00,40945.360000
2024-11-01T13:59:00+00:00,40944.620000
2024-11-01T14:14:00+00:00,41111.880000
2024-11-01T14:29:00+00:00,41670.400000
2024-11-01T19:34:00+00:00,41654.160000
2024-11-04T13:04:00+00:00,41651.940000
2024-11-04T14:29:00+00:00,41258.220000
2024-11-04T14:49:00+00:00,41256.740000
2024-11-04T15:19:00+00:00,41256.000000
2024-11-04T17:09:00+00:00,40945.520000
2024-11-04T21:09:00+00:00,40845.780000
2024-11-05T03:39:00+00:00,40833.940000
2024-11-05T04:44:00+00:00,41128.020000
2024-11-05T05:19:00+00:00,41118.100000
2024-11-05T07:29:00+00:00,41108.480000
2024-11-05T08:14:00+00:00,41369.540000
2024-11-05T08:34:00+00:00,41360.860000
2024-11-05T14:04:00+00:00,41355.680000
2024-11-05T14:19:00+00:00,40934.000000
2024-11-05T14:49:00+00:00,40933.260000
2024-11-05T16:14:00+00:00,40932.520000
2024-11-05T20:14:00+00:00,40929.560000
2024-11-05T20:49:00+00:00,41078.320000
2024-11-05T20:49:00+00:00,41141.080000
2024-11-05T20:49:00+00:00,41134.120000
2024-11-06T14:54:00+00:00,41133.380000
2024-11-06T15:19:00+00:00,40904.140000
2024-11-07T14:59:00+00:00,40903.400000
2024-11-07T21:09:00+00:00,41163.660000
2024-11-08T04:39:00+00:00,41156.260000
2024-11-08T05:39:00+00:00,40758.860000
2024-11-08T06:14:00+00:00,40750.720000
2024-11-08T08:14:00+00:00,41005.770000
2024-11-08T08:19:00+00:00,40998.330000
2024-11-08T14:49:00+00:00,40995.370000
2024-11-08T15:09:00+00:00,40993.150000
2024-11-08T15:24:00+00:00,41190.190000
2024-11-08T15:24:00+00:00,41156.470000
2024-11-08T15:29:00+00:00,41152.770000
2024-11-08T18:39:00+00:00,41373.290000
2024-11-08T21:09:00+00:00,41566.070000
2024-11-11T02:09:00+00:00,41563.110000
2024-11-11T08:29:00+00:00,41216.150000
2024-11-11T13:24:00+00:00,41210.970000
2024-11-11T14:34:00+00:00,41442.750000
2024-11-11T14:39:00+00:00,41959.790000
2024-11-11T14:49:00+00:00,41958.310000
2024-11-11T15:49:00+00:00,41957.570000
2024-11-11T21:09:00+00:00,41809.090000
2024-11-11T21:09:00+00:00,41772.850000
2024-11-12T07:54:00+00:00,41768.410000
2024-11-12T09:09:00+00:00,41541.970000
2024-11-12T09:09:00+00:00,41535.310000
2024-11-12T09:34:00+00:00,41128.150000
2024-11-12T10:49:00+00:00,41124.450000
2024-11-12T12:59:00+00:00,41495.750000
2024-11-12T12:59:00+00:00,41489.090000
2024-11-12T13:24:00+00:00,41099.930000
2024-11-12T16:09:00+00:00,41097.710000
2024-11-12T16:59:00+00:00,41248.490000
2024-11-12T16:59:00+00:00,41244.790000
2024-11-12T17:54:00+00:00,40891.090000
2024-11-13T06:59:00+00:00,40885.170000
2024-11-13T08:34:00+00:00,41176.210000
2024-11-13T08:59:00+00:00,41663.250000
2024-11-13T12:44:00+00:00,41659.550000
2024-11-13T13:34:00+00:00,41245.850000
2024-11-13T14:49:00+00:00,41243.630000
2024-11-13T17:09:00+00:00,40914.410000
2024-11-14T10:49:00+00:00,40907.750000
2024-11-14T13:34:00+00:00,41165.790000
2024-11-14T13:34:00+00:00,41159.590000
2024-11-14T14:49:00+00:00,41156.630000
2024-11-14T15:19:00+00:00,41155.890000
2024-11-14T15:34:00+00:00,41068.930000
2024-11-14T15:34:00+00:00,40955.690000
2024-11-14T15:39:00+00:00,40952.730000
2024-11-14T16:04:00+00:00,40815.770000
2024-11-14T16:04:00+00:00,40814.290000
2024-11-14T20:44:00+00:00,41043.050000
2024-11-14T21:09:00+00:00,41296.310000
2024-11-15T12:24:00+00:00,41288.170000
2024-11-15T12:54:00+00:00,40873.030000
2024-11-15T15:04:00+00:00,40871.550000
2024-11-15T16:54:00+00:00,41176.810000
2024-11-15T18:59:00+00:00,41686.070000
2024-11-18T09:09:00+00:00,41680.150000
2024-11-18T09:34:00+00:00,41968.190000
2024-11-18T13:04:00+00:00,42450.230000
2024-11-18T14:34:00+00:00,42442.830000
2024-11-18T14:39:00+00:00,42015.430000
2024-11-18T14:54:00+00:00,42013.210000
2024-11-18T15:04:00+00:00,41668.990000
2024-11-18T15:09:00+00:00,41666.770000
2024-11-18T15:34:00+00:00,41837.030000
2024-11-18T16:39:00+00:00,42405.550000
2024-11-18T18:04:00+00:00,42401.110000
2024-11-18T18:44:00+00:00,41994.670000
2024-11-18T19:04:00+00:00,41991.710000
2024-11-18T19:19:00+00:00,41622.750000
2024-11-19T00:39:00+00:00,41615.350000
2024-11-19T01:59:00+00:00,41202.950000
2024-11-19T07:09:00+00:00,41197.030000
2024-11-19T07:29:00+00:00,41163.110000
2024-11-19T07:29:00+00:00,41152.010000
2024-11-19T08:04:00+00:00,41430.330000
2024-11-19T08:14:00+00:00,41420.410000
2024-11-19T08:19:00+00:00,41415.970000
2024-11-19T08:39:00+00:00,41690.500000
2024-11-19T08:39:00+00:00,42149.530000
2024-11-19T15:29:00+00:00,42148.050000
2024-11-19T18:39:00+00:00,42430.810000
2024-11-19T21:09:00+00:00,42798.570000
2024-11-20T14:59:00+00:00,42797.830000
2024-11-20T20:59:00+00:00,42512.590000
2024-11-21T07:34:00+00:00,42509.630000
2024-11-21T07:49:00+00:00,42088.670000
2024-11-21T14:39:00+00:00,42086.450000
2024-11-21T14:49:00+00:00,41752.730000
2024-11-21T15:04:00+00:00,41751.990000
2024-11-21T15:19:00+00:00,41612.750000
2024-11-21T15:19:00+00:00,41611.270000
2024-11-21T15:24:00+00:00,41305.790000
2024-11-22T06:09:00+00:00,41299.870000
2024-11-22T09:09:00+00:00,40885.950000
2024-11-22T15:14:00+00:00,40884.470000
2024-11-22T15:44:00+00:00,40586.990000
2024-11-22T15:44:00+00:00,40585.510000
2024-11-22T16:24:00+00:00,40250.030000
2024-11-22T20:09:00+00:00,40247.070000
2024-11-22T20:59:00+00:00,39886.110000
2024-11-25T03:34:00+00:00,39871.310000
2024-11-25T04:24:00+00:00,39456.510000
2024-11-25T06:09:00+00:00,39440.230000
2024-11-25T07:14:00+00:00,39236.950000
2024-11-25T07:14:00+00:00,39224.370000
2024-11-25T07:34:00+00:00,38829.290000
2024-11-25T12:24:00+00:00,38821.150000
2024-11-25T13:44:00+00:00,39064.950000
2024-11-25T13:49:00+00:00,39555.510000
2024-11-25T14:34:00+00:00,39551.070000
2024-11-25T14:39:00+00:00,39159.630000
2024-11-25T14:54:00+00:00,39157.410000
2024-11-25T17:19:00+00:00,39341.170000
2024-11-25T17:59:00+00:00,39653.690000
2024-11-25T17:59:00+00:00,39650.730000
2024-11-25T21:09:00+00:00,40009.770000
2024-11-25T23:09:00+00:00,40008.290000
2024-11-25T23:49:00+00:00,39703.810000
2024-11-26T07:09:00+00:00,39697.890000
2024-11-26T08:39:00+00:00,39976.930000
2024-11-26T09:09:00+00:00,39971.970000
2024-11-26T14:29:00+00:00,39964.570000
2024-11-26T14:34:00+00:00,39572.170000
2024-11-26T14:49:00+00:00,39570.690000
2024-11-26T15:04:00+00:00,39256.210000
2024-11-27T11:19:00+00:00,39251.770000
2024-11-27T12:54:00+00:00,38887.330000
2024-11-27T14:19:00+00:00,38883.630000
2024-11-27T14:34:00+00:00,38517.430000
2024-11-27T14:54:00+00:00,38516.690000
2024-11-27T21:09:00+00:00,38577.450000
2024-11-28T15:19:00+00:00,38570.790000
2024-11-28T23:04:00+00:00,38190.630000
2024-11-29T00:14:00+00:00,38186.930000
2024-11-29T02:59:00+00:00,37845.730000
2024-11-29T14:09:00+00:00,37842.030000
2024-11-29T14:34:00+00:00,37475.830000
2024-11-29T14:34:00+00:00,37472.130000
2024-11-29T14:39:00+00:00,37145.930000
2024-11-29T14:54:00+00:00,37144.450000
2024-12-02T04:09:00+00:00,37134.090000
2024-12-02T08:04:00+00:00,37396.660000
2024-12-02T09:54:00+00:00,37387.980000
2024-12-02T13:19:00+00:00,37660.240000
2024-12-02T14:39:00+00:00,38114.500000
2024-12-02T14:49:00+00:00,38113.760000
2024-12-02T21:09:00+00:00,38277.520000
2024-12-03T07:19:00+00:00,38263.460000
2024-12-03T08:09:00+00:00,38520.050000
2024-12-03T08:14:00+00:00,38507.650000
2024-12-03T08:19:00+00:00,38502.470000
2024-12-03T12:29:00+00:00,38682.790000
2024-12-03T12:29:00+00:00,38675.390000
2024-12-03T13:59:00+00:00,38457.990000
2024-12-03T13:59:00+00:00,38449.850000
2024-12-03T14:09:00+00:00,38693.650000
2024-12-03T14:09:00+00:00,38686.210000
2024-12-03T15:04:00+00:00,38684.730000
2024-12-03T21:09:00+00:00,39042.250000
2024-12-04T03:44:00+00:00,39033.370000
2024-12-04T05:34:00+00:00,39307.930000
2024-12-04T06:34:00+00:00,39300.490000
2024-12-04T06:49:00+00:00,39290.130000
2024-12-04T08:39:00+00:00,39568.450000
2024-12-04T08:54:00+00:00,40035.770000
2024-12-04T15:09:00+00:00,40032.810000
2024-12-04T18:59:00+00:00,40029.110000
2024-12-04T19:34:00+00:00,40321.630000
2024-12-04T20:39:00+00:00,40555.650000
2024-12-04T21:09:00+00:00,40901.170000
2024-12-04T21:09:00+00:00,41212.450000
2024-12-04T23:44:00+00:00,41208.750000
2024-12-05T03:14:00+00:00,41207.550000
2024-12-05T03:14:00+00:00,41201.630000
2024-12-05T05:34:00+00:00,41179.710000
2024-12-05T05:34:00+00:00,41164.170000
2024-12-05T06:04:00+00:00,41096.130000
2024-12-05T06:04:00+00:00,41084.290000
2024-12-05T06:54:00+00:00,40672.450000
2024-12-05T08:19:00+00:00,40665.050000
2024-12-05T12:59:00+00:00,40961.350000
2024-12-05T14:49:00+00:00,41115.150000
2024-12-05T14:49:00+00:00,41110.710000
2024-12-05T17:14:00+00:00,40707.270000
2024-12-06T07:29:00+00:00,40690.250000
2024-12-06T08:19:00+00:00,40270.730000
2024-12-06T14:49:00+00:00,40269.990000
2024-12-06T21:09:00+00:00,40374.250000
2024-12-09T07:29:00+00:00,40366.850000
2024-12-09T07:39:00+00:00,40651.900000
2024-12-09T09:09:00+00:00,40645.700000
2024-12-09T09:09:00+00:00,40638.300000
2024-12-09T09:44:00+00:00,40915.850000
2024-12-09T10:19:00+00:00,41380.900000
2024-12-09T11:39:00+00:00,41379.420000
2024-12-09T14:49:00+00:00,41188.940000
2024-12-09T14:49:00+00:00,41186.720000
2024-12-09T14:54:00+00:00,41184.500000
2024-12-09T15:29:00+00:00,40807.280000
2024-12-09T15:29:00+00:00,40422.560000
2024-12-10T14:59:00+00:00,40419.600000
2024-12-10T15:04:00+00:00,40166.640000
2024-12-10T15:04:00+00:00,40165.160000
2024-12-10T15:59:00+00:00,39874.680000
2024-12-10T17:29:00+00:00,39870.980000
2024-12-10T19:04:00+00:00,39519.780000
2024-12-11T04:59:00+00:00,39502.760000
2024-12-11T06:59:00+00:00,39766.870000
2024-12-11T07:14:00+00:00,39751.990000
2024-12-11T07:14:00+00:00,39739.410000
2024-12-11T07:29:00+00:00,40003.490000
2024-12-11T07:39:00+00:00,40503.080000
2024-12-11T14:49:00+00:00,40501.600000
2024-12-11T20:19:00+00:00,40791.110000
2024-12-11T21:09:00+00:00,40966.370000
2024-12-12T03:44:00+00:00,40947.870000
2024-12-12T04:44:00+00:00,40516.870000
2024-12-12T08:09:00+00:00,40506.510000
2024-12-12T08:39:00+00:00,40097.150000
2024-12-12T15:09:00+00:00,40094.190000
2024-12-12T15:24:00+00:00,39717.230000
2024-12-12T19:39:00+00:00,39711.310000
2024-12-12T20:14:00+00:00,39321.390000
2024-12-13T07:09:00+00:00,39310.290000
2024-12-13T08:19:00+00:00,38909.190000
2024-12-13T09:39:00+00:00,38898.830000
2024-12-13T09:44:00+00:00,38510.470000
2024-12-13T12:09:00+00:00,38507.510000
2024-12-13T14:44:00+00:00,38747.530000
2024-12-13T14:49:00+00:00,39148.550000
2024-12-13T15:44:00+00:00,39147.810000
2024-12-13T16:24:00+00:00,39182.070000
2024-12-13T16:24:00+00:00,39179.850000
2024-12-13T19:29:00+00:00,39338.860000
2024-12-13T20:49:00+00:00,39668.380000
2024-12-16T05:59:00+00:00,39657.280000
2024-12-16T07:34:00+00:00,39925.100000
2024-12-16T07:54:00+00:00,39918.440000
2024-12-16T09:14:00+00:00,40432.520000
2024-12-16T09:19:00+00:00,40672.560000
2024-12-16T10:04:00+00:00,41175.110000
2024-12-16T13:19:00+00:00,41171.410000
2024-12-16T14:54:00+00:00,41415.930000
2024-12-16T14:54:00+00:00,41414.450000
2024-12-16T15:34:00+00:00,42027.230000
2024-12-16T17:39:00+00:00,42239.490000
2024-12-16T20:09:00+00:00,42593.750000
2024-12-16T23:14:00+00:00,42590.790000
2024-12-17T01:14:00+00:00,42565.830000
2024-12-17T01:14:00+00:00,42556.210000
2024-12-17T02:04:00+00:00,42839.770000
2024-12-17T03:54:00+00:00,43128.590000
2024-12-17T03:54:00+00:00,43111.570000
2024-12-17T05:49:00+00:00,43400.430000
2024-12-17T06:29:00+00:00,43931.550000
2024-12-17T11:24:00+00:00,43930.070000
2024-12-17T13:04:00+00:00,43631.590000
2024-12-17T14:49:00+00:00,43628.630000
2024-12-17T15:04:00+00:00,43189.670000
2024-12-17T15:04:00+00:00,43188.190000
2024-12-17T16:34:00+00:00,42847.710000
2024-12-17T16:59:00+00:00,42843.270000
2024-12-17T19:04:00+00:00,43138.050000
2024-12-17T21:09:00+00:00,43372.830000
2024-12-18T12:34:00+00:00,43360.990000
2024-12-18T13:34:00+00:00,43679.070000
2024-12-18T13:44:00+00:00,44213.150000
2024-12-18T15:14:00+00:00,44211.670000
2024-12-18T16:34:00+00:00,44210.190000
2024-12-18T19:04:00+00:00,43810.710000
2024-12-18T19:04:00+00:00,43466.230000
2024-12-19T10:44:00+00:00,43461.050000
2024-12-19T12:09:00+00:00,43025.370000
2024-12-19T14:54:00+00:00,43024.630000
2024-12-19T18:04:00+00:00,43254.390000
2024-12-19T18:04:00+00:00,43252.910000
2024-12-19T18:59:00+00:00,43469.670000
2024-12-19T20:14:00+00:00,43468.430000
2024-12-20T14:44:00+00:00,43467.690000
2024-12-20T15:14:00+00:00,43466.950000
2024-12-20T16:39:00+00:00,44251.210000
2024-12-20T21:09:00+00:00,44822.970000
2024-12-23T14:49:00+00:00,44821.490000
2024-12-23T16:44:00+00:00,44428.010000
2024-12-23T20:19:00+00:00,44424.310000
2024-12-23T20:44:00+00:00,44682.330000
2024-12-23T21:09:00+00:00,45079.110000
2024-12-24T03:14:00+00:00,45067.270000
2024-12-24T04:24:00+00:00,45385.350000
2024-12-24T04:49:00+00:00,45375.430000
2024-12-24T06:59:00+00:00,45359.150000
2024-12-24T07:04:00+00:00,44880.870000
2024-12-24T08:14:00+00:00,44876.430000
2024-12-24T08:54:00+00:00,44872.730000
2024-12-24T09:09:00+00:00,44436.290000
2024-12-24T09:14:00+00:00,44047.590000
2024-12-24T14:54:00+00:00,44046.110000
2024-12-24T15:59:00+00:00,44368.630000
2024-12-24T15:59:00+00:00,44361.970000
2024-12-24T16:19:00+00:00,43936.810000
2024-12-26T08:09:00+00:00,43930.890000
2024-12-26T08:24:00+00:00,44224.930000
2024-12-26T08:34:00+00:00,44716.970000
2024-12-26T10:24:00+00:00,44712.530000
2024-12-26T12:04:00+00:00,45002.810000
2024-12-26T13:34:00+00:00,44999.090000
2024-12-26T14:49:00+00:00,44996.130000
2024-12-26T14:54:00+00:00,45321.650000
2024-12-26T14:54:00+00:00,45319.170000
2024-12-26T14:54:00+00:00,45316.210000
2024-12-26T14:59:00+00:00,44919.250000
2024-12-27T15:04:00+00:00,44918.510000
2024-12-27T16:59:00+00:00,44917.770000
2024-12-27T21:09:00+00:00,44679.030000
2024-12-27T21:09:00+00:00,44330.790000
2024-12-30T14:59:00+00:00,44330.050000
2024-12-30T16:24:00+00:00,44072.810000
2024-12-31T13:19:00+00:00,44066.890000
2024-12-31T13:54:00+00:00,44028.970000
2024-12-31T13:54:00+00:00,44026.010000
2024-12-31T14:34:00+00:00,44023.790000
2024-12-31T14:39:00+00:00,44311.810000
2024-12-31T14:39:00+00:00,44309.330000
2024-12-31T14:54:00+00:00,44605.610000
2024-12-31T14:54:00+00:00,44603.390000
2024-12-31T15:09:00+00:00,44238.170000
2024-12-31T15:09:00+00:00,44237.430000
2024-12-31T19:14:00+00:00,44399.190000
2024-12-31T19:14:00+00:00,44396.230000
2024-12-31T19:24:00+00:00,44033.270000
2024-12-31T19:24:00+00:00,44032.530000
2024-12-31T20:19:00+00:00,44031.790000
2024-12-31T21:09:00+00:00,43959.550000
2024-12-31T21:09:00+00:00,43969.310000
2025-01-02T00:49:00+00:00,43967.830000
2025-01-02T05:19:00+00:00,44216.840000
2025-01-02T11:49:00+00:00,44632.350000
2025-01-02T14:54:00+00:00,44630.870000
2025-01-02T15:24:00+00:00,44221.390000
2025-01-02T20:04:00+00:00,44218.430000
2025-01-02T20:14:00+00:00,43853.470000
2025-01-03T07:24:00+00:00,43846.810000
2025-01-03T08:04:00+00:00,44134.850000
2025-01-03T08:29:00+00:00,44128.650000
2025-01-03T16:34:00+00:00,44127.910000
2025-01-03T21:09:00+00:00,44217.170000
2025-01-06T08:24:00+00:00,44208.290000
2025-01-06T08:39:00+00:00,43755.410000
2025-01-06T14:24:00+00:00,43753.190000
2025-01-06T14:34:00+00:00,43408.970000
2025-01-06T14:34:00+00:00,43407.490000
2025-01-06T14:49:00+00:00,43406.010000
2025-01-06T18:49:00+00:00,42978.530000
2025-01-06T19:04:00+00:00,42609.050000
2025-01-07T02:49:00+00:00,42603.130000
2025-01-07T03:04:00+00:00,42906.170000
2025-01-07T05:24:00+00:00,43413.210000
2025-01-07T08:19:00+00:00,43406.550000
2025-01-07T08:39:00+00:00,42976.890000
2025-01-07T10:19:00+00:00,42973.930000
2025-01-07T14:39:00+00:00,42568.970000
2025-01-07T14:39:00+00:00,42563.790000
2025-01-07T14:44:00+00:00,42135.110000
2025-01-07T15:04:00+00:00,42134.370000
2025-01-07T21:09:00+00:00,42573.130000
2025-01-08T12:44:00+00:00,42569.430000
2025-01-08T13:04:00+00:00,42792.950000
2025-01-08T13:04:00+00:00,42789.230000
2025-01-08T15:04:00+00:00,42787.750000
2025-01-08T15:14:00+00:00,42393.270000
2025-01-08T15:19:00+00:00,42392.530000
2025-01-08T21:09:00+00:00,42248.290000
2025-01-09T06:34:00+00:00,42243.850000
2025-01-09T07:19:00+00:00,41834.410000
2025-01-10T07:19:00+00:00,41829.970000
2025-01-10T09:14:00+00:00,41453.530000
2025-01-10T14:49:00+00:00,41452.790000
2025-01-10T21:09:00+00:00,41505.050000
2025-01-12T23:54:00+00:00,41502.090000
2025-01-13T01:39:00+00:00,41794.610000
2025-01-13T03:24:00+00:00,42283.130000
2025-01-13T12:24:00+00:00,42280.910000
2025-01-13T14:39:00+00:00,41936.690000
2025-01-13T14:54:00+00:00,41935.950000
2025-01-13T14:59:00+00:00,41934.470000
2025-01-13T15:59:00+00:00,41911.730000
2025-01-13T15:59:00+00:00,41894.250000
2025-01-13T16:04:00+00:00,41891.290000
2025-01-13T17:19:00+00:00,41498.330000
2025-01-14T01:09:00+00:00,41495.370000
2025-01-14T08:19:00+00:00,41128.410000
2025-01-14T10:39:00+00:00,41124.710000
2025-01-14T11:34:00+00:00,40731.010000
2025-01-14T13:39:00+00:00,40725.830000
2025-01-14T13:44:00+00:00,40339.150000
2025-01-14T14:54:00+00:00,40338.410000
2025-01-14T15:14:00+00:00,40189.170000
2025-01-14T15:14:00+00:00,40187.690000
2025-01-14T15:39:00+00:00,39796.210000
2025-01-14T15:49:00+00:00,39794.730000
2025-01-14T16:04:00+00:00,39516.250000
2025-01-15T08:34:00+00:00,39512.550000
2025-01-15T11:49:00+00:00,39734.570000
2025-01-15T13:34:00+00:00,40291.100000
2025-01-15T13:39:00+00:00,40289.620000
2025-01-15T14:39:00+00:00,40001.140000
2025-01-15T14:49:00+00:00,40000.400000
2025-01-15T21:09:00+00:00,40054.160000
2025-01-16T12:09:00+00:00,40047.500000
2025-01-16T12:54:00+00:00,40302.540000
2025-01-16T13:04:00+00:00,40836.340000
2025-01-16T14:39:00+00:00,40828.940000
2025-01-16T14:44:00+00:00,41117.740000
2025-01-16T14:44:00+00:00,41111.540000
2025-01-16T14:49:00+00:00,41110.800000
2025-01-16T21:09:00+00:00,41415.560000
2025-01-17T07:54:00+00:00,41408.160000
2025-01-17T08:54:00+00:00,41696.960000
2025-01-17T09:04:00+00:00,42180.760000
2025-01-17T18:14:00+00:00,42180.020000
2025-01-17T21:09:00+00:00,42056.780000
2025-01-20T01:24:00+00:00,42054.560000
2025-01-20T07:49:00+00:00,41672.840000
2025-01-20T12:39:00+00:00,41666.180000
2025-01-20T13:04:00+00:00,41272.520000
2025-01-20T13:39:00+00:00,41271.040000
2025-01-20T14:34:00+00:00,41481.800000
2025-01-20T15:19:00+00:00,41643.560000
2025-01-20T15:19:00+00:00,41641.340000
2025-01-21T00:24:00+00:00,41630.980000
2025-01-21T00:39:00+00:00,41919.800000
2025-01-21T00:44:00+00:00,42404.620000
2025-01-21T00:54:00+00:00,42604.880000
2025-01-21T00:54:00+00:00,43273.400000
2025-01-21T14:54:00+00:00,43272.660000
2025-01-21T17:44:00+00:00,43001.920000
2025-01-22T07:14:00+00:00,42988.600000
2025-01-22T08:19:00+00:00,43292.440000
2025-01-22T08:44:00+00:00,43803.280000
2025-01-22T14:49:00+00:00,43801.800000
2025-01-22T19:54:00+00:00,43795.140000
2025-01-22T20:39:00+00:00,43347.480000
2025-01-22T21:09:00+00:00,43358.000000
2025-01-23T09:29:00+00:00,43352.080000
2025-01-23T12:34:00+00:00,43346.160000
2025-01-23T13:34:00+00:00,43664.200000
2025-01-23T14:34:00+00:00,43659.240000
2025-01-23T14:34:00+00:00,43237.320000
2025-01-23T15:34:00+00:00,43235.100000
2025-01-23T20:54:00+00:00,43397.860000
2025-01-23T21:09:00+00:00,43790.380000
2025-01-24T03:29:00+00:00,43785.940000
2025-01-24T06:14:00+00:00,43718.500000
2025-01-24T06:14:00+00:00,43712.580000
2025-01-24T07:14:00+00:00,43302.660000
2025-01-24T14:49:00+00:00,43300.440000
2025-01-24T15:19:00+00:00,42914.220000
2025-01-24T20:04:00+00:00,42913.480000
2025-01-24T21:09:00+00:00,42870.240000
2025-01-26T23:09:00+00:00,42866.540000
2025-01-27T00:39:00+00:00,43111.060000
2025-01-27T00:54:00+00:00,43723.840000
2025-01-27T14:49:00+00:00,43723.100000
2025-01-27T16:04:00+00:00,43709.860000
2025-01-27T16:04:00+00:00,43708.380000
2025-01-27T17:59:00+00:00,44015.140000
2025-01-27T19:54:00+00:00,44014.400000
2025-01-27T20:59:00+00:00,43743.160000
2025-01-27T21:04:00+00:00,43741.920000
2025-01-28T13:39:00+00:00,43740.440000
2025-01-28T14:44:00+00:00,43995.450000
2025-01-28T14:59:00+00:00,44039.710000
2025-01-28T14:59:00+00:00,44038.230000
2025-01-28T15:04:00+00:00,44037.490000
2025-01-28T15:24:00+00:00,44290.250000
2025-01-28T17:04:00+00:00,44712.010000
2025-01-28T21:09:00+00:00,45130.270000
2025-01-28T23:24:00+00:00,45125.830000
2025-01-29T06:04:00+00:00,45431.860000
2025-01-29T06:04:00+00:00,45943.390000
2025-01-29T14:39:00+00:00,45941.910000
2025-01-29T15:44:00+00:00,45941.170000
2025-01-29T18:04:00+00:00,46220.180000
2025-01-29T19:44:00+00:00,46218.940000
2025-01-29T21:09:00+00:00,46236.700000
2025-01-30T10:39:00+00:00,46230.040000
2025-01-30T12:19:00+00:00,45764.380000
2025-01-30T12:44:00+00:00,45760.680000
2025-01-30T14:49:00+00:00,46014.200000
2025-01-30T14:49:00+00:00,46649.480000
2025-01-30T14:49:00+00:00,46648.740000
2025-01-30T14:54:00+00:00,46648.000000
2025-01-30T15:04:00+00:00,46368.760000
2025-01-30T15:04:00+00:00,46117.020000
2025-01-31T08:24:00+00:00,46114.060000
2025-01-31T09:09:00+00:00,46107.400000
2025-01-31T14:19:00+00:00,45673.240000
2025-01-31T14:54:00+00:00,45671.760000
2025-01-31T14:59:00+00:00,46001.780000
2025-01-31T15:34:00+00:00,46552.800000
2025-01-31T18:34:00+00:00,46181.320000
2025-02-03T15:04:00+00:00,46180.580000
2025-02-03T15:24:00+00:00,45888.340000
2025-02-03T15:29:00+00:00,45885.380000
2025-02-03T15:44:00+00:00,46161.400000
2025-02-03T15:44:00+00:00,46158.920000
2025-02-04T14:54:00+00:00,46158.180000
2025-02-04T21:09:00+00:00,46313.440000
2025-02-05T01:39:00+00:00,46309.000000
2025-02-05T03:04:00+00:00,46306.040000
2025-02-05T06:39:00+00:00,46634.570000
2025-02-05T07:09:00+00:00,47183.600000
2025-02-05T07:39:00+00:00,47525.620000
2025-02-05T07:49:00+00:00,47738.140000
2025-02-05T07:49:00+00:00,47730.740000
2025-02-05T08:39:00+00:00,47253.340000
2025-02-05T08:44:00+00:00,47248.900000
2025-02-05T09:04:00+00:00,46818.460000
2025-02-05T12:24:00+00:00,46816.240000
2025-02-05T14:39:00+00:00,46997.750000
2025-02-05T15:04:00+00:00,47090.270000
2025-02-05T15:04:00+00:00,47088.050000
2025-02-05T15:39:00+00:00,46652.330000
2025-02-05T16:34:00+00:00,46650.850000
2025-02-05T21:04:00+00:00,46936.610000
2025-02-05T21:09:00+00:00,47197.870000
2025-02-06T07:24:00+00:00,47190.470000
2025-02-06T08:04:00+00:00,47535.520000
2025-02-06T08:34:00+00:00,47529.320000
2025-02-06T09:29:00+00:00,47520.440000
2025-02-06T10:34:00+00:00,47858.000000
2025-02-06T11:04:00+00:00,48423.560000
2025-02-06T13:49:00+00:00,48418.380000
2025-02-06T14:49:00+00:00,47951.200000
2025-02-06T14:49:00+00:00,47948.240000
2025-02-06T15:29:00+00:00,47941.280000
2025-02-06T15:29:00+00:00,47936.100000
2025-02-06T15:39:00+00:00,47503.920000
2025-02-07T11:49:00+00:00,47499.480000
2025-02-07T13:34:00+00:00,47810.010000
2025-02-07T13:34:00+00:00,47806.290000
2025-02-07T15:04:00+00:00,47805.550000
2025-02-07T15:59:00+00:00,47804.810000
2025-02-07T21:09:00+00:00,48129.070000
2025-02-07T21:09:00+00:00,48391.830000
2025-02-10T08:39:00+00:00,48380.730000
2025-02-10T10:04:00+00:00,47904.630000
2025-02-10T15:04:00+00:00,47902.410000
2025-02-10T21:09:00+00:00,47982.690000
2025-02-11T12:09:00+00:00,47976.770000
2025-02-11T13:54:00+00:00,48315.810000
2025-02-11T13:59:00+00:00,48882.850000
2025-02-11T15:14:00+00:00,48881.370000
2025-02-11T21:09:00+00:00,48824.890000
2025-02-11T23:34:00+00:00,48818.970000
2025-02-12T04:04:00+00:00,48333.050000
2025-02-12T11:14:00+00:00,48327.870000
2025-02-12T12:44:00+00:00,47881.690000
2025-02-12T13:39:00+00:00,47878.730000
2025-02-12T14:39:00+00:00,47417.770000
2025-02-12T14:49:00+00:00,47417.030000
2025-02-12T21:09:00+00:00,47731.790000
2025-02-13T06:54:00+00:00,47725.870000
2025-02-13T07:54:00+00:00,48058.910000
2025-02-13T08:19:00+00:00,48615.950000
2025-02-13T09:24:00+00:00,48612.990000
2025-02-13T14:34:00+00:00,48950.510000
2025-02-13T14:39:00+00:00,48949.030000
2025-02-13T15:04:00+00:00,49512.550000
2025-02-13T15:19:00+00:00,49511.810000
2025-02-13T15:39:00+00:00,49868.820000
2025-02-13T21:09:00+00:00,50336.080000
2025-02-13T21:09:00+00:00,50567.340000
2025-02-14T02:44:00+00:00,50565.120000
2025-02-14T11:24:00+00:00,50156.400000
2025-02-14T12:04:00+00:00,50146.040000
2025-02-14T13:09:00+00:00,50503.110000
2025-02-14T13:34:00+00:00,51101.680000
2025-02-14T15:09:00+00:00,51098.720000
2025-02-14T15:24:00+00:00,51115.760000
2025-02-14T15:24:00+00:00,51109.840000
2025-02-14T15:44:00+00:00,51463.880000
2025-02-14T15:54:00+00:00,51458.920000
2025-02-14T16:24:00+00:00,51453.740000
2025-02-14T17:54:00+00:00,51018.060000
2025-02-14T17:54:00+00:00,51013.620000
2025-02-14T20:54:00+00:00,51364.650000
2025-02-14T21:09:00+00:00,51717.930000
2025-02-17T05:39:00+00:00,51701.650000
2025-02-17T07:09:00+00:00,51695.730000
2025-02-17T07:44:00+00:00,52067.090000
2025-02-17T07:44:00+00:00,52691.450000
2025-02-17T07:44:00+00:00,52859.490000
2025-02-17T08:29:00+00:00,53141.530000
2025-02-17T16:04:00+00:00,53137.830000
2025-02-18T08:14:00+00:00,53519.130000
2025-02-18T08:14:00+00:00,53513.950000
2025-02-18T12:14:00+00:00,53494.770000
2025-02-18T12:14:00+00:00,53485.890000
2025-02-18T14:09:00+00:00,53859.450000
2025-02-18T14:29:00+00:00,53852.010000
2025-02-18T14:34:00+00:00,53847.570000
2025-02-18T14:49:00+00:00,54205.350000
2025-02-18T14:49:00+00:00,54203.130000
2025-02-18T15:04:00+00:00,54800.910000
2025-02-18T17:04:00+00:00,54798.690000
2025-02-18T19:29:00+00:00,54982.470000
2025-02-18T19:29:00+00:00,55196.250000
2025-02-18T19:34:00+00:00,55192.550000
2025-02-18T21:04:00+00:00,55521.070000
2025-02-18T21:09:00+00:00,55904.350000
2025-02-19T04:09:00+00:00,55885.110000
2025-02-19T05:09:00+00:00,56294.740000
2025-02-19T07:04:00+00:00,56983.870000
2025-02-19T12:09:00+00:00,56976.470000
2025-02-19T13:04:00+00:00,56414.070000
2025-02-19T13:04:00+00:00,56400.750000
2025-02-19T13:19:00+00:00,56805.840000
2025-02-19T13:24:00+00:00,57485.430000
2025-02-19T14:49:00+00:00,57481.730000
2025-02-19T16:14:00+00:00,56915.530000
2025-02-19T18:14:00+00:00,56909.610000
2025-02-19T18:24:00+00:00,56363.690000
2025-02-20T14:39:00+00:00,56357.030000
2025-02-20T14:49:00+00:00,56705.070000
2025-02-20T14:49:00+00:00,56702.850000
2025-02-20T14:54:00+00:00,57430.400000
2025-02-20T14:59:00+00:00,57687.660000
2025-02-20T20:54:00+00:00,57685.180000
2025-02-21T14:59:00+00:00,57682.960000
2025-02-21T15:44:00+00:00,57968.720000
2025-02-21T17:59:00+00:00,58922.240000
2025-02-23T23:14:00+00:00,58920.020000
2025-02-24T02:19:00+00:00,58914.100000
2025-02-24T03:19:00+00:00,59099.380000
2025-02-24T03:19:00+00:00,59057.460000
2025-02-24T03:24:00+00:00,59042.660000
2025-02-24T04:04:00+00:00,58427.860000
2025-02-24T05:29:00+00:00,58416.760000
2025-02-24T05:54:00+00:00,58458.160000
2025-02-24T05:54:00+00:00,58441.880000
2025-02-24T07:04:00+00:00,58870.990000
2025-02-24T07:04:00+00:00,58857.350000
2025-02-24T12:49:00+00:00,58851.430000
2025-02-24T13:24:00+00:00,58293.510000
2025-02-24T14:54:00+00:00,58292.770000
2025-02-24T21:09:00+00:00,58658.030000
2025-02-25T04:24:00+00:00,58652.110000
2025-02-25T07:04:00+00:00,58098.190000
2025-02-25T08:09:00+00:00,58093.010000
2025-02-25T08:54:00+00:00,57555.830000
2025-02-25T10:09:00+00:00,57549.910000
2025-02-25T10:54:00+00:00,57011.990000
2025-02-25T11:09:00+00:00,57006.070000
2025-02-25T11:44:00+00:00,57387.110000
2025-02-25T12:29:00+00:00,58024.150000
2025-02-25T13:04:00+00:00,58022.670000
2025-02-25T14:49:00+00:00,57490.190000
2025-02-25T14:49:00+00:00,57488.710000
2025-02-25T15:19:00+00:00,57818.720000
2025-02-25T16:34:00+00:00,58369.230000
2025-02-25T16:54:00+00:00,58367.750000
2025-02-25T21:09:00+00:00,58645.270000
2025-02-26T02:24:00+00:00,58637.870000
2025-02-26T05:44:00+00:00,59054.170000
2025-02-26T07:29:00+00:00,59750.470000
2025-02-26T13:54:00+00:00,59744.550000
2025-02-26T14:19:00+00:00,60140.590000
2025-02-26T14:34:00+00:00,60802.630000
2025-02-26T14:49:00+00:00,60800.410000
2025-02-26T15:34:00+00:00,61005.190000
2025-02-26T15:34:00+00:00,61002.230000
2025-02-26T16:04:00+00:00,60489.270000
2025-02-27T01:19:00+00:00,60481.130000
2025-02-27T02:24:00+00:00,60882.430000
2025-02-27T03:59:00+00:00,60874.990000
2025-02-27T14:49:00+00:00,60873.510000
2025-02-27T14:54:00+00:00,60872.770000
2025-02-27T14:59:00+00:00,61235.780000
2025-02-27T19:34:00+00:00,61841.290000
2025-02-27T21:09:00+00:00,62769.550000
2025-02-28T01:34:00+00:00,62764.370000
2025-02-28T01:44:00+00:00,62136.190000
2025-02-28T15:14:00+00:00,62135.450000
2025-02-28T17:29:00+00:00,62144.210000
2025-02-28T17:29:00+00:00,62141.990000
2025-02-28T17:54:00+00:00,62397.000000
2025-02-28T18:19:00+00:00,63248.020000
2025-02-28T18:34:00+00:00,63243.580000
2025-02-28T18:59:00+00:00,62633.140000
2025-03-03T07:09:00+00:00,62626.480000
2025-03-03T07:29:00+00:00,63028.520000
2025-03-03T07:44:00+00:00,63022.320000
2025-03-03T14:44:00+00:00,63020.840000
2025-03-03T14:49:00+00:00,63020.100000
2025-03-03T15:04:00+00:00,63371.110000
2025-03-03T15:34:00+00:00,63369.870000
2025-03-03T16:54:00+00:00,63406.130000
2025-03-03T16:54:00+00:00,63404.650000
2025-03-03T18:09:00+00:00,62950.170000
2025-03-03T19:59:00+00:00,62949.430000
2025-03-03T21:09:00+00:00,63160.190000
2025-03-04T04:44:00+00:00,63149.090000
2025-03-04T05:04:00+00:00,63584.910000
2025-03-04T05:04:00+00:00,63574.990000
2025-03-04T12:09:00+00:00,63573.510000
2025-03-04T13:29:00+00:00,63894.520000
2025-03-04T14:59:00+00:00,63893.780000
2025-03-04T15:14:00+00:00,64429.290000
2025-03-04T17:29:00+00:00,64032.050000
2025-03-05T15:09:00+00:00,64030.570000
2025-03-05T15:24:00+00:00,63459.090000
2025-03-05T18:14:00+00:00,63456.870000
2025-03-05T19:04:00+00:00,62910.150000
2025-03-06T15:04:00+00:00,62908.670000
2025-03-06T17:04:00+00:00,62383.190000
2025-03-06T18:34:00+00:00,62382.450000
2025-03-06T20:04:00+00:00,62380.970000
2025-03-06T21:09:00+00:00,62389.730000
2025-03-06T21:09:00+00:00,62253.250000
2025-03-07T07:09:00+00:00,62245.110000
2025-03-07T07:39:00+00:00,61626.470000
2025-03-07T07:54:00+00:00,61622.030000
2025-03-07T11:49:00+00:00,61818.590000
2025-03-07T11:49:00+00:00,61813.410000
2025-03-07T12:44:00+00:00,62202.690000
2025-03-07T13:34:00+00:00,62197.730000
2025-03-07T14:49:00+00:00,62196.990000
2025-03-07T15:34:00+00:00,61853.750000
2025-03-10T06:09:00+00:00,61845.610000
2025-03-10T08:04:00+00:00,61248.970000
2025-03-10T13:54:00+00:00,61247.490000
2025-03-10T14:54:00+00:00,61662.250000
2025-03-10T16:44:00+00:00,61661.510000
2025-03-10T18:09:00+00:00,62353.270000
2025-03-10T20:09:00+00:00,62487.530000
2025-03-11T08:04:00+00:00,62483.830000
2025-03-11T09:04:00+00:00,62840.850000
2025-03-11T11:09:00+00:00,62837.130000
2025-03-11T12:14:00+00:00,62832.690000
2025-03-11T12:24:00+00:00,62225.250000
2025-03-11T13:44:00+00:00,62223.770000
2025-03-11T13:49:00+00:00,62223.030000
2025-03-11T14:04:00+00:00,61764.550000
2025-03-11T14:04:00+00:00,61359.810000
2025-03-12T03:44:00+00:00,61350.930000
2025-03-12T06:09:00+00:00,61618.050000
2025-03-12T06:09:00+00:00,61598.810000
2025-03-12T06:24:00+00:00,62037.690000
2025-03-12T06:49:00+00:00,62775.570000
2025-03-12T13:54:00+00:00,62774.090000
2025-03-12T15:04:00+00:00,63179.100000
2025-03-12T16:09:00+00:00,63177.860000
2025-03-13T07:44:00+00:00,63171.940000
2025-03-13T07:49:00+00:00,62578.020000
2025-03-13T08:09:00+00:00,62572.840000
2025-03-13T08:19:00+00:00,61948.160000
2025-03-13T13:54:00+00:00,61947.420000
2025-03-13T20:09:00+00:00,62154.680000
2025-03-14T02:04:00+00:00,62147.280000
2025-03-14T02:54:00+00:00,61514.880000
2025-03-14T07:49:00+00:00,61505.260000
2025-03-14T08:04:00+00:00,60904.140000
2025-03-14T13:39:00+00:00,60901.180000
2025-03-14T13:54:00+00:00,60900.440000
2025-03-14T14:04:00+00:00,60335.480000
2025-03-14T14:04:00+00:00,60019.240000
2025-03-14T18:39:00+00:00,60014.800000
2025-03-14T20:09:00+00:00,59734.360000
2025-03-17T06:24:00+00:00,59726.960000
2025-03-17T07:59:00+00:00,59134.560000
2025-03-17T13:39:00+00:00,59130.860000
2025-03-17T13:49:00+00:00,58552.160000
2025-03-17T13:54:00+00:00,58549.940000
2025-03-17T14:59:00+00:00,58821.450000
2025-03-17T15:04:00+00:00,58820.710000
2025-03-17T17:44:00+00:00,58818.230000
2025-03-17T18:04:00+00:00,58456.990000
2025-03-18T11:34:00+00:00,58454.770000
2025-03-18T13:39:00+00:00,58695.530000
2025-03-18T13:44:00+00:00,59499.050000
2025-03-18T13:54:00+00:00,59498.310000
2025-03-18T20:09:00+00:00,59449.070000
2025-03-18T22:49:00+00:00,59443.150000
2025-03-19T00:29:00+00:00,59848.190000
2025-03-19T00:54:00+00:00,60525.230000
2025-03-19T13:54:00+00:00,60523.750000
2025-03-19T18:59:00+00:00,60888.260000
2025-03-19T19:14:00+00:00,61496.270000
2025-03-20T04:44:00+00:00,61479.250000
2025-03-20T05:54:00+00:00,60841.230000
2025-03-20T13:39:00+00:00,60838.270000
2025-03-20T13:49:00+00:00,60837.530000
2025-03-20T14:04:00+00:00,61281.550000
2025-03-20T14:29:00+00:00,62022.570000
2025-03-20T19:34:00+00:00,61910.330000
2025-03-21T05:59:00+00:00,61898.490000
2025-03-21T06:54:00+00:00,62348.570000
2025-03-21T07:34:00+00:00,62338.650000
2025-03-21T12:09:00+00:00,62333.470000
2025-03-21T12:39:00+00:00,61761.290000
2025-03-21T13:54:00+00:00,61759.810000
2025-03-21T16:59:00+00:00,62093.570000
2025-03-21T20:09:00+00:00,62539.830000
2025-03-24T09:54:00+00:00,62534.650000
2025-03-24T11:49:00+00:00,62890.180000
2025-03-24T13:49:00+00:00,63682.220000
2025-03-24T13:49:00+00:00,63680.000000
2025-03-24T16:34:00+00:00,63845.780000
2025-03-24T16:34:00+00:00,63839.860000
2025-03-24T19:09:00+00:00,63209.940000
2025-03-25T14:24:00+00:00,63206.240000
2025-03-25T20:09:00+00:00,63932.540000
2025-03-26T00:09:00+00:00,63915.520000
2025-03-26T00:34:00+00:00,63266.000000
2025-03-26T13:24:00+00:00,63258.600000
2025-03-26T13:49:00+00:00,63693.650000
2025-03-26T13:49:00+00:00,63687.450000
2025-03-26T13:49:00+00:00,63684.490000
2025-03-26T14:19:00+00:00,64134.510000
2025-03-26T15:54:00+00:00,64885.530000
2025-03-27T05:54:00+00:00,64870.730000
2025-03-27T06:14:00+00:00,64595.930000
2025-03-27T06:14:00+00:00,64580.390000
2025-03-27T06:49:00+00:00,63924.350000
2025-03-27T08:24:00+00:00,63919.170000
2025-03-27T10:04:00+00:00,64276.950000
2025-03-27T11:04:00+00:00,64271.990000
2025-03-27T13:59:00+00:00,64270.510000
2025-03-27T19:04:00+00:00,64206.030000
2025-03-27T19:04:00+00:00,64200.850000
2025-03-27T19:19:00+00:00,63569.170000
2025-03-28T06:09:00+00:00,63555.110000
2025-03-28T06:39:00+00:00,63303.550000
2025-03-28T06:39:00+00:00,63290.970000
2025-03-28T06:54:00+00:00,63729.050000
2025-03-28T06:54:00+00:00,64554.890000
2025-03-28T13:14:00+00:00,64546.750000
2025-03-28T13:29:00+00:00,63889.610000
2025-03-28T14:04:00+00:00,63887.390000
2025-03-28T14:19:00+00:00,64192.650000
2025-03-28T14:59:00+00:00,65211.170000
2025-03-31T07:39:00+00:00,65205.250000
2025-03-31T09:04:00+00:00,65643.290000
2025-03-31T11:29:00+00:00,66375.330000
2025-03-31T15:24:00+00:00,66374.590000
2025-03-31T17:04:00+00:00,66437.350000
2025-03-31T17:04:00+00:00,66432.910000
2025-03-31T17:14:00+00:00,65774.470000
2025-03-31T17:24:00+00:00,65770.770000
2025-03-31T18:09:00+00:00,65174.570000
2025-04-01T01:39:00+00:00,65172.350000
2025-04-01T05:09:00+00:00,64769.630000
2025-04-01T05:09:00+00:00,64763.710000
2025-04-01T07:04:00+00:00,65231.750000
2025-04-01T07:09:00+00:00,66013.790000
2025-04-01T10:54:00+00:00,66010.830000
2025-04-01T11:34:00+00:00,65457.870000
2025-04-01T13:49:00+00:00,65455.650000
2025-04-01T14:09:00+00:00,64820.430000
2025-04-02T02:34:00+00:00,64812.290000
2025-04-02T03:49:00+00:00,64199.150000
2025-04-02T06:24:00+00:00,64191.750000
2025-04-02T07:09:00+00:00,63559.350000
2025-04-02T13:39:00+00:00,63552.690000
2025-04-02T13:49:00+00:00,63948.730000
2025-04-02T13:49:00+00:00,63947.990000
2025-04-02T14:04:00+00:00,64775.540000
2025-04-02T20:09:00+00:00,65122.800000
2025-04-03T04:34:00+00:00,65118.360000
2025-04-03T05:24:00+00:00,65113.920000
2025-04-03T05:34:00+00:00,65541.450000
2025-04-03T08:14:00+00:00,65537.730000
2025-04-03T08:19:00+00:00,64957.290000
2025-04-03T09:14:00+00:00,64950.630000
2025-04-03T09:49:00+00:00,65337.670000
2025-04-03T09:59:00+00:00,66146.470000
2025-04-03T10:54:00+00:00,66145.730000
2025-04-03T14:09:00+00:00,66144.250000
2025-04-03T20:09:00+00:00,66717.010000
2025-04-03T20:09:00+00:00,67532.530000
2025-04-04T08:39:00+00:00,67528.090000
2025-04-04T09:34:00+00:00,68002.870000
2025-04-04T10:09:00+00:00,68795.650000
2025-04-04T10:14:00+00:00,68793.430000
2025-04-04T10:24:00+00:00,69136.190000
2025-04-04T10:29:00+00:00,70279.710000
2025-04-04T11:44:00+00:00,70278.970000
2025-04-04T14:14:00+00:00,70426.730000
2025-04-04T14:14:00+00:00,70425.990000
2025-04-04T15:09:00+00:00,70487.750000
2025-04-04T15:09:00+00:00,70487.010000
2025-04-04T16:39:00+00:00,69966.270000
2025-04-04T18:14:00+00:00,69964.790000
2025-04-04T18:54:00+00:00,70357.310000
2025-04-04T18:54:00+00:00,70354.350000
2025-04-04T19:04:00+00:00,69717.390000
2025-04-07T12:34:00+00:00,69716.650000
2025-04-07T13:29:00+00:00,69314.410000
2025-04-07T13:54:00+00:00,69313.670000
2025-04-07T13:59:00+00:00,69312.930000
2025-04-07T14:14:00+00:00,70962.190000
2025-04-07T14:19:00+00:00,73193.950000
2025-04-08T05:44:00+00:00,73190.250000
2025-04-08T07:24:00+00:00,73625.270000
2025-04-08T08:19:00+00:00,73984.550000
2025-04-08T08:19:00+00:00,73981.590000
2025-04-08T11:39:00+00:00,73250.630000
2025-04-08T11:39:00+00:00,73249.150000
2025-04-08T13:34:00+00:00,73748.660000
2025-04-08T13:54:00+00:00,73747.180000
2025-04-08T14:24:00+00:00,74580.190000
2025-04-08T15:14:00+00:00,73958.710000
2025-04-09T04:54:00+00:00,73957.230000
2025-04-09T05:39:00+00:00,73418.750000
2025-04-09T11:09:00+00:00,73418.010000
2025-04-09T12:59:00+00:00,73028.770000
2025-04-09T17:04:00+00:00,73028.030000
2025-04-09T18:04:00+00:00,75483.540000
2025-04-10T07:54:00+00:00,75481.320000
2025-04-10T08:24:00+00:00,74910.600000
2025-04-10T13:59:00+00:00,74909.860000
2025-04-10T16:19:00+00:00,75957.870000
2025-04-11T02:09:00+00:00,75955.650000
2025-04-11T02:29:00+00:00,75261.930000
2025-04-11T05:19:00+00:00,75260.450000
2025-04-11T06:04:00+00:00,75732.210000
2025-04-11T08:04:00+00:00,75730.970000
2025-04-11T13:49:00+00:00,75730.230000
2025-04-11T14:24:00+00:00,75285.990000
2025-04-11T14:39:00+00:00,75284.510000
2025-04-11T16:34:00+00:00,75700.770000
2025-04-11T17:44:00+00:00,76395.030000
2025-04-14T03:14:00+00:00,76389.110000
2025-04-14T03:24:00+00:00,75679.190000
2025-04-14T05:59:00+00:00,75674.750000
2025-04-14T08:04:00+00:00,76183.280000
2025-04-14T09:24:00+00:00,76179.560000
2025-04-14T13:44:00+00:00,76177.340000
2025-04-14T14:04:00+00:00,75578.120000
2025-04-14T15:29:00+00:00,75577.380000
2025-04-14T20:09:00+00:00,75627.640000
2025-04-15T01:44:00+00:00,75620.240000
2025-04-15T07:04:00+00:00,74857.840000
2025-04-15T09:44:00+00:00,74851.180000
2025-04-15T11:49:00+00:00,75313.220000
2025-04-15T11:54:00+00:00,76278.270000
2025-04-15T13:49:00+00:00,76276.050000
2025-04-15T14:19:00+00:00,75552.330000
2025-04-16T03:34:00+00:00,75544.190000
2025-04-16T05:04:00+00:00,76024.240000
2025-04-16T05:19:00+00:00,76987.300000
2025-04-16T08:59:00+00:00,76985.820000
2025-04-16T11:59:00+00:00,76982.120000
2025-04-16T13:29:00+00:00,77388.640000
2025-04-16T13:54:00+00:00,77386.420000
2025-04-16T13:59:00+00:00,78404.200000
2025-04-16T14:14:00+00:00,79041.720000
2025-04-16T14:14:00+00:00,79042.500000
2025-04-16T14:19:00+00:00,79038.800000
2025-04-16T15:24:00+00:00,79506.820000
2025-04-16T15:29:00+00:00,79505.340000
2025-04-16T16:09:00+00:00,79501.620000
2025-04-16T17:14:00+00:00,78792.140000
2025-04-16T23:24:00+00:00,78790.660000
2025-04-17T02:44:00+00:00,79000.180000
2025-04-17T02:44:00+00:00,78992.780000
2025-04-17T03:04:00+00:00,78200.380000
2025-04-17T05:44:00+00:00,78195.940000
2025-04-17T10:59:00+00:00,77489.500000
2025-04-17T14:24:00+00:00,77488.020000
2025-04-17T14:49:00+00:00,77545.540000
2025-04-17T14:49:00+00:00,77541.100000
2025-04-17T15:19:00+00:00,78049.630000
2025-04-17T15:29:00+00:00,78045.910000
2025-04-21T01:39:00+00:00,78039.250000
2025-04-21T01:54:00+00:00,77281.090000
2025-04-21T06:59:00+00:00,77267.770000
2025-04-21T07:14:00+00:00,76480.450000
2025-04-21T09:34:00+00:00,76471.570000
2025-04-21T11:04:00+00:00,77016.130000
2025-04-21T11:19:00+00:00,77008.690000
2025-04-21T11:19:00+00:00,76997.590000
2025-04-21T11:24:00+00:00,77512.160000
2025-04-21T11:24:00+00:00,77502.240000
2025-04-21T13:54:00+00:00,77500.020000
2025-04-21T15:14:00+00:00,77829.280000
2025-04-21T17:04:00+00:00,78927.800000
2025-04-22T05:09:00+00:00,78922.620000
2025-04-22T06:54:00+00:00,79395.150000
2025-04-22T06:59:00+00:00,80447.190000
2025-04-22T13:39:00+00:00,80434.610000
2025-04-22T13:44:00+00:00,79623.030000
2025-04-22T13:49:00+00:00,79621.550000
2025-04-22T16:04:00+00:00,79620.810000
2025-04-22T16:14:00+00:00,80043.070000
2025-04-22T17:34:00+00:00,80041.830000
2025-04-22T20:09:00+00:00,79930.590000
2025-04-23T06:44:00+00:00,79919.490000
2025-04-23T07:34:00+00:00,79143.390000
2025-04-23T14:34:00+00:00,79142.650000
2025-04-23T15:24:00+00:00,78703.910000
2025-04-23T16:34:00+00:00,78699.470000
2025-04-23T16:59:00+00:00,79237.250000
2025-04-23T17:04:00+00:00,79233.530000
2025-04-24T04:49:00+00:00,79226.870000
2025-04-24T05:59:00+00:00,78446.210000
2025-04-24T11:09:00+00:00,78441.030000
2025-04-24T12:24:00+00:00,77718.350000
2025-04-24T12:29:00+00:00,77713.170000
2025-04-24T12:39:00+00:00,76993.990000
2025-04-24T13:49:00+00:00,76992.510000
2025-04-24T15:14:00+00:00,77393.020000
2025-04-24T18:39:00+00:00,78061.030000
2025-04-25T01:24:00+00:00,78052.890000
2025-04-25T01:44:00+00:00,77533.250000
2025-04-25T01:44:00+00:00,77525.110000
2025-04-25T01:54:00+00:00,76779.970000
2025-04-25T04:34:00+00:00,76774.790000
2025-04-25T06:54:00+00:00,76048.610000
2025-04-25T13:54:00+00:00,76046.390000
2025-04-25T14:09:00+00:00,75393.170000
2025-04-28T11:14:00+00:00,75382.070000
2025-04-28T11:39:00+00:00,75880.890000
2025-04-28T12:09:00+00:00,75870.970000
2025-04-28T12:14:00+00:00,75865.050000
2025-04-28T12:34:00+00:00,75115.130000
2025-04-28T13:59:00+00:00,75113.650000
2025-04-28T14:04:00+00:00,75111.430000
2025-04-28T15:24:00+00:00,75413.690000
2025-04-28T17:19:00+00:00,75814.950000
2025-04-28T19:09:00+00:00,75813.710000
2025-04-28T19:24:00+00:00,75811.230000
2025-04-29T00:09:00+00:00,75797.910000
2025-04-29T00:44:00+00:00,75028.590000
2025-04-29T02:49:00+00:00,75020.450000
2025-04-29T04:34:00+00:00,74445.810000
2025-04-29T04:34:00+00:00,74439.150000
2025-04-29T04:54:00+00:00,73734.990000
2025-04-29T04:54:00+00:00,73731.290000
2025-04-29T07:54:00+00:00,73045.090000
2025-04-29T12:34:00+00:00,73039.170000
2025-04-29T12:59:00+00:00,72349.250000
2025-04-29T13:09:00+00:00,72347.030000
2025-04-29T13:49:00+00:00,71725.310000
2025-04-29T13:49:00+00:00,71723.090000
2025-04-29T18:29:00+00:00,72059.850000
2025-04-29T20:09:00+00:00,72531.370000
2025-04-30T05:39:00+00:00,72524.710000
2025-04-30T07:14:00+00:00,72980.750000
2025-04-30T08:19:00+00:00,73933.300000
2025-04-30T08:29:00+00:00,73923.680000
2025-04-30T09:29:00+00:00,73212.060000
2025-04-30T11:29:00+00:00,73207.620000
2025-04-30T12:19:00+00:00,73698.150000
2025-04-30T12:34:00+00:00,74517.180000
2025-04-30T13:44:00+00:00,74516.440000
2025-04-30T13:59:00+00:00,74514.960000
2025-04-30T14:29:00+00:00,73779.480000
2025-04-30T16:44:00+00:00,73303.240000
2025-04-30T16:44:00+00:00,73302.500000
2025-04-30T17:34:00+00:00,73300.280000
2025-04-30T18:54:00+00:00,73298.800000
2025-04-30T19:54:00+00:00,73600.310000
2025-04-30T20:04:00+00:00,74606.330000
2025-04-30T20:04:00+00:00,75064.590000
2025-04-30T20:09:00+00:00,75754.350000
2025-04-30T20:09:00+00:00,76280.610000
2025-05-01T05:34:00+00:00,76274.690000
2025-05-01T06:04:00+00:00,75524.770000
2025-05-01T07:14:00+00:00,75515.150000
2025-05-01T08:49:00+00:00,75996.710000
2025-05-01T09:34:00+00:00,76936.530000
2025-05-01T13:54:00+00:00,76933.570000
2025-05-01T13:59:00+00:00,76274.610000
2025-05-01T13:59:00+00:00,76272.390000
2025-05-01T14:29:00+00:00,75586.170000
2025-05-01T16:34:00+00:00,75583.950000
2025-05-01T19:59:00+00:00,74963.730000
2025-05-02T00:24:00+00:00,74960.030000
2025-05-02T00:49:00+00:00,75341.050000
2025-05-02T01:24:00+00:00,76295.080000
2025-05-02T09:14:00+00:00,76286.940000
2025-05-02T11:24:00+00:00,76800.740000
2025-05-02T11:39:00+00:00,76793.300000
2025-05-02T14:09:00+00:00,76791.080000
2025-05-02T18:54:00+00:00,77373.860000
2025-05-02T18:54:00+00:00,77368.680000
2025-05-02T20:09:00+00:00,77514.000000
2025-05-05T03:44:00+00:00,77510.300000
2025-05-05T06:54:00+00:00,77624.100000
2025-05-05T06:54:00+00:00,77607.080000
2025-05-05T07:19:00+00:00,78143.440000
2025-05-05T07:34:00+00:00,78128.560000
2025-05-05T14:04:00+00:00,78124.860000
2025-05-05T18:09:00+00:00,78553.880000
2025-05-05T19:54:00+00:00,78550.160000
2025-05-06T00:14:00+00:00,78536.840000
2025-05-06T00:24:00+00:00,77758.520000
2025-05-06T12:54:00+00:00,77747.420000
2025-05-06T13:14:00+00:00,76993.820000
2025-05-06T13:39:00+00:00,76988.640000
2025-05-06T13:49:00+00:00,76262.460000
2025-05-06T13:54:00+00:00,76259.500000
2025-05-06T14:14:00+00:00,75588.540000
2025-05-06T16:19:00+00:00,75587.800000
2025-05-06T16:29:00+00:00,75451.560000
2025-05-06T16:29:00+00:00,75449.340000
2025-05-06T20:09:00+00:00,75618.120000
2025-05-06T22:09:00+00:00,75615.160000
2025-05-06T22:39:00+00:00,74996.200000
2025-05-07T05:39:00+00:00,74982.140000
2025-05-07T06:04:00+00:00,74246.080000
2025-05-07T10:19:00+00:00,74235.720000
2025-05-07T12:09:00+00:00,73511.360000
2025-05-07T12:49:00+00:00,73503.220000
2025-05-07T13:04:00+00:00,72780.080000
2025-05-07T13:59:00+00:00,72776.380000
2025-05-07T14:54:00+00:00,72055.180000
2025-05-08T01:04:00+00:00,72049.260000
2025-05-08T01:14:00+00:00,72550.300000
2025-05-08T03:24:00+00:00,73387.340000
2025-05-08T13:49:00+00:00,73385.120000
2025-05-08T15:29:00+00:00,72799.400000
2025-05-09T03:14:00+00:00,72795.700000
2025-05-09T08:04:00+00:00,72962.000000
2025-05-09T08:04:00+00:00,72955.340000
2025-05-09T10:34:00+00:00,72260.180000
2025-05-09T14:19:00+00:00,72257.220000
2025-05-09T14:39:00+00:00,72699.740000
2025-05-09T20:09:00+00:00,72972.260000
2025-05-12T14:29:00+00:00,72970.780000
2025-05-12T17:09:00+00:00,72246.300000
2025-05-12T23:44:00+00:00,72238.900000
2025-05-13T00:34:00+00:00,72760.200000
2025-05-13T04:04:00+00:00,73631.500000
2025-05-13T08:49:00+00:00,73616.700000
2025-05-13T09:29:00+00:00,72861.900000
2025-05-13T13:54:00+00:00,72860.420000
2025-05-13T16:39:00+00:00,73274.430000
2025-05-13T20:09:00+00:00,73547.190000
2025-05-14T00:19:00+00:00,73537.570000
2025-05-14T02:09:00+00:00,73530.170000
2025-05-14T04:39:00+00:00,72792.550000
2025-05-14T04:39:00+00:00,72060.150000
2025-05-14T05:34:00+00:00,72045.350000
2025-05-14T06:04:00+00:00,71330.550000
2025-05-14T07:29:00+00:00,71323.150000
2025-05-14T09:09:00+00:00,71821.950000
2025-05-14T09:29:00+00:00,71935.750000
2025-05-14T09:29:00+00:00,71929.090000
2025-05-14T11:09:00+00:00,72358.130000
2025-05-14T11:24:00+00:00,73254.430000
2025-05-14T13:34:00+00:00,73249.990000
2025-05-14T13:49:00+00:00,73796.770000
2025-05-14T13:49:00+00:00,73793.070000
2025-05-14T15:09:00+00:00,73788.630000
2025-05-14T15:29:00+00:00,73124.930000
2025-05-14T16:09:00+00:00,73121.210000
2025-05-14T16:09:00+00:00,72372.770000
2025-05-14T18:39:00+00:00,72370.550000
2025-05-14T20:09:00+00:00,72603.830000
2025-05-15T05:14:00+00:00,72597.910000
2025-05-15T07:14:00+00:00,73086.950000
2025-05-15T07:59:00+00:00,73903.990000
2025-05-15T12:39:00+00:00,73898.810000
2025-05-15T13:49:00+00:00,73207.630000
2025-05-15T13:49:00+00:00,73203.930000
2025-05-15T14:04:00+00:00,72485.230000
2025-05-16T03:44:00+00:00,72465.250000
2025-05-16T03:54:00+00:00,71729.770000
2025-05-16T04:59:00+00:00,71717.190000
2025-05-16T06:09:00+00:00,71951.110000
2025-05-16T06:09:00+00:00,71934.090000
2025-05-16T06:34:00+00:00,71468.570000
2025-05-16T06:34:00+00:00,71461.910000
2025-05-16T07:34:00+00:00,70744.250000
2025-05-16T11:39:00+00:00,70731.670000
2025-05-16T12:04:00+00:00,70022.090000
2025-05-16T14:39:00+00:00,70019.870000
2025-05-16T17:34:00+00:00,69455.150000
2025-05-19T11:54:00+00:00,69450.710000
2025-05-19T13:39:00+00:00,69925.490000
2025-05-19T13:39:00+00:00,69923.270000
2025-05-19T13:49:00+00:00,70716.050000
2025-05-19T13:49:00+00:00,70714.570000
2025-05-19T14:09:00+00:00,70977.830000
2025-05-19T17:09:00+00:00,71856.350000
2025-05-19T20:09:00+00:00,72351.870000
2025-05-19T23:59:00+00:00,72344.470000
2025-05-20T01:04:00+00:00,72835.770000
2025-05-20T01:34:00+00:00,73657.070000
2025-05-20T08:24:00+00:00,73651.890000
2025-05-20T13:39:00+00:00,72985.210000
2025-05-20T13:49:00+00:00,72981.510000
2025-05-20T14:39:00+00:00,72325.310000
2025-05-21T00:14:00+00:00,72309.770000
2025-05-21T00:24:00+00:00,71580.230000
2025-05-21T02:39:00+00:00,71569.130000
2025-05-21T03:34:00+00:00,70860.530000
2025-05-21T12:09:00+00:00,70854.610000
2025-05-21T12:29:00+00:00,70196.690000
2025-05-21T13:49:00+00:00,70194.470000
2025-05-21T16:09:00+00:00,70509.480000
2025-05-21T17:14:00+00:00,70795.000000
2025-05-21T17:14:00+00:00,70792.040000
2025-05-21T17:24:00+00:00,71288.560000
2025-05-21T17:29:00+00:00,72117.080000
2025-05-22T00:14:00+00:00,72111.900000
2025-05-22T02:14:00+00:00,72103.020000
2025-05-22T07:04:00+00:00,72638.580000
2025-05-22T08:39:00+00:00,73214.400000
2025-05-22T08:39:00+00:00,73650.960000
2025-05-22T08:44:00+00:00,73641.340000
2025-05-22T10:19:00+00:00,73768.220000
2025-05-22T10:19:00+00:00,73757.860000
2025-05-22T11:09:00+00:00,74298.680000
2025-05-22T11:14:00+00:00,74290.000000
2025-05-22T11:19:00+00:00,74283.340000
2025-05-22T11:49:00+00:00,74757.380000
2025-05-22T11:59:00+00:00,75747.430000
2025-05-22T13:54:00+00:00,75745.210000
2025-05-22T20:09:00+00:00,75463.990000
2025-05-23T03:39:00+00:00,75446.230000
2025-05-23T03:54:00+00:00,74672.470000
2025-05-23T05:39:00+00:00,74665.810000
2025-05-23T06:19:00+00:00,75118.850000
2025-05-23T06:34:00+00:00,75437.650000
2025-05-23T06:34:00+00:00,75428.030000
2025-05-23T07:14:00+00:00,75932.090000
2025-05-23T07:24:00+00:00,76915.660000
2025-05-23T11:24:00+00:00,76911.220000
2025-05-23T11:44:00+00:00,77455.750000
2025-05-23T11:44:00+00:00,77452.030000
2025-05-23T13:34:00+00:00,77449.810000
2025-05-23T14:14:00+00:00,77448.330000
2025-05-23T20:09:00+00:00,77635.110000
2025-05-23T20:09:00+00:00,77512.630000
2025-05-26T13:39:00+00:00,77507.450000
2025-05-26T14:34:00+00:00,76819.770000
2025-05-26T14:34:00+00:00,76815.330000
2025-05-27T01:09:00+00:00,76797.570000
2025-05-27T01:49:00+00:00,77328.690000
2025-05-27T02:19:00+00:00,78219.810000
2025-05-27T03:44:00+00:00,78757.590000
2025-05-27T06:39:00+00:00,78753.870000
2025-05-27T09:24:00+00:00,78743.510000
2025-05-27T09:44:00+00:00,77949.150000
2025-05-27T13:34:00+00:00,77933.610000
2025-05-27T13:39:00+00:00,78466.210000
2025-05-27T13:39:00+00:00,78452.570000
2025-05-27T13:59:00+00:00,78450.350000
2025-05-27T14:09:00+00:00,78448.130000
2025-05-27T16:39:00+00:00,78750.390000
2025-05-27T20:09:00+00:00,79452.910000
2025-05-27T20:09:00+00:00,80172.190000
2025-05-28T03:19:00+00:00,80149.990000
2025-05-28T03:39:00+00:00,79467.790000
2025-05-28T12:54:00+00:00,79456.690000
2025-05-28T13:39:00+00:00,78658.090000
2025-05-28T13:49:00+00:00,78655.130000
2025-05-28T13:54:00+00:00,78649.210000
2025-05-28T18:54:00+00:00,79180.250000
2025-05-28T19:09:00+00:00,79175.290000
2025-05-28T19:54:00+00:00,79683.810000
2025-05-28T20:09:00+00:00,80045.330000
2025-05-29T08:34:00+00:00,80040.890000
2025-05-29T11:29:00+00:00,80553.920000
2025-05-29T12:09:00+00:00,81410.450000
2025-05-29T13:49:00+00:00,81408.970000
2025-05-29T20:09:00+00:00,81819.490000
2025-05-30T05:09:00+00:00,81809.870000
2025-05-30T05:44:00+00:00,82367.930000
2025-05-30T06:24:00+00:00,82359.250000
2025-05-30T13:49:00+00:00,82356.290000
2025-05-30T14:09:00+00:00,81897.330000
2025-05-30T14:09:00+00:00,81892.890000
2025-05-30T16:19:00+00:00,81123.450000
2025-06-02T07:29:00+00:00,81114.570000
2025-06-02T07:34:00+00:00,80295.690000
2025-06-02T14:04:00+00:00,80294.210000
2025-06-02T17:04:00+00:00,79583.730000
2025-06-03T02:44:00+00:00,79569.670000
2025-06-03T03:29:00+00:00,78776.610000
2025-06-03T06:29:00+00:00,78764.030000
2025-06-03T07:24:00+00:00,77977.950000
2025-06-03T07:39:00+00:00,77971.290000
2025-06-03T08:14:00+00:00,77258.130000
2025-06-03T13:04:00+00:00,77254.430000
2025-06-03T14:04:00+00:00,77252.210000
2025-06-03T14:59:00+00:00,77700.730000
2025-06-03T16:39:00+00:00,78823.510000
2025-06-03T20:09:00+00:00,79160.290000
2025-06-04T00:19:00+00:00,79146.230000
2025-06-04T02:14:00+00:00,79699.820000
2025-06-04T06:04:00+00:00,79687.420000
2025-06-04T06:24:00+00:00,79674.840000
2025-06-04T07:59:00+00:00,78863.260000
2025-06-04T10:24:00+00:00,78849.200000
2025-06-04T11:09:00+00:00,78075.140000
2025-06-04T12:24:00+00:00,78064.040000
2025-06-04T12:29:00+00:00,77272.940000
2025-06-04T14:04:00+00:00,77270.720000
2025-06-04T18:04:00+00:00,76670.000000
2025-06-05T13:59:00+00:00,76667.780000
2025-06-05T14:44:00+00:00,75963.560000
2025-06-05T18:29:00+00:00,75960.600000
2025-06-05T19:14:00+00:00,75295.640000
2025-06-06T13:49:00+00:00,75292.680000
2025-06-06T14:29:00+00:00,74573.720000
2025-06-06T15:24:00+00:00,74570.020000
2025-06-06T18:19:00+00:00,73823.820000
2025-06-08T22:19:00+00:00,73820.860000
2025-06-09T11:09:00+00:00,73567.900000
2025-06-09T11:09:00+00:00,73557.540000
2025-06-09T13:39:00+00:00,72819.180000
2025-06-09T14:04:00+00:00,72810.300000
2025-06-09T14:09:00+00:00,72303.420000
2025-06-09T14:09:00+00:00,72299.720000
2025-06-09T20:09:00+00:00,72118.520000
2025-06-10T00:09:00+00:00,72106.680000
2025-06-10T00:29:00+00:00,71406.840000
2025-06-10T05:44:00+00:00,71403.140000
2025-06-10T07:44:00+00:00,70714.440000
2025-06-10T11:39:00+00:00,70706.300000
2025-06-10T13:54:00+00:00,71156.350000
2025-06-10T13:59:00+00:00,71148.910000
2025-06-10T15:34:00+00:00,71146.690000
2025-06-10T16:04:00+00:00,70491.970000
2025-06-10T23:09:00+00:00,70484.570000
2025-06-10T23:14:00+00:00,69807.170000
2025-06-11T05:29:00+00:00,69799.030000
2025-06-11T06:39:00+00:00,69789.410000
2025-06-11T07:49:00+00:00,69126.770000
2025-06-11T07:49:00+00:00,68434.650000
2025-06-11T11:34:00+00:00,68425.770000
2025-06-11T12:04:00+00:00,68907.330000
2025-06-11T12:04:00+00:00,68899.890000
2025-06-11T13:49:00+00:00,68896.930000
2025-06-11T14:24:00+00:00,68317.970000
2025-06-12T12:44:00+00:00,68315.750000
2025-06-12T13:49:00+00:00,68312.050000
2025-06-12T20:09:00+00:00,68864.830000
2025-06-12T20:09:00+00:00,69313.630000
2025-06-13T14:29:00+00:00,69312.150000
2025-06-13T14:44:00+00:00,68987.670000
2025-06-13T14:44:00+00:00,68983.970000
2025-06-13T15:24:00+00:00,69369.490000
2025-06-13T18:19:00+00:00,69365.770000
2025-06-16T10:49:00+00:00,69359.850000
2025-06-16T11:49:00+00:00,68677.930000
2025-06-16T13:49:00+00:00,68675.710000
2025-06-16T15:34:00+00:00,69196.990000
2025-06-16T15:34:00+00:00,69186.630000
2025-06-16T15:59:00+00:00,69685.450000
2025-06-16T17:29:00+00:00,69676.770000
2025-06-17T01:14:00+00:00,69672.330000
2025-06-17T02:09:00+00:00,69664.930000
2025-06-17T02:54:00+00:00,68997.530000
2025-06-17T06:19:00+00:00,68384.090000
2025-06-17T13:49:00+00:00,68378.910000
2025-06-17T14:04:00+00:00,67712.230000
2025-06-17T14:14:00+00:00,67710.010000
2025-06-17T16:59:00+00:00,67169.290000
2025-06-18T13:39:00+00:00,67165.590000
2025-06-18T13:49:00+00:00,66756.890000
2025-06-18T13:49:00+00:00,66753.930000
2025-06-18T13:54:00+00:00,66750.970000
2025-06-18T18:59:00+00:00,66136.010000
2025-06-18T18:59:00+00:00,65579.050000
2025-06-18T23:54:00+00:00,65573.870000
2025-06-19T00:09:00+00:00,65285.190000
2025-06-19T00:09:00+00:00,65280.010000
2025-06-19T00:19:00+00:00,65673.790000
2025-06-19T01:04:00+00:00,66550.830000
2025-06-19T03:09:00+00:00,66547.870000
2025-06-19T07:59:00+00:00,65992.910000
2025-06-19T11:14:00+00:00,65986.990000
2025-06-19T12:09:00+00:00,65982.550000
2025-06-19T13:09:00+00:00,66438.590000
2025-06-19T13:39:00+00:00,66879.620000
2025-06-19T13:49:00+00:00,67641.660000
2025-06-19T13:49:00+00:00,68378.190000
2025-06-19T13:49:00+00:00,68375.970000
2025-06-19T22:04:00+00:00,67745.250000
2025-06-20T06:39:00+00:00,67734.890000
2025-06-20T08:09:00+00:00,67045.530000
2025-06-20T09:14:00+00:00,67036.650000
2025-06-20T11:44:00+00:00,67522.710000
2025-06-20T11:44:00+00:00,68335.770000
2025-06-20T11:49:00+00:00,68331.330000
2025-06-20T13:29:00+00:00,68794.860000
2025-06-20T13:39:00+00:00,69568.890000
2025-06-20T13:59:00+00:00,69566.670000
2025-06-20T14:49:00+00:00,69903.430000
2025-06-20T17:34:00+00:00,69901.210000
2025-06-20T18:19:00+00:00,69280.990000
2025-06-20T20:09:00+00:00,69893.510000
2025-06-23T01:24:00+00:00,69888.330000
2025-06-23T02:34:00+00:00,69253.150000
2025-06-23T02:54:00+00:00,69239.830000
2025-06-23T05:09:00+00:00,68533.510000
2025-06-23T13:49:00+00:00,68532.030000
2025-06-23T16:39:00+00:00,67947.550000
2025-06-24T02:14:00+00:00,67936.450000
2025-06-24T05:34:00+00:00,67242.850000
2025-06-24T08:39:00+00:00,67239.890000
2025-06-24T11:34:00+00:00,67376.930000
2025-06-24T11:34:00+00:00,67368.790000
2025-06-24T12:34:00+00:00,66728.150000
2025-06-24T14:44:00+00:00,66725.190000
2025-06-24T20:09:00+00:00,67232.230000
2025-06-25T14:14:00+00:00,67229.270000
2025-06-25T17:39:00+00:00,67221.870000
2025-06-25T19:14:00+00:00,66584.470000
2025-06-25T20:09:00+00:00,66667.510000
2025-06-26T14:24:00+00:00,66664.550000
2025-06-26T15:34:00+00:00,66731.590000
2025-06-26T15:34:00+00:00,66719.010000
2025-06-26T15:44:00+00:00,66051.930000
2025-06-27T07:39:00+00:00,66041.570000
2025-06-27T11:04:00+00:00,65401.210000
2025-06-27T12:19:00+00:00,65392.330000
2025-06-27T13:04:00+00:00,65860.390000
2025-06-27T13:34:00+00:00,66643.450000
2025-06-27T13:54:00+00:00,66639.750000
2025-06-27T18:19:00+00:00,66048.550000
2025-06-30T04:59:00+00:00,66026.350000
2025-06-30T05:44:00+00:00,65644.150000
2025-06-30T05:44:00+00:00,65631.570000
2025-06-30T07:04:00+00:00,64964.490000
2025-06-30T09:49:00+00:00,64948.210000
2025-06-30T10:19:00+00:00,64293.930000
2025-06-30T11:49:00+00:00,64282.830000
2025-06-30T12:24:00+00:00,63649.230000
2025-06-30T13:49:00+00:00,63646.270000
2025-06-30T19:04:00+00:00,63153.310000
2025-06-30T19:04:00+00:00,63148.870000
2025-06-30T19:54:00+00:00,63580.900000
2025-06-30T20:09:00+00:00,63653.680000
2025-06-30T23:44:00+00:00,63646.280000
2025-07-01T05:14:00+00:00,63043.880000
2025-07-01T07:19:00+00:00,63033.520000
2025-07-01T12:14:00+00:00,63495.590000
2025-07-01T12:24:00+00:00,64269.160000
2025-07-01T12:39:00+00:00,64263.240000
2025-07-01T13:54:00+00:00,64725.280000
2025-07-01T13:54:00+00:00,64720.100000
2025-07-01T14:24:00+00:00,64091.920000
2025-07-01T14:29:00+00:00,64086.960000
2025-07-01T14:29:00+00:00,64079.560000
2025-07-01T14:39:00+00:00,64552.110000
2025-07-01T14:49:00+00:00,65342.160000
2025-07-02T02:34:00+00:00,65334.020000
2025-07-02T04:24:00+00:00,65739.070000
2025-07-02T08:29:00+00:00,65731.630000
2025-07-02T13:49:00+00:00,65727.930000
2025-07-02T14:34:00+00:00,66078.950000
2025-07-02T20:09:00+00:00,66826.730000
2025-07-03T06:04:00+00:00,66806.750000
2025-07-03T06:44:00+00:00,67265.130000
2025-07-03T07:39:00+00:00,68094.770000
2025-07-03T08:04:00+00:00,68079.970000
2025-07-03T08:59:00+00:00,68575.070000
2025-07-03T10:04:00+00:00,69405.170000
2025-07-03T12:19:00+00:00,69391.850000
2025-07-03T12:34:00+00:00,68685.530000
2025-07-03T12:39:00+00:00,68680.350000
2025-07-03T13:34:00+00:00,69067.380000
2025-07-03T13:54:00+00:00,69063.680000
2025-07-03T14:04:00+00:00,69925.720000
2025-07-03T15:44:00+00:00,70306.740000
2025-07-04T02:19:00+00:00,70303.020000
2025-07-04T05:49:00+00:00,70286.740000
2025-07-04T06:09:00+00:00,69577.460000
2025-07-04T08:29:00+00:00,69567.100000
2025-07-04T08:54:00+00:00,68863.740000
2025-07-04T13:54:00+00:00,68857.820000
2025-07-06T22:04:00+00:00,69361.860000
2025-07-07T01:09:00+00:00,69356.900000
2025-07-07T14:59:00+00:00,69353.940000
2025-07-07T20:09:00+00:00,69656.980000
2025-07-07T22:39:00+00:00,69647.360000
2025-07-08T00:29:00+00:00,70124.420000
2025-07-08T00:54:00+00:00,71055.490000
2025-07-08T02:34:00+00:00,71051.050000
2025-07-08T07:09:00+00:00,71172.610000
2025-07-08T07:09:00+00:00,71154.850000
2025-07-08T07:39:00+00:00,70429.090000
2025-07-08T08:09:00+00:00,70415.770000
2025-07-08T09:54:00+00:00,70928.860000
2025-07-08T10:49:00+00:00,70917.700000
2025-07-08T12:39:00+00:00,70905.120000
2025-07-08T13:04:00+00:00,70212.540000
2025-07-08T13:59:00+00:00,70208.840000
2025-07-08T16:24:00+00:00,69582.640000
2025-07-09T05:24:00+00:00,69568.580000
2025-07-09T06:09:00+00:00,70034.420000
2025-07-09T06:49:00+00:00,70022.020000
2025-07-09T07:19:00+00:00,70012.400000
2025-07-09T09:14:00+00:00,69320.280000
2025-07-09T13:49:00+00:00,69318.060000
2025-07-09T14:39:00+00:00,68669.340000
2025-07-10T13:49:00+00:00,68667.120000
2025-07-10T13:54:00+00:00,68664.160000
2025-07-10T18:24:00+00:00,68085.200000
2025-07-10T20:09:00+00:00,67979.480000
2025-07-11T00:09:00+00:00,67957.280000
2025-07-11T00:14:00+00:00,68384.930000
2025-07-11T00:14:00+00:00,68366.330000
2025-07-11T06:39:00+00:00,68353.750000
2025-07-11T07:14:00+00:00,68827.830000
2025-07-11T07:29:00+00:00,69721.170000
2025-07-11T09:34:00+00:00,69718.210000
2025-07-11T13:44:00+00:00,69714.510000
2025-07-11T13:49:00+00:00,69110.810000
2025-07-11T13:54:00+00:00,68849.850000
2025-07-11T13:54:00+00:00,68845.410000
2025-07-11T13:59:00+00:00,68843.190000
2025-07-11T14:39:00+00:00,69284.220000
2025-07-11T15:14:00+00:00,69280.500000
2025-07-11T20:09:00+00:00,69164.280000
2025-07-14T07:39:00+00:00,69153.180000
2025-07-14T07:54:00+00:00,69604.750000
2025-07-14T08:54:00+00:00,70468.830000
2025-07-14T12:39:00+00:00,70451.810000
2025-07-14T13:24:00+00:00,69733.290000
2025-07-14T13:49:00+00:00,69730.330000
2025-07-14T14:34:00+00:00,69725.150000
2025-07-14T14:54:00+00:00,69103.970000
2025-07-14T14:59:00+00:00,68519.010000
2025-07-14T14:59:00+00:00,68517.530000
2025-07-14T20:09:00+00:00,68659.050000
2025-07-15T12:39:00+00:00,68650.910000
2025-07-15T13:24:00+00:00,69082.210000
2025-07-15T13:34:00+00:00,69074.770000
2025-07-15T13:39:00+00:00,69068.850000
2025-07-15T14:19:00+00:00,68374.930000
2025-07-15T14:59:00+00:00,68373.450000
2025-07-15T20:09:00+00:00,68636.970000
2025-07-16T01:29:00+00:00,68624.390000
2025-07-16T02:04:00+00:00,67940.310000
2025-07-16T13:39:00+00:00,67936.610000
2025-07-16T13:49:00+00:00,67934.390000
2025-07-16T14:09:00+00:00,68286.910000
2025-07-16T15:14:00+00:00,68283.190000
2025-07-16T15:39:00+00:00,68558.450000
2025-07-16T15:49:00+00:00,68759.970000
2025-07-16T15:49:00+00:00,68757.010000
2025-07-16T17:09:00+00:00,69238.530000
2025-07-16T20:09:00+00:00,69697.050000
2025-07-17T00:34:00+00:00,69682.990000
2025-07-17T01:39:00+00:00,68975.430000
2025-07-17T11:14:00+00:00,68953.230000
2025-07-17T11:34:00+00:00,68346.030000
2025-07-17T12:19:00+00:00,68338.630000
2025-07-17T12:34:00+00:00,67691.230000
2025-07-17T13:49:00+00:00,67684.570000
2025-07-17T14:49:00+00:00,68098.610000
2025-07-17T15:09:00+00:00,68963.660000
2025-07-18T14:04:00+00:00,68959.960000
2025-07-18T20:09:00+00:00,69193.760000
2025-07-20T22:34:00+00:00,69184.140000
2025-07-21T01:09:00+00:00,69638.700000
2025-07-21T05:19:00+00:00,70078.020000
2025-07-21T05:19:00+00:00,70055.820000
2025-07-21T05:34:00+00:00,69523.620000
2025-07-21T13:49:00+00:00,69522.140000
2025-07-21T20:09:00+00:00,69408.660000
2025-07-21T22:09:00+00:00,69397.560000
2025-07-22T04:14:00+00:00,68688.960000
2025-07-22T13:39:00+00:00,68683.040000
2025-07-22T13:49:00+00:00,69184.080000
2025-07-22T13:49:00+00:00,69182.600000
2025-07-22T13:54:00+00:00,70019.640000
2025-07-22T20:09:00+00:00,70053.160000
2025-07-23T00:09:00+00:00,70042.800000
2025-07-23T00:44:00+00:00,70557.370000
2025-07-23T01:29:00+00:00,70548.690000
2025-07-23T13:59:00+00:00,70546.470000
2025-07-23T15:54:00+00:00,69956.250000
2025-07-24T13:04:00+00:00,69948.110000
2025-07-24T13:34:00+00:00,70405.660000
2025-07-24T13:34:00+00:00,70398.220000
2025-07-24T14:09:00+00:00,70394.520000
2025-07-24T15:54:00+00:00,69690.820000
2025-07-24T16:09:00+00:00,69678.980000
2025-07-24T17:09:00+00:00,68979.140000
2025-07-24T17:34:00+00:00,68971.740000
2025-07-24T20:09:00+00:00,69244.340000
2025-07-25T08:34:00+00:00,69232.500000
2025-07-25T12:29:00+00:00,69222.140000
2025-07-25T13:09:00+00:00,68530.300000
2025-07-25T13:09:00+00:00,68022.940000
2025-07-25T13:49:00+00:00,68018.500000
2025-07-25T16:29:00+00:00,68493.280000
2025-07-25T20:09:00+00:00,68720.560000
2025-07-28T07:59:00+00:00,68702.060000
2025-07-28T08:14:00+00:00,67996.060000
2025-07-28T13:54:00+00:00,67990.140000
2025-07-28T15:19:00+00:00,67312.220000
2025-07-29T04:24:00+00:00,67290.020000
2025-07-29T05:49:00+00:00,66727.820000
2025-07-29T06:44:00+00:00,66710.800000
2025-07-29T07:44:00+00:00,67172.910000
2025-07-29T07:49:00+00:00,68019.030000
2025-07-29T13:49:00+00:00,68015.330000
2025-07-29T13:54:00+00:00,68010.890000
2025-07-29T15:19:00+00:00,68385.910000
2025-07-29T15:19:00+00:00,68865.190000
2025-07-29T15:44:00+00:00,69665.470000
2025-07-29T19:39:00+00:00,70604.500000
2025-07-30T05:29:00+00:00,70586.740000
2025-07-30T07:09:00+00:00,69872.980000
2025-07-30T08:29:00+00:00,69864.840000
2025-07-30T11:14:00+00:00,69202.200000
2025-07-30T14:24:00+00:00,69198.500000
2025-07-30T15:19:00+00:00,68917.300000
2025-07-30T15:19:00+00:00,68912.120000
2025-07-30T16:19:00+00:00,68280.440000
2025-07-30T17:54:00+00:00,68266.380000
2025-07-30T18:04:00+00:00,68725.470000
2025-07-30T18:04:00+00:00,68713.070000
2025-07-30T18:59:00+00:00,68710.850000
2025-07-30T20:04:00+00:00,68177.630000
2025-07-31T04:34:00+00:00,68159.130000
2025-07-31T06:34:00+00:00,68627.250000
2025-07-31T06:59:00+00:00,68611.130000
2025-07-31T11:09:00+00:00,68600.770000
2025-07-31T11:44:00+00:00,67939.410000
2025-07-31T14:49:00+00:00,67937.930000
2025-07-31T17:59:00+00:00,68384.190000
2025-07-31T20:09:00+00:00,68915.950000
2025-08-01T11:19:00+00:00,68911.510000
2025-08-01T12:39:00+00:00,69084.070000
2025-08-01T12:39:00+00:00,69080.370000
2025-08-01T13:04:00+00:00,69078.150000
2025-08-01T13:34:00+00:00,69477.170000
2025-08-01T13:44:00+00:00,70476.200000
2025-08-01T13:44:00+00:00,70751.460000
2025-08-01T13:49:00+00:00,70750.720000
2025-08-01T14:04:00+00:00,71669.240000
2025-08-01T20:09:00+00:00,71653.000000
2025-08-03T23:39:00+00:00,71645.600000
2025-08-04T00:04:00+00:00,70943.200000
2025-08-04T01:14:00+00:00,70934.320000
2025-08-04T01:34:00+00:00,70211.440000
2025-08-04T11:34:00+00:00,70202.560000
2025-08-04T12:09:00+00:00,69521.680000
2025-08-04T13:49:00+00:00,69520.200000
2025-08-04T19:34:00+00:00,69689.720000
2025-08-05T13:49:00+00:00,69686.760000
2025-08-05T14:19:00+00:00,69059.800000
2025-08-06T00:09:00+00:00,69051.660000
2025-08-06T01:44:00+00:00,69505.460000
2025-08-06T02:29:00+00:00,70416.020000
2025-08-06T07:29:00+00:00,70402.700000
2025-08-06T08:09:00+00:00,69705.380000
2025-08-06T11:09:00+00:00,69700.940000
2025-08-06T13:29:00+00:00,69672.500000
2025-08-06T13:29:00+00:00,69656.960000
2025-08-06T13:34:00+00:00,68948.420000
2025-08-06T13:54:00+00:00,68945.460000
2025-08-06T15:54:00+00:00,69432.980000
2025-08-06T18:39:00+00:00,70246.500000
2025-08-07T06:44:00+00:00,70225.040000
2025-08-07T07:14:00+00:00,69493.080000
2025-08-07T07:14:00+00:00,69484.940000
2025-08-07T07:34:00+00:00,69108.300000
2025-08-07T07:34:00+00:00,69099.420000
2025-08-07T07:59:00+00:00,68430.540000
2025-08-07T13:59:00+00:00,68427.580000
2025-08-07T14:14:00+00:00,67842.620000
2025-08-07T16:59:00+00:00,67839.660000
2025-08-07T17:39:00+00:00,67216.700000
2025-08-08T13:49:00+00:00,67214.480000
2025-08-08T15:54:00+00:00,67213.000000
2025-08-08T20:09:00+00:00,67866.280000
2025-08-08T20:09:00+00:00,68147.800000
2025-08-10T22:09:00+00:00,68140.400000
2025-08-11T02:09:00+00:00,67483.000000
2025-08-11T03:19:00+00:00,67477.080000
2025-08-11T05:54:00+00:00,66835.160000
2025-08-11T07:19:00+00:00,66819.620000
2025-08-11T07:39:00+00:00,67269.720000
2025-08-11T07:49:00+00:00,68100.330000
2025-08-11T10:39:00+00:00,68086.270000
2025-08-11T12:04:00+00:00,67407.210000
2025-08-11T13:59:00+00:00,67403.510000
2025-08-11T18:04:00+00:00,66757.310000
2025-08-12T04:44:00+00:00,66740.290000
2025-08-12T05:04:00+00:00,66067.770000
2025-08-12T10:19:00+00:00,66055.930000
2025-08-12T11:09:00+00:00,65380.090000
2025-08-12T13:39:00+00:00,65378.610000
2025-08-12T13:49:00+00:00,64999.130000
2025-08-12T13:49:00+00:00,64996.910000
2025-08-12T15:09:00+00:00,64343.690000
2025-08-13T02:29:00+00:00,64334.070000
2025-08-13T07:19:00+00:00,64766.130000
2025-08-13T08:24:00+00:00,65609.700000
2025-08-13T13:59:00+00:00,65605.260000
2025-08-13T14:49:00+00:00,66064.290000
2025-08-13T16:54:00+00:00,66830.820000
2025-08-13T17:39:00+00:00,66824.900000
2025-08-13T18:14:00+00:00,66202.980000
2025-08-14T07:54:00+00:00,66185.220000
2025-08-14T08:34:00+00:00,65507.460000
2025-08-14T12:39:00+00:00,65500.060000
2025-08-14T12:44:00+00:00,64857.660000
2025-08-14T13:49:00+00:00,64855.440000
2025-08-14T15:54:00+00:00,64853.220000
2025-08-14T20:09:00+00:00,64575.000000
2025-08-14T20:09:00+00:00,64331.280000
2025-08-15T00:44:00+00:00,64323.140000
2025-08-15T06:39:00+00:00,64754.440000
2025-08-15T08:09:00+00:00,64742.600000
2025-08-15T08:34:00+00:00,64106.760000
2025-08-15T08:44:00+00:00,64099.320000
2025-08-15T13:39:00+00:00,64094.880000
2025-08-15T13:49:00+00:00,64520.160000
2025-08-15T13:49:00+00:00,64516.440000
2025-08-15T13:49:00+00:00,64514.960000
2025-08-15T15:59:00+00:00,64494.480000
2025-08-15T15:59:00+00:00,64491.520000
2025-08-15T20:09:00+00:00,64530.560000
2025-08-17T23:54:00+00:00,64515.760000
2025-08-18T00:09:00+00:00,63870.960000
2025-08-18T03:39:00+00:00,63859.120000
2025-08-18T06:09:00+00:00,63848.760000
2025-08-18T06:14:00+00:00,64298.840000
2025-08-18T06:24:00+00:00,65052.920000
2025-08-18T06:29:00+00:00,65504.490000
2025-08-18T06:44:00+00:00,66260.560000
2025-08-18T08:39:00+00:00,66255.380000
2025-08-18T09:29:00+00:00,65655.200000
2025-08-18T13:49:00+00:00,65650.020000
2025-08-18T13:54:00+00:00,65646.320000
2025-08-18T14:09:00+00:00,65952.640000
2025-08-18T14:09:00+00:00,65831.440000
2025-08-18T14:14:00+00:00,65825.520000
2025-08-18T14:49:00+00:00,65171.600000
2025-08-18T17:44:00+00:00,65165.680000
2025-08-18T18:59:00+00:00,64547.760000
2025-08-19T03:29:00+00:00,64533.700000
2025-08-19T03:39:00+00:00,63873.640000
2025-08-19T03:44:00+00:00,63865.500000
2025-08-19T05:14:00+00:00,63859.580000
2025-08-19T08:04:00+00:00,63251.940000
2025-08-19T08:04:00+00:00,62658.020000
2025-08-19T13:49:00+00:00,62656.540000
2025-08-19T17:04:00+00:00,63014.300000
2025-08-19T18:09:00+00:00,63012.820000
2025-08-19T20:09:00+00:00,63350.080000
2025-08-19T20:09:00+00:00,63434.600000
2025-08-20T01:14:00+00:00,63431.640000
2025-08-20T06:44:00+00:00,63530.680000
2025-08-20T06:44:00+00:00,63526.980000
2025-08-20T07:39:00+00:00,63675.780000
2025-08-20T07:39:00+00:00,63664.680000
2025-08-20T08:39:00+00:00,63188.580000
2025-08-20T08:39:00+00:00,63184.880000
2025-08-20T13:39:00+00:00,62611.180000
2025-08-20T13:49:00+00:00,62610.440000
2025-08-20T20:09:00+00:00,62498.700000
2025-08-21T00:39:00+00:00,62492.040000
2025-08-21T01:09:00+00:00,61913.880000
2025-08-21T10:29:00+00:00,61906.480000
2025-08-21T11:49:00+00:00,61279.080000
2025-08-21T13:59:00+00:00,61277.600000
2025-08-21T14:14:00+00:00,60865.120000
2025-08-21T23:39:00+00:00,60848.840000
2025-08-22T00:09:00+00:00,61286.200000
2025-08-22T00:09:00+00:00,61272.140000
2025-08-22T00:14:00+00:00,62006.500000
2025-08-22T00:14:00+00:00,62290.090000
2025-08-22T00:14:00+00:00,62277.690000
2025-08-22T03:04:00+00:00,62269.550000
2025-08-22T05:14:00+00:00,62262.150000
2025-08-22T06:34:00+00:00,62659.700000
2025-08-22T06:34:00+00:00,63117.250000
2025-08-22T06:44:00+00:00,63915.310000
2025-08-22T06:44:00+00:00,64680.360000
2025-08-22T06:59:00+00:00,64676.660000
2025-08-22T08:09:00+00:00,65017.180000
2025-08-22T11:19:00+00:00,65706.460000
2025-08-22T11:19:00+00:00,65691.660000
2025-08-22T12:24:00+00:00,65016.860000
2025-08-22T13:49:00+00:00,65015.380000
2025-08-22T14:04:00+00:00,65397.890000
2025-08-22T14:04:00+00:00,65396.650000
2025-08-24T23:54:00+00:00,65389.990000
2025-08-25T03:09:00+00:00,65804.030000
2025-08-25T09:34:00+00:00,66669.080000
2025-08-25T12:09:00+00:00,66657.980000
2025-08-25T13:04:00+00:00,65986.880000
2025-08-25T13:59:00+00:00,65983.920000
2025-08-25T14:09:00+00:00,65981.700000
2025-08-25T20:09:00+00:00,65904.740000
2025-08-25T20:09:00+00:00,65671.520000
2025-08-26T02:09:00+00:00,65667.820000
2025-08-26T04:54:00+00:00,65649.320000
2025-08-26T05:09:00+00:00,66108.440000
2025-08-26T05:49:00+00:00,66943.820000
2025-08-26T12:59:00+00:00,67110.120000
2025-08-26T12:59:00+00:00,67102.720000
2025-08-26T13:34:00+00:00,66460.320000
2025-08-26T13:49:00+00:00,66457.360000
2025-08-26T14:14:00+00:00,65860.400000
2025-08-27T06:04:00+00:00,65839.680000
2025-08-27T06:29:00+00:00,66322.820000
2025-08-27T07:19:00+00:00,66305.460000
2025-08-27T12:14:00+00:00,66295.100000
2025-08-27T12:29:00+00:00,65633.740000
2025-08-27T12:39:00+00:00,65627.080000
2025-08-27T13:44:00+00:00,66050.120000
2025-08-27T13:49:00+00:00,66933.920000
2025-08-27T13:49:00+00:00,66930.220000
2025-08-27T14:14:00+00:00,66266.520000
2025-08-27T16:29:00+00:00,66263.560000
2025-08-27T18:14:00+00:00,65724.600000
2025-08-28T13:54:00+00:00,65723.120000
2025-08-28T15:19:00+00:00,65214.640000
2025-08-28T15:34:00+00:00,65212.420000
2025-08-28T19:04:00+00:00,64716.700000
2025-08-29T13:49:00+00:00,64715.220000
2025-08-29T20:09:00+00:00,65039.740000
2025-09-01T04:54:00+00:00,65031.600000
2025-09-01T06:04:00+00:00,64396.460000
2025-09-01T13:49:00+00:00,64391.280000
2025-09-01T23:24:00+00:00,63766.600000
2025-09-02T07:19:00+00:00,63762.900000
2025-09-02T07:49:00+00:00,64091.420000
2025-09-02T10:29:00+00:00,64914.200000
2025-09-02T13:44:00+00:00,64911.980000
2025-09-02T13:49:00+00:00,64911.240000
2025-09-02T14:04:00+00:00,65166.250000
2025-09-02T14:49:00+00:00,65163.770000
2025-09-02T20:09:00+00:00,65493.030000
2025-09-03T05:19:00+00:00,65484.890000
2025-09-03T06:14:00+00:00,65477.490000
2025-09-03T07:54:00+00:00,65916.290000
2025-09-03T07:54:00+00:00,66362.590000
2025-09-03T08:14:00+00:00,67243.150000
2025-09-03T08:14:00+00:00,67989.450000
2025-09-03T11:49:00+00:00,67985.010000
2025-09-03T12:09:00+00:00,67976.130000
2025-09-03T12:34:00+00:00,67283.250000
2025-09-03T13:34:00+00:00,66669.810000
2025-09-03T14:19:00+00:00,66666.850000
2025-09-03T17:49:00+00:00,66091.890000
2025-09-04T00:09:00+00:00,66078.570000
2025-09-04T00:19:00+00:00,66564.660000
2025-09-04T00:24:00+00:00,67379.250000
2025-09-04T05:29:00+00:00,67368.890000
2025-09-04T07:09:00+00:00,66966.530000
2025-09-04T07:09:00+00:00,66956.170000
2025-09-04T10:04:00+00:00,67428.740000
2025-09-04T11:54:00+00:00,67420.060000
2025-09-04T12:24:00+00:00,67411.920000
2025-09-04T13:34:00+00:00,66754.780000
2025-09-04T13:39:00+00:00,66750.340000
2025-09-04T14:04:00+00:00,66082.900000
2025-09-04T14:04:00+00:00,66081.420000
2025-09-04T15:24:00+00:00,65616.940000
2025-09-05T11:39:00+00:00,65599.180000
2025-09-05T12:34:00+00:00,66076.300000
2025-09-05T12:34:00+00:00,66061.420000
2025-09-05T14:09:00+00:00,66059.200000
2025-09-05T14:29:00+00:00,66376.460000
2025-09-05T15:04:00+00:00,67434.980000
2025-09-08T12:39:00+00:00,67421.660000
2025-09-08T13:24:00+00:00,67914.500000
2025-09-08T13:34:00+00:00,68740.340000
2025-09-08T13:54:00+00:00,68738.120000
2025-09-08T14:34:00+00:00,68735.900000
2025-09-08T15:34:00+00:00,68733.680000
2025-09-08T17:54:00+00:00,68170.460000
2025-09-08T17:54:00+00:00,67556.240000
2025-09-08T20:09:00+00:00,67260.020000
2025-09-08T22:09:00+00:00,67254.840000
2025-09-09T01:49:00+00:00,67239.300000
2025-09-09T02:19:00+00:00,67704.400000
2025-09-09T02:34:00+00:00,68562.510000
2025-09-09T07:39:00+00:00,68947.290000
2025-09-09T07:49:00+00:00,69260.330000
2025-09-09T07:49:00+00:00,69245.530000
2025-09-09T10:54:00+00:00,69238.130000
2025-09-09T11:19:00+00:00,69748.230000
2025-09-09T11:19:00+00:00,69958.280000
2025-09-09T11:39:00+00:00,70340.880000
2025-09-09T11:39:00+00:00,70414.680000
2025-09-09T11:44:00+00:00,70402.100000
2025-09-09T13:04:00+00:00,69709.520000
2025-09-09T13:54:00+00:00,69705.080000
2025-09-09T14:44:00+00:00,70157.360000
2025-09-09T15:54:00+00:00,70153.640000
2025-09-10T12:39:00+00:00,70148.460000
2025-09-10T13:34:00+00:00,69439.780000
2025-09-10T13:54:00+00:00,69436.820000
2025-09-10T18:39:00+00:00,69819.860000
2025-09-10T18:39:00+00:00,69812.460000
2025-09-10T19:09:00+00:00,69135.060000
2025-09-10T22:09:00+00:00,69132.100000
2025-09-11T13:44:00+00:00,69547.140000
2025-09-11T13:44:00+00:00,69541.220000
2025-09-11T13:49:00+00:00,68899.300000
2025-09-11T14:34:00+00:00,68897.080000
2025-09-11T20:09:00+00:00,69025.360000
2025-09-12T00:09:00+00:00,69013.520000
2025-09-12T05:34:00+00:00,68321.680000
2025-09-12T14:24:00+00:00,68318.720000
2025-09-12T20:09:00+00:00,68609.760000
2025-09-15T03:34:00+00:00,68587.560000
2025-09-15T04:34:00+00:00,67920.360000
2025-09-15T13:49:00+00:00,67915.920000
2025-09-15T19:59:00+00:00,68415.450000
2025-09-15T20:09:00+00:00,68816.730000
2025-09-16T04:29:00+00:00,68808.590000
2025-09-16T07:19:00+00:00,68798.230000
2025-09-16T08:09:00+00:00,69263.280000
2025-09-16T08:49:00+00:00,69746.350000
2025-09-16T11:19:00+00:00,69737.670000
2025-09-16T13:34:00+00:00,69730.230000
2025-09-16T13:54:00+00:00,69726.530000
2025-09-16T20:09:00+00:00,69717.830000
2025-09-17T13:44:00+00:00,69712.650000
2025-09-17T14:09:00+00:00,69709.690000
2025-09-17T15:44:00+00:00,70141.720000
2025-09-17T18:04:00+00:00,70136.760000
2025-09-17T18:14:00+00:00,70585.280000
2025-09-17T18:19:00+00:00,70583.060000
2025-09-17T18:49:00+00:00,71331.580000
2025-09-17T19:09:00+00:00,70781.860000
2025-09-18T12:39:00+00:00,70771.500000
2025-09-18T12:59:00+00:00,71296.570000
2025-09-18T13:04:00+00:00,72175.140000
2025-09-18T13:49:00+00:00,72173.660000
2025-09-18T14:04:00+00:00,71909.180000
2025-09-18T14:04:00+00:00,71906.960000
2025-09-18T20:09:00+00:00,71834.240000
2025-09-19T00:19:00+00:00,71824.620000
2025-09-19T06:29:00+00:00,72297.180000
2025-09-19T09:24:00+00:00,72288.500000
2025-09-19T09:59:00+00:00,72273.700000
2025-09-19T10:19:00+00:00,71548.900000
2025-09-19T13:49:00+00:00,71544.460000
2025-09-19T14:49:00+00:00,70868.020000
2025-09-19T18:54:00+00:00,70858.400000
2025-09-19T19:19:00+00:00,70159.780000
2025-09-22T09:24:00+00:00,70151.640000
2025-09-22T13:34:00+00:00,70624.190000
2025-09-22T13:49:00+00:00,71572.250000
2025-09-22T13:49:00+00:00,71566.330000
2025-09-22T14:49:00+00:00,72082.370000
2025-09-22T16:19:00+00:00,72944.410000
2025-09-23T07:14:00+00:00,72934.050000
2025-09-23T08:09:00+00:00,72216.690000
2025-09-23T13:59:00+00:00,72212.990000
2025-09-23T17:39:00+00:00,72630.010000
2025-09-23T20:09:00+00:00,73211.290000
2025-09-24T00:29:00+00:00,73201.670000
2025-09-24T05:39:00+00:00,73400.050000
2025-09-24T05:39:00+00:00,73377.850000
2025-09-24T05:49:00+00:00,72935.650000
2025-09-24T07:14:00+00:00,72924.550000
2025-09-24T07:49:00+00:00,72185.950000
2025-09-24T13:39:00+00:00,72181.510000
2025-09-24T13:49:00+00:00,72179.290000
2025-09-24T15:49:00+00:00,72708.070000
2025-09-24T15:59:00+00:00,73590.850000
2025-09-24T16:09:00+00:00,73872.110000
2025-09-24T17:44:00+00:00,73869.150000
2025-09-24T20:09:00+00:00,74088.670000
2025-09-24T20:09:00+00:00,73879.710000
2025-09-25T07:34:00+00:00,73872.310000
2025-09-25T09:49:00+00:00,73149.910000
2025-09-25T13:39:00+00:00,73148.430000
2025-09-25T14:19:00+00:00,72647.950000
2025-09-25T14:19:00+00:00,72647.210000
2025-09-25T20:09:00+00:00,72675.970000
2025-09-25T22:54:00+00:00,72656.730000
2025-09-26T00:09:00+00:00,73183.360000
2025-09-26T00:14:00+00:00,73167.240000
2025-09-26T04:14:00+00:00,73156.880000
2025-09-26T06:09:00+00:00,73697.700000
2025-09-26T06:24:00+00:00,74602.520000
2025-09-26T09:14:00+00:00,74590.680000
2025-09-26T09:24:00+00:00,73866.840000
2025-09-26T10:14:00+00:00,73863.140000
2025-09-26T11:24:00+00:00,73850.560000
2025-09-26T11:34:00+00:00,73098.480000
2025-09-26T12:34:00+00:00,72454.780000
2025-09-26T14:24:00+00:00,72453.300000
2025-09-26T14:44:00+00:00,72226.820000
2025-09-26T14:44:00+00:00,72223.120000
2025-09-26T14:54:00+00:00,71554.420000
2025-09-29T10:39:00+00:00,71537.400000
2025-09-29T11:14:00+00:00,72024.260000
2025-09-29T12:24:00+00:00,72009.380000
2025-09-29T13:49:00+00:00,72004.940000
2025-09-29T15:14:00+00:00,71376.500000
2025-09-29T23:59:00+00:00,71354.300000
2025-09-30T00:04:00+00:00,71793.200000
2025-09-30T00:04:00+00:00,71774.600000
2025-09-30T07:59:00+00:00,71763.500000
2025-09-30T08:04:00+00:00,71039.900000
2025-09-30T13:54:00+00:00,71037.680000
2025-09-30T14:49:00+00:00,70451.960000
2025-10-01T13:49:00+00:00,70449.740000
2025-10-01T13:54:00+00:00,70446.040000
2025-10-01T14:19:00+00:00,69815.320000
2025-10-01T14:19:00+00:00,69211.620000
2025-10-01T23:39:00+00:00,69193.120000
2025-10-01T23:59:00+00:00,68474.620000
2025-10-02T04:29:00+00:00,68463.520000
2025-10-02T07:14:00+00:00,67777.420000
2025-10-02T09:09:00+00:00,67755.220000
2025-10-02T09:19:00+00:00,67058.020000
2025-10-02T13:49:00+00:00,67056.540000
2025-10-02T15:59:00+00:00,66859.060000
2025-10-02T15:59:00+00:00,66855.360000
2025-10-02T20:09:00+00:00,67296.660000
2025-10-02T22:49:00+00:00,67284.080000
2025-10-03T00:09:00+00:00,67740.160000
2025-10-03T00:39:00+00:00,68599.750000
2025-10-03T11:49:00+00:00,68586.430000
2025-10-03T11:54:00+00:00,67880.110000
2025-10-03T13:59:00+00:00,67876.410000
2025-10-03T17:34:00+00:00,68233.430000
2025-10-03T17:54:00+00:00,69127.460000
2025-10-06T04:09:00+00:00,69114.140000
2025-10-06T04:34:00+00:00,68407.820000
2025-10-06T07:59:00+00:00,68401.900000
2025-10-06T09:44:00+00:00,68863.940000
2025-10-06T10:54:00+00:00,69635.980000
2025-10-06T17:24:00+00:00,69633.760000
2025-10-06T17:29:00+00:00,69630.800000
2025-10-06T20:09:00+00:00,69370.580000
2025-10-06T20:09:00+00:00,69057.620000
2025-10-07T08:09:00+00:00,69050.220000
2025-10-07T08:44:00+00:00,68987.820000
2025-10-07T08:44:00+00:00,68972.280000
2025-10-07T09:09:00+00:00,69452.380000
2025-10-07T10:34:00+00:00,70337.990000
2025-10-07T10:49:00+00:00,70315.790000
2025-10-07T11:54:00+00:00,69603.590000
2025-10-07T14:29:00+00:00,69599.150000
2025-10-07T15:09:00+00:00,70046.930000
2025-10-07T15:09:00+00:00,70794.710000
2025-10-07T16:54:00+00:00,70793.970000
2025-10-07T20:09:00+00:00,70730.230000
2025-10-08T11:24:00+00:00,70718.390000
2025-10-08T12:19:00+00:00,71234.470000
2025-10-08T13:14:00+00:00,71224.550000
2025-10-08T13:49:00+00:00,71221.590000
2025-10-08T18:14:00+00:00,71745.110000
2025-10-08T20:09:00+00:00,72421.630000
2025-10-09T01:19:00+00:00,72417.930000
2025-10-09T02:44:00+00:00,72412.750000
2025-10-09T06:19:00+00:00,71753.070000
2025-10-09T11:49:00+00:00,71739.750000
2025-10-09T13:34:00+00:00,72246.090000
2025-10-09T13:34:00+00:00,72234.930000
2025-10-09T14:29:00+00:00,72231.970000
2025-10-09T14:34:00+00:00,72605.490000
2025-10-09T17:19:00+00:00,73540.770000
2025-10-09T20:09:00+00:00,73193.810000
2025-10-10T07:09:00+00:00,73184.190000
2025-10-10T09:49:00+00:00,72440.070000
2025-10-10T14:59:00+00:00,72439.330000
2025-10-10T15:04:00+00:00,72437.850000
2025-10-10T15:24:00+00:00,72803.860000
2025-10-10T15:34:00+00:00,73714.370000
2025-10-10T15:34:00+00:00,74324.880000
2025-10-12T22:09:00+00:00,74324.140000
2025-10-13T03:14:00+00:00,74317.480000
2025-10-13T03:44:00+00:00,73613.320000
2025-10-13T06:39:00+00:00,73607.400000
2025-10-13T07:19:00+00:00,74153.440000
2025-10-13T10:19:00+00:00,74148.480000
2025-10-13T10:49:00+00:00,74453.740000
2025-10-13T10:49:00+00:00,74448.560000
2025-10-13T11:09:00+00:00,74880.590000
2025-10-13T13:04:00+00:00,74875.630000
2025-10-13T13:59:00+00:00,74874.150000
2025-10-13T20:09:00+00:00,74988.670000
2025-10-14T00:09:00+00:00,74973.870000
2025-10-14T00:19:00+00:00,75513.970000
2025-10-14T00:24:00+00:00,76419.070000
2025-10-14T13:09:00+00:00,76417.590000
2025-10-14T13:39:00+00:00,75834.110000
2025-10-14T14:24:00+00:00,75833.370000
2025-10-14T20:09:00+00:00,75866.130000
2025-10-15T07:29:00+00:00,75855.770000
2025-10-15T08:04:00+00:00,75124.410000
2025-10-15T08:09:00+00:00,75118.490000
2025-10-15T09:14:00+00:00,75622.530000
2025-10-15T13:44:00+00:00,75617.570000
2025-10-15T13:49:00+00:00,75614.610000
2025-10-15T13:59:00+00:00,74911.650000
2025-10-16T08:34:00+00:00,74903.510000
2025-10-16T09:54:00+00:00,74466.370000
2025-10-16T09:54:00+00:00,74461.930000
2025-10-16T13:34:00+00:00,75012.490000
2025-10-16T13:34:00+00:00,75008.050000
2025-10-16T14:34:00+00:00,74760.610000
2025-10-16T14:34:00+00:00,74756.910000
2025-10-16T15:29:00+00:00,74035.710000
2025-10-17T05:59:00+00:00,74028.310000
2025-10-17T06:39:00+00:00,73320.910000
2025-10-17T12:14:00+00:00,73320.170000
2025-10-17T13:54:00+00:00,73318.690000
2025-10-17T20:09:00+00:00,73822.950000
2025-10-17T20:09:00+00:00,74461.470000
2025-10-20T04:44:00+00:00,74446.670000
2025-10-20T05:24:00+00:00,73711.870000
2025-10-20T05:24:00+00:00,73698.550000
2025-10-20T06:29:00+00:00,74000.230000
2025-10-20T06:29:00+00:00,73989.130000
2025-10-20T07:39:00+00:00,74498.450000
2025-10-20T08:04:00+00:00,74488.530000
2025-10-20T10:49:00+00:00,74483.350000
2025-10-20T12:49:00+00:00,73750.170000
2025-10-20T13:34:00+00:00,73741.290000
2025-10-20T13:39:00+00:00,73024.410000
2025-10-20T13:54:00+00:00,73022.190000
2025-10-20T20:04:00+00:00,73477.470000
2025-10-20T23:24:00+00:00,73458.970000
2025-10-21T01:04:00+00:00,72715.470000
2025-10-21T13:34:00+00:00,72709.550000
2025-10-21T13:44:00+00:00,71995.630000
2025-10-21T14:04:00+00:00,71992.670000
2025-10-21T15:49:00+00:00,71355.710000
2025-10-22T07:09:00+00:00,71350.530000
2025-10-22T09:29:00+00:00,71765.350000
2025-10-22T09:29:00+00:00,71754.990000
2025-10-22T10:44:00+00:00,72269.560000
2025-10-22T11:09:00+00:00,72260.880000
2025-10-22T13:39:00+00:00,72249.040000
2025-10-22T13:44:00+00:00,71541.200000
2025-10-22T13:54:00+00:00,71538.980000
2025-10-22T14:19:00+00:00,71275.760000
2025-10-22T14:19:00+00:00,71272.060000
2025-10-22T14:29:00+00:00,71665.080000
2025-10-22T14:44:00+00:00,72649.110000
2025-10-23T00:24:00+00:00,72645.410000
2025-10-23T03:34:00+00:00,73316.710000
2025-10-23T03:34:00+00:00,73296.730000
2025-10-23T03:44:00+00:00,73803.860000
2025-10-23T04:04:00+00:00,73786.500000
2025-10-23T04:29:00+00:00,73772.440000
2025-10-23T05:24:00+00:00,73017.380000
2025-10-23T13:49:00+00:00,73015.900000
2025-10-23T20:09:00+00:00,73539.420000
2025-10-24T07:54:00+00:00,73532.020000
2025-10-24T08:49:00+00:00,72809.620000
2025-10-24T09:54:00+00:00,72788.900000
2025-10-24T12:34:00+00:00,73314.040000
2025-10-24T12:34:00+00:00,73296.680000
2025-10-24T14:09:00+00:00,73294.460000
2025-10-24T20:09:00+00:00,73175.240000
2025-10-27T14:04:00+00:00,73171.540000
2025-10-27T19:54:00+00:00,73590.060000
2025-10-27T20:09:00+00:00,74181.840000
2025-10-28T13:54:00+00:00,74177.400000
2025-10-28T16:29:00+00:00,73443.960000
2025-10-29T08:19:00+00:00,73428.420000
2025-10-29T08:39:00+00:00,73923.520000
2025-10-29T08:59:00+00:00,74836.630000
2025-10-29T11:04:00+00:00,74831.450000
2025-10-29T12:54:00+00:00,74773.770000
2025-10-29T12:54:00+00:00,74753.790000
2025-10-29T13:34:00+00:00,75270.670000
2025-10-29T13:39:00+00:00,75253.310000
2025-10-29T13:59:00+00:00,75249.610000
2025-10-29T14:54:00+00:00,74603.410000
2025-10-29T18:44:00+00:00,74600.450000
2025-10-29T18:54:00+00:00,73857.490000
2025-10-30T04:09:00+00:00,73851.570000
2025-10-30T04:14:00+00:00,74388.610000
2025-10-30T04:14:00+00:00,75285.650000
2025-10-30T07:19:00+00:00,75280.470000
2025-10-30T09:24:00+00:00,74571.790000
2025-10-30T13:54:00+00:00,74571.050000
2025-10-30T19:19:00+00:00,74188.810000
2025-10-31T04:29:00+00:00,74175.490000
2025-10-31T05:54:00+00:00,74722.330000
2025-10-31T07:09:00+00:00,75638.170000
2025-10-31T08:14:00+00:00,75627.070000
2025-10-31T08:34:00+00:00,74880.970000
2025-10-31T14:04:00+00:00,74879.490000
2025-10-31T20:09:00+00:00,75176.010000
2025-11-03T05:34:00+00:00,75166.390000
2025-11-03T06:24:00+00:00,74409.270000
2025-11-03T11:04:00+00:00,74397.430000
2025-11-03T12:14:00+00:00,73665.590000
2025-11-03T14:44:00+00:00,73662.630000
2025-11-03T14:49:00+00:00,73660.410000
2025-11-03T15:29:00+00:00,74125.430000
2025-11-03T21:09:00+00:00,74122.950000
2025-11-03T21:09:00+00:00,74165.730000
2025-11-04T12:24:00+00:00,74163.510000
2025-11-04T14:24:00+00:00,74158.330000
2025-11-04T14:34:00+00:00,73467.150000
2025-11-04T14:39:00+00:00,73028.430000
2025-11-04T14:39:00+00:00,73025.470000
2025-11-04T14:44:00+00:00,72306.510000
2025-11-04T14:54:00+00:00,72305.770000
2025-11-04T17:19:00+00:00,71926.030000
2025-11-05T05:14:00+00:00,71924.550000
2025-11-05T08:14:00+00:00,71920.850000
2025-11-05T10:54:00+00:00,71239.650000
2025-11-05T14:49:00+00:00,71238.170000
2025-11-05T14:59:00+00:00,71236.690000
2025-11-05T16:44:00+00:00,71718.200000
2025-11-05T17:29:00+00:00,72078.960000
2025-11-05T21:09:00+00:00,72485.720000
2025-11-05T21:09:00+00:00,72724.980000
2025-11-05T21:09:00+00:00,72853.500000
2025-11-06T03:59:00+00:00,72843.140000
2025-11-06T06:29:00+00:00,73357.710000
2025-11-06T07:39:00+00:00,74218.780000
2025-11-06T07:39:00+00:00,74212.860000
2025-11-06T09:09:00+00:00,73494.940000
2025-11-06T10:44:00+00:00,73484.580000
2025-11-06T12:09:00+00:00,72781.220000
2025-11-06T14:54:00+00:00,72779.740000
2025-11-06T15:39:00+00:00,73172.750000
2025-11-06T16:44:00+00:00,73828.260000
2025-11-06T18:14:00+00:00,73825.300000
2025-11-06T18:34:00+00:00,73084.340000
2025-11-07T04:24:00+00:00,73079.900000
2025-11-07T05:59:00+00:00,73565.930000
2025-11-07T08:54:00+00:00,73560.010000
2025-11-07T09:34:00+00:00,72858.090000
2025-11-07T09:44:00+00:00,72854.370000
2025-11-07T13:54:00+00:00,72849.930000
2025-11-07T14:09:00+00:00,72185.490000
2025-11-07T15:39:00+00:00,72184.750000
2025-11-07T19:59:00+00:00,71745.010000
2025-11-10T00:09:00+00:00,71741.310000
2025-11-10T01:14:00+00:00,71060.110000
2025-11-10T08:29:00+00:00,71049.010000
2025-11-10T08:59:00+00:00,71526.830000
2025-11-10T09:19:00+00:00,72440.910000
2025-11-10T15:04:00+00:00,72438.690000
2025-11-10T15:59:00+00:00,71744.970000
2025-11-11T08:29:00+00:00,71740.530000
2025-11-11T13:14:00+00:00,71943.090000
2025-11-11T13:14:00+00:00,71936.430000
2025-11-11T13:29:00+00:00,71241.270000
2025-11-11T14:49:00+00:00,71237.570000
2025-11-11T15:04:00+00:00,71086.370000
2025-11-11T15:04:00+00:00,71078.230000
2025-11-11T15:09:00+00:00,70377.090000
2025-11-11T16:34:00+00:00,70374.870000
2025-11-11T17:59:00+00:00,69727.650000
2025-11-12T08:24:00+00:00,69722.470000
2025-11-12T11:34:00+00:00,69052.290000
2025-11-12T14:49:00+00:00,69051.550000
2025-11-12T21:09:00+00:00,68919.810000
2025-11-13T00:04:00+00:00,68911.670000
2025-11-13T01:04:00+00:00,69350.470000
2025-11-13T01:04:00+00:00,69343.030000
2025-11-13T15:49:00+00:00,69342.290000
2025-11-13T21:09:00+00:00,69518.050000
2025-11-14T05:29:00+00:00,69515.090000
2025-11-14T07:14:00+00:00,68902.130000
2025-11-14T07:24:00+00:00,68900.650000
2025-11-14T08:59:00+00:00,68776.170000
2025-11-14T08:59:00+00:00,68770.990000
2025-11-14T09:49:00+00:00,68097.310000
2025-11-14T10:14:00+00:00,68094.350000
2025-11-14T11:09:00+00:00,67465.390000
2025-11-14T14:49:00+00:00,67464.650000
2025-11-14T14:54:00+00:00,67463.910000
2025-11-14T18:59:00+00:00,67460.210000
2025-11-14T20:44:00+00:00,66819.010000
2025-11-14T21:09:00+00:00,67248.270000
2025-11-14T21:09:00+00:00,67604.530000
2025-11-17T14:04:00+00:00,67599.350000
2025-11-17T14:29:00+00:00,66950.170000
2025-11-17T14:39:00+00:00,66948.690000
2025-11-17T14:49:00+00:00,66947.950000
2025-11-17T16:04:00+00:00,66431.470000
2025-11-17T16:19:00+00:00,65903.230000
2025-11-17T16:34:00+00:00,65901.010000
2025-11-17T17:59:00+00:00,65372.290000
2025-11-18T07:29:00+00:00,65367.110000
2025-11-18T08:04:00+00:00,65776.640000
2025-11-18T08:34:00+00:00,66688.680000
2025-11-18T09:29:00+00:00,66684.240000
2025-11-18T12:14:00+00:00,67156.770000
2025-11-18T12:59:00+00:00,67945.800000
2025-11-18T13:09:00+00:00,67942.100000
2025-11-18T14:34:00+00:00,67313.400000
2025-11-18T14:49:00+00:00,67312.660000
2025-11-18T21:09:00+00:00,67443.420000
2025-11-19T02:09:00+00:00,67440.460000
2025-11-19T03:24:00+00:00,67309.500000
2025-11-19T03:24:00+00:00,67305.060000
2025-11-19T04:14:00+00:00,67741.590000
2025-11-19T05:44:00+00:00,68470.620000
2025-11-19T05:59:00+00:00,68466.920000
2025-11-19T07:14:00+00:00,68826.940000
2025-11-19T08:44:00+00:00,69300.220000
2025-11-19T08:44:00+00:00,69292.820000
2025-11-19T09:19:00+00:00,68930.420000
2025-11-19T09:19:00+00:00,68928.200000
2025-11-19T14:44:00+00:00,68925.980000
2025-11-19T14:49:00+00:00,68925.240000
2025-11-19T14:54:00+00:00,69220.750000
2025-11-19T14:59:00+00:00,70206.770000
2025-11-19T14:59:00+00:00,70468.530000
2025-11-19T15:19:00+00:00,71342.050000
2025-11-19T17:34:00+00:00,70947.810000
2025-11-19T17:49:00+00:00,70944.850000
2025-11-19T20:19:00+00:00,71405.370000
2025-11-19T20:19:00+00:00,72173.890000
2025-11-20T10:24:00+00:00,72165.750000
2025-11-20T10:49:00+00:00,72623.300000
2025-11-20T11:29:00+00:00,72615.860000
2025-11-20T11:39:00+00:00,72610.680000
2025-11-20T11:54:00+00:00,71944.000000
2025-11-20T11:54:00+00:00,71937.340000
2025-11-20T12:19:00+00:00,71242.180000
2025-11-20T14:59:00+00:00,71240.700000
2025-11-20T16:04:00+00:00,70725.220000
2025-11-21T08:14:00+00:00,70723.000000
2025-11-21T09:44:00+00:00,70186.780000
2025-11-21T14:54:00+00:00,70185.300000
2025-11-21T15:04:00+00:00,69672.820000
2025-11-24T08:09:00+00:00,69668.380000
2025-11-24T08:19:00+00:00,69054.940000
2025-11-24T15:04:00+00:00,69054.200000
2025-11-24T20:09:00+00:00,69049.760000
2025-11-24T21:09:00+00:00,69503.020000
2025-11-24T21:09:00+00:00,69741.580000
2025-11-25T12:09:00+00:00,69738.620000
2025-11-25T14:34:00+00:00,69113.660000
2025-11-25T14:49:00+00:00,69112.920000
2025-11-25T16:24:00+00:00,68614.680000
2025-11-26T00:04:00+00:00,68607.280000
2025-11-26T01:09:00+00:00,69094.830000
2025-11-26T01:34:00+00:00,69909.880000
2025-11-26T14:59:00+00:00,69907.660000
2025-11-26T15:59:00+00:00,69285.940000
2025-11-27T01:14:00+00:00,69271.880000
2025-11-27T01:59:00+00:00,68573.820000
2025-11-27T04:49:00+00:00,68561.980000
2025-11-27T07:54:00+00:00,68662.140000
2025-11-27T07:54:00+00:00,68654.000000
2025-11-27T08:14:00+00:00,68425.860000
2025-11-27T08:14:00+00:00,68418.460000
2025-11-27T23:09:00+00:00,68201.060000
2025-11-27T23:09:00+00:00,68193.660000
2025-11-28T13:34:00+00:00,68692.460000
2025-11-28T14:39:00+00:00,69526.260000
2025-11-28T16:09:00+00:00,69524.040000
2025-12-01T00:49:00+00:00,68897.820000
2025-12-01T11:19:00+00:00,68891.160000
2025-12-01T12:14:00+00:00,68214.000000
2025-12-01T14:39:00+00:00,68210.300000
2025-12-01T14:54:00+00:00,68208.820000
2025-12-01T14:59:00+00:00,68556.840000
2025-12-01T15:54:00+00:00,69428.370000
2025-12-01T19:09:00+00:00,69828.890000
2025-12-01T19:09:00+00:00,69817.050000
2025-12-01T19:24:00+00:00,70315.130000
2025-12-01T19:29:00+00:00,71149.210000
2025-12-01T23:29:00+00:00,71143.290000
2025-12-02T03:29:00+00:00,70441.370000
2025-12-02T15:04:00+00:00,70439.890000
2025-12-02T15:49:00+00:00,70438.410000
2025-12-02T16:24:00+00:00,69781.930000
2025-12-02T16:24:00+00:00,69229.450000
2025-12-03T00:29:00+00:00,69222.050000
2025-12-03T00:49:00+00:00,68534.650000
2025-12-03T00:54:00+00:00,68528.730000
2025-12-03T13:24:00+00:00,69046.810000
2025-12-03T13:24:00+00:00,69037.930000
2025-12-03T14:04:00+00:00,69528.490000
2025-12-03T14:04:00+00:00,70349.050000
2025-12-03T14:09:00+00:00,70346.090000
2025-12-03T14:34:00+00:00,69649.130000
2025-12-03T15:04:00+00:00,69647.650000
2025-12-03T21:09:00+00:00,69958.170000
2025-12-04T01:14:00+00:00,69949.290000
2025-12-04T02:14:00+00:00,69280.410000
2025-12-04T05:24:00+00:00,69271.530000
2025-12-04T07:09:00+00:00,68602.650000
2025-12-04T14:39:00+00:00,68598.950000
2025-12-04T15:29:00+00:00,68948.470000
2025-12-04T15:39:00+00:00,68944.750000
2025-12-04T16:04:00+00:00,68944.010000
2025-12-04T21:09:00+00:00,68741.270000
2025-12-05T08:34:00+00:00,68728.690000
2025-12-05T09:14:00+00:00,69190.770000
2025-12-05T12:24:00+00:00,70061.610000
2025-12-05T14:54:00+00:00,70060.130000
2025-12-05T16:34:00+00:00,69571.650000
2025-12-08T06:14:00+00:00,69559.810000
2025-12-08T06:49:00+00:00,69315.970000
2025-12-08T06:49:00+00:00,69296.730000
2025-12-08T07:04:00+00:00,69803.860000
2025-12-08T07:19:00+00:00,69787.740000
2025-12-08T07:24:00+00:00,69778.120000
2025-12-08T08:29:00+00:00,69073.000000
2025-12-08T10:34:00+00:00,69063.380000
2025-12-08T11:34:00+00:00,68397.260000
2025-12-08T13:39:00+00:00,68391.340000
2025-12-08T13:49:00+00:00,68185.420000
2025-12-08T13:49:00+00:00,68179.500000
2025-12-08T14:49:00+00:00,67561.580000
2025-12-08T14:49:00+00:00,67559.360000
2025-12-08T17:04:00+00:00,67865.370000
2025-12-08T21:09:00+00:00,68236.890000
2025-12-09T01:09:00+00:00,68226.530000
2025-12-09T01:34:00+00:00,68214.690000
2025-12-09T02:14:00+00:00,68703.010000
2025-12-09T02:14:00+00:00,69045.090000
2025-12-09T02:19:00+00:00,69035.170000
2025-12-09T06:04:00+00:00,69852.490000
2025-12-09T15:29:00+00:00,69850.270000
2025-12-09T21:09:00+00:00,70011.550000
2025-12-10T00:14:00+00:00,69989.350000
2025-12-10T00:19:00+00:00,69307.150000
2025-12-10T00:24:00+00:00,69302.710000
2025-12-10T03:24:00+00:00,69284.950000
2025-12-10T04:14:00+00:00,68571.190000
2025-12-10T07:24:00+00:00,67960.750000
2025-12-10T10:29:00+00:00,67957.050000
2025-12-10T13:24:00+00:00,67328.350000
2025-12-10T15:54:00+00:00,67324.650000
2025-12-10T15:59:00+00:00,67258.450000
2025-12-10T15:59:00+00:00,67256.230000
2025-12-10T17:54:00+00:00,66670.510000
2025-12-11T06:44:00+00:00,66661.630000
2025-12-11T07:09:00+00:00,65998.750000
2025-12-11T13:39:00+00:00,65993.570000
2025-12-11T14:34:00+00:00,66412.100000
2025-12-11T14:34:00+00:00,66407.140000
2025-12-11T14:39:00+00:00,66404.920000
2025-12-11T14:49:00+00:00,66403.440000
2025-12-11T14:54:00+00:00,66689.950000
2025-12-11T15:14:00+00:00,66805.470000
2025-12-11T15:14:00+00:00,66525.990000
2025-12-11T15:19:00+00:00,66523.770000
2025-12-11T15:54:00+00:00,65944.050000
2025-12-11T16:59:00+00:00,65942.570000
2025-12-11T17:39:00+00:00,65380.090000
2025-12-12T06:39:00+00:00,65368.990000
2025-12-12T08:04:00+00:00,65804.810000
2025-12-12T09:09:00+00:00,66638.890000
2025-12-12T14:49:00+00:00,66637.410000
2025-12-12T15:29:00+00:00,66973.420000
2025-12-12T15:59:00+00:00,67533.930000
2025-12-15T04:34:00+00:00,67522.090000
2025-12-15T07:14:00+00:00,67694.250000
2025-12-15T07:14:00+00:00,67682.410000
2025-12-15T08:44:00+00:00,67014.570000
2025-12-15T14:39:00+00:00,67010.130000
2025-12-15T14:54:00+00:00,67008.650000
2025-12-15T14:59:00+00:00,67485.680000
2025-12-15T15:14:00+00:00,68282.210000
2025-12-15T15:29:00+00:00,68732.970000
2025-12-15T16:29:00+00:00,68731.730000
2025-12-15T16:39:00+00:00,68730.990000
2025-12-15T21:09:00+00:00,68856.250000
2025-12-16T03:54:00+00:00,68851.810000
2025-12-16T05:59:00+00:00,68250.370000
2025-12-16T08:09:00+00:00,68246.670000
2025-12-16T10:39:00+00:00,68636.690000
2025-12-16T12:14:00+00:00,69613.220000
2025-12-16T13:59:00+00:00,69611.740000
2025-12-16T14:54:00+00:00,69069.260000
2025-12-16T14:59:00+00:00,69068.520000
2025-12-16T15:29:00+00:00,68708.280000
2025-12-17T13:04:00+00:00,68692.000000
2025-12-17T13:14:00+00:00,69178.860000
2025-12-17T13:14:00+00:00,69995.720000
2025-12-17T14:54:00+00:00,69994.240000
2025-12-17T15:59:00+00:00,70475.000000
2025-12-17T21:09:00+00:00,71095.760000
2025-12-18T02:29:00+00:00,71089.840000
2025-12-18T03:19:00+00:00,71578.880000
2025-12-18T04:34:00+00:00,71573.920000
2025-12-18T07:04:00+00:00,71563.560000
2025-12-18T07:24:00+00:00,72088.630000
2025-12-18T08:34:00+00:00,72611.950000
2025-12-18T08:34:00+00:00,72596.410000
2025-12-18T08:44:00+00:00,71856.370000
2025-12-18T10:44:00+00:00,71846.010000
2025-12-18T12:04:00+00:00,71156.650000
2025-12-18T14:44:00+00:00,71153.690000
2025-12-18T14:59:00+00:00,70484.730000
2025-12-18T15:34:00+00:00,70483.990000
2025-12-18T17:14:00+00:00,70220.750000
2025-12-18T17:14:00+00:00,70217.790000
2025-12-18T17:44:00+00:00,69590.830000
2025-12-18T23:14:00+00:00,69589.350000
2025-12-19T01:09:00+00:00,69583.430000
2025-12-19T01:44:00+00:00,69590.950000
2025-12-19T01:44:00+00:00,69629.030000
2025-12-19T01:49:00+00:00,69618.670000
2025-12-19T01:59:00+00:00,70133.240000
2025-12-19T03:29:00+00:00,70994.310000
2025-12-19T10:19:00+00:00,70989.870000
2025-12-19T11:14:00+00:00,70292.430000
2025-12-19T14:59:00+00:00,70291.690000
2025-12-19T21:09:00+00:00,70342.450000
2025-12-22T12:09:00+00:00,70323.210000
2025-12-22T12:39:00+00:00,70830.340000
2025-12-22T13:24:00+00:00,71681.970000
2025-12-22T13:44:00+00:00,71670.870000
2025-12-22T14:04:00+00:00,70962.270000
2025-12-22T15:39:00+00:00,70960.790000
2025-12-22T21:09:00+00:00,70741.310000
2025-12-23T07:39:00+00:00,70733.910000
2025-12-23T08:24:00+00:00,70031.510000
2025-12-23T11:19:00+00:00,70024.850000
2025-12-23T13:09:00+00:00,70018.190000
2025-12-23T13:39:00+00:00,70468.230000
2025-12-23T13:39:00+00:00,70924.270000
2025-12-23T14:34:00+00:00,70918.070000
2025-12-23T14:34:00+00:00,70911.870000
2025-12-23T15:04:00+00:00,70909.650000
2025-12-23T15:09:00+00:00,70907.430000
2025-12-23T15:59:00+00:00,70302.210000
2025-12-23T16:54:00+00:00,69654.990000
2025-12-24T13:14:00+00:00,69640.190000
2025-12-24T13:34:00+00:00,68925.390000
2025-12-24T15:14:00+00:00,68920.210000
2025-12-24T15:29:00+00:00,68729.530000
2025-12-24T15:29:00+00:00,68716.950000
2025-12-24T16:09:00+00:00,68024.370000
2025-12-26T09:24:00+00:00,68008.830000
2025-12-26T09:59:00+00:00,67331.790000
2025-12-26T13:54:00+00:00,67319.210000
2025-12-26T14:19:00+00:00,66660.630000
2025-12-26T15:04:00+00:00,66657.670000
2025-12-26T17:34:00+00:00,66566.710000
2025-12-26T17:34:00+00:00,66561.530000
2025-12-26T21:09:00+00:00,66440.850000
2025-12-29T03:39:00+00:00,66428.270000
2025-12-29T05:04:00+00:00,65744.190000
2025-12-29T06:39:00+00:00,65739.010000
2025-12-29T08:39:00+00:00,66157.540000
2025-12-29T12:49:00+00:00,66150.140000
2025-12-29T13:49:00+00:00,67082.180000
2025-12-29T13:49:00+00:00,67569.730000
2025-12-29T13:54:00+00:00,68384.780000
2025-12-29T17:29:00+00:00,68383.300000
2025-12-29T21:09:00+00:00,68063.820000
2025-12-30T00:59:00+00:00,68056.420000
2025-12-30T03:34:00+00:00,67364.020000
2025-12-30T05:54:00+00:00,67355.880000
2025-12-30T06:29:00+00:00,66720.740000
2025-12-30T11:54:00+00:00,66710.380000
2025-12-30T13:34:00+00:00,66042.020000
2025-12-30T13:44:00+00:00,66036.840000
2025-12-30T14:39:00+00:00,66238.160000
2025-12-30T14:39:00+00:00,66230.020000
2025-12-30T14:49:00+00:00,66653.820000
2025-12-30T14:49:00+00:00,66646.380000
2025-12-30T14:49:00+00:00,66641.940000
2025-12-30T15:19:00+00:00,66151.500000
2025-12-30T15:19:00+00:00,66148.540000
2025-12-30T16:19:00+00:00,65569.580000
2025-12-30T16:44:00+00:00,65562.920000
2025-12-30T20:14:00+00:00,65964.960000
2025-12-30T21:09:00+00:00,66531.260000
2025-12-31T05:44:00+00:00,66517.200000
2025-12-31T06:19:00+00:00,66983.040000
2025-12-31T07:34:00+00:00,67165.640000
2025-12-31T07:34:00+00:00,67149.360000
2025-12-31T08:14:00+00:00,66462.080000
2025-12-31T14:49:00+00:00,66459.860000
2025-12-31T17:14:00+00:00,66454.680000
2025-12-31T18:44:00+00:00,65816.000000
2025-12-31T20:29:00+00:00,66078.510000
2025-12-31T21:09:00+00:00,66701.030000
2026-01-02T11:24:00+00:00,66690.670000
2026-01-02T12:14:00+00:00,67152.740000
2026-01-02T14:24:00+00:00,67926.310000
2026-01-02T14:49:00+00:00,67924.830000
2026-01-02T15:14:00+00:00,67456.350000
2026-01-02T15:19:00+00:00,67455.610000
2026-01-02T21:09:00+00:00,67806.370000
2026-01-05T05:14:00+00:00,67788.610000
2026-01-05T05:34:00+00:00,67098.850000
2026-01-05T06:34:00+00:00,67085.530000
2026-01-05T06:49:00+00:00,66397.210000
2026-01-05T11:34:00+00:00,66382.410000
2026-01-05T11:39:00+00:00,65707.610000
2026-01-05T13:39:00+00:00,65700.950000
2026-01-05T14:04:00+00:00,66105.990000
2026-01-05T14:29:00+00:00,66952.290000
2026-01-05T15:29:00+00:00,66950.810000
2026-01-05T20:59:00+00:00,66602.330000
2026-01-06T14:49:00+00:00,66600.110000
2026-01-06T21:09:00+00:00,67265.390000
2026-01-07T05:49:00+00:00,67258.730000
2026-01-07T14:34:00+00:00,66577.070000
2026-01-07T15:29:00+00:00,66574.850000
2026-01-07T21:09:00+00:00,66325.130000
2026-01-08T08:54:00+00:00,66314.030000
2026-01-08T09:44:00+00:00,66744.600000
2026-01-08T13:19:00+00:00,66734.680000
2026-01-08T14:59:00+00:00,66733.940000
2026-01-08T15:14:00+00:00,66583.700000
2026-01-08T15:14:00+00:00,66579.260000
2026-01-08T15:54:00+00:00,65932.820000
2026-01-08T18:24:00+00:00,65929.860000
2026-01-08T21:09:00+00:00,66270.900000
2026-01-09T07:44:00+00:00,66252.400000
2026-01-09T08:09:00+00:00,66720.520000
2026-01-09T08:34:00+00:00,66704.400000
2026-01-09T12:54:00+00:00,66695.520000
2026-01-09T13:34:00+00:00,67177.080000
2026-01-09T13:34:00+00:00,67169.640000
2026-01-09T14:44:00+00:00,67167.420000
2026-01-09T15:09:00+00:00,66518.700000
2026-01-09T15:09:00+00:00,66517.220000
2026-01-09T15:24:00+00:00,65922.740000
2026-01-09T15:34:00+00:00,65922.000000
2026-01-09T15:49:00+00:00,65735.760000
2026-01-09T15:49:00+00:00,65732.800000
2026-01-09T16:04:00+00:00,65185.840000
2026-01-09T18:44:00+00:00,65183.620000
2026-01-09T21:09:00+00:00,65160.400000
2026-01-12T08:19:00+00:00,65147.080000
2026-01-12T08:24:00+00:00,65619.670000
2026-01-12T08:24:00+00:00,65608.510000
2026-01-12T14:39:00+00:00,65604.810000
2026-01-12T14:54:00+00:00,65603.330000
2026-01-12T16:59:00+00:00,65939.350000
2026-01-12T21:09:00+00:00,66382.630000
2026-01-12T21:09:00+00:00,66631.150000
2026-01-13T01:54:00+00:00,66620.790000
2026-01-13T06:14:00+00:00,67114.360000
2026-01-13T07:19:00+00:00,67110.660000
2026-01-13T08:39:00+00:00,67469.480000
2026-01-13T08:39:00+00:00,67365.780000
2026-01-13T08:44:00+00:00,67359.120000
2026-01-13T09:49:00+00:00,67350.980000
2026-01-13T13:34:00+00:00,66691.820000
2026-01-13T13:34:00+00:00,66001.680000
2026-01-13T13:39:00+00:00,65997.240000
2026-01-13T15:04:00+00:00,65350.800000
2026-01-13T15:04:00+00:00,65349.320000
2026-01-13T21:09:00+00:00,65412.840000
2026-01-14T01:39:00+00:00,65397.300000
2026-01-14T01:49:00+00:00,65854.900000
2026-01-14T03:09:00+00:00,65841.260000
2026-01-14T14:49:00+00:00,65839.780000
2026-01-14T14:59:00+00:00,65839.040000
2026-01-14T16:54:00+00:00,66287.550000
2026-01-14T17:59:00+00:00,66286.810000
2026-01-14T18:39:00+00:00,66285.330000
2026-01-14T20:09:00+00:00,65728.850000
2026-01-14T20:14:00+00:00,65953.610000
2026-01-14T20:14:00+00:00,66013.870000
2026-01-14T20:14:00+00:00,65803.630000
2026-01-14T20:19:00+00:00,65802.150000
2026-01-14T21:09:00+00:00,66135.670000
2026-01-15T01:09:00+00:00,66132.710000
2026-01-15T01:34:00+00:00,65583.750000
2026-01-15T08:14:00+00:00,65581.530000
2026-01-15T13:29:00+00:00,65886.040000
2026-01-15T15:44:00+00:00,66411.560000
2026-01-15T15:44:00+00:00,66409.340000
2026-01-15T16:04:00+00:00,66035.120000
2026-01-15T16:04:00+00:00,66030.680000
2026-01-15T17:34:00+00:00,65438.240000
2026-01-16T07:49:00+00:00,65427.880000
2026-01-16T08:04:00+00:00,65473.520000
2026-01-16T08:04:00+00:00,65457.980000
2026-01-16T08:24:00+00:00,65915.580000
2026-01-16T08:44:00+00:00,66759.940000
2026-01-16T08:59:00+00:00,66752.540000
2026-01-16T11:19:00+00:00,67247.590000
2026-01-16T12:54:00+00:00,67241.390000
2026-01-16T12:59:00+00:00,67235.470000
2026-01-16T14:29:00+00:00,66557.550000
2026-01-16T14:54:00+00:00,66555.330000
2026-01-16T15:39:00+00:00,66871.090000
2026-01-16T19:19:00+00:00,66863.690000
2026-01-16T19:39:00+00:00,66216.290000
2026-01-16T21:09:00+00:00,66640.810000
2026-01-19T00:44:00+00:00,66636.370000
2026-01-19T01:59:00+00:00,66028.930000
2026-01-19T05:29:00+00:00,66023.010000
2026-01-19T07:04:00+00:00,65413.090000
2026-01-19T07:54:00+00:00,65403.470000
2026-01-19T08:19:00+00:00,65831.030000
2026-01-19T08:39:00+00:00,66665.850000
2026-01-19T14:59:00+00:00,66661.410000
2026-01-19T16:29:00+00:00,66896.970000
2026-01-19T16:29:00+00:00,66888.830000
2026-01-19T16:39:00+00:00,66259.190000
2026-01-20T00:44:00+00:00,66253.270000
2026-01-20T00:59:00+00:00,65591.350000
2026-01-20T02:39:00+00:00,65589.130000
2026-01-20T05:44:00+00:00,65339.410000
2026-01-20T05:44:00+00:00,65333.490000
2026-01-20T06:19:00+00:00,65807.530000
2026-01-20T06:34:00+00:00,66599.570000
2026-01-20T12:24:00+00:00,66593.650000
2026-01-20T12:44:00+00:00,65975.730000
2026-01-20T15:29:00+00:00,65974.250000
2026-01-20T18:34:00+00:00,65461.770000
2026-01-21T09:09:00+00:00,65454.370000
2026-01-21T09:49:00+00:00,64791.970000
2026-01-21T14:49:00+00:00,64790.490000
2026-01-21T15:34:00+00:00,65114.500000
2026-01-21T16:59:00+00:00,65113.260000
2026-01-21T18:09:00+00:00,65112.520000
2026-01-21T19:34:00+00:00,64532.280000
2026-01-21T23:09:00+00:00,64529.320000
2026-01-22T06:14:00+00:00,63936.360000
2026-01-22T14:49:00+00:00,63934.880000
2026-01-22T19:09:00+00:00,63441.400000
2026-01-22T19:09:00+00:00,63436.220000
2026-01-22T19:59:00+00:00,62822.040000
2026-01-23T14:59:00+00:00,62819.820000
2026-01-23T15:54:00+00:00,63122.830000
2026-01-23T16:44:00+00:00,63122.090000
2026-01-23T21:09:00+00:00,63316.610000
2026-01-23T21:09:00+00:00,63115.870000
2026-01-26T06:39:00+00:00,63101.810000
2026-01-26T06:54:00+00:00,62460.750000
2026-01-26T10:04:00+00:00,62454.090000
2026-01-26T12:04:00+00:00,62859.130000
2026-01-26T12:09:00+00:00,63705.430000
2026-01-26T13:54:00+00:00,63699.510000
2026-01-26T14:34:00+00:00,64164.550000
2026-01-26T14:34:00+00:00,64159.590000
2026-01-26T14:59:00+00:00,64158.110000
2026-01-26T21:09:00+00:00,64202.630000
2026-01-27T03:44:00+00:00,64199.670000
2026-01-27T07:54:00+00:00,64452.710000
2026-01-27T07:54:00+00:00,64442.350000
2026-01-27T08:39:00+00:00,64914.920000
2026-01-27T10:09:00+00:00,65158.240000
2026-01-27T10:09:00+00:00,65143.440000
2026-01-27T11:34:00+00:00,65616.040000
2026-01-27T11:39:00+00:00,66408.640000
2026-01-27T14:44:00+00:00,66405.680000
2026-01-27T14:54:00+00:00,65818.720000
2026-01-27T14:54:00+00:00,65817.240000
2026-01-27T14:59:00+00:00,65815.760000
2026-01-27T21:09:00+00:00,65971.280000
2026-01-27T21:09:00+00:00,66062.800000
2026-01-28T04:09:00+00:00,66045.780000
2026-01-28T05:44:00+00:00,66507.890000
2026-01-28T06:04:00+00:00,67354.010000
2026-01-28T07:49:00+00:00,67351.050000
2026-01-28T14:19:00+00:00,66688.090000
2026-01-28T14:29:00+00:00,66676.250000
2026-01-28T14:34:00+00:00,67156.330000
2026-01-28T14:34:00+00:00,67146.410000
2026-01-28T15:34:00+00:00,67144.190000
2026-01-28T20:04:00+00:00,67139.750000
2026-01-28T21:04:00+00:00,67439.760000
2026-01-28T21:04:00+00:00,67878.540000
2026-01-28T21:04:00+00:00,68611.320000
2026-01-28T21:09:00+00:00,68790.840000
2026-01-28T23:19:00+00:00,68788.620000
2026-01-29T08:19:00+00:00,68349.900000
2026-01-29T08:19:00+00:00,68341.020000
2026-01-29T08:29:00+00:00,67660.140000
2026-01-29T14:54:00+00:00,67659.400000
2026-01-29T19:39:00+00:00,67654.220000
2026-01-29T20:39:00+00:00,66980.540000
2026-01-29T21:09:00+00:00,66867.300000
2026-01-30T09:19:00+00:00,66864.340000
2026-01-30T11:04:00+00:00,66235.380000
2026-01-30T15:29:00+00:00,66233.900000
2026-01-30T15:44:00+00:00,65831.420000
2026-01-30T15:44:00+00:00,65829.200000
2026-01-30T16:19:00+00:00,65234.480000
2026-01-30T18:34:00+00:00,65232.260000
2026-01-30T18:59:00+00:00,65517.270000
2026-01-30T20:19:00+00:00,65514.790000
2026-02-02T14:49:00+00:00,65514.050000
2026-02-02T21:09:00+00:00,65806.310000
2026-02-03T05:29:00+00:00,65802.610000
2026-02-03T13:29:00+00:00,66021.410000
2026-02-03T13:29:00+00:00,66009.570000
2026-02-03T14:04:00+00:00,66483.650000
2026-02-03T14:19:00+00:00,67277.730000
2026-02-03T14:54:00+00:00,67276.990000
2026-02-03T21:09:00+00:00,67817.750000
2026-02-03T23:19:00+00:00,67817.010000
2026-02-04T01:09:00+00:00,67812.570000
2026-02-04T07:24:00+00:00,68291.850000
2026-02-04T08:29:00+00:00,68288.130000
2026-02-04T14:34:00+00:00,67938.890000
2026-02-04T14:59:00+00:00,67938.150000
2026-02-04T15:04:00+00:00,67937.410000
2026-02-04T21:09:00+00:00,68274.670000
2026-02-04T21:09:00+00:00,68520.430000
2026-02-05T01:29:00+00:00,68515.250000
2026-02-05T02:14:00+00:00,68909.030000
2026-02-05T02:14:00+00:00,69786.070000
2026-02-05T15:04:00+00:00,69784.590000
2026-02-05T15:14:00+00:00,69783.850000
2026-02-05T16:59:00+00:00,69185.370000
2026-02-05T21:09:00+00:00,69117.130000
2026-02-05T23:34:00+00:00,69113.430000
2026-02-05T23:54:00+00:00,68464.730000
2026-02-06T06:44:00+00:00,68460.290000
2026-02-06T09:09:00+00:00,67768.850000
2026-02-06T14:49:00+00:00,67768.110000
2026-02-06T19:29:00+00:00,67765.890000
2026-02-06T21:09:00+00:00,68164.150000
2026-02-06T21:09:00+00:00,68317.930000
2026-02-09T14:44:00+00:00,68317.190000
2026-02-09T14:49:00+00:00,68316.450000
2026-02-09T21:09:00+00:00,68736.710000
2026-02-09T21:09:00+00:00,69112.970000
2026-02-09T23:19:00+00:00,69108.530000
2026-02-10T01:44:00+00:00,69389.090000
2026-02-10T01:44:00+00:00,69377.990000
2026-02-10T02:14:00+00:00,68706.890000
2026-02-10T03:39:00+00:00,68698.750000
2026-02-10T05:39:00+00:00,69130.050000
2026-02-10T05:39:00+00:00,69125.610000
2026-02-10T06:34:00+00:00,69118.170000
2026-02-10T06:39:00+00:00,68507.730000
2026-02-10T12:44:00+00:00,68491.450000
2026-02-10T12:54:00+00:00,68986.560000
2026-02-10T12:59:00+00:00,69817.170000
2026-02-10T14:59:00+00:00,69814.950000
2026-02-10T15:09:00+00:00,69813.470000
2026-02-10T18:29:00+00:00,69250.250000
2026-02-10T20:09:00+00:00,68569.770000
2026-02-11T02:59:00+00:00,68564.590000
2026-02-11T03:34:00+00:00,68557.190000
2026-02-11T05:44:00+00:00,67869.790000
2026-02-11T06:19:00+00:00,67227.610000
2026-02-11T07:19:00+00:00,67224.650000
2026-02-11T10:04:00+00:00,67647.670000
2026-02-11T12:14:00+00:00,67645.190000
2026-02-11T14:59:00+00:00,67643.710000
2026-02-11T15:29:00+00:00,68122.970000
2026-02-11T15:59:00+00:00,68243.730000
2026-02-11T15:59:00+00:00,68242.990000
2026-02-11T16:34:00+00:00,68158.750000
2026-02-11T16:34:00+00:00,68158.010000
2026-02-11T17:14:00+00:00,68136.770000
2026-02-11T17:14:00+00:00,68135.290000
2026-02-11T21:09:00+00:00,68392.810000
2026-02-12T04:39:00+00:00,68374.310000
2026-02-12T05:04:00+00:00,67680.810000
2026-02-12T10:19:00+00:00,67667.490000
2026-02-12T11:24:00+00:00,66979.170000
2026-02-12T13:39:00+00:00,66972.510000
2026-02-12T14:29:00+00:00,66299.850000
2026-02-12T14:49:00+00:00,66298.370000
2026-02-12T15:59:00+00:00,66720.630000
2026-02-12T16:19:00+00:00,67424.890000
2026-02-13T01:09:00+00:00,67421.190000
2026-02-13T03:59:00+00:00,66842.490000
2026-02-13T08:24:00+00:00,66839.530000
2026-02-13T09:09:00+00:00,66832.870000
2026-02-13T09:24:00+00:00,66271.910000
2026-02-13T09:24:00+00:00,65608.250000
2026-02-13T15:09:00+00:00,65607.510000
2026-02-13T21:09:00+00:00,65571.270000
2026-02-16T15:04:00+00:00,65568.310000
2026-02-16T15:29:00+00:00,64959.350000
2026-02-17T08:39:00+00:00,64956.390000
2026-02-17T13:09:00+00:00,65350.910000
2026-02-17T13:29:00+00:00,65530.430000
2026-02-17T13:29:00+00:00,65525.990000
2026-02-17T13:54:00+00:00,65982.770000
2026-02-17T13:54:00+00:00,65979.050000
2026-02-17T14:54:00+00:00,65978.310000
2026-02-17T14:59:00+00:00,65977.570000
2026-02-17T15:24:00+00:00,65950.830000
2026-02-17T15:24:00+00:00,65832.590000
2026-02-17T15:29:00+00:00,65831.110000
2026-02-17T16:14:00+00:00,66315.620000
2026-02-17T21:09:00+00:00,66804.380000
2026-02-18T12:39:00+00:00,66801.420000
2026-02-18T14:34:00+00:00,67207.940000
2026-02-18T14:49:00+00:00,67205.460000
2026-02-18T14:54:00+00:00,67203.980000
2026-02-18T14:59:00+00:00,67202.500000
2026-02-18T15:59:00+00:00,67605.260000
2026-02-18T17:09:00+00:00,67604.520000
2026-02-18T19:59:00+00:00,67603.280000
2026-02-18T21:09:00+00:00,67579.800000
2026-02-18T21:09:00+00:00,67236.060000
2026-02-18T23:09:00+00:00,67233.840000
2026-02-19T00:39:00+00:00,67227.180000
2026-02-19T01:14:00+00:00,67629.220000
2026-02-19T01:29:00+00:00,67480.000000
2026-02-19T01:29:00+00:00,67671.300000
2026-02-19T01:34:00+00:00,67657.240000
2026-02-19T01:39:00+00:00,68129.830000
2026-02-19T01:39:00+00:00,68117.430000
2026-02-19T08:14:00+00:00,68112.250000
2026-02-19T08:49:00+00:00,67424.570000
2026-02-19T14:34:00+00:00,67419.390000
2026-02-19T14:39:00+00:00,67831.170000
2026-02-19T14:39:00+00:00,67826.210000
2026-02-19T15:04:00+00:00,67824.730000
2026-02-19T16:34:00+00:00,67791.250000
2026-02-19T16:34:00+00:00,67786.810000
2026-02-19T16:44:00+00:00,68221.090000
2026-02-19T17:49:00+00:00,68946.370000
2026-02-19T19:44:00+00:00,68944.890000
2026-02-19T21:09:00+00:00,68595.410000
2026-02-20T01:59:00+00:00,68591.710000
2026-02-20T11:04:00+00:00,68003.010000
2026-02-20T14:39:00+00:00,68000.050000
2026-02-20T15:04:00+00:00,68477.070000
2026-02-20T15:04:00+00:00,69273.090000
2026-02-20T15:04:00+00:00,69272.350000
2026-02-20T21:09:00+00:00,69482.110000
2026-02-23T08:19:00+00:00,69479.150000
2026-02-23T14:34:00+00:00,69932.170000
2026-02-23T14:44:00+00:00,69929.690000
2026-02-23T14:49:00+00:00,69927.470000
2026-02-23T15:04:00+00:00,69925.990000
2026-02-23T15:59:00+00:00,70188.500000
2026-02-23T16:09:00+00:00,71064.520000
2026-02-23T21:09:00+00:00,71411.040000
2026-02-24T05:24:00+00:00,71388.840000
2026-02-24T05:39:00+00:00,71883.990000
2026-02-24T05:49:00+00:00,72716.640000
2026-02-24T07:49:00+00:00,72710.720000
2026-02-24T08:49:00+00:00,73232.760000
2026-02-24T09:14:00+00:00,73227.800000
2026-02-24T09:19:00+00:00,73224.100000
2026-02-24T14:34:00+00:00,72492.900000
2026-02-24T14:49:00+00:00,72491.420000
2026-02-24T21:04:00+00:00,72799.940000
2026-02-25T05:54:00+00:00,72795.500000
2026-02-25T12:24:00+00:00,73337.780000
2026-02-25T14:34:00+00:00,74243.060000
2026-02-25T14:49:00+00:00,74241.580000
2026-02-25T21:09:00+00:00,74566.100000
2026-02-26T05:24:00+00:00,74552.040000
2026-02-26T06:14:00+00:00,75058.380000
2026-02-26T07:14:00+00:00,76000.980000
2026-02-26T09:59:00+00:00,75984.700000
2026-02-26T10:59:00+00:00,76537.560000
2026-02-26T12:09:00+00:00,76523.920000
2026-02-26T14:54:00+00:00,76521.700000
2026-02-26T15:19:00+00:00,76898.210000
2026-02-26T15:24:00+00:00,78154.230000
2026-02-27T00:54:00+00:00,78144.610000
2026-02-27T02:59:00+00:00,78675.670000
2026-02-27T05:49:00+00:00,79711.740000
2026-02-27T06:39:00+00:00,79698.420000
2026-02-27T07:24:00+00:00,80272.260000
2026-02-27T08:04:00+00:00,81233.100000
2026-02-27T09:29:00+00:00,81219.040000
2026-02-27T09:39:00+00:00,81786.130000
2026-02-27T09:49:00+00:00,82841.230000
2026-02-27T12:19:00+00:00,82833.830000
2026-02-27T12:44:00+00:00,81996.430000
2026-02-27T14:49:00+00:00,81994.950000
2026-02-27T21:09:00+00:00,82154.470000
2026-03-02T14:49:00+00:00,82153.730000
2026-03-02T16:44:00+00:00,82152.990000
2026-03-02T21:09:00+00:00,82329.750000
2026-03-02T21:09:00+00:00,82264.010000
2026-03-03T03:44:00+00:00,82255.870000
2026-03-03T04:09:00+00:00,81461.230000
2026-03-03T10:49:00+00:00,81454.570000
2026-03-03T10:59:00+00:00,80655.910000
2026-03-03T14:49:00+00:00,80654.430000
2026-03-03T16:49:00+00:00,80015.950000
2026-03-03T17:49:00+00:00,80015.210000
2026-03-03T21:09:00+00:00,80103.470000
2026-03-04T00:14:00+00:00,80098.290000
2026-03-04T00:39:00+00:00,79645.110000
2026-03-04T00:39:00+00:00,79640.670000
2026-03-04T01:04:00+00:00,78889.230000
2026-03-04T06:39:00+00:00,78885.530000
2026-03-04T08:19:00+00:00,79328.050000
2026-03-04T09:49:00+00:00,80435.830000
2026-03-04T12:44:00+00:00,80428.430000
2026-03-04T13:09:00+00:00,81020.980000
2026-03-04T13:09:00+00:00,82011.030000
2026-03-04T14:39:00+00:00,82009.550000
2026-03-04T15:09:00+00:00,82008.070000
2026-03-04T15:29:00+00:00,82497.080000
2026-03-04T21:09:00+00:00,83007.340000
2026-03-04T21:09:00+00:00,83588.860000
2026-03-05T09:44:00+00:00,83586.640000
2026-03-05T14:39:00+00:00,83576.920000
2026-03-05T14:39:00+00:00,83572.480000
2026-03-05T14:54:00+00:00,83571.000000
2026-03-05T15:04:00+00:00,84147.030000
2026-03-05T15:24:00+00:00,84143.310000
2026-03-05T15:34:00+00:00,83509.830000
2026-03-05T15:44:00+00:00,83506.870000
2026-03-05T16:19:00+00:00,82733.910000
2026-03-06T01:39:00+00:00,82728.730000
2026-03-06T02:59:00+00:00,82818.050000
2026-03-06T02:59:00+00:00,82809.910000
2026-03-06T03:59:00+00:00,82026.270000
2026-03-06T05:54:00+00:00,82012.950000
2026-03-06T08:19:00+00:00,82607.040000
2026-03-06T08:29:00+00:00,83601.630000
2026-03-06T15:04:00+00:00,83600.150000
2026-03-06T20:39:00+00:00,82975.670000
2026-03-09T13:44:00+00:00,82973.450000
2026-03-09T13:54:00+00:00,82971.970000
2026-03-09T14:09:00+00:00,82953.250000
2026-03-09T14:09:00+00:00,82774.770000
2026-03-09T14:14:00+00:00,82772.550000
2026-03-09T14:44:00+00:00,83113.810000
2026-03-09T15:29:00+00:00,84252.330000
2026-03-10T14:09:00+00:00,84250.850000
2026-03-10T14:39:00+00:00,83529.370000
2026-03-10T17:39:00+00:00,83523.450000
2026-03-10T17:54:00+00:00,82769.530000
2026-03-11T06:39:00+00:00,82754.730000
2026-03-11T06:49:00+00:00,81929.930000
2026-03-11T14:04:00+00:00,81926.970000
2026-03-11T14:24:00+00:00,81228.010000
2026-03-12T06:04:00+00:00,81224.310000
2026-03-12T07:59:00+00:00,81629.330000
2026-03-12T11:59:00+00:00,82174.610000
2026-03-12T11:59:00+00:00,82167.950000
2026-03-12T13:19:00+00:00,82707.990000
2026-03-12T13:34:00+00:00,83835.540000
2026-03-12T13:49:00+00:00,83832.580000
2026-03-12T14:39:00+00:00,84419.100000
2026-03-12T20:09:00+00:00,85189.620000
2026-03-13T00:14:00+00:00,85183.700000
2026-03-13T01:09:00+00:00,85750.740000
2026-03-13T04:34:00+00:00,85745.780000
2026-03-13T13:54:00+00:00,85744.300000
2026-03-13T14:44:00+00:00,85028.820000
2026-03-16T13:59:00+00:00,85026.600000
2026-03-16T14:54:00+00:00,84340.380000
2026-03-16T19:14:00+00:00,84336.680000
2026-03-16T20:09:00+00:00,83972.980000
2026-03-17T11:19:00+00:00,83955.960000
2026-03-17T11:24:00+00:00,83099.440000
2026-03-17T11:59:00+00:00,83090.560000
2026-03-17T12:04:00+00:00,82259.680000
2026-03-17T12:09:00+00:00,82253.760000
2026-03-17T13:04:00+00:00,82799.800000
2026-03-17T13:19:00+00:00,83711.840000
2026-03-17T13:49:00+00:00,83710.360000
2026-03-17T15:39:00+00:00,83109.880000
2026-03-18T14:14:00+00:00,83106.920000
2026-03-18T18:24:00+00:00,83103.220000
2026-03-18T18:59:00+00:00,83676.240000
2026-03-18T19:24:00+00:00,84135.260000
2026-03-18T19:59:00+00:00,85091.280000
2026-03-18T19:59:00+00:00,86240.310000
2026-03-19T02:04:00+00:00,86229.950000
2026-03-19T02:09:00+00:00,85386.590000
2026-03-19T09:34:00+00:00,85383.630000
2026-03-19T09:54:00+00:00,84642.670000
2026-03-19T13:24:00+00:00,84636.010000
2026-03-19T13:34:00+00:00,83850.850000
2026-03-19T13:49:00+00:00,83848.630000
2026-03-19T17:24:00+00:00,83842.710000
2026-03-19T18:14:00+00:00,84403.750000
2026-03-19T18:39:00+00:00,84398.790000
2026-03-19T19:04:00+00:00,84395.090000
2026-03-19T19:09:00+00:00,84787.350000
2026-03-19T20:09:00+00:00,85346.870000
2026-03-19T20:09:00+00:00,85480.670000
2026-03-20T00:29:00+00:00,85474.010000
2026-03-20T01:39:00+00:00,84639.350000
2026-03-20T01:59:00+00:00,84626.770000
2026-03-20T02:54:00+00:00,83789.690000
2026-03-20T03:39:00+00:00,83780.070000
2026-03-20T05:04:00+00:00,82957.950000
2026-03-20T13:39:00+00:00,82952.030000
2026-03-20T13:44:00+00:00,82174.110000
2026-03-20T13:54:00+00:00,82171.890000
2026-03-20T17:39:00+00:00,82554.400000
2026-03-20T19:34:00+00:00,83830.420000
2026-03-23T05:29:00+00:00,83824.500000
2026-03-23T06:34:00+00:00,84415.540000
2026-03-23T06:59:00+00:00,85402.580000
2026-03-23T13:49:00+00:00,85401.100000
2026-03-23T15:54:00+00:00,84825.620000
2026-03-24T15:19:00+00:00,84824.140000
2026-03-24T20:09:00+00:00,84380.660000
2026-03-25T00:19:00+00:00,84372.520000
2026-03-25T00:34:00+00:00,83528.380000
2026-03-25T07:09:00+00:00,83524.680000
2026-03-25T07:29:00+00:00,83520.240000
2026-03-25T08:04:00+00:00,82776.540000
2026-03-25T08:04:00+00:00,82049.100000
2026-03-25T12:24:00+00:00,82042.440000
2026-03-25T13:09:00+00:00,81221.280000
2026-03-25T13:49:00+00:00,81219.060000
2026-03-25T16:29:00+00:00,81249.840000
2026-03-25T16:29:00+00:00,81247.620000
2026-03-25T20:09:00+00:00,80999.400000
2026-03-26T12:14:00+00:00,80992.000000
2026-03-26T12:34:00+00:00,80224.600000
2026-03-26T13:49:00+00:00,80220.900000
2026-03-26T14:49:00+00:00,79517.200000
2026-03-27T00:19:00+00:00,79506.840000
2026-03-27T00:39:00+00:00,80094.910000
2026-03-27T01:19:00+00:00,80086.230000
2026-03-27T02:39:00+00:00,80081.790000
2026-03-27T05:14:00+00:00,80642.070000
2026-03-27T07:24:00+00:00,80638.350000
2026-03-27T08:14:00+00:00,80636.130000
2026-03-27T10:59:00+00:00,81014.890000
2026-03-27T13:39:00+00:00,81011.190000
2026-03-27T13:54:00+00:00,81009.710000
2026-03-27T13:59:00+00:00,82273.230000
2026-03-27T13:59:00+00:00,82711.250000
2026-03-27T15:34:00+00:00,82707.530000
2026-03-27T19:09:00+00:00,83123.790000
2026-03-27T20:09:00+00:00,83593.550000
2026-03-30T13:49:00+00:00,83592.070000
2026-03-30T16:09:00+00:00,83589.850000
2026-03-30T18:29:00+00:00,83919.860000
2026-03-30T19:09:00+00:00,84456.870000
2026-03-30T19:14:00+00:00,85557.890000
2026-03-30T20:09:00+00:00,86057.650000
2026-03-31T03:04:00+00:00,86051.730000
2026-03-31T05:04:00+00:00,86693.770000
2026-03-31T07:59:00+00:00,86688.810000
2026-03-31T12:19:00+00:00,86684.370000
2026-03-31T13:34:00+00:00,85896.930000
2026-03-31T13:49:00+00:00,85895.450000
2026-03-31T14:59:00+00:00,85285.970000
2026-04-01T12:54:00+00:00,85284.490000
2026-04-01T14:34:00+00:00,84664.010000
2026-04-01T14:39:00+00:00,84662.530000
2026-04-01T20:09:00+00:00,84574.050000
2026-04-02T00:49:00+00:00,84570.350000
2026-04-02T01:04:00+00:00,83851.650000
2026-04-02T01:09:00+00:00,83847.210000
2026-04-02T01:14:00+00:00,83074.770000
2026-04-02T01:24:00+00:00,83074.030000
2026-04-02T11:14:00+00:00,83071.070000
2026-04-02T13:44:00+00:00,83067.370000
2026-04-02T13:49:00+00:00,82328.670000
2026-04-02T13:54:00+00:00,81531.710000
2026-04-02T13:54:00+00:00,81831.970000
2026-04-02T13:54:00+00:00,81830.490000
2026-04-02T14:39:00+00:00,82331.500000
2026-04-02T14:39:00+00:00,83167.010000
2026-04-03T11:24:00+00:00,83155.910000
2026-04-03T12:34:00+00:00,83722.980000
2026-04-03T12:34:00+00:00,84807.060000
2026-04-06T07:09:00+00:00,84801.880000
2026-04-06T07:44:00+00:00,83977.700000
2026-04-06T13:39:00+00:00,83973.260000
2026-04-06T13:54:00+00:00,84522.290000
2026-04-06T13:54:00+00:00,84520.070000
2026-04-06T14:04:00+00:00,84516.350000
2026-04-06T14:09:00+00:00,84130.130000
2026-04-06T14:09:00+00:00,84127.910000
2026-04-06T17:29:00+00:00,84185.690000
2026-04-06T17:29:00+00:00,84181.250000
2026-04-06T20:09:00+00:00,84647.810000
2026-04-06T22:29:00+00:00,84639.670000
2026-04-07T00:19:00+00:00,84076.030000
2026-04-07T00:19:00+00:00,84067.890000
2026-04-07T00:39:00+00:00,83256.750000
2026-04-07T00:44:00+00:00,83253.050000
2026-04-07T01:59:00+00:00,83736.070000
2026-04-07T06:39:00+00:00,83728.670000
2026-04-07T08:04:00+00:00,83724.950000
2026-04-07T08:04:00+00:00,82882.550000
2026-04-07T13:49:00+00:00,82881.070000
2026-04-07T15:09:00+00:00,83304.830000
2026-04-07T16:04:00+00:00,83303.590000
2026-04-07T17:39:00+00:00,83302.850000
2026-04-07T20:09:00+00:00,83567.610000
2026-04-08T05:44:00+00:00,83555.030000
2026-04-08T05:54:00+00:00,82709.450000
2026-04-08T12:24:00+00:00,82702.050000
2026-04-08T12:49:00+00:00,81869.650000
2026-04-08T13:54:00+00:00,81863.730000
2026-04-08T14:34:00+00:00,81121.810000
2026-04-08T18:24:00+00:00,81117.370000
2026-04-08T18:59:00+00:00,81704.650000
2026-04-08T19:59:00+00:00,81700.930000
2026-04-09T03:04:00+00:00,81683.910000
2026-04-09T05:14:00+00:00,82253.270000
2026-04-09T05:24:00+00:00,82238.390000
2026-04-09T05:24:00+00:00,82224.330000
2026-04-09T06:04:00+00:00,82777.920000
2026-04-09T06:49:00+00:00,82765.520000
2026-04-09T11:44:00+00:00,82757.380000
2026-04-09T13:29:00+00:00,83312.430000
2026-04-09T13:34:00+00:00,83304.990000
2026-04-09T14:09:00+00:00,83302.030000
2026-04-09T15:34:00+00:00,82553.070000
2026-04-10T03:34:00+00:00,82541.970000
2026-04-10T06:19:00+00:00,83082.790000
2026-04-10T06:54:00+00:00,84116.870000
2026-04-10T07:49:00+00:00,84110.210000
2026-04-10T10:29:00+00:00,83316.050000
2026-04-10T14:04:00+00:00,83312.350000
2026-04-10T14:34:00+00:00,82508.650000
2026-04-10T15:34:00+00:00,82499.770000
2026-04-10T15:54:00+00:00,83102.830000
2026-04-10T15:59:00+00:00,84110.890000
2026-04-10T16:19:00+00:00,84102.010000
2026-04-10T16:39:00+00:00,83259.130000
2026-04-12T23:59:00+00:00,83250.990000
2026-04-13T00:54:00+00:00,83806.040000
2026-04-13T01:14:00+00:00,84919.100000
2026-04-13T13:49:00+00:00,84916.140000
2026-04-13T16:39:00+00:00,85496.660000
2026-04-13T19:54:00+00:00,86465.180000
2026-04-14T03:09:00+00:00,86442.980000
2026-04-14T05:24:00+00:00,85565.780000
2026-04-14T05:39:00+00:00,85548.760000
2026-04-14T06:44:00+00:00,84680.740000
2026-04-14T06:44:00+00:00,84667.420000
2026-04-14T07:09:00+00:00,85281.760000
2026-04-14T07:49:00+00:00,85891.600000
2026-04-14T07:49:00+00:00,85876.800000
2026-04-14T08:29:00+00:00,85012.000000
2026-04-14T12:29:00+00:00,85003.860000
2026-04-14T13:39:00+00:00,84143.220000
2026-04-14T14:09:00+00:00,84140.260000
2026-04-14T16:24:00+00:00,84755.280000
2026-04-14T20:09:00+00:00,85659.800000
2026-04-15T07:24:00+00:00,85656.100000
2026-04-15T13:59:00+00:00,84849.900000
2026-04-15T13:59:00+00:00,84846.940000
2026-04-15T15:29:00+00:00,85362.960000
2026-04-15T18:39:00+00:00,86223.980000
2026-04-16T03:09:00+00:00,86215.840000
2026-04-16T05:04:00+00:00,85360.700000
2026-04-16T05:24:00+00:00,85343.680000
2026-04-16T06:04:00+00:00,85946.040000
2026-04-16T06:14:00+00:00,87047.160000
2026-04-16T10:59:00+00:00,87037.540000
2026-04-16T13:34:00+00:00,86182.920000
2026-04-16T13:34:00+00:00,86178.480000
2026-04-16T13:54:00+00:00,85301.040000
2026-04-16T13:54:00+00:00,85299.560000
2026-04-16T15:09:00+00:00,84613.080000
2026-04-17T00:24:00+00:00,84604.940000
2026-04-17T05:04:00+00:00,83788.300000
2026-04-17T13:59:00+00:00,83785.340000
2026-04-17T16:39:00+00:00,84394.360000
2026-04-17T20:09:00+00:00,84779.880000
2026-04-20T13:49:00+00:00,84776.920000
2026-04-20T15:09:00+00:00,85354.440000
2026-04-20T18:09:00+00:00,85351.960000
2026-04-21T06:14:00+00:00,85344.560000
2026-04-21T07:19:00+00:00,84537.160000
2026-04-21T09:09:00+00:00,84527.540000
2026-04-21T09:59:00+00:00,83672.920000
2026-04-21T13:59:00+00:00,83670.700000
2026-04-21T14:04:00+00:00,83667.000000
2026-04-21T14:59:00+00:00,82833.300000
2026-04-21T15:04:00+00:00,82159.080000
2026-04-22T14:14:00+00:00,82156.860000
2026-04-22T19:54:00+00:00,82482.370000
2026-04-22T20:09:00+00:00,83290.890000
2026-04-23T13:44:00+00:00,83287.930000
2026-04-23T13:49:00+00:00,83285.710000
2026-04-23T14:04:00+00:00,82910.750000
2026-04-23T14:04:00+00:00,82505.030000
2026-04-23T14:09:00+00:00,82502.070000
2026-04-23T15:09:00+00:00,81789.110000
2026-04-24T08:04:00+00:00,81782.450000
2026-04-24T08:24:00+00:00,82298.490000
2026-04-24T08:34:00+00:00,82292.290000
2026-04-24T13:54:00+00:00,82289.330000
2026-04-24T14:14:00+00:00,81590.370000
2026-04-26T22:09:00+00:00,81577.050000
2026-04-26T22:44:00+00:00,80762.730000
2026-04-27T13:49:00+00:00,80759.770000
2026-04-27T17:34:00+00:00,80074.810000
2026-04-28T00:24:00+00:00,80057.050000
2026-04-28T00:29:00+00:00,80642.170000
2026-04-28T00:29:00+00:00,80627.290000
2026-04-28T01:54:00+00:00,80620.630000
2026-04-28T04:19:00+00:00,81045.970000
2026-04-28T04:19:00+00:00,81038.570000
2026-04-28T05:14:00+00:00,80266.170000
2026-04-28T14:49:00+00:00,80264.690000
2026-04-28T20:09:00+00:00,79757.210000
2026-04-29T13:24:00+00:00,79752.770000
2026-04-29T13:54:00+00:00,79556.330000
2026-04-29T13:54:00+00:00,79554.110000
2026-04-29T15:14:00+00:00,79574.390000
2026-04-29T15:14:00+00:00,79567.730000
2026-04-29T15:24:00+00:00,78809.570000
2026-04-29T18:09:00+00:00,78805.870000
2026-04-29T18:39:00+00:00,78024.670000
2026-04-29T19:04:00+00:00,78022.450000
2026-04-29T20:09:00+00:00,78033.730000
2026-04-30T13:54:00+00:00,78032.990000
2026-04-30T17:09:00+00:00,77658.250000
2026-04-30T17:09:00+00:00,77657.510000
2026-04-30T20:09:00+00:00,77962.770000
2026-05-01T05:24:00+00:00,77957.590000
2026-05-01T08:49:00+00:00,78396.370000
2026-05-01T11:04:00+00:00,78947.410000
2026-05-01T11:04:00+00:00,78937.790000
2026-05-01T12:14:00+00:00,79459.850000
2026-05-01T12:14:00+00:00,79451.170000
2026-05-01T12:14:00+00:00,79446.730000
2026-05-01T13:34:00+00:00,78674.290000
2026-05-01T13:59:00+00:00,78673.550000
2026-05-01T20:09:00+00:00,78577.810000
2026-05-04T00:14:00+00:00,78574.850000
2026-05-04T05:34:00+00:00,79237.890000
2026-05-04T05:34:00+00:00,79220.870000
2026-05-04T06:09:00+00:00,79773.730000
2026-05-04T06:29:00+00:00,80784.850000
2026-05-04T08:09:00+00:00,80779.670000
2026-05-04T10:04:00+00:00,81252.200000
2026-05-04T10:04:00+00:00,81247.240000
2026-05-04T10:09:00+00:00,81245.020000
2026-05-04T10:34:00+00:00,80510.800000
2026-05-04T13:59:00+00:00,80507.840000
2026-05-04T15:04:00+00:00,80456.880000
2026-05-04T15:04:00+00:00,80447.260000
2026-05-04T15:14:00+00:00,80978.320000
2026-05-04T15:14:00+00:00,80969.640000
2026-05-05T00:09:00+00:00,80962.240000
2026-05-05T00:24:00+00:00,80179.840000
2026-05-05T04:54:00+00:00,80172.440000
2026-05-05T06:39:00+00:00,80160.600000
2026-05-05T07:04:00+00:00,80730.680000
2026-05-05T07:09:00+00:00,81319.480000
2026-05-05T07:44:00+00:00,82273.560000
2026-05-05T08:09:00+00:00,82269.860000
2026-05-05T08:49:00+00:00,83253.660000
2026-05-05T13:34:00+00:00,83748.680000
2026-05-05T13:59:00+00:00,83746.460000
2026-05-05T14:24:00+00:00,84985.490000
2026-05-05T20:09:00+00:00,85362.770000
2026-05-06T06:14:00+00:00,85353.150000
2026-05-06T07:19:00+00:00,85344.270000
2026-05-06T08:04:00+00:00,84489.390000
2026-05-06T08:49:00+00:00,83654.270000
2026-05-06T13:54:00+00:00,83652.790000
2026-05-06T20:09:00+00:00,84129.800000
2026-05-06T20:09:00+00:00,84656.060000
2026-05-07T02:19:00+00:00,84647.180000
2026-05-07T03:49:00+00:00,83816.300000
2026-05-07T13:54:00+00:00,83811.860000
2026-05-07T14:24:00+00:00,84394.640000
2026-05-07T15:59:00+00:00,84390.920000
2026-05-08T02:54:00+00:00,84387.220000
2026-05-08T08:14:00+00:00,84819.240000
2026-05-08T12:34:00+00:00,85900.770000
2026-05-08T13:39:00+00:00,85894.110000
2026-05-08T13:49:00+00:00,86428.150000
2026-05-08T13:49:00+00:00,86426.670000
2026-05-08T13:54:00+00:00,87541.720000
2026-05-08T20:04:00+00:00,88161.230000
2026-05-08T20:09:00+00:00,88730.490000
2026-05-11T00:59:00+00:00,88726.050000
2026-05-11T05:49:00+00:00,88715.690000
2026-05-11T08:09:00+00:00,89372.010000
2026-05-11T08:09:00+00:00,89363.330000
2026-05-11T09:49:00+00:00,88533.890000
2026-05-11T15:49:00+00:00,88532.410000
2026-05-11T17:29:00+00:00,88526.490000
2026-05-11T18:59:00+00:00,87716.570000
2026-05-11T20:09:00+00:00,87558.090000
2026-05-11T23:29:00+00:00,87555.870000
2026-05-12T01:29:00+00:00,86770.650000
2026-05-12T01:54:00+00:00,86766.950000
2026-05-12T03:09:00+00:00,87323.250000
2026-05-12T03:09:00+00:00,87318.070000
2026-05-12T05:54:00+00:00,88016.390000
2026-05-12T05:54:00+00:00,88001.590000
2026-05-12T06:09:00+00:00,87106.790000
2026-05-12T12:19:00+00:00,87100.130000
2026-05-12T12:39:00+00:00,87655.170000
2026-05-12T13:34:00+00:00,87648.970000
2026-05-12T13:59:00+00:00,87647.490000
2026-05-12T14:19:00+00:00,87285.010000
2026-05-12T14:19:00+00:00,87282.050000
2026-05-12T14:29:00+00:00,86489.090000
2026-05-13T00:24:00+00:00,86484.650000
2026-05-13T01:49:00+00:00,87062.930000
2026-05-13T04:34:00+00:00,88028.210000
2026-05-13T13:49:00+00:00,88026.730000
2026-05-13T14:54:00+00:00,87417.250000
2026-05-13T15:49:00+00:00,87416.510000
2026-05-13T20:09:00+00:00,87723.770000
2026-05-14T09:54:00+00:00,87717.110000
2026-05-14T10:29:00+00:00,87872.450000
2026-05-14T10:29:00+00:00,87869.490000
2026-05-14T11:29:00+00:00,87864.310000
2026-05-14T13:39:00+00:00,87036.630000
2026-05-14T13:49:00+00:00,86303.670000
2026-05-14T13:49:00+00:00,86302.190000
2026-05-14T14:04:00+00:00,86016.710000
2026-05-14T14:04:00+00:00,86013.750000
2026-05-14T14:44:00+00:00,85304.790000
2026-05-14T23:54:00+00:00,85296.650000
2026-05-15T00:44:00+00:00,85847.950000
2026-05-15T01:29:00+00:00,86953.510000
2026-05-15T08:49:00+00:00,86950.550000
2026-05-15T09:54:00+00:00,86121.590000
2026-05-15T13:44:00+00:00,86120.110000
2026-05-15T13:59:00+00:00,86118.630000
2026-05-15T14:14:00+00:00,85525.150000
2026-05-15T14:19:00+00:00,84914.670000
2026-05-15T18:24:00+00:00,84906.530000
2026-05-15T18:34:00+00:00,85442.830000
2026-05-15T18:34:00+00:00,86518.390000
2026-05-18T00:14:00+00:00,86517.650000
2026-05-18T04:29:00+00:00,86511.730000
2026-05-18T04:44:00+00:00,85709.810000
2026-05-18T05:24:00+00:00,85705.370000
2026-05-18T06:49:00+00:00,85568.630000
2026-05-18T06:49:00+00:00,85252.190000
2026-05-18T06:54:00+00:00,85248.490000
2026-05-18T08:24:00+00:00,85700.010000
2026-05-18T10:34:00+00:00,85696.290000
2026-05-18T13:49:00+00:00,85694.810000
2026-05-18T13:59:00+00:00,85350.330000
2026-05-18T13:59:00+00:00,85348.850000
2026-05-18T14:34:00+00:00,84717.370000
2026-05-18T19:09:00+00:00,84715.150000
2026-05-18T20:09:00+00:00,85390.930000
2026-05-19T04:09:00+00:00,85388.710000
2026-05-19T05:34:00+00:00,85516.990000
2026-05-19T05:34:00+00:00,85512.550000
2026-05-19T07:09:00+00:00,86133.580000
2026-05-19T07:49:00+00:00,87170.110000
2026-05-19T13:39:00+00:00,87167.150000
2026-05-19T13:44:00+00:00,86344.190000
2026-05-19T14:09:00+00:00,86343.450000
2026-05-19T14:14:00+00:00,86342.710000
2026-05-19T16:34:00+00:00,85907.470000
2026-05-19T17:09:00+00:00,85355.730000
2026-05-20T00:34:00+00:00,85350.550000
2026-05-20T01:39:00+00:00,84491.370000
2026-05-20T01:59:00+00:00,84489.890000
2026-05-20T03:24:00+00:00,84483.230000
2026-05-20T03:44:00+00:00,84987.270000
2026-05-20T05:09:00+00:00,84982.830000
2026-05-20T05:34:00+00:00,86035.380000
2026-05-20T06:19:00+00:00,86629.410000
2026-05-20T08:09:00+00:00,87620.940000
2026-05-20T13:39:00+00:00,87616.500000
2026-05-20T13:49:00+00:00,88260.030000
2026-05-20T13:54:00+00:00,88256.310000
2026-05-20T14:19:00+00:00,88731.820000
2026-05-20T14:19:00+00:00,88729.600000
2026-05-20T15:19:00+00:00,89522.610000
2026-05-20T15:19:00+00:00,89953.120000
2026-05-20T18:49:00+00:00,90495.640000
2026-05-20T18:49:00+00:00,90487.500000
2026-05-20T19:19:00+00:00,89571.860000
2026-05-21T07:29:00+00:00,89565.940000
2026-05-21T08:04:00+00:00,90210.980000
2026-05-21T08:14:00+00:00,91288.020000
2026-05-21T13:54:00+00:00,91285.800000
2026-05-21T14:24:00+00:00,90559.080000
2026-05-22T05:29:00+00:00,90547.980000
2026-05-22T05:59:00+00:00,91151.800000
2026-05-22T06:39:00+00:00,91141.880000
2026-05-22T06:59:00+00:00,91134.480000
2026-05-22T07:24:00+00:00,90787.080000
2026-05-22T07:24:00+00:00,90777.460000
2026-05-22T07:34:00+00:00,89877.340000
2026-05-22T08:39:00+00:00,89872.160000
2026-05-22T09:09:00+00:00,90405.440000
2026-05-22T10:29:00+00:00,91592.480000
2026-05-22T13:39:00+00:00,91591.000000
2026-05-22T14:09:00+00:00,90894.520000
2026-05-22T14:19:00+00:00,90893.040000
2026-05-22T17:24:00+00:00,90885.640000
2026-05-22T17:29:00+00:00,90220.160000
2026-05-22T17:29:00+00:00,89347.760000
2026-05-25T02:54:00+00:00,89343.320000
2026-05-25T13:49:00+00:00,89335.920000
2026-05-25T14:14:00+00:00,89505.480000
2026-05-25T14:14:00+00:00,88943.080000
2026-05-25T14:19:00+00:00,88920.880000
2026-05-25T14:34:00+00:00,89528.530000
2026-05-25T14:44:00+00:00,90548.680000
2026-05-26T10:49:00+00:00,90539.800000
2026-05-26T11:39:00+00:00,91174.360000
2026-05-26T12:04:00+00:00,91166.920000
2026-05-26T13:49:00+00:00,91162.480000
2026-05-26T14:29:00+00:00,91821.760000
2026-05-26T15:39:00+00:00,91818.040000
2026-05-27T14:24:00+00:00,91816.560000
2026-05-27T15:44:00+00:00,91815.820000
2026-05-27T20:09:00+00:00,91428.340000
2026-05-27T20:09:00+00:00,91086.100000
2026-05-28T13:49:00+00:00,91084.620000
2026-05-28T14:14:00+00:00,90362.140000
2026-05-28T14:14:00+00:00,90359.920000
2026-05-28T18:59:00+00:00,90351.040000
2026-05-28T20:09:00+00:00,91320.820000
2026-05-28T20:09:00+00:00,92025.940000
2026-05-29T06:34:00+00:00,92007.440000
2026-05-29T06:54:00+00:00,91088.940000
2026-05-29T11:34:00+00:00,91078.580000
2026-05-29T11:44:00+00:00,90151.220000
2026-05-29T13:49:00+00:00,90149.000000
2026-05-29T14:29:00+00:00,89417.780000
2026-06-01T11:44:00+00:00,89410.380000
2026-06-01T12:09:00+00:00,88557.980000
2026-06-01T13:44:00+00:00,88555.760000
2026-06-01T14:04:00+00:00,87917.540000
2026-06-01T14:04:00+00:00,87916.060000
2026-06-01T15:19:00+00:00,87295.580000
2026-06-02T13:29:00+00:00,87288.180000
2026-06-02T13:34:00+00:00,86445.780000
2026-06-02T13:39:00+00:00,86440.600000
2026-06-02T13:49:00+00:00,85602.420000
2026-06-02T13:54:00+00:00,85600.200000
2026-06-02T13:59:00+00:00,85598.720000
2026-06-02T20:04:00+00:00,85941.480000
2026-06-02T20:09:00+00:00,86671.000000
2026-06-02T20:09:00+00:00,87228.520000
2026-06-02T23:44:00+00:00,87224.080000
2026-06-03T04:54:00+00:00,87546.640000
2026-06-03T04:54:00+00:00,87533.320000
2026-06-03T05:04:00+00:00,88161.160000
2026-06-03T05:14:00+00:00,88150.000000
2026-06-03T06:09:00+00:00,88142.600000
2026-06-03T07:29:00+00:00,88385.200000
2026-06-03T07:29:00+00:00,88372.620000
2026-06-03T08:14:00+00:00,87476.040000
2026-06-03T13:49:00+00:00,87474.560000
2026-06-03T14:14:00+00:00,86825.080000
2026-06-03T23:04:00+00:00,86819.900000
2026-06-03T23:39:00+00:00,85971.220000
2026-06-04T13:34:00+00:00,85964.560000
2026-06-04T13:44:00+00:00,86504.600000
2026-06-04T13:44:00+00:00,87632.150000
2026-06-04T14:04:00+00:00,87630.670000
2026-06-04T14:19:00+00:00,87361.190000
2026-06-04T14:19:00+00:00,87357.490000
2026-06-04T15:09:00+00:00,87861.510000
2026-06-04T16:24:00+00:00,89123.040000
2026-06-05T12:24:00+00:00,89114.900000
2026-06-05T12:29:00+00:00,88215.760000
2026-06-05T12:49:00+00:00,88211.320000
2026-06-05T12:59:00+00:00,87441.880000
2026-06-05T13:49:00+00:00,87441.140000
2026-06-05T18:29:00+00:00,88654.150000
2026-06-08T13:59:00+00:00,88653.410000
2026-06-08T14:14:00+00:00,88468.170000
2026-06-08T14:14:00+00:00,88465.210000
2026-06-08T14:39:00+00:00,89098.230000
2026-06-08T15:04:00+00:00,90154.250000
2026-06-09T07:09:00+00:00,90146.110000
2026-06-09T07:19:00+00:00,89268.970000
2026-06-09T13:39:00+00:00,89263.790000
2026-06-09T13:44:00+00:00,88411.610000
2026-06-09T13:49:00+00:00,88409.390000
2026-06-09T13:59:00+00:00,87589.670000
2026-06-09T19:24:00+00:00,87588.930000
2026-06-09T20:04:00+00:00,87045.690000
2026-06-10T00:39:00+00:00,87043.470000
2026-06-10T05:34:00+00:00,87713.250000
2026-06-10T05:34:00+00:00,87706.590000
2026-06-10T06:09:00+00:00,88267.630000
2026-06-10T08:04:00+00:00,88261.430000
2026-06-10T09:34:00+00:00,88257.730000
2026-06-10T10:24:00+00:00,87509.030000
2026-06-10T13:49:00+00:00,87508.290000
2026-06-10T15:14:00+00:00,86764.050000
2026-06-11T13:49:00+00:00,86762.570000
2026-06-11T14:59:00+00:00,86102.090000
2026-06-11T17:34:00+00:00,86101.350000
2026-06-11T20:09:00+00:00,86670.110000
