ts,equity
2021-06-14T08:34:00+00:00,49987.42
2021-06-14T09:19:00+00:00,50178.84000
2021-06-14T09:19:00+00:00,50163.30000
2021-06-14T10:44:00+00:00,49654.26000
2021-06-14T13:49:00+00:00,49652.04000
2021-06-14T13:54:00+00:00,49649.08000
2021-06-14T19:54:00+00:00,50007.600000
2021-06-14T20:09:00+00:00,50489.880000
2021-06-14T20:09:00+00:00,50893.400000
2021-06-14T23:59:00+00:00,50877.120000
2021-06-15T00:09:00+00:00,50354.840000
2021-06-15T00:09:00+00:00,50340.040000
2021-06-15T00:29:00+00:00,50700.140000
2021-06-15T01:19:00+00:00,51305.240000
2021-06-15T13:54:00+00:00,51301.540000
2021-06-15T14:04:00+00:00,50980.340000
2021-06-15T14:04:00+00:00,50976.640000
2021-06-15T15:49:00+00:00,51292.940000
2021-06-15T15:49:00+00:00,51284.060000
2021-06-15T16:59:00+00:00,50795.180000
2021-06-16T13:54:00+00:00,50790.740000
2021-06-16T15:09:00+00:00,50321.300000
2021-06-17T13:54:00+00:00,50319.820000
2021-06-17T15:24:00+00:00,50584.580000
2021-06-17T16:44:00+00:00,50583.100000
2021-06-17T20:09:00+00:00,50875.860000
2021-06-17T20:09:00+00:00,51110.380000
2021-06-18T11:34:00+00:00,51101.500000
2021-06-18T11:49:00+00:00,50588.620000
2021-06-18T12:09:00+00:00,50584.920000
2021-06-18T12:24:00+00:00,50850.440000
2021-06-18T13:44:00+00:00,50846.720000
2021-06-18T15:14:00+00:00,50845.240000
2021-06-18T17:29:00+00:00,50838.580000
2021-06-18T18:04:00+00:00,50332.420000
2021-06-18T20:09:00+00:00,50296.940000
2021-06-21T03:34:00+00:00,50287.320000
2021-06-21T06:14:00+00:00,50606.880000
2021-06-21T06:24:00+00:00,51231.700000
2021-06-21T08:09:00+00:00,51225.040000
2021-06-21T08:44:00+00:00,50705.380000
2021-06-21T14:39:00+00:00,50703.900000
2021-06-21T20:09:00+00:00,50907.420000
2021-06-22T06:24:00+00:00,50897.060000
2021-06-22T06:49:00+00:00,50375.700000
2021-06-22T09:09:00+00:00,50369.040000
2021-06-22T10:24:00+00:00,50816.880000
2021-06-22T10:24:00+00:00,50806.520000
2021-06-22T10:49:00+00:00,50292.160000
2021-06-22T13:49:00+00:00,50288.460000
2021-06-22T14:34:00+00:00,49794.760000
2021-06-22T15:09:00+00:00,49792.540000
2021-06-22T20:09:00+00:00,50261.320000
2021-06-23T05:29:00+00:00,50244.300000
2021-06-23T05:59:00+00:00,50590.910000
2021-06-23T06:09:00+00:00,50576.030000
2021-06-23T10:29:00+00:00,50569.370000
2021-06-23T11:24:00+00:00,50076.710000
2021-06-23T13:39:00+00:00,50073.750000
2021-06-23T13:59:00+00:00,50070.790000
2021-06-23T15:04:00+00:00,49653.830000
2021-06-23T15:19:00+00:00,49644.210000
2021-06-23T16:39:00+00:00,49217.250000
2021-06-23T16:39:00+00:00,48739.630000
2021-06-23T18:39:00+00:00,48735.930000
2021-06-23T20:09:00+00:00,48582.230000
2021-06-24T14:09:00+00:00,48578.530000
2021-06-24T17:09:00+00:00,48571.130000
2021-06-24T17:19:00+00:00,48103.730000
2021-06-24T17:24:00+00:00,47667.530000
2021-06-25T12:39:00+00:00,47660.130000
2021-06-25T13:54:00+00:00,47192.730000
2021-06-25T13:54:00+00:00,47187.550000
2021-06-25T14:14:00+00:00,47455.330000
2021-06-25T14:29:00+00:00,47450.370000
2021-06-25T14:34:00+00:00,47447.410000
2021-06-25T20:09:00+00:00,47082.450000
2021-06-28T14:09:00+00:00,47080.230000
2021-06-28T15:04:00+00:00,47043.510000
2021-06-28T15:04:00+00:00,47036.110000
2021-06-28T16:09:00+00:00,46593.710000
2021-06-29T12:24:00+00:00,46579.650000
2021-06-29T12:49:00+00:00,46109.590000
2021-06-29T14:49:00+00:00,46106.630000
2021-06-29T20:09:00+00:00,46553.670000
2021-06-30T11:09:00+00:00,46548.490000
2021-06-30T13:39:00+00:00,46557.310000
2021-06-30T13:39:00+00:00,46553.610000
2021-06-30T15:09:00+00:00,46399.910000
2021-06-30T15:09:00+00:00,46396.950000
2021-06-30T16:29:00+00:00,46019.990000
2021-07-01T09:34:00+00:00,46005.930000
2021-07-01T09:49:00+00:00,45526.370000
2021-07-01T15:09:00+00:00,45523.410000
2021-07-01T20:09:00+00:00,45294.450000
2021-07-02T13:49:00+00:00,45291.490000
2021-07-02T15:44:00+00:00,45287.050000
2021-07-02T19:39:00+00:00,45595.330000
2021-07-02T20:09:00+00:00,45932.370000
2021-07-02T20:09:00+00:00,46213.650000
2021-07-05T13:49:00+00:00,46195.150000
2021-07-05T22:04:00+00:00,45714.150000
2021-07-06T14:09:00+00:00,45711.190000
2021-07-06T14:34:00+00:00,45322.230000
2021-07-06T15:14:00+00:00,45317.050000
2021-07-06T15:49:00+00:00,44891.870000
2021-07-07T13:39:00+00:00,44888.910000
2021-07-07T14:04:00+00:00,44887.430000
2021-07-07T14:19:00+00:00,44890.470000
2021-07-07T14:19:00+00:00,44760.990000
2021-07-07T14:24:00+00:00,44757.290000
2021-07-07T14:34:00+00:00,44368.590000
2021-07-08T04:39:00+00:00,44357.490000
2021-07-08T06:19:00+00:00,44391.390000
2021-07-08T06:19:00+00:00,44378.070000
2021-07-08T06:49:00+00:00,44688.660000
2021-07-08T07:04:00+00:00,45210.750000
2021-07-08T13:49:00+00:00,45209.270000
2021-07-08T13:54:00+00:00,45207.790000
2021-07-08T14:04:00+00:00,44811.310000
2021-07-08T15:14:00+00:00,44721.830000
2021-07-08T15:14:00+00:00,44718.870000
2021-07-08T16:34:00+00:00,45047.390000
2021-07-08T19:04:00+00:00,45039.990000
2021-07-08T19:19:00+00:00,44577.590000
2021-07-08T20:09:00+00:00,44857.110000
2021-07-09T00:14:00+00:00,44851.190000
2021-07-09T00:39:00+00:00,44401.270000
2021-07-09T00:39:00+00:00,44394.610000
2021-07-09T02:04:00+00:00,44664.650000
2021-07-09T02:49:00+00:00,44658.450000
2021-07-09T07:14:00+00:00,44655.490000
2021-07-09T08:09:00+00:00,44651.790000
2021-07-09T10:04:00+00:00,44224.830000
2021-07-09T10:04:00+00:00,43836.130000
2021-07-09T12:24:00+00:00,43826.510000
2021-07-09T12:44:00+00:00,44119.070000
2021-07-09T13:34:00+00:00,44691.390000
2021-07-09T14:24:00+00:00,44689.170000
2021-07-09T16:44:00+00:00,44867.680000
2021-07-09T20:09:00+00:00,45187.200000
2021-07-12T08:09:00+00:00,45173.140000
2021-07-12T08:49:00+00:00,45483.730000
2021-07-12T08:59:00+00:00,46063.830000
2021-07-12T13:44:00+00:00,46058.650000
2021-07-12T13:54:00+00:00,46056.430000
2021-07-12T14:04:00+00:00,46337.710000
2021-07-12T15:04:00+00:00,46332.750000
2021-07-12T18:04:00+00:00,46222.530000
2021-07-12T18:04:00+00:00,46208.470000
2021-07-12T18:34:00+00:00,46519.060000
2021-07-12T19:54:00+00:00,47099.160000
2021-07-13T13:49:00+00:00,47096.200000
2021-07-13T15:24:00+00:00,47439.720000
2021-07-13T17:24:00+00:00,47437.240000
2021-07-14T06:24:00+00:00,47421.700000
2021-07-14T06:39:00+00:00,47744.300000
2021-07-14T06:59:00+00:00,47730.660000
2021-07-14T14:04:00+00:00,47727.700000
2021-07-14T15:29:00+00:00,47276.740000
2021-07-14T16:09:00+00:00,47270.820000
2021-07-14T16:44:00+00:00,47600.860000
2021-07-14T17:24:00+00:00,47595.900000
2021-07-15T07:44:00+00:00,47589.980000
2021-07-15T10:34:00+00:00,47132.060000
2021-07-15T13:54:00+00:00,47128.360000
2021-07-15T14:29:00+00:00,46714.660000
2021-07-15T14:44:00+00:00,46713.180000
2021-07-15T18:09:00+00:00,46905.700000
2021-07-15T18:09:00+00:00,46899.040000
2021-07-15T18:59:00+00:00,47199.080000
2021-07-15T19:39:00+00:00,47826.630000
2021-07-16T00:19:00+00:00,47813.310000
2021-07-16T00:59:00+00:00,47313.990000
2021-07-16T05:54:00+00:00,47296.230000
2021-07-16T06:04:00+00:00,47629.350000
2021-07-16T06:09:00+00:00,48190.470000
2021-07-16T06:29:00+00:00,48182.330000
2021-07-16T07:09:00+00:00,47706.690000
2021-07-16T08:14:00+00:00,47699.290000
2021-07-16T09:09:00+00:00,47216.890000
2021-07-16T13:49:00+00:00,47213.190000
2021-07-16T14:24:00+00:00,47478.710000
2021-07-16T15:14:00+00:00,48143.990000
2021-07-19T07:09:00+00:00,48135.110000
2021-07-19T07:19:00+00:00,47670.230000
2021-07-19T07:24:00+00:00,47662.090000
2021-07-19T08:39:00+00:00,47180.950000
2021-07-19T13:59:00+00:00,47179.470000
2021-07-19T15:34:00+00:00,46828.990000
2021-07-20T10:14:00+00:00,46822.330000
2021-07-20T11:04:00+00:00,46817.150000
2021-07-20T11:49:00+00:00,46373.990000
2021-07-20T11:49:00+00:00,45931.310000
2021-07-20T14:24:00+00:00,45929.830000
2021-07-20T18:14:00+00:00,46203.590000
2021-07-20T20:09:00+00:00,46406.850000
2021-07-21T05:59:00+00:00,46384.650000
2021-07-21T06:04:00+00:00,46077.450000
2021-07-21T13:59:00+00:00,46075.230000
2021-07-21T20:09:00+00:00,46472.010000
2021-07-22T00:19:00+00:00,46460.910000
2021-07-22T06:44:00+00:00,46765.480000
2021-07-22T07:04:00+00:00,47349.560000
2021-07-22T08:09:00+00:00,47339.940000
2021-07-22T12:44:00+00:00,47659.500000
2021-07-22T13:34:00+00:00,47650.820000
2021-07-22T14:29:00+00:00,47648.600000
2021-07-22T16:09:00+00:00,47391.380000
2021-07-22T16:09:00+00:00,47386.200000
2021-07-22T17:04:00+00:00,46957.520000
2021-07-23T13:39:00+00:00,46953.080000
2021-07-23T13:54:00+00:00,46588.640000
2021-07-23T13:54:00+00:00,46584.940000
2021-07-23T14:19:00+00:00,46582.720000
2021-07-23T15:29:00+00:00,46854.240000
2021-07-23T17:14:00+00:00,47534.520000
2021-07-23T17:14:00+00:00,47722.780000
2021-07-23T20:09:00+00:00,48101.300000
2021-07-26T00:09:00+00:00,48081.320000
2021-07-26T00:39:00+00:00,48412.950000
2021-07-26T00:49:00+00:00,49015.090000
2021-07-26T08:39:00+00:00,49006.210000
2021-07-26T11:09:00+00:00,48997.330000
2021-07-26T11:39:00+00:00,49343.890000
2021-07-26T11:59:00+00:00,49579.450000
2021-07-26T11:59:00+00:00,49714.570000
2021-07-26T12:04:00+00:00,49703.470000
2021-07-26T12:39:00+00:00,50039.540000
2021-07-26T13:34:00+00:00,50683.620000
2021-07-26T13:39:00+00:00,50676.960000
2021-07-26T13:54:00+00:00,50359.800000
2021-07-26T13:54:00+00:00,50356.840000
2021-07-26T14:19:00+00:00,50321.880000
2021-07-26T14:19:00+00:00,50312.260000
2021-07-26T14:34:00+00:00,49802.140000
2021-07-26T14:49:00+00:00,49792.520000
2021-07-26T14:59:00+00:00,49282.400000
2021-07-27T05:09:00+00:00,49260.200000
2021-07-27T05:54:00+00:00,48743.000000
2021-07-27T11:29:00+00:00,48726.720000
2021-07-27T13:14:00+00:00,49073.330000
2021-07-27T13:34:00+00:00,49656.440000
2021-07-27T13:59:00+00:00,49654.220000
2021-07-27T14:34:00+00:00,49846.230000
2021-07-27T15:19:00+00:00,50487.250000
2021-07-28T01:49:00+00:00,50476.890000
2021-07-28T02:04:00+00:00,50828.710000
2021-07-28T02:24:00+00:00,50820.030000
2021-07-28T13:44:00+00:00,50816.330000
2021-07-28T13:54:00+00:00,50307.630000
2021-07-28T13:59:00+00:00,50301.710000
2021-07-28T14:14:00+00:00,50658.750000
2021-07-28T14:19:00+00:00,51255.790000
2021-07-28T14:19:00+00:00,51255.050000
2021-07-28T20:09:00+00:00,51107.810000
2021-07-29T07:44:00+00:00,51096.710000
2021-07-29T10:44:00+00:00,51443.280000
2021-07-29T10:49:00+00:00,52107.360000
2021-07-29T11:09:00+00:00,52099.960000
2021-07-29T13:34:00+00:00,52475.010000
2021-07-29T13:34:00+00:00,52468.810000
2021-07-29T14:54:00+00:00,52467.330000
2021-07-29T20:04:00+00:00,52097.850000
2021-07-30T13:49:00+00:00,52094.890000
2021-07-30T20:09:00+00:00,52425.930000
2021-08-02T00:19:00+00:00,52421.490000
2021-08-02T12:39:00+00:00,52415.570000
2021-08-02T13:39:00+00:00,51905.650000
2021-08-02T13:44:00+00:00,51391.210000
2021-08-02T13:44:00+00:00,51386.770000
2021-08-02T14:14:00+00:00,50920.330000
2021-08-02T15:24:00+00:00,50918.850000
2021-08-02T19:39:00+00:00,50539.370000
2021-08-03T00:09:00+00:00,50526.790000
2021-08-03T01:19:00+00:00,50012.710000
2021-08-03T09:19:00+00:00,50005.310000
2021-08-03T12:59:00+00:00,49517.910000
2021-08-03T13:54:00+00:00,49515.690000
2021-08-03T15:49:00+00:00,49192.470000
2021-08-03T15:49:00+00:00,49190.990000
2021-08-03T20:09:00+00:00,49404.510000
2021-08-04T01:54:00+00:00,49392.670000
2021-08-04T05:49:00+00:00,49740.750000
2021-08-04T08:09:00+00:00,49730.830000
2021-08-04T14:14:00+00:00,49726.390000
2021-08-04T16:14:00+00:00,49268.950000
2021-08-04T23:09:00+00:00,49254.890000
2021-08-05T00:09:00+00:00,48746.830000
2021-08-05T13:49:00+00:00,48743.130000
2021-08-05T20:09:00+00:00,49156.930000
2021-08-06T14:14:00+00:00,49153.230000
2021-08-06T17:29:00+00:00,49140.650000
2021-08-06T20:09:00+00:00,49281.950000
2021-08-06T20:09:00+00:00,49388.370000
2021-08-09T07:14:00+00:00,49382.450000
2021-08-09T11:29:00+00:00,49733.490000
2021-08-09T13:39:00+00:00,49728.530000
2021-08-09T13:44:00+00:00,49723.350000
2021-08-09T14:34:00+00:00,49252.670000
2021-08-09T18:34:00+00:00,49250.450000
2021-08-09T18:49:00+00:00,49179.230000
2021-08-09T18:49:00+00:00,49165.910000
2021-08-09T20:09:00+00:00,49188.590000
2021-08-10T14:29:00+00:00,49185.630000
2021-08-10T14:44:00+00:00,49529.150000
2021-08-10T20:04:00+00:00,49757.670000
2021-08-11T13:49:00+00:00,49754.710000
2021-08-11T15:19:00+00:00,50107.230000
2021-08-11T19:54:00+00:00,50259.750000
2021-08-12T14:19:00+00:00,50256.790000
2021-08-12T14:24:00+00:00,50253.830000
2021-08-12T20:09:00+00:00,50774.870000
2021-08-12T20:09:00+00:00,51287.910000
2021-08-13T13:49:00+00:00,51281.990000
2021-08-13T20:09:00+00:00,51636.070000
2021-08-16T07:24:00+00:00,51627.930000
2021-08-16T10:14:00+00:00,51124.790000
2021-08-16T13:49:00+00:00,51120.350000
2021-08-16T13:59:00+00:00,51117.390000
2021-08-16T14:09:00+00:00,51445.920000
2021-08-16T14:14:00+00:00,51994.950000
2021-08-16T14:34:00+00:00,52354.970000
2021-08-16T17:24:00+00:00,52352.490000
2021-08-17T14:19:00+00:00,52350.270000
2021-08-17T14:44:00+00:00,51934.050000
2021-08-17T16:34:00+00:00,51930.350000
2021-08-17T16:54:00+00:00,51446.650000
2021-08-17T17:44:00+00:00,51445.170000
2021-08-17T19:04:00+00:00,51186.690000
2021-08-17T19:04:00+00:00,51184.470000
2021-08-17T20:09:00+00:00,51195.750000
2021-08-18T13:54:00+00:00,51192.790000
2021-08-18T15:39:00+00:00,50751.830000
2021-08-18T18:19:00+00:00,50748.130000
2021-08-18T18:34:00+00:00,50266.930000
2021-08-19T11:59:00+00:00,50263.230000
2021-08-19T12:29:00+00:00,50057.030000
2021-08-19T12:29:00+00:00,50051.110000
2021-08-19T13:34:00+00:00,50405.150000
2021-08-19T14:04:00+00:00,50997.190000
2021-08-19T14:09:00+00:00,50994.970000
2021-08-19T15:49:00+00:00,51243.230000
2021-08-19T20:09:00+00:00,51635.750000
2021-08-20T00:09:00+00:00,51621.690000
2021-08-20T00:49:00+00:00,51966.030000
2021-08-20T01:19:00+00:00,51953.630000
2021-08-20T13:49:00+00:00,51949.930000
2021-08-20T14:24:00+00:00,52251.450000
2021-08-20T15:54:00+00:00,52247.730000
2021-08-23T07:09:00+00:00,52237.370000
2021-08-23T13:34:00+00:00,51723.010000
2021-08-23T13:49:00+00:00,51720.790000
2021-08-23T15:59:00+00:00,51937.550000
2021-08-23T20:09:00+00:00,52426.070000
2021-08-24T14:09:00+00:00,52422.370000
2021-08-24T19:39:00+00:00,52403.670000
2021-08-25T08:09:00+00:00,52389.610000
2021-08-25T08:14:00+00:00,51843.550000
2021-08-25T11:49:00+00:00,51830.230000
2021-08-25T13:34:00+00:00,52208.320000
2021-08-25T13:34:00+00:00,52842.910000
2021-08-25T13:59:00+00:00,52836.990000
2021-08-25T14:09:00+00:00,52832.550000
2021-08-25T17:14:00+00:00,52820.710000
2021-08-25T18:09:00+00:00,52384.870000
2021-08-25T20:09:00+00:00,52626.950000
2021-08-25T20:09:00+00:00,52571.510000
2021-08-26T07:34:00+00:00,52565.590000
2021-08-26T14:04:00+00:00,52935.670000
2021-08-26T14:04:00+00:00,52929.010000
2021-08-26T14:24:00+00:00,52924.570000
2021-08-26T14:29:00+00:00,53257.610000
2021-08-26T14:29:00+00:00,53953.910000
2021-08-26T14:29:00+00:00,53947.990000
2021-08-26T15:04:00+00:00,54290.020000
2021-08-26T15:19:00+00:00,54286.300000
2021-08-26T15:19:00+00:00,53784.380000
2021-08-27T06:09:00+00:00,53765.880000
2021-08-27T07:04:00+00:00,53209.880000
2021-08-27T13:19:00+00:00,53199.520000
2021-08-27T13:34:00+00:00,52678.160000
2021-08-27T13:44:00+00:00,52673.720000
2021-08-27T14:04:00+00:00,52165.280000
2021-08-27T14:04:00+00:00,52163.060000
2021-08-27T20:09:00+00:00,52490.840000
2021-08-30T12:54:00+00:00,52474.560000
2021-08-30T13:34:00+00:00,52845.920000
2021-08-30T13:34:00+00:00,53470.280000
2021-08-30T13:54:00+00:00,53467.320000
2021-08-30T18:19:00+00:00,53849.840000
2021-08-30T20:09:00+00:00,54173.360000
2021-08-31T11:24:00+00:00,54168.920000
2021-08-31T12:29:00+00:00,53666.480000
2021-08-31T13:39:00+00:00,53657.600000
2021-08-31T13:54:00+00:00,53655.380000
2021-08-31T14:04:00+00:00,54028.940000
2021-08-31T14:09:00+00:00,54021.500000
2021-08-31T20:09:00+00:00,53630.780000
2021-09-01T13:39:00+00:00,53624.860000
2021-09-01T13:49:00+00:00,53622.640000
2021-09-01T19:14:00+00:00,53096.720000
2021-09-01T19:44:00+00:00,52655.000000
2021-09-02T05:44:00+00:00,52638.720000
2021-09-02T07:29:00+00:00,53010.080000
2021-09-02T08:09:00+00:00,53634.440000
2021-09-02T09:39:00+00:00,53627.780000
2021-09-02T09:49:00+00:00,53540.120000
2021-09-02T09:49:00+00:00,53522.360000
2021-09-02T10:54:00+00:00,53517.920000
2021-09-02T11:44:00+00:00,52972.160000
2021-09-02T11:44:00+00:00,52787.720000
2021-09-02T13:59:00+00:00,52781.800000
2021-09-02T15:19:00+00:00,52719.880000
2021-09-02T15:19:00+00:00,52713.220000
2021-09-02T16:04:00+00:00,52193.560000
2021-09-03T11:49:00+00:00,52172.100000
2021-09-03T12:34:00+00:00,51628.640000
2021-09-03T12:44:00+00:00,51626.420000
2021-09-03T13:59:00+00:00,51324.200000
2021-09-03T13:59:00+00:00,51322.720000
2021-09-03T19:24:00+00:00,51384.240000
2021-09-03T19:24:00+00:00,51370.180000
2021-09-03T20:09:00+00:00,51536.620000
2021-09-06T13:49:00+00:00,51515.900000
2021-09-07T00:04:00+00:00,50977.180000
2021-09-07T08:29:00+00:00,50971.260000
2021-09-07T09:24:00+00:00,50489.340000
2021-09-07T13:34:00+00:00,50479.720000
2021-09-07T13:44:00+00:00,50817.280000
2021-09-07T13:44:00+00:00,50810.620000
2021-09-07T13:49:00+00:00,50801.940000
2021-09-07T13:49:00+00:00,50309.280000
2021-09-07T13:54:00+00:00,50306.320000
2021-09-07T14:49:00+00:00,49881.360000
2021-09-08T00:09:00+00:00,49865.820000
2021-09-08T05:24:00+00:00,49859.160000
2021-09-08T06:39:00+00:00,49686.000000
2021-09-08T07:04:00+00:00,49176.960000
2021-09-08T12:54:00+00:00,49165.860000
2021-09-08T13:34:00+00:00,48667.260000
2021-09-08T14:34:00+00:00,48665.040000
2021-09-08T20:09:00+00:00,48560.820000
2021-09-09T07:24:00+00:00,48554.900000
2021-09-09T11:49:00+00:00,48892.980000
2021-09-09T11:49:00+00:00,48887.800000
2021-09-09T12:54:00+00:00,48616.620000
2021-09-09T12:54:00+00:00,48613.660000
2021-09-09T15:29:00+00:00,48508.700000
2021-09-09T15:29:00+00:00,48505.740000
2021-09-09T20:09:00+00:00,48966.780000
2021-09-10T01:34:00+00:00,48953.460000
2021-09-10T04:39:00+00:00,49311.300000
2021-09-10T06:54:00+00:00,49295.760000
2021-09-10T07:04:00+00:00,49896.600000
2021-09-10T07:24:00+00:00,50174.200000
2021-09-10T08:24:00+00:00,50688.560000
2021-09-10T12:24:00+00:00,50667.840000
2021-09-10T13:29:00+00:00,50129.120000
2021-09-10T14:04:00+00:00,50125.420000
2021-09-10T15:29:00+00:00,50398.440000
2021-09-10T19:14:00+00:00,51082.470000
2021-09-13T13:44:00+00:00,51078.770000
2021-09-13T13:59:00+00:00,51077.290000
2021-09-13T14:14:00+00:00,51348.810000
2021-09-13T19:09:00+00:00,51347.330000
2021-09-13T20:09:00+00:00,51411.110000
2021-09-13T20:09:00+00:00,51410.630000
2021-09-13T20:09:00+00:00,51166.150000
2021-09-14T01:49:00+00:00,51148.390000
2021-09-14T02:24:00+00:00,50614.630000
2021-09-14T05:39:00+00:00,50594.650000
2021-09-14T06:04:00+00:00,50945.780000
2021-09-14T06:44:00+00:00,51582.920000
2021-09-14T13:54:00+00:00,51580.700000
2021-09-14T20:09:00+00:00,51837.980000
2021-09-15T13:44:00+00:00,51835.020000
2021-09-15T14:14:00+00:00,51833.540000
2021-09-15T16:04:00+00:00,51680.580000
2021-09-15T16:04:00+00:00,51511.100000
2021-09-15T16:09:00+00:00,51506.660000
2021-09-15T16:44:00+00:00,51880.190000
2021-09-15T17:54:00+00:00,52504.220000
2021-09-16T01:39:00+00:00,52493.860000
2021-09-16T05:39:00+00:00,52882.430000
2021-09-16T09:49:00+00:00,53533.500000
2021-09-16T13:49:00+00:00,53530.540000
2021-09-16T17:59:00+00:00,53047.580000
2021-09-17T13:54:00+00:00,53046.100000
2021-09-17T15:34:00+00:00,53045.360000
2021-09-17T20:09:00+00:00,53402.880000
2021-09-17T20:09:00+00:00,53420.640000
2021-09-20T14:24:00+00:00,53419.160000
2021-09-20T17:24:00+00:00,53821.680000
2021-09-20T17:24:00+00:00,53815.020000
2021-09-20T18:09:00+00:00,53272.860000
2021-09-20T23:49:00+00:00,53262.500000
2021-09-21T00:14:00+00:00,53651.070000
2021-09-21T00:34:00+00:00,54302.140000
2021-09-21T03:24:00+00:00,54291.040000
2021-09-21T03:49:00+00:00,53732.440000
2021-09-21T05:29:00+00:00,53726.520000
2021-09-21T07:24:00+00:00,53204.600000
2021-09-21T08:39:00+00:00,53203.120000
2021-09-21T12:19:00+00:00,53052.640000
2021-09-21T12:19:00+00:00,53041.540000
2021-09-21T12:59:00+00:00,53398.610000
2021-09-21T13:04:00+00:00,54082.690000
2021-09-21T13:49:00+00:00,54081.210000
2021-09-21T13:54:00+00:00,54078.990000
2021-09-21T14:04:00+00:00,53868.510000
2021-09-21T14:04:00+00:00,53666.790000
2021-09-21T14:09:00+00:00,53663.830000
2021-09-21T15:14:00+00:00,53212.870000
2021-09-21T15:14:00+00:00,53209.910000
2021-09-21T17:29:00+00:00,52742.950000
2021-09-22T01:14:00+00:00,52738.510000
2021-09-22T07:09:00+00:00,53123.290000
2021-09-22T13:19:00+00:00,53352.070000
2021-09-22T13:19:00+00:00,53342.450000
2021-09-22T13:34:00+00:00,53684.510000
2021-09-22T13:34:00+00:00,53675.830000
2021-09-22T13:59:00+00:00,53672.870000
2021-09-22T14:04:00+00:00,53669.170000
2021-09-22T15:34:00+00:00,53936.190000
2021-09-22T15:44:00+00:00,54305.210000
2021-09-22T18:04:00+00:00,54301.490000
2021-09-22T20:09:00+00:00,54661.010000
2021-09-23T03:39:00+00:00,54654.350000
2021-09-23T06:39:00+00:00,54566.690000
2021-09-23T06:39:00+00:00,54555.590000
2021-09-23T06:54:00+00:00,54912.660000
2021-09-23T07:34:00+00:00,55596.740000
2021-09-23T07:49:00+00:00,55593.780000
2021-09-23T13:09:00+00:00,55060.820000
2021-09-23T13:49:00+00:00,55059.340000
2021-09-23T16:09:00+00:00,55060.860000
2021-09-23T16:09:00+00:00,55057.160000
2021-09-23T17:29:00+00:00,54555.960000
2021-09-24T13:59:00+00:00,54553.000000
2021-09-24T14:19:00+00:00,54398.040000
2021-09-24T14:19:00+00:00,54393.600000
2021-09-24T15:09:00+00:00,54218.160000
2021-09-24T15:09:00+00:00,54215.200000
2021-09-24T19:49:00+00:00,54558.720000
2021-09-24T20:09:00+00:00,54851.240000
2021-09-27T13:44:00+00:00,54849.760000
2021-09-27T15:04:00+00:00,54405.280000
2021-09-27T15:04:00+00:00,54404.540000
2021-09-27T19:19:00+00:00,54403.060000
2021-09-27T20:09:00+00:00,54328.320000
2021-09-27T20:09:00+00:00,54169.840000
2021-09-28T00:14:00+00:00,54160.220000
2021-09-28T00:29:00+00:00,53624.100000
2021-09-28T05:09:00+00:00,53618.180000
2021-09-28T06:14:00+00:00,53602.640000
2021-09-28T06:24:00+00:00,53970.240000
2021-09-28T06:29:00+00:00,54354.280000
2021-09-28T06:29:00+00:00,55033.640000
2021-09-28T06:39:00+00:00,55675.680000
2021-09-28T09:39:00+00:00,55673.460000
2021-09-28T10:29:00+00:00,55839.240000
2021-09-28T10:29:00+00:00,55834.800000
2021-09-28T13:49:00+00:00,55293.360000
2021-09-28T13:49:00+00:00,55291.880000
2021-09-28T20:09:00+00:00,55900.400000
2021-09-29T12:54:00+00:00,55891.520000
2021-09-29T13:19:00+00:00,55336.640000
2021-09-29T13:49:00+00:00,55334.420000
2021-09-29T13:54:00+00:00,55332.200000
2021-09-29T15:24:00+00:00,54848.480000
2021-09-29T15:39:00+00:00,54352.760000
2021-09-30T01:29:00+00:00,54343.880000
2021-09-30T01:59:00+00:00,53795.000000
2021-09-30T07:24:00+00:00,53789.820000
2021-09-30T08:39:00+00:00,53301.640000
2021-09-30T13:39:00+00:00,53298.680000
2021-09-30T14:04:00+00:00,53403.720000
2021-09-30T14:04:00+00:00,53398.540000
2021-09-30T14:34:00+00:00,53706.820000
2021-09-30T14:54:00+00:00,53704.600000
2021-09-30T15:39:00+00:00,54391.640000
2021-09-30T16:14:00+00:00,54603.150000
2021-09-30T18:09:00+00:00,54600.670000
2021-10-01T06:19:00+00:00,54590.310000
2021-10-01T06:24:00+00:00,54989.380000
2021-10-01T07:04:00+00:00,54980.700000
2021-10-01T12:39:00+00:00,54974.040000
2021-10-01T13:09:00+00:00,54467.880000
2021-10-01T13:54:00+00:00,54466.400000
2021-10-01T15:04:00+00:00,54502.920000
2021-10-01T15:04:00+00:00,54500.700000
2021-10-01T17:49:00+00:00,54709.960000
2021-10-01T19:04:00+00:00,55408.480000
2021-10-04T13:49:00+00:00,55407.740000
2021-10-04T20:09:00+00:00,55585.500000
2021-10-05T10:44:00+00:00,55581.060000
2021-10-05T11:44:00+00:00,55577.360000
2021-10-05T13:49:00+00:00,55575.140000
2021-10-05T13:54:00+00:00,55935.170000
2021-10-05T14:04:00+00:00,56214.190000
2021-10-05T14:09:00+00:00,56815.720000
2021-10-05T14:44:00+00:00,57514.750000
2021-10-05T15:04:00+00:00,57746.510000
2021-10-05T20:09:00+00:00,58104.030000
2021-10-06T07:09:00+00:00,58098.110000
2021-10-06T07:49:00+00:00,58506.150000
2021-10-06T09:24:00+00:00,59188.190000
2021-10-06T12:04:00+00:00,59185.230000
2021-10-06T12:24:00+00:00,59164.270000
2021-10-06T12:24:00+00:00,59158.350000
2021-10-06T12:44:00+00:00,58620.430000
2021-10-06T13:59:00+00:00,58618.210000
2021-10-06T14:04:00+00:00,58616.730000
2021-10-06T14:19:00+00:00,58413.510000
2021-10-06T14:19:00+00:00,58110.030000
2021-10-06T14:24:00+00:00,58108.550000
2021-10-06T17:59:00+00:00,58235.070000
2021-10-06T17:59:00+00:00,58226.930000
2021-10-06T18:14:00+00:00,57635.790000
2021-10-07T10:29:00+00:00,57626.910000
2021-10-07T10:59:00+00:00,57060.030000
2021-10-07T13:39:00+00:00,57054.110000
2021-10-07T13:59:00+00:00,57052.630000
2021-10-07T14:04:00+00:00,57448.670000
2021-10-07T16:04:00+00:00,58110.710000
2021-10-07T20:09:00+00:00,57844.230000
2021-10-08T00:14:00+00:00,57833.130000
2021-10-08T00:44:00+00:00,57259.530000
2021-10-08T07:24:00+00:00,57253.610000
2021-10-08T11:29:00+00:00,56687.690000
2021-10-08T12:44:00+00:00,56686.210000
2021-10-08T12:54:00+00:00,56569.730000
2021-10-08T12:54:00+00:00,56566.770000
2021-10-08T14:44:00+00:00,56961.290000
2021-10-08T14:44:00+00:00,56959.810000
2021-10-08T20:09:00+00:00,57460.330000
2021-10-08T20:09:00+00:00,57575.850000
2021-10-11T13:49:00+00:00,57574.370000
2021-10-11T19:54:00+00:00,57069.890000
2021-10-12T05:39:00+00:00,57060.270000
2021-10-12T06:04:00+00:00,57447.330000
2021-10-12T06:59:00+00:00,58203.400000
2021-10-12T07:14:00+00:00,58195.260000
2021-10-12T08:44:00+00:00,58562.810000
2021-10-12T09:04:00+00:00,59300.870000
2021-10-12T13:49:00+00:00,59298.650000
2021-10-12T20:09:00+00:00,59770.430000
2021-10-13T07:09:00+00:00,59760.070000
2021-10-13T07:29:00+00:00,59161.710000
2021-10-13T07:39:00+00:00,59157.270000
2021-10-13T08:54:00+00:00,59542.050000
2021-10-13T12:39:00+00:00,59592.330000
2021-10-13T12:39:00+00:00,59587.150000
2021-10-13T12:59:00+00:00,59424.470000
2021-10-13T12:59:00+00:00,59416.330000
2021-10-13T13:19:00+00:00,59787.630000
2021-10-13T13:29:00+00:00,60533.190000
2021-10-13T13:54:00+00:00,60530.970000
2021-10-13T15:54:00+00:00,60444.750000
2021-10-13T15:54:00+00:00,60441.050000
2021-10-13T20:09:00+00:00,60932.350000
2021-10-14T07:39:00+00:00,60923.470000
2021-10-14T08:14:00+00:00,60308.590000
2021-10-14T14:04:00+00:00,60306.370000
2021-10-14T20:09:00+00:00,60700.150000
2021-10-15T06:19:00+00:00,60686.090000
2021-10-15T07:24:00+00:00,61091.180000
2021-10-15T07:44:00+00:00,61846.280000
2021-10-15T12:49:00+00:00,61839.620000
2021-10-15T13:34:00+00:00,61243.460000
2021-10-15T14:59:00+00:00,61240.500000
2021-10-15T19:09:00+00:00,61105.540000
2021-10-15T19:09:00+00:00,61090.740000
2021-10-15T19:19:00+00:00,60465.940000
2021-10-18T13:49:00+00:00,60462.980000
2021-10-18T17:14:00+00:00,60832.000000
2021-10-18T19:54:00+00:00,61448.020000
2021-10-19T00:44:00+00:00,61439.140000
2021-10-19T06:04:00+00:00,60836.260000
2021-10-19T08:14:00+00:00,60829.600000
2021-10-19T13:24:00+00:00,60817.760000
2021-10-19T13:34:00+00:00,60213.920000
2021-10-19T13:54:00+00:00,60210.220000
2021-10-19T14:59:00+00:00,60585.260000
2021-10-19T18:29:00+00:00,61101.560000
2021-10-19T18:29:00+00:00,61305.360000
2021-10-19T18:34:00+00:00,61286.120000
2021-10-19T19:04:00+00:00,60642.880000
2021-10-19T19:29:00+00:00,60630.300000
2021-10-19T20:04:00+00:00,60005.720000
2021-10-20T02:34:00+00:00,59984.260000
2021-10-20T07:14:00+00:00,60404.400000
2021-10-20T07:19:00+00:00,61162.050000
2021-10-20T09:34:00+00:00,61155.390000
2021-10-20T12:19:00+00:00,61145.770000
2021-10-20T13:34:00+00:00,61139.850000
2021-10-20T13:54:00+00:00,61218.690000
2021-10-20T13:54:00+00:00,61072.570000
2021-10-20T13:54:00+00:00,60878.650000
2021-10-20T13:59:00+00:00,60872.730000
2021-10-20T14:34:00+00:00,60318.810000
2021-10-20T23:24:00+00:00,60313.630000
2021-10-21T01:44:00+00:00,60220.950000
2021-10-21T01:44:00+00:00,60213.550000
2021-10-21T04:19:00+00:00,59626.150000
2021-10-21T07:14:00+00:00,59618.010000
2021-10-21T13:44:00+00:00,59993.060000
2021-10-21T13:54:00+00:00,59989.360000
2021-10-21T14:09:00+00:00,60742.420000
2021-10-21T19:59:00+00:00,61075.440000
2021-10-21T20:09:00+00:00,61604.220000
2021-10-21T23:29:00+00:00,61602.000000
2021-10-22T13:44:00+00:00,61280.280000
2021-10-22T13:44:00+00:00,61274.360000
2021-10-22T13:49:00+00:00,60668.440000
2021-10-22T13:49:00+00:00,60664.740000
2021-10-22T14:29:00+00:00,60106.040000
2021-10-22T14:39:00+00:00,60098.640000
2021-10-22T15:19:00+00:00,60522.440000
2021-10-22T15:19:00+00:00,61231.240000
2021-10-24T22:24:00+00:00,61225.320000
2021-10-24T22:39:00+00:00,61083.400000
2021-10-24T22:39:00+00:00,61078.220000
2021-10-25T05:54:00+00:00,60499.040000
2021-10-25T15:59:00+00:00,60497.560000
2021-10-25T20:09:00+00:00,60801.080000
2021-10-26T01:39:00+00:00,60787.760000
2021-10-26T06:34:00+00:00,60180.440000
2021-10-26T12:19:00+00:00,60164.900000
2021-10-26T12:29:00+00:00,59561.360000
2021-10-26T14:14:00+00:00,59559.140000
2021-10-26T16:04:00+00:00,58988.420000
2021-10-26T16:19:00+00:00,58981.020000
2021-10-26T16:39:00+00:00,58383.620000
2021-10-27T13:49:00+00:00,58380.660000
2021-10-27T14:09:00+00:00,57991.700000
2021-10-27T14:09:00+00:00,57988.740000
2021-10-27T14:44:00+00:00,57511.780000
2021-10-27T17:54:00+00:00,57491.800000
2021-10-27T18:09:00+00:00,56891.320000
2021-10-28T06:44:00+00:00,56880.220000
2021-10-28T07:19:00+00:00,56299.120000
2021-10-28T07:24:00+00:00,56290.980000
2021-10-28T10:54:00+00:00,56654.780000
2021-10-28T13:49:00+00:00,57385.340000
2021-10-28T14:09:00+00:00,57381.640000
2021-10-28T15:54:00+00:00,57725.440000
2021-10-28T15:54:00+00:00,57718.780000
2021-10-28T18:39:00+00:00,57154.120000
2021-10-29T02:04:00+00:00,57148.200000
2021-10-29T06:34:00+00:00,57170.280000
2021-10-29T06:34:00+00:00,57157.700000
2021-10-29T07:04:00+00:00,56575.620000
2021-10-29T07:19:00+00:00,56568.960000
2021-10-29T10:14:00+00:00,56022.300000
2021-10-29T13:19:00+00:00,56014.900000
2021-10-29T13:44:00+00:00,56431.200000
2021-10-29T13:54:00+00:00,56428.240000
2021-10-29T15:09:00+00:00,57124.540000
2021-10-29T16:24:00+00:00,57529.560000
2021-10-29T20:09:00+00:00,58156.080000
2021-10-31T23:24:00+00:00,58153.860000
2021-11-01T13:49:00+00:00,57776.640000
2021-11-01T13:49:00+00:00,57773.680000
2021-11-01T17:04:00+00:00,57252.720000
2021-11-01T17:29:00+00:00,57246.060000
2021-11-01T18:19:00+00:00,57588.100000
2021-11-01T18:29:00+00:00,57866.900000
2021-11-01T18:29:00+00:00,57859.500000
2021-11-01T19:24:00+00:00,58257.050000
2021-11-01T19:59:00+00:00,58922.100000
2021-11-02T07:09:00+00:00,58901.380000
2021-11-02T08:04:00+00:00,59321.520000
2021-11-02T09:04:00+00:00,60028.660000
2021-11-02T09:29:00+00:00,60016.820000
2021-11-02T13:39:00+00:00,60442.900000
2021-11-02T13:39:00+00:00,61156.980000
2021-11-02T13:49:00+00:00,61154.760000
2021-11-02T15:59:00+00:00,61031.040000
2021-11-02T15:59:00+00:00,61023.640000
2021-11-02T19:44:00+00:00,60441.240000
2021-11-03T14:04:00+00:00,60437.540000
2021-11-03T15:49:00+00:00,60141.340000
2021-11-03T15:49:00+00:00,60132.460000
2021-11-03T18:04:00+00:00,60560.020000
2021-11-03T18:04:00+00:00,60552.580000
2021-11-03T18:09:00+00:00,60548.140000
2021-11-03T18:54:00+00:00,60946.420000
2021-11-03T19:44:00+00:00,61611.700000
2021-11-04T07:39:00+00:00,61589.500000
2021-11-04T08:04:00+00:00,61042.300000
2021-11-04T13:49:00+00:00,61039.340000
2021-11-04T14:49:00+00:00,61448.860000
2021-11-04T20:09:00+00:00,61843.380000
2021-11-05T08:09:00+00:00,61831.540000
2021-11-05T09:04:00+00:00,62287.620000
2021-11-05T09:39:00+00:00,63051.700000
2021-11-05T13:54:00+00:00,63048.740000
2021-11-05T14:04:00+00:00,62617.780000
2021-11-05T14:04:00+00:00,62615.560000
2021-11-05T17:14:00+00:00,62119.840000
2021-11-07T23:59:00+00:00,62116.140000
2021-11-08T01:59:00+00:00,62110.220000
2021-11-08T08:14:00+00:00,61508.300000
2021-11-08T10:49:00+00:00,61491.280000
2021-11-08T11:24:00+00:00,60876.260000
2021-11-08T14:24:00+00:00,60277.560000
2021-11-08T15:04:00+00:00,60274.600000
2021-11-08T15:54:00+00:00,60143.640000
2021-11-08T15:54:00+00:00,60137.720000
2021-11-08T21:04:00+00:00,59535.800000
2021-11-09T06:29:00+00:00,59515.820000
2021-11-09T08:14:00+00:00,58888.340000
2021-11-09T14:49:00+00:00,58885.380000
2021-11-09T14:54:00+00:00,58880.940000
2021-11-09T14:59:00+00:00,59267.960000
2021-11-09T14:59:00+00:00,59657.240000
2021-11-09T14:59:00+00:00,59653.520000
2021-11-09T18:49:00+00:00,60299.540000
2021-11-10T13:39:00+00:00,60290.660000
2021-11-10T13:54:00+00:00,59675.780000
2021-11-10T14:49:00+00:00,59673.560000
2021-11-10T18:14:00+00:00,59087.840000
2021-11-11T08:59:00+00:00,59081.180000
2021-11-11T09:29:00+00:00,59444.220000
2021-11-11T13:39:00+00:00,60203.020000
2021-11-11T15:29:00+00:00,60200.060000
2021-11-11T15:49:00+00:00,59923.100000
2021-11-11T15:49:00+00:00,59918.660000
2021-11-11T17:19:00+00:00,59341.220000
2021-11-12T05:04:00+00:00,59333.820000
2021-11-12T13:14:00+00:00,59171.420000
2021-11-12T13:14:00+00:00,59152.180000
2021-11-12T14:04:00+00:00,59581.310000
2021-11-12T14:14:00+00:00,60302.940000
2021-11-12T14:29:00+00:00,60280.740000
2021-11-12T14:34:00+00:00,60663.390000
2021-11-12T14:34:00+00:00,60644.790000
2021-11-12T15:49:00+00:00,60642.570000
2021-11-12T20:34:00+00:00,60882.580000
2021-11-12T20:54:00+00:00,61280.100000
2021-11-15T00:04:00+00:00,61261.600000
2021-11-15T03:04:00+00:00,61684.720000
2021-11-15T04:39:00+00:00,62455.100000
2021-11-15T15:04:00+00:00,62451.400000
2021-11-15T16:44:00+00:00,62766.420000
2021-11-15T16:49:00+00:00,62764.200000
2021-11-15T21:09:00+00:00,62829.480000
2021-11-15T21:09:00+00:00,62371.260000
2021-11-16T05:24:00+00:00,62364.600000
2021-11-16T13:39:00+00:00,61786.440000
2021-11-16T14:39:00+00:00,61778.300000
2021-11-16T14:54:00+00:00,61181.660000
2021-11-16T16:04:00+00:00,61180.180000
2021-11-16T20:54:00+00:00,61400.700000
2021-11-17T14:54:00+00:00,61395.520000
2021-11-17T15:14:00+00:00,60830.340000
2021-11-18T02:34:00+00:00,60808.140000
2021-11-18T05:04:00+00:00,61224.540000
2021-11-18T07:14:00+00:00,61925.940000
2021-11-18T14:39:00+00:00,61919.280000
2021-11-18T14:49:00+00:00,61323.120000
2021-11-18T14:49:00+00:00,61319.420000
2021-11-18T14:54:00+00:00,61314.240000
2021-11-18T15:14:00+00:00,60720.540000
2021-11-18T15:14:00+00:00,60109.860000
2021-11-18T15:19:00+00:00,60107.640000
2021-11-18T16:19:00+00:00,59673.420000
2021-11-18T16:19:00+00:00,59671.200000
2021-11-18T17:54:00+00:00,59995.980000
2021-11-18T17:54:00+00:00,59991.540000
2021-11-18T20:39:00+00:00,59444.100000
2021-11-18T23:09:00+00:00,59426.340000
2021-11-19T01:49:00+00:00,58808.580000
2021-11-19T08:59:00+00:00,58797.480000
2021-11-19T09:44:00+00:00,58201.380000
2021-11-19T09:49:00+00:00,58195.460000
2021-11-19T13:19:00+00:00,58182.880000
2021-11-19T13:44:00+00:00,57592.300000
2021-11-19T14:49:00+00:00,57118.380000
2021-11-19T14:49:00+00:00,57115.420000
2021-11-19T21:09:00+00:00,57060.460000
2021-11-22T14:39:00+00:00,57050.840000
2021-11-22T14:49:00+00:00,57419.900000
2021-11-22T14:49:00+00:00,57411.220000
2021-11-22T14:49:00+00:00,57409.000000
2021-11-22T16:14:00+00:00,56853.280000
2021-11-23T09:34:00+00:00,56849.580000
2021-11-23T10:19:00+00:00,56355.880000
2021-11-23T14:49:00+00:00,56354.400000
2021-11-23T14:54:00+00:00,56352.920000
2021-11-23T15:09:00+00:00,55865.440000
2021-11-23T15:09:00+00:00,55417.960000
2021-11-23T15:09:00+00:00,55413.520000
2021-11-23T15:44:00+00:00,55807.300000
2021-11-23T15:59:00+00:00,56465.080000
2021-11-23T18:54:00+00:00,56458.420000
2021-11-23T18:59:00+00:00,55925.260000
2021-11-24T03:09:00+00:00,55919.340000
2021-11-24T05:44:00+00:00,55389.420000
2021-11-24T09:44:00+00:00,55386.460000
2021-11-24T12:04:00+00:00,55382.020000
2021-11-24T13:44:00+00:00,55378.320000
2021-11-24T13:49:00+00:00,55749.600000
2021-11-24T14:09:00+00:00,56160.620000
2021-11-24T14:34:00+00:00,56780.900000
2021-11-24T14:34:00+00:00,57067.420000
2021-11-24T14:39:00+00:00,57065.200000
2021-11-24T14:49:00+00:00,57751.220000
2021-11-24T14:49:00+00:00,58469.000000
2021-11-24T15:04:00+00:00,57940.280000
2021-11-24T15:04:00+00:00,57938.800000
2021-11-24T17:44:00+00:00,57937.320000
2021-11-24T19:24:00+00:00,57932.140000
2021-11-24T20:19:00+00:00,58271.920000
2021-11-24T21:09:00+00:00,58784.440000
2021-11-24T21:09:00+00:00,58973.960000
2021-11-24T21:09:00+00:00,59415.000000
2021-11-25T07:09:00+00:00,59395.020000
2021-11-25T08:19:00+00:00,58767.540000
2021-11-25T08:34:00+00:00,58745.340000
2021-11-25T10:09:00+00:00,59161.740000
2021-11-25T11:09:00+00:00,59863.140000
2021-11-25T14:49:00+00:00,59856.480000
2021-11-25T23:34:00+00:00,59255.820000
2021-11-26T14:49:00+00:00,59254.340000
2021-11-26T17:54:00+00:00,59562.600000
2021-11-26T17:59:00+00:00,59561.120000
2021-11-28T23:49:00+00:00,59007.640000
2021-11-29T00:04:00+00:00,59006.400000
2021-11-29T14:59:00+00:00,59004.180000
2021-11-29T20:19:00+00:00,59265.940000
2021-11-29T20:29:00+00:00,59722.460000
2021-11-29T20:29:00+00:00,59715.060000
2021-11-29T21:09:00+00:00,59862.660000
2021-11-30T02:04:00+00:00,59847.120000
2021-11-30T02:29:00+00:00,60252.220000
2021-11-30T03:19:00+00:00,61000.330000
2021-11-30T14:54:00+00:00,60997.370000
2021-11-30T15:49:00+00:00,60432.410000
2021-12-01T07:59:00+00:00,60422.050000
2021-12-01T08:09:00+00:00,60868.370000
2021-12-01T08:24:00+00:00,61311.190000
2021-12-01T08:24:00+00:00,61303.050000
2021-12-01T08:34:00+00:00,60711.910000
2021-12-01T14:09:00+00:00,60703.030000
2021-12-01T14:29:00+00:00,60124.150000
2021-12-01T15:09:00+00:00,60122.670000
2021-12-01T17:59:00+00:00,59717.190000
2021-12-02T08:24:00+00:00,59709.050000
2021-12-02T08:34:00+00:00,59106.910000
2021-12-02T09:39:00+00:00,59100.990000
2021-12-02T10:19:00+00:00,59533.030000
2021-12-02T10:44:00+00:00,59652.070000
2021-12-02T10:44:00+00:00,59647.630000
2021-12-02T12:09:00+00:00,59055.190000
2021-12-02T14:44:00+00:00,59053.710000
2021-12-02T14:54:00+00:00,59052.970000
2021-12-02T15:39:00+00:00,58571.490000
2021-12-02T15:44:00+00:00,58149.250000
2021-12-02T16:04:00+00:00,58147.770000
2021-12-02T17:24:00+00:00,58447.030000
2021-12-02T20:59:00+00:00,58666.790000
2021-12-03T07:34:00+00:00,58651.990000
2021-12-03T07:54:00+00:00,59079.590000
2021-12-03T08:04:00+00:00,59067.190000
2021-12-03T11:09:00+00:00,59062.010000
2021-12-03T12:34:00+00:00,59410.790000
2021-12-03T13:09:00+00:00,60187.830000
2021-12-03T14:44:00+00:00,60186.350000
2021-12-03T14:49:00+00:00,60185.610000
2021-12-03T15:09:00+00:00,60541.120000
2021-12-03T16:09:00+00:00,61134.130000
2021-12-03T21:09:00+00:00,61549.390000
2021-12-06T00:19:00+00:00,61544.210000
2021-12-06T00:59:00+00:00,60940.530000
2021-12-06T08:09:00+00:00,60936.090000
2021-12-06T09:49:00+00:00,60334.650000
2021-12-06T15:19:00+00:00,60333.910000
2021-12-06T21:09:00+00:00,60477.170000
2021-12-07T13:59:00+00:00,60466.810000
2021-12-07T14:34:00+00:00,59854.450000
2021-12-07T14:39:00+00:00,59849.270000
2021-12-07T14:49:00+00:00,59846.310000
2021-12-07T14:54:00+00:00,60186.090000
2021-12-07T15:04:00+00:00,60943.130000
2021-12-07T16:39:00+00:00,61391.650000
2021-12-07T21:09:00+00:00,61949.170000
2021-12-08T06:19:00+00:00,61941.770000
2021-12-08T11:09:00+00:00,62384.320000
2021-12-08T11:19:00+00:00,62490.620000
2021-12-08T11:19:00+00:00,62481.740000
2021-12-08T11:49:00+00:00,62940.800000
2021-12-08T11:49:00+00:00,62933.360000
2021-12-08T14:49:00+00:00,62931.140000
2021-12-08T20:49:00+00:00,63065.420000
2021-12-09T11:19:00+00:00,63062.460000
2021-12-09T14:39:00+00:00,62469.500000
2021-12-09T15:14:00+00:00,62467.280000
2021-12-09T19:59:00+00:00,62727.540000
2021-12-09T21:09:00+00:00,63526.060000
2021-12-10T00:19:00+00:00,63522.360000
2021-12-10T06:14:00+00:00,63505.340000
2021-12-10T07:04:00+00:00,63503.860000
2021-12-10T08:04:00+00:00,63941.220000
2021-12-10T08:49:00+00:00,64742.340000
2021-12-10T08:54:00+00:00,64804.600000
2021-12-10T09:09:00+00:00,64873.400000
2021-12-10T09:09:00+00:00,64911.660000
2021-12-10T09:14:00+00:00,64899.080000
2021-12-10T09:39:00+00:00,64257.500000
2021-12-10T10:19:00+00:00,64244.920000
2021-12-10T11:09:00+00:00,63594.840000
2021-12-10T11:39:00+00:00,63574.860000
2021-12-10T11:54:00+00:00,62906.880000
2021-12-10T13:39:00+00:00,62900.220000
2021-12-10T14:34:00+00:00,62286.060000
2021-12-10T14:49:00+00:00,62284.580000
2021-12-10T20:59:00+00:00,61842.100000
2021-12-13T08:09:00+00:00,61833.220000
2021-12-13T08:39:00+00:00,61272.340000
2021-12-13T08:39:00+00:00,61263.460000
2021-12-13T09:04:00+00:00,61446.580000
2021-12-13T09:04:00+00:00,61439.180000
2021-12-13T11:44:00+00:00,60826.780000
2021-12-13T14:54:00+00:00,60824.560000
2021-12-13T16:29:00+00:00,61056.320000
2021-12-13T21:04:00+00:00,61829.840000
2021-12-14T01:39:00+00:00,61820.960000
2021-12-14T03:39:00+00:00,61218.080000
2021-12-14T13:29:00+00:00,61206.980000
2021-12-14T13:34:00+00:00,61627.050000
2021-12-14T13:34:00+00:00,61617.130000
2021-12-14T14:49:00+00:00,61615.650000
2021-12-14T15:49:00+00:00,61126.170000
2021-12-14T15:49:00+00:00,61124.690000
2021-12-14T21:09:00+00:00,60751.210000
2021-12-15T09:39:00+00:00,60744.550000
2021-12-15T13:34:00+00:00,61131.590000
2021-12-15T13:49:00+00:00,61345.390000
2021-12-15T13:49:00+00:00,61341.690000
2021-12-15T14:49:00+00:00,61339.470000
2021-12-15T14:54:00+00:00,61655.990000
2021-12-15T15:44:00+00:00,61652.270000
2021-12-15T19:09:00+00:00,61071.050000
2021-12-15T19:29:00+00:00,61067.350000
2021-12-15T19:39:00+00:00,60498.650000
2021-12-16T09:09:00+00:00,60493.470000
2021-12-16T10:59:00+00:00,59896.790000
2021-12-16T14:59:00+00:00,59896.050000
2021-12-16T21:09:00+00:00,60475.810000
2021-12-17T07:24:00+00:00,60472.850000
2021-12-17T08:44:00+00:00,59941.890000
2021-12-17T14:49:00+00:00,59940.410000
2021-12-17T15:24:00+00:00,59383.930000
2021-12-17T15:34:00+00:00,59381.710000
2021-12-17T15:54:00+00:00,59611.220000
2021-12-17T16:39:00+00:00,59809.740000
2021-12-17T16:39:00+00:00,59806.780000
2021-12-17T19:14:00+00:00,59219.820000
2021-12-17T19:59:00+00:00,59215.380000
2021-12-17T20:04:00+00:00,58679.940000
2021-12-20T16:04:00+00:00,58678.460000
2021-12-20T20:24:00+00:00,58179.980000
2021-12-21T07:09:00+00:00,58167.400000
2021-12-21T07:34:00+00:00,58557.480000
2021-12-21T08:04:00+00:00,59293.320000
2021-12-21T09:39:00+00:00,59290.360000
2021-12-21T10:24:00+00:00,59335.400000
2021-12-21T10:24:00+00:00,59329.480000
2021-12-21T11:39:00+00:00,59728.520000
2021-12-21T13:09:00+00:00,59947.560000
2021-12-21T13:09:00+00:00,59935.720000
2021-12-21T13:34:00+00:00,59339.880000
2021-12-21T14:49:00+00:00,59338.400000
2021-12-21T16:59:00+00:00,58881.920000
2021-12-22T01:54:00+00:00,58871.560000
2021-12-22T05:39:00+00:00,59078.200000
2021-12-22T05:39:00+00:00,59063.400000
2021-12-22T06:19:00+00:00,59491.000000
2021-12-22T06:24:00+00:00,60208.600000
2021-12-22T08:54:00+00:00,60201.940000
2021-12-22T10:54:00+00:00,60597.980000
2021-12-22T14:44:00+00:00,61425.530000
2021-12-22T14:49:00+00:00,61423.310000
2021-12-22T20:54:00+00:00,61686.570000
2021-12-22T21:09:00+00:00,62289.090000
2021-12-23T06:19:00+00:00,62271.330000
2021-12-23T07:44:00+00:00,61773.570000
2021-12-23T07:44:00+00:00,61755.810000
2021-12-23T08:14:00+00:00,61114.050000
2021-12-23T08:59:00+00:00,61102.950000
2021-12-23T11:29:00+00:00,61523.020000
2021-12-23T13:44:00+00:00,61513.100000
2021-12-23T15:14:00+00:00,61510.880000
2021-12-23T20:09:00+00:00,61867.160000
2021-12-23T20:09:00+00:00,61844.960000
2021-12-23T20:19:00+00:00,61192.760000
2021-12-27T14:39:00+00:00,61187.580000
2021-12-27T15:04:00+00:00,61186.100000
2021-12-27T15:24:00+00:00,61550.630000
2021-12-27T16:14:00+00:00,62362.670000
2021-12-27T21:09:00+00:00,62802.190000
2021-12-28T07:54:00+00:00,62779.990000
2021-12-28T08:09:00+00:00,63005.140000
2021-12-28T08:09:00+00:00,63387.790000
2021-12-28T15:09:00+00:00,63385.570000
2021-12-28T21:09:00+00:00,63347.350000
2021-12-29T01:24:00+00:00,63326.630000
2021-12-29T01:34:00+00:00,63778.270000
2021-12-29T01:59:00+00:00,64537.910000
2021-12-29T07:39:00+00:00,64521.630000
2021-12-29T08:14:00+00:00,64991.990000
2021-12-29T08:34:00+00:00,64978.350000
2021-12-29T15:04:00+00:00,64974.650000
2021-12-29T15:19:00+00:00,65336.170000
2021-12-29T17:44:00+00:00,65642.950000
2021-12-29T17:44:00+00:00,65638.510000
2021-12-29T20:34:00+00:00,66075.040000
2021-12-29T21:09:00+00:00,66396.820000
2021-12-30T11:44:00+00:00,66379.060000
2021-12-30T13:24:00+00:00,65689.300000
2021-12-30T14:39:00+00:00,65684.860000
2021-12-30T14:44:00+00:00,65101.420000
2021-12-30T15:09:00+00:00,65099.200000
2021-12-30T15:14:00+00:00,65096.240000
2021-12-30T20:44:00+00:00,64481.280000
2021-12-30T20:49:00+00:00,63943.560000
2021-12-31T09:14:00+00:00,63930.980000
2021-12-31T09:24:00+00:00,63272.400000
2021-12-31T14:39:00+00:00,63268.700000
2021-12-31T14:49:00+00:00,62672.500000
2021-12-31T14:49:00+00:00,62669.540000
2021-12-31T17:44:00+00:00,62818.580000
2021-12-31T17:44:00+00:00,62811.920000
2021-12-31T20:54:00+00:00,62220.260000
2023-01-03T06:44:00+00:00,62198.060000
2023-01-03T06:59:00+00:00,61545.860000
2023-01-03T07:04:00+00:00,61536.240000
2023-01-03T07:59:00+00:00,61950.300000
2023-01-03T08:04:00+00:00,62758.870000
2023-01-03T13:14:00+00:00,62756.650000
2023-01-03T14:44:00+00:00,62259.430000
2023-01-03T14:49:00+00:00,62257.950000
2023-01-03T14:59:00+00:00,62256.470000
2023-01-03T16:14:00+00:00,62593.980000
2023-01-03T19:49:00+00:00,62816.740000
2023-01-03T19:49:00+00:00,62960.260000
2023-01-03T19:54:00+00:00,62955.820000
2023-01-03T21:09:00+00:00,62894.380000
2023-01-04T03:14:00+00:00,62886.240000
2023-01-04T06:59:00+00:00,62872.180000
2023-01-04T07:59:00+00:00,63203.020000
2023-01-04T08:14:00+00:00,63608.070000
2023-01-04T08:14:00+00:00,64225.670000
2023-01-04T08:24:00+00:00,65038.730000
2023-01-04T14:39:00+00:00,65035.030000
2023-01-04T15:04:00+00:00,65374.050000
2023-01-04T15:04:00+00:00,65370.330000
2023-01-04T15:04:00+00:00,65368.850000
2023-01-04T16:39:00+00:00,64840.370000
2023-01-04T20:04:00+00:00,64838.150000
2023-01-04T20:39:00+00:00,64331.930000
2023-01-05T18:29:00+00:00,64314.170000
2023-01-05T18:34:00+00:00,64782.290000
2023-01-05T18:34:00+00:00,64767.410000
2023-01-06T07:24:00+00:00,64759.270000
2023-01-06T09:24:00+00:00,65183.070000
2023-01-06T13:19:00+00:00,66033.630000
2023-01-06T15:39:00+00:00,66032.890000
2023-01-06T21:09:00+00:00,66335.650000
2023-01-09T09:59:00+00:00,66319.370000
2023-01-09T11:24:00+00:00,66797.980000
2023-01-09T12:14:00+00:00,66784.340000
2023-01-09T14:49:00+00:00,66781.380000
2023-01-09T18:49:00+00:00,66792.420000
2023-01-09T18:49:00+00:00,66789.460000
2023-01-09T20:59:00+00:00,67257.480000
2023-01-09T21:09:00+00:00,67644.000000
2023-01-10T07:04:00+00:00,67635.860000
2023-01-10T08:29:00+00:00,67628.460000
2023-01-10T10:39:00+00:00,68063.510000
2023-01-10T11:19:00+00:00,68056.070000
2023-01-10T11:19:00+00:00,68078.670000
2023-01-10T11:19:00+00:00,68072.750000
2023-01-10T12:19:00+00:00,68558.790000
2023-01-10T14:14:00+00:00,68553.830000
2023-01-10T15:14:00+00:00,68552.350000
2023-01-10T15:44:00+00:00,68079.870000
2023-01-11T02:54:00+00:00,68068.030000
2023-01-11T05:59:00+00:00,68057.670000
2023-01-11T07:04:00+00:00,68299.240000
2023-01-11T07:04:00+00:00,68705.310000
2023-01-11T07:09:00+00:00,69185.390000
2023-01-11T09:04:00+00:00,69175.470000
2023-01-11T11:39:00+00:00,69165.110000
2023-01-11T12:24:00+00:00,68496.750000
2023-01-11T15:09:00+00:00,68493.050000
2023-01-11T20:54:00+00:00,68899.570000
2023-01-11T21:09:00+00:00,69548.350000
2023-01-12T01:59:00+00:00,69526.150000
2023-01-12T04:54:00+00:00,69976.300000
2023-01-12T06:59:00+00:00,69957.700000
2023-01-12T10:09:00+00:00,69936.980000
2023-01-12T12:19:00+00:00,69216.260000
2023-01-12T14:19:00+00:00,69211.820000
2023-01-12T14:44:00+00:00,69704.600000
2023-01-12T14:49:00+00:00,70527.380000
2023-01-12T14:49:00+00:00,70526.640000
2023-01-12T17:19:00+00:00,70149.400000
2023-01-13T07:34:00+00:00,70127.200000
2023-01-13T07:39:00+00:00,70262.350000
2023-01-13T07:39:00+00:00,70243.750000
2023-01-13T08:09:00+00:00,70227.470000
2023-01-13T08:19:00+00:00,69507.190000
2023-01-13T15:04:00+00:00,69502.750000
2023-01-13T18:44:00+00:00,70004.530000
2023-01-13T20:39:00+00:00,70842.310000
2023-01-16T15:14:00+00:00,70832.690000
2023-01-16T23:09:00+00:00,70719.070000
2023-01-16T23:09:00+00:00,70705.010000
2023-01-17T00:04:00+00:00,69997.450000
2023-01-17T02:09:00+00:00,69981.170000
2023-01-17T02:29:00+00:00,69260.890000
2023-01-17T06:54:00+00:00,69243.870000
2023-01-17T07:14:00+00:00,68916.350000
2023-01-17T07:14:00+00:00,68902.290000
2023-01-17T09:09:00+00:00,69368.130000
2023-01-17T09:24:00+00:00,69355.730000
2023-01-17T09:29:00+00:00,69349.070000
2023-01-17T12:29:00+00:00,68676.410000
2023-01-17T15:04:00+00:00,68674.190000
2023-01-17T21:09:00+00:00,68463.470000
2023-01-18T06:54:00+00:00,68446.450000
2023-01-18T07:04:00+00:00,67750.930000
2023-01-18T07:49:00+00:00,67737.610000
2023-01-18T08:14:00+00:00,67040.290000
2023-01-18T08:24:00+00:00,67023.270000
2023-01-18T08:59:00+00:00,66948.750000
2023-01-18T08:59:00+00:00,66932.470000
2023-01-18T09:34:00+00:00,66586.190000
2023-01-18T09:34:00+00:00,66578.790000
2023-01-18T10:54:00+00:00,66316.390000
2023-01-18T10:54:00+00:00,66306.770000
2023-01-18T13:34:00+00:00,66743.330000
2023-01-18T13:34:00+00:00,66734.650000
2023-01-18T15:04:00+00:00,66730.950000
2023-01-18T15:39:00+00:00,66062.250000
2023-01-19T05:44:00+00:00,66047.450000
2023-01-19T06:24:00+00:00,65962.650000
2023-01-19T06:24:00+00:00,65945.630000
2023-01-19T06:59:00+00:00,65261.610000
2023-01-19T14:49:00+00:00,65256.430000
2023-01-19T14:59:00+00:00,64663.250000
2023-01-19T15:04:00+00:00,64658.070000
2023-01-19T15:49:00+00:00,64022.890000
2023-01-20T06:59:00+00:00,64004.390000
2023-01-20T07:24:00+00:00,64445.510000
2023-01-20T08:24:00+00:00,64429.390000
2023-01-20T10:19:00+00:00,64415.330000
2023-01-20T12:34:00+00:00,64854.170000
2023-01-20T12:44:00+00:00,65671.770000
2023-01-20T14:39:00+00:00,65664.370000
2023-01-20T14:44:00+00:00,65006.970000
2023-01-20T14:54:00+00:00,65004.010000
2023-01-20T18:39:00+00:00,65437.530000
2023-01-20T20:04:00+00:00,66161.050000
2023-01-23T08:29:00+00:00,66150.690000
2023-01-23T12:44:00+00:00,65482.330000
2023-01-23T14:49:00+00:00,65480.850000
2023-01-23T16:19:00+00:00,65811.610000
2023-01-23T21:09:00+00:00,66086.370000
2023-01-24T07:39:00+00:00,66073.050000
2023-01-24T10:09:00+00:00,66545.640000
2023-01-24T11:09:00+00:00,67337.730000
2023-01-24T14:49:00+00:00,67334.770000
2023-01-24T15:04:00+00:00,66915.810000
2023-01-24T15:04:00+00:00,66911.370000
2023-01-24T15:19:00+00:00,66276.930000
2023-01-25T07:24:00+00:00,66269.530000
2023-01-25T08:19:00+00:00,65932.130000
2023-01-25T08:19:00+00:00,65918.070000
2023-01-25T09:54:00+00:00,66370.410000
2023-01-25T09:59:00+00:00,67213.010000
2023-01-25T13:09:00+00:00,67202.650000
2023-01-25T13:49:00+00:00,67675.220000
2023-01-25T14:34:00+00:00,68466.290000
2023-01-25T14:54:00+00:00,68463.330000
2023-01-25T16:19:00+00:00,67878.370000
2023-01-26T13:44:00+00:00,67874.670000
2023-01-26T14:49:00+00:00,67920.970000
2023-01-26T14:49:00+00:00,67918.010000
2023-01-26T20:24:00+00:00,67289.050000
2023-01-27T01:29:00+00:00,67267.590000
2023-01-27T03:59:00+00:00,67729.730000
2023-01-27T06:49:00+00:00,68562.380000
2023-01-27T07:04:00+00:00,68546.840000
2023-01-27T08:24:00+00:00,68562.800000
2023-01-27T08:24:00+00:00,68550.960000
2023-01-27T10:24:00+00:00,67851.120000
2023-01-27T12:34:00+00:00,67837.060000
2023-01-27T13:29:00+00:00,67167.500000
2023-01-27T13:34:00+00:00,67162.320000
2023-01-27T14:49:00+00:00,67571.850000
2023-01-27T14:49:00+00:00,67569.630000
2023-01-27T15:09:00+00:00,68481.670000
2023-01-27T18:59:00+00:00,68743.430000
2023-01-27T21:09:00+00:00,69079.950000
2023-01-29T23:29:00+00:00,69077.730000
2023-01-30T09:39:00+00:00,69343.990000
2023-01-30T14:49:00+00:00,69653.510000
2023-01-30T14:49:00+00:00,69649.810000
2023-01-30T15:24:00+00:00,69046.110000
2023-01-31T00:09:00+00:00,69027.610000
2023-01-31T01:44:00+00:00,68846.610000
2023-01-31T01:44:00+00:00,68829.590000
2023-01-31T02:04:00+00:00,68122.570000
2023-01-31T06:24:00+00:00,68107.770000
2023-01-31T07:49:00+00:00,68595.370000
2023-01-31T07:49:00+00:00,68582.970000
2023-01-31T11:44:00+00:00,68566.690000
2023-01-31T12:49:00+00:00,69070.050000
2023-01-31T13:34:00+00:00,69914.410000
2023-01-31T14:49:00+00:00,69911.450000
2023-01-31T20:59:00+00:00,70340.470000
2023-01-31T21:09:00+00:00,70762.990000
2023-02-01T06:49:00+00:00,70741.530000
2023-02-01T07:19:00+00:00,70009.570000
2023-02-01T08:54:00+00:00,69993.290000
2023-02-01T12:09:00+00:00,69295.010000
2023-02-01T14:59:00+00:00,69289.090000
2023-02-01T15:04:00+00:00,68619.170000
2023-02-01T15:54:00+00:00,68614.730000
2023-02-01T18:59:00+00:00,67935.290000
2023-02-01T19:44:00+00:00,67934.550000
2023-02-01T21:09:00+00:00,68293.310000
2023-02-02T01:39:00+00:00,68285.170000
2023-02-02T04:44:00+00:00,67617.030000
2023-02-02T04:44:00+00:00,67611.110000
2023-02-02T08:44:00+00:00,68061.150000
2023-02-02T13:34:00+00:00,68813.190000
2023-02-02T15:34:00+00:00,68811.710000
2023-02-02T21:09:00+00:00,68583.230000
2023-02-03T06:09:00+00:00,68575.830000
2023-02-03T07:29:00+00:00,67923.430000
2023-02-03T11:54:00+00:00,67910.110000
2023-02-03T12:04:00+00:00,67212.790000
2023-02-03T13:39:00+00:00,67209.090000
2023-02-03T14:49:00+00:00,66535.390000
2023-02-03T14:49:00+00:00,66534.650000
2023-02-03T18:59:00+00:00,66531.690000
2023-02-03T20:04:00+00:00,65928.730000
2023-02-03T21:09:00+00:00,65696.990000
2023-02-06T08:09:00+00:00,65685.150000
2023-02-06T08:29:00+00:00,65017.310000
2023-02-06T15:04:00+00:00,65014.350000
2023-02-06T15:19:00+00:00,64545.390000
2023-02-06T15:19:00+00:00,64540.210000
2023-02-06T15:54:00+00:00,63950.530000
2023-02-07T05:54:00+00:00,63942.390000
2023-02-07T08:09:00+00:00,64339.940000
2023-02-07T09:09:00+00:00,64332.500000
2023-02-07T11:34:00+00:00,64322.880000
2023-02-07T13:39:00+00:00,63702.260000
2023-02-07T15:09:00+00:00,63698.560000
2023-02-07T16:09:00+00:00,63124.860000
2023-02-08T12:24:00+00:00,63117.460000
2023-02-08T13:44:00+00:00,63560.010000
2023-02-08T14:54:00+00:00,64300.060000
2023-02-08T14:54:00+00:00,64297.100000
2023-02-08T16:14:00+00:00,64718.620000
2023-02-08T21:09:00+00:00,65275.140000
2023-02-09T14:49:00+00:00,65272.180000
2023-02-09T15:29:00+00:00,65269.960000
2023-02-09T16:24:00+00:00,65664.480000
2023-02-09T17:49:00+00:00,66323.000000
2023-02-09T19:34:00+00:00,66647.760000
2023-02-09T21:09:00+00:00,67404.280000
2023-02-10T05:09:00+00:00,67390.960000
2023-02-10T08:14:00+00:00,67877.050000
2023-02-10T08:29:00+00:00,68691.640000
2023-02-10T15:04:00+00:00,68689.420000
2023-02-10T15:14:00+00:00,68159.200000
2023-02-12T23:09:00+00:00,68154.760000
2023-02-13T01:14:00+00:00,68151.060000
2023-02-13T07:39:00+00:00,68137.000000
2023-02-13T08:04:00+00:00,67657.440000
2023-02-13T08:39:00+00:00,67038.740000
2023-02-13T09:04:00+00:00,66434.300000
2023-02-13T14:59:00+00:00,66432.080000
2023-02-13T21:09:00+00:00,66921.860000
2023-02-14T08:24:00+00:00,66912.980000
2023-02-14T09:04:00+00:00,66244.100000
2023-02-14T09:09:00+00:00,66232.260000
2023-02-14T10:29:00+00:00,66706.340000
2023-02-14T11:04:00+00:00,67500.420000
2023-02-14T14:49:00+00:00,67498.940000
2023-02-14T21:09:00+00:00,67762.460000
2023-02-15T07:39:00+00:00,67755.060000
2023-02-15T08:39:00+00:00,67102.660000
2023-02-15T11:19:00+00:00,67091.560000
2023-02-15T12:14:00+00:00,66412.960000
2023-02-15T14:04:00+00:00,66406.300000
2023-02-15T14:39:00+00:00,65751.640000
2023-02-15T14:49:00+00:00,65748.680000
2023-02-15T14:54:00+00:00,65141.720000
2023-02-15T14:59:00+00:00,65138.760000
2023-02-15T16:44:00+00:00,64539.800000
2023-02-16T08:09:00+00:00,64531.660000
2023-02-16T12:09:00+00:00,64940.460000
2023-02-16T12:29:00+00:00,65761.020000
2023-02-16T14:54:00+00:00,65758.060000
2023-02-16T17:39:00+00:00,66224.580000
2023-02-16T20:19:00+00:00,66222.100000
2023-02-17T05:04:00+00:00,66199.900000
2023-02-17T05:24:00+00:00,65577.700000
2023-02-17T14:49:00+00:00,65575.480000
2023-02-17T15:09:00+00:00,65445.760000
2023-02-17T15:09:00+00:00,65441.320000
2023-02-17T16:34:00+00:00,64797.880000
2023-02-17T19:49:00+00:00,64786.780000
2023-02-17T19:54:00+00:00,64145.680000
2023-02-20T04:49:00+00:00,64125.700000
2023-02-20T08:04:00+00:00,64564.580000
2023-02-20T08:14:00+00:00,65359.220000
2023-02-20T15:04:00+00:00,65339.240000
2023-02-20T17:34:00+00:00,65643.260000
2023-02-20T17:34:00+00:00,65621.060000
2023-02-20T17:59:00+00:00,65013.860000
2023-02-21T02:59:00+00:00,65002.020000
2023-02-21T07:09:00+00:00,64991.660000
2023-02-21T08:04:00+00:00,65459.740000
2023-02-21T08:19:00+00:00,66243.820000
2023-02-21T08:19:00+00:00,66506.390000
2023-02-21T08:24:00+00:00,66947.460000
2023-02-21T14:44:00+00:00,66942.280000
2023-02-21T14:54:00+00:00,66289.600000
2023-02-21T14:54:00+00:00,66283.680000
2023-02-21T15:09:00+00:00,66280.720000
2023-02-21T15:14:00+00:00,66766.760000
2023-02-21T16:34:00+00:00,67578.800000
2023-02-21T19:19:00+00:00,68004.820000
2023-02-21T21:09:00+00:00,68436.340000
2023-02-22T07:14:00+00:00,68423.760000
2023-02-22T08:04:00+00:00,68414.140000
2023-02-22T08:09:00+00:00,67730.060000
2023-02-22T08:09:00+00:00,67349.940000
2023-02-22T14:49:00+00:00,67345.500000
2023-02-22T15:04:00+00:00,66741.060000
2023-02-22T15:09:00+00:00,66737.360000
2023-02-22T18:09:00+00:00,66076.160000
2023-02-23T07:19:00+00:00,66053.960000
2023-02-23T08:09:00+00:00,65371.760000
2023-02-23T11:19:00+00:00,65365.840000
2023-02-23T12:39:00+00:00,64771.920000
2023-02-23T15:09:00+00:00,64768.960000
2023-02-23T16:24:00+00:00,65194.980000
2023-02-23T19:24:00+00:00,65192.500000
2023-02-24T05:39:00+00:00,65179.180000
2023-02-24T07:09:00+00:00,65170.300000
2023-02-24T07:49:00+00:00,65649.640000
2023-02-24T08:19:00+00:00,66452.980000
2023-02-24T08:19:00+00:00,66786.040000
2023-02-24T10:19:00+00:00,67344.100000
2023-02-24T12:04:00+00:00,67330.040000
2023-02-24T13:34:00+00:00,66650.980000
2023-02-24T14:49:00+00:00,66649.500000
2023-02-24T21:04:00+00:00,66521.020000
2023-02-27T14:59:00+00:00,66515.100000
2023-02-27T15:39:00+00:00,65905.180000
2023-02-27T19:24:00+00:00,65893.340000
2023-02-27T19:49:00+00:00,66355.420000
2023-02-27T20:39:00+00:00,67129.500000
2023-02-28T15:04:00+00:00,67126.540000
2023-02-28T21:04:00+00:00,66545.580000
2023-03-01T09:04:00+00:00,66535.960000
2023-03-01T13:04:00+00:00,65869.840000
2023-03-01T14:49:00+00:00,65866.880000
2023-03-01T15:09:00+00:00,65293.920000
2023-03-01T15:14:00+00:00,65292.440000
2023-03-01T21:09:00+00:00,65300.960000
2023-03-02T03:14:00+00:00,65298.740000
2023-03-02T12:29:00+00:00,65284.680000
2023-03-02T13:14:00+00:00,65737.020000
2023-03-02T13:34:00+00:00,66579.620000
2023-03-02T14:54:00+00:00,66607.400000
2023-03-02T14:54:00+00:00,66602.960000
2023-03-02T18:59:00+00:00,67084.490000
2023-03-02T19:29:00+00:00,67888.520000
2023-03-03T00:34:00+00:00,67881.120000
2023-03-03T06:29:00+00:00,67653.720000
2023-03-03T06:29:00+00:00,67640.400000
2023-03-03T07:09:00+00:00,66970.080000
2023-03-03T07:09:00+00:00,66955.280000
2023-03-03T08:04:00+00:00,66290.480000
2023-03-03T08:09:00+00:00,66274.940000
2023-03-03T08:44:00+00:00,66732.540000
2023-03-03T09:14:00+00:00,67576.900000
2023-03-03T12:24:00+00:00,67558.400000
2023-03-03T13:44:00+00:00,66852.400000
2023-03-03T14:49:00+00:00,66847.960000
2023-03-03T17:54:00+00:00,67338.490000
2023-03-03T19:34:00+00:00,68157.520000
2023-03-06T07:59:00+00:00,68136.800000
2023-03-06T08:14:00+00:00,68630.440000
2023-03-06T08:19:00+00:00,69460.080000
2023-03-06T12:09:00+00:00,69447.500000
2023-03-06T13:14:00+00:00,69921.580000
2023-03-06T13:29:00+00:00,70814.920000
2023-03-06T15:14:00+00:00,70810.480000
2023-03-06T19:24:00+00:00,70140.040000
2023-03-07T15:04:00+00:00,70138.560000
2023-03-07T21:09:00+00:00,70359.080000
2023-03-08T07:14:00+00:00,70339.840000
2023-03-08T08:09:00+00:00,69605.600000
2023-03-08T13:14:00+00:00,69598.200000
2023-03-08T15:04:00+00:00,68895.800000
2023-03-08T15:04:00+00:00,68892.100000
2023-03-08T15:34:00+00:00,68233.400000
2023-03-09T05:54:00+00:00,68211.200000
2023-03-09T07:04:00+00:00,68672.600000
2023-03-09T08:09:00+00:00,69449.000000
2023-03-09T13:39:00+00:00,69443.080000
2023-03-09T14:39:00+00:00,69929.120000
2023-03-09T14:49:00+00:00,70741.160000
2023-03-09T14:49:00+00:00,70738.940000
2023-03-09T17:49:00+00:00,70187.720000
2023-03-10T02:44:00+00:00,70181.800000
2023-03-10T06:59:00+00:00,70167.740000
2023-03-10T07:24:00+00:00,70647.080000
2023-03-10T07:24:00+00:00,71539.680000
2023-03-10T09:34:00+00:00,72046.720000
2023-03-10T11:39:00+00:00,72040.060000
2023-03-10T12:34:00+00:00,71367.400000
2023-03-10T13:34:00+00:00,71362.440000
2023-03-10T14:49:00+00:00,71360.960000
2023-03-10T16:14:00+00:00,70794.480000
2023-03-13T06:24:00+00:00,70784.120000
2023-03-13T06:54:00+00:00,70073.760000
2023-03-13T08:19:00+00:00,70065.620000
2023-03-13T08:34:00+00:00,69391.980000
2023-03-13T13:49:00+00:00,69390.500000
2023-03-13T16:04:00+00:00,69822.510000
2023-03-13T20:09:00+00:00,70010.770000
2023-03-14T14:24:00+00:00,70008.550000
2023-03-14T15:04:00+00:00,70057.330000
2023-03-14T15:04:00+00:00,70049.930000
2023-03-14T15:24:00+00:00,69382.530000
2023-03-15T12:44:00+00:00,69380.310000
2023-03-15T13:29:00+00:00,68841.090000
2023-03-15T14:34:00+00:00,68838.870000
2023-03-15T15:44:00+00:00,68214.150000
2023-03-15T17:19:00+00:00,68211.930000
2023-03-15T20:09:00+00:00,68982.210000
2023-03-16T05:44:00+00:00,68973.330000
2023-03-16T06:49:00+00:00,68316.450000
2023-03-16T13:59:00+00:00,68314.230000
2023-03-16T14:14:00+00:00,68198.010000
2023-03-16T14:14:00+00:00,68192.830000
2023-03-16T14:44:00+00:00,67508.650000
2023-03-17T07:14:00+00:00,67496.810000
2023-03-17T09:14:00+00:00,67988.890000
2023-03-17T11:49:00+00:00,68306.970000
2023-03-17T11:49:00+00:00,68289.210000
2023-03-17T12:24:00+00:00,67587.450000
2023-03-17T14:04:00+00:00,67585.230000
2023-03-17T14:24:00+00:00,66974.010000
2023-03-17T14:24:00+00:00,66971.050000
2023-03-17T15:44:00+00:00,67449.570000
2023-03-17T20:09:00+00:00,67587.090000
2023-03-20T03:44:00+00:00,67575.990000
2023-03-20T04:39:00+00:00,66912.390000
2023-03-20T08:19:00+00:00,66909.430000
2023-03-20T08:44:00+00:00,66416.470000
2023-03-20T08:44:00+00:00,66412.030000
2023-03-20T10:09:00+00:00,66857.560000
2023-03-20T13:34:00+00:00,66853.840000
2023-03-20T14:49:00+00:00,66850.880000
2023-03-20T20:09:00+00:00,67305.920000
2023-03-21T07:59:00+00:00,67291.120000
2023-03-21T09:49:00+00:00,67771.220000
2023-03-21T10:04:00+00:00,67758.820000
2023-03-21T14:19:00+00:00,67753.640000
2023-03-21T17:34:00+00:00,67139.460000
2023-03-22T13:54:00+00:00,67132.060000
2023-03-22T14:29:00+00:00,67627.110000
2023-03-22T16:24:00+00:00,67620.910000
2023-03-22T19:04:00+00:00,67618.690000
2023-03-22T19:24:00+00:00,66986.470000
2023-03-23T12:09:00+00:00,66979.810000
2023-03-23T12:49:00+00:00,66365.650000
2023-03-23T13:19:00+00:00,66354.550000
2023-03-23T13:34:00+00:00,66790.370000
2023-03-23T13:34:00+00:00,67624.450000
2023-03-23T14:04:00+00:00,67619.270000
2023-03-23T14:49:00+00:00,68037.800000
2023-03-23T15:04:00+00:00,68969.840000
2023-03-23T19:04:00+00:00,68964.660000
2023-03-23T19:19:00+00:00,68266.480000
2023-03-24T08:09:00+00:00,68253.160000
2023-03-24T08:14:00+00:00,67555.840000
2023-03-24T15:14:00+00:00,67553.620000
2023-03-24T16:04:00+00:00,66916.900000
2023-03-27T08:14:00+00:00,66912.460000
2023-03-27T13:49:00+00:00,66908.760000
2023-03-27T14:34:00+00:00,66277.560000
2023-03-27T15:09:00+00:00,65679.120000
2023-03-28T07:14:00+00:00,65665.060000
2023-03-28T07:44:00+00:00,66249.500000
2023-03-28T07:44:00+00:00,66236.920000
2023-03-28T07:54:00+00:00,65586.840000
2023-03-28T14:34:00+00:00,65585.360000
2023-03-28T20:09:00+00:00,65215.880000
2023-03-29T08:49:00+00:00,65200.340000
2023-03-29T09:09:00+00:00,64523.300000
2023-03-29T11:09:00+00:00,64501.100000
2023-03-29T11:49:00+00:00,64973.750000
2023-03-29T12:34:00+00:00,64955.150000
2023-03-29T14:04:00+00:00,64950.710000
2023-03-29T14:34:00+00:00,64376.270000
2023-03-30T14:29:00+00:00,64371.830000
2023-03-30T16:49:00+00:00,63752.390000
2023-03-31T13:39:00+00:00,63748.690000
2023-03-31T13:49:00+00:00,63745.730000
2023-03-31T15:54:00+00:00,64084.750000
2023-03-31T18:09:00+00:00,64488.270000
2023-03-31T19:04:00+00:00,65337.300000
2023-03-31T20:09:00+00:00,65940.820000
2023-04-03T05:24:00+00:00,65923.060000
2023-04-03T05:54:00+00:00,65257.300000
2023-04-03T08:04:00+00:00,65249.900000
2023-04-03T12:09:00+00:00,64597.500000
2023-04-03T13:49:00+00:00,64593.800000
2023-04-03T14:44:00+00:00,64330.100000
2023-04-03T14:44:00+00:00,64320.480000
2023-04-03T14:54:00+00:00,64743.540000
2023-04-03T15:09:00+00:00,65569.610000
2023-04-04T06:19:00+00:00,65548.150000
2023-04-04T07:29:00+00:00,64874.190000
2023-04-04T13:59:00+00:00,64868.270000
2023-04-04T14:04:00+00:00,64865.310000
2023-04-04T14:24:00+00:00,64451.390000
2023-04-04T14:24:00+00:00,64070.430000
2023-04-04T14:29:00+00:00,64065.250000
2023-04-04T15:19:00+00:00,64454.530000
2023-04-04T20:09:00+00:00,64817.570000
2023-04-05T06:19:00+00:00,64804.250000
2023-04-05T07:34:00+00:00,64151.930000
2023-04-05T12:39:00+00:00,64143.790000
2023-04-05T13:39:00+00:00,64567.590000
2023-04-05T13:49:00+00:00,65418.150000
2023-04-05T13:49:00+00:00,65414.450000
2023-04-05T14:54:00+00:00,65748.970000
2023-04-05T20:09:00+00:00,66057.250000
2023-04-06T05:59:00+00:00,66035.050000
2023-04-06T06:19:00+00:00,66395.200000
2023-04-06T06:34:00+00:00,67002.850000
2023-04-06T10:19:00+00:00,66991.750000
2023-04-06T11:14:00+00:00,67448.570000
2023-04-06T12:34:00+00:00,67438.650000
2023-04-06T14:09:00+00:00,67435.690000
2023-04-06T16:04:00+00:00,67846.710000
2023-04-06T20:09:00+00:00,68397.230000
2023-04-10T04:39:00+00:00,68375.030000
2023-04-10T05:24:00+00:00,67707.830000
2023-04-10T09:59:00+00:00,67685.630000
2023-04-10T10:19:00+00:00,67093.430000
2023-04-10T13:49:00+00:00,67089.730000
2023-04-10T15:09:00+00:00,66413.530000
2023-04-10T16:09:00+00:00,66408.350000
2023-04-10T16:39:00+00:00,65762.670000
2023-04-11T00:19:00+00:00,65753.050000
2023-04-11T00:39:00+00:00,65080.430000
2023-04-11T14:14:00+00:00,65077.470000
2023-04-11T14:29:00+00:00,64900.510000
2023-04-11T14:29:00+00:00,64893.110000
2023-04-11T14:39:00+00:00,64255.710000
2023-04-12T07:39:00+00:00,64249.790000
2023-04-12T07:49:00+00:00,63975.870000
2023-04-12T07:49:00+00:00,63963.290000
2023-04-12T08:19:00+00:00,64389.370000
2023-04-12T11:49:00+00:00,64377.530000
2023-04-12T12:29:00+00:00,64366.370000
2023-04-12T12:29:00+00:00,63722.530000
2023-04-12T12:39:00+00:00,63719.570000
2023-04-12T13:34:00+00:00,63180.610000
2023-04-12T13:49:00+00:00,63179.130000
2023-04-12T20:09:00+00:00,63601.650000
2023-04-13T09:19:00+00:00,63590.550000
2023-04-13T10:14:00+00:00,62941.950000
2023-04-13T12:24:00+00:00,62930.110000
2023-04-13T12:34:00+00:00,63386.190000
2023-04-13T12:34:00+00:00,63376.270000
2023-04-13T14:09:00+00:00,63373.310000
2023-04-13T16:04:00+00:00,63371.830000
2023-04-13T18:19:00+00:00,63827.850000
2023-04-13T20:09:00+00:00,64237.370000
2023-04-13T20:09:00+00:00,64468.890000
2023-04-14T07:19:00+00:00,64455.570000
2023-04-14T08:14:00+00:00,63821.250000
2023-04-14T12:39:00+00:00,63813.110000
2023-04-14T12:59:00+00:00,64214.410000
2023-04-14T13:34:00+00:00,64206.970000
2023-04-14T13:49:00+00:00,64204.750000
2023-04-14T14:14:00+00:00,64000.030000
2023-04-14T14:14:00+00:00,63996.330000
2023-04-14T16:09:00+00:00,64330.850000
2023-04-14T19:49:00+00:00,64327.130000
2023-04-17T06:34:00+00:00,64315.290000
2023-04-17T07:49:00+00:00,64983.450000
2023-04-17T07:49:00+00:00,64967.910000
2023-04-17T08:39:00+00:00,65403.010000
2023-04-17T09:19:00+00:00,66206.120000
2023-04-17T14:34:00+00:00,66200.940000
2023-04-17T14:39:00+00:00,66197.980000
2023-04-17T16:09:00+00:00,66591.760000
2023-04-17T19:09:00+00:00,66586.800000
2023-04-17T20:09:00+00:00,66073.840000
2023-04-18T13:49:00+00:00,66067.180000
2023-04-18T13:54:00+00:00,66059.780000
2023-04-18T13:59:00+00:00,65418.620000
2023-04-18T13:59:00+00:00,64786.220000
2023-04-18T16:44:00+00:00,64781.780000
2023-04-18T20:09:00+00:00,64933.340000
2023-04-19T11:54:00+00:00,64919.280000
2023-04-19T12:49:00+00:00,65351.370000
2023-04-19T13:34:00+00:00,65338.970000
2023-04-19T14:39:00+00:00,65335.270000
2023-04-19T17:24:00+00:00,65969.070000
2023-04-19T17:24:00+00:00,65955.010000
2023-04-19T18:04:00+00:00,65275.950000
2023-04-20T06:19:00+00:00,65265.590000
2023-04-20T07:14:00+00:00,64618.230000
2023-04-20T12:29:00+00:00,64607.870000
2023-04-20T13:39:00+00:00,65064.690000
2023-04-20T13:49:00+00:00,65829.510000
2023-04-20T13:49:00+00:00,65826.550000
2023-04-20T19:19:00+00:00,65269.590000
2023-04-21T07:39:00+00:00,65263.670000
2023-04-21T08:49:00+00:00,64849.750000
2023-04-21T08:49:00+00:00,64843.090000
2023-04-21T10:34:00+00:00,64215.430000
2023-04-21T13:54:00+00:00,64210.990000
2023-04-21T14:24:00+00:00,63747.550000
2023-04-21T14:24:00+00:00,63744.590000
2023-04-21T14:49:00+00:00,63401.630000
2023-04-21T14:49:00+00:00,63397.190000
2023-04-21T15:04:00+00:00,62756.750000
2023-04-24T14:39:00+00:00,62754.530000
2023-04-24T20:09:00+00:00,62606.810000
2023-04-25T13:49:00+00:00,62600.890000
2023-04-25T15:54:00+00:00,63041.930000
2023-04-25T17:19:00+00:00,63778.970000
2023-04-26T06:24:00+00:00,63769.350000
2023-04-26T08:04:00+00:00,64078.230000
2023-04-26T08:04:00+00:00,64065.650000
2023-04-26T10:44:00+00:00,63407.070000
2023-04-26T12:19:00+00:00,63400.410000
2023-04-26T13:59:00+00:00,63396.710000
2023-04-26T14:24:00+00:00,62775.510000
2023-04-26T15:09:00+00:00,63186.550000
2023-04-26T16:09:00+00:00,64045.350000
2023-04-27T14:09:00+00:00,64040.170000
2023-04-27T14:44:00+00:00,64400.200000
2023-04-27T16:14:00+00:00,65202.240000
2023-04-28T09:24:00+00:00,65180.040000
2023-04-28T09:44:00+00:00,64557.840000
2023-04-28T12:19:00+00:00,64540.820000
2023-04-28T12:34:00+00:00,64978.180000
2023-04-28T12:34:00+00:00,64963.300000
2023-04-28T14:14:00+00:00,64961.080000
2023-04-28T20:09:00+00:00,65320.360000
2023-05-01T00:49:00+00:00,65304.820000
2023-05-01T02:59:00+00:00,65754.920000
2023-05-01T06:09:00+00:00,66252.780000
2023-05-01T06:09:00+00:00,66237.980000
2023-05-01T06:44:00+00:00,65553.180000
2023-05-01T13:54:00+00:00,65546.520000
2023-05-01T14:04:00+00:00,64918.860000
2023-05-02T00:14:00+00:00,64904.060000
2023-05-02T00:24:00+00:00,64239.260000
2023-05-02T10:09:00+00:00,64227.420000
2023-05-02T13:44:00+00:00,64701.500000
2023-05-02T13:54:00+00:00,64691.580000
2023-05-02T14:09:00+00:00,64687.140000
2023-05-02T14:34:00+00:00,65123.670000
2023-05-02T14:54:00+00:00,65852.700000
2023-05-03T02:09:00+00:00,65830.500000
2023-05-03T07:04:00+00:00,66303.150000
2023-05-03T08:09:00+00:00,66284.550000
2023-05-03T13:54:00+00:00,66280.110000
2023-05-03T15:04:00+00:00,65687.670000
2023-05-04T07:09:00+00:00,65680.270000
2023-05-04T07:39:00+00:00,65027.870000
2023-05-04T14:24:00+00:00,65024.910000
2023-05-04T15:09:00+00:00,64497.950000
2023-05-05T06:24:00+00:00,64483.150000
2023-05-05T07:09:00+00:00,63838.350000
2023-05-05T12:39:00+00:00,63833.170000
2023-05-05T12:49:00+00:00,63495.490000
2023-05-05T12:49:00+00:00,63490.310000
2023-05-05T13:49:00+00:00,63485.870000
2023-05-05T14:04:00+00:00,63877.400000
2023-05-05T14:34:00+00:00,64749.440000
2023-05-05T14:39:00+00:00,65224.220000
2023-05-05T18:04:00+00:00,66017.000000
2023-05-08T06:19:00+00:00,65996.280000
2023-05-08T07:09:00+00:00,65303.560000
2023-05-08T12:14:00+00:00,65287.280000
2023-05-08T12:44:00+00:00,64633.000000
2023-05-08T13:54:00+00:00,64628.560000
2023-05-08T15:49:00+00:00,64039.120000
2023-05-08T18:14:00+00:00,64030.980000
2023-05-08T18:24:00+00:00,63406.840000
2023-05-08T23:24:00+00:00,63399.440000
2023-05-09T08:49:00+00:00,63853.240000
2023-05-09T08:59:00+00:00,64232.040000
2023-05-09T08:59:00+00:00,64215.760000
2023-05-09T11:29:00+00:00,63572.480000
2023-05-09T12:29:00+00:00,63560.640000
2023-05-09T13:59:00+00:00,63028.800000
2023-05-09T13:59:00+00:00,63022.140000
2023-05-09T14:14:00+00:00,62502.480000
2023-05-09T14:14:00+00:00,62495.080000
2023-05-09T20:09:00+00:00,62712.680000
2023-05-10T14:09:00+00:00,62710.460000
2023-05-10T14:49:00+00:00,62091.740000
2023-05-11T06:39:00+00:00,62072.500000
2023-05-11T07:04:00+00:00,61442.260000
2023-05-11T07:09:00+00:00,61429.680000
2023-05-11T11:14:00+00:00,60822.100000
2023-05-11T11:34:00+00:00,60809.520000
2023-05-11T12:19:00+00:00,61217.600000
2023-05-11T12:19:00+00:00,61987.190000
2023-05-11T14:34:00+00:00,61983.490000
2023-05-11T14:54:00+00:00,61642.290000
2023-05-11T14:54:00+00:00,61637.110000
2023-05-11T20:09:00+00:00,62048.430000
2023-05-12T13:49:00+00:00,62043.250000
2023-05-12T13:54:00+00:00,62038.070000
2023-05-12T14:34:00+00:00,62411.600000
2023-05-12T15:29:00+00:00,62798.630000
2023-05-12T16:24:00+00:00,63630.670000
2023-05-12T16:44:00+00:00,64492.710000
2023-05-15T09:44:00+00:00,64477.910000
2023-05-15T10:29:00+00:00,64533.110000
2023-05-15T10:29:00+00:00,64513.870000
2023-05-15T12:29:00+00:00,63857.630000
2023-05-15T13:54:00+00:00,63850.230000
2023-05-15T15:19:00+00:00,63222.830000
2023-05-15T17:59:00+00:00,63212.470000
2023-05-15T20:09:00+00:00,63678.110000
2023-05-16T07:04:00+00:00,63659.610000
2023-05-16T07:19:00+00:00,63003.610000
2023-05-16T09:39:00+00:00,62997.690000
2023-05-16T11:14:00+00:00,62923.770000
2023-05-16T11:14:00+00:00,62908.970000
2023-05-16T12:34:00+00:00,63359.070000
2023-05-16T12:34:00+00:00,63346.670000
2023-05-16T13:39:00+00:00,63340.750000
2023-05-16T13:49:00+00:00,63337.790000
2023-05-16T14:34:00+00:00,63334.830000
2023-05-16T14:59:00+00:00,63763.870000
2023-05-16T20:09:00+00:00,63976.910000
2023-05-16T20:09:00+00:00,63883.950000
2023-05-16T20:09:00+00:00,63842.990000
2023-05-17T05:49:00+00:00,63820.790000
2023-05-17T06:09:00+00:00,63273.590000
2023-05-17T06:34:00+00:00,63251.390000
2023-05-17T06:39:00+00:00,63034.190000
2023-05-17T12:04:00+00:00,63025.310000
2023-05-17T13:49:00+00:00,62860.430000
2023-05-17T13:49:00+00:00,62853.770000
2023-05-17T13:54:00+00:00,62847.110000
2023-05-17T14:19:00+00:00,62673.950000
2023-05-17T14:19:00+00:00,62217.290000
2023-05-17T14:24:00+00:00,62210.630000
2023-05-17T16:34:00+00:00,62603.670000
2023-05-17T16:49:00+00:00,63424.970000
2023-05-18T07:09:00+00:00,63402.770000
2023-05-18T07:14:00+00:00,63695.420000
2023-05-18T07:14:00+00:00,63676.820000
2023-05-18T13:59:00+00:00,63673.120000
2023-05-18T15:04:00+00:00,64033.140000
2023-05-18T19:44:00+00:00,64934.670000
2023-05-19T11:09:00+00:00,64914.690000
2023-05-19T11:49:00+00:00,64246.710000
2023-05-19T13:49:00+00:00,64241.530000
2023-05-19T15:39:00+00:00,64612.810000
2023-05-19T18:59:00+00:00,64909.850000
2023-05-19T18:59:00+00:00,64901.710000
2023-05-19T20:09:00+00:00,64844.070000
2023-05-22T07:24:00+00:00,64830.750000
2023-05-22T09:59:00+00:00,65310.090000
2023-05-22T11:39:00+00:00,65618.430000
2023-05-22T11:39:00+00:00,65602.150000
2023-05-22T13:34:00+00:00,66072.510000
2023-05-22T13:34:00+00:00,66058.870000
2023-05-22T13:39:00+00:00,66052.950000
2023-05-22T13:49:00+00:00,66049.990000
2023-05-22T14:14:00+00:00,66152.070000
2023-05-22T14:14:00+00:00,65961.110000
2023-05-22T14:19:00+00:00,65957.410000
2023-05-22T20:09:00+00:00,65971.210000
2023-05-22T23:09:00+00:00,65965.290000
2023-05-23T00:19:00+00:00,66231.370000
2023-05-23T00:19:00+00:00,66212.870000
2023-05-23T01:49:00+00:00,65544.370000
2023-05-23T05:09:00+00:00,65525.870000
2023-05-23T06:59:00+00:00,64844.870000
2023-05-23T10:14:00+00:00,64832.290000
2023-05-23T11:04:00+00:00,64822.670000
2023-05-23T11:44:00+00:00,64164.090000
2023-05-23T11:44:00+00:00,63718.970000
2023-05-23T13:54:00+00:00,63714.530000
2023-05-23T16:39:00+00:00,63122.090000
2023-05-24T07:19:00+00:00,63110.250000
2023-05-24T07:44:00+00:00,62466.410000
2023-05-24T14:04:00+00:00,62462.710000
2023-05-24T19:24:00+00:00,61874.010000
2023-05-25T06:14:00+00:00,61854.030000
2023-05-25T06:29:00+00:00,62283.160000
2023-05-25T06:34:00+00:00,63060.300000
2023-05-25T14:24:00+00:00,63058.820000
2023-05-25T15:14:00+00:00,62624.340000
2023-05-25T16:39:00+00:00,62616.940000
2023-05-25T18:04:00+00:00,62014.540000
2023-05-26T07:09:00+00:00,62002.700000
2023-05-26T08:24:00+00:00,61398.860000
2023-05-26T10:24:00+00:00,61392.200000
2023-05-26T11:09:00+00:00,61761.240000
2023-05-26T12:39:00+00:00,61755.040000
2023-05-26T13:49:00+00:00,61752.820000
2023-05-26T14:39:00+00:00,61996.580000
2023-05-26T15:54:00+00:00,62810.100000
2023-05-29T00:39:00+00:00,62804.180000
2023-05-29T12:39:00+00:00,62798.260000
2023-05-29T14:24:00+00:00,63252.340000
2023-05-29T14:24:00+00:00,63210.420000
2023-05-29T14:29:00+00:00,63190.440000
2023-05-29T16:59:00+00:00,63629.320000
2023-05-29T16:59:00+00:00,64423.960000
2023-05-29T23:24:00+00:00,64409.900000
2023-05-30T05:14:00+00:00,64401.760000
2023-05-30T06:04:00+00:00,63760.700000
2023-05-30T06:04:00+00:00,63516.060000
2023-05-30T11:09:00+00:00,63506.440000
2023-05-30T11:34:00+00:00,63938.500000
2023-05-30T12:14:00+00:00,64782.070000
2023-05-30T13:54:00+00:00,64780.590000
2023-05-30T13:59:00+00:00,64779.110000
2023-05-30T20:09:00+00:00,64918.630000
2023-05-30T20:09:00+00:00,65073.150000
2023-05-31T01:24:00+00:00,65051.690000
2023-05-31T01:34:00+00:00,64377.730000
2023-05-31T11:14:00+00:00,64364.410000
2023-05-31T11:49:00+00:00,64823.500000
2023-05-31T12:09:00+00:00,65593.090000
2023-05-31T13:49:00+00:00,65590.130000
2023-05-31T14:14:00+00:00,65015.170000
2023-05-31T14:14:00+00:00,65010.730000
2023-05-31T20:09:00+00:00,65369.290000
2023-06-01T01:44:00+00:00,65363.370000
2023-06-01T06:14:00+00:00,64833.450000
2023-06-01T06:14:00+00:00,64824.570000
2023-06-01T08:24:00+00:00,64191.690000
2023-06-01T14:04:00+00:00,64188.730000
2023-06-01T14:29:00+00:00,64005.770000
2023-06-01T14:29:00+00:00,64000.590000
2023-06-01T14:44:00+00:00,63389.910000
2023-06-02T03:34:00+00:00,63381.030000
2023-06-02T07:19:00+00:00,63438.150000
2023-06-02T07:19:00+00:00,63425.570000
2023-06-02T09:09:00+00:00,62800.990000
2023-06-02T11:09:00+00:00,62791.370000
2023-06-02T12:34:00+00:00,62157.750000
2023-06-02T13:49:00+00:00,62155.530000
2023-06-02T13:54:00+00:00,62153.310000
2023-06-02T20:09:00+00:00,61876.590000
2023-06-02T20:09:00+00:00,61572.870000
2023-06-05T09:49:00+00:00,61567.690000
2023-06-05T12:59:00+00:00,61550.670000
2023-06-05T13:34:00+00:00,60992.490000
2023-06-05T13:34:00+00:00,60388.970000
2023-06-05T13:59:00+00:00,60382.310000
2023-06-05T14:04:00+00:00,59786.150000
2023-06-05T14:54:00+00:00,59783.930000
2023-06-05T18:34:00+00:00,59246.210000
2023-06-06T07:09:00+00:00,59225.490000
2023-06-06T07:29:00+00:00,59645.630000
2023-06-06T07:29:00+00:00,60352.770000
2023-06-06T13:34:00+00:00,60346.850000
2023-06-06T13:49:00+00:00,59780.930000
2023-06-06T14:24:00+00:00,59777.970000
2023-06-06T20:09:00+00:00,59907.010000
2023-06-07T01:14:00+00:00,59895.910000
2023-06-07T07:29:00+00:00,60300.230000
2023-06-07T10:29:00+00:00,60290.310000
2023-06-07T13:39:00+00:00,60271.070000
2023-06-07T13:44:00+00:00,60700.200000
2023-06-07T13:44:00+00:00,60684.080000
2023-06-07T14:19:00+00:00,60681.860000
2023-06-07T15:54:00+00:00,60963.120000
2023-06-07T17:39:00+00:00,61901.640000
2023-06-08T01:49:00+00:00,61886.840000
2023-06-08T04:04:00+00:00,62336.940000
2023-06-08T04:09:00+00:00,63092.040000
2023-06-08T06:24:00+00:00,63077.980000
2023-06-08T07:34:00+00:00,63503.320000
2023-06-08T08:14:00+00:00,64295.920000
2023-06-08T12:19:00+00:00,64292.220000
2023-06-08T12:34:00+00:00,63693.520000
2023-06-08T14:14:00+00:00,63690.560000
2023-06-08T20:09:00+00:00,64397.600000
2023-06-08T22:09:00+00:00,64387.240000
2023-06-09T07:29:00+00:00,64859.810000
2023-06-09T07:59:00+00:00,65222.130000
2023-06-09T07:59:00+00:00,65213.990000
2023-06-09T10:24:00+00:00,65208.070000
2023-06-09T11:39:00+00:00,65628.120000
2023-06-09T12:44:00+00:00,66471.180000
2023-06-09T13:34:00+00:00,66924.220000
2023-06-09T13:39:00+00:00,67681.260000
2023-06-09T13:49:00+00:00,67678.300000
2023-06-09T15:29:00+00:00,67055.340000
2023-06-12T14:09:00+00:00,67049.420000
2023-06-12T14:49:00+00:00,66439.500000
2023-06-13T07:59:00+00:00,66427.660000
2023-06-13T10:19:00+00:00,66919.740000
2023-06-13T11:39:00+00:00,66914.560000
2023-06-13T11:49:00+00:00,67738.640000
2023-06-13T12:29:00+00:00,67110.460000
2023-06-13T13:49:00+00:00,67108.240000
2023-06-13T18:59:00+00:00,66963.520000
2023-06-13T18:59:00+00:00,66959.080000
2023-06-13T20:09:00+00:00,67296.640000
2023-06-14T05:54:00+00:00,67283.320000
2023-06-14T06:39:00+00:00,67274.440000
2023-06-14T07:19:00+00:00,67747.030000
2023-06-14T07:19:00+00:00,68048.590000
2023-06-14T07:19:00+00:00,68554.150000
2023-06-14T08:04:00+00:00,69346.240000
2023-06-14T11:44:00+00:00,69336.620000
2023-06-14T12:34:00+00:00,68644.500000
2023-06-14T13:49:00+00:00,68637.840000
2023-06-14T14:44:00+00:00,69084.880000
2023-06-14T15:14:00+00:00,69082.660000
2023-06-14T15:29:00+00:00,70016.460000
2023-06-14T18:04:00+00:00,69342.240000
2023-06-15T05:34:00+00:00,69331.140000
2023-06-15T06:04:00+00:00,68622.540000
2023-06-15T11:29:00+00:00,68608.480000
2023-06-15T12:39:00+00:00,67900.920000
2023-06-15T12:44:00+00:00,67895.740000
2023-06-15T13:04:00+00:00,67239.560000
2023-06-15T13:49:00+00:00,67236.600000
2023-06-15T15:39:00+00:00,67700.120000
2023-06-15T18:44:00+00:00,68473.640000
2023-06-16T05:29:00+00:00,68463.280000
2023-06-16T08:29:00+00:00,68962.100000
2023-06-16T11:29:00+00:00,69796.920000
2023-06-16T13:24:00+00:00,69792.480000
2023-06-16T13:34:00+00:00,69119.040000
2023-06-16T13:39:00+00:00,69113.120000
2023-06-16T13:54:00+00:00,69111.640000
2023-06-16T15:24:00+00:00,69109.420000
2023-06-16T15:29:00+00:00,69595.460000
2023-06-16T16:29:00+00:00,69590.500000
2023-06-16T20:09:00+00:00,69712.020000
2023-06-16T20:09:00+00:00,69996.300000
2023-06-19T14:14:00+00:00,69984.460000
2023-06-20T00:04:00+00:00,69276.620000
2023-06-20T00:19:00+00:00,69254.420000
2023-06-20T01:59:00+00:00,69715.820000
2023-06-20T05:24:00+00:00,70492.220000
2023-06-20T11:59:00+00:00,70488.520000
2023-06-20T13:39:00+00:00,70481.860000
2023-06-20T13:49:00+00:00,70479.640000
2023-06-20T13:59:00+00:00,69815.980000
2023-06-20T14:04:00+00:00,69254.260000
2023-06-20T14:04:00+00:00,69315.560000
2023-06-20T14:04:00+00:00,69312.600000
2023-06-20T20:09:00+00:00,69283.640000
2023-06-21T05:34:00+00:00,69261.440000
2023-06-21T06:09:00+00:00,69644.090000
2023-06-21T06:14:00+00:00,70289.240000
2023-06-21T07:44:00+00:00,70281.840000
2023-06-21T11:49:00+00:00,70169.440000
2023-06-21T11:49:00+00:00,70150.940000
2023-06-21T12:04:00+00:00,69432.440000
2023-06-21T13:49:00+00:00,69428.740000
2023-06-21T14:49:00+00:00,69802.260000
2023-06-21T15:59:00+00:00,69800.780000
2023-06-21T20:09:00+00:00,70403.060000
2023-06-21T20:09:00+00:00,70291.580000
2023-06-22T10:09:00+00:00,70276.040000
2023-06-22T10:49:00+00:00,70763.640000
2023-06-22T12:04:00+00:00,70750.000000
2023-06-22T12:39:00+00:00,70744.820000
2023-06-22T13:49:00+00:00,70741.860000
2023-06-22T13:59:00+00:00,71158.140000
2023-06-22T14:14:00+00:00,72085.180000
2023-06-22T19:49:00+00:00,72595.200000
2023-06-22T20:09:00+00:00,73149.720000
2023-06-23T13:49:00+00:00,73147.500000
2023-06-23T16:19:00+00:00,72519.780000
2023-06-26T08:09:00+00:00,72515.340000
2023-06-26T13:39:00+00:00,71871.900000
2023-06-26T13:54:00+00:00,71869.680000
2023-06-26T14:54:00+00:00,71865.240000
2023-06-26T15:09:00+00:00,71267.520000
2023-06-26T15:09:00+00:00,70645.080000
2023-06-27T00:14:00+00:00,70622.880000
2023-06-27T00:59:00+00:00,71005.530000
2023-06-27T01:19:00+00:00,71650.680000
2023-06-27T01:54:00+00:00,71638.840000
2023-06-27T07:09:00+00:00,72166.920000
2023-06-27T13:39:00+00:00,73051.000000
2023-06-27T15:29:00+00:00,73048.040000
2023-06-27T15:34:00+00:00,73045.820000
2023-06-27T17:49:00+00:00,73549.840000
2023-06-27T18:19:00+00:00,73838.600000
2023-06-27T20:09:00+00:00,74272.120000
2023-06-27T20:09:00+00:00,74712.640000
2023-06-28T02:49:00+00:00,74703.020000
2023-06-28T08:39:00+00:00,73958.900000
2023-06-28T13:39:00+00:00,73946.320000
2023-06-28T13:49:00+00:00,73185.740000
2023-06-28T14:19:00+00:00,73182.780000
2023-06-28T16:34:00+00:00,73333.820000
2023-06-28T16:34:00+00:00,73327.160000
2023-06-28T16:54:00+00:00,73786.200000
2023-06-28T17:34:00+00:00,73780.000000
2023-06-29T00:19:00+00:00,73769.640000
2023-06-29T03:39:00+00:00,73059.280000
2023-06-29T05:09:00+00:00,73038.560000
2023-06-29T05:24:00+00:00,72289.840000
2023-06-29T11:44:00+00:00,72272.080000
2023-06-29T12:04:00+00:00,71534.320000
2023-06-29T14:09:00+00:00,71531.360000
2023-06-29T20:09:00+00:00,71094.400000
2023-06-30T13:49:00+00:00,71091.440000
2023-06-30T20:09:00+00:00,71072.480000
2023-07-03T00:14:00+00:00,71057.680000
2023-07-03T03:39:00+00:00,70342.880000
2023-07-03T13:49:00+00:00,70336.960000
2023-07-03T14:34:00+00:00,69691.040000
2023-07-04T00:14:00+00:00,69670.320000
2023-07-04T01:34:00+00:00,68949.600000
2023-07-04T01:39:00+00:00,68934.800000
2023-07-04T03:49:00+00:00,68240.000000
2023-07-04T13:49:00+00:00,68217.800000
2023-07-04T14:29:00+00:00,68499.200000
2023-07-04T14:44:00+00:00,68975.600000
2023-07-05T00:34:00+00:00,68955.620000
2023-07-05T06:09:00+00:00,68247.140000
2023-07-05T08:19:00+00:00,68241.960000
2023-07-05T13:44:00+00:00,67613.780000
2023-07-05T13:54:00+00:00,67611.560000
2023-07-05T20:09:00+00:00,67435.340000
2023-07-06T13:54:00+00:00,67432.380000
2023-07-06T16:34:00+00:00,66813.420000
2023-07-07T05:19:00+00:00,66796.400000
2023-07-07T05:49:00+00:00,66100.880000
2023-07-07T08:04:00+00:00,66083.120000
2023-07-07T08:49:00+00:00,66560.240000
2023-07-07T09:14:00+00:00,67361.360000
2023-07-07T12:49:00+00:00,67359.140000
2023-07-07T13:04:00+00:00,67356.180000
2023-07-07T13:49:00+00:00,67269.960000
2023-07-07T13:49:00+00:00,66925.000000
2023-07-07T13:54:00+00:00,66921.300000
2023-07-07T14:34:00+00:00,66320.100000
2023-07-09T22:29:00+00:00,66311.960000
2023-07-10T00:29:00+00:00,65687.820000
2023-07-10T13:49:00+00:00,65684.860000
2023-07-10T14:14:00+00:00,65491.900000
2023-07-10T14:14:00+00:00,65488.940000
2023-07-10T15:49:00+00:00,65071.980000
2023-07-10T15:49:00+00:00,65068.280000
2023-07-10T17:34:00+00:00,64452.080000
2023-07-11T00:09:00+00:00,64440.240000
2023-07-11T01:19:00+00:00,63804.400000
2023-07-11T05:19:00+00:00,63782.200000
2023-07-11T05:34:00+00:00,63325.000000
2023-07-11T05:39:00+00:00,63310.940000
2023-07-11T06:24:00+00:00,63736.280000
2023-07-11T07:59:00+00:00,63723.880000
2023-07-11T12:34:00+00:00,63715.000000
2023-07-11T13:19:00+00:00,63076.120000
2023-07-11T13:49:00+00:00,63070.200000
2023-07-11T14:04:00+00:00,63067.980000
2023-07-11T14:39:00+00:00,62494.060000
2023-07-11T15:59:00+00:00,61885.840000
2023-07-12T01:49:00+00:00,61863.640000
2023-07-12T03:39:00+00:00,62291.290000
2023-07-12T04:29:00+00:00,63011.440000
2023-07-12T06:24:00+00:00,62989.240000
2023-07-12T07:34:00+00:00,62352.040000
2023-07-12T12:39:00+00:00,62346.860000
2023-07-12T13:49:00+00:00,62341.680000
2023-07-12T13:59:00+00:00,62690.460000
2023-07-12T14:24:00+00:00,63467.500000
2023-07-12T15:39:00+00:00,62867.320000
2023-07-13T11:44:00+00:00,62853.260000
2023-07-13T12:34:00+00:00,63271.850000
2023-07-13T12:34:00+00:00,63259.450000
2023-07-13T12:49:00+00:00,63251.310000
2023-07-13T13:34:00+00:00,63660.110000
2023-07-13T13:54:00+00:00,64480.670000
2023-07-13T13:54:00+00:00,64477.710000
2023-07-13T19:29:00+00:00,64879.730000
2023-07-13T20:09:00+00:00,65216.250000
2023-07-14T10:54:00+00:00,65208.850000
2023-07-14T13:34:00+00:00,64581.450000
2023-07-14T13:54:00+00:00,64579.230000
2023-07-14T18:29:00+00:00,64068.510000
2023-07-17T11:29:00+00:00,64058.890000
2023-07-17T13:09:00+00:00,63438.270000
2023-07-17T13:49:00+00:00,63434.570000
2023-07-17T13:54:00+00:00,63430.870000
2023-07-17T15:29:00+00:00,62824.670000
2023-07-17T15:29:00+00:00,62268.470000
2023-07-18T01:44:00+00:00,62247.750000
2023-07-18T02:24:00+00:00,61597.030000
2023-07-18T05:59:00+00:00,61574.830000
2023-07-18T07:54:00+00:00,60967.630000
2023-07-18T13:39:00+00:00,60964.670000
2023-07-18T15:44:00+00:00,60453.710000
2023-07-18T15:44:00+00:00,60451.490000
2023-07-18T17:44:00+00:00,60687.750000
2023-07-18T19:19:00+00:00,61476.270000
2023-07-19T15:14:00+00:00,61473.310000
2023-07-19T15:19:00+00:00,61469.610000
2023-07-19T16:24:00+00:00,60948.650000
2023-07-19T16:24:00+00:00,60419.950000
2023-07-20T14:04:00+00:00,60416.990000
2023-07-20T14:09:00+00:00,60413.290000
2023-07-20T14:34:00+00:00,60831.810000
2023-07-20T14:34:00+00:00,61176.830000
2023-07-20T18:19:00+00:00,61875.350000
2023-07-20T18:19:00+00:00,62739.380000
2023-07-21T04:34:00+00:00,62723.840000
2023-07-21T05:19:00+00:00,62078.300000
2023-07-21T06:04:00+00:00,62065.720000
2023-07-21T07:24:00+00:00,62485.800000
2023-07-21T08:19:00+00:00,63277.890000
2023-07-21T13:34:00+00:00,63269.750000
2023-07-21T13:39:00+00:00,63674.800000
2023-07-21T13:39:00+00:00,63667.360000
2023-07-21T13:49:00+00:00,63664.400000
2023-07-21T18:19:00+00:00,63660.700000
2023-07-21T19:14:00+00:00,64110.720000
2023-07-21T20:09:00+00:00,64475.240000
2023-07-21T20:09:00+00:00,64986.540000
2023-07-24T07:39:00+00:00,64977.660000
2023-07-24T11:19:00+00:00,64668.780000
2023-07-24T11:19:00+00:00,64650.280000
2023-07-24T12:14:00+00:00,63981.780000
2023-07-24T13:29:00+00:00,63969.200000
2023-07-24T13:34:00+00:00,63310.620000
2023-07-24T13:49:00+00:00,63306.920000
2023-07-24T13:54:00+00:00,63302.480000
2023-07-24T14:14:00+00:00,62719.040000
2023-07-24T14:19:00+00:00,62600.340000
2023-07-24T14:19:00+00:00,62596.640000
2023-07-24T15:19:00+00:00,62594.420000
2023-07-24T20:09:00+00:00,62513.220000
2023-07-24T20:09:00+00:00,62350.500000
2023-07-25T12:24:00+00:00,62339.400000
2023-07-25T13:34:00+00:00,61705.800000
2023-07-25T13:39:00+00:00,61699.880000
2023-07-25T13:49:00+00:00,61696.180000
2023-07-25T13:59:00+00:00,62134.220000
2023-07-25T14:34:00+00:00,62129.260000
2023-07-25T18:39:00+00:00,62471.280000
2023-07-25T20:04:00+00:00,62467.560000
2023-07-26T11:44:00+00:00,62458.680000
2023-07-26T13:34:00+00:00,62917.740000
2023-07-26T13:34:00+00:00,62910.300000
2023-07-26T13:59:00+00:00,62905.860000
2023-07-26T14:54:00+00:00,62280.420000
2023-07-26T14:59:00+00:00,62278.200000
2023-07-26T18:39:00+00:00,61663.980000
2023-07-26T19:14:00+00:00,61661.760000
2023-07-26T20:09:00+00:00,61085.040000
2023-07-27T03:59:00+00:00,61074.680000
2023-07-27T06:09:00+00:00,61526.250000
2023-07-27T07:39:00+00:00,62282.320000
2023-07-27T14:24:00+00:00,62279.360000
2023-07-27T17:59:00+00:00,62730.880000
2023-07-27T18:29:00+00:00,63484.400000
2023-07-27T19:19:00+00:00,63479.220000
2023-07-27T19:34:00+00:00,62893.040000
2023-07-28T03:49:00+00:00,62883.420000
2023-07-28T04:04:00+00:00,63292.980000
2023-07-28T04:04:00+00:00,63284.300000
2023-07-28T13:19:00+00:00,63277.640000
2023-07-28T13:39:00+00:00,62676.980000
2023-07-28T13:49:00+00:00,62674.760000
2023-07-28T13:54:00+00:00,62672.540000
2023-07-28T17:59:00+00:00,62664.400000
2023-07-28T18:44:00+00:00,62996.680000
2023-07-28T18:44:00+00:00,63235.960000
2023-07-28T18:44:00+00:00,63722.820000
2023-07-28T18:49:00+00:00,63719.120000
2023-07-28T20:09:00+00:00,63852.920000
2023-07-31T07:24:00+00:00,63847.000000
2023-07-31T12:49:00+00:00,64294.040000
2023-07-31T13:59:00+00:00,64289.080000
2023-07-31T13:59:00+00:00,64286.120000
2023-07-31T14:14:00+00:00,64025.160000
2023-07-31T14:14:00+00:00,64020.720000
2023-07-31T17:04:00+00:00,63458.280000
2023-07-31T19:09:00+00:00,63447.180000
2023-07-31T19:59:00+00:00,62798.580000
2023-08-01T00:54:00+00:00,62776.380000
2023-08-01T01:59:00+00:00,63226.530000
2023-08-01T02:14:00+00:00,63207.930000
2023-08-01T04:39:00+00:00,63187.950000
2023-08-01T05:24:00+00:00,62533.470000
2023-08-01T08:44:00+00:00,62520.890000
2023-08-01T09:34:00+00:00,61887.810000
2023-08-01T14:14:00+00:00,61883.370000
2023-08-01T14:34:00+00:00,61293.930000
2023-08-02T14:09:00+00:00,61292.450000
2023-08-02T20:09:00+00:00,61606.970000
2023-08-03T00:24:00+00:00,61597.350000
2023-08-03T01:34:00+00:00,60970.230000
2023-08-03T03:39:00+00:00,60965.050000
2023-08-03T04:19:00+00:00,60959.130000
2023-08-03T05:59:00+00:00,61055.450000
2023-08-03T05:59:00+00:00,61181.530000
2023-08-03T06:04:00+00:00,61170.430000
2023-08-03T06:49:00+00:00,60559.330000
2023-08-03T10:29:00+00:00,60548.230000
2023-08-03T11:04:00+00:00,59937.130000
2023-08-03T13:49:00+00:00,59934.910000
2023-08-03T14:14:00+00:00,59827.690000
2023-08-03T14:14:00+00:00,59823.990000
2023-08-03T15:19:00+00:00,59255.290000
2023-08-03T18:24:00+00:00,59248.630000
2023-08-03T19:09:00+00:00,58688.470000
2023-08-04T08:39:00+00:00,58681.810000
2023-08-04T09:29:00+00:00,58121.650000
2023-08-04T13:49:00+00:00,58118.690000
2023-08-04T13:54:00+00:00,58117.210000
2023-08-04T14:04:00+00:00,58544.730000
2023-08-04T14:39:00+00:00,58662.250000
2023-08-04T14:39:00+00:00,58562.770000
2023-08-04T14:44:00+00:00,58561.290000
2023-08-04T18:39:00+00:00,58125.810000
2023-08-07T05:44:00+00:00,58111.750000
2023-08-07T05:54:00+00:00,57527.690000
2023-08-07T06:49:00+00:00,57512.150000
2023-08-07T07:09:00+00:00,57909.750000
2023-08-07T07:09:00+00:00,57896.110000
2023-08-07T08:59:00+00:00,57885.750000
2023-08-07T10:29:00+00:00,57322.390000
2023-08-07T12:39:00+00:00,57312.030000
2023-08-07T13:14:00+00:00,57721.600000
2023-08-07T13:34:00+00:00,57712.920000
2023-08-07T13:49:00+00:00,57710.700000
2023-08-07T13:59:00+00:00,57679.980000
2023-08-07T13:59:00+00:00,57675.540000
2023-08-07T14:14:00+00:00,57672.580000
2023-08-07T15:19:00+00:00,57140.140000
2023-08-07T15:19:00+00:00,56653.180000
2023-08-08T07:09:00+00:00,56644.300000
2023-08-08T10:34:00+00:00,56083.420000
2023-08-08T13:49:00+00:00,56081.200000
2023-08-08T20:09:00+00:00,55660.480000
2023-08-09T11:39:00+00:00,55651.600000
2023-08-09T13:14:00+00:00,55120.720000
2023-08-09T13:54:00+00:00,55118.500000
2023-08-09T20:09:00+00:00,55584.280000
2023-08-10T06:49:00+00:00,55568.740000
2023-08-10T07:04:00+00:00,55007.200000
2023-08-10T13:49:00+00:00,55005.720000
2023-08-10T15:24:00+00:00,54587.240000
2023-08-10T16:59:00+00:00,54586.500000
2023-08-10T20:09:00+00:00,54600.760000
2023-08-11T03:44:00+00:00,54597.060000
2023-08-11T06:09:00+00:00,54581.520000
2023-08-11T06:34:00+00:00,54019.980000
2023-08-11T12:34:00+00:00,54312.500000
2023-08-11T12:54:00+00:00,55045.280000
2023-08-11T14:14:00+00:00,55043.060000
2023-08-11T15:29:00+00:00,54592.340000
2023-08-14T13:54:00+00:00,54590.120000
2023-08-14T14:54:00+00:00,54831.630000
2023-08-14T20:09:00+00:00,55462.150000
2023-08-15T05:24:00+00:00,55451.790000
2023-08-15T05:39:00+00:00,54902.430000
2023-08-15T13:49:00+00:00,54899.470000
2023-08-15T19:29:00+00:00,55272.990000
2023-08-15T20:09:00+00:00,55637.510000
2023-08-16T12:29:00+00:00,55633.070000
2023-08-16T13:49:00+00:00,55148.630000
2023-08-16T13:49:00+00:00,55145.670000
2023-08-16T15:54:00+00:00,54590.710000
2023-08-16T18:29:00+00:00,54587.750000
2023-08-16T19:09:00+00:00,54062.790000
2023-08-17T08:04:00+00:00,54059.090000
2023-08-17T13:54:00+00:00,53645.390000
2023-08-17T13:54:00+00:00,53643.910000
2023-08-17T19:14:00+00:00,53919.170000
2023-08-17T20:09:00+00:00,54212.430000
2023-08-18T03:54:00+00:00,54207.250000
2023-08-18T10:44:00+00:00,54511.030000
2023-08-18T11:24:00+00:00,55188.070000
2023-08-18T13:49:00+00:00,55185.110000
2023-08-18T14:04:00+00:00,54726.150000
2023-08-21T01:09:00+00:00,54713.570000
2023-08-21T01:19:00+00:00,55091.650000
2023-08-21T01:19:00+00:00,55080.490000
2023-08-21T13:59:00+00:00,55079.010000
2023-08-21T15:14:00+00:00,54644.530000
2023-08-22T01:29:00+00:00,54634.910000
2023-08-22T03:39:00+00:00,54742.290000
2023-08-22T03:39:00+00:00,54726.750000
2023-08-22T05:39:00+00:00,55094.350000
2023-08-22T06:04:00+00:00,55080.710000
2023-08-22T12:49:00+00:00,55074.050000
2023-08-22T13:39:00+00:00,55404.090000
2023-08-22T13:44:00+00:00,56094.140000
2023-08-22T13:54:00+00:00,56091.920000
2023-08-22T14:59:00+00:00,55899.200000
2023-08-22T14:59:00+00:00,55895.500000
2023-08-22T15:44:00+00:00,55406.800000
2023-08-22T16:44:00+00:00,55402.360000
2023-08-22T17:19:00+00:00,54878.920000
2023-08-23T00:14:00+00:00,54863.380000
2023-08-23T01:09:00+00:00,55245.980000
2023-08-23T01:19:00+00:00,55952.840000
2023-08-23T03:39:00+00:00,55941.740000
2023-08-23T07:09:00+00:00,56309.310000
2023-08-23T07:29:00+00:00,57013.390000
2023-08-23T12:44:00+00:00,57006.730000
2023-08-23T13:49:00+00:00,57381.770000
2023-08-23T13:49:00+00:00,57378.070000
2023-08-23T13:54:00+00:00,58161.870000
2023-08-23T14:24:00+00:00,58493.390000
2023-08-23T15:24:00+00:00,59323.670000
2023-08-24T05:49:00+00:00,59307.390000
2023-08-24T06:09:00+00:00,59736.500000
2023-08-24T06:39:00+00:00,59722.860000
2023-08-24T07:19:00+00:00,59716.200000
2023-08-24T08:04:00+00:00,59138.040000
2023-08-24T13:49:00+00:00,59136.560000
2023-08-24T15:29:00+00:00,59551.320000
2023-08-24T18:24:00+00:00,59548.360000
2023-08-24T19:49:00+00:00,59947.380000
2023-08-24T19:59:00+00:00,60639.140000
2023-08-24T20:09:00+00:00,61144.660000
2023-08-25T01:44:00+00:00,61138.000000
2023-08-25T05:29:00+00:00,61123.200000
2023-08-25T05:54:00+00:00,60508.400000
2023-08-25T06:39:00+00:00,60889.440000
2023-08-25T07:19:00+00:00,60883.240000
2023-08-25T10:49:00+00:00,60870.660000
2023-08-25T12:14:00+00:00,60254.580000
2023-08-25T13:59:00+00:00,60250.880000
2023-08-25T14:09:00+00:00,59679.680000
2023-08-27T23:19:00+00:00,59675.240000
2023-08-28T01:39:00+00:00,59595.800000
2023-08-28T01:39:00+00:00,59582.480000
2023-08-28T03:59:00+00:00,60007.820000
2023-08-28T05:49:00+00:00,59996.660000
2023-08-28T06:54:00+00:00,59976.680000
2023-08-28T07:24:00+00:00,59349.200000
2023-08-28T07:24:00+00:00,59343.280000
2023-08-28T12:29:00+00:00,59742.320000
2023-08-28T12:59:00+00:00,60409.360000
2023-08-28T14:44:00+00:00,60407.140000
2023-08-28T20:09:00+00:00,60004.420000
2023-08-29T06:59:00+00:00,59991.100000
2023-08-29T07:29:00+00:00,59374.780000
2023-08-29T07:49:00+00:00,59364.420000
2023-08-29T07:59:00+00:00,59800.240000
2023-08-29T12:24:00+00:00,60530.060000
2023-08-29T13:49:00+00:00,60528.580000
2023-08-29T14:34:00+00:00,60834.590000
2023-08-29T19:19:00+00:00,61345.100000
2023-08-30T06:14:00+00:00,61328.080000
2023-08-30T06:59:00+00:00,60701.560000
2023-08-30T13:54:00+00:00,60699.340000
2023-08-30T13:59:00+00:00,60696.380000
2023-08-30T14:29:00+00:00,60230.660000
2023-08-30T14:29:00+00:00,59639.700000
2023-08-30T14:29:00+00:00,59637.480000
2023-08-30T15:39:00+00:00,59144.760000
2023-08-31T10:09:00+00:00,59131.440000
2023-08-31T11:29:00+00:00,59550.030000
2023-08-31T11:44:00+00:00,60252.120000
2023-08-31T13:59:00+00:00,60249.900000
2023-08-31T20:09:00+00:00,60123.180000
2023-09-01T13:44:00+00:00,60120.960000
2023-09-01T13:49:00+00:00,60119.480000
2023-09-01T14:04:00+00:00,60054.260000
2023-09-01T14:04:00+00:00,59867.780000
2023-09-01T14:09:00+00:00,59862.600000
2023-09-01T14:39:00+00:00,59318.420000
2023-09-04T10:29:00+00:00,59302.140000
2023-09-04T13:39:00+00:00,58691.860000
2023-09-04T13:54:00+00:00,58682.240000
2023-09-04T14:14:00+00:00,58100.620000
2023-09-04T14:19:00+00:00,58092.480000
2023-09-04T15:09:00+00:00,58482.530000
2023-09-05T01:19:00+00:00,59265.590000
2023-09-05T01:34:00+00:00,59254.490000
2023-09-05T05:54:00+00:00,59243.390000
2023-09-05T06:29:00+00:00,58654.790000
2023-09-05T06:29:00+00:00,58208.690000
2023-09-05T12:49:00+00:00,58196.850000
2023-09-05T13:09:00+00:00,57609.010000
2023-09-05T13:14:00+00:00,57601.610000
2023-09-05T13:34:00+00:00,57064.210000
2023-09-05T14:04:00+00:00,57061.250000
2023-09-05T14:14:00+00:00,56838.290000
2023-09-05T14:14:00+00:00,56832.370000
2023-09-05T14:49:00+00:00,57252.410000
2023-09-05T15:09:00+00:00,57954.450000
2023-09-06T08:24:00+00:00,57949.270000
2023-09-06T14:04:00+00:00,58302.550000
2023-09-06T14:04:00+00:00,58297.590000
2023-09-06T14:04:00+00:00,58295.370000
2023-09-06T14:09:00+00:00,58293.150000
2023-09-06T20:09:00+00:00,58434.930000
2023-09-06T20:09:00+00:00,58564.710000
2023-09-07T08:09:00+00:00,58555.830000
2023-09-07T08:29:00+00:00,58978.890000
2023-09-07T09:14:00+00:00,58971.450000
2023-09-07T14:44:00+00:00,58969.970000
2023-09-07T19:14:00+00:00,59011.490000
2023-09-07T19:14:00+00:00,59002.610000
2023-09-07T19:54:00+00:00,58429.730000
2023-09-08T00:04:00+00:00,58407.530000
2023-09-08T00:29:00+00:00,58745.180000
2023-09-08T00:29:00+00:00,59315.330000
2023-09-08T11:24:00+00:00,59309.410000
2023-09-08T12:34:00+00:00,58755.490000
2023-09-08T13:49:00+00:00,58753.270000
2023-09-08T18:19:00+00:00,58302.550000
2023-09-08T18:19:00+00:00,58296.630000
2023-09-08T20:09:00+00:00,57706.710000
2023-09-11T01:44:00+00:00,57688.950000
2023-09-11T02:39:00+00:00,58112.070000
2023-09-11T04:39:00+00:00,58823.190000
2023-09-11T10:34:00+00:00,58807.650000
2023-09-11T11:34:00+00:00,59212.750000
2023-09-11T12:14:00+00:00,59960.860000
2023-09-11T13:44:00+00:00,59956.420000
2023-09-11T13:59:00+00:00,59954.200000
2023-09-11T17:24:00+00:00,59397.760000
2023-09-11T17:34:00+00:00,58893.040000
2023-09-11T19:29:00+00:00,58890.820000
2023-09-11T20:09:00+00:00,58788.100000
2023-09-12T05:29:00+00:00,58765.900000
2023-09-12T06:39:00+00:00,59193.550000
2023-09-12T07:09:00+00:00,59174.950000
2023-09-12T07:14:00+00:00,59161.630000
2023-09-12T08:49:00+00:00,59593.720000
2023-09-12T10:34:00+00:00,59582.560000
2023-09-12T10:49:00+00:00,59566.280000
2023-09-12T11:54:00+00:00,59995.390000
2023-09-12T12:44:00+00:00,59981.750000
2023-09-12T13:59:00+00:00,59978.790000
2023-09-12T14:29:00+00:00,59465.830000
2023-09-13T06:54:00+00:00,59457.690000
2023-09-13T07:44:00+00:00,59603.550000
2023-09-13T07:44:00+00:00,59596.150000
2023-09-13T09:49:00+00:00,59591.710000
2023-09-13T10:19:00+00:00,60011.760000
2023-09-13T11:49:00+00:00,60005.560000
2023-09-13T12:34:00+00:00,60428.590000
2023-09-13T12:34:00+00:00,60424.870000
2023-09-13T14:09:00+00:00,60422.650000
2023-09-13T14:29:00+00:00,60186.430000
2023-09-13T14:29:00+00:00,60184.210000
2023-09-13T20:09:00+00:00,60454.990000
2023-09-14T06:54:00+00:00,60443.150000
2023-09-14T08:19:00+00:00,60887.230000
2023-09-14T08:29:00+00:00,61631.310000
2023-09-14T12:59:00+00:00,61626.870000
2023-09-14T13:54:00+00:00,61034.430000
2023-09-14T13:54:00+00:00,61032.210000
2023-09-14T14:44:00+00:00,60560.490000
2023-09-14T23:54:00+00:00,60550.870000
2023-09-15T02:04:00+00:00,59949.750000
2023-09-15T12:14:00+00:00,59930.510000
2023-09-15T12:24:00+00:00,59300.270000
2023-09-15T13:59:00+00:00,59298.790000
2023-09-15T20:09:00+00:00,59790.310000
2023-09-17T22:09:00+00:00,59785.130000
2023-09-18T05:49:00+00:00,59912.950000
2023-09-18T05:49:00+00:00,59890.750000
2023-09-18T06:19:00+00:00,59358.550000
2023-09-18T06:19:00+00:00,59340.790000
2023-09-18T06:39:00+00:00,58723.030000
2023-09-18T06:39:00+00:00,58702.310000
2023-09-18T06:59:00+00:00,58415.590000
2023-09-18T06:59:00+00:00,58397.830000
2023-09-18T07:19:00+00:00,57804.070000
2023-09-18T07:29:00+00:00,57791.490000
2023-09-18T11:09:00+00:00,57200.910000
2023-09-18T11:14:00+00:00,57195.730000
2023-09-18T13:39:00+00:00,56630.550000
2023-09-18T13:39:00+00:00,56626.850000
2023-09-18T15:34:00+00:00,56624.630000
2023-09-18T20:09:00+00:00,56775.930000
2023-09-18T20:09:00+00:00,56716.710000
2023-09-19T09:24:00+00:00,56713.010000
2023-09-19T11:44:00+00:00,56646.810000
2023-09-19T11:44:00+00:00,56632.010000
2023-09-19T12:34:00+00:00,57037.110000
2023-09-19T12:44:00+00:00,57717.210000
2023-09-19T13:59:00+00:00,57714.250000
2023-09-19T17:49:00+00:00,57153.290000
2023-09-19T19:04:00+00:00,57150.330000
2023-09-19T20:09:00+00:00,56905.370000
2023-09-20T08:09:00+00:00,56895.750000
2023-09-20T08:24:00+00:00,56320.630000
2023-09-20T08:24:00+00:00,56314.710000
2023-09-20T09:14:00+00:00,56388.790000
2023-09-20T09:14:00+00:00,56369.550000
2023-09-20T09:59:00+00:00,55778.310000
2023-09-20T11:34:00+00:00,55765.730000
2023-09-20T12:19:00+00:00,55209.150000
2023-09-20T12:49:00+00:00,55201.010000
2023-09-20T13:34:00+00:00,54653.870000
2023-09-20T14:14:00+00:00,54650.910000
2023-09-20T17:59:00+00:00,54657.950000
2023-09-20T17:59:00+00:00,54652.770000
2023-09-20T18:04:00+00:00,54129.590000
2023-09-21T09:09:00+00:00,54120.710000
2023-09-21T09:59:00+00:00,53577.830000
2023-09-21T13:49:00+00:00,53574.870000
2023-09-21T14:14:00+00:00,53645.910000
2023-09-21T14:14:00+00:00,53641.470000
2023-09-21T19:14:00+00:00,53106.030000
2023-09-21T23:59:00+00:00,53098.630000
2023-09-22T01:44:00+00:00,52591.230000
2023-09-22T04:59:00+00:00,52586.050000
2023-09-22T08:54:00+00:00,52766.370000
2023-09-22T08:54:00+00:00,52751.570000
2023-09-22T09:39:00+00:00,52216.770000
2023-09-22T11:29:00+00:00,52209.370000
2023-09-22T12:09:00+00:00,52200.490000
2023-09-22T12:19:00+00:00,52553.040000
2023-09-22T13:34:00+00:00,52546.840000
2023-09-22T13:34:00+00:00,52015.960000
2023-09-22T13:59:00+00:00,52013.000000
2023-09-22T18:14:00+00:00,51514.040000
2023-09-25T10:39:00+00:00,51511.820000
2023-09-25T12:34:00+00:00,51650.600000
2023-09-25T12:34:00+00:00,51643.200000
2023-09-25T13:09:00+00:00,51140.800000
2023-09-25T13:24:00+00:00,51134.140000
2023-09-25T13:34:00+00:00,50659.480000
2023-09-25T13:59:00+00:00,50658.000000
2023-09-25T16:44:00+00:00,50721.520000
2023-09-25T16:44:00+00:00,50716.340000
2023-09-25T17:14:00+00:00,50378.660000
2023-09-25T17:14:00+00:00,50376.440000
2023-09-25T19:24:00+00:00,50370.520000
2023-09-25T19:59:00+00:00,50724.560000
2023-09-25T20:09:00+00:00,50849.840000
2023-09-25T20:09:00+00:00,51266.880000
2023-09-26T01:49:00+00:00,51264.660000
2023-09-26T05:29:00+00:00,51244.680000
2023-09-26T05:54:00+00:00,51595.810000
2023-09-26T06:14:00+00:00,52232.950000
2023-09-26T10:09:00+00:00,52268.230000
2023-09-26T10:09:00+00:00,52263.050000
2023-09-26T11:14:00+00:00,52149.370000
2023-09-26T11:14:00+00:00,52142.710000
2023-09-26T11:24:00+00:00,51798.550000
2023-09-26T11:24:00+00:00,51791.890000
2023-09-26T11:54:00+00:00,51884.230000
2023-09-26T11:54:00+00:00,51868.690000
2023-09-26T12:04:00+00:00,51328.150000
2023-09-26T13:49:00+00:00,51324.450000
2023-09-26T14:19:00+00:00,51603.470000
2023-09-26T14:49:00+00:00,51599.750000
2023-09-27T14:04:00+00:00,51596.790000
2023-09-27T14:29:00+00:00,51421.830000
2023-09-27T14:29:00+00:00,51415.910000
2023-09-27T14:44:00+00:00,50893.990000
2023-09-27T17:09:00+00:00,50888.810000
2023-09-27T17:14:00+00:00,50421.630000
2023-09-28T08:39:00+00:00,50406.830000
2023-09-28T08:59:00+00:00,49892.030000
2023-09-28T12:54:00+00:00,49889.810000
2023-09-28T13:54:00+00:00,49736.090000
2023-09-28T13:54:00+00:00,49733.870000
2023-09-28T15:34:00+00:00,49958.880000
2023-09-28T16:19:00+00:00,50709.900000
2023-09-29T09:14:00+00:00,50706.940000
2023-09-29T10:09:00+00:00,50641.980000
2023-09-29T10:09:00+00:00,50627.180000
2023-09-29T10:14:00+00:00,50102.380000
2023-09-29T13:49:00+00:00,50097.940000
2023-09-29T14:24:00+00:00,49601.500000
2023-10-02T06:14:00+00:00,49590.400000
2023-10-02T06:54:00+00:00,49926.470000
2023-10-02T07:14:00+00:00,50570.550000
2023-10-02T11:39:00+00:00,50568.330000
2023-10-02T14:04:00+00:00,50185.110000
2023-10-02T14:04:00+00:00,50184.370000
2023-10-02T14:19:00+00:00,50112.630000
2023-10-02T14:19:00+00:00,50109.670000
2023-10-02T15:19:00+00:00,49628.710000
2023-10-02T15:49:00+00:00,49626.490000
2023-10-02T18:34:00+00:00,49624.270000
2023-10-02T19:54:00+00:00,49206.550000
2023-10-02T20:09:00+00:00,48941.830000
2023-10-02T23:39:00+00:00,48923.330000
2023-10-03T00:04:00+00:00,48417.330000
2023-10-03T00:09:00+00:00,48409.190000
2023-10-03T00:39:00+00:00,47939.050000
2023-10-03T04:44:00+00:00,47927.210000
2023-10-03T04:59:00+00:00,47443.370000
2023-10-03T07:54:00+00:00,47435.970000
2023-10-03T08:04:00+00:00,46963.570000
2023-10-03T10:49:00+00:00,46960.610000
2023-10-03T11:49:00+00:00,47262.130000
2023-10-03T12:59:00+00:00,47765.650000
2023-10-03T13:49:00+00:00,47762.690000
2023-10-03T14:04:00+00:00,47297.730000
2023-10-04T03:04:00+00:00,47290.330000
2023-10-04T03:34:00+00:00,46807.930000
2023-10-04T11:14:00+00:00,46804.230000
2023-10-04T12:44:00+00:00,47062.250000
2023-10-04T14:29:00+00:00,47091.530000
2023-10-04T14:29:00+00:00,47090.050000
2023-10-04T14:44:00+00:00,46703.570000
2023-10-04T14:54:00+00:00,46699.870000
2023-10-04T15:14:00+00:00,46243.670000
2023-10-05T00:09:00+00:00,46235.530000
2023-10-05T00:39:00+00:00,45781.890000
2023-10-05T05:09:00+00:00,45773.750000
2023-10-05T06:49:00+00:00,46073.800000
2023-10-05T09:04:00+00:00,46676.860000
2023-10-05T10:54:00+00:00,46668.720000
2023-10-05T11:04:00+00:00,46209.580000
2023-10-05T12:19:00+00:00,46204.400000
2023-10-05T12:39:00+00:00,46487.930000
2023-10-05T13:39:00+00:00,46482.970000
2023-10-05T13:49:00+00:00,46481.490000
2023-10-05T14:39:00+00:00,46719.250000
2023-10-05T17:44:00+00:00,46718.010000
2023-10-06T00:39:00+00:00,46704.690000
2023-10-06T00:49:00+00:00,46223.370000
2023-10-06T13:14:00+00:00,46219.670000
2023-10-06T13:34:00+00:00,46486.690000
2023-10-06T13:39:00+00:00,46482.970000
2023-10-06T14:24:00+00:00,46482.230000
2023-10-06T18:39:00+00:00,47088.990000
2023-10-09T00:24:00+00:00,47083.070000
2023-10-09T01:14:00+00:00,46637.150000
2023-10-09T07:34:00+00:00,46630.490000
2023-10-09T08:24:00+00:00,46182.830000
2023-10-09T13:09:00+00:00,46178.390000
2023-10-09T13:34:00+00:00,45765.950000
2023-10-09T13:39:00+00:00,45761.510000
2023-10-09T13:44:00+00:00,45310.070000
2023-10-09T13:49:00+00:00,45308.590000
2023-10-09T20:09:00+00:00,45872.110000
2023-10-10T11:44:00+00:00,45866.190000
2023-10-10T11:59:00+00:00,45448.270000
2023-10-10T13:29:00+00:00,45444.570000
2023-10-10T13:59:00+00:00,45035.870000
2023-10-10T13:59:00+00:00,45033.650000
2023-10-10T15:09:00+00:00,45214.410000
2023-10-10T20:09:00+00:00,45375.930000
2023-10-11T00:24:00+00:00,45365.570000
2023-10-11T07:19:00+00:00,44921.210000
2023-10-11T14:04:00+00:00,44919.730000
2023-10-11T20:04:00+00:00,44610.250000
2023-10-12T14:09:00+00:00,44608.030000
2023-10-12T17:09:00+00:00,44266.810000
2023-10-12T23:44:00+00:00,44249.050000
2023-10-12T23:54:00+00:00,43787.290000
2023-10-13T07:24:00+00:00,43776.190000
2023-10-13T07:44:00+00:00,43330.090000
2023-10-13T12:29:00+00:00,43327.130000
2023-10-13T13:34:00+00:00,43628.650000
2023-10-13T14:14:00+00:00,43667.170000
2023-10-13T14:14:00+00:00,43665.690000
2023-10-13T15:09:00+00:00,43898.950000
2023-10-13T17:29:00+00:00,44288.210000
2023-10-13T17:49:00+00:00,44285.250000
2023-10-13T20:09:00+00:00,44226.290000
2023-10-16T06:04:00+00:00,44218.150000
2023-10-16T06:59:00+00:00,44375.010000
2023-10-16T06:59:00+00:00,44362.430000
2023-10-16T07:14:00+00:00,44656.510000
2023-10-16T07:24:00+00:00,45212.350000
2023-10-16T14:19:00+00:00,45210.870000
2023-10-16T17:09:00+00:00,45207.170000
2023-10-16T17:24:00+00:00,44780.970000
2023-10-16T17:24:00+00:00,44666.490000
2023-10-16T17:24:00+00:00,44658.350000
2023-10-16T17:29:00+00:00,44204.710000
2023-10-17T01:49:00+00:00,44194.350000
2023-10-17T03:49:00+00:00,43763.990000
2023-10-17T06:24:00+00:00,43751.410000
2023-10-17T07:04:00+00:00,43296.830000
2023-10-17T13:49:00+00:00,43294.610000
2023-10-17T14:09:00+00:00,42941.390000
2023-10-18T07:39:00+00:00,42933.250000
2023-10-18T09:34:00+00:00,42523.610000
2023-10-18T09:39:00+00:00,42519.910000
2023-10-18T14:19:00+00:00,42111.210000
2023-10-18T14:19:00+00:00,42109.730000
2023-10-18T14:34:00+00:00,41831.250000
2023-10-18T14:34:00+00:00,41829.030000
2023-10-18T19:04:00+00:00,42012.790000
2023-10-18T20:09:00+00:00,42285.310000
2023-10-19T05:09:00+00:00,42274.950000
2023-10-19T05:54:00+00:00,42584.770000
2023-10-19T06:19:00+00:00,42576.090000
2023-10-19T06:24:00+00:00,42567.950000
2023-10-19T07:44:00+00:00,42147.310000
2023-10-19T13:44:00+00:00,42144.350000
2023-10-19T14:14:00+00:00,41789.390000
2023-10-19T14:29:00+00:00,41788.650000
2023-10-19T14:34:00+00:00,41787.910000
2023-10-19T16:04:00+00:00,41575.670000
2023-10-19T16:04:00+00:00,41363.430000
2023-10-19T16:34:00+00:00,41361.950000
2023-10-19T16:54:00+00:00,41058.470000
2023-10-19T16:54:00+00:00,41057.730000
2023-10-19T18:34:00+00:00,40850.490000
2023-10-20T00:54:00+00:00,40841.610000
2023-10-20T04:54:00+00:00,40828.290000
2023-10-20T05:39:00+00:00,41064.630000
2023-10-20T05:44:00+00:00,41462.970000
2023-10-20T06:19:00+00:00,41760.030000
2023-10-20T06:24:00+00:00,42258.090000
2023-10-20T11:59:00+00:00,42254.390000
2023-10-20T12:19:00+00:00,41873.190000
2023-10-20T14:14:00+00:00,41871.710000
2023-10-20T20:09:00+00:00,42383.230000
2023-10-23T00:24:00+00:00,42372.130000
2023-10-23T01:04:00+00:00,41948.530000
2023-10-23T13:44:00+00:00,41947.050000
2023-10-23T13:49:00+00:00,41636.570000
2023-10-23T13:54:00+00:00,41634.350000
2023-10-23T13:59:00+00:00,41633.610000
2023-10-23T15:09:00+00:00,41821.120000
2023-10-23T16:09:00+00:00,42447.140000
2023-10-23T20:09:00+00:00,42656.400000
2023-10-24T00:59:00+00:00,42647.520000
2023-10-24T01:39:00+00:00,42224.640000
2023-10-24T08:49:00+00:00,42220.200000
2023-10-24T12:29:00+00:00,42214.280000
2023-10-24T13:14:00+00:00,41808.360000
2023-10-24T13:44:00+00:00,42078.390000
2023-10-24T13:49:00+00:00,42074.670000
2023-10-24T13:54:00+00:00,42072.450000
2023-10-24T14:29:00+00:00,41735.730000
2023-10-24T14:29:00+00:00,41734.250000
2023-10-24T16:24:00+00:00,41392.770000
2023-10-25T12:44:00+00:00,41386.850000
2023-10-25T13:34:00+00:00,41680.890000
2023-10-25T13:34:00+00:00,42172.930000
2023-10-25T13:49:00+00:00,42172.190000
2023-10-25T20:09:00+00:00,42420.950000
2023-10-26T09:29:00+00:00,42419.470000
2023-10-26T13:49:00+00:00,42471.990000
2023-10-26T13:49:00+00:00,42470.510000
2023-10-26T14:54:00+00:00,42436.030000
2023-10-26T14:54:00+00:00,42434.550000
2023-10-26T15:09:00+00:00,42180.070000
2023-10-26T15:09:00+00:00,42179.330000
2023-10-26T20:09:00+00:00,42309.090000
2023-10-27T00:09:00+00:00,42302.430000
2023-10-27T02:19:00+00:00,41877.270000
2023-10-27T13:49:00+00:00,41875.050000
2023-10-27T14:09:00+00:00,41554.830000
2023-10-30T09:09:00+00:00,41547.430000
2023-10-30T12:29:00+00:00,41120.030000
2023-10-30T13:04:00+00:00,41107.450000
2023-10-30T13:14:00+00:00,40678.370000
2023-10-30T13:49:00+00:00,40677.630000
2023-10-30T14:29:00+00:00,40420.890000
2023-10-30T23:14:00+00:00,40406.090000
2023-10-30T23:59:00+00:00,39991.290000
2023-10-31T09:14:00+00:00,39983.890000
2023-10-31T09:39:00+00:00,39836.490000
2023-10-31T09:39:00+00:00,39834.270000
2023-10-31T12:39:00+00:00,39851.550000
2023-10-31T12:39:00+00:00,39841.930000
2023-10-31T12:49:00+00:00,39435.810000
2023-10-31T13:34:00+00:00,39426.930000
2023-10-31T13:39:00+00:00,39022.050000
2023-10-31T16:19:00+00:00,39019.830000
2023-10-31T16:44:00+00:00,38711.610000
2023-10-31T16:49:00+00:00,38710.870000
2023-10-31T20:09:00+00:00,38781.130000
2023-11-01T02:19:00+00:00,38771.510000
2023-11-01T03:24:00+00:00,39032.570000
2023-11-01T06:59:00+00:00,39543.640000
2023-11-01T13:49:00+00:00,39541.420000
2023-11-01T18:34:00+00:00,39720.680000
2023-11-01T18:44:00+00:00,39718.200000
2023-11-02T03:54:00+00:00,39699.700000
2023-11-02T05:54:00+00:00,39281.200000
2023-11-02T14:09:00+00:00,39278.980000
2023-11-02T14:54:00+00:00,38916.760000
2023-11-03T11:24:00+00:00,38902.700000
2023-11-03T11:39:00+00:00,39159.290000
2023-11-03T11:49:00+00:00,39639.390000
2023-11-03T13:49:00+00:00,39637.910000
2023-11-03T17:29:00+00:00,39846.430000
2023-11-03T17:29:00+00:00,39842.730000
2023-11-03T17:59:00+00:00,39486.530000
2023-11-06T15:14:00+00:00,39485.050000
2023-11-06T18:44:00+00:00,39534.570000
2023-11-06T18:44:00+00:00,39530.870000
2023-11-06T20:59:00+00:00,39740.890000
2023-11-06T21:09:00+00:00,40046.170000
2023-11-07T01:59:00+00:00,40031.370000
2023-11-07T05:29:00+00:00,40323.970000
2023-11-07T05:39:00+00:00,40421.570000
2023-11-07T05:39:00+00:00,40405.290000
2023-11-07T06:14:00+00:00,39982.010000
2023-11-07T06:19:00+00:00,39972.390000
2023-11-07T08:34:00+00:00,39579.270000
2023-11-07T14:39:00+00:00,39576.310000
2023-11-07T14:54:00+00:00,39251.350000
2023-11-07T14:59:00+00:00,39249.870000
2023-11-07T15:14:00+00:00,39235.390000
2023-11-07T15:14:00+00:00,39232.430000
2023-11-07T15:29:00+00:00,38905.470000
2023-11-07T16:54:00+00:00,38898.070000
2023-11-07T17:19:00+00:00,39171.870000
2023-11-07T17:49:00+00:00,39165.670000
2023-11-08T10:29:00+00:00,39156.790000
2023-11-08T10:54:00+00:00,38769.910000
2023-11-08T12:29:00+00:00,38763.990000
2023-11-08T14:34:00+00:00,39022.030000
2023-11-08T15:04:00+00:00,39017.070000
2023-11-08T15:04:00+00:00,39014.850000
2023-11-08T21:09:00+00:00,38895.630000
2023-11-09T05:59:00+00:00,38881.570000
2023-11-09T06:39:00+00:00,38487.510000
2023-11-09T08:39:00+00:00,38480.110000
2023-11-09T08:59:00+00:00,38107.710000
2023-11-09T08:59:00+00:00,38101.790000
2023-11-09T10:44:00+00:00,37735.870000
2023-11-09T12:09:00+00:00,37724.770000
2023-11-09T13:49:00+00:00,37982.090000
2023-11-09T14:34:00+00:00,38476.170000
2023-11-09T14:59:00+00:00,38473.950000
2023-11-09T15:09:00+00:00,38125.230000
2023-11-09T17:19:00+00:00,38122.270000
2023-11-09T18:04:00+00:00,38363.790000
2023-11-09T18:04:00+00:00,38361.310000
2023-11-10T14:54:00+00:00,38359.830000
2023-11-10T17:34:00+00:00,38596.840000
2023-11-10T20:19:00+00:00,38992.350000
2023-11-13T14:54:00+00:00,38990.130000
2023-11-13T15:49:00+00:00,38609.910000
2023-11-14T08:19:00+00:00,38600.290000
2023-11-14T08:54:00+00:00,38200.670000
2023-11-14T10:39:00+00:00,38192.530000
2023-11-14T13:34:00+00:00,38440.080000
2023-11-14T13:34:00+00:00,38432.640000
2023-11-14T13:39:00+00:00,38430.420000
2023-11-14T14:59:00+00:00,38428.940000
2023-11-14T15:04:00+00:00,38590.950000
2023-11-14T20:29:00+00:00,39078.470000
2023-11-14T20:29:00+00:00,39264.990000
2023-11-14T20:34:00+00:00,39256.850000
2023-11-14T20:54:00+00:00,39508.150000
2023-11-14T20:59:00+00:00,40013.710000
2023-11-15T08:09:00+00:00,40005.570000
2023-11-15T08:49:00+00:00,40253.120000
2023-11-15T09:44:00+00:00,40245.680000
2023-11-15T12:29:00+00:00,40236.800000
2023-11-15T13:04:00+00:00,39825.920000
2023-11-15T14:54:00+00:00,39823.700000
2023-11-15T15:54:00+00:00,39489.980000
2023-11-16T02:24:00+00:00,39478.140000
2023-11-16T02:39:00+00:00,39066.300000
2023-11-16T13:39:00+00:00,39061.860000
2023-11-16T14:34:00+00:00,38673.420000
2023-11-16T14:49:00+00:00,38670.460000
2023-11-16T15:24:00+00:00,38781.500000
2023-11-16T15:24:00+00:00,38779.280000
2023-11-16T16:39:00+00:00,38940.540000
2023-11-16T17:39:00+00:00,38938.060000
2023-11-16T19:59:00+00:00,38933.620000
2023-11-16T21:09:00+00:00,38815.180000
2023-11-17T00:29:00+00:00,38808.520000
2023-11-17T06:54:00+00:00,38792.860000
2023-11-17T06:54:00+00:00,38781.020000
2023-11-17T08:34:00+00:00,39057.100000
2023-11-17T09:14:00+00:00,39521.180000
2023-11-17T16:59:00+00:00,39518.220000
2023-11-17T19:09:00+00:00,39516.000000
2023-11-17T20:44:00+00:00,39120.780000
2023-11-17T21:09:00+00:00,39195.820000
2023-11-20T13:49:00+00:00,39189.900000
2023-11-20T14:34:00+00:00,39474.940000
2023-11-20T14:34:00+00:00,39469.980000
2023-11-20T14:59:00+00:00,39469.240000
2023-11-20T21:09:00+00:00,39636.000000
2023-11-21T15:24:00+00:00,39634.520000
2023-11-21T21:09:00+00:00,39500.040000
2023-11-22T08:09:00+00:00,39494.860000
2023-11-22T10:34:00+00:00,39719.890000
2023-11-22T11:24:00+00:00,40221.930000
2023-11-22T14:54:00+00:00,40221.190000
2023-11-22T21:09:00+00:00,40250.450000
2023-11-23T15:04:00+00:00,40240.830000
2023-11-23T15:54:00+00:00,39828.210000
2023-11-24T09:14:00+00:00,39824.510000
2023-11-24T11:14:00+00:00,39480.810000
2023-11-24T15:24:00+00:00,39478.590000
2023-11-27T10:19:00+00:00,39482.370000
2023-11-27T10:19:00+00:00,39475.710000
2023-11-27T14:14:00+00:00,39082.050000
2023-11-27T15:09:00+00:00,39080.570000
2023-11-27T20:54:00+00:00,38957.090000
2023-11-28T00:39:00+00:00,38945.250000
2023-11-28T07:14:00+00:00,38541.410000
2023-11-28T13:29:00+00:00,38534.750000
2023-11-28T14:34:00+00:00,38771.790000
2023-11-28T14:34:00+00:00,38765.590000
2023-11-28T14:49:00+00:00,38761.890000
2023-11-28T14:54:00+00:00,38758.930000
2023-11-28T15:39:00+00:00,38375.970000
2023-11-28T15:44:00+00:00,38034.770000
2023-11-29T08:14:00+00:00,38027.370000
2023-11-29T09:24:00+00:00,38297.420000
2023-11-29T09:54:00+00:00,38749.970000
2023-11-29T13:44:00+00:00,38744.790000
2023-11-29T14:34:00+00:00,38396.610000
2023-11-29T15:09:00+00:00,38395.130000
2023-11-29T16:14:00+00:00,38394.390000
2023-11-29T21:09:00+00:00,38716.910000
2023-11-29T21:09:00+00:00,38765.670000
2023-11-30T09:14:00+00:00,38760.490000
2023-11-30T12:09:00+00:00,38753.830000
2023-11-30T13:34:00+00:00,38969.860000
2023-11-30T13:34:00+00:00,39203.900000
2023-11-30T13:34:00+00:00,39197.700000
2023-11-30T13:54:00+00:00,39192.740000
2023-11-30T15:04:00+00:00,39192.000000
2023-11-30T15:19:00+00:00,39073.760000
2023-11-30T15:19:00+00:00,39071.540000
2023-11-30T15:39:00+00:00,38743.820000
2023-11-30T20:14:00+00:00,38739.380000
2023-11-30T20:44:00+00:00,38344.940000
2023-12-01T08:09:00+00:00,38331.620000
2023-12-01T08:39:00+00:00,38601.710000
2023-12-01T09:14:00+00:00,39056.300000
2023-12-01T14:49:00+00:00,39053.340000
2023-12-01T15:04:00+00:00,39051.120000
2023-12-01T15:29:00+00:00,38660.160000
2023-12-01T15:29:00+00:00,38281.440000
2023-12-04T09:14:00+00:00,38277.740000
2023-12-04T13:34:00+00:00,38272.560000
2023-12-04T13:39:00+00:00,38467.580000
2023-12-04T14:04:00+00:00,38694.860000
2023-12-04T14:09:00+00:00,39183.890000
2023-12-04T14:14:00+00:00,39690.930000
2023-12-04T15:14:00+00:00,39687.970000
2023-12-04T15:24:00+00:00,39957.990000
2023-12-04T17:09:00+00:00,39955.510000
2023-12-04T19:19:00+00:00,39952.550000
2023-12-04T21:09:00+00:00,40181.590000
2023-12-05T04:04:00+00:00,40163.830000
2023-12-05T04:49:00+00:00,39738.070000
2023-12-05T13:44:00+00:00,39728.450000
2023-12-05T14:14:00+00:00,39980.510000
2023-12-05T14:24:00+00:00,40474.080000
2023-12-05T14:54:00+00:00,40472.600000
2023-12-05T15:49:00+00:00,40678.860000
2023-12-05T16:54:00+00:00,40677.620000
2023-12-05T16:59:00+00:00,40676.880000
2023-12-05T19:39:00+00:00,40672.440000
2023-12-05T19:59:00+00:00,40281.000000
2023-12-05T21:09:00+00:00,40191.260000
2023-12-06T05:09:00+00:00,40182.380000
2023-12-06T07:19:00+00:00,40465.940000
2023-12-06T08:04:00+00:00,40458.500000
2023-12-06T14:39:00+00:00,40452.580000
2023-12-06T14:54:00+00:00,40066.660000
2023-12-06T15:04:00+00:00,40065.920000
2023-12-06T15:29:00+00:00,40065.180000
2023-12-06T21:09:00+00:00,40269.940000
2023-12-06T21:09:00+00:00,40426.700000
2023-12-07T15:24:00+00:00,40425.220000
2023-12-07T16:19:00+00:00,40217.740000
2023-12-07T16:19:00+00:00,40214.040000
2023-12-07T16:34:00+00:00,39862.840000
2023-12-07T19:39:00+00:00,39857.660000
2023-12-07T21:09:00+00:00,40041.480000
2023-12-08T01:44:00+00:00,40028.900000
2023-12-08T07:19:00+00:00,39625.320000
2023-12-08T13:29:00+00:00,39620.140000
2023-12-08T13:34:00+00:00,39257.960000
2023-12-08T15:04:00+00:00,39256.480000
2023-12-08T21:09:00+00:00,39422.000000
2023-12-11T05:39:00+00:00,39408.680000
2023-12-11T06:09:00+00:00,39685.520000
2023-12-11T07:04:00+00:00,39674.360000
2023-12-11T13:24:00+00:00,39669.180000
2023-12-11T14:29:00+00:00,39580.000000
2023-12-11T14:29:00+00:00,39572.600000
2023-12-11T14:34:00+00:00,39180.200000
2023-12-11T14:54:00+00:00,39178.720000
2023-12-11T19:24:00+00:00,39487.240000
2023-12-11T19:24:00+00:00,39480.580000
2023-12-11T21:09:00+00:00,39338.920000
2023-12-12T08:04:00+00:00,39318.940000
2023-12-12T08:29:00+00:00,38893.960000
2023-12-12T14:59:00+00:00,38892.480000
2023-12-12T20:59:00+00:00,39102.490000
2023-12-12T21:09:00+00:00,39351.750000
2023-12-13T09:09:00+00:00,39344.350000
2023-12-13T13:34:00+00:00,38956.950000
2023-12-13T16:24:00+00:00,38954.730000
2023-12-13T19:04:00+00:00,38633.010000
2023-12-14T06:54:00+00:00,38620.430000
2023-12-14T07:34:00+00:00,38872.510000
2023-12-14T08:14:00+00:00,38861.350000
2023-12-14T08:24:00+00:00,38857.650000
2023-12-14T15:19:00+00:00,39078.170000
2023-12-14T15:19:00+00:00,39075.950000
2023-12-14T16:14:00+00:00,39628.730000
2023-12-14T18:04:00+00:00,39802.740000
2023-12-14T18:09:00+00:00,39801.260000
2023-12-14T18:54:00+00:00,40382.280000
2023-12-14T21:09:00+00:00,40242.800000
2023-12-15T13:44:00+00:00,40239.100000
2023-12-15T14:19:00+00:00,39842.900000
2023-12-15T15:19:00+00:00,39841.420000
2023-12-15T18:44:00+00:00,39567.940000
2023-12-18T08:44:00+00:00,39560.540000
2023-12-18T14:34:00+00:00,39834.340000
2023-12-18T14:34:00+00:00,39828.140000
2023-12-18T14:59:00+00:00,39825.180000
2023-12-18T18:29:00+00:00,40099.700000
2023-12-18T21:09:00+00:00,40238.220000
2023-12-19T07:14:00+00:00,40229.340000
2023-12-19T08:24:00+00:00,39836.460000
2023-12-19T11:34:00+00:00,39829.060000
2023-12-19T12:19:00+00:00,40114.110000
2023-12-19T12:44:00+00:00,40107.910000
2023-12-19T15:34:00+00:00,40105.690000
2023-12-19T21:09:00+00:00,40211.470000
2023-12-20T14:44:00+00:00,40207.770000
2023-12-20T15:04:00+00:00,40205.550000
2023-12-20T15:34:00+00:00,40426.070000
2023-12-20T19:29:00+00:00,40422.350000
2023-12-20T19:39:00+00:00,40088.630000
2023-12-21T00:39:00+00:00,40085.670000
2023-12-21T08:19:00+00:00,40358.690000
2023-12-21T08:44:00+00:00,40354.990000
2023-12-21T13:39:00+00:00,40811.010000
2023-12-21T13:39:00+00:00,41052.530000
2023-12-21T13:39:00+00:00,41045.870000
2023-12-21T13:44:00+00:00,41294.910000
2023-12-21T13:44:00+00:00,41288.710000
2023-12-21T14:59:00+00:00,41371.990000
2023-12-21T14:59:00+00:00,41369.770000
2023-12-21T18:09:00+00:00,41601.550000
2023-12-21T18:09:00+00:00,41594.890000
2023-12-21T18:19:00+00:00,41205.730000
2023-12-21T18:24:00+00:00,41204.250000
2023-12-21T20:39:00+00:00,40858.770000
2023-12-22T03:54:00+00:00,40848.410000
2023-12-22T06:04:00+00:00,40425.050000
2023-12-22T16:04:00+00:00,40422.090000
2023-12-22T19:24:00+00:00,40719.110000
2023-12-22T19:59:00+00:00,40716.630000
2023-12-26T09:39:00+00:00,40704.790000
2023-12-26T10:44:00+00:00,40694.430000
2023-12-26T11:19:00+00:00,40362.070000
2023-12-26T11:24:00+00:00,39950.230000
2023-12-26T15:39:00+00:00,39948.010000
2023-12-26T18:04:00+00:00,39893.290000
2023-12-26T18:04:00+00:00,39885.150000
2023-12-26T19:34:00+00:00,39492.010000
2023-12-27T08:29:00+00:00,39481.650000
2023-12-27T10:14:00+00:00,39072.290000
2023-12-27T15:14:00+00:00,39070.070000
2023-12-27T15:19:00+00:00,39067.110000
2023-12-27T18:14:00+00:00,38703.390000
2023-12-27T18:14:00+00:00,38364.430000
2023-12-28T15:09:00+00:00,38362.210000
2023-12-28T17:54:00+00:00,38357.030000
2023-12-28T20:14:00+00:00,38577.560000
2023-12-28T21:09:00+00:00,38674.340000
2023-12-28T21:09:00+00:00,38949.380000
2023-12-29T08:09:00+00:00,38941.980000
2023-12-29T12:09:00+00:00,38789.580000
2023-12-29T12:09:00+00:00,38777.740000
2023-12-29T12:34:00+00:00,39059.820000
2023-12-29T13:19:00+00:00,39533.900000
2023-12-29T14:54:00+00:00,39528.720000
2023-12-29T15:34:00+00:00,39131.540000
2023-12-29T20:09:00+00:00,39122.660000
2023-12-29T20:24:00+00:00,39410.720000
2023-12-29T20:54:00+00:00,39893.780000
2024-01-02T07:19:00+00:00,39884.900000
2024-01-02T09:14:00+00:00,39498.020000
2024-01-02T14:49:00+00:00,39497.280000
2024-01-02T21:09:00+00:00,39505.540000
2024-01-03T08:34:00+00:00,39496.660000
2024-01-03T08:54:00+00:00,39771.220000
2024-01-03T09:09:00+00:00,40231.780000
2024-01-03T13:24:00+00:00,40227.340000
2024-01-03T14:14:00+00:00,39844.900000
2024-01-03T14:24:00+00:00,39838.980000
2024-01-03T14:44:00+00:00,40103.020000
2024-01-03T14:59:00+00:00,40098.060000
2024-01-03T15:14:00+00:00,40096.580000
2024-01-03T21:09:00+00:00,40237.100000
2024-01-04T02:34:00+00:00,40230.440000
2024-01-04T07:29:00+00:00,40476.480000
2024-01-04T08:59:00+00:00,40470.280000
2024-01-04T12:19:00+00:00,40465.100000
2024-01-04T13:19:00+00:00,40081.920000
2024-01-04T15:09:00+00:00,40080.440000
2024-01-04T20:59:00+00:00,39796.960000
2024-01-05T01:29:00+00:00,39782.160000
2024-01-05T04:54:00+00:00,40059.760000
2024-01-05T05:24:00+00:00,40527.360000
2024-01-05T08:19:00+00:00,40520.700000
2024-01-05T09:04:00+00:00,40118.040000
2024-01-05T15:04:00+00:00,40117.300000
2024-01-05T18:19:00+00:00,39910.560000
2024-01-08T01:34:00+00:00,39895.760000
2024-01-08T01:54:00+00:00,40180.860000
2024-01-08T01:59:00+00:00,40660.960000
2024-01-08T13:04:00+00:00,40658.740000
2024-01-08T14:44:00+00:00,40839.500000
2024-01-08T14:49:00+00:00,40838.020000
2024-01-08T14:59:00+00:00,41441.540000
2024-01-08T17:34:00+00:00,41671.050000
2024-01-08T19:49:00+00:00,42054.060000
2024-01-09T15:09:00+00:00,42051.840000
2024-01-09T16:54:00+00:00,42231.100000
2024-01-09T18:54:00+00:00,42228.880000
2024-01-09T20:49:00+00:00,41880.160000
2024-01-09T21:09:00+00:00,42314.680000
2024-01-10T12:09:00+00:00,42308.760000
2024-01-10T13:04:00+00:00,41910.840000
2024-01-10T14:54:00+00:00,41907.880000
2024-01-10T15:19:00+00:00,41714.920000
2024-01-10T15:19:00+00:00,41711.960000
2024-01-10T18:04:00+00:00,41984.980000
2024-01-10T19:14:00+00:00,42441.000000
2024-01-10T20:29:00+00:00,42438.040000
2024-01-10T21:09:00+00:00,42369.080000
2024-01-11T09:14:00+00:00,42360.940000
2024-01-11T09:44:00+00:00,42623.490000
2024-01-11T11:14:00+00:00,42616.050000
2024-01-11T14:39:00+00:00,42615.310000
2024-01-11T14:49:00+00:00,42485.070000
2024-01-11T14:49:00+00:00,42483.590000
2024-01-11T16:14:00+00:00,42766.350000
2024-01-11T19:04:00+00:00,42765.110000
2024-01-12T04:44:00+00:00,42747.350000
2024-01-12T06:59:00+00:00,43053.470000
2024-01-12T07:04:00+00:00,43038.590000
2024-01-12T07:09:00+00:00,43026.750000
2024-01-12T07:24:00+00:00,42582.910000
2024-01-12T08:14:00+00:00,42575.510000
2024-01-12T09:59:00+00:00,42143.110000
2024-01-12T15:04:00+00:00,42141.630000
2024-01-12T21:09:00+00:00,42121.150000
2024-01-15T08:14:00+00:00,42116.710000
2024-01-15T08:49:00+00:00,41734.270000
2024-01-15T11:44:00+00:00,41725.390000
2024-01-15T14:04:00+00:00,41320.510000
2024-01-15T14:49:00+00:00,41313.850000
2024-01-15T15:39:00+00:00,40920.190000
2024-01-16T08:09:00+00:00,40913.530000
2024-01-16T09:04:00+00:00,40515.370000
2024-01-16T13:39:00+00:00,40512.410000
2024-01-16T14:34:00+00:00,40509.450000
2024-01-16T14:44:00+00:00,40152.490000
2024-01-16T14:44:00+00:00,39777.530000
2024-01-16T15:04:00+00:00,39774.570000
2024-01-16T15:19:00+00:00,39773.090000
2024-01-16T15:24:00+00:00,40053.610000
2024-01-16T15:44:00+00:00,40522.130000
2024-01-16T19:19:00+00:00,40139.650000
2024-01-16T23:59:00+00:00,40137.430000
2024-01-17T01:24:00+00:00,40124.850000
2024-01-17T01:44:00+00:00,39712.770000
2024-01-17T02:59:00+00:00,39401.550000
2024-01-17T14:49:00+00:00,39400.810000
2024-01-17T18:14:00+00:00,39397.110000
2024-01-17T19:44:00+00:00,39008.410000
2024-01-17T19:49:00+00:00,38780.170000
2024-01-17T20:09:00+00:00,38774.990000
2024-01-17T20:49:00+00:00,38384.810000
2024-01-17T23:24:00+00:00,38382.590000
2024-01-18T07:54:00+00:00,38379.630000
2024-01-18T09:44:00+00:00,38537.140000
2024-01-18T10:59:00+00:00,38777.160000
2024-01-18T11:44:00+00:00,39303.180000
2024-01-18T11:44:00+00:00,39704.200000
2024-01-18T15:04:00+00:00,39701.980000
2024-01-18T15:39:00+00:00,39323.260000
2024-01-19T12:59:00+00:00,39317.340000
2024-01-19T14:04:00+00:00,38915.420000
2024-01-19T14:54:00+00:00,38912.460000
2024-01-19T17:24:00+00:00,39173.480000
2024-01-19T17:54:00+00:00,39609.500000
2024-01-22T06:09:00+00:00,39599.140000
2024-01-22T07:19:00+00:00,39589.520000
2024-01-22T07:39:00+00:00,39176.900000
2024-01-22T07:39:00+00:00,38942.540000
2024-01-22T07:39:00+00:00,38932.180000
2024-01-22T11:39:00+00:00,38536.820000
2024-01-22T14:49:00+00:00,38534.600000
2024-01-22T15:29:00+00:00,38533.860000
2024-01-22T15:49:00+00:00,38699.620000
2024-01-22T21:09:00+00:00,39023.140000
2024-01-22T21:09:00+00:00,39098.400000
2024-01-23T03:24:00+00:00,39092.480000
2024-01-23T04:09:00+00:00,39085.080000
2024-01-23T08:19:00+00:00,38699.160000
2024-01-23T08:19:00+00:00,38311.760000
2024-01-23T17:59:00+00:00,38310.280000
2024-01-23T21:09:00+00:00,38431.800000
2024-01-24T01:09:00+00:00,38422.180000
2024-01-24T02:04:00+00:00,38042.060000
2024-01-24T11:24:00+00:00,38032.440000
2024-01-24T12:39:00+00:00,37639.320000
2024-01-24T14:39:00+00:00,37634.880000
2024-01-24T14:49:00+00:00,37297.440000
2024-01-24T15:14:00+00:00,37294.480000
2024-01-24T15:19:00+00:00,37293.000000
2024-01-24T15:44:00+00:00,37560.020000
2024-01-24T16:19:00+00:00,37557.540000
2024-01-24T18:09:00+00:00,37761.060000
2024-01-24T18:09:00+00:00,37753.660000
2024-01-24T18:19:00+00:00,38016.210000
2024-01-24T18:29:00+00:00,38010.010000
2024-01-25T01:24:00+00:00,38001.870000
2024-01-25T02:04:00+00:00,38021.230000
2024-01-25T02:04:00+00:00,38011.610000
2024-01-25T02:44:00+00:00,37618.490000
2024-01-25T07:29:00+00:00,37611.090000
2024-01-25T08:09:00+00:00,37881.140000
2024-01-25T08:39:00+00:00,37874.940000
2024-01-25T14:59:00+00:00,37872.720000
2024-01-25T15:24:00+00:00,37519.500000
2024-01-26T03:54:00+00:00,37509.880000
2024-01-26T04:14:00+00:00,37123.260000
2024-01-26T08:19:00+00:00,37116.600000
2024-01-26T09:44:00+00:00,37347.640000
2024-01-26T10:04:00+00:00,37831.440000
2024-01-26T11:29:00+00:00,37829.960000
2024-01-26T13:14:00+00:00,37828.480000
2024-01-26T14:54:00+00:00,37561.000000
2024-01-26T15:04:00+00:00,37500.520000
2024-01-26T15:04:00+00:00,37497.560000
2024-01-26T15:29:00+00:00,37142.600000
2024-01-29T14:44:00+00:00,37138.900000
2024-01-29T15:04:00+00:00,36810.200000
2024-01-29T17:14:00+00:00,36807.980000
2024-01-29T20:04:00+00:00,36969.990000
2024-01-29T21:09:00+00:00,37390.510000
2024-01-30T05:49:00+00:00,37376.450000
2024-01-30T06:24:00+00:00,37633.040000
2024-01-30T07:04:00+00:00,38113.140000
2024-01-30T08:29:00+00:00,38107.220000
2024-01-30T12:44:00+00:00,37717.300000
2024-01-30T15:04:00+00:00,37714.340000
2024-01-30T17:34:00+00:00,37957.360000
2024-01-30T21:04:00+00:00,38363.380000
2024-01-31T15:14:00+00:00,38361.900000
2024-01-31T19:39:00+00:00,38000.420000
2024-01-31T20:09:00+00:00,37999.680000
2024-01-31T21:09:00+00:00,38071.440000
2024-02-01T06:49:00+00:00,38063.300000
2024-02-01T06:59:00+00:00,37681.160000
2024-02-01T12:14:00+00:00,37675.980000
2024-02-01T13:14:00+00:00,37292.800000
2024-02-01T13:44:00+00:00,37290.580000
2024-02-01T14:59:00+00:00,36980.860000
2024-02-01T15:09:00+00:00,36978.640000
2024-02-01T15:54:00+00:00,36623.920000
2024-02-01T18:09:00+00:00,36622.440000
2024-02-01T19:09:00+00:00,36367.960000
2024-02-02T12:24:00+00:00,36361.300000
2024-02-02T13:24:00+00:00,35999.140000
2024-02-02T14:44:00+00:00,35997.660000
2024-02-02T14:49:00+00:00,35996.920000
2024-02-02T16:34:00+00:00,36194.180000
2024-02-02T17:29:00+00:00,36523.440000
2024-02-02T21:04:00+00:00,36775.200000
2024-02-05T05:39:00+00:00,36767.060000
2024-02-05T06:09:00+00:00,36401.420000
2024-02-05T10:09:00+00:00,36395.500000
2024-02-05T12:19:00+00:00,36662.540000
2024-02-05T13:59:00+00:00,36657.580000
2024-02-05T14:49:00+00:00,36655.360000
2024-02-05T15:19:00+00:00,36793.370000
2024-02-05T15:44:00+00:00,37254.390000
2024-02-06T14:49:00+00:00,37252.910000
2024-02-06T16:49:00+00:00,37461.420000
2024-02-06T19:14:00+00:00,37457.720000
2024-02-06T19:34:00+00:00,37081.520000
2024-02-06T21:09:00+00:00,37180.280000
2024-02-07T05:39:00+00:00,37175.840000
2024-02-07T11:34:00+00:00,36826.400000
2024-02-07T15:14:00+00:00,36824.920000
2024-02-07T15:19:00+00:00,36823.440000
2024-02-07T21:09:00+00:00,36948.960000
2024-02-07T21:09:00+00:00,37073.480000
2024-02-08T15:04:00+00:00,37070.520000
2024-02-08T18:09:00+00:00,37067.560000
2024-02-08T18:59:00+00:00,37182.600000
2024-02-08T18:59:00+00:00,37125.640000
2024-02-08T19:04:00+00:00,37120.460000
2024-02-08T21:09:00+00:00,37143.280000
2024-02-09T06:39:00+00:00,37122.560000
2024-02-09T07:19:00+00:00,37385.200000
2024-02-09T07:29:00+00:00,37829.840000
2024-02-09T14:54:00+00:00,37826.140000
2024-02-09T15:04:00+00:00,37823.920000
2024-02-09T15:29:00+00:00,38044.440000
2024-02-09T16:09:00+00:00,38597.220000
2024-02-09T17:54:00+00:00,38760.730000
2024-02-09T19:49:00+00:00,39306.750000
2024-02-12T08:44:00+00:00,39294.910000
2024-02-12T09:09:00+00:00,38891.070000
2024-02-12T15:44:00+00:00,38888.850000
2024-02-12T18:29:00+00:00,38858.130000
2024-02-12T18:29:00+00:00,38855.170000
2024-02-12T18:39:00+00:00,39089.190000
2024-02-12T19:19:00+00:00,39480.210000
2024-02-13T08:29:00+00:00,39475.770000
2024-02-13T08:59:00+00:00,39743.550000
2024-02-13T10:09:00+00:00,40191.330000
2024-02-13T13:39:00+00:00,40187.630000
2024-02-13T14:09:00+00:00,40412.650000
2024-02-13T14:34:00+00:00,40976.680000
2024-02-13T14:44:00+00:00,40974.460000
2024-02-13T14:54:00+00:00,40972.980000
2024-02-13T15:34:00+00:00,41172.490000
2024-02-13T19:04:00+00:00,41170.010000
2024-02-13T19:54:00+00:00,40801.530000
2024-02-14T13:24:00+00:00,40794.870000
2024-02-14T14:34:00+00:00,40387.710000
2024-02-14T14:44:00+00:00,40384.750000
2024-02-14T15:09:00+00:00,40047.790000
2024-02-14T15:19:00+00:00,40046.310000
2024-02-14T16:04:00+00:00,39712.830000
2024-02-14T16:29:00+00:00,39709.870000
2024-02-14T17:04:00+00:00,39364.910000
2024-02-15T13:54:00+00:00,39361.950000
2024-02-15T14:54:00+00:00,39601.970000
2024-02-15T14:54:00+00:00,39600.490000
2024-02-15T16:09:00+00:00,40001.510000
2024-02-15T18:19:00+00:00,39688.030000
2024-02-16T14:49:00+00:00,39686.550000
2024-02-16T14:59:00+00:00,39887.560000
2024-02-16T16:19:00+00:00,39886.320000
2024-02-19T01:29:00+00:00,39880.400000
2024-02-19T01:54:00+00:00,40014.480000
2024-02-19T01:54:00+00:00,40007.080000
2024-02-19T07:39:00+00:00,39624.680000
2024-02-19T07:49:00+00:00,39606.920000
2024-02-19T08:04:00+00:00,39895.040000
2024-02-19T08:19:00+00:00,39880.160000
2024-02-19T15:19:00+00:00,39874.240000
2024-02-19T23:44:00+00:00,40168.280000
2024-02-20T00:29:00+00:00,40660.320000
2024-02-20T08:44:00+00:00,40657.360000
2024-02-20T10:09:00+00:00,40268.400000
2024-02-20T14:44:00+00:00,40266.920000
2024-02-20T15:04:00+00:00,40266.180000
2024-02-20T17:39:00+00:00,40515.940000
2024-02-20T18:34:00+00:00,40514.460000
2024-02-20T20:09:00+00:00,40513.220000
2024-02-20T20:09:00+00:00,40127.740000
2024-02-20T21:09:00+00:00,40038.500000
2024-02-21T06:19:00+00:00,40028.880000
2024-02-21T07:29:00+00:00,39622.760000
2024-02-21T10:39:00+00:00,39619.060000
2024-02-21T12:19:00+00:00,39612.860000
2024-02-21T12:19:00+00:00,39608.420000
2024-02-21T12:44:00+00:00,39228.980000
2024-02-21T13:09:00+00:00,39222.320000
2024-02-21T14:34:00+00:00,38837.660000
2024-02-21T15:04:00+00:00,38836.180000
2024-02-21T15:34:00+00:00,38564.700000
2024-02-22T14:34:00+00:00,38559.520000
2024-02-22T14:49:00+00:00,38802.550000
2024-02-22T14:49:00+00:00,39344.590000
2024-02-22T14:49:00+00:00,39343.110000
2024-02-22T19:14:00+00:00,39587.620000
2024-02-22T21:09:00+00:00,39748.380000
2024-02-23T08:09:00+00:00,39740.980000
2024-02-23T09:59:00+00:00,39878.580000
2024-02-23T09:59:00+00:00,39871.180000
2024-02-23T12:34:00+00:00,40141.230000
2024-02-23T13:29:00+00:00,40593.780000
2024-02-23T14:59:00+00:00,40591.560000
2024-02-23T16:04:00+00:00,40785.820000
2024-02-23T21:09:00+00:00,41233.340000
2024-02-26T14:49:00+00:00,41230.380000
2024-02-26T14:59:00+00:00,41228.160000
2024-02-26T16:44:00+00:00,40847.200000
2024-02-26T16:54:00+00:00,40451.980000
2024-02-27T00:09:00+00:00,40449.760000
2024-02-27T02:24:00+00:00,40435.700000
2024-02-27T05:44:00+00:00,40705.790000
2024-02-27T07:14:00+00:00,40693.390000
2024-02-27T09:29:00+00:00,40335.670000
2024-02-27T15:19:00+00:00,40334.190000
2024-02-27T17:54:00+00:00,39982.710000
2024-02-28T08:29:00+00:00,39979.750000
2024-02-28T14:54:00+00:00,40263.270000
2024-02-28T14:54:00+00:00,40261.050000
2024-02-28T16:04:00+00:00,39898.830000
2024-02-28T16:19:00+00:00,39896.350000
2024-02-29T07:14:00+00:00,39886.730000
2024-02-29T07:54:00+00:00,39500.110000
2024-02-29T12:09:00+00:00,39489.010000
2024-02-29T12:44:00+00:00,39746.330000
2024-02-29T13:09:00+00:00,39736.410000
2024-02-29T13:39:00+00:00,39731.970000
2024-02-29T14:34:00+00:00,40020.000000
2024-02-29T15:14:00+00:00,40016.280000
2024-02-29T15:14:00+00:00,40014.800000
2024-02-29T20:49:00+00:00,39673.320000
2024-03-01T10:39:00+00:00,39668.880000
2024-03-01T13:54:00+00:00,39663.700000
2024-03-01T14:34:00+00:00,39938.230000
2024-03-01T14:34:00+00:00,40170.010000
2024-03-01T15:04:00+00:00,40629.040000
2024-03-01T15:04:00+00:00,41146.080000
2024-03-01T15:09:00+00:00,41144.600000
2024-03-01T18:04:00+00:00,41381.610000
2024-03-01T19:34:00+00:00,41777.120000
2024-03-04T16:34:00+00:00,41774.160000
2024-03-04T19:39:00+00:00,41369.200000
2024-03-05T14:49:00+00:00,41367.720000
2024-03-05T15:49:00+00:00,41634.730000
2024-03-05T21:09:00+00:00,41800.490000
2024-03-06T01:09:00+00:00,41790.130000
2024-03-06T03:49:00+00:00,42089.450000
2024-03-06T07:49:00+00:00,42591.770000
2024-03-06T14:54:00+00:00,42589.550000
2024-03-06T15:09:00+00:00,42780.810000
2024-03-06T15:39:00+00:00,42910.330000
2024-03-06T15:39:00+00:00,42908.850000
2024-03-06T17:09:00+00:00,43136.110000
2024-03-06T19:19:00+00:00,43134.870000
2024-03-07T06:29:00+00:00,43128.950000
2024-03-07T06:49:00+00:00,42823.030000
2024-03-07T06:49:00+00:00,42814.150000
2024-03-07T07:04:00+00:00,43111.210000
2024-03-07T08:14:00+00:00,43609.270000
2024-03-07T14:49:00+00:00,43607.050000
2024-03-07T14:59:00+00:00,43391.830000
2024-03-07T14:59:00+00:00,43390.350000
2024-03-07T17:19:00+00:00,43649.860000
2024-03-07T21:04:00+00:00,43847.120000
2024-03-08T09:04:00+00:00,43839.720000
2024-03-08T09:54:00+00:00,43412.320000
2024-03-08T14:49:00+00:00,43410.100000
2024-03-08T16:09:00+00:00,42996.880000
2024-03-11T01:54:00+00:00,42988.740000
2024-03-11T03:59:00+00:00,43266.290000
2024-03-11T04:04:00+00:00,43824.350000
2024-03-11T07:59:00+00:00,43821.390000
2024-03-11T08:14:00+00:00,43410.430000
2024-03-11T08:29:00+00:00,43406.730000
2024-03-11T08:54:00+00:00,43008.030000
2024-03-11T10:39:00+00:00,43006.550000
2024-03-11T12:09:00+00:00,42681.070000
2024-03-11T13:59:00+00:00,42679.590000
2024-03-11T14:34:00+00:00,42370.110000
2024-03-12T02:04:00+00:00,42363.450000
2024-03-12T04:54:00+00:00,41965.290000
2024-03-12T06:09:00+00:00,41950.490000
2024-03-12T06:19:00+00:00,42243.090000
2024-03-12T06:44:00+00:00,42230.690000
2024-03-12T14:04:00+00:00,42229.210000
2024-03-12T14:24:00+00:00,42228.470000
2024-03-12T14:49:00+00:00,42496.980000
2024-03-12T18:49:00+00:00,42805.740000
2024-03-12T18:49:00+00:00,42973.500000
2024-03-12T18:54:00+00:00,42967.580000
2024-03-12T19:54:00+00:00,42549.660000
2024-03-13T13:49:00+00:00,42548.180000
2024-03-13T20:09:00+00:00,42584.700000
2024-03-14T06:34:00+00:00,42567.680000
2024-03-14T07:04:00+00:00,42125.160000
2024-03-14T07:04:00+00:00,42118.500000
2024-03-14T07:39:00+00:00,42109.620000
2024-03-14T08:14:00+00:00,42379.660000
2024-03-14T08:14:00+00:00,42672.220000
2024-03-14T12:09:00+00:00,42659.640000
2024-03-14T12:34:00+00:00,42653.440000
2024-03-14T12:34:00+00:00,42646.000000
2024-03-14T12:34:00+00:00,42208.420000
2024-03-14T12:39:00+00:00,42203.240000
2024-03-14T13:49:00+00:00,42466.520000
2024-03-14T13:49:00+00:00,42461.560000
2024-03-14T13:49:00+00:00,42460.820000
2024-03-14T13:59:00+00:00,42460.080000
2024-03-14T16:14:00+00:00,42459.340000
2024-03-14T20:09:00+00:00,42465.100000
2024-03-14T20:09:00+00:00,42395.860000
2024-03-14T20:09:00+00:00,42348.620000
2024-03-15T08:14:00+00:00,42342.700000
2024-03-15T09:39:00+00:00,42645.740000
2024-03-15T10:24:00+00:00,43152.780000
2024-03-15T14:04:00+00:00,43151.300000
2024-03-15T17:54:00+00:00,43148.340000
2024-03-15T18:54:00+00:00,43143.160000
2024-03-15T20:09:00+00:00,43129.680000
2024-03-15T20:09:00+00:00,43084.720000
2024-03-15T20:09:00+00:00,43233.540000
2024-03-18T08:54:00+00:00,43227.620000
2024-03-18T11:24:00+00:00,43548.660000
2024-03-18T11:34:00+00:00,44085.700000
2024-03-18T14:24:00+00:00,44084.220000
2024-03-18T15:54:00+00:00,43759.740000
2024-03-18T18:49:00+00:00,43752.340000
2024-03-18T19:54:00+00:00,44052.390000
2024-03-18T19:59:00+00:00,44554.940000
2024-03-19T03:39:00+00:00,44548.280000
2024-03-19T08:44:00+00:00,44100.620000
2024-03-19T09:04:00+00:00,44094.700000
2024-03-19T09:39:00+00:00,44388.740000
2024-03-19T10:59:00+00:00,44386.520000
2024-03-19T11:04:00+00:00,44878.560000
2024-03-19T12:29:00+00:00,45063.820000
2024-03-19T15:34:00+00:00,45176.340000
2024-03-19T15:34:00+00:00,45174.860000
2024-03-19T20:09:00+00:00,45640.380000
2024-03-20T04:54:00+00:00,45624.100000
2024-03-20T05:44:00+00:00,45266.820000
2024-03-20T05:44:00+00:00,45253.500000
2024-03-20T07:09:00+00:00,45577.590000
2024-03-20T08:39:00+00:00,45566.430000
2024-03-20T09:19:00+00:00,45553.110000
2024-03-20T10:14:00+00:00,45870.450000
2024-03-20T10:29:00+00:00,45859.290000
2024-03-20T10:39:00+00:00,45854.850000
2024-03-20T18:04:00+00:00,46192.380000
2024-03-20T18:04:00+00:00,46188.660000
2024-03-20T18:04:00+00:00,46187.180000
2024-03-20T20:09:00+00:00,46524.690000
2024-03-20T20:09:00+00:00,46861.950000
2024-03-21T02:04:00+00:00,46849.370000
2024-03-21T02:34:00+00:00,47173.450000
2024-03-21T05:39:00+00:00,47785.540000
2024-03-21T13:49:00+00:00,47783.320000
2024-03-21T13:54:00+00:00,47781.100000
2024-03-21T20:09:00+00:00,48198.880000
2024-03-21T20:09:00+00:00,48672.160000
2024-03-22T13:49:00+00:00,48668.460000
2024-03-22T14:04:00+00:00,48239.760000
2024-03-22T18:34:00+00:00,48237.540000
2024-03-22T20:04:00+00:00,47951.820000
2024-03-25T03:09:00+00:00,47946.640000
2024-03-25T09:59:00+00:00,48221.170000
2024-03-25T10:59:00+00:00,48833.210000
2024-03-25T13:54:00+00:00,48830.990000
2024-03-25T20:09:00+00:00,49001.270000
2024-03-26T01:29:00+00:00,48979.070000
2024-03-26T02:59:00+00:00,49282.970000
2024-03-26T03:44:00+00:00,49796.870000
2024-03-26T09:49:00+00:00,49786.510000
2024-03-26T12:39:00+00:00,50143.580000
2024-03-26T12:44:00+00:00,50742.150000
2024-03-26T14:04:00+00:00,50739.190000
2024-03-26T14:29:00+00:00,50282.230000
2024-03-27T06:04:00+00:00,50269.650000
2024-03-27T07:09:00+00:00,50605.730000
2024-03-27T07:54:00+00:00,51240.320000
2024-03-27T08:09:00+00:00,51226.260000
2024-03-27T08:49:00+00:00,51577.350000
2024-03-27T09:49:00+00:00,51573.650000
2024-03-27T10:24:00+00:00,52228.750000
2024-03-27T13:39:00+00:00,52040.050000
2024-03-27T13:39:00+00:00,52031.910000
2024-03-27T13:54:00+00:00,52361.960000
2024-03-27T13:54:00+00:00,52354.520000
2024-03-27T13:54:00+00:00,52353.040000
2024-03-27T19:29:00+00:00,52474.560000
2024-03-27T19:29:00+00:00,52467.160000
2024-03-27T19:39:00+00:00,52838.460000
2024-03-27T19:39:00+00:00,52832.260000
2024-03-28T01:14:00+00:00,52813.760000
2024-03-28T04:49:00+00:00,52270.260000
2024-03-28T08:14:00+00:00,52259.900000
2024-03-28T09:24:00+00:00,52632.720000
2024-03-28T10:29:00+00:00,52624.040000
2024-03-28T10:44:00+00:00,52611.460000
2024-03-28T12:09:00+00:00,52352.380000
2024-03-28T12:09:00+00:00,52347.200000
2024-03-28T13:34:00+00:00,51855.520000
2024-03-28T13:49:00+00:00,51852.560000
2024-03-28T14:14:00+00:00,51653.600000
2024-03-28T14:14:00+00:00,51647.680000
2024-03-28T15:54:00+00:00,51261.760000
2024-03-28T15:54:00+00:00,51258.060000
2024-03-28T16:14:00+00:00,50981.860000
2024-03-28T16:14:00+00:00,50977.420000
2024-03-28T20:09:00+00:00,51176.980000
2024-04-01T07:19:00+00:00,51167.360000
2024-04-01T08:09:00+00:00,50650.740000
2024-04-01T13:39:00+00:00,50644.820000
2024-04-01T14:04:00+00:00,50174.900000
2024-04-01T14:54:00+00:00,50174.160000
2024-04-01T20:09:00+00:00,50125.920000
2024-04-02T07:29:00+00:00,50120.000000
2024-04-02T07:44:00+00:00,49822.080000
2024-04-02T07:44:00+00:00,49814.680000
2024-04-02T08:04:00+00:00,50159.730000
2024-04-02T08:04:00+00:00,50153.530000
2024-04-02T14:14:00+00:00,50151.310000
2024-04-02T17:04:00+00:00,49693.090000
2024-04-02T19:19:00+00:00,49687.170000
2024-04-02T19:29:00+00:00,49197.250000
2024-04-03T06:19:00+00:00,49189.850000
2024-04-03T07:54:00+00:00,48802.450000
2024-04-03T07:54:00+00:00,48795.050000
2024-04-03T08:34:00+00:00,48322.650000
2024-04-03T11:09:00+00:00,48317.470000
2024-04-03T12:29:00+00:00,48158.290000
2024-04-03T12:29:00+00:00,48152.370000
2024-04-03T13:39:00+00:00,48014.450000
2024-04-03T13:39:00+00:00,48004.090000
2024-04-03T13:44:00+00:00,47510.730000
2024-04-03T14:04:00+00:00,47509.250000
2024-04-03T20:09:00+00:00,47646.770000
2024-04-04T13:54:00+00:00,47643.810000
2024-04-04T18:14:00+00:00,47942.330000
2024-04-04T18:19:00+00:00,48440.850000
2024-04-05T06:19:00+00:00,48431.230000
2024-04-05T06:34:00+00:00,47960.110000
2024-04-05T07:49:00+00:00,47950.490000
2024-04-05T08:04:00+00:00,47466.370000
2024-04-05T13:49:00+00:00,47464.890000
2024-04-05T15:04:00+00:00,47714.650000
2024-04-05T16:59:00+00:00,48131.410000
2024-04-08T06:24:00+00:00,48121.790000
2024-04-08T07:19:00+00:00,47644.170000
2024-04-08T07:19:00+00:00,47638.250000
2024-04-08T07:34:00+00:00,47400.330000
2024-04-08T07:34:00+00:00,47393.670000
2024-04-08T07:54:00+00:00,46941.510000
2024-04-08T14:29:00+00:00,46940.030000
2024-04-08T20:09:00+00:00,46832.550000
2024-04-09T02:24:00+00:00,46819.230000
2024-04-09T04:49:00+00:00,47156.820000
2024-04-09T07:19:00+00:00,47723.910000
2024-04-09T07:44:00+00:00,47713.550000
2024-04-09T07:59:00+00:00,48060.120000
2024-04-09T08:04:00+00:00,48051.440000
2024-04-09T10:04:00+00:00,48041.820000
2024-04-09T10:34:00+00:00,48347.880000
2024-04-09T10:34:00+00:00,48946.450000
2024-04-09T13:39:00+00:00,48942.010000
2024-04-09T13:59:00+00:00,48939.790000
2024-04-09T14:09:00+00:00,49272.820000
2024-04-09T14:29:00+00:00,49829.350000
2024-04-09T14:34:00+00:00,50016.110000
2024-04-09T14:34:00+00:00,50013.890000
2024-04-09T14:44:00+00:00,50637.410000
2024-04-09T19:24:00+00:00,50402.690000
2024-04-09T19:24:00+00:00,50398.250000
2024-04-09T19:34:00+00:00,50726.780000
2024-04-09T20:04:00+00:00,51275.810000
2024-04-10T09:09:00+00:00,51266.190000
2024-04-10T09:54:00+00:00,51594.750000
2024-04-10T10:04:00+00:00,52237.070000
2024-04-10T12:24:00+00:00,52225.230000
2024-04-10T12:29:00+00:00,51685.390000
2024-04-10T12:39:00+00:00,51683.910000
2024-04-10T13:59:00+00:00,51220.430000
2024-04-10T14:39:00+00:00,51218.950000
2024-04-10T17:09:00+00:00,50808.470000
2024-04-10T17:09:00+00:00,50806.250000
2024-04-10T17:24:00+00:00,50382.530000
2024-04-10T17:29:00+00:00,50380.310000
2024-04-10T20:09:00+00:00,50322.590000
2024-04-11T01:24:00+00:00,50307.790000
2024-04-11T01:39:00+00:00,49802.990000
2024-04-11T12:39:00+00:00,49800.030000
2024-04-11T14:14:00+00:00,49467.070000
2024-04-11T14:14:00+00:00,49464.110000
2024-04-11T15:19:00+00:00,48969.150000
2024-04-12T13:54:00+00:00,48966.190000
2024-04-12T14:09:00+00:00,48539.230000
2024-04-15T13:39:00+00:00,48535.530000
2024-04-15T14:09:00+00:00,48534.050000
2024-04-15T14:14:00+00:00,48804.070000
2024-04-15T14:59:00+00:00,49480.600000
2024-04-15T16:39:00+00:00,49774.610000
2024-04-15T17:29:00+00:00,50265.120000
2024-04-16T10:39:00+00:00,50258.460000
2024-04-16T11:14:00+00:00,50576.500000
2024-04-16T11:54:00+00:00,51241.550000
2024-04-16T13:59:00+00:00,51238.590000
2024-04-16T14:39:00+00:00,50729.630000
2024-04-16T16:14:00+00:00,50727.410000
2024-04-16T17:34:00+00:00,50233.190000
2024-04-17T13:49:00+00:00,50230.230000
2024-04-17T14:14:00+00:00,50555.750000
2024-04-17T14:54:00+00:00,51099.270000
2024-04-17T15:09:00+00:00,51097.050000
2024-04-17T15:34:00+00:00,50701.830000
2024-04-17T18:49:00+00:00,50701.090000
2024-04-17T18:59:00+00:00,50595.850000
2024-04-17T18:59:00+00:00,50593.630000
2024-04-17T20:09:00+00:00,50832.910000
2024-04-18T05:29:00+00:00,50821.070000
2024-04-18T05:34:00+00:00,51187.150000
2024-04-18T05:34:00+00:00,51177.230000
2024-04-18T14:39:00+00:00,51176.490000
2024-04-18T17:24:00+00:00,50914.750000
2024-04-19T02:29:00+00:00,50911.790000
2024-04-19T03:34:00+00:00,51261.310000
2024-04-19T06:14:00+00:00,51844.830000
2024-04-19T08:24:00+00:00,51842.610000
2024-04-19T11:04:00+00:00,51838.910000
2024-04-19T12:14:00+00:00,52140.430000
2024-04-19T12:34:00+00:00,52372.940000
2024-04-19T13:39:00+00:00,52370.460000
2024-04-19T13:39:00+00:00,52366.740000
2024-04-19T14:14:00+00:00,52365.260000
2024-04-19T16:09:00+00:00,52633.770000
2024-04-19T18:39:00+00:00,53081.780000
2024-04-22T11:24:00+00:00,53075.860000
2024-04-22T12:14:00+00:00,52569.940000
2024-04-22T13:49:00+00:00,52566.980000
2024-04-22T14:04:00+00:00,52262.020000
2024-04-22T14:04:00+00:00,52255.360000
2024-04-22T14:24:00+00:00,52582.400000
2024-04-22T14:24:00+00:00,53266.200000
2024-04-22T15:34:00+00:00,53263.240000
2024-04-22T17:09:00+00:00,53600.760000
2024-04-22T17:34:00+00:00,54164.280000
2024-04-23T06:09:00+00:00,54149.480000
2024-04-23T06:49:00+00:00,53594.680000
2024-04-23T12:29:00+00:00,53585.800000
2024-04-23T12:59:00+00:00,53981.860000
2024-04-23T13:34:00+00:00,54644.920000
2024-04-23T13:49:00+00:00,54642.700000
2024-04-23T14:34:00+00:00,54860.210000
2024-04-23T20:09:00+00:00,55450.730000
2024-04-24T06:24:00+00:00,55439.630000
2024-04-24T07:19:00+00:00,54873.530000
2024-04-24T13:34:00+00:00,54868.350000
2024-04-24T13:49:00+00:00,55185.630000
2024-04-24T13:59:00+00:00,55180.670000
2024-04-24T14:39:00+00:00,55178.450000
2024-04-24T16:14:00+00:00,55407.960000
2024-04-24T20:09:00+00:00,55999.480000
2024-04-25T00:09:00+00:00,55993.560000
2024-04-25T05:14:00+00:00,55435.640000
2024-04-25T11:24:00+00:00,55428.980000
2024-04-25T12:19:00+00:00,54882.320000
2024-04-25T12:54:00+00:00,54880.840000
2024-04-25T13:49:00+00:00,54974.360000
2024-04-25T13:49:00+00:00,54969.920000
2024-04-25T14:14:00+00:00,54968.440000
2024-04-25T14:19:00+00:00,55377.970000
2024-04-25T14:54:00+00:00,55374.250000
2024-04-25T17:49:00+00:00,55682.510000
2024-04-25T18:34:00+00:00,55909.270000
2024-04-25T18:34:00+00:00,55904.090000
2024-04-25T19:04:00+00:00,55352.910000
2024-04-26T11:44:00+00:00,55344.770000
2024-04-26T12:29:00+00:00,55697.320000
2024-04-26T12:34:00+00:00,55689.880000
2024-04-26T13:54:00+00:00,55688.400000
2024-04-26T20:09:00+00:00,55906.920000
2024-04-29T07:59:00+00:00,55899.520000
2024-04-29T09:54:00+00:00,55342.120000
2024-04-29T15:49:00+00:00,55337.680000
2024-04-29T18:49:00+00:00,55333.240000
2024-04-29T19:04:00+00:00,54782.800000
2024-04-29T19:04:00+00:00,54268.360000
2024-04-29T19:04:00+00:00,54266.880000
2024-04-29T19:09:00+00:00,54264.660000
2024-04-29T19:54:00+00:00,53839.440000
2024-04-29T20:09:00+00:00,53430.960000
2024-04-30T11:09:00+00:00,53421.340000
2024-04-30T12:34:00+00:00,53776.900000
2024-04-30T12:34:00+00:00,54471.720000
2024-04-30T15:04:00+00:00,54469.500000
2024-04-30T16:34:00+00:00,54681.010000
2024-04-30T16:39:00+00:00,54679.530000
2024-04-30T19:54:00+00:00,55385.550000
2024-04-30T20:09:00+00:00,55953.070000
2024-05-01T09:54:00+00:00,55941.970000
2024-05-01T10:29:00+00:00,55390.870000
2024-05-01T14:04:00+00:00,55388.650000
2024-05-01T17:29:00+00:00,55380.430000
2024-05-01T17:29:00+00:00,55373.770000
2024-05-01T18:04:00+00:00,55739.810000
2024-05-01T18:09:00+00:00,56504.860000
2024-05-02T13:49:00+00:00,56503.380000
2024-05-02T14:29:00+00:00,56474.900000
2024-05-02T14:29:00+00:00,56473.420000
2024-05-02T18:54:00+00:00,56812.430000
2024-05-02T20:09:00+00:00,57153.190000
2024-05-03T02:04:00+00:00,57136.910000
2024-05-03T04:59:00+00:00,57541.270000
2024-05-03T06:19:00+00:00,58055.630000
2024-05-03T06:19:00+00:00,58044.530000
2024-05-03T07:09:00+00:00,57470.930000
2024-05-03T12:09:00+00:00,57459.830000
2024-05-03T12:29:00+00:00,57832.650000
2024-05-03T12:29:00+00:00,57822.730000
2024-05-03T13:49:00+00:00,57820.510000
2024-05-03T14:14:00+00:00,57362.290000
2024-05-06T05:44:00+00:00,57347.490000
2024-05-06T06:39:00+00:00,57767.590000
2024-05-06T07:29:00+00:00,58020.190000
2024-05-06T07:29:00+00:00,58007.610000
2024-05-06T07:44:00+00:00,57629.530000
2024-05-06T07:44:00+00:00,57624.350000
2024-05-06T08:19:00+00:00,57616.950000
2024-05-06T10:34:00+00:00,58010.750000
2024-05-06T13:39:00+00:00,58361.780000
2024-05-06T13:39:00+00:00,59020.580000
2024-05-06T13:59:00+00:00,59017.620000
2024-05-06T15:49:00+00:00,59799.660000
2024-05-06T20:09:00+00:00,60444.700000
2024-05-07T02:59:00+00:00,60422.500000
2024-05-07T04:04:00+00:00,59785.300000
2024-05-07T09:29:00+00:00,59769.020000
2024-05-07T11:24:00+00:00,60198.130000
2024-05-07T12:44:00+00:00,60184.490000
2024-05-07T13:59:00+00:00,60179.310000
2024-05-07T14:59:00+00:00,59572.130000
2024-05-07T17:54:00+00:00,59567.690000
2024-05-07T20:09:00+00:00,59494.250000
2024-05-08T13:49:00+00:00,59492.030000
2024-05-08T19:24:00+00:00,59486.850000
2024-05-08T20:09:00+00:00,59574.630000
2024-05-08T20:09:00+00:00,59348.950000
2024-05-09T07:29:00+00:00,59338.590000
2024-05-09T10:24:00+00:00,58747.230000
2024-05-09T11:44:00+00:00,58742.050000
2024-05-09T13:49:00+00:00,58162.870000
2024-05-09T13:49:00+00:00,58160.650000
2024-05-09T14:39:00+00:00,57619.930000
2024-05-09T17:34:00+00:00,57616.230000
2024-05-09T20:09:00+00:00,57712.530000
2024-05-10T08:24:00+00:00,57706.610000
2024-05-10T12:39:00+00:00,57832.690000
2024-05-10T12:39:00+00:00,57817.890000
2024-05-10T12:59:00+00:00,58237.990000
2024-05-10T13:19:00+00:00,58225.590000
2024-05-10T13:49:00+00:00,58223.370000
2024-05-10T14:19:00+00:00,57711.150000
2024-05-13T03:29:00+00:00,57691.910000
2024-05-13T05:04:00+00:00,58101.540000
2024-05-13T08:19:00+00:00,58085.420000
2024-05-13T12:24:00+00:00,58072.100000
2024-05-13T12:44:00+00:00,57491.780000
2024-05-13T12:49:00+00:00,57485.120000
2024-05-13T13:34:00+00:00,56906.960000
2024-05-13T13:39:00+00:00,56893.640000
2024-05-13T13:49:00+00:00,57305.480000
2024-05-13T13:49:00+00:00,57303.260000
2024-05-13T13:59:00+00:00,57292.100000
2024-05-13T17:24:00+00:00,57106.880000
2024-05-13T17:24:00+00:00,57103.180000
2024-05-13T19:54:00+00:00,57141.980000
2024-05-14T09:09:00+00:00,57119.780000
2024-05-14T09:39:00+00:00,57479.930000
2024-05-14T11:14:00+00:00,57468.830000
2024-05-14T11:34:00+00:00,58076.480000
2024-05-14T12:34:00+00:00,58354.800000
2024-05-14T12:34:00+00:00,58344.880000
2024-05-14T14:04:00+00:00,58337.480000
2024-05-14T14:24:00+00:00,57760.080000
2024-05-14T14:24:00+00:00,57757.860000
2024-05-14T14:44:00+00:00,57509.640000
2024-05-14T14:44:00+00:00,57502.980000
2024-05-14T14:59:00+00:00,56969.820000
2024-05-15T12:39:00+00:00,56963.900000
2024-05-15T13:49:00+00:00,56665.980000
2024-05-15T13:49:00+00:00,56662.280000
2024-05-15T14:19:00+00:00,56088.580000
2024-05-16T07:24:00+00:00,56079.700000
2024-05-16T12:34:00+00:00,55530.820000
2024-05-16T13:49:00+00:00,55524.900000
2024-05-16T15:04:00+00:00,55914.940000
2024-05-16T17:24:00+00:00,55909.980000
2024-05-17T13:49:00+00:00,55903.320000
2024-05-17T14:34:00+00:00,55361.160000
2024-05-20T01:29:00+00:00,55350.800000
2024-05-20T08:54:00+00:00,55338.960000
2024-05-20T10:04:00+00:00,55549.040000
2024-05-20T11:04:00+00:00,55903.120000
2024-05-20T12:44:00+00:00,55360.760000
2024-05-20T13:39:00+00:00,55354.100000
2024-05-20T13:54:00+00:00,55352.620000
2024-05-20T13:59:00+00:00,55703.660000
2024-05-20T16:44:00+00:00,56437.460000
2024-05-20T20:09:00+00:00,56448.980000
2024-05-21T13:39:00+00:00,56441.580000
2024-05-21T13:54:00+00:00,56436.400000
2024-05-21T14:39:00+00:00,56833.950000
2024-05-21T16:19:00+00:00,57499.000000
2024-05-21T18:04:00+00:00,57852.280000
2024-05-21T20:09:00+00:00,58547.320000
2024-05-22T06:09:00+00:00,58525.120000
2024-05-22T07:14:00+00:00,58840.270000
2024-05-22T07:24:00+00:00,58821.670000
2024-05-22T07:24:00+00:00,58802.430000
2024-05-22T07:29:00+00:00,58185.190000
2024-05-22T10:49:00+00:00,58169.650000
2024-05-22T11:04:00+00:00,58574.750000
2024-05-22T11:04:00+00:00,59322.860000
2024-05-22T15:04:00+00:00,59317.680000
2024-05-22T17:39:00+00:00,58731.500000
2024-05-23T13:49:00+00:00,58729.280000
2024-05-23T14:19:00+00:00,58823.060000
2024-05-23T14:19:00+00:00,58819.360000
2024-05-23T14:54:00+00:00,58258.160000
2024-05-23T15:14:00+00:00,58255.200000
2024-05-23T17:24:00+00:00,57736.240000
2024-05-24T05:44:00+00:00,57724.400000
2024-05-24T08:19:00+00:00,57160.560000
2024-05-24T12:09:00+00:00,57145.020000
2024-05-24T12:34:00+00:00,57542.620000
2024-05-24T12:34:00+00:00,57528.980000
2024-05-24T12:39:00+00:00,57518.620000
2024-05-24T12:49:00+00:00,56948.260000
2024-05-24T14:04:00+00:00,56944.560000
2024-05-24T14:59:00+00:00,57237.080000
2024-05-24T15:14:00+00:00,57969.860000
2024-05-27T13:54:00+00:00,57951.360000
2024-05-27T14:49:00+00:00,57357.860000
2024-05-27T15:04:00+00:00,57351.940000
2024-05-27T22:09:00+00:00,57598.020000
2024-05-27T22:09:00+00:00,57581.000000
2024-05-27T22:34:00+00:00,57977.110000
2024-05-28T00:04:00+00:00,58703.230000
2024-05-28T13:49:00+00:00,58699.530000
2024-05-28T14:19:00+00:00,58140.830000
2024-05-28T17:54:00+00:00,58130.470000
2024-05-28T18:09:00+00:00,57560.110000
2024-05-29T08:09:00+00:00,57545.310000
2024-05-29T08:14:00+00:00,56970.510000
2024-05-29T08:59:00+00:00,56956.450000
2024-05-29T09:09:00+00:00,56381.890000
2024-05-29T12:29:00+00:00,56364.870000
2024-05-29T12:39:00+00:00,56744.480000
2024-05-29T12:39:00+00:00,57440.600000
2024-05-29T13:54:00+00:00,57438.380000
2024-05-29T15:14:00+00:00,57386.660000
2024-05-29T15:14:00+00:00,57381.480000
2024-05-29T16:39:00+00:00,56847.800000
2024-05-29T17:09:00+00:00,56833.740000
2024-05-29T17:24:00+00:00,57211.830000
2024-05-29T17:39:00+00:00,57916.930000
2024-05-30T07:09:00+00:00,57905.830000
2024-05-30T08:04:00+00:00,58304.900000
2024-05-30T08:39:00+00:00,59068.980000
2024-05-30T10:29:00+00:00,59063.060000
2024-05-30T12:34:00+00:00,59459.100000
2024-05-30T13:34:00+00:00,59454.140000
2024-05-30T14:34:00+00:00,59451.920000
2024-05-30T19:49:00+00:00,59696.430000
2024-05-30T20:09:00+00:00,60189.950000
2024-05-31T11:19:00+00:00,60186.250000
2024-05-31T12:34:00+00:00,60493.770000
2024-05-31T12:44:00+00:00,61264.050000
2024-05-31T13:54:00+00:00,61261.830000
2024-05-31T14:34:00+00:00,61523.590000
2024-05-31T15:34:00+00:00,62397.110000
2024-06-02T22:09:00+00:00,62393.410000
2024-06-03T00:04:00+00:00,61782.210000
2024-06-03T03:24:00+00:00,61760.010000
2024-06-03T05:19:00+00:00,61137.810000
2024-06-03T05:34:00+00:00,61115.610000
2024-06-03T06:14:00+00:00,61554.510000
2024-06-03T06:24:00+00:00,61535.910000
2024-06-03T11:29:00+00:00,61521.850000
2024-06-03T11:34:00+00:00,60890.290000
2024-06-03T13:54:00+00:00,60886.590000
2024-06-03T14:54:00+00:00,61248.110000
2024-06-03T16:14:00+00:00,62153.390000
2024-06-04T10:34:00+00:00,62150.430000
2024-06-04T13:14:00+00:00,61573.470000
2024-06-04T13:39:00+00:00,61568.290000
2024-06-04T14:14:00+00:00,61565.330000
2024-06-04T14:44:00+00:00,60984.370000
2024-06-04T18:19:00+00:00,60415.690000
2024-06-05T01:49:00+00:00,60401.630000
2024-06-05T02:24:00+00:00,60806.720000
2024-06-05T06:09:00+00:00,60794.320000
2024-06-05T07:24:00+00:00,60781.740000
2024-06-05T08:44:00+00:00,61189.820000
2024-06-05T09:09:00+00:00,61959.410000
2024-06-05T13:59:00+00:00,61954.230000
2024-06-05T14:04:00+00:00,61329.550000
2024-06-06T00:49:00+00:00,61313.270000
2024-06-06T03:29:00+00:00,61758.880000
2024-06-06T05:24:00+00:00,61745.240000
2024-06-06T12:29:00+00:00,61737.840000
2024-06-06T12:59:00+00:00,61820.440000
2024-06-06T12:59:00+00:00,61813.780000
2024-06-06T13:49:00+00:00,61321.120000
2024-06-06T13:49:00+00:00,61316.680000
2024-06-06T14:04:00+00:00,61314.460000
2024-06-06T20:09:00+00:00,61337.020000
2024-06-06T20:09:00+00:00,61315.300000
2024-06-07T07:04:00+00:00,61297.540000
2024-06-07T07:39:00+00:00,61738.660000
2024-06-07T08:14:00+00:00,61795.780000
2024-06-07T08:14:00+00:00,61784.680000
2024-06-07T08:54:00+00:00,61158.580000
2024-06-07T13:54:00+00:00,61155.620000
2024-06-07T15:29:00+00:00,61153.400000
2024-06-07T17:24:00+00:00,61525.420000
2024-06-07T18:09:00+00:00,61522.940000
2024-06-07T20:09:00+00:00,61271.720000
2024-06-10T09:39:00+00:00,61260.620000
2024-06-10T10:34:00+00:00,61675.440000
2024-06-10T12:59:00+00:00,61665.520000
2024-06-10T14:29:00+00:00,61661.820000
2024-06-10T16:19:00+00:00,62002.340000
2024-06-10T18:34:00+00:00,61998.620000
2024-06-11T03:59:00+00:00,61979.380000
2024-06-11T06:04:00+00:00,62418.260000
2024-06-11T07:14:00+00:00,62402.140000
2024-06-11T13:49:00+00:00,62399.180000
2024-06-11T14:09:00+00:00,62072.220000
2024-06-11T14:09:00+00:00,62068.520000
2024-06-11T17:19:00+00:00,62413.540000
2024-06-11T18:24:00+00:00,63277.570000
2024-06-12T02:04:00+00:00,63259.070000
2024-06-12T06:14:00+00:00,62603.070000
2024-06-12T13:49:00+00:00,62601.590000
2024-06-12T18:24:00+00:00,62598.630000
2024-06-12T19:29:00+00:00,62480.150000
2024-06-12T19:29:00+00:00,62157.190000
2024-06-12T19:34:00+00:00,62153.490000
2024-06-12T19:54:00+00:00,61619.790000
2024-06-13T05:09:00+00:00,61597.590000
2024-06-13T06:44:00+00:00,60990.390000
2024-06-13T09:24:00+00:00,60984.470000
2024-06-13T10:34:00+00:00,61274.550000
2024-06-13T10:34:00+00:00,61263.450000
2024-06-13T10:54:00+00:00,60659.850000
2024-06-13T14:14:00+00:00,60657.630000
2024-06-13T16:39:00+00:00,60946.410000
2024-06-13T16:39:00+00:00,60940.490000
2024-06-13T18:14:00+00:00,60937.530000
2024-06-13T18:24:00+00:00,61390.570000
2024-06-13T20:09:00+00:00,62147.610000
2024-06-13T20:09:00+00:00,62348.650000
2024-06-14T07:34:00+00:00,62341.990000
2024-06-14T08:09:00+00:00,61736.830000
2024-06-14T08:19:00+00:00,61730.910000
2024-06-14T09:09:00+00:00,61152.990000
2024-06-14T13:49:00+00:00,61150.030000
2024-06-14T14:44:00+00:00,60991.070000
2024-06-14T14:44:00+00:00,60988.110000
2024-06-14T17:34:00+00:00,60443.150000
2024-06-17T13:49:00+00:00,60440.190000
2024-06-17T13:54:00+00:00,60437.230000
2024-06-17T14:14:00+00:00,59914.270000
2024-06-17T15:09:00+00:00,59401.310000
2024-06-18T13:49:00+00:00,59396.870000
2024-06-18T16:59:00+00:00,59032.430000
2024-06-18T16:59:00+00:00,59029.470000
2024-06-18T20:09:00+00:00,58998.510000
2024-06-19T06:29:00+00:00,58978.530000
2024-06-19T06:34:00+00:00,58364.550000
2024-06-19T14:34:00+00:00,58357.150000
2024-06-20T00:54:00+00:00,57809.750000
2024-06-20T12:34:00+00:00,57796.430000
2024-06-20T12:44:00+00:00,57198.110000
2024-06-20T13:49:00+00:00,57193.670000
2024-06-20T14:09:00+00:00,56616.230000
2024-06-20T14:09:00+00:00,56613.270000
2024-06-20T16:24:00+00:00,57030.290000
2024-06-20T16:34:00+00:00,57726.310000
2024-06-20T17:49:00+00:00,57721.870000
2024-06-20T19:24:00+00:00,57162.430000
2024-06-21T10:49:00+00:00,57159.470000
2024-06-21T13:49:00+00:00,56772.510000
2024-06-21T13:49:00+00:00,56769.550000
2024-06-21T15:19:00+00:00,56198.590000
2024-06-24T07:09:00+00:00,56194.890000
2024-06-24T08:09:00+00:00,56351.190000
2024-06-24T08:09:00+00:00,56338.610000
2024-06-24T08:39:00+00:00,56328.990000
2024-06-24T08:54:00+00:00,56713.070000
2024-06-24T09:19:00+00:00,57019.130000
2024-06-24T09:34:00+00:00,57743.720000
2024-06-24T09:34:00+00:00,58342.290000
2024-06-24T13:39:00+00:00,58337.110000
2024-06-24T13:44:00+00:00,57761.430000
2024-06-24T13:49:00+00:00,57759.210000
2024-06-24T14:04:00+00:00,57185.490000
2024-06-24T14:34:00+00:00,57182.530000
2024-06-24T14:49:00+00:00,57536.550000
2024-06-24T15:04:00+00:00,57534.070000
2024-06-24T15:04:00+00:00,57528.890000
2024-06-24T16:59:00+00:00,56956.710000
2024-06-25T11:29:00+00:00,56947.090000
2024-06-25T13:39:00+00:00,57311.650000
2024-06-25T13:44:00+00:00,57302.970000
2024-06-25T14:04:00+00:00,57300.750000
2024-06-25T20:09:00+00:00,57826.530000
2024-06-26T06:09:00+00:00,57809.510000
2024-06-26T06:29:00+00:00,57205.990000
2024-06-26T07:29:00+00:00,57200.810000
2024-06-26T10:19:00+00:00,56684.630000
2024-06-26T13:49:00+00:00,56681.670000
2024-06-26T15:14:00+00:00,56208.710000
2024-06-27T11:39:00+00:00,56202.790000
2024-06-27T13:34:00+00:00,56574.830000
2024-06-27T13:34:00+00:00,57196.870000
2024-06-27T14:14:00+00:00,57195.390000
2024-06-27T15:29:00+00:00,56707.910000
2024-06-28T07:14:00+00:00,56697.550000
2024-06-28T12:19:00+00:00,57101.870000
2024-06-28T12:34:00+00:00,57779.190000
2024-06-28T12:49:00+00:00,57776.230000
2024-06-28T13:39:00+00:00,57774.750000
2024-06-28T13:49:00+00:00,57551.790000
2024-06-28T13:49:00+00:00,57395.310000
2024-06-28T13:54:00+00:00,57393.090000
2024-06-28T14:14:00+00:00,57651.850000
2024-06-28T14:59:00+00:00,57649.370000
2024-06-28T17:14:00+00:00,57646.410000
2024-06-28T19:09:00+00:00,57097.450000
2024-07-01T07:34:00+00:00,57093.010000
2024-07-01T08:14:00+00:00,57133.570000
2024-07-01T08:14:00+00:00,57129.130000
2024-07-01T08:44:00+00:00,56593.690000
2024-07-01T13:49:00+00:00,56592.210000
2024-07-01T14:09:00+00:00,56366.730000
2024-07-01T14:09:00+00:00,56364.510000
2024-07-01T14:14:00+00:00,55912.290000
2024-07-02T09:29:00+00:00,55907.850000
2024-07-02T13:34:00+00:00,55354.410000
2024-07-02T14:39:00+00:00,55352.930000
2024-07-02T20:09:00+00:00,55942.450000
2024-07-03T02:49:00+00:00,55932.090000
2024-07-03T03:24:00+00:00,55920.250000
2024-07-03T05:09:00+00:00,55492.410000
2024-07-03T06:14:00+00:00,54950.050000
2024-07-03T07:19:00+00:00,54935.990000
2024-07-03T07:49:00+00:00,54370.930000
2024-07-03T13:49:00+00:00,54367.230000
2024-07-03T15:19:00+00:00,54677.750000
2024-07-03T16:14:00+00:00,55455.530000
2024-07-04T00:04:00+00:00,55449.610000
2024-07-04T13:49:00+00:00,55439.250000
2024-07-05T00:44:00+00:00,54882.890000
2024-07-05T06:14:00+00:00,54368.970000
2024-07-05T12:19:00+00:00,54357.870000
2024-07-05T12:29:00+00:00,53821.770000
2024-07-05T13:59:00+00:00,53819.550000
2024-07-05T14:14:00+00:00,53682.330000
2024-07-05T14:14:00+00:00,53679.370000
2024-07-05T14:49:00+00:00,53236.410000
2024-07-08T11:14:00+00:00,53223.090000
2024-07-08T13:34:00+00:00,53614.680000
2024-07-08T13:34:00+00:00,53603.520000
2024-07-08T15:24:00+00:00,53600.560000
2024-07-08T16:14:00+00:00,53411.600000
2024-07-08T16:14:00+00:00,53407.160000
2024-07-08T19:59:00+00:00,52913.720000
2024-07-09T01:49:00+00:00,52903.360000
2024-07-09T04:59:00+00:00,52361.000000
2024-07-09T14:24:00+00:00,52357.300000
2024-07-09T14:29:00+00:00,52351.380000
2024-07-09T14:49:00+00:00,51853.460000
2024-07-09T16:49:00+00:00,52127.980000
2024-07-09T20:09:00+00:00,52385.260000
2024-07-10T02:09:00+00:00,52373.420000
2024-07-10T08:59:00+00:00,52745.500000
2024-07-10T11:39:00+00:00,53369.580000
2024-07-10T13:49:00+00:00,53365.880000
2024-07-10T15:04:00+00:00,52832.180000
2024-07-10T19:09:00+00:00,52824.040000
2024-07-10T19:49:00+00:00,52282.400000
2024-07-11T12:34:00+00:00,52270.560000
2024-07-11T12:39:00+00:00,51730.720000
2024-07-11T12:59:00+00:00,51729.240000
2024-07-11T13:34:00+00:00,51727.020000
2024-07-11T13:54:00+00:00,51724.800000
2024-07-11T14:14:00+00:00,51963.310000
2024-07-11T14:19:00+00:00,52250.570000
2024-07-11T14:19:00+00:00,53046.590000
2024-07-11T14:19:00+00:00,53243.850000
2024-07-11T14:24:00+00:00,53902.370000
2024-07-11T14:44:00+00:00,54381.630000
2024-07-11T16:54:00+00:00,54380.890000
2024-07-11T20:09:00+00:00,54363.650000
2024-07-12T09:29:00+00:00,54349.590000
2024-07-12T09:49:00+00:00,53784.530000
2024-07-12T11:24:00+00:00,53775.650000
2024-07-12T12:24:00+00:00,53244.770000
2024-07-12T13:49:00+00:00,53242.550000
2024-07-12T14:39:00+00:00,53449.560000
2024-07-12T16:04:00+00:00,53896.080000
2024-07-12T16:04:00+00:00,53893.860000
2024-07-12T17:34:00+00:00,53461.140000
2024-07-15T08:09:00+00:00,53454.480000
2024-07-15T11:44:00+00:00,53398.320000
2024-07-15T11:44:00+00:00,53382.780000
2024-07-15T12:04:00+00:00,53742.880000
2024-07-15T12:09:00+00:00,53729.240000
2024-07-15T14:09:00+00:00,53727.020000
2024-07-15T15:19:00+00:00,53944.530000
2024-07-15T15:49:00+00:00,53942.050000
2024-07-16T11:29:00+00:00,53929.470000
2024-07-16T12:34:00+00:00,54283.550000
2024-07-16T12:34:00+00:00,54272.390000
2024-07-16T13:49:00+00:00,54270.170000
2024-07-16T16:19:00+00:00,54516.180000
2024-07-16T18:44:00+00:00,54595.700000
2024-07-16T18:44:00+00:00,54593.480000
2024-07-16T20:09:00+00:00,54736.760000
2024-07-17T03:04:00+00:00,54729.360000
2024-07-17T03:34:00+00:00,54711.960000
2024-07-17T03:34:00+00:00,54693.460000
2024-07-17T03:44:00+00:00,54124.960000
2024-07-17T05:14:00+00:00,54120.520000
2024-07-17T06:24:00+00:00,54505.300000
2024-07-17T07:29:00+00:00,55148.080000
2024-07-17T13:59:00+00:00,55145.860000
2024-07-17T14:14:00+00:00,55362.620000
2024-07-17T16:29:00+00:00,56086.140000
2024-07-18T01:09:00+00:00,56075.040000
2024-07-18T01:19:00+00:00,56066.160000
2024-07-18T03:19:00+00:00,56433.730000
2024-07-18T03:34:00+00:00,57137.810000
2024-07-18T03:34:00+00:00,57556.370000
2024-07-18T03:54:00+00:00,57731.930000
2024-07-18T03:54:00+00:00,57724.530000
2024-07-18T06:14:00+00:00,58125.830000
2024-07-18T06:19:00+00:00,58797.130000
2024-07-18T10:39:00+00:00,58792.690000
2024-07-18T12:44:00+00:00,59193.220000
2024-07-18T13:44:00+00:00,59189.500000
2024-07-18T13:54:00+00:00,59188.020000
2024-07-18T14:59:00+00:00,59321.540000
2024-07-18T14:59:00+00:00,59318.580000
2024-07-18T15:09:00+00:00,58775.620000
2024-07-19T07:59:00+00:00,58772.660000
2024-07-19T10:09:00+00:00,59129.680000
2024-07-19T13:44:00+00:00,59725.700000
2024-07-19T14:14:00+00:00,59722.740000
2024-07-19T14:29:00+00:00,59229.780000
2024-07-19T14:29:00+00:00,59229.040000
2024-07-19T20:09:00+00:00,59434.800000
2024-07-22T13:49:00+00:00,59433.320000
2024-07-22T15:19:00+00:00,58877.840000
2024-07-23T15:14:00+00:00,58876.360000
2024-07-23T15:19:00+00:00,58874.880000
2024-07-23T16:24:00+00:00,58374.400000
2024-07-23T16:59:00+00:00,57893.920000
2024-07-24T07:59:00+00:00,57890.220000
2024-07-24T11:24:00+00:00,57841.520000
2024-07-24T11:24:00+00:00,57834.120000
2024-07-24T12:04:00+00:00,57271.720000
2024-07-24T13:59:00+00:00,57270.240000
2024-07-24T18:24:00+00:00,57694.750000
2024-07-24T19:39:00+00:00,58156.510000
2024-07-25T06:24:00+00:00,58148.370000
2024-07-25T06:44:00+00:00,58534.670000
2024-07-25T07:09:00+00:00,58527.230000
2024-07-25T13:54:00+00:00,58525.750000
2024-07-25T14:14:00+00:00,58900.760000
2024-07-25T14:39:00+00:00,58899.520000
2024-07-26T05:54:00+00:00,58894.340000
2024-07-26T06:14:00+00:00,58570.660000
2024-07-26T06:14:00+00:00,58566.220000
2024-07-26T08:14:00+00:00,58960.000000
2024-07-26T08:59:00+00:00,59617.780000
2024-07-26T13:49:00+00:00,59616.300000
2024-07-26T14:04:00+00:00,59200.820000
2024-07-26T14:39:00+00:00,59199.340000
2024-07-26T15:49:00+00:00,58718.860000
2024-07-26T17:39:00+00:00,58714.420000
2024-07-26T17:49:00+00:00,58151.980000
2024-07-29T06:59:00+00:00,58137.180000
2024-07-29T07:04:00+00:00,57532.380000
2024-07-29T13:44:00+00:00,57530.160000
2024-07-29T13:59:00+00:00,57528.680000
2024-07-29T14:14:00+00:00,56989.460000
2024-07-29T14:59:00+00:00,56440.980000
2024-07-29T17:34:00+00:00,56438.020000
2024-07-29T20:09:00+00:00,56965.060000
2024-07-30T06:34:00+00:00,56962.840000
2024-07-30T09:29:00+00:00,57142.120000
2024-07-30T09:29:00+00:00,57132.500000
2024-07-30T10:49:00+00:00,56563.880000
2024-07-30T13:49:00+00:00,56560.920000
2024-07-30T14:34:00+00:00,56958.440000
2024-07-30T15:04:00+00:00,57621.960000
2024-07-31T08:29:00+00:00,57617.520000
2024-07-31T09:54:00+00:00,57532.080000
2024-07-31T09:54:00+00:00,57526.900000
2024-07-31T11:49:00+00:00,56968.720000
2024-07-31T13:39:00+00:00,56965.760000
2024-07-31T14:04:00+00:00,56478.800000
2024-07-31T14:09:00+00:00,56477.320000
2024-07-31T20:09:00+00:00,56877.080000
2024-07-31T20:09:00+00:00,57158.340000
2024-08-01T06:09:00+00:00,57148.720000
2024-08-01T06:34:00+00:00,56580.100000
2024-08-01T07:14:00+00:00,56574.180000
2024-08-01T07:59:00+00:00,56048.260000
2024-08-01T13:39:00+00:00,56044.560000
2024-08-01T13:49:00+00:00,56343.080000
2024-08-01T13:49:00+00:00,56342.340000
2024-08-01T14:09:00+00:00,56338.620000
2024-08-01T14:24:00+00:00,56047.880000
2024-08-02T10:29:00+00:00,56044.920000
2024-08-02T10:39:00+00:00,55853.960000
2024-08-02T10:39:00+00:00,55851.000000
2024-08-02T12:34:00+00:00,56197.520000
2024-08-02T12:34:00+00:00,56195.040000
2024-08-02T12:39:00+00:00,56192.820000
2024-08-02T12:54:00+00:00,55682.100000
2024-08-02T13:44:00+00:00,55681.360000
2024-08-02T14:09:00+00:00,55295.120000
2024-08-02T14:09:00+00:00,55294.380000
2024-08-02T20:09:00+00:00,55142.140000
2024-08-05T10:04:00+00:00,55140.660000
2024-08-05T10:44:00+00:00,54612.180000
2024-08-05T13:49:00+00:00,54611.440000
2024-08-05T20:09:00+00:00,55091.200000
2024-08-06T05:34:00+00:00,55088.980000
2024-08-06T06:49:00+00:00,54576.760000
2024-08-06T09:09:00+00:00,54576.020000
2024-08-06T11:49:00+00:00,54573.800000
2024-08-06T12:39:00+00:00,54812.310000
2024-08-06T13:34:00+00:00,54809.830000
2024-08-06T14:04:00+00:00,54668.090000
2024-08-06T14:04:00+00:00,54667.350000
2024-08-06T19:04:00+00:00,54926.110000
2024-08-06T19:04:00+00:00,54923.150000
2024-08-06T19:29:00+00:00,54398.190000
2024-08-06T19:29:00+00:00,54393.010000
2024-08-06T19:44:00+00:00,53862.830000
2024-08-07T07:29:00+00:00,53862.090000
2024-08-07T07:39:00+00:00,53743.850000
2024-08-07T07:39:00+00:00,53740.890000
2024-08-07T07:54:00+00:00,53205.930000
2024-08-07T09:49:00+00:00,53201.490000
2024-08-07T10:59:00+00:00,52702.050000
2024-08-07T14:29:00+00:00,52700.570000
2024-08-07T14:49:00+00:00,52271.090000
2024-08-07T19:09:00+00:00,52269.610000
2024-08-07T19:54:00+00:00,51848.130000
2024-08-08T06:24:00+00:00,51846.650000
2024-08-08T07:29:00+00:00,51485.170000
2024-08-08T12:39:00+00:00,51484.430000
2024-08-08T13:49:00+00:00,51357.190000
2024-08-08T13:49:00+00:00,51356.450000
2024-08-08T14:04:00+00:00,51068.710000
2024-08-08T15:29:00+00:00,51067.970000
2024-08-08T17:24:00+00:00,51066.490000
2024-08-08T20:09:00+00:00,51362.750000
2024-08-08T20:09:00+00:00,51683.270000
2024-08-08T23:29:00+00:00,51678.830000
2024-08-09T00:34:00+00:00,52018.610000
2024-08-09T02:34:00+00:00,52014.890000
2024-08-09T13:49:00+00:00,52012.670000
2024-08-09T14:14:00+00:00,51503.450000
2024-08-11T22:09:00+00:00,51499.010000
2024-08-11T22:14:00+00:00,50978.570000
2024-08-11T22:19:00+00:00,50975.610000
2024-08-11T23:04:00+00:00,50494.650000
2024-08-11T23:54:00+00:00,50493.170000
2024-08-12T07:24:00+00:00,50422.690000
2024-08-12T07:24:00+00:00,50417.510000
2024-08-12T07:29:00+00:00,49964.330000
2024-08-12T07:34:00+00:00,49959.150000
2024-08-12T07:54:00+00:00,50258.430000
2024-08-12T08:59:00+00:00,50253.470000
2024-08-12T13:49:00+00:00,50251.990000
2024-08-12T14:14:00+00:00,49821.510000
2024-08-12T14:14:00+00:00,49820.030000
2024-08-12T15:29:00+00:00,49700.550000
2024-08-12T15:29:00+00:00,49695.370000
2024-08-12T15:54:00+00:00,49193.190000
2024-08-13T01:14:00+00:00,49187.270000
2024-08-13T02:54:00+00:00,48737.350000
2024-08-13T13:49:00+00:00,48735.870000
2024-08-13T16:44:00+00:00,48993.880000
2024-08-13T20:09:00+00:00,49424.390000
2024-08-13T22:09:00+00:00,49422.170000
2024-08-14T05:54:00+00:00,49382.450000
2024-08-14T05:54:00+00:00,49372.830000
2024-08-14T06:39:00+00:00,48888.710000
2024-08-14T13:54:00+00:00,48887.970000
2024-08-14T15:54:00+00:00,48593.730000
2024-08-14T16:24:00+00:00,48590.770000
2024-08-14T19:54:00+00:00,48159.810000
2024-08-15T06:44:00+00:00,48154.630000
2024-08-15T08:34:00+00:00,47708.450000
2024-08-15T12:39:00+00:00,47706.970000
2024-08-15T13:49:00+00:00,47704.750000
2024-08-15T13:54:00+00:00,47956.760000
2024-08-15T14:49:00+00:00,48377.270000
2024-08-15T15:19:00+00:00,48595.530000
2024-08-15T18:09:00+00:00,49324.050000
2024-08-16T14:09:00+00:00,49322.570000
2024-08-16T20:09:00+00:00,49564.090000
2024-08-19T03:49:00+00:00,49558.170000
2024-08-19T04:39:00+00:00,49900.210000
2024-08-19T06:09:00+00:00,50472.250000
2024-08-19T09:34:00+00:00,50467.810000
2024-08-19T13:09:00+00:00,50798.590000
2024-08-19T13:34:00+00:00,50847.370000
2024-08-19T13:34:00+00:00,50840.710000
2024-08-19T13:39:00+00:00,51176.750000
2024-08-19T13:39:00+00:00,51170.550000
2024-08-19T13:49:00+00:00,51167.590000
2024-08-19T14:04:00+00:00,50688.630000
2024-08-20T06:44:00+00:00,50683.450000
2024-08-20T08:39:00+00:00,50230.270000
2024-08-20T13:49:00+00:00,50228.050000
2024-08-20T14:19:00+00:00,49834.330000
2024-08-20T15:59:00+00:00,49832.110000
2024-08-20T16:54:00+00:00,49448.890000
2024-08-21T00:09:00+00:00,49431.130000
2024-08-21T00:34:00+00:00,48909.370000
2024-08-21T05:49:00+00:00,48899.010000
2024-08-21T06:49:00+00:00,49256.080000
2024-08-21T09:04:00+00:00,49854.650000
2024-08-21T13:54:00+00:00,49851.690000
2024-08-21T14:39:00+00:00,50159.210000
2024-08-21T14:39:00+00:00,50156.730000
2024-08-21T14:59:00+00:00,50155.250000
2024-08-21T18:04:00+00:00,49755.770000
2024-08-21T18:44:00+00:00,49752.070000
2024-08-21T20:09:00+00:00,49830.870000
2024-08-22T07:39:00+00:00,49824.950000
2024-08-22T09:19:00+00:00,49331.030000
2024-08-22T14:04:00+00:00,49328.810000
2024-08-22T14:49:00+00:00,49521.570000
2024-08-22T15:34:00+00:00,50165.090000
2024-08-22T23:14:00+00:00,50154.730000
2024-08-23T00:04:00+00:00,49668.370000
2024-08-23T06:54:00+00:00,49658.750000
2024-08-23T07:29:00+00:00,49168.130000
2024-08-23T13:54:00+00:00,49163.690000
2024-08-23T14:04:00+00:00,49519.220000
2024-08-23T14:04:00+00:00,49515.500000
2024-08-23T14:04:00+00:00,49514.760000
2024-08-23T14:49:00+00:00,49235.020000
2024-08-23T19:19:00+00:00,49234.280000
2024-08-23T20:09:00+00:00,49250.540000
2024-08-26T08:29:00+00:00,49239.440000
2024-08-26T10:44:00+00:00,49575.510000
2024-08-26T11:29:00+00:00,50219.590000
2024-08-26T13:49:00+00:00,50217.370000
2024-08-26T14:19:00+00:00,50431.130000
2024-08-26T14:34:00+00:00,51144.650000
2024-08-27T04:19:00+00:00,51140.210000
2024-08-27T06:09:00+00:00,51243.770000
2024-08-27T06:09:00+00:00,51229.710000
2024-08-27T07:09:00+00:00,50693.150000
2024-08-27T11:14:00+00:00,50687.230000
2024-08-27T12:09:00+00:00,50553.310000
2024-08-27T12:09:00+00:00,50550.350000
2024-08-27T13:04:00+00:00,50869.870000
2024-08-27T13:49:00+00:00,51403.390000
2024-08-27T13:54:00+00:00,51401.910000
2024-08-27T20:09:00+00:00,51794.430000
2024-08-28T01:49:00+00:00,51789.250000
2024-08-28T07:04:00+00:00,52113.280000
2024-08-28T07:59:00+00:00,52103.660000
2024-08-28T08:14:00+00:00,51600.040000
2024-08-28T08:59:00+00:00,52322.080000
2024-08-28T13:44:00+00:00,52319.860000
2024-08-28T13:49:00+00:00,52318.380000
2024-08-28T14:49:00+00:00,52527.640000
2024-08-28T15:14:00+00:00,53226.160000
2024-08-28T15:14:00+00:00,53543.420000
2024-08-28T18:04:00+00:00,54072.680000
2024-08-29T10:24:00+00:00,54068.980000
2024-08-29T13:34:00+00:00,53527.780000
2024-08-29T13:49:00+00:00,53527.040000
2024-08-29T18:34:00+00:00,53250.800000
2024-08-30T06:04:00+00:00,53233.780000
2024-08-30T06:09:00+00:00,52676.260000
2024-08-30T07:24:00+00:00,52669.600000
2024-08-30T07:39:00+00:00,52990.640000
2024-08-30T10:59:00+00:00,53661.940000
2024-08-30T10:59:00+00:00,53654.540000
2024-08-30T11:44:00+00:00,53112.140000
2024-08-30T12:09:00+00:00,53107.700000
2024-08-30T12:39:00+00:00,52644.260000
2024-08-30T13:54:00+00:00,52642.040000
2024-08-30T14:59:00+00:00,52228.820000
2024-09-02T14:04:00+00:00,52219.200000
2024-09-02T14:09:00+00:00,52214.020000
2024-09-02T14:34:00+00:00,51677.900000
2024-09-02T14:39:00+00:00,51172.220000
2024-09-02T14:39:00+00:00,51165.560000
2024-09-02T22:09:00+00:00,51161.120000
2024-09-02T22:39:00+00:00,50703.680000
2024-09-02T22:49:00+00:00,50188.520000
2024-09-03T05:29:00+00:00,50180.380000
2024-09-03T06:29:00+00:00,50510.430000
2024-09-03T06:39:00+00:00,50502.990000
2024-09-03T07:59:00+00:00,50494.110000
2024-09-03T08:29:00+00:00,50849.670000
2024-09-03T08:44:00+00:00,51445.230000
2024-09-03T11:24:00+00:00,51440.790000
2024-09-03T13:34:00+00:00,50932.350000
2024-09-03T13:54:00+00:00,50931.610000
2024-09-03T17:39:00+00:00,50930.130000
2024-09-03T19:29:00+00:00,51201.640000
2024-09-03T19:44:00+00:00,51909.650000
2024-09-03T19:49:00+00:00,52362.660000
2024-09-04T07:14:00+00:00,52357.480000
2024-09-04T09:49:00+00:00,52665.760000
2024-09-04T10:19:00+00:00,52660.800000
2024-09-04T13:49:00+00:00,52659.320000
2024-09-04T14:04:00+00:00,52157.840000
2024-09-05T05:19:00+00:00,52150.440000
2024-09-05T06:59:00+00:00,51623.040000
2024-09-05T07:14:00+00:00,51620.080000
2024-09-05T09:24:00+00:00,51191.120000
2024-09-05T13:54:00+00:00,51190.380000
2024-09-05T15:29:00+00:00,50890.140000
2024-09-06T05:54:00+00:00,50883.480000
2024-09-06T06:09:00+00:00,50408.820000
2024-09-06T06:14:00+00:00,50405.120000
2024-09-06T07:14:00+00:00,50669.140000
2024-09-06T07:19:00+00:00,51330.670000
2024-09-06T13:44:00+00:00,51329.930000
2024-09-06T13:59:00+00:00,51329.190000
2024-09-06T15:54:00+00:00,52128.450000
2024-09-06T20:09:00+00:00,52725.710000
2024-09-08T23:29:00+00:00,52723.490000
2024-09-09T04:14:00+00:00,52953.750000
2024-09-09T10:04:00+00:00,53722.270000
2024-09-09T13:59:00+00:00,53720.050000
2024-09-09T14:34:00+00:00,53219.830000
2024-09-09T23:59:00+00:00,53214.650000
2024-09-10T00:14:00+00:00,53518.430000
2024-09-10T04:34:00+00:00,54195.470000
2024-09-10T09:44:00+00:00,54190.290000
2024-09-10T10:34:00+00:00,54187.330000
2024-09-10T11:49:00+00:00,54515.860000
2024-09-10T12:14:00+00:00,55247.900000
2024-09-10T13:24:00+00:00,55634.920000
2024-09-10T13:44:00+00:00,55988.440000
2024-09-10T13:44:00+00:00,55986.220000
2024-09-10T14:14:00+00:00,55984.740000
2024-09-10T14:34:00+00:00,56102.520000
2024-09-10T14:34:00+00:00,55955.040000
2024-09-10T14:39:00+00:00,55952.080000
2024-09-10T14:54:00+00:00,55471.120000
2024-09-10T23:59:00+00:00,55463.720000
2024-09-11T01:14:00+00:00,55850.020000
2024-09-11T01:34:00+00:00,56496.320000
2024-09-11T05:39:00+00:00,56483.740000
2024-09-11T05:49:00+00:00,56855.820000
2024-09-11T06:04:00+00:00,57557.910000
2024-09-11T08:54:00+00:00,57549.030000
2024-09-11T09:54:00+00:00,57967.590000
2024-09-11T11:39:00+00:00,58668.150000
2024-09-11T13:09:00+00:00,58667.410000
2024-09-11T13:39:00+00:00,58544.670000
2024-09-11T13:39:00+00:00,58540.970000
2024-09-11T13:54:00+00:00,58539.490000
2024-09-11T14:04:00+00:00,58869.510000
2024-09-11T14:14:00+00:00,59696.040000
2024-09-11T14:34:00+00:00,60029.800000
2024-09-11T15:44:00+00:00,60028.560000
2024-09-12T02:59:00+00:00,60017.460000
2024-09-12T03:44:00+00:00,59398.860000
2024-09-12T05:39:00+00:00,59384.800000
2024-09-12T05:54:00+00:00,58781.740000
2024-09-12T06:24:00+00:00,58769.900000
2024-09-12T07:19:00+00:00,59201.980000
2024-09-12T07:29:00+00:00,59192.060000
2024-09-12T07:34:00+00:00,59187.620000
2024-09-12T08:04:00+00:00,58631.180000
2024-09-12T13:49:00+00:00,58628.960000
2024-09-12T14:14:00+00:00,58142.240000
2024-09-12T14:19:00+00:00,58140.760000
2024-09-12T20:09:00+00:00,58474.280000
2024-09-12T23:59:00+00:00,58462.440000
2024-09-13T00:39:00+00:00,57858.600000
2024-09-13T06:04:00+00:00,57853.420000
2024-09-13T07:39:00+00:00,57846.760000
2024-09-13T13:29:00+00:00,58224.800000
2024-09-13T13:39:00+00:00,58218.600000
2024-09-13T13:44:00+00:00,57646.420000
2024-09-13T14:09:00+00:00,57644.940000
2024-09-13T16:59:00+00:00,57643.460000
2024-09-13T20:09:00+00:00,57691.980000
2024-09-13T20:09:00+00:00,57597.500000
2024-09-15T22:09:00+00:00,57590.100000
2024-09-15T22:19:00+00:00,57037.700000
2024-09-16T02:39:00+00:00,57030.300000
2024-09-16T07:24:00+00:00,57025.860000
2024-09-16T10:29:00+00:00,57430.910000
2024-09-16T11:29:00+00:00,58108.460000
2024-09-16T12:09:00+00:00,58484.240000
2024-09-16T13:34:00+00:00,59112.020000
2024-09-16T13:54:00+00:00,59110.540000
2024-09-16T14:34:00+00:00,58651.060000
2024-09-16T14:39:00+00:00,58650.320000
2024-09-16T20:09:00+00:00,58455.080000
2024-09-17T01:39:00+00:00,58438.800000
2024-09-17T03:19:00+00:00,58202.520000
2024-09-17T03:19:00+00:00,58181.800000
2024-09-17T03:34:00+00:00,57573.080000
2024-09-17T03:39:00+00:00,57559.760000
2024-09-17T05:04:00+00:00,57971.600000
2024-09-17T05:29:00+00:00,58662.440000
2024-09-17T12:19:00+00:00,58655.780000
2024-09-17T12:34:00+00:00,58113.620000
2024-09-17T13:49:00+00:00,58111.400000
2024-09-17T13:54:00+00:00,58109.180000
2024-09-17T14:09:00+00:00,57631.460000
2024-09-17T14:49:00+00:00,57150.740000
2024-09-17T15:04:00+00:00,57147.040000
2024-09-17T15:19:00+00:00,56615.840000
2024-09-18T07:29:00+00:00,56606.960000
2024-09-18T08:34:00+00:00,57021.020000
2024-09-18T09:24:00+00:00,57013.580000
2024-09-18T13:39:00+00:00,57006.180000
2024-09-18T13:44:00+00:00,56463.780000
2024-09-18T14:19:00+00:00,56460.820000
2024-09-18T16:19:00+00:00,56619.860000
2024-09-18T16:19:00+00:00,56615.420000
2024-09-18T16:59:00+00:00,57015.950000
2024-09-18T17:44:00+00:00,57355.730000
2024-09-18T17:44:00+00:00,57350.550000
2024-09-18T18:04:00+00:00,57679.080000
2024-09-18T18:04:00+00:00,57674.120000
2024-09-19T13:54:00+00:00,57671.160000
2024-09-19T14:19:00+00:00,57094.200000
2024-09-19T16:09:00+00:00,57093.460000
2024-09-19T20:09:00+00:00,56959.220000
2024-09-20T03:24:00+00:00,56947.380000
2024-09-20T04:39:00+00:00,57361.460000
2024-09-20T05:24:00+00:00,57351.540000
2024-09-20T13:14:00+00:00,57347.100000
2024-09-20T13:39:00+00:00,56817.660000
2024-09-20T13:59:00+00:00,56815.440000
2024-09-20T15:19:00+00:00,57056.950000
2024-09-20T16:09:00+00:00,57054.470000
2024-09-23T13:49:00+00:00,57051.510000
2024-09-23T13:54:00+00:00,57048.550000
2024-09-23T17:04:00+00:00,56491.590000
2024-09-23T17:04:00+00:00,56014.630000
2024-09-24T10:54:00+00:00,56009.450000
2024-09-24T11:04:00+00:00,56355.980000
2024-09-24T13:09:00+00:00,56351.020000
2024-09-24T13:59:00+00:00,56348.060000
2024-09-24T14:04:00+00:00,56735.080000
2024-09-24T14:04:00+00:00,56732.600000
2024-09-25T03:19:00+00:00,56718.540000
2024-09-25T05:44:00+00:00,56153.480000
2024-09-25T09:39:00+00:00,56148.300000
2024-09-25T13:34:00+00:00,56474.580000
2024-09-25T13:39:00+00:00,57201.620000
2024-09-25T13:39:00+00:00,57197.920000
2024-09-25T13:59:00+00:00,57195.700000
2024-09-25T14:14:00+00:00,57494.220000
2024-09-25T15:54:00+00:00,57490.500000
2024-09-25T17:04:00+00:00,56922.780000
2024-09-26T13:54:00+00:00,56921.300000
2024-09-26T14:54:00+00:00,57221.310000
2024-09-26T16:09:00+00:00,57220.570000
2024-09-26T17:34:00+00:00,57526.830000
2024-09-26T17:34:00+00:00,57569.090000
2024-09-26T17:39:00+00:00,57565.390000
2024-09-26T18:19:00+00:00,57865.410000
2024-09-26T20:09:00+00:00,58443.690000
2024-09-27T05:34:00+00:00,58435.550000
2024-09-27T05:59:00+00:00,57838.910000
2024-09-27T09:29:00+00:00,57829.290000
2024-09-27T10:09:00+00:00,57241.170000
2024-09-27T12:59:00+00:00,57235.250000
2024-09-27T13:39:00+00:00,57625.290000
2024-09-27T14:04:00+00:00,57620.330000
2024-09-27T14:19:00+00:00,57618.110000
2024-09-27T20:09:00+00:00,58082.390000
2024-09-29T22:19:00+00:00,58079.430000
2024-09-30T02:14:00+00:00,57582.470000
2024-09-30T14:14:00+00:00,57580.250000
2024-09-30T18:24:00+00:00,57578.770000
2024-09-30T19:49:00+00:00,57016.290000
2024-09-30T19:59:00+00:00,56463.570000
2024-10-01T00:24:00+00:00,56456.170000
2024-10-01T00:49:00+00:00,55893.770000
2024-10-01T13:49:00+00:00,55893.030000
2024-10-01T17:39:00+00:00,56191.290000
2024-10-01T17:39:00+00:00,56189.070000
2024-10-01T18:04:00+00:00,56450.830000
2024-10-01T20:09:00+00:00,56838.350000
2024-10-02T06:54:00+00:00,56835.390000
2024-10-02T10:24:00+00:00,56966.430000
2024-10-02T10:24:00+00:00,56959.770000
2024-10-02T10:39:00+00:00,57319.810000
2024-10-02T11:14:00+00:00,57738.610000
2024-10-02T11:14:00+00:00,57734.170000
2024-10-02T12:44:00+00:00,57177.730000
2024-10-02T13:54:00+00:00,57175.510000
2024-10-02T14:19:00+00:00,57174.770000
2024-10-02T14:44:00+00:00,57418.530000
2024-10-02T20:09:00+00:00,57938.050000
2024-10-02T20:09:00+00:00,58014.810000
2024-10-03T00:09:00+00:00,58007.410000
2024-10-03T00:19:00+00:00,58423.710000
2024-10-03T01:34:00+00:00,59120.010000
2024-10-03T02:59:00+00:00,59115.570000
2024-10-03T05:49:00+00:00,59108.170000
2024-10-03T06:54:00+00:00,58520.770000
2024-10-03T07:29:00+00:00,58959.550000
2024-10-03T11:04:00+00:00,58955.830000
2024-10-03T12:29:00+00:00,58940.290000
2024-10-03T12:34:00+00:00,58336.750000
2024-10-03T13:39:00+00:00,58332.310000
2024-10-03T13:54:00+00:00,58330.830000
2024-10-03T13:59:00+00:00,58724.610000
2024-10-03T14:04:00+00:00,59382.390000
2024-10-03T14:19:00+00:00,59443.910000
2024-10-03T14:19:00+00:00,59440.950000
2024-10-03T14:44:00+00:00,59850.470000
2024-10-03T14:54:00+00:00,59847.990000
2024-10-04T07:19:00+00:00,59842.810000
2024-10-04T11:34:00+00:00,60193.840000
2024-10-04T12:34:00+00:00,60975.880000
2024-10-04T13:54:00+00:00,60973.660000
2024-10-04T14:14:00+00:00,61241.420000
2024-10-04T15:04:00+00:00,61238.940000
2024-10-07T01:54:00+00:00,61229.320000
2024-10-07T02:09:00+00:00,60621.700000
2024-10-07T13:14:00+00:00,60618.000000
2024-10-07T13:54:00+00:00,60299.300000
2024-10-07T13:54:00+00:00,60295.600000
2024-10-07T14:19:00+00:00,59701.900000
2024-10-08T02:49:00+00:00,59696.720000
2024-10-08T05:14:00+00:00,59450.040000
2024-10-08T05:14:00+00:00,59442.640000
2024-10-08T07:39:00+00:00,58880.240000
2024-10-08T13:54:00+00:00,58877.280000
2024-10-08T14:44:00+00:00,59289.800000
2024-10-08T19:34:00+00:00,59978.320000
2024-10-09T05:09:00+00:00,59964.260000
2024-10-09T05:34:00+00:00,59361.200000
2024-10-09T06:54:00+00:00,59350.840000
2024-10-09T07:14:00+00:00,58752.480000
2024-10-09T07:14:00+00:00,58746.560000
2024-10-09T08:04:00+00:00,58168.640000
2024-10-09T08:24:00+00:00,58160.500000
2024-10-09T08:49:00+00:00,57585.860000
2024-10-09T13:39:00+00:00,57579.200000
2024-10-09T13:44:00+00:00,57032.540000
2024-10-09T14:14:00+00:00,57029.580000
2024-10-09T15:24:00+00:00,57403.100000
2024-10-09T18:29:00+00:00,58026.620000
2024-10-09T23:29:00+00:00,58019.220000
2024-10-10T02:54:00+00:00,57471.820000
2024-10-10T05:09:00+00:00,57454.060000
2024-10-10T05:54:00+00:00,56860.300000
2024-10-10T13:49:00+00:00,56858.080000
2024-10-10T14:09:00+00:00,56386.360000
2024-10-10T17:54:00+00:00,56383.400000
2024-10-10T20:09:00+00:00,56390.440000
2024-10-11T03:14:00+00:00,56377.860000
2024-10-11T03:39:00+00:00,55795.780000
2024-10-11T13:49:00+00:00,55791.340000
2024-10-11T14:14:00+00:00,56178.370000
2024-10-11T14:29:00+00:00,56824.900000
2024-10-14T01:44:00+00:00,56814.540000
2024-10-14T02:04:00+00:00,56265.180000
2024-10-14T09:09:00+00:00,56261.480000
2024-10-14T13:14:00+00:00,56569.000000
2024-10-14T13:49:00+00:00,57339.280000
2024-10-14T13:49:00+00:00,57337.800000
2024-10-14T15:04:00+00:00,56944.320000
2024-10-15T00:09:00+00:00,56932.480000
2024-10-15T00:49:00+00:00,57352.560000
2024-10-15T00:49:00+00:00,57342.640000
2024-10-15T07:49:00+00:00,57335.240000
2024-10-15T08:39:00+00:00,57751.540000
2024-10-15T10:34:00+00:00,57745.340000
2024-10-15T13:34:00+00:00,57735.720000
2024-10-15T13:39:00+00:00,57180.100000
2024-10-15T14:14:00+00:00,57177.880000
2024-10-15T14:34:00+00:00,57407.390000
2024-10-15T14:39:00+00:00,58173.410000
2024-10-16T05:14:00+00:00,58151.210000
2024-10-16T05:29:00+00:00,57649.010000
2024-10-16T07:04:00+00:00,57637.910000
2024-10-16T07:24:00+00:00,58021.230000
2024-10-16T07:34:00+00:00,58011.310000
2024-10-16T07:39:00+00:00,58007.610000
2024-10-16T13:34:00+00:00,57498.910000
2024-10-16T13:59:00+00:00,57497.430000
2024-10-16T14:14:00+00:00,57175.950000
2024-10-16T14:14:00+00:00,57172.990000
2024-10-16T20:09:00+00:00,57412.030000
2024-10-17T00:34:00+00:00,57405.370000
2024-10-17T01:24:00+00:00,57272.710000
2024-10-17T01:24:00+00:00,57263.090000
2024-10-17T05:34:00+00:00,56713.970000
2024-10-17T14:04:00+00:00,56713.230000
2024-10-17T18:14:00+00:00,56711.010000
2024-10-17T20:09:00+00:00,56699.270000
2024-10-17T20:09:00+00:00,56827.550000
2024-10-18T09:24:00+00:00,56815.710000
2024-10-18T10:04:00+00:00,57229.790000
2024-10-18T10:44:00+00:00,57219.870000
2024-10-18T13:49:00+00:00,57216.910000
2024-10-18T14:09:00+00:00,57214.690000
2024-10-18T20:09:00+00:00,57519.730000
2024-10-18T20:09:00+00:00,57384.010000
2024-10-21T13:49:00+00:00,57381.050000
2024-10-21T14:44:00+00:00,56838.090000
2024-10-22T12:34:00+00:00,56829.950000
2024-10-22T12:44:00+00:00,57193.750000
2024-10-22T13:24:00+00:00,57186.310000
2024-10-22T13:54:00+00:00,57184.090000
2024-10-22T14:59:00+00:00,57182.610000
2024-10-22T18:04:00+00:00,57460.120000
2024-10-22T20:09:00+00:00,57713.640000
2024-10-22T20:09:00+00:00,57847.160000
2024-10-23T02:34:00+00:00,57836.800000
2024-10-23T07:24:00+00:00,57259.440000
2024-10-23T12:39:00+00:00,57250.560000
2024-10-23T13:34:00+00:00,57669.120000
2024-10-23T13:34:00+00:00,57661.680000
2024-10-23T14:04:00+00:00,57659.460000
2024-10-23T14:59:00+00:00,57656.500000
2024-10-23T16:09:00+00:00,58079.520000
2024-10-23T16:29:00+00:00,58315.780000
2024-10-23T17:04:00+00:00,59021.800000
2024-10-23T17:14:00+00:00,59810.320000
2024-10-24T03:14:00+00:00,59797.000000
2024-10-24T03:29:00+00:00,59198.680000
2024-10-24T07:09:00+00:00,59192.020000
2024-10-24T08:14:00+00:00,59561.060000
2024-10-24T12:34:00+00:00,60332.360000
2024-10-24T13:49:00+00:00,60329.400000
2024-10-24T14:04:00+00:00,59732.440000
2024-10-25T07:14:00+00:00,59726.520000
2024-10-25T08:09:00+00:00,60028.600000
2024-10-25T08:09:00+00:00,60018.240000
2024-10-25T09:14:00+00:00,59405.880000
2024-10-25T13:49:00+00:00,59404.400000
2024-10-25T17:44:00+00:00,58903.920000
2024-10-27T22:09:00+00:00,58898.740000
2024-10-28T01:04:00+00:00,59243.560000
2024-10-28T01:04:00+00:00,59234.680000
2024-10-28T04:54:00+00:00,58643.800000
2024-10-28T05:14:00+00:00,58627.520000
2024-10-28T05:44:00+00:00,59048.380000
2024-10-28T06:04:00+00:00,59755.240000
2024-10-28T08:24:00+00:00,59748.580000
2024-10-28T10:14:00+00:00,60214.420000
2024-10-28T10:14:00+00:00,60196.660000
2024-10-28T10:59:00+00:00,60628.780000
2024-10-28T11:04:00+00:00,61354.900000
2024-10-28T13:54:00+00:00,61352.680000
2024-10-28T20:09:00+00:00,61573.960000
2024-10-28T23:54:00+00:00,61566.560000
2024-10-29T00:14:00+00:00,61557.680000
2024-10-29T00:39:00+00:00,60942.800000
2024-10-29T01:29:00+00:00,60590.400000
2024-10-29T01:29:00+00:00,60583.000000
2024-10-29T03:49:00+00:00,60015.600000
2024-10-29T14:04:00+00:00,60013.380000
2024-10-29T17:04:00+00:00,60308.140000
2024-10-29T20:09:00+00:00,61132.660000
2024-10-29T23:09:00+00:00,61124.520000
2024-10-30T00:19:00+00:00,60516.880000
2024-10-30T14:19:00+00:00,60515.400000
2024-10-30T19:54:00+00:00,59967.920000
2024-10-31T13:49:00+00:00,59967.180000
2024-10-31T20:09:00+00:00,60210.940000
2024-11-01T02:29:00+00:00,60204.280000
2024-11-01T04:54:00+00:00,60467.620000
2024-11-01T04:54:00+00:00,60448.380000
2024-11-01T05:09:00+00:00,59831.140000
2024-11-01T11:54:00+00:00,59817.820000
2024-11-01T12:34:00+00:00,60243.160000
2024-11-01T12:34:00+00:00,60232.000000
2024-11-01T13:39:00+00:00,60228.300000
2024-11-01T13:59:00+00:00,60226.820000
2024-11-01T14:14:00+00:00,60561.340000
2024-11-01T14:29:00+00:00,61399.120000
2024-11-01T19:34:00+00:00,61366.640000
2024-11-04T13:04:00+00:00,61363.680000
2024-11-04T14:29:00+00:00,60838.720000
2024-11-04T14:49:00+00:00,60836.500000
2024-11-04T15:19:00+00:00,60835.020000
2024-11-04T17:09:00+00:00,60369.300000
2024-11-04T21:09:00+00:00,60169.820000
2024-11-05T03:39:00+00:00,60152.060000
2024-11-05T04:44:00+00:00,60593.180000
2024-11-05T05:19:00+00:00,60578.300000
2024-11-05T07:29:00+00:00,60563.500000
2024-11-05T08:14:00+00:00,60998.600000
2024-11-05T08:34:00+00:00,60986.200000
2024-11-05T14:04:00+00:00,60978.800000
2024-11-05T14:19:00+00:00,60376.400000
2024-11-05T14:49:00+00:00,60374.920000
2024-11-05T16:14:00+00:00,60374.180000
2024-11-05T20:14:00+00:00,60369.000000
2024-11-05T20:49:00+00:00,60666.520000
2024-11-05T20:49:00+00:00,60729.280000
2024-11-05T20:49:00+00:00,60717.100000
2024-11-06T14:54:00+00:00,60715.620000
2024-11-06T15:19:00+00:00,60257.140000
2024-11-07T14:59:00+00:00,60255.660000
2024-11-07T21:09:00+00:00,60776.180000
2024-11-08T04:39:00+00:00,60765.080000
2024-11-08T05:39:00+00:00,60168.980000
2024-11-08T06:14:00+00:00,60156.400000
2024-11-08T08:14:00+00:00,60564.480000
2024-11-08T08:19:00+00:00,60553.320000
2024-11-08T14:49:00+00:00,60548.140000
2024-11-08T15:09:00+00:00,60544.440000
2024-11-08T15:24:00+00:00,60889.260000
2024-11-08T15:24:00+00:00,60833.060000
2024-11-08T15:29:00+00:00,60827.140000
2024-11-08T18:39:00+00:00,61268.180000
2024-11-08T21:09:00+00:00,61525.220000
2024-11-11T02:09:00+00:00,61520.040000
2024-11-11T08:29:00+00:00,60912.860000
2024-11-11T13:24:00+00:00,60904.720000
2024-11-11T14:34:00+00:00,61291.020000
2024-11-11T14:39:00+00:00,62066.580000
2024-11-11T14:49:00+00:00,62064.360000
2024-11-11T15:49:00+00:00,62062.880000
2024-11-11T21:09:00+00:00,61840.160000
2024-11-11T21:09:00+00:00,61767.680000
2024-11-12T07:54:00+00:00,61761.020000
2024-11-12T09:09:00+00:00,61421.360000
2024-11-12T09:09:00+00:00,61411.000000
2024-11-12T09:34:00+00:00,60777.640000
2024-11-12T10:49:00+00:00,60772.460000
2024-11-12T12:59:00+00:00,61292.280000
2024-11-12T12:59:00+00:00,61281.920000
2024-11-12T13:24:00+00:00,60676.560000
2024-11-12T16:09:00+00:00,60673.600000
2024-11-12T16:59:00+00:00,60874.640000
2024-11-12T16:59:00+00:00,60868.720000
2024-11-12T17:54:00+00:00,60302.800000
2024-11-13T06:59:00+00:00,60293.920000
2024-11-13T08:34:00+00:00,60730.480000
2024-11-13T08:59:00+00:00,61461.040000
2024-11-13T12:44:00+00:00,61455.860000
2024-11-13T13:34:00+00:00,60876.680000
2024-11-13T14:49:00+00:00,60872.980000
2024-11-13T17:09:00+00:00,60324.280000
2024-11-14T10:49:00+00:00,60314.660000
2024-11-14T13:34:00+00:00,60701.720000
2024-11-14T13:34:00+00:00,60693.040000
2024-11-14T14:49:00+00:00,60687.860000
2024-11-14T15:19:00+00:00,60686.380000
2024-11-14T15:34:00+00:00,60534.200000
2024-11-14T15:34:00+00:00,60307.720000
2024-11-14T15:39:00+00:00,60303.280000
2024-11-14T16:04:00+00:00,60097.840000
2024-11-14T16:04:00+00:00,60095.620000
2024-11-14T20:44:00+00:00,60324.380000
2024-11-14T21:09:00+00:00,60830.900000
2024-11-15T12:24:00+00:00,60819.060000
2024-11-15T12:54:00+00:00,60215.220000
2024-11-15T15:04:00+00:00,60213.740000
2024-11-15T16:54:00+00:00,60519.000000
2024-11-15T18:59:00+00:00,61028.260000
2024-11-18T09:09:00+00:00,61019.380000
2024-11-18T09:34:00+00:00,61451.440000
2024-11-18T13:04:00+00:00,62174.500000
2024-11-18T14:34:00+00:00,62164.140000
2024-11-18T14:39:00+00:00,61565.780000
2024-11-18T14:54:00+00:00,61562.080000
2024-11-18T15:04:00+00:00,60988.380000
2024-11-18T15:09:00+00:00,60984.680000
2024-11-18T15:34:00+00:00,61325.200000
2024-11-18T16:39:00+00:00,62177.980000
2024-11-18T18:04:00+00:00,62171.320000
2024-11-18T18:44:00+00:00,61561.660000
2024-11-18T19:04:00+00:00,61557.220000
2024-11-18T19:19:00+00:00,61003.780000
2024-11-19T00:39:00+00:00,60992.680000
2024-11-19T01:59:00+00:00,60374.080000
2024-11-19T07:09:00+00:00,60365.200000
2024-11-19T07:29:00+00:00,60314.320000
2024-11-19T07:29:00+00:00,60298.040000
2024-11-19T08:04:00+00:00,60735.400000
2024-11-19T08:14:00+00:00,60721.760000
2024-11-19T08:19:00+00:00,60715.100000
2024-11-19T08:39:00+00:00,61081.140000
2024-11-19T08:39:00+00:00,61846.190000
2024-11-19T15:29:00+00:00,61843.970000
2024-11-19T18:39:00+00:00,62126.730000
2024-11-19T21:09:00+00:00,62862.250000
2024-11-20T14:59:00+00:00,62860.770000
2024-11-20T20:59:00+00:00,62290.290000
2024-11-21T07:34:00+00:00,62286.590000
2024-11-21T07:49:00+00:00,61760.390000
2024-11-21T14:39:00+00:00,61756.690000
2024-11-21T14:49:00+00:00,61200.490000
2024-11-21T15:04:00+00:00,61199.750000
2024-11-21T15:19:00+00:00,61060.510000
2024-11-21T15:19:00+00:00,61057.550000
2024-11-21T15:24:00+00:00,60446.590000
2024-11-22T06:09:00+00:00,60438.450000
2024-11-22T09:09:00+00:00,59869.310000
2024-11-22T15:14:00+00:00,59867.090000
2024-11-22T15:44:00+00:00,59420.870000
2024-11-22T15:44:00+00:00,59418.650000
2024-11-22T16:24:00+00:00,58915.430000
2024-11-22T20:09:00+00:00,58910.990000
2024-11-22T20:59:00+00:00,58369.550000
2024-11-25T03:34:00+00:00,58348.090000
2024-11-25T04:24:00+00:00,57746.630000
2024-11-25T06:09:00+00:00,57724.430000
2024-11-25T07:14:00+00:00,57447.230000
2024-11-25T07:14:00+00:00,57427.990000
2024-11-25T07:34:00+00:00,56823.750000
2024-11-25T12:24:00+00:00,56811.170000
2024-11-25T13:44:00+00:00,57201.250000
2024-11-25T13:49:00+00:00,57937.090000
2024-11-25T14:34:00+00:00,57930.430000
2024-11-25T14:39:00+00:00,57343.270000
2024-11-25T14:54:00+00:00,57340.310000
2024-11-25T17:19:00+00:00,57707.830000
2024-11-25T17:59:00+00:00,58020.350000
2024-11-25T17:59:00+00:00,58015.910000
2024-11-25T21:09:00+00:00,58554.470000
2024-11-25T23:09:00+00:00,58552.250000
2024-11-25T23:49:00+00:00,58095.530000
2024-11-26T07:09:00+00:00,58086.650000
2024-11-26T08:39:00+00:00,58505.210000
2024-11-26T09:09:00+00:00,58497.770000
2024-11-26T14:29:00+00:00,58486.670000
2024-11-26T14:34:00+00:00,57898.070000
2024-11-26T14:49:00+00:00,57895.850000
2024-11-26T15:04:00+00:00,57424.130000
2024-11-27T11:19:00+00:00,57417.470000
2024-11-27T12:54:00+00:00,56870.810000
2024-11-27T14:19:00+00:00,56865.630000
2024-11-27T14:34:00+00:00,56352.950000
2024-11-27T14:54:00+00:00,56351.470000
2024-11-27T16:54:00+00:00,56643.230000
2024-11-27T21:09:00+00:00,56703.990000
2024-11-28T15:19:00+00:00,56694.370000
2024-11-28T23:04:00+00:00,56145.250000
2024-11-29T00:14:00+00:00,56139.330000
2024-11-29T02:59:00+00:00,55593.410000
2024-11-29T14:09:00+00:00,55588.230000
2024-11-29T14:34:00+00:00,55075.550000
2024-11-29T14:34:00+00:00,55069.630000
2024-11-29T14:39:00+00:00,54547.710000
2024-11-29T14:54:00+00:00,54546.230000
2024-12-02T04:09:00+00:00,54530.690000
2024-12-02T08:04:00+00:00,54905.790000
2024-12-02T09:54:00+00:00,54892.150000
2024-12-02T13:19:00+00:00,55164.410000
2024-12-02T14:39:00+00:00,55618.670000
2024-12-02T14:49:00+00:00,55617.190000
2024-12-02T21:09:00+00:00,55944.710000
2024-12-03T07:19:00+00:00,55923.990000
2024-12-03T08:09:00+00:00,56323.130000
2024-12-03T08:14:00+00:00,56305.770000
2024-12-03T08:19:00+00:00,56297.630000
2024-12-03T12:29:00+00:00,56580.990000
2024-12-03T12:29:00+00:00,56570.630000
2024-12-03T13:59:00+00:00,56266.270000
2024-12-03T13:59:00+00:00,56253.690000
2024-12-03T14:09:00+00:00,56643.770000
2024-12-03T14:09:00+00:00,56632.610000
2024-12-03T15:04:00+00:00,56630.390000
2024-12-03T21:09:00+00:00,57166.670000
2024-12-04T03:44:00+00:00,57153.350000
2024-12-04T05:34:00+00:00,57565.190000
2024-12-04T06:34:00+00:00,57554.030000
2024-12-04T06:49:00+00:00,57538.490000
2024-12-04T08:39:00+00:00,57936.090000
2024-12-04T08:54:00+00:00,58670.450000
2024-12-04T15:09:00+00:00,58666.750000
2024-12-04T18:59:00+00:00,58661.570000
2024-12-04T19:34:00+00:00,58954.090000
2024-12-04T20:39:00+00:00,59305.120000
2024-12-04T21:09:00+00:00,59823.400000
2024-12-04T21:09:00+00:00,60238.440000
2024-12-04T23:44:00+00:00,60232.520000
2024-12-05T03:14:00+00:00,60230.600000
2024-12-05T03:14:00+00:00,60220.980000
2024-12-05T05:34:00+00:00,60185.360000
2024-12-05T05:34:00+00:00,60163.160000
2024-12-05T06:04:00+00:00,60065.960000
2024-12-05T06:04:00+00:00,60048.200000
2024-12-05T06:54:00+00:00,59430.440000
2024-12-05T08:19:00+00:00,59420.080000
2024-12-05T12:59:00+00:00,59834.900000
2024-12-05T14:49:00+00:00,60050.220000
2024-12-05T14:49:00+00:00,60043.560000
2024-12-05T17:14:00+00:00,59438.400000
2024-12-06T07:29:00+00:00,59416.200000
2024-12-06T08:19:00+00:00,58869.000000
2024-12-06T14:49:00+00:00,58867.520000
2024-12-06T21:09:00+00:00,59076.040000
2024-12-09T07:29:00+00:00,59064.940000
2024-12-09T07:39:00+00:00,59464.010000
2024-12-09T09:09:00+00:00,59454.090000
2024-12-09T09:09:00+00:00,59442.990000
2024-12-09T09:44:00+00:00,59831.560000
2024-12-09T10:19:00+00:00,60575.640000
2024-12-09T11:39:00+00:00,60572.680000
2024-12-09T14:49:00+00:00,60191.720000
2024-12-09T14:49:00+00:00,60188.760000
2024-12-09T14:54:00+00:00,60185.800000
2024-12-09T15:29:00+00:00,59682.840000
2024-12-09T15:29:00+00:00,59169.880000
2024-12-10T14:59:00+00:00,59166.180000
2024-12-10T15:04:00+00:00,58849.980000
2024-12-10T15:04:00+00:00,58847.020000
2024-12-10T15:59:00+00:00,58266.060000
2024-12-10T17:29:00+00:00,58260.140000
2024-12-10T19:04:00+00:00,57698.220000
2024-12-11T04:59:00+00:00,57676.020000
2024-12-11T06:59:00+00:00,58036.170000
2024-12-11T07:14:00+00:00,58017.570000
2024-12-11T07:14:00+00:00,57999.070000
2024-12-11T07:29:00+00:00,58395.190000
2024-12-11T07:39:00+00:00,59116.820000
2024-12-11T14:49:00+00:00,59114.600000
2024-12-11T20:19:00+00:00,59404.110000
2024-12-11T21:09:00+00:00,59754.630000
2024-12-12T03:44:00+00:00,59732.430000
2024-12-12T04:44:00+00:00,59215.230000
2024-12-12T08:09:00+00:00,59199.690000
2024-12-12T08:39:00+00:00,58585.650000
2024-12-12T15:09:00+00:00,58581.210000
2024-12-12T15:24:00+00:00,58015.770000
2024-12-12T19:39:00+00:00,58006.890000
2024-12-12T20:14:00+00:00,57422.010000
2024-12-13T07:09:00+00:00,57405.730000
2024-12-13T08:19:00+00:00,56817.450000
2024-12-13T09:39:00+00:00,56801.910000
2024-12-13T09:44:00+00:00,56219.370000
2024-12-13T12:09:00+00:00,56214.930000
2024-12-13T14:44:00+00:00,56574.960000
2024-12-13T14:49:00+00:00,57176.490000
2024-12-13T15:44:00+00:00,57175.750000
2024-12-13T16:24:00+00:00,57210.010000
2024-12-13T16:24:00+00:00,57206.310000
2024-12-13T19:29:00+00:00,57524.330000
2024-12-13T20:49:00+00:00,58018.610000
2024-12-16T05:59:00+00:00,58002.330000
2024-12-16T07:34:00+00:00,58423.190000
2024-12-16T07:54:00+00:00,58412.830000
2024-12-16T09:14:00+00:00,59119.690000
2024-12-16T09:19:00+00:00,59539.760000
2024-12-16T10:04:00+00:00,60243.330000
2024-12-16T13:19:00+00:00,60238.150000
2024-12-16T14:54:00+00:00,60604.930000
2024-12-16T14:54:00+00:00,60601.970000
2024-12-16T15:34:00+00:00,61419.010000
2024-12-16T17:39:00+00:00,61843.530000
2024-12-16T20:09:00+00:00,62552.050000
2024-12-16T23:14:00+00:00,62548.350000
2024-12-17T01:14:00+00:00,62517.150000
2024-12-17T01:14:00+00:00,62503.090000
2024-12-17T02:04:00+00:00,62928.430000
2024-12-17T03:54:00+00:00,63341.030000
2024-12-17T03:54:00+00:00,63318.830000
2024-12-17T05:49:00+00:00,63712.730000
2024-12-17T06:29:00+00:00,64376.630000
2024-12-17T11:24:00+00:00,64373.670000
2024-12-17T13:04:00+00:00,63776.710000
2024-12-17T14:49:00+00:00,63773.010000
2024-12-17T15:04:00+00:00,63224.310000
2024-12-17T15:04:00+00:00,63222.090000
2024-12-17T16:34:00+00:00,62711.370000
2024-12-17T16:59:00+00:00,62704.710000
2024-12-17T19:04:00+00:00,63097.750000
2024-12-17T21:09:00+00:00,63489.050000
2024-12-18T12:34:00+00:00,63472.030000
2024-12-18T13:34:00+00:00,63909.390000
2024-12-18T13:44:00+00:00,64710.510000
2024-12-18T15:14:00+00:00,64708.290000
2024-12-18T16:34:00+00:00,64706.070000
2024-12-18T19:04:00+00:00,64106.850000
2024-12-18T19:04:00+00:00,63590.130000
2024-12-19T10:44:00+00:00,63582.730000
2024-12-19T12:09:00+00:00,62960.330000
2024-12-19T14:54:00+00:00,62958.850000
2024-12-19T18:04:00+00:00,63418.370000
2024-12-19T18:04:00+00:00,63415.410000
2024-12-19T18:59:00+00:00,63848.930000
2024-12-19T20:14:00+00:00,63846.450000
2024-12-20T14:44:00+00:00,63845.710000
2024-12-20T15:14:00+00:00,63844.230000
2024-12-20T16:04:00+00:00,64314.490000
2024-12-20T16:39:00+00:00,65098.750000
2024-12-20T21:09:00+00:00,65670.510000
2024-12-23T14:49:00+00:00,65668.290000
2024-12-23T16:44:00+00:00,65078.070000
2024-12-23T20:19:00+00:00,65072.890000
2024-12-23T20:44:00+00:00,65459.920000
2024-12-23T21:09:00+00:00,65988.960000
2024-12-24T03:14:00+00:00,65971.200000
2024-12-24T04:24:00+00:00,66448.320000
2024-12-24T04:49:00+00:00,66433.440000
2024-12-24T06:59:00+00:00,66411.240000
2024-12-24T07:04:00+00:00,65759.040000
2024-12-24T08:14:00+00:00,65752.380000
2024-12-24T08:54:00+00:00,65746.460000
2024-12-24T09:09:00+00:00,65091.800000
2024-12-24T09:14:00+00:00,64469.880000
2024-12-24T14:54:00+00:00,64466.920000
2024-12-24T15:59:00+00:00,65111.960000
2024-12-24T15:59:00+00:00,65101.600000
2024-12-24T16:19:00+00:00,64440.240000
2024-12-26T08:09:00+00:00,64430.620000
2024-12-26T08:24:00+00:00,64871.680000
2024-12-26T08:34:00+00:00,65732.750000
2024-12-26T10:24:00+00:00,65725.350000
2024-12-26T12:04:00+00:00,66209.150000
2024-12-26T13:34:00+00:00,66202.950000
2024-12-26T14:49:00+00:00,66198.510000
2024-12-26T14:54:00+00:00,66686.790000
2024-12-26T14:54:00+00:00,66683.070000
2024-12-26T14:54:00+00:00,66678.630000
2024-12-26T14:59:00+00:00,66083.190000
2024-12-27T15:04:00+00:00,66082.450000
2024-12-27T16:59:00+00:00,66081.710000
2024-12-27T21:09:00+00:00,65842.970000
2024-12-27T21:09:00+00:00,65494.730000
2024-12-30T14:59:00+00:00,65493.250000
2024-12-30T16:24:00+00:00,64978.770000
2024-12-31T13:19:00+00:00,64970.630000
2024-12-31T13:54:00+00:00,64918.490000
2024-12-31T13:54:00+00:00,64914.050000
2024-12-31T14:34:00+00:00,64911.090000
2024-12-31T14:39:00+00:00,65343.120000
2024-12-31T14:39:00+00:00,65339.400000
2024-12-31T14:54:00+00:00,65734.440000
2024-12-31T14:54:00+00:00,65731.480000
2024-12-31T15:09:00+00:00,65244.520000
2024-12-31T15:09:00+00:00,65243.040000
2024-12-31T19:14:00+00:00,65566.560000
2024-12-31T19:14:00+00:00,65561.380000
2024-12-31T19:24:00+00:00,64926.200000
2024-12-31T19:24:00+00:00,64924.720000
2024-12-31T20:19:00+00:00,64923.240000
2024-12-31T21:09:00+00:00,64778.760000
2024-12-31T21:09:00+00:00,64798.280000
2025-01-02T00:49:00+00:00,64796.060000
2025-01-02T05:19:00+00:00,65045.070000
2025-01-02T11:49:00+00:00,65876.090000
2025-01-02T14:54:00+00:00,65873.870000
2025-01-02T15:24:00+00:00,65259.650000
2025-01-02T20:04:00+00:00,65254.470000
2025-01-02T20:14:00+00:00,64615.790000
2025-01-03T07:24:00+00:00,64606.170000
2025-01-03T08:04:00+00:00,65038.230000
2025-01-03T08:29:00+00:00,65029.550000
2025-01-03T16:34:00+00:00,65028.810000
2025-01-03T21:09:00+00:00,65118.070000
2025-01-06T08:24:00+00:00,65105.490000
2025-01-06T08:39:00+00:00,64463.910000
2025-01-06T14:24:00+00:00,64460.210000
2025-01-06T14:34:00+00:00,63886.510000
2025-01-06T14:34:00+00:00,63884.290000
2025-01-06T14:49:00+00:00,63882.070000
2025-01-06T18:49:00+00:00,63240.850000
2025-01-06T19:04:00+00:00,62686.630000
2025-01-07T02:49:00+00:00,62677.750000
2025-01-07T03:04:00+00:00,63132.310000
2025-01-07T05:24:00+00:00,63892.870000
2025-01-07T08:19:00+00:00,63883.250000
2025-01-07T08:39:00+00:00,63262.630000
2025-01-07T10:19:00+00:00,63258.190000
2025-01-07T14:39:00+00:00,62650.750000
2025-01-07T14:39:00+00:00,62643.350000
2025-01-07T14:44:00+00:00,62030.950000
2025-01-07T15:04:00+00:00,62030.210000
2025-01-07T21:09:00+00:00,62468.970000
2025-01-08T12:44:00+00:00,62463.050000
2025-01-08T13:04:00+00:00,62910.090000
2025-01-08T13:04:00+00:00,62905.130000
2025-01-08T15:04:00+00:00,62902.910000
2025-01-08T15:14:00+00:00,62311.190000
2025-01-08T15:19:00+00:00,62309.710000
2025-01-08T21:09:00+00:00,62021.230000
2025-01-09T06:34:00+00:00,62014.570000
2025-01-09T07:19:00+00:00,61400.410000
2025-01-10T07:19:00+00:00,61393.750000
2025-01-10T09:14:00+00:00,60829.090000
2025-01-10T14:49:00+00:00,60828.350000
2025-01-10T21:09:00+00:00,60880.610000
2025-01-12T23:54:00+00:00,60876.170000
2025-01-13T01:39:00+00:00,61314.950000
2025-01-13T03:24:00+00:00,62047.730000
2025-01-13T12:24:00+00:00,62044.030000
2025-01-13T14:39:00+00:00,61470.330000
2025-01-13T14:54:00+00:00,61468.850000
2025-01-13T14:59:00+00:00,61467.370000
2025-01-13T15:59:00+00:00,61421.890000
2025-01-13T15:59:00+00:00,61404.410000
2025-01-13T16:04:00+00:00,61399.970000
2025-01-13T17:19:00+00:00,60810.530000
2025-01-14T01:09:00+00:00,60806.090000
2025-01-14T08:19:00+00:00,60255.650000
2025-01-14T10:39:00+00:00,60250.470000
2025-01-14T11:34:00+00:00,59699.290000
2025-01-14T13:39:00+00:00,59691.150000
2025-01-14T13:44:00+00:00,59083.510000
2025-01-14T14:54:00+00:00,59082.030000
2025-01-14T15:14:00+00:00,58783.550000
2025-01-14T15:14:00+00:00,58781.330000
2025-01-14T15:39:00+00:00,58194.110000
2025-01-14T15:49:00+00:00,58191.150000
2025-01-14T16:04:00+00:00,57634.190000
2025-01-15T08:34:00+00:00,57629.010000
2025-01-15T11:49:00+00:00,57962.040000
2025-01-15T13:34:00+00:00,58704.080000
2025-01-15T13:39:00+00:00,58701.120000
2025-01-15T14:39:00+00:00,58124.160000
2025-01-15T14:49:00+00:00,58123.420000
2025-01-15T21:09:00+00:00,58177.180000
2025-01-16T12:09:00+00:00,58167.560000
2025-01-16T12:54:00+00:00,58550.120000
2025-01-16T13:04:00+00:00,59297.440000
2025-01-16T14:39:00+00:00,59286.340000
2025-01-16T14:44:00+00:00,59690.660000
2025-01-16T14:44:00+00:00,59680.740000
2025-01-16T14:49:00+00:00,59679.260000
2025-01-16T21:09:00+00:00,60288.780000
2025-01-17T07:54:00+00:00,60277.680000
2025-01-17T08:54:00+00:00,60682.000000
2025-01-17T09:04:00+00:00,61456.080000
2025-01-17T18:14:00+00:00,61455.340000
2025-01-17T21:09:00+00:00,61332.100000
2025-01-20T01:24:00+00:00,61329.140000
2025-01-20T07:49:00+00:00,60820.180000
2025-01-20T12:39:00+00:00,60809.820000
2025-01-20T13:04:00+00:00,60197.460000
2025-01-20T13:39:00+00:00,60194.500000
2025-01-20T14:34:00+00:00,60616.020000
2025-01-20T15:19:00+00:00,60939.540000
2025-01-20T15:19:00+00:00,60936.580000
2025-01-21T00:24:00+00:00,60921.040000
2025-01-21T00:39:00+00:00,61333.640000
2025-01-21T00:44:00+00:00,62095.500000
2025-01-21T00:54:00+00:00,62496.020000
2025-01-21T00:54:00+00:00,63164.540000
2025-01-21T14:54:00+00:00,63163.060000
2025-01-21T17:44:00+00:00,62621.580000
2025-01-22T07:14:00+00:00,62601.600000
2025-01-22T08:19:00+00:00,63040.480000
2025-01-22T08:44:00+00:00,63835.120000
2025-01-22T14:49:00+00:00,63832.900000
2025-01-22T19:54:00+00:00,63823.280000
2025-01-22T20:39:00+00:00,63176.660000
2025-01-22T21:09:00+00:00,63192.440000
2025-01-23T09:29:00+00:00,63184.300000
2025-01-23T12:34:00+00:00,63175.420000
2025-01-23T13:34:00+00:00,63572.970000
2025-01-23T14:34:00+00:00,63565.530000
2025-01-23T14:34:00+00:00,62932.650000
2025-01-23T15:34:00+00:00,62928.950000
2025-01-23T20:54:00+00:00,63254.470000
2025-01-23T21:09:00+00:00,63843.250000
2025-01-24T03:29:00+00:00,63836.590000
2025-01-24T06:14:00+00:00,63735.430000
2025-01-24T06:14:00+00:00,63726.550000
2025-01-24T07:14:00+00:00,63111.670000
2025-01-24T14:49:00+00:00,63108.710000
2025-01-24T15:19:00+00:00,62593.750000
2025-01-24T20:04:00+00:00,62592.270000
2025-01-24T21:09:00+00:00,62505.790000
2025-01-26T23:09:00+00:00,62500.610000
2025-01-27T00:39:00+00:00,62867.390000
2025-01-27T00:54:00+00:00,63684.430000
2025-01-27T14:49:00+00:00,63683.690000
2025-01-27T16:04:00+00:00,63670.450000
2025-01-27T16:04:00+00:00,63668.230000
2025-01-27T17:59:00+00:00,63974.990000
2025-01-27T19:54:00+00:00,63973.510000
2025-01-27T20:59:00+00:00,63431.030000
2025-01-27T21:04:00+00:00,63428.550000
2025-01-28T13:39:00+00:00,63426.330000
2025-01-28T14:44:00+00:00,63681.340000
2025-01-28T14:59:00+00:00,63769.860000
2025-01-28T14:59:00+00:00,63767.640000
2025-01-28T15:04:00+00:00,63766.900000
2025-01-28T15:24:00+00:00,64019.660000
2025-01-28T17:04:00+00:00,64863.180000
2025-01-28T21:09:00+00:00,65281.440000
2025-01-28T23:24:00+00:00,65274.780000
2025-01-29T06:04:00+00:00,65682.820000
2025-01-29T06:04:00+00:00,66535.370000
2025-01-29T14:39:00+00:00,66533.150000
2025-01-29T15:44:00+00:00,66531.670000
2025-01-29T18:04:00+00:00,66810.680000
2025-01-29T19:44:00+00:00,66808.200000
2025-01-29T21:09:00+00:00,66843.720000
2025-01-30T10:39:00+00:00,66834.100000
2025-01-30T12:19:00+00:00,66161.480000
2025-01-30T12:44:00+00:00,66156.300000
2025-01-30T14:49:00+00:00,66536.580000
2025-01-30T14:49:00+00:00,67383.620000
2025-01-30T14:49:00+00:00,67382.140000
2025-01-30T14:54:00+00:00,67380.660000
2025-01-30T15:04:00+00:00,66822.180000
2025-01-30T15:04:00+00:00,66318.700000
2025-01-31T08:24:00+00:00,66314.260000
2025-01-31T09:09:00+00:00,66303.900000
2025-01-31T14:19:00+00:00,65628.540000
2025-01-31T14:54:00+00:00,65626.320000
2025-01-31T14:59:00+00:00,66121.350000
2025-01-31T15:34:00+00:00,66947.880000
2025-01-31T18:34:00+00:00,66390.660000
2025-02-03T15:04:00+00:00,66389.180000
2025-02-03T15:24:00+00:00,65804.700000
2025-02-03T15:29:00+00:00,65799.520000
2025-02-03T15:44:00+00:00,66213.550000
2025-02-03T15:44:00+00:00,66208.590000
2025-02-04T14:54:00+00:00,66207.110000
2025-02-04T21:09:00+00:00,66517.630000
2025-02-05T01:39:00+00:00,66510.970000
2025-02-05T03:04:00+00:00,66507.270000
2025-02-05T06:39:00+00:00,66945.310000
2025-02-05T07:09:00+00:00,67860.360000
2025-02-05T07:39:00+00:00,68202.380000
2025-02-05T07:49:00+00:00,68521.160000
2025-02-05T07:49:00+00:00,68510.800000
2025-02-05T08:39:00+00:00,67842.440000
2025-02-05T08:44:00+00:00,67835.780000
2025-02-05T09:04:00+00:00,67190.120000
2025-02-05T12:24:00+00:00,67186.420000
2025-02-05T14:39:00+00:00,67549.440000
2025-02-05T15:04:00+00:00,67688.220000
2025-02-05T15:04:00+00:00,67685.260000
2025-02-05T15:39:00+00:00,67104.300000
2025-02-05T16:34:00+00:00,67102.080000
2025-02-05T21:04:00+00:00,67387.840000
2025-02-05T21:09:00+00:00,67910.360000
2025-02-06T07:24:00+00:00,67900.000000
2025-02-06T08:04:00+00:00,68383.070000
2025-02-06T08:34:00+00:00,68374.390000
2025-02-06T09:29:00+00:00,68361.810000
2025-02-06T10:34:00+00:00,68811.890000
2025-02-06T11:04:00+00:00,69660.230000
2025-02-06T13:49:00+00:00,69652.830000
2025-02-06T14:49:00+00:00,68985.430000
2025-02-06T14:49:00+00:00,68980.990000
2025-02-06T15:29:00+00:00,68970.550000
2025-02-06T15:29:00+00:00,68962.410000
2025-02-06T15:39:00+00:00,68283.270000
2025-02-07T11:49:00+00:00,68276.610000
2025-02-07T13:34:00+00:00,68690.650000
2025-02-07T13:34:00+00:00,68684.450000
2025-02-07T15:04:00+00:00,68683.710000
2025-02-07T15:59:00+00:00,68682.970000
2025-02-07T21:09:00+00:00,69007.230000
2025-02-07T21:09:00+00:00,69269.990000
2025-02-10T08:39:00+00:00,69253.710000
2025-02-10T10:04:00+00:00,68555.430000
2025-02-10T15:04:00+00:00,68552.470000
2025-02-10T21:09:00+00:00,68659.510000
2025-02-11T12:09:00+00:00,68650.630000
2025-02-11T13:54:00+00:00,69159.190000
2025-02-11T13:59:00+00:00,70009.750000
2025-02-11T15:14:00+00:00,70007.530000
2025-02-11T21:09:00+00:00,69922.810000
2025-02-11T23:34:00+00:00,69914.670000
2025-02-12T04:04:00+00:00,69246.530000
2025-02-12T11:14:00+00:00,69238.390000
2025-02-12T12:44:00+00:00,68537.250000
2025-02-12T13:39:00+00:00,68532.810000
2025-02-12T14:39:00+00:00,67841.370000
2025-02-12T14:49:00+00:00,67839.890000
2025-02-12T21:09:00+00:00,68469.410000
2025-02-13T06:54:00+00:00,68460.530000
2025-02-13T07:54:00+00:00,68960.090000
2025-02-13T08:19:00+00:00,69795.650000
2025-02-13T09:24:00+00:00,69791.210000
2025-02-13T14:34:00+00:00,70297.490000
2025-02-13T14:39:00+00:00,70296.010000
2025-02-13T15:04:00+00:00,71141.290000
2025-02-13T15:19:00+00:00,71139.810000
2025-02-13T15:39:00+00:00,71496.820000
2025-02-13T21:09:00+00:00,71964.080000
2025-02-13T21:09:00+00:00,72426.600000
2025-02-14T02:44:00+00:00,72422.900000
2025-02-14T11:24:00+00:00,71741.700000
2025-02-14T12:04:00+00:00,71726.900000
2025-02-14T13:09:00+00:00,72237.000000
2025-02-14T13:34:00+00:00,73092.100000
2025-02-14T15:09:00+00:00,73087.660000
2025-02-14T15:24:00+00:00,73113.220000
2025-02-14T15:24:00+00:00,73104.340000
2025-02-14T15:44:00+00:00,73635.400000
2025-02-14T15:54:00+00:00,73627.960000
2025-02-14T16:24:00+00:00,73620.560000
2025-02-14T17:54:00+00:00,72998.160000
2025-02-14T17:54:00+00:00,72991.500000
2025-02-14T20:54:00+00:00,73459.540000
2025-02-14T21:09:00+00:00,74048.340000
2025-02-17T05:39:00+00:00,74026.140000
2025-02-17T07:44:00+00:00,74532.540000
2025-02-17T07:44:00+00:00,75383.940000
2025-02-17T16:04:00+00:00,75378.760000
2025-02-18T08:14:00+00:00,75912.580000
2025-02-18T08:14:00+00:00,75904.440000
2025-02-18T12:14:00+00:00,75874.300000
2025-02-18T12:14:00+00:00,75860.980000
2025-02-18T14:09:00+00:00,76421.320000
2025-02-18T14:29:00+00:00,76410.160000
2025-02-18T14:34:00+00:00,76403.500000
2025-02-18T14:49:00+00:00,76880.540000
2025-02-18T14:49:00+00:00,76877.580000
2025-02-18T15:04:00+00:00,77873.880000
2025-02-18T17:04:00+00:00,77870.920000
2025-02-18T19:29:00+00:00,78115.960000
2025-02-18T19:29:00+00:00,78401.000000
2025-02-18T19:34:00+00:00,78395.820000
2025-02-18T21:04:00+00:00,78888.600000
2025-02-18T21:09:00+00:00,79399.640000
2025-02-19T04:09:00+00:00,79377.440000
2025-02-19T05:09:00+00:00,79850.090000
2025-02-19T07:04:00+00:00,80645.240000
2025-02-19T12:09:00+00:00,80634.880000
2025-02-19T13:04:00+00:00,79847.520000
2025-02-19T13:04:00+00:00,79828.280000
2025-02-19T13:19:00+00:00,80413.410000
2025-02-19T13:24:00+00:00,81395.040000
2025-02-19T14:49:00+00:00,81389.860000
2025-02-19T16:14:00+00:00,80597.180000
2025-02-19T18:14:00+00:00,80588.300000
2025-02-19T18:24:00+00:00,79769.420000
2025-02-20T14:39:00+00:00,79759.800000
2025-02-20T14:49:00+00:00,80281.860000
2025-02-20T14:49:00+00:00,80278.900000
2025-02-20T14:54:00+00:00,81297.470000
2025-02-20T14:59:00+00:00,81811.990000
2025-02-20T20:54:00+00:00,81809.510000
2025-02-21T14:59:00+00:00,81806.550000
2025-02-21T15:44:00+00:00,82378.070000
2025-02-21T17:59:00+00:00,83331.590000
2025-02-23T23:14:00+00:00,83328.630000
2025-02-24T02:19:00+00:00,83319.750000
2025-02-24T03:19:00+00:00,83566.790000
2025-02-24T03:19:00+00:00,83503.910000
2025-02-24T03:24:00+00:00,83483.190000
2025-02-24T04:04:00+00:00,82622.470000
2025-02-24T05:29:00+00:00,82606.190000
2025-02-24T05:54:00+00:00,82666.910000
2025-02-24T05:54:00+00:00,82644.710000
2025-02-24T07:04:00+00:00,83229.860000
2025-02-24T07:04:00+00:00,83211.260000
2025-02-24T12:49:00+00:00,83202.380000
2025-02-24T13:24:00+00:00,82365.500000
2025-02-24T14:54:00+00:00,82364.020000
2025-02-24T21:09:00+00:00,83094.540000
2025-02-25T04:24:00+00:00,83085.660000
2025-02-25T07:04:00+00:00,82254.780000
2025-02-25T08:09:00+00:00,82247.380000
2025-02-25T08:54:00+00:00,81479.980000
2025-02-25T10:09:00+00:00,81471.100000
2025-02-25T10:54:00+00:00,80664.220000
2025-02-25T11:09:00+00:00,80655.340000
2025-02-25T11:44:00+00:00,81226.900000
2025-02-25T12:29:00+00:00,82182.460000
2025-02-25T13:04:00+00:00,82180.240000
2025-02-25T14:49:00+00:00,81381.520000
2025-02-25T14:49:00+00:00,81379.300000
2025-02-25T15:19:00+00:00,81709.310000
2025-02-25T16:34:00+00:00,82810.330000
2025-02-25T16:54:00+00:00,82808.110000
2025-02-25T21:09:00+00:00,83224.390000
2025-02-26T02:24:00+00:00,83214.030000
2025-02-26T05:44:00+00:00,83796.850000
2025-02-26T07:29:00+00:00,84771.670000
2025-02-26T13:54:00+00:00,84762.790000
2025-02-26T14:19:00+00:00,85356.850000
2025-02-26T14:34:00+00:00,86349.910000
2025-02-26T14:49:00+00:00,86346.950000
2025-02-26T15:34:00+00:00,86619.990000
2025-02-26T15:34:00+00:00,86615.550000
2025-02-26T16:04:00+00:00,85846.110000
2025-02-27T01:19:00+00:00,85835.010000
2025-02-27T02:24:00+00:00,86396.830000
2025-02-27T03:59:00+00:00,86386.910000
2025-02-27T14:49:00+00:00,86384.690000
2025-02-27T14:54:00+00:00,86383.950000
2025-02-27T14:59:00+00:00,86746.960000
2025-02-27T19:34:00+00:00,87957.980000
2025-02-27T21:09:00+00:00,88886.240000
2025-02-28T01:34:00+00:00,88878.840000
2025-02-28T01:44:00+00:00,87981.440000
2025-02-28T15:14:00+00:00,87980.700000
2025-02-28T17:29:00+00:00,87989.460000
2025-02-28T17:29:00+00:00,87985.760000
2025-02-28T17:54:00+00:00,88495.780000
2025-02-28T18:19:00+00:00,89772.310000
2025-02-28T18:34:00+00:00,89766.390000
2025-02-28T18:59:00+00:00,88952.470000
2025-03-03T07:09:00+00:00,88942.850000
2025-03-03T07:29:00+00:00,89545.910000
2025-03-03T07:44:00+00:00,89537.230000
2025-03-03T14:44:00+00:00,89535.010000
2025-03-03T14:49:00+00:00,89533.530000
2025-03-03T15:04:00+00:00,89884.540000
2025-03-03T15:34:00+00:00,89882.060000
2025-03-03T16:54:00+00:00,89954.580000
2025-03-03T16:54:00+00:00,89952.360000
2025-03-03T18:09:00+00:00,89270.640000
2025-03-03T19:59:00+00:00,89269.900000
2025-03-03T21:09:00+00:00,89480.660000
2025-03-04T04:44:00+00:00,89465.120000
2025-03-04T05:04:00+00:00,90087.720000
2025-03-04T05:04:00+00:00,90074.080000
2025-03-04T12:09:00+00:00,90071.120000
2025-03-04T13:29:00+00:00,90713.140000
2025-03-04T14:59:00+00:00,90711.660000
2025-03-04T15:14:00+00:00,91782.680000
2025-03-04T17:29:00+00:00,90988.200000
2025-03-05T15:09:00+00:00,90985.980000
2025-03-05T15:24:00+00:00,90128.760000
2025-03-05T18:14:00+00:00,90125.800000
2025-03-05T19:04:00+00:00,89396.840000
2025-03-06T15:04:00+00:00,89394.620000
2025-03-06T17:04:00+00:00,88606.400000
2025-03-06T18:34:00+00:00,88605.660000
2025-03-06T20:04:00+00:00,88603.440000
2025-03-06T21:09:00+00:00,88612.200000
2025-03-06T21:09:00+00:00,88407.480000
2025-03-07T07:09:00+00:00,88395.640000
2025-03-07T07:39:00+00:00,87495.800000
2025-03-07T07:54:00+00:00,87489.140000
2025-03-07T11:49:00+00:00,87783.980000
2025-03-07T11:49:00+00:00,87776.580000
2025-03-07T12:44:00+00:00,88425.380000
2025-03-07T13:34:00+00:00,88419.180000
2025-03-07T14:49:00+00:00,88417.700000
2025-03-07T15:34:00+00:00,87731.220000
2025-03-10T06:09:00+00:00,87719.380000
2025-03-10T08:04:00+00:00,86851.540000
2025-03-10T13:54:00+00:00,86849.320000
2025-03-10T14:54:00+00:00,87264.080000
2025-03-10T16:44:00+00:00,87262.600000
2025-03-10T18:09:00+00:00,88646.120000
2025-03-10T20:09:00+00:00,88914.640000
2025-03-11T08:04:00+00:00,88909.460000
2025-03-11T09:04:00+00:00,89444.990000
2025-03-11T11:09:00+00:00,89440.030000
2025-03-11T12:14:00+00:00,89434.110000
2025-03-11T12:24:00+00:00,88624.190000
2025-03-11T13:44:00+00:00,88621.970000
2025-03-11T13:49:00+00:00,88620.490000
2025-03-11T14:04:00+00:00,87932.770000
2025-03-11T14:04:00+00:00,87123.290000
2025-03-12T03:44:00+00:00,87109.970000
2025-03-12T06:09:00+00:00,87510.650000
2025-03-12T06:09:00+00:00,87488.450000
2025-03-12T06:24:00+00:00,87994.850000
2025-03-12T06:49:00+00:00,88846.250000
2025-03-12T13:54:00+00:00,88844.030000
2025-03-12T15:04:00+00:00,89249.040000
2025-03-12T16:09:00+00:00,89246.560000
2025-03-13T07:44:00+00:00,89237.680000
2025-03-13T07:49:00+00:00,88346.800000
2025-03-13T08:09:00+00:00,88339.400000
2025-03-13T08:19:00+00:00,87447.000000
2025-03-13T13:54:00+00:00,87445.520000
2025-03-13T20:09:00+00:00,87860.040000
2025-03-14T02:04:00+00:00,87849.680000
2025-03-14T02:54:00+00:00,86964.320000
2025-03-14T07:49:00+00:00,86950.260000
2025-03-14T08:04:00+00:00,86071.700000
2025-03-14T13:39:00+00:00,86067.260000
2025-03-14T13:54:00+00:00,86065.780000
2025-03-14T14:04:00+00:00,85218.340000
2025-03-14T14:04:00+00:00,84585.860000
2025-03-14T18:39:00+00:00,84579.940000
2025-03-14T20:09:00+00:00,84206.020000
2025-03-17T06:24:00+00:00,84195.660000
2025-03-17T07:59:00+00:00,83366.300000
2025-03-17T13:39:00+00:00,83361.120000
2025-03-17T13:49:00+00:00,82550.940000
2025-03-17T13:54:00+00:00,82547.980000
2025-03-17T14:59:00+00:00,83091.000000
2025-03-17T15:04:00+00:00,83089.520000
2025-03-17T17:44:00+00:00,83087.040000
2025-03-17T18:04:00+00:00,82364.560000
2025-03-18T11:34:00+00:00,82360.860000
2025-03-18T13:39:00+00:00,82842.380000
2025-03-18T13:44:00+00:00,84047.660000
2025-03-18T13:54:00+00:00,84046.180000
2025-03-18T20:09:00+00:00,83947.700000
2025-03-18T22:49:00+00:00,83938.820000
2025-03-19T00:29:00+00:00,84546.380000
2025-03-19T00:54:00+00:00,85561.940000
2025-03-19T13:54:00+00:00,85559.720000
2025-03-19T18:59:00+00:00,85924.230000
2025-03-19T19:14:00+00:00,87140.250000
2025-03-20T04:44:00+00:00,87118.050000
2025-03-20T05:54:00+00:00,86285.850000
2025-03-20T13:39:00+00:00,86282.150000
2025-03-20T13:49:00+00:00,86280.670000
2025-03-20T14:04:00+00:00,86724.690000
2025-03-20T14:29:00+00:00,87836.220000
2025-03-20T19:34:00+00:00,87611.740000
2025-03-21T05:59:00+00:00,87594.720000
2025-03-21T06:54:00+00:00,88213.580000
2025-03-21T07:34:00+00:00,88198.700000
2025-03-21T12:09:00+00:00,88191.300000
2025-03-21T12:39:00+00:00,87373.900000
2025-03-21T13:54:00+00:00,87371.680000
2025-03-21T16:59:00+00:00,87705.440000
2025-03-21T20:09:00+00:00,88597.960000
2025-03-24T09:54:00+00:00,88589.820000
2025-03-24T11:49:00+00:00,89182.370000
2025-03-24T13:49:00+00:00,90370.430000
2025-03-24T13:49:00+00:00,90366.730000
2025-03-24T16:34:00+00:00,90643.030000
2025-03-24T16:34:00+00:00,90634.890000
2025-03-24T19:09:00+00:00,89768.750000
2025-03-25T14:24:00+00:00,89763.570000
2025-03-25T20:09:00+00:00,90780.390000
2025-03-26T00:09:00+00:00,90758.190000
2025-03-26T00:34:00+00:00,89910.990000
2025-03-26T13:24:00+00:00,89899.890000
2025-03-26T13:49:00+00:00,90508.960000
2025-03-26T13:49:00+00:00,90499.040000
2025-03-26T13:49:00+00:00,90495.340000
2025-03-26T14:19:00+00:00,90945.360000
2025-03-26T15:54:00+00:00,92071.890000
2025-03-27T05:54:00+00:00,92050.430000
2025-03-27T06:14:00+00:00,91651.970000
2025-03-27T06:14:00+00:00,91629.770000
2025-03-27T06:49:00+00:00,90692.570000
2025-03-27T08:24:00+00:00,90684.430000
2025-03-27T10:04:00+00:00,91280.730000
2025-03-27T11:04:00+00:00,91273.290000
2025-03-27T13:59:00+00:00,91271.070000
2025-03-27T19:04:00+00:00,91174.350000
2025-03-27T19:04:00+00:00,91166.950000
2025-03-27T19:19:00+00:00,90264.550000
2025-03-28T06:09:00+00:00,90244.570000
2025-03-28T06:39:00+00:00,89887.090000
2025-03-28T06:39:00+00:00,89869.330000
2025-03-28T06:54:00+00:00,90526.450000
2025-03-28T06:54:00+00:00,91627.570000
2025-03-28T13:14:00+00:00,91616.470000
2025-03-28T13:29:00+00:00,90720.370000
2025-03-28T14:04:00+00:00,90717.410000
2025-03-28T14:19:00+00:00,91327.930000
2025-03-28T14:59:00+00:00,92346.450000
2025-03-31T07:39:00+00:00,92337.570000
2025-03-31T09:04:00+00:00,92994.630000
2025-03-31T11:29:00+00:00,94092.690000
2025-03-31T15:24:00+00:00,94091.210000
2025-03-31T17:04:00+00:00,94216.730000
2025-03-31T17:04:00+00:00,94210.810000
2025-03-31T17:14:00+00:00,93332.890000
2025-03-31T17:24:00+00:00,93327.710000
2025-03-31T18:09:00+00:00,92493.030000
2025-04-01T01:39:00+00:00,92490.070000
2025-04-01T05:09:00+00:00,91953.110000
2025-04-01T05:09:00+00:00,91944.970000
2025-04-01T07:04:00+00:00,92530.020000
2025-04-01T07:09:00+00:00,93703.080000
2025-04-01T10:54:00+00:00,93698.640000
2025-04-01T11:34:00+00:00,92869.200000
2025-04-01T13:49:00+00:00,92866.240000
2025-04-01T14:09:00+00:00,92019.280000
2025-04-02T02:34:00+00:00,92007.440000
2025-04-02T03:49:00+00:00,91115.600000
2025-04-02T06:24:00+00:00,91105.240000
2025-04-02T07:09:00+00:00,90219.880000
2025-04-02T13:39:00+00:00,90210.260000
2025-04-02T13:49:00+00:00,90804.320000
2025-04-02T13:49:00+00:00,90803.580000
2025-04-02T14:04:00+00:00,91962.150000
2025-04-02T20:09:00+00:00,92309.410000
2025-04-03T04:34:00+00:00,92302.750000
2025-04-03T05:24:00+00:00,92296.090000
2025-04-03T05:34:00+00:00,92866.130000
2025-04-03T08:14:00+00:00,92859.930000
2025-04-03T08:19:00+00:00,91989.270000
2025-04-03T09:14:00+00:00,91978.910000
2025-04-03T09:49:00+00:00,92656.230000
2025-04-03T09:59:00+00:00,93788.550000
2025-04-03T10:54:00+00:00,93787.070000
2025-04-03T14:09:00+00:00,93785.590000
2025-04-03T19:59:00+00:00,94427.600000
2025-04-03T20:09:00+00:00,95000.360000
2025-04-03T20:09:00+00:00,95815.880000
2025-04-04T08:39:00+00:00,95809.220000
2025-04-04T09:34:00+00:00,96442.260000
2025-04-04T10:09:00+00:00,97763.560000
2025-04-04T10:14:00+00:00,97760.600000
2025-04-04T10:24:00+00:00,98446.120000
2025-04-04T10:29:00+00:00,99589.640000
2025-04-04T11:44:00+00:00,99588.160000
2025-04-04T12:34:00+00:00,100194.170000
2025-04-04T14:14:00+00:00,100341.930000
2025-04-04T14:14:00+00:00,100340.450000
2025-04-04T15:09:00+00:00,100463.970000
2025-04-04T15:09:00+00:00,100463.230000
2025-04-04T16:39:00+00:00,99942.490000
2025-04-04T18:14:00+00:00,99940.270000
2025-04-04T18:54:00+00:00,100529.050000
2025-04-04T18:54:00+00:00,100524.610000
2025-04-04T19:04:00+00:00,99569.170000
2025-04-07T12:34:00+00:00,99567.690000
2025-04-07T13:29:00+00:00,98763.210000
2025-04-07T13:54:00+00:00,98762.470000
2025-04-07T13:59:00+00:00,98761.730000
2025-04-07T14:14:00+00:00,100410.990000
2025-04-07T14:19:00+00:00,102642.750000
2025-04-08T05:44:00+00:00,102637.570000
2025-04-08T07:24:00+00:00,103290.100000
2025-04-08T08:19:00+00:00,103769.140000
2025-04-08T08:19:00+00:00,103765.440000
2025-04-08T11:39:00+00:00,102851.740000
2025-04-08T11:39:00+00:00,102849.520000
2025-04-08T13:34:00+00:00,103349.030000
2025-04-08T13:54:00+00:00,103346.810000
2025-04-08T14:24:00+00:00,105012.830000
2025-04-08T15:14:00+00:00,104080.610000
2025-04-09T04:54:00+00:00,104078.390000
2025-04-09T05:39:00+00:00,103270.670000
2025-04-09T11:09:00+00:00,103269.190000
2025-04-09T12:59:00+00:00,102490.710000
2025-04-09T17:04:00+00:00,102489.970000
2025-04-09T18:04:00+00:00,104945.480000
2025-04-10T07:54:00+00:00,104941.780000
2025-04-10T08:24:00+00:00,103990.580000
2025-04-10T13:59:00+00:00,103989.100000
2025-04-10T15:54:00+00:00,104617.610000
2025-04-10T16:19:00+00:00,105665.620000
2025-04-11T02:09:00+00:00,105662.660000
2025-04-11T02:29:00+00:00,104737.700000
2025-04-11T05:19:00+00:00,104735.480000
2025-04-11T06:04:00+00:00,105207.240000
2025-04-11T08:04:00+00:00,105204.760000
2025-04-11T13:49:00+00:00,105203.280000
2025-04-11T14:24:00+00:00,104314.800000
2025-04-11T14:39:00+00:00,104312.580000
2025-04-11T16:34:00+00:00,104728.840000
2025-04-11T17:44:00+00:00,106117.360000
2025-04-14T03:14:00+00:00,106108.480000
2025-04-14T03:24:00+00:00,105043.600000
2025-04-14T05:59:00+00:00,105036.940000
2025-04-14T08:04:00+00:00,105714.980000
2025-04-14T09:24:00+00:00,105708.780000
2025-04-14T13:44:00+00:00,105705.080000
2025-04-14T14:04:00+00:00,104706.380000
2025-04-14T15:29:00+00:00,104705.640000
2025-04-14T20:09:00+00:00,104755.900000
2025-04-15T01:44:00+00:00,104746.280000
2025-04-15T07:04:00+00:00,103755.160000
2025-04-15T09:44:00+00:00,103745.540000
2025-04-15T11:49:00+00:00,104438.600000
2025-04-15T11:54:00+00:00,105789.670000
2025-04-15T13:49:00+00:00,105786.710000
2025-04-15T14:19:00+00:00,104821.750000
2025-04-16T03:34:00+00:00,104809.910000
2025-04-16T05:04:00+00:00,105577.990000
2025-04-16T05:19:00+00:00,106862.070000
2025-04-16T08:59:00+00:00,106859.850000
2025-04-16T11:59:00+00:00,106854.670000
2025-04-16T13:29:00+00:00,107464.450000
2025-04-16T13:54:00+00:00,107461.490000
2025-04-16T13:59:00+00:00,108818.530000
2025-04-16T14:14:00+00:00,109774.810000
2025-04-16T14:14:00+00:00,109775.850000
2025-04-16T14:19:00+00:00,109770.670000
2025-04-16T15:24:00+00:00,110472.700000
2025-04-16T15:29:00+00:00,110470.480000
2025-04-16T16:09:00+00:00,110465.520000
2025-04-16T17:14:00+00:00,109401.300000
2025-04-16T23:24:00+00:00,109398.340000
2025-04-17T02:44:00+00:00,109817.380000
2025-04-17T02:44:00+00:00,109807.020000
2025-04-17T03:04:00+00:00,108697.660000
2025-04-17T05:44:00+00:00,108691.000000
2025-04-17T10:59:00+00:00,107631.340000
2025-04-17T14:24:00+00:00,107629.120000
2025-04-17T14:49:00+00:00,107715.400000
2025-04-17T14:49:00+00:00,107708.740000
2025-04-17T15:19:00+00:00,108386.780000
2025-04-17T15:29:00+00:00,108380.580000
2025-04-21T01:39:00+00:00,108370.960000
2025-04-21T01:54:00+00:00,107275.840000
2025-04-21T06:59:00+00:00,107257.340000
2025-04-21T07:14:00+00:00,106163.840000
2025-04-21T09:34:00+00:00,106151.260000
2025-04-21T11:04:00+00:00,106877.340000
2025-04-21T11:19:00+00:00,106866.180000
2025-04-21T11:19:00+00:00,106850.640000
2025-04-21T11:24:00+00:00,107585.740000
2025-04-21T11:24:00+00:00,107572.100000
2025-04-21T13:54:00+00:00,107569.140000
2025-04-21T15:14:00+00:00,108227.660000
2025-04-21T17:04:00+00:00,109326.180000
2025-04-22T05:09:00+00:00,109318.780000
2025-04-22T06:54:00+00:00,110106.330000
2025-04-22T06:59:00+00:00,111421.380000
2025-04-22T13:39:00+00:00,111404.360000
2025-04-22T13:44:00+00:00,110306.340000
2025-04-22T13:49:00+00:00,110304.120000
2025-04-22T16:04:00+00:00,110302.640000
2025-04-22T16:14:00+00:00,110724.900000
2025-04-22T17:34:00+00:00,110722.420000
2025-04-22T20:09:00+00:00,110499.940000
2025-04-23T06:44:00+00:00,110484.400000
2025-04-23T07:34:00+00:00,109397.860000
2025-04-23T14:34:00+00:00,109396.380000
2025-04-23T15:24:00+00:00,108518.900000
2025-04-23T16:34:00+00:00,108512.240000
2025-04-23T16:59:00+00:00,109229.280000
2025-04-23T17:04:00+00:00,109223.080000
2025-04-24T04:49:00+00:00,109214.200000
2025-04-24T05:59:00+00:00,108173.320000
2025-04-24T11:09:00+00:00,108165.920000
2025-04-24T12:24:00+00:00,107133.520000
2025-04-24T12:29:00+00:00,107126.120000
2025-04-24T12:39:00+00:00,106098.720000
2025-04-24T13:49:00+00:00,106096.500000
2025-04-24T15:14:00+00:00,106497.010000
2025-04-24T18:39:00+00:00,107833.030000
2025-04-25T01:24:00+00:00,107821.930000
2025-04-25T01:44:00+00:00,107113.330000
2025-04-25T01:44:00+00:00,107101.490000
2025-04-25T01:54:00+00:00,106017.650000
2025-04-25T04:34:00+00:00,106010.250000
2025-04-25T06:54:00+00:00,104972.850000
2025-04-25T13:54:00+00:00,104969.890000
2025-04-25T14:09:00+00:00,104098.930000
2025-04-28T11:14:00+00:00,104083.390000
2025-04-28T11:39:00+00:00,104795.990000
2025-04-28T12:09:00+00:00,104782.350000
2025-04-28T12:14:00+00:00,104774.210000
2025-04-28T12:34:00+00:00,103743.070000
2025-04-28T13:59:00+00:00,103740.850000
2025-04-28T14:04:00+00:00,103737.150000
2025-04-28T15:24:00+00:00,104341.670000
2025-04-28T17:19:00+00:00,104742.930000
2025-04-28T19:09:00+00:00,104740.450000
2025-04-28T19:24:00+00:00,104736.730000
2025-04-29T00:09:00+00:00,104718.230000
2025-04-29T00:44:00+00:00,103649.730000
2025-04-29T02:49:00+00:00,103638.630000
2025-04-29T04:34:00+00:00,102855.030000
2025-04-29T04:34:00+00:00,102845.410000
2025-04-29T04:54:00+00:00,101828.290000
2025-04-29T04:54:00+00:00,101823.110000
2025-04-29T07:54:00+00:00,100862.430000
2025-04-29T12:34:00+00:00,100854.290000
2025-04-29T12:59:00+00:00,99905.650000
2025-04-29T13:09:00+00:00,99902.690000
2025-04-29T13:49:00+00:00,99073.730000
2025-04-29T13:49:00+00:00,99070.770000
2025-04-29T18:29:00+00:00,99744.290000
2025-04-29T20:09:00+00:00,100215.810000
2025-04-30T05:39:00+00:00,100206.190000
2025-04-30T07:14:00+00:00,100890.250000
2025-04-30T08:19:00+00:00,102223.820000
2025-04-30T08:29:00+00:00,102209.760000
2025-04-30T09:29:00+00:00,101169.700000
2025-04-30T11:29:00+00:00,101163.040000
2025-04-30T12:19:00+00:00,101817.080000
2025-04-30T12:34:00+00:00,103182.130000
2025-04-30T13:44:00+00:00,103181.390000
2025-04-30T13:59:00+00:00,103179.910000
2025-04-30T14:29:00+00:00,102444.430000
2025-04-30T16:44:00+00:00,101968.190000
2025-04-30T16:44:00+00:00,101966.710000
2025-04-30T17:34:00+00:00,101963.010000
2025-04-30T18:54:00+00:00,101960.790000
2025-04-30T19:54:00+00:00,102563.810000
2025-04-30T20:04:00+00:00,103199.820000
2025-04-30T20:04:00+00:00,104708.850000
2025-04-30T20:04:00+00:00,105167.110000
2025-04-30T20:09:00+00:00,105856.870000
2025-04-30T20:09:00+00:00,106909.390000
2025-05-01T05:34:00+00:00,106901.250000
2025-05-01T06:04:00+00:00,105870.110000
2025-05-01T07:14:00+00:00,105856.050000
2025-05-01T08:49:00+00:00,106578.390000
2025-05-01T09:34:00+00:00,107920.990000
2025-05-01T13:54:00+00:00,107916.550000
2025-05-01T13:59:00+00:00,106928.110000
2025-05-01T13:59:00+00:00,106925.150000
2025-05-01T14:29:00+00:00,106010.190000
2025-05-01T16:34:00+00:00,106006.490000
2025-05-01T19:59:00+00:00,104972.790000
2025-05-02T00:24:00+00:00,104966.870000
2025-05-02T00:49:00+00:00,105728.910000
2025-05-02T01:24:00+00:00,107000.950000
2025-05-02T09:14:00+00:00,106989.850000
2025-05-02T11:24:00+00:00,107709.170000
2025-05-02T11:39:00+00:00,107699.250000
2025-05-02T14:09:00+00:00,107695.550000
2025-05-02T18:54:00+00:00,108666.850000
2025-05-02T18:54:00+00:00,108659.450000
2025-05-02T20:09:00+00:00,108867.050000
2025-05-05T03:44:00+00:00,108861.870000
2025-05-05T06:54:00+00:00,109021.190000
2025-05-05T06:54:00+00:00,108998.990000
2025-05-05T07:19:00+00:00,109730.390000
2025-05-05T07:34:00+00:00,109711.790000
2025-05-05T14:04:00+00:00,109706.610000
2025-05-05T18:09:00+00:00,110350.140000
2025-05-05T19:54:00+00:00,110345.180000
2025-05-06T00:14:00+00:00,110325.940000
2025-05-06T00:24:00+00:00,109201.700000
2025-05-06T12:54:00+00:00,109185.420000
2025-05-06T13:14:00+00:00,108080.140000
2025-05-06T13:39:00+00:00,108072.740000
2025-05-06T13:49:00+00:00,107035.340000
2025-05-06T13:54:00+00:00,107030.900000
2025-05-06T14:14:00+00:00,106024.460000
2025-05-06T16:19:00+00:00,106022.980000
2025-05-06T16:29:00+00:00,105750.500000
2025-05-06T16:29:00+00:00,105747.540000
2025-05-06T20:09:00+00:00,105972.580000
2025-05-06T22:09:00+00:00,105968.140000
2025-05-06T22:39:00+00:00,105039.700000
2025-05-07T05:39:00+00:00,105018.980000
2025-05-07T06:04:00+00:00,103934.260000
2025-05-07T10:19:00+00:00,103919.460000
2025-05-07T12:09:00+00:00,102884.660000
2025-05-07T12:49:00+00:00,102873.560000
2025-05-07T13:04:00+00:00,101887.460000
2025-05-07T13:59:00+00:00,101882.280000
2025-05-07T14:54:00+00:00,100872.600000
2025-05-08T01:04:00+00:00,100863.720000
2025-05-08T01:14:00+00:00,101615.280000
2025-05-08T03:24:00+00:00,102870.840000
2025-05-08T13:49:00+00:00,102867.140000
2025-05-08T15:29:00+00:00,101890.940000
2025-05-09T03:14:00+00:00,101885.760000
2025-05-09T08:04:00+00:00,102118.580000
2025-05-09T08:04:00+00:00,102108.960000
2025-05-09T10:34:00+00:00,101104.840000
2025-05-09T14:19:00+00:00,101100.400000
2025-05-09T14:39:00+00:00,101764.180000
2025-05-09T20:09:00+00:00,102172.960000
2025-05-12T14:29:00+00:00,102171.480000
2025-05-12T17:09:00+00:00,101447.000000
2025-05-12T23:44:00+00:00,101436.640000
2025-05-13T00:34:00+00:00,102166.460000
2025-05-13T04:04:00+00:00,103386.280000
2025-05-13T08:49:00+00:00,103365.560000
2025-05-13T09:29:00+00:00,102308.840000
2025-05-13T13:54:00+00:00,102306.620000
2025-05-13T16:39:00+00:00,102720.630000
2025-05-13T20:09:00+00:00,103266.150000
2025-05-14T00:19:00+00:00,103252.830000
2025-05-14T02:09:00+00:00,103243.950000
2025-05-14T04:39:00+00:00,102222.630000
2025-05-14T04:39:00+00:00,101343.750000
2025-05-14T05:34:00+00:00,101322.290000
2025-05-14T06:04:00+00:00,100285.830000
2025-05-14T07:29:00+00:00,100275.470000
2025-05-14T09:09:00+00:00,100973.790000
2025-05-14T09:29:00+00:00,101133.110000
2025-05-14T09:29:00+00:00,101122.750000
2025-05-14T11:09:00+00:00,101873.570000
2025-05-14T11:24:00+00:00,103128.390000
2025-05-14T13:34:00+00:00,103122.470000
2025-05-14T13:49:00+00:00,103851.510000
2025-05-14T13:49:00+00:00,103846.330000
2025-05-14T15:09:00+00:00,103840.410000
2025-05-14T15:29:00+00:00,102911.230000
2025-05-14T16:09:00+00:00,102906.270000
2025-05-14T16:09:00+00:00,101908.350000
2025-05-14T18:39:00+00:00,101905.390000
2025-05-14T20:09:00+00:00,102216.430000
2025-05-15T05:14:00+00:00,102207.550000
2025-05-15T07:14:00+00:00,102941.110000
2025-05-15T07:59:00+00:00,104166.670000
2025-05-15T12:39:00+00:00,104159.270000
2025-05-15T13:49:00+00:00,103171.870000
2025-05-15T13:49:00+00:00,103166.690000
2025-05-15T14:04:00+00:00,102160.510000
2025-05-16T03:44:00+00:00,102138.310000
2025-05-16T03:54:00+00:00,101321.110000
2025-05-16T04:59:00+00:00,101303.350000
2025-05-16T06:09:00+00:00,101633.590000
2025-05-16T06:09:00+00:00,101611.390000
2025-05-16T06:34:00+00:00,101004.190000
2025-05-16T06:34:00+00:00,100995.310000
2025-05-16T07:34:00+00:00,100038.430000
2025-05-16T11:39:00+00:00,100020.670000
2025-05-16T12:04:00+00:00,99018.910000
2025-05-16T14:39:00+00:00,99015.210000
2025-05-16T17:34:00+00:00,98074.010000
2025-05-19T11:54:00+00:00,98067.350000
2025-05-19T13:39:00+00:00,98700.390000
2025-05-19T13:39:00+00:00,98696.690000
2025-05-19T13:49:00+00:00,100017.990000
2025-05-19T13:49:00+00:00,100015.770000
2025-05-19T14:09:00+00:00,100542.290000
2025-05-19T17:09:00+00:00,101860.070000
2025-05-19T20:09:00+00:00,102603.350000
2025-05-19T23:59:00+00:00,102592.250000
2025-05-20T01:04:00+00:00,103280.070000
2025-05-20T01:34:00+00:00,104594.150000
2025-05-20T08:24:00+00:00,104586.010000
2025-05-20T13:39:00+00:00,103538.370000
2025-05-20T13:49:00+00:00,103533.190000
2025-05-20T14:39:00+00:00,102614.510000
2025-05-21T00:14:00+00:00,102592.310000
2025-05-21T00:24:00+00:00,101550.110000
2025-05-21T02:39:00+00:00,101533.830000
2025-05-21T03:34:00+00:00,100494.550000
2025-05-21T12:09:00+00:00,100485.670000
2025-05-21T12:29:00+00:00,99498.790000
2025-05-21T13:49:00+00:00,99495.830000
2025-05-21T16:09:00+00:00,100125.850000
2025-05-21T17:14:00+00:00,100411.370000
2025-05-21T17:14:00+00:00,100406.930000
2025-05-21T17:24:00+00:00,101151.710000
2025-05-21T17:29:00+00:00,102394.490000
2025-05-22T00:14:00+00:00,102387.090000
2025-05-22T02:14:00+00:00,102374.510000
2025-05-22T07:04:00+00:00,103088.590000
2025-05-22T08:39:00+00:00,103911.190000
2025-05-22T08:39:00+00:00,104566.030000
2025-05-22T08:44:00+00:00,104551.970000
2025-05-22T10:19:00+00:00,104737.410000
2025-05-22T10:19:00+00:00,104722.610000
2025-05-22T11:09:00+00:00,105495.210000
2025-05-22T11:14:00+00:00,105482.810000
2025-05-22T11:19:00+00:00,105473.190000
2025-05-22T11:49:00+00:00,106184.250000
2025-05-22T11:59:00+00:00,107570.320000
2025-05-22T13:54:00+00:00,107567.360000
2025-05-22T20:09:00+00:00,107192.400000
2025-05-23T03:39:00+00:00,107170.200000
2025-05-23T03:54:00+00:00,106203.000000
2025-05-23T05:39:00+00:00,106193.380000
2025-05-23T06:19:00+00:00,106872.940000
2025-05-23T06:34:00+00:00,107319.260000
2025-05-23T06:34:00+00:00,107305.200000
2025-05-23T07:14:00+00:00,108061.290000
2025-05-23T07:24:00+00:00,109466.390000
2025-05-23T11:24:00+00:00,109459.730000
2025-05-23T11:44:00+00:00,110185.770000
2025-05-23T11:44:00+00:00,110179.570000
2025-05-23T13:34:00+00:00,110176.610000
2025-05-23T14:14:00+00:00,110174.390000
2025-05-23T20:09:00+00:00,110423.430000
2025-05-23T20:09:00+00:00,110239.710000
2025-05-26T13:39:00+00:00,110231.570000
2025-05-26T14:34:00+00:00,109150.930000
2025-05-26T14:34:00+00:00,109144.270000
2025-05-27T01:09:00+00:00,109128.730000
2025-05-27T01:49:00+00:00,109571.330000
2025-05-27T02:19:00+00:00,110388.190000
2025-05-27T03:44:00+00:00,111105.230000
2025-05-27T06:39:00+00:00,111099.030000
2025-05-27T09:24:00+00:00,111084.230000
2025-05-27T09:44:00+00:00,109949.430000
2025-05-27T13:34:00+00:00,109927.230000
2025-05-27T13:39:00+00:00,110726.130000
2025-05-27T13:39:00+00:00,110707.530000
2025-05-27T13:59:00+00:00,110703.830000
2025-05-27T14:09:00+00:00,110700.870000
2025-05-27T16:39:00+00:00,111305.390000
2025-05-27T20:09:00+00:00,112359.170000
2025-05-27T20:09:00+00:00,113318.210000
2025-05-28T03:19:00+00:00,113296.010000
2025-05-28T03:39:00+00:00,112613.810000
2025-05-28T12:54:00+00:00,112598.270000
2025-05-28T13:39:00+00:00,111480.230000
2025-05-28T13:49:00+00:00,111475.790000
2025-05-28T13:54:00+00:00,111466.910000
2025-05-28T18:54:00+00:00,112263.470000
2025-05-28T19:09:00+00:00,112256.030000
2025-05-28T19:54:00+00:00,113018.810000
2025-05-28T20:09:00+00:00,113561.090000
2025-05-29T08:34:00+00:00,113554.430000
2025-05-29T11:29:00+00:00,114238.470000
2025-05-29T12:09:00+00:00,115666.020000
2025-05-29T13:49:00+00:00,115663.800000
2025-05-29T20:09:00+00:00,116279.580000
2025-05-30T05:09:00+00:00,116266.260000
2025-05-30T05:44:00+00:00,117103.350000
2025-05-30T06:24:00+00:00,117092.190000
2025-05-30T13:49:00+00:00,117088.490000
2025-05-30T14:09:00+00:00,116514.790000
2025-05-30T14:09:00+00:00,116508.130000
2025-05-30T16:19:00+00:00,115353.970000
2025-06-02T07:29:00+00:00,115341.390000
2025-06-02T07:34:00+00:00,114181.310000
2025-06-02T14:04:00+00:00,114179.090000
2025-06-02T17:04:00+00:00,113113.370000
2025-06-03T02:44:00+00:00,113093.390000
2025-06-03T03:29:00+00:00,111966.410000
2025-06-03T06:29:00+00:00,111948.650000
2025-06-03T07:24:00+00:00,110838.890000
2025-06-03T07:39:00+00:00,110828.530000
2025-06-03T08:14:00+00:00,109719.170000
2025-06-03T13:04:00+00:00,109713.990000
2025-06-03T14:04:00+00:00,109710.290000
2025-06-03T14:59:00+00:00,110383.070000
2025-06-03T16:39:00+00:00,111880.110000
2025-06-03T20:09:00+00:00,112441.410000
2025-06-04T00:19:00+00:00,112421.430000
2025-06-04T02:14:00+00:00,113221.060000
2025-06-04T06:04:00+00:00,113203.700000
2025-06-04T06:24:00+00:00,113185.940000
2025-06-04T07:59:00+00:00,112040.180000
2025-06-04T10:24:00+00:00,112019.460000
2025-06-04T11:09:00+00:00,110878.740000
2025-06-04T12:24:00+00:00,110863.200000
2025-06-04T12:29:00+00:00,109755.660000
2025-06-04T14:04:00+00:00,109751.960000
2025-06-04T18:04:00+00:00,108750.760000
2025-06-05T13:59:00+00:00,108747.800000
2025-06-05T14:44:00+00:00,107808.840000
2025-06-05T18:29:00+00:00,107804.400000
2025-06-05T19:14:00+00:00,106806.960000
2025-06-06T13:49:00+00:00,106803.260000
2025-06-06T14:29:00+00:00,105904.560000
2025-06-06T15:24:00+00:00,105899.380000
2025-06-06T18:19:00+00:00,104854.700000
2025-06-08T22:19:00+00:00,104851.000000
2025-06-09T11:09:00+00:00,104534.800000
2025-06-09T11:09:00+00:00,104520.000000
2025-06-09T13:39:00+00:00,103465.200000
2025-06-09T14:04:00+00:00,103452.620000
2025-06-09T14:09:00+00:00,102734.540000
2025-06-09T14:09:00+00:00,102729.360000
2025-06-09T20:09:00+00:00,102475.680000
2025-06-10T00:09:00+00:00,102457.920000
2025-06-10T00:29:00+00:00,101408.160000
2025-06-10T05:44:00+00:00,101402.980000
2025-06-10T07:44:00+00:00,100438.800000
2025-06-10T11:39:00+00:00,100426.960000
2025-06-10T13:54:00+00:00,101147.040000
2025-06-10T13:59:00+00:00,101137.120000
2025-06-10T15:34:00+00:00,101134.160000
2025-06-10T16:04:00+00:00,100261.200000
2025-06-10T23:09:00+00:00,100250.100000
2025-06-10T23:14:00+00:00,99234.000000
2025-06-11T05:29:00+00:00,99222.160000
2025-06-11T06:39:00+00:00,99211.800000
2025-06-11T07:49:00+00:00,98247.960000
2025-06-11T07:49:00+00:00,97502.600000
2025-06-11T11:34:00+00:00,97489.280000
2025-06-11T12:04:00+00:00,98211.620000
2025-06-11T12:04:00+00:00,98200.460000
2025-06-11T13:49:00+00:00,98196.020000
2025-06-11T14:24:00+00:00,97327.580000
2025-06-12T12:44:00+00:00,97323.880000
2025-06-12T13:49:00+00:00,97318.700000
2025-06-12T20:09:00+00:00,98240.000000
2025-06-12T20:09:00+00:00,98868.320000
2025-06-13T14:29:00+00:00,98866.100000
2025-06-13T14:44:00+00:00,98379.380000
2025-06-13T14:44:00+00:00,98374.200000
2025-06-13T15:24:00+00:00,98952.480000
2025-06-13T18:19:00+00:00,98947.520000
2025-06-16T10:49:00+00:00,98939.380000
2025-06-16T11:49:00+00:00,98001.740000
2025-06-16T13:49:00+00:00,97998.040000
2025-06-16T15:34:00+00:00,98866.840000
2025-06-16T15:34:00+00:00,98852.040000
2025-06-16T15:59:00+00:00,99564.640000
2025-06-16T17:29:00+00:00,99552.240000
2025-06-17T01:14:00+00:00,99545.580000
2025-06-17T02:09:00+00:00,99534.480000
2025-06-17T02:54:00+00:00,98533.380000
2025-06-17T06:19:00+00:00,97613.220000
2025-06-17T13:49:00+00:00,97605.820000
2025-06-17T14:04:00+00:00,96653.420000
2025-06-17T14:14:00+00:00,96649.720000
2025-06-17T16:59:00+00:00,95748.520000
2025-06-18T13:39:00+00:00,95743.340000
2025-06-18T13:49:00+00:00,95171.160000
2025-06-18T13:49:00+00:00,95166.720000
2025-06-18T13:54:00+00:00,95162.280000
2025-06-18T18:59:00+00:00,94239.840000
2025-06-18T18:59:00+00:00,93404.400000
2025-06-18T23:54:00+00:00,93397.000000
2025-06-19T00:09:00+00:00,92984.600000
2025-06-19T00:09:00+00:00,92977.200000
2025-06-19T00:19:00+00:00,93633.500000
2025-06-19T01:04:00+00:00,94729.800000
2025-06-19T03:09:00+00:00,94725.360000
2025-06-19T07:59:00+00:00,93892.920000
2025-06-19T11:14:00+00:00,93884.040000
2025-06-19T12:09:00+00:00,93877.380000
2025-06-19T13:09:00+00:00,94561.440000
2025-06-19T13:39:00+00:00,95149.480000
2025-06-19T13:49:00+00:00,96292.540000
2025-06-19T13:49:00+00:00,97520.090000
2025-06-19T13:49:00+00:00,97517.130000
2025-06-19T22:04:00+00:00,96676.170000
2025-06-20T06:39:00+00:00,96661.370000
2025-06-20T08:09:00+00:00,95676.570000
2025-06-20T09:14:00+00:00,95663.990000
2025-06-20T11:44:00+00:00,96312.070000
2025-06-20T11:44:00+00:00,97531.660000
2025-06-20T11:49:00+00:00,97525.000000
2025-06-20T13:29:00+00:00,98143.040000
2025-06-20T13:39:00+00:00,99433.090000
2025-06-20T13:59:00+00:00,99430.130000
2025-06-20T14:49:00+00:00,100103.650000
2025-06-20T17:34:00+00:00,100100.690000
2025-06-20T18:19:00+00:00,99273.730000
2025-06-20T20:09:00+00:00,99886.250000
2025-06-23T01:24:00+00:00,99878.110000
2025-06-23T02:34:00+00:00,98879.970000
2025-06-23T02:54:00+00:00,98860.730000
2025-06-23T05:09:00+00:00,97840.490000
2025-06-23T13:49:00+00:00,97838.270000
2025-06-23T16:39:00+00:00,96961.550000
2025-06-24T02:14:00+00:00,96946.010000
2025-06-24T05:34:00+00:00,95974.970000
2025-06-24T08:39:00+00:00,95970.530000
2025-06-24T11:34:00+00:00,96176.090000
2025-06-24T11:34:00+00:00,96164.250000
2025-06-24T12:34:00+00:00,95232.410000
2025-06-24T14:44:00+00:00,95227.970000
2025-06-24T20:09:00+00:00,95988.530000
2025-06-25T14:14:00+00:00,95984.090000
2025-06-25T17:39:00+00:00,95972.990000
2025-06-25T19:14:00+00:00,95016.890000
2025-06-25T20:09:00+00:00,95141.450000
2025-06-26T14:24:00+00:00,95137.010000
2025-06-26T15:34:00+00:00,95237.570000
2025-06-26T15:34:00+00:00,95219.070000
2025-06-26T15:44:00+00:00,94238.070000
2025-06-27T07:39:00+00:00,94222.530000
2025-06-27T11:04:00+00:00,93261.990000
2025-06-27T12:19:00+00:00,93249.410000
2025-06-27T13:04:00+00:00,93873.490000
2025-06-27T13:34:00+00:00,95048.080000
2025-06-27T13:54:00+00:00,95042.160000
2025-06-27T18:19:00+00:00,94096.240000
2025-06-30T04:59:00+00:00,94074.040000
2025-06-30T05:44:00+00:00,93691.840000
2025-06-30T05:44:00+00:00,93674.080000
2025-06-30T07:04:00+00:00,92732.320000
2025-06-30T09:49:00+00:00,92710.120000
2025-06-30T10:19:00+00:00,91817.920000
2025-06-30T11:49:00+00:00,91801.640000
2025-06-30T12:24:00+00:00,90872.360000
2025-06-30T13:49:00+00:00,90867.920000
2025-06-30T19:04:00+00:00,90128.480000
2025-06-30T19:04:00+00:00,90121.820000
2025-06-30T19:54:00+00:00,90697.860000
2025-06-30T20:09:00+00:00,90819.160000
2025-06-30T23:44:00+00:00,90808.060000
2025-07-01T05:14:00+00:00,89904.460000
2025-07-01T07:19:00+00:00,89889.660000
2025-07-01T12:14:00+00:00,90549.760000
2025-07-01T12:24:00+00:00,91654.860000
2025-07-01T12:39:00+00:00,91646.720000
2025-07-01T13:54:00+00:00,92224.270000
2025-07-01T13:54:00+00:00,92216.870000
2025-07-01T14:24:00+00:00,91319.470000
2025-07-01T14:29:00+00:00,91312.030000
2025-07-01T14:29:00+00:00,91301.670000
2025-07-01T14:39:00+00:00,91963.240000
2025-07-01T14:49:00+00:00,93069.310000
2025-07-02T02:34:00+00:00,93056.730000
2025-07-02T04:24:00+00:00,93704.810000
2025-07-02T08:29:00+00:00,93693.650000
2025-07-02T13:49:00+00:00,93688.470000
2025-07-02T14:34:00+00:00,94215.000000
2025-07-02T20:09:00+00:00,95212.040000
2025-07-03T06:04:00+00:00,95189.840000
2025-07-03T06:44:00+00:00,95718.740000
2025-07-03T07:39:00+00:00,96607.640000
2025-07-03T08:04:00+00:00,96586.920000
2025-07-03T08:59:00+00:00,97280.060000
2025-07-03T10:04:00+00:00,98442.200000
2025-07-03T12:19:00+00:00,98423.700000
2025-07-03T12:34:00+00:00,97442.700000
2025-07-03T12:39:00+00:00,97434.560000
2025-07-03T13:34:00+00:00,98079.610000
2025-07-03T13:54:00+00:00,98074.430000
2025-07-03T14:04:00+00:00,99367.490000
2025-07-03T15:44:00+00:00,99939.020000
2025-07-04T02:19:00+00:00,99934.060000
2025-07-04T05:49:00+00:00,99911.860000
2025-07-04T06:09:00+00:00,98944.660000
2025-07-04T08:29:00+00:00,98929.860000
2025-07-04T08:54:00+00:00,97925.060000
2025-07-04T13:54:00+00:00,97916.920000
2025-07-06T22:04:00+00:00,98546.970000
2025-07-07T01:09:00+00:00,98539.530000
2025-07-07T14:59:00+00:00,98535.090000
2025-07-07T20:09:00+00:00,98989.650000
2025-07-07T22:39:00+00:00,98976.330000
2025-07-08T00:29:00+00:00,99691.920000
2025-07-08T00:54:00+00:00,100889.010000
2025-07-08T02:34:00+00:00,100883.090000
2025-07-08T07:09:00+00:00,101045.170000
2025-07-08T07:09:00+00:00,101022.970000
2025-07-08T07:39:00+00:00,100115.770000
2025-07-08T08:09:00+00:00,100096.530000
2025-07-08T09:54:00+00:00,100837.660000
2025-07-08T10:49:00+00:00,100821.540000
2025-07-08T12:39:00+00:00,100803.040000
2025-07-08T13:04:00+00:00,99784.540000
2025-07-08T13:59:00+00:00,99778.620000
2025-07-08T16:24:00+00:00,98776.700000
2025-07-09T05:24:00+00:00,98755.980000
2025-07-09T06:09:00+00:00,99480.620000
2025-07-09T06:49:00+00:00,99463.260000
2025-07-09T07:19:00+00:00,99449.200000
2025-07-09T09:14:00+00:00,98437.640000
2025-07-09T13:49:00+00:00,98434.680000
2025-07-09T14:39:00+00:00,97569.720000
2025-07-10T13:49:00+00:00,97566.020000
2025-07-10T13:54:00+00:00,97561.580000
2025-07-10T18:24:00+00:00,96693.140000
2025-07-10T20:09:00+00:00,96516.940000
2025-07-11T00:09:00+00:00,96494.740000
2025-07-11T00:14:00+00:00,96922.390000
2025-07-11T00:14:00+00:00,96903.790000
2025-07-11T06:39:00+00:00,96886.030000
2025-07-11T07:14:00+00:00,97597.150000
2025-07-11T07:29:00+00:00,98788.270000
2025-07-11T09:34:00+00:00,98783.830000
2025-07-11T13:44:00+00:00,98777.910000
2025-07-11T13:49:00+00:00,97811.990000
2025-07-11T13:54:00+00:00,97420.550000
2025-07-11T13:54:00+00:00,97413.890000
2025-07-11T13:59:00+00:00,97410.190000
2025-07-11T14:39:00+00:00,97998.230000
2025-07-11T15:14:00+00:00,97992.030000
2025-07-11T20:09:00+00:00,97798.330000
2025-07-14T07:39:00+00:00,97782.050000
2025-07-14T07:54:00+00:00,98491.660000
2025-07-14T08:54:00+00:00,99679.770000
2025-07-14T12:39:00+00:00,99657.570000
2025-07-14T13:24:00+00:00,98720.370000
2025-07-14T13:49:00+00:00,98715.930000
2025-07-14T14:34:00+00:00,98707.790000
2025-07-14T14:54:00+00:00,97731.650000
2025-07-14T14:59:00+00:00,96854.210000
2025-07-14T14:59:00+00:00,96851.990000
2025-07-14T20:09:00+00:00,97064.270000
2025-07-15T12:39:00+00:00,97052.430000
2025-07-15T13:24:00+00:00,97742.510000
2025-07-15T13:34:00+00:00,97732.590000
2025-07-15T13:39:00+00:00,97724.450000
2025-07-15T14:19:00+00:00,96770.310000
2025-07-15T14:59:00+00:00,96768.090000
2025-07-15T20:09:00+00:00,97163.370000
2025-07-16T01:29:00+00:00,97145.610000
2025-07-16T02:04:00+00:00,96179.850000
2025-07-16T13:39:00+00:00,96173.930000
2025-07-16T13:49:00+00:00,96170.230000
2025-07-16T14:09:00+00:00,96875.270000
2025-07-16T15:14:00+00:00,96870.310000
2025-07-16T15:39:00+00:00,97420.830000
2025-07-16T15:49:00+00:00,97723.110000
2025-07-16T15:49:00+00:00,97718.670000
2025-07-16T17:09:00+00:00,98440.950000
2025-07-16T20:09:00+00:00,99128.730000
2025-07-17T00:34:00+00:00,99108.750000
2025-07-17T01:39:00+00:00,98103.270000
2025-07-17T11:14:00+00:00,98081.070000
2025-07-17T11:34:00+00:00,97473.870000
2025-07-17T12:19:00+00:00,97462.770000
2025-07-17T12:34:00+00:00,96491.670000
2025-07-17T13:49:00+00:00,96482.050000
2025-07-17T14:49:00+00:00,97103.110000
2025-07-17T15:09:00+00:00,98314.180000
2025-07-18T14:04:00+00:00,98309.000000
2025-07-18T20:09:00+00:00,98636.320000
2025-07-20T22:34:00+00:00,98622.260000
2025-07-21T01:09:00+00:00,99304.100000
2025-07-21T05:19:00+00:00,99931.700000
2025-07-21T05:19:00+00:00,99909.500000
2025-07-21T05:34:00+00:00,99377.300000
2025-07-21T13:49:00+00:00,99374.340000
2025-07-21T20:09:00+00:00,99147.380000
2025-07-21T22:09:00+00:00,99131.840000
2025-07-22T04:14:00+00:00,98139.800000
2025-07-22T13:39:00+00:00,98131.660000
2025-07-22T13:49:00+00:00,98757.960000
2025-07-22T13:49:00+00:00,98755.740000
2025-07-22T13:54:00+00:00,100011.300000
2025-07-22T20:09:00+00:00,100061.580000
2025-07-23T00:09:00+00:00,100046.780000
2025-07-23T00:44:00+00:00,100781.880000
2025-07-23T01:29:00+00:00,100769.480000
2025-07-23T13:59:00+00:00,100765.780000
2025-07-23T15:54:00+00:00,99782.080000
2025-07-24T13:04:00+00:00,99770.240000
2025-07-24T13:34:00+00:00,100502.320000
2025-07-24T13:34:00+00:00,100492.400000
2025-07-24T14:09:00+00:00,100487.220000
2025-07-24T15:54:00+00:00,99502.040000
2025-07-24T16:09:00+00:00,99485.020000
2025-07-24T17:09:00+00:00,98479.000000
2025-07-24T17:34:00+00:00,98468.640000
2025-07-24T20:09:00+00:00,98850.280000
2025-07-25T08:34:00+00:00,98833.260000
2025-07-25T12:29:00+00:00,98828.080000
2025-07-25T13:09:00+00:00,97833.560000
2025-07-25T13:09:00+00:00,97579.880000
2025-07-25T13:49:00+00:00,97573.220000
2025-07-25T16:29:00+00:00,98206.260000
2025-07-25T20:09:00+00:00,98585.060000
2025-07-28T07:59:00+00:00,98562.860000
2025-07-28T08:14:00+00:00,97715.660000
2025-07-28T13:54:00+00:00,97707.520000
2025-07-28T15:19:00+00:00,96775.380000
2025-07-29T04:24:00+00:00,96753.180000
2025-07-29T05:49:00+00:00,96190.980000
2025-07-29T06:44:00+00:00,96168.780000
2025-07-29T07:44:00+00:00,96798.930000
2025-07-29T07:49:00+00:00,97856.580000
2025-07-29T13:49:00+00:00,97851.400000
2025-07-29T13:54:00+00:00,97844.740000
2025-07-29T15:19:00+00:00,98407.270000
2025-07-29T15:19:00+00:00,99046.310000
2025-07-29T15:44:00+00:00,100380.110000
2025-07-29T19:39:00+00:00,101632.150000
2025-07-30T05:29:00+00:00,101609.950000
2025-07-30T07:09:00+00:00,100717.750000
2025-07-30T08:29:00+00:00,100705.170000
2025-07-30T11:14:00+00:00,99681.090000
2025-07-30T14:24:00+00:00,99675.910000
2025-07-30T15:19:00+00:00,99282.230000
2025-07-30T15:19:00+00:00,99274.090000
2025-07-30T16:19:00+00:00,98281.450000
2025-07-30T17:54:00+00:00,98260.730000
2025-07-30T18:04:00+00:00,98974.870000
2025-07-30T18:04:00+00:00,98957.510000
2025-07-30T18:59:00+00:00,98953.810000
2025-07-30T20:04:00+00:00,98065.110000
2025-07-31T04:34:00+00:00,98042.910000
2025-07-31T06:34:00+00:00,98628.060000
2025-07-31T06:59:00+00:00,98609.460000
2025-07-31T11:09:00+00:00,98593.920000
2025-07-31T11:44:00+00:00,97601.880000
2025-07-31T14:49:00+00:00,97599.660000
2025-07-31T17:59:00+00:00,98045.920000
2025-07-31T20:09:00+00:00,99109.440000
2025-08-01T11:19:00+00:00,99102.780000
2025-08-01T12:39:00+00:00,99361.620000
2025-08-01T12:39:00+00:00,99356.440000
2025-08-01T13:04:00+00:00,99352.740000
2025-08-01T13:34:00+00:00,99951.270000
2025-08-01T13:44:00+00:00,101283.310000
2025-08-01T13:44:00+00:00,101833.830000
2025-08-01T13:49:00+00:00,101832.350000
2025-08-01T14:04:00+00:00,103210.130000
2025-08-01T20:09:00+00:00,103177.650000
2025-08-03T23:39:00+00:00,103167.290000
2025-08-04T00:04:00+00:00,102183.930000
2025-08-04T01:14:00+00:00,102171.350000
2025-08-04T01:34:00+00:00,101147.270000
2025-08-04T11:34:00+00:00,101133.950000
2025-08-04T12:09:00+00:00,100112.630000
2025-08-04T13:49:00+00:00,100110.410000
2025-08-04T19:34:00+00:00,100364.690000
2025-08-05T13:49:00+00:00,100360.250000
2025-08-05T14:19:00+00:00,99419.810000
2025-08-06T00:09:00+00:00,99407.970000
2025-08-06T01:44:00+00:00,100134.050000
2025-08-06T02:29:00+00:00,101348.130000
2025-08-06T07:29:00+00:00,101328.150000
2025-08-06T08:09:00+00:00,100282.170000
2025-08-06T11:09:00+00:00,100275.510000
2025-08-06T13:29:00+00:00,100232.850000
2025-08-06T13:29:00+00:00,100210.650000
2025-08-06T13:34:00+00:00,99198.450000
2025-08-06T13:54:00+00:00,99194.010000
2025-08-06T15:54:00+00:00,99925.290000
2025-08-06T18:39:00+00:00,101145.570000
2025-08-07T06:44:00+00:00,101123.370000
2025-08-07T07:14:00+00:00,100366.170000
2025-08-07T07:14:00+00:00,100353.590000
2025-08-07T07:34:00+00:00,99771.510000
2025-08-07T07:34:00+00:00,99758.190000
2025-08-07T07:59:00+00:00,98754.870000
2025-08-07T13:59:00+00:00,98750.430000
2025-08-07T14:14:00+00:00,97872.990000
2025-08-07T16:59:00+00:00,97868.550000
2025-08-07T17:39:00+00:00,96934.110000
2025-08-08T13:49:00+00:00,96931.150000
2025-08-08T15:54:00+00:00,96928.190000
2025-08-08T20:09:00+00:00,97799.230000
2025-08-08T20:09:00+00:00,98362.270000
2025-08-10T22:09:00+00:00,98351.170000
2025-08-11T02:09:00+00:00,97365.070000
2025-08-11T03:19:00+00:00,97356.190000
2025-08-11T05:54:00+00:00,96393.310000
2025-08-11T07:19:00+00:00,96371.110000
2025-08-11T07:39:00+00:00,97046.260000
2025-08-11T07:49:00+00:00,98178.910000
2025-08-11T10:39:00+00:00,98158.190000
2025-08-11T12:04:00+00:00,97157.470000
2025-08-11T13:59:00+00:00,97152.290000
2025-08-11T18:04:00+00:00,96247.610000
2025-08-12T04:44:00+00:00,96225.410000
2025-08-12T05:04:00+00:00,95348.210000
2025-08-12T10:19:00+00:00,95331.190000
2025-08-12T11:09:00+00:00,94359.670000
2025-08-12T13:39:00+00:00,94358.190000
2025-08-12T13:49:00+00:00,93978.710000
2025-08-12T13:49:00+00:00,93975.750000
2025-08-12T15:09:00+00:00,93104.790000
2025-08-13T02:29:00+00:00,93090.730000
2025-08-13T07:19:00+00:00,93738.820000
2025-08-13T08:24:00+00:00,94943.920000
2025-08-13T13:59:00+00:00,94937.260000
2025-08-13T14:49:00+00:00,95549.300000
2025-08-13T16:54:00+00:00,96826.850000
2025-08-13T17:39:00+00:00,96817.970000
2025-08-13T18:14:00+00:00,95885.090000
2025-08-14T07:54:00+00:00,95862.890000
2025-08-14T08:34:00+00:00,95015.690000
2025-08-14T12:39:00+00:00,95004.590000
2025-08-14T12:44:00+00:00,94040.990000
2025-08-14T13:49:00+00:00,94037.290000
2025-08-14T15:54:00+00:00,94033.590000
2025-08-14T20:09:00+00:00,93569.890000
2025-08-14T20:09:00+00:00,93163.690000
2025-08-15T00:44:00+00:00,93151.850000
2025-08-15T06:39:00+00:00,93841.930000
2025-08-15T08:09:00+00:00,93825.650000
2025-08-15T08:34:00+00:00,92951.370000
2025-08-15T08:44:00+00:00,92941.450000
2025-08-15T13:39:00+00:00,92934.790000
2025-08-15T13:49:00+00:00,93501.830000
2025-08-15T13:49:00+00:00,93495.630000
2025-08-15T13:49:00+00:00,93493.410000
2025-08-15T15:59:00+00:00,93462.690000
2025-08-15T15:59:00+00:00,93458.250000
2025-08-15T20:09:00+00:00,93516.810000
2025-08-17T23:54:00+00:00,93494.610000
2025-08-18T00:09:00+00:00,92527.410000
2025-08-18T03:39:00+00:00,92509.650000
2025-08-18T06:09:00+00:00,92505.210000
2025-08-18T06:14:00+00:00,93180.330000
2025-08-18T06:24:00+00:00,94311.450000
2025-08-18T06:29:00+00:00,94504.980000
2025-08-18T06:44:00+00:00,94829.010000
2025-08-18T08:39:00+00:00,94820.870000
2025-08-18T09:29:00+00:00,93877.730000
2025-08-18T13:49:00+00:00,93869.590000
2025-08-18T13:54:00+00:00,93864.410000
2025-08-18T14:09:00+00:00,94345.770000
2025-08-18T14:09:00+00:00,94176.090000
2025-08-18T14:14:00+00:00,94167.950000
2025-08-18T14:49:00+00:00,93268.810000
2025-08-18T17:44:00+00:00,93259.930000
2025-08-18T18:59:00+00:00,92333.050000
2025-08-19T03:29:00+00:00,92313.070000
2025-08-19T03:39:00+00:00,91375.090000
2025-08-19T03:44:00+00:00,91363.250000
2025-08-19T05:14:00+00:00,91354.370000
2025-08-19T08:04:00+00:00,90470.530000
2025-08-19T08:04:00+00:00,89579.650000
2025-08-19T13:49:00+00:00,89577.430000
2025-08-19T17:04:00+00:00,89935.190000
2025-08-19T18:09:00+00:00,89932.970000
2025-08-19T20:09:00+00:00,90607.490000
2025-08-19T20:09:00+00:00,90734.270000
2025-08-20T01:14:00+00:00,90729.830000
2025-08-20T06:44:00+00:00,90878.390000
2025-08-20T06:44:00+00:00,90872.470000
2025-08-20T07:39:00+00:00,91110.550000
2025-08-20T07:39:00+00:00,91095.010000
2025-08-20T08:39:00+00:00,90428.470000
2025-08-20T08:39:00+00:00,90422.550000
2025-08-20T13:39:00+00:00,89504.630000
2025-08-20T13:49:00+00:00,89503.150000
2025-08-20T20:09:00+00:00,89279.670000
2025-08-21T00:39:00+00:00,89269.310000
2025-08-21T01:09:00+00:00,88369.950000
2025-08-21T10:29:00+00:00,88359.590000
2025-08-21T11:49:00+00:00,87481.230000
2025-08-21T13:59:00+00:00,87478.270000
2025-08-21T14:14:00+00:00,86653.310000
2025-08-21T23:39:00+00:00,86631.110000
2025-08-22T00:09:00+00:00,87227.510000
2025-08-22T00:09:00+00:00,87216.410000
2025-08-22T00:14:00+00:00,88217.810000
2025-08-22T00:14:00+00:00,88438.380000
2025-08-22T00:14:00+00:00,88428.460000
2025-08-22T03:04:00+00:00,88416.620000
2025-08-22T05:14:00+00:00,88406.260000
2025-08-22T06:34:00+00:00,89042.340000
2025-08-22T06:34:00+00:00,89682.910000
2025-08-22T06:44:00+00:00,90746.990000
2025-08-22T06:44:00+00:00,91818.060000
2025-08-22T06:59:00+00:00,91812.140000
2025-08-22T08:09:00+00:00,92493.180000
2025-08-22T11:19:00+00:00,93412.220000
2025-08-22T11:19:00+00:00,93391.500000
2025-08-22T12:24:00+00:00,92446.780000
2025-08-22T13:49:00+00:00,92444.560000
2025-08-22T14:04:00+00:00,92827.070000
2025-08-22T14:04:00+00:00,92824.590000
2025-08-24T23:54:00+00:00,92814.970000
2025-08-25T03:09:00+00:00,93436.030000
2025-08-25T09:34:00+00:00,94647.100000
2025-08-25T12:09:00+00:00,94631.560000
2025-08-25T13:04:00+00:00,93692.020000
2025-08-25T13:59:00+00:00,93687.580000
2025-08-25T14:09:00+00:00,93683.880000
2025-08-25T20:09:00+00:00,93568.440000
2025-08-25T20:09:00+00:00,93179.740000
2025-08-26T02:09:00+00:00,93174.560000
2025-08-26T04:54:00+00:00,93157.540000
2025-08-26T05:09:00+00:00,93578.400000
2025-08-26T05:49:00+00:00,94349.520000
2025-08-26T12:59:00+00:00,94582.340000
2025-08-26T12:59:00+00:00,94571.980000
2025-08-26T13:34:00+00:00,93672.620000
2025-08-26T13:49:00+00:00,93668.180000
2025-08-26T14:14:00+00:00,92772.740000
2025-08-27T06:04:00+00:00,92750.540000
2025-08-27T06:29:00+00:00,93268.190000
2025-08-27T07:19:00+00:00,93249.590000
2025-08-27T12:14:00+00:00,93234.790000
2025-08-27T12:29:00+00:00,92289.990000
2025-08-27T12:39:00+00:00,92281.110000
2025-08-27T13:44:00+00:00,92915.670000
2025-08-27T13:49:00+00:00,93976.230000
2025-08-27T13:49:00+00:00,93971.050000
2025-08-27T14:14:00+00:00,93041.870000
2025-08-27T16:29:00+00:00,93037.430000
2025-08-27T18:14:00+00:00,92228.990000
2025-08-28T13:54:00+00:00,92226.770000
2025-08-28T15:19:00+00:00,91464.050000
2025-08-28T15:34:00+00:00,91460.350000
2025-08-28T19:04:00+00:00,90634.150000
2025-08-29T13:49:00+00:00,90631.930000
2025-08-29T20:09:00+00:00,91118.710000
2025-09-01T04:54:00+00:00,91106.870000
2025-09-01T06:04:00+00:00,90183.030000
2025-09-01T13:49:00+00:00,90175.630000
2025-09-01T23:24:00+00:00,89283.230000
2025-09-02T07:19:00+00:00,89277.310000
2025-09-02T07:49:00+00:00,89934.350000
2025-09-02T10:29:00+00:00,91031.390000
2025-09-02T13:44:00+00:00,91027.690000
2025-09-02T13:49:00+00:00,91026.210000
2025-09-02T14:04:00+00:00,91536.230000
2025-09-02T14:49:00+00:00,91532.510000
2025-09-02T20:09:00+00:00,92191.030000
2025-09-03T05:19:00+00:00,92179.930000
2025-09-03T06:14:00+00:00,92168.830000
2025-09-03T07:54:00+00:00,92783.150000
2025-09-03T07:54:00+00:00,93407.970000
2025-09-03T08:14:00+00:00,94582.050000
2025-09-03T08:14:00+00:00,95776.130000
2025-09-03T11:49:00+00:00,95769.470000
2025-09-03T12:09:00+00:00,95757.630000
2025-09-03T12:34:00+00:00,94833.790000
2025-09-03T13:34:00+00:00,93913.630000
2025-09-03T14:19:00+00:00,93909.190000
2025-09-03T17:49:00+00:00,93046.750000
2025-09-04T00:09:00+00:00,93028.250000
2025-09-04T00:19:00+00:00,93676.370000
2025-09-04T00:24:00+00:00,94853.000000
2025-09-04T05:29:00+00:00,94838.940000
2025-09-04T07:09:00+00:00,94292.880000
2025-09-04T07:09:00+00:00,94278.080000
2025-09-04T10:04:00+00:00,94953.180000
2025-09-04T11:54:00+00:00,94940.780000
2025-09-04T12:24:00+00:00,94928.940000
2025-09-04T13:34:00+00:00,93973.100000
2025-09-04T13:39:00+00:00,93967.180000
2025-09-04T14:04:00+00:00,93077.260000
2025-09-04T14:04:00+00:00,93074.300000
2025-09-04T15:24:00+00:00,92145.340000
2025-09-05T11:39:00+00:00,92123.140000
2025-09-05T12:34:00+00:00,92719.540000
2025-09-05T12:34:00+00:00,92700.940000
2025-09-05T14:09:00+00:00,92697.980000
2025-09-05T14:29:00+00:00,93332.500000
2025-09-05T15:04:00+00:00,94391.020000
2025-09-08T12:39:00+00:00,94372.520000
2025-09-08T13:24:00+00:00,95029.640000
2025-09-08T13:34:00+00:00,96222.520000
2025-09-08T13:54:00+00:00,96218.820000
2025-09-08T14:34:00+00:00,96215.860000
2025-09-08T15:34:00+00:00,96212.900000
2025-09-08T17:54:00+00:00,95274.200000
2025-09-08T17:54:00+00:00,94455.240000
2025-09-08T20:09:00+00:00,94060.280000
2025-09-08T22:09:00+00:00,94052.880000
2025-09-09T01:49:00+00:00,94038.080000
2025-09-09T02:19:00+00:00,94503.180000
2025-09-09T02:34:00+00:00,95283.280000
2025-09-09T07:39:00+00:00,95924.580000
2025-09-09T07:49:00+00:00,96315.880000
2025-09-09T07:49:00+00:00,96295.900000
2025-09-09T10:54:00+00:00,96293.680000
2025-09-09T11:19:00+00:00,96956.810000
2025-09-09T11:19:00+00:00,96998.820000
2025-09-09T11:39:00+00:00,97534.460000
2025-09-09T11:39:00+00:00,97563.980000
2025-09-09T11:44:00+00:00,97546.220000
2025-09-09T13:04:00+00:00,96568.460000
2025-09-09T13:54:00+00:00,96561.800000
2025-09-09T14:44:00+00:00,97164.840000
2025-09-09T15:54:00+00:00,97158.640000
2025-09-10T12:39:00+00:00,97151.980000
2025-09-10T13:34:00+00:00,96240.820000
2025-09-10T13:54:00+00:00,96237.120000
2025-09-10T18:39:00+00:00,96715.920000
2025-09-10T18:39:00+00:00,96705.560000
2025-09-10T19:09:00+00:00,95757.200000
2025-09-10T22:09:00+00:00,95753.500000
2025-09-11T13:44:00+00:00,96272.300000
2025-09-11T13:44:00+00:00,96263.420000
2025-09-11T13:49:00+00:00,95300.540000
2025-09-11T14:34:00+00:00,95296.840000
2025-09-11T20:09:00+00:00,95510.640000
2025-09-12T00:09:00+00:00,95494.360000
2025-09-12T05:34:00+00:00,94543.080000
2025-09-12T14:24:00+00:00,94538.640000
2025-09-12T20:09:00+00:00,94975.200000
2025-09-15T03:34:00+00:00,94953.000000
2025-09-15T04:34:00+00:00,94285.800000
2025-09-15T13:49:00+00:00,94279.880000
2025-09-15T19:59:00+00:00,94945.920000
2025-09-15T20:09:00+00:00,95480.960000
2025-09-16T04:29:00+00:00,95469.860000
2025-09-16T07:19:00+00:00,95458.760000
2025-09-16T08:09:00+00:00,96109.830000
2025-09-16T08:49:00+00:00,96592.900000
2025-09-16T11:19:00+00:00,96582.980000
2025-09-16T13:34:00+00:00,96573.060000
2025-09-16T13:54:00+00:00,96567.880000
2025-09-16T20:09:00+00:00,96555.700000
2025-09-17T13:44:00+00:00,96548.300000
2025-09-17T14:09:00+00:00,96543.860000
2025-09-17T15:44:00+00:00,97263.910000
2025-09-17T18:04:00+00:00,97257.710000
2025-09-17T18:14:00+00:00,97930.490000
2025-09-17T18:19:00+00:00,97926.790000
2025-09-17T18:49:00+00:00,99049.570000
2025-09-17T19:09:00+00:00,98133.370000
2025-09-18T12:39:00+00:00,98119.310000
2025-09-18T12:59:00+00:00,98794.400000
2025-09-18T13:04:00+00:00,100049.500000
2025-09-18T13:49:00+00:00,100046.540000
2025-09-18T14:04:00+00:00,99517.580000
2025-09-18T14:04:00+00:00,99513.880000
2025-09-18T20:09:00+00:00,99392.680000
2025-09-19T00:19:00+00:00,99379.360000
2025-09-19T06:29:00+00:00,100088.200000
2025-09-19T09:24:00+00:00,100077.040000
2025-09-19T09:59:00+00:00,100056.320000
2025-09-19T10:19:00+00:00,99041.600000
2025-09-19T13:49:00+00:00,99035.680000
2025-09-19T14:49:00+00:00,98133.760000
2025-09-19T18:54:00+00:00,98120.440000
2025-09-19T19:19:00+00:00,97153.120000
2025-09-22T09:24:00+00:00,97142.020000
2025-09-22T13:34:00+00:00,97803.590000
2025-09-22T13:49:00+00:00,99067.670000
2025-09-22T13:49:00+00:00,99059.530000
2025-09-22T14:49:00+00:00,99704.580000
2025-09-22T16:19:00+00:00,100997.640000
2025-09-23T07:14:00+00:00,100982.840000
2025-09-23T08:09:00+00:00,99958.040000
2025-09-23T13:59:00+00:00,99952.860000
2025-09-23T17:39:00+00:00,100578.390000
2025-09-23T20:09:00+00:00,101353.430000
2025-09-24T00:29:00+00:00,101339.370000
2025-09-24T05:39:00+00:00,101629.310000
2025-09-24T05:39:00+00:00,101607.110000
2025-09-24T05:49:00+00:00,101164.910000
2025-09-24T07:14:00+00:00,101149.370000
2025-09-24T07:49:00+00:00,100115.330000
2025-09-24T13:39:00+00:00,100109.410000
2025-09-24T13:49:00+00:00,100105.710000
2025-09-24T15:49:00+00:00,100810.750000
2025-09-24T15:59:00+00:00,101987.790000
2025-09-24T16:09:00+00:00,102550.310000
2025-09-24T17:44:00+00:00,102545.870000
2025-09-24T20:09:00+00:00,102875.150000
2025-09-24T20:09:00+00:00,102561.710000
2025-09-25T07:34:00+00:00,102551.350000
2025-09-25T09:49:00+00:00,101539.990000
2025-09-25T13:39:00+00:00,101537.030000
2025-09-25T14:19:00+00:00,100536.070000
2025-09-25T14:19:00+00:00,100534.590000
2025-09-25T20:09:00+00:00,100592.110000
2025-09-25T22:54:00+00:00,100569.910000
2025-09-26T00:09:00+00:00,101177.560000
2025-09-26T00:14:00+00:00,101158.960000
2025-09-26T04:14:00+00:00,101144.900000
2025-09-26T06:09:00+00:00,101840.240000
2025-09-26T06:24:00+00:00,103132.840000
2025-09-26T09:14:00+00:00,103115.820000
2025-09-26T09:24:00+00:00,102075.300000
2025-09-26T10:14:00+00:00,102069.380000
2025-09-26T11:24:00+00:00,102053.100000
2025-09-26T11:34:00+00:00,101079.820000
2025-09-26T12:34:00+00:00,100049.900000
2025-09-26T14:24:00+00:00,100047.680000
2025-09-26T14:44:00+00:00,99707.960000
2025-09-26T14:44:00+00:00,99702.780000
2025-09-26T14:54:00+00:00,98766.600000
2025-09-29T10:39:00+00:00,98744.400000
2025-09-29T11:14:00+00:00,99408.300000
2025-09-29T12:24:00+00:00,99389.700000
2025-09-29T13:49:00+00:00,99383.040000
2025-09-29T15:14:00+00:00,98440.380000
2025-09-29T23:59:00+00:00,98418.180000
2025-09-30T00:04:00+00:00,98857.080000
2025-09-30T00:04:00+00:00,98838.480000
2025-09-30T07:59:00+00:00,98822.940000
2025-09-30T08:04:00+00:00,97809.900000
2025-09-30T13:54:00+00:00,97806.200000
2025-09-30T14:49:00+00:00,96830.000000
2025-10-01T13:49:00+00:00,96827.040000
2025-10-01T13:54:00+00:00,96821.120000
2025-10-01T14:19:00+00:00,95980.160000
2025-10-01T14:19:00+00:00,95014.240000
2025-10-01T23:39:00+00:00,94992.040000
2025-10-01T23:59:00+00:00,94129.840000
2025-10-02T04:29:00+00:00,94114.300000
2025-10-02T07:14:00+00:00,93153.760000
2025-10-02T09:09:00+00:00,93131.560000
2025-10-02T09:19:00+00:00,92434.360000
2025-10-02T13:49:00+00:00,92432.140000
2025-10-02T15:59:00+00:00,92135.920000
2025-10-02T15:59:00+00:00,92130.740000
2025-10-02T20:09:00+00:00,92748.560000
2025-10-02T22:49:00+00:00,92730.800000
2025-10-03T00:09:00+00:00,93414.920000
2025-10-03T00:39:00+00:00,94561.040000
2025-10-03T11:49:00+00:00,94543.280000
2025-10-03T11:54:00+00:00,93601.520000
2025-10-03T13:59:00+00:00,93596.340000
2025-10-03T17:34:00+00:00,94131.870000
2025-10-03T17:54:00+00:00,95323.910000
2025-10-06T04:09:00+00:00,95305.410000
2025-10-06T04:34:00+00:00,94324.410000
2025-10-06T07:59:00+00:00,94315.530000
2025-10-06T09:44:00+00:00,95008.590000
2025-10-06T10:54:00+00:00,96166.650000
2025-10-06T17:24:00+00:00,96163.690000
2025-10-06T17:29:00+00:00,96159.250000
2025-10-06T20:09:00+00:00,95812.290000
2025-10-06T20:09:00+00:00,95342.850000
2025-10-07T08:09:00+00:00,95332.490000
2025-10-07T08:44:00+00:00,95245.130000
2025-10-07T08:44:00+00:00,95223.670000
2025-10-07T09:09:00+00:00,95895.810000
2025-10-07T10:34:00+00:00,97103.460000
2025-10-07T10:49:00+00:00,97081.260000
2025-10-07T11:54:00+00:00,96369.060000
2025-10-07T14:29:00+00:00,96362.400000
2025-10-07T15:09:00+00:00,96959.440000
2025-10-07T15:09:00+00:00,98205.740000
2025-10-07T16:54:00+00:00,98204.260000
2025-10-07T20:09:00+00:00,98076.780000
2025-10-08T11:24:00+00:00,98060.500000
2025-10-08T12:19:00+00:00,98770.110000
2025-10-08T13:14:00+00:00,98756.470000
2025-10-08T13:49:00+00:00,98752.770000
2025-10-08T18:14:00+00:00,99276.290000
2025-10-08T20:09:00+00:00,100291.070000
2025-10-09T01:19:00+00:00,100285.150000
2025-10-09T02:44:00+00:00,100277.750000
2025-10-09T06:19:00+00:00,99335.350000
2025-10-09T11:49:00+00:00,99319.070000
2025-10-09T13:34:00+00:00,99937.930000
2025-10-09T13:34:00+00:00,99924.290000
2025-10-09T14:29:00+00:00,99919.850000
2025-10-09T14:34:00+00:00,100666.890000
2025-10-09T17:19:00+00:00,101913.930000
2025-10-09T20:09:00+00:00,101393.490000
2025-10-10T07:09:00+00:00,101380.170000
2025-10-10T09:49:00+00:00,100349.850000
2025-10-10T14:59:00+00:00,100348.370000
2025-10-10T15:04:00+00:00,100345.410000
2025-10-10T15:19:00+00:00,100891.420000
2025-10-10T15:24:00+00:00,101623.440000
2025-10-10T15:34:00+00:00,102533.950000
2025-10-10T15:34:00+00:00,103754.970000
2025-10-12T22:09:00+00:00,103753.490000
2025-10-13T03:14:00+00:00,103743.870000
2025-10-13T03:44:00+00:00,102726.750000
2025-10-13T06:39:00+00:00,102718.610000
2025-10-13T07:19:00+00:00,103401.160000
2025-10-13T10:19:00+00:00,103393.720000
2025-10-13T10:49:00+00:00,104004.240000
2025-10-13T10:49:00+00:00,103996.840000
2025-10-13T11:09:00+00:00,104716.890000
2025-10-13T13:04:00+00:00,104710.690000
2025-10-13T13:59:00+00:00,104708.470000
2025-10-13T20:09:00+00:00,104880.250000
2025-10-14T00:09:00+00:00,104859.530000
2025-10-14T00:19:00+00:00,105615.670000
2025-10-14T00:24:00+00:00,106882.810000
2025-10-14T13:09:00+00:00,106880.590000
2025-10-14T13:39:00+00:00,106005.370000
2025-10-14T14:24:00+00:00,106003.890000
2025-10-14T20:09:00+00:00,106069.410000
2025-10-15T07:29:00+00:00,106054.610000
2025-10-15T08:04:00+00:00,105009.810000
2025-10-15T08:09:00+00:00,105000.930000
2025-10-15T09:14:00+00:00,105756.990000
2025-10-15T13:44:00+00:00,105749.550000
2025-10-15T13:49:00+00:00,105745.110000
2025-10-15T13:59:00+00:00,104690.670000
2025-10-16T08:34:00+00:00,104679.570000
2025-10-16T09:54:00+00:00,104083.470000
2025-10-16T09:54:00+00:00,104076.810000
2025-10-16T13:34:00+00:00,104902.650000
2025-10-16T13:34:00+00:00,104896.730000
2025-10-16T14:34:00+00:00,104566.810000
2025-10-16T14:34:00+00:00,104561.630000
2025-10-16T15:29:00+00:00,103551.950000
2025-10-17T05:59:00+00:00,103541.590000
2025-10-17T06:39:00+00:00,102551.230000
2025-10-17T12:14:00+00:00,102550.490000
2025-10-17T13:54:00+00:00,102549.010000
2025-10-17T20:09:00+00:00,103053.270000
2025-10-17T20:09:00+00:00,103691.790000
2025-10-20T04:44:00+00:00,103670.330000
2025-10-20T05:24:00+00:00,102604.870000
2025-10-20T05:24:00+00:00,102586.370000
2025-10-20T06:29:00+00:00,103005.370000
2025-10-20T06:29:00+00:00,102989.830000
2025-10-20T07:39:00+00:00,103717.430000
2025-10-20T08:04:00+00:00,103703.790000
2025-10-20T10:49:00+00:00,103696.390000
2025-10-20T12:49:00+00:00,102648.990000
2025-10-20T13:34:00+00:00,102636.410000
2025-10-20T13:39:00+00:00,101620.830000
2025-10-20T13:54:00+00:00,101617.870000
2025-10-20T20:04:00+00:00,102224.910000
2025-10-20T23:24:00+00:00,102202.710000
2025-10-21T01:04:00+00:00,101310.510000
2025-10-21T13:34:00+00:00,101302.370000
2025-10-21T13:44:00+00:00,100320.730000
2025-10-21T14:04:00+00:00,100316.290000
2025-10-21T15:49:00+00:00,99360.850000
2025-10-22T07:09:00+00:00,99353.450000
2025-10-22T09:29:00+00:00,99946.050000
2025-10-22T09:29:00+00:00,99931.250000
2025-10-22T10:44:00+00:00,100666.350000
2025-10-22T11:09:00+00:00,100653.950000
2025-10-22T13:39:00+00:00,100636.930000
2025-10-22T13:44:00+00:00,99619.410000
2025-10-22T13:54:00+00:00,99616.450000
2025-10-22T14:19:00+00:00,99265.490000
2025-10-22T14:19:00+00:00,99260.310000
2025-10-22T14:29:00+00:00,99849.840000
2025-10-22T14:44:00+00:00,101161.880000
2025-10-23T00:24:00+00:00,101155.960000
2025-10-23T03:34:00+00:00,102230.040000
2025-10-23T03:34:00+00:00,102207.840000
2025-10-23T03:44:00+00:00,102792.990000
2025-10-23T04:04:00+00:00,102774.390000
2025-10-23T04:29:00+00:00,102755.150000
2025-10-23T05:24:00+00:00,101721.910000
2025-10-23T13:49:00+00:00,101719.690000
2025-10-23T20:09:00+00:00,102504.970000
2025-10-24T07:54:00+00:00,102494.610000
2025-10-24T08:49:00+00:00,101483.250000
2025-10-24T09:54:00+00:00,101461.050000
2025-10-24T12:34:00+00:00,102023.700000
2025-10-24T12:34:00+00:00,102005.100000
2025-10-24T14:09:00+00:00,102002.140000
2025-10-24T20:09:00+00:00,101843.180000
2025-10-27T14:04:00+00:00,101838.000000
2025-10-27T19:54:00+00:00,102465.780000
2025-10-27T20:09:00+00:00,103254.820000
2025-10-28T13:54:00+00:00,103248.900000
2025-10-28T16:29:00+00:00,102270.980000
2025-10-29T08:19:00+00:00,102248.780000
2025-10-29T08:39:00+00:00,102991.430000
2025-10-29T08:59:00+00:00,104236.580000
2025-10-29T11:04:00+00:00,104229.180000
2025-10-29T12:54:00+00:00,104146.780000
2025-10-29T12:54:00+00:00,104124.580000
2025-10-29T13:34:00+00:00,104720.980000
2025-10-29T13:39:00+00:00,104702.380000
2025-10-29T13:59:00+00:00,104696.460000
2025-10-29T14:54:00+00:00,103662.540000
2025-10-29T18:44:00+00:00,103658.840000
2025-10-29T18:54:00+00:00,102730.140000
2025-10-30T04:09:00+00:00,102722.000000
2025-10-30T04:14:00+00:00,103393.300000
2025-10-30T04:14:00+00:00,104738.860000
2025-10-30T07:19:00+00:00,104731.460000
2025-10-30T09:24:00+00:00,103719.060000
2025-10-30T13:54:00+00:00,103717.580000
2025-10-30T19:19:00+00:00,102953.100000
2025-10-31T04:29:00+00:00,102934.600000
2025-10-31T05:54:00+00:00,103663.720000
2025-10-31T07:09:00+00:00,104986.600000
2025-10-31T08:14:00+00:00,104971.060000
2025-10-31T08:34:00+00:00,103926.520000
2025-10-31T14:04:00+00:00,103924.300000
2025-10-31T20:09:00+00:00,104369.080000
2025-11-03T05:34:00+00:00,104355.760000
2025-11-03T06:24:00+00:00,103307.440000
2025-11-03T11:04:00+00:00,103290.420000
2025-11-03T12:14:00+00:00,102238.400000
2025-11-03T14:44:00+00:00,102233.960000
2025-11-03T14:49:00+00:00,102231.000000
2025-11-03T15:29:00+00:00,102928.530000
2025-11-03T21:09:00+00:00,102924.810000
2025-11-03T21:09:00+00:00,102981.850000
2025-11-04T12:24:00+00:00,102978.890000
2025-11-04T14:24:00+00:00,102971.490000
2025-11-04T14:34:00+00:00,101984.090000
2025-11-04T14:39:00+00:00,101399.130000
2025-11-04T14:39:00+00:00,101395.430000
2025-11-04T14:44:00+00:00,100496.730000
2025-11-04T14:54:00+00:00,100495.250000
2025-11-04T17:19:00+00:00,99735.770000
2025-11-05T05:14:00+00:00,99733.550000
2025-11-05T08:14:00+00:00,99728.370000
2025-11-05T10:54:00+00:00,98774.690000
2025-11-05T14:49:00+00:00,98771.730000
2025-11-05T14:59:00+00:00,98768.770000
2025-11-05T16:44:00+00:00,99250.280000
2025-11-05T17:29:00+00:00,99971.800000
2025-11-05T21:09:00+00:00,100785.320000
2025-11-05T21:09:00+00:00,101263.840000
2025-11-05T21:09:00+00:00,101520.880000
2025-11-06T03:59:00+00:00,101506.080000
2025-11-06T06:29:00+00:00,102241.180000
2025-11-06T07:39:00+00:00,103471.280000
2025-11-06T07:39:00+00:00,103463.140000
2025-11-06T09:09:00+00:00,102476.000000
2025-11-06T10:44:00+00:00,102461.200000
2025-11-06T12:09:00+00:00,101456.400000
2025-11-06T14:54:00+00:00,101454.180000
2025-11-06T15:39:00+00:00,101847.190000
2025-11-06T16:44:00+00:00,103158.210000
2025-11-06T18:14:00+00:00,103154.510000
2025-11-06T18:34:00+00:00,102228.310000
2025-11-07T04:24:00+00:00,102221.650000
2025-11-07T05:59:00+00:00,102869.690000
2025-11-07T08:54:00+00:00,102861.550000
2025-11-07T09:34:00+00:00,101896.410000
2025-11-07T09:44:00+00:00,101890.210000
2025-11-07T13:54:00+00:00,101883.550000
2025-11-07T14:09:00+00:00,100886.890000
2025-11-07T15:39:00+00:00,100885.410000
2025-11-07T19:59:00+00:00,100005.930000
2025-11-10T00:09:00+00:00,100000.750000
2025-11-10T01:14:00+00:00,99047.070000
2025-11-10T08:29:00+00:00,99031.530000
2025-11-10T08:59:00+00:00,99714.130000
2025-11-10T09:19:00+00:00,100970.990000
2025-11-10T15:04:00+00:00,100968.030000
2025-11-10T15:59:00+00:00,100043.070000
2025-11-11T08:29:00+00:00,100036.410000
2025-11-11T13:14:00+00:00,100340.250000
2025-11-11T13:14:00+00:00,100330.630000
2025-11-11T13:29:00+00:00,99326.510000
2025-11-11T14:49:00+00:00,99321.330000
2025-11-11T15:04:00+00:00,99109.650000
2025-11-11T15:04:00+00:00,99098.550000
2025-11-11T15:09:00+00:00,98142.450000
2025-11-11T16:34:00+00:00,98139.490000
2025-11-11T17:59:00+00:00,97276.530000
2025-11-12T08:24:00+00:00,97269.130000
2025-11-12T11:34:00+00:00,96311.730000
2025-11-12T14:49:00+00:00,96310.250000
2025-11-12T21:09:00+00:00,96046.770000
2025-11-13T00:04:00+00:00,96034.930000
2025-11-13T01:04:00+00:00,96737.010000
2025-11-13T01:04:00+00:00,96727.090000
2025-11-13T15:49:00+00:00,96726.350000
2025-11-13T21:09:00+00:00,96902.110000
2025-11-14T05:29:00+00:00,96897.670000
2025-11-14T07:14:00+00:00,95978.230000
2025-11-14T07:24:00+00:00,95976.750000
2025-11-14T08:59:00+00:00,95852.270000
2025-11-14T08:59:00+00:00,95844.870000
2025-11-14T09:49:00+00:00,94882.470000
2025-11-14T10:14:00+00:00,94878.030000
2025-11-14T11:09:00+00:00,93934.590000
2025-11-14T14:49:00+00:00,93933.850000
2025-11-14T14:54:00+00:00,93932.370000
2025-11-14T17:14:00+00:00,94625.380000
2025-11-14T18:59:00+00:00,94620.200000
2025-11-14T20:44:00+00:00,93722.520000
2025-11-14T21:09:00+00:00,94151.780000
2025-11-14T21:09:00+00:00,94508.040000
2025-11-17T14:04:00+00:00,94500.640000
2025-11-17T14:29:00+00:00,93573.240000
2025-11-17T14:39:00+00:00,93571.020000
2025-11-17T14:49:00+00:00,93570.280000
2025-11-17T16:04:00+00:00,92795.560000
2025-11-17T16:19:00+00:00,92267.320000
2025-11-17T16:34:00+00:00,92263.620000
2025-11-17T17:59:00+00:00,91382.420000
2025-11-18T07:29:00+00:00,91375.760000
2025-11-18T08:04:00+00:00,91921.800000
2025-11-18T08:34:00+00:00,93061.850000
2025-11-18T09:29:00+00:00,93055.930000
2025-11-18T12:14:00+00:00,93685.970000
2025-11-18T12:59:00+00:00,94738.010000
2025-11-18T13:09:00+00:00,94732.830000
2025-11-18T14:34:00+00:00,93852.650000
2025-11-18T14:49:00+00:00,93851.170000
2025-11-18T21:09:00+00:00,94112.690000
2025-11-19T02:09:00+00:00,94108.250000
2025-11-19T03:24:00+00:00,93911.810000
2025-11-19T03:24:00+00:00,93905.150000
2025-11-19T04:14:00+00:00,94487.190000
2025-11-19T05:44:00+00:00,95702.240000
2025-11-19T05:59:00+00:00,95697.060000
2025-11-19T07:14:00+00:00,96237.090000
2025-11-19T08:44:00+00:00,96868.130000
2025-11-19T08:44:00+00:00,96857.770000
2025-11-19T09:19:00+00:00,96350.410000
2025-11-19T09:19:00+00:00,96347.450000
2025-11-19T14:44:00+00:00,96343.750000
2025-11-19T14:49:00+00:00,96342.270000
2025-11-19T14:54:00+00:00,96933.290000
2025-11-19T14:59:00+00:00,97919.310000
2025-11-19T14:59:00+00:00,98442.830000
2025-11-19T15:19:00+00:00,99753.110000
2025-11-19T17:34:00+00:00,98964.630000
2025-11-19T17:49:00+00:00,98960.190000
2025-11-19T20:19:00+00:00,99650.970000
2025-11-19T20:19:00+00:00,100803.750000
2025-11-20T10:24:00+00:00,100791.910000
2025-11-20T10:49:00+00:00,101523.990000
2025-11-20T11:29:00+00:00,101514.070000
2025-11-20T11:39:00+00:00,101506.670000
2025-11-20T11:54:00+00:00,100554.270000
2025-11-20T11:54:00+00:00,100544.650000
2025-11-20T12:19:00+00:00,99540.530000
2025-11-20T14:59:00+00:00,99538.310000
2025-11-20T16:04:00+00:00,98765.090000
2025-11-21T08:14:00+00:00,98761.390000
2025-11-21T09:44:00+00:00,97867.690000
2025-11-21T14:54:00+00:00,97865.470000
2025-11-21T15:04:00+00:00,97096.750000
2025-11-24T08:09:00+00:00,97090.090000
2025-11-24T08:19:00+00:00,96169.930000
2025-11-24T15:04:00+00:00,96168.450000
2025-11-24T20:09:00+00:00,96162.530000
2025-11-24T21:09:00+00:00,97069.050000
2025-11-24T21:09:00+00:00,97387.130000
2025-11-25T12:09:00+00:00,97382.690000
2025-11-25T14:34:00+00:00,96445.250000
2025-11-25T14:49:00+00:00,96444.510000
2025-11-25T16:24:00+00:00,95946.270000
2025-11-26T00:04:00+00:00,95935.910000
2025-11-26T01:09:00+00:00,96618.480000
2025-11-26T01:34:00+00:00,97759.550000
2025-11-26T14:59:00+00:00,97756.590000
2025-11-26T15:59:00+00:00,96927.630000
2025-11-27T01:14:00+00:00,96907.650000
2025-11-27T01:59:00+00:00,95915.670000
2025-11-27T04:49:00+00:00,95899.390000
2025-11-27T07:54:00+00:00,96037.110000
2025-11-27T07:54:00+00:00,96026.010000
2025-11-27T08:14:00+00:00,95714.910000
2025-11-27T08:14:00+00:00,95704.550000
2025-11-27T23:09:00+00:00,95400.190000
2025-11-27T23:09:00+00:00,95389.830000
2025-11-28T13:34:00+00:00,96088.150000
2025-11-28T14:39:00+00:00,97255.470000
2025-11-28T16:09:00+00:00,97252.510000
2025-12-01T00:49:00+00:00,96417.550000
2025-12-01T11:19:00+00:00,96407.930000
2025-12-01T12:14:00+00:00,95429.810000
2025-12-01T14:39:00+00:00,95423.890000
2025-12-01T14:54:00+00:00,95421.670000
2025-12-01T14:59:00+00:00,96117.710000
2025-12-01T15:54:00+00:00,97279.750000
2025-12-01T19:09:00+00:00,97880.530000
2025-12-01T19:09:00+00:00,97863.510000
2025-12-01T19:24:00+00:00,98548.370000
2025-12-01T19:29:00+00:00,99799.490000
2025-12-01T23:29:00+00:00,99791.350000
2025-12-02T03:29:00+00:00,98826.210000
2025-12-02T15:04:00+00:00,98823.990000
2025-12-02T15:49:00+00:00,98821.770000
2025-12-02T16:24:00+00:00,97837.050000
2025-12-02T16:24:00+00:00,97008.330000
2025-12-03T00:29:00+00:00,96997.970000
2025-12-03T00:49:00+00:00,96035.610000
2025-12-03T00:54:00+00:00,96026.730000
2025-12-03T13:24:00+00:00,96803.850000
2025-12-03T13:24:00+00:00,96791.270000
2025-12-03T14:04:00+00:00,97445.350000
2025-12-03T14:04:00+00:00,98676.190000
2025-12-03T14:09:00+00:00,98672.490000
2025-12-03T14:34:00+00:00,97801.290000
2025-12-03T15:04:00+00:00,97798.330000
2025-12-03T21:09:00+00:00,98419.370000
2025-12-04T01:14:00+00:00,98406.050000
2025-12-04T02:14:00+00:00,97402.730000
2025-12-04T05:24:00+00:00,97390.150000
2025-12-04T07:09:00+00:00,96442.570000
2025-12-04T14:39:00+00:00,96436.650000
2025-12-04T15:29:00+00:00,97135.690000
2025-12-04T15:39:00+00:00,97130.730000
2025-12-04T16:04:00+00:00,97129.250000
2025-12-04T21:09:00+00:00,96723.770000
2025-12-05T08:34:00+00:00,96706.010000
2025-12-05T09:14:00+00:00,97399.130000
2025-12-05T12:24:00+00:00,98560.250000
2025-12-05T14:54:00+00:00,98557.290000
2025-12-05T16:34:00+00:00,97580.330000
2025-12-08T06:14:00+00:00,97564.050000
2025-12-08T06:49:00+00:00,97228.770000
2025-12-08T06:49:00+00:00,97206.570000
2025-12-08T07:04:00+00:00,97791.720000
2025-12-08T07:19:00+00:00,97773.120000
2025-12-08T07:24:00+00:00,97759.800000
2025-12-08T08:29:00+00:00,96783.480000
2025-12-08T10:34:00+00:00,96769.420000
2025-12-08T11:34:00+00:00,95795.860000
2025-12-08T13:39:00+00:00,95787.720000
2025-12-08T13:49:00+00:00,95504.580000
2025-12-08T13:49:00+00:00,95495.700000
2025-12-08T14:49:00+00:00,94568.820000
2025-12-08T14:49:00+00:00,94565.860000
2025-12-08T17:04:00+00:00,95177.880000
2025-12-08T21:09:00+00:00,95549.400000
2025-12-09T01:09:00+00:00,95534.600000
2025-12-09T01:34:00+00:00,95527.200000
2025-12-09T02:14:00+00:00,96224.800000
2025-12-09T02:14:00+00:00,96438.600000
2025-12-09T02:19:00+00:00,96432.400000
2025-12-09T06:04:00+00:00,97600.000000
2025-12-09T15:29:00+00:00,97596.300000
2025-12-09T21:09:00+00:00,97865.100000
2025-12-10T00:14:00+00:00,97842.900000
2025-12-10T00:19:00+00:00,97160.700000
2025-12-10T00:24:00+00:00,97154.040000
2025-12-10T03:24:00+00:00,97138.500000
2025-12-10T04:14:00+00:00,96513.960000
2025-12-10T07:24:00+00:00,95598.300000
2025-12-10T10:29:00+00:00,95593.120000
2025-12-10T13:24:00+00:00,94712.940000
2025-12-10T15:54:00+00:00,94707.760000
2025-12-10T15:59:00+00:00,94615.080000
2025-12-10T15:59:00+00:00,94612.120000
2025-12-10T17:54:00+00:00,93831.160000
2025-12-11T06:44:00+00:00,93818.580000
2025-12-11T07:09:00+00:00,92879.500000
2025-12-11T13:39:00+00:00,92872.840000
2025-12-11T14:34:00+00:00,93430.880000
2025-12-11T14:34:00+00:00,93424.680000
2025-12-11T14:39:00+00:00,93421.720000
2025-12-11T14:49:00+00:00,93420.240000
2025-12-11T14:54:00+00:00,93993.260000
2025-12-11T15:14:00+00:00,94108.780000
2025-12-11T15:14:00+00:00,93829.300000
2025-12-11T15:19:00+00:00,93826.340000
2025-12-11T15:54:00+00:00,93053.380000
2025-12-11T16:59:00+00:00,93051.160000
2025-12-11T17:39:00+00:00,92207.440000
2025-12-12T06:39:00+00:00,92191.900000
2025-12-12T08:04:00+00:00,92814.500000
2025-12-12T09:09:00+00:00,93961.360000
2025-12-12T14:49:00+00:00,93958.400000
2025-12-12T15:29:00+00:00,94630.420000
2025-12-12T15:59:00+00:00,95751.440000
2025-12-15T04:34:00+00:00,95734.420000
2025-12-15T07:14:00+00:00,95981.900000
2025-12-15T07:14:00+00:00,95964.880000
2025-12-15T08:44:00+00:00,95004.860000
2025-12-15T14:39:00+00:00,94998.940000
2025-12-15T14:54:00+00:00,94996.720000
2025-12-15T14:59:00+00:00,95632.760000
2025-12-15T15:14:00+00:00,96694.800000
2025-12-15T15:29:00+00:00,97145.560000
2025-12-15T16:29:00+00:00,97143.080000
2025-12-15T16:39:00+00:00,97141.600000
2025-12-15T21:09:00+00:00,97392.120000
2025-12-16T03:54:00+00:00,97385.460000
2025-12-16T05:59:00+00:00,96483.300000
2025-12-16T08:09:00+00:00,96478.120000
2025-12-16T10:39:00+00:00,97063.150000
2025-12-16T12:14:00+00:00,98365.190000
2025-12-16T13:59:00+00:00,98362.970000
2025-12-16T14:54:00+00:00,97549.250000
2025-12-16T14:59:00+00:00,97547.770000
2025-12-16T15:29:00+00:00,96827.290000
2025-12-17T13:04:00+00:00,96805.090000
2025-12-17T13:14:00+00:00,97468.990000
2025-12-17T13:14:00+00:00,98582.890000
2025-12-17T14:54:00+00:00,98580.670000
2025-12-17T15:59:00+00:00,99061.430000
2025-12-17T21:09:00+00:00,100302.950000
2025-12-18T02:29:00+00:00,100294.070000
2025-12-18T03:19:00+00:00,101027.630000
2025-12-18T04:34:00+00:00,101020.190000
2025-12-18T07:04:00+00:00,101005.390000
2025-12-18T07:24:00+00:00,101755.490000
2025-12-18T08:34:00+00:00,102503.090000
2025-12-18T08:34:00+00:00,102480.890000
2025-12-18T08:44:00+00:00,101423.690000
2025-12-18T10:44:00+00:00,101408.150000
2025-12-18T12:04:00+00:00,100374.110000
2025-12-18T14:44:00+00:00,100369.670000
2025-12-18T14:59:00+00:00,99366.230000
2025-12-18T15:34:00+00:00,99364.750000
2025-12-18T17:14:00+00:00,98838.270000
2025-12-18T17:14:00+00:00,98833.830000
2025-12-18T17:44:00+00:00,97893.390000
2025-12-18T23:14:00+00:00,97891.170000
2025-12-19T01:09:00+00:00,97882.290000
2025-12-19T01:44:00+00:00,97893.570000
2025-12-19T01:44:00+00:00,97950.690000
2025-12-19T01:49:00+00:00,97936.630000
2025-12-19T01:59:00+00:00,98598.220000
2025-12-19T03:29:00+00:00,99828.320000
2025-12-19T10:19:00+00:00,99822.400000
2025-12-19T11:14:00+00:00,98892.480000
2025-12-19T14:59:00+00:00,98891.000000
2025-12-19T21:09:00+00:00,98992.520000
2025-12-22T12:09:00+00:00,98970.320000
2025-12-22T12:39:00+00:00,99555.470000
2025-12-22T13:24:00+00:00,100538.120000
2025-12-22T13:44:00+00:00,100522.580000
2025-12-22T14:04:00+00:00,99530.540000
2025-12-22T15:39:00+00:00,99528.320000
2025-12-22T21:09:00+00:00,99199.100000
2025-12-23T07:39:00+00:00,99188.740000
2025-12-23T08:24:00+00:00,98205.380000
2025-12-23T11:19:00+00:00,98195.760000
2025-12-23T13:09:00+00:00,98186.880000
2025-12-23T13:39:00+00:00,98861.940000
2025-12-23T13:39:00+00:00,99546.000000
2025-12-23T14:34:00+00:00,99537.320000
2025-12-23T14:34:00+00:00,99529.880000
2025-12-23T15:04:00+00:00,99526.920000
2025-12-23T15:09:00+00:00,99523.960000
2025-12-23T15:59:00+00:00,98717.000000
2025-12-23T16:54:00+00:00,97854.040000
2025-12-24T13:14:00+00:00,97833.320000
2025-12-24T13:34:00+00:00,96832.600000
2025-12-24T15:14:00+00:00,96825.200000
2025-12-24T15:29:00+00:00,96552.800000
2025-12-24T15:29:00+00:00,96535.040000
2025-12-24T16:09:00+00:00,95557.280000
2025-12-26T09:24:00+00:00,95535.080000
2025-12-26T09:59:00+00:00,94567.880000
2025-12-26T13:54:00+00:00,94549.380000
2025-12-26T14:19:00+00:00,93580.880000
2025-12-26T15:04:00+00:00,93576.440000
2025-12-26T17:34:00+00:00,93440.000000
2025-12-26T17:34:00+00:00,93431.860000
2025-12-26T21:09:00+00:00,93242.220000
2025-12-29T03:39:00+00:00,93225.200000
2025-12-29T05:04:00+00:00,92299.680000
2025-12-29T06:39:00+00:00,92293.020000
2025-12-29T08:39:00+00:00,92851.060000
2025-12-29T12:49:00+00:00,92840.700000
2025-12-29T13:49:00+00:00,94005.750000
2025-12-29T13:49:00+00:00,94688.320000
2025-12-29T13:54:00+00:00,95829.390000
2025-12-29T17:29:00+00:00,95827.910000
2025-12-29T21:09:00+00:00,95508.430000
2025-12-30T00:59:00+00:00,95498.070000
2025-12-30T03:34:00+00:00,94528.710000
2025-12-30T05:54:00+00:00,94516.870000
2025-12-30T06:29:00+00:00,93593.030000
2025-12-30T11:54:00+00:00,93578.230000
2025-12-30T13:34:00+00:00,92623.430000
2025-12-30T13:44:00+00:00,92616.030000
2025-12-30T14:39:00+00:00,92903.630000
2025-12-30T14:39:00+00:00,92891.790000
2025-12-30T14:49:00+00:00,93569.870000
2025-12-30T14:49:00+00:00,93559.950000
2025-12-30T14:49:00+00:00,93554.030000
2025-12-30T15:19:00+00:00,92900.110000
2025-12-30T15:19:00+00:00,92895.670000
2025-12-30T16:19:00+00:00,92027.230000
2025-12-30T16:44:00+00:00,92017.610000
2025-12-30T20:14:00+00:00,92620.670000
2025-12-30T21:09:00+00:00,93413.490000
2025-12-31T05:44:00+00:00,93394.250000
2025-12-31T06:19:00+00:00,94067.130000
2025-12-31T07:34:00+00:00,94304.510000
2025-12-31T07:34:00+00:00,94282.310000
2025-12-31T08:14:00+00:00,93345.110000
2025-12-31T14:49:00+00:00,93341.410000
2025-12-31T17:14:00+00:00,93334.010000
2025-12-31T18:44:00+00:00,92421.610000
2025-12-31T20:29:00+00:00,92946.630000
2025-12-31T21:09:00+00:00,93880.410000
2026-01-02T11:24:00+00:00,93864.870000
2026-01-02T12:14:00+00:00,94524.970000
2026-01-02T14:24:00+00:00,95740.580000
2026-01-02T14:49:00+00:00,95737.620000
2026-01-02T15:14:00+00:00,94800.660000
2026-01-02T15:19:00+00:00,94799.180000
2026-01-02T16:14:00+00:00,95322.690000
2026-01-02T21:09:00+00:00,95673.450000
2026-01-05T05:14:00+00:00,95651.250000
2026-01-05T05:34:00+00:00,94789.050000
2026-01-05T06:34:00+00:00,94770.550000
2026-01-05T06:49:00+00:00,93814.550000
2026-01-05T11:34:00+00:00,93793.830000
2026-01-05T11:39:00+00:00,92849.110000
2026-01-05T13:39:00+00:00,92839.490000
2026-01-05T14:04:00+00:00,93447.050000
2026-01-05T14:29:00+00:00,94631.870000
2026-01-05T15:29:00+00:00,94629.650000
2026-01-05T20:59:00+00:00,94106.930000
2026-01-06T14:49:00+00:00,94103.970000
2026-01-06T21:09:00+00:00,94991.010000
2026-01-07T05:49:00+00:00,94982.130000
2026-01-07T14:34:00+00:00,94073.250000
2026-01-07T15:29:00+00:00,94070.290000
2026-01-07T21:09:00+00:00,93737.330000
2026-01-08T08:54:00+00:00,93721.050000
2026-01-08T09:44:00+00:00,94397.660000
2026-01-08T13:19:00+00:00,94384.020000
2026-01-08T14:59:00+00:00,94382.540000
2026-01-08T15:14:00+00:00,94082.060000
2026-01-08T15:14:00+00:00,94076.140000
2026-01-08T15:54:00+00:00,93214.220000
2026-01-08T18:24:00+00:00,93210.520000
2026-01-08T21:09:00+00:00,93636.820000
2026-01-09T07:44:00+00:00,93614.620000
2026-01-09T08:09:00+00:00,94199.770000
2026-01-09T08:34:00+00:00,94181.170000
2026-01-09T12:54:00+00:00,94168.590000
2026-01-09T13:34:00+00:00,94810.670000
2026-01-09T13:34:00+00:00,94799.510000
2026-01-09T14:44:00+00:00,94796.550000
2026-01-09T15:09:00+00:00,93931.590000
2026-01-09T15:09:00+00:00,93929.370000
2026-01-09T15:24:00+00:00,93037.650000
2026-01-09T15:34:00+00:00,93036.170000
2026-01-09T15:49:00+00:00,92663.690000
2026-01-09T15:49:00+00:00,92659.250000
2026-01-09T16:04:00+00:00,91838.810000
2026-01-09T18:44:00+00:00,91835.850000
2026-01-09T21:09:00+00:00,91804.890000
2026-01-12T08:19:00+00:00,91786.390000
2026-01-12T08:24:00+00:00,92416.510000
2026-01-12T08:24:00+00:00,92400.390000
2026-01-12T14:39:00+00:00,92394.470000
2026-01-12T14:54:00+00:00,92392.250000
2026-01-12T16:59:00+00:00,93064.290000
2026-01-12T21:09:00+00:00,93655.330000
2026-01-12T21:09:00+00:00,94028.110000
2026-01-13T01:54:00+00:00,94014.050000
2026-01-13T06:14:00+00:00,94648.640000
2026-01-13T07:19:00+00:00,94642.720000
2026-01-13T08:39:00+00:00,95155.320000
2026-01-13T08:39:00+00:00,94989.400000
2026-01-13T08:44:00+00:00,94979.780000
2026-01-13T09:49:00+00:00,94968.680000
2026-01-13T13:34:00+00:00,94016.560000
2026-01-13T13:34:00+00:00,93075.460000
2026-01-13T13:39:00+00:00,93069.540000
2026-01-13T15:04:00+00:00,92207.620000
2026-01-13T15:04:00+00:00,92204.660000
2026-01-13T21:09:00+00:00,92331.700000
2026-01-14T01:39:00+00:00,92310.240000
2026-01-14T01:49:00+00:00,92950.880000
2026-01-14T03:09:00+00:00,92932.280000
2026-01-14T14:49:00+00:00,92930.060000
2026-01-14T14:59:00+00:00,92928.580000
2026-01-14T16:54:00+00:00,93377.090000
2026-01-14T17:59:00+00:00,93375.610000
2026-01-14T18:39:00+00:00,93373.390000
2026-01-14T20:09:00+00:00,92538.670000
2026-01-14T20:14:00+00:00,92988.190000
2026-01-14T20:14:00+00:00,93108.710000
2026-01-14T20:14:00+00:00,92688.230000
2026-01-14T20:19:00+00:00,92686.010000
2026-01-14T21:09:00+00:00,93186.290000
2026-01-15T01:09:00+00:00,93181.850000
2026-01-15T01:34:00+00:00,92358.410000
2026-01-15T08:14:00+00:00,92355.450000
2026-01-15T13:29:00+00:00,92964.470000
2026-01-15T15:44:00+00:00,93489.990000
2026-01-15T15:44:00+00:00,93487.030000
2026-01-15T16:04:00+00:00,92988.070000
2026-01-15T16:04:00+00:00,92981.410000
2026-01-15T17:34:00+00:00,92092.750000
2026-01-16T07:49:00+00:00,92077.950000
2026-01-16T08:04:00+00:00,92143.150000
2026-01-16T08:04:00+00:00,92121.690000
2026-01-16T08:24:00+00:00,92762.330000
2026-01-16T08:44:00+00:00,93913.730000
2026-01-16T08:59:00+00:00,93903.370000
2026-01-16T11:19:00+00:00,94596.440000
2026-01-16T12:54:00+00:00,94587.760000
2026-01-16T12:59:00+00:00,94579.620000
2026-01-16T14:29:00+00:00,93647.480000
2026-01-16T14:54:00+00:00,93644.520000
2026-01-16T15:39:00+00:00,94276.040000
2026-01-16T19:19:00+00:00,94265.680000
2026-01-16T19:39:00+00:00,93359.320000
2026-01-16T21:09:00+00:00,93783.840000
2026-01-19T00:44:00+00:00,93777.180000
2026-01-19T01:59:00+00:00,92866.020000
2026-01-19T05:29:00+00:00,92857.140000
2026-01-19T07:04:00+00:00,91942.260000
2026-01-19T07:54:00+00:00,91928.200000
2026-01-19T08:19:00+00:00,92569.540000
2026-01-19T08:39:00+00:00,93762.140000
2026-01-19T14:59:00+00:00,93755.480000
2026-01-19T16:29:00+00:00,94108.820000
2026-01-19T16:29:00+00:00,94096.980000
2026-01-19T16:39:00+00:00,93181.140000
2026-01-20T00:44:00+00:00,93173.000000
2026-01-20T00:59:00+00:00,92262.860000
2026-01-20T02:39:00+00:00,92259.900000
2026-01-20T05:44:00+00:00,91926.940000
2026-01-20T05:44:00+00:00,91918.800000
2026-01-20T06:19:00+00:00,92511.350000
2026-01-20T06:34:00+00:00,93699.410000
2026-01-20T12:24:00+00:00,93690.530000
2026-01-20T12:44:00+00:00,92763.650000
2026-01-20T15:29:00+00:00,92761.430000
2026-01-20T18:34:00+00:00,91992.710000
2026-01-21T09:09:00+00:00,91982.350000
2026-01-21T09:49:00+00:00,91054.990000
2026-01-21T14:49:00+00:00,91052.030000
2026-01-21T15:34:00+00:00,91700.050000
2026-01-21T16:59:00+00:00,91697.570000
2026-01-21T18:09:00+00:00,91696.830000
2026-01-21T19:34:00+00:00,91116.590000
2026-01-21T23:09:00+00:00,91112.150000
2026-01-22T06:14:00+00:00,90222.710000
2026-01-22T14:49:00+00:00,90221.230000
2026-01-22T19:09:00+00:00,89727.750000
2026-01-22T19:09:00+00:00,89720.350000
2026-01-22T19:59:00+00:00,88842.950000
2026-01-23T14:59:00+00:00,88839.990000
2026-01-23T15:54:00+00:00,89446.010000
2026-01-23T16:44:00+00:00,89445.270000
2026-01-23T21:09:00+00:00,89639.790000
2026-01-23T21:09:00+00:00,89439.050000
2026-01-26T06:39:00+00:00,89419.070000
2026-01-26T06:54:00+00:00,88508.090000
2026-01-26T10:04:00+00:00,88498.470000
2026-01-26T12:04:00+00:00,89106.030000
2026-01-26T12:09:00+00:00,90290.850000
2026-01-26T13:54:00+00:00,90282.710000
2026-01-26T14:34:00+00:00,90864.010000
2026-01-26T14:34:00+00:00,90856.570000
2026-01-26T14:59:00+00:00,90854.350000
2026-01-26T21:09:00+00:00,90921.130000
2026-01-27T03:44:00+00:00,90916.690000
2026-01-27T07:54:00+00:00,91296.250000
2026-01-27T07:54:00+00:00,91281.450000
2026-01-27T08:39:00+00:00,91956.550000
2026-01-27T10:09:00+00:00,92304.150000
2026-01-27T10:09:00+00:00,92283.430000
2026-01-27T11:34:00+00:00,92945.070000
2026-01-27T11:39:00+00:00,94054.710000
2026-01-27T14:44:00+00:00,94050.270000
2026-01-27T14:54:00+00:00,93169.830000
2026-01-27T14:54:00+00:00,93167.610000
2026-01-27T14:59:00+00:00,93164.650000
2026-01-27T21:09:00+00:00,93397.930000
2026-01-27T21:09:00+00:00,93580.970000
2026-01-28T04:09:00+00:00,93558.770000
2026-01-28T05:44:00+00:00,94188.920000
2026-01-28T06:04:00+00:00,95246.570000
2026-01-28T07:49:00+00:00,95242.870000
2026-01-28T14:19:00+00:00,94414.170000
2026-01-28T14:29:00+00:00,94397.150000
2026-01-28T14:34:00+00:00,95057.260000
2026-01-28T14:34:00+00:00,95042.380000
2026-01-28T15:34:00+00:00,95039.420000
2026-01-28T20:04:00+00:00,95032.760000
2026-01-28T21:04:00+00:00,95632.780000
2026-01-28T21:04:00+00:00,96217.820000
2026-01-28T21:04:00+00:00,97439.120000
2026-01-28T21:09:00+00:00,97618.640000
2026-01-28T23:19:00+00:00,97614.940000
2026-01-29T08:19:00+00:00,96883.740000
2026-01-29T08:19:00+00:00,96871.160000
2026-01-29T08:29:00+00:00,95906.580000
2026-01-29T14:54:00+00:00,95905.100000
2026-01-29T15:54:00+00:00,96606.360000
2026-01-29T19:39:00+00:00,96598.960000
2026-01-29T20:39:00+00:00,95636.560000
2026-01-29T20:54:00+00:00,95635.320000
2026-01-30T09:19:00+00:00,95630.880000
2026-01-30T11:04:00+00:00,94687.440000
2026-01-30T15:29:00+00:00,94685.220000
2026-01-30T15:44:00+00:00,94081.500000
2026-01-30T15:44:00+00:00,94078.540000
2026-01-30T16:19:00+00:00,93285.580000
2026-01-30T18:34:00+00:00,93282.620000
2026-01-30T18:59:00+00:00,93852.640000
2026-01-30T20:19:00+00:00,93850.160000
2026-02-02T14:49:00+00:00,93848.680000
2026-02-02T21:09:00+00:00,94433.200000
2026-02-03T05:29:00+00:00,94428.020000
2026-02-03T13:29:00+00:00,94734.340000
2026-02-03T13:29:00+00:00,94717.320000
2026-02-03T14:04:00+00:00,95369.180000
2026-02-03T14:19:00+00:00,96560.300000
2026-02-03T14:54:00+00:00,96558.820000
2026-02-03T17:39:00+00:00,97254.080000
2026-02-03T21:09:00+00:00,97794.840000
2026-02-03T23:19:00+00:00,97793.360000
2026-02-04T01:09:00+00:00,97786.700000
2026-02-04T07:24:00+00:00,98425.740000
2026-02-04T08:29:00+00:00,98419.540000
2026-02-04T14:34:00+00:00,97721.060000
2026-02-04T14:59:00+00:00,97719.580000
2026-02-04T15:04:00+00:00,97718.100000
2026-02-04T17:29:00+00:00,98304.610000
2026-02-04T17:54:00+00:00,99010.370000
2026-02-04T21:09:00+00:00,99347.630000
2026-02-04T21:09:00+00:00,99593.390000
2026-02-05T01:29:00+00:00,99585.250000
2026-02-05T02:14:00+00:00,100241.550000
2026-02-05T02:14:00+00:00,101557.110000
2026-02-05T15:04:00+00:00,101554.890000
2026-02-05T15:14:00+00:00,101554.150000
2026-02-05T16:59:00+00:00,100656.430000
2026-02-05T21:09:00+00:00,100588.190000
2026-02-05T23:34:00+00:00,100583.010000
2026-02-05T23:54:00+00:00,99674.830000
2026-02-06T06:44:00+00:00,99668.910000
2026-02-06T09:09:00+00:00,98746.990000
2026-02-06T14:49:00+00:00,98745.510000
2026-02-06T19:29:00+00:00,98742.550000
2026-02-06T21:09:00+00:00,99539.070000
2026-02-06T21:09:00+00:00,99744.110000
2026-02-09T14:44:00+00:00,99742.630000
2026-02-09T14:49:00+00:00,99741.150000
2026-02-09T17:14:00+00:00,100257.910000
2026-02-09T21:09:00+00:00,100678.170000
2026-02-09T21:09:00+00:00,101430.690000
2026-02-09T23:19:00+00:00,101424.030000
2026-02-10T01:44:00+00:00,101844.870000
2026-02-10T01:44:00+00:00,101827.850000
2026-02-10T02:14:00+00:00,100798.830000
2026-02-10T03:39:00+00:00,100786.250000
2026-02-10T05:39:00+00:00,101476.330000
2026-02-10T05:39:00+00:00,101468.930000
2026-02-10T06:34:00+00:00,101457.770000
2026-02-10T06:39:00+00:00,100440.370000
2026-02-10T12:44:00+00:00,100418.170000
2026-02-10T12:54:00+00:00,101093.320000
2026-02-10T12:59:00+00:00,102225.970000
2026-02-10T14:59:00+00:00,102222.270000
2026-02-10T15:09:00+00:00,102220.050000
2026-02-10T18:29:00+00:00,101281.350000
2026-02-10T20:09:00+00:00,100260.630000
2026-02-11T02:59:00+00:00,100252.490000
2026-02-11T03:34:00+00:00,100242.130000
2026-02-11T05:44:00+00:00,99279.770000
2026-02-11T06:19:00+00:00,98270.630000
2026-02-11T07:19:00+00:00,98266.190000
2026-02-11T10:04:00+00:00,98900.720000
2026-02-11T12:14:00+00:00,98897.000000
2026-02-11T14:59:00+00:00,98894.780000
2026-02-11T15:29:00+00:00,99374.040000
2026-02-11T15:59:00+00:00,99615.560000
2026-02-11T15:59:00+00:00,99614.080000
2026-02-11T16:34:00+00:00,99445.600000
2026-02-11T16:34:00+00:00,99444.120000
2026-02-11T17:14:00+00:00,99401.640000
2026-02-11T17:14:00+00:00,99399.420000
2026-02-11T21:09:00+00:00,99785.700000
2026-02-12T04:39:00+00:00,99763.500000
2026-02-12T05:04:00+00:00,98931.300000
2026-02-12T10:19:00+00:00,98912.060000
2026-02-12T11:24:00+00:00,97917.820000
2026-02-12T13:39:00+00:00,97908.200000
2026-02-12T14:29:00+00:00,96936.580000
2026-02-12T14:49:00+00:00,96934.360000
2026-02-12T15:59:00+00:00,97356.620000
2026-02-12T16:19:00+00:00,98765.140000
2026-02-13T01:09:00+00:00,98759.220000
2026-02-13T03:59:00+00:00,97833.300000
2026-02-13T08:24:00+00:00,97828.120000
2026-02-13T09:09:00+00:00,97818.500000
2026-02-13T09:24:00+00:00,96836.820000
2026-02-13T09:24:00+00:00,95878.200000
2026-02-13T15:09:00+00:00,95876.720000
2026-02-13T21:09:00+00:00,95804.240000
2026-02-16T15:04:00+00:00,95799.800000
2026-02-16T15:29:00+00:00,94886.360000
2026-02-17T08:39:00+00:00,94881.180000
2026-02-17T13:09:00+00:00,95472.960000
2026-02-17T13:29:00+00:00,95832.000000
2026-02-17T13:29:00+00:00,95825.340000
2026-02-17T13:54:00+00:00,96434.380000
2026-02-17T13:54:00+00:00,96428.180000
2026-02-17T14:54:00+00:00,96427.440000
2026-02-17T14:59:00+00:00,96426.700000
2026-02-17T15:24:00+00:00,96399.960000
2026-02-17T15:24:00+00:00,96281.720000
2026-02-17T15:29:00+00:00,96280.240000
2026-02-17T16:14:00+00:00,96764.750000
2026-02-17T21:09:00+00:00,97253.510000
2026-02-18T12:39:00+00:00,97248.330000
2026-02-18T14:34:00+00:00,97858.110000
2026-02-18T14:49:00+00:00,97853.150000
2026-02-18T14:54:00+00:00,97850.930000
2026-02-18T14:59:00+00:00,97848.710000
2026-02-18T15:59:00+00:00,98251.470000
2026-02-18T17:09:00+00:00,98250.730000
2026-02-18T19:59:00+00:00,98248.250000
2026-02-18T21:09:00+00:00,98213.030000
2026-02-18T21:09:00+00:00,97869.290000
2026-02-18T23:09:00+00:00,97865.590000
2026-02-19T00:39:00+00:00,97855.230000
2026-02-19T01:14:00+00:00,98558.800000
2026-02-19T01:29:00+00:00,98310.100000
2026-02-19T01:29:00+00:00,98577.920000
2026-02-19T01:34:00+00:00,98557.940000
2026-02-19T01:39:00+00:00,99240.570000
2026-02-19T01:39:00+00:00,99223.210000
2026-02-19T08:14:00+00:00,99215.810000
2026-02-19T08:49:00+00:00,98233.410000
2026-02-19T14:34:00+00:00,98226.010000
2026-02-19T14:39:00+00:00,98912.310000
2026-02-19T14:39:00+00:00,98906.110000
2026-02-19T15:04:00+00:00,98903.890000
2026-02-19T16:34:00+00:00,98853.670000
2026-02-19T16:34:00+00:00,98846.270000
2026-02-19T16:44:00+00:00,99570.070000
2026-02-19T17:49:00+00:00,100778.870000
2026-02-19T19:44:00+00:00,100775.910000
2026-02-19T21:09:00+00:00,100076.950000
2026-02-20T01:59:00+00:00,100071.030000
2026-02-20T11:04:00+00:00,99129.110000
2026-02-20T14:39:00+00:00,99124.670000
2026-02-20T15:04:00+00:00,99840.200000
2026-02-20T15:04:00+00:00,101034.230000
2026-02-20T15:04:00+00:00,101033.490000
2026-02-20T21:09:00+00:00,101243.250000
2026-02-23T08:19:00+00:00,101238.810000
2026-02-23T14:34:00+00:00,101918.340000
2026-02-23T14:44:00+00:00,101914.620000
2026-02-23T14:49:00+00:00,101910.920000
2026-02-23T15:04:00+00:00,101909.440000
2026-02-23T15:59:00+00:00,102434.460000
2026-02-23T16:09:00+00:00,103748.490000
2026-02-23T21:09:00+00:00,104095.010000
2026-02-24T05:24:00+00:00,104072.810000
2026-02-24T05:39:00+00:00,104567.960000
2026-02-24T05:49:00+00:00,105400.610000
2026-02-24T07:49:00+00:00,105391.730000
2026-02-24T08:49:00+00:00,106174.790000
2026-02-24T09:14:00+00:00,106167.350000
2026-02-24T09:19:00+00:00,106162.170000
2026-02-24T14:34:00+00:00,105138.490000
2026-02-24T14:49:00+00:00,105136.270000
2026-02-24T21:04:00+00:00,105599.050000
2026-02-25T05:54:00+00:00,105593.130000
2026-02-25T12:24:00+00:00,106316.170000
2026-02-25T14:34:00+00:00,107523.210000
2026-02-25T14:49:00+00:00,107520.990000
2026-02-25T21:09:00+00:00,108007.770000
2026-02-26T05:24:00+00:00,107987.050000
2026-02-26T06:14:00+00:00,108774.690000
2026-02-26T07:14:00+00:00,110094.330000
2026-02-26T09:59:00+00:00,110072.130000
2026-02-26T10:59:00+00:00,110826.030000
2026-02-26T12:09:00+00:00,110807.430000
2026-02-26T14:54:00+00:00,110804.470000
2026-02-26T15:19:00+00:00,111557.490000
2026-02-26T15:24:00+00:00,112813.510000
2026-02-27T00:54:00+00:00,112800.190000
2026-02-27T02:59:00+00:00,113596.780000
2026-02-27T05:49:00+00:00,114928.870000
2026-02-27T06:39:00+00:00,114909.630000
2026-02-27T07:24:00+00:00,115738.510000
2026-02-27T08:04:00+00:00,117126.390000
2026-02-27T09:29:00+00:00,117106.410000
2026-02-27T09:39:00+00:00,117925.540000
2026-02-27T09:49:00+00:00,119402.680000
2026-02-27T12:19:00+00:00,119392.320000
2026-02-27T12:44:00+00:00,118219.960000
2026-02-27T14:49:00+00:00,118217.000000
2026-02-27T21:09:00+00:00,118536.040000
2026-03-02T14:49:00+00:00,118534.560000
2026-03-02T16:44:00+00:00,118533.820000
2026-03-02T21:09:00+00:00,118887.340000
2026-03-02T21:09:00+00:00,118821.600000
2026-03-03T03:44:00+00:00,118809.760000
2026-03-03T04:09:00+00:00,117653.920000
2026-03-03T10:49:00+00:00,117644.300000
2026-03-03T10:59:00+00:00,116490.680000
2026-03-03T14:49:00+00:00,116488.460000
2026-03-03T16:49:00+00:00,115530.740000
2026-03-03T17:49:00+00:00,115530.000000
2026-03-03T21:09:00+00:00,115618.260000
2026-03-04T00:14:00+00:00,115610.120000
2026-03-04T00:39:00+00:00,114897.980000
2026-03-04T00:39:00+00:00,114891.320000
2026-03-04T01:04:00+00:00,113764.160000
2026-03-04T06:39:00+00:00,113758.980000
2026-03-04T08:19:00+00:00,114422.760000
2026-03-04T09:49:00+00:00,115899.800000
2026-03-04T12:44:00+00:00,115889.440000
2026-03-04T13:09:00+00:00,116719.010000
2026-03-04T13:09:00+00:00,118105.080000
2026-03-04T14:39:00+00:00,118102.860000
2026-03-04T15:09:00+00:00,118100.640000
2026-03-04T15:29:00+00:00,118589.650000
2026-03-04T21:09:00+00:00,119610.170000
2026-03-04T21:09:00+00:00,120482.450000
2026-03-05T09:44:00+00:00,120478.750000
2026-03-05T14:39:00+00:00,120462.550000
2026-03-05T14:39:00+00:00,120455.890000
2026-03-05T14:54:00+00:00,120453.670000
2026-03-05T15:04:00+00:00,121221.710000
2026-03-05T15:24:00+00:00,121215.510000
2026-03-05T15:34:00+00:00,120265.290000
2026-03-05T15:44:00+00:00,120260.850000
2026-03-05T16:19:00+00:00,119101.410000
2026-03-06T01:39:00+00:00,119094.010000
2026-03-06T02:59:00+00:00,119221.610000
2026-03-06T02:59:00+00:00,119209.030000
2026-03-06T03:59:00+00:00,117997.950000
2026-03-06T05:54:00+00:00,117978.710000
2026-03-06T08:19:00+00:00,118836.840000
2026-03-06T08:29:00+00:00,120273.470000
2026-03-06T15:04:00+00:00,120271.250000
2026-03-06T20:39:00+00:00,119334.530000
2026-03-09T13:44:00+00:00,119330.830000
2026-03-09T13:54:00+00:00,119328.610000
2026-03-09T14:09:00+00:00,119297.410000
2026-03-09T14:09:00+00:00,119029.690000
2026-03-09T14:14:00+00:00,119025.990000
2026-03-09T14:44:00+00:00,119708.510000
2026-03-09T15:29:00+00:00,121416.290000
2026-03-10T14:09:00+00:00,121414.070000
2026-03-10T14:39:00+00:00,120331.850000
2026-03-10T17:39:00+00:00,120322.970000
2026-03-10T17:54:00+00:00,119192.090000
2026-03-11T06:39:00+00:00,119170.630000
2026-03-11T06:49:00+00:00,117974.670000
2026-03-11T14:04:00+00:00,117970.230000
2026-03-11T14:24:00+00:00,116921.790000
2026-03-12T06:04:00+00:00,116915.870000
2026-03-12T07:59:00+00:00,117725.910000
2026-03-12T11:59:00+00:00,118452.950000
2026-03-12T11:59:00+00:00,118443.330000
2026-03-12T13:19:00+00:00,119253.390000
2026-03-12T13:34:00+00:00,120831.960000
2026-03-12T13:49:00+00:00,120827.520000
2026-03-12T14:39:00+00:00,121707.300000
2026-03-12T20:09:00+00:00,122863.080000
2026-03-13T00:14:00+00:00,122854.200000
2026-03-13T01:09:00+00:00,123704.760000
2026-03-13T04:34:00+00:00,123697.320000
2026-03-13T13:54:00+00:00,123695.100000
2026-03-13T14:44:00+00:00,122621.880000
2026-03-16T13:59:00+00:00,122618.180000
2026-03-16T14:54:00+00:00,121474.480000
2026-03-16T19:14:00+00:00,121469.300000
2026-03-16T20:09:00+00:00,120960.120000
2026-03-17T11:19:00+00:00,120937.920000
2026-03-17T11:24:00+00:00,119820.720000
2026-03-17T11:59:00+00:00,119808.140000
2026-03-17T12:04:00+00:00,118631.060000
2026-03-17T12:09:00+00:00,118622.180000
2026-03-17T13:04:00+00:00,119441.240000
2026-03-17T13:19:00+00:00,120809.300000
2026-03-17T13:49:00+00:00,120806.340000
2026-03-17T15:39:00+00:00,119605.380000
2026-03-18T14:14:00+00:00,119600.940000
2026-03-18T18:24:00+00:00,119595.760000
2026-03-18T18:59:00+00:00,120455.290000
2026-03-18T19:24:00+00:00,121143.820000
2026-03-18T19:59:00+00:00,122577.850000
2026-03-18T19:59:00+00:00,124109.890000
2026-03-19T02:04:00+00:00,124094.350000
2026-03-19T02:09:00+00:00,122829.310000
2026-03-19T09:34:00+00:00,122824.870000
2026-03-19T09:54:00+00:00,121713.430000
2026-03-19T13:24:00+00:00,121703.070000
2026-03-19T13:34:00+00:00,120481.710000
2026-03-19T13:49:00+00:00,120478.750000
2026-03-19T17:24:00+00:00,120469.870000
2026-03-19T18:14:00+00:00,121311.430000
2026-03-19T18:39:00+00:00,121303.990000
2026-03-19T19:04:00+00:00,121298.810000
2026-03-19T19:09:00+00:00,122083.330000
2026-03-19T20:09:00+00:00,122642.850000
2026-03-19T20:09:00+00:00,122830.170000
2026-03-20T00:29:00+00:00,122820.550000
2026-03-20T01:39:00+00:00,121614.930000
2026-03-20T01:59:00+00:00,121596.430000
2026-03-20T02:54:00+00:00,120365.430000
2026-03-20T03:39:00+00:00,120351.370000
2026-03-20T05:04:00+00:00,119149.810000
2026-03-20T13:39:00+00:00,119140.930000
2026-03-20T13:44:00+00:00,117974.050000
2026-03-20T13:54:00+00:00,117971.090000
2026-03-20T17:39:00+00:00,118736.110000
2026-03-20T19:34:00+00:00,120012.130000
2026-03-23T05:29:00+00:00,120003.250000
2026-03-23T06:34:00+00:00,120889.810000
2026-03-23T06:59:00+00:00,122370.370000
2026-03-23T13:49:00+00:00,122367.410000
2026-03-23T15:54:00+00:00,121216.450000
2026-03-24T15:19:00+00:00,121214.230000
2026-03-24T20:09:00+00:00,120549.010000
2026-03-25T00:19:00+00:00,120537.910000
2026-03-25T00:34:00+00:00,119386.810000
2026-03-25T07:09:00+00:00,119380.890000
2026-03-25T07:29:00+00:00,119374.230000
2026-03-25T08:04:00+00:00,118184.310000
2026-03-25T08:04:00+00:00,117093.150000
2026-03-25T12:24:00+00:00,117083.530000
2026-03-25T13:09:00+00:00,115897.410000
2026-03-25T13:49:00+00:00,115893.710000
2026-03-25T16:29:00+00:00,115945.010000
2026-03-25T16:29:00+00:00,115942.050000
2026-03-25T20:09:00+00:00,115611.090000
2026-03-26T12:14:00+00:00,115599.990000
2026-03-26T12:34:00+00:00,114448.890000
2026-03-26T13:49:00+00:00,114442.970000
2026-03-26T14:49:00+00:00,113317.050000
2026-03-27T00:19:00+00:00,113302.250000
2026-03-27T00:39:00+00:00,114142.350000
2026-03-27T01:19:00+00:00,114129.950000
2026-03-27T02:39:00+00:00,114123.290000
2026-03-27T05:14:00+00:00,114870.330000
2026-03-27T07:24:00+00:00,114864.130000
2026-03-27T08:14:00+00:00,114861.170000
2026-03-27T10:59:00+00:00,115618.690000
2026-03-27T13:39:00+00:00,115613.510000
2026-03-27T13:54:00+00:00,115610.550000
2026-03-27T13:59:00+00:00,116874.070000
2026-03-27T13:59:00+00:00,117531.100000
2026-03-27T15:34:00+00:00,117526.140000
2026-03-27T19:09:00+00:00,118358.660000
2026-03-27T20:09:00+00:00,119298.180000
2026-03-30T13:49:00+00:00,119295.960000
2026-03-30T16:09:00+00:00,119292.260000
2026-03-30T18:29:00+00:00,119952.280000
2026-03-30T19:09:00+00:00,120489.290000
2026-03-30T19:14:00+00:00,122140.820000
2026-03-30T20:09:00+00:00,123140.340000
2026-03-31T03:04:00+00:00,123132.200000
2026-03-31T05:04:00+00:00,123934.750000
2026-03-31T07:59:00+00:00,123927.310000
2026-03-31T12:19:00+00:00,123920.650000
2026-03-31T13:34:00+00:00,122739.490000
2026-03-31T13:49:00+00:00,122736.530000
2026-03-31T14:59:00+00:00,121517.570000
2026-04-01T12:54:00+00:00,121515.350000
2026-04-01T14:34:00+00:00,120584.630000
2026-04-01T14:39:00+00:00,120582.410000
2026-04-01T20:09:00+00:00,120449.690000
2026-04-02T00:49:00+00:00,120443.770000
2026-04-02T01:04:00+00:00,119293.850000
2026-04-02T01:09:00+00:00,119287.190000
2026-04-02T01:14:00+00:00,118128.530000
2026-04-02T01:24:00+00:00,118127.050000
2026-04-02T11:14:00+00:00,118122.610000
2026-04-02T12:14:00+00:00,118769.120000
2026-04-02T13:44:00+00:00,118763.200000
2026-04-02T13:49:00+00:00,117581.280000
2026-04-02T13:54:00+00:00,116385.840000
2026-04-02T13:54:00+00:00,116686.100000
2026-04-02T13:54:00+00:00,116683.880000
2026-04-02T14:39:00+00:00,117184.890000
2026-04-02T14:39:00+00:00,118855.910000
2026-04-03T11:24:00+00:00,118840.370000
2026-04-03T12:34:00+00:00,119650.470000
2026-04-03T12:34:00+00:00,121141.080000
2026-04-06T07:09:00+00:00,121133.680000
2026-04-06T07:44:00+00:00,119956.280000
2026-04-06T13:39:00+00:00,119949.620000
2026-04-06T13:54:00+00:00,120681.660000
2026-04-06T13:54:00+00:00,120678.700000
2026-04-06T14:04:00+00:00,120672.500000
2026-04-06T14:09:00+00:00,120157.540000
2026-04-06T14:09:00+00:00,120153.840000
2026-04-06T17:29:00+00:00,120250.140000
2026-04-06T17:29:00+00:00,120243.480000
2026-04-06T20:09:00+00:00,120943.320000
2026-04-06T22:29:00+00:00,120931.480000
2026-04-07T00:19:00+00:00,120111.640000
2026-04-07T00:19:00+00:00,120099.800000
2026-04-07T00:39:00+00:00,118919.960000
2026-04-07T00:44:00+00:00,118914.780000
2026-04-07T01:59:00+00:00,119639.310000
2026-04-07T06:39:00+00:00,119628.950000
2026-04-07T08:04:00+00:00,119623.990000
2026-04-07T08:04:00+00:00,118444.630000
2026-04-07T13:49:00+00:00,118441.670000
2026-04-07T15:09:00+00:00,119289.190000
2026-04-07T16:04:00+00:00,119286.710000
2026-04-07T17:39:00+00:00,119285.230000
2026-04-07T20:09:00+00:00,119814.750000
2026-04-08T05:44:00+00:00,119796.990000
2026-04-08T05:54:00+00:00,118603.230000
2026-04-08T12:24:00+00:00,118592.870000
2026-04-08T12:49:00+00:00,117427.510000
2026-04-08T13:54:00+00:00,117418.630000
2026-04-08T14:34:00+00:00,116305.750000
2026-04-08T18:24:00+00:00,116299.830000
2026-04-08T18:59:00+00:00,117082.870000
2026-04-08T19:59:00+00:00,117077.910000
2026-04-09T03:04:00+00:00,117055.710000
2026-04-09T05:14:00+00:00,117832.110000
2026-04-09T05:24:00+00:00,117813.510000
2026-04-09T05:24:00+00:00,117792.790000
2026-04-09T06:04:00+00:00,118653.930000
2026-04-09T06:49:00+00:00,118636.570000
2026-04-09T11:44:00+00:00,118625.470000
2026-04-09T13:29:00+00:00,119402.540000
2026-04-09T13:34:00+00:00,119392.620000
2026-04-09T14:09:00+00:00,119388.180000
2026-04-09T15:34:00+00:00,118264.740000
2026-04-10T03:34:00+00:00,118248.460000
2026-04-10T06:19:00+00:00,119098.320000
2026-04-10T06:54:00+00:00,120520.180000
2026-04-10T07:49:00+00:00,120510.560000
2026-04-10T10:29:00+00:00,119363.440000
2026-04-10T14:04:00+00:00,119358.260000
2026-04-10T14:34:00+00:00,118233.080000
2026-04-10T15:34:00+00:00,118220.500000
2026-04-10T15:54:00+00:00,119024.580000
2026-04-10T15:59:00+00:00,120536.670000
2026-04-10T16:19:00+00:00,120524.090000
2026-04-10T16:39:00+00:00,119330.010000
2026-04-12T23:59:00+00:00,119318.170000
2026-04-13T00:54:00+00:00,120206.250000
2026-04-13T01:14:00+00:00,121690.330000
2026-04-13T13:49:00+00:00,121685.890000
2026-04-13T16:39:00+00:00,122556.670000
2026-04-13T19:54:00+00:00,124009.450000
2026-04-14T03:09:00+00:00,123987.250000
2026-04-14T05:24:00+00:00,123110.050000
2026-04-14T05:39:00+00:00,123087.850000
2026-04-14T06:44:00+00:00,121955.650000
2026-04-14T06:44:00+00:00,121936.410000
2026-04-14T07:09:00+00:00,122823.790000
2026-04-14T07:49:00+00:00,123704.670000
2026-04-14T07:49:00+00:00,123683.210000
2026-04-14T08:29:00+00:00,122429.250000
2026-04-14T12:29:00+00:00,122418.150000
2026-04-14T13:39:00+00:00,121244.550000
2026-04-14T14:09:00+00:00,121240.850000
2026-04-14T16:24:00+00:00,121855.870000
2026-04-14T20:09:00+00:00,123212.650000
2026-04-15T07:24:00+00:00,123207.470000
2026-04-15T13:59:00+00:00,122078.790000
2026-04-15T13:59:00+00:00,122073.610000
2026-04-15T15:29:00+00:00,122847.640000
2026-04-15T18:39:00+00:00,124569.680000
2026-04-16T03:09:00+00:00,124557.840000
2026-04-16T05:04:00+00:00,123314.000000
2026-04-16T05:24:00+00:00,123291.800000
2026-04-16T06:04:00+00:00,124113.200000
2026-04-16T06:14:00+00:00,125489.600000
2026-04-16T10:59:00+00:00,125475.540000
2026-04-16T13:34:00+00:00,124226.480000
2026-04-16T13:34:00+00:00,124220.560000
2026-04-16T13:54:00+00:00,123050.640000
2026-04-16T13:54:00+00:00,123048.420000
2026-04-16T15:09:00+00:00,122018.700000
2026-04-17T00:24:00+00:00,122006.860000
2026-04-17T05:04:00+00:00,120819.020000
2026-04-17T13:59:00+00:00,120815.320000
2026-04-17T16:39:00+00:00,121424.340000
2026-04-17T20:09:00+00:00,122002.620000
2026-04-20T13:49:00+00:00,121998.180000
2026-04-20T15:09:00+00:00,122864.460000
2026-04-20T18:09:00+00:00,122860.740000
2026-04-21T06:14:00+00:00,122849.640000
2026-04-21T07:19:00+00:00,121638.540000
2026-04-21T09:09:00+00:00,121625.220000
2026-04-21T09:59:00+00:00,120441.900000
2026-04-21T13:59:00+00:00,120438.200000
2026-04-21T14:04:00+00:00,120433.020000
2026-04-21T14:59:00+00:00,119265.840000
2026-04-21T15:04:00+00:00,118142.140000
2026-04-22T14:14:00+00:00,118138.440000
2026-04-22T19:54:00+00:00,118789.460000
2026-04-22T20:09:00+00:00,120002.240000
2026-04-23T13:44:00+00:00,119997.800000
2026-04-23T13:49:00+00:00,119994.100000
2026-04-23T14:04:00+00:00,119431.660000
2026-04-23T14:04:00+00:00,118755.460000
2026-04-23T14:09:00+00:00,118751.020000
2026-04-23T15:09:00+00:00,117681.580000
2026-04-24T08:04:00+00:00,117671.960000
2026-04-24T08:24:00+00:00,118446.020000
2026-04-24T08:34:00+00:00,118437.340000
2026-04-24T13:54:00+00:00,118432.900000
2026-04-24T14:14:00+00:00,117384.460000
2026-04-26T22:09:00+00:00,117365.220000
2026-04-26T22:44:00+00:00,116188.980000
2026-04-27T13:49:00+00:00,116184.540000
2026-04-27T17:34:00+00:00,115157.100000
2026-04-28T00:24:00+00:00,115134.900000
2026-04-28T00:29:00+00:00,115866.300000
2026-04-28T00:29:00+00:00,115847.700000
2026-04-28T01:54:00+00:00,115838.080000
2026-04-28T04:19:00+00:00,116452.460000
2026-04-28T04:19:00+00:00,116441.360000
2026-04-28T05:14:00+00:00,115282.760000
2026-04-28T14:49:00+00:00,115280.540000
2026-04-28T20:09:00+00:00,114519.320000
2026-04-29T13:24:00+00:00,114512.660000
2026-04-29T13:54:00+00:00,114218.000000
2026-04-29T13:54:00+00:00,114214.300000
2026-04-29T15:14:00+00:00,114248.100000
2026-04-29T15:14:00+00:00,114238.480000
2026-04-29T15:24:00+00:00,113143.360000
2026-04-29T18:09:00+00:00,113138.180000
2026-04-29T18:39:00+00:00,112044.500000
2026-04-29T19:04:00+00:00,112041.540000
2026-04-29T20:09:00+00:00,112056.580000
2026-04-30T13:54:00+00:00,112055.100000
2026-04-30T17:09:00+00:00,111305.620000
2026-04-30T17:09:00+00:00,111304.140000
2026-04-30T20:09:00+00:00,111914.660000
2026-05-01T05:24:00+00:00,111906.520000
2026-05-01T08:49:00+00:00,112637.820000
2026-05-01T11:04:00+00:00,113464.380000
2026-05-01T11:04:00+00:00,113450.320000
2026-05-01T12:14:00+00:00,114233.410000
2026-05-01T12:14:00+00:00,114221.010000
2026-05-01T12:14:00+00:00,114215.090000
2026-05-01T13:34:00+00:00,113185.170000
2026-05-01T13:59:00+00:00,113183.690000
2026-05-01T20:09:00+00:00,112992.210000
2026-05-04T00:14:00+00:00,112987.770000
2026-05-04T05:34:00+00:00,113982.330000
2026-05-04T05:34:00+00:00,113960.130000
2026-05-04T06:09:00+00:00,114714.030000
2026-05-04T06:29:00+00:00,115977.930000
2026-05-04T08:09:00+00:00,115970.530000
2026-05-04T10:04:00+00:00,116758.080000
2026-05-04T10:04:00+00:00,116751.880000
2026-05-04T10:09:00+00:00,116748.920000
2026-05-04T10:34:00+00:00,115769.960000
2026-05-04T13:59:00+00:00,115765.520000
2026-05-04T15:04:00+00:00,115689.080000
2026-05-04T15:04:00+00:00,115675.020000
2026-05-04T15:14:00+00:00,116471.610000
2026-05-04T15:14:00+00:00,116459.210000
2026-05-05T00:09:00+00:00,116448.110000
2026-05-05T00:24:00+00:00,115274.510000
2026-05-05T04:54:00+00:00,115264.150000
2026-05-05T06:39:00+00:00,115252.310000
2026-05-05T07:04:00+00:00,115822.390000
2026-05-05T07:09:00+00:00,116646.710000
2026-05-05T07:44:00+00:00,117600.790000
2026-05-05T08:09:00+00:00,117595.610000
2026-05-05T08:49:00+00:00,118972.930000
2026-05-05T13:34:00+00:00,119715.460000
2026-05-05T13:59:00+00:00,119711.760000
2026-05-05T14:24:00+00:00,121363.800000
2026-05-05T20:09:00+00:00,121992.600000
2026-05-06T06:14:00+00:00,121978.540000
2026-05-06T07:19:00+00:00,121970.400000
2026-05-06T08:04:00+00:00,121186.760000
2026-05-06T08:49:00+00:00,119966.200000
2026-05-06T13:54:00+00:00,119963.980000
2026-05-06T20:09:00+00:00,120440.990000
2026-05-06T20:09:00+00:00,121493.510000
2026-05-07T02:19:00+00:00,121480.930000
2026-05-07T03:49:00+00:00,120303.850000
2026-05-07T13:54:00+00:00,120297.190000
2026-05-07T14:24:00+00:00,121074.230000
2026-05-07T15:59:00+00:00,121068.030000
2026-05-08T02:54:00+00:00,121062.110000
2026-05-08T08:14:00+00:00,121926.150000
2026-05-08T12:34:00+00:00,123368.190000
2026-05-08T13:39:00+00:00,123358.570000
2026-05-08T13:49:00+00:00,124159.630000
2026-05-08T13:49:00+00:00,124157.410000
2026-05-08T13:54:00+00:00,125718.480000
2026-05-08T20:04:00+00:00,126337.990000
2026-05-08T20:09:00+00:00,127476.510000
2026-05-11T00:59:00+00:00,127469.850000
2026-05-11T05:49:00+00:00,127455.050000
2026-05-11T08:09:00+00:00,128392.650000
2026-05-11T08:09:00+00:00,128380.250000
2026-05-11T09:49:00+00:00,127136.090000
2026-05-11T15:49:00+00:00,127133.130000
2026-05-11T17:29:00+00:00,127124.250000
2026-05-11T18:59:00+00:00,125909.370000
2026-05-11T20:09:00+00:00,125592.410000
2026-05-11T23:29:00+00:00,125589.450000
2026-05-12T01:29:00+00:00,124542.490000
2026-05-12T01:54:00+00:00,124536.570000
2026-05-12T03:09:00+00:00,125426.650000
2026-05-12T03:09:00+00:00,125419.250000
2026-05-12T05:54:00+00:00,126416.850000
2026-05-12T05:54:00+00:00,126395.390000
2026-05-12T06:09:00+00:00,125097.930000
2026-05-12T12:19:00+00:00,125088.310000
2026-05-12T12:39:00+00:00,125920.870000
2026-05-12T13:34:00+00:00,125912.190000
2026-05-12T13:59:00+00:00,125909.230000
2026-05-12T14:19:00+00:00,125184.270000
2026-05-12T14:19:00+00:00,125179.830000
2026-05-12T14:29:00+00:00,123990.390000
2026-05-13T00:24:00+00:00,123983.730000
2026-05-13T01:49:00+00:00,124754.770000
2026-05-13T04:34:00+00:00,126363.570000
2026-05-13T13:49:00+00:00,126360.610000
2026-05-13T14:54:00+00:00,125141.650000
2026-05-13T15:49:00+00:00,125140.170000
2026-05-13T20:09:00+00:00,125754.690000
2026-05-14T09:54:00+00:00,125745.070000
2026-05-14T10:29:00+00:00,125969.450000
2026-05-14T10:29:00+00:00,125965.010000
2026-05-14T11:29:00+00:00,125957.610000
2026-05-14T13:39:00+00:00,124775.210000
2026-05-14T13:49:00+00:00,123675.770000
2026-05-14T13:49:00+00:00,123674.290000
2026-05-14T14:04:00+00:00,123388.810000
2026-05-14T14:04:00+00:00,123384.370000
2026-05-14T14:44:00+00:00,122320.930000
2026-05-14T23:54:00+00:00,122309.090000
2026-05-15T00:44:00+00:00,123191.170000
2026-05-15T01:29:00+00:00,124665.250000
2026-05-15T08:49:00+00:00,124660.810000
2026-05-15T09:54:00+00:00,123417.370000
2026-05-15T13:44:00+00:00,123414.410000
2026-05-15T13:59:00+00:00,123411.450000
2026-05-15T14:14:00+00:00,122224.490000
2026-05-15T14:19:00+00:00,121003.530000
2026-05-15T18:24:00+00:00,120991.690000
2026-05-15T18:34:00+00:00,121849.770000
2026-05-15T18:34:00+00:00,123283.850000
2026-05-18T00:14:00+00:00,123283.110000
2026-05-18T04:29:00+00:00,123274.230000
2026-05-18T04:44:00+00:00,122071.350000
2026-05-18T05:24:00+00:00,122064.690000
2026-05-18T06:49:00+00:00,121927.950000
2026-05-18T06:49:00+00:00,121453.290000
2026-05-18T06:54:00+00:00,121447.370000
2026-05-18T08:24:00+00:00,122350.410000
2026-05-18T10:34:00+00:00,122345.450000
2026-05-18T13:49:00+00:00,122343.230000
2026-05-18T13:59:00+00:00,121826.510000
2026-05-18T13:59:00+00:00,121824.290000
2026-05-18T14:34:00+00:00,120877.070000
2026-05-18T19:09:00+00:00,120873.370000
2026-05-18T20:09:00+00:00,121999.670000
2026-05-19T04:09:00+00:00,121995.970000
2026-05-19T05:34:00+00:00,122209.770000
2026-05-19T05:34:00+00:00,122203.850000
2026-05-19T07:09:00+00:00,123031.890000
2026-05-19T07:49:00+00:00,124413.930000
2026-05-19T13:39:00+00:00,124409.490000
2026-05-19T13:44:00+00:00,123175.050000
2026-05-19T14:09:00+00:00,123173.570000
2026-05-19T14:14:00+00:00,123172.090000
2026-05-19T16:34:00+00:00,122301.610000
2026-05-19T17:09:00+00:00,121198.130000
2026-05-20T00:34:00+00:00,121191.470000
2026-05-20T01:39:00+00:00,120086.810000
2026-05-20T01:59:00+00:00,120084.590000
2026-05-20T03:24:00+00:00,120074.230000
2026-05-20T03:44:00+00:00,120956.300000
2026-05-20T05:09:00+00:00,120949.640000
2026-05-20T05:34:00+00:00,122423.210000
2026-05-20T06:19:00+00:00,123215.250000
2026-05-20T08:09:00+00:00,124867.800000
2026-05-20T13:39:00+00:00,124861.880000
2026-05-20T13:49:00+00:00,125719.920000
2026-05-20T13:54:00+00:00,125714.960000
2026-05-20T14:19:00+00:00,126190.470000
2026-05-20T14:19:00+00:00,126187.510000
2026-05-20T15:19:00+00:00,127773.530000
2026-05-20T15:19:00+00:00,128634.550000
2026-05-20T18:49:00+00:00,129177.070000
2026-05-20T18:49:00+00:00,129165.970000
2026-05-20T19:19:00+00:00,127917.370000
2026-05-21T07:29:00+00:00,127909.230000
2026-05-21T08:04:00+00:00,128715.530000
2026-05-21T08:14:00+00:00,130331.090000
2026-05-21T13:54:00+00:00,130327.390000
2026-05-21T14:24:00+00:00,129116.190000
2026-05-22T05:29:00+00:00,129099.910000
2026-05-22T05:59:00+00:00,130048.770000
2026-05-22T06:39:00+00:00,130035.130000
2026-05-22T06:59:00+00:00,130024.770000
2026-05-22T07:24:00+00:00,129538.410000
2026-05-22T07:24:00+00:00,129524.350000
2026-05-22T07:34:00+00:00,128208.790000
2026-05-22T08:39:00+00:00,128201.390000
2026-05-22T09:09:00+00:00,129090.190000
2026-05-22T10:29:00+00:00,130573.990000
2026-05-22T13:39:00+00:00,130571.770000
2026-05-22T14:09:00+00:00,129527.050000
2026-05-22T14:19:00+00:00,129524.830000
2026-05-22T17:24:00+00:00,129514.470000
2026-05-22T17:29:00+00:00,128516.250000
2026-05-22T17:29:00+00:00,127294.890000
2026-05-25T02:54:00+00:00,127288.230000
2026-05-25T13:49:00+00:00,127277.130000
2026-05-25T14:14:00+00:00,127531.470000
2026-05-25T14:14:00+00:00,126687.870000
2026-05-25T14:19:00+00:00,126665.670000
2026-05-25T14:34:00+00:00,127273.320000
2026-05-25T14:44:00+00:00,128293.470000
2026-05-26T10:49:00+00:00,128280.150000
2026-05-26T11:39:00+00:00,129231.990000
2026-05-26T12:04:00+00:00,129220.830000
2026-05-26T13:49:00+00:00,129214.910000
2026-05-26T14:29:00+00:00,130093.950000
2026-05-26T15:39:00+00:00,130088.990000
2026-05-27T14:24:00+00:00,130087.510000
2026-05-27T15:44:00+00:00,130086.030000
2026-05-27T20:09:00+00:00,129698.550000
2026-05-27T20:09:00+00:00,129014.070000
2026-05-28T13:49:00+00:00,129011.850000
2026-05-28T14:14:00+00:00,127928.130000
2026-05-28T14:14:00+00:00,127924.430000
2026-05-28T18:59:00+00:00,127911.850000
2026-05-28T20:09:00+00:00,129528.150000
2026-05-28T20:09:00+00:00,130527.070000
2026-05-29T06:34:00+00:00,130504.870000
2026-05-29T06:54:00+00:00,129402.670000
2026-05-29T11:34:00+00:00,129388.610000
2026-05-29T11:44:00+00:00,128130.050000
2026-05-29T13:49:00+00:00,128126.350000
2026-05-29T14:29:00+00:00,126907.650000
2026-06-01T11:44:00+00:00,126896.550000
2026-06-01T12:09:00+00:00,125617.950000
2026-06-01T13:44:00+00:00,125614.990000
2026-06-01T14:04:00+00:00,124764.030000
2026-06-01T14:04:00+00:00,124761.070000
2026-06-01T15:19:00+00:00,123520.110000
2026-06-02T13:29:00+00:00,123509.750000
2026-06-02T13:34:00+00:00,122330.390000
2026-06-02T13:39:00+00:00,122322.990000
2026-06-02T13:49:00+00:00,121125.590000
2026-06-02T13:54:00+00:00,121121.890000
2026-06-02T13:59:00+00:00,121119.670000
2026-06-02T20:04:00+00:00,121805.190000
2026-06-02T20:09:00+00:00,122899.470000
2026-06-02T20:09:00+00:00,123735.750000
2026-06-02T23:44:00+00:00,123729.090000
2026-06-03T04:54:00+00:00,124212.930000
2026-06-03T04:54:00+00:00,124193.690000
2026-06-03T05:04:00+00:00,125100.570000
2026-06-03T05:14:00+00:00,125084.450000
2026-06-03T06:09:00+00:00,125073.350000
2026-06-03T07:29:00+00:00,125437.250000
2026-06-03T07:29:00+00:00,125419.490000
2026-06-03T08:14:00+00:00,124153.730000
2026-06-03T13:49:00+00:00,124151.510000
2026-06-03T14:14:00+00:00,123177.290000
2026-06-03T23:04:00+00:00,123169.890000
2026-06-03T23:39:00+00:00,121957.490000
2026-06-04T13:34:00+00:00,121947.870000
2026-06-04T13:44:00+00:00,122757.930000
2026-06-04T13:44:00+00:00,124336.500000
2026-06-04T14:04:00+00:00,124334.280000
2026-06-04T14:19:00+00:00,123930.060000
2026-06-04T14:19:00+00:00,123924.880000
2026-06-04T15:09:00+00:00,124680.910000
2026-06-04T16:24:00+00:00,126362.950000
2026-06-05T12:24:00+00:00,126351.850000
2026-06-05T12:29:00+00:00,125125.750000
2026-06-05T12:49:00+00:00,125119.090000
2026-06-05T12:59:00+00:00,123964.930000
2026-06-05T13:49:00+00:00,123963.450000
2026-06-05T16:34:00+00:00,124690.960000
2026-06-05T18:29:00+00:00,125903.970000
2026-06-08T13:59:00+00:00,125902.490000
2026-06-08T14:14:00+00:00,125532.010000
2026-06-08T14:14:00+00:00,125528.310000
2026-06-08T14:39:00+00:00,126161.330000
2026-06-08T15:04:00+00:00,127745.360000
2026-06-09T07:09:00+00:00,127733.520000
2026-06-09T07:19:00+00:00,126457.680000
2026-06-09T13:39:00+00:00,126450.280000
2026-06-09T13:44:00+00:00,125232.880000
2026-06-09T13:49:00+00:00,125229.920000
2026-06-09T13:59:00+00:00,124136.960000
2026-06-09T19:24:00+00:00,124135.480000
2026-06-09T20:04:00+00:00,123049.000000
2026-06-10T00:39:00+00:00,123045.300000
2026-06-10T05:34:00+00:00,124161.600000
2026-06-10T05:34:00+00:00,124151.980000
2026-06-10T06:09:00+00:00,124993.540000
2026-06-10T08:04:00+00:00,124984.860000
2026-06-10T09:34:00+00:00,124978.940000
2026-06-10T10:24:00+00:00,123781.020000
2026-06-10T13:49:00+00:00,123780.280000
2026-06-10T15:14:00+00:00,123036.040000
2026-06-11T13:49:00+00:00,123033.820000
2026-06-11T14:59:00+00:00,122043.100000
2026-06-11T17:34:00+00:00,122041.620000
2026-06-11T20:09:00+00:00,123179.140000
