ts,equity
2021-06-14T08:34:00+00:00,49984.46
2021-06-14T11:09:00+00:00,50412.060000
2021-06-14T12:39:00+00:00,50398.420000
2021-06-14T13:49:00+00:00,50395.460000
2021-06-14T13:54:00+00:00,50391.760000
2021-06-14T19:54:00+00:00,50750.280000
2021-06-14T20:09:00+00:00,51393.320000
2021-06-14T20:09:00+00:00,51998.600000
2021-06-15T13:54:00+00:00,51994.160000
2021-06-15T14:29:00+00:00,51371.720000
2021-06-16T13:54:00+00:00,51365.800000
2021-06-16T15:09:00+00:00,50739.880000
2021-06-17T13:54:00+00:00,50737.660000
2021-06-17T15:24:00+00:00,51002.420000
2021-06-17T20:09:00+00:00,51587.940000
2021-06-18T15:14:00+00:00,51585.720000
2021-06-18T20:09:00+00:00,51532.500000
2021-06-21T14:39:00+00:00,51531.020000
2021-06-21T20:09:00+00:00,51734.540000
2021-06-22T06:24:00+00:00,51721.960000
2021-06-22T06:49:00+00:00,51088.880000
2021-06-22T09:09:00+00:00,51080.740000
2021-06-22T10:49:00+00:00,51493.290000
2021-06-22T15:09:00+00:00,51490.330000
2021-06-22T15:14:00+00:00,52651.390000
2021-06-22T20:09:00+00:00,53276.430000
2021-06-23T13:39:00+00:00,53271.990000
2021-06-23T13:59:00+00:00,53267.550000
2021-06-23T15:04:00+00:00,52642.110000
2021-06-23T16:39:00+00:00,52001.670000
2021-06-24T14:09:00+00:00,51996.490000
2021-06-24T17:24:00+00:00,51385.810000
2021-06-25T12:39:00+00:00,51375.450000
2021-06-25T13:54:00+00:00,50721.090000
2021-06-25T13:54:00+00:00,50713.690000
2021-06-25T14:14:00+00:00,51159.990000
2021-06-25T14:29:00+00:00,51153.790000
2021-06-25T14:34:00+00:00,51150.090000
2021-06-25T20:09:00+00:00,50693.890000
2021-06-28T14:09:00+00:00,50690.930000
2021-06-28T20:09:00+00:00,50967.970000
2021-06-29T14:49:00+00:00,50964.270000
2021-06-29T20:09:00+00:00,51523.070000
2021-06-30T15:09:00+00:00,51518.630000
2021-06-30T16:29:00+00:00,50953.190000
2021-07-01T15:09:00+00:00,50949.490000
2021-07-01T20:09:00+00:00,50663.290000
2021-07-02T13:49:00+00:00,50658.850000
2021-07-02T20:09:00+00:00,51164.410000
2021-07-05T13:49:00+00:00,51142.210000
2021-07-05T22:04:00+00:00,50565.010000
2021-07-06T14:09:00+00:00,50560.570000
2021-07-06T14:34:00+00:00,49977.130000
2021-07-07T14:04:00+00:00,49974.910000
2021-07-07T14:19:00+00:00,49780.690000
2021-07-07T14:19:00+00:00,49774.770000
2021-07-07T14:29:00+00:00,49152.850000
2021-07-08T13:49:00+00:00,49150.630000
2021-07-08T13:59:00+00:00,48572.410000
2021-07-08T13:59:00+00:00,48569.450000
2021-07-08T15:04:00+00:00,48034.490000
2021-07-08T15:14:00+00:00,48030.790000
2021-07-08T16:34:00+00:00,48359.310000
2021-07-08T20:09:00+00:00,48778.590000
2021-07-09T07:14:00+00:00,48774.890000
2021-07-09T08:09:00+00:00,48769.710000
2021-07-09T10:04:00+00:00,48236.010000
2021-07-09T10:04:00+00:00,47691.830000
2021-07-09T14:24:00+00:00,47688.870000
2021-07-09T16:44:00+00:00,48045.890000
2021-07-09T20:09:00+00:00,48365.410000
2021-07-12T08:09:00+00:00,48346.910000
2021-07-12T08:49:00+00:00,48761.030000
2021-07-12T10:14:00+00:00,48744.910000
2021-07-12T13:54:00+00:00,48741.950000
2021-07-12T20:09:00+00:00,48288.990000
2021-07-13T13:49:00+00:00,48285.290000
2021-07-13T15:24:00+00:00,48628.810000
2021-07-13T17:24:00+00:00,48625.090000
2021-07-14T06:24:00+00:00,48605.110000
2021-07-14T06:39:00+00:00,49024.490000
2021-07-14T06:59:00+00:00,49007.130000
2021-07-14T14:04:00+00:00,49003.430000
2021-07-14T15:29:00+00:00,48439.730000
2021-07-15T07:44:00+00:00,48432.330000
2021-07-15T10:34:00+00:00,47859.930000
2021-07-15T13:54:00+00:00,47854.750000
2021-07-15T14:29:00+00:00,47275.570000
2021-07-15T14:44:00+00:00,47274.090000
2021-07-15T20:09:00+00:00,47351.610000
2021-07-16T06:29:00+00:00,47341.250000
2021-07-16T07:09:00+00:00,46735.890000
2021-07-16T13:49:00+00:00,46731.450000
2021-07-16T14:24:00+00:00,47129.730000
2021-07-16T15:14:00+00:00,47795.010000
2021-07-19T07:24:00+00:00,47784.650000
2021-07-19T08:39:00+00:00,47172.290000
2021-07-19T13:59:00+00:00,47170.070000
2021-07-19T15:34:00+00:00,46644.350000
2021-07-20T14:24:00+00:00,46642.130000
2021-07-20T18:14:00+00:00,46915.890000
2021-07-20T20:09:00+00:00,47322.410000
2021-07-21T13:59:00+00:00,47319.450000
2021-07-21T20:09:00+00:00,47848.490000
2021-07-22T14:29:00+00:00,47845.530000
2021-07-22T20:09:00+00:00,48122.570000
2021-07-23T13:54:00+00:00,48118.130000
2021-07-23T14:19:00+00:00,48115.170000
2021-07-23T15:29:00+00:00,48522.450000
2021-07-23T17:14:00+00:00,48898.970000
2021-07-23T20:09:00+00:00,49576.250000
2021-07-23T20:09:00+00:00,49954.770000
2021-07-26T08:39:00+00:00,49942.930000
2021-07-26T11:39:00+00:00,50405.010000
2021-07-26T12:39:00+00:00,50395.090000
2021-07-26T13:54:00+00:00,50391.390000
2021-07-26T20:09:00+00:00,50707.690000
2021-07-27T13:59:00+00:00,50704.730000
2021-07-27T14:34:00+00:00,51088.750000
2021-07-27T15:19:00+00:00,51729.770000
2021-07-28T13:59:00+00:00,51722.370000
2021-07-28T14:14:00+00:00,52168.670000
2021-07-28T14:19:00+00:00,52167.190000
2021-07-28T17:14:00+00:00,52160.990000
2021-07-28T20:09:00+00:00,51866.510000
2021-07-29T14:54:00+00:00,51864.290000
2021-07-29T20:04:00+00:00,51310.070000
2021-07-30T13:49:00+00:00,51306.370000
2021-07-30T20:09:00+00:00,51720.170000
2021-08-02T12:39:00+00:00,51712.770000
2021-08-02T13:39:00+00:00,51075.370000
2021-08-02T15:24:00+00:00,51073.150000
2021-08-02T19:39:00+00:00,50503.930000
2021-08-03T13:54:00+00:00,50500.970000
2021-08-03T15:54:00+00:00,49976.010000
2021-08-04T14:14:00+00:00,49970.090000
2021-08-04T16:14:00+00:00,49360.170000
2021-08-05T13:49:00+00:00,49355.730000
2021-08-05T20:09:00+00:00,49852.290000
2021-08-06T14:14:00+00:00,49847.850000
2021-08-06T20:09:00+00:00,50017.410000
2021-08-09T07:14:00+00:00,50010.010000
2021-08-09T11:29:00+00:00,50448.810000
2021-08-09T13:39:00+00:00,50442.610000
2021-08-09T18:34:00+00:00,50439.650000
2021-08-09T20:09:00+00:00,50332.690000
2021-08-10T14:29:00+00:00,50328.990000
2021-08-10T14:44:00+00:00,50672.510000
2021-08-10T20:09:00+00:00,51003.290000
2021-08-11T13:49:00+00:00,50999.590000
2021-08-11T15:19:00+00:00,51352.110000
2021-08-11T20:09:00+00:00,51630.390000
2021-08-12T14:19:00+00:00,51626.690000
2021-08-12T14:24:00+00:00,51622.990000
2021-08-12T20:09:00+00:00,52274.290000
2021-08-12T20:09:00+00:00,52915.590000
2021-08-13T13:49:00+00:00,52908.190000
2021-08-13T20:09:00+00:00,53350.790000
2021-08-16T07:24:00+00:00,53340.430000
2021-08-16T10:14:00+00:00,52700.070000
2021-08-16T13:49:00+00:00,52694.150000
2021-08-16T14:09:00+00:00,53132.190000
2021-08-16T14:14:00+00:00,53864.230000
2021-08-17T14:19:00+00:00,53861.270000
2021-08-17T14:44:00+00:00,53306.310000
2021-08-18T13:54:00+00:00,53301.870000
2021-08-18T15:39:00+00:00,52640.430000
2021-08-19T14:09:00+00:00,52638.210000
2021-08-19T15:49:00+00:00,52886.470000
2021-08-19T20:09:00+00:00,53278.990000
2021-08-20T13:49:00+00:00,53274.550000
2021-08-20T14:24:00+00:00,53726.830000
2021-08-20T15:54:00+00:00,53723.110000
2021-08-23T13:49:00+00:00,53720.150000
2021-08-23T15:59:00+00:00,54153.670000
2021-08-23T20:09:00+00:00,54642.190000
2021-08-24T14:09:00+00:00,54637.010000
2021-08-24T20:09:00+00:00,54540.830000
2021-08-25T14:09:00+00:00,54534.910000
2021-08-25T20:09:00+00:00,54460.990000
2021-08-26T07:34:00+00:00,54452.850000
2021-08-26T14:24:00+00:00,54208.210000
2021-08-26T14:24:00+00:00,54202.290000
2021-08-26T15:04:00+00:00,54658.330000
2021-08-26T15:19:00+00:00,54653.370000
2021-08-27T14:04:00+00:00,54650.410000
2021-08-27T20:09:00+00:00,55087.450000
2021-08-30T12:54:00+00:00,55065.990000
2021-08-30T13:34:00+00:00,55538.630000
2021-08-30T13:34:00+00:00,56735.030000
2021-08-30T13:54:00+00:00,56731.330000
2021-08-30T18:19:00+00:00,57113.850000
2021-08-30T20:09:00+00:00,57599.130000
2021-08-31T13:54:00+00:00,57596.170000
2021-08-31T20:09:00+00:00,57075.210000
2021-09-01T13:39:00+00:00,57067.070000
2021-09-01T13:49:00+00:00,57064.110000
2021-09-01T19:14:00+00:00,56340.970000
2021-09-01T19:44:00+00:00,55752.010000
2021-09-02T13:59:00+00:00,55743.870000
2021-09-02T16:39:00+00:00,56201.420000
2021-09-02T17:54:00+00:00,57119.480000
2021-09-03T13:59:00+00:00,57116.520000
2021-09-03T20:09:00+00:00,57197.560000
2021-09-06T13:49:00+00:00,57175.360000
2021-09-07T00:04:00+00:00,56598.160000
2021-09-07T08:29:00+00:00,56590.020000
2021-09-07T09:24:00+00:00,55927.380000
2021-09-07T13:34:00+00:00,55914.060000
2021-09-07T13:44:00+00:00,56420.400000
2021-09-07T13:44:00+00:00,56410.780000
2021-09-07T13:49:00+00:00,56399.620000
2021-09-07T13:49:00+00:00,55688.000000
2021-09-07T13:54:00+00:00,55683.560000
2021-09-07T14:49:00+00:00,55046.120000
2021-09-08T12:54:00+00:00,55030.580000
2021-09-08T13:34:00+00:00,54332.540000
2021-09-08T14:34:00+00:00,54329.580000
2021-09-08T20:09:00+00:00,54190.620000
2021-09-09T07:24:00+00:00,54182.480000
2021-09-09T12:54:00+00:00,54617.530000
2021-09-09T12:54:00+00:00,54613.090000
2021-09-09T15:29:00+00:00,54941.650000
2021-09-09T15:29:00+00:00,54784.210000
2021-09-09T15:34:00+00:00,54779.770000
2021-09-09T20:09:00+00:00,55501.330000
2021-09-10T06:54:00+00:00,55479.130000
2021-09-10T07:24:00+00:00,55895.530000
2021-09-10T11:04:00+00:00,56881.930000
2021-09-10T14:04:00+00:00,56876.750000
2021-09-10T15:29:00+00:00,57286.280000
2021-09-10T19:14:00+00:00,58198.320000
2021-09-13T13:59:00+00:00,58196.100000
2021-09-13T20:09:00+00:00,58195.380000
2021-09-14T13:54:00+00:00,58192.420000
2021-09-14T20:09:00+00:00,58535.460000
2021-09-15T14:14:00+00:00,58533.240000
2021-09-15T16:59:00+00:00,57842.520000
2021-09-16T13:49:00+00:00,57838.080000
2021-09-16T17:59:00+00:00,57113.640000
2021-09-17T13:54:00+00:00,57111.420000
2021-09-17T20:09:00+00:00,57647.700000
2021-09-20T14:24:00+00:00,57646.220000
2021-09-20T18:29:00+00:00,58009.230000
2021-09-20T20:09:00+00:00,58089.990000
2021-09-21T08:39:00+00:00,58087.770000
2021-09-21T13:34:00+00:00,57515.550000
2021-09-21T13:49:00+00:00,57513.330000
2021-09-21T13:54:00+00:00,57510.370000
2021-09-21T14:09:00+00:00,56938.150000
2021-09-21T14:09:00+00:00,56267.190000
2021-09-21T15:14:00+00:00,56262.750000
2021-09-21T17:29:00+00:00,55562.310000
2021-09-22T13:59:00+00:00,55558.610000
2021-09-22T14:04:00+00:00,55553.430000
2021-09-22T15:34:00+00:00,55953.960000
2021-09-22T15:44:00+00:00,56322.980000
2021-09-22T18:04:00+00:00,56318.020000
2021-09-22T20:09:00+00:00,56857.300000
2021-09-23T06:39:00+00:00,56842.500000
2021-09-23T06:54:00+00:00,57352.600000
2021-09-23T07:49:00+00:00,58552.700000
2021-09-23T07:49:00+00:00,58549.000000
2021-09-23T13:09:00+00:00,57882.800000
2021-09-23T13:49:00+00:00,57880.580000
2021-09-23T20:09:00+00:00,58059.860000
2021-09-24T13:59:00+00:00,58055.420000
2021-09-24T15:09:00+00:00,58050.980000
2021-09-24T19:49:00+00:00,58566.260000
2021-09-24T19:49:00+00:00,59081.540000
2021-09-24T20:09:00+00:00,59491.820000
2021-09-24T20:09:00+00:00,59930.600000
2021-09-27T15:04:00+00:00,59929.120000
2021-09-27T20:09:00+00:00,59779.640000
2021-09-28T13:49:00+00:00,59777.420000
2021-09-28T20:09:00+00:00,60690.200000
2021-09-29T12:54:00+00:00,60678.360000
2021-09-29T13:19:00+00:00,59938.520000
2021-09-29T13:49:00+00:00,59935.560000
2021-09-29T13:54:00+00:00,59932.600000
2021-09-29T15:24:00+00:00,59287.640000
2021-09-29T15:39:00+00:00,58626.680000
2021-09-30T07:24:00+00:00,58619.280000
2021-09-30T08:39:00+00:00,57921.880000
2021-09-30T13:39:00+00:00,57917.440000
2021-09-30T14:54:00+00:00,57514.000000
2021-09-30T14:54:00+00:00,57510.300000
2021-09-30T16:14:00+00:00,57933.320000
2021-09-30T18:09:00+00:00,57929.600000
2021-10-01T13:54:00+00:00,57927.380000
2021-10-01T15:04:00+00:00,57982.160000
2021-10-01T15:04:00+00:00,57978.460000
2021-10-01T17:49:00+00:00,58396.980000
2021-10-01T20:09:00+00:00,59356.260000
2021-10-04T13:49:00+00:00,59354.780000
2021-10-04T20:09:00+00:00,59710.300000
2021-10-05T13:49:00+00:00,59707.340000
2021-10-05T15:04:00+00:00,60170.860000
2021-10-05T20:09:00+00:00,60528.380000
2021-10-06T14:04:00+00:00,60526.900000
2021-10-06T14:19:00+00:00,60223.420000
2021-10-06T14:19:00+00:00,60221.200000
2021-10-06T18:14:00+00:00,60527.210000
2021-10-06T20:09:00+00:00,61284.730000
2021-10-07T13:39:00+00:00,61276.590000
2021-10-07T13:59:00+00:00,61273.630000
2021-10-07T14:04:00+00:00,61768.680000
2021-10-07T18:44:00+00:00,61761.240000
2021-10-07T20:09:00+00:00,61228.280000
2021-10-08T12:44:00+00:00,61226.060000
2021-10-08T13:39:00+00:00,60640.340000
2021-10-08T14:44:00+00:00,60638.120000
2021-10-08T20:09:00+00:00,60811.400000
2021-10-11T13:49:00+00:00,60809.180000
2021-10-11T19:54:00+00:00,60052.460000
2021-10-12T07:14:00+00:00,60041.360000
2021-10-12T08:44:00+00:00,60555.930000
2021-10-12T09:19:00+00:00,61936.010000
2021-10-12T13:49:00+00:00,61933.050000
2021-10-12T20:09:00+00:00,62562.090000
2021-10-13T07:39:00+00:00,62555.430000
2021-10-13T08:54:00+00:00,63068.470000
2021-10-13T12:44:00+00:00,63062.270000
2021-10-13T12:59:00+00:00,63051.170000
2021-10-13T13:19:00+00:00,63570.990000
2021-10-13T13:39:00+00:00,64965.070000
2021-10-13T13:54:00+00:00,64961.370000
2021-10-13T18:04:00+00:00,64195.170000
2021-10-14T14:04:00+00:00,64192.210000
2021-10-14T20:09:00+00:00,64717.250000
2021-10-15T14:59:00+00:00,64712.810000
2021-10-15T20:09:00+00:00,65014.370000
2021-10-18T13:49:00+00:00,65009.930000
2021-10-18T17:14:00+00:00,65563.460000
2021-10-18T20:09:00+00:00,66494.240000
2021-10-19T08:14:00+00:00,66484.620000
2021-10-19T13:24:00+00:00,66472.040000
2021-10-19T13:34:00+00:00,65830.460000
2021-10-19T13:54:00+00:00,65825.280000
2021-10-19T14:59:00+00:00,66387.840000
2021-10-19T20:09:00+00:00,67716.160000
2021-10-19T20:09:00+00:00,68606.980000
2021-10-20T13:34:00+00:00,68596.620000
2021-10-20T13:54:00+00:00,68257.260000
2021-10-20T13:54:00+00:00,68248.380000
2021-10-20T14:29:00+00:00,67417.500000
2021-10-21T07:14:00+00:00,67405.660000
2021-10-21T13:44:00+00:00,68005.740000
2021-10-21T13:54:00+00:00,68000.560000
2021-10-21T14:29:00+00:00,69408.640000
2021-10-21T19:59:00+00:00,69908.170000
2021-10-21T20:09:00+00:00,70613.210000
2021-10-22T13:44:00+00:00,70605.070000
2021-10-22T13:49:00+00:00,69771.930000
2021-10-22T13:49:00+00:00,69766.750000
2021-10-22T14:29:00+00:00,68984.570000
2021-10-25T15:59:00+00:00,68982.350000
2021-10-25T20:09:00+00:00,69437.630000
2021-10-26T14:14:00+00:00,69434.670000
2021-10-26T16:04:00+00:00,68673.710000
2021-10-27T13:49:00+00:00,68669.270000
2021-10-27T20:09:00+00:00,68238.830000
2021-10-28T07:24:00+00:00,68226.250000
2021-10-28T10:54:00+00:00,68808.330000
2021-10-28T14:09:00+00:00,68803.150000
2021-10-28T14:39:00+00:00,70339.990000
2021-10-28T20:04:00+00:00,70846.270000
2021-10-28T20:09:00+00:00,71069.310000
2021-10-29T06:34:00+00:00,71050.070000
2021-10-29T07:04:00+00:00,70159.830000
2021-10-29T07:19:00+00:00,70149.470000
2021-10-29T10:14:00+00:00,69299.110000
2021-10-29T13:19:00+00:00,69288.010000
2021-10-29T13:44:00+00:00,69870.830000
2021-10-29T13:54:00+00:00,69866.390000
2021-10-29T15:24:00+00:00,71428.470000
2021-10-29T16:24:00+00:00,72036.000000
2021-10-29T20:09:00+00:00,72975.780000
2021-11-01T13:49:00+00:00,72970.600000
2021-11-01T17:04:00+00:00,72058.920000
2021-11-02T13:49:00+00:00,72055.960000
2021-11-02T20:09:00+00:00,72029.000000
2021-11-03T14:04:00+00:00,72023.820000
2021-11-03T18:04:00+00:00,71199.640000
2021-11-04T13:49:00+00:00,71195.200000
2021-11-04T14:49:00+00:00,71809.480000
2021-11-04T20:09:00+00:00,72401.260000
2021-11-05T08:09:00+00:00,72384.240000
2021-11-05T09:04:00+00:00,73011.350000
2021-11-05T09:59:00+00:00,74619.470000
2021-11-05T13:54:00+00:00,74614.290000
2021-11-05T14:04:00+00:00,73860.110000
2021-11-05T14:04:00+00:00,73856.410000
2021-11-05T17:14:00+00:00,73030.210000
2021-11-08T15:04:00+00:00,73025.770000
2021-11-08T15:54:00+00:00,72829.330000
2021-11-08T15:54:00+00:00,72820.450000
2021-11-08T21:04:00+00:00,71917.570000
2021-11-09T14:49:00+00:00,71913.130000
2021-11-09T14:59:00+00:00,72493.660000
2021-11-09T18:49:00+00:00,73462.690000
2021-11-10T14:49:00+00:00,73459.730000
2021-11-10T18:14:00+00:00,72678.770000
2021-11-11T08:59:00+00:00,72668.410000
2021-11-11T09:29:00+00:00,73303.730000
2021-11-11T15:29:00+00:00,73606.550000
2021-11-11T15:29:00+00:00,73601.370000
2021-11-11T15:49:00+00:00,73116.690000
2021-11-11T15:49:00+00:00,73110.030000
2021-11-11T17:19:00+00:00,72243.870000
2021-11-12T15:49:00+00:00,72240.170000
2021-11-12T20:34:00+00:00,72720.190000
2021-11-12T21:09:00+00:00,73403.470000
2021-11-15T15:04:00+00:00,73397.550000
2021-11-15T16:44:00+00:00,74027.590000
2021-11-15T21:09:00+00:00,74114.630000
2021-11-16T14:39:00+00:00,74102.050000
2021-11-16T14:54:00+00:00,73179.970000
2021-11-16T16:04:00+00:00,73177.010000
2021-11-16T21:09:00+00:00,73514.050000
2021-11-17T14:54:00+00:00,73505.910000
2021-11-17T15:14:00+00:00,72617.770000
2021-11-18T14:49:00+00:00,72612.590000
2021-11-18T14:54:00+00:00,72605.190000
2021-11-18T15:14:00+00:00,71774.010000
2021-11-18T15:14:00+00:00,70901.610000
2021-11-19T08:59:00+00:00,70884.590000
2021-11-19T09:44:00+00:00,69970.570000
2021-11-19T14:49:00+00:00,69966.130000
2021-11-19T21:09:00+00:00,69883.690000
2021-11-22T14:39:00+00:00,69868.150000
2021-11-22T14:49:00+00:00,70483.250000
2021-11-22T14:49:00+00:00,70469.610000
2021-11-22T14:49:00+00:00,70466.650000
2021-11-22T16:14:00+00:00,69725.690000
2021-11-23T14:49:00+00:00,69723.470000
2021-11-23T14:54:00+00:00,69721.250000
2021-11-23T15:09:00+00:00,68990.030000
2021-11-23T15:09:00+00:00,68318.810000
2021-11-24T15:04:00+00:00,68316.590000
2021-11-24T21:09:00+00:00,69085.370000
2021-11-25T14:49:00+00:00,69075.750000
2021-11-25T23:34:00+00:00,68208.130000
2021-11-26T14:49:00+00:00,68205.910000
2021-11-26T17:59:00+00:00,68586.920000
2021-11-29T00:04:00+00:00,68584.440000
2021-11-29T14:59:00+00:00,68581.480000
2021-11-29T20:19:00+00:00,69105.000000
2021-11-29T21:09:00+00:00,69528.520000
2021-11-30T14:54:00+00:00,69524.080000
2021-11-30T15:49:00+00:00,68676.640000
2021-12-01T08:24:00+00:00,68664.800000
2021-12-01T08:34:00+00:00,67804.960000
2021-12-01T14:09:00+00:00,67791.640000
2021-12-01T14:29:00+00:00,66923.320000
2021-12-01T15:09:00+00:00,66920.360000
2021-12-01T17:59:00+00:00,66109.400000
2021-12-02T08:24:00+00:00,66098.300000
2021-12-02T08:34:00+00:00,65277.200000
2021-12-02T14:44:00+00:00,65274.980000
2021-12-02T14:54:00+00:00,65274.240000
2021-12-02T15:39:00+00:00,64552.020000
2021-12-02T15:44:00+00:00,64129.780000
2021-12-02T16:04:00+00:00,64126.820000
2021-12-02T17:24:00+00:00,64725.340000
2021-12-02T21:09:00+00:00,65154.860000
2021-12-03T07:34:00+00:00,65134.140000
2021-12-03T07:54:00+00:00,65732.780000
2021-12-03T08:04:00+00:00,65715.420000
2021-12-03T14:49:00+00:00,65713.940000
2021-12-03T15:49:00+00:00,66234.450000
2021-12-03T21:09:00+00:00,66649.710000
2021-12-06T08:09:00+00:00,66643.790000
2021-12-06T09:49:00+00:00,65841.870000
2021-12-06T15:19:00+00:00,65840.390000
2021-12-06T21:09:00+00:00,66126.910000
2021-12-07T14:39:00+00:00,66119.510000
2021-12-07T14:49:00+00:00,66115.810000
2021-12-07T14:54:00+00:00,66682.110000
2021-12-07T15:39:00+00:00,68008.410000
2021-12-07T16:39:00+00:00,68456.930000
2021-12-07T21:09:00+00:00,69293.210000
2021-12-08T14:49:00+00:00,69290.250000
2021-12-08T21:09:00+00:00,69551.290000
2021-12-09T15:14:00+00:00,69548.330000
2021-12-09T19:59:00+00:00,70068.850000
2021-12-09T21:09:00+00:00,70867.370000
2021-12-10T13:39:00+00:00,70857.750000
2021-12-10T14:34:00+00:00,69970.630000
2021-12-10T14:49:00+00:00,69968.410000
2021-12-10T20:59:00+00:00,69304.690000
2021-12-13T08:39:00+00:00,69292.110000
2021-12-13T11:44:00+00:00,69880.190000
2021-12-13T14:24:00+00:00,69869.030000
2021-12-13T14:54:00+00:00,69865.330000
2021-12-13T16:29:00+00:00,70328.850000
2021-12-13T21:04:00+00:00,71489.130000
2021-12-14T14:49:00+00:00,71486.910000
2021-12-14T15:49:00+00:00,70752.690000
2021-12-14T15:49:00+00:00,70751.210000
2021-12-14T21:09:00+00:00,70377.730000
2021-12-15T09:39:00+00:00,70368.110000
2021-12-15T13:34:00+00:00,70948.670000
2021-12-15T14:34:00+00:00,70939.990000
2021-12-15T14:49:00+00:00,70937.030000
2021-12-15T19:09:00+00:00,70162.070000
2021-12-16T14:59:00+00:00,70160.590000
2021-12-16T17:59:00+00:00,70676.600000
2021-12-16T21:09:00+00:00,71256.360000
2021-12-17T07:24:00+00:00,71251.920000
2021-12-17T08:44:00+00:00,70455.480000
2021-12-17T14:49:00+00:00,70453.260000
2021-12-17T15:24:00+00:00,69618.540000
2021-12-17T15:34:00+00:00,69614.840000
2021-12-17T15:54:00+00:00,70073.860000
2021-12-17T16:49:00+00:00,70070.140000
2021-12-20T16:04:00+00:00,70067.920000
2021-12-20T20:24:00+00:00,69320.200000
2021-12-21T14:49:00+00:00,69317.980000
2021-12-21T16:59:00+00:00,68633.260000
2021-12-22T08:54:00+00:00,68624.380000
2021-12-22T10:54:00+00:00,69218.440000
2021-12-22T14:49:00+00:00,70610.500000
2021-12-22T14:49:00+00:00,70606.800000
2021-12-22T20:54:00+00:00,71133.320000
2021-12-22T21:09:00+00:00,72037.100000
2021-12-23T07:44:00+00:00,72014.900000
2021-12-23T08:14:00+00:00,71212.700000
2021-12-23T08:59:00+00:00,71197.160000
2021-12-23T11:29:00+00:00,71797.260000
2021-12-23T13:44:00+00:00,71783.620000
2021-12-23T15:14:00+00:00,71779.920000
2021-12-23T21:09:00+00:00,72188.720000
2021-12-27T14:39:00+00:00,72180.580000
2021-12-27T15:04:00+00:00,72178.360000
2021-12-27T15:24:00+00:00,72785.910000
2021-12-27T21:09:00+00:00,74395.470000
2021-12-27T21:09:00+00:00,75054.750000
2021-12-28T07:54:00+00:00,75032.550000
2021-12-28T08:09:00+00:00,75257.700000
2021-12-28T08:29:00+00:00,75797.850000
2021-12-28T15:09:00+00:00,75794.150000
2021-12-28T21:09:00+00:00,75730.450000
2021-12-29T15:04:00+00:00,75725.270000
2021-12-29T15:19:00+00:00,76267.550000
2021-12-29T19:34:00+00:00,76262.590000
2021-12-30T14:39:00+00:00,76255.930000
2021-12-30T14:44:00+00:00,75380.770000
2021-12-30T15:09:00+00:00,75377.070000
2021-12-30T15:14:00+00:00,75372.630000
2021-12-30T20:44:00+00:00,74450.190000
2021-12-30T20:49:00+00:00,73553.990000
2021-12-31T09:14:00+00:00,73536.230000
2021-12-31T09:24:00+00:00,72606.470000
2021-12-31T14:39:00+00:00,72601.290000
2021-12-31T14:49:00+00:00,71766.610000
2021-12-31T14:49:00+00:00,71762.170000
2021-12-31T21:09:00+00:00,72375.730000
2022-01-03T09:19:00+00:00,72359.450000
2022-01-03T10:24:00+00:00,73011.310000
2022-01-03T13:59:00+00:00,72997.670000
2022-01-03T14:39:00+00:00,72990.270000
2022-01-03T14:49:00+00:00,72072.870000
2022-01-03T14:49:00+00:00,72070.650000
2022-01-03T19:44:00+00:00,71249.430000
2022-01-04T14:54:00+00:00,71242.770000
2022-01-04T15:14:00+00:00,71803.810000
2022-01-04T15:39:00+00:00,72975.110000
2022-01-05T07:54:00+00:00,72967.710000
2022-01-05T14:34:00+00:00,72045.310000
2022-01-05T17:39:00+00:00,72043.090000
2022-01-05T20:09:00+00:00,72484.100000
2022-01-05T21:09:00+00:00,73650.620000
2022-01-06T14:39:00+00:00,73647.660000
2022-01-06T14:59:00+00:00,72892.700000
2022-01-06T15:04:00+00:00,72891.220000
2022-01-06T15:59:00+00:00,72054.740000
2022-01-07T15:24:00+00:00,72053.260000
2022-01-07T21:09:00+00:00,72309.780000
2022-01-10T14:54:00+00:00,72307.560000
2022-01-10T18:54:00+00:00,71546.340000
2022-01-11T15:04:00+00:00,71544.120000
2022-01-11T21:09:00+00:00,72791.400000
2022-01-12T07:39:00+00:00,72782.520000
2022-01-12T08:19:00+00:00,71927.640000
2022-01-12T13:44:00+00:00,71924.680000
2022-01-12T15:14:00+00:00,71921.720000
2022-01-12T15:39:00+00:00,71050.760000
2022-01-12T15:54:00+00:00,70187.800000
2022-01-13T15:04:00+00:00,70184.100000
2022-01-13T15:49:00+00:00,70623.620000
2022-01-13T17:19:00+00:00,71723.900000
2022-01-14T08:24:00+00:00,71717.240000
2022-01-14T08:54:00+00:00,70819.580000
2022-01-14T14:54:00+00:00,70818.100000
2022-01-14T21:09:00+00:00,70999.620000
2022-01-17T14:49:00+00:00,70994.440000
2022-01-18T03:49:00+00:00,71532.220000
2022-01-18T08:14:00+00:00,72729.260000
2022-01-18T14:49:00+00:00,72724.820000
2022-01-18T15:09:00+00:00,72722.600000
2022-01-18T15:14:00+00:00,73372.880000
2022-01-18T15:59:00+00:00,73369.160000
2022-01-18T16:34:00+00:00,72547.940000
2022-01-19T14:54:00+00:00,72544.980000
2022-01-19T15:34:00+00:00,71806.020000
2022-01-20T14:49:00+00:00,71803.800000
2022-01-20T14:59:00+00:00,71801.580000
2022-01-20T19:14:00+00:00,71097.360000
2022-01-20T19:19:00+00:00,70385.640000
2022-01-21T14:34:00+00:00,70378.240000
2022-01-21T14:39:00+00:00,69560.840000
2022-01-21T14:54:00+00:00,69559.360000
2022-01-21T15:59:00+00:00,68912.880000
2022-01-24T14:59:00+00:00,68911.400000
2022-01-24T16:49:00+00:00,69411.660000
2022-01-24T18:19:00+00:00,69410.420000
2022-01-25T14:49:00+00:00,69408.940000
2022-01-25T15:34:00+00:00,69136.460000
2022-01-25T15:34:00+00:00,69134.980000
2022-01-25T16:39:00+00:00,68461.500000
2022-01-26T15:04:00+00:00,68460.020000
2022-01-26T15:44:00+00:00,67838.540000
2022-01-27T14:49:00+00:00,67836.320000
2022-01-27T15:34:00+00:00,67030.100000
2022-01-28T07:59:00+00:00,67024.920000
2022-01-28T08:14:00+00:00,66235.740000
2022-01-28T15:24:00+00:00,66234.260000
2022-01-28T15:54:00+00:00,66233.520000
2022-01-28T17:04:00+00:00,66838.030000
2022-01-28T21:09:00+00:00,67692.290000
2022-01-28T21:09:00+00:00,68323.550000
2022-01-31T14:34:00+00:00,68319.850000
2022-01-31T14:54:00+00:00,68318.370000
2022-01-31T15:04:00+00:00,68802.890000
2022-01-31T19:09:00+00:00,70501.670000
2022-01-31T20:54:00+00:00,71080.680000
2022-01-31T21:09:00+00:00,71613.440000
2022-02-01T15:04:00+00:00,71611.960000
2022-02-01T20:34:00+00:00,70836.480000
2022-02-02T14:49:00+00:00,70834.260000
2022-02-02T21:09:00+00:00,71696.040000
2022-02-03T15:29:00+00:00,71693.820000
2022-02-03T16:59:00+00:00,70818.600000
2022-02-04T15:04:00+00:00,70817.120000
2022-02-04T21:09:00+00:00,70938.640000
2022-02-07T08:44:00+00:00,70916.440000
2022-02-07T08:49:00+00:00,71310.340000
2022-02-07T08:49:00+00:00,71291.740000
2022-02-07T14:44:00+00:00,71287.300000
2022-02-07T14:54:00+00:00,71285.080000
2022-02-07T15:19:00+00:00,70452.640000
2022-02-07T16:09:00+00:00,69668.920000
2022-02-08T07:19:00+00:00,69663.740000
2022-02-08T11:39:00+00:00,68839.560000
2022-02-08T15:04:00+00:00,68837.340000
2022-02-08T15:24:00+00:00,68493.120000
2022-02-08T15:24:00+00:00,68487.200000
2022-02-08T15:39:00+00:00,67673.280000
2022-02-09T14:54:00+00:00,67668.840000
2022-02-09T16:04:00+00:00,66827.400000
2022-02-10T14:54:00+00:00,66825.920000
2022-02-10T18:39:00+00:00,66114.440000
2022-02-11T14:54:00+00:00,66109.260000
2022-02-11T14:59:00+00:00,65348.080000
2022-02-11T14:59:00+00:00,65345.860000
2022-02-11T18:34:00+00:00,65678.120000
2022-02-11T18:44:00+00:00,66786.640000
2022-02-14T14:54:00+00:00,66785.160000
2022-02-14T18:54:00+00:00,66184.680000
2022-02-15T07:14:00+00:00,66180.240000
2022-02-15T08:09:00+00:00,66171.360000
2022-02-15T08:24:00+00:00,66736.140000
2022-02-15T08:24:00+00:00,67334.700000
2022-02-15T08:34:00+00:00,68737.260000
2022-02-15T09:19:00+00:00,70058.040000
2022-02-15T15:44:00+00:00,70055.080000
2022-02-15T17:49:00+00:00,69302.120000
2022-02-16T08:19:00+00:00,69283.620000
2022-02-16T08:44:00+00:00,68402.620000
2022-02-16T14:54:00+00:00,68400.400000
2022-02-16T19:24:00+00:00,67690.180000
2022-02-17T14:49:00+00:00,67685.740000
2022-02-17T15:49:00+00:00,68275.270000
2022-02-17T19:29:00+00:00,69259.300000
2022-02-18T14:59:00+00:00,69254.860000
2022-02-18T15:14:00+00:00,68470.420000
2022-02-18T15:34:00+00:00,68468.940000
2022-02-18T21:09:00+00:00,68668.460000
2022-02-21T15:49:00+00:00,68664.760000
2022-02-21T23:04:00+00:00,69149.280000
2022-02-21T23:04:00+00:00,70362.060000
2022-02-22T14:49:00+00:00,70360.580000
2022-02-22T14:54:00+00:00,70358.360000
2022-02-22T15:59:00+00:00,69540.140000
2022-02-22T16:54:00+00:00,68819.660000
2022-02-23T14:54:00+00:00,68817.440000
2022-02-23T18:14:00+00:00,69220.200000
2022-02-23T20:04:00+00:00,70563.720000
2022-02-24T14:39:00+00:00,70560.020000
2022-02-24T14:44:00+00:00,69701.320000
2022-02-24T14:49:00+00:00,69700.580000
2022-02-24T21:09:00+00:00,70882.340000
2022-02-25T14:59:00+00:00,70880.120000
2022-02-25T15:14:00+00:00,70669.400000
2022-02-25T15:14:00+00:00,70665.700000
2022-02-25T15:44:00+00:00,71139.720000
2022-02-25T20:54:00+00:00,72801.750000
2022-02-28T09:09:00+00:00,72798.790000
2022-02-28T14:59:00+00:00,72796.570000
2022-02-28T15:44:00+00:00,73461.090000
2022-02-28T19:09:00+00:00,73458.610000
2022-02-28T19:09:00+00:00,72751.390000
2022-03-01T15:59:00+00:00,72748.430000
2022-03-01T18:29:00+00:00,73358.950000
2022-03-01T21:09:00+00:00,73871.470000
2022-03-02T15:09:00+00:00,73869.250000
2022-03-02T15:34:00+00:00,73121.530000
2022-03-02T15:34:00+00:00,73119.310000
2022-03-02T18:04:00+00:00,73473.320000
2022-03-02T21:09:00+00:00,74193.840000
2022-03-03T14:49:00+00:00,74190.880000
2022-03-03T15:54:00+00:00,74865.900000
2022-03-03T20:49:00+00:00,75991.920000
2022-03-04T14:49:00+00:00,75989.700000
2022-03-04T15:04:00+00:00,75559.980000
2022-03-04T15:04:00+00:00,75554.060000
2022-03-04T15:09:00+00:00,74608.140000
2022-03-07T08:14:00+00:00,74602.960000
2022-03-07T12:09:00+00:00,75154.240000
2022-03-07T14:09:00+00:00,76873.280000
2022-03-07T14:49:00+00:00,76871.060000
2022-03-07T17:04:00+00:00,77283.570000
2022-03-07T20:09:00+00:00,78659.590000
2022-03-08T15:04:00+00:00,78658.110000
2022-03-08T15:24:00+00:00,78506.630000
2022-03-08T15:24:00+00:00,78502.930000
2022-03-08T15:34:00+00:00,77584.230000
2022-03-09T14:54:00+00:00,77581.270000
2022-03-09T15:04:00+00:00,76728.310000
2022-03-10T15:19:00+00:00,76725.350000
2022-03-10T15:34:00+00:00,75768.390000
2022-03-11T14:54:00+00:00,75766.170000
2022-03-11T16:44:00+00:00,76130.680000
2022-03-11T20:59:00+00:00,77346.700000
2022-03-14T06:24:00+00:00,77338.560000
2022-03-14T06:54:00+00:00,76362.420000
2022-03-14T07:04:00+00:00,76356.500000
2022-03-14T08:14:00+00:00,76351.320000
2022-03-14T08:34:00+00:00,75429.400000
2022-03-14T11:29:00+00:00,74531.720000
2022-03-14T14:09:00+00:00,74529.500000
2022-03-14T15:44:00+00:00,73730.780000
2022-03-15T14:04:00+00:00,73728.560000
2022-03-15T19:19:00+00:00,74104.320000
2022-03-15T20:09:00+00:00,74990.840000
2022-03-16T13:49:00+00:00,74988.620000
2022-03-16T18:09:00+00:00,74267.900000
2022-03-17T13:54:00+00:00,74264.940000
2022-03-17T17:44:00+00:00,74830.460000
2022-03-17T20:09:00+00:00,75584.980000
2022-03-18T13:49:00+00:00,75582.020000
2022-03-18T15:39:00+00:00,76251.040000
2022-03-18T19:24:00+00:00,77367.060000
2022-03-21T07:49:00+00:00,77356.700000
2022-03-21T11:14:00+00:00,78049.770000
2022-03-21T13:54:00+00:00,78041.090000
2022-03-21T13:54:00+00:00,78039.610000
2022-03-21T20:09:00+00:00,77711.130000
2022-03-22T13:44:00+00:00,77706.690000
2022-03-22T14:04:00+00:00,77704.470000
2022-03-22T14:29:00+00:00,78399.750000
2022-03-22T20:09:00+00:00,79510.530000
2022-03-22T20:09:00+00:00,80265.810000
2022-03-23T13:49:00+00:00,80261.370000
2022-03-23T14:14:00+00:00,79326.930000
2022-03-24T14:19:00+00:00,79323.230000
2022-03-24T14:39:00+00:00,78884.530000
2022-03-24T14:39:00+00:00,78878.610000
2022-03-24T15:24:00+00:00,79610.650000
2022-03-24T19:24:00+00:00,81322.690000
2022-03-25T14:04:00+00:00,81318.250000
2022-03-25T14:39:00+00:00,80398.810000
2022-03-28T07:09:00+00:00,80388.450000
2022-03-28T09:24:00+00:00,79426.090000
2022-03-28T13:59:00+00:00,79423.870000
2022-03-28T15:39:00+00:00,78593.650000
2022-03-29T07:29:00+00:00,78587.730000
2022-03-29T12:24:00+00:00,79253.770000
2022-03-29T13:49:00+00:00,80004.810000
2022-03-29T13:49:00+00:00,80001.110000
2022-03-29T18:49:00+00:00,79049.910000
2022-03-30T13:49:00+00:00,79043.990000
2022-03-30T15:04:00+00:00,78050.070000
2022-03-31T14:04:00+00:00,78047.110000
2022-03-31T14:59:00+00:00,77160.150000
2022-04-01T06:24:00+00:00,77142.390000
2022-04-01T07:14:00+00:00,76152.630000
2022-04-01T13:54:00+00:00,76149.670000
2022-04-01T20:09:00+00:00,75904.710000
2022-04-04T13:49:00+00:00,75902.490000
2022-04-04T20:09:00+00:00,76807.770000
2022-04-05T13:54:00+00:00,76803.330000
2022-04-05T14:19:00+00:00,77518.860000
2022-04-05T16:29:00+00:00,78712.890000
2022-04-06T08:54:00+00:00,78699.570000
2022-04-06T09:39:00+00:00,77732.250000
2022-04-06T13:49:00+00:00,77730.030000
2022-04-06T19:04:00+00:00,76973.310000
2022-04-07T08:14:00+00:00,76968.870000
2022-04-07T13:04:00+00:00,76004.430000
2022-04-07T13:39:00+00:00,75997.770000
2022-04-07T13:44:00+00:00,75037.110000
2022-04-07T14:44:00+00:00,75034.890000
2022-04-07T18:59:00+00:00,74257.170000
2022-04-08T13:54:00+00:00,74254.950000
2022-04-08T15:04:00+00:00,73355.730000
2022-04-11T07:34:00+00:00,73352.030000
2022-04-11T08:09:00+00:00,72483.330000
2022-04-11T14:29:00+00:00,72480.370000
2022-04-11T20:09:00+00:00,73057.410000
2022-04-12T07:54:00+00:00,73045.570000
2022-04-12T08:39:00+00:00,73687.650000
2022-04-12T12:09:00+00:00,75193.730000
2022-04-12T13:49:00+00:00,75190.770000
2022-04-12T14:49:00+00:00,74425.810000
2022-04-13T13:49:00+00:00,74423.590000
2022-04-13T19:19:00+00:00,74800.850000
2022-04-13T20:09:00+00:00,75494.370000
2022-04-14T13:54:00+00:00,75492.150000
2022-04-14T19:34:00+00:00,75886.660000
2022-04-14T20:09:00+00:00,76787.180000
2022-04-18T13:54:00+00:00,76783.480000
2022-04-18T14:09:00+00:00,75909.780000
2022-04-19T08:04:00+00:00,75899.420000
2022-04-19T08:49:00+00:00,74937.060000
2022-04-19T13:49:00+00:00,74934.100000
2022-04-19T14:04:00+00:00,74931.880000
2022-04-19T14:14:00+00:00,75513.900000
2022-04-19T15:34:00+00:00,76484.920000
2022-04-19T20:09:00+00:00,76893.700000
2022-04-20T13:49:00+00:00,76891.480000
2022-04-20T20:09:00+00:00,77192.260000
2022-04-21T14:14:00+00:00,77190.040000
2022-04-21T16:14:00+00:00,77594.300000
2022-04-21T18:09:00+00:00,78942.820000
2022-04-22T14:24:00+00:00,78941.340000
2022-04-22T19:59:00+00:00,79454.350000
2022-04-22T20:09:00+00:00,80030.610000
2022-04-25T07:14:00+00:00,80022.470000
2022-04-25T07:24:00+00:00,80663.770000
2022-04-25T07:54:00+00:00,80656.330000
2022-04-25T13:59:00+00:00,80653.370000
2022-04-25T14:29:00+00:00,79716.410000
2022-04-26T13:49:00+00:00,79714.190000
2022-04-26T15:24:00+00:00,80129.700000
2022-04-26T20:04:00+00:00,81515.720000
2022-04-27T07:44:00+00:00,81509.060000
2022-04-27T07:59:00+00:00,82157.100000
2022-04-27T11:24:00+00:00,82150.900000
2022-04-27T13:39:00+00:00,82146.460000
2022-04-27T13:49:00+00:00,82144.980000
2022-04-27T13:54:00+00:00,82829.010000
2022-04-27T14:04:00+00:00,82825.290000
2022-04-27T14:14:00+00:00,81961.810000
2022-04-28T13:14:00+00:00,81954.410000
2022-04-28T13:34:00+00:00,82655.710000
2022-04-28T13:34:00+00:00,82649.510000
2022-04-28T14:04:00+00:00,82648.030000
2022-04-28T16:34:00+00:00,81886.550000
2022-04-29T13:29:00+00:00,81876.930000
2022-04-29T13:34:00+00:00,82556.490000
2022-04-29T13:34:00+00:00,82547.810000
2022-04-29T13:59:00+00:00,82546.330000
2022-04-29T14:29:00+00:00,81754.850000
2022-05-02T13:49:00+00:00,81751.150000
2022-05-02T14:29:00+00:00,81749.670000
2022-05-02T14:34:00+00:00,82339.190000
2022-05-02T15:04:00+00:00,82335.470000
2022-05-02T17:49:00+00:00,81373.990000
2022-05-03T13:59:00+00:00,81371.030000
2022-05-03T14:49:00+00:00,80402.070000
2022-05-04T13:54:00+00:00,80396.890000
2022-05-04T14:19:00+00:00,81033.670000
2022-05-04T16:24:00+00:00,81028.710000
2022-05-05T13:49:00+00:00,81025.750000
2022-05-05T14:24:00+00:00,81774.270000
2022-05-05T15:09:00+00:00,83022.790000
2022-05-06T07:59:00+00:00,83014.650000
2022-05-06T09:24:00+00:00,81978.010000
2022-05-06T13:54:00+00:00,81976.530000
2022-05-06T14:19:00+00:00,80970.050000
2022-05-09T07:39:00+00:00,80959.690000
2022-05-09T07:54:00+00:00,79941.330000
2022-05-09T14:09:00+00:00,79939.850000
2022-05-09T20:09:00+00:00,80527.370000
2022-05-10T13:49:00+00:00,80525.890000
2022-05-10T20:09:00+00:00,80537.410000
2022-05-11T13:49:00+00:00,80536.670000
2022-05-11T16:59:00+00:00,79958.430000
2022-05-12T14:09:00+00:00,79956.950000
2022-05-12T18:44:00+00:00,79089.470000
2022-05-13T13:49:00+00:00,79087.250000
2022-05-13T13:54:00+00:00,79085.770000
2022-05-13T16:04:00+00:00,79456.280000
2022-05-13T20:09:00+00:00,80131.800000
2022-05-13T20:09:00+00:00,80467.320000
2022-05-16T07:34:00+00:00,80459.920000
2022-05-16T12:24:00+00:00,81149.970000
2022-05-16T13:34:00+00:00,81143.770000
2022-05-16T13:49:00+00:00,81141.550000
2022-05-16T14:24:00+00:00,80368.330000
2022-05-17T07:29:00+00:00,80355.750000
2022-05-17T07:44:00+00:00,81021.830000
2022-05-17T08:19:00+00:00,82779.170000
2022-05-17T13:54:00+00:00,82775.470000
2022-05-17T18:09:00+00:00,81899.270000
2022-05-18T07:29:00+00:00,81881.510000
2022-05-18T07:44:00+00:00,80855.750000
2022-05-18T13:59:00+00:00,80852.050000
2022-05-18T15:29:00+00:00,81452.070000
2022-05-18T17:09:00+00:00,82953.600000
2022-05-19T13:49:00+00:00,82951.380000
2022-05-19T14:04:00+00:00,81954.660000
2022-05-20T07:19:00+00:00,81946.520000
2022-05-20T08:34:00+00:00,82587.820000
2022-05-20T12:49:00+00:00,82580.380000
2022-05-20T14:09:00+00:00,82578.160000
2022-05-20T16:09:00+00:00,83019.170000
2022-05-20T16:49:00+00:00,84490.190000
2022-05-23T13:49:00+00:00,84486.490000
2022-05-23T13:59:00+00:00,83552.790000
2022-05-24T13:49:00+00:00,83550.570000
2022-05-24T20:09:00+00:00,83026.350000
2022-05-25T06:44:00+00:00,83010.810000
2022-05-25T07:24:00+00:00,81966.270000
2022-05-25T14:19:00+00:00,81964.050000
2022-05-25T20:09:00+00:00,82314.330000
2022-05-26T13:39:00+00:00,82307.670000
2022-05-26T13:49:00+00:00,82305.450000
2022-05-26T13:54:00+00:00,82935.490000
2022-05-26T15:04:00+00:00,84778.040000
2022-05-26T16:59:00+00:00,85279.800000
2022-05-26T20:09:00+00:00,86023.320000
2022-05-27T13:59:00+00:00,86020.360000
2022-05-27T20:09:00+00:00,87417.400000
2022-05-30T14:49:00+00:00,87409.260000
2022-05-30T22:29:00+00:00,86383.620000
2022-05-31T14:04:00+00:00,86382.140000
2022-05-31T15:54:00+00:00,85658.660000
2022-06-01T06:14:00+00:00,85643.860000
2022-06-01T08:09:00+00:00,84579.060000
2022-06-01T13:54:00+00:00,84574.620000
2022-06-01T14:09:00+00:00,83559.180000
2022-06-01T14:59:00+00:00,83551.780000
2022-06-01T15:09:00+00:00,82514.380000
2022-06-02T13:49:00+00:00,82511.420000
2022-06-02T16:24:00+00:00,83262.940000
2022-06-02T19:54:00+00:00,84516.460000
2022-06-03T14:39:00+00:00,84514.240000
2022-06-03T20:09:00+00:00,84659.020000
2022-06-06T14:04:00+00:00,84655.320000
2022-06-06T15:14:00+00:00,83684.120000
2022-06-07T13:49:00+00:00,83681.160000
2022-06-07T19:39:00+00:00,84413.180000
2022-06-07T20:09:00+00:00,85056.700000
2022-06-08T13:44:00+00:00,85052.260000
2022-06-08T13:49:00+00:00,85049.300000
2022-06-08T16:39:00+00:00,84026.340000
2022-06-08T16:49:00+00:00,83088.900000
2022-06-09T13:54:00+00:00,83085.940000
2022-06-09T17:44:00+00:00,82078.980000
2022-06-10T13:54:00+00:00,82076.020000
2022-06-10T20:09:00+00:00,82971.060000
2022-06-13T13:39:00+00:00,82959.960000
2022-06-13T13:49:00+00:00,83679.280000
2022-06-13T13:49:00+00:00,83669.360000
2022-06-13T14:14:00+00:00,83667.140000
2022-06-13T20:09:00+00:00,84288.920000
2022-06-14T13:59:00+00:00,84283.740000
2022-06-14T14:14:00+00:00,83249.560000
2022-06-14T14:44:00+00:00,83247.340000
2022-06-14T14:54:00+00:00,82891.120000
2022-06-14T14:54:00+00:00,82887.420000
2022-06-14T19:14:00+00:00,82018.720000
2022-06-15T14:04:00+00:00,82015.020000
2022-06-15T18:04:00+00:00,81126.320000
2022-06-16T14:04:00+00:00,81123.360000
2022-06-16T20:09:00+00:00,81724.400000
2022-06-17T06:34:00+00:00,81714.780000
2022-06-17T08:34:00+00:00,82367.340000
2022-06-17T13:04:00+00:00,82358.660000
2022-06-17T13:39:00+00:00,82353.480000
2022-06-17T13:54:00+00:00,82351.260000
2022-06-17T14:24:00+00:00,81429.080000
2022-06-17T14:24:00+00:00,80559.860000
2022-06-20T13:49:00+00:00,80550.980000
2022-06-20T14:04:00+00:00,79594.100000
2022-06-21T13:09:00+00:00,79583.740000
2022-06-21T13:39:00+00:00,80313.560000
2022-06-21T13:59:00+00:00,82023.380000
2022-06-21T13:59:00+00:00,82021.160000
2022-06-21T20:09:00+00:00,81694.940000
2022-06-22T13:49:00+00:00,81691.240000
2022-06-22T14:19:00+00:00,82208.760000
2022-06-22T20:09:00+00:00,82323.540000
2022-06-23T13:54:00+00:00,82320.580000
2022-06-23T14:09:00+00:00,81327.620000
2022-06-24T07:14:00+00:00,81315.040000
2022-06-24T13:34:00+00:00,82005.120000
2022-06-24T13:44:00+00:00,83825.460000
2022-06-24T13:49:00+00:00,83823.240000
2022-06-24T20:09:00+00:00,84721.020000
2022-06-27T13:49:00+00:00,84719.540000
2022-06-27T14:09:00+00:00,84514.060000
2022-06-27T14:09:00+00:00,84510.360000
2022-06-27T20:09:00+00:00,84346.660000
2022-06-28T14:09:00+00:00,84344.440000
2022-06-28T15:44:00+00:00,84762.950000
2022-06-28T19:09:00+00:00,86158.970000
2022-06-29T13:54:00+00:00,86156.010000
2022-06-29T13:59:00+00:00,86152.310000
2022-06-29T20:09:00+00:00,85965.350000
2022-06-29T20:09:00+00:00,85896.650000
2022-06-30T13:54:00+00:00,85894.430000
2022-06-30T15:29:00+00:00,84830.210000
2022-07-01T13:49:00+00:00,84827.250000
2022-07-01T13:54:00+00:00,84824.290000
2022-07-01T14:29:00+00:00,83819.330000
2022-07-01T14:34:00+00:00,82764.370000
2022-07-04T14:09:00+00:00,82751.790000
2022-07-04T16:29:00+00:00,81702.210000
2022-07-05T13:54:00+00:00,81696.290000
2022-07-05T14:14:00+00:00,81693.330000
2022-07-05T14:39:00+00:00,82449.370000
2022-07-05T17:24:00+00:00,84217.410000
2022-07-05T17:39:00+00:00,84926.930000
2022-07-05T19:34:00+00:00,86110.450000
2022-07-06T18:34:00+00:00,86107.490000
2022-07-06T20:09:00+00:00,86108.530000
2022-07-07T07:29:00+00:00,86090.030000
2022-07-07T08:09:00+00:00,86837.150000
2022-07-07T08:49:00+00:00,86821.030000
2022-07-07T13:49:00+00:00,86818.070000
2022-07-07T20:09:00+00:00,87591.110000
2022-07-08T14:29:00+00:00,87588.150000
2022-07-08T20:09:00+00:00,87939.190000
2022-07-11T13:54:00+00:00,87937.710000
2022-07-11T20:09:00+00:00,87764.230000
2022-07-12T13:49:00+00:00,87761.270000
2022-07-12T19:29:00+00:00,88436.290000
2022-07-12T20:09:00+00:00,89003.810000
2022-07-13T13:49:00+00:00,89001.590000
2022-07-13T20:09:00+00:00,89308.370000
2022-07-14T07:24:00+00:00,89297.270000
2022-07-14T07:54:00+00:00,88206.170000
2022-07-14T13:54:00+00:00,88196.550000
2022-07-14T14:04:00+00:00,87140.430000
2022-07-14T14:04:00+00:00,87138.210000
2022-07-14T15:44:00+00:00,86178.990000
2022-07-15T12:44:00+00:00,86174.550000
2022-07-15T13:34:00+00:00,86903.580000
2022-07-15T13:49:00+00:00,87262.860000
2022-07-15T13:49:00+00:00,87259.160000
2022-07-15T14:04:00+00:00,86340.460000
2022-07-18T13:49:00+00:00,86335.280000
2022-07-18T17:34:00+00:00,85283.600000
2022-07-19T14:29:00+00:00,85279.160000
2022-07-19T17:34:00+00:00,86037.440000
2022-07-19T20:09:00+00:00,87266.720000
2022-07-20T14:14:00+00:00,87262.280000
2022-07-20T14:54:00+00:00,88018.310000
2022-07-20T20:09:00+00:00,88854.590000
2022-07-21T08:39:00+00:00,88834.610000
2022-07-21T09:24:00+00:00,89614.740000
2022-07-21T10:19:00+00:00,91588.880000
2022-07-21T13:54:00+00:00,91585.180000
2022-07-21T14:14:00+00:00,90538.980000
2022-07-22T13:44:00+00:00,90533.060000
2022-07-22T13:49:00+00:00,90528.620000
2022-07-22T14:04:00+00:00,89454.700000
2022-07-22T14:04:00+00:00,88358.260000
2022-07-22T14:19:00+00:00,88347.900000
2022-07-22T14:29:00+00:00,87287.540000
2022-07-25T14:14:00+00:00,87283.100000
2022-07-25T20:09:00+00:00,87101.660000
2022-07-26T13:49:00+00:00,87097.220000
2022-07-26T18:29:00+00:00,87806.000000
2022-07-26T20:09:00+00:00,88084.280000
2022-07-27T07:09:00+00:00,88062.080000
2022-07-27T07:49:00+00:00,88804.730000
2022-07-27T10:24:00+00:00,88786.130000
2022-07-27T13:49:00+00:00,88783.170000
2022-07-27T18:44:00+00:00,89474.690000
2022-07-27T19:29:00+00:00,90628.210000
2022-07-28T13:49:00+00:00,90625.990000
2022-07-28T15:29:00+00:00,89717.770000
2022-07-29T13:49:00+00:00,89713.330000
2022-07-29T13:59:00+00:00,89710.370000
2022-07-29T19:34:00+00:00,90524.900000
2022-07-29T20:09:00+00:00,91145.180000
2022-07-29T20:09:00+00:00,91928.220000
2022-08-01T13:54:00+00:00,91926.000000
2022-08-01T20:09:00+00:00,91725.780000
2022-08-02T14:09:00+00:00,91721.340000
2022-08-02T14:44:00+00:00,90630.900000
2022-08-03T13:39:00+00:00,90624.980000
2022-08-03T13:54:00+00:00,90621.280000
2022-08-03T15:14:00+00:00,91434.320000
2022-08-03T16:54:00+00:00,92101.840000
2022-08-03T20:09:00+00:00,93418.880000
2022-08-03T20:09:00+00:00,94276.160000
2022-08-04T14:29:00+00:00,94271.720000
2022-08-04T19:14:00+00:00,93208.280000
2022-08-05T06:04:00+00:00,93186.080000
2022-08-05T06:44:00+00:00,92503.880000
2022-08-05T14:04:00+00:00,92500.180000
2022-08-05T15:29:00+00:00,91361.480000
2022-08-08T13:49:00+00:00,91358.520000
2022-08-08T13:54:00+00:00,91356.300000
2022-08-08T15:39:00+00:00,90349.340000
2022-08-08T15:44:00+00:00,89346.620000
2022-08-09T08:29:00+00:00,89329.600000
2022-08-09T09:59:00+00:00,88185.580000
2022-08-09T13:54:00+00:00,88181.140000
2022-08-09T20:09:00+00:00,87894.700000
2022-08-10T14:19:00+00:00,87891.000000
2022-08-10T15:04:00+00:00,86917.300000
2022-08-11T14:04:00+00:00,86912.120000
2022-08-11T15:09:00+00:00,85898.940000
2022-08-12T13:49:00+00:00,85893.020000
2022-08-12T14:19:00+00:00,85889.320000
2022-08-12T15:24:00+00:00,86630.360000
2022-08-12T20:09:00+00:00,88043.400000
2022-08-12T20:09:00+00:00,89114.700000
2022-08-15T13:09:00+00:00,89092.500000
2022-08-15T13:34:00+00:00,89902.650000
2022-08-15T13:34:00+00:00,91807.800000
2022-08-15T13:54:00+00:00,91802.620000
2022-08-15T20:09:00+00:00,92623.440000
2022-08-16T13:49:00+00:00,92616.780000
2022-08-16T15:49:00+00:00,91521.120000
2022-08-17T14:14:00+00:00,91516.680000
2022-08-17T18:09:00+00:00,90525.240000
2022-08-18T14:44:00+00:00,90520.060000
2022-08-18T20:09:00+00:00,90808.880000
2022-08-19T13:49:00+00:00,90805.180000
2022-08-19T20:09:00+00:00,91448.980000
2022-08-22T13:49:00+00:00,91443.800000
2022-08-22T18:44:00+00:00,92118.830000
2022-08-22T20:09:00+00:00,92853.870000
2022-08-23T13:54:00+00:00,92850.170000
2022-08-23T20:09:00+00:00,92098.970000
2022-08-24T06:44:00+00:00,92090.830000
2022-08-24T07:44:00+00:00,92078.250000
2022-08-24T08:34:00+00:00,92864.330000
2022-08-24T13:34:00+00:00,92853.170000
2022-08-24T14:14:00+00:00,92845.770000
2022-08-24T14:39:00+00:00,93592.070000
2022-08-24T15:49:00+00:00,94454.620000
2022-08-24T20:09:00+00:00,95362.180000
2022-08-24T20:09:00+00:00,95773.480000
2022-08-25T13:59:00+00:00,95763.860000
2022-08-25T14:44:00+00:00,96564.920000
2022-08-25T15:14:00+00:00,96556.240000
2022-08-26T13:49:00+00:00,96547.360000
2022-08-26T14:04:00+00:00,97420.420000
2022-08-26T14:04:00+00:00,97412.980000
2022-08-26T14:14:00+00:00,97410.760000
2022-08-26T14:34:00+00:00,96331.540000
2022-08-29T07:39:00+00:00,96321.180000
2022-08-29T08:39:00+00:00,95113.820000
2022-08-29T13:39:00+00:00,95110.120000
2022-08-29T14:54:00+00:00,94181.420000
2022-08-29T14:54:00+00:00,94178.460000
2022-08-29T17:49:00+00:00,93103.500000
2022-08-30T13:54:00+00:00,93099.060000
2022-08-30T14:34:00+00:00,93927.090000
2022-08-30T17:24:00+00:00,95308.620000
2022-08-31T13:49:00+00:00,95303.440000
2022-08-31T13:54:00+00:00,95299.740000
2022-08-31T14:19:00+00:00,94111.560000
2022-08-31T14:19:00+00:00,93022.860000
2022-09-01T13:14:00+00:00,93011.020000
2022-09-01T13:34:00+00:00,91871.180000
2022-09-01T14:04:00+00:00,91866.740000
2022-09-01T14:29:00+00:00,91445.300000
2022-09-01T14:29:00+00:00,91432.720000
2022-09-01T14:39:00+00:00,90272.640000
2022-09-02T14:04:00+00:00,90269.680000
2022-09-02T14:19:00+00:00,89522.720000
2022-09-02T14:19:00+00:00,89519.020000
2022-09-02T16:34:00+00:00,88547.820000
2022-09-05T08:34:00+00:00,88533.020000
2022-09-05T11:54:00+00:00,87408.220000
2022-09-05T14:34:00+00:00,87400.820000
2022-09-06T01:09:00+00:00,88150.870000
2022-09-06T03:54:00+00:00,88144.670000
2022-09-06T13:49:00+00:00,88140.970000
2022-09-06T20:09:00+00:00,88709.770000
2022-09-07T06:19:00+00:00,88700.890000
2022-09-07T08:09:00+00:00,89497.450000
2022-09-07T11:39:00+00:00,89490.010000
2022-09-07T15:14:00+00:00,89486.310000
2022-09-07T19:14:00+00:00,90108.830000
2022-09-07T20:09:00+00:00,90792.110000
2022-09-08T13:54:00+00:00,90789.150000
2022-09-08T20:09:00+00:00,91490.190000
2022-09-09T07:09:00+00:00,91477.610000
2022-09-09T07:29:00+00:00,92251.690000
2022-09-09T13:39:00+00:00,92241.330000
2022-09-09T13:59:00+00:00,92236.890000
2022-09-09T14:04:00+00:00,94277.730000
2022-09-09T14:04:00+00:00,95112.550000
2022-09-09T17:39:00+00:00,97067.370000
2022-09-09T20:09:00+00:00,98043.930000
2022-09-12T13:54:00+00:00,98037.270000
2022-09-12T16:14:00+00:00,96802.110000
2022-09-13T13:59:00+00:00,96798.410000
2022-09-13T18:54:00+00:00,97516.930000
2022-09-13T19:49:00+00:00,99314.710000
2022-09-14T07:39:00+00:00,99303.610000
2022-09-14T08:34:00+00:00,100127.930000
2022-09-14T11:24:00+00:00,100118.010000
2022-09-14T13:49:00+00:00,100112.830000
2022-09-14T13:59:00+00:00,100108.390000
2022-09-14T14:34:00+00:00,98960.950000
2022-09-14T20:09:00+00:00,99823.770000
2022-09-15T13:49:00+00:00,99819.330000
2022-09-15T14:29:00+00:00,98710.890000
2022-09-16T13:59:00+00:00,98704.970000
2022-09-16T14:14:00+00:00,97463.050000
2022-09-19T06:24:00+00:00,97441.590000
2022-09-19T07:09:00+00:00,96187.630000
2022-09-19T13:54:00+00:00,96183.930000
2022-09-19T20:09:00+00:00,97347.730000
2022-09-20T13:39:00+00:00,97329.970000
2022-09-20T14:09:00+00:00,98203.090000
2022-09-20T14:14:00+00:00,98188.210000
2022-09-20T14:54:00+00:00,98181.550000
2022-09-20T17:29:00+00:00,96982.390000
2022-09-21T07:24:00+00:00,96966.850000
2022-09-21T11:54:00+00:00,97799.450000
2022-09-21T13:49:00+00:00,97790.570000
2022-09-21T16:34:00+00:00,99938.430000
2022-09-21T18:04:00+00:00,98705.550000
2022-09-22T14:04:00+00:00,98701.110000
2022-09-22T19:49:00+00:00,97463.670000
2022-09-23T13:54:00+00:00,97459.230000
2022-09-23T18:59:00+00:00,98303.010000
2022-09-23T19:44:00+00:00,98299.290000
2022-09-26T13:54:00+00:00,98295.590000
2022-09-26T16:29:00+00:00,97069.390000
2022-09-27T13:39:00+00:00,97057.550000
2022-09-27T13:49:00+00:00,95853.710000
2022-09-27T14:04:00+00:00,95850.750000
2022-09-27T20:09:00+00:00,96575.790000
2022-09-28T13:49:00+00:00,96572.830000
2022-09-28T14:24:00+00:00,96569.130000
2022-09-28T19:04:00+00:00,97406.150000
2022-09-28T19:04:00+00:00,98037.670000
2022-09-28T20:09:00+00:00,98995.190000
2022-09-28T20:09:00+00:00,100116.470000
2022-09-29T13:49:00+00:00,100113.510000
2022-09-29T20:09:00+00:00,100312.550000
2022-09-30T12:34:00+00:00,100309.590000
2022-09-30T14:24:00+00:00,100305.890000
2022-09-30T18:44:00+00:00,99249.690000
2022-09-30T19:29:00+00:00,98226.730000
2022-10-03T13:54:00+00:00,98220.810000
2022-10-03T14:04:00+00:00,98217.110000
2022-10-03T14:34:00+00:00,99102.150000
2022-10-03T18:44:00+00:00,99805.670000
2022-10-03T20:09:00+00:00,101464.710000
2022-10-03T20:09:00+00:00,102410.490000
2022-10-04T13:49:00+00:00,102404.570000
2022-10-04T20:09:00+00:00,103322.650000
2022-10-05T14:04:00+00:00,103318.210000
2022-10-05T16:49:00+00:00,102041.770000
2022-10-06T13:39:00+00:00,102036.590000
2022-10-06T14:04:00+00:00,100792.410000
2022-10-06T14:04:00+00:00,100789.450000
2022-10-06T20:09:00+00:00,101042.490000
2022-10-07T13:49:00+00:00,101038.050000
2022-10-07T16:49:00+00:00,101852.580000
2022-10-07T20:09:00+00:00,102853.860000
2022-10-10T07:09:00+00:00,102831.660000
2022-10-10T07:24:00+00:00,103664.310000
2022-10-10T07:54:00+00:00,103645.710000
2022-10-10T13:54:00+00:00,103642.010000
2022-10-10T20:09:00+00:00,103695.810000
2022-10-11T13:54:00+00:00,103691.370000
2022-10-11T15:39:00+00:00,102528.930000
2022-10-12T13:44:00+00:00,102523.010000
2022-10-12T14:09:00+00:00,101317.090000
2022-10-13T07:19:00+00:00,101302.290000
2022-10-13T11:34:00+00:00,102239.890000
2022-10-13T12:29:00+00:00,104437.490000
2022-10-13T13:49:00+00:00,104433.050000
2022-10-13T15:09:00+00:00,105324.080000
2022-10-13T15:19:00+00:00,106810.610000
2022-10-14T12:54:00+00:00,106806.170000
2022-10-14T13:49:00+00:00,105478.730000
2022-10-14T13:49:00+00:00,105475.770000
2022-10-14T14:24:00+00:00,106288.790000
2022-10-14T19:59:00+00:00,107644.810000
2022-10-17T14:14:00+00:00,107641.110000
2022-10-17T20:09:00+00:00,107647.410000
2022-10-18T06:19:00+00:00,107625.210000
2022-10-18T06:44:00+00:00,108266.610000
2022-10-18T06:59:00+00:00,108248.010000
2022-10-18T13:54:00+00:00,108244.310000
2022-10-18T15:39:00+00:00,109037.830000
2022-10-18T20:09:00+00:00,109203.610000
2022-10-19T13:59:00+00:00,109196.210000
2022-10-19T14:19:00+00:00,110156.260000
2022-10-19T14:19:00+00:00,110151.820000
2022-10-19T16:44:00+00:00,110145.620000
2022-10-19T16:49:00+00:00,108776.180000
2022-10-20T13:49:00+00:00,108771.740000
2022-10-20T17:49:00+00:00,107543.300000
2022-10-21T07:24:00+00:00,107529.240000
2022-10-21T07:49:00+00:00,106175.680000
2022-10-21T13:49:00+00:00,106171.240000
2022-10-21T16:04:00+00:00,107035.270000
2022-10-21T19:14:00+00:00,108476.800000
2022-10-24T14:04:00+00:00,108473.100000
2022-10-24T15:54:00+00:00,107229.400000
2022-10-25T13:49:00+00:00,107225.700000
2022-10-25T20:09:00+00:00,107024.500000
2022-10-26T13:49:00+00:00,107018.580000
2022-10-26T14:49:00+00:00,108005.620000
2022-10-26T17:24:00+00:00,108000.660000
2022-10-27T13:49:00+00:00,107997.700000
2022-10-27T20:04:00+00:00,108834.720000
2022-10-27T20:09:00+00:00,109904.240000
2022-10-28T14:29:00+00:00,109902.020000
2022-10-28T20:09:00+00:00,111122.300000
2022-10-31T13:49:00+00:00,111117.120000
2022-10-31T20:09:00+00:00,110817.940000
2022-11-01T13:49:00+00:00,110812.760000
2022-11-01T14:14:00+00:00,111609.290000
2022-11-01T20:04:00+00:00,113381.330000
2022-11-02T14:14:00+00:00,113374.670000
2022-11-02T18:04:00+00:00,112027.010000
2022-11-03T08:14:00+00:00,112010.730000
2022-11-03T08:24:00+00:00,110619.450000
2022-11-03T13:49:00+00:00,110612.790000
2022-11-03T14:49:00+00:00,109265.130000
2022-11-04T14:04:00+00:00,109262.910000
2022-11-04T15:54:00+00:00,108576.690000
2022-11-04T15:54:00+00:00,108575.210000
2022-11-04T20:09:00+00:00,107880.730000
2022-11-07T14:49:00+00:00,107876.290000
2022-11-07T19:19:00+00:00,106572.850000
2022-11-08T08:39:00+00:00,106556.570000
2022-11-08T09:29:00+00:00,107521.930000
2022-11-08T14:04:00+00:00,109785.290000
2022-11-08T15:19:00+00:00,109778.630000
2022-11-08T16:34:00+00:00,110651.670000
2022-11-08T18:34:00+00:00,110645.470000
2022-11-09T15:09:00+00:00,110638.070000
2022-11-09T15:34:00+00:00,109275.670000
2022-11-10T13:39:00+00:00,109271.230000
2022-11-10T14:59:00+00:00,110229.760000
2022-11-10T14:59:00+00:00,110227.540000
2022-11-10T20:54:00+00:00,112467.070000
2022-11-10T21:09:00+00:00,113603.350000
2022-11-11T14:49:00+00:00,113592.990000
2022-11-11T15:04:00+00:00,112217.630000
2022-11-14T14:09:00+00:00,112198.390000
2022-11-14T14:29:00+00:00,110788.150000
2022-11-14T15:09:00+00:00,110781.490000
2022-11-14T18:59:00+00:00,111615.530000
2022-11-14T20:44:00+00:00,111609.330000
2022-11-15T14:49:00+00:00,111603.410000
2022-11-15T18:29:00+00:00,112581.450000
2022-11-15T18:39:00+00:00,114213.490000
2022-11-16T14:49:00+00:00,114206.830000
2022-11-16T21:09:00+00:00,114110.170000
2022-11-17T14:39:00+00:00,114096.110000
2022-11-17T14:49:00+00:00,114090.190000
2022-11-17T15:19:00+00:00,115075.780000
2022-11-17T17:04:00+00:00,117640.880000
2022-11-17T17:59:00+00:00,118642.920000
2022-11-17T20:29:00+00:00,118637.960000
2022-11-18T14:49:00+00:00,118632.780000
2022-11-18T14:59:00+00:00,118396.600000
2022-11-18T14:59:00+00:00,118374.400000
2022-11-18T15:04:00+00:00,118052.200000
2022-11-21T08:09:00+00:00,118030.000000
2022-11-21T08:19:00+00:00,117062.800000
2022-11-21T14:29:00+00:00,117056.140000
2022-11-21T15:14:00+00:00,116527.480000
2022-11-21T15:14:00+00:00,116520.820000
2022-11-21T21:09:00+00:00,117045.160000
2022-11-22T15:49:00+00:00,117040.720000
2022-11-22T21:09:00+00:00,118230.280000
2022-11-23T13:39:00+00:00,118208.080000
2022-11-23T13:49:00+00:00,116805.880000
2022-11-23T14:39:00+00:00,116784.420000
2022-11-23T14:49:00+00:00,116783.680000
2022-11-23T14:54:00+00:00,117812.820000
2022-11-23T15:44:00+00:00,120400.470000
2022-11-23T17:59:00+00:00,120249.730000
2022-11-24T15:59:00+00:00,120227.530000
2022-11-25T00:19:00+00:00,119050.330000
2022-11-25T15:19:00+00:00,119039.970000
2022-11-27T23:04:00+00:00,117629.610000
2022-11-28T09:24:00+00:00,117607.410000
2022-11-28T09:49:00+00:00,116250.210000
2022-11-28T14:39:00+00:00,116241.330000
2022-11-28T15:24:00+00:00,114828.450000
2022-11-28T15:54:00+00:00,114823.270000
2022-11-28T21:09:00+00:00,115805.090000
2022-11-29T14:59:00+00:00,115794.730000
2022-11-29T15:34:00+00:00,114391.370000
2022-11-30T14:49:00+00:00,114383.230000
2022-11-30T16:04:00+00:00,113550.090000
2022-11-30T16:04:00+00:00,113542.690000
2022-11-30T16:14:00+00:00,112870.290000
2022-11-30T16:14:00+00:00,112857.710000
2022-11-30T17:24:00+00:00,111476.630000
2022-12-01T14:49:00+00:00,111470.710000
2022-12-01T15:14:00+00:00,110128.790000
2022-12-01T16:04:00+00:00,110125.090000
2022-12-01T21:09:00+00:00,109946.390000
2022-12-02T15:14:00+00:00,109941.950000
2022-12-02T21:09:00+00:00,110687.510000
2022-12-05T14:39:00+00:00,110665.310000
2022-12-05T14:59:00+00:00,109338.110000
2022-12-05T15:04:00+00:00,109330.710000
2022-12-05T18:04:00+00:00,110283.260000
2022-12-05T19:49:00+00:00,111873.310000
2022-12-06T08:49:00+00:00,111860.730000
2022-12-06T14:34:00+00:00,110513.650000
2022-12-06T14:54:00+00:00,110509.210000
2022-12-06T19:29:00+00:00,111503.740000
2022-12-06T21:09:00+00:00,112277.020000
2022-12-07T07:09:00+00:00,112254.820000
2022-12-07T07:14:00+00:00,111197.620000
2022-12-07T14:49:00+00:00,111193.920000
2022-12-07T21:09:00+00:00,110967.720000
2022-12-08T14:59:00+00:00,110963.280000
2022-12-08T15:04:00+00:00,110958.100000
2022-12-08T21:09:00+00:00,111499.660000
2022-12-08T21:09:00+00:00,111991.480000
2022-12-09T15:34:00+00:00,111986.300000
2022-12-09T21:09:00+00:00,110906.620000
2022-12-12T13:44:00+00:00,110884.420000
2022-12-12T14:04:00+00:00,109887.220000
2022-12-12T14:54:00+00:00,109870.200000
2022-12-12T15:34:00+00:00,108507.680000
2022-12-12T15:49:00+00:00,108499.540000
2022-12-12T16:09:00+00:00,107215.400000
2022-12-13T15:24:00+00:00,107212.440000
2022-12-13T17:19:00+00:00,108164.960000
2022-12-13T21:09:00+00:00,108836.480000
2022-12-14T14:39:00+00:00,108814.280000
2022-12-14T14:49:00+00:00,107457.080000
2022-12-14T14:59:00+00:00,107451.160000
2022-12-14T19:04:00+00:00,106173.240000
2022-12-15T14:49:00+00:00,106168.800000
2022-12-15T17:59:00+00:00,107143.080000
2022-12-15T21:09:00+00:00,107986.860000
2022-12-16T14:49:00+00:00,107980.940000
2022-12-16T15:09:00+00:00,106679.020000
2022-12-19T14:09:00+00:00,106656.820000
2022-12-19T14:34:00+00:00,105494.620000
2022-12-19T14:49:00+00:00,105489.440000
2022-12-19T20:44:00+00:00,106281.470000
2022-12-19T21:09:00+00:00,106894.510000
2022-12-20T08:54:00+00:00,106888.590000
2022-12-20T14:44:00+00:00,105686.670000
2022-12-20T14:59:00+00:00,105681.490000
2022-12-20T15:04:00+00:00,105677.050000
2022-12-20T21:09:00+00:00,105958.870000
2022-12-20T21:09:00+00:00,106083.430000
2022-12-21T14:49:00+00:00,106078.250000
2022-12-21T21:09:00+00:00,107168.570000
2022-12-22T14:49:00+00:00,107164.130000
2022-12-22T17:24:00+00:00,108122.660000
2022-12-22T21:09:00+00:00,108453.440000
2022-12-23T15:34:00+00:00,108450.480000
2022-12-23T21:09:00+00:00,108449.520000
2022-12-27T14:49:00+00:00,108445.820000
2022-12-27T21:09:00+00:00,108529.620000
2022-12-28T14:39:00+00:00,108521.480000
2022-12-28T15:29:00+00:00,107209.840000
2022-12-28T15:59:00+00:00,107207.620000
2022-12-28T21:09:00+00:00,107455.900000
2022-12-29T15:09:00+00:00,107452.200000
2022-12-29T21:09:00+00:00,108086.000000
2022-12-30T14:49:00+00:00,108080.080000
2022-12-30T15:49:00+00:00,106742.160000
2023-01-03T14:49:00+00:00,106738.460000
2023-01-03T16:14:00+00:00,107413.480000
2023-01-03T21:09:00+00:00,108219.760000
2023-01-04T15:04:00+00:00,108216.060000
2023-01-04T16:39:00+00:00,106894.860000
2023-01-06T15:39:00+00:00,106892.640000
2023-01-06T21:09:00+00:00,107800.920000
2023-01-09T14:49:00+00:00,107795.000000
2023-01-09T20:34:00+00:00,106481.080000
2023-01-10T08:29:00+00:00,106466.280000
2023-01-10T11:44:00+00:00,105111.480000
2023-01-10T15:14:00+00:00,105107.780000
2023-01-10T15:44:00+00:00,103926.580000
2023-01-11T15:09:00+00:00,103919.920000
2023-01-11T20:54:00+00:00,104732.960000
2023-01-11T21:09:00+00:00,105814.260000
2023-01-12T14:49:00+00:00,105812.040000
2023-01-12T17:19:00+00:00,104680.320000
2023-01-13T15:04:00+00:00,104672.180000
2023-01-13T18:44:00+00:00,105508.480000
2023-01-13T20:39:00+00:00,107184.040000
2023-01-16T15:14:00+00:00,107165.540000
2023-01-17T02:44:00+00:00,108119.660000
2023-01-17T07:14:00+00:00,109085.040000
2023-01-17T07:14:00+00:00,109062.840000
2023-01-17T09:09:00+00:00,109839.240000
2023-01-17T09:24:00+00:00,109820.640000
2023-01-17T09:39:00+00:00,109800.660000
2023-01-17T14:29:00+00:00,110766.040000
2023-01-17T14:44:00+00:00,110748.680000
2023-01-17T15:04:00+00:00,110744.240000
2023-01-17T21:09:00+00:00,110322.800000
2023-01-18T08:59:00+00:00,110300.600000
2023-01-18T09:49:00+00:00,109363.400000
2023-01-18T15:04:00+00:00,109356.000000
2023-01-18T15:39:00+00:00,108018.600000
2023-01-19T14:49:00+00:00,108013.420000
2023-01-19T15:04:00+00:00,107553.240000
2023-01-19T15:04:00+00:00,107542.140000
2023-01-19T15:49:00+00:00,106181.040000
2023-01-20T10:19:00+00:00,106158.840000
2023-01-20T12:34:00+00:00,106890.240000
2023-01-20T14:34:00+00:00,106871.640000
2023-01-20T14:49:00+00:00,106861.280000
2023-01-20T14:54:00+00:00,106854.620000
2023-01-20T16:09:00+00:00,107799.690000
2023-01-20T18:39:00+00:00,108666.730000
2023-01-20T18:54:00+00:00,110878.800000
2023-01-20T20:04:00+00:00,112687.600000
2023-01-23T14:49:00+00:00,112683.160000
2023-01-23T16:19:00+00:00,113675.440000
2023-01-23T21:09:00+00:00,114499.720000
2023-01-24T14:49:00+00:00,114493.060000
2023-01-24T15:09:00+00:00,113118.400000
2023-01-25T07:24:00+00:00,113102.120000
2023-01-25T08:39:00+00:00,113096.200000
2023-01-25T08:59:00+00:00,112950.280000
2023-01-25T09:24:00+00:00,111548.000000
2023-01-25T14:54:00+00:00,111541.340000
2023-01-25T16:19:00+00:00,110225.180000
2023-01-26T13:44:00+00:00,110217.040000
2023-01-26T14:49:00+00:00,110318.900000
2023-01-26T14:49:00+00:00,110312.980000
2023-01-26T20:24:00+00:00,109055.060000
2023-01-27T08:39:00+00:00,109032.860000
2023-01-27T12:09:00+00:00,109910.510000
2023-01-27T12:49:00+00:00,109891.910000
2023-01-27T13:34:00+00:00,109880.810000
2023-01-27T14:49:00+00:00,110836.380000
2023-01-27T14:49:00+00:00,110831.200000
2023-01-27T17:24:00+00:00,113387.280000
2023-01-27T18:59:00+00:00,114172.560000
2023-01-27T21:09:00+00:00,114845.600000
2023-01-30T14:49:00+00:00,114836.720000
2023-01-30T15:24:00+00:00,113387.840000
2023-01-31T14:49:00+00:00,113381.180000
2023-01-31T20:59:00+00:00,114239.220000
2023-01-31T21:09:00+00:00,115295.520000
2023-02-01T14:59:00+00:00,115282.940000
2023-02-01T15:04:00+00:00,113859.360000
2023-02-01T15:54:00+00:00,113850.480000
2023-02-01T18:59:00+00:00,112491.600000
2023-02-02T15:34:00+00:00,112487.900000
2023-02-02T21:09:00+00:00,111916.700000
2023-02-03T14:49:00+00:00,111913.740000
2023-02-03T21:09:00+00:00,110986.780000
2023-02-06T08:09:00+00:00,110964.580000
2023-02-06T08:29:00+00:00,109712.380000
2023-02-06T15:04:00+00:00,109704.980000
2023-02-06T15:24:00+00:00,108322.580000
2023-02-07T15:09:00+00:00,108314.440000
2023-02-07T16:09:00+00:00,107052.300000
2023-02-08T14:54:00+00:00,107045.640000
2023-02-08T16:14:00+00:00,107888.680000
2023-02-08T21:09:00+00:00,109279.980000
2023-02-09T15:29:00+00:00,109275.540000
2023-02-09T19:34:00+00:00,110249.820000
2023-02-09T21:09:00+00:00,111384.600000
2023-02-10T15:04:00+00:00,111379.420000
2023-02-10T15:14:00+00:00,110142.240000
2023-02-13T14:59:00+00:00,110137.800000
2023-02-13T21:09:00+00:00,111117.360000
2023-02-14T09:09:00+00:00,111095.160000
2023-02-14T10:29:00+00:00,111984.060000
2023-02-14T13:29:00+00:00,114072.960000
2023-02-14T14:49:00+00:00,114070.000000
2023-02-14T21:09:00+00:00,114597.040000
2023-02-15T14:49:00+00:00,114590.380000
2023-02-15T14:54:00+00:00,113224.720000
2023-02-16T14:54:00+00:00,113218.060000
2023-02-16T17:39:00+00:00,114151.100000
2023-02-16T20:19:00+00:00,114144.900000
2023-02-17T14:49:00+00:00,114140.460000
2023-02-17T15:09:00+00:00,113881.020000
2023-02-17T15:09:00+00:00,113871.400000
2023-02-17T16:34:00+00:00,112477.280000
2023-02-20T15:04:00+00:00,112455.080000
2023-02-20T23:04:00+00:00,112983.980000
2023-02-21T00:59:00+00:00,113872.880000
2023-02-21T14:44:00+00:00,113861.780000
2023-02-21T14:54:00+00:00,112463.180000
2023-02-21T15:09:00+00:00,112456.520000
2023-02-21T19:19:00+00:00,113308.560000
2023-02-21T21:09:00+00:00,114387.360000
2023-02-22T14:49:00+00:00,114377.000000
2023-02-22T15:04:00+00:00,112966.640000
2023-02-23T07:19:00+00:00,112944.440000
2023-02-23T08:09:00+00:00,112262.240000
2023-02-23T15:09:00+00:00,112255.580000
2023-02-23T16:24:00+00:00,113107.620000
2023-02-23T19:24:00+00:00,113101.420000
2023-02-24T14:49:00+00:00,113094.760000
2023-02-24T21:09:00+00:00,112512.100000
2023-02-27T14:59:00+00:00,112498.780000
2023-02-27T15:39:00+00:00,111126.460000
2023-02-28T15:04:00+00:00,111119.800000
2023-02-28T21:04:00+00:00,109812.640000
2023-03-01T09:04:00+00:00,109792.660000
2023-03-01T13:04:00+00:00,108409.180000
2023-03-01T14:49:00+00:00,108402.520000
2023-03-01T15:09:00+00:00,107113.360000
2023-03-02T14:54:00+00:00,107104.480000
2023-03-02T18:59:00+00:00,108067.540000
2023-03-02T19:29:00+00:00,109675.600000
2023-03-03T08:09:00+00:00,109653.400000
2023-03-03T08:44:00+00:00,110339.800000
2023-03-03T10:24:00+00:00,111956.200000
2023-03-03T14:49:00+00:00,111947.320000
2023-03-03T17:54:00+00:00,112928.380000
2023-03-03T19:34:00+00:00,114566.440000
2023-03-06T15:14:00+00:00,114557.560000
2023-03-06T19:24:00+00:00,113216.680000
2023-03-07T15:04:00+00:00,113212.980000
2023-03-07T21:09:00+00:00,113764.280000
2023-03-08T15:04:00+00:00,113756.880000
2023-03-08T15:34:00+00:00,112439.480000
2023-03-09T14:49:00+00:00,112434.300000
2023-03-09T17:49:00+00:00,111148.120000
2023-03-10T14:49:00+00:00,111145.160000
2023-03-10T16:14:00+00:00,110012.200000
2023-03-13T08:19:00+00:00,109995.920000
2023-03-13T08:34:00+00:00,108648.640000
2023-03-13T13:49:00+00:00,108645.680000
2023-03-13T16:04:00+00:00,109509.700000
2023-03-13T20:09:00+00:00,109886.220000
2023-03-14T14:24:00+00:00,109881.040000
2023-03-14T18:09:00+00:00,108563.360000
2023-03-15T14:34:00+00:00,108558.920000
2023-03-15T15:44:00+00:00,107309.480000
2023-03-16T13:59:00+00:00,107305.040000
2023-03-16T15:24:00+00:00,108232.070000
2023-03-16T16:54:00+00:00,109778.600000
2023-03-17T14:04:00+00:00,109774.160000
2023-03-17T14:24:00+00:00,108551.720000
2023-03-20T08:44:00+00:00,108542.100000
2023-03-20T10:09:00+00:00,109433.160000
2023-03-20T13:34:00+00:00,109424.480000
2023-03-20T14:49:00+00:00,109418.560000
2023-03-20T20:09:00+00:00,110328.640000
2023-03-21T14:19:00+00:00,110317.540000
2023-03-21T17:34:00+00:00,109001.440000
2023-03-22T13:54:00+00:00,108986.640000
2023-03-22T14:29:00+00:00,109976.740000
2023-03-22T16:24:00+00:00,109964.340000
2023-03-23T13:19:00+00:00,109942.140000
2023-03-23T13:34:00+00:00,110876.040000
2023-03-23T14:04:00+00:00,113069.940000
2023-03-23T14:04:00+00:00,113058.840000
2023-03-23T14:49:00+00:00,114035.410000
2023-03-23T15:04:00+00:00,115899.490000
2023-03-24T15:14:00+00:00,115895.050000
2023-03-24T16:04:00+00:00,114621.610000
2023-03-27T08:14:00+00:00,114611.250000
2023-03-27T13:49:00+00:00,114603.110000
2023-03-27T14:34:00+00:00,113214.470000
2023-03-27T15:09:00+00:00,111818.110000
2023-03-28T07:44:00+00:00,111795.910000
2023-03-28T07:54:00+00:00,110648.710000
2023-03-28T14:34:00+00:00,110645.010000
2023-03-28T20:09:00+00:00,109721.310000
2023-03-29T14:04:00+00:00,109710.950000
2023-03-29T14:34:00+00:00,108370.590000
2023-03-30T14:29:00+00:00,108360.970000
2023-03-30T16:49:00+00:00,107018.850000
2023-03-31T13:39:00+00:00,107010.710000
2023-03-31T13:49:00+00:00,107004.050000
2023-03-31T15:54:00+00:00,107851.600000
2023-03-31T18:09:00+00:00,108658.640000
2023-03-31T20:09:00+00:00,110778.200000
2023-03-31T20:09:00+00:00,112287.000000
2023-04-03T08:04:00+00:00,112271.460000
2023-04-03T12:09:00+00:00,110901.420000
2023-04-03T13:49:00+00:00,110893.280000
2023-04-03T14:54:00+00:00,109515.640000
2023-04-04T06:19:00+00:00,109493.440000
2023-04-04T07:29:00+00:00,108796.240000
2023-04-04T13:59:00+00:00,108783.660000
2023-04-04T14:04:00+00:00,108777.000000
2023-04-04T15:09:00+00:00,107429.920000
2023-04-04T15:09:00+00:00,106149.760000
2023-04-05T06:19:00+00:00,106127.560000
2023-04-05T07:34:00+00:00,105040.360000
2023-04-05T13:49:00+00:00,105032.220000
2023-04-05T14:54:00+00:00,105868.520000
2023-04-05T20:09:00+00:00,106485.080000
2023-04-06T14:09:00+00:00,106478.420000
2023-04-06T16:04:00+00:00,107300.460000
2023-04-06T20:09:00+00:00,108676.760000
2023-04-10T13:49:00+00:00,108669.360000
2023-04-10T15:09:00+00:00,107316.960000
2023-04-11T14:14:00+00:00,107311.040000
2023-04-11T14:29:00+00:00,106957.120000
2023-04-11T14:29:00+00:00,106941.580000
2023-04-11T14:39:00+00:00,105603.040000
2023-04-12T07:49:00+00:00,105580.840000
2023-04-12T08:19:00+00:00,106379.740000
2023-04-12T12:29:00+00:00,106361.140000
2023-04-12T12:39:00+00:00,106354.480000
2023-04-12T13:34:00+00:00,105141.820000
2023-04-12T13:49:00+00:00,105138.120000
2023-04-12T20:09:00+00:00,106194.420000
2023-04-13T09:19:00+00:00,106172.220000
2023-04-13T10:14:00+00:00,104875.020000
2023-04-13T14:09:00+00:00,104869.100000
2023-04-13T18:19:00+00:00,105781.140000
2023-04-13T20:09:00+00:00,106600.180000
2023-04-14T07:19:00+00:00,106577.980000
2023-04-14T08:14:00+00:00,105520.780000
2023-04-14T13:49:00+00:00,105515.600000
2023-04-14T14:29:00+00:00,104253.920000
2023-04-17T06:34:00+00:00,104231.720000
2023-04-17T09:19:00+00:00,102994.520000
2023-04-17T14:39:00+00:00,102988.600000
2023-04-17T20:09:00+00:00,101962.680000
2023-04-18T13:49:00+00:00,101949.360000
2023-04-18T13:54:00+00:00,101940.480000
2023-04-18T13:59:00+00:00,100658.160000
2023-04-18T13:59:00+00:00,99899.280000
2023-04-19T14:39:00+00:00,99891.140000
2023-04-19T18:04:00+00:00,100716.190000
2023-04-19T20:09:00+00:00,101197.750000
2023-04-20T06:19:00+00:00,101177.030000
2023-04-20T07:14:00+00:00,99882.310000
2023-04-20T13:49:00+00:00,99875.650000
2023-04-20T19:19:00+00:00,98622.490000
2023-04-21T08:49:00+00:00,98609.910000
2023-04-21T10:34:00+00:00,97424.330000
2023-04-21T13:54:00+00:00,97416.190000
2023-04-21T14:24:00+00:00,96566.550000
2023-04-21T14:24:00+00:00,96560.630000
2023-04-21T20:09:00+00:00,97014.710000
2023-04-24T14:39:00+00:00,97011.010000
2023-04-24T20:09:00+00:00,96764.810000
2023-04-25T13:49:00+00:00,96752.970000
2023-04-25T15:54:00+00:00,97635.050000
2023-04-25T17:19:00+00:00,99109.130000
2023-04-26T08:04:00+00:00,99086.930000
2023-04-26T10:44:00+00:00,97924.730000
2023-04-26T13:59:00+00:00,97918.070000
2023-04-26T14:24:00+00:00,96799.910000
2023-04-27T14:09:00+00:00,96788.810000
2023-04-27T14:44:00+00:00,97628.880000
2023-04-27T16:14:00+00:00,99232.960000
2023-04-28T14:14:00+00:00,99228.520000
2023-04-28T20:09:00+00:00,99947.080000
2023-05-01T13:54:00+00:00,99933.760000
2023-05-01T14:04:00+00:00,98678.440000
2023-05-02T14:09:00+00:00,98669.560000
2023-05-02T14:34:00+00:00,99542.620000
2023-05-02T14:54:00+00:00,101000.680000
2023-05-03T13:54:00+00:00,100991.800000
2023-05-03T15:04:00+00:00,99806.920000
2023-05-04T14:24:00+00:00,99800.260000
2023-05-04T15:09:00+00:00,98614.600000
2023-05-05T06:24:00+00:00,98592.400000
2023-05-05T07:09:00+00:00,97625.200000
2023-05-05T12:49:00+00:00,97615.580000
2023-05-05T13:49:00+00:00,97607.440000
2023-05-05T14:04:00+00:00,98390.500000
2023-05-05T14:39:00+00:00,99181.800000
2023-05-05T17:29:00+00:00,101320.370000
2023-05-05T18:04:00+00:00,102905.930000
2023-05-08T13:54:00+00:00,102896.310000
2023-05-08T15:49:00+00:00,101619.190000
2023-05-09T08:59:00+00:00,101596.990000
2023-05-09T11:29:00+00:00,100719.790000
2023-05-09T13:59:00+00:00,100707.210000
2023-05-09T15:14:00+00:00,99496.130000
2023-05-10T14:09:00+00:00,99491.690000
2023-05-10T14:49:00+00:00,98254.250000
2023-05-11T07:09:00+00:00,98232.050000
2023-05-11T11:14:00+00:00,97159.850000
2023-05-11T14:34:00+00:00,97152.450000
2023-05-11T14:54:00+00:00,96470.050000
2023-05-11T14:54:00+00:00,96459.690000
2023-05-11T20:09:00+00:00,97282.330000
2023-05-12T13:49:00+00:00,97271.970000
2023-05-12T15:29:00+00:00,98175.040000
2023-05-12T16:44:00+00:00,99683.610000
2023-05-15T13:54:00+00:00,99668.810000
2023-05-15T15:19:00+00:00,98414.010000
2023-05-16T13:39:00+00:00,98401.430000
2023-05-16T13:49:00+00:00,98395.510000
2023-05-16T14:34:00+00:00,98391.810000
2023-05-16T14:59:00+00:00,99249.890000
2023-05-16T20:09:00+00:00,99729.230000
2023-05-16T20:09:00+00:00,99543.310000
2023-05-16T20:09:00+00:00,99492.110000
2023-05-17T06:34:00+00:00,99469.910000
2023-05-17T06:39:00+00:00,99252.710000
2023-05-17T13:49:00+00:00,99240.130000
2023-05-17T14:19:00+00:00,98913.050000
2023-05-17T14:19:00+00:00,98899.730000
2023-05-17T16:34:00+00:00,99784.070000
2023-05-17T17:09:00+00:00,101856.410000
2023-05-18T07:09:00+00:00,101834.210000
2023-05-18T07:14:00+00:00,102126.860000
2023-05-18T07:14:00+00:00,102108.260000
2023-05-18T13:59:00+00:00,102100.860000
2023-05-18T15:04:00+00:00,103000.910000
2023-05-18T19:44:00+00:00,104503.460000
2023-05-19T13:49:00+00:00,104492.360000
2023-05-19T15:39:00+00:00,105358.680000
2023-05-19T20:09:00+00:00,105980.760000
2023-05-22T13:39:00+00:00,105968.920000
2023-05-22T13:49:00+00:00,105963.000000
2023-05-22T20:09:00+00:00,106487.160000
2023-05-22T20:09:00+00:00,106265.240000
2023-05-23T13:54:00+00:00,106255.620000
2023-05-23T16:39:00+00:00,104972.000000
2023-05-24T07:19:00+00:00,104949.800000
2023-05-24T07:44:00+00:00,103742.600000
2023-05-24T14:04:00+00:00,103734.460000
2023-05-24T19:24:00+00:00,102439.320000
2023-05-25T06:14:00+00:00,102417.120000
2023-05-25T06:29:00+00:00,102912.270000
2023-05-25T07:39:00+00:00,102893.670000
2023-05-25T14:24:00+00:00,102889.970000
2023-05-25T15:14:00+00:00,101803.770000
2023-05-26T13:49:00+00:00,101798.590000
2023-05-26T14:39:00+00:00,102529.870000
2023-05-26T15:54:00+00:00,104156.910000
2023-05-29T14:24:00+00:00,104134.710000
2023-05-29T16:59:00+00:00,104641.110000
2023-05-29T16:59:00+00:00,105492.510000
2023-05-30T13:54:00+00:00,105488.810000
2023-05-30T20:09:00+00:00,105837.610000
2023-05-31T13:49:00+00:00,105830.950000
2023-05-31T14:14:00+00:00,104537.290000
2023-06-01T06:14:00+00:00,104518.790000
2023-06-01T08:24:00+00:00,103200.290000
2023-06-01T14:04:00+00:00,103193.630000
2023-06-01T16:04:00+00:00,104042.670000
2023-06-01T18:54:00+00:00,105813.970000
2023-06-02T13:49:00+00:00,105808.790000
2023-06-02T20:09:00+00:00,105163.110000
2023-06-05T14:54:00+00:00,105157.930000
2023-06-05T18:34:00+00:00,103903.250000
2023-06-06T07:09:00+00:00,103881.050000
2023-06-06T07:29:00+00:00,104331.200000
2023-06-06T08:29:00+00:00,104312.600000
2023-06-06T14:24:00+00:00,104306.680000
2023-06-06T20:09:00+00:00,104564.760000
2023-06-07T13:39:00+00:00,104542.560000
2023-06-07T13:44:00+00:00,105037.710000
2023-06-07T13:44:00+00:00,105019.110000
2023-06-07T14:19:00+00:00,105014.670000
2023-06-07T15:54:00+00:00,105858.450000
2023-06-07T17:39:00+00:00,107266.230000
2023-06-08T06:24:00+00:00,107244.030000
2023-06-08T07:34:00+00:00,107952.930000
2023-06-08T08:24:00+00:00,109621.830000
2023-06-08T14:14:00+00:00,109615.910000
2023-06-08T20:09:00+00:00,111029.990000
2023-06-09T07:59:00+00:00,111012.230000
2023-06-09T11:39:00+00:00,112020.350000
2023-06-09T13:34:00+00:00,114384.470000
2023-06-09T13:49:00+00:00,114377.810000
2023-06-09T15:29:00+00:00,112976.150000
2023-06-12T14:09:00+00:00,112962.830000
2023-06-12T14:49:00+00:00,111590.510000
2023-06-13T13:49:00+00:00,111584.590000
2023-06-13T20:09:00+00:00,110734.670000
2023-06-14T06:39:00+00:00,110712.470000
2023-06-14T07:19:00+00:00,111466.370000
2023-06-14T13:09:00+00:00,111447.770000
2023-06-14T13:49:00+00:00,111434.450000
2023-06-14T14:44:00+00:00,112440.290000
2023-06-14T17:34:00+00:00,112429.130000
2023-06-15T13:49:00+00:00,112422.470000
2023-06-15T15:39:00+00:00,113349.510000
2023-06-15T18:44:00+00:00,115283.310000
2023-06-16T13:24:00+00:00,115274.430000
2023-06-16T13:34:00+00:00,113927.550000
2023-06-16T13:54:00+00:00,113923.850000
2023-06-16T20:09:00+00:00,114227.650000
2023-06-19T14:14:00+00:00,114205.450000
2023-06-20T00:04:00+00:00,112878.250000
2023-06-20T13:39:00+00:00,112864.190000
2023-06-20T13:49:00+00:00,112859.010000
2023-06-20T13:59:00+00:00,111457.950000
2023-06-20T14:04:00+00:00,110147.270000
2023-06-21T13:49:00+00:00,110139.130000
2023-06-21T14:49:00+00:00,111072.930000
2023-06-21T20:09:00+00:00,112277.490000
2023-06-22T13:49:00+00:00,112271.570000
2023-06-22T19:49:00+00:00,113291.610000
2023-06-22T20:09:00+00:00,114400.650000
2023-06-23T13:49:00+00:00,114395.470000
2023-06-23T16:19:00+00:00,113053.290000
2023-06-26T13:54:00+00:00,113048.110000
2023-06-26T14:54:00+00:00,113038.490000
2023-06-26T15:09:00+00:00,111643.810000
2023-06-26T15:09:00+00:00,110295.190000
2023-06-27T15:29:00+00:00,110289.270000
2023-06-27T17:49:00+00:00,111297.310000
2023-06-27T20:09:00+00:00,112164.350000
2023-06-28T13:39:00+00:00,112142.150000
2023-06-28T13:49:00+00:00,110799.950000
2023-06-28T14:19:00+00:00,110794.770000
2023-06-28T20:09:00+00:00,111535.090000
2023-06-29T14:09:00+00:00,111529.170000
2023-06-29T20:09:00+00:00,110655.250000
2023-06-30T13:49:00+00:00,110650.070000
2023-06-30T20:09:00+00:00,110616.890000
2023-07-03T13:49:00+00:00,110604.310000
2023-07-03T14:34:00+00:00,109231.730000
2023-07-04T13:49:00+00:00,109209.530000
2023-07-04T14:29:00+00:00,109490.930000
2023-07-04T14:44:00+00:00,109967.330000
2023-07-05T13:54:00+00:00,109962.150000
2023-07-05T20:09:00+00:00,109550.970000
2023-07-06T13:54:00+00:00,109545.050000
2023-07-06T16:34:00+00:00,108307.130000
2023-07-07T08:04:00+00:00,108284.930000
2023-07-07T08:49:00+00:00,108881.330000
2023-07-07T12:34:00+00:00,110287.730000
2023-07-07T13:49:00+00:00,110279.590000
2023-07-07T14:34:00+00:00,108956.950000
2023-07-10T13:49:00+00:00,108949.550000
2023-07-10T14:14:00+00:00,108467.150000
2023-07-10T14:14:00+00:00,108460.490000
2023-07-10T16:04:00+00:00,107166.830000
2023-07-11T14:04:00+00:00,107162.390000
2023-07-11T15:59:00+00:00,105945.950000
2023-07-12T13:49:00+00:00,105934.850000
2023-07-12T15:39:00+00:00,104648.750000
2023-07-13T12:49:00+00:00,104631.730000
2023-07-13T13:34:00+00:00,105531.090000
2023-07-13T13:54:00+00:00,105524.430000
2023-07-13T16:24:00+00:00,107825.550000
2023-07-13T19:29:00+00:00,108629.590000
2023-07-13T20:09:00+00:00,109470.890000
2023-07-14T13:54:00+00:00,109464.970000
2023-07-14T18:29:00+00:00,108103.050000
2023-07-17T13:49:00+00:00,108094.910000
2023-07-17T15:29:00+00:00,106761.270000
2023-07-18T15:44:00+00:00,106755.350000
2023-07-18T17:44:00+00:00,107700.390000
2023-07-18T19:19:00+00:00,109277.430000
2023-07-19T15:14:00+00:00,109270.030000
2023-07-19T15:19:00+00:00,109260.410000
2023-07-19T16:24:00+00:00,107958.010000
2023-07-19T16:24:00+00:00,106583.390000
2023-07-20T14:04:00+00:00,106576.730000
2023-07-20T14:34:00+00:00,107413.770000
2023-07-20T18:19:00+00:00,109160.070000
2023-07-21T13:49:00+00:00,109153.410000
2023-07-21T19:14:00+00:00,110053.450000
2023-07-21T20:09:00+00:00,110964.750000
2023-07-24T13:49:00+00:00,110956.610000
2023-07-24T14:19:00+00:00,110695.470000
2023-07-24T14:19:00+00:00,110687.330000
2023-07-24T20:09:00+00:00,110508.690000
2023-07-25T13:39:00+00:00,110495.370000
2023-07-25T13:49:00+00:00,110486.490000
2023-07-25T13:59:00+00:00,111472.080000
2023-07-25T14:34:00+00:00,111460.920000
2023-07-25T18:39:00+00:00,112486.980000
2023-07-25T20:04:00+00:00,112479.540000
2023-07-26T13:59:00+00:00,112469.920000
2023-07-26T14:54:00+00:00,111114.800000
2023-07-26T14:59:00+00:00,111110.360000
2023-07-26T18:39:00+00:00,109881.920000
2023-07-27T14:24:00+00:00,109875.260000
2023-07-27T17:59:00+00:00,110778.300000
2023-07-27T18:29:00+00:00,112662.100000
2023-07-28T13:49:00+00:00,112656.180000
2023-07-28T13:54:00+00:00,112651.000000
2023-07-28T20:09:00+00:00,113381.080000
2023-07-28T20:09:00+00:00,113802.900000
2023-07-31T07:24:00+00:00,113789.580000
2023-07-31T12:49:00+00:00,114795.420000
2023-07-31T13:59:00+00:00,114784.260000
2023-07-31T13:59:00+00:00,114776.860000
2023-07-31T14:14:00+00:00,114124.460000
2023-07-31T14:14:00+00:00,114113.360000
2023-07-31T17:04:00+00:00,112707.260000
2023-08-01T08:44:00+00:00,112685.060000
2023-08-01T09:34:00+00:00,111567.860000
2023-08-01T14:14:00+00:00,111557.500000
2023-08-01T14:34:00+00:00,110182.140000
2023-08-02T14:09:00+00:00,110177.700000
2023-08-02T20:09:00+00:00,111121.260000
2023-08-03T13:49:00+00:00,111115.340000
2023-08-03T20:09:00+00:00,112237.420000
2023-08-04T13:54:00+00:00,112232.980000
2023-08-04T14:39:00+00:00,111934.540000
2023-08-04T14:39:00+00:00,111930.100000
2023-08-04T18:39:00+00:00,110623.660000
2023-08-07T06:49:00+00:00,110601.460000
2023-08-07T07:09:00+00:00,111197.860000
2023-08-07T07:09:00+00:00,111179.260000
2023-08-07T08:59:00+00:00,111157.060000
2023-08-07T10:29:00+00:00,109949.860000
2023-08-07T12:39:00+00:00,109927.660000
2023-08-07T13:14:00+00:00,110805.310000
2023-08-07T13:34:00+00:00,110786.710000
2023-08-07T13:49:00+00:00,110781.530000
2023-08-07T13:59:00+00:00,110709.850000
2023-08-07T13:59:00+00:00,110698.750000
2023-08-07T14:14:00+00:00,110690.610000
2023-08-07T15:19:00+00:00,109359.510000
2023-08-07T15:19:00+00:00,108020.370000
2023-08-08T07:09:00+00:00,107998.910000
2023-08-08T10:34:00+00:00,106643.450000
2023-08-08T13:49:00+00:00,106638.270000
2023-08-08T20:09:00+00:00,105656.590000
2023-08-09T13:54:00+00:00,105651.410000
2023-08-09T20:09:00+00:00,106738.230000
2023-08-10T13:49:00+00:00,106733.790000
2023-08-10T15:24:00+00:00,105478.350000
2023-08-11T14:14:00+00:00,105472.430000
2023-08-11T15:29:00+00:00,104270.510000
2023-08-14T13:54:00+00:00,104264.590000
2023-08-14T14:54:00+00:00,105230.630000
2023-08-14T20:09:00+00:00,106491.670000
2023-08-15T13:49:00+00:00,106484.270000
2023-08-15T19:29:00+00:00,107418.070000
2023-08-15T20:09:00+00:00,108329.370000
2023-08-16T13:49:00+00:00,108322.710000
2023-08-16T15:54:00+00:00,107074.050000
2023-08-17T08:04:00+00:00,107064.430000
2023-08-17T13:54:00+00:00,105988.810000
2023-08-17T13:54:00+00:00,105983.630000
2023-08-17T19:14:00+00:00,106809.410000
2023-08-17T20:09:00+00:00,107982.450000
2023-08-18T13:49:00+00:00,107974.310000
2023-08-18T14:04:00+00:00,106712.170000
2023-08-21T13:59:00+00:00,106707.730000
2023-08-21T15:14:00+00:00,105404.290000
2023-08-22T13:54:00+00:00,105398.370000
2023-08-22T14:59:00+00:00,104884.450000
2023-08-22T14:59:00+00:00,104874.830000
2023-08-22T15:44:00+00:00,103604.210000
2023-08-23T13:49:00+00:00,103596.070000
2023-08-23T14:24:00+00:00,104424.870000
2023-08-23T15:24:00+00:00,106085.430000
2023-08-24T13:49:00+00:00,106082.470000
2023-08-24T15:29:00+00:00,106911.990000
2023-08-24T19:59:00+00:00,108295.510000
2023-08-25T13:59:00+00:00,108287.370000
2023-08-25T14:09:00+00:00,107030.730000
2023-08-28T07:24:00+00:00,107016.670000
2023-08-28T12:29:00+00:00,107914.510000
2023-08-28T13:39:00+00:00,110252.110000
2023-08-28T14:44:00+00:00,110246.930000
2023-08-28T20:09:00+00:00,109307.250000
2023-08-29T13:49:00+00:00,109302.810000
2023-08-29T14:34:00+00:00,110220.840000
2023-08-29T19:19:00+00:00,111752.370000
2023-08-30T06:14:00+00:00,111730.170000
2023-08-30T06:59:00+00:00,110912.970000
2023-08-30T13:54:00+00:00,110906.310000
2023-08-30T13:59:00+00:00,110899.650000
2023-08-30T14:29:00+00:00,109502.490000
2023-08-30T14:29:00+00:00,108172.830000
2023-08-31T13:59:00+00:00,108166.910000
2023-08-31T20:09:00+00:00,107828.990000
2023-09-01T13:49:00+00:00,107826.030000
2023-09-01T14:04:00+00:00,107453.070000
2023-09-01T14:04:00+00:00,107440.490000
2023-09-01T14:49:00+00:00,106118.910000
2023-09-04T13:54:00+00:00,106096.710000
2023-09-04T14:14:00+00:00,104754.510000
2023-09-05T12:49:00+00:00,104732.310000
2023-09-05T13:09:00+00:00,103630.110000
2023-09-05T14:04:00+00:00,103622.710000
2023-09-05T14:14:00+00:00,103065.310000
2023-09-05T14:14:00+00:00,103051.990000
2023-09-05T14:49:00+00:00,103997.080000
2023-09-05T20:09:00+00:00,104827.420000
2023-09-06T14:04:00+00:00,104822.980000
2023-09-06T20:09:00+00:00,105106.540000
2023-09-07T14:44:00+00:00,105102.840000
2023-09-07T20:09:00+00:00,105081.640000
2023-09-08T13:49:00+00:00,105076.460000
2023-09-08T18:59:00+00:00,103783.280000
2023-09-11T13:59:00+00:00,103778.100000
2023-09-11T17:34:00+00:00,102600.420000
2023-09-12T13:59:00+00:00,102593.020000
2023-09-12T14:29:00+00:00,101310.620000
2023-09-13T06:54:00+00:00,101293.600000
2023-09-13T10:09:00+00:00,100023.080000
2023-09-13T14:09:00+00:00,100017.160000
2023-09-13T14:29:00+00:00,99387.240000
2023-09-13T14:29:00+00:00,99382.800000
2023-09-13T20:09:00+00:00,99924.360000
2023-09-14T12:59:00+00:00,99915.480000
2023-09-14T13:54:00+00:00,98730.600000
2023-09-14T13:54:00+00:00,98725.420000
2023-09-14T14:44:00+00:00,97624.740000
2023-09-15T13:59:00+00:00,97621.040000
2023-09-15T20:09:00+00:00,98849.840000
2023-09-18T06:19:00+00:00,98827.640000
2023-09-18T06:39:00+00:00,98055.440000
2023-09-18T06:59:00+00:00,98033.240000
2023-09-18T07:19:00+00:00,97291.040000
2023-09-18T07:29:00+00:00,97268.840000
2023-09-18T11:09:00+00:00,96226.640000
2023-09-18T13:39:00+00:00,96218.500000
2023-09-18T15:34:00+00:00,96214.060000
2023-09-18T20:09:00+00:00,96546.920000
2023-09-18T20:09:00+00:00,96428.480000
2023-09-19T13:59:00+00:00,96422.560000
2023-09-19T17:49:00+00:00,95300.640000
2023-09-20T08:24:00+00:00,95287.320000
2023-09-20T12:49:00+00:00,95278.440000
2023-09-20T13:34:00+00:00,94681.560000
2023-09-20T14:14:00+00:00,94002.240000
2023-09-20T14:14:00+00:00,93994.840000
2023-09-20T18:04:00+00:00,94853.640000
2023-09-20T18:34:00+00:00,94847.440000
2023-09-21T09:09:00+00:00,94828.200000
2023-09-21T09:59:00+00:00,93651.960000
2023-09-21T13:49:00+00:00,93644.560000
2023-09-21T14:14:00+00:00,93822.160000
2023-09-21T14:14:00+00:00,93812.540000
2023-09-21T19:14:00+00:00,92652.420000
2023-09-22T13:59:00+00:00,92645.760000
2023-09-22T18:14:00+00:00,91523.100000
2023-09-25T13:24:00+00:00,91506.820000
2023-09-25T13:34:00+00:00,90346.540000
2023-09-25T13:59:00+00:00,90342.100000
2023-09-25T20:09:00+00:00,91072.660000
2023-09-26T13:49:00+00:00,91063.780000
2023-09-26T14:19:00+00:00,91900.840000
2023-09-26T14:49:00+00:00,91893.400000
2023-09-27T14:04:00+00:00,91885.260000
2023-09-27T14:29:00+00:00,91404.120000
2023-09-27T14:29:00+00:00,91391.540000
2023-09-27T14:44:00+00:00,90282.460000
2023-09-28T08:39:00+00:00,90260.260000
2023-09-28T08:59:00+00:00,89488.060000
2023-09-28T13:54:00+00:00,89482.880000
2023-09-28T15:34:00+00:00,90157.910000
2023-09-28T16:19:00+00:00,91659.950000
2023-09-29T13:49:00+00:00,91649.590000
2023-09-29T14:24:00+00:00,90491.230000
2023-10-02T06:14:00+00:00,90469.030000
2023-10-02T06:54:00+00:00,91189.180000
2023-10-02T07:14:00+00:00,92884.330000
2023-10-02T14:04:00+00:00,92881.370000
2023-10-02T20:09:00+00:00,92970.410000
2023-10-03T13:49:00+00:00,92963.010000
2023-10-03T14:04:00+00:00,91800.610000
2023-10-04T14:29:00+00:00,91796.910000
2023-10-04T14:44:00+00:00,90830.710000
2023-10-05T13:49:00+00:00,90825.530000
2023-10-05T14:39:00+00:00,91538.810000
2023-10-05T17:44:00+00:00,91533.850000
2023-10-06T13:14:00+00:00,91524.970000
2023-10-06T13:34:00+00:00,92326.030000
2023-10-06T13:39:00+00:00,92318.590000
2023-10-06T14:24:00+00:00,92315.630000
2023-10-06T15:44:00+00:00,93043.150000
2023-10-06T18:39:00+00:00,94256.670000
2023-10-09T07:34:00+00:00,94238.910000
2023-10-09T08:24:00+00:00,93045.150000
2023-10-09T13:09:00+00:00,93032.570000
2023-10-09T13:34:00+00:00,91863.990000
2023-10-09T13:49:00+00:00,91857.330000
2023-10-09T14:04:00+00:00,90766.170000
2023-10-10T13:59:00+00:00,90759.510000
2023-10-10T15:09:00+00:00,91482.550000
2023-10-10T20:09:00+00:00,91886.350000
2023-10-11T14:04:00+00:00,91881.170000
2023-10-11T20:04:00+00:00,90797.990000
2023-10-12T14:09:00+00:00,90790.590000
2023-10-12T17:09:00+00:00,89653.190000
2023-10-13T14:14:00+00:00,89648.010000
2023-10-13T15:09:00+00:00,90347.790000
2023-10-13T17:29:00+00:00,91904.830000
2023-10-16T14:19:00+00:00,91900.390000
2023-10-16T20:09:00+00:00,92303.950000
2023-10-17T13:49:00+00:00,92297.290000
2023-10-17T14:09:00+00:00,91237.630000
2023-10-18T07:39:00+00:00,91215.430000
2023-10-18T09:34:00+00:00,90098.230000
2023-10-18T14:19:00+00:00,90093.050000
2023-10-18T14:39:00+00:00,89034.370000
2023-10-19T06:24:00+00:00,89012.170000
2023-10-19T07:44:00+00:00,87864.970000
2023-10-19T14:29:00+00:00,87861.270000
2023-10-19T16:04:00+00:00,86800.070000
2023-10-20T14:14:00+00:00,86796.370000
2023-10-20T20:09:00+00:00,88075.170000
2023-10-23T13:54:00+00:00,88069.250000
2023-10-23T13:59:00+00:00,88066.290000
2023-10-23T15:09:00+00:00,88816.330000
2023-10-23T16:59:00+00:00,90570.370000
2023-10-23T16:59:00+00:00,91302.390000
2023-10-23T20:09:00+00:00,91720.910000
2023-10-24T08:49:00+00:00,91707.590000
2023-10-24T13:44:00+00:00,92517.680000
2023-10-24T13:49:00+00:00,92506.520000
2023-10-24T14:04:00+00:00,92497.640000
2023-10-24T14:29:00+00:00,92493.200000
2023-10-24T14:39:00+00:00,93348.260000
2023-10-24T15:39:00+00:00,93340.820000
2023-10-24T16:24:00+00:00,92316.380000
2023-10-25T13:49:00+00:00,92313.420000
2023-10-25T20:09:00+00:00,93308.460000
2023-10-26T13:49:00+00:00,93304.020000
2023-10-26T14:54:00+00:00,93200.580000
2023-10-26T14:54:00+00:00,93196.140000
2023-10-26T15:14:00+00:00,92093.700000
2023-10-27T13:49:00+00:00,92086.300000
2023-10-27T14:09:00+00:00,91018.900000
2023-10-30T09:09:00+00:00,90998.920000
2023-10-30T12:29:00+00:00,89844.940000
2023-10-30T13:04:00+00:00,89822.740000
2023-10-30T13:14:00+00:00,89065.540000
2023-10-30T13:49:00+00:00,89062.580000
2023-10-30T14:29:00+00:00,88035.620000
2023-10-31T13:34:00+00:00,88013.420000
2023-10-31T13:39:00+00:00,87001.220000
2023-10-31T16:49:00+00:00,86998.260000
2023-10-31T20:09:00+00:00,87279.300000
2023-11-01T13:49:00+00:00,87272.640000
2023-11-01T18:34:00+00:00,87989.680000
2023-11-01T18:44:00+00:00,87983.480000
2023-11-02T14:09:00+00:00,87976.820000
2023-11-02T14:54:00+00:00,86890.160000
2023-11-03T13:49:00+00:00,86884.980000
2023-11-03T19:09:00+00:00,87555.510000
2023-11-03T20:09:00+00:00,88092.550000
2023-11-06T15:14:00+00:00,88087.370000
2023-11-06T21:09:00+00:00,87536.190000
2023-11-07T14:59:00+00:00,87530.270000
2023-11-07T15:59:00+00:00,88286.310000
2023-11-07T21:09:00+00:00,88903.350000
2023-11-08T15:04:00+00:00,88896.690000
2023-11-08T21:09:00+00:00,88539.030000
2023-11-09T08:39:00+00:00,88516.830000
2023-11-09T08:59:00+00:00,87399.630000
2023-11-09T14:59:00+00:00,87392.970000
2023-11-09T15:09:00+00:00,86346.810000
2023-11-10T14:54:00+00:00,86342.370000
2023-11-10T17:34:00+00:00,87053.400000
2023-11-10T20:19:00+00:00,88239.930000
2023-11-13T14:54:00+00:00,88234.010000
2023-11-13T15:49:00+00:00,87220.090000
2023-11-14T13:39:00+00:00,87212.690000
2023-11-14T14:59:00+00:00,87207.510000
2023-11-14T15:04:00+00:00,88017.560000
2023-11-14T21:09:00+00:00,89083.860000
2023-11-14T21:09:00+00:00,89523.180000
2023-11-15T08:09:00+00:00,89500.980000
2023-11-15T08:49:00+00:00,90243.630000
2023-11-15T09:44:00+00:00,90225.030000
2023-11-15T14:54:00+00:00,90217.630000
2023-11-15T15:54:00+00:00,89105.230000
2023-11-16T14:49:00+00:00,89095.610000
2023-11-16T15:44:00+00:00,87974.490000
2023-11-17T16:59:00+00:00,87966.350000
2023-11-17T21:09:00+00:00,88172.710000
2023-11-20T14:59:00+00:00,88169.010000
2023-11-20T21:09:00+00:00,89002.810000
2023-11-21T15:24:00+00:00,88997.630000
2023-11-21T21:09:00+00:00,88526.950000
2023-11-22T08:09:00+00:00,88511.410000
2023-11-22T10:34:00+00:00,89261.510000
2023-11-22T12:29:00+00:00,91197.620000
2023-11-22T14:54:00+00:00,91194.660000
2023-11-22T21:09:00+00:00,91311.700000
2023-11-23T15:04:00+00:00,91289.500000
2023-11-23T15:54:00+00:00,90337.300000
2023-11-24T09:14:00+00:00,90325.460000
2023-11-24T11:14:00+00:00,89225.620000
2023-11-24T15:24:00+00:00,89218.220000
2023-11-27T15:09:00+00:00,88330.820000
2023-11-27T15:09:00+00:00,88325.640000
2023-11-27T21:09:00+00:00,87798.960000
2023-11-28T14:54:00+00:00,87790.820000
2023-11-28T15:39:00+00:00,86737.680000
2023-11-29T08:14:00+00:00,86716.220000
2023-11-29T09:24:00+00:00,87472.360000
2023-11-29T11:59:00+00:00,89377.510000
2023-11-29T15:09:00+00:00,89373.070000
2023-11-29T21:09:00+00:00,90340.630000
2023-11-30T09:14:00+00:00,90323.610000
2023-11-30T13:34:00+00:00,91115.720000
2023-11-30T13:54:00+00:00,91100.840000
2023-11-30T15:04:00+00:00,91097.880000
2023-11-30T15:19:00+00:00,90624.920000
2023-11-30T15:19:00+00:00,90617.520000
2023-11-30T15:39:00+00:00,89525.120000
2023-12-01T08:09:00+00:00,89502.920000
2023-12-01T08:39:00+00:00,89953.070000
2023-12-01T09:34:00+00:00,91018.220000
2023-12-01T14:49:00+00:00,91010.080000
2023-12-01T15:04:00+00:00,91003.420000
2023-12-01T15:29:00+00:00,89928.280000
2023-12-01T15:29:00+00:00,88792.120000
2023-12-04T15:14:00+00:00,88783.240000
2023-12-04T15:24:00+00:00,89593.300000
2023-12-04T17:09:00+00:00,89585.860000
2023-12-05T14:54:00+00:00,89579.940000
2023-12-05T15:49:00+00:00,90404.980000
2023-12-05T16:54:00+00:00,90400.020000
2023-12-06T15:04:00+00:00,90397.060000
2023-12-06T21:09:00+00:00,91216.100000
2023-12-07T15:24:00+00:00,91211.660000
2023-12-07T21:09:00+00:00,91546.220000
2023-12-08T15:04:00+00:00,91542.520000
2023-12-08T21:09:00+00:00,91956.320000
2023-12-11T14:54:00+00:00,91951.140000
2023-12-11T21:09:00+00:00,93128.960000
2023-12-12T14:59:00+00:00,93123.040000
2023-12-12T20:59:00+00:00,93963.080000
2023-12-12T21:09:00+00:00,94960.120000
2023-12-13T16:24:00+00:00,94951.980000
2023-12-13T19:04:00+00:00,93772.340000
2023-12-14T15:19:00+00:00,93764.940000
2023-12-14T18:04:00+00:00,94634.990000
2023-12-14T18:54:00+00:00,96087.540000
2023-12-15T15:19:00+00:00,96081.620000
2023-12-15T18:44:00+00:00,94987.700000
2023-12-18T08:44:00+00:00,94965.500000
2023-12-18T14:34:00+00:00,95786.900000
2023-12-18T14:34:00+00:00,95768.300000
2023-12-18T14:59:00+00:00,95758.680000
2023-12-18T18:29:00+00:00,96582.240000
2023-12-18T21:09:00+00:00,97067.060000
2023-12-19T15:34:00+00:00,97058.920000
2023-12-19T21:09:00+00:00,97446.780000
2023-12-20T14:44:00+00:00,97434.940000
2023-12-20T15:04:00+00:00,97426.800000
2023-12-20T15:34:00+00:00,98308.880000
2023-12-20T19:29:00+00:00,98298.960000
2023-12-20T19:39:00+00:00,97075.320000
2023-12-21T08:44:00+00:00,97064.960000
2023-12-21T13:39:00+00:00,97910.280000
2023-12-21T13:39:00+00:00,97893.260000
2023-12-21T13:44:00+00:00,98578.120000
2023-12-21T13:44:00+00:00,98563.240000
2023-12-21T14:59:00+00:00,98757.560000
2023-12-21T14:59:00+00:00,98750.900000
2023-12-21T20:54:00+00:00,97565.240000
2023-12-22T16:04:00+00:00,97556.360000
2023-12-22T19:24:00+00:00,98447.420000
2023-12-22T19:59:00+00:00,98439.980000
2023-12-26T09:39:00+00:00,98417.780000
2023-12-26T11:24:00+00:00,97645.580000
2023-12-26T15:39:00+00:00,97637.440000
2023-12-26T21:09:00+00:00,98261.800000
2023-12-27T08:29:00+00:00,98239.600000
2023-12-27T10:14:00+00:00,97362.400000
2023-12-27T15:14:00+00:00,97355.000000
2023-12-27T18:14:00+00:00,96142.600000
2023-12-28T15:09:00+00:00,96133.720000
2023-12-28T21:09:00+00:00,96520.840000
2023-12-29T08:09:00+00:00,96498.640000
2023-12-29T12:14:00+00:00,95351.440000
2023-12-29T14:54:00+00:00,95335.900000
2023-12-29T15:34:00+00:00,94144.360000
2024-01-02T07:19:00+00:00,94122.160000
2024-01-02T09:14:00+00:00,93154.960000
2024-01-02T14:49:00+00:00,93152.000000
2024-01-02T21:09:00+00:00,93185.040000
2024-01-03T14:24:00+00:00,93165.800000
2024-01-03T14:44:00+00:00,94023.930000
2024-01-03T14:59:00+00:00,94007.810000
2024-01-03T15:14:00+00:00,94001.890000
2024-01-03T21:09:00+00:00,94563.970000
2024-01-04T15:09:00+00:00,94558.050000
2024-01-04T20:59:00+00:00,93424.130000
2024-01-05T08:19:00+00:00,93404.890000
2024-01-05T09:04:00+00:00,92241.650000
2024-01-05T15:04:00+00:00,92237.950000
2024-01-05T18:19:00+00:00,91204.250000
2024-01-08T14:49:00+00:00,91199.070000
2024-01-08T17:34:00+00:00,91887.600000
2024-01-08T19:49:00+00:00,93419.640000
2024-01-09T15:09:00+00:00,93412.980000
2024-01-09T16:54:00+00:00,94130.020000
2024-01-09T21:09:00+00:00,95216.320000
2024-01-10T14:54:00+00:00,95208.180000
2024-01-10T15:19:00+00:00,94677.540000
2024-01-10T15:19:00+00:00,94668.660000
2024-01-10T18:04:00+00:00,95487.720000
2024-01-10T21:09:00+00:00,96683.280000
2024-01-11T14:39:00+00:00,96680.320000
2024-01-11T14:49:00+00:00,96159.360000
2024-01-11T14:49:00+00:00,96154.920000
2024-01-11T16:14:00+00:00,97003.200000
2024-01-11T19:04:00+00:00,96999.480000
2024-01-12T08:14:00+00:00,96978.760000
2024-01-12T09:59:00+00:00,95768.040000
2024-01-12T15:04:00+00:00,95762.860000
2024-01-12T21:09:00+00:00,95691.180000
2024-01-15T08:14:00+00:00,95677.120000
2024-01-15T08:49:00+00:00,94466.060000
2024-01-15T14:49:00+00:00,94446.080000
2024-01-15T15:39:00+00:00,93265.100000
2024-01-16T14:34:00+00:00,93256.220000
2024-01-16T14:44:00+00:00,92131.340000
2024-01-16T15:04:00+00:00,92122.460000
2024-01-16T15:19:00+00:00,92118.020000
2024-01-16T15:24:00+00:00,92959.580000
2024-01-16T17:59:00+00:00,92952.140000
2024-01-16T19:19:00+00:00,91804.700000
2024-01-17T14:49:00+00:00,91801.000000
2024-01-17T19:49:00+00:00,90659.800000
2024-01-18T07:54:00+00:00,90649.440000
2024-01-18T10:59:00+00:00,91489.510000
2024-01-18T12:49:00+00:00,93456.580000
2024-01-18T15:04:00+00:00,93449.920000
2024-01-18T15:39:00+00:00,92313.760000
2024-01-19T14:54:00+00:00,92304.140000
2024-01-19T17:24:00+00:00,93087.200000
2024-01-19T17:54:00+00:00,94613.270000
2024-01-22T07:19:00+00:00,94591.070000
2024-01-22T07:39:00+00:00,93638.870000
2024-01-22T15:29:00+00:00,93634.430000
2024-01-22T21:09:00+00:00,94085.990000
2024-01-23T17:59:00+00:00,94080.810000
2024-01-23T21:09:00+00:00,94506.130000
2024-01-24T15:14:00+00:00,94496.510000
2024-01-24T15:19:00+00:00,94490.590000
2024-01-24T15:44:00+00:00,95291.650000
2024-01-24T16:19:00+00:00,95282.970000
2024-01-24T19:24:00+00:00,94221.050000
2024-01-25T14:59:00+00:00,94213.650000
2024-01-25T15:24:00+00:00,93036.250000
2024-01-26T08:19:00+00:00,93014.790000
2024-01-26T09:44:00+00:00,93823.430000
2024-01-26T11:59:00+00:00,95859.830000
2024-01-26T15:04:00+00:00,95850.210000
2024-01-26T15:29:00+00:00,94696.590000
2024-01-29T14:44:00+00:00,94683.270000
2024-01-29T15:04:00+00:00,93499.950000
2024-01-29T17:14:00+00:00,93492.550000
2024-01-29T20:04:00+00:00,94302.600000
2024-01-29T21:09:00+00:00,95353.900000
2024-01-30T08:29:00+00:00,95335.400000
2024-01-30T12:44:00+00:00,94116.900000
2024-01-30T15:04:00+00:00,94106.540000
2024-01-30T17:34:00+00:00,94957.110000
2024-01-30T21:04:00+00:00,96378.180000
2024-01-31T15:14:00+00:00,96373.740000
2024-01-31T19:39:00+00:00,95289.300000
2024-02-01T13:44:00+00:00,95281.160000
2024-02-01T14:59:00+00:00,94145.520000
2024-02-01T15:09:00+00:00,94138.120000
2024-02-01T15:54:00+00:00,92955.720000
2024-02-02T14:44:00+00:00,92949.800000
2024-02-02T14:49:00+00:00,92946.840000
2024-02-02T16:34:00+00:00,93735.880000
2024-02-02T19:19:00+00:00,94457.400000
2024-02-02T21:09:00+00:00,95638.440000
2024-02-02T21:09:00+00:00,96188.960000
2024-02-05T10:09:00+00:00,96169.720000
2024-02-05T12:19:00+00:00,97037.600000
2024-02-05T13:59:00+00:00,97021.480000
2024-02-05T14:49:00+00:00,97011.860000
2024-02-05T15:19:00+00:00,97839.920000
2024-02-05T15:44:00+00:00,99453.490000
2024-02-06T14:49:00+00:00,99447.570000
2024-02-06T16:49:00+00:00,100281.610000
2024-02-06T21:09:00+00:00,100676.650000
2024-02-07T15:14:00+00:00,100671.470000
2024-02-07T15:19:00+00:00,100667.030000
2024-02-07T21:09:00+00:00,101106.350000
2024-02-07T21:09:00+00:00,101479.910000
2024-02-08T15:04:00+00:00,101469.550000
2024-02-08T21:09:00+00:00,101557.190000
2024-02-09T14:54:00+00:00,101544.610000
2024-02-09T15:04:00+00:00,101536.470000
2024-02-09T15:29:00+00:00,102418.550000
2024-02-09T16:09:00+00:00,104076.890000
2024-02-09T17:54:00+00:00,104894.440000
2024-02-09T21:09:00+00:00,106123.000000
2024-02-12T15:44:00+00:00,106114.120000
2024-02-12T18:39:00+00:00,104851.240000
2024-02-13T14:44:00+00:00,104844.580000
2024-02-13T14:54:00+00:00,104839.400000
2024-02-13T15:34:00+00:00,105637.440000
2024-02-13T19:04:00+00:00,105631.240000
2024-02-13T19:54:00+00:00,104341.560000
2024-02-14T15:19:00+00:00,104336.380000
2024-02-14T16:04:00+00:00,103169.200000
2024-02-15T14:54:00+00:00,103163.280000
2024-02-15T18:19:00+00:00,101909.360000
2024-02-16T14:49:00+00:00,101902.700000
2024-02-16T14:59:00+00:00,102706.740000
2024-02-16T16:19:00+00:00,102700.540000
2024-02-19T07:49:00+00:00,102678.340000
2024-02-19T08:04:00+00:00,103038.490000
2024-02-19T08:19:00+00:00,103019.890000
2024-02-19T15:19:00+00:00,103000.650000
2024-02-19T23:44:00+00:00,103956.280000
2024-02-20T00:29:00+00:00,105555.410000
2024-02-20T08:44:00+00:00,105545.790000
2024-02-20T10:09:00+00:00,104281.670000
2024-02-20T15:04:00+00:00,104279.450000
2024-02-20T21:09:00+00:00,104011.730000
2024-02-21T15:04:00+00:00,104005.070000
2024-02-21T15:34:00+00:00,102783.410000
2024-02-22T14:34:00+00:00,102766.390000
2024-02-22T14:49:00+00:00,103657.500000
2024-02-22T14:49:00+00:00,103652.320000
2024-02-22T14:54:00+00:00,105932.440000
2024-02-22T19:14:00+00:00,106665.970000
2024-02-22T21:09:00+00:00,107309.010000
2024-02-23T09:59:00+00:00,107286.810000
2024-02-23T12:34:00+00:00,108096.960000
2024-02-23T13:39:00+00:00,110002.110000
2024-02-23T14:59:00+00:00,109994.710000
2024-02-23T16:04:00+00:00,110966.010000
2024-02-23T21:09:00+00:00,112084.810000
2024-02-26T14:59:00+00:00,112077.410000
2024-02-26T16:54:00+00:00,110760.010000
2024-02-27T15:19:00+00:00,110754.830000
2024-02-27T17:54:00+00:00,109524.650000
2024-02-28T14:54:00+00:00,109516.510000
2024-02-28T16:04:00+00:00,108188.370000
2024-02-29T07:14:00+00:00,108166.170000
2024-02-29T07:54:00+00:00,107273.970000
2024-02-29T15:14:00+00:00,107268.790000
2024-02-29T20:49:00+00:00,106073.610000
2024-03-01T13:54:00+00:00,106055.110000
2024-03-01T14:34:00+00:00,106982.230000
2024-03-01T15:04:00+00:00,109338.610000
2024-03-01T15:09:00+00:00,109332.690000
2024-03-01T18:04:00+00:00,110280.730000
2024-03-01T19:34:00+00:00,111862.770000
2024-03-04T16:34:00+00:00,111853.150000
2024-03-04T19:39:00+00:00,110537.030000
2024-03-05T14:49:00+00:00,110531.850000
2024-03-05T15:49:00+00:00,111332.880000
2024-03-05T21:09:00+00:00,111995.920000
2024-03-06T14:54:00+00:00,111988.520000
2024-03-06T15:09:00+00:00,112944.820000
2024-03-06T15:39:00+00:00,113268.620000
2024-03-06T15:39:00+00:00,113261.960000
2024-03-06T17:09:00+00:00,114171.000000
2024-03-06T19:19:00+00:00,114164.800000
2024-03-07T14:49:00+00:00,114157.400000
2024-03-07T14:59:00+00:00,113440.000000
2024-03-07T14:59:00+00:00,113434.080000
2024-03-07T17:19:00+00:00,114472.120000
2024-03-07T21:09:00+00:00,115019.160000
2024-03-08T14:49:00+00:00,115011.760000
2024-03-08T16:09:00+00:00,113634.360000
2024-03-11T07:59:00+00:00,113624.740000
2024-03-11T08:14:00+00:00,112289.120000
2024-03-11T08:29:00+00:00,112276.540000
2024-03-11T08:54:00+00:00,110920.960000
2024-03-11T13:59:00+00:00,110916.520000
2024-03-11T14:54:00+00:00,109703.080000
2024-03-12T14:04:00+00:00,109697.900000
2024-03-12T14:24:00+00:00,109694.940000
2024-03-12T14:49:00+00:00,110500.470000
2024-03-12T20:09:00+00:00,111957.510000
2024-03-12T20:09:00+00:00,112850.550000
2024-03-13T13:49:00+00:00,112844.630000
2024-03-13T20:09:00+00:00,112990.710000
2024-03-14T07:04:00+00:00,112968.510000
2024-03-14T08:14:00+00:00,113981.160000
2024-03-14T12:34:00+00:00,113962.560000
2024-03-14T13:49:00+00:00,113958.860000
2024-03-14T20:09:00+00:00,113987.660000
2024-03-15T08:14:00+00:00,113967.680000
2024-03-15T09:39:00+00:00,114952.560000
2024-03-15T12:44:00+00:00,114935.200000
2024-03-15T14:04:00+00:00,114930.760000
2024-03-15T20:09:00+00:00,114890.320000
2024-03-18T08:54:00+00:00,114871.080000
2024-03-18T11:24:00+00:00,115914.460000
2024-03-18T12:04:00+00:00,118361.840000
2024-03-18T14:24:00+00:00,118355.180000
2024-03-18T15:54:00+00:00,116895.020000
2024-03-19T15:34:00+00:00,116889.840000
2024-03-19T20:09:00+00:00,118519.160000
2024-03-20T18:04:00+00:00,118514.720000
2024-03-20T20:09:00+00:00,119527.250000
2024-03-20T20:09:00+00:00,120539.030000
2024-03-21T13:49:00+00:00,120531.630000
2024-03-21T20:09:00+00:00,121924.230000
2024-03-22T13:49:00+00:00,121910.910000
2024-03-22T14:04:00+00:00,120367.590000
2024-03-25T13:54:00+00:00,120360.190000
2024-03-25T20:09:00+00:00,120927.790000
2024-03-26T14:04:00+00:00,120918.170000
2024-03-26T14:29:00+00:00,119433.050000
2024-03-27T08:09:00+00:00,119410.850000
2024-03-27T08:49:00+00:00,119996.000000
2024-03-27T10:54:00+00:00,121376.150000
2024-03-27T13:54:00+00:00,121370.970000
2024-03-27T20:09:00+00:00,120627.290000
2024-03-28T13:49:00+00:00,120617.670000
2024-03-28T17:19:00+00:00,119100.050000
2024-04-01T07:19:00+00:00,119077.850000
2024-04-01T08:09:00+00:00,117885.650000
2024-04-01T13:39:00+00:00,117867.150000
2024-04-01T14:04:00+00:00,116398.650000
2024-04-01T14:54:00+00:00,116394.950000
2024-04-01T20:09:00+00:00,116153.750000
2024-04-02T07:44:00+00:00,116131.550000
2024-04-02T08:04:00+00:00,117166.700000
2024-04-02T08:04:00+00:00,117148.100000
2024-04-02T14:14:00+00:00,117141.440000
2024-04-02T17:04:00+00:00,115766.780000
2024-04-03T06:19:00+00:00,115745.320000
2024-04-03T10:04:00+00:00,114302.860000
2024-04-03T13:39:00+00:00,114280.660000
2024-04-03T13:44:00+00:00,113223.460000
2024-04-03T14:04:00+00:00,113219.020000
2024-04-03T20:09:00+00:00,113631.580000
2024-04-04T13:54:00+00:00,113621.220000
2024-04-04T18:14:00+00:00,114666.040000
2024-04-04T18:19:00+00:00,116410.860000
2024-04-05T13:49:00+00:00,116404.940000
2024-04-05T15:04:00+00:00,117403.980000
2024-04-05T16:59:00+00:00,119071.020000
2024-04-08T07:19:00+00:00,119050.300000
2024-04-08T08:24:00+00:00,117531.580000
2024-04-08T14:29:00+00:00,117526.400000
2024-04-08T20:09:00+00:00,117150.220000
2024-04-09T13:59:00+00:00,117142.080000
2024-04-09T14:34:00+00:00,118075.880000
2024-04-09T14:44:00+00:00,119946.440000
2024-04-10T14:39:00+00:00,119941.260000
2024-04-10T17:09:00+00:00,118504.580000
2024-04-11T12:39:00+00:00,118495.700000
2024-04-11T14:14:00+00:00,117496.820000
2024-04-11T14:14:00+00:00,117487.940000
2024-04-11T15:19:00+00:00,116003.060000
2024-04-12T13:54:00+00:00,115993.440000
2024-04-12T14:09:00+00:00,114605.820000
2024-04-15T14:09:00+00:00,114600.640000
2024-04-15T16:39:00+00:00,115482.670000
2024-04-15T17:29:00+00:00,117444.710000
2024-04-16T13:59:00+00:00,117436.570000
2024-04-16T14:39:00+00:00,116036.930000
2024-04-17T13:49:00+00:00,116027.310000
2024-04-17T14:14:00+00:00,117003.870000
2024-04-17T14:54:00+00:00,118906.190000
2024-04-17T15:09:00+00:00,118898.050000
2024-04-17T15:34:00+00:00,117448.910000
2024-04-18T14:39:00+00:00,117445.210000
2024-04-18T17:24:00+00:00,116136.510000
2024-04-19T08:24:00+00:00,116129.850000
2024-04-19T12:34:00+00:00,117059.890000
2024-04-19T13:39:00+00:00,117053.690000
2024-04-19T14:14:00+00:00,117047.770000
2024-04-19T16:09:00+00:00,118121.810000
2024-04-19T18:39:00+00:00,119913.850000
2024-04-22T13:49:00+00:00,119905.710000
2024-04-22T14:09:00+00:00,118484.070000
2024-04-23T13:49:00+00:00,118476.670000
2024-04-23T14:34:00+00:00,119564.220000
2024-04-23T20:09:00+00:00,121040.520000
2024-04-24T06:24:00+00:00,121018.320000
2024-04-24T07:19:00+00:00,119886.120000
2024-04-24T13:34:00+00:00,119870.580000
2024-04-24T13:49:00+00:00,120928.180000
2024-04-24T13:59:00+00:00,120914.540000
2024-04-24T14:39:00+00:00,120907.880000
2024-04-24T16:14:00+00:00,121825.920000
2024-04-24T20:09:00+00:00,123304.720000
2024-04-25T13:49:00+00:00,123292.880000
2024-04-25T14:14:00+00:00,123287.700000
2024-04-25T14:19:00+00:00,124379.780000
2024-04-25T14:54:00+00:00,124369.860000
2024-04-25T17:49:00+00:00,125294.640000
2024-04-25T20:04:00+00:00,127351.680000
2024-04-26T13:54:00+00:00,127346.500000
2024-04-26T20:09:00+00:00,128111.320000
2024-04-29T07:59:00+00:00,128089.860000
2024-04-29T09:54:00+00:00,126473.400000
2024-04-29T19:04:00+00:00,126469.700000
2024-04-29T20:09:00+00:00,125448.500000
2024-04-30T15:04:00+00:00,125440.360000
2024-04-30T16:34:00+00:00,126497.910000
2024-04-30T19:54:00+00:00,128615.970000
2024-05-01T14:04:00+00:00,128607.830000
2024-05-01T18:04:00+00:00,127070.690000
2024-05-02T13:49:00+00:00,127065.510000
2024-05-02T14:29:00+00:00,126965.830000
2024-05-02T14:29:00+00:00,126960.650000
2024-05-02T18:54:00+00:00,127977.680000
2024-05-02T20:09:00+00:00,129340.720000
2024-05-03T06:19:00+00:00,129318.520000
2024-05-03T07:09:00+00:00,128171.320000
2024-05-03T13:49:00+00:00,128163.920000
2024-05-03T14:14:00+00:00,126636.520000
2024-05-06T07:44:00+00:00,126621.720000
2024-05-06T08:19:00+00:00,126614.320000
2024-05-06T10:34:00+00:00,127008.120000
2024-05-06T13:39:00+00:00,128178.220000
2024-05-06T13:59:00+00:00,128169.340000
2024-05-06T14:04:00+00:00,129093.140000
2024-05-06T19:49:00+00:00,131833.240000
2024-05-06T20:09:00+00:00,133768.360000
2024-05-07T13:59:00+00:00,133754.300000
2024-05-07T14:59:00+00:00,132106.240000
2024-05-08T13:49:00+00:00,132098.840000
2024-05-08T20:09:00+00:00,132391.440000
2024-05-09T13:49:00+00:00,132384.780000
2024-05-09T14:39:00+00:00,130762.620000
2024-05-10T08:24:00+00:00,130746.340000
2024-05-10T13:39:00+00:00,131917.950000
2024-05-10T13:49:00+00:00,131911.290000
2024-05-10T14:19:00+00:00,131897.650000
2024-05-10T14:19:00+00:00,130360.990000
2024-05-13T12:49:00+00:00,130342.490000
2024-05-13T13:34:00+00:00,128736.490000
2024-05-13T13:49:00+00:00,128729.090000
2024-05-13T20:09:00+00:00,128216.690000
2024-05-14T14:24:00+00:00,128209.290000
2024-05-14T20:09:00+00:00,129526.890000
2024-05-15T13:49:00+00:00,129516.530000
2024-05-15T14:19:00+00:00,127910.170000
2024-05-16T07:24:00+00:00,127887.970000
2024-05-16T12:34:00+00:00,126515.770000
2024-05-16T13:49:00+00:00,126498.010000
2024-05-16T15:04:00+00:00,127668.130000
2024-05-16T17:24:00+00:00,127653.250000
2024-05-17T13:49:00+00:00,127633.270000
2024-05-17T14:34:00+00:00,126006.790000
2024-05-20T08:54:00+00:00,125984.590000
2024-05-20T10:04:00+00:00,126378.490000
2024-05-20T12:44:00+00:00,126359.890000
2024-05-20T13:39:00+00:00,126340.650000
2024-05-20T13:54:00+00:00,126337.690000
2024-05-20T13:59:00+00:00,127478.570000
2024-05-20T20:09:00+00:00,128664.950000
2024-05-20T20:09:00+00:00,128687.990000
2024-05-21T13:39:00+00:00,128665.790000
2024-05-21T14:39:00+00:00,129858.440000
2024-05-21T19:54:00+00:00,132656.090000
2024-05-22T07:24:00+00:00,132633.890000
2024-05-22T07:29:00+00:00,131921.690000
2024-05-22T15:04:00+00:00,131907.630000
2024-05-22T17:39:00+00:00,130316.570000
2024-05-23T13:49:00+00:00,130308.430000
2024-05-23T14:19:00+00:00,130652.290000
2024-05-23T14:19:00+00:00,130641.930000
2024-05-23T14:54:00+00:00,129070.570000
2024-05-24T14:04:00+00:00,129058.730000
2024-05-24T14:59:00+00:00,130228.810000
2024-05-24T15:14:00+00:00,132182.890000
2024-05-27T15:04:00+00:00,132165.870000
2024-05-28T08:19:00+00:00,133329.230000
2024-05-28T11:04:00+00:00,133314.350000
2024-05-28T13:49:00+00:00,133307.690000
2024-05-28T15:34:00+00:00,131690.030000
2024-05-29T08:09:00+00:00,131667.830000
2024-05-29T08:14:00+00:00,130805.630000
2024-05-29T08:59:00+00:00,130783.430000
2024-05-29T09:09:00+00:00,129876.230000
2024-05-29T13:54:00+00:00,129869.570000
2024-05-29T20:09:00+00:00,129003.410000
2024-05-30T07:09:00+00:00,128981.210000
2024-05-30T08:04:00+00:00,129836.360000
2024-05-30T10:39:00+00:00,131846.510000
2024-05-30T14:34:00+00:00,131839.110000
2024-05-30T19:49:00+00:00,133061.660000
2024-05-30T20:09:00+00:00,134295.460000
2024-05-31T13:54:00+00:00,134288.800000
2024-05-31T14:34:00+00:00,135335.840000
2024-05-31T15:34:00+00:00,137519.640000
2024-06-03T13:54:00+00:00,137509.280000
2024-06-03T14:54:00+00:00,138774.600000
2024-06-03T16:14:00+00:00,140886.920000
2024-06-04T14:14:00+00:00,140878.040000
2024-06-04T14:44:00+00:00,139135.160000
2024-06-05T07:24:00+00:00,139112.960000
2024-06-05T08:44:00+00:00,139878.110000
2024-06-05T09:54:00+00:00,141678.260000
2024-06-05T13:59:00+00:00,141663.460000
2024-06-05T14:04:00+00:00,139878.660000
2024-06-06T12:59:00+00:00,139860.160000
2024-06-06T13:49:00+00:00,138491.660000
2024-06-06T13:49:00+00:00,138479.080000
2024-06-06T20:09:00+00:00,138543.000000
2024-06-07T08:14:00+00:00,138520.800000
2024-06-07T08:54:00+00:00,137268.600000
2024-06-07T13:54:00+00:00,137258.980000
2024-06-07T17:24:00+00:00,138375.040000
2024-06-07T18:09:00+00:00,138366.360000
2024-06-10T14:29:00+00:00,138355.260000
2024-06-10T16:19:00+00:00,139547.080000
2024-06-10T18:34:00+00:00,139537.160000
2024-06-11T13:49:00+00:00,139529.020000
2024-06-11T14:09:00+00:00,138629.880000
2024-06-11T14:09:00+00:00,138618.780000
2024-06-11T17:19:00+00:00,139826.350000
2024-06-11T20:09:00+00:00,142772.430000
2024-06-12T13:49:00+00:00,142767.250000
2024-06-12T20:09:00+00:00,142580.070000
2024-06-13T14:14:00+00:00,142571.930000
2024-06-13T20:09:00+00:00,142024.790000
2024-06-14T07:34:00+00:00,142005.550000
2024-06-14T08:09:00+00:00,140257.310000
2024-06-14T08:19:00+00:00,140239.550000
2024-06-14T09:09:00+00:00,138505.790000
2024-06-14T13:49:00+00:00,138496.170000
2024-06-14T20:09:00+00:00,140111.550000
2024-06-17T13:49:00+00:00,140101.930000
2024-06-17T14:14:00+00:00,138402.310000
2024-06-18T13:49:00+00:00,138388.250000
2024-06-18T17:49:00+00:00,136692.690000
2024-06-19T14:34:00+00:00,136670.490000
2024-06-20T00:54:00+00:00,135028.290000
2024-06-20T13:49:00+00:00,135015.710000
2024-06-20T14:09:00+00:00,133379.630000
2024-06-20T14:09:00+00:00,133371.490000
2024-06-20T16:24:00+00:00,134414.040000
2024-06-20T16:34:00+00:00,136502.100000
2024-06-21T13:49:00+00:00,136493.220000
2024-06-21T15:19:00+00:00,134780.340000
2024-06-24T07:09:00+00:00,134767.760000
2024-06-24T09:49:00+00:00,133080.680000
2024-06-24T13:39:00+00:00,133065.880000
2024-06-24T13:44:00+00:00,131421.080000
2024-06-24T13:49:00+00:00,131415.160000
2024-06-24T14:04:00+00:00,129885.240000
2024-06-24T15:04:00+00:00,129870.440000
2024-06-24T16:59:00+00:00,128235.640000
2024-06-25T14:04:00+00:00,128228.980000
2024-06-25T20:09:00+00:00,129806.320000
2024-06-26T07:29:00+00:00,129790.040000
2024-06-26T10:19:00+00:00,128167.760000
2024-06-26T13:49:00+00:00,128158.140000
2024-06-26T15:14:00+00:00,126621.020000
2024-06-27T14:14:00+00:00,126616.580000
2024-06-27T15:29:00+00:00,125154.140000
2024-06-28T07:14:00+00:00,125131.940000
2024-06-28T12:19:00+00:00,125998.340000
2024-06-28T12:34:00+00:00,128034.740000
2024-06-28T13:49:00+00:00,128028.080000
2024-06-28T14:14:00+00:00,129063.120000
2024-06-28T14:59:00+00:00,129056.920000
2024-07-01T08:14:00+00:00,129043.600000
2024-07-01T08:44:00+00:00,127437.280000
2024-07-01T13:49:00+00:00,127432.840000
2024-07-01T14:09:00+00:00,126756.400000
2024-07-01T14:09:00+00:00,126749.000000
2024-07-01T14:14:00+00:00,125241.600000
2024-07-02T14:39:00+00:00,125237.160000
2024-07-02T20:09:00+00:00,127005.720000
2024-07-03T07:19:00+00:00,126983.520000
2024-07-03T07:49:00+00:00,126091.320000
2024-07-03T13:49:00+00:00,126080.220000
2024-07-03T15:19:00+00:00,127167.040000
2024-07-03T16:14:00+00:00,129241.120000
2024-07-04T13:49:00+00:00,129218.920000
2024-07-05T00:44:00+00:00,128026.720000
2024-07-05T13:59:00+00:00,128019.320000
2024-07-05T17:34:00+00:00,129118.120000
2024-07-05T20:09:00+00:00,130041.920000
2024-07-08T15:24:00+00:00,130031.560000
2024-07-08T20:09:00+00:00,130735.200000
2024-07-09T14:24:00+00:00,130722.620000
2024-07-09T16:49:00+00:00,131820.700000
2024-07-09T20:09:00+00:00,132592.540000
2024-07-10T13:49:00+00:00,132581.440000
2024-07-10T15:04:00+00:00,130980.340000
2024-07-11T13:54:00+00:00,130971.460000
2024-07-11T14:19:00+00:00,132155.020000
2024-07-11T14:24:00+00:00,134130.580000
2024-07-12T13:49:00+00:00,134121.700000
2024-07-12T14:39:00+00:00,135363.760000
2024-07-12T17:29:00+00:00,137436.820000
2024-07-15T08:09:00+00:00,137414.620000
2024-07-15T12:04:00+00:00,135682.420000
2024-07-15T14:09:00+00:00,135674.280000
2024-07-15T15:19:00+00:00,136761.830000
2024-07-15T15:49:00+00:00,136754.390000
2024-07-16T13:49:00+00:00,136746.990000
2024-07-16T16:19:00+00:00,137977.040000
2024-07-16T19:54:00+00:00,137970.840000
2024-07-17T13:59:00+00:00,137962.700000
2024-07-17T14:14:00+00:00,139046.500000
2024-07-17T16:29:00+00:00,141217.060000
2024-07-18T13:54:00+00:00,141211.880000
2024-07-18T14:59:00+00:00,141679.200000
2024-07-18T14:59:00+00:00,141669.580000
2024-07-18T15:09:00+00:00,139904.960000
2024-07-19T07:59:00+00:00,139894.600000
2024-07-19T10:09:00+00:00,141144.170000
2024-07-19T14:14:00+00:00,141133.810000
2024-07-19T14:29:00+00:00,139408.450000
2024-07-19T14:29:00+00:00,139462.770000
2024-07-19T14:29:00+00:00,139459.070000
2024-07-19T20:09:00+00:00,140487.870000
2024-07-22T13:49:00+00:00,140483.430000
2024-07-22T15:19:00+00:00,138816.990000
2024-07-23T15:14:00+00:00,138811.810000
2024-07-23T15:19:00+00:00,138807.370000
2024-07-23T16:24:00+00:00,137305.930000
2024-07-23T16:59:00+00:00,135624.250000
2024-07-24T13:59:00+00:00,135620.550000
2024-07-24T18:24:00+00:00,136469.570000
2024-07-24T20:09:00+00:00,138049.850000
2024-07-25T06:24:00+00:00,138027.650000
2024-07-25T06:44:00+00:00,139186.550000
2024-07-25T07:09:00+00:00,139167.950000
2024-07-25T13:54:00+00:00,139163.510000
2024-07-25T14:14:00+00:00,140288.540000
2024-07-25T14:39:00+00:00,140284.820000
2024-07-26T13:49:00+00:00,140278.900000
2024-07-26T14:04:00+00:00,138616.980000
2024-07-29T06:59:00+00:00,138594.780000
2024-07-29T07:04:00+00:00,137687.580000
2024-07-29T13:44:00+00:00,137680.920000
2024-07-29T13:59:00+00:00,137676.480000
2024-07-29T14:14:00+00:00,136058.820000
2024-07-29T14:59:00+00:00,134413.380000
2024-07-30T06:34:00+00:00,134405.980000
2024-07-30T13:49:00+00:00,135373.580000
2024-07-30T13:49:00+00:00,135364.700000
2024-07-30T14:34:00+00:00,136557.260000
2024-07-30T15:04:00+00:00,138547.820000
2024-07-31T08:29:00+00:00,138533.760000
2024-07-31T12:19:00+00:00,139755.600000
2024-07-31T13:29:00+00:00,142933.200000
2024-07-31T14:09:00+00:00,142928.760000
2024-07-31T20:09:00+00:00,144128.040000
2024-07-31T20:09:00+00:00,144971.820000
2024-08-01T07:14:00+00:00,144951.100000
2024-08-01T07:59:00+00:00,143110.380000
2024-08-01T13:39:00+00:00,143097.800000
2024-08-01T13:49:00+00:00,144291.880000
2024-08-01T13:49:00+00:00,144287.440000
2024-08-01T14:09:00+00:00,144276.280000
2024-08-01T14:24:00+00:00,142531.840000
2024-08-02T13:44:00+00:00,142528.880000
2024-08-02T14:09:00+00:00,140983.920000
2024-08-02T14:09:00+00:00,140981.700000
2024-08-02T20:09:00+00:00,140524.980000
2024-08-05T13:49:00+00:00,140523.500000
2024-08-05T20:09:00+00:00,141483.020000
2024-08-06T14:04:00+00:00,141480.060000
2024-08-06T20:09:00+00:00,141305.100000
2024-08-07T07:39:00+00:00,141295.480000
2024-08-07T07:54:00+00:00,139556.860000
2024-08-07T14:29:00+00:00,139550.940000
2024-08-07T14:49:00+00:00,137833.020000
2024-08-08T06:24:00+00:00,137826.360000
2024-08-08T07:29:00+00:00,136199.700000
2024-08-08T13:49:00+00:00,136196.000000
2024-08-08T14:04:00+00:00,134757.300000
2024-08-09T13:49:00+00:00,134750.640000
2024-08-09T14:14:00+00:00,133222.980000
2024-08-12T07:34:00+00:00,133205.220000
2024-08-12T07:54:00+00:00,134402.340000
2024-08-12T08:59:00+00:00,134387.460000
2024-08-12T13:49:00+00:00,134383.020000
2024-08-12T14:14:00+00:00,133091.580000
2024-08-12T14:14:00+00:00,133084.920000
2024-08-12T20:09:00+00:00,132700.260000
2024-08-13T13:49:00+00:00,132693.600000
2024-08-13T16:44:00+00:00,133725.640000
2024-08-13T20:09:00+00:00,135878.190000
2024-08-14T13:54:00+00:00,135874.490000
2024-08-14T15:54:00+00:00,134403.290000
2024-08-15T06:44:00+00:00,134384.050000
2024-08-15T08:34:00+00:00,132726.810000
2024-08-15T13:49:00+00:00,132718.670000
2024-08-15T15:19:00+00:00,133809.970000
2024-08-15T18:09:00+00:00,135995.530000
2024-08-16T14:09:00+00:00,135988.130000
2024-08-16T20:09:00+00:00,137195.730000
2024-08-19T13:49:00+00:00,137185.370000
2024-08-19T14:04:00+00:00,135509.010000
2024-08-20T06:44:00+00:00,135489.770000
2024-08-20T08:39:00+00:00,133806.530000
2024-08-20T13:49:00+00:00,133797.650000
2024-08-20T14:19:00+00:00,132222.770000
2024-08-21T13:54:00+00:00,132210.930000
2024-08-21T14:39:00+00:00,133441.010000
2024-08-21T14:39:00+00:00,133431.090000
2024-08-22T14:04:00+00:00,133422.210000
2024-08-22T14:49:00+00:00,134578.770000
2024-08-22T15:34:00+00:00,136509.330000
2024-08-23T13:54:00+00:00,136493.790000
2024-08-23T14:04:00+00:00,137678.890000
2024-08-23T14:04:00+00:00,137665.250000
2024-08-23T14:04:00+00:00,137660.810000
2024-08-23T14:49:00+00:00,135982.370000
2024-08-26T13:49:00+00:00,135974.230000
2024-08-26T14:19:00+00:00,137043.030000
2024-08-26T14:34:00+00:00,139183.590000
2024-08-27T13:54:00+00:00,139176.930000
2024-08-27T20:09:00+00:00,140943.270000
2024-08-28T07:59:00+00:00,140921.070000
2024-08-28T08:14:00+00:00,139758.870000
2024-08-28T13:49:00+00:00,139752.950000
2024-08-28T15:14:00+00:00,141021.990000
2024-08-28T18:04:00+00:00,143139.030000
2024-08-29T13:49:00+00:00,143134.590000
2024-08-29T18:34:00+00:00,141477.150000
2024-08-30T07:24:00+00:00,141454.950000
2024-08-30T07:39:00+00:00,142658.850000
2024-08-30T13:34:00+00:00,145482.750000
2024-08-30T13:54:00+00:00,145473.130000
2024-08-30T14:59:00+00:00,143682.510000
2024-09-02T14:09:00+00:00,143664.010000
2024-09-02T14:39:00+00:00,141858.010000
2024-09-02T14:39:00+00:00,141835.810000
2024-09-02T22:49:00+00:00,140118.610000
2024-09-03T13:54:00+00:00,140114.170000
2024-09-03T17:14:00+00:00,141387.700000
2024-09-03T19:44:00+00:00,143511.730000
2024-09-04T07:14:00+00:00,143493.230000
2024-09-04T09:49:00+00:00,144726.350000
2024-09-04T10:19:00+00:00,144710.230000
2024-09-04T13:49:00+00:00,144705.050000
2024-09-04T14:04:00+00:00,142949.870000
2024-09-05T07:14:00+00:00,142938.030000
2024-09-05T09:24:00+00:00,141222.190000
2024-09-05T13:54:00+00:00,141218.490000
2024-09-05T15:29:00+00:00,139717.290000
2024-09-06T13:59:00+00:00,139715.070000
2024-09-06T20:09:00+00:00,141506.850000
2024-09-09T13:59:00+00:00,141499.450000
2024-09-09T14:34:00+00:00,139832.050000
2024-09-10T14:14:00+00:00,139826.870000
2024-09-10T14:34:00+00:00,139310.690000
2024-09-10T14:34:00+00:00,139300.330000
2024-09-10T14:54:00+00:00,137616.970000
2024-09-11T08:54:00+00:00,137594.770000
2024-09-11T09:54:00+00:00,138641.170000
2024-09-11T12:29:00+00:00,141097.570000
2024-09-11T13:09:00+00:00,141093.870000
2024-09-11T13:54:00+00:00,140097.670000
2024-09-11T13:54:00+00:00,140092.490000
2024-09-11T14:34:00+00:00,141093.770000
2024-09-11T15:44:00+00:00,141088.810000
2024-09-12T07:34:00+00:00,141074.750000
2024-09-12T08:04:00+00:00,139312.690000
2024-09-12T13:49:00+00:00,139305.290000
2024-09-12T14:14:00+00:00,137682.890000
2024-09-12T14:19:00+00:00,137678.450000
2024-09-12T20:09:00+00:00,138679.010000
2024-09-13T14:09:00+00:00,138673.830000
2024-09-13T20:09:00+00:00,138843.650000
2024-09-16T13:54:00+00:00,138838.470000
2024-09-16T14:34:00+00:00,137230.290000
2024-09-17T13:49:00+00:00,137222.890000
2024-09-17T14:49:00+00:00,135620.490000
2024-09-18T14:19:00+00:00,135611.610000
2024-09-18T18:04:00+00:00,133904.730000
2024-09-19T13:54:00+00:00,133896.590000
2024-09-19T14:19:00+00:00,132309.950000
2024-09-20T13:59:00+00:00,132302.550000
2024-09-20T15:19:00+00:00,133510.100000
2024-09-20T16:09:00+00:00,133503.900000
2024-09-23T13:49:00+00:00,133495.020000
2024-09-23T13:54:00+00:00,133484.660000
2024-09-23T17:04:00+00:00,131813.780000
2024-09-23T17:04:00+00:00,130144.420000
2024-09-24T13:59:00+00:00,130135.540000
2024-09-24T14:04:00+00:00,131296.600000
2024-09-24T14:04:00+00:00,131289.160000
2024-09-25T13:39:00+00:00,131277.320000
2024-09-25T13:59:00+00:00,131271.400000
2024-09-25T14:14:00+00:00,132465.480000
2024-09-25T15:54:00+00:00,132455.560000
2024-09-25T17:04:00+00:00,130941.640000
2024-09-26T13:54:00+00:00,130935.720000
2024-09-26T14:54:00+00:00,132135.760000
2024-09-26T20:09:00+00:00,132598.800000
2024-09-27T14:19:00+00:00,132592.880000
2024-09-27T20:09:00+00:00,133830.960000
2024-09-30T14:14:00+00:00,133824.300000
2024-09-30T19:59:00+00:00,132166.140000
2024-10-01T13:49:00+00:00,132163.920000
2024-10-01T20:09:00+00:00,132472.200000
2024-10-02T13:54:00+00:00,132464.800000
2024-10-02T14:19:00+00:00,132461.100000
2024-10-02T14:44:00+00:00,133679.900000
2024-10-02T20:09:00+00:00,134978.700000
2024-10-02T20:09:00+00:00,135362.500000
2024-10-03T13:39:00+00:00,135348.440000
2024-10-03T13:54:00+00:00,135343.260000
2024-10-03T13:59:00+00:00,136524.600000
2024-10-03T14:24:00+00:00,136512.200000
2024-10-03T17:04:00+00:00,134865.520000
2024-10-04T07:19:00+00:00,134849.980000
2024-10-04T11:34:00+00:00,136020.080000
2024-10-04T12:34:00+00:00,139034.190000
2024-10-04T13:54:00+00:00,139027.530000
2024-10-04T14:14:00+00:00,140098.570000
2024-10-04T15:04:00+00:00,140092.370000
2024-10-07T13:14:00+00:00,140081.270000
2024-10-07T13:54:00+00:00,139125.170000
2024-10-07T13:54:00+00:00,139114.810000
2024-10-07T14:19:00+00:00,137452.450000
2024-10-08T13:54:00+00:00,137443.570000
2024-10-08T14:44:00+00:00,138681.130000
2024-10-08T19:34:00+00:00,140746.690000
2024-10-09T06:54:00+00:00,140724.490000
2024-10-09T07:14:00+00:00,139442.290000
2024-10-09T14:14:00+00:00,139432.670000
2024-10-09T15:24:00+00:00,140553.230000
2024-10-09T18:29:00+00:00,142735.550000
2024-10-10T13:49:00+00:00,142727.410000
2024-10-10T14:09:00+00:00,140997.770000
2024-10-11T13:49:00+00:00,140982.970000
2024-10-11T14:14:00+00:00,142273.070000
2024-10-11T14:29:00+00:00,144428.170000
2024-10-14T13:49:00+00:00,144421.510000
2024-10-14T15:04:00+00:00,142650.850000
2024-10-15T14:14:00+00:00,142642.710000
2024-10-15T14:34:00+00:00,143790.260000
2024-10-15T14:39:00+00:00,146088.320000
2024-10-16T07:39:00+00:00,146075.000000
2024-10-16T13:34:00+00:00,144243.680000
2024-10-16T13:59:00+00:00,144239.240000
2024-10-16T14:14:00+00:00,143274.800000
2024-10-16T14:14:00+00:00,143265.180000
2024-10-16T20:09:00+00:00,144042.060000
2024-10-17T14:04:00+00:00,144039.100000
2024-10-17T20:09:00+00:00,143992.140000
2024-10-18T13:49:00+00:00,143982.520000
2024-10-18T14:09:00+00:00,143974.380000
2024-10-18T20:09:00+00:00,144965.760000
2024-10-18T20:09:00+00:00,144468.120000
2024-10-21T13:49:00+00:00,144458.500000
2024-10-21T14:44:00+00:00,142693.880000
2024-10-22T13:54:00+00:00,142687.220000
2024-10-22T14:59:00+00:00,142682.040000
2024-10-22T18:04:00+00:00,143792.080000
2024-10-22T20:09:00+00:00,144425.880000
2024-10-22T20:09:00+00:00,144893.200000
2024-10-23T14:04:00+00:00,144885.060000
2024-10-23T16:29:00+00:00,146066.360000
2024-10-23T17:14:00+00:00,148431.920000
2024-10-24T07:09:00+00:00,148410.460000
2024-10-24T08:14:00+00:00,149702.100000
2024-10-24T13:34:00+00:00,149683.500000
2024-10-24T13:49:00+00:00,149674.620000
2024-10-24T14:04:00+00:00,147883.740000
2024-10-25T07:14:00+00:00,147865.240000
2024-10-25T11:49:00+00:00,149161.360000
2024-10-25T13:34:00+00:00,152450.490000
2024-10-25T13:49:00+00:00,152445.310000
2024-10-25T17:44:00+00:00,150693.630000
2024-10-28T08:24:00+00:00,150671.430000
2024-10-28T12:04:00+00:00,148774.230000
2024-10-28T13:54:00+00:00,148766.830000
2024-10-28T20:09:00+00:00,149504.430000
2024-10-29T14:04:00+00:00,149497.770000
2024-10-29T17:04:00+00:00,150676.810000
2024-10-29T20:09:00+00:00,152738.110000
2024-10-30T14:19:00+00:00,152732.930000
2024-10-30T19:54:00+00:00,150816.750000
2024-10-31T13:49:00+00:00,150813.790000
2024-10-31T20:09:00+00:00,151788.830000
2024-11-01T13:39:00+00:00,151776.990000
2024-11-01T13:59:00+00:00,151771.070000
2024-11-01T14:14:00+00:00,153109.150000
2024-11-01T20:09:00+00:00,153839.230000
2024-11-01T20:09:00+00:00,153773.310000
2024-11-04T14:49:00+00:00,153764.430000
2024-11-04T15:19:00+00:00,153759.990000
2024-11-04T17:09:00+00:00,151897.110000
2024-11-04T21:09:00+00:00,151298.670000
2024-11-05T14:49:00+00:00,151292.010000
2024-11-05T16:14:00+00:00,151288.310000
2024-11-05T21:09:00+00:00,153441.650000
2024-11-05T21:09:00+00:00,154207.950000
2024-11-06T14:54:00+00:00,154203.510000
2024-11-06T15:34:00+00:00,152429.070000
2024-11-07T14:59:00+00:00,152422.410000
2024-11-07T21:09:00+00:00,154764.750000
2024-11-08T15:09:00+00:00,154752.170000
2024-11-08T15:24:00+00:00,154561.090000
2024-11-08T15:24:00+00:00,154542.590000
2024-11-08T18:34:00+00:00,155865.710000
2024-11-08T21:09:00+00:00,156987.090000
2024-11-11T14:49:00+00:00,156979.690000
2024-11-11T21:09:00+00:00,156237.290000
2024-11-12T07:54:00+00:00,156215.090000
2024-11-12T09:54:00+00:00,154317.890000
2024-11-12T16:09:00+00:00,154306.790000
2024-11-12T17:59:00+00:00,155577.360000
2024-11-12T18:59:00+00:00,155567.440000
2024-11-13T14:49:00+00:00,155554.860000
2024-11-13T17:09:00+00:00,153689.280000
2024-11-14T15:19:00+00:00,153684.100000
2024-11-14T15:34:00+00:00,152891.420000
2024-11-14T15:34:00+00:00,152877.360000
2024-11-14T17:34:00+00:00,151001.300000
2024-11-15T15:04:00+00:00,150994.640000
2024-11-15T16:54:00+00:00,152215.680000
2024-11-15T18:59:00+00:00,154761.980000
2024-11-18T14:54:00+00:00,154749.400000
2024-11-18T15:04:00+00:00,152798.820000
2024-11-18T15:09:00+00:00,152786.980000
2024-11-18T15:34:00+00:00,154149.060000
2024-11-18T21:09:00+00:00,154875.140000
2024-11-19T07:29:00+00:00,154852.940000
2024-11-19T08:04:00+00:00,155449.340000
2024-11-19T08:14:00+00:00,155430.740000
2024-11-19T15:29:00+00:00,155423.340000
2024-11-19T18:39:00+00:00,156837.140000
2024-11-19T21:09:00+00:00,158675.940000
2024-11-20T14:59:00+00:00,158671.500000
2024-11-20T20:59:00+00:00,156960.060000
2024-11-21T15:04:00+00:00,156957.840000
2024-11-21T15:19:00+00:00,156540.120000
2024-11-21T15:19:00+00:00,156531.240000
2024-11-21T15:24:00+00:00,154698.360000
2024-11-22T15:14:00+00:00,154690.960000
2024-11-22T15:44:00+00:00,153203.560000
2024-11-22T15:44:00+00:00,153195.420000
2024-11-22T16:24:00+00:00,151350.280000
2024-11-25T07:14:00+00:00,151328.080000
2024-11-25T07:34:00+00:00,150630.880000
2024-11-25T14:44:00+00:00,150623.480000
2024-11-25T14:54:00+00:00,148771.080000
2024-11-25T14:54:00+00:00,148766.640000
2024-11-25T21:09:00+00:00,149155.200000
2024-11-26T14:39:00+00:00,149141.880000
2024-11-26T14:49:00+00:00,149133.740000
2024-11-26T15:04:00+00:00,147302.420000
2024-11-26T15:04:00+00:00,145572.780000
2024-11-27T14:19:00+00:00,145554.280000
2024-11-27T14:34:00+00:00,143723.280000
2024-11-27T14:54:00+00:00,143716.620000
2024-11-27T16:54:00+00:00,144883.660000
2024-11-27T21:09:00+00:00,145187.460000
2024-11-28T15:19:00+00:00,145165.260000
2024-11-28T23:04:00+00:00,143898.060000
2024-11-29T14:09:00+00:00,143880.300000
2024-11-29T14:34:00+00:00,142122.540000
2024-11-29T14:44:00+00:00,142111.440000
2024-11-29T14:54:00+00:00,142104.780000
2024-11-29T15:14:00+00:00,143312.350000
2024-12-02T13:19:00+00:00,144401.390000
2024-12-02T14:34:00+00:00,147629.470000
2024-12-02T14:39:00+00:00,149900.770000
2024-12-02T14:49:00+00:00,149895.590000
2024-12-02T21:09:00+00:00,151041.910000
2024-12-03T07:19:00+00:00,151019.710000
2024-12-03T08:09:00+00:00,151447.360000
2024-12-03T08:14:00+00:00,151428.760000
2024-12-03T15:04:00+00:00,151419.880000
2024-12-03T21:09:00+00:00,153565.000000
2024-12-04T15:09:00+00:00,153550.940000
2024-12-04T19:34:00+00:00,154867.280000
2024-12-04T21:09:00+00:00,156594.880000
2024-12-05T08:19:00+00:00,156572.680000
2024-12-05T12:59:00+00:00,157461.580000
2024-12-05T14:49:00+00:00,157922.980000
2024-12-05T14:49:00+00:00,157901.520000
2024-12-05T17:14:00+00:00,155951.560000
2024-12-06T14:49:00+00:00,155944.900000
2024-12-06T21:09:00+00:00,156883.240000
2024-12-09T07:29:00+00:00,156861.040000
2024-12-09T07:39:00+00:00,157716.190000
2024-12-09T09:09:00+00:00,157697.590000
2024-12-09T14:49:00+00:00,157686.490000
2024-12-09T14:54:00+00:00,157675.390000
2024-12-09T15:29:00+00:00,155789.290000
2024-12-09T15:29:00+00:00,153865.690000
2024-12-10T15:04:00+00:00,153856.070000
2024-12-10T15:59:00+00:00,151967.950000
2024-12-11T14:49:00+00:00,151961.290000
2024-12-11T20:19:00+00:00,153119.330000
2024-12-11T21:09:00+00:00,153995.630000
2024-12-12T08:09:00+00:00,153973.430000
2024-12-12T08:39:00+00:00,153096.230000
2024-12-12T15:09:00+00:00,153081.430000
2024-12-12T15:24:00+00:00,151196.630000
2024-12-13T15:44:00+00:00,151192.190000
2024-12-13T21:09:00+00:00,150752.750000
2024-12-16T07:54:00+00:00,150730.550000
2024-12-16T09:19:00+00:00,151630.700000
2024-12-16T12:14:00+00:00,153745.850000
2024-12-16T14:54:00+00:00,153736.230000
2024-12-16T17:39:00+00:00,155009.790000
2024-12-16T20:09:00+00:00,157489.610000
2024-12-17T14:49:00+00:00,157476.290000
2024-12-17T15:04:00+00:00,155500.970000
2024-12-17T15:04:00+00:00,155492.830000
2024-12-17T16:34:00+00:00,153620.190000
2024-12-18T15:14:00+00:00,153613.530000
2024-12-18T19:04:00+00:00,151815.870000
2024-12-19T14:54:00+00:00,151810.690000
2024-12-19T21:04:00+00:00,153016.720000
2024-12-19T21:09:00+00:00,154387.760000
2024-12-20T14:44:00+00:00,154385.540000
2024-12-20T15:14:00+00:00,154381.100000
2024-12-20T16:04:00+00:00,155791.880000
2024-12-20T16:19:00+00:00,156541.140000
2024-12-20T16:39:00+00:00,158893.920000
2024-12-20T21:09:00+00:00,160037.440000
2024-12-23T14:49:00+00:00,160030.040000
2024-12-23T16:44:00+00:00,158062.640000
2024-12-24T14:54:00+00:00,158053.760000
2024-12-24T17:54:00+00:00,159489.320000
2024-12-25T23:04:00+00:00,161884.880000
2024-12-26T14:49:00+00:00,161871.560000
2024-12-26T14:54:00+00:00,163336.400000
2024-12-26T14:54:00+00:00,163325.240000
2024-12-27T15:04:00+00:00,163323.020000
2024-12-27T21:09:00+00:00,162606.800000
2024-12-30T14:59:00+00:00,162601.620000
2024-12-30T16:24:00+00:00,160800.940000
2024-12-31T14:54:00+00:00,160790.580000
2024-12-31T15:09:00+00:00,159086.220000
2024-12-31T15:09:00+00:00,159081.040000
2024-12-31T21:09:00+00:00,160570.360000
2025-01-02T14:54:00+00:00,160563.700000
2025-01-02T15:24:00+00:00,158721.040000
2025-01-03T07:24:00+00:00,158698.840000
2025-01-03T08:04:00+00:00,159778.990000
2025-01-03T08:29:00+00:00,159760.390000
2025-01-03T16:34:00+00:00,159756.690000
2025-01-03T21:09:00+00:00,160202.990000
2025-01-06T14:34:00+00:00,160195.590000
2025-01-06T14:49:00+00:00,160188.930000
2025-01-06T18:49:00+00:00,158265.270000
2025-01-06T19:04:00+00:00,156417.870000
2025-01-07T15:04:00+00:00,156414.910000
2025-01-07T20:39:00+00:00,157632.930000
2025-01-07T21:09:00+00:00,158510.450000
2025-01-08T15:04:00+00:00,158503.050000
2025-01-08T15:14:00+00:00,156530.650000
2025-01-10T07:19:00+00:00,156508.450000
2025-01-10T09:14:00+00:00,154626.250000
2025-01-10T14:49:00+00:00,154622.550000
2025-01-10T21:09:00+00:00,154883.850000
2025-01-13T14:54:00+00:00,154877.190000
2025-01-13T14:59:00+00:00,154870.530000
2025-01-13T20:59:00+00:00,156121.570000
2025-01-13T21:04:00+00:00,157399.610000
2025-01-13T21:09:00+00:00,159030.910000
2025-01-13T21:09:00+00:00,160732.210000
2025-01-14T14:54:00+00:00,160726.290000
2025-01-14T15:14:00+00:00,159532.370000
2025-01-14T15:14:00+00:00,159524.970000
2025-01-14T15:39:00+00:00,157567.570000
2025-01-14T15:49:00+00:00,157557.210000
2025-01-14T16:04:00+00:00,155607.850000
2025-01-15T08:34:00+00:00,155588.610000
2025-01-15T11:49:00+00:00,157031.740000
2025-01-15T13:34:00+00:00,160411.870000
2025-01-15T14:49:00+00:00,160407.430000
2025-01-15T21:09:00+00:00,160729.990000
2025-01-16T14:49:00+00:00,160724.070000
2025-01-16T21:09:00+00:00,163162.150000
2025-01-17T07:54:00+00:00,163139.950000
2025-01-17T08:54:00+00:00,164006.350000
2025-01-17T09:19:00+00:00,166042.750000
2025-01-17T18:14:00+00:00,166038.310000
2025-01-17T21:09:00+00:00,165298.870000
2025-01-20T13:39:00+00:00,165288.510000
2025-01-20T14:34:00+00:00,166763.830000
2025-01-20T15:19:00+00:00,167896.150000
2025-01-20T15:19:00+00:00,167885.050000
2025-01-21T00:54:00+00:00,169286.870000
2025-01-21T00:54:00+00:00,171960.950000
2025-01-21T14:54:00+00:00,171955.770000
2025-01-21T17:44:00+00:00,170060.590000
2025-01-22T07:14:00+00:00,170038.390000
2025-01-22T08:19:00+00:00,170544.790000
2025-01-22T08:59:00+00:00,171741.190000
2025-01-22T14:49:00+00:00,171732.310000
2025-01-22T21:09:00+00:00,171795.430000
2025-01-23T09:29:00+00:00,171773.230000
2025-01-23T13:34:00+00:00,172965.880000
2025-01-23T14:34:00+00:00,172947.280000
2025-01-23T15:34:00+00:00,172933.220000
2025-01-23T20:54:00+00:00,174398.060000
2025-01-23T21:09:00+00:00,176360.660000
2025-01-24T14:49:00+00:00,176348.080000
2025-01-24T15:19:00+00:00,174159.500000
2025-01-27T14:49:00+00:00,174155.800000
2025-01-27T19:54:00+00:00,172189.600000
2025-01-28T14:59:00+00:00,172180.720000
2025-01-28T15:04:00+00:00,172177.020000
2025-01-28T15:24:00+00:00,173693.580000
2025-01-28T18:19:00+00:00,177238.140000
2025-01-28T21:09:00+00:00,179329.440000
2025-01-29T15:44:00+00:00,179323.520000
2025-01-29T21:09:00+00:00,179465.600000
2025-01-30T14:49:00+00:00,179459.680000
2025-01-30T14:54:00+00:00,179453.760000
2025-01-30T15:04:00+00:00,177219.840000
2025-01-30T15:04:00+00:00,175205.920000
2025-01-31T08:24:00+00:00,175191.860000
2025-01-31T09:09:00+00:00,175183.720000
2025-01-31T14:19:00+00:00,174653.080000
2025-01-31T14:54:00+00:00,174644.940000
2025-01-31T14:59:00+00:00,176130.030000
2025-01-31T18:34:00+00:00,176117.630000
2025-01-31T18:34:00+00:00,174074.490000
2025-02-03T15:04:00+00:00,174069.310000
2025-02-03T15:24:00+00:00,172023.630000
2025-02-03T15:29:00+00:00,172006.610000
2025-02-03T15:44:00+00:00,173524.720000
2025-02-03T15:44:00+00:00,173509.840000
2025-02-04T14:54:00+00:00,173504.660000
2025-02-04T21:09:00+00:00,174591.480000
2025-02-05T07:49:00+00:00,174569.280000
2025-02-05T08:39:00+00:00,173137.080000
2025-02-05T15:04:00+00:00,173125.980000
2025-02-05T15:39:00+00:00,170947.380000
2025-02-06T14:49:00+00:00,170933.320000
2025-02-06T19:34:00+00:00,168838.760000
2025-02-07T15:04:00+00:00,168835.800000
2025-02-07T21:09:00+00:00,170132.840000
2025-02-10T15:04:00+00:00,170121.740000
2025-02-10T21:09:00+00:00,170523.140000
2025-02-11T15:14:00+00:00,170515.740000
2025-02-11T21:09:00+00:00,170233.340000
2025-02-12T14:49:00+00:00,170228.160000
2025-02-12T21:09:00+00:00,172431.480000
2025-02-13T09:24:00+00:00,172417.420000
2025-02-13T14:34:00+00:00,173936.260000
2025-02-13T14:39:00+00:00,173929.600000
2025-02-13T15:19:00+00:00,173923.680000
2025-02-13T15:39:00+00:00,177871.280000
2025-02-13T15:39:00+00:00,179299.320000
2025-02-13T21:09:00+00:00,181635.620000
2025-02-13T21:09:00+00:00,183485.700000
2025-02-14T15:09:00+00:00,183470.160000
2025-02-14T21:09:00+00:00,186268.620000
2025-02-17T16:04:00+00:00,186252.340000
2025-02-18T14:49:00+00:00,183915.060000
2025-02-18T14:49:00+00:00,183905.440000
2025-02-18T21:09:00+00:00,182673.820000
2025-02-19T14:49:00+00:00,182659.020000
2025-02-19T16:14:00+00:00,180394.220000
2025-02-20T14:49:00+00:00,180384.600000
2025-02-20T14:59:00+00:00,181928.160000
2025-02-20T20:54:00+00:00,181919.480000
2025-02-21T14:59:00+00:00,181911.340000
2025-02-21T15:44:00+00:00,183340.140000
2025-02-21T17:59:00+00:00,186200.700000
2025-02-24T14:54:00+00:00,186196.260000
2025-02-24T21:09:00+00:00,188387.820000
2025-02-25T08:09:00+00:00,188365.620000
2025-02-25T08:54:00+00:00,186063.420000
2025-02-25T10:09:00+00:00,186041.220000
2025-02-25T10:54:00+00:00,184024.020000
2025-02-25T14:49:00+00:00,184016.620000
2025-02-25T15:19:00+00:00,185666.670000
2025-02-25T16:34:00+00:00,188419.220000
2025-02-26T14:49:00+00:00,188409.600000
2025-02-26T16:54:00+00:00,189984.660000
2025-02-26T17:54:00+00:00,189975.980000
2025-02-27T14:54:00+00:00,189973.760000
2025-02-27T20:59:00+00:00,190896.270000
2025-02-27T21:09:00+00:00,192752.790000
2025-02-28T15:14:00+00:00,192749.090000
2025-02-28T21:09:00+00:00,194880.390000
2025-03-03T14:49:00+00:00,194875.950000
2025-03-03T18:34:00+00:00,196489.230000
2025-03-03T20:09:00+00:00,199179.510000
2025-03-04T14:59:00+00:00,199175.070000
2025-03-04T17:29:00+00:00,196791.630000
2025-03-05T15:09:00+00:00,196785.710000
2025-03-05T15:24:00+00:00,194499.790000
2025-03-06T15:04:00+00:00,194493.130000
2025-03-06T17:04:00+00:00,192128.470000
2025-03-07T07:54:00+00:00,192109.970000
2025-03-07T12:44:00+00:00,189703.970000
2025-03-07T14:49:00+00:00,189699.530000
2025-03-07T15:34:00+00:00,187640.090000
2025-03-10T06:09:00+00:00,187617.890000
2025-03-10T08:04:00+00:00,185990.690000
2025-03-10T13:54:00+00:00,185984.770000
2025-03-10T14:54:00+00:00,187643.810000
2025-03-10T18:09:00+00:00,190410.850000
2025-03-11T08:04:00+00:00,190396.790000
2025-03-11T09:04:00+00:00,192003.380000
2025-03-11T11:09:00+00:00,191990.980000
2025-03-11T13:44:00+00:00,191983.580000
2025-03-11T13:49:00+00:00,191979.880000
2025-03-11T14:04:00+00:00,189687.480000
2025-03-11T14:04:00+00:00,187663.780000
2025-03-12T13:54:00+00:00,187657.860000
2025-03-12T15:04:00+00:00,189277.900000
2025-03-12T16:09:00+00:00,189272.940000
2025-03-13T08:09:00+00:00,189253.700000
2025-03-13T08:19:00+00:00,186933.460000
2025-03-13T13:54:00+00:00,186929.020000
2025-03-13T20:09:00+00:00,188172.580000
2025-03-14T07:49:00+00:00,188150.380000
2025-03-14T08:04:00+00:00,186763.180000
2025-03-14T13:39:00+00:00,186751.340000
2025-03-14T13:54:00+00:00,186746.160000
2025-03-14T14:04:00+00:00,184486.320000
2025-03-14T14:04:00+00:00,182272.640000
2025-03-17T13:39:00+00:00,182258.580000
2025-03-17T13:49:00+00:00,180059.520000
2025-03-17T15:04:00+00:00,180055.080000
2025-03-17T18:04:00+00:00,177887.640000
2025-03-18T13:54:00+00:00,177883.940000
2025-03-18T20:09:00+00:00,177637.740000
2025-03-19T13:54:00+00:00,177631.080000
2025-03-19T18:59:00+00:00,179089.120000
2025-03-19T19:14:00+00:00,182129.170000
2025-03-20T13:39:00+00:00,182118.070000
2025-03-20T13:49:00+00:00,182112.890000
2025-03-20T14:04:00+00:00,183666.960000
2025-03-20T16:29:00+00:00,183657.040000
2025-03-20T20:09:00+00:00,183546.860000
2025-03-21T13:54:00+00:00,183539.460000
2025-03-21T16:59:00+00:00,185208.260000
2025-03-21T20:09:00+00:00,187439.560000
2025-03-24T13:49:00+00:00,187429.940000
2025-03-24T20:09:00+00:00,188811.320000
2025-03-25T14:24:00+00:00,188798.000000
2025-03-25T20:09:00+00:00,191412.680000
2025-03-26T13:49:00+00:00,191401.580000
2025-03-26T14:19:00+00:00,192976.650000
2025-03-26T15:54:00+00:00,195980.730000
2025-03-27T06:14:00+00:00,195958.530000
2025-03-27T06:49:00+00:00,195021.330000
2025-03-27T08:24:00+00:00,194999.130000
2025-03-27T10:04:00+00:00,196788.030000
2025-03-27T11:04:00+00:00,196769.430000
2025-03-27T13:59:00+00:00,196763.510000
2025-03-27T20:09:00+00:00,195553.590000
2025-03-28T13:14:00+00:00,195531.390000
2025-03-28T13:29:00+00:00,193739.190000
2025-03-28T14:04:00+00:00,193731.050000
2025-03-28T14:19:00+00:00,195257.350000
2025-03-28T14:59:00+00:00,198312.910000
2025-03-31T15:24:00+00:00,198309.210000
2025-03-31T20:09:00+00:00,200205.510000
2025-04-01T13:49:00+00:00,200197.370000
2025-04-01T14:09:00+00:00,197868.230000
2025-04-02T06:24:00+00:00,197846.030000
2025-04-02T07:09:00+00:00,195948.830000
2025-04-02T13:39:00+00:00,195926.630000
2025-04-02T13:49:00+00:00,197411.780000
2025-04-02T13:49:00+00:00,197408.820000
2025-04-02T14:04:00+00:00,200888.970000
2025-04-02T20:09:00+00:00,202278.010000
2025-04-03T14:09:00+00:00,202272.830000
2025-04-03T20:09:00+00:00,205127.150000
2025-04-04T14:14:00+00:00,205123.450000
2025-04-04T15:09:00+00:00,205432.250000
2025-04-04T15:09:00+00:00,205429.290000
2025-04-04T16:39:00+00:00,203346.330000
2025-04-07T13:54:00+00:00,203344.850000
2025-04-07T13:59:00+00:00,203342.630000
2025-04-07T14:14:00+00:00,204681.390000
2025-04-07T14:14:00+00:00,205670.650000
2025-04-07T14:14:00+00:00,205668.170000
2025-04-07T14:19:00+00:00,207899.930000
2025-04-08T13:54:00+00:00,207894.010000
2025-04-08T15:14:00+00:00,205408.090000
2025-04-09T17:04:00+00:00,205406.610000
2025-04-09T17:24:00+00:00,206879.620000
2025-04-09T18:04:00+00:00,209335.130000
2025-04-10T07:54:00+00:00,209325.510000
2025-04-10T08:24:00+00:00,206852.390000
2025-04-10T13:59:00+00:00,206847.950000
2025-04-10T15:54:00+00:00,208733.480000
2025-04-10T16:19:00+00:00,211877.510000
2025-04-11T13:49:00+00:00,211873.810000
2025-04-11T14:24:00+00:00,209652.610000
2025-04-11T14:39:00+00:00,209645.950000
2025-04-11T16:34:00+00:00,211310.990000
2025-04-11T20:09:00+00:00,214722.290000
2025-04-14T15:29:00+00:00,214719.330000
2025-04-14T20:09:00+00:00,214920.370000
2025-04-15T13:49:00+00:00,214912.230000
2025-04-15T14:19:00+00:00,212258.590000
2025-04-16T13:54:00+00:00,212251.190000
2025-04-16T14:14:00+00:00,212253.790000
2025-04-16T14:14:00+00:00,212241.950000
2025-04-16T15:24:00+00:00,214114.030000
2025-04-16T16:09:00+00:00,214104.110000
2025-04-17T14:24:00+00:00,214098.190000
2025-04-17T14:49:00+00:00,214328.270000
2025-04-17T14:49:00+00:00,214311.250000
2025-04-17T15:19:00+00:00,216175.860000
2025-04-17T15:29:00+00:00,216160.980000
2025-04-21T06:59:00+00:00,216138.780000
2025-04-21T07:14:00+00:00,214826.580000
2025-04-21T13:54:00+00:00,214817.700000
2025-04-21T15:14:00+00:00,216793.260000
2025-04-21T17:04:00+00:00,220088.820000
2025-04-22T13:49:00+00:00,220082.160000
2025-04-22T16:14:00+00:00,221771.200000
2025-04-22T17:34:00+00:00,221765.000000
2025-04-23T14:34:00+00:00,221760.560000
2025-04-23T15:24:00+00:00,219128.120000
2025-04-24T13:49:00+00:00,219120.720000
2025-04-24T15:14:00+00:00,221123.270000
2025-04-24T18:39:00+00:00,224463.320000
2025-04-25T13:54:00+00:00,224454.440000
2025-04-25T14:09:00+00:00,221841.560000
2025-04-28T13:59:00+00:00,221834.160000
2025-04-28T17:19:00+00:00,223840.460000
2025-04-28T19:09:00+00:00,223834.260000
2025-04-29T13:49:00+00:00,223825.380000
2025-04-29T18:29:00+00:00,225845.940000
2025-04-29T20:09:00+00:00,227260.500000
2025-04-30T13:59:00+00:00,227255.320000
2025-04-30T14:29:00+00:00,224681.140000
2025-05-01T07:14:00+00:00,224658.940000
2025-05-01T08:49:00+00:00,225862.840000
2025-05-01T13:04:00+00:00,225844.240000
2025-05-01T13:54:00+00:00,225831.660000
2025-05-01T13:59:00+00:00,223031.080000
2025-05-01T13:59:00+00:00,223022.200000
2025-05-01T14:29:00+00:00,220277.320000
2025-05-02T14:09:00+00:00,220267.700000
2025-05-02T20:09:00+00:00,222500.580000
2025-05-05T14:04:00+00:00,222486.520000
2025-05-05T18:09:00+00:00,224417.110000
2025-05-05T19:54:00+00:00,224404.710000
2025-05-06T12:54:00+00:00,224382.510000
2025-05-06T13:14:00+00:00,222875.310000
2025-05-06T13:39:00+00:00,222855.330000
2025-05-06T13:49:00+00:00,220054.350000
2025-05-06T13:54:00+00:00,220045.470000
2025-05-06T14:19:00+00:00,217390.590000
2025-05-07T13:59:00+00:00,217376.530000
2025-05-07T14:54:00+00:00,214635.970000
2025-05-08T13:49:00+00:00,214626.350000
2025-05-08T15:29:00+00:00,212088.230000
2025-05-09T14:19:00+00:00,212075.650000
2025-05-09T14:39:00+00:00,213845.730000
2025-05-09T20:09:00+00:00,215072.070000
2025-05-12T14:29:00+00:00,215066.890000
2025-05-12T17:09:00+00:00,212531.210000
2025-05-13T13:54:00+00:00,212524.550000
2025-05-13T16:39:00+00:00,214180.590000
2025-05-13T20:09:00+00:00,215544.390000
2025-05-14T13:39:00+00:00,215522.190000
2025-05-14T13:49:00+00:00,213084.990000
2025-05-14T13:49:00+00:00,213075.370000
2025-05-14T16:34:00+00:00,210550.250000
2025-05-15T12:39:00+00:00,210531.010000
2025-05-15T13:49:00+00:00,207963.770000
2025-05-15T13:49:00+00:00,207950.450000
2025-05-15T14:04:00+00:00,205363.130000
2025-05-16T14:39:00+00:00,205353.510000
2025-05-16T17:34:00+00:00,202906.390000
2025-05-19T13:39:00+00:00,202896.030000
2025-05-19T13:49:00+00:00,202890.850000
2025-05-19T14:09:00+00:00,204733.670000
2025-05-19T20:09:00+00:00,207258.990000
2025-05-19T20:09:00+00:00,208993.310000
2025-05-20T08:24:00+00:00,208973.330000
2025-05-20T13:39:00+00:00,206401.850000
2025-05-20T13:49:00+00:00,206387.790000
2025-05-20T14:39:00+00:00,203894.230000
2025-05-21T13:49:00+00:00,203885.350000
2025-05-21T16:09:00+00:00,205775.410000
2025-05-21T17:19:00+00:00,205767.970000
2025-05-22T13:54:00+00:00,205760.570000
2025-05-22T20:09:00+00:00,204823.170000
2025-05-23T06:34:00+00:00,204800.970000
2025-05-23T07:14:00+00:00,206061.120000
2025-05-23T08:09:00+00:00,209016.270000
2025-05-23T13:34:00+00:00,209008.870000
2025-05-23T14:14:00+00:00,209002.950000
2025-05-23T20:09:00+00:00,209625.550000
2025-05-23T20:09:00+00:00,209135.630000
2025-05-26T13:39:00+00:00,209116.390000
2025-05-26T14:34:00+00:00,206562.150000
2025-05-26T14:34:00+00:00,206546.610000
2025-05-27T03:44:00+00:00,208339.210000
2025-05-27T06:39:00+00:00,208325.570000
2025-05-27T13:59:00+00:00,208316.690000
2025-05-27T14:09:00+00:00,208308.550000
2025-05-27T16:39:00+00:00,210122.110000
2025-05-27T20:09:00+00:00,212229.670000
2025-05-27T20:09:00+00:00,214867.030000
2025-05-28T13:49:00+00:00,214855.930000
2025-05-28T19:54:00+00:00,216635.750000
2025-05-28T20:09:00+00:00,218081.830000
2025-05-29T13:49:00+00:00,218076.650000
2025-05-29T20:09:00+00:00,219513.470000
2025-05-30T13:49:00+00:00,219503.850000
2025-05-30T14:09:00+00:00,218012.230000
2025-05-30T14:09:00+00:00,217996.690000
2025-05-30T16:19:00+00:00,215303.650000
2025-06-02T14:04:00+00:00,215298.470000
2025-06-02T17:04:00+00:00,212811.790000
2025-06-03T06:29:00+00:00,212789.590000
2025-06-03T07:24:00+00:00,211402.390000
2025-06-03T07:39:00+00:00,211380.190000
2025-06-03T08:14:00+00:00,209002.990000
2025-06-03T13:04:00+00:00,208990.410000
2025-06-03T14:04:00+00:00,208981.530000
2025-06-03T14:59:00+00:00,210775.610000
2025-06-03T20:09:00+00:00,213054.950000
2025-06-03T20:09:00+00:00,214402.070000
2025-06-04T14:04:00+00:00,214392.450000
2025-06-04T18:04:00+00:00,211789.330000
2025-06-05T13:59:00+00:00,211781.190000
2025-06-05T14:44:00+00:00,209199.050000
2025-06-06T13:49:00+00:00,209188.690000
2025-06-06T14:29:00+00:00,206672.330000
2025-06-09T14:09:00+00:00,206659.010000
2025-06-09T20:09:00+00:00,206006.690000
2025-06-10T15:34:00+00:00,205998.550000
2025-06-10T16:04:00+00:00,203597.910000
2025-06-11T13:49:00+00:00,203585.330000
2025-06-11T14:24:00+00:00,201124.750000
2025-06-12T12:44:00+00:00,201115.130000
2025-06-12T13:49:00+00:00,201102.550000
2025-06-12T20:09:00+00:00,203497.930000
2025-06-12T20:09:00+00:00,205023.850000
2025-06-13T14:29:00+00:00,205018.670000
2025-06-13T14:44:00+00:00,203882.990000
2025-06-13T14:44:00+00:00,203868.930000
2025-06-13T15:24:00+00:00,205603.770000
2025-06-13T18:19:00+00:00,205591.370000
2025-06-16T13:49:00+00:00,205581.010000
2025-06-16T20:09:00+00:00,207334.650000
2025-06-17T14:14:00+00:00,207324.290000
2025-06-17T16:59:00+00:00,204800.930000
2025-06-18T13:49:00+00:00,204789.090000
2025-06-18T13:54:00+00:00,204778.730000
2025-06-18T18:59:00+00:00,202318.890000
2025-06-18T18:59:00+00:00,200369.530000
2025-06-19T13:49:00+00:00,200361.390000
2025-06-19T22:04:00+00:00,198048.750000
2025-06-20T13:59:00+00:00,198040.610000
2025-06-20T14:49:00+00:00,199724.410000
2025-06-20T20:09:00+00:00,201561.970000
2025-06-23T13:49:00+00:00,201556.050000
2025-06-23T16:39:00+00:00,199218.130000
2025-06-24T14:44:00+00:00,199206.290000
2025-06-24T20:09:00+00:00,201234.450000
2025-06-25T14:14:00+00:00,201221.870000
2025-06-25T20:09:00+00:00,201574.790000
2025-06-26T14:24:00+00:00,201562.950000
2025-06-26T18:24:00+00:00,203387.030000
2025-06-26T20:09:00+00:00,204737.110000
2025-06-27T13:54:00+00:00,204721.570000
2025-06-27T18:19:00+00:00,202238.530000
2025-06-30T13:49:00+00:00,202226.690000
2025-06-30T19:24:00+00:00,199790.850000
2025-07-01T12:39:00+00:00,199768.650000
2025-07-01T13:54:00+00:00,201501.300000
2025-07-01T13:54:00+00:00,201490.200000
2025-07-01T14:24:00+00:00,200144.100000
2025-07-01T14:29:00+00:00,200125.500000
2025-07-02T13:49:00+00:00,200109.960000
2025-07-02T14:34:00+00:00,201865.060000
2025-07-02T20:09:00+00:00,204606.920000
2025-07-03T13:54:00+00:00,204592.120000
2025-07-03T15:44:00+00:00,206497.220000
2025-07-04T02:19:00+00:00,206484.820000
2025-07-04T08:29:00+00:00,206462.620000
2025-07-04T08:54:00+00:00,204955.420000
2025-07-04T13:54:00+00:00,204933.220000
2025-07-06T22:04:00+00:00,206823.370000
2025-07-07T01:09:00+00:00,206804.770000
2025-07-07T14:59:00+00:00,206792.930000
2025-07-07T20:09:00+00:00,208005.090000
2025-07-08T13:59:00+00:00,207990.290000
2025-07-08T16:24:00+00:00,205485.490000
2025-07-09T13:49:00+00:00,205477.350000
2025-07-09T14:39:00+00:00,203098.710000
2025-07-10T13:49:00+00:00,203089.090000
2025-07-10T20:09:00+00:00,202630.970000
2025-07-11T13:54:00+00:00,202612.470000
2025-07-11T13:59:00+00:00,202608.770000
2025-07-11T14:39:00+00:00,204372.890000
2025-07-11T15:14:00+00:00,204356.770000
2025-07-11T20:09:00+00:00,204163.070000
2025-07-14T07:39:00+00:00,204140.870000
2025-07-14T07:54:00+00:00,205108.520000
2025-07-14T13:24:00+00:00,207381.170000
2025-07-14T14:59:00+00:00,207374.510000
2025-07-14T20:09:00+00:00,208011.350000
2025-07-15T14:59:00+00:00,208003.950000
2025-07-15T20:09:00+00:00,209321.550000
2025-07-16T13:49:00+00:00,209311.190000
2025-07-16T15:39:00+00:00,211238.010000
2025-07-16T15:59:00+00:00,211229.330000
2025-07-17T13:49:00+00:00,211207.130000
2025-07-17T14:49:00+00:00,212759.780000
2025-07-17T16:04:00+00:00,216397.430000
2025-07-18T14:04:00+00:00,216381.890000
2025-07-18T20:09:00+00:00,217363.850000
2025-07-21T13:49:00+00:00,217355.710000
2025-07-21T20:09:00+00:00,216731.570000
2025-07-22T13:49:00+00:00,216724.910000
2025-07-22T20:09:00+00:00,216875.750000
2025-07-23T13:59:00+00:00,216866.130000
2025-07-23T15:54:00+00:00,214308.510000
2025-07-24T13:04:00+00:00,214286.310000
2025-07-24T13:34:00+00:00,215658.960000
2025-07-24T13:34:00+00:00,215640.360000
2025-07-24T14:09:00+00:00,215626.300000
2025-07-24T15:54:00+00:00,212952.240000
2025-07-25T08:34:00+00:00,212930.040000
2025-07-25T13:09:00+00:00,211632.840000
2025-07-25T13:49:00+00:00,211615.080000
2025-07-25T16:29:00+00:00,213514.200000
2025-07-25T20:09:00+00:00,214423.320000
2025-07-28T07:59:00+00:00,214401.120000
2025-07-28T08:14:00+00:00,213553.920000
2025-07-28T13:54:00+00:00,213531.720000
2025-07-28T15:19:00+00:00,210989.520000
2025-07-29T06:44:00+00:00,210967.320000
2025-07-29T07:44:00+00:00,211597.470000
2025-07-29T09:59:00+00:00,213082.620000
2025-07-29T13:49:00+00:00,213067.080000
2025-07-29T15:19:00+00:00,214942.180000
2025-07-29T19:39:00+00:00,218385.290000
2025-07-30T14:24:00+00:00,218369.750000
2025-07-30T18:59:00+00:00,215624.210000
2025-07-31T14:49:00+00:00,215617.550000
2025-07-31T17:59:00+00:00,217402.590000
2025-07-31T20:09:00+00:00,220061.390000
2025-08-01T13:49:00+00:00,220057.690000
2025-08-01T20:09:00+00:00,219976.490000
2025-08-04T13:49:00+00:00,219969.090000
2025-08-04T20:09:00+00:00,222341.690000
2025-08-05T13:49:00+00:00,222329.110000
2025-08-05T14:19:00+00:00,219664.530000
2025-08-06T13:54:00+00:00,219652.690000
2025-08-06T15:54:00+00:00,221602.770000
2025-08-06T18:39:00+00:00,224856.850000
2025-08-07T07:14:00+00:00,224834.650000
2025-08-07T08:19:00+00:00,226139.800000
2025-08-07T09:59:00+00:00,229199.950000
2025-08-07T13:59:00+00:00,229185.890000
2025-08-07T14:14:00+00:00,226407.330000
2025-08-08T13:49:00+00:00,226396.970000
2025-08-08T20:09:00+00:00,229445.610000
2025-08-11T13:59:00+00:00,229429.330000
2025-08-11T18:04:00+00:00,226586.050000
2025-08-12T13:39:00+00:00,226580.130000
2025-08-12T13:49:00+00:00,225062.210000
2025-08-12T13:49:00+00:00,225052.590000
2025-08-12T15:09:00+00:00,222221.970000
2025-08-13T13:59:00+00:00,222201.990000
2025-08-13T14:49:00+00:00,224191.120000
2025-08-13T16:54:00+00:00,227768.260000
2025-08-14T13:49:00+00:00,227757.160000
2025-08-14T20:09:00+00:00,226366.060000
2025-08-15T08:09:00+00:00,226343.860000
2025-08-15T08:34:00+00:00,225151.660000
2025-08-15T13:49:00+00:00,225143.520000
2025-08-15T20:09:00+00:00,224904.380000
2025-08-18T08:39:00+00:00,224882.180000
2025-08-18T09:29:00+00:00,222309.980000
2025-08-18T13:54:00+00:00,222292.960000
2025-08-18T14:09:00+00:00,221735.440000
2025-08-18T14:09:00+00:00,221713.240000
2025-08-18T14:49:00+00:00,219261.040000
2025-08-19T13:49:00+00:00,219252.900000
2025-08-19T17:04:00+00:00,221041.700000
2025-08-19T20:09:00+00:00,223065.260000
2025-08-20T06:44:00+00:00,223046.760000
2025-08-20T08:39:00+00:00,223043.060000
2025-08-20T13:39:00+00:00,222469.360000
2025-08-20T13:44:00+00:00,219675.860000
2025-08-20T13:49:00+00:00,219669.940000
2025-08-20T20:09:00+00:00,218776.020000
2025-08-21T13:59:00+00:00,218766.400000
2025-08-21T14:14:00+00:00,216085.280000
2025-08-22T06:59:00+00:00,216068.260000
2025-08-22T08:09:00+00:00,217941.120000
2025-08-22T13:49:00+00:00,217933.720000
2025-08-22T13:54:00+00:00,222712.840000
2025-08-22T14:04:00+00:00,224625.390000
2025-08-22T14:04:00+00:00,224619.190000
2025-08-25T13:59:00+00:00,224605.870000
2025-08-25T14:09:00+00:00,224596.990000
2025-08-25T20:09:00+00:00,224250.670000
2025-08-25T20:09:00+00:00,223317.790000
2025-08-26T13:49:00+00:00,223304.470000
2025-08-26T14:14:00+00:00,220618.150000
2025-08-27T13:49:00+00:00,220603.350000
2025-08-27T14:14:00+00:00,217948.550000
2025-08-28T13:54:00+00:00,217941.150000
2025-08-28T15:19:00+00:00,215398.750000
2025-08-29T13:49:00+00:00,215391.350000
2025-08-29T20:09:00+00:00,217013.950000
2025-09-01T13:49:00+00:00,216991.750000
2025-09-01T23:24:00+00:00,214314.550000
2025-09-02T13:44:00+00:00,214303.450000
2025-09-02T13:49:00+00:00,214298.270000
2025-09-02T14:04:00+00:00,216083.340000
2025-09-02T14:49:00+00:00,216073.420000
2025-09-02T20:09:00+00:00,218378.240000
2025-09-03T14:19:00+00:00,218364.180000
2025-09-03T17:49:00+00:00,215633.120000
2025-09-04T07:09:00+00:00,215610.920000
2025-09-04T10:04:00+00:00,216623.570000
2025-09-04T11:54:00+00:00,216604.970000
2025-09-04T13:39:00+00:00,216587.210000
2025-09-04T14:04:00+00:00,213917.450000
2025-09-04T14:04:00+00:00,213909.310000
2025-09-04T15:24:00+00:00,211354.670000
2025-09-05T14:09:00+00:00,211345.790000
2025-09-05T14:29:00+00:00,213249.350000
2025-09-05T15:04:00+00:00,216424.910000
2025-09-08T13:54:00+00:00,216414.550000
2025-09-08T14:34:00+00:00,216404.930000
2025-09-08T17:54:00+00:00,213776.570000
2025-09-08T20:09:00+00:00,212492.950000
2025-09-09T13:54:00+00:00,212473.710000
2025-09-09T14:44:00+00:00,214433.590000
2025-09-09T15:54:00+00:00,214417.470000
2025-09-10T13:54:00+00:00,214406.370000
2025-09-10T19:24:00+00:00,216180.940000
2025-09-10T20:09:00+00:00,216759.020000
2025-09-11T14:34:00+00:00,216747.920000
2025-09-11T20:09:00+00:00,217389.320000
2025-09-12T14:24:00+00:00,217375.260000
2025-09-12T20:09:00+00:00,218757.700000
2025-09-15T13:49:00+00:00,218739.940000
2025-09-15T19:59:00+00:00,220738.060000
2025-09-15T20:09:00+00:00,222343.180000
2025-09-16T07:19:00+00:00,222320.980000
2025-09-16T08:49:00+00:00,223356.130000
2025-09-16T11:19:00+00:00,223337.530000
2025-09-16T13:54:00+00:00,223321.250000
2025-09-16T20:09:00+00:00,223282.970000
2025-09-17T14:09:00+00:00,223269.650000
2025-09-17T18:14:00+00:00,225287.990000
2025-09-17T18:49:00+00:00,228656.330000
2025-09-18T14:04:00+00:00,228645.970000
2025-09-18T20:09:00+00:00,228306.610000
2025-09-19T13:49:00+00:00,228288.110000
2025-09-19T14:49:00+00:00,225469.610000
2025-09-22T13:49:00+00:00,225447.410000
2025-09-22T14:49:00+00:00,227382.560000
2025-09-22T16:19:00+00:00,230615.210000
2025-09-23T13:59:00+00:00,230600.410000
2025-09-23T17:39:00+00:00,232685.510000
2025-09-23T20:09:00+00:00,234623.110000
2025-09-24T13:49:00+00:00,234612.010000
2025-09-24T16:09:00+00:00,236580.830000
2025-09-24T20:09:00+00:00,237458.910000
2025-09-25T07:34:00+00:00,237436.710000
2025-09-25T09:49:00+00:00,235269.510000
2025-09-25T14:19:00+00:00,235263.590000
2025-09-25T20:09:00+00:00,235493.670000
2025-09-26T09:14:00+00:00,235471.470000
2025-09-26T09:24:00+00:00,234114.270000
2025-09-26T14:24:00+00:00,234106.870000
2025-09-26T14:44:00+00:00,232974.470000
2025-09-26T14:44:00+00:00,232958.190000
2025-09-26T14:54:00+00:00,230015.910000
2025-09-29T13:49:00+00:00,229995.930000
2025-09-29T15:14:00+00:00,227167.950000
2025-09-30T07:59:00+00:00,227145.750000
2025-09-30T08:04:00+00:00,225698.550000
2025-09-30T13:54:00+00:00,225688.190000
2025-09-30T14:49:00+00:00,222954.830000
2025-10-01T13:49:00+00:00,222945.210000
2025-10-01T14:19:00+00:00,220212.090000
2025-10-02T13:49:00+00:00,220205.430000
2025-10-02T20:09:00+00:00,218506.770000
2025-10-03T13:59:00+00:00,218490.490000
2025-10-03T17:34:00+00:00,220454.100000
2025-10-03T17:54:00+00:00,223732.210000
2025-10-06T07:59:00+00:00,223710.010000
2025-10-06T09:44:00+00:00,225442.660000
2025-10-06T12:09:00+00:00,229500.310000
2025-10-06T17:24:00+00:00,229490.690000
2025-10-06T20:09:00+00:00,228363.070000
2025-10-07T08:44:00+00:00,228340.870000
2025-10-07T09:09:00+00:00,229061.020000
2025-10-07T11:59:00+00:00,230756.170000
2025-10-07T14:29:00+00:00,230735.450000
2025-10-07T15:09:00+00:00,232825.090000
2025-10-07T15:09:00+00:00,236314.730000
2025-10-08T13:49:00+00:00,236302.890000
2025-10-08T18:14:00+00:00,238396.970000
2025-10-08T20:09:00+00:00,241103.050000
2025-10-09T14:29:00+00:00,241089.730000
2025-10-09T20:09:00+00:00,239528.410000
2025-10-10T07:09:00+00:00,239506.210000
2025-10-10T09:49:00+00:00,237789.010000
2025-10-10T14:59:00+00:00,237783.090000
2025-10-10T15:19:00+00:00,239967.130000
2025-10-10T15:34:00+00:00,243609.170000
2025-10-13T06:39:00+00:00,243586.970000
2025-10-13T07:19:00+00:00,245634.620000
2025-10-13T10:19:00+00:00,245616.020000
2025-10-13T13:59:00+00:00,245609.360000
2025-10-13T20:09:00+00:00,246124.700000
2025-10-14T13:09:00+00:00,246117.300000
2025-10-14T13:39:00+00:00,243199.900000
2025-10-14T14:24:00+00:00,243196.200000
2025-10-14T20:09:00+00:00,243360.000000
2025-10-15T08:09:00+00:00,243337.800000
2025-10-15T09:14:00+00:00,245227.950000
2025-10-15T13:44:00+00:00,245209.350000
2025-10-15T13:49:00+00:00,245196.770000
2025-10-15T13:59:00+00:00,242209.190000
2025-10-16T13:39:00+00:00,242189.210000
2025-10-16T14:34:00+00:00,242186.990000
2025-10-16T14:39:00+00:00,244322.370000
2025-10-16T15:29:00+00:00,244305.010000
2025-10-16T15:29:00+00:00,243872.290000
2025-10-17T13:54:00+00:00,243866.370000
2025-10-17T20:09:00+00:00,246420.450000
2025-10-20T06:29:00+00:00,246398.250000
2025-10-20T07:39:00+00:00,247489.650000
2025-10-20T08:04:00+00:00,247471.050000
2025-10-20T13:54:00+00:00,247461.430000
2025-10-20T20:09:00+00:00,249447.310000
2025-10-21T13:34:00+00:00,249425.110000
2025-10-21T13:44:00+00:00,246747.910000
2025-10-21T14:04:00+00:00,246733.850000
2025-10-21T15:49:00+00:00,243708.290000
2025-10-22T13:54:00+00:00,243697.930000
2025-10-22T14:29:00+00:00,240656.570000
2025-10-23T13:49:00+00:00,240649.170000
2025-10-23T20:09:00+00:00,243266.770000
2025-10-24T14:09:00+00:00,243256.410000
2025-10-24T20:09:00+00:00,242700.050000
2025-10-27T14:04:00+00:00,242684.510000
2025-10-27T19:54:00+00:00,244777.110000
2025-10-27T20:09:00+00:00,246946.970000
2025-10-28T13:54:00+00:00,246928.470000
2025-10-28T16:29:00+00:00,243872.470000
2025-10-29T12:54:00+00:00,243850.270000
2025-10-29T13:34:00+00:00,244446.670000
2025-10-29T13:39:00+00:00,244428.070000
2025-10-29T13:59:00+00:00,244411.050000
2025-10-29T14:54:00+00:00,241438.530000
2025-10-30T07:19:00+00:00,241416.330000
2025-10-30T09:24:00+00:00,238379.130000
2025-10-30T13:54:00+00:00,238373.950000
2025-10-30T19:19:00+00:00,235698.270000
2025-10-31T14:04:00+00:00,235690.870000
2025-10-31T20:09:00+00:00,237173.470000
2025-11-03T14:49:00+00:00,237163.850000
2025-11-03T21:09:00+00:00,237349.230000
2025-11-04T14:24:00+00:00,237327.030000
2025-11-04T14:34:00+00:00,234364.830000
2025-11-04T14:49:00+00:00,234348.550000
2025-11-04T14:54:00+00:00,234343.370000
2025-11-04T14:59:00+00:00,236504.980000
2025-11-04T15:59:00+00:00,236491.340000
2025-11-04T17:19:00+00:00,233833.160000
2025-11-05T08:14:00+00:00,233817.620000
2025-11-05T10:54:00+00:00,230956.580000
2025-11-05T14:49:00+00:00,230948.440000
2025-11-05T14:59:00+00:00,230940.300000
2025-11-05T17:29:00+00:00,232744.100000
2025-11-05T21:09:00+00:00,234179.660000
2025-11-05T21:09:00+00:00,234886.520000
2025-11-06T14:54:00+00:00,234878.380000
2025-11-06T15:39:00+00:00,236843.430000
2025-11-06T16:44:00+00:00,240776.490000
2025-11-07T08:54:00+00:00,240754.290000
2025-11-07T09:34:00+00:00,238122.090000
2025-11-07T13:54:00+00:00,238102.110000
2025-11-07T14:09:00+00:00,235112.130000
2025-11-07T15:39:00+00:00,235107.690000
2025-11-07T19:59:00+00:00,232469.250000
2025-11-10T08:29:00+00:00,232447.050000
2025-11-10T08:59:00+00:00,233470.950000
2025-11-10T09:24:00+00:00,235874.850000
2025-11-10T15:04:00+00:00,235865.970000
2025-11-10T15:59:00+00:00,233091.090000
2025-11-11T14:49:00+00:00,233074.070000
2025-11-11T15:04:00+00:00,232378.550000
2025-11-11T15:04:00+00:00,232356.350000
2025-11-11T15:09:00+00:00,230444.150000
2025-11-12T08:24:00+00:00,230421.950000
2025-11-12T11:34:00+00:00,227549.750000
2025-11-12T14:49:00+00:00,227545.310000
2025-11-12T21:09:00+00:00,226754.870000
2025-11-13T15:49:00+00:00,226751.170000
2025-11-13T21:09:00+00:00,227629.970000
2025-11-14T08:59:00+00:00,227608.510000
2025-11-14T09:49:00+00:00,224817.550000
2025-11-14T10:14:00+00:00,224804.230000
2025-11-14T11:09:00+00:00,221973.910000
2025-11-14T14:49:00+00:00,221970.210000
2025-11-14T14:54:00+00:00,221966.510000
2025-11-14T17:14:00+00:00,223352.530000
2025-11-14T21:09:00+00:00,225498.830000
2025-11-14T21:09:00+00:00,226567.610000
2025-11-17T14:04:00+00:00,226545.410000
2025-11-17T14:29:00+00:00,223763.210000
2025-11-17T14:39:00+00:00,223755.810000
2025-11-17T14:49:00+00:00,223752.110000
2025-11-17T16:04:00+00:00,221169.710000
2025-11-17T16:19:00+00:00,218528.510000
2025-11-18T07:29:00+00:00,218507.050000
2025-11-18T08:04:00+00:00,220418.190000
2025-11-18T08:39:00+00:00,225210.840000
2025-11-18T14:49:00+00:00,225206.400000
2025-11-18T21:09:00+00:00,225990.960000
2025-11-19T09:19:00+00:00,225980.600000
2025-11-19T14:44:00+00:00,225968.760000
2025-11-19T14:54:00+00:00,228037.330000
2025-11-19T14:59:00+00:00,230131.410000
2025-11-19T15:19:00+00:00,234964.980000
2025-11-19T16:09:00+00:00,234955.060000
2025-11-20T14:59:00+00:00,234946.920000
2025-11-20T16:04:00+00:00,232111.780000
2025-11-21T08:14:00+00:00,232099.940000
2025-11-21T09:44:00+00:00,229240.100000
2025-11-21T14:54:00+00:00,229231.960000
2025-11-21T15:04:00+00:00,226413.320000
2025-11-24T15:04:00+00:00,226408.880000
2025-11-24T21:09:00+00:00,229128.440000
2025-11-25T14:49:00+00:00,229124.740000
2025-11-25T16:24:00+00:00,226633.540000
2025-11-26T14:59:00+00:00,226623.920000
2025-11-26T15:59:00+00:00,223929.800000
2025-11-27T07:54:00+00:00,223907.600000
2025-11-27T14:44:00+00:00,222040.400000
2025-11-27T23:09:00+00:00,222018.200000
2025-11-28T13:34:00+00:00,223514.600000
2025-11-28T14:39:00+00:00,226016.000000
2025-11-28T16:09:00+00:00,226006.380000
2025-12-01T00:49:00+00:00,223292.760000
2025-12-01T14:39:00+00:00,223275.740000
2025-12-01T14:54:00+00:00,223270.560000
2025-12-01T14:59:00+00:00,225184.670000
2025-12-01T17:09:00+00:00,230068.790000
2025-12-01T21:09:00+00:00,230658.610000
2025-12-02T15:04:00+00:00,230652.690000
2025-12-02T15:49:00+00:00,230645.290000
2025-12-02T16:24:00+00:00,228019.370000
2025-12-02T16:24:00+00:00,225256.970000
2025-12-03T15:04:00+00:00,225248.090000
2025-12-03T21:09:00+00:00,227111.210000
2025-12-04T16:04:00+00:00,227106.030000
2025-12-04T21:09:00+00:00,225686.850000
2025-12-05T14:54:00+00:00,225678.710000
2025-12-05T16:34:00+00:00,222992.070000
2025-12-08T07:24:00+00:00,222969.870000
2025-12-08T08:29:00+00:00,221342.670000
2025-12-08T13:49:00+00:00,221320.470000
2025-12-08T14:49:00+00:00,219003.270000
2025-12-08T14:49:00+00:00,218993.650000
2025-12-08T17:04:00+00:00,220829.710000
2025-12-08T21:09:00+00:00,222130.030000
2025-12-09T15:29:00+00:00,222119.670000
2025-12-09T21:09:00+00:00,222872.310000
2025-12-10T15:54:00+00:00,222855.290000
2025-12-10T15:59:00+00:00,222550.770000
2025-12-10T15:59:00+00:00,222540.410000
2025-12-10T17:54:00+00:00,219807.050000
2025-12-11T14:49:00+00:00,219801.130000
2025-12-11T15:14:00+00:00,218683.210000
2025-12-11T15:14:00+00:00,218672.850000
2025-12-11T15:54:00+00:00,215967.490000
2025-12-12T14:49:00+00:00,215958.610000
2025-12-12T15:29:00+00:00,217974.670000
2025-12-12T15:59:00+00:00,221337.730000
2025-12-15T14:54:00+00:00,221331.070000
2025-12-15T15:29:00+00:00,223134.110000
2025-12-15T16:29:00+00:00,223127.910000
2025-12-16T08:09:00+00:00,223112.370000
2025-12-16T10:39:00+00:00,225062.470000
2025-12-16T13:34:00+00:00,230078.580000
2025-12-16T14:59:00+00:00,230072.660000
2025-12-16T15:29:00+00:00,227190.740000
2025-12-17T14:54:00+00:00,227184.820000
2025-12-17T15:59:00+00:00,229107.860000
2025-12-17T21:09:00+00:00,231590.900000
2025-12-18T14:59:00+00:00,231585.720000
2025-12-18T15:34:00+00:00,231580.540000
2025-12-18T21:09:00+00:00,230924.360000
2025-12-18T21:09:00+00:00,229053.680000
2025-12-19T14:59:00+00:00,229048.500000
2025-12-19T21:09:00+00:00,229403.820000
2025-12-22T15:39:00+00:00,229397.160000
2025-12-22T21:09:00+00:00,228409.500000
2025-12-23T15:04:00+00:00,228399.140000
2025-12-23T15:59:00+00:00,225574.780000
2025-12-24T15:14:00+00:00,225552.580000
2025-12-25T23:14:00+00:00,227532.730000
2025-12-26T15:04:00+00:00,228466.630000
2025-12-26T15:04:00+00:00,228451.830000
2025-12-26T21:09:00+00:00,228307.030000
2025-12-29T17:29:00+00:00,228301.110000
2025-12-29T21:09:00+00:00,227023.190000
2025-12-30T14:39:00+00:00,227000.990000
2025-12-30T14:49:00+00:00,228272.390000
2025-12-30T14:49:00+00:00,228253.790000
2025-12-30T14:49:00+00:00,228235.290000
2025-12-30T15:44:00+00:00,225466.790000
2025-12-31T07:34:00+00:00,225444.590000
2025-12-31T08:14:00+00:00,224507.390000
2025-12-31T14:49:00+00:00,224496.290000
2025-12-31T20:29:00+00:00,226333.860000
2025-12-31T21:09:00+00:00,228823.940000
2026-01-02T14:49:00+00:00,228815.060000
2026-01-02T15:14:00+00:00,226004.180000
2026-01-05T13:39:00+00:00,225981.980000
2026-01-05T14:04:00+00:00,227500.880000
2026-01-05T14:39:00+00:00,227482.280000
2026-01-05T15:29:00+00:00,227474.880000
2026-01-05T21:09:00+00:00,225662.480000
2026-01-06T14:49:00+00:00,225652.860000
2026-01-06T21:09:00+00:00,228535.740000
2026-01-07T15:29:00+00:00,228525.380000
2026-01-07T21:09:00+00:00,227360.020000
2026-01-08T14:59:00+00:00,227354.840000
2026-01-08T15:14:00+00:00,226303.160000
2026-01-08T15:14:00+00:00,226283.920000
2026-01-08T15:54:00+00:00,223482.680000
2026-01-09T07:44:00+00:00,223460.480000
2026-01-09T08:09:00+00:00,224045.630000
2026-01-09T08:34:00+00:00,224027.030000
2026-01-09T14:44:00+00:00,224017.410000
2026-01-09T15:09:00+00:00,221206.290000
2026-01-09T15:09:00+00:00,221199.630000
2026-01-09T15:24:00+00:00,218524.470000
2026-01-09T15:34:00+00:00,218520.030000
2026-01-09T21:09:00+00:00,219367.590000
2026-01-12T14:39:00+00:00,219349.830000
2026-01-12T14:54:00+00:00,219345.390000
2026-01-12T16:59:00+00:00,221361.510000
2026-01-12T21:09:00+00:00,223134.630000
2026-01-12T21:09:00+00:00,223880.190000
2026-01-13T15:04:00+00:00,223871.310000
2026-01-13T21:09:00+00:00,224252.430000
2026-01-14T14:59:00+00:00,224247.990000
2026-01-14T21:09:00+00:00,223763.550000
2026-01-15T08:14:00+00:00,223753.930000
2026-01-15T13:29:00+00:00,225580.990000
2026-01-15T15:44:00+00:00,227420.310000
2026-01-15T15:44:00+00:00,227409.210000
2026-01-15T16:04:00+00:00,225538.110000
2026-01-15T16:04:00+00:00,225516.650000
2026-01-15T17:34:00+00:00,222653.190000
2026-01-16T07:49:00+00:00,222630.990000
2026-01-16T08:24:00+00:00,221258.790000
2026-01-16T08:59:00+00:00,221236.590000
2026-01-16T11:19:00+00:00,222721.740000
2026-01-16T12:54:00+00:00,222703.140000
2026-01-16T14:54:00+00:00,222693.520000
2026-01-16T15:39:00+00:00,224588.080000
2026-01-16T21:09:00+00:00,226073.900000
2026-01-19T07:54:00+00:00,226051.700000
2026-01-19T08:19:00+00:00,227120.600000
2026-01-19T09:14:00+00:00,227102.000000
2026-01-19T14:59:00+00:00,227080.540000
2026-01-19T17:09:00+00:00,229086.180000
2026-01-20T06:29:00+00:00,229067.580000
2026-01-20T15:29:00+00:00,229059.440000
2026-01-20T18:34:00+00:00,226240.800000
2026-01-21T09:09:00+00:00,226218.600000
2026-01-21T09:49:00+00:00,224231.400000
2026-01-21T14:49:00+00:00,224222.520000
2026-01-21T15:34:00+00:00,226166.580000
2026-01-21T16:59:00+00:00,226159.140000
2026-01-22T14:49:00+00:00,226152.480000
2026-01-22T21:09:00+00:00,224696.820000
2026-01-23T14:59:00+00:00,224687.200000
2026-01-23T15:54:00+00:00,226505.260000
2026-01-23T21:09:00+00:00,227186.080000
2026-01-26T10:04:00+00:00,227163.880000
2026-01-26T12:04:00+00:00,228682.780000
2026-01-26T13:54:00+00:00,228671.680000
2026-01-26T14:29:00+00:00,232230.580000
2026-01-26T14:34:00+00:00,233044.400000
2026-01-26T14:34:00+00:00,233034.480000
2026-01-26T14:59:00+00:00,233027.080000
2026-01-26T21:09:00+00:00,233249.680000
2026-01-27T10:09:00+00:00,233227.480000
2026-01-27T11:34:00+00:00,233936.380000
2026-01-27T11:54:00+00:00,235605.280000
2026-01-27T14:54:00+00:00,235596.400000
2026-01-27T14:59:00+00:00,235587.520000
2026-01-27T21:09:00+00:00,236520.640000
2026-01-27T21:09:00+00:00,237069.760000
2026-01-28T07:49:00+00:00,237056.440000
2026-01-28T14:19:00+00:00,234073.120000
2026-01-28T14:29:00+00:00,234050.920000
2026-01-28T14:34:00+00:00,234951.070000
2026-01-28T14:34:00+00:00,234932.470000
2026-01-28T15:34:00+00:00,234922.110000
2026-01-28T21:04:00+00:00,237022.180000
2026-01-28T21:09:00+00:00,237650.500000
2026-01-29T08:19:00+00:00,237628.300000
2026-01-29T08:29:00+00:00,235926.100000
2026-01-29T14:54:00+00:00,235921.660000
2026-01-29T15:54:00+00:00,238025.440000
2026-01-29T20:54:00+00:00,238021.720000
2026-01-30T15:29:00+00:00,238014.320000
2026-01-30T15:44:00+00:00,236001.920000
2026-01-30T15:44:00+00:00,235991.560000
2026-01-30T16:19:00+00:00,233216.200000
2026-02-02T14:49:00+00:00,233211.020000
2026-02-02T21:09:00+00:00,235256.840000
2026-02-03T14:54:00+00:00,235252.400000
2026-02-03T17:39:00+00:00,237338.180000
2026-02-03T21:09:00+00:00,238960.460000
2026-02-04T14:59:00+00:00,238955.280000
2026-02-04T17:29:00+00:00,240714.810000
2026-02-04T21:09:00+00:00,242063.850000
2026-02-05T15:14:00+00:00,242060.890000
2026-02-05T21:09:00+00:00,241787.930000
2026-02-06T14:49:00+00:00,241783.490000
2026-02-06T21:09:00+00:00,244173.050000
2026-02-09T14:44:00+00:00,244167.130000
2026-02-09T14:49:00+00:00,244161.950000
2026-02-09T17:14:00+00:00,246228.990000
2026-02-09T21:09:00+00:00,247910.030000
2026-02-09T21:09:00+00:00,250543.850000
2026-02-10T14:59:00+00:00,250532.010000
2026-02-10T15:09:00+00:00,250525.350000
2026-02-10T18:29:00+00:00,247521.510000
2026-02-10T20:09:00+00:00,244459.350000
2026-02-11T07:29:00+00:00,244437.150000
2026-02-11T07:44:00+00:00,243004.950000
2026-02-11T14:59:00+00:00,242998.290000
2026-02-11T15:29:00+00:00,244915.330000
2026-02-11T15:59:00+00:00,245519.130000
2026-02-11T15:59:00+00:00,245513.210000
2026-02-11T21:09:00+00:00,246039.290000
2026-02-12T14:49:00+00:00,246031.890000
2026-02-12T15:59:00+00:00,248143.190000
2026-02-12T16:19:00+00:00,251664.490000
2026-02-13T15:09:00+00:00,251659.310000
2026-02-13T21:09:00+00:00,251405.630000
2026-02-16T15:04:00+00:00,251390.830000
2026-02-16T15:29:00+00:00,248346.030000
2026-02-17T14:54:00+00:00,248342.330000
2026-02-17T15:24:00+00:00,248208.630000
2026-02-17T15:24:00+00:00,248201.970000
2026-02-17T16:14:00+00:00,250140.010000
2026-02-17T21:09:00+00:00,252418.810000
2026-02-18T14:54:00+00:00,252410.670000
2026-02-18T14:59:00+00:00,252402.530000
2026-02-18T15:59:00+00:00,254416.330000
2026-02-18T19:59:00+00:00,254408.890000
2026-02-18T21:09:00+00:00,254279.750000
2026-02-19T08:14:00+00:00,254257.550000
2026-02-19T08:49:00+00:00,251310.350000
2026-02-19T15:04:00+00:00,251303.690000
2026-02-19T18:24:00+00:00,248381.030000
2026-02-20T14:39:00+00:00,248366.970000
2026-02-20T15:04:00+00:00,250513.560000
2026-02-20T15:04:00+00:00,250509.860000
2026-02-20T16:04:00+00:00,256084.960000
2026-02-20T21:09:00+00:00,257133.760000
2026-02-23T08:19:00+00:00,257118.220000
2026-02-23T14:34:00+00:00,259383.320000
2026-02-23T14:44:00+00:00,259369.680000
2026-02-23T15:04:00+00:00,259363.020000
2026-02-23T21:09:00+00:00,260922.360000
2026-02-24T09:19:00+00:00,260906.080000
2026-02-24T14:34:00+00:00,257688.800000
2026-02-24T14:49:00+00:00,257680.660000
2026-02-24T21:09:00+00:00,259102.520000
2026-02-25T14:49:00+00:00,259095.860000
2026-02-25T21:09:00+00:00,260556.200000
2026-02-26T14:54:00+00:00,260547.320000
2026-02-26T15:19:00+00:00,262806.380000
2026-02-26T15:24:00+00:00,266574.440000
2026-02-27T14:49:00+00:00,266566.300000
2026-02-27T21:09:00+00:00,267443.660000
2026-03-02T14:49:00+00:00,267439.960000
2026-03-02T21:09:00+00:00,268323.760000
2026-03-03T14:49:00+00:00,268316.360000
2026-03-03T16:49:00+00:00,265123.960000
2026-03-04T14:39:00+00:00,265116.560000
2026-03-04T15:09:00+00:00,265109.160000
2026-03-04T15:29:00+00:00,267554.210000
2026-03-04T21:09:00+00:00,270105.510000
2026-03-04T21:09:00+00:00,273013.110000
2026-03-05T14:39:00+00:00,272993.870000
2026-03-05T14:54:00+00:00,272990.910000
2026-03-05T15:04:00+00:00,275487.040000
2026-03-05T15:24:00+00:00,275470.920000
2026-03-05T15:34:00+00:00,274203.960000
2026-03-05T15:44:00+00:00,274191.380000
2026-03-05T16:19:00+00:00,270906.300000
2026-03-06T15:04:00+00:00,270898.900000
2026-03-06T20:39:00+00:00,267776.500000
2026-03-09T13:54:00+00:00,267769.840000
2026-03-09T14:09:00+00:00,266966.680000
2026-03-09T14:09:00+00:00,266956.320000
2026-03-09T14:49:00+00:00,269345.140000
2026-03-09T19:19:00+00:00,274925.960000
2026-03-10T14:09:00+00:00,274919.300000
2026-03-10T14:39:00+00:00,271672.640000
2026-03-11T06:39:00+00:00,271650.440000
2026-03-11T06:49:00+00:00,270413.240000
2026-03-11T14:04:00+00:00,270399.180000
2026-03-11T14:24:00+00:00,267079.120000
2026-03-12T13:49:00+00:00,267066.540000
2026-03-12T14:39:00+00:00,269412.620000
2026-03-12T20:09:00+00:00,272879.960000
2026-03-13T13:54:00+00:00,272873.300000
2026-03-13T14:44:00+00:00,269653.640000
2026-03-16T13:59:00+00:00,269643.280000
2026-03-16T14:54:00+00:00,266440.920000
2026-03-17T13:49:00+00:00,266432.780000
2026-03-17T15:39:00+00:00,263130.140000
2026-03-18T14:14:00+00:00,263117.560000
2026-03-18T18:59:00+00:00,265409.640000
2026-03-18T19:59:00+00:00,269711.730000
2026-03-19T13:24:00+00:00,269689.530000
2026-03-19T13:34:00+00:00,267072.330000
2026-03-19T13:49:00+00:00,267063.450000
2026-03-19T19:09:00+00:00,269417.010000
2026-03-19T20:09:00+00:00,271095.570000
2026-03-20T13:54:00+00:00,271085.950000
2026-03-20T17:39:00+00:00,273381.010000
2026-03-20T19:34:00+00:00,277847.080000
2026-03-23T13:49:00+00:00,277838.200000
2026-03-23T15:54:00+00:00,274385.320000
2026-03-24T15:19:00+00:00,274379.400000
2026-03-24T20:09:00+00:00,272605.480000
2026-03-25T13:49:00+00:00,272594.380000
2026-03-25T20:09:00+00:00,273963.280000
2026-03-26T13:49:00+00:00,273945.520000
2026-03-26T14:49:00+00:00,270567.760000
2026-03-27T13:54:00+00:00,270558.880000
2026-03-27T19:09:00+00:00,273056.440000
2026-03-27T20:09:00+00:00,275875.000000
2026-03-30T13:49:00+00:00,275868.340000
2026-03-30T19:09:00+00:00,278016.380000
2026-03-30T20:09:00+00:00,280515.180000
2026-03-31T13:49:00+00:00,280507.040000
2026-03-31T14:59:00+00:00,277154.900000
2026-04-01T14:39:00+00:00,277147.500000
2026-04-01T20:09:00+00:00,276705.100000
2026-04-02T13:54:00+00:00,276697.700000
2026-04-02T14:39:00+00:00,279202.750000
2026-04-02T14:39:00+00:00,283380.300000
2026-04-06T13:39:00+00:00,283359.580000
2026-04-06T13:54:00+00:00,285921.720000
2026-04-06T13:54:00+00:00,285912.100000
2026-04-06T14:04:00+00:00,285894.740000
2026-04-06T17:14:00+00:00,282394.620000
2026-04-07T13:49:00+00:00,282385.740000
2026-04-07T15:09:00+00:00,284928.300000
2026-04-07T16:04:00+00:00,284920.860000
2026-04-08T13:54:00+00:00,284898.660000
2026-04-08T14:34:00+00:00,282116.460000
2026-04-09T14:09:00+00:00,282103.140000
2026-04-09T15:34:00+00:00,278732.820000
2026-04-10T14:04:00+00:00,278717.280000
2026-04-10T14:34:00+00:00,275341.740000
2026-04-13T13:49:00+00:00,275329.160000
2026-04-13T16:39:00+00:00,277651.240000
2026-04-13T19:54:00+00:00,282009.580000
2026-04-14T06:44:00+00:00,281987.380000
2026-04-14T07:09:00+00:00,283011.280000
2026-04-14T09:04:00+00:00,285415.180000
2026-04-14T14:09:00+00:00,285402.600000
2026-04-14T16:24:00+00:00,287862.680000
2026-04-14T20:09:00+00:00,291933.020000
2026-04-15T13:59:00+00:00,291917.480000
2026-04-15T15:29:00+00:00,294497.580000
2026-04-15T18:39:00+00:00,299233.190000
2026-04-16T13:34:00+00:00,299214.690000
2026-04-16T13:54:00+00:00,295558.690000
2026-04-16T13:54:00+00:00,295551.290000
2026-04-16T15:09:00+00:00,292118.890000
2026-04-17T13:59:00+00:00,292106.310000
2026-04-17T16:39:00+00:00,294542.390000
2026-04-17T20:09:00+00:00,296277.230000
2026-04-20T13:49:00+00:00,296263.170000
2026-04-20T15:09:00+00:00,298862.010000
2026-04-20T18:09:00+00:00,298849.610000
2026-04-21T13:59:00+00:00,298837.770000
2026-04-21T14:04:00+00:00,298827.410000
2026-04-21T14:59:00+00:00,296493.050000
2026-04-21T15:04:00+00:00,292897.210000
2026-04-22T14:14:00+00:00,292885.370000
2026-04-22T19:54:00+00:00,295489.450000
2026-04-22T20:09:00+00:00,298723.530000
2026-04-23T13:44:00+00:00,298709.470000
2026-04-23T13:49:00+00:00,298701.330000
2026-04-23T17:09:00+00:00,295115.270000
2026-04-23T17:09:00+00:00,292571.630000
2026-04-24T08:04:00+00:00,292549.430000
2026-04-24T08:24:00+00:00,294484.580000
2026-04-24T08:34:00+00:00,294465.980000
2026-04-24T13:54:00+00:00,294450.440000
2026-04-24T14:14:00+00:00,290780.900000
2026-04-27T13:49:00+00:00,290765.360000
2026-04-27T17:34:00+00:00,287169.320000
2026-04-28T14:49:00+00:00,287161.920000
2026-04-28T20:09:00+00:00,284624.520000
2026-04-29T13:54:00+00:00,284611.940000
2026-04-29T20:04:00+00:00,287054.020000
2026-04-29T20:09:00+00:00,288140.860000
2026-04-30T13:54:00+00:00,288135.680000
2026-04-30T17:34:00+00:00,284655.000000
2026-05-01T13:59:00+00:00,284650.560000
2026-05-01T20:09:00+00:00,284076.120000
2026-05-04T13:59:00+00:00,284061.320000
2026-05-04T15:19:00+00:00,280526.520000
2026-05-05T06:39:00+00:00,280504.320000
2026-05-05T07:04:00+00:00,281573.220000
2026-05-05T08:09:00+00:00,281562.120000
2026-05-05T09:34:00+00:00,284071.020000
2026-05-05T13:34:00+00:00,285803.590000
2026-05-05T13:59:00+00:00,285792.490000
2026-05-05T20:09:00+00:00,289662.570000
2026-05-05T20:09:00+00:00,291548.970000
2026-05-06T13:54:00+00:00,291540.830000
2026-05-06T20:09:00+00:00,293925.880000
2026-05-06T20:09:00+00:00,297083.440000
2026-05-07T13:54:00+00:00,297062.720000
2026-05-07T14:24:00+00:00,299782.360000
2026-05-07T15:59:00+00:00,299765.000000
2026-05-08T13:39:00+00:00,299742.800000
2026-05-08T13:49:00+00:00,301745.450000
2026-05-08T13:49:00+00:00,301738.790000
2026-05-08T14:04:00+00:00,306426.440000
2026-05-08T20:04:00+00:00,308904.480000
2026-05-08T20:09:00+00:00,311750.780000
2026-05-11T15:49:00+00:00,311741.900000
2026-05-11T20:09:00+00:00,310791.020000
2026-05-12T13:59:00+00:00,310782.140000
2026-05-12T14:19:00+00:00,308607.260000
2026-05-12T14:19:00+00:00,308593.200000
2026-05-12T14:29:00+00:00,304826.640000
2026-05-13T13:49:00+00:00,304817.760000
2026-05-13T14:54:00+00:00,301160.880000
2026-05-14T13:49:00+00:00,301154.220000
2026-05-14T20:09:00+00:00,301872.060000
2026-05-15T08:49:00+00:00,301858.740000
2026-05-15T09:54:00+00:00,298128.420000
2026-05-15T13:59:00+00:00,298119.540000
2026-05-15T14:14:00+00:00,294558.660000
2026-05-18T06:49:00+00:00,294540.900000
2026-05-18T08:24:00+00:00,297250.020000
2026-05-18T10:39:00+00:00,297235.140000
2026-05-18T13:49:00+00:00,297228.480000
2026-05-18T13:59:00+00:00,295678.320000
2026-05-18T13:59:00+00:00,295670.180000
2026-05-18T14:34:00+00:00,292197.040000
2026-05-19T13:39:00+00:00,292184.460000
2026-05-19T13:44:00+00:00,288686.880000
2026-05-19T14:09:00+00:00,288682.440000
2026-05-19T17:09:00+00:00,285372.000000
2026-05-20T13:39:00+00:00,285354.240000
2026-05-20T13:49:00+00:00,287928.360000
2026-05-20T13:54:00+00:00,287913.480000
2026-05-20T14:19:00+00:00,287904.600000
2026-05-20T15:19:00+00:00,290487.660000
2026-05-20T20:09:00+00:00,292829.220000
2026-05-21T07:29:00+00:00,292807.020000
2026-05-21T08:04:00+00:00,295225.920000
2026-05-21T08:19:00+00:00,300884.820000
2026-05-21T13:54:00+00:00,300873.720000
2026-05-21T14:24:00+00:00,297240.120000
2026-05-22T07:24:00+00:00,297217.920000
2026-05-22T07:34:00+00:00,295140.720000
2026-05-22T13:39:00+00:00,295133.320000
2026-05-22T14:09:00+00:00,291650.920000
2026-05-22T14:19:00+00:00,291643.520000
2026-05-22T17:29:00+00:00,288316.120000
2026-05-25T13:49:00+00:00,288293.920000
2026-05-25T14:29:00+00:00,285796.720000
2026-05-26T13:49:00+00:00,285778.960000
2026-05-26T14:29:00+00:00,288416.080000
2026-05-26T15:39:00+00:00,288401.200000
2026-05-27T14:24:00+00:00,288396.020000
2026-05-27T20:09:00+00:00,287039.840000
2026-05-28T13:49:00+00:00,287033.180000
2026-05-28T14:14:00+00:00,283782.020000
2026-05-28T14:14:00+00:00,283771.660000
2026-05-28T20:09:00+00:00,288297.300000
2026-05-29T13:49:00+00:00,288286.940000
2026-05-29T14:29:00+00:00,284874.580000
2026-06-01T13:44:00+00:00,284865.700000
2026-06-01T14:04:00+00:00,282312.820000
2026-06-01T14:04:00+00:00,282304.680000
2026-06-01T15:19:00+00:00,278892.040000
2026-06-02T13:29:00+00:00,278869.840000
2026-06-02T13:34:00+00:00,276342.640000
2026-06-02T13:54:00+00:00,276331.540000
2026-06-02T13:59:00+00:00,276324.880000
2026-06-02T20:04:00+00:00,278724.200000
2026-06-02T20:09:00+00:00,281642.280000
2026-06-02T20:09:00+00:00,284151.120000
2026-06-03T13:49:00+00:00,284146.680000
2026-06-03T20:09:00+00:00,283113.240000
2026-06-04T14:04:00+00:00,283105.840000
2026-06-04T14:19:00+00:00,281758.440000
2026-06-04T14:19:00+00:00,281743.640000
2026-06-04T15:09:00+00:00,284263.740000
2026-06-04T17:59:00+00:00,290153.840000
2026-06-05T12:49:00+00:00,290133.120000
2026-06-05T12:59:00+00:00,286542.400000
2026-06-05T13:49:00+00:00,286537.220000
2026-06-05T16:34:00+00:00,288719.750000
2026-06-05T18:29:00+00:00,293571.790000
2026-06-08T13:59:00+00:00,293566.610000
2026-06-08T14:14:00+00:00,292269.930000
2026-06-08T14:14:00+00:00,292257.350000
2026-06-08T14:39:00+00:00,294789.430000
2026-06-08T19:14:00+00:00,294778.270000
2026-06-09T07:09:00+00:00,294756.070000
2026-06-09T07:19:00+00:00,292363.870000
2026-06-09T13:49:00+00:00,292354.250000
2026-06-09T13:59:00+00:00,288802.130000
2026-06-10T13:49:00+00:00,288799.170000
2026-06-10T15:14:00+00:00,285822.210000
2026-06-11T13:49:00+00:00,285814.810000
2026-06-11T14:59:00+00:00,282512.410000
