year,instrument,side,entry_ts,entry_price,exit_ts,exit_price,realized_pnl,hold_seconds,mfe_pts,mae_pts,r_mfe,r_mae
2021,MNQ,long,2021-06-14T13:49:00+00:00,14039.7500,2021-06-14T20:09:00+00:00,14120.5000,482.28000,22800,93.7500,51.2500,1.2626,0.6902
2021,MNQ,long,2021-06-15T13:54:00+00:00,14123.0000,2021-06-15T14:29:00+00:00,14071.5000,-414.96000,2100,3.2500,58.0000,0.0634,1.1317
2021,MNQ,long,2021-06-16T13:54:00+00:00,14081.2500,2021-06-16T15:09:00+00:00,14042.5000,-469.44000,4500,14.5000,38.7500,0.3766,1.0065
2021,MNQ,long,2021-06-17T13:54:00+00:00,14020.7500,2021-06-17T20:09:00+00:00,14167.5000,585.52000,22500,178.2500,10.2500,2.0141,0.1158
2021,MNQ,short,2021-06-18T15:14:00+00:00,14029.0000,2021-06-18T20:09:00+00:00,14037.5000,-35.48000,17700,19.0000,80.2500,0.1858,0.7848
2021,MNQ,long,2021-06-21T14:39:00+00:00,14082.0000,2021-06-21T20:09:00+00:00,14133.2500,203.52000,19800,62.0000,2.2500,0.503,0.0183
2021,MNQ,long,2021-06-22T15:09:00+00:00,14187.5000,2021-06-22T20:09:00+00:00,14266.0000,468.78000,18000,91.7500,0.5000,1.1505,0.0063
2021,MNQ,long,2021-06-23T13:59:00+00:00,14305.7500,2021-06-23T15:04:00+00:00,14254.0000,-416.96000,3900,10.0000,53.5000,0.1942,1.0388
2021,MNQ,long,2021-06-24T14:09:00+00:00,14387.2500,2021-06-24T17:24:00+00:00,14344.0000,-436.20000,11700,34.7500,45.2500,0.8081,1.0523
2021,MNQ,short,2021-06-25T13:54:00+00:00,14360.2500,2021-06-25T20:09:00+00:00,14326.0000,542.08000,22500,47.0000,12.5000,1.5667,0.4167
2021,MNQ,long,2021-06-28T14:09:00+00:00,14467.0000,2021-06-28T20:09:00+00:00,14502.0000,207.78000,21600,52.7500,12.0000,0.6941,0.1579
2021,MNQ,long,2021-06-29T14:49:00+00:00,14526.0000,2021-06-29T20:09:00+00:00,14582.2500,447.04000,19200,56.7500,33.2500,1.0271,0.6018
2021,MNQ,long,2021-06-30T15:09:00+00:00,14571.2500,2021-06-30T16:29:00+00:00,14524.5000,-471.20000,4800,0.5000,50.2500,0.0108,1.0806
2021,MNQ,short,2021-07-01T15:09:00+00:00,14509.5000,2021-07-01T20:09:00+00:00,14537.7500,-228.96000,18000,38.5000,43.7500,0.7032,0.7991
2021,MNQ,long,2021-07-02T13:49:00+00:00,14665.0000,2021-07-02T20:09:00+00:00,14707.5000,421.30000,22800,64.0000,39.5000,1.4066,0.8681
2021,MNQ,short,2021-07-05T13:49:00+00:00,14695.2500,2021-07-05T22:04:00+00:00,14704.5000,-538.72000,29700,6.0000,9.0000,0.6667,1.0
2021,MNQ,long,2021-07-06T14:09:00+00:00,14786.2500,2021-07-06T14:34:00+00:00,14738.0000,-486.20000,1500,3.7500,61.0000,0.0781,1.2708
2021,MNQ,short,2021-07-07T14:04:00+00:00,14802.0000,2021-07-07T20:09:00+00:00,14798.5000,18.78000,21900,75.7500,44.2500,0.9294,0.5429
2021,MNQ,short,2021-07-08T13:49:00+00:00,14542.7500,2021-07-08T14:04:00+00:00,14641.5000,-396.48000,900,2.0000,103.5000,0.0203,1.0508
2021,MNQ,long,2021-07-09T14:24:00+00:00,14728.0000,2021-07-09T20:09:00+00:00,14808.2500,639.04000,20700,104.0000,24.5000,1.7406,0.41
2021,MNQ,short,2021-07-12T13:54:00+00:00,14823.2500,2021-07-12T20:09:00+00:00,14879.5000,-339.72000,22500,21.0000,59.7500,0.3231,0.9192
2021,MNQ,long,2021-07-13T13:49:00+00:00,14900.0000,2021-07-13T18:04:00+00:00,14842.2500,-464.96000,15300,94.7500,66.5000,1.6478,1.1565
2021,MNQ,long,2021-07-14T14:04:00+00:00,14992.7500,2021-07-14T15:29:00+00:00,14936.7500,-450.96000,5100,2.0000,85.5000,0.0359,1.5336
2021,MNQ,short,2021-07-15T14:44:00+00:00,14786.0000,2021-07-15T20:09:00+00:00,14766.2500,77.52000,19500,77.7500,44.0000,0.6703,0.3793
2021,MNQ,short,2021-07-16T13:49:00+00:00,14824.7500,2021-07-16T15:14:00+00:00,14713.50000,1108.800000,5100,112.7500,4.2500,2.5337,0.0955
2021,MNQ,short,2021-07-19T13:59:00+00:00,14483.2500,2021-07-19T15:34:00+00:00,14570.5000,-350.48000,5700,38.2500,91.2500,0.4397,1.0489
2021,MNQ,long,2021-07-20T14:24:00+00:00,14608.5000,2021-07-20T20:09:00+00:00,14710.5000,406.52000,20700,174.0000,27.2500,1.9016,0.2978
2021,MNQ,long,2021-07-21T13:59:00+00:00,14756.2500,2021-07-21T20:09:00+00:00,14822.7500,396.78000,22200,79.5000,30.7500,1.2471,0.4824
2021,MNQ,long,2021-07-22T14:29:00+00:00,14905.2500,2021-07-22T20:09:00+00:00,14940.2500,207.78000,20400,46.7500,54.7500,0.7137,0.8359
2021,MNQ,long,2021-07-23T14:19:00+00:00,14997.5000,2021-07-23T20:09:00+00:00,15092.5000,757.04000,21000,119.7500,13.7500,1.9008,0.2183
2021,MNQ,long,2021-07-26T13:54:00+00:00,15094.2500,2021-07-26T20:09:00+00:00,15126.2500,253.04000,22500,39.7500,12.0000,0.7395,0.2233
2021,MNQ,short,2021-07-27T13:59:00+00:00,15042.5000,2021-07-27T15:19:00+00:00,14881.87500,1282.040000,4800,181.2500,16.5000,2.821,0.2568
2021,MNQ,long,2021-07-28T14:19:00+00:00,15054.0000,2021-07-28T20:09:00+00:00,14980.7500,-147.24000,21000,20.5000,132.2500,0.1346,0.8686
2021,MNQ,long,2021-07-29T14:54:00+00:00,15074.2500,2021-07-29T20:04:00+00:00,14982.2500,-369.48000,18600,9.7500,93.2500,0.1063,1.0163
2021,MNQ,long,2021-07-30T13:49:00+00:00,14927.2500,2021-07-30T20:09:00+00:00,14969.0000,331.04000,22800,52.7500,17.0000,0.8648,0.2787
2021,MNQ,long,2021-08-02T15:24:00+00:00,15045.2500,2021-08-02T19:39:00+00:00,14950.7500,-379.48000,15300,6.2500,97.7500,0.0663,1.0371
2021,MNQ,short,2021-08-03T13:54:00+00:00,14933.2500,2021-08-03T15:54:00+00:00,14998.5000,-524.96000,7200,84.2500,65.2500,1.2962,1.0038
2021,MNQ,short,2021-08-04T14:14:00+00:00,15029.2500,2021-08-04T16:14:00+00:00,15067.0000,-457.44000,7200,32.2500,40.0000,0.86,1.0667
2021,MNQ,long,2021-08-05T13:49:00+00:00,15118.0000,2021-08-05T20:09:00+00:00,15159.7500,413.80000,22800,54.2500,15.0000,1.2123,0.3352
2021,MNQ,short,2021-08-06T14:14:00+00:00,15103.5000,2021-08-06T20:09:00+00:00,15089.0000,141.30000,21300,56.2500,19.0000,1.2162,0.4108
2021,MNQ,long,2021-08-09T18:34:00+00:00,15144.0000,2021-08-09T20:09:00+00:00,15131.0000,-80.22000,5700,1.0000,31.0000,0.0134,0.4147
2021,MNQ,short,2021-08-10T14:29:00+00:00,15096.0000,2021-08-10T20:09:00+00:00,15040.5000,441.04000,20400,101.5000,0.7500,1.7652,0.013
2021,MNQ,short,2021-08-11T13:49:00+00:00,15059.7500,2021-08-11T20:09:00+00:00,15013.0000,371.04000,22800,96.7500,22.0000,1.6398,0.3729
2021,MNQ,long,2021-08-12T14:19:00+00:00,15008.5000,2021-08-12T20:09:00+00:00,15074.0000,521.04000,21000,82.0000,4.5000,1.4643,0.0804
2021,MNQ,long,2021-08-13T13:49:00+00:00,15100.5000,2021-08-13T20:09:00+00:00,15123.0000,354.08000,22800,41.2500,18.0000,1.2891,0.5625
2021,MNQ,short,2021-08-16T13:49:00+00:00,15075.2500,2021-08-16T14:14:00+00:00,14983.37500,1281.070000,1500,93.7500,1.2500,2.551,0.034
2021,MNQ,short,2021-08-17T14:19:00+00:00,14970.5000,2021-08-17T14:44:00+00:00,15039.5000,-416.22000,1500,8.2500,83.5000,0.12,1.2145
2021,MNQ,long,2021-08-18T13:54:00+00:00,15019.7500,2021-08-18T15:39:00+00:00,14965.0000,-440.96000,6300,17.5000,62.0000,0.3211,1.1376
2021,MNQ,long,2021-08-19T14:09:00+00:00,14847.0000,2021-08-19T20:09:00+00:00,14945.5000,588.78000,21600,152.0000,23.5000,1.8313,0.2831
2021,MNQ,long,2021-08-20T13:49:00+00:00,15009.7500,2021-08-20T20:09:00+00:00,15088.7500,786.30000,22800,90.2500,8.2500,1.7871,0.1634
2021,MNQ,long,2021-08-23T13:49:00+00:00,15197.5000,2021-08-23T20:09:00+00:00,15320.0000,732.78000,22800,140.0000,7.2500,1.931,0.1
2021,MNQ,long,2021-08-24T14:09:00+00:00,15361.2500,2021-08-24T20:09:00+00:00,15354.7500,-68.70000,21600,19.2500,31.0000,0.401,0.6458
2021,MNQ,short,2021-08-25T14:09:00+00:00,15357.0000,2021-08-25T20:09:00+00:00,15361.2500,-64.68000,21600,24.0000,28.7500,0.6038,0.7233
2021,MNQ,short,2021-08-26T14:24:00+00:00,15321.5000,2021-08-26T20:09:00+00:00,15268.5000,736.82000,20700,66.2500,29.7500,1.732,0.7778
2021,MNQ,long,2021-08-27T14:04:00+00:00,15361.2500,2021-08-27T20:09:00+00:00,15416.2500,327.78000,21900,82.5000,19.7500,1.0749,0.2573
2021,MNQ,long,2021-08-30T13:54:00+00:00,15519.5000,2021-08-30T20:09:00+00:00,15600.7500,647.04000,22500,98.2500,2.7500,1.5352,0.043
2021,MNQ,short,2021-08-31T13:54:00+00:00,15529.2500,2021-08-31T20:09:00+00:00,15594.0000,-390.72000,22500,11.5000,74.5000,0.1442,0.9342
2021,MNQ,long,2021-09-01T13:49:00+00:00,15695.2500,2021-09-01T19:44:00+00:00,15622.0000,-441.72000,21300,3.7500,81.7500,0.0514,1.1199
2021,MNQ,short,2021-09-02T13:59:00+00:00,15649.7500,2021-09-02T17:54:00+00:00,15572.87500,1377.090000,14100,79.0000,11.2500,2.5691,0.3659
2021,MNQ,long,2021-09-03T13:59:00+00:00,15640.7500,2021-09-03T20:09:00+00:00,15651.2500,60.78000,22200,29.0000,37.0000,0.3362,0.429
2021,MNQ,long,2021-09-06T13:49:00+00:00,15696.0000,2021-09-07T00:04:00+00:00,15686.7500,-577.20000,36900,11.7500,10.0000,1.3056,1.1111
2021,MNQ,short,2021-09-07T13:54:00+00:00,15616.0000,2021-09-07T14:49:00+00:00,15668.7500,-531.20000,3300,9.2500,58.0000,0.1762,1.1048
2021,MNQ,short,2021-09-08T14:34:00+00:00,15592.7500,2021-09-08T20:09:00+00:00,15609.7500,-104.22000,20100,69.0000,33.0000,0.9293,0.4444
2021,MNQ,short,2021-09-09T15:29:00+00:00,15614.2500,2021-09-09T20:09:00+00:00,15556.2500,576.30000,16800,68.5000,25.2500,1.2232,0.4509
2021,MNQ,short,2021-09-10T14:04:00+00:00,15622.0000,2021-09-10T19:14:00+00:00,15507.62500,1368.060000,18600,126.5000,7.5000,2.765,0.1639
2021,MNQ,short,2021-09-13T13:59:00+00:00,15446.0000,2021-09-13T20:09:00+00:00,15445.7500,-0.48000,22200,95.7500,11.0000,0.8063,0.0926
2021,MNQ,short,2021-09-14T13:54:00+00:00,15447.2500,2021-09-14T20:09:00+00:00,15404.0000,257.28000,22500,96.0000,48.2500,1.1532,0.5796
2021,MNQ,short,2021-09-15T14:14:00+00:00,15318.7500,2021-09-15T16:59:00+00:00,15433.5000,-460.48000,9900,11.0000,125.2500,0.0961,1.0939
2021,MNQ,short,2021-09-16T13:49:00+00:00,15412.7500,2021-09-16T17:59:00+00:00,15472.7500,-482.96000,15000,54.0000,61.0000,0.9038,1.0209
2021,MNQ,short,2021-09-17T13:54:00+00:00,15395.5000,2021-09-17T20:09:00+00:00,15305.7500,536.28000,22500,119.2500,11.2500,1.3361,0.1261
2021,MNQ,short,2021-09-20T14:24:00+00:00,15021.0000,2021-09-20T20:09:00+00:00,14980.2500,161.52000,20700,213.5000,31.5000,1.7608,0.2598
2021,MNQ,long,2021-09-21T13:49:00+00:00,15123.7500,2021-09-21T14:09:00+00:00,15028.7500,-572.22000,1200,6.7500,108.7500,0.0712,1.1478
2021,MNQ,long,2021-09-22T13:59:00+00:00,15076.7500,2021-09-22T20:09:00+00:00,15167.0000,719.04000,22200,150.2500,1.7500,2.4332,0.0283
2021,MNQ,long,2021-09-23T13:49:00+00:00,15281.0000,2021-09-23T20:09:00+00:00,15311.2500,119.52000,22800,66.0000,15.5000,0.6684,0.157
2021,MNQ,long,2021-09-24T13:59:00+00:00,15247.5000,2021-09-24T20:09:00+00:00,15316.2500,683.80000,22200,86.7500,42.5000,1.5087,0.7391
2021,MNQ,long,2021-09-27T15:04:00+00:00,15221.7500,2021-09-27T20:09:00+00:00,15184.7500,-149.48000,18300,9.0000,101.5000,0.0655,0.7382
2021,MNQ,short,2021-09-28T13:49:00+00:00,14913.2500,2021-09-28T20:09:00+00:00,14760.7500,608.52000,22800,172.5000,48.2500,1.4935,0.4177
2021,MNQ,long,2021-09-29T13:49:00+00:00,14869.7500,2021-09-29T15:39:00+00:00,14787.5000,-495.72000,6600,36.5000,111.0000,0.4451,1.3537
2021,MNQ,short,2021-09-30T14:54:00+00:00,14801.0000,2021-09-30T20:09:00+00:00,14694.5000,849.04000,18900,130.7500,39.5000,1.8481,0.5583
2021,MNQ,short,2021-10-01T13:54:00+00:00,14625.7500,2021-10-01T17:49:00+00:00,14735.5000,-440.48000,14100,88.7500,115.7500,0.8105,1.0571
2021,MNQ,short,2021-10-04T13:49:00+00:00,14578.0000,2021-10-04T20:09:00+00:00,14488.7500,355.52000,22800,210.2500,32.0000,1.4832,0.2257
2021,MNQ,long,2021-10-05T13:49:00+00:00,14575.2500,2021-10-05T20:09:00+00:00,14665.0000,536.28000,22800,179.5000,21.0000,2.3161,0.271
2021,MNQ,short,2021-10-06T14:04:00+00:00,14495.7500,2021-10-06T14:24:00+00:00,14638.5000,-572.48000,1200,9.0000,172.0000,0.0632,1.207
2021,MNQ,long,2021-10-07T13:59:00+00:00,14955.2500,2021-10-07T20:09:00+00:00,14889.0000,-399.72000,22200,46.0000,86.7500,0.4804,0.906
2021,MNQ,short,2021-10-08T14:44:00+00:00,14827.0000,2021-10-08T20:09:00+00:00,14797.7500,115.52000,19500,36.2500,49.0000,0.3132,0.4233
2021,MNQ,long,2021-10-11T13:49:00+00:00,14847.7500,2021-10-11T19:54:00+00:00,14722.0000,-504.48000,21900,49.5000,137.2500,0.3944,1.0936
2021,MNQ,short,2021-10-12T13:49:00+00:00,14684.7500,2021-10-12T20:09:00+00:00,14605.7500,471.78000,22800,89.2500,47.5000,0.9495,0.5053
2021,MNQ,short,2021-10-13T13:54:00+00:00,14702.5000,2021-10-13T18:04:00+00:00,14778.7500,-459.72000,15000,42.0000,93.2500,0.5526,1.227
2021,MNQ,long,2021-10-14T14:04:00+00:00,14973.2500,2021-10-14T20:09:00+00:00,15039.2500,393.78000,21900,75.5000,7.7500,0.9152,0.0939
2021,MNQ,long,2021-10-15T14:59:00+00:00,15110.7500,2021-10-15T20:09:00+00:00,15136.2500,201.04000,18600,28.5000,52.2500,0.4653,0.8531
2021,MNQ,long,2021-10-18T13:49:00+00:00,15135.2500,2021-10-18T20:09:00+00:00,15290.7500,930.78000,22800,160.5000,13.5000,1.9337,0.1627
2021,MNQ,long,2021-10-19T13:54:00+00:00,15355.5000,2021-10-19T20:09:00+00:00,15419.5000,636.30000,22500,72.7500,44.0000,1.3662,0.8263
2021,MNQ,short,2021-10-20T13:54:00+00:00,15400.7500,2021-10-20T14:29:00+00:00,15435.0000,-623.16000,2100,20.7500,36.7500,0.6103,1.0809
2021,MNQ,long,2021-10-21T13:54:00+00:00,15390.0000,2021-10-21T20:09:00+00:00,15478.5000,881.30000,22500,93.7500,15.0000,1.6816,0.2691
2021,MNQ,short,2021-10-22T13:49:00+00:00,15402.7500,2021-10-22T14:29:00+00:00,15458.2500,-558.70000,2400,17.2500,60.5000,0.3122,1.095
2021,MNQ,long,2021-10-25T15:59:00+00:00,15436.7500,2021-10-25T20:09:00+00:00,15513.0000,303.52000,15000,104.5000,3.0000,0.9147,0.0263
2021,MNQ,long,2021-10-26T14:14:00+00:00,15674.7500,2021-10-26T16:04:00+00:00,15580.0000,-570.72000,6600,26.2500,105.2500,0.2778,1.1138
2021,MNQ,long,2021-10-27T13:49:00+00:00,15630.2500,2021-10-27T20:09:00+00:00,15594.7500,-286.96000,22800,87.2500,68.0000,1.2246,0.9544
2021,MNQ,long,2021-10-28T14:09:00+00:00,15692.2500,2021-10-28T20:09:00+00:00,15720.5000,278.80000,21600,84.7500,36.0000,1.5,0.6372
2021,MNQ,long,2021-10-29T13:54:00+00:00,15683.7500,2021-10-29T20:09:00+00:00,15840.7500,1253.04000,22500,163.0000,16.2500,2.4059,0.2399
2021,MNQ,short,2021-11-01T13:49:00+00:00,15803.7500,2021-11-01T17:04:00+00:00,15868.5000,-520.96000,11700,35.2500,68.0000,0.5465,1.0543
2021,MNQ,long,2021-11-02T13:49:00+00:00,15959.2500,2021-11-02T20:09:00+00:00,15956.2500,-20.22000,22800,21.0000,64.7500,0.2211,0.6816
2021,MNQ,short,2021-11-03T14:04:00+00:00,15938.7500,2021-11-03T18:04:00+00:00,15997.2500,-588.70000,14400,2.0000,114.2500,0.0343,1.9614
2021,MNQ,long,2021-11-04T13:49:00+00:00,16225.7500,2021-11-04T20:09:00+00:00,16324.7500,789.04000,22800,150.2500,5.7500,2.1934,0.0839
2021,MNQ,short,2021-11-05T13:54:00+00:00,16382.5000,2021-11-05T15:49:00+00:00,16448.5000,-530.96000,6900,5.0000,65.7500,0.076,1.0
2021,MNQ,short,2021-11-08T15:04:00+00:00,16324.7500,2021-11-08T21:09:00+00:00,16320.5000,31.04000,21900,22.2500,58.7500,0.3225,0.8514
2021,MNQ,short,2021-11-09T14:49:00+00:00,16326.7500,2021-11-09T18:49:00+00:00,16164.87500,1292.040000,14400,166.7500,10.2500,2.5753,0.1583
2021,MNQ,long,2021-11-10T14:49:00+00:00,16139.0000,2021-11-10T18:14:00+00:00,16041.7500,-585.72000,12300,82.0000,97.0000,0.8454,1.0
2021,MNQ,short,2021-11-11T15:29:00+00:00,16048.7500,2021-11-11T21:09:00+00:00,16029.2500,191.30000,20400,44.5000,48.2500,0.7236,0.7846
2021,MNQ,long,2021-11-12T15:49:00+00:00,16087.2500,2021-11-12T21:09:00+00:00,16201.5000,683.28000,19200,126.0000,5.2500,1.5701,0.0654
2021,MNQ,short,2021-11-15T15:04:00+00:00,16201.2500,2021-11-15T21:09:00+00:00,16190.0000,108.80000,21900,119.0000,8.7500,2.2559,0.1659
2021,MNQ,long,2021-11-16T16:04:00+00:00,16255.5000,2021-11-16T21:09:00+00:00,16298.0000,168.52000,18300,68.2500,10.0000,0.6439,0.0943
2021,MNQ,short,2021-11-17T14:54:00+00:00,16282.5000,2021-11-17T15:14:00+00:00,16322.5000,-565.18000,1200,5.0000,44.5000,0.1258,1.1195
2021,MNQ,long,2021-11-18T14:49:00+00:00,16412.2500,2021-11-18T15:14:00+00:00,16353.2500,-593.70000,1500,6.7500,85.7500,0.1149,1.4596
2021,MNQ,long,2021-11-19T14:49:00+00:00,16580.5000,2021-11-19T21:09:00+00:00,16574.0000,-54.96000,22800,48.0000,47.0000,0.75,0.7344
2021,MNQ,long,2021-11-22T14:49:00+00:00,16730.5000,2021-11-22T16:14:00+00:00,16638.2500,-555.72000,5100,37.0000,94.0000,0.4022,1.0217
2021,MNQ,long,2021-11-23T14:49:00+00:00,16403.2500,2021-11-23T15:09:00+00:00,16281.7500,-487.48000,1200,15.5000,126.0000,0.1278,1.0392
2021,MNQ,long,2021-11-24T15:04:00+00:00,16225.5000,2021-11-24T21:09:00+00:00,16354.0000,512.52000,21900,143.0000,68.5000,1.2941,0.6199
2021,MNQ,long,2021-11-25T14:49:00+00:00,16412.2500,2021-11-25T23:34:00+00:00,16379.2500,-600.66000,31500,5.7500,53.2500,0.1756,1.626
2021,MNQ,short,2021-11-26T14:49:00+00:00,16180.0000,2021-11-29T14:59:00+00:00,16298.0000,-473.48000,259800,192.0000,126.2500,1.5088,0.9921
2021,MNQ,long,2021-11-29T14:59:00+00:00,16298.0000,2021-11-29T21:09:00+00:00,16404.2500,635.28000,22200,139.7500,71.0000,1.5971,0.8114
2021,MNQ,long,2021-11-30T14:54:00+00:00,16389.2500,2021-11-30T15:49:00+00:00,16319.0000,-564.96000,3300,67.0000,126.5000,0.9571,1.8071
2021,MNQ,long,2021-12-01T15:09:00+00:00,16371.5000,2021-12-01T17:59:00+00:00,16270.5000,-608.22000,10200,56.0000,138.5000,0.5558,1.3747
2021,MNQ,long,2021-12-02T14:54:00+00:00,15999.2500,2021-12-02T15:44:00+00:00,15788.5000,-422.24000,3000,27.7500,227.0000,0.1318,1.0784
2021,MNQ,short,2021-12-03T14:49:00+00:00,15916.5000,2021-12-03T21:09:00+00:00,15708.5000,415.26000,22800,378.5000,27.5000,2.1784,0.1583
2021,MNQ,long,2021-12-06T15:19:00+00:00,15763.0000,2021-12-06T21:09:00+00:00,15835.0000,143.26000,21000,134.2500,107.2500,0.6597,0.527
2021,MNQ,long,2021-12-07T14:49:00+00:00,16194.2500,2021-12-07T21:09:00+00:00,16334.0000,1115.04000,22800,152.5000,7.7500,2.0333,0.1033
2021,MNQ,long,2021-12-08T14:49:00+00:00,16341.2500,2021-12-08T21:09:00+00:00,16374.2500,195.78000,22800,56.5000,86.5000,0.6313,0.9665
2021,MNQ,short,2021-12-09T15:14:00+00:00,16325.7500,2021-12-09T21:09:00+00:00,16125.7500,1197.78000,21300,205.5000,22.2500,2.3621,0.2557
2021,MNQ,short,2021-12-10T14:49:00+00:00,16215.7500,2021-12-10T20:59:00+00:00,16326.0000,-442.48000,22200,82.0000,120.0000,0.7455,1.0909
2021,MNQ,short,2021-12-13T14:54:00+00:00,16261.7500,2021-12-13T21:04:00+00:00,16068.00000,1547.040000,22200,198.0000,51.7500,2.5548,0.6677
2021,MNQ,short,2021-12-14T15:49:00+00:00,15840.2500,2021-12-14T21:09:00+00:00,15933.2500,-373.48000,19200,106.2500,126.0000,0.7013,0.8317
2021,MNQ,short,2021-12-15T14:49:00+00:00,15831.2500,2021-12-15T19:09:00+00:00,15927.7500,-581.22000,15600,91.0000,121.7500,0.9455,1.2649
2021,MNQ,short,2021-12-16T14:59:00+00:00,16169.5000,2021-12-16T21:09:00+00:00,15879.2500,579.76000,22200,376.5000,24.2500,2.1858,0.1408
2021,MNQ,long,2021-12-17T14:49:00+00:00,15795.7500,2021-12-17T15:24:00+00:00,15657.0000,-556.48000,2100,47.2500,144.0000,0.3412,1.0397
2021,MNQ,short,2021-12-20T16:04:00+00:00,15518.0000,2021-12-20T20:24:00+00:00,15642.2500,-498.48000,15600,26.0000,133.2500,0.2097,1.0746
2021,MNQ,short,2021-12-21T14:49:00+00:00,15684.5000,2021-12-21T16:59:00+00:00,15798.2500,-456.48000,7800,79.5000,117.5000,0.7004,1.0352
2021,MNQ,long,2021-12-22T14:49:00+00:00,16021.5000,2021-12-22T21:09:00+00:00,16172.5000,903.78000,22800,156.0000,72.0000,1.7727,0.8182
2021,MNQ,long,2021-12-23T15:14:00+00:00,16258.7500,2021-12-23T21:09:00+00:00,16300.0000,245.28000,21300,97.2500,12.7500,1.186,0.1555
2021,MNQ,long,2021-12-27T15:04:00+00:00,16457.7500,2021-12-27T21:09:00+00:00,16568.0000,439.52000,21900,114.2500,6.5000,1.0111,0.0575
2021,MNQ,short,2021-12-28T15:09:00+00:00,16519.5000,2021-12-28T21:09:00+00:00,16525.5000,-38.22000,21600,67.2500,65.2500,0.7577,0.7352
2021,MNQ,short,2021-12-29T15:04:00+00:00,16488.7500,2021-12-29T21:09:00+00:00,16491.7500,-33.70000,21900,101.2500,35.7500,1.6736,0.5909
2021,MNQ,long,2021-12-30T15:09:00+00:00,16538.5000,2021-12-30T20:49:00+00:00,16449.2500,-537.72000,20400,29.0000,95.0000,0.3258,1.0674
2021,MNQ,short,2021-12-31T14:49:00+00:00,16393.2500,2021-12-31T21:09:00+00:00,16341.7500,409.04000,22800,79.5000,37.2500,1.1277,0.5284
2023,MNQ,short,2023-01-03T14:49:00+00:00,11069.0000,2023-01-03T21:09:00+00:00,10934.2500,537.52000,22800,224.2500,15.5000,1.9889,0.1375
2023,MNQ,short,2023-01-04T15:04:00+00:00,10914.7500,2023-01-04T16:39:00+00:00,11046.5000,-264.24000,5700,51.2500,146.7500,0.3897,1.116
2023,MNQ,long,2023-01-06T15:39:00+00:00,10954.7500,2023-01-06T21:09:00+00:00,11106.5000,302.76000,19800,211.0000,17.0000,1.1921,0.096
2023,MNQ,long,2023-01-09T14:49:00+00:00,11276.5000,2023-01-09T20:34:00+00:00,11194.7500,-492.72000,20700,109.0000,85.5000,1.3374,1.0491
2023,MNQ,long,2023-01-10T15:14:00+00:00,11255.7500,2023-01-10T15:44:00+00:00,11138.0000,-472.48000,1800,27.5000,130.0000,0.234,1.1064
2023,MNQ,long,2023-01-11T15:09:00+00:00,11359.2500,2023-01-11T21:09:00+00:00,11467.7500,648.78000,21600,120.2500,46.0000,1.7684,0.6765
2023,MNQ,short,2023-01-12T14:49:00+00:00,11330.5000,2023-01-12T17:19:00+00:00,11518.7500,-377.24000,9000,19.2500,196.7500,0.1024,1.0465
2023,MNQ,long,2023-01-13T15:04:00+00:00,11472.5000,2023-01-13T20:39:00+00:00,11612.50000,1117.040000,20100,147.0000,18.5000,2.625,0.3304
2023,MNQ,short,2023-01-16T15:14:00+00:00,11584.2500,2023-01-17T14:34:00+00:00,11611.2500,-492.66000,84000,53.7500,36.2500,2.0093,1.3551
2023,MNQ,long,2023-01-17T15:04:00+00:00,11663.5000,2023-01-17T21:09:00+00:00,11628.7500,-140.48000,21900,21.5000,108.7500,0.189,0.956
2023,MNQ,long,2023-01-18T15:04:00+00:00,11738.7500,2023-01-18T15:39:00+00:00,11672.2500,-401.22000,2100,20.7500,88.0000,0.3132,1.3283
2023,MNQ,short,2023-01-19T14:49:00+00:00,11358.7500,2023-01-19T19:39:00+00:00,11446.5000,-352.48000,17400,50.2500,89.7500,0.5743,1.0257
2023,MNQ,long,2023-01-20T14:54:00+00:00,11456.2500,2023-01-20T20:04:00+00:00,11637.50000,1085.280000,18600,188.2500,32.2500,2.5966,0.4448
2023,MNQ,long,2023-01-23T14:49:00+00:00,11782.5000,2023-01-23T21:09:00+00:00,11920.2500,549.52000,22800,200.5000,2.0000,1.8145,0.0181
2023,MNQ,long,2023-01-24T14:49:00+00:00,11916.2500,2023-01-24T15:09:00+00:00,11840.2500,-458.22000,1200,35.2500,78.0000,0.4653,1.0297
2023,MNQ,short,2023-01-25T14:54:00+00:00,11651.2500,2023-01-25T16:19:00+00:00,11724.0000,-438.72000,5100,46.7500,85.2500,0.6448,1.1759
2023,MNQ,short,2023-01-26T14:49:00+00:00,11996.7500,2023-01-26T20:24:00+00:00,12075.0000,-471.72000,20100,92.5000,86.0000,1.1859,1.1026
2023,MNQ,long,2023-01-27T14:49:00+00:00,12129.5000,2023-01-27T21:09:00+00:00,12214.0000,336.52000,22800,179.0000,37.2500,2.0457,0.4257
2023,MNQ,long,2023-01-30T14:49:00+00:00,12119.5000,2023-01-30T15:24:00+00:00,12059.5000,-482.96000,2100,23.7500,63.5000,0.3975,1.0628
2023,MNQ,long,2023-01-31T14:49:00+00:00,12041.0000,2023-01-31T21:09:00+00:00,12147.0000,633.78000,22800,115.0000,64.0000,1.6028,0.892
2023,MNQ,short,2023-02-01T15:54:00+00:00,12099.7500,2023-02-01T18:59:00+00:00,12156.0000,-452.96000,11100,23.0000,61.7500,0.4107,1.1027
2023,MNQ,long,2023-02-02T15:34:00+00:00,12790.7500,2023-02-02T21:09:00+00:00,12734.0000,-228.48000,20100,159.0000,99.7500,1.3278,0.833
2023,MNQ,long,2023-02-03T14:49:00+00:00,12727.5000,2023-02-03T21:09:00+00:00,12612.0000,-231.74000,22800,150.5000,149.0000,0.8919,0.883
2023,MNQ,long,2023-02-06T15:04:00+00:00,12571.2500,2023-02-06T15:24:00+00:00,12502.5000,-414.72000,1200,21.0000,86.2500,0.3066,1.2591
2023,MNQ,short,2023-02-07T15:09:00+00:00,12484.7500,2023-02-07T16:09:00+00:00,12541.7500,-458.96000,3600,7.7500,78.0000,0.1366,1.3744
2023,MNQ,short,2023-02-08T14:54:00+00:00,12681.2500,2023-02-08T21:09:00+00:00,12541.7500,834.78000,22500,168.5000,52.7500,2.3901,0.7482
2023,MNQ,short,2023-02-09T15:29:00+00:00,12619.7500,2023-02-09T21:09:00+00:00,12430.2500,756.52000,20400,253.2500,43.5000,2.3341,0.4009
2023,MNQ,short,2023-02-10T15:04:00+00:00,12306.0000,2023-02-10T15:14:00+00:00,12394.0000,-353.48000,600,7.2500,89.0000,0.0826,1.0142
2023,MNQ,long,2023-02-13T14:59:00+00:00,12461.2500,2023-02-13T21:09:00+00:00,12543.2500,326.52000,22200,105.7500,45.2500,0.9702,0.4151
2023,MNQ,long,2023-02-14T14:49:00+00:00,12542.7500,2023-02-14T21:09:00+00:00,12609.0000,131.76000,22800,130.7500,125.2500,0.8602,0.824
2023,MNQ,long,2023-02-15T14:49:00+00:00,12627.7500,2023-02-15T14:54:00+00:00,12552.2500,-455.22000,300,3.7500,84.2500,0.0498,1.1196
2023,MNQ,long,2023-02-16T14:54:00+00:00,12574.7500,2023-02-16T20:34:00+00:00,12496.5000,-471.72000,20400,119.5000,88.0000,1.5321,1.1282
2023,MNQ,short,2023-02-17T14:49:00+00:00,12317.0000,2023-02-17T21:09:00+00:00,12385.7500,-276.48000,22800,51.2500,91.7500,0.4812,0.8615
2023,MNQ,short,2023-02-20T15:04:00+00:00,12383.5000,2023-02-21T00:59:00+00:00,12353.50000,1185.200000,35700,39.5000,4.2500,3.2917,0.3542
2023,MNQ,short,2023-02-21T15:09:00+00:00,12217.2500,2023-02-21T21:09:00+00:00,12109.0000,647.28000,21600,127.0000,10.7500,1.7825,0.1509
2023,MNQ,long,2023-02-22T14:49:00+00:00,12165.5000,2023-02-22T15:04:00+00:00,12115.5000,-503.70000,900,2.5000,73.2500,0.0503,1.4724
2023,MNQ,short,2023-02-23T15:09:00+00:00,12188.2500,2023-02-23T21:09:00+00:00,12196.2500,-50.22000,21600,159.7500,60.5000,2.2421,0.8491
2023,MNQ,short,2023-02-24T14:49:00+00:00,11968.0000,2023-02-24T21:09:00+00:00,12000.0000,-194.22000,22800,45.0000,53.0000,0.602,0.709
2023,MNQ,long,2023-02-27T14:59:00+00:00,12147.2500,2023-02-27T15:39:00+00:00,12109.5000,-457.44000,2400,42.2500,54.0000,1.1267,1.44
2023,MNQ,long,2023-02-28T15:04:00+00:00,12113.7500,2023-02-28T21:04:00+00:00,12041.5000,-435.72000,21600,59.0000,73.7500,0.8194,1.0243
2023,MNQ,long,2023-03-01T14:49:00+00:00,12075.2500,2023-03-01T15:09:00+00:00,12004.0000,-429.72000,1200,4.2500,100.2500,0.0599,1.412
2023,MNQ,long,2023-03-02T14:54:00+00:00,11900.2500,2023-03-02T19:29:00+00:00,12034.62500,1072.040000,16500,147.2500,27.7500,2.7395,0.5163
2023,MNQ,long,2023-03-03T14:49:00+00:00,12166.5000,2023-03-03T19:34:00+00:00,12303.37500,1092.040000,17100,139.0000,35.5000,2.5388,0.6484
2023,MNQ,long,2023-03-06T15:14:00+00:00,12409.0000,2023-03-06T19:24:00+00:00,12353.5000,-446.96000,15000,77.2500,55.7500,1.3982,1.009
2023,MNQ,short,2023-03-07T15:04:00+00:00,12229.7500,2023-03-07T21:09:00+00:00,12174.2500,110.26000,21900,87.5000,89.0000,0.6679,0.6794
2023,MNQ,short,2023-03-08T15:04:00+00:00,12150.5000,2023-03-08T15:34:00+00:00,12216.0000,-395.22000,1800,16.5000,72.0000,0.2529,1.1034
2023,MNQ,long,2023-03-09T14:49:00+00:00,12321.5000,2023-03-09T17:49:00+00:00,12230.0000,-367.48000,10800,32.0000,104.5000,0.3507,1.1452
2023,MNQ,short,2023-03-10T14:49:00+00:00,11886.2500,2023-03-10T16:14:00+00:00,12027.5000,-283.24000,5100,18.5000,142.2500,0.1312,1.0089
2023,MNQ,long,2023-03-13T13:49:00+00:00,11849.5000,2023-03-13T20:09:00+00:00,11944.0000,188.26000,22800,236.5000,19.5000,1.6395,0.1352
2023,MNQ,long,2023-03-14T14:24:00+00:00,12164.2500,2023-03-14T18:09:00+00:00,12070.5000,-376.48000,13500,58.7500,103.5000,0.6283,1.107
2023,MNQ,short,2023-03-15T14:34:00+00:00,12172.5000,2023-03-15T15:44:00+00:00,12276.2500,-416.48000,4200,20.2500,110.0000,0.1957,1.0628
2023,MNQ,long,2023-03-16T13:59:00+00:00,12417.5000,2023-03-16T16:54:00+00:00,12675.62500,1031.020000,10500,266.0000,54.5000,2.5763,0.5278
2023,MNQ,long,2023-03-17T14:04:00+00:00,12793.2500,2023-03-17T14:24:00+00:00,12691.7500,-407.48000,1200,4.0000,105.2500,0.0395,1.0395
2023,MNQ,long,2023-03-20T14:49:00+00:00,12635.5000,2023-03-20T20:09:00+00:00,12692.7500,227.52000,19200,72.5000,70.2500,0.8735,0.8464
2023,MNQ,short,2023-03-21T14:19:00+00:00,12771.7500,2023-03-21T17:34:00+00:00,12815.2500,-438.70000,11700,59.2500,44.0000,1.3699,1.0173
2023,MNQ,long,2023-03-22T13:54:00+00:00,12884.7500,2023-03-22T18:04:00+00:00,12967.87500,1158.570000,15000,111.2500,20.7500,3.3459,0.6241
2023,MNQ,long,2023-03-23T14:04:00+00:00,12894.2500,2023-03-23T15:04:00+00:00,13011.12500,1165.050000,3600,118.7500,6.2500,2.5401,0.1337
2023,MNQ,short,2023-03-24T15:14:00+00:00,12739.0000,2023-03-24T16:04:00+00:00,12844.7500,-424.48000,3000,11.0000,115.7500,0.1043,1.0972
2023,MNQ,long,2023-03-27T13:49:00+00:00,12943.5000,2023-03-27T14:34:00+00:00,12880.7500,-504.96000,2700,21.7500,68.2500,0.348,1.092
2023,MNQ,short,2023-03-28T14:34:00+00:00,12650.7500,2023-03-28T20:09:00+00:00,12742.7500,-369.48000,20100,16.5000,103.7500,0.1307,0.8218
2023,MNQ,long,2023-03-29T14:04:00+00:00,12928.5000,2023-03-29T14:34:00+00:00,12881.0000,-478.70000,1800,3.0000,50.7500,0.0635,1.0741
2023,MNQ,long,2023-03-30T14:29:00+00:00,13093.5000,2023-03-30T17:34:00+00:00,13037.0000,-454.96000,11100,18.2500,61.2500,0.3244,1.0889
2023,MNQ,long,2023-03-31T13:49:00+00:00,13148.0000,2023-03-31T20:09:00+00:00,13299.2500,905.28000,22800,163.5000,17.7500,2.4222,0.263
2023,MNQ,long,2023-04-03T13:49:00+00:00,13260.5000,2023-04-03T14:54:00+00:00,13198.2500,-500.96000,3900,7.7500,79.2500,0.125,1.2782
2023,MNQ,long,2023-04-04T14:04:00+00:00,13302.7500,2023-04-04T15:09:00+00:00,13232.0000,-426.72000,3900,24.0000,74.2500,0.3404,1.0532
2023,MNQ,short,2023-04-05T13:49:00+00:00,13125.7500,2023-04-05T20:09:00+00:00,13074.0000,411.04000,22800,119.7500,39.2500,2.1384,0.7009
2023,MNQ,long,2023-04-06T14:09:00+00:00,13026.5000,2023-04-06T20:09:00+00:00,13164.5000,825.78000,21600,164.5000,18.7500,2.3927,0.2727
2023,MNQ,short,2023-04-10T13:49:00+00:00,12983.0000,2023-04-10T15:09:00+00:00,13050.2500,-405.72000,4800,15.5000,71.0000,0.2313,1.0597
2023,MNQ,short,2023-04-11T14:14:00+00:00,13084.0000,2023-04-11T20:09:00+00:00,13080.5000,18.78000,21300,30.5000,49.5000,0.4,0.6492
2023,MNQ,short,2023-04-12T13:49:00+00:00,13065.7500,2023-04-12T20:09:00+00:00,12959.7500,422.52000,22800,128.0000,63.2500,1.1179,0.5524
2023,MNQ,long,2023-04-13T14:09:00+00:00,13096.2500,2023-04-13T20:09:00+00:00,13199.0000,614.28000,21600,131.7500,6.5000,1.7279,0.0852
2023,MNQ,long,2023-04-14T13:49:00+00:00,13223.2500,2023-04-14T14:29:00+00:00,13133.5000,-360.48000,2400,31.7500,90.7500,0.3547,1.014
2023,MNQ,short,2023-04-17T14:39:00+00:00,13130.5000,2023-04-17T20:09:00+00:00,13194.2500,-384.72000,19800,53.7500,65.5000,0.7143,0.8704
2023,MNQ,long,2023-04-18T13:49:00+00:00,13294.2500,2023-04-18T13:59:00+00:00,13259.0000,-498.68000,600,1.5000,52.2500,0.0429,1.4929
2023,MNQ,long,2023-04-19T14:39:00+00:00,13136.0000,2023-04-19T20:09:00+00:00,13176.5000,321.04000,19800,90.7500,11.7500,1.6425,0.2127
2023,MNQ,long,2023-04-20T13:49:00+00:00,13115.5000,2023-04-20T19:19:00+00:00,13046.2500,-417.72000,19800,84.5000,81.5000,1.2246,1.1812
2023,MNQ,short,2023-04-21T13:54:00+00:00,13022.7500,2023-04-21T14:29:00+00:00,13074.0000,-412.96000,2100,40.2500,59.0000,0.7892,1.1569
2023,MNQ,short,2023-04-24T14:39:00+00:00,13031.0000,2023-04-24T20:09:00+00:00,13055.2500,-98.48000,19800,63.7500,36.7500,0.6204,0.3577
2023,MNQ,short,2023-04-25T13:49:00+00:00,12978.0000,2023-04-25T17:19:00+00:00,12885.50000,1105.560000,12600,123.5000,23.7500,3.3378,0.6419
2023,MNQ,long,2023-04-26T13:59:00+00:00,12961.0000,2023-04-26T14:24:00+00:00,12899.2500,-496.96000,1500,6.5000,64.5000,0.1057,1.0488
2023,MNQ,long,2023-04-27T14:09:00+00:00,13054.0000,2023-04-27T16:14:00+00:00,13154.62500,1203.060000,7500,102.0000,5.5000,2.5342,0.1366
2023,MNQ,long,2023-04-28T14:14:00+00:00,13266.2500,2023-04-28T20:09:00+00:00,13326.5000,239.52000,21300,69.7500,82.7500,0.744,0.8827
2023,MNQ,long,2023-05-01T13:54:00+00:00,13320.2500,2023-05-01T14:04:00+00:00,13285.7500,-488.18000,600,1.5000,37.0000,0.0438,1.0803
2023,MNQ,short,2023-05-02T14:09:00+00:00,13264.2500,2023-05-02T14:54:00+00:00,13142.37500,1215.050000,2700,125.2500,3.2500,2.5692,0.0667
2023,MNQ,long,2023-05-03T13:54:00+00:00,13236.7500,2023-05-03T15:04:00+00:00,13187.7500,-493.70000,4200,5.2500,53.7500,0.1077,1.1026
2023,MNQ,short,2023-05-04T14:24:00+00:00,13020.5000,2023-05-04T15:09:00+00:00,13086.0000,-395.22000,2700,18.7500,86.7500,0.2874,1.3295
2023,MNQ,long,2023-05-05T13:49:00+00:00,13177.5000,2023-05-05T18:04:00+00:00,13310.00000,1057.040000,15300,138.0000,9.0000,2.6038,0.1698
2023,MNQ,short,2023-05-08T13:54:00+00:00,13261.5000,2023-05-08T15:49:00+00:00,13310.2500,-491.20000,6900,7.0000,53.0000,0.1443,1.0928
2023,MNQ,long,2023-05-09T13:59:00+00:00,13309.7500,2023-05-09T15:14:00+00:00,13274.5000,-498.68000,4500,7.7500,45.5000,0.2214,1.3
2023,MNQ,long,2023-05-10T14:09:00+00:00,13424.0000,2023-05-10T14:49:00+00:00,13321.2500,-412.48000,2400,9.7500,107.5000,0.0951,1.0488
2023,MNQ,short,2023-05-11T14:34:00+00:00,13376.7500,2023-05-11T15:29:00+00:00,13433.2500,-454.96000,3300,15.2500,58.2500,0.2711,1.0356
2023,MNQ,short,2023-05-12T13:49:00+00:00,13443.7500,2023-05-12T16:44:00+00:00,13335.62500,1077.550000,10500,109.0000,20.7500,2.5202,0.4798
2023,MNQ,short,2023-05-15T13:54:00+00:00,13388.5000,2023-05-15T15:19:00+00:00,13419.5000,-501.92000,5100,37.0000,40.5000,1.2033,1.3171
2023,MNQ,long,2023-05-16T13:49:00+00:00,13504.0000,2023-05-16T20:09:00+00:00,13492.7500,-69.72000,22800,50.5000,52.0000,0.7292,0.7509
2023,MNQ,short,2023-05-17T13:49:00+00:00,13505.2500,2023-05-17T15:04:00+00:00,13540.0000,-491.68000,4500,29.7500,37.5000,0.8623,1.087
2023,MNQ,long,2023-05-18T13:59:00+00:00,13713.2500,2023-05-18T19:44:00+00:00,13863.87500,1202.040000,20700,163.7500,12.7500,2.7178,0.2116
2023,MNQ,short,2023-05-19T13:49:00+00:00,13887.2500,2023-05-19T20:09:00+00:00,13848.0000,466.56000,22800,73.0000,25.5000,1.759,0.6145
2023,MNQ,long,2023-05-22T13:49:00+00:00,13927.7500,2023-05-22T20:09:00+00:00,13914.2500,-83.22000,22800,19.0000,65.5000,0.236,0.8137
2023,MNQ,long,2023-05-23T13:54:00+00:00,13871.2500,2023-05-23T16:39:00+00:00,13822.2500,-493.70000,9900,6.7500,76.2500,0.1385,1.5641
2023,MNQ,short,2023-05-24T14:04:00+00:00,13616.5000,2023-05-24T19:24:00+00:00,13675.0000,-470.96000,19200,50.0000,67.0000,0.8584,1.1502
2023,MNQ,short,2023-05-25T14:24:00+00:00,13857.5000,2023-05-25T15:14:00+00:00,13965.7500,-434.48000,3000,4.2500,124.5000,0.0394,1.1528
2023,MNQ,long,2023-05-26T13:49:00+00:00,14096.5000,2023-05-26T15:54:00+00:00,14300.25000,1220.280000,7500,205.0000,0.7500,2.5153,0.0092
2023,MNQ,long,2023-05-29T14:24:00+00:00,14380.0000,2023-05-29T16:59:00+00:00,14408.75000,1248.720000,9300,32.2500,4.2500,2.8043,0.3696
2023,MNQ,short,2023-05-30T13:54:00+00:00,14439.0000,2023-05-30T20:09:00+00:00,14403.7500,139.52000,22500,102.2500,45.5000,0.8503,0.3784
2023,MNQ,long,2023-05-31T13:49:00+00:00,14395.5000,2023-05-31T14:14:00+00:00,14324.0000,-431.22000,1500,12.5000,73.5000,0.1754,1.0316
2023,MNQ,long,2023-06-01T14:04:00+00:00,14323.2500,2023-06-01T18:54:00+00:00,14500.75000,1062.780000,17400,189.5000,50.5000,2.669,0.7113
2023,MNQ,short,2023-06-02T13:49:00+00:00,14541.7500,2023-06-02T20:09:00+00:00,14587.5000,-276.72000,22800,73.5000,67.2500,0.8571,0.7843
2023,MNQ,long,2023-06-05T14:54:00+00:00,14657.0000,2023-06-05T18:34:00+00:00,14567.7500,-537.72000,13200,37.7500,112.5000,0.4242,1.264
2023,MNQ,long,2023-06-06T14:24:00+00:00,14578.5000,2023-06-06T20:09:00+00:00,14595.0000,96.78000,20700,45.2500,50.7500,0.6136,0.6881
2023,MNQ,short,2023-06-07T14:19:00+00:00,14580.7500,2023-06-07T17:39:00+00:00,14345.75000,938.520000,12000,239.0000,5.7500,2.5426,0.0612
2023,MNQ,long,2023-06-08T14:14:00+00:00,14406.7500,2023-06-08T20:09:00+00:00,14495.5000,530.28000,21300,116.7500,15.7500,1.4873,0.2006
2023,MNQ,long,2023-06-09T13:49:00+00:00,14634.5000,2023-06-09T15:29:00+00:00,14557.0000,-467.22000,6000,53.0000,86.0000,0.6861,1.1133
2023,MNQ,short,2023-06-12T14:09:00+00:00,14599.7500,2023-06-12T14:49:00+00:00,14637.5000,-533.68000,2400,16.5000,51.5000,0.44,1.3733
2023,MNQ,short,2023-06-13T13:49:00+00:00,14858.5000,2023-06-13T20:09:00+00:00,14911.2500,-318.72000,22800,79.0000,72.2500,0.9159,0.8377
2023,MNQ,long,2023-06-14T13:49:00+00:00,15116.7500,2023-06-14T18:04:00+00:00,15052.5000,-516.96000,15300,99.2500,82.0000,1.5508,1.2812
2023,MNQ,long,2023-06-15T13:49:00+00:00,15192.2500,2023-06-15T18:44:00+00:00,15386.00000,1160.280000,17700,206.2500,11.7500,2.6613,0.1516
2023,MNQ,short,2023-06-16T13:54:00+00:00,15338.5000,2023-06-16T20:09:00+00:00,15307.7500,60.76000,22500,80.0000,78.5000,0.585,0.574
2023,MNQ,short,2023-06-19T14:14:00+00:00,15231.2500,2023-06-20T00:04:00+00:00,15253.0000,-530.88000,35400,0.5000,26.0000,0.0233,1.2093
2023,MNQ,long,2023-06-20T13:49:00+00:00,15297.7500,2023-06-20T14:04:00+00:00,15204.5000,-374.48000,900,2.5000,93.7500,0.0269,1.0081
2023,MNQ,short,2023-06-21T13:49:00+00:00,15156.5000,2023-06-21T20:09:00+00:00,15055.7500,803.04000,22800,154.2500,10.0000,2.468,0.16
2023,MNQ,long,2023-06-22T13:49:00+00:00,15069.2500,2023-06-22T20:09:00+00:00,15208.2500,554.52000,22800,150.5000,14.0000,1.4333,0.1333
2023,MNQ,short,2023-06-23T13:49:00+00:00,14992.2500,2023-06-23T16:19:00+00:00,15087.7500,-383.48000,9000,7.0000,113.2500,0.0735,1.189
2023,MNQ,long,2023-06-26T13:54:00+00:00,15123.7500,2023-06-26T15:09:00+00:00,15024.5000,-398.48000,4500,28.7500,107.7500,0.2904,1.0884
2023,MNQ,long,2023-06-27T15:29:00+00:00,14982.5000,2023-06-27T20:09:00+00:00,15091.2500,650.28000,16800,156.7500,8.5000,1.8605,0.1009
2023,MNQ,long,2023-06-28T14:19:00+00:00,15114.2500,2023-06-28T20:09:00+00:00,15167.5000,317.28000,21000,104.7500,55.5000,1.1836,0.6271
2023,MNQ,short,2023-06-29T14:09:00+00:00,15059.7500,2023-06-29T20:09:00+00:00,15114.0000,-327.72000,21600,31.2500,80.0000,0.3687,0.944
2023,MNQ,long,2023-06-30T13:49:00+00:00,15327.5000,2023-06-30T20:09:00+00:00,15325.5000,-14.22000,22800,49.2500,43.5000,0.5549,0.4901
2023,MNQ,long,2023-07-03T13:49:00+00:00,15377.2500,2023-07-03T14:34:00+00:00,15337.2500,-484.44000,2700,12.7500,43.2500,0.3208,1.0881
2023,MNQ,short,2023-07-04T13:49:00+00:00,15361.7500,2023-07-04T14:44:00+00:00,15345.50000,952.800000,3300,16.5000,4.7500,2.5385,0.7308
2023,MNQ,long,2023-07-05T13:54:00+00:00,15384.7500,2023-07-05T20:09:00+00:00,15355.7500,-117.48000,22500,47.2500,60.5000,0.5136,0.6576
2023,MNQ,short,2023-07-06T13:54:00+00:00,15137.2500,2023-07-06T16:34:00+00:00,15214.2500,-464.22000,9600,25.7500,77.0000,0.3355,1.0033
2023,MNQ,long,2023-07-07T13:49:00+00:00,15248.5000,2023-07-07T14:34:00+00:00,15188.7500,-480.96000,2700,29.5000,69.0000,0.4958,1.1597
2023,MNQ,short,2023-07-10T13:49:00+00:00,15147.2500,2023-07-10T20:09:00+00:00,15214.7500,-407.22000,22800,84.0000,71.0000,1.2491,1.0558
2023,MNQ,short,2023-07-11T14:04:00+00:00,15132.5000,2023-07-11T15:59:00+00:00,15233.5000,-405.48000,6900,23.0000,104.0000,0.2283,1.0323
2023,MNQ,long,2023-07-12T13:49:00+00:00,15451.0000,2023-07-12T15:39:00+00:00,15408.5000,-514.44000,6600,56.7500,44.0000,1.3432,1.0414
2023,MNQ,long,2023-07-13T13:54:00+00:00,15619.7500,2023-07-13T20:09:00+00:00,15704.2500,504.78000,22500,121.5000,60.5000,1.8067,0.8996
2023,MNQ,long,2023-07-14T13:54:00+00:00,15806.2500,2023-07-14T18:29:00+00:00,15721.5000,-510.72000,16500,51.0000,90.0000,0.6036,1.0651
2023,MNQ,short,2023-07-17T13:49:00+00:00,15721.2500,2023-07-17T15:29:00+00:00,15781.5000,-484.96000,6000,12.5000,63.0000,0.2083,1.05
2023,MNQ,long,2023-07-18T15:44:00+00:00,15831.5000,2023-07-18T19:19:00+00:00,16029.00000,1182.780000,12900,198.2500,0.5000,2.5095,0.0063
2023,MNQ,long,2023-07-19T15:14:00+00:00,16042.2500,2023-07-19T16:24:00+00:00,15977.5000,-520.96000,4200,20.5000,66.5000,0.3178,1.031
2023,MNQ,short,2023-07-20T14:04:00+00:00,15822.0000,2023-07-20T18:19:00+00:00,15647.00000,1047.780000,15300,181.0000,10.0000,2.5857,0.1429
2023,MNQ,short,2023-07-21T13:49:00+00:00,15643.7500,2023-07-21T20:09:00+00:00,15552.2500,546.78000,22800,121.5000,10.7500,1.6146,0.1429
2023,MNQ,short,2023-07-24T13:49:00+00:00,15557.7500,2023-07-24T20:09:00+00:00,15562.0000,-36.96000,22800,74.0000,40.0000,1.2181,0.6584
2023,MNQ,long,2023-07-25T13:49:00+00:00,15645.2500,2023-07-25T20:09:00+00:00,15704.7500,473.04000,22800,91.0000,41.2500,1.5895,0.7205
2023,MNQ,short,2023-07-26T14:59:00+00:00,15537.2500,2023-07-26T18:39:00+00:00,15639.2500,-409.48000,13200,22.2500,128.2500,0.2187,1.2604
2023,MNQ,short,2023-07-27T14:24:00+00:00,15818.7500,2023-07-27T18:29:00+00:00,15630.00000,1130.280000,14700,206.0000,38.0000,2.7285,0.5033
2023,MNQ,long,2023-07-28T13:49:00+00:00,15801.5000,2023-07-28T20:09:00+00:00,15847.5000,273.78000,22800,94.5000,27.0000,1.1053,0.3158
2023,MNQ,short,2023-07-31T13:59:00+00:00,15827.7500,2023-07-31T20:09:00+00:00,15867.7500,-242.22000,22200,27.5000,52.0000,0.3971,0.7509
2023,MNQ,short,2023-08-01T14:14:00+00:00,15755.2500,2023-08-01T14:34:00+00:00,15804.0000,-491.20000,1200,27.0000,49.5000,0.5567,1.0206
2023,MNQ,short,2023-08-02T14:09:00+00:00,15556.0000,2023-08-02T20:09:00+00:00,15477.0000,314.52000,21600,142.0000,11.7500,1.2622,0.1044
2023,MNQ,long,2023-08-03T13:49:00+00:00,15436.5000,2023-08-03T20:09:00+00:00,15507.0000,420.78000,22800,91.0000,83.0000,1.0706,0.9765
2023,MNQ,short,2023-08-04T13:54:00+00:00,15472.2500,2023-08-04T16:29:00+00:00,15583.5000,-446.48000,9300,79.5000,120.2500,0.7162,1.0833
2023,MNQ,short,2023-08-07T13:49:00+00:00,15382.5000,2023-08-07T19:54:00+00:00,15473.2500,-546.72000,21900,48.2500,97.5000,0.5331,1.0773
2023,MNQ,short,2023-08-08T13:49:00+00:00,15286.2500,2023-08-08T20:09:00+00:00,15356.0000,-280.48000,22800,68.2500,83.7500,0.7339,0.9005
2023,MNQ,short,2023-08-09T13:54:00+00:00,15278.0000,2023-08-09T20:09:00+00:00,15200.0000,310.52000,22500,131.5000,28.5000,1.4571,0.3158
2023,MNQ,long,2023-08-10T13:49:00+00:00,15377.5000,2023-08-10T15:24:00+00:00,15273.2500,-418.48000,5700,64.7500,116.0000,0.6226,1.1154
2023,MNQ,long,2023-08-11T14:14:00+00:00,15132.0000,2023-08-11T15:29:00+00:00,15057.2500,-450.72000,4500,42.2500,76.5000,0.5671,1.0268
2023,MNQ,long,2023-08-14T13:54:00+00:00,15116.0000,2023-08-14T20:09:00+00:00,15274.0000,945.78000,22500,161.5000,15.7500,2.0,0.195
2023,MNQ,short,2023-08-15T13:49:00+00:00,15196.5000,2023-08-15T20:09:00+00:00,15105.0000,729.04000,22800,121.7500,20.7500,1.948,0.332
2023,MNQ,long,2023-08-16T13:49:00+00:00,15120.0000,2023-08-16T15:54:00+00:00,15051.0000,-554.96000,7500,24.0000,74.0000,0.3491,1.0764
2023,MNQ,short,2023-08-17T13:54:00+00:00,14915.2500,2023-08-17T20:09:00+00:00,14768.2500,586.52000,22500,160.7500,42.2500,1.7473,0.4592
2023,MNQ,long,2023-08-18T13:49:00+00:00,14680.5000,2023-08-18T14:04:00+00:00,14623.5000,-458.96000,900,16.5000,65.0000,0.2907,1.1454
2023,MNQ,long,2023-08-21T13:59:00+00:00,14913.7500,2023-08-21T15:14:00+00:00,14805.5000,-434.48000,4500,18.7500,108.7500,0.1736,1.0069
2023,MNQ,short,2023-08-22T13:54:00+00:00,15015.7500,2023-08-22T20:09:00+00:00,14965.2500,300.78000,22500,83.7500,41.2500,1.0984,0.541
2023,MNQ,long,2023-08-23T13:49:00+00:00,15055.2500,2023-08-23T15:24:00+00:00,15194.00000,1107.040000,5700,143.0000,5.0000,2.5766,0.0901
2023,MNQ,short,2023-08-24T13:49:00+00:00,15201.0000,2023-08-24T19:59:00+00:00,14854.75000,1383.520000,22200,346.2500,33.5000,2.5,0.2419
2023,MNQ,long,2023-08-25T13:59:00+00:00,14949.0000,2023-08-25T14:09:00+00:00,14892.2500,-571.20000,600,46.5000,68.0000,0.823,1.2035
2023,MNQ,short,2023-08-28T14:44:00+00:00,15033.0000,2023-08-28T20:09:00+00:00,15099.7500,-402.72000,19500,49.5000,77.2500,0.5308,0.8284
2023,MNQ,long,2023-08-29T13:49:00+00:00,15165.2500,2023-08-29T19:19:00+00:00,15420.87500,1021.020000,19800,262.7500,21.5000,2.5697,0.2103
2023,MNQ,long,2023-08-30T13:54:00+00:00,15463.7500,2023-08-30T14:29:00+00:00,15386.5000,-465.72000,2100,43.5000,88.7500,0.5649,1.1526
2023,MNQ,long,2023-08-31T13:59:00+00:00,15566.7500,2023-08-31T20:09:00+00:00,15546.0000,-126.72000,22200,40.0000,73.7500,0.5145,0.9486
2023,MNQ,short,2023-09-01T13:49:00+00:00,15517.2500,2023-09-01T20:09:00+00:00,15515.0000,7.52000,22800,63.2500,75.5000,0.4677,0.5582
2023,MNQ,long,2023-09-04T13:54:00+00:00,15576.2500,2023-09-04T14:14:00+00:00,15554.2500,-536.88000,1200,2.5000,22.2500,0.1149,1.023
2023,MNQ,short,2023-09-05T14:04:00+00:00,15445.7500,2023-09-05T14:24:00+00:00,15507.0000,-492.96000,1200,2.0000,66.7500,0.0328,1.0943
2023,MNQ,short,2023-09-06T14:04:00+00:00,15411.2500,2023-09-06T20:09:00+00:00,15387.2500,94.52000,21900,100.7500,21.5000,1.0522,0.2245
2023,MNQ,long,2023-09-07T14:44:00+00:00,15271.2500,2023-09-07T20:09:00+00:00,15269.5000,-8.48000,19500,40.5000,73.7500,0.3568,0.6498
2023,MNQ,long,2023-09-08T13:49:00+00:00,15362.0000,2023-09-08T18:59:00+00:00,15270.0000,-554.22000,18600,28.7500,92.7500,0.3134,1.0109
2023,MNQ,short,2023-09-11T13:59:00+00:00,15364.5000,2023-09-11T17:34:00+00:00,15448.2500,-504.72000,12900,25.5000,86.5000,0.3054,1.0359
2023,MNQ,long,2023-09-12T13:59:00+00:00,15452.7500,2023-09-12T14:29:00+00:00,15389.0000,-512.96000,1800,4.5000,69.0000,0.0709,1.0866
2023,MNQ,short,2023-09-13T14:09:00+00:00,15484.2500,2023-09-13T14:44:00+00:00,15561.5000,-465.72000,2100,30.0000,88.0000,0.3896,1.1429
2023,MNQ,short,2023-09-14T13:54:00+00:00,15560.5000,2023-09-14T14:44:00+00:00,15638.7500,-471.72000,3000,29.5000,85.5000,0.3782,1.0962
2023,MNQ,short,2023-09-15T13:59:00+00:00,15512.2500,2023-09-15T20:09:00+00:00,15389.0000,491.52000,22200,155.5000,20.2500,1.3522,0.1761
2023,MNQ,long,2023-09-18T15:34:00+00:00,15435.5000,2023-09-18T20:09:00+00:00,15426.0000,-39.48000,16500,25.5000,56.5000,0.2764,0.6125
2023,MNQ,short,2023-09-19T13:59:00+00:00,15303.5000,2023-09-19T17:49:00+00:00,15373.2500,-420.72000,13800,55.0000,75.7500,0.7914,1.0899
2023,MNQ,short,2023-09-20T14:14:00+00:00,15372.7500,2023-09-20T19:19:00+00:00,15229.00000,1147.040000,18300,149.5000,19.7500,2.6,0.3435
2023,MNQ,short,2023-09-21T13:49:00+00:00,14963.5000,2023-09-21T20:09:00+00:00,14863.5000,797.04000,22800,113.5000,55.2500,2.0088,0.9779
2023,MNQ,long,2023-09-22T13:59:00+00:00,14950.0000,2023-09-22T18:14:00+00:00,14888.0000,-498.96000,15300,77.5000,69.2500,1.2551,1.1215
2023,MNQ,long,2023-09-25T13:59:00+00:00,14876.2500,2023-09-25T20:09:00+00:00,14937.5000,243.52000,22200,71.2500,61.0000,0.762,0.6524
2023,MNQ,short,2023-09-26T13:49:00+00:00,14799.2500,2023-09-26T19:19:00+00:00,14682.37500,1165.050000,19800,121.7500,6.5000,2.6043,0.139
2023,MNQ,short,2023-09-27T14:04:00+00:00,14741.0000,2023-09-27T17:44:00+00:00,14611.00000,1296.300000,13200,155.0000,31.0000,2.9808,0.5962
2023,MNQ,long,2023-09-28T13:54:00+00:00,14733.5000,2023-09-28T16:19:00+00:00,14921.62500,1126.530000,8700,189.0000,54.0000,2.5116,0.7176
2023,MNQ,long,2023-09-29T13:49:00+00:00,15017.7500,2023-09-29T14:24:00+00:00,14976.7500,-579.18000,2100,43.0000,43.7500,1.0552,1.0736
2023,MNQ,long,2023-10-02T14:04:00+00:00,14982.7500,2023-10-02T20:09:00+00:00,14994.2500,44.52000,21900,63.2500,118.5000,0.4694,0.8794
2023,MNQ,long,2023-10-03T13:49:00+00:00,14931.2500,2023-10-03T14:04:00+00:00,14873.5000,-581.20000,900,43.5000,79.0000,0.7565,1.3739
2023,MNQ,short,2023-10-04T14:29:00+00:00,14738.2500,2023-10-04T14:44:00+00:00,14834.5000,-386.48000,900,0,111.7500,0.0,1.1641
2023,MNQ,short,2023-10-05T13:49:00+00:00,14846.7500,2023-10-05T20:09:00+00:00,14858.2500,-71.22000,22800,130.5000,60.2500,1.6415,0.7579
2023,MNQ,long,2023-10-06T14:24:00+00:00,14824.0000,2023-10-06T18:39:00+00:00,15127.75000,1213.520000,15300,314.7500,6.0000,2.5905,0.0494
2023,MNQ,long,2023-10-09T13:49:00+00:00,15058.7500,2023-10-09T20:09:00+00:00,15200.0000,563.52000,22800,154.0000,93.7500,1.4128,0.8601
2023,MNQ,long,2023-10-10T13:59:00+00:00,15240.7500,2023-10-10T20:09:00+00:00,15281.5000,323.04000,22200,142.7500,3.0000,2.3595,0.0496
2023,MNQ,short,2023-10-11T14:04:00+00:00,15310.2500,2023-10-11T20:04:00+00:00,15387.2500,-464.22000,21600,57.2500,95.2500,0.7459,1.241
2023,MNQ,long,2023-10-12T14:09:00+00:00,15422.5000,2023-10-12T17:09:00+00:00,15366.0000,-568.70000,10800,46.2500,64.5000,0.8222,1.1467
2023,MNQ,short,2023-10-13T14:14:00+00:00,15288.5000,2023-10-13T17:29:00+00:00,15093.50000,1167.780000,11700,213.5000,17.0000,2.7372,0.2179
2023,MNQ,long,2023-10-16T14:19:00+00:00,15264.0000,2023-10-16T20:09:00+00:00,15298.0000,201.78000,21000,72.7500,52.0000,0.7658,0.5474
2023,MNQ,short,2023-10-17T13:49:00+00:00,15083.5000,2023-10-17T14:09:00+00:00,15142.0000,-588.70000,1200,33.2500,63.7500,0.5708,1.0944
2023,MNQ,long,2023-10-18T14:19:00+00:00,15200.7500,2023-10-18T14:39:00+00:00,15125.5000,-453.72000,1200,23.0000,96.2500,0.3067,1.2833
2023,MNQ,short,2023-10-19T14:29:00+00:00,15003.2500,2023-10-19T16:04:00+00:00,15109.0000,-424.48000,5700,37.0000,121.5000,0.3507,1.1517
2023,MNQ,short,2023-10-20T14:14:00+00:00,14783.7500,2023-10-20T20:09:00+00:00,14655.5000,511.52000,21300,136.5000,29.2500,1.3448,0.2882
2023,MNQ,long,2023-10-23T13:59:00+00:00,14636.7500,2023-10-23T20:09:00+00:00,14741.7500,418.52000,22200,217.0000,25.7500,1.7751,0.2106
2023,MNQ,long,2023-10-24T14:29:00+00:00,14848.0000,2023-10-24T16:24:00+00:00,14763.0000,-512.22000,6900,30.0000,93.0000,0.354,1.0973
2023,MNQ,short,2023-10-25T13:49:00+00:00,14612.5000,2023-10-25T20:09:00+00:00,14487.7500,497.52000,22800,168.5000,72.2500,1.2344,0.5293
2023,MNQ,short,2023-10-26T13:49:00+00:00,14362.7500,2023-10-26T20:09:00+00:00,14242.5000,719.28000,22800,222.5000,22.2500,2.3177,0.2318
2023,MNQ,short,2023-10-27T13:49:00+00:00,14296.2500,2023-10-27T14:09:00+00:00,14349.2500,-533.70000,1200,5.2500,62.0000,0.0995,1.1754
2023,MNQ,long,2023-10-30T13:49:00+00:00,14462.7500,2023-10-30T14:29:00+00:00,14334.7500,-513.48000,2400,13.7500,132.0000,0.1076,1.0333
2023,MNQ,long,2023-10-31T16:49:00+00:00,14436.0000,2023-10-31T20:09:00+00:00,14471.5000,140.52000,12000,67.7500,23.0000,0.6216,0.211
2023,MNQ,long,2023-11-01T13:49:00+00:00,14575.5000,2023-11-01T19:14:00+00:00,14725.50000,1197.040000,19500,155.5000,45.5000,2.5917,0.7583
2023,MNQ,short,2023-11-02T14:09:00+00:00,14892.5000,2023-11-02T14:54:00+00:00,14952.5000,-482.96000,2700,23.0000,72.5000,0.3849,1.2134
2023,MNQ,long,2023-11-03T13:49:00+00:00,15115.5000,2023-11-03T20:09:00+00:00,15183.0000,402.78000,22800,113.0000,64.0000,1.5117,0.8562
2023,MNQ,short,2023-11-06T15:14:00+00:00,15186.7500,2023-11-06T21:09:00+00:00,15225.7500,-314.96000,21300,48.7500,59.2500,0.6915,0.8404
2023,MNQ,long,2023-11-07T14:59:00+00:00,15298.0000,2023-11-07T21:09:00+00:00,15375.5000,617.04000,22200,114.2500,25.2500,1.5492,0.3424
2023,MNQ,short,2023-11-08T15:04:00+00:00,15356.5000,2023-11-08T21:09:00+00:00,15376.0000,-198.70000,21900,69.7500,38.0000,1.1723,0.6387
2023,MNQ,long,2023-11-09T14:59:00+00:00,15423.2500,2023-11-09T15:09:00+00:00,15365.5000,-581.20000,600,9.5000,70.7500,0.1652,1.2304
2023,MNQ,long,2023-11-10T14:54:00+00:00,15385.0000,2023-11-10T20:19:00+00:00,15583.12500,1186.530000,19500,203.7500,63.0000,2.571,0.795
2023,MNQ,short,2023-11-13T14:54:00+00:00,15476.0000,2023-11-13T15:49:00+00:00,15539.0000,-506.96000,3300,10.7500,70.5000,0.1713,1.1235
2023,MNQ,long,2023-11-14T14:59:00+00:00,15862.7500,2023-11-14T21:09:00+00:00,15894.5000,251.04000,22200,56.0000,40.7500,0.7751,0.564
2023,MNQ,short,2023-11-15T14:54:00+00:00,15918.2500,2023-11-15T15:54:00+00:00,15973.5000,-556.20000,3600,12.2500,59.0000,0.2227,1.0727
2023,MNQ,long,2023-11-16T14:49:00+00:00,15868.0000,2023-11-16T15:44:00+00:00,15825.2500,-517.44000,3300,37.7500,53.5000,0.8882,1.2588
2023,MNQ,long,2023-11-17T16:59:00+00:00,15880.0000,2023-11-17T21:09:00+00:00,15889.7500,112.56000,15000,60.0000,16.5000,1.2435,0.342
2023,MNQ,long,2023-11-20T14:59:00+00:00,15996.5000,2023-11-20T21:09:00+00:00,16080.2500,333.52000,22200,120.2500,58.7500,1.1847,0.5788
2023,MNQ,short,2023-11-21T15:24:00+00:00,15944.7500,2023-11-21T21:09:00+00:00,15978.0000,-201.72000,20700,28.0000,56.5000,0.3696,0.7459
2023,MNQ,short,2023-11-22T14:54:00+00:00,16058.7500,2023-11-22T21:09:00+00:00,16043.7500,58.52000,22500,53.2500,45.7500,0.4651,0.3996
2023,MNQ,short,2023-11-23T15:04:00+00:00,16053.7500,2023-11-23T15:54:00+00:00,16069.2500,-603.06000,3000,2.2500,16.2500,0.1475,1.0656
2023,MNQ,short,2023-11-24T15:24:00+00:00,16000.2500,2023-11-27T15:09:00+00:00,16044.2500,-443.70000,258300,61.5000,44.7500,1.1604,0.8443
2023,MNQ,long,2023-11-27T15:09:00+00:00,16044.2500,2023-11-27T21:09:00+00:00,16007.0000,-225.72000,21600,45.0000,46.5000,0.6102,0.6305
2023,MNQ,short,2023-11-28T14:54:00+00:00,15960.0000,2023-11-28T15:39:00+00:00,16007.5000,-574.44000,2700,1.2500,52.5000,0.0265,1.1111
2023,MNQ,short,2023-11-29T15:09:00+00:00,16123.7500,2023-11-29T21:09:00+00:00,16042.7500,483.78000,21600,110.2500,9.0000,1.3047,0.1065
2023,MNQ,short,2023-11-30T15:04:00+00:00,15921.5000,2023-11-30T21:09:00+00:00,15966.5000,-181.48000,21900,65.5000,77.5000,0.5048,0.5973
2023,MNQ,long,2023-12-01T15:04:00+00:00,15938.2500,2023-12-01T15:29:00+00:00,15875.5000,-504.96000,1500,11.7500,64.7500,0.188,1.036
2023,MNQ,short,2023-12-04T15:14:00+00:00,15831.0000,2023-12-04T20:54:00+00:00,15876.5000,-550.44000,20400,109.7500,54.7500,2.4254,1.2099
2023,MNQ,long,2023-12-05T14:54:00+00:00,15852.5000,2023-12-05T21:09:00+00:00,15912.0000,473.04000,22500,108.5000,25.0000,1.5725,0.3623
2023,MNQ,short,2023-12-06T15:04:00+00:00,15920.7500,2023-12-06T21:09:00+00:00,15818.0000,409.52000,21900,118.7500,52.5000,1.0171,0.4497
2023,MNQ,long,2023-12-07T15:24:00+00:00,15994.0000,2023-12-07T21:09:00+00:00,16022.2500,167.28000,20700,72.0000,63.2500,0.83,0.7291
2023,MNQ,long,2023-12-08T15:04:00+00:00,16044.7500,2023-12-08T21:09:00+00:00,16086.5000,165.52000,21900,74.0000,55.2500,0.7609,0.5681
2023,MNQ,long,2023-12-11T14:54:00+00:00,16151.0000,2023-12-11T21:09:00+00:00,16235.5000,504.78000,22500,94.7500,29.5000,1.1555,0.3598
2023,MNQ,long,2023-12-12T14:59:00+00:00,16255.7500,2023-12-12T21:09:00+00:00,16380.7500,997.04000,22200,128.0000,12.5000,1.8221,0.1779
2023,MNQ,short,2023-12-13T16:24:00+00:00,16604.0000,2023-12-13T19:04:00+00:00,16657.2500,-536.20000,9600,28.0000,65.7500,0.5283,1.2406
2023,MNQ,short,2023-12-14T15:19:00+00:00,16804.7500,2023-12-14T18:54:00+00:00,16659.12500,1452.550000,12900,176.7500,15.7500,3.0343,0.2704
2023,MNQ,long,2023-12-15T15:19:00+00:00,16848.0000,2023-12-15T18:44:00+00:00,16780.0000,-546.96000,12300,39.2500,74.5000,0.5793,1.0996
2023,MNQ,long,2023-12-18T14:59:00+00:00,16878.7500,2023-12-18T21:09:00+00:00,16913.7500,415.56000,22200,95.2500,23.0000,2.0707,0.5
2023,MNQ,long,2023-12-19T15:34:00+00:00,16998.2500,2023-12-19T21:09:00+00:00,17016.2500,176.30000,20100,31.2500,33.0000,0.5841,0.6168
2023,MNQ,long,2023-12-20T15:04:00+00:00,17026.2500,2023-12-20T19:39:00+00:00,16971.0000,-556.20000,16500,47.2500,64.0000,0.8591,1.1636
2023,MNQ,short,2023-12-21T14:59:00+00:00,16893.2500,2023-12-21T20:54:00+00:00,16958.7500,-526.96000,21300,78.2500,72.7500,1.1992,1.1149
2023,MNQ,short,2023-12-22T16:04:00+00:00,16987.0000,2023-12-22T21:09:00+00:00,16972.2500,143.80000,18300,91.0000,34.2500,1.8291,0.6884
2023,MNQ,long,2023-12-26T15:39:00+00:00,17057.7500,2023-12-26T21:09:00+00:00,17086.5000,283.80000,19800,53.5000,35.2500,1.0288,0.6779
2023,MNQ,short,2023-12-27T15:14:00+00:00,17061.5000,2023-12-27T18:14:00+00:00,17121.7500,-484.96000,10800,3.2500,66.2500,0.0542,1.1042
2023,MNQ,short,2023-12-28T15:09:00+00:00,17110.7500,2023-12-28T21:09:00+00:00,17094.2500,193.56000,21600,33.0000,33.7500,0.6875,0.7031
2023,MNQ,long,2023-12-29T14:54:00+00:00,17101.7500,2023-12-29T15:34:00+00:00,17073.7500,-567.40000,2400,5.7500,35.2500,0.2072,1.2703
2024,MNQ,short,2024-01-02T14:49:00+00:00,16736.5000,2024-01-02T21:09:00+00:00,16732.0000,8.26000,22800,114.0000,52.5000,0.8336,0.3839
2024,MNQ,short,2024-01-03T15:14:00+00:00,16569.2500,2024-01-03T21:09:00+00:00,16533.7500,210.78000,21300,47.2500,59.5000,0.6495,0.8179
2024,MNQ,long,2024-01-04T15:09:00+00:00,16513.7500,2024-01-04T20:59:00+00:00,16443.2500,-425.22000,21000,70.0000,77.7500,0.9964,1.1068
2024,MNQ,long,2024-01-05T15:04:00+00:00,16540.5000,2024-01-05T18:19:00+00:00,16437.5000,-413.48000,11700,36.7500,110.2500,0.3577,1.073
2024,MNQ,long,2024-01-08T14:49:00+00:00,16582.5000,2024-01-08T19:49:00+00:00,16774.37500,1149.030000,18000,193.7500,5.5000,2.5244,0.0717
2024,MNQ,long,2024-01-09T15:09:00+00:00,16720.7500,2024-01-09T21:09:00+00:00,16829.7500,869.04000,21600,147.7500,8.7500,2.4625,0.1458
2024,MNQ,short,2024-01-10T14:54:00+00:00,16822.5000,2024-01-10T15:44:00+00:00,16874.0000,-518.70000,3000,21.0000,65.2500,0.4098,1.2732
2024,MNQ,short,2024-01-11T14:49:00+00:00,16948.7500,2024-01-11T21:09:00+00:00,16967.2500,-75.48000,22800,195.7500,35.0000,2.0714,0.3704
2024,MNQ,short,2024-01-12T15:04:00+00:00,16959.0000,2024-01-12T21:09:00+00:00,16963.7500,-30.72000,21900,45.5000,47.0000,0.5705,0.5893
2024,MNQ,short,2024-01-15T14:49:00+00:00,16944.7500,2024-01-15T15:39:00+00:00,16966.2500,-481.14000,3000,8.5000,21.2500,0.4,1.0
2024,MNQ,long,2024-01-16T15:19:00+00:00,16965.5000,2024-01-16T19:19:00+00:00,16870.2500,-382.48000,14400,68.2500,103.5000,0.7184,1.0895
2024,MNQ,short,2024-01-17T14:49:00+00:00,16729.2500,2024-01-17T19:49:00+00:00,16843.0000,-456.48000,18000,40.0000,113.7500,0.3524,1.0022
2024,MNQ,short,2024-01-18T15:04:00+00:00,16991.5000,2024-01-18T15:39:00+00:00,17054.2500,-378.72000,2100,5.2500,72.0000,0.084,1.152
2024,MNQ,long,2024-01-19T14:54:00+00:00,17210.2500,2024-01-19T17:54:00+00:00,17319.62500,1090.050000,10800,114.7500,41.2500,2.6229,0.9429
2024,MNQ,short,2024-01-22T15:29:00+00:00,17487.7500,2024-01-22T21:09:00+00:00,17449.7500,150.52000,20400,53.7500,26.0000,0.5541,0.268
2024,MNQ,long,2024-01-23T17:59:00+00:00,17489.7500,2024-01-23T21:09:00+00:00,17520.5000,182.28000,11400,65.2500,29.7500,0.8156,0.3719
2024,MNQ,long,2024-01-24T15:19:00+00:00,17703.5000,2024-01-24T19:24:00+00:00,17637.5000,-398.22000,14700,90.0000,71.5000,1.3688,1.0875
2024,MNQ,short,2024-01-25T14:59:00+00:00,17668.2500,2024-01-25T15:24:00+00:00,17726.7500,-470.96000,1500,19.0000,66.5000,0.3262,1.1416
2024,MNQ,short,2024-01-26T15:04:00+00:00,17527.0000,2024-01-26T15:29:00+00:00,17571.0000,-443.70000,1500,23.0000,55.0000,0.5257,1.2571
2024,MNQ,long,2024-01-29T17:14:00+00:00,17584.2500,2024-01-29T21:09:00+00:00,17689.7500,841.04000,14100,132.0000,8.0000,2.4332,0.1475
2024,MNQ,short,2024-01-30T15:04:00+00:00,17643.7500,2024-01-30T21:04:00+00:00,17541.87500,1218.060000,21600,122.5000,24.0000,3.0061,0.589
2024,MNQ,short,2024-01-31T15:14:00+00:00,17336.5000,2024-01-31T19:39:00+00:00,17426.5000,-361.48000,15900,53.0000,99.0000,0.5905,1.1031
2024,MNQ,long,2024-02-01T15:09:00+00:00,17353.0000,2024-02-01T15:54:00+00:00,17294.2500,-472.96000,2700,18.7500,67.5000,0.3205,1.1538
2024,MNQ,long,2024-02-02T14:49:00+00:00,17586.2500,2024-02-02T21:09:00+00:00,17724.2500,550.52000,22800,189.2500,37.7500,1.5705,0.3133
2024,MNQ,short,2024-02-05T14:49:00+00:00,17690.7500,2024-02-05T15:44:00+00:00,17575.12500,1152.550000,3300,134.7500,17.2500,2.9135,0.373
2024,MNQ,short,2024-02-06T14:49:00+00:00,17697.7500,2024-02-06T21:09:00+00:00,17648.0000,296.28000,22800,137.0000,4.0000,1.9642,0.0573
2024,MNQ,long,2024-02-07T15:14:00+00:00,17807.7500,2024-02-07T21:09:00+00:00,17839.5000,188.28000,21300,67.7500,28.5000,0.8018,0.3373
2024,MNQ,long,2024-02-08T15:04:00+00:00,17853.2500,2024-02-08T21:09:00+00:00,17856.7500,31.30000,21900,43.2500,29.2500,0.9611,0.65
2024,MNQ,long,2024-02-09T14:54:00+00:00,17912.2500,2024-02-09T16:09:00+00:00,18004.75000,1289.820000,4500,94.7500,3.7500,2.5608,0.1014
2024,MNQ,long,2024-02-12T15:44:00+00:00,18059.5000,2024-02-12T18:39:00+00:00,18007.2500,-526.20000,10500,62.0000,63.7500,1.1923,1.226
2024,MNQ,long,2024-02-13T14:54:00+00:00,17678.5000,2024-02-13T19:54:00+00:00,17586.7500,-368.48000,18000,113.2500,103.0000,1.2377,1.1257
2024,MNQ,long,2024-02-14T15:19:00+00:00,17826.0000,2024-02-14T16:04:00+00:00,17743.0000,-500.22000,2700,21.0000,120.5000,0.2538,1.4562
2024,MNQ,short,2024-02-15T14:54:00+00:00,17825.2500,2024-02-15T18:19:00+00:00,17903.2500,-470.22000,12300,44.7500,92.5000,0.5756,1.1897
2024,MNQ,short,2024-02-16T14:49:00+00:00,17862.5000,2024-02-16T21:09:00+00:00,17734.0000,768.78000,22800,145.5000,41.0000,2.1636,0.6097
2024,MNQ,short,2024-02-19T15:19:00+00:00,17782.5000,2024-02-20T00:29:00+00:00,17720.62500,1230.100000,33000,64.0000,14.0000,2.5859,0.5657
2024,MNQ,short,2024-02-20T15:04:00+00:00,17538.2500,2024-02-20T21:09:00+00:00,17582.5000,-89.24000,21900,85.7500,76.2500,0.4623,0.4111
2024,MNQ,long,2024-02-21T15:04:00+00:00,17523.0000,2024-02-21T15:34:00+00:00,17455.5000,-542.96000,1800,0.2500,68.7500,0.0037,1.0223
2024,MNQ,long,2024-02-22T14:49:00+00:00,17946.0000,2024-02-22T21:09:00+00:00,18026.7500,482.28000,22800,141.0000,54.5000,1.7248,0.6667
2024,MNQ,short,2024-02-23T14:59:00+00:00,18079.5000,2024-02-23T21:09:00+00:00,17967.2500,895.04000,22200,133.5000,13.0000,2.0538,0.2
2024,MNQ,short,2024-02-26T14:59:00+00:00,17985.2500,2024-02-26T16:54:00+00:00,18050.7500,-526.96000,6900,17.0000,73.5000,0.2605,1.1264
2024,MNQ,long,2024-02-27T15:19:00+00:00,18028.5000,2024-02-27T17:54:00+00:00,17941.0000,-527.22000,9300,4.0000,91.5000,0.0458,1.0487
2024,MNQ,short,2024-02-28T14:54:00+00:00,17886.5000,2024-02-28T16:04:00+00:00,17946.5000,-482.96000,4200,6.7500,71.7500,0.113,1.2008
2024,MNQ,short,2024-02-29T15:14:00+00:00,17987.5000,2024-02-29T20:49:00+00:00,18072.5000,-512.22000,20100,89.2500,89.7500,1.0531,1.059
2024,MNQ,long,2024-03-01T15:09:00+00:00,18173.2500,2024-03-01T19:34:00+00:00,18371.37500,1186.530000,15900,199.5000,29.5000,2.5174,0.3722
2024,MNQ,short,2024-03-04T16:34:00+00:00,18284.5000,2024-03-04T19:39:00+00:00,18334.7500,-506.20000,11100,14.2500,62.0000,0.285,1.24
2024,MNQ,short,2024-03-05T14:49:00+00:00,18045.7500,2024-03-05T21:09:00+00:00,17962.5000,331.52000,22800,213.2500,38.0000,2.3894,0.4258
2024,MNQ,short,2024-03-06T14:54:00+00:00,18062.2500,2024-03-06T16:59:00+00:00,18126.5000,-516.96000,7500,98.7500,68.5000,1.543,1.0703
2024,MNQ,short,2024-03-07T14:49:00+00:00,18157.5000,2024-03-07T15:19:00+00:00,18225.7500,-411.72000,1800,8.0000,76.5000,0.1176,1.125
2024,MNQ,long,2024-03-08T14:49:00+00:00,18356.5000,2024-03-08T16:09:00+00:00,18288.0000,-413.22000,4800,80.0000,91.5000,1.1722,1.3407
2024,MNQ,short,2024-03-11T13:59:00+00:00,17899.2500,2024-03-11T14:54:00+00:00,18000.0000,-404.48000,3300,8.7500,112.0000,0.0871,1.1144
2024,MNQ,long,2024-03-12T14:24:00+00:00,18110.5000,2024-03-12T20:09:00+00:00,18222.5000,223.26000,20700,131.2500,33.7500,0.8537,0.2195
2024,MNQ,short,2024-03-13T13:49:00+00:00,18350.2500,2024-03-13T20:09:00+00:00,18340.7500,54.78000,22800,68.5000,54.0000,0.8644,0.6814
2024,MNQ,short,2024-03-14T13:49:00+00:00,18275.2500,2024-03-14T20:09:00+00:00,18272.0000,11.52000,22800,114.0000,66.7500,0.9306,0.5449
2024,MNQ,short,2024-03-15T14:04:00+00:00,18070.5000,2024-03-15T20:09:00+00:00,18073.5000,-13.48000,21900,64.2500,101.5000,0.6193,0.9783
2024,MNQ,long,2024-03-18T14:24:00+00:00,18358.2500,2024-03-18T15:54:00+00:00,18277.5000,-486.72000,5400,22.7500,81.7500,0.2826,1.0155
2024,MNQ,long,2024-03-19T15:34:00+00:00,18153.0000,2024-03-19T20:09:00+00:00,18269.7500,465.52000,16500,136.2500,20.2500,1.3693,0.2035
2024,MNQ,long,2024-03-20T18:04:00+00:00,18362.0000,2024-03-20T20:09:00+00:00,18531.0000,674.52000,7500,170.5000,75.7500,1.5122,0.6718
2024,MNQ,short,2024-03-21T13:49:00+00:00,18637.7500,2024-03-21T20:09:00+00:00,18567.7500,417.78000,22800,85.2500,69.7500,1.2007,0.9824
2024,MNQ,short,2024-03-22T13:49:00+00:00,18503.5000,2024-03-22T14:04:00+00:00,18546.0000,-514.44000,900,0,55.2500,0.0,1.3077
2024,MNQ,long,2024-03-25T13:54:00+00:00,18484.0000,2024-03-25T20:09:00+00:00,18512.7500,170.28000,22500,87.7500,17.2500,1.2717,0.25
2024,MNQ,long,2024-03-26T14:04:00+00:00,18606.7500,2024-03-26T14:29:00+00:00,18550.0000,-456.96000,1500,1.0000,58.7500,0.0177,1.0398
2024,MNQ,short,2024-03-27T13:54:00+00:00,18467.5000,2024-03-27T20:09:00+00:00,18520.2500,-212.48000,22500,89.0000,57.5000,0.8558,0.5529
2024,MNQ,long,2024-03-28T13:49:00+00:00,18515.2500,2024-03-28T17:19:00+00:00,18457.2500,-466.96000,12600,23.5000,61.2500,0.4069,1.0606
2024,MNQ,short,2024-04-01T14:54:00+00:00,18474.2500,2024-04-01T20:09:00+00:00,18498.0000,-48.24000,18900,59.7500,40.0000,0.457,0.3059
2024,MNQ,short,2024-04-02T14:14:00+00:00,18216.0000,2024-04-02T17:04:00+00:00,18292.0000,-458.22000,10200,14.5000,81.5000,0.1914,1.0759
2024,MNQ,long,2024-04-03T14:04:00+00:00,18352.5000,2024-04-03T20:09:00+00:00,18387.2500,137.52000,21900,99.2500,49.5000,0.8803,0.439
2024,MNQ,short,2024-04-04T13:54:00+00:00,18517.7500,2024-04-04T18:19:00+00:00,18392.75000,1246.300000,15900,142.2500,49.0000,2.845,0.98
2024,MNQ,long,2024-04-05T13:49:00+00:00,18186.2500,2024-04-05T16:59:00+00:00,18395.00000,1250.280000,11400,220.2500,11.7500,2.6377,0.1407
2024,MNQ,long,2024-04-08T14:29:00+00:00,18340.2500,2024-04-08T20:09:00+00:00,18313.7500,-107.48000,20400,35.7500,88.2500,0.3488,0.861
2024,MNQ,short,2024-04-09T13:59:00+00:00,18342.2500,2024-04-09T14:44:00+00:00,18186.00000,1247.040000,2700,171.2500,27.7500,2.74,0.444
2024,MNQ,long,2024-04-10T14:39:00+00:00,18221.2500,2024-04-10T17:09:00+00:00,18119.0000,-410.48000,9000,1.5000,103.0000,0.0147,1.0098
2024,MNQ,short,2024-04-11T14:14:00+00:00,18212.5000,2024-04-11T15:19:00+00:00,18274.0000,-494.96000,3900,43.0000,62.7500,0.702,1.0245
2024,MNQ,long,2024-04-12T13:54:00+00:00,18334.0000,2024-04-12T14:09:00+00:00,18281.0000,-533.70000,900,9.2500,68.0000,0.1754,1.2891
2024,MNQ,short,2024-04-15T14:09:00+00:00,18240.5000,2024-04-15T17:29:00+00:00,17994.87500,981.020000,12000,295.2500,20.5000,3.0051,0.2087
2024,MNQ,long,2024-04-16T13:59:00+00:00,17898.0000,2024-04-16T14:39:00+00:00,17834.7500,-508.96000,2400,33.5000,63.5000,0.5317,1.0079
2024,MNQ,short,2024-04-17T13:49:00+00:00,17904.7500,2024-04-17T14:54:00+00:00,17768.50000,1087.040000,3900,141.2500,10.5000,2.5917,0.1927
2024,MNQ,long,2024-04-18T14:39:00+00:00,17682.5000,2024-04-18T17:24:00+00:00,17552.0000,-523.48000,9900,63.5000,143.7500,0.4875,1.1036
2024,MNQ,short,2024-04-19T14:14:00+00:00,17411.5000,2024-04-19T18:39:00+00:00,17187.12500,1344.030000,15900,236.5000,18.2500,2.6351,0.2033
2024,MNQ,long,2024-04-22T13:49:00+00:00,17328.2500,2024-04-22T14:09:00+00:00,17264.0000,-516.96000,1200,3.2500,64.7500,0.0508,1.0117
2024,MNQ,long,2024-04-23T13:49:00+00:00,17486.7500,2024-04-23T20:09:00+00:00,17634.7500,885.78000,22800,174.2500,31.5000,2.3952,0.433
2024,MNQ,short,2024-04-24T14:39:00+00:00,17710.0000,2024-04-24T20:09:00+00:00,17561.7500,887.28000,19800,183.7500,8.7500,2.3941,0.114
2024,MNQ,long,2024-04-25T14:14:00+00:00,17411.5000,2024-04-25T20:04:00+00:00,17669.00000,1028.520000,21000,376.5000,69.7500,3.6553,0.6772
2024,MNQ,long,2024-04-26T13:54:00+00:00,17781.5000,2024-04-26T20:09:00+00:00,17836.5000,218.52000,22500,120.0000,12.7500,1.0619,0.1128
2024,MNQ,short,2024-04-29T19:04:00+00:00,17816.0000,2024-04-29T20:09:00+00:00,17917.7500,-408.48000,3900,24.7500,116.0000,0.1864,0.8738
2024,MNQ,short,2024-04-30T15:04:00+00:00,17816.7500,2024-04-30T19:54:00+00:00,17639.87500,1412.040000,17400,194.5000,7.5000,2.7491,0.106
2024,MNQ,short,2024-05-01T14:04:00+00:00,17448.0000,2024-05-01T18:04:00+00:00,17517.5000,-558.96000,14400,48.7500,74.0000,0.704,1.0686
2024,MNQ,short,2024-05-02T13:49:00+00:00,17491.7500,2024-05-02T17:29:00+00:00,17602.5000,-444.48000,13200,105.5000,115.2500,0.9548,1.043
2024,MNQ,long,2024-05-03T13:49:00+00:00,17995.2500,2024-05-03T14:14:00+00:00,17919.2500,-458.22000,1500,55.0000,83.0000,0.7261,1.0957
2024,MNQ,long,2024-05-06T13:59:00+00:00,18110.0000,2024-05-06T20:09:00+00:00,18191.0000,645.04000,22200,91.2500,42.7500,1.3619,0.6381
2024,MNQ,short,2024-05-07T13:59:00+00:00,18193.0000,2024-05-07T14:59:00+00:00,18236.0000,-520.44000,3600,11.2500,58.7500,0.2632,1.3743
2024,MNQ,long,2024-05-08T13:49:00+00:00,18155.7500,2024-05-08T20:09:00+00:00,18170.7500,87.78000,22800,86.5000,17.0000,1.1234,0.2208
2024,MNQ,short,2024-05-09T13:49:00+00:00,18114.2500,2024-05-09T14:39:00+00:00,18204.0000,-540.72000,3000,3.0000,99.2500,0.0335,1.1089
2024,MNQ,long,2024-05-10T13:49:00+00:00,18342.2500,2024-05-10T14:19:00+00:00,18257.2500,-512.22000,1800,3.0000,94.2500,0.0354,1.1121
2024,MNQ,short,2024-05-13T13:49:00+00:00,18261.2500,2024-05-13T20:09:00+00:00,18286.5000,-153.72000,22800,26.2500,50.2500,0.3512,0.6722
2024,MNQ,long,2024-05-14T14:24:00+00:00,18343.7500,2024-05-14T20:09:00+00:00,18410.0000,395.28000,20700,89.2500,60.5000,1.1442,0.7756
2024,MNQ,short,2024-05-15T13:49:00+00:00,18475.0000,2024-05-15T14:19:00+00:00,18532.0000,-573.70000,1800,28.2500,58.7500,0.4978,1.0352
2024,MNQ,long,2024-05-16T13:49:00+00:00,18705.0000,2024-05-16T17:29:00+00:00,18672.0000,-533.92000,13200,55.7500,34.2500,1.7023,1.0458
2024,MNQ,short,2024-05-17T13:49:00+00:00,18637.7500,2024-05-17T14:34:00+00:00,18667.5000,-542.16000,2700,17.2500,38.0000,0.5847,1.2881
2024,MNQ,long,2024-05-20T13:54:00+00:00,18742.7500,2024-05-20T20:09:00+00:00,18746.0000,11.52000,22500,51.7500,35.7500,0.4825,0.3333
2024,MNQ,long,2024-05-21T13:54:00+00:00,18717.7500,2024-05-21T20:09:00+00:00,18805.0000,1216.32000,22500,91.0000,16.0000,2.3038,0.4051
2024,MNQ,long,2024-05-22T15:04:00+00:00,18830.2500,2024-05-22T17:39:00+00:00,18788.7500,-502.44000,9300,8.5000,63.0000,0.2061,1.5273
2024,MNQ,short,2024-05-23T13:49:00+00:00,18908.5000,2024-05-23T17:59:00+00:00,18724.12500,1104.030000,15000,197.2500,25.0000,2.6746,0.339
2024,MNQ,long,2024-05-24T14:04:00+00:00,18782.2500,2024-05-24T15:14:00+00:00,18904.75000,1221.300000,4200,136.7500,7.2500,2.7908,0.148
2024,MNQ,long,2024-05-27T15:04:00+00:00,18913.7500,2024-05-28T13:44:00+00:00,18878.0000,-577.92000,81600,66.7500,44.7500,1.8803,1.2606
2024,MNQ,short,2024-05-28T13:49:00+00:00,18847.0000,2024-05-28T15:34:00+00:00,18936.5000,-539.22000,6300,4.5000,92.5000,0.0504,1.0364
2024,MNQ,long,2024-05-29T13:54:00+00:00,18842.7500,2024-05-29T20:09:00+00:00,18795.0000,-288.72000,22500,37.0000,57.7500,0.454,0.7086
2024,MNQ,short,2024-05-30T14:34:00+00:00,18687.5000,2024-05-30T20:09:00+00:00,18563.7500,740.28000,20100,141.2500,41.5000,1.7278,0.5076
2024,MNQ,short,2024-05-31T13:54:00+00:00,18543.7500,2024-05-31T15:34:00+00:00,18325.00000,1310.280000,6000,236.7500,13.5000,2.7057,0.1543
2024,MNQ,short,2024-06-03T13:54:00+00:00,18689.0000,2024-06-03T16:14:00+00:00,18537.75000,1207.040000,8400,173.0000,39.7500,2.8595,0.657
2024,MNQ,short,2024-06-04T14:14:00+00:00,18578.5000,2024-06-04T14:44:00+00:00,18650.7500,-580.96000,1800,6.7500,76.2500,0.0938,1.059
2024,MNQ,long,2024-06-05T13:59:00+00:00,18858.0000,2024-06-05T14:04:00+00:00,18813.7500,-535.44000,300,4.2500,58.0000,0.0966,1.3182
2024,MNQ,short,2024-06-06T13:49:00+00:00,19066.5000,2024-06-06T20:09:00+00:00,19064.2500,22.56000,22800,49.2500,40.0000,1.0051,0.8163
2024,MNQ,long,2024-06-07T13:54:00+00:00,19055.0000,2024-06-07T20:09:00+00:00,19025.0000,-242.96000,22500,100.0000,58.0000,1.6064,0.9317
2024,MNQ,long,2024-06-10T14:29:00+00:00,19035.0000,2024-06-10T20:09:00+00:00,19089.5000,541.30000,20400,94.7500,12.7500,1.6623,0.2237
2024,MNQ,short,2024-06-11T13:49:00+00:00,19014.2500,2024-06-11T14:29:00+00:00,19087.5000,-588.96000,2400,19.7500,77.0000,0.2705,1.0548
2024,MNQ,long,2024-06-12T13:49:00+00:00,19495.0000,2024-06-12T20:09:00+00:00,19482.0000,-53.48000,22800,93.7500,62.0000,0.7812,0.5167
2024,MNQ,short,2024-06-13T14:14:00+00:00,19586.0000,2024-06-13T20:09:00+00:00,19610.5000,-149.22000,21300,86.0000,52.5000,1.1133,0.6796
2024,MNQ,long,2024-06-14T13:49:00+00:00,19623.2500,2024-06-14T20:09:00+00:00,19685.7500,497.04000,22800,69.2500,59.7500,1.0532,0.9087
2024,MNQ,short,2024-06-17T13:49:00+00:00,19644.7500,2024-06-17T14:14:00+00:00,19709.7500,-522.96000,1500,0,70.0000,0.0,1.0811
2024,MNQ,short,2024-06-18T13:49:00+00:00,19900.0000,2024-06-18T17:49:00+00:00,19944.2500,-535.44000,14400,48.2500,51.2500,1.0966,1.1648
2024,MNQ,short,2024-06-19T14:34:00+00:00,20225.5000,2024-06-20T00:54:00+00:00,20252.5000,-547.40000,37200,2.0000,28.2500,0.0748,1.0561
2024,MNQ,short,2024-06-20T14:09:00+00:00,20191.5000,2024-06-20T16:34:00+00:00,20017.12500,1392.040000,8700,178.5000,37.2500,2.5591,0.5341
2024,MNQ,short,2024-06-21T13:49:00+00:00,19957.0000,2024-06-21T15:19:00+00:00,20028.0000,-570.96000,5400,42.7500,76.7500,0.6042,1.0848
2024,MNQ,short,2024-06-24T13:49:00+00:00,19870.0000,2024-06-24T14:04:00+00:00,19965.2500,-573.72000,900,1.2500,119.7500,0.0132,1.2605
2024,MNQ,long,2024-06-25T14:04:00+00:00,19875.7500,2024-06-25T20:09:00+00:00,19963.7500,525.78000,21900,105.5000,38.0000,1.2673,0.4565
2024,MNQ,long,2024-06-26T13:49:00+00:00,19978.0000,2024-06-26T15:14:00+00:00,19919.2500,-591.20000,5100,46.0000,66.0000,0.7863,1.1282
2024,MNQ,long,2024-06-27T14:14:00+00:00,20111.2500,2024-06-27T15:29:00+00:00,19989.7500,-487.48000,4500,5.5000,133.0000,0.0454,1.0969
2024,MNQ,long,2024-06-28T13:49:00+00:00,20126.0000,2024-06-28T16:19:00+00:00,20039.2500,-522.72000,9000,147.2500,104.2500,1.7023,1.2052
2024,MNQ,short,2024-07-01T13:49:00+00:00,19863.0000,2024-07-01T16:09:00+00:00,19985.7500,-492.48000,8400,51.2500,141.5000,0.4184,1.1551
2024,MNQ,long,2024-07-02T14:39:00+00:00,20090.7500,2024-07-02T20:09:00+00:00,20238.5000,589.52000,19800,168.5000,29.5000,1.4813,0.2593
2024,MNQ,long,2024-07-03T13:49:00+00:00,20268.2500,2024-07-03T16:14:00+00:00,20398.25000,1296.300000,8700,131.7500,32.7500,2.5337,0.6298
2024,MNQ,short,2024-07-04T13:49:00+00:00,20386.7500,2024-07-05T00:44:00+00:00,20406.2500,-596.10000,39300,25.7500,21.2500,1.3377,1.1039
2024,MNQ,long,2024-07-05T13:59:00+00:00,20514.0000,2024-07-05T20:09:00+00:00,20606.7500,554.28000,22200,125.5000,51.7500,1.7075,0.7041
2024,MNQ,long,2024-07-08T15:24:00+00:00,20658.5000,2024-07-08T20:09:00+00:00,20684.0000,251.30000,17100,29.5000,49.5000,0.5108,0.8571
2024,MNQ,short,2024-07-09T14:24:00+00:00,20718.2500,2024-07-09T20:09:00+00:00,20675.0000,514.56000,20700,102.5000,23.7500,2.2283,0.5163
2024,MNQ,long,2024-07-10T13:49:00+00:00,20774.5000,2024-07-10T15:04:00+00:00,20721.5000,-533.70000,4500,22.0000,71.5000,0.4171,1.3555
2024,MNQ,short,2024-07-11T13:54:00+00:00,20836.0000,2024-07-11T14:24:00+00:00,20671.00000,1317.040000,1800,179.0000,36.0000,2.7121,0.5455
2024,MNQ,long,2024-07-12T13:49:00+00:00,20494.7500,2024-07-12T17:29:00+00:00,20667.87500,1382.040000,13200,173.7500,5.0000,2.509,0.0722
2024,MNQ,long,2024-07-15T14:09:00+00:00,20668.2500,2024-07-15T17:04:00+00:00,20595.2500,-586.96000,10500,128.7500,81.7500,1.7698,1.1237
2024,MNQ,short,2024-07-16T13:49:00+00:00,20602.0000,2024-07-16T20:09:00+00:00,20606.5000,-29.22000,22800,137.5000,33.7500,1.6717,0.4103
2024,MNQ,short,2024-07-17T13:59:00+00:00,20208.7500,2024-07-17T16:29:00+00:00,20027.50000,1447.040000,9000,182.0000,4.0000,2.5103,0.0552
2024,MNQ,short,2024-07-18T13:54:00+00:00,20023.7500,2024-07-18T20:09:00+00:00,19904.7500,474.52000,22500,265.0000,83.2500,2.1158,0.6647
2024,MNQ,short,2024-07-19T14:29:00+00:00,19801.2500,2024-07-19T20:09:00+00:00,19698.0000,205.76000,20400,147.2500,74.0000,0.8414,0.4229
2024,MNQ,long,2024-07-22T13:49:00+00:00,20021.2500,2024-07-22T15:19:00+00:00,19882.7500,-555.48000,5400,5.5000,156.7500,0.0398,1.1338
2024,MNQ,long,2024-07-23T15:14:00+00:00,20053.2500,2024-07-23T16:59:00+00:00,19933.5000,-480.48000,6300,31.5000,126.7500,0.2636,1.0607
2024,MNQ,short,2024-07-24T13:59:00+00:00,19511.7500,2024-07-24T20:09:00+00:00,19248.0000,1053.52000,22200,343.0000,12.0000,2.4198,0.0847
2024,MNQ,short,2024-07-25T13:54:00+00:00,19101.2500,2024-07-25T15:14:00+00:00,19226.7500,-503.48000,4800,218.0000,148.5000,1.7405,1.1856
2024,MNQ,short,2024-07-26T13:49:00+00:00,19062.7500,2024-07-26T14:04:00+00:00,19166.2500,-623.22000,900,2.0000,111.0000,0.0194,1.0751
2024,MNQ,long,2024-07-29T13:59:00+00:00,19358.7500,2024-07-29T14:59:00+00:00,19222.0000,-548.48000,3600,18.5000,140.2500,0.1355,1.0275
2024,MNQ,short,2024-07-30T13:49:00+00:00,19253.0000,2024-07-30T15:04:00+00:00,19086.75000,1327.040000,4500,244.0000,0.5000,3.6692,0.0075
2024,MNQ,long,2024-07-31T14:09:00+00:00,19444.5000,2024-07-31T20:09:00+00:00,19585.5000,562.52000,21600,203.5000,99.7500,1.5243,0.7472
2024,MNQ,long,2024-08-01T13:49:00+00:00,19650.0000,2024-08-01T14:24:00+00:00,19505.0000,-581.48000,2100,32.0000,188.0000,0.2211,1.2988
2024,MNQ,short,2024-08-02T14:09:00+00:00,18475.7500,2024-08-02T20:09:00+00:00,18551.5000,-152.24000,21600,90.0000,157.2500,0.3158,0.5518
2024,MNQ,long,2024-08-05T13:49:00+00:00,17922.0000,2024-08-05T20:09:00+00:00,18162.2500,479.76000,22800,367.0000,71.2500,0.8897,0.1727
2024,MNQ,long,2024-08-06T14:04:00+00:00,18181.2500,2024-08-06T20:09:00+00:00,18159.7500,-43.74000,21900,302.0000,57.0000,1.4381,0.2714
2024,MNQ,short,2024-08-07T14:29:00+00:00,18433.7500,2024-08-07T14:49:00+00:00,18540.7500,-429.48000,1200,18.7500,109.7500,0.1756,1.0281
2024,MNQ,short,2024-08-08T13:49:00+00:00,18099.5000,2024-08-08T14:04:00+00:00,18243.0000,-575.48000,900,35.2500,183.2500,0.2461,1.2792
2024,MNQ,short,2024-08-09T13:49:00+00:00,18444.2500,2024-08-09T14:14:00+00:00,18528.7500,-509.22000,1500,39.7500,122.2500,0.4718,1.451
2024,MNQ,short,2024-08-12T13:49:00+00:00,18551.7500,2024-08-12T14:19:00+00:00,18672.5000,-484.48000,1800,28.2500,131.5000,0.2344,1.0913
2024,MNQ,long,2024-08-13T13:49:00+00:00,18902.7500,2024-08-13T20:09:00+00:00,19118.37500,1291.530000,22800,219.7500,46.7500,2.5478,0.542
2024,MNQ,short,2024-08-14T13:54:00+00:00,19028.7500,2024-08-14T15:54:00+00:00,19175.5000,-588.48000,7200,103.2500,150.2500,0.7048,1.0256
2024,MNQ,long,2024-08-15T13:49:00+00:00,19409.5000,2024-08-15T18:09:00+00:00,19592.00000,1457.040000,15600,182.5000,6.7500,2.5,0.0925
2024,MNQ,long,2024-08-16T14:09:00+00:00,19547.2500,2024-08-16T20:09:00+00:00,19608.0000,362.28000,21600,113.5000,52.2500,1.3432,0.6183
2024,MNQ,long,2024-08-19T13:49:00+00:00,19620.0000,2024-08-19T14:19:00+00:00,19544.5000,-606.96000,1800,5.5000,91.0000,0.0731,1.2093
2024,MNQ,long,2024-08-20T13:49:00+00:00,19882.2500,2024-08-20T14:19:00+00:00,19817.0000,-524.96000,1800,42.7500,68.2500,0.6577,1.05
2024,MNQ,long,2024-08-21T13:54:00+00:00,19864.7500,2024-08-21T14:54:00+00:00,19813.0000,-625.44000,3600,117.0000,58.2500,2.2718,1.1311
2024,MNQ,short,2024-08-22T14:04:00+00:00,19960.5000,2024-08-22T15:34:00+00:00,19799.25000,1287.040000,5400,186.5000,11.7500,2.8915,0.1822
2024,MNQ,long,2024-08-23T14:04:00+00:00,19846.0000,2024-08-23T14:49:00+00:00,19706.5000,-559.48000,2700,58.2500,204.5000,0.4183,1.4686
2024,MNQ,short,2024-08-26T13:49:00+00:00,19729.7500,2024-08-26T14:34:00+00:00,19551.00000,1427.040000,2700,183.7500,17.2500,2.5699,0.2413
2024,MNQ,long,2024-08-27T13:54:00+00:00,19550.7500,2024-08-27T20:09:00+00:00,19649.2500,588.78000,22500,143.5000,23.2500,1.4909,0.2416
2024,MNQ,short,2024-08-28T13:49:00+00:00,19550.2500,2024-08-28T18:04:00+00:00,19285.25000,1587.780000,15300,271.7500,43.0000,2.5637,0.4057
2024,MNQ,long,2024-08-29T13:49:00+00:00,19616.0000,2024-08-29T18:34:00+00:00,19478.2500,-552.48000,17100,77.5000,160.0000,0.5636,1.1636
2024,MNQ,long,2024-08-30T13:54:00+00:00,19582.5000,2024-08-30T14:59:00+00:00,19514.0000,-550.96000,3900,46.2500,115.7500,0.6777,1.696
2024,MNQ,short,2024-09-02T14:09:00+00:00,19607.7500,2024-09-02T14:39:00+00:00,19643.5000,-650.16000,1800,20.2500,45.7500,0.5704,1.2887
2024,MNQ,short,2024-09-03T13:54:00+00:00,19341.2500,2024-09-03T19:44:00+00:00,18986.87500,1416.020000,21000,385.7500,44.7500,2.7213,0.3157
2024,MNQ,long,2024-09-04T13:49:00+00:00,18985.0000,2024-09-04T14:04:00+00:00,18860.0000,-501.48000,900,4.7500,146.7500,0.0381,1.1764
2024,MNQ,long,2024-09-05T13:54:00+00:00,19034.7500,2024-09-05T15:29:00+00:00,18885.0000,-600.48000,5700,115.7500,170.7500,0.7742,1.1421
2024,MNQ,short,2024-09-06T13:59:00+00:00,18745.5000,2024-09-06T20:09:00+00:00,18446.5000,597.26000,22200,317.5000,42.5000,1.4334,0.1919
2024,MNQ,long,2024-09-09T13:59:00+00:00,18687.7500,2024-09-09T14:34:00+00:00,18604.7500,-500.22000,2100,33.0000,121.2500,0.3988,1.4653
2024,MNQ,short,2024-09-10T14:14:00+00:00,18710.2500,2024-09-10T18:04:00+00:00,18821.7500,-447.48000,13800,120.5000,124.7500,1.0831,1.1213
2024,MNQ,short,2024-09-11T13:54:00+00:00,18794.7500,2024-09-11T16:24:00+00:00,18906.5000,-448.48000,9000,247.7500,117.7500,2.222,1.0561
2024,MNQ,short,2024-09-12T13:49:00+00:00,19208.0000,2024-09-12T14:14:00+00:00,19288.7500,-486.72000,1500,23.0000,112.7500,0.2857,1.4006
2024,MNQ,long,2024-09-13T14:09:00+00:00,19507.0000,2024-09-13T20:09:00+00:00,19519.5000,48.52000,21600,70.2500,93.7500,0.6475,0.8641
2024,MNQ,long,2024-09-16T13:54:00+00:00,19440.7500,2024-09-16T14:34:00+00:00,19326.2500,-459.48000,2400,22.7500,136.7500,0.1991,1.1969
2024,MNQ,short,2024-09-17T13:49:00+00:00,19514.0000,2024-09-17T14:49:00+00:00,19593.7500,-480.72000,3600,38.7500,101.5000,0.4874,1.2767
2024,MNQ,short,2024-09-18T14:19:00+00:00,19665.7500,2024-09-18T18:04:00+00:00,19736.5000,-568.96000,13500,82.2500,234.2500,1.1667,3.3227
2024,MNQ,short,2024-09-19T13:54:00+00:00,20001.2500,2024-09-19T14:19:00+00:00,20073.0000,-576.96000,1500,8.0000,85.0000,0.1119,1.1888
2024,MNQ,short,2024-09-20T13:59:00+00:00,20001.5000,2024-09-20T19:39:00+00:00,20082.5000,-488.22000,20400,141.5000,82.5000,1.7523,1.0217
2024,MNQ,long,2024-09-23T13:49:00+00:00,20100.5000,2024-09-23T17:04:00+00:00,20031.2500,-556.96000,11700,26.2500,81.7500,0.3804,1.1848
2024,MNQ,short,2024-09-24T13:59:00+00:00,20089.0000,2024-09-24T15:49:00+00:00,20154.0000,-522.96000,6600,136.0000,77.0000,2.1004,1.1892
2024,MNQ,long,2024-09-25T13:59:00+00:00,20232.2500,2024-09-25T17:04:00+00:00,20138.0000,-567.72000,11100,38.7500,96.7500,0.4122,1.0293
2024,MNQ,short,2024-09-26T13:54:00+00:00,20417.0000,2024-09-26T20:09:00+00:00,20358.7500,231.52000,22500,229.0000,20.0000,2.2843,0.1995
2024,MNQ,short,2024-09-27T14:19:00+00:00,20287.0000,2024-09-27T20:09:00+00:00,20209.2500,464.28000,21000,114.0000,52.5000,1.1906,0.5483
2024,MNQ,short,2024-09-30T14:14:00+00:00,20168.2500,2024-09-30T19:59:00+00:00,20260.0000,-552.72000,20700,112.2500,118.5000,1.2268,1.2951
2024,MNQ,short,2024-10-01T13:49:00+00:00,20042.5000,2024-10-01T20:09:00+00:00,19990.7500,102.76000,22800,224.5000,38.7500,1.0056,0.1736
2024,MNQ,long,2024-10-02T14:19:00+00:00,19997.7500,2024-10-02T20:09:00+00:00,20036.5000,76.76000,21000,92.5000,51.2500,0.5728,0.3173
2024,MNQ,long,2024-10-03T13:54:00+00:00,20012.0000,2024-10-03T17:04:00+00:00,19894.7500,-470.48000,11400,101.7500,133.0000,0.8697,1.1368
2024,MNQ,short,2024-10-04T13:54:00+00:00,20149.2500,2024-10-04T19:59:00+00:00,20239.0000,-540.72000,21900,136.0000,96.2500,1.5196,1.0754
2024,MNQ,short,2024-10-07T13:54:00+00:00,20104.7500,2024-10-07T14:19:00+00:00,20163.7500,-474.96000,1500,9.2500,72.2500,0.1574,1.2298
2024,MNQ,long,2024-10-08T13:54:00+00:00,20139.0000,2024-10-08T19:34:00+00:00,20311.50000,1377.040000,20400,172.5000,10.7500,2.5,0.1558
2024,MNQ,long,2024-10-09T14:14:00+00:00,20301.2500,2024-10-09T18:29:00+00:00,20457.50000,1247.040000,15300,160.5000,7.2500,2.568,0.116
2024,MNQ,short,2024-10-10T13:49:00+00:00,20311.7500,2024-10-10T14:09:00+00:00,20390.0000,-471.72000,1200,10.2500,88.2500,0.1314,1.1314
2024,MNQ,long,2024-10-11T13:49:00+00:00,20358.2500,2024-10-11T14:29:00+00:00,20466.37500,1293.060000,2400,123.0000,32.7500,2.8439,0.7572
2024,MNQ,long,2024-10-14T13:49:00+00:00,20639.0000,2024-10-14T15:04:00+00:00,20541.0000,-590.22000,4500,41.0000,111.5000,0.4194,1.1407
2024,MNQ,short,2024-10-15T14:14:00+00:00,20582.2500,2024-10-15T14:39:00+00:00,20390.37500,1149.030000,1500,222.5000,4.0000,2.899,0.0521
2024,MNQ,short,2024-10-16T13:59:00+00:00,20223.5000,2024-10-16T18:24:00+00:00,20357.2500,-536.48000,15900,17.2500,155.5000,0.1292,1.1648
2024,MNQ,short,2024-10-17T14:04:00+00:00,20395.0000,2024-10-17T20:09:00+00:00,20400.5000,-11.74000,21900,41.2500,133.7500,0.2282,0.74
2024,MNQ,long,2024-10-18T14:09:00+00:00,20514.0000,2024-10-18T20:09:00+00:00,20491.7500,-135.72000,21600,15.7500,72.0000,0.195,0.8916
2024,MNQ,long,2024-10-21T13:49:00+00:00,20490.2500,2024-10-21T14:44:00+00:00,20422.7500,-542.96000,3300,64.2500,74.7500,0.9554,1.1115
2024,MNQ,long,2024-10-22T13:54:00+00:00,20462.5000,2024-10-22T20:09:00+00:00,20526.2500,380.28000,22500,139.7500,37.2500,1.5067,0.4016
2024,MNQ,short,2024-10-23T14:04:00+00:00,20383.5000,2024-10-23T17:14:00+00:00,20186.00000,1182.780000,11400,214.5000,74.2500,2.7152,0.9399
2024,MNQ,short,2024-10-24T13:49:00+00:00,20302.0000,2024-10-24T14:04:00+00:00,20376.2500,-596.96000,900,0.2500,76.5000,0.0034,1.0338
2024,MNQ,long,2024-10-25T13:49:00+00:00,20615.0000,2024-10-25T17:44:00+00:00,20490.2500,-500.48000,14100,92.2500,131.5000,0.741,1.0562
2024,MNQ,short,2024-10-28T13:54:00+00:00,20537.7500,2024-10-28T20:09:00+00:00,20500.5000,221.28000,22500,51.7500,80.2500,0.5831,0.9042
2024,MNQ,long,2024-10-29T14:04:00+00:00,20531.0000,2024-10-29T20:09:00+00:00,20737.5000,1236.78000,21900,229.2500,19.2500,2.3274,0.1954
2024,MNQ,long,2024-10-30T14:19:00+00:00,20679.2500,2024-10-30T19:54:00+00:00,20542.7500,-547.48000,20100,20.2500,141.2500,0.1486,1.0367
2024,MNQ,short,2024-10-31T13:49:00+00:00,20178.7500,2024-10-31T20:09:00+00:00,20056.5000,243.76000,22800,170.2500,22.5000,0.8949,0.1183
2024,MNQ,long,2024-11-01T13:59:00+00:00,20170.0000,2024-11-01T20:09:00+00:00,20166.2500,-16.48000,22200,118.0000,47.2500,1.0512,0.4209
2024,MNQ,long,2024-11-04T15:19:00+00:00,20161.2500,2024-11-04T21:09:00+00:00,20111.7500,-199.48000,21000,65.5000,132.5000,0.4426,0.8953
2024,MNQ,long,2024-11-05T14:49:00+00:00,20249.7500,2024-11-05T21:09:00+00:00,20369.7500,717.78000,22800,134.2500,17.2500,1.3098,0.1683
2024,MNQ,short,2024-11-06T14:54:00+00:00,20657.7500,2024-11-06T15:34:00+00:00,20805.2500,-591.48000,2400,12.5000,164.2500,0.0849,1.1154
2024,MNQ,long,2024-11-07T14:59:00+00:00,21109.0000,2024-11-07T21:09:00+00:00,21239.5000,520.52000,22200,144.0000,22.5000,1.3747,0.2148
2024,MNQ,short,2024-11-08T15:09:00+00:00,21176.7500,2024-11-08T16:59:00+00:00,21232.2500,-558.70000,6600,15.5000,59.7500,0.2805,1.0814
2024,MNQ,short,2024-11-11T14:49:00+00:00,21194.7500,2024-11-11T21:09:00+00:00,21231.5000,-222.72000,22800,96.5000,49.5000,0.9872,0.5064
2024,MNQ,short,2024-11-12T16:09:00+00:00,21180.5000,2024-11-12T21:09:00+00:00,21196.0000,-158.70000,18000,125.7500,30.0000,2.07,0.4938
2024,MNQ,short,2024-11-13T14:49:00+00:00,21130.0000,2024-11-13T17:09:00+00:00,21184.5000,-548.70000,8400,73.5000,67.7500,1.3548,1.2488
2024,MNQ,short,2024-11-14T15:19:00+00:00,21040.7500,2024-11-14T21:09:00+00:00,20967.2500,292.52000,21000,83.2500,99.5000,0.6224,0.7439
2024,MNQ,short,2024-11-15T15:04:00+00:00,20671.5000,2024-11-15T18:59:00+00:00,20416.50000,1018.520000,14100,266.2500,15.2500,2.6103,0.1495
2024,MNQ,short,2024-11-18T14:54:00+00:00,20514.5000,2024-11-18T15:04:00+00:00,20571.5000,-573.70000,600,9.7500,72.5000,0.1718,1.2775
2024,MNQ,long,2024-11-19T15:29:00+00:00,20602.7500,2024-11-19T21:09:00+00:00,20787.0000,1103.28000,20400,189.7500,20.2500,2.0079,0.2143
2024,MNQ,short,2024-11-20T14:59:00+00:00,20613.7500,2024-11-20T20:59:00+00:00,20756.0000,-570.48000,21600,136.7500,150.7500,0.963,1.0616
2024,MNQ,short,2024-11-21T15:04:00+00:00,20616.5000,2024-11-21T21:09:00+00:00,20812.2500,-392.24000,21900,102.2500,262.2500,0.3538,0.9074
2024,MNQ,short,2024-11-22T15:14:00+00:00,20766.7500,2024-11-22T17:54:00+00:00,20857.0000,-543.72000,9600,44.5000,94.5000,0.4944,1.05
2024,MNQ,short,2024-11-25T14:54:00+00:00,20930.0000,2024-11-25T21:09:00+00:00,20897.2500,129.52000,22500,149.7500,31.5000,0.9934,0.209
2024,MNQ,long,2024-11-26T14:49:00+00:00,21016.2500,2024-11-26T15:04:00+00:00,20938.0000,-471.72000,900,8.5000,86.7500,0.109,1.1122
2024,MNQ,short,2024-11-27T14:54:00+00:00,20841.7500,2024-11-27T21:09:00+00:00,20811.0000,182.28000,22500,166.7500,22.0000,1.7103,0.2256
2024,MNQ,long,2024-11-28T15:19:00+00:00,20894.7500,2024-11-28T23:04:00+00:00,20874.0000,-591.36000,27900,14.7500,21.5000,0.7195,1.0488
2024,MNQ,long,2024-11-29T14:54:00+00:00,20896.7500,2024-12-02T14:39:00+00:00,21124.25000,1362.780000,258300,240.5000,4.0000,2.6429,0.044
2024,MNQ,long,2024-12-02T14:49:00+00:00,21149.5000,2024-12-02T21:09:00+00:00,21231.7500,327.52000,22800,110.2500,23.0000,0.8982,0.1874
2024,MNQ,long,2024-12-03T15:04:00+00:00,21210.2500,2024-12-03T21:09:00+00:00,21300.0000,715.04000,21900,96.2500,45.7500,1.2706,0.604
2024,MNQ,long,2024-12-04T15:09:00+00:00,21437.5000,2024-12-04T21:09:00+00:00,21524.2500,1036.56000,21600,111.0000,21.7500,2.2653,0.4439
2024,MNQ,short,2024-12-05T14:49:00+00:00,21518.2500,2024-12-05T17:14:00+00:00,21551.5000,-605.16000,8700,30.5000,42.7500,0.9242,1.2955
2024,MNQ,long,2024-12-06T14:49:00+00:00,21592.0000,2024-12-06T21:09:00+00:00,21644.5000,208.52000,22800,77.2500,19.0000,0.7305,0.1797
2024,MNQ,long,2024-12-09T14:49:00+00:00,21645.2500,2024-12-09T15:29:00+00:00,21582.7500,-628.70000,2400,3.5000,100.2500,0.0562,1.6104
2024,MNQ,long,2024-12-10T15:04:00+00:00,21577.7500,2024-12-10T15:59:00+00:00,21505.5000,-580.96000,3300,29.0000,81.0000,0.4028,1.125
2024,MNQ,long,2024-12-11T14:49:00+00:00,21670.0000,2024-12-11T21:09:00+00:00,21758.0000,525.78000,22800,150.0000,2.7500,1.5504,0.0284
2024,MNQ,short,2024-12-12T15:09:00+00:00,21650.0000,2024-12-12T15:24:00+00:00,21696.7500,-565.44000,900,25.2500,51.7500,0.543,1.1129
2024,MNQ,short,2024-12-13T15:44:00+00:00,21744.7500,2024-12-13T21:09:00+00:00,21781.0000,-146.48000,19500,78.2500,79.2500,0.5217,0.5283
2024,MNQ,long,2024-12-16T14:54:00+00:00,21967.2500,2024-12-16T20:09:00+00:00,22144.75000,1417.040000,18900,184.0000,38.0000,2.5915,0.5352
2024,MNQ,short,2024-12-17T15:04:00+00:00,21976.7500,2024-12-17T16:34:00+00:00,22061.5000,-510.72000,5400,34.5000,88.7500,0.4083,1.0503
2024,MNQ,long,2024-12-18T15:14:00+00:00,22012.7500,2024-12-18T19:04:00+00:00,21913.2500,-599.22000,13800,40.7500,106.0000,0.4106,1.068
2024,MNQ,short,2024-12-19T14:54:00+00:00,21563.2500,2024-12-19T21:09:00+00:00,21391.5000,685.52000,22500,203.0000,74.7500,1.5121,0.5568
2024,MNQ,long,2024-12-20T15:14:00+00:00,21341.5000,2024-12-20T16:39:00+00:00,21734.00000,1568.520000,5100,421.7500,17.2500,2.6863,0.1099
2024,MNQ,short,2024-12-23T14:49:00+00:00,21577.5000,2024-12-23T16:44:00+00:00,21675.5000,-590.22000,6900,100.7500,103.7500,1.0307,1.0614
2024,MNQ,long,2024-12-24T14:54:00+00:00,21879.5000,2024-12-25T23:04:00+00:00,22079.50000,1197.780000,115800,205.0000,8.2500,2.5625,0.1031
2024,MNQ,short,2024-12-26T14:49:00+00:00,21953.2500,2024-12-26T15:39:00+00:00,22008.0000,-551.20000,3000,83.0000,57.7500,1.5229,1.0596
2024,MNQ,short,2024-12-27T15:04:00+00:00,21605.7500,2024-12-27T21:09:00+00:00,21724.7500,-238.74000,21900,107.0000,127.2500,0.4163,0.4951
2024,MNQ,short,2024-12-30T14:59:00+00:00,21287.7500,2024-12-30T16:24:00+00:00,21416.0000,-514.48000,5100,34.7500,135.7500,0.2715,1.0605
2024,MNQ,short,2024-12-31T15:09:00+00:00,21350.7500,2024-12-31T21:09:00+00:00,21244.0000,425.52000,21600,168.7500,117.7500,1.2273,0.8564
2025,MNQ,long,2025-01-02T14:54:00+00:00,21379.7500,2025-01-02T17:29:00+00:00,21166.5000,-427.24000,9300,64.2500,236.2500,0.3016,1.1092
2025,MNQ,long,2025-01-03T16:34:00+00:00,21452.7500,2025-01-03T21:09:00+00:00,21497.7500,89.26000,16500,106.5000,16.7500,0.6094,0.0959
2025,MNQ,long,2025-01-06T14:49:00+00:00,21830.0000,2025-01-06T18:49:00+00:00,21723.5000,-427.48000,14400,66.7500,122.2500,0.6282,1.1506
2025,MNQ,short,2025-01-07T15:04:00+00:00,21602.5000,2025-01-07T21:09:00+00:00,21382.7500,438.76000,21900,323.0000,34.0000,1.5892,0.1673
2025,MNQ,long,2025-01-08T15:04:00+00:00,21388.0000,2025-01-08T15:14:00+00:00,21289.7500,-394.48000,600,3.7500,149.5000,0.0383,1.5255
2025,MNQ,short,2025-01-10T14:49:00+00:00,21035.0000,2025-01-10T21:09:00+00:00,21008.5000,52.26000,22800,160.2500,141.5000,0.9892,0.8735
2025,MNQ,long,2025-01-13T14:54:00+00:00,20809.0000,2025-01-13T21:09:00+00:00,20972.5000,652.52000,22500,169.2500,94.7500,1.5855,0.8876
2025,MNQ,short,2025-01-14T14:54:00+00:00,21006.5000,2025-01-14T21:09:00+00:00,20979.0000,108.52000,22500,233.0000,104.5000,1.8943,0.8496
2025,MNQ,long,2025-01-15T14:49:00+00:00,21344.7500,2025-01-15T21:09:00+00:00,21372.0000,53.76000,22800,108.0000,98.5000,0.6846,0.6244
2025,MNQ,short,2025-01-16T14:49:00+00:00,21384.7500,2025-01-16T21:09:00+00:00,21232.0000,609.52000,22800,159.5000,90.0000,1.4115,0.7965
2025,MNQ,long,2025-01-17T18:14:00+00:00,21657.5000,2025-01-17T21:09:00+00:00,21596.2500,-123.24000,10500,14.5000,85.7500,0.0879,0.5197
2025,MNQ,short,2025-01-20T15:19:00+00:00,21711.5000,2025-01-21T00:54:00+00:00,21544.00000,1002.780000,34500,209.2500,34.7500,3.1231,0.5187
2025,MNQ,short,2025-01-21T14:54:00+00:00,21583.2500,2025-01-21T17:44:00+00:00,21718.2500,-270.74000,10200,57.5000,135.7500,0.4267,1.0074
2025,MNQ,long,2025-01-22T14:49:00+00:00,21987.0000,2025-01-22T21:09:00+00:00,21990.0000,15.78000,22800,106.5000,11.0000,1.2641,0.1306
2025,MNQ,long,2025-01-23T15:34:00+00:00,21920.7500,2025-01-23T21:09:00+00:00,22019.2500,785.04000,20100,129.7500,24.0000,2.3807,0.4404
2025,MNQ,long,2025-01-24T14:49:00+00:00,22063.7500,2025-01-24T15:19:00+00:00,21999.7500,-514.96000,1800,14.5000,65.5000,0.2275,1.0275
2025,MNQ,long,2025-01-27T14:49:00+00:00,21305.2500,2025-01-27T19:54:00+00:00,21109.0000,-393.24000,18300,113.2500,210.2500,0.5778,1.0727
2025,MNQ,long,2025-01-28T15:04:00+00:00,21356.7500,2025-01-28T21:09:00+00:00,21566.2500,418.26000,21900,269.2500,43.0000,1.4653,0.234
2025,MNQ,short,2025-01-29T15:44:00+00:00,21474.0000,2025-01-29T21:09:00+00:00,21464.7500,17.76000,19500,107.0000,126.7500,0.8106,0.9602
2025,MNQ,long,2025-01-30T14:49:00+00:00,21736.0000,2025-01-30T15:04:00+00:00,21596.7500,-279.24000,900,12.7500,172.2500,0.0917,1.2392
2025,MNQ,long,2025-01-31T14:54:00+00:00,21857.5000,2025-01-31T18:34:00+00:00,21765.0000,-371.48000,13200,108.5000,113.7500,1.1762,1.2331
2025,MNQ,short,2025-02-03T15:04:00+00:00,21168.7500,2025-02-03T15:24:00+00:00,21314.5000,-292.24000,1200,55.5000,161.0000,0.3814,1.1065
2025,MNQ,long,2025-02-04T14:54:00+00:00,21547.2500,2025-02-04T21:09:00+00:00,21625.2500,155.26000,22500,146.7500,2.0000,1.0353,0.0141
2025,MNQ,short,2025-02-05T15:04:00+00:00,21515.7500,2025-02-05T15:39:00+00:00,21588.0000,-435.72000,2100,9.0000,80.5000,0.125,1.1181
2025,MNQ,long,2025-02-06T14:49:00+00:00,21793.0000,2025-02-06T19:34:00+00:00,21738.2500,-440.96000,17100,55.7500,81.5000,1.0229,1.4954
2025,MNQ,short,2025-02-07T15:04:00+00:00,21752.5000,2025-02-07T21:09:00+00:00,21590.0000,324.26000,21900,199.7500,51.5000,0.928,0.2393
2025,MNQ,long,2025-02-10T15:04:00+00:00,21815.0000,2025-02-10T21:09:00+00:00,21828.7500,80.28000,21900,79.0000,1.7500,1.1166,0.0247
2025,MNQ,long,2025-02-11T15:14:00+00:00,21800.7500,2025-02-11T21:09:00+00:00,21787.0000,-56.48000,21300,70.7500,85.0000,0.7093,0.8521
2025,MNQ,long,2025-02-12T14:49:00+00:00,21675.5000,2025-02-12T21:09:00+00:00,21833.2500,314.76000,22800,163.5000,95.0000,1.1763,0.6835
2025,MNQ,long,2025-02-13T15:19:00+00:00,21973.5000,2025-02-13T21:09:00+00:00,22089.5000,231.26000,21000,150.5000,83.0000,1.0866,0.5993
2025,MNQ,long,2025-02-14T15:09:00+00:00,22144.5000,2025-02-14T21:09:00+00:00,22211.5000,533.04000,21600,80.5000,52.5000,1.4839,0.9677
2025,MNQ,long,2025-02-17T16:04:00+00:00,22245.2500,2025-02-18T14:49:00+00:00,22192.5000,-424.96000,81900,74.5000,73.5000,1.419,1.4
2025,MNQ,short,2025-02-18T14:49:00+00:00,22182.5000,2025-02-18T21:09:00+00:00,22229.5000,-284.22000,22800,79.7500,67.5000,0.9355,0.7918
2025,MNQ,short,2025-02-19T14:49:00+00:00,22165.2500,2025-02-19T16:14:00+00:00,22221.5000,-452.96000,5100,47.2500,58.0000,0.8438,1.0357
2025,MNQ,short,2025-02-20T14:49:00+00:00,22139.2500,2025-02-20T21:09:00+00:00,22142.2500,-13.48000,22800,188.2500,10.7500,2.189,0.125
2025,MNQ,short,2025-02-21T14:59:00+00:00,22092.2500,2025-02-21T17:59:00+00:00,21853.50000,953.520000,10800,255.0000,18.5000,2.6702,0.1937
2025,MNQ,short,2025-02-24T14:54:00+00:00,21612.2500,2025-02-24T21:09:00+00:00,21429.2500,365.26000,22500,204.7500,48.2500,1.0819,0.255
2025,MNQ,short,2025-02-25T14:49:00+00:00,21287.0000,2025-02-25T16:34:00+00:00,21011.37500,1101.020000,6300,297.0000,9.0000,2.6939,0.0816
2025,MNQ,long,2025-02-26T14:49:00+00:00,21277.0000,2025-02-26T18:29:00+00:00,21189.0000,-353.48000,13200,132.2500,106.7500,1.5071,1.2165
2025,MNQ,short,2025-02-27T14:54:00+00:00,21073.0000,2025-02-27T21:09:00+00:00,20608.5000,928.26000,22500,489.7500,93.0000,1.5914,0.3022
2025,MNQ,long,2025-02-28T15:14:00+00:00,20693.0000,2025-02-28T21:09:00+00:00,20906.5000,426.26000,21300,251.2500,208.7500,1.0818,0.8988
2025,MNQ,short,2025-03-03T14:49:00+00:00,20941.2500,2025-03-03T20:09:00+00:00,20492.50000,896.760000,19200,450.0000,48.0000,2.507,0.2674
2025,MNQ,short,2025-03-04T14:59:00+00:00,20231.7500,2025-03-04T17:29:00+00:00,20430.0000,-397.24000,9000,156.5000,204.5000,0.7904,1.0328
2025,MNQ,long,2025-03-05T15:09:00+00:00,20456.2500,2025-03-05T15:24:00+00:00,20313.7500,-285.74000,900,20.7500,156.7500,0.1459,1.1019
2025,MNQ,long,2025-03-06T15:04:00+00:00,20359.2500,2025-03-06T17:04:00+00:00,20228.2500,-525.48000,7200,154.0000,173.2500,1.1778,1.325
2025,MNQ,long,2025-03-07T14:49:00+00:00,20195.0000,2025-03-07T15:34:00+00:00,20023.7500,-343.24000,2700,47.0000,270.0000,0.2749,1.5789
2025,MNQ,short,2025-03-10T13:54:00+00:00,19765.7500,2025-03-10T18:09:00+00:00,19419.50000,691.760000,15300,369.0000,62.2500,2.6643,0.4495
2025,MNQ,long,2025-03-11T13:49:00+00:00,19587.7500,2025-03-11T14:04:00+00:00,19385.7500,-404.74000,900,26.2500,234.5000,0.1301,1.1623
2025,MNQ,short,2025-03-12T13:54:00+00:00,19642.2500,2025-03-12T20:09:00+00:00,19576.0000,131.76000,22500,247.0000,85.5000,1.8262,0.6322
2025,MNQ,short,2025-03-13T13:54:00+00:00,19404.0000,2025-03-13T20:09:00+00:00,19300.0000,207.26000,22500,234.0000,166.0000,1.3546,0.9609
2025,MNQ,long,2025-03-14T13:54:00+00:00,19608.5000,2025-03-14T14:04:00+00:00,19450.7500,-316.24000,600,1.0000,171.7500,0.0063,1.0905
2025,MNQ,short,2025-03-17T15:04:00+00:00,19667.5000,2025-03-17T18:04:00+00:00,19847.7500,-361.24000,10800,38.7500,187.5000,0.2153,1.0417
2025,MNQ,short,2025-03-18T13:54:00+00:00,19499.2500,2025-03-18T20:09:00+00:00,19523.5000,-49.24000,22500,101.5000,79.7500,0.5232,0.4111
2025,MNQ,long,2025-03-19T13:54:00+00:00,19626.2500,2025-03-19T19:14:00+00:00,19930.62500,1216.020000,19200,308.7500,76.2500,2.5359,0.6263
2025,MNQ,long,2025-03-20T13:49:00+00:00,19908.7500,2025-03-20T20:09:00+00:00,19901.2500,-15.74000,22800,196.2500,113.7500,1.2869,0.7459
2025,MNQ,long,2025-03-21T13:54:00+00:00,19719.2500,2025-03-21T20:09:00+00:00,19942.7500,892.52000,22500,254.7500,56.2500,2.2848,0.5045
2025,MNQ,long,2025-03-24T13:49:00+00:00,20315.2500,2025-03-24T20:09:00+00:00,20368.7500,318.78000,22800,94.2500,40.5000,1.0991,0.4723
2025,MNQ,long,2025-03-25T14:24:00+00:00,20431.7500,2025-03-25T20:09:00+00:00,20504.7500,581.04000,20700,78.2500,29.7500,1.252,0.476
2025,MNQ,short,2025-03-26T13:49:00+00:00,20399.5000,2025-03-26T15:54:00+00:00,20211.37500,1126.530000,7500,206.5000,7.7500,2.7442,0.103
2025,MNQ,long,2025-03-27T13:59:00+00:00,20076.7500,2025-03-27T20:09:00+00:00,20001.5000,-302.48000,22200,122.7500,101.7500,0.8815,0.7307
2025,MNQ,short,2025-03-28T14:04:00+00:00,19839.2500,2025-03-28T14:59:00+00:00,19584.25000,1018.520000,3300,263.5000,4.5000,2.5833,0.0441
2025,MNQ,long,2025-03-31T15:24:00+00:00,19216.2500,2025-03-31T20:09:00+00:00,19406.2500,379.26000,17100,273.5000,53.2500,1.2886,0.2509
2025,MNQ,long,2025-04-01T13:49:00+00:00,19443.7500,2025-04-01T14:09:00+00:00,19338.2500,-423.48000,1200,12.5000,117.2500,0.1188,1.114
2025,MNQ,long,2025-04-02T13:49:00+00:00,19567.5000,2025-04-02T20:09:00+00:00,19741.5000,347.26000,22800,322.7500,76.2500,1.2871,0.3041
2025,MNQ,short,2025-04-03T14:09:00+00:00,18909.0000,2025-04-03T20:09:00+00:00,18704.7500,407.76000,21600,244.2500,78.7500,1.4803,0.4773
2025,MNQ,short,2025-04-04T14:14:00+00:00,18002.5000,2025-04-04T20:09:00+00:00,17522.0000,960.26000,21300,559.0000,145.5000,2.2724,0.5915
2025,MNQ,long,2025-04-07T13:54:00+00:00,17120.2500,2025-04-07T14:19:00+00:00,18236.50000,2231.760000,1500,1241.2500,43.7500,2.78,0.098
2025,MNQ,long,2025-04-08T13:54:00+00:00,18214.2500,2025-04-08T15:14:00+00:00,18059.2500,-310.74000,4800,143.0000,184.2500,0.9241,1.1906
2025,MNQ,long,2025-04-09T17:04:00+00:00,17693.7500,2025-04-09T18:04:00+00:00,18921.87500,2455.510000,3600,1310.7500,273.2500,2.6682,0.5562
2025,MNQ,short,2025-04-10T13:59:00+00:00,18661.5000,2025-04-10T16:19:00+00:00,18137.12500,1048.010000,8400,589.5000,139.5000,2.8105,0.6651
2025,MNQ,long,2025-04-11T13:49:00+00:00,18573.0000,2025-04-11T14:24:00+00:00,18351.2500,-444.24000,2100,74.7500,297.0000,0.3375,1.3409
2025,MNQ,short,2025-04-14T15:29:00+00:00,18945.2500,2025-04-14T20:09:00+00:00,18919.7500,50.26000,16800,207.7500,149.7500,0.6718,0.4842
2025,MNQ,long,2025-04-15T13:49:00+00:00,19088.7500,2025-04-15T14:19:00+00:00,18968.5000,-482.48000,1800,56.0000,128.5000,0.4667,1.0708
2025,MNQ,short,2025-04-16T13:54:00+00:00,18552.7500,2025-04-16T15:24:00+00:00,18679.5000,-508.48000,5400,43.5000,156.2500,0.3439,1.2352
2025,MNQ,short,2025-04-17T14:24:00+00:00,18359.7500,2025-04-17T18:14:00+00:00,18509.5000,-600.48000,13800,98.2500,153.5000,0.6572,1.0268
2025,MNQ,short,2025-04-21T13:54:00+00:00,18054.7500,2025-04-21T17:04:00+00:00,17779.75000,1098.520000,11400,308.5000,4.2500,2.8045,0.0386
2025,MNQ,long,2025-04-22T13:49:00+00:00,18241.7500,2025-04-22T20:09:00+00:00,18364.5000,489.52000,22800,272.2500,42.7500,1.9309,0.3032
2025,MNQ,long,2025-04-23T14:34:00+00:00,19135.5000,2025-04-23T15:24:00+00:00,18916.5000,-438.74000,3000,30.0000,235.5000,0.1371,1.0766
2025,MNQ,long,2025-04-24T13:49:00+00:00,18980.5000,2025-04-24T18:39:00+00:00,19314.87500,1336.020000,17400,334.5000,7.2500,2.5009,0.0542
2025,MNQ,short,2025-04-25T13:54:00+00:00,19255.2500,2025-04-25T14:09:00+00:00,19363.7500,-653.22000,900,2.2500,127.5000,0.0208,1.1778
2025,MNQ,short,2025-04-28T13:59:00+00:00,19465.0000,2025-04-28T20:09:00+00:00,19497.5000,-131.48000,22200,207.7500,113.7500,1.5504,0.8489
2025,MNQ,long,2025-04-29T13:49:00+00:00,19516.5000,2025-04-29T20:09:00+00:00,19634.7500,471.52000,22800,172.0000,50.2500,1.5289,0.4467
2025,MNQ,short,2025-04-30T13:59:00+00:00,19121.0000,2025-04-30T14:29:00+00:00,19304.5000,-367.74000,1800,17.2500,194.0000,0.0941,1.0587
2025,MNQ,short,2025-05-01T13:59:00+00:00,19876.7500,2025-05-01T14:29:00+00:00,19990.7500,-457.48000,1800,11.2500,128.7500,0.0989,1.1319
2025,MNQ,long,2025-05-02T14:09:00+00:00,20131.2500,2025-05-02T20:09:00+00:00,20217.5000,515.28000,21600,145.5000,18.7500,1.455,0.1875
2025,MNQ,long,2025-05-05T14:04:00+00:00,20057.2500,2025-05-05T20:09:00+00:00,20024.0000,-268.96000,21900,134.2500,48.2500,1.8711,0.6725
2025,MNQ,short,2025-05-06T13:54:00+00:00,19753.7500,2025-05-06T14:19:00+00:00,19864.0000,-442.48000,1500,14.7500,117.0000,0.1341,1.0636
2025,MNQ,long,2025-05-07T13:59:00+00:00,19937.7500,2025-05-07T14:54:00+00:00,19866.0000,-576.96000,3300,39.5000,96.0000,0.5524,1.3427
2025,MNQ,short,2025-05-08T13:49:00+00:00,20076.7500,2025-05-08T15:29:00+00:00,20174.0000,-585.72000,6000,97.7500,129.7500,1.0077,1.3376
2025,MNQ,short,2025-05-09T14:19:00+00:00,20205.5000,2025-05-09T20:09:00+00:00,20137.0000,545.04000,21000,147.5000,5.0000,1.9932,0.0676
2025,MNQ,short,2025-05-12T14:29:00+00:00,20741.5000,2025-05-12T17:09:00+00:00,20922.2500,-362.24000,9600,51.5000,193.5000,0.2853,1.072
2025,MNQ,long,2025-05-13T13:54:00+00:00,21111.2500,2025-05-13T20:09:00+00:00,21248.0000,545.52000,22500,235.2500,8.5000,1.7016,0.0615
2025,MNQ,short,2025-05-14T13:49:00+00:00,21308.5000,2025-05-14T16:34:00+00:00,21405.2500,-582.72000,9900,34.7500,111.0000,0.3601,1.1503
2025,MNQ,short,2025-05-15T13:49:00+00:00,21267.7500,2025-05-15T14:04:00+00:00,21339.2500,-574.96000,900,10.5000,78.7500,0.1474,1.1053
2025,MNQ,short,2025-05-16T14:39:00+00:00,21376.2500,2025-05-16T17:34:00+00:00,21470.0000,-564.72000,10500,56.0000,99.7500,0.5989,1.0668
2025,MNQ,long,2025-05-19T13:49:00+00:00,21362.2500,2025-05-19T20:09:00+00:00,21486.5000,247.76000,22800,182.2500,20.7500,1.1408,0.1299
2025,MNQ,short,2025-05-20T13:49:00+00:00,21374.5000,2025-05-20T14:39:00+00:00,21439.7500,-524.96000,3000,19.7500,67.7500,0.3038,1.0423
2025,MNQ,long,2025-05-21T13:49:00+00:00,21382.5000,2025-05-21T17:24:00+00:00,21277.0000,-423.48000,12900,176.0000,120.2500,1.6722,1.1425
2025,MNQ,long,2025-05-22T13:54:00+00:00,21235.5000,2025-05-22T20:09:00+00:00,21189.0000,-187.48000,22500,102.0000,69.5000,0.8395,0.572
2025,MNQ,long,2025-05-23T14:14:00+00:00,20971.0000,2025-05-23T20:09:00+00:00,20940.7500,-122.48000,21300,112.0000,85.7500,0.7555,0.5784
2025,MNQ,short,2025-05-26T14:34:00+00:00,21247.5000,2025-05-27T07:34:00+00:00,21307.7500,-606.20000,61200,106.0000,70.2500,1.7667,1.1708
2025,MNQ,long,2025-05-27T13:59:00+00:00,21294.0000,2025-05-27T20:09:00+00:00,21470.0000,702.52000,22200,194.5000,1.7500,1.9257,0.0173
2025,MNQ,short,2025-05-28T13:49:00+00:00,21482.2500,2025-05-28T20:09:00+00:00,21391.5000,542.28000,22800,150.7500,32.0000,1.7735,0.3765
2025,MNQ,short,2025-05-29T13:49:00+00:00,21490.7500,2025-05-29T20:09:00+00:00,21387.7500,205.26000,22800,189.7500,67.0000,1.0053,0.355
2025,MNQ,short,2025-05-30T13:49:00+00:00,21290.5000,2025-05-30T14:29:00+00:00,21390.5000,-602.22000,2400,55.7500,102.2500,0.5589,1.0251
2025,MNQ,short,2025-06-02T14:04:00+00:00,21280.7500,2025-06-02T17:04:00+00:00,21458.0000,-355.24000,10800,18.2500,192.0000,0.1031,1.0847
2025,MNQ,long,2025-06-03T14:04:00+00:00,21616.2500,2025-06-03T20:09:00+00:00,21672.7500,224.52000,21900,143.5000,58.7500,1.3506,0.5529
2025,MNQ,short,2025-06-04T14:04:00+00:00,21693.5000,2025-06-04T18:04:00+00:00,21793.2500,-600.72000,14400,52.5000,104.2500,0.5276,1.0477
2025,MNQ,short,2025-06-05T13:59:00+00:00,21723.5000,2025-06-05T14:44:00+00:00,21840.5000,-469.48000,2700,20.2500,143.7500,0.1734,1.2313
2025,MNQ,long,2025-06-06T13:49:00+00:00,21857.7500,2025-06-06T14:29:00+00:00,21768.2500,-539.22000,2400,5.7500,95.0000,0.0644,1.0644
2025,MNQ,long,2025-06-09T14:09:00+00:00,21822.5000,2025-06-09T20:09:00+00:00,21804.7500,-144.96000,21600,68.2500,22.0000,0.9545,0.3077
2025,MNQ,short,2025-06-10T15:34:00+00:00,21777.7500,2025-06-10T16:04:00+00:00,21886.5000,-436.48000,1800,5.5000,124.5000,0.0507,1.1475
2025,MNQ,short,2025-06-11T13:49:00+00:00,21953.0000,2025-06-11T14:24:00+00:00,22025.0000,-578.96000,2100,0.7500,78.7500,0.0105,1.0976
2025,MNQ,long,2025-06-12T13:49:00+00:00,21886.7500,2025-06-12T20:09:00+00:00,21932.0000,359.04000,22800,90.5000,46.2500,1.3309,0.6801
2025,MNQ,short,2025-06-13T14:29:00+00:00,21627.5000,2025-06-13T15:24:00+00:00,21788.0000,-321.74000,3300,5.7500,179.7500,0.0359,1.1217
2025,MNQ,long,2025-06-16T13:49:00+00:00,21882.7500,2025-06-16T20:09:00+00:00,21945.7500,375.78000,22800,116.7500,9.2500,1.2936,0.1025
2025,MNQ,long,2025-06-17T14:14:00+00:00,21896.0000,2025-06-17T16:59:00+00:00,21806.2500,-540.72000,9900,14.0000,94.7500,0.1564,1.0587
2025,MNQ,long,2025-06-18T13:49:00+00:00,22002.7500,2025-06-18T18:59:00+00:00,21926.2500,-461.22000,18600,95.0000,111.7500,1.2459,1.4656
2025,MNQ,short,2025-06-19T13:49:00+00:00,21682.0000,2025-06-19T22:04:00+00:00,21786.7500,-420.48000,29700,16.5000,162.0000,0.1579,1.5502
2025,MNQ,short,2025-06-20T13:59:00+00:00,22017.7500,2025-06-20T20:09:00+00:00,21864.2500,612.52000,22200,252.7500,12.5000,2.2467,0.1111
2025,MNQ,long,2025-06-23T13:49:00+00:00,21904.2500,2025-06-23T16:39:00+00:00,21758.5000,-292.24000,10200,113.7500,166.0000,0.7818,1.1409
2025,MNQ,long,2025-06-24T14:44:00+00:00,22336.5000,2025-06-24T20:09:00+00:00,22400.2500,380.28000,19500,111.7500,35.7500,1.4656,0.4689
2025,MNQ,short,2025-06-25T14:14:00+00:00,22474.2500,2025-06-25T20:09:00+00:00,22463.5000,62.28000,21300,85.7500,50.5000,1.1627,0.6847
2025,MNQ,long,2025-06-26T14:24:00+00:00,22571.5000,2025-06-26T20:09:00+00:00,22656.2500,506.28000,20700,122.5000,21.5000,1.6066,0.282
2025,MNQ,long,2025-06-27T13:54:00+00:00,22744.0000,2025-06-27T18:19:00+00:00,22685.2500,-472.96000,15900,81.5000,67.0000,1.3932,1.1453
2025,MNQ,short,2025-06-30T13:49:00+00:00,22799.7500,2025-06-30T19:24:00+00:00,22875.5000,-456.72000,20100,18.7500,82.7500,0.2483,1.096
2025,MNQ,long,2025-07-01T13:54:00+00:00,22824.5000,2025-07-01T14:24:00+00:00,22780.0000,-538.44000,1800,23.7500,48.5000,0.5367,1.096
2025,MNQ,long,2025-07-02T13:49:00+00:00,22710.2500,2025-07-02T20:09:00+00:00,22835.2500,997.04000,22800,143.7500,7.5000,2.4468,0.1277
2025,MNQ,long,2025-07-03T13:54:00+00:00,22994.2500,2025-07-04T08:19:00+00:00,22930.2500,-514.96000,66300,108.2500,69.7500,1.698,1.0941
2025,MNQ,long,2025-07-04T13:54:00+00:00,22930.5000,2025-07-07T14:59:00+00:00,22888.0000,-514.44000,263100,98.0000,48.0000,2.3195,1.1361
2025,MNQ,short,2025-07-07T14:59:00+00:00,22895.2500,2025-07-07T20:09:00+00:00,22857.0000,227.28000,18600,115.5000,67.2500,1.4393,0.838
2025,MNQ,short,2025-07-08T13:59:00+00:00,22881.2500,2025-07-08T16:24:00+00:00,22943.5000,-500.96000,8700,40.2500,66.2500,0.6492,1.0685
2025,MNQ,long,2025-07-09T13:49:00+00:00,23085.7500,2025-07-09T14:39:00+00:00,22978.0000,-432.48000,3000,26.2500,123.2500,0.2442,1.1465
2025,MNQ,short,2025-07-10T13:49:00+00:00,22993.2500,2025-07-10T20:09:00+00:00,23010.5000,-70.48000,22800,92.0000,56.7500,0.9534,0.5881
2025,MNQ,long,2025-07-11T13:59:00+00:00,22964.0000,2025-07-11T20:09:00+00:00,22945.0000,-116.22000,22200,57.5000,55.2500,0.6199,0.5957
2025,MNQ,long,2025-07-14T14:59:00+00:00,22991.7500,2025-07-14T20:09:00+00:00,23027.5000,141.52000,18600,74.7500,7.0000,0.5397,0.0505
2025,MNQ,short,2025-07-15T14:59:00+00:00,23099.2500,2025-07-15T20:09:00+00:00,23033.0000,263.52000,18600,73.2500,81.7500,0.5943,0.6633
2025,MNQ,short,2025-07-16T13:49:00+00:00,22997.2500,2025-07-16T19:44:00+00:00,23089.5000,-555.72000,21300,161.7500,102.7500,1.7582,1.1168
2025,MNQ,long,2025-07-17T13:49:00+00:00,23136.5000,2025-07-17T20:09:00+00:00,23249.0000,672.78000,22800,143.2500,21.5000,2.0319,0.305
2025,MNQ,short,2025-07-18T14:04:00+00:00,23247.2500,2025-07-18T20:09:00+00:00,23223.5000,187.04000,21900,77.7500,9.2500,1.244,0.148
2025,MNQ,long,2025-07-21T13:49:00+00:00,23378.5000,2025-07-21T20:09:00+00:00,23350.5000,-113.48000,22800,46.2500,50.0000,0.376,0.4065
2025,MNQ,short,2025-07-22T13:49:00+00:00,23213.2500,2025-07-22T20:09:00+00:00,23204.5000,33.52000,22800,105.2500,44.5000,0.7725,0.3266
2025,MNQ,short,2025-07-23T13:59:00+00:00,23165.7500,2025-07-23T15:54:00+00:00,23263.7500,-393.48000,6900,19.0000,123.2500,0.1944,1.2609
2025,MNQ,short,2025-07-24T14:09:00+00:00,23329.5000,2025-07-24T15:54:00+00:00,23399.5000,-562.96000,6300,31.2500,71.0000,0.448,1.0179
2025,MNQ,long,2025-07-25T13:49:00+00:00,23384.0000,2025-07-25T20:09:00+00:00,23422.2500,378.80000,22800,92.0000,11.0000,1.7358,0.2075
2025,MNQ,long,2025-07-28T13:54:00+00:00,23506.7500,2025-07-28T15:19:00+00:00,23464.7500,-508.44000,5100,22.2500,54.2500,0.5329,1.2994
2025,MNQ,short,2025-07-29T13:49:00+00:00,23589.5000,2025-07-29T19:39:00+00:00,23432.62500,1252.040000,21000,168.2500,4.2500,2.6813,0.0677
2025,MNQ,long,2025-07-30T14:24:00+00:00,23515.7500,2025-07-30T18:59:00+00:00,23450.7500,-522.96000,16500,73.7500,115.5000,1.139,1.7838
2025,MNQ,short,2025-07-31T14:49:00+00:00,23602.7500,2025-07-31T20:09:00+00:00,23336.5000,531.76000,19200,302.7500,14.2500,2.0319,0.0956
2025,MNQ,short,2025-08-01T13:49:00+00:00,22865.5000,2025-08-01T20:09:00+00:00,22873.2500,-16.24000,22800,90.5000,180.0000,0.3935,0.7826
2025,MNQ,long,2025-08-04T13:49:00+00:00,23217.0000,2025-08-04T20:09:00+00:00,23336.0000,474.52000,22800,121.5000,29.2500,0.9492,0.2285
2025,MNQ,long,2025-08-05T13:49:00+00:00,23381.5000,2025-08-05T14:19:00+00:00,23303.5000,-470.22000,1800,11.0000,89.0000,0.1415,1.1447
2025,MNQ,long,2025-08-06T13:54:00+00:00,23230.2500,2025-08-06T18:39:00+00:00,23434.00000,1220.280000,17100,205.0000,66.0000,2.5153,0.8098
2025,MNQ,long,2025-08-07T13:59:00+00:00,23654.7500,2025-08-07T14:14:00+00:00,23582.0000,-438.72000,900,16.2500,74.7500,0.2241,1.031
2025,MNQ,long,2025-08-08T13:49:00+00:00,23628.7500,2025-08-08T20:09:00+00:00,23738.0000,435.52000,22800,112.7500,16.7500,1.1447,0.1701
2025,MNQ,long,2025-08-11T13:59:00+00:00,23745.0000,2025-08-11T18:04:00+00:00,23680.7500,-516.96000,14700,59.5000,66.2500,0.9297,1.0352
2025,MNQ,short,2025-08-12T13:49:00+00:00,23699.7500,2025-08-12T15:09:00+00:00,23808.2500,-435.48000,4800,77.7500,115.2500,0.7182,1.0647
2025,MNQ,short,2025-08-13T13:59:00+00:00,24017.0000,2025-08-13T16:54:00+00:00,23888.87500,1277.550000,10500,131.0000,1.5000,2.5561,0.0293
2025,MNQ,long,2025-08-14T13:49:00+00:00,23931.5000,2025-08-14T20:09:00+00:00,23885.5000,-278.22000,22800,76.2500,68.5000,0.8472,0.7611
2025,MNQ,short,2025-08-15T13:49:00+00:00,23783.2500,2025-08-15T20:09:00+00:00,23793.7500,-43.48000,22800,48.7500,97.7500,0.3824,0.7667
2025,MNQ,short,2025-08-18T13:54:00+00:00,23757.2500,2025-08-18T14:24:00+00:00,23817.2500,-482.96000,1800,22.2500,62.5000,0.3724,1.046
2025,MNQ,short,2025-08-19T13:49:00+00:00,23650.7500,2025-08-19T20:09:00+00:00,23481.7500,674.52000,22800,224.7500,78.0000,1.8808,0.6527
2025,MNQ,short,2025-08-20T13:49:00+00:00,23264.2500,2025-08-20T20:09:00+00:00,23319.7500,-111.74000,22800,229.2500,104.5000,1.3687,0.6239
2025,MNQ,short,2025-08-21T13:59:00+00:00,23187.5000,2025-08-21T14:14:00+00:00,23290.2500,-412.48000,900,31.5000,115.7500,0.3073,1.1293
2025,MNQ,long,2025-08-22T13:49:00+00:00,23333.5000,2025-08-22T20:09:00+00:00,23573.2500,957.52000,22800,316.5000,87.2500,2.4775,0.683
2025,MNQ,long,2025-08-25T13:59:00+00:00,23519.5000,2025-08-25T20:09:00+00:00,23510.2500,-57.72000,22200,96.7500,33.7500,1.273,0.4441
2025,MNQ,short,2025-08-26T13:49:00+00:00,23444.2500,2025-08-26T14:14:00+00:00,23518.5000,-447.72000,1500,6.5000,83.0000,0.0878,1.1216
2025,MNQ,short,2025-08-27T13:49:00+00:00,23499.2500,2025-08-27T14:14:00+00:00,23565.2500,-530.96000,1500,0.2500,67.7500,0.0038,1.0304
2025,MNQ,short,2025-08-28T13:54:00+00:00,23615.5000,2025-08-28T15:19:00+00:00,23742.2500,-508.48000,5100,43.0000,137.2500,0.3399,1.085
2025,MNQ,short,2025-08-29T13:49:00+00:00,23543.0000,2025-08-29T20:09:00+00:00,23461.5000,324.52000,22800,145.5000,32.2500,1.1663,0.2585
2025,MNQ,long,2025-09-01T13:49:00+00:00,23486.0000,2025-09-01T23:24:00+00:00,23441.7500,-535.44000,34500,23.5000,55.5000,0.5341,1.2614
2025,MNQ,long,2025-09-02T13:49:00+00:00,23198.7500,2025-09-02T20:09:00+00:00,23363.7500,329.26000,22800,168.5000,171.7500,0.9726,0.9913
2025,MNQ,long,2025-09-03T14:19:00+00:00,23443.2500,2025-09-03T17:49:00+00:00,23371.7500,-431.22000,12600,82.0000,96.5000,1.1509,1.3544
2025,MNQ,short,2025-09-04T14:04:00+00:00,23432.5000,2025-09-04T15:24:00+00:00,23548.2500,-464.48000,4800,22.5000,116.2500,0.1948,1.0065
2025,MNQ,short,2025-09-05T14:09:00+00:00,23795.7500,2025-09-05T15:04:00+00:00,23530.75000,1058.520000,3300,280.5000,7.0000,2.6462,0.066
2025,MNQ,long,2025-09-08T13:54:00+00:00,23865.2500,2025-09-08T17:54:00+00:00,23771.7500,-563.22000,14400,22.7500,102.5000,0.244,1.0992
2025,MNQ,short,2025-09-09T13:54:00+00:00,23807.0000,2025-09-09T19:24:00+00:00,23857.7500,-511.20000,19800,81.0000,52.5000,1.604,1.0396
2025,MNQ,short,2025-09-10T13:54:00+00:00,23915.5000,2025-09-10T20:09:00+00:00,23879.0000,216.78000,22500,130.5000,75.5000,1.5398,0.8909
2025,MNQ,long,2025-09-11T14:34:00+00:00,23998.5000,2025-09-11T20:09:00+00:00,24020.2500,128.28000,20100,47.5000,23.5000,0.5444,0.2693
2025,MNQ,long,2025-09-12T14:24:00+00:00,24071.7500,2025-09-12T20:09:00+00:00,24108.5000,291.04000,20700,87.2500,7.2500,1.2464,0.1036
2025,MNQ,long,2025-09-15T13:49:00+00:00,24228.7500,2025-09-15T20:09:00+00:00,24296.0000,668.80000,22800,86.7500,2.7500,1.5561,0.0493
2025,MNQ,short,2025-09-16T13:54:00+00:00,24294.7500,2025-09-16T20:09:00+00:00,24295.2500,-6.96000,22500,36.5000,29.0000,0.6008,0.4774
2025,MNQ,short,2025-09-17T14:09:00+00:00,24225.2500,2025-09-17T18:49:00+00:00,24037.75000,1122.780000,16800,197.7500,55.7500,2.6367,0.7433
2025,MNQ,long,2025-09-18T14:04:00+00:00,24722.2500,2025-09-18T20:09:00+00:00,24710.5000,-48.48000,21900,93.7500,34.5000,0.9542,0.3511
2025,MNQ,long,2025-09-19T13:49:00+00:00,24793.5000,2025-09-19T14:49:00+00:00,24737.5000,-563.70000,3600,24.0000,59.5000,0.4305,1.0673
2025,MNQ,long,2025-09-22T13:49:00+00:00,24857.7500,2025-09-22T16:19:00+00:00,24965.87500,1293.060000,9000,111.5000,2.7500,2.578,0.0636
2025,MNQ,short,2025-09-23T13:59:00+00:00,24939.7500,2025-09-23T20:09:00+00:00,24842.5000,775.04000,22200,159.2500,35.5000,2.2832,0.509
2025,MNQ,short,2025-09-24T13:49:00+00:00,24805.0000,2025-09-24T20:09:00+00:00,24749.7500,329.28000,22800,178.0000,36.0000,1.8936,0.383
2025,MNQ,long,2025-09-25T14:19:00+00:00,24606.0000,2025-09-25T20:09:00+00:00,24620.7500,28.76000,21000,90.7500,152.5000,0.4952,0.8322
2025,MNQ,short,2025-09-26T14:24:00+00:00,24570.7500,2025-09-26T17:14:00+00:00,24712.5000,-568.48000,10200,50.7500,146.0000,0.3587,1.0318
2025,MNQ,long,2025-09-29T13:49:00+00:00,24947.2500,2025-09-29T15:39:00+00:00,24848.2500,-596.22000,6600,28.2500,107.5000,0.2861,1.0886
2025,MNQ,short,2025-09-30T13:54:00+00:00,24733.7500,2025-09-30T14:49:00+00:00,24831.0000,-585.72000,3300,11.5000,104.7500,0.1186,1.0799
2025,MNQ,short,2025-10-01T13:49:00+00:00,24736.7500,2025-10-01T14:19:00+00:00,24841.5000,-420.48000,1800,10.7500,123.2500,0.1029,1.1794
2025,MNQ,short,2025-10-02T13:49:00+00:00,25028.7500,2025-10-02T20:09:00+00:00,25122.7500,-377.48000,22800,35.0000,97.7500,0.25,0.6982
2025,MNQ,short,2025-10-03T13:59:00+00:00,25105.5000,2025-10-03T17:54:00+00:00,24956.12500,1192.040000,14100,181.7500,50.5000,3.0418,0.8452
2025,MNQ,long,2025-10-06T17:24:00+00:00,25225.5000,2025-10-06T20:09:00+00:00,25182.5000,-173.48000,9900,27.2500,50.5000,0.2512,0.4654
2025,MNQ,short,2025-10-07T14:29:00+00:00,25213.0000,2025-10-07T15:09:00+00:00,25088.00000,1246.300000,2400,160.0000,18.2500,3.2,0.365
2025,MNQ,long,2025-10-08T13:49:00+00:00,25161.7500,2025-10-08T20:09:00+00:00,25331.2500,1014.78000,22800,182.5000,18.7500,2.0857,0.2143
2025,MNQ,short,2025-10-09T14:29:00+00:00,25251.5000,2025-10-09T20:09:00+00:00,25294.5000,-260.22000,20400,90.7500,48.2500,1.0934,0.5813
2025,MNQ,short,2025-10-10T14:59:00+00:00,25194.2500,2025-10-10T15:34:00+00:00,24738.62500,910.510000,2100,523.5000,1.7500,2.8724,0.0096
2025,MNQ,long,2025-10-13T13:59:00+00:00,24888.2500,2025-10-13T20:09:00+00:00,24917.2500,57.26000,22200,76.7500,144.2500,0.4694,0.8823
2025,MNQ,long,2025-10-14T14:24:00+00:00,24688.7500,2025-10-14T20:09:00+00:00,24705.5000,32.76000,20700,258.7500,18.5000,1.0039,0.0718
2025,MNQ,short,2025-10-15T13:49:00+00:00,24916.0000,2025-10-15T13:59:00+00:00,25003.5000,-527.22000,600,7.5000,107.5000,0.086,1.2321
2025,MNQ,long,2025-10-16T14:34:00+00:00,25109.7500,2025-10-16T15:29:00+00:00,25038.0000,-576.96000,3300,69.7500,91.2500,0.9755,1.2762
2025,MNQ,long,2025-10-17T13:54:00+00:00,24849.0000,2025-10-17T20:09:00+00:00,25009.0000,319.26000,22500,206.7500,174.0000,1.173,0.9872
2025,MNQ,long,2025-10-20T13:54:00+00:00,25230.2500,2025-10-20T20:09:00+00:00,25307.0000,305.52000,22500,124.2500,28.0000,1.0781,0.243
2025,MNQ,short,2025-10-21T14:04:00+00:00,25225.2500,2025-10-21T15:49:00+00:00,25304.5000,-477.72000,6300,22.0000,95.5000,0.2785,1.2089
2025,MNQ,long,2025-10-22T13:54:00+00:00,25280.5000,2025-10-22T14:29:00+00:00,25172.2500,-434.48000,2100,2.0000,166.2500,0.0185,1.5394
2025,MNQ,long,2025-10-23T13:49:00+00:00,25137.5000,2025-10-23T20:09:00+00:00,25268.7500,523.52000,22800,150.5000,53.5000,1.0886,0.387
2025,MNQ,long,2025-10-24T14:09:00+00:00,25532.7500,2025-10-24T20:09:00+00:00,25513.2500,-79.48000,21600,38.0000,101.2500,0.3698,0.9854
2025,MNQ,long,2025-10-27T14:04:00+00:00,25866.7500,2025-10-27T20:09:00+00:00,25965.7500,789.04000,21900,114.5000,43.7500,1.6357,0.625
2025,MNQ,short,2025-10-28T13:54:00+00:00,26034.0000,2025-10-28T16:29:00+00:00,26094.7500,-611.20000,9300,28.0000,64.0000,0.4628,1.0579
2025,MNQ,long,2025-10-29T13:59:00+00:00,26319.0000,2025-10-29T14:54:00+00:00,26254.7500,-516.96000,3300,7.5000,75.5000,0.1172,1.1797
2025,MNQ,long,2025-10-30T13:54:00+00:00,26133.0000,2025-10-30T19:19:00+00:00,25942.2500,-382.24000,19500,49.5000,214.7500,0.2598,1.1273
2025,MNQ,short,2025-10-31T14:04:00+00:00,26065.0000,2025-10-31T20:09:00+00:00,25990.5000,296.52000,21900,176.2500,117.7500,1.3128,0.8771
2025,MNQ,short,2025-11-03T14:49:00+00:00,26154.2500,2025-11-03T21:09:00+00:00,26146.7500,28.52000,22800,138.7500,25.7500,1.2444,0.2309
2025,MNQ,long,2025-11-04T14:54:00+00:00,25852.5000,2025-11-04T17:19:00+00:00,25663.0000,-379.74000,8700,41.0000,198.5000,0.2166,1.0489
2025,MNQ,long,2025-11-05T14:49:00+00:00,25608.7500,2025-11-05T21:09:00+00:00,25728.7500,478.52000,22800,271.2500,8.2500,2.251,0.0685
2025,MNQ,short,2025-11-06T14:54:00+00:00,25554.2500,2025-11-06T16:44:00+00:00,25226.12500,1311.020000,6600,331.5000,11.7500,2.5257,0.0895
2025,MNQ,short,2025-11-07T15:39:00+00:00,24891.5000,2025-11-07T19:59:00+00:00,25111.0000,-439.74000,15600,182.2500,225.2500,0.8312,1.0274
2025,MNQ,long,2025-11-10T15:04:00+00:00,25640.5000,2025-11-10T15:59:00+00:00,25525.2500,-462.48000,3300,26.0000,124.0000,0.2261,1.0783
2025,MNQ,short,2025-11-11T14:49:00+00:00,25582.7500,2025-11-11T18:19:00+00:00,25646.0000,-508.96000,12600,104.2500,75.2500,1.6548,1.1944
2025,MNQ,short,2025-11-12T14:49:00+00:00,25577.0000,2025-11-12T21:09:00+00:00,25642.5000,-131.74000,22800,88.2500,83.0000,0.4337,0.4079
2025,MNQ,short,2025-11-13T15:49:00+00:00,25240.7500,2025-11-13T21:09:00+00:00,25152.5000,175.76000,19200,238.2500,37.0000,0.9128,0.1418
2025,MNQ,long,2025-11-14T14:49:00+00:00,24895.2500,2025-11-14T21:09:00+00:00,25110.2500,429.26000,22800,398.0000,36.5000,1.4796,0.1357
2025,MNQ,long,2025-11-17T14:49:00+00:00,25218.7500,2025-11-17T16:19:00+00:00,24955.0000,-528.24000,5400,35.2500,271.0000,0.1338,1.0285
2025,MNQ,short,2025-11-18T14:49:00+00:00,24622.7500,2025-11-18T21:09:00+00:00,24557.0000,130.76000,22800,246.5000,187.5000,1.1794,0.8971
2025,MNQ,long,2025-11-19T14:49:00+00:00,24769.2500,2025-11-19T17:34:00+00:00,24572.5000,-394.24000,9900,218.7500,205.2500,1.1132,1.0445
2025,MNQ,long,2025-11-20T14:59:00+00:00,25274.5000,2025-11-20T16:04:00+00:00,25146.0000,-515.48000,3900,35.5000,179.2500,0.2768,1.3977
2025,MNQ,long,2025-11-21T14:54:00+00:00,24280.7500,2025-11-21T15:04:00+00:00,24153.0000,-512.48000,600,3.0000,206.5000,0.0235,1.6196
2025,MNQ,long,2025-11-24T15:04:00+00:00,24734.2500,2025-11-24T21:09:00+00:00,24961.2500,453.26000,21900,259.2500,70.2500,1.1933,0.3234
2025,MNQ,short,2025-11-25T14:49:00+00:00,24630.7500,2025-11-25T16:24:00+00:00,24879.5000,-498.24000,5700,28.7500,252.5000,0.1157,1.0161
2025,MNQ,short,2025-11-26T14:59:00+00:00,25167.2500,2025-11-26T15:59:00+00:00,25270.5000,-414.48000,3600,33.5000,104.2500,0.3252,1.0121
2025,MNQ,long,2025-11-27T23:09:00+00:00,25320.7500,2025-11-28T14:39:00+00:00,25404.50000,1334.080000,55800,101.2500,14.5000,3.0224,0.4328
2025,MNQ,long,2025-11-28T16:09:00+00:00,25435.0000,2025-12-01T00:49:00+00:00,25331.0000,-417.48000,204000,111.0000,117.2500,1.0699,1.1301
2025,MNQ,long,2025-12-01T14:54:00+00:00,25346.2500,2025-12-01T21:09:00+00:00,25388.7500,168.52000,22500,149.5000,78.7500,1.0932,0.5759
2025,MNQ,long,2025-12-02T15:04:00+00:00,25635.0000,2025-12-02T16:24:00+00:00,25471.2500,-328.24000,4800,35.0000,176.0000,0.2141,1.0765
2025,MNQ,long,2025-12-03T15:04:00+00:00,25570.2500,2025-12-03T21:09:00+00:00,25648.2500,310.52000,21900,115.0000,72.0000,0.9829,0.6154
2025,MNQ,short,2025-12-04T16:04:00+00:00,25533.5000,2025-12-04T21:09:00+00:00,25634.5000,-202.74000,18300,44.7500,119.7500,0.2497,0.6681
2025,MNQ,long,2025-12-05T14:54:00+00:00,25795.2500,2025-12-05T16:34:00+00:00,25673.5000,-488.48000,6000,72.7500,144.0000,0.5988,1.1852
2025,MNQ,short,2025-12-08T14:49:00+00:00,25758.2500,2025-12-08T21:09:00+00:00,25665.0000,371.52000,22800,193.5000,22.7500,1.8924,0.2225
2025,MNQ,long,2025-12-09T15:29:00+00:00,25657.0000,2025-12-09T21:09:00+00:00,25684.2500,161.28000,20400,78.7500,21.5000,0.814,0.2222
2025,MNQ,short,2025-12-10T15:59:00+00:00,25566.5000,2025-12-10T17:54:00+00:00,25663.7500,-585.72000,6900,37.7500,103.2500,0.3892,1.0644
2025,MNQ,short,2025-12-11T14:49:00+00:00,25486.7500,2025-12-11T18:39:00+00:00,25650.2500,-327.74000,13800,96.5000,178.0000,0.5911,1.0904
2025,MNQ,short,2025-12-12T14:49:00+00:00,25507.0000,2025-12-12T15:59:00+00:00,25226.37500,1121.020000,4200,293.7500,63.0000,2.6169,0.5612
2025,MNQ,short,2025-12-15T14:54:00+00:00,25259.2500,2025-12-15T21:09:00+00:00,25088.2500,341.26000,22500,226.0000,7.5000,1.5017,0.0498
2025,MNQ,long,2025-12-16T14:59:00+00:00,25147.2500,2025-12-16T15:29:00+00:00,24967.5000,-360.24000,1800,17.2500,210.0000,0.0961,1.1699
2025,MNQ,short,2025-12-17T14:54:00+00:00,25287.0000,2025-12-17T21:09:00+00:00,24976.2500,620.76000,22500,399.2500,62.0000,2.4875,0.3863
2025,MNQ,long,2025-12-18T15:34:00+00:00,25364.5000,2025-12-18T21:09:00+00:00,25231.2500,-267.24000,20100,48.0000,180.0000,0.2507,0.9399
2025,MNQ,long,2025-12-19T14:59:00+00:00,25560.5000,2025-12-19T21:09:00+00:00,25586.2500,50.76000,22200,39.7500,100.5000,0.1956,0.4945
2025,MNQ,short,2025-12-22T15:39:00+00:00,25648.5000,2025-12-22T21:09:00+00:00,25703.0000,-219.48000,19800,6.2500,78.7500,0.0428,0.5394
2025,MNQ,short,2025-12-23T15:04:00+00:00,25637.5000,2025-12-23T15:59:00+00:00,25738.0000,-403.48000,3300,7.2500,103.5000,0.0723,1.0324
2025,MNQ,long,2025-12-24T15:14:00+00:00,25828.5000,2025-12-26T15:04:00+00:00,25860.0000,373.56000,172200,106.7500,24.7500,2.4124,0.5593
2025,MNQ,short,2025-12-26T15:04:00+00:00,25860.0000,2025-12-26T21:09:00+00:00,25863.2500,-28.96000,21900,25.7500,52.0000,0.3614,0.7298
2025,MNQ,short,2025-12-29T17:29:00+00:00,25658.0000,2025-12-29T21:09:00+00:00,25737.5000,-159.74000,13200,3.2500,116.2500,0.0202,0.7232
2025,MNQ,long,2025-12-30T14:49:00+00:00,25736.7500,2025-12-30T15:44:00+00:00,25681.7500,-553.70000,3300,38.0000,55.2500,0.6941,1.0091
2025,MNQ,short,2025-12-31T14:49:00+00:00,25604.0000,2025-12-31T21:09:00+00:00,25448.0000,933.78000,22800,163.0000,31.2500,1.8575,0.3561
2026,MNQ,long,2026-01-02T14:49:00+00:00,25755.0000,2026-01-02T15:14:00+00:00,25638.2500,-468.48000,1500,48.7500,161.5000,0.4185,1.3863
2026,MNQ,long,2026-01-05T15:29:00+00:00,25673.2500,2026-01-05T21:09:00+00:00,25583.0000,-181.24000,20400,34.7500,123.7500,0.2584,0.9201
2026,MNQ,long,2026-01-06T14:49:00+00:00,25710.7500,2026-01-06T21:09:00+00:00,25822.0000,443.52000,22800,127.0000,71.5000,1.239,0.6976
2026,MNQ,long,2026-01-07T15:29:00+00:00,25867.0000,2026-01-07T21:09:00+00:00,25825.7500,-166.48000,20400,129.2500,56.2500,1.3499,0.5875
2026,MNQ,short,2026-01-08T14:59:00+00:00,25603.0000,2026-01-08T21:09:00+00:00,25691.7500,-178.24000,22200,34.0000,110.5000,0.1702,0.5532
2026,MNQ,short,2026-01-09T15:09:00+00:00,25642.0000,2026-01-09T15:24:00+00:00,25790.2500,-297.24000,900,2.7500,172.2500,0.0186,1.1639
2026,MNQ,long,2026-01-12T14:54:00+00:00,25894.5000,2026-01-12T21:09:00+00:00,25957.0000,124.26000,22500,126.0000,30.7500,0.8358,0.204
2026,MNQ,short,2026-01-13T15:04:00+00:00,25929.2500,2026-01-13T21:09:00+00:00,25913.0000,63.52000,21900,126.0000,96.5000,1.1126,0.8521
2026,MNQ,short,2026-01-14T14:59:00+00:00,25584.7500,2026-01-14T21:09:00+00:00,25624.7500,-80.74000,22200,164.0000,108.7500,0.799,0.5298
2026,MNQ,short,2026-01-15T15:44:00+00:00,25851.5000,2026-01-15T21:09:00+00:00,25711.2500,559.52000,19500,175.0000,86.5000,1.8519,0.9153
2026,MNQ,short,2026-01-16T14:54:00+00:00,25785.2500,2026-01-16T21:09:00+00:00,25678.7500,424.52000,22500,193.7500,2.0000,1.8365,0.019
2026,MNQ,long,2026-01-19T14:59:00+00:00,25316.2500,2026-01-20T08:09:00+00:00,25240.2500,-458.22000,61800,123.5000,88.2500,1.6304,1.165
2026,MNQ,long,2026-01-20T15:29:00+00:00,25361.5000,2026-01-20T18:34:00+00:00,25233.7500,-256.24000,11100,68.2500,142.7500,0.5353,1.1196
2026,MNQ,long,2026-01-21T14:49:00+00:00,25236.0000,2026-01-21T19:39:00+00:00,25506.62500,1081.020000,17400,286.0000,94.0000,2.642,0.8684
2026,MNQ,short,2026-01-22T14:49:00+00:00,25574.7500,2026-01-22T21:09:00+00:00,25655.2500,-161.74000,22800,38.0000,148.7500,0.2424,0.949
2026,MNQ,long,2026-01-23T14:59:00+00:00,25664.0000,2026-01-23T21:09:00+00:00,25713.0000,194.52000,22200,181.7500,2.5000,1.7951,0.0247
2026,MNQ,long,2026-01-26T14:59:00+00:00,25837.5000,2026-01-26T21:09:00+00:00,25849.0000,22.26000,22200,99.0000,34.5000,0.7444,0.2594
2026,MNQ,long,2026-01-27T14:54:00+00:00,26037.5000,2026-01-27T21:09:00+00:00,26076.7500,155.52000,22500,76.7500,16.0000,0.6396,0.1333
2026,MNQ,short,2026-01-28T15:34:00+00:00,26195.5000,2026-01-28T21:09:00+00:00,26150.2500,179.52000,20100,202.2500,32.7500,2.0175,0.3267
2026,MNQ,short,2026-01-29T14:54:00+00:00,25940.7500,2026-01-29T21:09:00+00:00,25997.0000,-113.24000,22500,404.7500,79.2500,1.7297,0.3387
2026,MNQ,short,2026-01-30T15:29:00+00:00,25793.7500,2026-01-30T21:09:00+00:00,25634.5000,317.76000,20400,225.0000,140.2500,1.5411,0.9606
2026,MNQ,long,2026-02-02T14:49:00+00:00,25745.5000,2026-02-02T21:09:00+00:00,25892.0000,292.26000,22800,204.0000,17.0000,0.9927,0.0827
2026,MNQ,short,2026-02-03T14:54:00+00:00,25720.0000,2026-02-03T21:09:00+00:00,25449.2500,540.76000,22500,501.0000,8.5000,2.1595,0.0366
2026,MNQ,short,2026-02-04T14:59:00+00:00,25194.0000,2026-02-04T21:09:00+00:00,25025.0000,337.26000,22200,410.5000,111.0000,2.0971,0.567
2026,MNQ,short,2026-02-05T15:14:00+00:00,24559.5000,2026-02-05T21:09:00+00:00,24593.2500,-68.24000,21300,16.2500,328.0000,0.0432,0.8718
2026,MNQ,long,2026-02-06T14:49:00+00:00,24931.7500,2026-02-06T21:09:00+00:00,25131.2500,398.26000,22800,290.2500,188.5000,1.2579,0.8169
2026,MNQ,long,2026-02-09T14:49:00+00:00,25172.5000,2026-02-09T21:09:00+00:00,25361.0000,376.26000,22800,256.2500,80.2500,1.1822,0.3702
2026,MNQ,long,2026-02-10T15:09:00+00:00,25435.0000,2026-02-10T20:09:00+00:00,25265.2500,-340.24000,18000,12.2500,174.2500,0.0723,1.028
2026,MNQ,short,2026-02-11T14:59:00+00:00,25305.0000,2026-02-11T21:09:00+00:00,25278.0000,53.26000,22200,246.7500,55.5000,1.5422,0.3469
2026,MNQ,short,2026-02-12T14:49:00+00:00,25251.2500,2026-02-12T16:19:00+00:00,24898.75000,704.260000,5400,365.7500,40.7500,2.594,0.289
2026,MNQ,long,2026-02-13T15:09:00+00:00,24803.2500,2026-02-13T21:09:00+00:00,24785.5000,-36.24000,21600,192.2500,85.2500,0.8573,0.3802
2026,MNQ,long,2026-02-16T15:04:00+00:00,24787.2500,2026-02-16T15:29:00+00:00,24711.5000,-456.72000,1500,10.2500,77.5000,0.1358,1.0265
2026,MNQ,short,2026-02-17T14:54:00+00:00,24531.2500,2026-02-17T18:39:00+00:00,24815.7500,-569.74000,13500,82.0000,288.5000,0.2885,1.015
2026,MNQ,long,2026-02-18T14:54:00+00:00,24886.7500,2026-02-18T21:09:00+00:00,24935.5000,96.76000,22500,241.5000,30.7500,1.7955,0.2286
2026,MNQ,long,2026-02-19T15:04:00+00:00,24925.0000,2026-02-19T18:24:00+00:00,24763.0000,-324.74000,12000,34.5000,176.0000,0.2133,1.0881
2026,MNQ,long,2026-02-20T15:04:00+00:00,24974.7500,2026-02-20T21:09:00+00:00,25080.0000,209.76000,21900,164.7500,116.5000,0.5566,0.3936
2026,MNQ,short,2026-02-23T15:04:00+00:00,24866.2500,2026-02-23T21:09:00+00:00,24779.2500,173.26000,21900,198.2500,63.7500,1.1427,0.3674
2026,MNQ,long,2026-02-24T14:49:00+00:00,24943.7500,2026-02-24T21:09:00+00:00,25008.7500,129.26000,22800,135.0000,124.2500,0.5422,0.499
2026,MNQ,long,2026-02-25T14:49:00+00:00,25319.2500,2026-02-25T21:09:00+00:00,25400.7500,162.26000,22800,87.7500,54.7500,0.5408,0.3374
2026,MNQ,short,2026-02-26T14:54:00+00:00,25216.0000,2026-02-26T15:24:00+00:00,24901.62500,1256.020000,1800,316.0000,25.5000,2.5129,0.2028
2026,MNQ,long,2026-02-27T14:49:00+00:00,24927.0000,2026-02-27T21:09:00+00:00,24967.2500,79.76000,22800,109.7500,77.0000,0.7582,0.532
2026,MNQ,long,2026-03-02T14:49:00+00:00,24892.5000,2026-03-02T21:09:00+00:00,24981.2500,176.76000,22800,208.5000,90.5000,0.7258,0.3151
2026,MNQ,short,2026-03-03T14:49:00+00:00,24502.0000,2026-03-03T16:49:00+00:00,24661.2500,-319.24000,7200,150.0000,222.7500,0.9434,1.4009
2026,MNQ,long,2026-03-04T15:09:00+00:00,24995.0000,2026-03-04T21:09:00+00:00,25140.7500,290.76000,21600,222.7500,37.5000,1.4143,0.2381
2026,MNQ,long,2026-03-05T14:54:00+00:00,25143.2500,2026-03-05T15:34:00+00:00,24985.2500,-316.74000,2400,66.5000,212.7500,0.4216,1.3487
2026,MNQ,long,2026-03-06T15:04:00+00:00,24764.5000,2026-03-06T20:39:00+00:00,24608.7500,-312.24000,20100,161.7500,163.5000,1.0402,1.0514
2026,MNQ,short,2026-03-09T13:54:00+00:00,24341.7500,2026-03-09T14:44:00+00:00,24525.2500,-367.74000,3000,28.7500,194.2500,0.1569,1.06
2026,MNQ,short,2026-03-10T14:09:00+00:00,24901.7500,2026-03-10T14:39:00+00:00,25081.7500,-360.74000,1800,9.5000,190.7500,0.0529,1.0612
2026,MNQ,long,2026-03-11T14:04:00+00:00,25121.7500,2026-03-11T14:24:00+00:00,25034.7500,-524.22000,1200,27.5000,104.5000,0.317,1.2046
2026,MNQ,short,2026-03-12T13:49:00+00:00,24736.2500,2026-03-12T20:09:00+00:00,24543.2500,770.52000,22800,199.0000,31.0000,2.0306,0.3163
2026,MNQ,long,2026-03-13T13:54:00+00:00,24789.5000,2026-03-13T14:44:00+00:00,24611.0000,-357.74000,3000,2.7500,195.2500,0.0154,1.0954
2026,MNQ,long,2026-03-16T13:59:00+00:00,24737.0000,2026-03-16T14:54:00+00:00,24623.0000,-457.48000,3300,27.5000,126.2500,0.2418,1.1099
2026,MNQ,long,2026-03-17T13:49:00+00:00,24895.0000,2026-03-17T15:39:00+00:00,24745.2500,-300.24000,6600,0,159.7500,0.0,1.0686
2026,MNQ,short,2026-03-18T14:14:00+00:00,24893.7500,2026-03-18T19:59:00+00:00,24654.37500,956.020000,20700,252.0000,38.0000,2.6319,0.3969
2026,MNQ,long,2026-03-19T13:49:00+00:00,24458.0000,2026-03-19T20:09:00+00:00,24598.2500,559.52000,22800,233.5000,80.2500,1.7824,0.6126
2026,MNQ,short,2026-03-20T13:54:00+00:00,24363.2500,2026-03-20T19:34:00+00:00,24043.87500,1276.020000,20400,336.5000,8.0000,2.6341,0.0626
2026,MNQ,long,2026-03-23T13:49:00+00:00,24576.0000,2026-03-23T15:54:00+00:00,24432.5000,-287.74000,7500,114.0000,147.2500,0.7958,1.0279
2026,MNQ,long,2026-03-24T15:19:00+00:00,24334.2500,2026-03-24T20:09:00+00:00,24223.7500,-221.74000,17400,51.0000,174.0000,0.2599,0.8866
2026,MNQ,short,2026-03-25T13:49:00+00:00,24418.0000,2026-03-25T20:09:00+00:00,24372.0000,182.52000,22800,131.5000,101.5000,1.2204,0.942
2026,MNQ,long,2026-03-26T13:49:00+00:00,24166.0000,2026-03-26T14:59:00+00:00,24064.0000,-409.48000,4200,76.5000,135.7500,0.7518,1.3342
2026,MNQ,short,2026-03-27T13:54:00+00:00,23524.7500,2026-03-27T20:09:00+00:00,23289.5000,469.76000,22500,255.7500,85.7500,1.8399,0.6169
2026,MNQ,short,2026-03-30T13:49:00+00:00,23358.7500,2026-03-30T20:09:00+00:00,23108.5000,499.76000,22800,334.2500,77.5000,1.8647,0.4324
2026,MNQ,long,2026-03-31T13:49:00+00:00,23530.7500,2026-03-31T14:59:00+00:00,23378.7500,-304.74000,4200,57.0000,154.2500,0.3756,1.0165
2026,MNQ,long,2026-04-01T14:39:00+00:00,24213.5000,2026-04-01T20:09:00+00:00,24191.7500,-44.24000,19800,134.7500,89.0000,0.7926,0.5235
2026,MNQ,long,2026-04-02T13:54:00+00:00,23845.5000,2026-04-02T14:39:00+00:00,24263.62500,835.510000,2700,421.2500,9.0000,2.5187,0.0538
2026,MNQ,long,2026-04-06T13:54:00+00:00,24380.0000,2026-04-06T17:14:00+00:00,24245.7500,-538.48000,12000,72.2500,177.2500,0.5392,1.3228
2026,MNQ,short,2026-04-07T13:49:00+00:00,24166.2500,2026-04-07T19:49:00+00:00,24308.0000,-284.24000,21600,224.7500,175.7500,1.5883,1.242
2026,MNQ,short,2026-04-08T13:54:00+00:00,25081.0000,2026-04-08T20:09:00+00:00,25059.0000,43.26000,22500,154.5000,76.5000,0.9169,0.454
2026,MNQ,short,2026-04-09T14:09:00+00:00,25015.7500,2026-04-09T15:34:00+00:00,25109.0000,-374.48000,5100,55.2500,141.0000,0.5941,1.5161
2026,MNQ,short,2026-04-10T14:04:00+00:00,25289.2500,2026-04-10T14:34:00+00:00,25369.2500,-482.22000,1800,21.2500,84.5000,0.2665,1.0596
2026,MNQ,long,2026-04-13T13:49:00+00:00,25271.2500,2026-04-13T19:54:00+00:00,25513.75000,968.520000,21900,260.7500,42.5000,2.6881,0.4381
2026,MNQ,long,2026-04-14T14:09:00+00:00,25759.0000,2026-04-14T20:09:00+00:00,25985.5000,904.52000,21600,244.2500,15.0000,2.3771,0.146
2026,MNQ,long,2026-04-15T13:59:00+00:00,26068.7500,2026-04-15T18:39:00+00:00,26284.37500,1291.530000,16800,219.0000,20.2500,2.5391,0.2348
2026,MNQ,short,2026-04-16T13:54:00+00:00,26282.0000,2026-04-16T15:09:00+00:00,26453.2500,-343.24000,4500,6.5000,186.0000,0.038,1.0877
2026,MNQ,long,2026-04-17T13:59:00+00:00,26731.5000,2026-04-17T20:09:00+00:00,26828.2500,385.52000,22200,153.2500,17.0000,1.5061,0.1671
2026,MNQ,short,2026-04-20T13:49:00+00:00,26731.0000,2026-04-20T20:09:00+00:00,26745.2500,-58.48000,22800,162.2500,73.0000,1.6813,0.7565
2026,MNQ,long,2026-04-21T13:59:00+00:00,26838.7500,2026-04-21T15:04:00+00:00,26726.7500,-449.48000,3900,46.5000,167.7500,0.4161,1.5011
2026,MNQ,long,2026-04-22T14:14:00+00:00,26922.5000,2026-04-22T20:09:00+00:00,27125.0000,808.52000,21300,213.5000,0.2500,1.9632,0.0023
2026,MNQ,long,2026-04-23T13:49:00+00:00,27080.2500,2026-04-23T17:09:00+00:00,26965.0000,-462.48000,12000,75.5000,130.0000,0.6565,1.1304
2026,MNQ,short,2026-04-24T13:54:00+00:00,27173.0000,2026-04-24T14:14:00+00:00,27260.0000,-524.22000,1200,42.7500,94.2500,0.4928,1.0865
2026,MNQ,short,2026-04-27T13:49:00+00:00,27349.7500,2026-04-27T17:34:00+00:00,27435.0000,-513.72000,13500,51.2500,88.7500,0.6029,1.0441
2026,MNQ,short,2026-04-28T14:49:00+00:00,27060.7500,2026-04-28T20:09:00+00:00,27187.2500,-253.74000,19200,51.2500,163.7500,0.2863,0.9148
2026,MNQ,long,2026-04-29T13:54:00+00:00,27226.5000,2026-04-29T20:09:00+00:00,27287.2500,241.52000,22500,187.5000,73.0000,1.8382,0.7157
2026,MNQ,short,2026-04-30T13:54:00+00:00,27243.2500,2026-04-30T17:34:00+00:00,27491.5000,-497.24000,13200,80.0000,259.5000,0.3226,1.0464
2026,MNQ,long,2026-05-01T13:59:00+00:00,27873.7500,2026-05-01T20:09:00+00:00,27826.2500,-95.74000,22200,43.2500,122.7500,0.1691,0.48
2026,MNQ,long,2026-05-04T13:59:00+00:00,27896.2500,2026-05-04T15:19:00+00:00,27808.2500,-530.22000,4800,44.7500,126.7500,0.51,1.4444
2026,MNQ,long,2026-05-05T13:59:00+00:00,28085.5000,2026-05-05T20:09:00+00:00,28148.7500,251.52000,22200,102.7500,53.7500,0.8993,0.4705
2026,MNQ,long,2026-05-06T13:54:00+00:00,28495.5000,2026-05-06T20:09:00+00:00,28759.0000,526.26000,22500,264.7500,110.5000,1.6625,0.6939
2026,MNQ,long,2026-05-07T13:54:00+00:00,28786.0000,2026-05-07T16:09:00+00:00,28720.7500,-524.96000,8100,158.7500,67.0000,2.4423,1.0308
2026,MNQ,long,2026-05-08T13:49:00+00:00,29066.5000,2026-05-08T20:09:00+00:00,29351.5000,569.26000,22800,320.2500,24.7500,1.549,0.1197
2026,MNQ,long,2026-05-11T15:49:00+00:00,29440.5000,2026-05-11T20:09:00+00:00,29401.2500,-79.24000,15600,39.5000,71.5000,0.2488,0.4504
2026,MNQ,short,2026-05-12T13:59:00+00:00,29129.2500,2026-05-12T20:09:00+00:00,29117.0000,23.76000,22200,387.2500,99.0000,2.4784,0.6336
2026,MNQ,short,2026-05-13T13:49:00+00:00,29136.5000,2026-05-13T14:54:00+00:00,29288.5000,-304.74000,3900,40.5000,178.5000,0.2669,1.1763
2026,MNQ,long,2026-05-14T13:49:00+00:00,29665.7500,2026-05-14T20:09:00+00:00,29706.0000,79.76000,22800,116.2500,139.0000,0.5616,0.6715
2026,MNQ,short,2026-05-15T13:59:00+00:00,29143.0000,2026-05-15T14:14:00+00:00,29291.0000,-296.74000,900,11.0000,161.7500,0.0745,1.0948
2026,MNQ,short,2026-05-18T13:49:00+00:00,29158.2500,2026-05-18T20:09:00+00:00,29081.2500,153.26000,22800,343.5000,150.5000,1.737,0.7611
2026,MNQ,short,2026-05-19T14:09:00+00:00,28792.5000,2026-05-19T17:09:00+00:00,29068.0000,-551.74000,10800,129.5000,279.7500,0.4705,1.0163
2026,MNQ,long,2026-05-20T14:19:00+00:00,29167.2500,2026-05-20T20:09:00+00:00,29362.7500,390.26000,21000,230.2500,49.7500,1.6017,0.3461
2026,MNQ,long,2026-05-21T13:54:00+00:00,29294.7500,2026-05-21T14:24:00+00:00,29174.0000,-484.48000,1800,45.2500,167.7500,0.3755,1.3921
2026,MNQ,short,2026-05-22T14:19:00+00:00,29549.5000,2026-05-22T17:29:00+00:00,29715.5000,-332.74000,11400,59.2500,187.7500,0.3575,1.1327
2026,MNQ,long,2026-05-25T13:49:00+00:00,29981.0000,2026-05-25T14:29:00+00:00,29939.7500,-499.44000,2400,12.7500,41.0000,0.311,1.0
2026,MNQ,long,2026-05-26T13:49:00+00:00,29973.7500,2026-05-26T20:09:00+00:00,30064.7500,181.26000,22800,145.0000,87.7500,0.9881,0.598
2026,MNQ,short,2026-05-27T14:24:00+00:00,29964.5000,2026-05-27T20:09:00+00:00,30061.0000,-193.74000,20700,87.0000,107.5000,0.3828,0.473
2026,MNQ,short,2026-05-28T13:49:00+00:00,29931.7500,2026-05-28T14:14:00+00:00,30112.0000,-361.24000,1500,11.5000,255.2500,0.0639,1.4181
2026,MNQ,long,2026-05-29T13:49:00+00:00,30486.2500,2026-05-29T14:29:00+00:00,30364.7500,-487.48000,2400,49.7500,140.2500,0.4103,1.1567
2026,MNQ,short,2026-06-01T14:04:00+00:00,30307.5000,2026-06-01T15:19:00+00:00,30462.2500,-310.24000,4500,4.5000,163.2500,0.0291,1.0566
2026,MNQ,long,2026-06-02T13:59:00+00:00,30602.0000,2026-06-02T20:09:00+00:00,30741.7500,278.76000,22200,161.2500,64.2500,0.9059,0.361
2026,MNQ,short,2026-06-03T13:49:00+00:00,30523.5000,2026-06-03T20:09:00+00:00,30609.2500,-172.24000,22800,27.5000,216.0000,0.0968,0.7606
2026,MNQ,short,2026-06-04T14:04:00+00:00,30197.2500,2026-06-04T15:04:00+00:00,30364.5000,-335.24000,3600,46.2500,185.5000,0.2769,1.1108
2026,MNQ,short,2026-06-05T13:49:00+00:00,29857.5000,2026-06-05T18:29:00+00:00,29250.62500,1213.010000,16800,636.5000,85.0000,2.622,0.3502
2026,MNQ,short,2026-06-08T13:59:00+00:00,29349.5000,2026-06-08T14:39:00+00:00,29584.0000,-469.74000,2400,18.0000,254.2500,0.0768,1.0854
2026,MNQ,long,2026-06-09T13:49:00+00:00,29843.5000,2026-06-09T14:04:00+00:00,29633.2500,-421.24000,900,4.7500,217.2500,0.0226,1.0345
2026,MNQ,long,2026-06-10T13:49:00+00:00,29144.2500,2026-06-10T15:14:00+00:00,28772.5000,-744.24000,5100,105.7500,399.2500,0.2847,1.0747
2026,MNQ,long,2026-06-11T13:49:00+00:00,28815.5000,2026-06-11T14:59:00+00:00,28650.7500,-330.24000,4200,234.0000,208.0000,1.4225,1.2644
