entry_ts,exit_ts,side,pnl_usd,engine_type,r_mfe,r_mae,mfe_pts,mae_pts,displacement_ts,fvg_zone_pts
2024-01-02T14:49:00+00:00,2024-01-02T16:49:00+00:00,short,-317.960000,orb,0.0484,1.1774,0.7500,18.2500,,
2024-01-03T14:59:00+00:00,2024-01-03T15:04:00+00:00,short,-368.880000,orb,0.3478,1.4783,2.0000,8.5000,,
2024-01-04T09:24:00+00:00,2024-01-04T11:39:00+00:00,long,-391.840000,ifvg,0.4444,1.0556,2.0000,4.7500,2024-01-04T09:04:00+00:00,1.0000
2024-01-04T12:19:00+00:00,2024-01-04T12:34:00+00:00,long,263.3400000,ifvg,1.625,0.375,6.5000,1.5000,2024-01-04T12:09:00+00:00,0.5000
2024-01-04T13:54:00+00:00,2024-01-04T14:04:00+00:00,long,-394.060000,ifvg,0.0667,1.1333,0.2500,4.2500,2024-01-04T13:44:00+00:00,0.5000
2024-01-04T15:04:00+00:00,2024-01-04T19:49:00+00:00,long,-332.960000,orb,0.7538,1.0,12.2500,16.2500,,
2024-01-05T09:24:00+00:00,2024-01-05T09:39:00+00:00,long,-383.370000,ifvg,0.0,1.0455,0,5.7500,2024-01-05T09:09:00+00:00,2.2500
2024-01-05T13:39:00+00:00,2024-01-05T13:54:00+00:00,short,-337.680000,ifvg,0.1081,1.7297,1.0000,16.0000,2024-01-05T13:19:00+00:00,2.5000
2024-01-05T13:59:00+00:00,2024-01-05T15:04:00+00:00,long,253.5200000,ifvg,2.3676,0.0441,40.2500,0.7500,2024-01-05T13:39:00+00:00,6.7500
2024-01-05T15:04:00+00:00,2024-01-05T17:34:00+00:00,long,-268.980000,orb,0.2547,1.0283,6.7500,27.2500,,
2024-01-08T14:59:00+00:00,2024-01-08T18:49:00+00:00,long,212.2700000,orb,2.0351,0.2982,29.0000,4.2500,,
2024-01-09T14:49:00+00:00,2024-01-09T15:04:00+00:00,short,-351.890000,orb,0.125,1.2083,0.7500,7.2500,,
2024-01-10T12:09:00+00:00,2024-01-10T12:39:00+00:00,long,26.400000,ifvg,0.6667,0.1111,3.0000,0.5000,2024-01-10T11:54:00+00:00,1.2500
2024-01-10T12:39:00+00:00,2024-01-10T14:34:00+00:00,short,-355.410000,ifvg,0.8667,1.1,6.5000,8.2500,2024-01-10T12:29:00+00:00,0.2500
2024-01-10T15:09:00+00:00,2024-01-10T17:59:00+00:00,short,-291.200000,ifvg,0.0392,0.9608,0.5000,12.2500,2024-01-10T14:39:00+00:00,5.7500
2024-01-10T17:59:00+00:00,2024-01-10T19:54:00+00:00,long,186.0200000,orb,1.66,0.48,20.7500,6.0000,,
2024-01-11T14:49:00+00:00,2024-01-11T16:14:00+00:00,short,143.6350000,orb,2.0779,0.1039,40.0000,2.0000,,
2024-01-12T07:09:00+00:00,2024-01-12T07:19:00+00:00,short,-359.700000,ifvg,0.0,1.625,0,3.2500,2024-01-12T03:29:00+00:00,0.2500
2024-01-12T07:24:00+00:00,2024-01-12T07:39:00+00:00,long,-373.320000,ifvg,0.0,1.1333,0,4.2500,2024-01-12T07:09:00+00:00,0.2500
2024-01-12T14:59:00+00:00,2024-01-12T21:09:00+00:00,short,162.040000,orb,1.3276,0.2586,19.2500,3.7500,,
2024-01-15T08:14:00+00:00,2024-01-15T08:39:00+00:00,long,-353.880000,ifvg,0.1364,1.2273,0.7500,6.7500,2024-01-15T07:39:00+00:00,0.7500
2024-01-15T15:59:00+00:00,2024-01-15T17:04:00+00:00,long,-218.880000,orb,0.0,1.0,0,3.2500,,
2024-01-16T02:39:00+00:00,2024-01-16T06:04:00+00:00,short,234.0800000,ifvg,1.8125,0.375,7.2500,1.5000,2024-01-16T02:19:00+00:00,0.2500
2024-01-16T07:44:00+00:00,2024-01-16T08:04:00+00:00,long,-371.840000,ifvg,0.2353,2.9412,1.0000,12.5000,2024-01-16T07:14:00+00:00,0.7500
2024-01-16T10:44:00+00:00,2024-01-16T11:54:00+00:00,long,229.5900000,ifvg,2.5,0.8571,8.7500,3.0000,2024-01-16T10:34:00+00:00,0.5000
2024-01-16T13:39:00+00:00,2024-01-16T14:44:00+00:00,long,-287.960000,ifvg,0.0893,1.1071,1.2500,15.5000,2024-01-16T13:19:00+00:00,1.0000
2024-01-16T14:49:00+00:00,2024-01-16T15:04:00+00:00,short,-92.960000,ifvg,0.2857,0.7143,4.0000,10.0000,2024-01-16T11:54:00+00:00,1.7500
2024-01-16T15:04:00+00:00,2024-01-16T15:24:00+00:00,long,239.6550000,ifvg,2.2093,0.2326,23.7500,2.5000,2024-01-16T14:49:00+00:00,2.0000
2024-01-16T23:59:00+00:00,2024-01-17T03:54:00+00:00,long,-341.200000,ifvg,0.0,1.1321,0,15.0000,2024-01-16T23:44:00+00:00,0.2500
2024-01-17T15:14:00+00:00,2024-01-17T17:44:00+00:00,long,-346.430000,orb,0.6842,1.0789,6.5000,10.2500,,
2024-01-18T01:59:00+00:00,2024-01-18T03:54:00+00:00,long,-383.040000,ifvg,0.3077,1.2308,1.0000,4.0000,2024-01-18T01:39:00+00:00,0.2500
2024-01-18T08:49:00+00:00,2024-01-18T10:54:00+00:00,long,191.6950000,ifvg,2.8,0.3333,10.5000,1.2500,2024-01-18T07:39:00+00:00,0.5000
2024-01-18T14:54:00+00:00,2024-01-18T15:39:00+00:00,short,-311.940000,orb,0.075,1.375,0.7500,13.7500,,
2024-01-18T18:39:00+00:00,2024-01-18T19:14:00+00:00,long,214.5400000,ifvg,2.9655,0.2069,21.5000,1.5000,2024-01-18T18:09:00+00:00,0.7500
2024-01-19T15:44:00+00:00,2024-01-19T17:34:00+00:00,long,182.2700000,orb,2.0204,0.3673,24.7500,4.5000,,
2024-01-22T06:09:00+00:00,2024-01-22T07:04:00+00:00,long,-393.500000,ifvg,0.3636,1.1818,1.0000,3.2500,2024-01-22T05:59:00+00:00,0.7500
2024-01-22T07:19:00+00:00,2024-01-22T08:49:00+00:00,long,-383.040000,ifvg,0.6923,1.0769,2.2500,3.5000,2024-01-22T07:09:00+00:00,0.7500
2024-01-22T14:54:00+00:00,2024-01-22T15:34:00+00:00,long,-328.700000,orb,0.0196,1.2549,0.2500,16.0000,,
2024-01-23T15:34:00+00:00,2024-01-23T19:49:00+00:00,short,-337.680000,orb,0.5946,1.0811,5.5000,10.0000,,
2024-01-24T01:09:00+00:00,2024-01-24T03:19:00+00:00,short,-393.500000,ifvg,0.1818,1.1818,0.5000,3.2500,2024-01-24T00:59:00+00:00,0.2500
2024-01-24T14:49:00+00:00,2024-01-24T15:39:00+00:00,short,-345.920000,orb,0.7576,1.1818,6.2500,9.7500,,
2024-01-24T18:09:00+00:00,2024-01-24T18:19:00+00:00,short,238.6200000,ifvg,2.5455,0.1818,7.0000,0.5000,2024-01-24T17:59:00+00:00,0.2500
2024-01-24T19:49:00+00:00,2024-01-24T20:14:00+00:00,long,-325.920000,ifvg,0.1935,1.5161,1.5000,11.7500,2024-01-24T19:29:00+00:00,1.2500
2024-01-25T02:04:00+00:00,2024-01-25T02:44:00+00:00,long,-377.760000,ifvg,0.5455,1.6364,1.5000,4.5000,2024-01-25T01:54:00+00:00,0.2500
2024-01-25T07:29:00+00:00,2024-01-25T08:04:00+00:00,short,242.0250000,ifvg,2.2222,0.3333,5.0000,0.7500,2024-01-24T20:44:00+00:00,2.0000
2024-01-25T08:34:00+00:00,2024-01-25T12:19:00+00:00,long,-43.780000,ifvg,1.25,0.6667,3.7500,2.0000,2024-01-25T08:24:00+00:00,0.5000
2024-01-25T12:19:00+00:00,2024-01-25T12:49:00+00:00,short,-391.230000,ifvg,0.4,1.0,1.0000,2.5000,2024-01-25T12:09:00+00:00,0.2500
2024-01-25T13:24:00+00:00,2024-01-25T13:34:00+00:00,long,231.8100000,ifvg,1.7143,1.2857,9.0000,6.7500,2024-01-25T12:59:00+00:00,1.5000
2024-01-25T15:09:00+00:00,2024-01-25T15:39:00+00:00,long,-154.440000,orb,0.5897,0.8718,5.7500,8.5000,,
2024-01-25T15:39:00+00:00,2024-01-25T16:29:00+00:00,short,-351.890000,ifvg,0.75,1.0,4.5000,6.0000,2024-01-25T15:29:00+00:00,0.7500
2024-01-26T06:44:00+00:00,2024-01-26T07:54:00+00:00,long,-351.840000,ifvg,0.5,1.1875,2.0000,4.7500,2024-01-26T06:34:00+00:00,1.5000
2024-01-26T13:14:00+00:00,2024-01-26T13:39:00+00:00,long,-304.440000,ifvg,0.2308,1.0256,2.2500,10.0000,2024-01-26T12:59:00+00:00,1.2500
2024-01-26T14:54:00+00:00,2024-01-26T15:34:00+00:00,short,-320.180000,orb,0.4,1.2857,3.5000,11.2500,,
2024-01-29T15:19:00+00:00,2024-01-29T15:29:00+00:00,long,-335.920000,orb,0.0,1.125,0,9.0000,,
2024-01-29T19:54:00+00:00,2024-01-29T20:04:00+00:00,short,-351.840000,ifvg,0.0625,3.3125,0.2500,13.2500,2024-01-29T19:39:00+00:00,0.2500
2024-01-30T14:54:00+00:00,2024-01-30T15:04:00+00:00,long,-305.920000,orb,0.069,1.1724,0.5000,8.5000,,
2024-01-31T14:54:00+00:00,2024-01-31T19:04:00+00:00,short,189.7700000,orb,1.6863,0.1373,21.5000,1.7500,,
2024-01-31T20:09:00+00:00,2024-01-31T21:09:00+00:00,short,76.760000,ifvg,0.5497,0.1854,20.7500,7.0000,2024-01-24T21:39:00+00:00,1.5000
2024-02-01T06:49:00+00:00,2024-02-01T06:59:00+00:00,long,-362.020000,ifvg,0.0,1.4545,0,4.0000,2024-02-01T06:34:00+00:00,0.2500
2024-02-01T14:39:00+00:00,2024-02-01T15:04:00+00:00,long,-296.940000,ifvg,0.4737,1.1579,4.5000,11.0000,2024-02-01T14:09:00+00:00,2.0000
2024-02-01T15:09:00+00:00,2024-02-01T15:54:00+00:00,long,-282.960000,orb,0.2182,1.0909,3.0000,15.0000,,
2024-02-01T18:09:00+00:00,2024-02-01T19:49:00+00:00,short,-245.970000,ifvg,0.0469,1.3281,0.7500,21.2500,2024-02-01T17:54:00+00:00,5.5000
2024-02-02T13:24:00+00:00,2024-02-02T13:34:00+00:00,short,202.5500000,ifvg,4.3636,0.2273,24.0000,1.2500,2024-02-02T12:24:00+00:00,1.0000
2024-02-02T14:49:00+00:00,2024-02-02T15:44:00+00:00,long,163.5200000,orb,2.0,0.5227,22.0000,5.7500,,
2024-02-02T17:49:00+00:00,2024-02-02T18:04:00+00:00,short,-304.440000,ifvg,0.5897,1.0513,5.7500,10.2500,2024-02-02T17:34:00+00:00,4.2500
2024-02-05T08:14:00+00:00,2024-02-05T09:19:00+00:00,long,-329.850000,ifvg,0.25,1.4375,1.0000,5.7500,2024-02-05T08:04:00+00:00,0.7500
2024-02-05T10:09:00+00:00,2024-02-05T12:24:00+00:00,long,209.3100000,ifvg,1.6842,0.1053,8.0000,0.5000,2024-02-05T09:54:00+00:00,1.2500
2024-02-05T15:04:00+00:00,2024-02-05T19:34:00+00:00,short,-297.960000,orb,1.4138,1.1379,20.5000,16.5000,,
2024-02-06T19:14:00+00:00,2024-02-06T19:54:00+00:00,short,-315.920000,ifvg,0.1333,1.0333,1.0000,7.7500,2024-02-06T18:39:00+00:00,0.7500
2024-02-07T15:14:00+00:00,2024-02-07T21:09:00+00:00,long,187.040000,orb,1.2407,0.1296,16.7500,1.7500,,
2024-02-08T13:44:00+00:00,2024-02-08T16:29:00+00:00,long,-197.910000,ifvg,0.8519,0.7037,5.7500,4.7500,2024-02-08T11:19:00+00:00,0.2500
2024-02-08T16:29:00+00:00,2024-02-08T18:09:00+00:00,short,-191.940000,orb,0.1026,0.9487,1.0000,9.2500,,
2024-02-08T18:09:00+00:00,2024-02-08T21:09:00+00:00,long,114.080000,ifvg,1.0333,0.5667,7.7500,4.2500,2024-02-08T17:49:00+00:00,1.2500
2024-02-09T14:59:00+00:00,2024-02-09T19:24:00+00:00,long,156.0200000,orb,2.0476,0.381,21.5000,4.0000,,
2024-02-12T08:44:00+00:00,2024-02-12T10:14:00+00:00,short,-346.280000,ifvg,0.7273,1.0,2.0000,2.7500,2024-02-12T08:34:00+00:00,0.2500
2024-02-12T14:34:00+00:00,2024-02-12T15:14:00+00:00,long,-264.800000,ifvg,0.3333,0.9167,1.0000,2.7500,2024-02-12T14:19:00+00:00,0.5000
2024-02-12T15:14:00+00:00,2024-02-12T15:34:00+00:00,short,-328.320000,orb,0.3077,1.4615,1.0000,4.7500,,
2024-02-13T11:04:00+00:00,2024-02-13T12:04:00+00:00,long,-328.320000,ifvg,0.5385,1.9231,1.7500,6.2500,2024-02-13T10:54:00+00:00,0.5000
2024-02-13T13:39:00+00:00,2024-02-13T13:54:00+00:00,short,214.5400000,ifvg,2.5172,0.5517,18.2500,4.0000,2024-02-13T13:14:00+00:00,1.5000
2024-02-13T14:59:00+00:00,2024-02-13T15:39:00+00:00,short,-287.960000,orb,0.4286,1.0,6.0000,14.0000,,
2024-02-14T02:39:00+00:00,2024-02-14T05:34:00+00:00,short,-330.540000,ifvg,0.4545,1.0909,1.2500,3.0000,2024-02-14T02:09:00+00:00,0.5000
2024-02-14T08:54:00+00:00,2024-02-14T09:19:00+00:00,short,-299.160000,ifvg,0.0,1.2,0,7.5000,2024-02-14T08:24:00+00:00,0.5000
2024-02-14T11:09:00+00:00,2024-02-14T11:59:00+00:00,short,-296.890000,ifvg,0.6,1.2,3.0000,6.0000,2024-02-14T10:59:00+00:00,0.2500
2024-02-14T13:24:00+00:00,2024-02-14T13:44:00+00:00,short,-310.080000,ifvg,0.9231,1.1538,3.0000,3.7500,2024-02-14T13:14:00+00:00,0.2500
2024-02-14T14:44:00+00:00,2024-02-14T15:19:00+00:00,short,-236.940000,ifvg,0.4865,0.8649,4.5000,8.0000,2024-02-14T14:34:00+00:00,0.5000
2024-02-14T15:19:00+00:00,2024-02-14T16:04:00+00:00,long,-249.720000,orb,0.3538,1.4,5.7500,22.7500,,
2024-02-14T16:29:00+00:00,2024-02-14T17:04:00+00:00,long,-252.960000,ifvg,0.0408,1.3265,0.5000,16.2500,2024-02-14T16:04:00+00:00,3.0000
2024-02-14T19:29:00+00:00,2024-02-14T21:09:00+00:00,long,320.280000,ifvg,1.2933,0.1467,24.2500,2.7500,2024-02-14T19:09:00+00:00,1.0000
2024-02-15T12:59:00+00:00,2024-02-15T13:34:00+00:00,short,204.0800000,ifvg,1.8571,1.8571,6.5000,6.5000,2024-02-15T12:34:00+00:00,0.5000
2024-02-15T13:54:00+00:00,2024-02-15T14:39:00+00:00,short,-122.450000,ifvg,0.4615,0.641,4.5000,6.2500,2024-02-15T13:39:00+00:00,2.5000
2024-02-15T15:09:00+00:00,2024-02-15T16:04:00+00:00,long,-281.940000,orb,0.4722,1.1111,4.2500,10.0000,,
2024-02-16T14:54:00+00:00,2024-02-16T16:24:00+00:00,short,-231.480000,orb,0.4176,1.0549,9.5000,24.0000,,
2024-02-19T07:49:00+00:00,2024-02-19T08:24:00+00:00,long,-290.360000,ifvg,2.1429,0.7857,7.5000,2.7500,2024-02-19T07:24:00+00:00,0.7500
2024-02-19T14:49:00+00:00,2024-02-19T15:19:00+00:00,long,-310.080000,orb,0.0,1.1538,0,3.7500,,
2024-02-20T07:19:00+00:00,2024-02-20T08:24:00+00:00,long,-276.430000,ifvg,0.1,1.5667,0.7500,11.7500,2024-02-20T06:54:00+00:00,0.7500
2024-02-20T08:44:00+00:00,2024-02-20T10:09:00+00:00,long,-258.930000,ifvg,0.9286,1.1786,6.5000,8.2500,2024-02-20T08:29:00+00:00,3.0000
2024-02-20T13:49:00+00:00,2024-02-20T14:44:00+00:00,long,-266.940000,ifvg,0.5882,1.7941,5.0000,15.2500,2024-02-20T12:54:00+00:00,0.5000
2024-02-20T15:04:00+00:00,2024-02-20T18:49:00+00:00,short,159.030000,orb,0.9176,0.4588,19.5000,9.7500,,
2024-02-20T18:54:00+00:00,2024-02-20T21:09:00+00:00,long,137.040000,ifvg,1.1277,0.4043,13.2500,4.7500,2024-02-20T18:34:00+00:00,2.2500
2024-02-21T10:39:00+00:00,2024-02-21T15:04:00+00:00,short,-186.660000,ifvg,1.2083,0.75,7.2500,4.5000,2024-02-21T10:29:00+00:00,1.0000
2024-02-21T15:09:00+00:00,2024-02-21T15:34:00+00:00,long,-253.700000,ifvg,0.1579,0.8684,1.5000,8.2500,2024-02-21T12:39:00+00:00,0.7500
2024-02-21T15:34:00+00:00,2024-02-21T16:09:00+00:00,short,-276.430000,ifvg,0.1667,1.1,1.2500,8.2500,2024-02-21T15:09:00+00:00,2.2500
2024-02-22T14:49:00+00:00,2024-02-22T19:14:00+00:00,long,145.5100000,orb,1.8333,0.2692,35.7500,5.2500,,
2024-02-23T13:14:00+00:00,2024-02-23T14:19:00+00:00,long,155.2800000,ifvg,2.5714,0.1071,18.0000,0.7500,2024-02-23T12:49:00+00:00,0.7500
2024-02-23T15:44:00+00:00,2024-02-23T21:09:00+00:00,short,237.040000,orb,1.4,0.24,17.5000,3.0000,,
2024-02-26T14:49:00+00:00,2024-02-26T16:09:00+00:00,short,193.1750000,ifvg,3.1429,0.8571,16.5000,4.5000,2024-02-26T14:39:00+00:00,0.7500
2024-02-27T13:14:00+00:00,2024-02-27T14:29:00+00:00,short,-293.880000,ifvg,1.0556,1.1111,4.7500,5.0000,2024-02-27T12:24:00+00:00,0.2500
2024-02-27T17:24:00+00:00,2024-02-27T19:59:00+00:00,short,-212.220000,orb,0.4364,1.0,6.0000,13.7500,,
2024-02-28T15:34:00+00:00,2024-02-28T21:09:00+00:00,long,-197.450000,orb,0.9231,0.8205,9.0000,8.0000,,
2024-02-29T07:14:00+00:00,2024-02-29T07:44:00+00:00,long,-290.360000,ifvg,0.0667,1.0,0.2500,3.7500,2024-02-29T07:04:00+00:00,1.0000
2024-02-29T12:09:00+00:00,2024-02-29T13:34:00+00:00,short,-291.840000,ifvg,1.4615,5.6154,4.7500,18.2500,2024-02-29T11:59:00+00:00,1.2500
2024-02-29T13:39:00+00:00,2024-02-29T14:09:00+00:00,long,186.8100000,ifvg,3.1176,0.1176,13.2500,0.5000,2024-02-29T13:29:00+00:00,1.0000
2024-02-29T15:14:00+00:00,2024-02-29T20:04:00+00:00,short,-88.980000,orb,0.8553,0.7237,16.2500,13.7500,,
2024-02-29T20:04:00+00:00,2024-02-29T20:59:00+00:00,long,186.0200000,ifvg,1.56,0.16,19.5000,2.0000,2024-02-29T19:49:00+00:00,1.2500
2024-03-01T10:39:00+00:00,2024-03-01T12:54:00+00:00,long,183.8000000,ifvg,3.25,0.8,16.2500,4.0000,2024-03-01T10:29:00+00:00,2.2500
2024-03-01T13:54:00+00:00,2024-03-01T14:34:00+00:00,long,308.8000000,ifvg,2.5,0.1333,18.7500,1.0000,2024-03-01T13:44:00+00:00,0.2500
2024-03-01T15:09:00+00:00,2024-03-01T15:29:00+00:00,long,372.0400000,orb,2.0698,0.0698,22.2500,0.7500,,
2024-03-04T10:39:00+00:00,2024-03-04T11:09:00+00:00,long,-290.360000,ifvg,0.0667,1.5333,0.2500,5.7500,2024-03-04T10:04:00+00:00,1.0000
2024-03-04T13:19:00+00:00,2024-03-04T13:59:00+00:00,long,-294.900000,ifvg,0.0,1.1818,0,6.5000,2024-03-04T12:59:00+00:00,0.5000
2024-03-04T15:34:00+00:00,2024-03-04T15:44:00+00:00,long,175.5600000,orb,2.037,0.7778,13.7500,5.2500,,
2024-03-05T15:04:00+00:00,2024-03-05T15:09:00+00:00,long,-266.200000,orb,0.0,1.2927,0,13.2500,,
2024-03-06T15:04:00+00:00,2024-03-06T16:04:00+00:00,short,-206.480000,orb,0.1975,1.1605,4.0000,23.5000,,
2024-03-07T06:59:00+00:00,2024-03-07T08:14:00+00:00,short,177.0400000,ifvg,1.9583,0.2083,11.7500,1.2500,2024-03-07T04:49:00+00:00,0.2500
2024-03-07T15:14:00+00:00,2024-03-07T18:39:00+00:00,long,148.5200000,orb,2.075,0.1,20.7500,1.0000,,
2024-03-08T09:04:00+00:00,2024-03-08T11:49:00+00:00,short,184.5400000,ifvg,2.76,0.24,17.2500,1.5000,2024-03-08T08:54:00+00:00,3.0000
2024-03-08T14:49:00+00:00,2024-03-08T16:19:00+00:00,long,-211.480000,orb,0.4217,1.0,8.7500,20.7500,,
2024-03-11T01:54:00+00:00,2024-03-11T04:04:00+00:00,short,193.1750000,ifvg,1.9524,0.1905,10.2500,1.0000,2024-03-11T01:39:00+00:00,0.2500
2024-03-11T07:24:00+00:00,2024-03-11T07:54:00+00:00,short,-307.860000,ifvg,0.1875,1.375,0.7500,5.5000,2024-03-11T06:59:00+00:00,0.2500
2024-03-11T07:59:00+00:00,2024-03-11T08:09:00+00:00,long,-287.910000,ifvg,0.4167,1.2917,2.5000,7.7500,2024-03-11T07:29:00+00:00,0.5000
2024-03-11T08:29:00+00:00,2024-03-11T08:49:00+00:00,long,-285.920000,ifvg,0.5556,1.4815,3.7500,10.0000,2024-03-11T08:19:00+00:00,0.2500
2024-03-11T13:54:00+00:00,2024-03-11T14:24:00+00:00,short,197.040000,orb,1.0426,0.2766,12.2500,3.2500,,
2024-03-11T14:24:00+00:00,2024-03-11T14:54:00+00:00,long,148.5200000,ifvg,2.525,0.05,25.2500,0.5000,2024-03-11T14:09:00+00:00,2.2500
2024-03-12T08:19:00+00:00,2024-03-12T12:34:00+00:00,short,172.1550000,ifvg,3.3226,0.7742,25.7500,6.0000,2024-03-12T04:59:00+00:00,0.7500
2024-03-12T13:49:00+00:00,2024-03-12T14:04:00+00:00,short,-186.480000,orb,0.0196,0.9216,0.5000,23.5000,,
2024-03-12T14:04:00+00:00,2024-03-12T18:49:00+00:00,long,336.020000,ifvg,1.419,0.0381,37.2500,1.0000,2024-03-12T13:44:00+00:00,8.2500
2024-03-12T18:49:00+00:00,2024-03-12T19:59:00+00:00,short,-281.940000,ifvg,0.0833,1.0,0.7500,9.0000,2024-03-12T18:29:00+00:00,0.5000
2024-03-13T13:54:00+00:00,2024-03-13T17:09:00+00:00,short,-259.950000,orb,0.425,1.225,4.2500,12.2500,,
2024-03-14T13:49:00+00:00,2024-03-14T14:19:00+00:00,short,13.520000,orb,0.7386,0.1591,16.2500,3.5000,,
2024-03-14T16:29:00+00:00,2024-03-14T17:19:00+00:00,long,-257.220000,ifvg,0.1754,1.2281,2.5000,17.5000,2024-03-14T16:14:00+00:00,4.0000
2024-03-15T12:59:00+00:00,2024-03-15T13:09:00+00:00,long,-276.660000,ifvg,0.1304,1.1304,0.7500,6.5000,2024-03-15T12:49:00+00:00,0.5000
2024-03-15T14:04:00+00:00,2024-03-15T14:49:00+00:00,short,-188.980000,orb,0.3649,1.2027,6.7500,22.2500,,
2024-03-15T18:54:00+00:00,2024-03-15T20:09:00+00:00,short,63.060000,ifvg,1.1562,0.4688,9.2500,3.7500,2024-03-15T18:44:00+00:00,1.7500
2024-03-18T01:24:00+00:00,2024-03-18T01:54:00+00:00,short,-292.350000,ifvg,0.2143,1.0714,0.7500,3.7500,2024-03-18T01:14:00+00:00,0.2500
2024-03-18T08:09:00+00:00,2024-03-18T08:29:00+00:00,long,-292.350000,ifvg,0.2143,1.2143,0.7500,4.2500,2024-03-18T07:59:00+00:00,0.5000
2024-03-18T13:59:00+00:00,2024-03-18T14:14:00+00:00,short,-266.200000,orb,0.0244,1.1463,0.2500,11.7500,,
2024-03-18T18:49:00+00:00,2024-03-18T19:54:00+00:00,short,162.0400000,ifvg,1.6364,0.8636,9.0000,4.7500,2024-03-18T18:34:00+00:00,0.7500
2024-03-19T03:54:00+00:00,2024-03-19T04:14:00+00:00,short,-134.950000,ifvg,0.0,0.6111,0,5.5000,2024-03-19T02:09:00+00:00,0.7500
2024-03-19T04:14:00+00:00,2024-03-19T06:14:00+00:00,long,-127.680000,ifvg,0.2,0.6667,1.5000,5.0000,2024-03-19T03:54:00+00:00,3.2500
2024-03-19T06:14:00+00:00,2024-03-19T07:34:00+00:00,short,-283.140000,ifvg,0.1579,1.0,0.7500,4.7500,2024-03-19T05:59:00+00:00,0.7500
2024-03-19T09:04:00+00:00,2024-03-19T09:39:00+00:00,short,183.8000000,ifvg,2.5,0.0,12.5000,0,2024-03-19T08:54:00+00:00,0.5000
2024-03-19T10:59:00+00:00,2024-03-19T12:39:00+00:00,short,110.280000,ifvg,1.0984,0.0,16.7500,0,2024-03-19T10:14:00+00:00,0.2500
2024-03-19T12:39:00+00:00,2024-03-19T13:19:00+00:00,long,186.8100000,ifvg,2.6471,0.8235,11.2500,3.5000,2024-03-19T12:29:00+00:00,1.0000
2024-03-19T14:44:00+00:00,2024-03-19T16:24:00+00:00,long,171.0200000,orb,2.3696,0.1522,27.2500,1.7500,,
2024-03-20T14:24:00+00:00,2024-03-20T17:19:00+00:00,long,-241.200000,orb,0.3243,1.0,3.0000,9.2500,,
2024-03-20T17:54:00+00:00,2024-03-20T17:59:00+00:00,long,-290.360000,ifvg,0.0,1.1333,0,4.2500,2024-03-20T17:44:00+00:00,0.2500
2024-03-20T18:44:00+00:00,2024-03-20T19:09:00+00:00,long,167.2700000,ifvg,2.6,0.0222,29.2500,0.2500,2024-03-20T17:09:00+00:00,0.7500
2024-03-21T13:54:00+00:00,2024-03-21T14:24:00+00:00,short,-257.960000,ifvg,0.0909,1.0227,1.0000,11.2500,2024-03-21T13:24:00+00:00,0.5000
2024-03-22T13:49:00+00:00,2024-03-22T17:54:00+00:00,short,-259.950000,orb,0.55,1.1,5.5000,11.0000,,
2024-03-25T07:19:00+00:00,2024-03-25T08:14:00+00:00,long,178.5700000,ifvg,2.0714,0.3571,7.2500,1.2500,2024-03-25T07:09:00+00:00,0.7500
2024-03-25T14:14:00+00:00,2024-03-25T20:09:00+00:00,long,-203.700000,orb,0.3659,0.9024,3.7500,9.2500,,
2024-03-26T17:44:00+00:00,2024-03-26T19:34:00+00:00,short,160.9050000,orb,2.0345,0.5517,14.7500,4.0000,,
2024-03-27T13:54:00+00:00,2024-03-27T14:14:00+00:00,short,177.7800000,orb,1.875,0.2188,15.0000,1.7500,,
2024-03-27T17:14:00+00:00,2024-03-27T18:19:00+00:00,short,-282.400000,ifvg,0.0952,1.381,0.5000,7.2500,2024-03-27T16:39:00+00:00,0.2500
2024-03-27T19:29:00+00:00,2024-03-27T19:44:00+00:00,long,177.7800000,ifvg,2.5,0.2188,20.0000,1.7500,2024-03-27T19:19:00+00:00,1.5000
2024-03-28T10:44:00+00:00,2024-03-28T12:09:00+00:00,short,-123.600000,ifvg,1.0714,0.8571,3.7500,3.0000,2024-03-28T10:34:00+00:00,1.0000
2024-03-28T13:49:00+00:00,2024-03-28T15:34:00+00:00,long,177.0400000,orb,0.6923,1.0385,4.5000,6.7500,,
2024-03-28T19:04:00+00:00,2024-03-28T19:59:00+00:00,long,-241.200000,ifvg,0.8378,1.0811,7.7500,10.0000,2024-03-28T16:14:00+00:00,0.5000
2024-04-01T11:44:00+00:00,2024-04-01T12:09:00+00:00,long,-291.840000,ifvg,0.0,2.6923,0,8.7500,2024-04-01T11:34:00+00:00,0.5000
2024-04-01T14:04:00+00:00,2024-04-01T15:19:00+00:00,short,171.0200000,orb,2.0,0.6957,23.0000,8.0000,,
2024-04-01T16:09:00+00:00,2024-04-01T17:24:00+00:00,long,-275.920000,ifvg,0.7692,1.0385,5.0000,6.7500,2024-04-01T15:59:00+00:00,1.0000
2024-04-02T01:29:00+00:00,2024-04-02T01:39:00+00:00,long,-288.830000,ifvg,0.0833,1.0,0.2500,3.0000,2024-04-02T01:09:00+00:00,0.2500
2024-04-02T07:09:00+00:00,2024-04-02T07:24:00+00:00,long,-242.910000,ifvg,0.0,0.9565,0,5.5000,2024-04-02T06:59:00+00:00,0.2500
2024-04-02T07:24:00+00:00,2024-04-02T08:04:00+00:00,short,-278.880000,ifvg,0.7059,1.5882,3.0000,6.7500,2024-04-02T07:09:00+00:00,1.5000
2024-04-02T14:14:00+00:00,2024-04-02T17:54:00+00:00,short,-123.980000,orb,0.0405,0.8649,0.7500,16.0000,,
2024-04-02T17:54:00+00:00,2024-04-02T19:19:00+00:00,long,22.040000,ifvg,0.7727,0.1136,8.5000,1.2500,2024-04-02T17:19:00+00:00,0.5000
2024-04-02T19:19:00+00:00,2024-04-02T19:34:00+00:00,short,-267.680000,ifvg,0.0,1.1724,0,8.5000,2024-04-02T19:09:00+00:00,1.5000
2024-04-03T11:14:00+00:00,2024-04-03T11:34:00+00:00,short,-272.860000,ifvg,0.0,1.2857,0,4.5000,2024-04-03T09:19:00+00:00,0.2500
2024-04-03T13:39:00+00:00,2024-04-03T14:04:00+00:00,long,184.5400000,ifvg,2.72,0.44,17.0000,2.7500,2024-04-03T13:19:00+00:00,0.2500
2024-04-03T14:04:00+00:00,2024-04-03T20:09:00+00:00,long,-21.480000,orb,0.4255,0.9574,10.0000,22.5000,,
2024-04-03T22:09:00+00:00,2024-04-03T23:34:00+00:00,short,-259.440000,ifvg,0.0909,2.0303,0.7500,16.7500,2024-04-03T20:09:00+00:00,0.7500
2024-04-04T13:54:00+00:00,2024-04-04T16:09:00+00:00,short,-241.200000,orb,0.5135,1.1892,4.7500,11.0000,,
2024-04-05T00:59:00+00:00,2024-04-05T11:39:00+00:00,long,133.5200000,ifvg,2.0833,0.5833,18.7500,5.2500,2024-04-05T00:44:00+00:00,1.5000
2024-04-05T13:54:00+00:00,2024-04-05T15:59:00+00:00,long,169.8850000,orb,1.8791,0.6264,42.7500,14.2500,,
2024-04-08T03:24:00+00:00,2024-04-08T07:19:00+00:00,short,-75.180000,ifvg,1.0345,0.2759,7.5000,2.0000,2024-04-08T01:04:00+00:00,2.0000
2024-04-08T07:19:00+00:00,2024-04-08T07:34:00+00:00,long,-75.180000,ifvg,0.1111,0.7407,0.7500,5.0000,2024-04-08T06:19:00+00:00,1.2500
2024-04-08T07:34:00+00:00,2024-04-08T07:44:00+00:00,short,-255.640000,ifvg,0.0588,1.1765,0.2500,5.0000,2024-04-08T07:24:00+00:00,0.2500
2024-04-08T14:29:00+00:00,2024-04-08T16:14:00+00:00,long,-238.470000,orb,0.4194,1.0,6.5000,15.5000,,
2024-04-09T10:04:00+00:00,2024-04-09T10:34:00+00:00,short,165.4450000,ifvg,3.3846,0.4615,11.0000,1.5000,2024-04-09T09:54:00+00:00,0.2500
2024-04-09T13:54:00+00:00,2024-04-09T14:34:00+00:00,short,124.8850000,ifvg,2.68,0.26,33.5000,3.2500,2024-04-09T12:19:00+00:00,3.7500
2024-04-10T05:54:00+00:00,2024-04-10T07:34:00+00:00,short,-265.410000,ifvg,0.0,1.0,0,5.5000,2024-04-10T01:54:00+00:00,0.5000
2024-04-10T09:09:00+00:00,2024-04-10T10:04:00+00:00,short,183.8000000,ifvg,1.65,0.1,8.2500,0.5000,2024-04-10T08:59:00+00:00,1.2500
2024-04-10T12:24:00+00:00,2024-04-10T12:29:00+00:00,short,-269.390000,ifvg,0.2778,3.9444,1.2500,17.7500,2024-04-10T12:14:00+00:00,0.5000
2024-04-10T12:39:00+00:00,2024-04-10T14:09:00+00:00,short,-203.980000,ifvg,0.5368,0.9474,12.7500,22.5000,2024-04-10T10:59:00+00:00,1.7500
2024-04-10T14:09:00+00:00,2024-04-10T17:04:00+00:00,long,-176.480000,orb,0.9855,1.1449,17.0000,19.7500,,
2024-04-10T17:09:00+00:00,2024-04-10T17:24:00+00:00,short,-133.240000,ifvg,0.0095,1.1333,0.2500,29.7500,2024-04-10T16:59:00+00:00,1.7500
2024-04-10T17:29:00+00:00,2024-04-10T20:09:00+00:00,long,-56.480000,ifvg,0.6184,0.8816,11.7500,16.7500,2024-04-10T17:09:00+00:00,10.0000
2024-04-11T01:29:00+00:00,2024-04-11T01:39:00+00:00,short,-269.390000,ifvg,0.0,1.0556,0,4.7500,2024-04-11T01:09:00+00:00,1.2500
2024-04-11T06:49:00+00:00,2024-04-11T08:54:00+00:00,short,165.0500000,ifvg,2.6667,0.7778,12.0000,3.5000,2024-04-11T06:24:00+00:00,0.5000
2024-04-11T12:39:00+00:00,2024-04-11T14:04:00+00:00,long,-212.220000,ifvg,0.5735,0.9265,9.7500,15.7500,2024-04-11T11:39:00+00:00,0.2500
2024-04-11T14:04:00+00:00,2024-04-11T17:04:00+00:00,short,-218.980000,orb,0.7907,1.2442,17.0000,26.7500,,
2024-04-12T13:59:00+00:00,2024-04-12T14:09:00+00:00,long,-200.970000,orb,0.0,1.2885,0,16.7500,,
2024-04-15T14:09:00+00:00,2024-04-15T16:39:00+00:00,short,168.0100000,orb,2.0333,0.1889,45.7500,4.2500,,
2024-04-16T13:49:00+00:00,2024-04-16T14:19:00+00:00,short,-188.980000,orb,0.0,1.0405,0,19.2500,,
2024-04-16T18:24:00+00:00,2024-04-16T18:54:00+00:00,short,-243.980000,ifvg,0.1562,1.0521,3.7500,25.2500,2024-04-16T18:14:00+00:00,4.2500
2024-04-17T00:09:00+00:00,2024-04-17T00:34:00+00:00,short,174.0800000,ifvg,2.8333,0.25,8.5000,0.7500,2024-04-16T23:59:00+00:00,0.5000
2024-04-17T14:04:00+00:00,2024-04-17T15:09:00+00:00,short,108.520000,orb,1.1781,0.3425,21.5000,6.2500,,
2024-04-17T15:09:00+00:00,2024-04-17T15:34:00+00:00,long,-238.470000,ifvg,0.0806,1.4516,1.2500,22.5000,2024-04-17T14:59:00+00:00,5.7500
2024-04-17T18:59:00+00:00,2024-04-17T20:09:00+00:00,short,101.020000,ifvg,0.8,0.1125,16.0000,2.2500,2024-04-17T18:49:00+00:00,7.0000
2024-04-18T05:29:00+00:00,2024-04-18T06:09:00+00:00,long,178.5700000,ifvg,2.2143,0.0,7.7500,0,2024-04-18T05:09:00+00:00,0.2500
2024-04-18T11:19:00+00:00,2024-04-18T11:49:00+00:00,short,-265.920000,ifvg,0.0,1.08,0,6.7500,2024-04-18T10:34:00+00:00,0.5000
2024-04-18T13:44:00+00:00,2024-04-18T13:54:00+00:00,short,-41.480000,ifvg,0.0526,0.5658,1.0000,10.7500,2024-04-17T22:09:00+00:00,2.0000
2024-04-18T14:34:00+00:00,2024-04-18T14:39:00+00:00,long,109.8850000,orb,0.6091,0.0545,16.7500,1.5000,,
2024-04-18T15:39:00+00:00,2024-04-18T16:34:00+00:00,short,155.2800000,ifvg,3.1071,0.3929,21.7500,2.7500,2024-04-18T15:19:00+00:00,0.5000
2024-04-18T17:34:00+00:00,2024-04-18T20:09:00+00:00,long,-5.970000,ifvg,0.8679,0.9245,11.5000,12.2500,2024-04-18T17:24:00+00:00,1.5000
2024-04-19T02:29:00+00:00,2024-04-19T03:34:00+00:00,long,100.5100000,ifvg,2.5185,0.7222,34.0000,9.7500,2024-04-19T02:19:00+00:00,4.2500
2024-04-19T11:04:00+00:00,2024-04-19T12:24:00+00:00,long,189.7700000,ifvg,2.2549,0.3137,28.7500,4.0000,2024-04-19T10:24:00+00:00,1.7500
2024-04-19T14:19:00+00:00,2024-04-19T16:19:00+00:00,short,139.8850000,orb,1.7333,0.5467,32.5000,10.2500,,
2024-04-19T18:09:00+00:00,2024-04-19T20:09:00+00:00,short,138.520000,ifvg,1.1494,0.1954,25.0000,4.2500,2024-04-19T16:59:00+00:00,0.2500
2024-04-22T11:24:00+00:00,2024-04-22T13:39:00+00:00,long,-99.720000,ifvg,0.4259,0.7593,5.7500,10.2500,2024-04-22T10:39:00+00:00,0.2500
2024-04-22T13:39:00+00:00,2024-04-22T13:54:00+00:00,short,-153.700000,ifvg,0.4762,0.7619,5.0000,8.0000,2024-04-22T12:44:00+00:00,5.7500
2024-04-22T13:54:00+00:00,2024-04-22T14:24:00+00:00,long,-227.960000,ifvg,0.3636,1.1136,4.0000,12.2500,2024-04-22T13:39:00+00:00,3.7500
2024-04-22T14:29:00+00:00,2024-04-22T16:19:00+00:00,short,-253.470000,orb,0.6061,1.2879,10.0000,21.2500,,
2024-04-23T06:09:00+00:00,2024-04-23T07:04:00+00:00,short,-276.660000,ifvg,0.4783,1.3913,2.7500,8.0000,2024-04-23T05:54:00+00:00,1.2500
2024-04-23T13:49:00+00:00,2024-04-23T15:09:00+00:00,long,181.530000,orb,1.4776,0.3881,24.7500,6.5000,,
2024-04-23T15:09:00+00:00,2024-04-23T15:19:00+00:00,short,-251.940000,ifvg,0.0,1.0625,0,8.5000,2024-04-23T14:59:00+00:00,0.5000
2024-04-23T15:19:00+00:00,2024-04-23T20:09:00+00:00,long,39.260000,ifvg,0.2963,0.1667,12.0000,6.7500,2024-04-23T15:09:00+00:00,2.5000
2024-04-24T13:34:00+00:00,2024-04-24T14:39:00+00:00,long,-184.950000,ifvg,1.1429,0.8286,10.0000,7.2500,2024-04-24T12:54:00+00:00,1.2500
2024-04-24T14:39:00+00:00,2024-04-24T16:34:00+00:00,short,121.1350000,orb,1.5692,0.1077,25.5000,1.7500,,
2024-04-24T16:59:00+00:00,2024-04-24T17:34:00+00:00,long,149.6550000,ifvg,2.6296,0.4444,17.7500,3.0000,2024-04-24T16:39:00+00:00,0.2500
2024-04-25T00:09:00+00:00,2024-04-25T05:14:00+00:00,long,-275.920000,ifvg,0.7308,1.0,4.7500,6.5000,2024-04-24T23:54:00+00:00,1.0000
2024-04-25T05:39:00+00:00,2024-04-25T05:59:00+00:00,long,-269.620000,ifvg,0.2,1.0,0.7500,3.7500,2024-04-25T05:24:00+00:00,1.2500
2024-04-25T13:54:00+00:00,2024-04-25T14:19:00+00:00,short,-222.960000,orb,0.7442,1.3023,8.0000,14.0000,,
2024-04-25T14:39:00+00:00,2024-04-25T17:49:00+00:00,short,-173.240000,ifvg,0.2241,1.046,9.7500,45.5000,2024-04-25T14:24:00+00:00,1.2500
2024-04-26T03:44:00+00:00,2024-04-26T05:49:00+00:00,short,-269.390000,ifvg,0.0556,1.1111,0.2500,5.0000,2024-04-26T03:29:00+00:00,0.2500
2024-04-26T12:59:00+00:00,2024-04-26T13:54:00+00:00,short,-88.980000,ifvg,0.6744,0.4535,14.5000,9.7500,2024-04-26T12:39:00+00:00,2.0000
2024-04-26T13:54:00+00:00,2024-04-26T20:09:00+00:00,long,28.520000,orb,0.8152,0.163,18.7500,3.7500,,
2024-04-29T12:49:00+00:00,2024-04-29T13:44:00+00:00,long,-250.180000,ifvg,1.3704,1.2222,9.2500,8.2500,2024-04-29T12:34:00+00:00,0.5000
2024-04-29T13:49:00+00:00,2024-04-29T14:34:00+00:00,short,-207.960000,ifvg,0.525,1.025,5.2500,10.2500,2024-04-29T13:34:00+00:00,1.0000
2024-04-29T15:49:00+00:00,2024-04-29T16:34:00+00:00,long,144.0300000,ifvg,1.8077,1.2308,11.7500,8.0000,2024-04-29T15:39:00+00:00,3.0000
2024-04-29T18:39:00+00:00,2024-04-29T20:09:00+00:00,short,-121.480000,orb,0.9859,0.8592,17.5000,15.2500,,
2024-04-30T12:39:00+00:00,2024-04-30T12:54:00+00:00,short,-273.600000,ifvg,0.9231,2.7692,3.0000,9.0000,2024-04-30T12:24:00+00:00,0.7500
2024-04-30T15:04:00+00:00,2024-04-30T16:34:00+00:00,short,106.1350000,orb,2.1053,0.1228,30.0000,1.7500,,
2024-04-30T16:39:00+00:00,2024-04-30T20:09:00+00:00,short,163.010000,ifvg,1.3008,0.3835,43.2500,12.7500,2024-04-30T16:19:00+00:00,0.7500
2024-05-01T09:54:00+00:00,2024-05-01T10:29:00+00:00,long,-257.400000,ifvg,0.1053,1.1579,0.5000,5.5000,2024-05-01T09:39:00+00:00,0.5000
2024-05-01T13:54:00+00:00,2024-05-01T18:04:00+00:00,short,-251.940000,orb,0.7174,1.3043,8.2500,15.0000,,
2024-05-02T12:14:00+00:00,2024-05-02T12:34:00+00:00,long,-251.940000,ifvg,0.0312,1.1875,0.2500,9.5000,2024-05-02T11:39:00+00:00,0.2500
2024-05-02T13:49:00+00:00,2024-05-02T14:29:00+00:00,short,-19.490000,orb,0.7131,0.2295,21.7500,7.0000,,
2024-05-02T14:29:00+00:00,2024-05-02T20:09:00+00:00,long,156.760000,ifvg,1.5758,0.596,39.0000,14.7500,2024-05-02T14:09:00+00:00,4.0000
2024-05-03T01:49:00+00:00,2024-05-03T02:24:00+00:00,short,162.0900000,ifvg,2.5,0.5,6.2500,1.2500,2024-05-03T01:39:00+00:00,0.2500
2024-05-03T13:54:00+00:00,2024-05-03T14:09:00+00:00,long,-213.980000,orb,0.3929,1.0357,8.2500,21.7500,,
2024-05-06T13:49:00+00:00,2024-05-06T18:29:00+00:00,long,148.5200000,orb,2.325,0.6,23.2500,6.0000,,
2024-05-07T07:39:00+00:00,2024-05-07T08:39:00+00:00,short,-254.160000,ifvg,0.4286,1.1905,2.2500,6.2500,2024-05-07T02:34:00+00:00,1.0000
2024-05-07T13:59:00+00:00,2024-05-07T14:54:00+00:00,short,-229.440000,orb,0.3103,1.1379,2.2500,8.2500,,
2024-05-07T17:54:00+00:00,2024-05-07T20:09:00+00:00,short,-20.970000,ifvg,0.7143,0.4286,8.7500,5.2500,2024-05-07T14:54:00+00:00,2.2500
2024-05-08T08:29:00+00:00,2024-05-08T10:39:00+00:00,long,-242.910000,ifvg,0.05,1.2,0.2500,6.0000,2024-05-08T08:04:00+00:00,0.5000
2024-05-08T13:49:00+00:00,2024-05-08T20:09:00+00:00,long,142.040000,orb,1.2391,0.2391,14.2500,2.7500,,
2024-05-09T17:34:00+00:00,2024-05-09T18:49:00+00:00,long,93.0100000,ifvg,1.0,0.4318,11.0000,4.7500,2024-05-09T17:24:00+00:00,0.5000
2024-05-10T08:19:00+00:00,2024-05-10T12:39:00+00:00,long,18.060000,ifvg,1.3448,0.1034,9.7500,0.7500,2024-05-10T08:09:00+00:00,1.0000
2024-05-10T12:39:00+00:00,2024-05-10T13:29:00+00:00,short,-263.880000,ifvg,0.5625,1.0,2.2500,4.0000,2024-05-10T12:29:00+00:00,1.0000
2024-05-10T14:19:00+00:00,2024-05-10T20:09:00+00:00,short,65.280000,orb,1.2941,0.1373,16.5000,1.7500,,
2024-05-13T07:59:00+00:00,2024-05-13T08:19:00+00:00,long,-271.840000,ifvg,0.25,1.0833,0.7500,3.2500,2024-05-13T07:44:00+00:00,0.7500
2024-05-13T15:04:00+00:00,2024-05-13T20:09:00+00:00,short,69.030000,orb,0.8889,0.2381,14.0000,3.7500,,
2024-05-14T14:09:00+00:00,2024-05-14T14:39:00+00:00,long,-207.960000,orb,0.525,1.25,5.2500,12.5000,,
2024-05-15T12:39:00+00:00,2024-05-15T13:54:00+00:00,long,-87.960000,ifvg,1.05,0.6,10.5000,6.0000,2024-05-15T04:09:00+00:00,0.2500
2024-05-15T13:54:00+00:00,2024-05-15T14:09:00+00:00,short,-152.220000,orb,0.0517,0.8621,0.7500,12.5000,,
2024-05-15T14:09:00+00:00,2024-05-15T20:09:00+00:00,long,146.760000,ifvg,1.25,0.1129,38.7500,3.5000,2024-05-15T13:54:00+00:00,3.7500
2024-05-16T12:44:00+00:00,2024-05-16T14:14:00+00:00,short,-31.430000,ifvg,1.2692,0.2692,8.2500,1.7500,2024-05-16T12:29:00+00:00,1.0000
2024-05-16T14:14:00+00:00,2024-05-16T14:59:00+00:00,long,147.0400000,orb,2.25,0.05,11.2500,0.2500,,
2024-05-17T14:34:00+00:00,2024-05-17T15:04:00+00:00,long,-251.940000,orb,0.0,1.1562,0,9.2500,,
2024-05-17T15:59:00+00:00,2024-05-17T16:44:00+00:00,long,-257.400000,ifvg,0.4211,1.2105,2.0000,5.7500,2024-05-17T15:39:00+00:00,0.5000
2024-05-20T08:54:00+00:00,2024-05-20T11:04:00+00:00,long,162.0900000,ifvg,2.2,1.3,5.5000,3.2500,2024-05-20T08:44:00+00:00,0.5000
2024-05-20T13:49:00+00:00,2024-05-20T13:59:00+00:00,long,166.5300000,orb,1.0732,0.0244,11.0000,0.2500,,
2024-05-20T15:54:00+00:00,2024-05-20T17:19:00+00:00,short,-255.640000,ifvg,0.5294,1.0,2.2500,4.2500,2024-05-20T15:29:00+00:00,0.7500
2024-05-20T17:34:00+00:00,2024-05-20T18:34:00+00:00,short,31.530000,ifvg,1.0204,0.1224,12.5000,1.5000,2024-05-20T13:59:00+00:00,5.0000
2024-05-20T18:34:00+00:00,2024-05-20T20:09:00+00:00,long,-67.960000,ifvg,0.2683,0.6341,2.7500,6.5000,2024-05-20T18:14:00+00:00,1.2500
2024-05-21T14:04:00+00:00,2024-05-21T19:19:00+00:00,long,166.5300000,orb,2.3,0.3,17.2500,2.2500,,
2024-05-22T06:09:00+00:00,2024-05-22T07:09:00+00:00,short,161.0050000,ifvg,2.5714,0.7143,4.5000,1.2500,2024-05-22T05:59:00+00:00,0.2500
2024-05-22T13:54:00+00:00,2024-05-22T15:54:00+00:00,long,-254.160000,orb,0.4286,1.9524,2.2500,10.2500,,
2024-05-23T13:49:00+00:00,2024-05-23T15:14:00+00:00,short,58.520000,orb,0.988,0.012,20.5000,0.2500,,
2024-05-23T15:14:00+00:00,2024-05-23T17:04:00+00:00,long,-242.960000,ifvg,0.9362,1.0,11.0000,11.7500,2024-05-23T14:59:00+00:00,4.0000
2024-05-24T12:39:00+00:00,2024-05-24T13:54:00+00:00,long,-244.440000,ifvg,0.2903,1.2903,2.2500,10.0000,2024-05-24T12:09:00+00:00,0.7500
2024-05-24T13:59:00+00:00,2024-05-24T14:04:00+00:00,short,-237.960000,ifvg,0.0238,1.0714,0.2500,11.2500,2024-05-24T12:39:00+00:00,4.2500
2024-05-24T18:29:00+00:00,2024-05-24T20:09:00+00:00,short,-34.440000,ifvg,1.4516,0.4194,11.2500,3.2500,2024-05-24T17:59:00+00:00,0.7500
2024-05-27T14:09:00+00:00,2024-05-27T14:54:00+00:00,short,-245.920000,orb,0.1304,1.087,0.7500,6.2500,,
2024-05-27T22:09:00+00:00,2024-05-28T00:04:00+00:00,short,164.3100000,ifvg,1.9333,0.1333,7.2500,0.5000,2024-05-27T16:54:00+00:00,0.5000
2024-05-28T15:09:00+00:00,2024-05-28T17:54:00+00:00,short,152.2700000,ifvg,2.5526,0.8684,24.2500,8.2500,2024-05-28T14:49:00+00:00,0.5000
2024-05-29T08:09:00+00:00,2024-05-29T08:49:00+00:00,long,-272.860000,ifvg,0.5,1.2143,1.7500,4.2500,2024-05-29T07:59:00+00:00,0.2500
2024-05-29T17:59:00+00:00,2024-05-29T19:54:00+00:00,long,-222.450000,ifvg,0.1957,1.087,2.2500,12.5000,2024-05-29T17:09:00+00:00,1.2500
2024-05-30T14:14:00+00:00,2024-05-30T17:04:00+00:00,short,-208.470000,orb,0.5556,1.0556,7.5000,14.2500,,
2024-05-31T07:29:00+00:00,2024-05-31T08:19:00+00:00,short,-250.180000,ifvg,0.2963,1.037,2.0000,7.0000,2024-05-31T03:29:00+00:00,1.7500
2024-05-31T11:04:00+00:00,2024-05-31T12:29:00+00:00,long,126.0200000,ifvg,2.9706,0.0588,25.2500,0.5000,2024-05-31T10:54:00+00:00,1.0000
2024-05-31T13:54:00+00:00,2024-05-31T14:34:00+00:00,short,126.7600000,orb,2.0441,0.1765,34.7500,3.0000,,
2024-06-03T13:54:00+00:00,2024-06-03T14:49:00+00:00,short,159.7700000,orb,2.0465,0.9535,22.0000,10.2500,,
2024-06-04T08:09:00+00:00,2024-06-04T09:04:00+00:00,short,111.7600000,ifvg,1.5667,0.05,23.5000,0.7500,2024-06-04T07:39:00+00:00,1.5000
2024-06-04T13:39:00+00:00,2024-06-04T14:04:00+00:00,short,-221.940000,ifvg,0.4286,2.1071,3.0000,14.7500,2024-06-04T13:19:00+00:00,2.0000
2024-06-04T14:04:00+00:00,2024-06-04T14:14:00+00:00,long,-197.220000,orb,0.0,1.0196,0,13.0000,,
2024-06-05T14:04:00+00:00,2024-06-05T14:34:00+00:00,short,-202.960000,orb,0.8974,1.1795,8.7500,11.5000,,
2024-06-05T14:39:00+00:00,2024-06-05T19:04:00+00:00,long,160.5100000,ifvg,1.7674,0.2209,38.0000,4.7500,2024-06-05T13:39:00+00:00,4.0000
2024-06-06T00:49:00+00:00,2024-06-06T06:09:00+00:00,long,-248.880000,ifvg,1.2667,1.0,4.7500,3.7500,2024-06-06T00:39:00+00:00,1.0000
2024-06-06T13:59:00+00:00,2024-06-06T18:14:00+00:00,short,159.7700000,orb,1.5814,0.814,17.0000,8.7500,,
2024-06-07T12:49:00+00:00,2024-06-07T13:49:00+00:00,short,-85.740000,ifvg,0.0989,0.3736,4.5000,17.0000,2024-06-05T15:19:00+00:00,1.2500
2024-06-07T13:49:00+00:00,2024-06-07T14:44:00+00:00,long,102.3850000,orb,2.2182,0.2,30.5000,2.7500,,
2024-06-10T09:39:00+00:00,2024-06-10T10:39:00+00:00,long,147.0400000,ifvg,2.1,0.55,10.5000,2.7500,2024-06-10T09:29:00+00:00,0.7500
2024-06-10T13:34:00+00:00,2024-06-10T13:44:00+00:00,long,-263.880000,ifvg,0.0,1.125,0,4.5000,2024-06-10T13:24:00+00:00,1.0000
2024-06-10T14:09:00+00:00,2024-06-10T15:59:00+00:00,long,141.0200000,orb,2.2632,0.4737,21.5000,4.5000,,
2024-06-11T13:49:00+00:00,2024-06-11T14:44:00+00:00,short,-206.480000,orb,0.037,1.1481,0.7500,23.2500,,
2024-06-11T17:29:00+00:00,2024-06-11T17:54:00+00:00,short,-229.440000,ifvg,0.0345,1.4138,0.2500,10.2500,2024-06-11T17:09:00+00:00,1.2500
2024-06-12T12:34:00+00:00,2024-06-12T12:39:00+00:00,long,-254.160000,ifvg,0.4286,1.0,2.2500,5.2500,2024-06-12T12:24:00+00:00,0.2500
2024-06-12T13:49:00+00:00,2024-06-12T18:04:00+00:00,long,-168.980000,orb,0.6515,1.2576,10.7500,20.7500,,
2024-06-12T19:29:00+00:00,2024-06-12T19:54:00+00:00,short,-207.960000,ifvg,0.675,1.3,6.7500,13.0000,2024-06-12T19:19:00+00:00,0.5000
2024-06-13T09:04:00+00:00,2024-06-13T09:29:00+00:00,long,-254.850000,ifvg,0.3333,1.5833,1.0000,4.7500,2024-06-13T08:49:00+00:00,0.5000
2024-06-13T13:54:00+00:00,2024-06-13T14:24:00+00:00,short,137.2700000,orb,2.1892,0.1351,20.2500,1.2500,,
2024-06-14T06:44:00+00:00,2024-06-14T07:14:00+00:00,short,152.3200000,ifvg,2.9167,0.1667,8.7500,0.5000,2024-06-14T06:24:00+00:00,0.2500
2024-06-14T07:34:00+00:00,2024-06-14T07:54:00+00:00,long,-136.430000,ifvg,0.0769,0.7692,0.5000,5.0000,2024-06-14T07:19:00+00:00,2.5000
2024-06-14T07:54:00+00:00,2024-06-14T09:44:00+00:00,short,159.7700000,ifvg,2.6279,0.2558,28.2500,2.7500,2024-06-14T07:34:00+00:00,2.2500
2024-06-14T14:04:00+00:00,2024-06-14T14:59:00+00:00,short,-152.960000,orb,0.5909,0.7045,6.5000,7.7500,,
2024-06-14T14:59:00+00:00,2024-06-14T15:54:00+00:00,long,-247.450000,ifvg,0.6053,1.0,5.7500,9.5000,2024-06-14T14:39:00+00:00,2.0000
2024-06-14T16:04:00+00:00,2024-06-14T20:09:00+00:00,long,162.780000,ifvg,1.0,0.2258,15.5000,3.5000,2024-06-14T15:49:00+00:00,3.7500
2024-06-17T06:09:00+00:00,2024-06-17T06:24:00+00:00,short,-253.370000,ifvg,0.0,1.4286,0,5.0000,2024-06-17T05:39:00+00:00,1.0000
2024-06-17T06:29:00+00:00,2024-06-17T08:44:00+00:00,long,-254.160000,ifvg,1.4286,1.1429,7.5000,6.0000,2024-06-17T06:09:00+00:00,1.2500
2024-06-17T10:39:00+00:00,2024-06-17T11:24:00+00:00,long,165.4450000,ifvg,2.3846,0.3077,7.7500,1.0000,2024-06-17T10:24:00+00:00,0.5000
2024-06-17T13:49:00+00:00,2024-06-17T14:09:00+00:00,short,-221.940000,orb,0.0,1.3214,0,9.2500,,
2024-06-17T14:14:00+00:00,2024-06-17T15:24:00+00:00,long,152.2700000,ifvg,2.878,0.4146,29.5000,4.2500,2024-06-17T12:39:00+00:00,1.2500
2024-06-18T00:49:00+00:00,2024-06-18T01:14:00+00:00,long,-248.880000,ifvg,0.3333,1.1333,1.2500,4.2500,2024-06-18T00:39:00+00:00,0.5000
2024-06-18T15:04:00+00:00,2024-06-18T17:39:00+00:00,short,-204.720000,orb,0.0943,1.1132,1.2500,14.7500,,
2024-06-19T13:49:00+00:00,2024-06-19T14:39:00+00:00,short,162.0900000,orb,1.5,0.4,3.7500,1.0000,,
2024-06-20T07:54:00+00:00,2024-06-20T13:34:00+00:00,short,137.2700000,ifvg,1.6216,0.6216,15.0000,5.7500,2024-06-20T07:24:00+00:00,0.7500
2024-06-20T13:49:00+00:00,2024-06-20T14:14:00+00:00,long,-185.970000,orb,0.0,1.4167,0,17.0000,,
2024-06-20T14:14:00+00:00,2024-06-20T16:34:00+00:00,short,98.6350000,ifvg,2.7358,0.6792,36.2500,9.0000,2024-06-20T13:49:00+00:00,5.0000
2024-06-20T17:49:00+00:00,2024-06-20T20:09:00+00:00,long,80.280000,ifvg,1.1333,0.4833,17.0000,7.2500,2024-06-20T17:29:00+00:00,3.7500
2024-06-21T07:49:00+00:00,2024-06-21T08:24:00+00:00,long,-221.940000,ifvg,0.2857,1.0357,2.0000,7.2500,2024-06-21T07:39:00+00:00,2.5000
2024-06-21T13:34:00+00:00,2024-06-21T13:44:00+00:00,short,147.0400000,ifvg,3.3,0.5,16.5000,2.5000,2024-06-21T13:19:00+00:00,0.2500
2024-06-21T13:54:00+00:00,2024-06-21T14:59:00+00:00,short,-242.220000,orb,0.0,1.0317,0,16.2500,,
2024-06-24T10:04:00+00:00,2024-06-24T12:04:00+00:00,long,-253.370000,ifvg,1.2143,1.6429,4.2500,5.7500,2024-06-24T09:54:00+00:00,0.5000
2024-06-24T12:29:00+00:00,2024-06-24T12:39:00+00:00,long,-223.930000,ifvg,0.0,1.1667,0,7.0000,2024-06-24T12:09:00+00:00,1.2500
2024-06-24T15:04:00+00:00,2024-06-24T17:09:00+00:00,long,-232.960000,ifvg,0.2286,1.0714,4.0000,18.7500,2024-06-24T14:54:00+00:00,0.7500
2024-06-25T13:59:00+00:00,2024-06-25T14:09:00+00:00,short,-116.940000,orb,0.1081,0.9189,1.0000,8.5000,,
2024-06-25T14:14:00+00:00,2024-06-25T14:54:00+00:00,long,-235.920000,ifvg,0.3182,1.1818,1.7500,6.5000,2024-06-25T13:59:00+00:00,0.5000
2024-06-26T13:49:00+00:00,2024-06-26T15:14:00+00:00,long,-228.700000,orb,0.8571,1.2286,7.5000,10.7500,,
2024-06-26T15:24:00+00:00,2024-06-26T19:59:00+00:00,long,141.0200000,ifvg,2.1842,0.5789,20.7500,5.5000,2024-06-26T15:14:00+00:00,0.7500
2024-06-27T11:39:00+00:00,2024-06-27T13:34:00+00:00,long,144.0300000,ifvg,2.8462,0.3462,18.5000,2.2500,2024-06-27T11:09:00+00:00,0.5000
2024-06-27T14:14:00+00:00,2024-06-27T15:29:00+00:00,long,-234.720000,orb,0.0656,1.3443,1.0000,20.5000,,
2024-06-28T13:49:00+00:00,2024-06-28T14:14:00+00:00,long,102.3850000,orb,1.6909,0.3091,23.2500,4.2500,,
2024-07-01T08:14:00+00:00,2024-07-01T08:44:00+00:00,long,-214.440000,ifvg,0.6296,1.1111,4.2500,7.5000,2024-07-01T07:59:00+00:00,2.0000
2024-07-01T13:34:00+00:00,2024-07-01T13:49:00+00:00,long,-222.450000,ifvg,0.1481,1.8519,1.0000,12.5000,2024-07-01T13:14:00+00:00,1.7500
2024-07-01T18:34:00+00:00,2024-07-01T19:29:00+00:00,short,144.0300000,ifvg,1.6154,0.4615,10.5000,3.0000,2024-07-01T18:19:00+00:00,2.2500
2024-07-02T12:04:00+00:00,2024-07-02T13:34:00+00:00,long,132.7800000,ifvg,2.8333,0.3333,17.0000,2.0000,2024-07-02T11:49:00+00:00,0.2500
2024-07-02T14:54:00+00:00,2024-07-02T20:09:00+00:00,long,243.520000,orb,1.4222,0.3333,32.0000,7.5000,,
2024-07-03T03:24:00+00:00,2024-07-03T04:34:00+00:00,short,-253.370000,ifvg,0.1429,1.0,0.5000,3.5000,2024-07-03T03:09:00+00:00,0.5000
2024-07-03T13:59:00+00:00,2024-07-03T16:54:00+00:00,long,152.2700000,orb,2.0976,0.7317,21.5000,7.5000,,
2024-07-04T13:49:00+00:00,2024-07-05T05:49:00+00:00,short,-225.920000,orb,0.9048,1.0952,4.7500,5.7500,,
2024-07-05T13:59:00+00:00,2024-07-05T14:09:00+00:00,long,-212.960000,orb,0.2195,1.2439,2.2500,12.7500,,
2024-07-08T14:39:00+00:00,2024-07-08T20:09:00+00:00,short,-59.950000,orb,1.4118,0.3235,12.0000,2.7500,,
2024-07-09T05:29:00+00:00,2024-07-09T12:39:00+00:00,short,141.8100000,ifvg,1.5385,0.6923,5.0000,2.2500,2024-07-09T04:49:00+00:00,0.2500
2024-07-09T14:29:00+00:00,2024-07-09T14:44:00+00:00,short,-241.430000,orb,0.3846,1.0385,2.5000,6.7500,,
2024-07-09T17:24:00+00:00,2024-07-09T20:09:00+00:00,short,-13.930000,ifvg,0.6087,0.913,3.5000,5.2500,2024-07-09T17:09:00+00:00,1.2500
2024-07-10T14:04:00+00:00,2024-07-10T15:04:00+00:00,long,-216.200000,orb,0.1515,1.0606,1.2500,8.7500,,
2024-07-11T07:39:00+00:00,2024-07-11T09:24:00+00:00,long,-251.840000,ifvg,0.4545,1.0,1.2500,2.7500,2024-07-11T07:24:00+00:00,0.2500
2024-07-11T12:34:00+00:00,2024-07-11T12:39:00+00:00,long,-237.860000,ifvg,0.0,2.1667,0,6.5000,2024-07-11T12:24:00+00:00,1.0000
2024-07-11T13:59:00+00:00,2024-07-11T14:14:00+00:00,long,-203.700000,orb,0.4194,1.3871,3.2500,10.7500,,
2024-07-11T15:14:00+00:00,2024-07-11T15:24:00+00:00,long,-222.450000,ifvg,0.0588,1.8824,0.5000,16.0000,2024-07-11T15:04:00+00:00,2.2500
2024-07-11T16:14:00+00:00,2024-07-11T16:24:00+00:00,long,-197.450000,ifvg,0.0333,1.0,0.2500,7.5000,2024-07-11T16:04:00+00:00,0.2500
2024-07-11T16:54:00+00:00,2024-07-11T20:09:00+00:00,short,-39.490000,ifvg,0.0933,0.38,3.5000,14.2500,2024-07-11T16:34:00+00:00,3.0000
2024-07-12T05:29:00+00:00,2024-07-12T09:09:00+00:00,long,146.3000000,ifvg,1.625,0.625,6.5000,2.5000,2024-07-12T05:19:00+00:00,0.2500
2024-07-12T13:49:00+00:00,2024-07-12T14:14:00+00:00,long,152.2700000,orb,2.0976,0.2195,21.5000,2.2500,,
2024-07-15T00:09:00+00:00,2024-07-15T07:39:00+00:00,short,-204.720000,ifvg,0.0,1.0,0,13.2500,2024-07-14T23:59:00+00:00,0.2500
2024-07-15T14:34:00+00:00,2024-07-15T15:04:00+00:00,long,152.2700000,orb,1.44,1.4,18.0000,17.5000,,
2024-07-16T09:14:00+00:00,2024-07-16T10:34:00+00:00,short,-206.940000,ifvg,0.3462,1.1154,2.2500,7.2500,2024-07-16T09:04:00+00:00,1.2500
2024-07-16T14:04:00+00:00,2024-07-16T14:44:00+00:00,short,-174.720000,orb,0.3556,1.0,4.0000,11.2500,,
2024-07-17T03:34:00+00:00,2024-07-17T03:44:00+00:00,long,-246.330000,ifvg,0.0,1.3,0,3.2500,2024-07-17T03:14:00+00:00,0.2500
2024-07-17T12:44:00+00:00,2024-07-17T13:54:00+00:00,short,-103.980000,ifvg,0.4925,0.7015,8.2500,11.7500,2024-07-17T12:19:00+00:00,1.7500
2024-07-17T13:54:00+00:00,2024-07-17T14:09:00+00:00,long,-161.480000,orb,0.0794,1.4921,1.2500,23.5000,,
2024-07-17T14:14:00+00:00,2024-07-17T20:09:00+00:00,short,191.020000,ifvg,1.4242,0.3636,23.5000,6.0000,2024-07-17T13:39:00+00:00,6.0000
2024-07-18T03:54:00+00:00,2024-07-18T06:39:00+00:00,long,121.5300000,ifvg,2.4545,1.0909,13.5000,6.0000,2024-07-18T03:39:00+00:00,2.5000
2024-07-18T08:39:00+00:00,2024-07-18T10:04:00+00:00,long,-185.970000,ifvg,0.2083,1.125,2.5000,13.5000,2024-07-18T07:34:00+00:00,3.7500
2024-07-18T13:54:00+00:00,2024-07-18T13:59:00+00:00,short,-167.220000,orb,0.0,1.0233,0,11.0000,,
2024-07-18T14:59:00+00:00,2024-07-18T15:09:00+00:00,long,-217.960000,ifvg,0.2381,1.0714,2.5000,11.2500,2024-07-18T14:49:00+00:00,0.2500
2024-07-19T00:19:00+00:00,2024-07-19T06:09:00+00:00,long,141.8100000,ifvg,1.6923,0.4615,5.5000,1.5000,2024-07-19T00:09:00+00:00,0.2500
2024-07-19T13:44:00+00:00,2024-07-19T14:29:00+00:00,long,-153.980000,ifvg,0.4167,1.3167,6.2500,19.7500,2024-07-19T13:29:00+00:00,2.5000
2024-07-19T16:29:00+00:00,2024-07-19T19:09:00+00:00,short,59.260000,ifvg,0.617,0.0496,21.7500,1.7500,2024-07-19T16:04:00+00:00,7.0000
2024-07-19T19:14:00+00:00,2024-07-19T20:09:00+00:00,long,-78.240000,ifvg,0.2247,0.809,5.0000,18.0000,2024-07-19T16:39:00+00:00,2.5000
2024-07-22T13:49:00+00:00,2024-07-22T14:04:00+00:00,long,-208.980000,orb,0.0122,1.1829,0.2500,24.2500,,
2024-07-22T15:14:00+00:00,2024-07-22T15:34:00+00:00,short,104.2600000,ifvg,1.7143,0.1964,24.0000,2.7500,2024-07-22T14:39:00+00:00,2.0000
2024-07-23T13:49:00+00:00,2024-07-23T13:59:00+00:00,long,-31.480000,orb,0.0303,0.5455,0.5000,9.0000,,
2024-07-23T13:59:00+00:00,2024-07-23T14:24:00+00:00,short,-177.960000,ifvg,0.3235,1.0882,2.7500,9.2500,2024-07-23T13:49:00+00:00,0.5000
2024-07-23T15:19:00+00:00,2024-07-23T16:24:00+00:00,long,-181.480000,ifvg,0.0282,1.0423,0.5000,18.5000,2024-07-23T14:44:00+00:00,0.7500
2024-07-24T11:24:00+00:00,2024-07-24T11:49:00+00:00,long,-215.180000,ifvg,0.3043,1.0,1.7500,5.7500,2024-07-24T11:09:00+00:00,1.0000
2024-07-24T13:49:00+00:00,2024-07-24T14:14:00+00:00,short,109.8850000,orb,2.0169,0.0678,29.7500,1.0000,,
2024-07-25T09:19:00+00:00,2024-07-25T10:19:00+00:00,short,81.7600000,ifvg,1.5227,0.1591,16.7500,1.7500,2024-07-25T08:59:00+00:00,1.0000
2024-07-25T13:59:00+00:00,2024-07-25T14:24:00+00:00,short,-31.480000,orb,1.3714,0.1857,24.0000,3.2500,,
2024-07-25T14:24:00+00:00,2024-07-25T14:49:00+00:00,long,152.2700000,ifvg,2.6341,0.439,27.0000,4.5000,2024-07-25T14:14:00+00:00,1.2500
2024-07-26T06:14:00+00:00,2024-07-26T08:14:00+00:00,long,111.0200000,ifvg,2.8667,0.7667,21.5000,5.7500,2024-07-26T05:49:00+00:00,2.2500
2024-07-26T14:04:00+00:00,2024-07-26T14:39:00+00:00,long,-121.480000,orb,0.75,0.9167,13.5000,16.5000,,
2024-07-26T14:39:00+00:00,2024-07-26T15:04:00+00:00,short,-163.980000,ifvg,0.1094,1.1094,1.7500,17.7500,2024-07-26T14:29:00+00:00,4.2500
2024-07-29T11:49:00+00:00,2024-07-29T12:34:00+00:00,short,-212.960000,ifvg,0.6875,2.4375,2.7500,9.7500,2024-07-29T11:39:00+00:00,0.2500
2024-07-29T13:59:00+00:00,2024-07-29T14:34:00+00:00,long,-196.480000,orb,0.2078,1.1558,4.0000,22.2500,,
2024-07-29T17:34:00+00:00,2024-07-29T20:09:00+00:00,short,51.020000,ifvg,0.5818,0.6,8.0000,8.2500,2024-07-29T16:09:00+00:00,1.2500
2024-07-30T06:54:00+00:00,2024-07-30T13:19:00+00:00,long,133.5200000,ifvg,2.75,0.1111,24.7500,1.0000,2024-07-30T06:44:00+00:00,1.0000
2024-07-30T14:04:00+00:00,2024-07-30T15:04:00+00:00,short,153.0100000,orb,2.0122,0.4512,41.2500,9.2500,,
2024-07-31T13:39:00+00:00,2024-07-31T14:09:00+00:00,short,-170.970000,ifvg,0.8182,1.1136,9.0000,12.2500,2024-07-31T12:49:00+00:00,2.5000
2024-07-31T17:59:00+00:00,2024-07-31T18:49:00+00:00,long,147.3850000,ifvg,1.6456,0.4557,32.5000,9.0000,2024-07-31T17:34:00+00:00,1.7500
2024-08-01T06:09:00+00:00,2024-08-01T06:34:00+00:00,short,-209.160000,ifvg,0.3529,1.1176,1.5000,4.7500,2024-08-01T05:59:00+00:00,0.2500
2024-08-01T07:14:00+00:00,2024-08-01T07:34:00+00:00,long,-199.440000,ifvg,0.4,1.0,2.5000,6.2500,2024-08-01T07:04:00+00:00,0.5000
2024-08-01T13:39:00+00:00,2024-08-01T14:09:00+00:00,long,-212.220000,ifvg,0.9636,1.1091,13.2500,15.2500,2024-08-01T13:14:00+00:00,2.7500
2024-08-01T14:09:00+00:00,2024-08-01T15:04:00+00:00,short,261.7600000,orb,2.2952,0.2857,60.2500,7.5000,,
2024-08-02T10:39:00+00:00,2024-08-02T12:34:00+00:00,short,138.0100000,ifvg,1.7703,1.1757,32.7500,21.7500,2024-08-02T10:29:00+00:00,2.2500
2024-08-02T12:39:00+00:00,2024-08-02T12:54:00+00:00,short,-188.980000,ifvg,0.1757,1.2568,3.2500,23.2500,2024-08-02T12:09:00+00:00,2.7500
2024-08-02T16:59:00+00:00,2024-08-02T19:34:00+00:00,short,-168.980000,ifvg,1.0152,1.0758,16.7500,17.7500,2024-08-02T16:24:00+00:00,2.2500
2024-08-05T00:34:00+00:00,2024-08-05T01:04:00+00:00,long,-143.980000,ifvg,0.1964,1.6429,2.7500,23.0000,2024-08-05T00:24:00+00:00,1.0000
2024-08-05T02:49:00+00:00,2024-08-05T05:14:00+00:00,short,119.2600000,ifvg,2.7656,0.4531,44.2500,7.2500,2024-08-05T02:29:00+00:00,5.5000
2024-08-05T13:49:00+00:00,2024-08-05T20:09:00+00:00,long,149.260000,orb,0.9668,0.369,65.5000,25.0000,,
2024-08-06T05:34:00+00:00,2024-08-06T06:49:00+00:00,long,-181.480000,ifvg,0.0704,1.3662,1.2500,24.2500,2024-08-06T05:14:00+00:00,6.7500
2024-08-06T08:29:00+00:00,2024-08-06T09:04:00+00:00,long,-167.220000,ifvg,0.6279,2.3488,6.7500,25.2500,2024-08-06T08:19:00+00:00,2.0000
2024-08-06T09:09:00+00:00,2024-08-06T13:54:00+00:00,short,-86.990000,ifvg,0.4095,0.6238,21.5000,32.7500,2024-08-05T22:04:00+00:00,8.2500
2024-08-06T18:24:00+00:00,2024-08-06T18:34:00+00:00,long,379.2600000,ifvg,0.3982,1.0885,11.2500,30.7500,2024-08-06T18:09:00+00:00,0.5000
2024-08-06T19:29:00+00:00,2024-08-06T19:54:00+00:00,long,-129.490000,ifvg,0.1176,1.402,3.0000,35.7500,2024-08-06T19:09:00+00:00,10.7500
2024-08-07T00:14:00+00:00,2024-08-07T01:39:00+00:00,long,109.8850000,ifvg,2.5254,0.2712,37.2500,4.0000,2024-08-06T23:24:00+00:00,0.7500
2024-08-07T07:14:00+00:00,2024-08-07T09:14:00+00:00,long,130.5100000,ifvg,2.7286,0.9714,47.7500,17.0000,2024-08-07T06:19:00+00:00,1.5000
2024-08-07T13:54:00+00:00,2024-08-07T15:44:00+00:00,long,-114.490000,orb,0.5889,1.0,13.2500,22.5000,,
2024-08-07T17:29:00+00:00,2024-08-07T17:54:00+00:00,long,-166.480000,ifvg,0.8154,1.1846,13.2500,19.2500,2024-08-07T17:19:00+00:00,3.5000
2024-08-07T19:09:00+00:00,2024-08-07T19:59:00+00:00,long,-139.490000,ifvg,0.3,1.1818,8.2500,32.5000,2024-08-07T18:14:00+00:00,2.2500
2024-08-08T06:24:00+00:00,2024-08-08T07:04:00+00:00,long,-153.980000,ifvg,0.0333,1.1667,0.5000,17.5000,2024-08-08T05:44:00+00:00,1.5000
2024-08-08T13:49:00+00:00,2024-08-08T13:54:00+00:00,short,-105.740000,orb,0.2289,1.0723,4.7500,22.2500,,
2024-08-08T15:29:00+00:00,2024-08-08T19:34:00+00:00,long,140.510000,ifvg,0.5816,0.2092,34.7500,12.5000,2024-08-08T15:19:00+00:00,6.2500
2024-08-08T23:29:00+00:00,2024-08-09T00:44:00+00:00,short,133.5200000,ifvg,1.6111,0.9444,14.5000,8.5000,2024-08-08T23:14:00+00:00,0.7500
2024-08-09T07:09:00+00:00,2024-08-09T08:04:00+00:00,short,-202.960000,ifvg,0.5897,1.1795,5.7500,11.5000,2024-08-09T06:44:00+00:00,1.5000
2024-08-09T13:49:00+00:00,2024-08-09T14:14:00+00:00,short,-126.990000,orb,0.04,1.28,1.0000,32.0000,,
2024-08-11T22:19:00+00:00,2024-08-11T23:04:00+00:00,short,-178.470000,ifvg,0.4783,1.0,5.5000,11.5000,2024-08-11T22:09:00+00:00,4.2500
2024-08-12T00:09:00+00:00,2024-08-12T02:34:00+00:00,short,-177.960000,ifvg,0.5294,1.0588,4.5000,9.0000,2024-08-11T23:54:00+00:00,1.5000
2024-08-12T06:14:00+00:00,2024-08-12T07:09:00+00:00,short,-206.430000,ifvg,0.4091,1.0455,2.2500,5.7500,2024-08-12T04:39:00+00:00,0.2500
2024-08-12T13:49:00+00:00,2024-08-12T14:14:00+00:00,short,-121.990000,orb,0.1626,0.7967,5.0000,24.5000,,
2024-08-12T14:14:00+00:00,2024-08-12T20:09:00+00:00,long,-34.490000,ifvg,0.8876,0.9326,19.7500,20.7500,2024-08-12T13:49:00+00:00,7.5000
2024-08-13T01:14:00+00:00,2024-08-13T03:04:00+00:00,short,-191.200000,ifvg,0.0345,1.2759,0.2500,9.2500,2024-08-13T00:59:00+00:00,1.5000
2024-08-13T13:49:00+00:00,2024-08-13T14:34:00+00:00,long,-178.980000,orb,0.2143,1.0143,3.7500,17.7500,,
2024-08-14T14:14:00+00:00,2024-08-14T15:34:00+00:00,short,-105.740000,orb,0.506,1.3614,10.5000,28.2500,,
2024-08-14T16:59:00+00:00,2024-08-14T20:09:00+00:00,long,65.510000,ifvg,0.5849,0.2453,15.5000,6.5000,2024-08-14T16:49:00+00:00,2.0000
2024-08-15T06:44:00+00:00,2024-08-15T08:34:00+00:00,long,-184.440000,ifvg,1.0,1.3478,5.7500,7.7500,2024-08-15T06:29:00+00:00,2.5000
2024-08-15T11:24:00+00:00,2024-08-15T12:34:00+00:00,long,94.8850000,ifvg,2.5686,0.3137,32.7500,4.0000,2024-08-15T10:24:00+00:00,1.2500
2024-08-15T14:29:00+00:00,2024-08-15T16:24:00+00:00,long,111.7600000,orb,1.9833,0.05,29.7500,0.7500,,
2024-08-16T18:24:00+00:00,2024-08-16T20:09:00+00:00,long,143.520000,ifvg,0.4912,0.3509,7.0000,5.0000,2024-08-16T18:14:00+00:00,0.2500
2024-08-19T13:39:00+00:00,2024-08-19T14:19:00+00:00,long,-197.960000,ifvg,0.7895,1.1579,7.5000,11.0000,2024-08-19T13:29:00+00:00,1.0000
2024-08-19T14:24:00+00:00,2024-08-19T14:29:00+00:00,short,-153.980000,ifvg,0.0833,1.1833,1.2500,17.7500,2024-08-19T11:14:00+00:00,0.2500
2024-08-20T13:49:00+00:00,2024-08-20T13:54:00+00:00,long,132.0400000,orb,0.6512,1.0698,7.0000,11.5000,,
2024-08-20T14:19:00+00:00,2024-08-20T17:04:00+00:00,short,81.7600000,ifvg,1.5455,0.3864,17.0000,4.2500,2024-08-20T13:49:00+00:00,0.2500
2024-08-20T17:14:00+00:00,2024-08-20T18:19:00+00:00,long,137.2700000,ifvg,1.8919,0.3514,17.5000,3.2500,2024-08-20T17:04:00+00:00,0.7500
2024-08-21T09:14:00+00:00,2024-08-21T09:34:00+00:00,long,-220.870000,ifvg,0.0833,1.0,0.2500,3.0000,2024-08-21T09:04:00+00:00,1.0000
2024-08-21T13:59:00+00:00,2024-08-21T14:14:00+00:00,long,-202.960000,orb,0.5385,1.1538,5.2500,11.2500,,
2024-08-21T14:59:00+00:00,2024-08-21T18:04:00+00:00,short,-186.480000,ifvg,0.6849,1.0822,12.5000,19.7500,2024-08-21T14:44:00+00:00,8.5000
2024-08-21T18:44:00+00:00,2024-08-21T20:09:00+00:00,short,42.780000,ifvg,1.45,0.4,14.5000,4.0000,2024-08-21T18:34:00+00:00,4.2500
2024-08-22T13:49:00+00:00,2024-08-22T14:14:00+00:00,short,76.1350000,orb,2.561,0.8049,26.2500,8.2500,,
2024-08-23T13:59:00+00:00,2024-08-23T14:04:00+00:00,long,133.5200000,orb,2.5789,0.0,24.5000,0,,
2024-08-26T08:29:00+00:00,2024-08-26T11:49:00+00:00,short,139.5400000,ifvg,1.8947,0.6316,9.0000,3.0000,2024-08-26T08:14:00+00:00,0.7500
2024-08-26T11:59:00+00:00,2024-08-26T13:54:00+00:00,long,-53.700000,ifvg,1.2667,0.6,9.5000,4.5000,2024-08-26T11:49:00+00:00,2.7500
2024-08-26T13:54:00+00:00,2024-08-26T14:34:00+00:00,short,83.6350000,orb,2.3556,0.3778,26.5000,4.2500,,
2024-08-27T11:14:00+00:00,2024-08-27T12:24:00+00:00,long,-184.950000,ifvg,0.8571,1.0,6.0000,7.0000,2024-08-27T10:59:00+00:00,2.0000
2024-08-27T13:59:00+00:00,2024-08-27T20:09:00+00:00,long,151.020000,ifvg,1.2899,0.1739,22.2500,3.0000,2024-08-27T12:44:00+00:00,1.5000
2024-08-27T23:29:00+00:00,2024-08-28T04:34:00+00:00,short,-182.220000,ifvg,0.0638,1.0213,0.7500,12.0000,2024-08-27T23:14:00+00:00,1.2500
2024-08-28T12:24:00+00:00,2024-08-28T13:19:00+00:00,long,-218.880000,ifvg,1.2308,1.0769,4.0000,3.5000,2024-08-28T12:14:00+00:00,0.5000
2024-08-28T14:44:00+00:00,2024-08-28T15:19:00+00:00,short,108.0100000,orb,2.3276,0.0862,33.7500,1.2500,,
2024-08-28T17:19:00+00:00,2024-08-28T20:09:00+00:00,short,4.260000,ifvg,1.2174,0.6957,28.0000,16.0000,2024-08-28T16:59:00+00:00,2.7500
2024-08-29T08:29:00+00:00,2024-08-29T08:59:00+00:00,short,-199.440000,ifvg,0.04,1.24,0.2500,7.7500,2024-08-29T08:19:00+00:00,1.5000
2024-08-29T13:59:00+00:00,2024-08-29T16:14:00+00:00,long,113.6350000,orb,1.6557,0.6885,25.2500,10.5000,,
2024-08-30T00:34:00+00:00,2024-08-30T06:44:00+00:00,long,158.800000,ifvg,1.0667,0.4,8.0000,3.0000,2024-08-30T00:09:00+00:00,2.5000
2024-08-30T06:44:00+00:00,2024-08-30T07:34:00+00:00,short,-228.140000,ifvg,1.0,1.4667,3.7500,5.5000,2024-08-30T06:14:00+00:00,0.5000
2024-08-30T10:49:00+00:00,2024-08-30T10:59:00+00:00,long,146.3000000,ifvg,1.6875,0.4375,6.7500,1.7500,2024-08-30T10:39:00+00:00,1.0000
2024-08-30T14:04:00+00:00,2024-08-30T14:59:00+00:00,long,-153.980000,orb,0.1167,1.4167,1.7500,21.2500,,
2024-09-02T06:04:00+00:00,2024-09-02T06:49:00+00:00,short,127.5500000,ifvg,2.5,0.0714,8.7500,0.2500,2024-09-02T05:34:00+00:00,0.5000
2024-09-02T14:14:00+00:00,2024-09-02T14:34:00+00:00,short,-219.900000,orb,0.1667,0.9667,1.2500,7.2500,,
2024-09-02T14:34:00+00:00,2024-09-02T22:04:00+00:00,long,139.5400000,ifvg,1.9474,0.2632,9.2500,1.2500,2024-09-02T14:14:00+00:00,0.5000
2024-09-02T22:04:00+00:00,2024-09-02T22:39:00+00:00,long,-7.960000,ifvg,0.0286,1.0,0.2500,8.7500,2024-09-02T16:54:00+00:00,0.7500
2024-09-03T11:24:00+00:00,2024-09-03T13:04:00+00:00,long,-49.440000,ifvg,0.88,0.72,5.5000,4.5000,2024-09-03T11:14:00+00:00,0.5000
2024-09-03T13:04:00+00:00,2024-09-03T13:34:00+00:00,short,139.5400000,ifvg,1.8421,0.6842,8.7500,3.2500,2024-09-03T12:44:00+00:00,0.5000
2024-09-03T17:39:00+00:00,2024-09-03T18:04:00+00:00,short,241.7600000,ifvg,2.6883,0.013,51.7500,0.2500,2024-09-03T17:29:00+00:00,3.5000
2024-09-04T00:09:00+00:00,2024-09-04T00:39:00+00:00,long,-182.960000,ifvg,0.0,1.9143,0,16.7500,2024-09-03T23:34:00+00:00,1.0000
2024-09-04T07:14:00+00:00,2024-09-04T08:44:00+00:00,long,12.040000,ifvg,1.1143,0.8286,9.7500,7.2500,2024-09-04T06:59:00+00:00,2.7500
2024-09-04T08:44:00+00:00,2024-09-04T09:39:00+00:00,short,-191.200000,ifvg,0.0,1.0345,0,7.5000,2024-09-04T08:34:00+00:00,0.2500
2024-09-04T13:59:00+00:00,2024-09-04T14:04:00+00:00,long,-125.740000,orb,0.0101,1.0,0.2500,24.7500,,
2024-09-04T16:49:00+00:00,2024-09-04T20:09:00+00:00,short,73.010000,ifvg,1.2048,0.2651,25.0000,5.5000,2024-09-04T16:39:00+00:00,2.7500
2024-09-05T03:14:00+00:00,2024-09-05T05:19:00+00:00,short,-34.950000,ifvg,0.5455,0.3636,4.5000,3.0000,2024-09-05T02:29:00+00:00,1.5000
2024-09-05T05:19:00+00:00,2024-09-05T06:24:00+00:00,long,-209.160000,ifvg,1.2941,1.0,5.5000,4.2500,2024-09-05T05:09:00+00:00,1.0000
2024-09-05T07:14:00+00:00,2024-09-05T09:29:00+00:00,long,-207.960000,ifvg,0.6,1.05,6.0000,10.5000,2024-09-05T06:24:00+00:00,1.5000
2024-09-05T14:04:00+00:00,2024-09-05T14:19:00+00:00,long,-40.740000,orb,0.2268,0.6289,5.5000,15.2500,,
2024-09-05T14:19:00+00:00,2024-09-05T15:04:00+00:00,short,121.1350000,ifvg,2.7538,0.9385,44.7500,15.2500,2024-09-05T14:09:00+00:00,6.0000
2024-09-06T05:54:00+00:00,2024-09-06T06:09:00+00:00,long,-215.180000,ifvg,0.087,1.3043,0.5000,7.5000,2024-09-06T05:44:00+00:00,1.0000
2024-09-06T10:54:00+00:00,2024-09-06T12:34:00+00:00,long,76.1350000,ifvg,3.6829,0.7073,37.7500,7.2500,2024-09-06T10:44:00+00:00,0.7500
2024-09-06T12:54:00+00:00,2024-09-06T13:54:00+00:00,long,-60.740000,ifvg,0.4392,0.2593,20.7500,12.2500,2024-09-05T20:24:00+00:00,1.5000
2024-09-06T13:54:00+00:00,2024-09-06T14:54:00+00:00,short,324.2600000,orb,2.0154,0.2,65.5000,6.5000,,
2024-09-09T11:39:00+00:00,2024-09-09T12:29:00+00:00,short,132.7800000,ifvg,1.5417,0.5,9.2500,3.0000,2024-09-09T11:19:00+00:00,0.2500
2024-09-09T13:59:00+00:00,2024-09-09T14:34:00+00:00,long,-185.970000,orb,0.8958,1.1875,10.7500,14.2500,,
2024-09-10T10:34:00+00:00,2024-09-10T14:14:00+00:00,long,-91.480000,ifvg,1.3393,0.7857,18.7500,11.0000,2024-09-10T10:19:00+00:00,3.5000
2024-09-10T14:14:00+00:00,2024-09-10T14:34:00+00:00,short,-29.490000,orb,0.1182,0.5091,3.2500,14.0000,,
2024-09-10T14:34:00+00:00,2024-09-10T15:54:00+00:00,long,-146.480000,ifvg,0.8947,1.1053,12.7500,15.7500,2024-09-10T14:19:00+00:00,4.2500
2024-09-11T09:29:00+00:00,2024-09-11T11:39:00+00:00,short,-193.470000,ifvg,0.02,1.18,0.2500,14.7500,2024-09-11T09:14:00+00:00,1.5000
2024-09-11T13:09:00+00:00,2024-09-11T13:39:00+00:00,long,-129.490000,ifvg,0.2283,0.8346,7.2500,26.5000,2024-09-10T23:54:00+00:00,1.0000
2024-09-11T13:49:00+00:00,2024-09-11T14:04:00+00:00,short,81.7600000,orb,1.6058,1.0511,55.0000,36.0000,,
2024-09-12T01:24:00+00:00,2024-09-12T03:54:00+00:00,long,147.0400000,ifvg,2.6,0.3,13.0000,1.5000,2024-09-12T00:59:00+00:00,0.7500
2024-09-12T07:34:00+00:00,2024-09-12T07:59:00+00:00,long,-191.200000,ifvg,0.069,1.1724,0.5000,8.5000,2024-09-12T06:24:00+00:00,1.7500
2024-09-12T13:49:00+00:00,2024-09-12T14:14:00+00:00,short,-108.240000,orb,0.2235,1.1059,4.7500,23.5000,,
2024-09-12T23:59:00+00:00,2024-09-13T00:34:00+00:00,short,-207.400000,ifvg,0.3333,1.0667,1.2500,4.0000,2024-09-12T23:49:00+00:00,0.2500
2024-09-13T06:04:00+00:00,2024-09-13T07:29:00+00:00,short,-177.960000,ifvg,0.2941,1.2353,2.5000,10.5000,2024-09-13T05:14:00+00:00,1.7500
2024-09-13T13:49:00+00:00,2024-09-13T20:09:00+00:00,long,63.520000,orb,1.1324,0.7206,19.2500,12.2500,,
2024-09-15T22:09:00+00:00,2024-09-16T13:39:00+00:00,long,-167.960000,ifvg,1.125,1.3125,9.0000,10.5000,2024-09-13T20:54:00+00:00,0.5000
2024-09-16T13:54:00+00:00,2024-09-16T14:04:00+00:00,long,-191.200000,ifvg,0.1724,1.5862,1.2500,11.5000,2024-09-16T13:39:00+00:00,2.2500
2024-09-17T03:39:00+00:00,2024-09-17T05:04:00+00:00,long,136.9250000,ifvg,2.5333,0.2667,9.5000,1.0000,2024-09-17T03:24:00+00:00,1.2500
2024-09-17T13:54:00+00:00,2024-09-17T14:09:00+00:00,short,-204.720000,orb,0.0,1.4151,0,18.7500,,
2024-09-18T04:14:00+00:00,2024-09-18T04:59:00+00:00,long,-220.360000,ifvg,0.5455,1.2727,1.5000,3.5000,2024-09-18T04:04:00+00:00,0.5000
2024-09-18T12:29:00+00:00,2024-09-18T13:34:00+00:00,long,-191.940000,ifvg,1.0,1.5,6.0000,9.0000,2024-09-18T12:09:00+00:00,0.5000
2024-09-18T14:19:00+00:00,2024-09-18T16:19:00+00:00,short,-3.980000,orb,0.8136,0.5763,12.0000,8.5000,,
2024-09-18T16:19:00+00:00,2024-09-18T17:34:00+00:00,long,122.2700000,ifvg,2.1212,0.0606,17.5000,0.5000,2024-09-18T15:54:00+00:00,0.7500
2024-09-18T17:44:00+00:00,2024-09-18T18:04:00+00:00,short,126.0200000,ifvg,2.3235,6.0,19.7500,51.0000,2024-09-18T17:34:00+00:00,1.5000
2024-09-18T19:19:00+00:00,2024-09-18T19:24:00+00:00,long,-115.740000,ifvg,0.033,1.1868,0.7500,27.0000,2024-09-18T19:09:00+00:00,9.2500
2024-09-19T13:39:00+00:00,2024-09-19T13:54:00+00:00,short,137.2700000,ifvg,1.9459,0.5676,18.0000,5.2500,2024-09-19T13:19:00+00:00,3.0000
2024-09-19T13:54:00+00:00,2024-09-19T14:04:00+00:00,short,-3.980000,orb,0.0,0.6939,0,17.0000,,
2024-09-19T16:09:00+00:00,2024-09-19T17:44:00+00:00,long,113.6350000,ifvg,0.5676,0.3694,15.7500,10.2500,2024-09-19T15:59:00+00:00,1.2500
2024-09-20T13:49:00+00:00,2024-09-20T13:59:00+00:00,short,111.0200000,orb,2.0526,0.5789,19.5000,5.5000,,
2024-09-20T18:59:00+00:00,2024-09-20T19:39:00+00:00,long,141.0200000,ifvg,1.8947,0.4474,18.0000,4.2500,2024-09-20T18:29:00+00:00,1.0000
2024-09-23T13:19:00+00:00,2024-09-23T14:04:00+00:00,short,-215.180000,ifvg,1.2174,1.0,7.0000,5.7500,2024-09-23T13:04:00+00:00,1.2500
2024-09-23T15:29:00+00:00,2024-09-23T16:14:00+00:00,long,-170.970000,ifvg,0.2963,1.0741,4.0000,14.5000,2024-09-23T15:09:00+00:00,2.0000
2024-09-24T01:09:00+00:00,2024-09-24T01:49:00+00:00,long,-184.440000,ifvg,0.6087,1.0,3.5000,5.7500,2024-09-24T00:44:00+00:00,2.0000
2024-09-24T11:04:00+00:00,2024-09-24T11:39:00+00:00,short,-170.970000,ifvg,0.3125,0.9375,3.7500,11.2500,2024-09-24T07:54:00+00:00,1.7500
2024-09-24T11:39:00+00:00,2024-09-24T13:54:00+00:00,long,-148.470000,ifvg,0.2917,0.9167,3.5000,11.0000,2024-09-24T11:09:00+00:00,5.5000
2024-09-24T13:54:00+00:00,2024-09-24T14:04:00+00:00,short,78.0100000,orb,1.881,0.1667,19.7500,1.7500,,
2024-09-25T09:39:00+00:00,2024-09-25T14:09:00+00:00,long,137.2700000,ifvg,1.5676,0.2432,14.5000,2.2500,2024-09-25T09:24:00+00:00,1.2500
2024-09-25T14:49:00+00:00,2024-09-25T17:04:00+00:00,short,81.7600000,orb,1.7045,0.6136,18.7500,6.7500,,
2024-09-26T14:09:00+00:00,2024-09-26T14:44:00+00:00,short,167.040000,orb,0.338,0.2817,6.0000,5.0000,,
2024-09-26T14:49:00+00:00,2024-09-26T14:54:00+00:00,long,-203.700000,ifvg,0.0323,1.0968,0.2500,8.5000,2024-09-26T14:29:00+00:00,1.7500
2024-09-26T16:09:00+00:00,2024-09-26T17:34:00+00:00,short,20.510000,ifvg,0.8043,0.087,18.5000,2.0000,2024-09-26T15:59:00+00:00,0.7500
2024-09-26T17:34:00+00:00,2024-09-26T19:59:00+00:00,long,74.2600000,ifvg,1.575,0.125,15.7500,1.2500,2024-09-26T17:24:00+00:00,1.5000
2024-09-27T14:24:00+00:00,2024-09-27T14:39:00+00:00,long,5.280000,orb,0.4634,0.5366,4.7500,5.5000,,
2024-09-27T14:39:00+00:00,2024-09-27T15:54:00+00:00,short,133.5200000,ifvg,2.5556,0.1389,23.0000,1.2500,2024-09-27T14:29:00+00:00,3.0000
2024-09-30T15:04:00+00:00,2024-09-30T18:14:00+00:00,long,-193.470000,orb,0.48,1.02,6.0000,12.7500,,
2024-09-30T18:44:00+00:00,2024-09-30T20:09:00+00:00,long,119.260000,ifvg,1.4848,0.3333,36.7500,8.2500,2024-09-30T18:24:00+00:00,9.0000
2024-10-01T00:24:00+00:00,2024-10-01T00:49:00+00:00,short,-215.180000,ifvg,0.0435,1.3913,0.2500,8.0000,2024-09-30T23:59:00+00:00,0.5000
2024-10-01T13:49:00+00:00,2024-10-01T15:34:00+00:00,short,41.760000,orb,0.7529,0.2586,32.7500,11.2500,,
2024-10-01T15:34:00+00:00,2024-10-01T16:49:00+00:00,long,-171.480000,ifvg,0.7463,1.0896,12.5000,18.2500,2024-10-01T15:14:00+00:00,10.5000
2024-10-02T06:04:00+00:00,2024-10-02T06:54:00+00:00,long,25.560000,ifvg,0.7826,0.8696,4.5000,5.0000,2024-10-02T05:54:00+00:00,0.2500
2024-10-02T06:54:00+00:00,2024-10-02T10:24:00+00:00,short,33.520000,ifvg,0.7377,0.6721,11.2500,10.2500,2024-10-02T06:44:00+00:00,2.7500
2024-10-02T10:24:00+00:00,2024-10-02T10:54:00+00:00,long,138.4050000,ifvg,1.64,0.32,10.2500,2.0000,2024-10-02T10:09:00+00:00,2.0000
2024-10-02T11:14:00+00:00,2024-10-02T13:39:00+00:00,short,79.8850000,ifvg,2.2558,0.8837,24.2500,9.5000,2024-10-02T10:39:00+00:00,2.7500
2024-10-02T14:14:00+00:00,2024-10-02T14:49:00+00:00,long,106.1350000,orb,0.7593,0.2222,20.5000,6.0000,,
2024-10-03T03:19:00+00:00,2024-10-03T03:39:00+00:00,long,-215.920000,ifvg,0.1,1.35,0.5000,6.7500,2024-10-03T02:59:00+00:00,1.2500
2024-10-03T05:49:00+00:00,2024-10-03T06:14:00+00:00,short,-41.200000,ifvg,0.1333,0.5,1.0000,3.7500,2024-10-03T05:39:00+00:00,0.7500
2024-10-03T06:49:00+00:00,2024-10-03T07:14:00+00:00,long,-195.920000,ifvg,0.45,1.4,2.2500,7.0000,2024-10-03T05:49:00+00:00,1.5000
2024-10-03T07:19:00+00:00,2024-10-03T07:34:00+00:00,short,138.4050000,ifvg,2.4,0.6,15.0000,3.7500,2024-10-03T06:49:00+00:00,2.2500
2024-10-03T10:29:00+00:00,2024-10-03T14:04:00+00:00,long,85.5100000,ifvg,2.3913,0.3043,27.5000,3.5000,2024-10-03T10:19:00+00:00,0.2500
2024-10-03T14:09:00+00:00,2024-10-03T14:14:00+00:00,long,-108.240000,ifvg,0.1059,1.1294,2.2500,24.0000,2024-10-03T01:14:00+00:00,1.2500
2024-10-03T16:49:00+00:00,2024-10-03T19:59:00+00:00,short,-178.980000,ifvg,0.6286,1.0,11.0000,17.5000,2024-10-03T15:39:00+00:00,0.2500
2024-10-04T07:19:00+00:00,2024-10-04T08:14:00+00:00,long,-34.950000,ifvg,0.7097,0.3871,5.5000,3.0000,2024-10-04T06:59:00+00:00,0.7500
2024-10-04T08:14:00+00:00,2024-10-04T08:24:00+00:00,short,-207.400000,ifvg,0.2,1.1333,0.7500,4.2500,2024-10-04T07:59:00+00:00,0.2500
2024-10-04T10:54:00+00:00,2024-10-04T11:04:00+00:00,short,-214.390000,ifvg,0.3571,1.0714,1.2500,3.7500,2024-10-04T10:44:00+00:00,0.2500
2024-10-04T13:54:00+00:00,2024-10-04T14:14:00+00:00,short,117.3850000,orb,2.0317,0.1587,32.0000,2.5000,,
2024-10-04T16:14:00+00:00,2024-10-04T16:44:00+00:00,short,-78.240000,ifvg,0.1731,0.6442,4.5000,16.7500,2024-10-04T16:04:00+00:00,3.7500
2024-10-04T16:44:00+00:00,2024-10-04T20:09:00+00:00,long,79.260000,ifvg,0.8317,0.7129,21.0000,18.0000,2024-10-04T16:14:00+00:00,2.5000
2024-10-07T06:49:00+00:00,2024-10-07T07:09:00+00:00,long,-26.940000,ifvg,0.2609,0.7826,1.5000,4.5000,2024-10-07T06:34:00+00:00,0.2500
2024-10-07T07:09:00+00:00,2024-10-07T07:39:00+00:00,short,137.2700000,ifvg,2.5946,0.027,24.0000,0.2500,2024-10-07T06:49:00+00:00,0.5000
2024-10-07T09:39:00+00:00,2024-10-07T12:14:00+00:00,long,110.2800000,ifvg,2.55,0.6,12.7500,3.0000,2024-10-07T09:29:00+00:00,0.7500
2024-10-07T14:19:00+00:00,2024-10-07T15:04:00+00:00,long,-167.220000,orb,0.0465,1.1163,0.5000,12.0000,,
2024-10-08T01:54:00+00:00,2024-10-08T05:14:00+00:00,long,-97.960000,ifvg,0.3333,0.8182,2.7500,6.7500,2024-10-08T01:24:00+00:00,1.7500
2024-10-08T05:14:00+00:00,2024-10-08T07:14:00+00:00,short,-205.920000,ifvg,0.6842,1.3158,3.2500,6.2500,2024-10-08T04:54:00+00:00,1.2500
2024-10-08T07:14:00+00:00,2024-10-08T07:19:00+00:00,long,-207.400000,ifvg,0.0,1.6667,0,6.2500,2024-10-08T06:29:00+00:00,0.5000
2024-10-08T13:59:00+00:00,2024-10-08T18:39:00+00:00,long,94.8850000,orb,2.1569,0.2941,27.5000,3.7500,,
2024-10-09T05:09:00+00:00,2024-10-09T05:14:00+00:00,long,-220.870000,ifvg,0.0,1.0,0,3.0000,2024-10-09T04:54:00+00:00,0.5000
2024-10-09T08:24:00+00:00,2024-10-09T08:44:00+00:00,short,-139.440000,ifvg,0.1667,0.875,1.0000,5.2500,2024-10-09T08:04:00+00:00,0.5000
2024-10-09T08:44:00+00:00,2024-10-09T10:19:00+00:00,long,144.0300000,ifvg,2.6154,0.3077,17.0000,2.0000,2024-10-09T08:24:00+00:00,1.7500
2024-10-09T14:14:00+00:00,2024-10-09T15:24:00+00:00,long,94.8850000,orb,2.0392,0.2353,26.0000,3.0000,,
2024-10-10T13:49:00+00:00,2024-10-10T13:59:00+00:00,short,-138.980000,orb,0.037,1.2222,0.5000,16.5000,,
2024-10-10T17:29:00+00:00,2024-10-10T17:54:00+00:00,long,-163.470000,ifvg,0.2857,1.5714,3.0000,16.5000,2024-10-10T17:14:00+00:00,2.2500
2024-10-10T18:04:00+00:00,2024-10-10T20:09:00+00:00,long,28.520000,ifvg,0.5645,0.8226,8.7500,12.7500,2024-10-10T17:54:00+00:00,3.7500
2024-10-10T23:09:00+00:00,2024-10-11T07:19:00+00:00,long,-185.970000,ifvg,0.2292,1.1875,2.7500,14.2500,2024-10-10T22:59:00+00:00,0.5000
2024-10-11T13:54:00+00:00,2024-10-11T14:19:00+00:00,long,102.3850000,orb,2.1091,0.2182,29.0000,3.0000,,
2024-10-14T09:09:00+00:00,2024-10-14T13:34:00+00:00,long,133.5200000,ifvg,3.2222,0.25,29.0000,2.2500,2024-10-14T08:59:00+00:00,0.5000
2024-10-14T13:49:00+00:00,2024-10-14T19:59:00+00:00,long,68.010000,orb,1.0568,0.2955,23.2500,6.5000,,
2024-10-15T07:49:00+00:00,2024-10-15T08:19:00+00:00,short,136.9250000,ifvg,2.3333,0.1333,8.7500,0.5000,2024-10-15T07:39:00+00:00,0.2500
2024-10-15T10:29:00+00:00,2024-10-15T10:49:00+00:00,long,130.5600000,ifvg,2.5833,0.0833,7.7500,0.2500,2024-10-15T10:19:00+00:00,0.2500
2024-10-15T13:59:00+00:00,2024-10-15T14:34:00+00:00,short,149.6550000,orb,3.0741,0.6667,20.7500,4.5000,,
2024-10-16T07:04:00+00:00,2024-10-16T07:24:00+00:00,short,124.5400000,ifvg,2.0,0.1765,8.5000,0.7500,2024-10-16T06:54:00+00:00,0.7500
2024-10-16T14:09:00+00:00,2024-10-16T14:44:00+00:00,long,-83.980000,orb,0.5263,0.6667,7.5000,9.5000,,
2024-10-16T14:44:00+00:00,2024-10-16T15:14:00+00:00,short,-177.960000,ifvg,0.0588,1.2059,0.5000,10.2500,2024-10-16T14:29:00+00:00,3.0000
2024-10-17T11:09:00+00:00,2024-10-17T12:14:00+00:00,short,-219.900000,ifvg,0.25,1.4375,1.0000,5.7500,2024-10-17T10:59:00+00:00,1.0000
2024-10-17T14:09:00+00:00,2024-10-17T20:09:00+00:00,short,15.510000,orb,0.3008,0.6341,9.2500,19.5000,,
2024-10-18T09:24:00+00:00,2024-10-18T09:59:00+00:00,short,130.5600000,ifvg,2.0,0.4167,6.0000,1.2500,2024-10-18T09:14:00+00:00,0.2500
2024-10-18T15:29:00+00:00,2024-10-18T16:54:00+00:00,long,81.7600000,orb,0.6912,0.3529,11.7500,6.0000,,
2024-10-21T13:49:00+00:00,2024-10-21T14:34:00+00:00,long,-206.430000,orb,0.9545,1.8182,5.2500,10.0000,,
2024-10-21T14:34:00+00:00,2024-10-21T14:49:00+00:00,short,129.7700000,ifvg,3.3429,0.1429,29.2500,1.2500,2024-10-21T13:54:00+00:00,1.2500
2024-10-22T14:09:00+00:00,2024-10-22T17:44:00+00:00,long,91.1350000,orb,2.0,0.5102,24.5000,6.2500,,
2024-10-23T09:09:00+00:00,2024-10-23T09:19:00+00:00,long,-237.860000,ifvg,0.1667,1.5833,0.5000,4.7500,2024-10-23T08:54:00+00:00,1.0000
2024-10-23T14:04:00+00:00,2024-10-23T14:34:00+00:00,short,-97.960000,orb,0.7838,0.5676,7.2500,5.2500,,
2024-10-23T14:34:00+00:00,2024-10-23T14:54:00+00:00,long,-221.940000,ifvg,0.6071,1.1786,4.2500,8.2500,2024-10-23T14:24:00+00:00,0.7500
2024-10-23T15:44:00+00:00,2024-10-23T16:04:00+00:00,long,-209.160000,ifvg,0.7647,2.0,3.2500,8.5000,2024-10-23T15:34:00+00:00,0.7500
2024-10-24T03:54:00+00:00,2024-10-24T06:14:00+00:00,short,-236.100000,ifvg,1.2727,1.0909,3.5000,3.0000,2024-10-24T03:29:00+00:00,0.7500
2024-10-24T13:49:00+00:00,2024-10-24T16:14:00+00:00,short,96.7600000,orb,1.6923,0.9231,22.0000,12.0000,,
2024-10-25T07:14:00+00:00,2024-10-25T09:29:00+00:00,long,133.5200000,ifvg,2.6389,0.25,23.7500,2.2500,2024-10-25T06:44:00+00:00,0.2500
2024-10-25T13:34:00+00:00,2024-10-25T13:39:00+00:00,short,-214.390000,ifvg,0.1429,1.2857,0.5000,4.5000,2024-10-25T13:24:00+00:00,0.2500
2024-10-25T13:49:00+00:00,2024-10-25T17:14:00+00:00,long,-151.480000,orb,1.0678,1.3051,15.7500,19.2500,,
2024-10-28T03:14:00+00:00,2024-10-28T08:39:00+00:00,short,-199.440000,ifvg,1.08,1.32,6.7500,8.2500,2024-10-28T02:44:00+00:00,0.2500
2024-10-28T10:14:00+00:00,2024-10-28T11:04:00+00:00,short,146.3000000,ifvg,2.5,0.4375,10.0000,1.7500,2024-10-28T10:04:00+00:00,0.7500
2024-10-28T16:39:00+00:00,2024-10-28T20:09:00+00:00,short,102.780000,ifvg,0.2264,0.7736,3.0000,10.2500,2024-10-28T16:24:00+00:00,0.7500
2024-10-29T00:14:00+00:00,2024-10-29T00:34:00+00:00,short,-97.450000,ifvg,0.0645,0.5484,0.5000,4.2500,2024-10-29T00:04:00+00:00,0.7500
2024-10-29T00:34:00+00:00,2024-10-29T03:29:00+00:00,long,-64.440000,ifvg,0.1852,0.7778,1.2500,5.2500,2024-10-29T00:14:00+00:00,2.5000
2024-10-29T03:29:00+00:00,2024-10-29T03:54:00+00:00,short,136.9250000,ifvg,2.6,0.1333,9.7500,0.5000,2024-10-29T03:14:00+00:00,1.5000
2024-10-29T05:14:00+00:00,2024-10-29T06:34:00+00:00,short,-203.700000,ifvg,0.0645,1.0968,0.5000,8.5000,2024-10-29T04:59:00+00:00,0.2500
2024-10-29T08:34:00+00:00,2024-10-29T10:24:00+00:00,long,-191.200000,ifvg,0.7241,1.069,5.2500,7.7500,2024-10-29T08:24:00+00:00,2.0000
2024-10-29T13:39:00+00:00,2024-10-29T14:04:00+00:00,short,-191.480000,ifvg,0.08,1.16,1.5000,21.7500,2024-10-27T22:09:00+00:00,24.5000
2024-10-29T14:04:00+00:00,2024-10-29T20:09:00+00:00,long,218.520000,orb,1.2195,0.1463,25.0000,3.0000,,
2024-10-29T23:09:00+00:00,2024-10-29T23:19:00+00:00,short,-231.840000,ifvg,0.3,1.2,0.7500,3.0000,2024-10-29T22:59:00+00:00,0.2500
2024-10-30T10:54:00+00:00,2024-10-30T13:39:00+00:00,short,78.0100000,ifvg,2.7381,0.5238,28.7500,5.5000,2024-10-30T06:14:00+00:00,0.7500
2024-10-30T15:34:00+00:00,2024-10-30T19:59:00+00:00,long,-156.990000,ifvg,0.2419,1.0645,7.5000,33.0000,2024-10-30T15:14:00+00:00,0.5000
2024-10-31T13:49:00+00:00,2024-10-31T14:24:00+00:00,short,5.510000,orb,0.4731,0.3978,11.0000,9.2500,,
2024-10-31T14:24:00+00:00,2024-10-31T14:29:00+00:00,long,-212.960000,ifvg,0.0,1.4146,0,14.5000,2024-10-31T14:14:00+00:00,0.2500
2024-11-01T11:54:00+00:00,2024-11-01T12:34:00+00:00,short,141.8100000,ifvg,2.3846,2.2308,7.7500,7.2500,2024-11-01T11:44:00+00:00,0.2500
2024-11-01T13:49:00+00:00,2024-11-01T19:34:00+00:00,long,-76.990000,orb,1.1099,0.9121,25.2500,20.7500,,
2024-11-04T15:19:00+00:00,2024-11-04T16:44:00+00:00,long,-124.490000,orb,0.3367,1.0612,8.2500,26.0000,,
2024-11-05T01:49:00+00:00,2024-11-05T02:14:00+00:00,long,-209.160000,ifvg,0.5294,1.1176,2.2500,4.7500,2024-11-05T01:29:00+00:00,1.5000
2024-11-05T12:49:00+00:00,2024-11-05T13:34:00+00:00,long,141.8100000,ifvg,2.0,0.2308,6.5000,0.7500,2024-11-05T08:14:00+00:00,1.2500
2024-11-05T20:14:00+00:00,2024-11-05T21:09:00+00:00,long,144.7700000,ifvg,1.7692,0.4103,17.2500,4.0000,2024-11-05T19:59:00+00:00,3.5000
2024-11-06T07:49:00+00:00,2024-11-06T08:14:00+00:00,short,-193.470000,ifvg,0.48,1.06,6.0000,13.2500,2024-11-06T07:39:00+00:00,3.7500
2024-11-06T14:34:00+00:00,2024-11-06T14:49:00+00:00,long,-183.980000,ifvg,0.4583,1.125,8.2500,20.2500,2024-11-06T13:49:00+00:00,0.7500
2024-11-06T14:49:00+00:00,2024-11-06T17:49:00+00:00,short,-149.490000,orb,0.3644,1.0678,10.7500,31.5000,,
2024-11-07T13:39:00+00:00,2024-11-07T14:09:00+00:00,short,-199.440000,ifvg,0.56,1.08,3.5000,6.7500,2024-11-07T13:04:00+00:00,1.2500
2024-11-07T14:59:00+00:00,2024-11-07T17:34:00+00:00,long,144.7700000,orb,1.641,0.2051,16.0000,2.0000,,
2024-11-07T18:59:00+00:00,2024-11-07T19:44:00+00:00,long,-3.980000,ifvg,0.8065,1.129,6.2500,8.7500,2024-11-07T18:39:00+00:00,0.5000
2024-11-08T04:39:00+00:00,2024-11-08T05:44:00+00:00,short,-195.920000,ifvg,0.1111,1.4444,0.5000,6.5000,2024-11-08T04:24:00+00:00,0.7500
2024-11-08T14:49:00+00:00,2024-11-08T16:24:00+00:00,long,111.0200000,orb,2.3,0.5333,17.2500,4.0000,,
2024-11-11T14:49:00+00:00,2024-11-11T15:44:00+00:00,short,7.040000,orb,0.8286,0.8286,7.2500,7.2500,,
2024-11-11T15:44:00+00:00,2024-11-11T18:04:00+00:00,long,-170.970000,ifvg,0.7045,1.6591,7.7500,18.2500,2024-11-11T14:49:00+00:00,0.2500
2024-11-12T07:54:00+00:00,2024-11-12T09:14:00+00:00,long,-57.680000,ifvg,1.0,0.5455,5.5000,3.0000,2024-11-12T07:29:00+00:00,1.2500
2024-11-12T09:14:00+00:00,2024-11-12T10:09:00+00:00,short,132.0400000,ifvg,2.7778,0.6111,12.5000,2.7500,2024-11-12T08:59:00+00:00,0.7500
2024-11-12T15:04:00+00:00,2024-11-12T16:49:00+00:00,short,87.3850000,orb,1.5319,0.4043,18.0000,4.7500,,
2024-11-12T16:59:00+00:00,2024-11-12T17:59:00+00:00,long,-172.960000,ifvg,0.303,2.3636,2.5000,19.5000,2024-11-12T16:44:00+00:00,2.5000
2024-11-13T12:44:00+00:00,2024-11-13T13:34:00+00:00,short,-214.440000,ifvg,0.4444,3.8148,3.0000,25.7500,2024-11-13T12:29:00+00:00,1.7500
2024-11-13T14:49:00+00:00,2024-11-13T15:09:00+00:00,short,144.7700000,orb,1.8462,0.5641,18.0000,5.5000,,
2024-11-14T10:49:00+00:00,2024-11-14T11:54:00+00:00,short,-205.920000,ifvg,0.4737,1.0,2.2500,4.7500,2024-11-14T10:39:00+00:00,0.5000
2024-11-14T13:39:00+00:00,2024-11-14T13:44:00+00:00,short,-191.940000,ifvg,0.0,1.25,0,7.5000,2024-11-14T13:09:00+00:00,0.2500
2024-11-14T15:19:00+00:00,2024-11-14T15:34:00+00:00,short,-66.990000,orb,0.0,0.5045,0,14.0000,,
2024-11-14T15:34:00+00:00,2024-11-14T16:59:00+00:00,long,-172.960000,ifvg,0.697,1.0909,5.7500,9.0000,2024-11-14T15:24:00+00:00,1.2500
2024-11-14T19:09:00+00:00,2024-11-14T20:04:00+00:00,long,-174.720000,ifvg,0.8222,1.2,9.2500,13.5000,2024-11-14T18:59:00+00:00,3.0000
2024-11-14T20:09:00+00:00,2024-11-14T21:09:00+00:00,short,83.520000,ifvg,0.7581,0.7097,11.7500,11.0000,2024-11-14T19:09:00+00:00,4.7500
2024-11-15T05:39:00+00:00,2024-11-15T06:09:00+00:00,short,124.5400000,ifvg,3.1176,0.0,13.2500,0,2024-11-15T05:04:00+00:00,0.2500
2024-11-15T13:14:00+00:00,2024-11-15T13:34:00+00:00,short,139.5400000,ifvg,1.6842,0.9474,8.0000,4.5000,2024-11-15T12:59:00+00:00,0.5000
2024-11-15T14:59:00+00:00,2024-11-15T15:39:00+00:00,short,115.5100000,orb,2.0806,0.0645,32.2500,1.0000,,
2024-11-18T08:39:00+00:00,2024-11-18T13:24:00+00:00,short,78.0100000,ifvg,1.7619,0.1905,18.5000,2.0000,2024-11-18T08:29:00+00:00,0.5000
2024-11-18T13:49:00+00:00,2024-11-18T14:39:00+00:00,long,-11.480000,ifvg,0.3333,0.6333,5.0000,9.5000,2024-11-18T13:09:00+00:00,2.7500
2024-11-18T14:39:00+00:00,2024-11-18T15:04:00+00:00,short,-122.960000,ifvg,0.8684,0.6053,8.2500,5.7500,2024-11-18T13:49:00+00:00,3.0000
2024-11-18T15:04:00+00:00,2024-11-18T16:24:00+00:00,long,106.1350000,orb,1.9123,0.2632,27.2500,3.7500,,
2024-11-18T18:04:00+00:00,2024-11-18T18:44:00+00:00,long,-167.220000,ifvg,0.186,1.1395,2.0000,12.2500,2024-11-18T17:49:00+00:00,2.2500
2024-11-18T19:04:00+00:00,2024-11-18T19:24:00+00:00,long,-170.970000,ifvg,0.0682,1.1364,0.7500,12.5000,2024-11-18T18:49:00+00:00,4.7500
2024-11-19T00:39:00+00:00,2024-11-19T01:59:00+00:00,short,-215.920000,ifvg,0.25,1.2,1.2500,6.0000,2024-11-19T00:24:00+00:00,1.2500
2024-11-19T15:29:00+00:00,2024-11-19T16:39:00+00:00,long,136.1350000,orb,2.0137,0.2055,36.7500,3.7500,,
2024-11-19T23:14:00+00:00,2024-11-20T14:39:00+00:00,long,-153.980000,ifvg,1.0,1.8,15.0000,27.0000,2024-11-19T21:29:00+00:00,0.2500
2024-11-20T14:59:00+00:00,2024-11-20T16:49:00+00:00,short,-28.240000,orb,0.9048,0.246,28.5000,7.7500,,
2024-11-20T16:49:00+00:00,2024-11-20T21:04:00+00:00,long,145.5100000,ifvg,1.5513,0.9487,30.2500,18.5000,2024-11-20T16:34:00+00:00,4.2500
2024-11-21T05:44:00+00:00,2024-11-21T07:04:00+00:00,short,-215.920000,ifvg,0.3,1.45,1.5000,7.2500,2024-11-21T05:24:00+00:00,1.7500
2024-11-21T12:54:00+00:00,2024-11-21T12:59:00+00:00,short,-236.280000,ifvg,0.1429,2.0,0.2500,3.5000,2024-11-15T05:04:00+00:00,0.2500
2024-11-21T14:39:00+00:00,2024-11-21T14:49:00+00:00,short,-178.980000,ifvg,0.2571,1.4143,4.5000,24.7500,2024-11-21T13:24:00+00:00,2.2500
2024-11-21T15:19:00+00:00,2024-11-21T15:24:00+00:00,long,-163.470000,ifvg,0.381,1.6905,4.0000,17.7500,2024-11-21T15:09:00+00:00,0.2500
2024-11-21T15:29:00+00:00,2024-11-21T17:44:00+00:00,short,-299.490000,orb,0.042,1.063,2.5000,63.2500,,
2024-11-21T19:29:00+00:00,2024-11-21T21:09:00+00:00,long,-43.240000,ifvg,0.1923,0.2846,6.2500,9.2500,2024-11-21T19:14:00+00:00,0.5000
2024-11-22T00:09:00+00:00,2024-11-22T00:49:00+00:00,long,-206.430000,ifvg,0.1818,1.0455,1.0000,5.7500,2024-11-21T23:54:00+00:00,0.7500
2024-11-22T06:09:00+00:00,2024-11-22T09:09:00+00:00,long,-206.430000,ifvg,1.3636,1.1818,7.5000,6.5000,2024-11-22T05:54:00+00:00,0.7500
2024-11-22T14:59:00+00:00,2024-11-22T15:29:00+00:00,long,-123.240000,orb,0.0206,1.1856,0.5000,28.7500,,
2024-11-25T12:24:00+00:00,2024-11-25T13:44:00+00:00,long,121.5300000,ifvg,2.8636,0.5,15.7500,2.7500,2024-11-25T12:14:00+00:00,1.0000
2024-11-25T14:34:00+00:00,2024-11-25T14:39:00+00:00,short,-176.940000,ifvg,0.0455,1.1818,0.2500,6.5000,2024-11-25T14:19:00+00:00,2.5000
2024-11-25T15:09:00+00:00,2024-11-25T16:39:00+00:00,short,87.3850000,orb,1.6628,0.2442,35.7500,5.2500,,
2024-11-25T17:59:00+00:00,2024-11-25T21:09:00+00:00,long,137.2700000,ifvg,1.6486,0.0811,15.2500,0.7500,2024-11-25T17:49:00+00:00,1.5000
2024-11-26T11:34:00+00:00,2024-11-26T11:44:00+00:00,short,-206.940000,ifvg,0.0,1.0385,0,6.7500,2024-11-26T10:59:00+00:00,1.0000
2024-11-26T14:54:00+00:00,2024-11-26T15:04:00+00:00,long,-167.960000,ifvg,0.6875,1.0,5.5000,8.0000,2024-11-26T14:29:00+00:00,2.0000
2024-11-26T15:19:00+00:00,2024-11-26T16:04:00+00:00,short,-197.220000,orb,0.098,1.098,1.2500,14.0000,,
2024-11-27T11:19:00+00:00,2024-11-27T11:39:00+00:00,short,-57.680000,ifvg,0.45,0.45,2.2500,2.2500,2024-11-27T11:04:00+00:00,1.0000
2024-11-27T11:39:00+00:00,2024-11-27T12:24:00+00:00,long,118.1750000,ifvg,2.8462,0.1538,9.2500,0.5000,2024-11-27T11:29:00+00:00,0.2500
2024-11-27T15:14:00+00:00,2024-11-27T16:04:00+00:00,short,78.0100000,orb,2.0476,0.2143,21.5000,2.2500,,
2024-11-28T14:54:00+00:00,2024-11-29T00:34:00+00:00,long,-214.390000,orb,1.1429,1.4286,4.0000,5.0000,,
2024-11-29T14:54:00+00:00,2024-11-29T16:44:00+00:00,long,93.0100000,orb,2.14,0.14,26.7500,1.7500,,
2024-12-02T16:04:00+00:00,2024-12-02T16:14:00+00:00,short,-107.220000,orb,0.0,0.7273,0,8.0000,,
2024-12-02T16:14:00+00:00,2024-12-02T20:19:00+00:00,long,127.1550000,ifvg,1.8696,0.4783,10.7500,2.7500,2024-12-02T16:04:00+00:00,0.2500
2024-12-03T12:19:00+00:00,2024-12-03T12:34:00+00:00,short,-207.400000,ifvg,0.0667,1.0,0.2500,3.7500,2024-12-03T12:04:00+00:00,0.7500
2024-12-03T13:59:00+00:00,2024-12-03T14:04:00+00:00,short,-218.880000,ifvg,0.0,1.0,0,3.2500,2024-12-03T13:49:00+00:00,0.2500
2024-12-03T16:44:00+00:00,2024-12-03T17:49:00+00:00,short,-170.970000,ifvg,0.0,1.1364,0,12.5000,2024-12-03T16:04:00+00:00,0.5000
2024-12-04T15:14:00+00:00,2024-12-04T15:39:00+00:00,short,-199.440000,orb,0.8,1.48,5.0000,9.2500,,
2024-12-04T18:59:00+00:00,2024-12-04T20:14:00+00:00,long,141.0200000,ifvg,2.0,0.2632,19.0000,2.5000,2024-12-04T18:34:00+00:00,1.5000
2024-12-05T15:04:00+00:00,2024-12-05T15:19:00+00:00,long,-122.450000,orb,0.0345,0.8966,0.2500,6.5000,,
2024-12-05T15:19:00+00:00,2024-12-05T15:39:00+00:00,short,121.5300000,ifvg,1.5455,0.1364,8.5000,0.7500,2024-12-05T15:09:00+00:00,0.2500
2024-12-05T18:24:00+00:00,2024-12-05T18:34:00+00:00,short,-195.920000,ifvg,0.2778,1.4444,1.2500,6.5000,2024-12-05T17:54:00+00:00,1.0000
2024-12-06T13:49:00+00:00,2024-12-06T13:54:00+00:00,short,-247.200000,ifvg,0.6,1.4,0.7500,1.7500,2024-12-05T17:14:00+00:00,1.0000
2024-12-06T14:49:00+00:00,2024-12-06T17:04:00+00:00,long,-143.980000,orb,0.2321,1.0357,3.2500,14.5000,,
2024-12-09T11:29:00+00:00,2024-12-09T11:34:00+00:00,long,-194.900000,ifvg,0.0714,1.3571,0.2500,4.7500,2024-12-09T11:14:00+00:00,0.5000
2024-12-09T15:19:00+00:00,2024-12-09T15:49:00+00:00,short,70.5100000,orb,2.0526,0.2368,19.5000,2.2500,,
2024-12-10T14:39:00+00:00,2024-12-10T14:44:00+00:00,short,-194.900000,ifvg,0.4286,1.2857,1.5000,4.5000,2024-12-10T14:24:00+00:00,0.7500
2024-12-10T15:19:00+00:00,2024-12-10T16:49:00+00:00,long,-182.220000,orb,0.1915,1.0,2.2500,11.7500,,
2024-12-11T14:49:00+00:00,2024-12-11T15:14:00+00:00,long,102.3850000,orb,2.2121,0.0303,18.2500,0.2500,,
2024-12-12T08:09:00+00:00,2024-12-12T08:44:00+00:00,long,-217.350000,ifvg,0.3333,1.0833,1.0000,3.2500,2024-12-12T07:49:00+00:00,0.5000
2024-12-12T14:54:00+00:00,2024-12-12T15:24:00+00:00,short,-17.220000,orb,0.8438,0.5938,6.7500,4.7500,,
2024-12-12T15:29:00+00:00,2024-12-12T16:49:00+00:00,long,-172.450000,ifvg,0.9231,1.0769,6.0000,7.0000,2024-12-12T15:14:00+00:00,0.7500
2024-12-13T14:34:00+00:00,2024-12-13T14:39:00+00:00,long,-186.660000,ifvg,0.4,1.0,1.5000,3.7500,2024-12-13T14:24:00+00:00,0.2500
2024-12-13T15:04:00+00:00,2024-12-13T15:44:00+00:00,short,85.5100000,orb,2.0217,0.2174,23.2500,2.5000,,
2024-12-16T15:04:00+00:00,2024-12-16T15:19:00+00:00,long,-155.970000,orb,0.0,1.0,0,10.0000,,
2024-12-16T15:34:00+00:00,2024-12-16T20:54:00+00:00,long,-177.960000,ifvg,0.9706,1.0882,8.2500,9.2500,2024-12-16T15:24:00+00:00,0.7500
2024-12-17T11:39:00+00:00,2024-12-17T13:04:00+00:00,short,124.5400000,ifvg,2.7647,0.3529,11.7500,1.5000,2024-12-17T11:24:00+00:00,2.5000
2024-12-17T14:54:00+00:00,2024-12-17T15:14:00+00:00,long,-185.970000,orb,0.0417,1.2292,0.5000,14.7500,,
2024-12-17T17:09:00+00:00,2024-12-17T19:34:00+00:00,short,107.2700000,ifvg,2.4138,0.4828,17.5000,3.5000,2024-12-17T16:39:00+00:00,1.7500
2024-12-18T06:39:00+00:00,2024-12-18T08:04:00+00:00,short,-195.920000,ifvg,0.0,1.2778,0,5.7500,2024-12-18T05:49:00+00:00,1.0000
2024-12-18T12:09:00+00:00,2024-12-18T13:49:00+00:00,long,-191.200000,ifvg,0.2759,1.3448,2.0000,9.7500,2024-12-18T11:59:00+00:00,0.7500
2024-12-18T14:54:00+00:00,2024-12-18T15:49:00+00:00,long,78.0100000,orb,1.7857,0.2857,18.7500,3.0000,,
2024-12-18T17:34:00+00:00,2024-12-18T19:04:00+00:00,short,129.7700000,ifvg,2.5429,0.3714,22.2500,3.2500,2024-12-18T17:24:00+00:00,4.0000
2024-12-19T14:14:00+00:00,2024-12-19T14:54:00+00:00,long,-60.740000,ifvg,0.987,0.6364,19.0000,12.2500,2024-12-19T13:59:00+00:00,0.2500
2024-12-19T14:54:00+00:00,2024-12-19T15:19:00+00:00,short,-28.240000,orb,0.3984,0.3333,12.2500,10.2500,,
2024-12-19T15:19:00+00:00,2024-12-19T15:24:00+00:00,long,-182.220000,ifvg,0.1702,1.3617,2.0000,16.0000,2024-12-19T15:09:00+00:00,0.5000
2024-12-20T07:24:00+00:00,2024-12-20T08:19:00+00:00,short,107.2700000,ifvg,2.5172,0.2759,18.2500,2.0000,2024-12-20T06:44:00+00:00,0.5000
2024-12-20T08:59:00+00:00,2024-12-20T09:09:00+00:00,long,-185.970000,ifvg,0.0625,1.5,0.7500,18.0000,2024-12-20T08:44:00+00:00,5.0000
2024-12-20T15:14:00+00:00,2024-12-20T16:14:00+00:00,long,329.2600000,orb,2.0455,0.1061,67.5000,3.5000,,
2024-12-23T14:49:00+00:00,2024-12-23T16:44:00+00:00,short,-148.980000,ifvg,1.3793,1.4828,20.0000,21.5000,2024-12-23T14:34:00+00:00,1.2500
2024-12-24T11:59:00+00:00,2024-12-24T14:04:00+00:00,long,132.0400000,ifvg,2.8333,0.3889,12.7500,1.7500,2024-12-24T11:49:00+00:00,0.7500
2024-12-24T14:59:00+00:00,2024-12-24T16:44:00+00:00,long,124.8850000,orb,1.5672,0.0149,26.2500,0.2500,,
2024-12-24T16:59:00+00:00,2024-12-24T17:04:00+00:00,short,-207.400000,ifvg,0.3333,1.2667,1.2500,4.7500,2024-12-24T16:49:00+00:00,0.5000
2024-12-24T17:39:00+00:00,2024-12-24T17:59:00+00:00,short,-148.470000,ifvg,0.3684,1.4474,3.5000,13.7500,2024-12-24T17:14:00+00:00,0.5000
2024-12-26T11:34:00+00:00,2024-12-26T13:34:00+00:00,long,-185.920000,ifvg,1.0588,1.1176,4.5000,4.7500,2024-12-26T11:19:00+00:00,0.7500
2024-12-26T14:54:00+00:00,2024-12-26T15:09:00+00:00,short,-103.240000,orb,0.0,1.0494,0,21.2500,,
2024-12-26T16:29:00+00:00,2024-12-26T16:34:00+00:00,short,-197.910000,ifvg,0.0625,1.0,0.2500,4.0000,2024-12-26T16:19:00+00:00,1.0000
2024-12-26T17:34:00+00:00,2024-12-26T17:49:00+00:00,short,96.0200000,ifvg,2.5769,0.1154,16.7500,0.7500,2024-12-26T17:19:00+00:00,0.7500
2024-12-27T16:49:00+00:00,2024-12-27T21:09:00+00:00,short,-21.990000,ifvg,0.3982,0.5044,22.5000,28.5000,2024-12-27T16:34:00+00:00,8.0000
2024-12-30T12:04:00+00:00,2024-12-30T12:24:00+00:00,short,118.1750000,ifvg,4.0769,0.4615,13.2500,1.5000,2024-12-30T11:24:00+00:00,0.5000
2024-12-30T14:59:00+00:00,2024-12-30T16:19:00+00:00,short,-144.490000,orb,0.307,1.0877,8.7500,31.0000,,
2024-12-30T16:54:00+00:00,2024-12-30T17:04:00+00:00,short,-182.220000,ifvg,0.0,1.0426,0,12.2500,2024-12-30T16:44:00+00:00,1.7500
2024-12-31T13:54:00+00:00,2024-12-31T14:44:00+00:00,short,129.7700000,ifvg,1.6857,0.7143,14.7500,6.2500,2024-12-31T13:39:00+00:00,1.5000
2024-12-31T14:54:00+00:00,2024-12-31T15:09:00+00:00,long,-148.470000,ifvg,1.3171,0.9512,13.5000,9.7500,2024-12-31T14:44:00+00:00,1.5000
2024-12-31T15:09:00+00:00,2024-12-31T15:24:00+00:00,short,-94.490000,orb,0.0989,0.8352,2.2500,19.0000,,
2024-12-31T15:24:00+00:00,2024-12-31T15:34:00+00:00,long,-168.980000,ifvg,0.2121,1.0,3.5000,16.5000,2024-12-31T15:14:00+00:00,3.7500
2024-12-31T18:29:00+00:00,2024-12-31T19:14:00+00:00,short,-75.740000,ifvg,0.1039,0.4221,4.0000,16.2500,2024-12-31T17:59:00+00:00,4.7500
2024-12-31T19:14:00+00:00,2024-12-31T19:24:00+00:00,long,-126.480000,ifvg,0.0612,1.3673,0.7500,16.7500,2024-12-31T19:04:00+00:00,1.2500
2025-01-02T08:09:00+00:00,2025-01-02T08:29:00+00:00,long,-157.960000,ifvg,0.3,2.1,2.2500,15.7500,2025-01-02T07:49:00+00:00,2.0000
2025-01-02T14:54:00+00:00,2025-01-02T15:24:00+00:00,long,-181.480000,ifvg,0.6761,1.507,12.0000,26.7500,2025-01-02T14:44:00+00:00,6.2500
2025-01-03T02:39:00+00:00,2025-01-03T03:09:00+00:00,short,-195.920000,ifvg,0.5556,1.0556,2.5000,4.7500,2025-01-03T02:24:00+00:00,0.7500
2025-01-03T07:24:00+00:00,2025-01-03T08:04:00+00:00,long,104.6550000,ifvg,1.8421,0.2105,8.7500,1.0000,2025-01-03T07:14:00+00:00,1.0000
2025-01-03T14:14:00+00:00,2025-01-03T14:34:00+00:00,long,83.6350000,ifvg,2.4,0.0667,27.0000,0.7500,2025-01-03T13:59:00+00:00,0.5000
2025-01-03T16:04:00+00:00,2025-01-03T21:09:00+00:00,long,126.760000,orb,1.1296,0.5463,30.5000,14.7500,,
2025-01-06T02:34:00+00:00,2025-01-06T05:34:00+00:00,short,-191.940000,ifvg,0.125,1.0,1.2500,10.0000,2025-01-06T02:19:00+00:00,1.7500
2025-01-06T08:24:00+00:00,2025-01-06T08:49:00+00:00,short,-180.180000,ifvg,0.4211,1.5263,2.0000,7.2500,2025-01-06T08:14:00+00:00,2.0000
2025-01-06T14:24:00+00:00,2025-01-06T14:29:00+00:00,short,-152.960000,ifvg,0.0,1.5172,0,11.0000,2025-01-06T13:54:00+00:00,1.0000
2025-01-06T14:49:00+00:00,2025-01-06T18:49:00+00:00,long,-106.990000,orb,0.869,1.1786,18.2500,24.7500,,
2025-01-07T08:19:00+00:00,2025-01-07T08:44:00+00:00,short,-184.440000,ifvg,0.3913,1.5217,2.2500,8.7500,2025-01-07T07:54:00+00:00,0.2500
2025-01-07T11:39:00+00:00,2025-01-07T12:14:00+00:00,short,-175.410000,ifvg,0.7143,1.1429,2.5000,4.0000,2025-01-07T11:29:00+00:00,1.0000
2025-01-07T14:44:00+00:00,2025-01-07T15:04:00+00:00,short,78.0100000,ifvg,3.0952,0.4286,32.5000,4.5000,2025-01-07T14:04:00+00:00,1.0000
2025-01-07T15:04:00+00:00,2025-01-07T21:09:00+00:00,short,236.760000,orb,1.7391,0.2112,70.0000,8.5000,,
2025-01-08T14:54:00+00:00,2025-01-08T15:04:00+00:00,short,-166.480000,orb,0.1385,1.0,2.2500,16.2500,,
2025-01-08T17:09:00+00:00,2025-01-08T17:29:00+00:00,short,98.6350000,ifvg,2.1698,0.0943,28.7500,1.2500,2025-01-08T16:44:00+00:00,4.5000
2025-01-08T17:49:00+00:00,2025-01-08T18:04:00+00:00,long,104.2600000,ifvg,2.5357,0.0536,35.5000,0.7500,2025-01-08T17:34:00+00:00,2.7500
2025-01-08T19:39:00+00:00,2025-01-08T21:09:00+00:00,short,-91.480000,ifvg,0.6,0.9091,8.2500,12.5000,2025-01-08T19:29:00+00:00,1.2500
2025-01-09T11:24:00+00:00,2025-01-09T11:44:00+00:00,long,-175.920000,ifvg,0.625,1.6875,2.5000,6.7500,2025-01-09T11:14:00+00:00,0.5000
2025-01-10T01:04:00+00:00,2025-01-10T08:19:00+00:00,short,-114.490000,ifvg,0.0667,1.0111,1.5000,22.7500,2025-01-10T00:54:00+00:00,1.0000
2025-01-10T14:49:00+00:00,2025-01-10T21:09:00+00:00,short,134.260000,orb,1.3106,0.5682,43.2500,18.7500,,
2025-01-12T23:54:00+00:00,2025-01-13T01:49:00+00:00,short,83.6350000,ifvg,2.5778,0.7556,29.0000,8.5000,2025-01-12T23:39:00+00:00,2.2500
2025-01-13T12:24:00+00:00,2025-01-13T14:34:00+00:00,long,-152.220000,ifvg,1.0,1.1026,9.7500,10.7500,2025-01-13T12:09:00+00:00,1.5000
2025-01-13T14:39:00+00:00,2025-01-13T14:54:00+00:00,long,78.0100000,ifvg,2.7619,0.4048,29.0000,4.2500,2025-01-13T14:29:00+00:00,0.5000
2025-01-13T14:54:00+00:00,2025-01-13T15:09:00+00:00,long,261.0200000,orb,2.0,0.8375,40.0000,16.7500,,
2025-01-13T17:14:00+00:00,2025-01-13T18:34:00+00:00,long,119.2600000,ifvg,2.6094,0.125,41.7500,2.0000,2025-01-13T17:04:00+00:00,1.0000
2025-01-14T01:09:00+00:00,2025-01-14T04:29:00+00:00,short,9.030000,ifvg,0.6304,0.1087,7.2500,1.2500,2025-01-14T00:59:00+00:00,0.7500
2025-01-14T04:29:00+00:00,2025-01-14T08:04:00+00:00,long,96.0200000,ifvg,2.6154,0.2308,17.0000,1.5000,2025-01-14T04:04:00+00:00,0.7500
2025-01-14T13:39:00+00:00,2025-01-14T14:54:00+00:00,long,-143.980000,ifvg,0.4286,1.5536,6.0000,21.7500,2025-01-14T13:09:00+00:00,0.7500
2025-01-14T14:54:00+00:00,2025-01-14T21:09:00+00:00,short,-23.240000,orb,1.9451,0.8462,44.2500,19.2500,,
2025-01-15T14:49:00+00:00,2025-01-15T21:09:00+00:00,long,19.260000,orb,0.6033,0.9008,18.2500,27.2500,,
2025-01-16T11:54:00+00:00,2025-01-16T12:09:00+00:00,long,-122.220000,ifvg,0.1282,0.8462,1.2500,8.2500,2025-01-16T11:44:00+00:00,0.2500
2025-01-16T12:09:00+00:00,2025-01-16T12:54:00+00:00,short,110.2800000,ifvg,2.5,0.45,12.5000,2.2500,2025-01-16T11:59:00+00:00,0.5000
2025-01-16T14:49:00+00:00,2025-01-16T16:09:00+00:00,short,-186.480000,orb,0.6164,1.0822,11.2500,19.7500,,
2025-01-17T03:39:00+00:00,2025-01-17T04:19:00+00:00,long,118.1750000,ifvg,2.3846,0.3077,7.7500,1.0000,2025-01-17T03:19:00+00:00,1.2500
2025-01-17T15:39:00+00:00,2025-01-17T21:09:00+00:00,long,-6.990000,orb,0.878,0.2195,18.0000,4.5000,,
2025-01-20T01:24:00+00:00,2025-01-20T07:44:00+00:00,short,-189.720000,ifvg,0.102,1.0204,1.2500,12.5000,2025-01-20T01:09:00+00:00,1.0000
2025-01-20T12:39:00+00:00,2025-01-20T13:29:00+00:00,long,-180.180000,ifvg,0.3684,1.0,1.7500,4.7500,2025-01-20T12:29:00+00:00,0.7500
2025-01-20T13:39:00+00:00,2025-01-20T14:29:00+00:00,long,111.7600000,ifvg,2.5167,0.2667,37.7500,4.0000,2025-01-20T12:24:00+00:00,1.2500
2025-01-20T15:04:00+00:00,2025-01-20T17:29:00+00:00,short,121.1350000,orb,1.5538,0.3077,25.2500,5.0000,,
2025-01-21T06:44:00+00:00,2025-01-21T07:34:00+00:00,short,-197.450000,ifvg,0.1333,1.1,1.0000,8.2500,2025-01-21T06:19:00+00:00,0.2500
2025-01-21T14:44:00+00:00,2025-01-21T14:49:00+00:00,short,-182.960000,ifvg,0.0286,1.5143,0.2500,13.2500,2025-01-21T14:34:00+00:00,0.2500
2025-01-21T15:14:00+00:00,2025-01-21T16:34:00+00:00,short,-111.990000,orb,0.0568,1.0,1.2500,22.0000,,
2025-01-22T14:54:00+00:00,2025-01-22T16:44:00+00:00,long,133.5200000,orb,1.6944,0.3889,15.2500,3.5000,,
2025-01-22T19:04:00+00:00,2025-01-22T21:09:00+00:00,short,132.040000,ifvg,1.2333,0.8,9.2500,6.0000,2025-01-22T18:49:00+00:00,2.2500
2025-01-23T01:24:00+00:00,2025-01-23T07:44:00+00:00,short,104.6550000,ifvg,2.6842,0.3684,12.7500,1.7500,2025-01-23T01:09:00+00:00,0.5000
2025-01-23T12:34:00+00:00,2025-01-23T13:14:00+00:00,long,-86.940000,ifvg,0.4783,0.4783,2.7500,2.7500,2025-01-23T12:14:00+00:00,0.7500
2025-01-23T13:14:00+00:00,2025-01-23T13:29:00+00:00,short,-194.900000,ifvg,0.1429,1.0714,0.5000,3.7500,2025-01-23T12:59:00+00:00,0.5000
2025-01-23T15:44:00+00:00,2025-01-23T18:14:00+00:00,long,74.2600000,orb,2.25,0.175,22.5000,1.7500,,
2025-01-24T03:19:00+00:00,2025-01-24T03:44:00+00:00,short,136.9250000,ifvg,2.2,0.1333,8.2500,0.5000,2025-01-24T02:39:00+00:00,0.5000
2025-01-24T09:09:00+00:00,2025-01-24T10:19:00+00:00,long,-207.400000,ifvg,0.6,1.3333,2.2500,5.0000,2025-01-24T08:59:00+00:00,0.2500
2025-01-24T14:49:00+00:00,2025-01-24T15:04:00+00:00,long,-167.960000,orb,0.0938,1.0938,0.7500,8.7500,,
2025-01-24T20:04:00+00:00,2025-01-24T21:09:00+00:00,short,3.010000,ifvg,0.4368,0.1609,9.5000,3.5000,2025-01-24T19:54:00+00:00,0.5000
2025-01-27T14:59:00+00:00,2025-01-27T19:54:00+00:00,long,-86.990000,orb,0.2671,0.6335,10.7500,25.5000,,
2025-01-27T19:54:00+00:00,2025-01-27T20:59:00+00:00,short,-96.990000,ifvg,0.2368,1.5132,4.5000,28.7500,2025-01-27T19:24:00+00:00,2.7500
2025-01-28T07:24:00+00:00,2025-01-28T08:54:00+00:00,long,114.7700000,ifvg,2.6774,0.6452,20.7500,5.0000,2025-01-28T06:44:00+00:00,2.5000
2025-01-28T14:49:00+00:00,2025-01-28T15:09:00+00:00,short,-110.740000,orb,0.0992,0.9504,3.0000,28.7500,,
2025-01-28T15:09:00+00:00,2025-01-28T21:09:00+00:00,long,206.760000,ifvg,2.4222,0.0333,54.5000,0.7500,2025-01-28T14:44:00+00:00,0.5000
2025-01-29T09:19:00+00:00,2025-01-29T13:09:00+00:00,long,-167.960000,ifvg,0.75,1.5312,6.0000,12.2500,2025-01-29T09:09:00+00:00,1.0000
2025-01-29T16:39:00+00:00,2025-01-29T21:09:00+00:00,short,89.260000,orb,1.4615,0.859,28.5000,16.7500,,
2025-01-30T09:09:00+00:00,2025-01-30T09:39:00+00:00,short,126.0700000,ifvg,3.1,0.8,7.7500,2.0000,2025-01-30T08:59:00+00:00,0.2500
2025-01-30T10:39:00+00:00,2025-01-30T11:59:00+00:00,long,-176.940000,ifvg,0.5455,1.0455,3.0000,5.7500,2025-01-30T10:24:00+00:00,1.7500
2025-01-30T12:44:00+00:00,2025-01-30T14:39:00+00:00,long,114.7700000,ifvg,3.3226,0.4516,25.7500,3.5000,2025-01-30T12:24:00+00:00,3.5000
2025-01-30T14:49:00+00:00,2025-01-30T15:04:00+00:00,long,-119.490000,orb,0.1064,1.1489,2.5000,27.0000,,
2025-01-31T09:09:00+00:00,2025-01-31T14:14:00+00:00,long,-195.920000,ifvg,1.3333,1.3889,6.0000,6.2500,2025-01-31T08:59:00+00:00,0.2500
2025-01-31T14:59:00+00:00,2025-01-31T16:04:00+00:00,long,79.8850000,orb,1.7209,0.1395,18.5000,1.5000,,
2025-02-03T15:04:00+00:00,2025-02-03T15:24:00+00:00,short,-148.240000,orb,0.3333,1.4188,9.7500,41.5000,,
2025-02-03T15:29:00+00:00,2025-02-03T15:44:00+00:00,long,133.5200000,ifvg,2.5,0.8056,22.5000,7.2500,2025-02-03T15:19:00+00:00,0.5000
2025-02-04T14:54:00+00:00,2025-02-04T16:19:00+00:00,long,124.8850000,orb,2.0149,0.1791,33.7500,3.0000,,
2025-02-05T08:44:00+00:00,2025-02-05T09:09:00+00:00,short,-197.450000,ifvg,0.0667,1.3,0.5000,9.7500,2025-02-05T08:29:00+00:00,2.7500
2025-02-05T10:14:00+00:00,2025-02-05T12:19:00+00:00,long,190.050000,ifvg,1.4231,0.1538,9.2500,1.0000,2025-02-05T09:49:00+00:00,1.0000
2025-02-05T12:19:00+00:00,2025-02-05T12:49:00+00:00,short,-207.400000,ifvg,0.6,1.0,2.2500,3.7500,2025-02-05T11:49:00+00:00,0.2500
2025-02-05T14:54:00+00:00,2025-02-05T15:04:00+00:00,short,141.0200000,orb,1.7105,0.9737,16.2500,9.2500,,
2025-02-05T16:34:00+00:00,2025-02-05T21:09:00+00:00,long,131.760000,ifvg,1.2421,0.0421,29.5000,1.0000,2025-02-05T16:24:00+00:00,3.2500
2025-02-06T07:24:00+00:00,2025-02-06T08:44:00+00:00,short,-195.920000,ifvg,1.3889,1.1667,6.2500,5.2500,2025-02-06T07:09:00+00:00,2.2500
2025-02-06T13:49:00+00:00,2025-02-06T14:19:00+00:00,short,-178.700000,ifvg,0.2593,1.1111,1.7500,7.5000,2025-02-06T12:59:00+00:00,0.5000
2025-02-06T15:04:00+00:00,2025-02-06T15:14:00+00:00,short,-110.970000,orb,0.0488,0.7805,0.5000,8.0000,,
2025-02-06T15:14:00+00:00,2025-02-06T15:29:00+00:00,long,-197.450000,ifvg,0.2667,1.2333,2.0000,9.2500,2025-02-06T15:04:00+00:00,1.2500
2025-02-07T08:14:00+00:00,2025-02-07T08:29:00+00:00,long,-69.720000,ifvg,0.0455,0.5909,0.5000,6.5000,2025-02-07T03:49:00+00:00,0.5000
2025-02-07T08:29:00+00:00,2025-02-07T09:44:00+00:00,short,-197.910000,ifvg,0.625,1.375,2.5000,5.5000,2025-02-07T08:14:00+00:00,0.7500
2025-02-07T11:49:00+00:00,2025-02-07T13:24:00+00:00,long,-191.200000,ifvg,0.3103,1.069,2.2500,7.7500,2025-02-07T10:39:00+00:00,1.0000
2025-02-07T14:49:00+00:00,2025-02-07T15:04:00+00:00,long,-136.480000,orb,0.1887,2.6415,2.5000,35.0000,,
2025-02-10T07:54:00+00:00,2025-02-10T09:04:00+00:00,long,119.3100000,ifvg,2.5455,0.9091,7.0000,2.5000,2025-02-10T07:44:00+00:00,0.2500
2025-02-10T14:14:00+00:00,2025-02-10T14:34:00+00:00,short,127.5500000,ifvg,2.0,0.5,7.0000,1.7500,2025-02-10T14:04:00+00:00,0.5000
2025-02-10T15:09:00+00:00,2025-02-10T17:14:00+00:00,long,-185.970000,ifvg,0.625,1.2292,7.5000,14.7500,2025-02-10T14:39:00+00:00,1.7500
2025-02-11T08:24:00+00:00,2025-02-11T12:09:00+00:00,long,-37.960000,ifvg,0.6176,0.7941,5.2500,6.7500,2025-02-11T08:04:00+00:00,3.0000
2025-02-11T12:09:00+00:00,2025-02-11T12:54:00+00:00,short,-195.920000,ifvg,0.6111,1.2222,2.7500,5.5000,2025-02-11T11:54:00+00:00,0.2500
2025-02-11T15:29:00+00:00,2025-02-11T21:09:00+00:00,long,106.020000,orb,1.0294,0.6324,17.5000,10.7500,,
2025-02-11T23:14:00+00:00,2025-02-11T23:39:00+00:00,short,-69.720000,ifvg,0.2703,0.6757,2.5000,6.2500,2025-02-11T23:04:00+00:00,0.2500
2025-02-11T23:39:00+00:00,2025-02-12T03:49:00+00:00,long,-176.940000,ifvg,0.5909,1.0,3.2500,5.5000,2025-02-11T23:14:00+00:00,1.5000
2025-02-12T11:14:00+00:00,2025-02-12T12:59:00+00:00,short,-172.960000,ifvg,0.303,1.0,2.5000,8.2500,2025-02-12T11:04:00+00:00,2.2500
2025-02-12T13:39:00+00:00,2025-02-12T13:49:00+00:00,short,-148.470000,ifvg,0.2368,1.0,2.2500,9.5000,2025-02-12T12:49:00+00:00,0.5000
2025-02-12T14:49:00+00:00,2025-02-12T21:09:00+00:00,long,124.260000,orb,1.271,0.6168,34.0000,16.5000,,
2025-02-13T06:49:00+00:00,2025-02-13T07:54:00+00:00,short,132.0400000,ifvg,3.0,0.1667,13.5000,0.7500,2025-02-13T06:39:00+00:00,0.5000
2025-02-13T09:24:00+00:00,2025-02-13T14:34:00+00:00,long,100.5100000,ifvg,2.6111,0.3148,35.2500,4.2500,2025-02-13T08:29:00+00:00,2.5000
2025-02-13T15:04:00+00:00,2025-02-13T15:24:00+00:00,long,168.0100000,orb,2.0132,0.4737,38.2500,9.0000,,
2025-02-14T15:04:00+00:00,2025-02-14T15:44:00+00:00,long,-182.960000,orb,0.4286,1.0571,3.7500,9.2500,,
2025-02-18T02:24:00+00:00,2025-02-18T06:39:00+00:00,long,104.6550000,ifvg,2.5263,0.2632,12.0000,1.2500,2025-02-18T02:14:00+00:00,0.5000
2025-02-18T17:04:00+00:00,2025-02-18T19:09:00+00:00,short,103.5200000,ifvg,2.6071,0.6786,18.2500,4.7500,2025-02-18T16:54:00+00:00,2.5000
2025-02-19T13:04:00+00:00,2025-02-19T13:19:00+00:00,short,127.5500000,ifvg,3.0714,0.2857,10.7500,1.0000,2025-02-19T12:54:00+00:00,0.7500
2025-02-19T15:04:00+00:00,2025-02-19T15:34:00+00:00,short,-184.440000,orb,0.2174,2.087,1.2500,12.0000,,
2025-02-19T18:24:00+00:00,2025-02-19T21:09:00+00:00,long,53.520000,ifvg,1.0145,0.0725,17.5000,1.2500,2025-02-19T18:14:00+00:00,2.7500
2025-02-20T00:44:00+00:00,2025-02-20T01:24:00+00:00,long,-194.900000,ifvg,0.9286,1.2857,3.2500,4.5000,2025-02-20T00:24:00+00:00,0.2500
2025-02-20T14:49:00+00:00,2025-02-20T14:59:00+00:00,short,98.6350000,orb,2.5472,0.0566,33.7500,0.7500,,
2025-02-21T14:49:00+00:00,2025-02-21T15:29:00+00:00,short,111.7600000,orb,2.0167,0.1,30.2500,1.5000,,
2025-02-24T05:54:00+00:00,2025-02-24T06:24:00+00:00,short,-204.620000,ifvg,0.0909,1.0,0.2500,2.7500,2025-02-24T05:44:00+00:00,0.2500
2025-02-24T14:49:00+00:00,2025-02-24T19:09:00+00:00,short,-16.990000,orb,1.6907,0.5361,41.0000,13.0000,,
2025-02-24T19:09:00+00:00,2025-02-24T20:44:00+00:00,long,-99.490000,ifvg,0.0,1.1795,0,23.0000,2025-02-24T18:54:00+00:00,0.7500
2025-02-25T00:09:00+00:00,2025-02-25T06:29:00+00:00,long,57.040000,ifvg,1.4194,0.129,11.0000,1.0000,2025-02-24T23:54:00+00:00,1.7500
2025-02-25T06:29:00+00:00,2025-02-25T07:04:00+00:00,short,117.0400000,ifvg,4.25,0.3125,17.0000,1.2500,2025-02-25T06:14:00+00:00,0.5000
2025-02-25T10:09:00+00:00,2025-02-25T10:59:00+00:00,long,-178.700000,ifvg,0.4074,1.2222,2.7500,8.2500,2025-02-25T09:59:00+00:00,1.7500
2025-02-25T14:49:00+00:00,2025-02-25T15:19:00+00:00,short,191.7600000,orb,2.2857,0.0909,44.0000,1.7500,,
2025-02-26T02:24:00+00:00,2025-02-26T06:04:00+00:00,long,107.2700000,ifvg,2.5517,0.1034,18.5000,0.7500,2025-02-26T01:39:00+00:00,1.5000
2025-02-26T13:49:00+00:00,2025-02-26T14:29:00+00:00,short,132.7800000,ifvg,2.7083,0.4167,16.2500,2.5000,2025-02-26T13:29:00+00:00,0.7500
2025-02-26T14:54:00+00:00,2025-02-26T17:59:00+00:00,long,-108.240000,ifvg,0.9012,1.3333,18.2500,27.0000,2025-02-26T13:54:00+00:00,2.7500
2025-02-27T14:54:00+00:00,2025-02-27T15:19:00+00:00,short,45.510000,orb,0.7661,0.2339,32.7500,10.0000,,
2025-02-27T15:24:00+00:00,2025-02-27T16:59:00+00:00,long,-166.990000,ifvg,0.1591,1.053,5.2500,34.7500,2025-02-27T15:04:00+00:00,12.5000
2025-02-28T01:34:00+00:00,2025-02-28T01:44:00+00:00,short,-152.220000,ifvg,0.0256,1.1026,0.2500,10.7500,2025-02-28T01:19:00+00:00,1.2500
2025-02-28T15:09:00+00:00,2025-02-28T18:19:00+00:00,long,-171.990000,orb,0.6765,1.2574,23.0000,42.7500,,
2025-02-28T18:34:00+00:00,2025-02-28T18:59:00+00:00,long,-193.470000,ifvg,0.94,1.44,11.7500,18.0000,2025-02-28T18:24:00+00:00,2.7500
2025-03-03T07:09:00+00:00,2025-03-03T08:24:00+00:00,short,138.4050000,ifvg,2.92,0.72,18.2500,4.5000,2025-03-03T06:54:00+00:00,0.5000
2025-03-03T14:49:00+00:00,2025-03-03T16:54:00+00:00,short,93.010000,orb,1.1545,0.2846,35.5000,8.7500,,
2025-03-03T16:59:00+00:00,2025-03-03T17:59:00+00:00,long,-158.980000,ifvg,0.7581,1.0645,11.7500,16.5000,2025-03-03T16:44:00+00:00,3.2500
2025-03-03T20:09:00+00:00,2025-03-03T21:09:00+00:00,short,-49.490000,ifvg,0.4408,0.145,37.2500,12.2500,2025-02-28T19:39:00+00:00,1.2500
2025-03-04T04:44:00+00:00,2025-03-04T05:04:00+00:00,short,132.0400000,ifvg,2.4444,2.5,11.0000,11.2500,2025-03-04T04:29:00+00:00,1.5000
2025-03-04T05:19:00+00:00,2025-03-04T06:24:00+00:00,short,-103.470000,ifvg,0.3725,0.5294,4.7500,6.7500,2025-03-04T05:09:00+00:00,3.2500
2025-03-04T06:24:00+00:00,2025-03-04T06:39:00+00:00,long,-76.480000,ifvg,0.0588,0.5735,1.0000,9.7500,2025-03-04T06:14:00+00:00,2.7500
2025-03-04T06:39:00+00:00,2025-03-04T08:04:00+00:00,short,133.5200000,ifvg,1.8333,0.8889,16.5000,8.0000,2025-03-04T06:29:00+00:00,2.2500
2025-03-04T14:54:00+00:00,2025-03-04T18:59:00+00:00,short,-159.490000,orb,1.5397,1.1984,48.5000,37.7500,,
2025-03-05T02:44:00+00:00,2025-03-05T03:04:00+00:00,long,-182.960000,ifvg,0.4857,1.1143,4.2500,9.7500,2025-03-05T02:34:00+00:00,0.7500
2025-03-05T14:59:00+00:00,2025-03-05T15:04:00+00:00,short,-174.490000,orb,0.0,1.058,0,36.5000,,
2025-03-05T15:24:00+00:00,2025-03-05T17:29:00+00:00,short,-135.740000,ifvg,1.1028,1.0561,29.5000,28.2500,2025-03-05T15:09:00+00:00,8.2500
2025-03-05T18:14:00+00:00,2025-03-05T18:59:00+00:00,short,-105.740000,ifvg,0.6867,1.0843,14.2500,22.5000,2025-03-05T17:59:00+00:00,7.5000
2025-03-06T13:39:00+00:00,2025-03-06T14:29:00+00:00,long,-166.480000,ifvg,0.0462,1.0308,0.7500,16.7500,2025-03-06T13:09:00+00:00,1.7500
2025-03-06T15:04:00+00:00,2025-03-06T15:59:00+00:00,long,121.760000,orb,1.354,0.0354,38.2500,1.0000,,
2025-03-06T15:59:00+00:00,2025-03-06T16:44:00+00:00,short,115.5100000,ifvg,2.7903,0.9677,43.2500,15.0000,2025-03-06T15:44:00+00:00,5.7500
2025-03-06T20:04:00+00:00,2025-03-06T21:09:00+00:00,short,-75.740000,ifvg,0.3153,0.7748,8.7500,21.5000,2025-03-06T19:54:00+00:00,12.5000
2025-03-07T05:09:00+00:00,2025-03-07T07:54:00+00:00,short,-17.960000,ifvg,1.1471,0.5588,9.7500,4.7500,2025-03-07T04:44:00+00:00,0.5000
2025-03-07T07:54:00+00:00,2025-03-07T10:14:00+00:00,long,57.040000,ifvg,1.4167,0.75,12.7500,6.7500,2025-03-07T07:44:00+00:00,1.5000
2025-03-07T10:14:00+00:00,2025-03-07T12:44:00+00:00,short,81.7600000,ifvg,2.5909,2.0909,28.5000,23.0000,2025-03-07T09:09:00+00:00,4.0000
2025-03-07T14:49:00+00:00,2025-03-07T15:04:00+00:00,long,-36.990000,orb,0.1452,0.5806,6.7500,27.0000,,
2025-03-07T15:04:00+00:00,2025-03-07T15:39:00+00:00,short,277.3850000,ifvg,2.6742,0.1798,59.5000,4.0000,2025-03-07T14:54:00+00:00,1.2500
2025-03-10T06:09:00+00:00,2025-03-10T07:29:00+00:00,long,-131.940000,ifvg,0.92,0.96,5.7500,6.0000,2025-03-10T05:54:00+00:00,2.7500
2025-03-10T07:29:00+00:00,2025-03-10T08:19:00+00:00,short,83.6350000,ifvg,2.6667,0.6,30.0000,6.7500,2025-03-10T06:09:00+00:00,3.2500
2025-03-10T15:49:00+00:00,2025-03-10T18:44:00+00:00,short,359.2600000,ifvg,2.1724,0.0345,94.5000,1.5000,2025-03-10T15:39:00+00:00,0.7500
2025-03-11T05:44:00+00:00,2025-03-11T06:24:00+00:00,short,-203.700000,ifvg,0.3871,1.3226,3.0000,10.2500,2025-03-11T05:19:00+00:00,0.7500
2025-03-11T13:49:00+00:00,2025-03-11T14:04:00+00:00,long,-164.490000,orb,0.1692,1.6154,5.5000,52.5000,,
2025-03-12T03:44:00+00:00,2025-03-12T06:49:00+00:00,long,-191.940000,ifvg,1.2083,1.0417,7.2500,6.2500,2025-03-12T03:24:00+00:00,2.2500
2025-03-12T13:54:00+00:00,2025-03-12T20:09:00+00:00,short,50.510000,orb,1.6809,0.6667,59.2500,23.5000,,
2025-03-13T07:14:00+00:00,2025-03-13T09:19:00+00:00,short,-178.470000,ifvg,1.3913,1.2826,16.0000,14.7500,2025-03-13T06:54:00+00:00,6.0000
2025-03-13T13:49:00+00:00,2025-03-13T14:29:00+00:00,short,-101.990000,orb,1.15,1.2,23.0000,24.0000,,
2025-03-14T02:04:00+00:00,2025-03-14T02:54:00+00:00,short,-178.700000,ifvg,0.037,1.1111,0.2500,7.5000,2025-03-14T01:49:00+00:00,1.2500
2025-03-14T05:29:00+00:00,2025-03-14T06:04:00+00:00,short,127.5500000,ifvg,2.7857,0.2143,9.7500,0.7500,2025-03-14T05:19:00+00:00,0.7500
2025-03-14T13:49:00+00:00,2025-03-14T14:04:00+00:00,long,-171.480000,orb,0.1556,1.1407,5.2500,38.5000,,
2025-03-14T18:39:00+00:00,2025-03-14T20:09:00+00:00,long,-65.970000,ifvg,1.3061,0.7755,16.0000,9.5000,2025-03-14T18:19:00+00:00,1.7500
2025-03-16T22:14:00+00:00,2025-03-17T02:24:00+00:00,short,15.510000,ifvg,0.4701,0.0513,13.7500,1.5000,2025-03-14T18:39:00+00:00,3.0000
2025-03-17T04:44:00+00:00,2025-03-17T06:19:00+00:00,long,-207.400000,ifvg,0.4,1.4,1.5000,5.2500,2025-03-17T04:34:00+00:00,1.0000
2025-03-17T08:39:00+00:00,2025-03-17T09:09:00+00:00,short,-197.680000,ifvg,0.1905,1.1905,1.0000,6.2500,2025-03-17T08:29:00+00:00,1.0000
2025-03-17T13:39:00+00:00,2025-03-17T13:44:00+00:00,long,130.5100000,ifvg,0.3474,1.1684,8.2500,27.7500,2025-03-17T13:24:00+00:00,1.7500
2025-03-17T14:14:00+00:00,2025-03-17T15:34:00+00:00,long,-1.990000,orb,0.8981,0.8726,35.2500,34.2500,,
2025-03-18T07:19:00+00:00,2025-03-18T07:29:00+00:00,short,-195.920000,ifvg,0.1667,1.0,0.7500,4.5000,2025-03-18T06:49:00+00:00,0.2500
2025-03-18T16:49:00+00:00,2025-03-18T17:39:00+00:00,short,-133.980000,ifvg,0.6154,1.1538,8.0000,15.0000,2025-03-18T16:34:00+00:00,3.0000
2025-03-19T07:24:00+00:00,2025-03-19T07:39:00+00:00,long,-178.700000,ifvg,0.4444,1.1852,3.0000,8.0000,2025-03-19T07:14:00+00:00,1.2500
2025-03-19T17:44:00+00:00,2025-03-19T17:49:00+00:00,long,-172.960000,ifvg,0.1212,1.1818,1.0000,9.7500,2025-03-19T17:34:00+00:00,1.5000
2025-03-20T04:44:00+00:00,2025-03-20T06:04:00+00:00,short,-185.920000,ifvg,0.0,1.0,0,4.2500,2025-03-20T04:29:00+00:00,0.5000
2025-03-20T07:24:00+00:00,2025-03-20T08:09:00+00:00,short,7.040000,ifvg,0.5667,0.2333,4.2500,1.7500,2025-03-20T07:09:00+00:00,0.2500
2025-03-20T08:09:00+00:00,2025-03-20T09:19:00+00:00,long,-171.430000,ifvg,1.2222,1.2778,5.5000,5.7500,2025-03-20T07:39:00+00:00,1.0000
2025-03-20T13:54:00+00:00,2025-03-20T19:34:00+00:00,long,-49.490000,orb,1.3333,0.7029,46.0000,24.2500,,
2025-03-21T05:59:00+00:00,2025-03-21T06:54:00+00:00,long,115.9050000,ifvg,2.1905,0.2857,11.5000,1.5000,2025-03-21T05:49:00+00:00,1.0000
2025-03-21T12:09:00+00:00,2025-03-21T12:34:00+00:00,long,-144.720000,ifvg,0.5135,1.027,4.7500,9.5000,2025-03-21T11:59:00+00:00,0.7500
2025-03-21T14:54:00+00:00,2025-03-21T19:59:00+00:00,long,221.7600000,orb,2.0787,0.7753,46.2500,17.2500,,
2025-03-24T09:39:00+00:00,2025-03-24T09:54:00+00:00,short,-69.720000,ifvg,0.0,0.5476,0,5.7500,2025-03-24T08:14:00+00:00,2.5000
2025-03-24T09:54:00+00:00,2025-03-24T11:49:00+00:00,long,66.7600000,ifvg,2.6389,0.3333,23.7500,3.0000,2025-03-24T09:39:00+00:00,1.7500
2025-03-24T18:44:00+00:00,2025-03-24T19:49:00+00:00,long,126.0200000,ifvg,2.0588,0.9412,17.5000,8.0000,2025-03-24T18:09:00+00:00,1.0000
2025-03-25T14:04:00+00:00,2025-03-25T14:29:00+00:00,short,-148.980000,orb,0.0,1.1034,0,16.0000,,
2025-03-26T08:04:00+00:00,2025-03-26T11:39:00+00:00,short,-191.940000,ifvg,1.4583,1.125,8.7500,6.7500,2025-03-26T07:24:00+00:00,1.7500
2025-03-26T13:54:00+00:00,2025-03-26T15:54:00+00:00,short,184.2600000,orb,2.0135,0.0811,37.2500,1.5000,,
2025-03-27T04:19:00+00:00,2025-03-27T05:39:00+00:00,short,-194.900000,ifvg,0.2143,1.6429,0.7500,5.7500,2025-03-27T04:09:00+00:00,0.5000
2025-03-27T05:54:00+00:00,2025-03-27T06:19:00+00:00,short,-186.660000,ifvg,0.6667,1.2667,2.5000,4.7500,2025-03-27T05:44:00+00:00,1.2500
2025-03-27T08:24:00+00:00,2025-03-27T10:09:00+00:00,long,74.2600000,ifvg,1.5,0.425,15.0000,4.2500,2025-03-27T08:14:00+00:00,3.7500
2025-03-27T13:54:00+00:00,2025-03-27T14:29:00+00:00,long,83.6350000,ifvg,2.5556,0.2667,28.7500,3.0000,2025-03-27T13:44:00+00:00,2.5000
2025-03-27T19:04:00+00:00,2025-03-27T19:19:00+00:00,short,-182.220000,ifvg,0.383,1.1702,4.5000,13.7500,2025-03-27T18:44:00+00:00,1.2500
2025-03-28T06:09:00+00:00,2025-03-28T06:49:00+00:00,long,-180.180000,ifvg,0.4211,1.2632,2.0000,6.0000,2025-03-28T05:29:00+00:00,0.5000
2025-03-28T06:54:00+00:00,2025-03-28T07:34:00+00:00,short,127.1550000,ifvg,2.5217,0.0435,14.5000,0.2500,2025-03-28T06:09:00+00:00,1.2500
2025-03-28T10:59:00+00:00,2025-03-28T11:14:00+00:00,short,124.5400000,ifvg,1.5294,0.4706,6.5000,2.0000,2025-03-28T10:44:00+00:00,0.5000
2025-03-28T13:14:00+00:00,2025-03-28T13:29:00+00:00,long,-178.700000,ifvg,0.7407,1.3704,5.0000,9.2500,2025-03-28T13:04:00+00:00,2.5000
2025-03-28T13:54:00+00:00,2025-03-28T14:24:00+00:00,short,199.2600000,orb,2.0375,0.05,40.7500,1.0000,,
2025-03-31T02:19:00+00:00,2025-03-31T03:09:00+00:00,long,-174.720000,ifvg,0.0,1.0222,0,11.5000,2025-03-31T02:09:00+00:00,2.7500
2025-03-31T08:29:00+00:00,2025-03-31T09:04:00+00:00,short,96.0200000,ifvg,2.7692,0.4231,18.0000,2.7500,2025-03-31T08:19:00+00:00,1.2500
2025-03-31T16:34:00+00:00,2025-03-31T17:04:00+00:00,long,123.010000,ifvg,0.0256,0.2769,1.2500,13.5000,2025-03-28T20:59:00+00:00,2.0000
2025-03-31T17:09:00+00:00,2025-03-31T17:24:00+00:00,short,96.7600000,ifvg,1.6346,1.1154,21.2500,14.5000,2025-03-31T16:34:00+00:00,2.7500
2025-03-31T17:24:00+00:00,2025-03-31T18:04:00+00:00,short,-133.980000,ifvg,0.4615,1.1154,6.0000,14.5000,2025-03-31T17:14:00+00:00,5.7500
2025-03-31T18:09:00+00:00,2025-03-31T20:09:00+00:00,long,73.010000,ifvg,1.6273,0.1909,44.7500,5.2500,2025-03-31T17:24:00+00:00,9.5000
2025-04-01T10:14:00+00:00,2025-04-01T10:54:00+00:00,short,13.010000,ifvg,0.9268,0.1829,19.0000,3.7500,2025-04-01T08:34:00+00:00,0.5000
2025-04-01T10:54:00+00:00,2025-04-01T11:34:00+00:00,long,-173.980000,ifvg,0.0882,1.0735,1.5000,18.2500,2025-04-01T10:34:00+00:00,3.0000
2025-04-01T13:49:00+00:00,2025-04-01T14:09:00+00:00,long,-126.990000,orb,0.06,1.36,1.5000,34.0000,,
2025-04-02T06:14:00+00:00,2025-04-02T07:29:00+00:00,long,-169.440000,ifvg,1.4286,1.0,7.5000,5.2500,2025-04-02T06:04:00+00:00,1.7500
2025-04-02T13:49:00+00:00,2025-04-02T16:49:00+00:00,long,299.2600000,orb,1.7581,0.2366,81.7500,11.0000,,
2025-04-03T04:34:00+00:00,2025-04-03T05:34:00+00:00,short,76.1350000,ifvg,2.7317,0.3659,28.0000,3.7500,2025-04-03T04:09:00+00:00,2.7500
2025-04-03T13:59:00+00:00,2025-04-03T19:19:00+00:00,short,316.7600000,orb,2.0236,0.5039,64.2500,16.0000,,
2025-04-04T02:14:00+00:00,2025-04-04T02:24:00+00:00,long,-176.940000,ifvg,0.1364,1.0,0.7500,5.5000,2025-04-04T01:59:00+00:00,0.7500
2025-04-04T14:14:00+00:00,2025-04-04T18:54:00+00:00,short,511.760000,orb,1.7384,0.5563,131.2500,42.0000,,
2025-04-04T18:54:00+00:00,2025-04-04T19:59:00+00:00,long,-125.740000,ifvg,2.2828,1.3434,56.5000,33.2500,2025-04-04T18:44:00+00:00,5.2500
2025-04-07T12:34:00+00:00,2025-04-07T13:29:00+00:00,long,-291.990000,ifvg,0.3233,1.2112,18.7500,70.2500,2025-04-07T12:14:00+00:00,9.2500
2025-04-07T13:59:00+00:00,2025-04-07T14:14:00+00:00,long,1054.2600000,ifvg,2.9973,0.2581,278.7500,24.0000,2025-04-07T13:34:00+00:00,15.5000
2025-04-08T08:29:00+00:00,2025-04-08T11:19:00+00:00,short,-164.490000,ifvg,0.1615,1.0077,5.2500,32.7500,2025-04-08T06:44:00+00:00,1.7500
2025-04-08T13:59:00+00:00,2025-04-08T15:04:00+00:00,long,-246.990000,orb,0.5102,1.0357,25.0000,50.7500,,
2025-04-09T00:49:00+00:00,2025-04-09T01:49:00+00:00,long,139.8850000,ifvg,3.1333,0.9333,58.7500,17.5000,2025-04-09T00:14:00+00:00,1.2500
2025-04-09T11:09:00+00:00,2025-04-09T13:04:00+00:00,short,-293.240000,ifvg,0.5708,1.0472,33.2500,61.0000,2025-04-09T10:49:00+00:00,5.0000
2025-04-09T14:59:00+00:00,2025-04-09T16:59:00+00:00,short,-258.240000,orb,0.014,1.073,1.2500,95.5000,,
2025-04-09T17:29:00+00:00,2025-04-09T20:09:00+00:00,long,1064.260000,ifvg,0.8386,0.0351,227.2500,9.5000,2025-04-08T15:04:00+00:00,3.2500
2025-04-10T14:14:00+00:00,2025-04-10T16:09:00+00:00,short,594.2600000,orb,2.0252,0.7479,120.5000,44.5000,,
2025-04-10T17:34:00+00:00,2025-04-10T20:09:00+00:00,long,349.260000,ifvg,1.3826,0.1254,107.5000,9.7500,2025-04-10T17:19:00+00:00,13.2500
2025-04-11T05:19:00+00:00,2025-04-11T08:34:00+00:00,long,-194.490000,ifvg,1.7143,1.0519,66.0000,40.5000,2025-04-11T05:09:00+00:00,0.2500
2025-04-11T13:49:00+00:00,2025-04-11T14:24:00+00:00,long,-310.740000,orb,0.2632,1.1579,16.2500,71.5000,,
2025-04-11T14:39:00+00:00,2025-04-11T16:49:00+00:00,long,421.1350000,ifvg,2.5704,0.9926,86.7500,33.5000,2025-04-11T14:29:00+00:00,7.7500
2025-04-14T15:29:00+00:00,2025-04-14T20:09:00+00:00,short,3.010000,orb,0.8147,0.7026,47.2500,40.7500,,
2025-04-15T09:44:00+00:00,2025-04-15T10:09:00+00:00,short,-212.960000,ifvg,0.1707,1.0244,1.7500,10.5000,2025-04-15T09:34:00+00:00,1.0000
2025-04-15T11:54:00+00:00,2025-04-15T13:34:00+00:00,short,-140.740000,ifvg,0.5405,1.1802,15.0000,32.7500,2025-04-15T06:14:00+00:00,0.5000
2025-04-15T13:54:00+00:00,2025-04-15T14:19:00+00:00,long,-165.740000,orb,0.2366,1.0534,7.7500,34.5000,,
2025-04-15T14:24:00+00:00,2025-04-15T15:24:00+00:00,short,-128.240000,ifvg,0.297,1.0198,7.5000,25.7500,2025-04-15T13:44:00+00:00,3.5000
2025-04-16T03:34:00+00:00,2025-04-16T05:04:00+00:00,short,103.5200000,ifvg,3.6071,0.25,25.2500,1.7500,2025-04-16T03:19:00+00:00,0.7500
2025-04-16T11:59:00+00:00,2025-04-16T13:54:00+00:00,short,138.0100000,ifvg,2.2297,0.3919,41.2500,7.2500,2025-04-16T11:49:00+00:00,2.5000
2025-04-16T13:54:00+00:00,2025-04-16T15:24:00+00:00,short,-1.990000,orb,0.2782,1.1805,9.2500,39.2500,,
2025-04-17T11:34:00+00:00,2025-04-17T12:04:00+00:00,long,126.0200000,ifvg,3.2941,0.9412,28.0000,8.0000,2025-04-17T11:19:00+00:00,1.2500
2025-04-17T13:54:00+00:00,2025-04-17T14:24:00+00:00,long,-128.240000,orb,0.1485,1.1881,3.7500,30.0000,,
2025-04-17T14:49:00+00:00,2025-04-17T15:09:00+00:00,long,98.6350000,ifvg,1.7547,0.5849,23.2500,7.7500,2025-04-17T14:39:00+00:00,0.2500
2025-04-21T08:09:00+00:00,2025-04-21T10:34:00+00:00,long,-109.950000,ifvg,0.4118,0.9412,3.5000,8.0000,2025-04-21T07:59:00+00:00,1.0000
2025-04-21T10:34:00+00:00,2025-04-21T10:59:00+00:00,short,-206.940000,ifvg,0.1538,1.5,1.0000,9.7500,2025-04-21T10:04:00+00:00,0.2500
2025-04-21T11:19:00+00:00,2025-04-21T11:24:00+00:00,short,111.0200000,ifvg,2.2,0.1,16.5000,0.7500,2025-04-21T11:09:00+00:00,2.5000
2025-04-21T13:54:00+00:00,2025-04-21T14:44:00+00:00,short,170.510000,orb,1.2627,0.0169,37.2500,0.5000,,
2025-04-21T14:44:00+00:00,2025-04-21T15:09:00+00:00,long,-215.970000,ifvg,0.4643,1.0357,6.5000,14.5000,2025-04-21T14:24:00+00:00,4.0000
2025-04-22T08:54:00+00:00,2025-04-22T13:44:00+00:00,short,-206.480000,ifvg,0.9506,1.1481,19.2500,23.2500,2025-04-22T08:44:00+00:00,2.2500
2025-04-22T13:49:00+00:00,2025-04-22T16:04:00+00:00,long,274.2600000,orb,2.3364,0.4273,64.2500,11.7500,,
2025-04-23T05:29:00+00:00,2025-04-23T06:29:00+00:00,long,155.2800000,ifvg,1.7143,0.3571,12.0000,2.5000,2025-04-23T05:19:00+00:00,0.7500
2025-04-23T10:04:00+00:00,2025-04-23T13:39:00+00:00,long,339.8850000,ifvg,2.5138,0.0275,68.5000,0.7500,2025-04-23T09:34:00+00:00,1.0000
2025-04-23T15:29:00+00:00,2025-04-23T16:34:00+00:00,short,104.260000,orb,0.7441,0.1457,47.2500,9.2500,,
2025-04-23T16:34:00+00:00,2025-04-23T17:09:00+00:00,long,132.3850000,ifvg,1.7183,0.4507,30.5000,8.0000,2025-04-23T16:24:00+00:00,7.5000
2025-04-24T11:09:00+00:00,2025-04-24T12:39:00+00:00,short,-217.960000,ifvg,1.4762,1.0476,15.5000,11.0000,2025-04-24T10:59:00+00:00,2.5000
2025-04-24T13:49:00+00:00,2025-04-24T16:19:00+00:00,long,286.7600000,orb,2.1304,0.087,61.2500,2.5000,,
2025-04-25T01:44:00+00:00,2025-04-25T02:14:00+00:00,long,-197.960000,ifvg,0.0526,1.0263,0.5000,9.7500,2025-04-25T01:34:00+00:00,2.7500
2025-04-25T04:34:00+00:00,2025-04-25T06:44:00+00:00,short,-189.720000,ifvg,0.2449,1.0204,3.0000,12.5000,2025-04-25T04:14:00+00:00,5.2500
2025-04-25T13:49:00+00:00,2025-04-25T14:09:00+00:00,short,-212.220000,ifvg,0.6182,1.5273,8.5000,21.0000,2025-04-25T13:39:00+00:00,0.5000
2025-04-25T17:44:00+00:00,2025-04-25T17:54:00+00:00,short,85.5100000,ifvg,2.0652,0.1522,23.7500,1.7500,2025-04-25T17:24:00+00:00,1.7500
2025-04-28T13:59:00+00:00,2025-04-28T20:09:00+00:00,short,-10.740000,orb,1.7317,0.6667,53.2500,20.5000,,
2025-04-29T00:09:00+00:00,2025-04-29T00:49:00+00:00,short,-215.180000,ifvg,0.6087,1.1739,3.5000,6.7500,2025-04-28T23:49:00+00:00,0.2500
2025-04-29T04:34:00+00:00,2025-04-29T04:49:00+00:00,long,-197.450000,ifvg,0.0,1.2,0,9.0000,2025-04-29T04:09:00+00:00,0.2500
2025-04-29T04:54:00+00:00,2025-04-29T07:34:00+00:00,short,-197.220000,ifvg,0.3922,1.0392,5.0000,13.2500,2025-04-29T04:34:00+00:00,3.5000
2025-04-29T08:09:00+00:00,2025-04-29T08:44:00+00:00,short,-205.920000,ifvg,1.4211,1.0,6.7500,4.7500,2025-04-29T07:54:00+00:00,0.7500
2025-04-29T13:09:00+00:00,2025-04-29T13:49:00+00:00,short,-134.490000,ifvg,0.0943,1.1321,2.5000,30.0000,2025-04-28T19:09:00+00:00,2.2500
2025-04-29T14:44:00+00:00,2025-04-29T20:09:00+00:00,long,166.760000,ifvg,1.246,0.3413,39.2500,10.7500,2025-04-29T14:29:00+00:00,8.7500
2025-04-30T05:39:00+00:00,2025-04-30T07:14:00+00:00,long,148.5200000,ifvg,2.25,0.2,22.5000,2.0000,2025-04-30T05:24:00+00:00,0.5000
2025-04-30T08:29:00+00:00,2025-04-30T09:29:00+00:00,short,-223.930000,ifvg,0.7083,1.0417,4.2500,6.2500,2025-04-30T08:19:00+00:00,0.7500
2025-04-30T13:59:00+00:00,2025-04-30T15:04:00+00:00,short,-288.240000,orb,0.0393,1.1135,2.2500,63.7500,,
2025-04-30T17:34:00+00:00,2025-04-30T20:09:00+00:00,long,314.8850000,ifvg,2.6634,0.6733,67.2500,17.0000,2025-04-30T17:14:00+00:00,7.7500
2025-05-01T04:29:00+00:00,2025-05-01T05:14:00+00:00,short,-223.930000,ifvg,0.0417,1.0417,0.2500,6.2500,2025-05-01T03:44:00+00:00,1.2500
2025-05-01T05:34:00+00:00,2025-05-01T05:49:00+00:00,long,-103.470000,ifvg,0.26,0.54,3.2500,6.7500,2025-05-01T05:24:00+00:00,1.2500
2025-05-01T05:49:00+00:00,2025-05-01T07:14:00+00:00,short,-11.940000,ifvg,1.2692,0.7308,8.2500,4.7500,2025-05-01T05:39:00+00:00,1.0000
2025-05-01T07:14:00+00:00,2025-05-01T09:04:00+00:00,long,149.6550000,ifvg,2.7407,0.8889,18.5000,6.0000,2025-05-01T07:04:00+00:00,1.0000
2025-05-01T11:39:00+00:00,2025-05-01T12:29:00+00:00,long,-206.430000,ifvg,1.3636,1.3182,7.5000,7.2500,2025-05-01T11:29:00+00:00,1.5000
2025-05-01T13:14:00+00:00,2025-05-01T13:34:00+00:00,long,-216.200000,ifvg,0.9394,1.303,7.7500,10.7500,2025-05-01T13:04:00+00:00,0.5000
2025-05-01T14:04:00+00:00,2025-05-01T14:09:00+00:00,short,-113.240000,ifvg,0.4493,1.029,7.7500,17.7500,2025-05-01T13:54:00+00:00,1.7500
2025-05-01T17:09:00+00:00,2025-05-01T17:49:00+00:00,long,-148.980000,ifvg,0.3793,1.069,5.5000,15.5000,2025-05-01T16:49:00+00:00,0.7500
2025-05-02T04:44:00+00:00,2025-05-02T06:04:00+00:00,long,-200.970000,ifvg,0.1154,1.3462,1.5000,17.5000,2025-05-02T04:34:00+00:00,0.2500
2025-05-02T09:14:00+00:00,2025-05-02T12:34:00+00:00,long,129.7700000,ifvg,3.6857,0.4286,32.2500,3.7500,2025-05-02T09:04:00+00:00,3.0000
2025-05-02T13:49:00+00:00,2025-05-02T14:19:00+00:00,short,-196.480000,orb,0.6364,1.1948,12.2500,23.0000,,
2025-05-02T18:54:00+00:00,2025-05-02T20:09:00+00:00,short,1.530000,ifvg,1.1522,0.5217,13.2500,6.0000,2025-05-02T18:09:00+00:00,2.2500
2025-05-05T06:54:00+00:00,2025-05-05T07:19:00+00:00,short,132.0400000,ifvg,1.6111,0.1111,7.2500,0.5000,2025-05-05T06:44:00+00:00,0.5000
2025-05-05T14:09:00+00:00,2025-05-05T17:54:00+00:00,long,124.8850000,orb,1.9254,0.3731,32.2500,6.2500,,
2025-05-06T00:14:00+00:00,2025-05-06T00:24:00+00:00,long,-215.920000,ifvg,0.15,1.25,0.7500,6.2500,2025-05-05T23:59:00+00:00,0.5000
2025-05-06T07:14:00+00:00,2025-05-06T07:19:00+00:00,short,-239.800000,ifvg,0.625,1.375,1.2500,2.7500,2025-05-06T03:39:00+00:00,0.7500
2025-05-06T12:54:00+00:00,2025-05-06T13:19:00+00:00,long,-209.950000,ifvg,0.3438,1.0625,2.7500,8.5000,2025-05-06T12:39:00+00:00,0.7500
2025-05-06T13:39:00+00:00,2025-05-06T13:49:00+00:00,long,-141.480000,ifvg,0.0,1.2364,0,17.0000,2025-05-06T13:14:00+00:00,2.2500
2025-05-06T13:54:00+00:00,2025-05-06T14:14:00+00:00,short,-108.240000,ifvg,0.0471,1.0588,1.0000,22.5000,2025-05-06T13:39:00+00:00,7.0000
2025-05-06T16:19:00+00:00,2025-05-06T16:29:00+00:00,long,-84.490000,ifvg,0.0474,0.4211,2.2500,20.0000,2025-05-06T15:49:00+00:00,4.7500
2025-05-06T16:29:00+00:00,2025-05-06T20:09:00+00:00,short,88.010000,ifvg,0.8519,0.3426,23.0000,9.2500,2025-05-06T16:19:00+00:00,11.0000
2025-05-07T10:19:00+00:00,2025-05-07T12:09:00+00:00,long,-206.940000,ifvg,1.4231,1.8462,9.2500,12.0000,2025-05-07T10:09:00+00:00,1.0000
2025-05-07T13:59:00+00:00,2025-05-07T14:54:00+00:00,long,-201.480000,orb,0.2658,1.1772,5.2500,23.2500,,
2025-05-08T01:04:00+00:00,2025-05-08T01:09:00+00:00,long,121.5300000,ifvg,2.0909,0.8182,11.5000,4.5000,2025-05-08T00:49:00+00:00,1.0000
2025-05-08T08:19:00+00:00,2025-05-08T12:39:00+00:00,long,-193.470000,ifvg,1.42,1.38,17.7500,17.2500,2025-05-08T07:54:00+00:00,1.5000
2025-05-08T13:49:00+00:00,2025-05-08T15:24:00+00:00,short,-188.980000,orb,1.1622,1.2568,21.5000,23.2500,,
2025-05-09T08:04:00+00:00,2025-05-09T10:09:00+00:00,short,-192.960000,ifvg,0.5946,1.0,5.5000,9.2500,2025-05-09T07:39:00+00:00,1.7500
2025-05-09T14:19:00+00:00,2025-05-09T14:39:00+00:00,short,132.3850000,orb,1.662,0.0986,29.5000,1.7500,,
2025-05-12T14:29:00+00:00,2025-05-12T14:49:00+00:00,short,-70.740000,orb,0.3551,0.4348,12.2500,15.0000,,
2025-05-12T14:49:00+00:00,2025-05-12T20:09:00+00:00,long,169.260000,ifvg,1.9032,0.6989,44.2500,16.2500,2025-05-12T14:34:00+00:00,9.5000
2025-05-13T11:04:00+00:00,2025-05-13T11:19:00+00:00,short,-206.430000,ifvg,0.0,1.1364,0,6.2500,2025-05-13T10:49:00+00:00,0.5000
2025-05-13T13:54:00+00:00,2025-05-13T14:19:00+00:00,long,145.5100000,orb,2.2436,0.0641,43.7500,1.2500,,
2025-05-14T01:24:00+00:00,2025-05-14T02:09:00+00:00,long,-127.680000,ifvg,0.5909,0.5909,3.2500,3.2500,2025-05-14T01:09:00+00:00,2.0000
2025-05-14T02:09:00+00:00,2025-05-14T03:34:00+00:00,short,-182.960000,ifvg,0.0,1.0,0,8.7500,2025-05-14T01:49:00+00:00,1.2500
2025-05-14T10:29:00+00:00,2025-05-14T11:04:00+00:00,long,121.5300000,ifvg,3.0,0.1364,16.5000,0.7500,2025-05-14T09:59:00+00:00,0.7500
2025-05-14T13:49:00+00:00,2025-05-14T14:09:00+00:00,short,-182.960000,ifvg,0.5429,1.0286,4.7500,9.0000,2025-05-14T13:39:00+00:00,0.5000
2025-05-14T18:39:00+00:00,2025-05-14T20:09:00+00:00,long,-4.490000,ifvg,0.2277,0.4752,5.7500,12.0000,2025-05-14T16:44:00+00:00,1.7500
2025-05-15T02:59:00+00:00,2025-05-15T03:14:00+00:00,short,128.3400000,ifvg,1.5,0.375,3.0000,0.7500,2025-05-15T02:49:00+00:00,0.2500
2025-05-15T12:39:00+00:00,2025-05-15T13:49:00+00:00,long,-57.960000,ifvg,0.9167,0.8333,8.2500,7.5000,2025-05-15T12:14:00+00:00,0.2500
2025-05-15T13:49:00+00:00,2025-05-15T14:04:00+00:00,short,-167.220000,orb,0.2093,1.6744,2.2500,18.0000,,
2025-05-15T14:09:00+00:00,2025-05-15T17:39:00+00:00,long,198.010000,ifvg,1.9592,0.3878,48.0000,9.5000,2025-05-15T03:34:00+00:00,0.7500
2025-05-15T17:39:00+00:00,2025-05-15T18:19:00+00:00,short,107.2700000,ifvg,2.069,0.5172,15.0000,3.7500,2025-05-15T17:24:00+00:00,2.0000
2025-05-15T18:39:00+00:00,2025-05-15T19:29:00+00:00,long,-143.980000,ifvg,0.1607,1.2857,2.2500,18.0000,2025-05-15T18:04:00+00:00,0.5000
2025-05-16T03:44:00+00:00,2025-05-16T04:04:00+00:00,short,-220.360000,ifvg,0.1818,1.2727,0.5000,3.5000,2025-05-16T03:34:00+00:00,0.2500
2025-05-16T06:34:00+00:00,2025-05-16T07:29:00+00:00,short,-206.430000,ifvg,0.7273,1.1818,4.0000,6.5000,2025-05-16T06:09:00+00:00,1.2500
2025-05-16T11:39:00+00:00,2025-05-16T11:59:00+00:00,short,-195.920000,ifvg,0.0556,1.1111,0.2500,5.0000,2025-05-16T11:29:00+00:00,0.5000
2025-05-16T14:19:00+00:00,2025-05-16T14:44:00+00:00,long,-146.480000,orb,0.1404,1.5088,2.0000,21.5000,,
2025-05-19T11:54:00+00:00,2025-05-19T13:49:00+00:00,long,108.0100000,ifvg,2.6207,0.9655,38.0000,14.0000,2025-05-19T11:39:00+00:00,0.5000
2025-05-19T13:49:00+00:00,2025-05-19T14:04:00+00:00,long,180.5100000,orb,1.5641,0.1282,45.7500,3.7500,,
2025-05-20T05:49:00+00:00,2025-05-20T05:59:00+00:00,short,117.0400000,ifvg,2.5,0.125,10.0000,0.5000,2025-05-20T05:24:00+00:00,1.0000
2025-05-20T13:49:00+00:00,2025-05-20T14:39:00+00:00,short,-193.470000,orb,0.26,1.14,3.2500,14.2500,,
2025-05-21T00:14:00+00:00,2025-05-21T00:24:00+00:00,short,-195.920000,ifvg,0.6111,1.0,2.7500,4.5000,2025-05-21T00:04:00+00:00,1.0000
2025-05-21T02:39:00+00:00,2025-05-21T03:29:00+00:00,long,-206.430000,ifvg,0.0909,1.0455,0.5000,5.7500,2025-05-21T02:24:00+00:00,1.5000
2025-05-21T05:14:00+00:00,2025-05-21T05:44:00+00:00,long,-184.440000,ifvg,0.2609,1.087,1.5000,6.2500,2025-05-21T04:29:00+00:00,0.5000
2025-05-21T13:49:00+00:00,2025-05-21T17:04:00+00:00,long,121.020000,orb,1.3944,0.7324,24.7500,13.0000,,
2025-05-21T17:04:00+00:00,2025-05-21T17:09:00+00:00,short,121.5300000,ifvg,1.5909,0.5909,8.7500,3.2500,2025-05-21T16:54:00+00:00,0.7500
2025-05-21T17:44:00+00:00,2025-05-21T19:14:00+00:00,long,-195.740000,ifvg,0.2065,1.0581,8.0000,41.0000,2025-05-21T17:29:00+00:00,13.0000
2025-05-22T11:19:00+00:00,2025-05-22T11:49:00+00:00,short,107.2700000,ifvg,2.5517,0.3793,18.5000,2.7500,2025-05-22T11:09:00+00:00,0.2500
2025-05-22T13:59:00+00:00,2025-05-22T14:19:00+00:00,long,-18.240000,orb,0.3514,0.2252,9.7500,6.2500,,
2025-05-22T14:19:00+00:00,2025-05-22T14:59:00+00:00,short,91.1350000,ifvg,1.9388,0.1837,23.7500,2.2500,2025-05-22T14:04:00+00:00,0.7500
2025-05-23T01:09:00+00:00,2025-05-23T01:29:00+00:00,short,-203.880000,ifvg,0.25,1.1667,0.7500,3.5000,2025-05-23T00:59:00+00:00,0.5000
2025-05-23T02:39:00+00:00,2025-05-23T03:24:00+00:00,short,-214.390000,ifvg,0.7143,1.0714,2.5000,3.7500,2025-05-23T02:29:00+00:00,0.5000
2025-05-23T03:39:00+00:00,2025-05-23T04:49:00+00:00,short,139.5400000,ifvg,1.8421,0.7368,8.7500,3.5000,2025-05-23T03:24:00+00:00,0.5000
2025-05-23T05:39:00+00:00,2025-05-23T06:34:00+00:00,short,99.030000,ifvg,1.45,0.25,14.5000,2.5000,2025-05-23T05:24:00+00:00,0.5000
2025-05-23T06:34:00+00:00,2025-05-23T07:09:00+00:00,long,127.1550000,ifvg,3.0435,0.3478,17.5000,2.0000,2025-05-23T06:19:00+00:00,1.2500
2025-05-23T11:29:00+00:00,2025-05-23T11:59:00+00:00,short,333.6350000,ifvg,2.5981,0.215,69.5000,5.7500,2025-05-22T12:44:00+00:00,5.0000
2025-05-23T14:14:00+00:00,2025-05-23T19:24:00+00:00,long,89.260000,orb,1.3119,0.5596,35.7500,15.2500,,
2025-05-23T19:24:00+00:00,2025-05-23T20:09:00+00:00,short,87.3850000,ifvg,1.5106,0.8298,17.7500,9.7500,2025-05-23T19:14:00+00:00,0.7500
2025-05-26T12:44:00+00:00,2025-05-26T13:34:00+00:00,short,-215.920000,ifvg,1.25,1.05,6.2500,5.2500,2025-05-26T11:39:00+00:00,0.5000
2025-05-26T13:39:00+00:00,2025-05-26T13:59:00+00:00,long,-199.440000,ifvg,0.2,1.08,1.2500,6.7500,2025-05-26T13:29:00+00:00,0.5000
2025-05-26T14:34:00+00:00,2025-05-26T22:04:00+00:00,short,-80.970000,orb,0.8125,0.9792,9.7500,11.7500,,
2025-05-26T22:04:00+00:00,2025-05-27T01:09:00+00:00,long,-64.490000,ifvg,0.1728,0.6543,3.5000,13.2500,2025-05-26T13:59:00+00:00,3.0000
2025-05-27T01:09:00+00:00,2025-05-27T02:04:00+00:00,short,117.0400000,ifvg,2.6875,0.125,10.7500,0.5000,2025-05-27T00:59:00+00:00,1.5000
2025-05-27T14:04:00+00:00,2025-05-27T20:09:00+00:00,long,226.760000,orb,1.9286,0.0306,47.2500,0.7500,,
2025-05-28T13:54:00+00:00,2025-05-28T14:39:00+00:00,short,126.0200000,ifvg,2.2353,0.1765,19.0000,1.5000,2025-05-28T13:44:00+00:00,2.7500
2025-05-28T15:14:00+00:00,2025-05-28T16:19:00+00:00,long,115.9050000,ifvg,2.7143,0.4762,14.2500,2.5000,2025-05-28T14:59:00+00:00,0.5000
2025-05-29T06:29:00+00:00,2025-05-29T07:04:00+00:00,long,-199.440000,ifvg,0.32,1.64,2.0000,10.2500,2025-05-29T06:19:00+00:00,2.2500
2025-05-29T13:49:00+00:00,2025-05-29T20:09:00+00:00,short,51.760000,orb,1.5714,0.5804,44.0000,16.2500,,
2025-05-30T13:49:00+00:00,2025-05-30T14:09:00+00:00,short,-156.480000,orb,0.4865,0.9054,9.0000,16.7500,,
2025-05-30T14:09:00+00:00,2025-05-30T16:24:00+00:00,long,-108.240000,ifvg,0.5176,1.0706,11.0000,22.7500,2025-05-30T13:54:00+00:00,1.5000
2025-06-02T07:34:00+00:00,2025-06-02T08:09:00+00:00,short,-172.960000,ifvg,0.4848,1.0909,4.0000,9.0000,2025-06-02T07:09:00+00:00,3.0000
2025-06-02T13:59:00+00:00,2025-06-02T14:29:00+00:00,short,-188.980000,ifvg,0.8784,1.0811,16.2500,20.0000,2025-06-02T13:39:00+00:00,9.5000
2025-06-03T06:29:00+00:00,2025-06-03T06:54:00+00:00,long,127.5500000,ifvg,1.7143,0.8571,6.0000,3.0000,2025-06-03T06:19:00+00:00,0.2500
2025-06-03T07:39:00+00:00,2025-06-03T08:19:00+00:00,long,-197.960000,ifvg,0.0789,1.2105,0.7500,11.5000,2025-06-03T07:29:00+00:00,4.5000
2025-06-03T14:19:00+00:00,2025-06-03T15:44:00+00:00,long,100.5100000,orb,2.1296,0.2222,28.7500,3.0000,,
2025-06-04T01:04:00+00:00,2025-06-04T01:54:00+00:00,short,146.3000000,ifvg,2.0625,0.5,8.2500,2.0000,2025-06-04T00:54:00+00:00,0.5000
2025-06-04T06:24:00+00:00,2025-06-04T07:34:00+00:00,short,-215.180000,ifvg,0.2609,1.0,1.5000,5.7500,2025-06-04T06:09:00+00:00,3.0000
2025-06-04T14:09:00+00:00,2025-06-04T14:29:00+00:00,short,-159.720000,ifvg,0.0,1.3659,0,14.0000,2025-06-04T13:39:00+00:00,3.5000
2025-06-05T02:14:00+00:00,2025-06-05T07:14:00+00:00,short,-206.430000,ifvg,0.5455,1.0455,3.0000,5.7500,2025-06-05T01:59:00+00:00,0.5000
2025-06-05T13:49:00+00:00,2025-06-05T15:19:00+00:00,short,-138.240000,orb,0.4679,1.2569,12.7500,34.2500,,
2025-06-06T09:49:00+00:00,2025-06-06T11:04:00+00:00,short,132.0400000,ifvg,2.0,0.6111,9.0000,2.7500,2025-06-06T09:24:00+00:00,1.0000
2025-06-06T15:24:00+00:00,2025-06-06T20:09:00+00:00,short,-58.240000,ifvg,0.5673,0.8269,14.7500,21.5000,2025-06-06T13:24:00+00:00,1.5000
2025-06-08T22:19:00+00:00,2025-06-09T07:49:00+00:00,short,-197.960000,ifvg,0.7895,1.0263,7.5000,9.7500,2025-06-06T20:24:00+00:00,0.2500
2025-06-09T14:34:00+00:00,2025-06-09T20:09:00+00:00,long,-73.980000,orb,0.746,0.6667,11.7500,10.5000,,
2025-06-10T05:44:00+00:00,2025-06-10T07:44:00+00:00,long,-148.980000,ifvg,0.0517,1.4483,0.7500,21.0000,2025-06-10T05:34:00+00:00,5.0000
2025-06-10T11:39:00+00:00,2025-06-10T13:54:00+00:00,long,103.5200000,ifvg,2.25,1.4286,15.7500,10.0000,2025-06-10T11:14:00+00:00,1.7500
2025-06-10T14:19:00+00:00,2025-06-10T15:34:00+00:00,long,-5.970000,orb,0.5946,2.1892,5.5000,20.2500,,
2025-06-10T23:09:00+00:00,2025-06-10T23:14:00+00:00,short,-162.960000,ifvg,0.129,1.4194,1.0000,11.0000,2025-06-10T22:59:00+00:00,4.0000
2025-06-11T05:19:00+00:00,2025-06-11T06:39:00+00:00,long,-78.700000,ifvg,0.2308,0.7308,1.5000,4.7500,2025-06-11T04:44:00+00:00,0.2500
2025-06-11T06:39:00+00:00,2025-06-11T07:09:00+00:00,short,-172.450000,ifvg,0.0769,1.0769,0.5000,7.0000,2025-06-11T06:29:00+00:00,0.5000
2025-06-11T11:34:00+00:00,2025-06-11T12:04:00+00:00,long,103.5200000,ifvg,2.4643,1.1071,17.2500,7.7500,2025-06-11T11:24:00+00:00,2.5000
2025-06-11T14:19:00+00:00,2025-06-11T16:09:00+00:00,long,-181.480000,orb,0.3099,1.1831,5.5000,21.0000,,
2025-06-12T05:49:00+00:00,2025-06-12T05:59:00+00:00,short,-176.940000,ifvg,0.0909,1.2727,0.5000,7.0000,2025-06-12T04:54:00+00:00,0.2500
2025-06-12T13:49:00+00:00,2025-06-12T14:44:00+00:00,long,106.1350000,orb,1.9825,0.4211,28.2500,6.0000,,
2025-06-13T13:59:00+00:00,2025-06-13T15:24:00+00:00,short,-125.740000,orb,0.5051,1.1919,12.5000,29.5000,,
2025-06-13T18:59:00+00:00,2025-06-13T19:49:00+00:00,long,-153.980000,ifvg,0.3167,1.1833,4.7500,17.7500,2025-06-13T18:39:00+00:00,2.7500
2025-06-16T13:49:00+00:00,2025-06-16T20:09:00+00:00,long,66.020000,orb,1.2432,0.2838,23.0000,5.2500,,
2025-06-17T02:09:00+00:00,2025-06-17T02:54:00+00:00,short,-177.960000,ifvg,0.6176,1.8824,5.2500,16.0000,2025-06-17T01:54:00+00:00,2.0000
2025-06-17T14:09:00+00:00,2025-06-17T16:59:00+00:00,long,-143.980000,orb,0.4107,1.2143,5.7500,17.0000,,
2025-06-18T03:04:00+00:00,2025-06-18T06:09:00+00:00,short,-184.950000,ifvg,0.7857,1.0714,5.5000,7.5000,2025-06-18T02:29:00+00:00,0.5000
2025-06-18T13:39:00+00:00,2025-06-18T13:49:00+00:00,short,-76.480000,ifvg,0.1833,0.5333,2.7500,8.0000,2025-06-18T11:29:00+00:00,0.7500
2025-06-18T13:49:00+00:00,2025-06-18T14:29:00+00:00,long,109.8850000,orb,1.6441,0.0847,24.2500,1.2500,,
2025-06-19T10:29:00+00:00,2025-06-19T11:14:00+00:00,long,-66.480000,ifvg,0.64,0.52,8.0000,6.5000,2025-06-19T10:19:00+00:00,0.5000
2025-06-19T11:14:00+00:00,2025-06-19T11:54:00+00:00,short,-172.450000,ifvg,0.2692,1.0,1.7500,6.5000,2025-06-19T10:59:00+00:00,2.5000
2025-06-19T12:19:00+00:00,2025-06-19T12:49:00+00:00,long,-166.200000,ifvg,0.48,1.84,3.0000,11.5000,2025-06-19T12:09:00+00:00,1.7500
2025-06-19T13:49:00+00:00,2025-06-19T22:04:00+00:00,short,-120.740000,orb,0.0947,1.5368,2.2500,36.5000,,
2025-06-20T05:04:00+00:00,2025-06-20T05:54:00+00:00,short,-194.900000,ifvg,1.0,1.2143,3.5000,4.2500,2025-06-20T04:54:00+00:00,0.5000
2025-06-20T13:59:00+00:00,2025-06-20T14:24:00+00:00,short,68.6350000,orb,2.1395,0.1279,46.0000,2.7500,,
2025-06-23T01:24:00+00:00,2025-06-23T02:39:00+00:00,short,-163.470000,ifvg,0.0952,1.0238,1.0000,10.7500,2025-06-23T01:14:00+00:00,0.5000
2025-06-23T05:29:00+00:00,2025-06-23T06:04:00+00:00,short,-188.930000,ifvg,0.4,1.35,2.0000,6.7500,2025-06-23T05:19:00+00:00,0.5000
2025-06-23T13:49:00+00:00,2025-06-23T16:34:00+00:00,long,-130.740000,orb,0.8447,1.2233,21.7500,31.5000,,
2025-06-24T04:19:00+00:00,2025-06-24T05:34:00+00:00,short,-159.950000,ifvg,0.1212,1.2424,1.0000,10.2500,2025-06-24T03:29:00+00:00,0.5000
2025-06-24T08:39:00+00:00,2025-06-24T15:14:00+00:00,short,-29.490000,ifvg,0.8289,0.5921,15.7500,11.2500,2025-06-24T08:29:00+00:00,0.7500
2025-06-24T15:14:00+00:00,2025-06-24T19:34:00+00:00,long,117.3850000,orb,1.5714,0.0952,24.7500,1.5000,,
2025-06-25T14:14:00+00:00,2025-06-25T17:44:00+00:00,short,78.0100000,orb,1.7857,0.9524,18.7500,10.0000,,
2025-06-26T13:49:00+00:00,2025-06-26T14:04:00+00:00,short,-184.950000,orb,0.4643,1.5,3.2500,10.5000,,
2025-06-27T09:14:00+00:00,2025-06-27T11:04:00+00:00,short,-161.940000,ifvg,0.15,1.0,0.7500,5.0000,2025-06-27T09:04:00+00:00,0.2500
2025-06-27T13:49:00+00:00,2025-06-27T14:04:00+00:00,long,118.5200000,orb,2.0682,0.0909,22.7500,1.0000,,
2025-06-30T11:59:00+00:00,2025-06-30T12:29:00+00:00,short,127.5500000,ifvg,2.5833,0.3333,7.7500,1.0000,2025-06-30T11:49:00+00:00,0.2500
2025-06-30T14:39:00+00:00,2025-06-30T16:39:00+00:00,short,-83.980000,orb,0.15,0.7,2.2500,10.5000,,
2025-06-30T16:39:00+00:00,2025-06-30T17:59:00+00:00,long,-163.470000,ifvg,0.381,1.6667,4.0000,17.5000,2025-06-30T16:24:00+00:00,2.5000
2025-07-01T07:09:00+00:00,2025-07-01T07:19:00+00:00,long,-65.970000,ifvg,0.0,0.55,0,5.5000,2025-07-01T03:19:00+00:00,0.7500
2025-07-01T07:19:00+00:00,2025-07-01T12:19:00+00:00,short,103.5200000,ifvg,2.3571,0.4643,16.5000,3.2500,2025-07-01T07:09:00+00:00,2.0000
2025-07-01T13:24:00+00:00,2025-07-01T13:49:00+00:00,short,-5.970000,ifvg,0.0909,1.4242,0.7500,11.7500,2025-07-01T13:14:00+00:00,0.2500
2025-07-01T13:49:00+00:00,2025-07-01T14:29:00+00:00,long,-28.470000,orb,0.7442,0.4884,8.0000,5.2500,,
2025-07-01T14:29:00+00:00,2025-07-01T14:49:00+00:00,short,96.0200000,ifvg,1.5385,0.8077,10.0000,5.2500,2025-07-01T14:19:00+00:00,0.7500
2025-07-01T15:09:00+00:00,2025-07-01T16:14:00+00:00,long,91.1350000,ifvg,2.2245,0.551,27.2500,6.7500,2025-07-01T14:44:00+00:00,0.5000
2025-07-02T13:39:00+00:00,2025-07-02T14:04:00+00:00,short,71.020000,ifvg,0.1795,0.2436,3.5000,4.7500,2025-07-02T13:09:00+00:00,3.0000
2025-07-02T14:09:00+00:00,2025-07-02T15:49:00+00:00,long,78.0100000,orb,2.0,0.0714,21.0000,0.7500,,
2025-07-03T02:54:00+00:00,2025-07-03T03:29:00+00:00,long,132.0400000,ifvg,2.1111,0.1667,9.5000,0.7500,2025-07-03T02:34:00+00:00,1.0000
2025-07-03T06:04:00+00:00,2025-07-03T06:49:00+00:00,long,130.5600000,ifvg,1.8333,0.0833,5.5000,0.2500,2025-07-03T05:49:00+00:00,0.2500
2025-07-03T08:09:00+00:00,2025-07-03T08:59:00+00:00,short,117.0400000,ifvg,2.125,0.3125,8.5000,1.2500,2025-07-03T07:29:00+00:00,0.2500
2025-07-03T13:49:00+00:00,2025-07-03T15:44:00+00:00,long,109.8850000,orb,1.7288,0.1356,25.5000,2.0000,,
2025-07-03T16:54:00+00:00,2025-07-03T22:04:00+00:00,short,110.2800000,ifvg,2.65,0.85,13.2500,4.2500,2025-07-03T16:44:00+00:00,0.2500
2025-07-04T08:29:00+00:00,2025-07-04T08:34:00+00:00,long,-176.940000,ifvg,0.0,1.0909,0,6.0000,2025-07-04T08:19:00+00:00,0.7500
2025-07-04T13:54:00+00:00,2025-07-06T22:04:00+00:00,long,114.7700000,orb,3.3226,0.6774,25.7500,5.2500,,
2025-07-07T08:14:00+00:00,2025-07-07T08:19:00+00:00,short,-237.250000,ifvg,1.0,1.0,1.5000,1.5000,2025-07-07T03:49:00+00:00,1.2500
2025-07-07T14:14:00+00:00,2025-07-07T16:19:00+00:00,short,91.1350000,orb,2.898,0.5714,35.5000,7.0000,,
2025-07-08T07:09:00+00:00,2025-07-08T07:24:00+00:00,short,128.3400000,ifvg,1.625,0.75,3.2500,1.5000,2025-07-07T16:04:00+00:00,2.2500
2025-07-08T14:04:00+00:00,2025-07-08T14:09:00+00:00,short,114.7700000,orb,0.9714,1.1714,8.5000,10.2500,,
2025-07-08T14:39:00+00:00,2025-07-08T14:49:00+00:00,long,-178.700000,ifvg,0.1852,1.7778,1.2500,12.0000,2025-07-08T14:29:00+00:00,1.0000
2025-07-09T07:19:00+00:00,2025-07-09T07:49:00+00:00,short,-176.940000,ifvg,0.0455,1.1818,0.2500,6.5000,2025-07-09T06:59:00+00:00,2.2500
2025-07-09T13:49:00+00:00,2025-07-09T14:34:00+00:00,long,-99.490000,orb,0.0897,1.2436,1.7500,24.2500,,
2025-07-10T13:54:00+00:00,2025-07-10T14:39:00+00:00,short,-192.960000,orb,0.4865,1.1081,4.5000,10.2500,,
2025-07-11T00:09:00+00:00,2025-07-11T00:14:00+00:00,short,129.0800000,ifvg,1.5556,0.3333,3.5000,0.7500,2025-07-10T23:59:00+00:00,0.5000
2025-07-11T06:39:00+00:00,2025-07-11T07:24:00+00:00,short,127.1550000,ifvg,2.5652,0.8696,14.7500,5.0000,2025-07-11T06:29:00+00:00,0.5000
2025-07-11T14:14:00+00:00,2025-07-11T14:29:00+00:00,long,81.7600000,orb,0.6883,0.4805,13.2500,9.2500,,
2025-07-14T07:39:00+00:00,2025-07-14T07:54:00+00:00,long,115.9050000,ifvg,2.5238,0.0952,13.2500,0.5000,2025-07-14T07:24:00+00:00,1.0000
2025-07-14T14:24:00+00:00,2025-07-14T14:34:00+00:00,long,-103.980000,orb,0.0,0.7143,0,12.5000,,
2025-07-14T14:34:00+00:00,2025-07-14T14:59:00+00:00,short,-172.960000,ifvg,0.0909,1.2121,0.7500,10.0000,2025-07-14T14:24:00+00:00,1.7500
2025-07-15T12:39:00+00:00,2025-07-15T13:44:00+00:00,long,-162.960000,ifvg,1.0645,1.6774,8.2500,13.0000,2025-07-15T12:14:00+00:00,0.7500
2025-07-15T13:59:00+00:00,2025-07-15T20:09:00+00:00,short,194.260000,orb,1.7826,0.3478,41.0000,8.0000,,
2025-07-16T11:54:00+00:00,2025-07-16T12:34:00+00:00,long,114.7700000,ifvg,2.5161,0.1613,19.5000,1.2500,2025-07-16T11:39:00+00:00,0.7500
2025-07-16T13:49:00+00:00,2025-07-16T15:19:00+00:00,short,109.8850000,orb,1.661,0.5424,24.5000,8.0000,,
2025-07-16T15:49:00+00:00,2025-07-16T17:04:00+00:00,long,136.1350000,ifvg,2.3014,0.3425,42.0000,6.2500,2025-07-16T15:39:00+00:00,3.7500
2025-07-17T00:34:00+00:00,2025-07-17T02:44:00+00:00,long,-199.440000,ifvg,0.4,1.0,2.5000,6.2500,2025-07-16T22:34:00+00:00,0.5000
2025-07-17T04:59:00+00:00,2025-07-17T05:49:00+00:00,long,115.9050000,ifvg,3.0952,0.0476,16.2500,0.2500,2025-07-17T04:34:00+00:00,0.2500
2025-07-17T07:54:00+00:00,2025-07-17T12:54:00+00:00,short,-184.950000,ifvg,1.1429,1.4286,8.0000,10.0000,2025-07-17T07:39:00+00:00,0.5000
2025-07-17T13:49:00+00:00,2025-07-17T20:09:00+00:00,long,203.520000,orb,1.4028,0.6389,25.2500,11.5000,,
2025-07-18T13:24:00+00:00,2025-07-18T13:29:00+00:00,short,-220.870000,ifvg,0.0,2.1667,0,6.5000,2025-07-18T13:14:00+00:00,0.7500
2025-07-18T14:09:00+00:00,2025-07-18T15:04:00+00:00,short,137.2700000,orb,2.0,0.0811,18.5000,0.7500,,
2025-07-21T13:34:00+00:00,2025-07-21T13:49:00+00:00,long,121.5300000,ifvg,2.9545,0.1818,16.2500,1.0000,2025-07-21T13:04:00+00:00,1.0000
2025-07-21T13:49:00+00:00,2025-07-21T13:59:00+00:00,long,272.0400000,orb,0.95,1.1667,14.2500,17.5000,,
2025-07-22T13:49:00+00:00,2025-07-22T13:54:00+00:00,short,89.2600000,orb,1.5208,0.2083,18.2500,2.5000,,
2025-07-22T18:44:00+00:00,2025-07-22T20:09:00+00:00,long,-33.980000,ifvg,0.2532,0.2658,5.0000,5.2500,2025-07-22T17:49:00+00:00,1.5000
2025-07-23T00:09:00+00:00,2025-07-23T05:09:00+00:00,short,-191.940000,ifvg,1.375,1.0,8.2500,6.0000,2025-07-22T23:59:00+00:00,1.7500
2025-07-23T13:49:00+00:00,2025-07-23T15:54:00+00:00,short,-138.980000,orb,0.463,1.6296,6.2500,22.0000,,
2025-07-24T00:09:00+00:00,2025-07-24T13:49:00+00:00,short,-206.940000,ifvg,1.4615,1.4231,9.5000,9.2500,2025-07-23T23:39:00+00:00,0.5000
2025-07-24T13:49:00+00:00,2025-07-24T14:19:00+00:00,long,-189.720000,orb,0.0816,1.0,1.0000,12.2500,,
2025-07-25T14:19:00+00:00,2025-07-25T16:29:00+00:00,long,114.7700000,orb,2.0645,0.6129,16.0000,4.7500,,
2025-07-28T14:14:00+00:00,2025-07-28T15:19:00+00:00,long,-192.960000,orb,0.0541,1.5946,0.5000,14.7500,,
2025-07-29T13:49:00+00:00,2025-07-29T15:19:00+00:00,short,144.7700000,orb,2.5641,0.5385,25.0000,5.2500,,
2025-07-30T12:14:00+00:00,2025-07-30T14:19:00+00:00,short,-82.960000,ifvg,0.6,0.7143,5.2500,6.2500,2025-07-30T10:04:00+00:00,2.2500
2025-07-30T14:19:00+00:00,2025-07-30T15:14:00+00:00,long,-187.960000,orb,0.75,1.2222,6.7500,11.0000,,
2025-07-30T18:44:00+00:00,2025-07-30T18:54:00+00:00,short,93.0100000,ifvg,3.04,0.32,38.0000,4.0000,2025-07-30T18:34:00+00:00,1.0000
2025-07-31T14:54:00+00:00,2025-07-31T18:19:00+00:00,short,241.7600000,orb,2.4124,0.4639,58.5000,11.2500,,
2025-08-01T12:39:00+00:00,2025-08-01T13:39:00+00:00,short,136.1350000,ifvg,3.0137,0.863,55.0000,15.7500,2025-08-01T11:19:00+00:00,3.0000
2025-08-01T13:49:00+00:00,2025-08-01T20:09:00+00:00,short,-16.990000,orb,0.4069,0.7206,20.7500,36.7500,,
2025-08-03T23:39:00+00:00,2025-08-03T23:49:00+00:00,short,-191.940000,ifvg,0.4583,1.0,2.7500,6.0000,2025-08-03T23:24:00+00:00,1.5000
2025-08-04T13:49:00+00:00,2025-08-04T20:09:00+00:00,long,164.260000,orb,1.2389,0.1858,35.0000,5.2500,,
2025-08-05T13:54:00+00:00,2025-08-05T14:04:00+00:00,long,-174.720000,orb,0.0,1.5778,0,17.7500,,
2025-08-06T00:09:00+00:00,2025-08-06T01:44:00+00:00,long,107.2700000,ifvg,2.7778,0.4167,25.0000,3.7500,2025-08-05T23:59:00+00:00,1.0000
2025-08-06T08:24:00+00:00,2025-08-06T09:39:00+00:00,short,103.5200000,ifvg,2.6071,0.2143,18.2500,1.5000,2025-08-06T07:19:00+00:00,2.0000
2025-08-06T12:24:00+00:00,2025-08-06T12:34:00+00:00,long,-215.180000,ifvg,0.0,1.0,0,5.7500,2025-08-06T12:14:00+00:00,1.0000
2025-08-06T13:29:00+00:00,2025-08-06T13:34:00+00:00,short,136.9250000,ifvg,1.6,1.0667,6.0000,4.0000,2025-08-06T13:19:00+00:00,0.2500
2025-08-06T13:54:00+00:00,2025-08-06T14:19:00+00:00,long,-38.980000,orb,0.6491,0.6491,9.2500,9.2500,,
2025-08-06T14:19:00+00:00,2025-08-06T14:24:00+00:00,short,107.2700000,ifvg,1.6897,0.3793,12.2500,2.7500,2025-08-06T14:09:00+00:00,1.0000
2025-08-06T14:44:00+00:00,2025-08-06T15:24:00+00:00,long,156.0200000,ifvg,2.6905,0.2619,28.2500,2.7500,2025-08-06T14:29:00+00:00,1.2500
2025-08-07T06:44:00+00:00,2025-08-07T07:14:00+00:00,short,-164.160000,ifvg,0.8947,0.6842,4.2500,3.2500,2025-08-07T06:29:00+00:00,1.2500
2025-08-07T07:14:00+00:00,2025-08-07T08:04:00+00:00,long,149.6550000,ifvg,2.8519,0.5556,19.2500,3.7500,2025-08-07T07:04:00+00:00,0.2500
2025-08-07T13:49:00+00:00,2025-08-07T14:24:00+00:00,short,96.7600000,orb,2.0,0.8846,26.0000,11.5000,,
2025-08-07T16:59:00+00:00,2025-08-07T18:19:00+00:00,long,-181.480000,ifvg,0.3662,1.1972,6.5000,21.2500,2025-08-07T16:49:00+00:00,8.5000
2025-08-08T15:54:00+00:00,2025-08-08T18:04:00+00:00,long,115.5100000,ifvg,1.0278,0.0417,18.5000,0.7500,2025-08-08T15:44:00+00:00,2.2500
2025-08-11T11:04:00+00:00,2025-08-11T13:29:00+00:00,long,-187.960000,ifvg,0.3333,1.1111,3.0000,10.0000,2025-08-11T10:54:00+00:00,0.5000
2025-08-11T14:19:00+00:00,2025-08-11T14:49:00+00:00,long,-170.970000,orb,0.0227,1.3182,0.2500,14.5000,,
2025-08-12T05:09:00+00:00,2025-08-12T05:39:00+00:00,short,154.5400000,ifvg,1.7619,0.619,9.2500,3.2500,2025-08-12T04:44:00+00:00,1.5000
2025-08-12T10:19:00+00:00,2025-08-12T10:29:00+00:00,long,-237.860000,ifvg,0.0833,1.0,0.2500,3.0000,2025-08-12T10:09:00+00:00,0.2500
2025-08-12T13:39:00+00:00,2025-08-12T13:49:00+00:00,long,-113.240000,ifvg,0.0189,0.6541,0.7500,26.0000,2025-08-12T13:09:00+00:00,2.5000
2025-08-12T13:49:00+00:00,2025-08-12T14:54:00+00:00,short,-116.990000,orb,0.3478,1.163,8.0000,26.7500,,
2025-08-13T06:39:00+00:00,2025-08-13T07:24:00+00:00,long,132.0400000,ifvg,2.7222,0.5,12.2500,2.2500,2025-08-13T06:14:00+00:00,0.2500
2025-08-13T13:49:00+00:00,2025-08-13T14:24:00+00:00,long,-215.970000,orb,0.2321,1.0179,3.2500,14.2500,,
2025-08-13T15:59:00+00:00,2025-08-13T17:09:00+00:00,short,23.010000,ifvg,0.2959,0.2041,7.2500,5.0000,2025-08-13T15:49:00+00:00,0.2500
2025-08-13T17:09:00+00:00,2025-08-13T17:39:00+00:00,long,3.060000,ifvg,1.36,0.36,8.5000,2.2500,2025-08-13T16:49:00+00:00,0.2500
2025-08-13T17:39:00+00:00,2025-08-13T18:14:00+00:00,short,-174.720000,ifvg,0.0667,1.1111,0.7500,12.5000,2025-08-13T17:29:00+00:00,2.0000
2025-08-14T04:29:00+00:00,2025-08-14T08:24:00+00:00,short,-232.400000,ifvg,1.2941,1.1176,5.5000,4.7500,2025-08-14T04:14:00+00:00,0.2500
2025-08-14T12:29:00+00:00,2025-08-14T12:34:00+00:00,short,153.0600000,ifvg,8.5,1.0714,29.7500,3.7500,2025-08-14T12:19:00+00:00,0.7500
2025-08-14T12:39:00+00:00,2025-08-14T12:54:00+00:00,short,-197.960000,ifvg,0.0263,1.1842,0.2500,11.2500,2025-08-14T08:04:00+00:00,1.2500
2025-08-14T15:54:00+00:00,2025-08-14T19:59:00+00:00,long,96.7600000,ifvg,0.8947,0.7105,17.0000,13.5000,2025-08-14T15:34:00+00:00,1.2500
2025-08-15T13:49:00+00:00,2025-08-15T20:09:00+00:00,short,48.010000,orb,0.6292,0.4494,14.0000,10.0000,,
2025-08-17T23:54:00+00:00,2025-08-18T01:54:00+00:00,short,-232.400000,ifvg,0.0588,1.1176,0.2500,4.7500,2025-08-17T23:39:00+00:00,0.5000
2025-08-18T06:19:00+00:00,2025-08-18T08:29:00+00:00,short,122.2700000,ifvg,1.8485,0.0909,15.2500,0.7500,2025-08-17T22:14:00+00:00,1.7500
2025-08-18T13:19:00+00:00,2025-08-18T13:34:00+00:00,short,-236.100000,ifvg,1.0,1.7273,2.7500,4.7500,2025-08-18T13:09:00+00:00,0.2500
2025-08-18T13:59:00+00:00,2025-08-18T14:09:00+00:00,short,-102.960000,orb,0.0,0.8333,0,7.5000,,
2025-08-18T14:09:00+00:00,2025-08-18T14:49:00+00:00,long,-197.450000,ifvg,1.0333,1.2,7.7500,9.0000,2025-08-18T13:59:00+00:00,0.5000
2025-08-18T14:59:00+00:00,2025-08-18T16:49:00+00:00,long,-202.960000,ifvg,0.2051,1.1538,2.0000,11.2500,2025-08-18T14:49:00+00:00,0.2500
2025-08-18T17:44:00+00:00,2025-08-18T19:49:00+00:00,short,-209.950000,ifvg,0.5625,1.0938,4.5000,8.7500,2025-08-18T17:34:00+00:00,0.2500
2025-08-19T14:04:00+00:00,2025-08-19T14:44:00+00:00,long,-109.490000,orb,0.0,1.0581,0,22.7500,,
2025-08-19T17:19:00+00:00,2025-08-19T20:09:00+00:00,long,202.550000,ifvg,1.2581,0.9677,9.7500,7.5000,2025-08-19T17:09:00+00:00,0.5000
2025-08-20T08:39:00+00:00,2025-08-20T10:39:00+00:00,long,2.550000,ifvg,0.931,0.4483,6.7500,3.2500,2025-08-20T08:19:00+00:00,1.2500
2025-08-20T10:39:00+00:00,2025-08-20T10:49:00+00:00,short,-220.870000,ifvg,0.0833,1.0833,0.2500,3.2500,2025-08-20T10:24:00+00:00,0.7500
2025-08-20T13:54:00+00:00,2025-08-20T14:54:00+00:00,short,126.7600000,ifvg,1.5147,0.4706,25.7500,8.0000,2025-08-20T08:39:00+00:00,3.0000
2025-08-21T06:04:00+00:00,2025-08-21T08:54:00+00:00,long,-191.940000,ifvg,0.875,1.25,5.2500,7.5000,2025-08-21T05:14:00+00:00,2.5000
2025-08-21T13:59:00+00:00,2025-08-21T14:04:00+00:00,short,-141.480000,orb,0.3818,1.3273,5.2500,18.2500,,
2025-08-21T14:09:00+00:00,2025-08-21T15:59:00+00:00,long,-79.490000,ifvg,0.3505,0.7629,8.5000,18.5000,2025-08-21T11:54:00+00:00,0.2500
2025-08-21T15:59:00+00:00,2025-08-21T20:09:00+00:00,short,-1.480000,ifvg,1.0143,0.5429,17.7500,9.5000,2025-08-21T15:29:00+00:00,0.7500
2025-08-22T05:14:00+00:00,2025-08-22T06:39:00+00:00,short,138.4050000,ifvg,3.68,0.2,23.0000,1.2500,2025-08-22T04:54:00+00:00,0.2500
2025-08-22T06:59:00+00:00,2025-08-22T08:09:00+00:00,long,83.6350000,ifvg,2.5333,0.1778,28.5000,2.0000,2025-08-22T06:49:00+00:00,0.5000
2025-08-22T13:49:00+00:00,2025-08-22T14:09:00+00:00,long,234.2600000,orb,2.0319,0.6277,47.7500,14.7500,,
2025-08-22T17:09:00+00:00,2025-08-22T19:39:00+00:00,long,-209.950000,ifvg,1.2812,1.25,10.2500,10.0000,2025-08-22T16:59:00+00:00,1.5000
2025-08-25T00:09:00+00:00,2025-08-25T00:39:00+00:00,long,-214.440000,ifvg,0.037,1.0,0.2500,6.7500,2025-08-24T23:54:00+00:00,1.5000
2025-08-25T08:49:00+00:00,2025-08-25T12:34:00+00:00,short,114.7700000,ifvg,1.5484,0.0968,12.0000,0.7500,2025-08-25T08:34:00+00:00,0.2500
2025-08-25T14:09:00+00:00,2025-08-25T19:49:00+00:00,long,-217.960000,orb,0.7857,1.0238,8.2500,10.7500,,
2025-08-26T12:04:00+00:00,2025-08-26T13:34:00+00:00,long,115.9050000,ifvg,1.9048,0.8571,10.0000,4.5000,2025-08-26T11:39:00+00:00,2.0000
2025-08-26T13:49:00+00:00,2025-08-26T14:04:00+00:00,short,-170.970000,orb,0.0455,1.0227,0.5000,11.2500,,
2025-08-27T05:14:00+00:00,2025-08-27T07:29:00+00:00,short,146.3000000,ifvg,1.5,0.8125,6.0000,3.2500,2025-08-27T01:39:00+00:00,0.7500
2025-08-27T12:39:00+00:00,2025-08-27T14:09:00+00:00,short,-122.450000,ifvg,1.1786,0.7143,8.2500,5.0000,2025-08-27T09:09:00+00:00,0.2500
2025-08-27T14:09:00+00:00,2025-08-27T20:09:00+00:00,long,132.780000,orb,1.4082,0.2653,17.2500,3.2500,,
2025-08-28T00:44:00+00:00,2025-08-28T01:54:00+00:00,long,147.0400000,ifvg,2.9,0.35,14.5000,1.7500,2025-08-28T00:24:00+00:00,0.5000
2025-08-28T10:49:00+00:00,2025-08-28T13:34:00+00:00,short,-148.980000,ifvg,0.2414,1.0,3.5000,14.5000,2025-08-28T06:39:00+00:00,1.5000
2025-08-28T15:29:00+00:00,2025-08-28T16:14:00+00:00,short,-193.470000,ifvg,0.0,1.26,0,15.7500,2025-08-28T15:19:00+00:00,1.2500
2025-08-29T13:49:00+00:00,2025-08-29T13:59:00+00:00,short,78.0100000,orb,1.6857,0.1571,29.5000,2.7500,,
2025-09-01T03:24:00+00:00,2025-09-01T04:54:00+00:00,short,-13.470000,ifvg,0.375,0.1429,5.2500,2.0000,2025-09-01T03:09:00+00:00,0.5000
2025-09-01T04:54:00+00:00,2025-09-01T05:14:00+00:00,long,-215.920000,ifvg,0.05,1.3,0.2500,6.5000,2025-09-01T04:39:00+00:00,1.2500
2025-09-01T12:49:00+00:00,2025-09-01T13:49:00+00:00,short,-122.960000,ifvg,0.4054,0.6757,3.7500,6.2500,2025-09-01T12:39:00+00:00,0.5000
2025-09-01T13:49:00+00:00,2025-09-01T23:24:00+00:00,long,-197.960000,orb,0.6842,1.2105,6.5000,11.5000,,
2025-09-02T04:39:00+00:00,2025-09-02T04:49:00+00:00,short,-231.840000,ifvg,0.0,1.3,0,3.2500,2025-09-02T04:29:00+00:00,0.2500
2025-09-02T05:54:00+00:00,2025-09-02T07:14:00+00:00,long,-206.430000,ifvg,1.1818,1.5909,6.5000,8.7500,2025-09-02T05:14:00+00:00,1.7500
2025-09-02T13:59:00+00:00,2025-09-02T15:19:00+00:00,long,-120.740000,ifvg,0.4316,1.1895,10.2500,28.2500,2025-09-02T12:49:00+00:00,2.5000
2025-09-03T06:14:00+00:00,2025-09-03T06:34:00+00:00,long,136.9250000,ifvg,1.5333,0.3333,5.7500,1.2500,2025-09-03T05:54:00+00:00,0.2500
2025-09-03T12:09:00+00:00,2025-09-03T12:34:00+00:00,long,-238.320000,ifvg,0.8889,4.3333,2.0000,9.7500,2025-09-03T09:14:00+00:00,1.0000
2025-09-03T13:59:00+00:00,2025-09-03T14:29:00+00:00,short,-200.970000,orb,0.2692,1.0,3.5000,13.0000,,
2025-09-04T00:09:00+00:00,2025-09-04T00:19:00+00:00,long,146.3000000,ifvg,1.625,0.4375,6.5000,1.7500,2025-09-03T23:39:00+00:00,1.2500
2025-09-04T05:29:00+00:00,2025-09-04T07:39:00+00:00,short,-199.440000,ifvg,0.6,1.16,3.7500,7.2500,2025-09-04T04:19:00+00:00,0.7500
2025-09-04T14:04:00+00:00,2025-09-04T14:29:00+00:00,short,-129.720000,orb,0.46,0.84,5.7500,10.5000,,
2025-09-04T14:29:00+00:00,2025-09-04T17:09:00+00:00,long,96.7600000,ifvg,2.5962,0.0577,33.7500,0.7500,2025-09-04T14:09:00+00:00,4.5000
2025-09-05T13:54:00+00:00,2025-09-05T14:04:00+00:00,short,129.7700000,orb,2.6857,0.0286,23.5000,0.2500,,
2025-09-08T02:09:00+00:00,2025-09-08T07:44:00+00:00,short,-203.700000,ifvg,0.7097,1.0,5.5000,7.7500,2025-09-08T01:44:00+00:00,1.2500
2025-09-08T07:59:00+00:00,2025-09-08T08:19:00+00:00,short,-215.920000,ifvg,0.25,1.0,1.2500,5.0000,2025-09-08T07:49:00+00:00,0.7500
2025-09-08T14:19:00+00:00,2025-09-08T14:34:00+00:00,short,-182.220000,orb,0.1064,1.0851,1.2500,12.7500,,
2025-09-08T14:34:00+00:00,2025-09-08T14:59:00+00:00,long,127.1550000,ifvg,1.7826,0.6087,10.2500,3.5000,2025-09-08T14:24:00+00:00,0.2500
2025-09-09T11:39:00+00:00,2025-09-09T13:04:00+00:00,long,-197.910000,ifvg,1.0,2.25,4.0000,9.0000,2025-09-09T11:24:00+00:00,0.7500
2025-09-09T13:54:00+00:00,2025-09-09T14:04:00+00:00,short,-182.960000,orb,0.2571,1.0,2.2500,8.7500,,
2025-09-10T12:39:00+00:00,2025-09-10T13:34:00+00:00,long,-159.720000,ifvg,0.439,1.0732,4.5000,11.0000,2025-09-10T12:19:00+00:00,1.0000
2025-09-10T14:09:00+00:00,2025-09-10T15:19:00+00:00,long,-146.480000,ifvg,0.1467,1.04,2.7500,19.5000,2025-09-10T13:34:00+00:00,3.0000
2025-09-10T17:09:00+00:00,2025-09-10T17:29:00+00:00,long,-170.970000,ifvg,0.0227,1.0909,0.2500,12.0000,2025-09-10T16:24:00+00:00,0.2500
2025-09-11T13:54:00+00:00,2025-09-11T15:19:00+00:00,long,108.0100000,orb,2.069,0.1724,30.0000,2.5000,,
2025-09-12T13:59:00+00:00,2025-09-12T15:09:00+00:00,long,7.040000,orb,0.6875,0.8125,5.5000,6.5000,,
2025-09-12T15:09:00+00:00,2025-09-12T15:44:00+00:00,short,124.5400000,ifvg,1.8824,0.5882,8.0000,2.5000,2025-09-12T14:59:00+00:00,0.2500
2025-09-15T13:54:00+00:00,2025-09-15T17:24:00+00:00,long,-152.220000,orb,0.5897,1.0256,5.7500,10.0000,,
2025-09-16T09:04:00+00:00,2025-09-16T09:39:00+00:00,short,139.1950000,ifvg,2.9091,0.3636,8.0000,1.0000,2025-09-16T08:54:00+00:00,0.7500
2025-09-16T13:54:00+00:00,2025-09-16T20:09:00+00:00,short,-1.480000,orb,0.7167,0.3167,10.7500,4.7500,,
2025-09-17T08:54:00+00:00,2025-09-17T14:04:00+00:00,long,-27.960000,ifvg,1.1053,0.5789,10.5000,5.5000,2025-09-17T08:44:00+00:00,2.2500
2025-09-17T14:04:00+00:00,2025-09-17T18:04:00+00:00,short,-155.970000,orb,1.4,2.25,14.0000,22.5000,,
2025-09-17T18:39:00+00:00,2025-09-17T19:04:00+00:00,short,-11.990000,ifvg,0.8814,0.8475,26.0000,25.0000,2025-09-17T18:29:00+00:00,1.2500
2025-09-17T19:09:00+00:00,2025-09-17T19:14:00+00:00,long,-199.440000,ifvg,1.2,2.8,7.5000,17.5000,2025-09-16T23:19:00+00:00,0.2500
2025-09-18T09:19:00+00:00,2025-09-18T11:49:00+00:00,short,132.7800000,ifvg,2.9167,0.75,17.5000,4.5000,2025-09-18T08:59:00+00:00,0.5000
2025-09-18T13:49:00+00:00,2025-09-18T14:04:00+00:00,short,-68.240000,ifvg,0.1183,0.3432,5.0000,14.5000,2025-09-17T22:49:00+00:00,0.7500
2025-09-18T14:09:00+00:00,2025-09-18T20:09:00+00:00,long,3.010000,ifvg,0.6064,0.6596,14.2500,15.5000,2025-09-18T13:09:00+00:00,3.2500
2025-09-19T13:54:00+00:00,2025-09-19T14:49:00+00:00,long,-182.220000,ifvg,0.0392,1.2745,0.5000,16.2500,2025-09-19T13:39:00+00:00,5.5000
2025-09-22T01:14:00+00:00,2025-09-22T06:44:00+00:00,long,-197.680000,ifvg,0.619,1.2381,3.2500,6.5000,2025-09-22T00:59:00+00:00,1.2500
2025-09-22T12:09:00+00:00,2025-09-22T13:19:00+00:00,short,-184.440000,ifvg,0.3043,1.087,1.7500,6.2500,2025-09-22T10:14:00+00:00,0.7500
2025-09-22T13:49:00+00:00,2025-09-22T14:29:00+00:00,long,99.7700000,orb,2.1481,0.1481,14.5000,1.0000,,
2025-09-23T06:04:00+00:00,2025-09-23T08:29:00+00:00,short,-197.910000,ifvg,0.75,1.125,3.0000,4.5000,2025-09-23T05:39:00+00:00,0.7500
2025-09-23T14:24:00+00:00,2025-09-23T16:09:00+00:00,short,122.2700000,orb,2.1515,0.4242,17.7500,3.5000,,
2025-09-24T07:09:00+00:00,2025-09-24T07:54:00+00:00,short,-195.920000,ifvg,1.0,1.0,4.5000,4.5000,2025-09-24T06:49:00+00:00,0.5000
2025-09-24T13:49:00+00:00,2025-09-24T15:59:00+00:00,short,128.6350000,orb,1.913,0.4638,33.0000,8.0000,,
2025-09-24T17:44:00+00:00,2025-09-24T20:09:00+00:00,short,63.010000,ifvg,0.5068,0.4521,9.2500,8.2500,2025-09-24T17:34:00+00:00,0.5000
2025-09-25T07:34:00+00:00,2025-09-25T09:49:00+00:00,long,-182.960000,ifvg,0.4286,1.0571,3.7500,9.2500,2025-09-25T07:09:00+00:00,1.2500
2025-09-25T13:24:00+00:00,2025-09-25T13:34:00+00:00,long,-167.960000,ifvg,0.0312,1.2188,0.2500,9.7500,2025-09-25T12:54:00+00:00,1.7500
2025-09-25T13:39:00+00:00,2025-09-25T14:14:00+00:00,short,-98.240000,ifvg,0.402,0.8627,10.2500,22.0000,2025-09-25T13:24:00+00:00,2.5000
2025-09-25T15:39:00+00:00,2025-09-25T17:59:00+00:00,long,-165.740000,ifvg,0.1527,1.0534,5.0000,34.5000,2025-09-25T15:29:00+00:00,4.7500
2025-09-25T18:19:00+00:00,2025-09-25T20:09:00+00:00,long,170.280000,ifvg,1.2857,0.2449,15.7500,3.0000,2025-09-25T18:09:00+00:00,1.0000
2025-09-26T04:14:00+00:00,2025-09-26T04:59:00+00:00,long,-184.440000,ifvg,0.3478,1.0,2.0000,5.7500,2025-09-26T03:14:00+00:00,0.2500
2025-09-26T13:59:00+00:00,2025-09-26T14:24:00+00:00,long,-149.490000,orb,0.2203,1.0678,6.5000,31.5000,,
2025-09-26T14:44:00+00:00,2025-09-26T14:54:00+00:00,long,-133.980000,ifvg,0.1923,1.0769,2.5000,14.0000,2025-09-26T14:29:00+00:00,1.7500
2025-09-29T05:49:00+00:00,2025-09-29T06:19:00+00:00,short,-204.620000,ifvg,0.6364,1.0,1.7500,2.7500,2025-09-29T05:29:00+00:00,0.5000
2025-09-29T10:39:00+00:00,2025-09-29T11:14:00+00:00,short,127.5500000,ifvg,2.5,0.5714,8.7500,2.0000,2025-09-29T10:29:00+00:00,1.5000
2025-09-29T14:09:00+00:00,2025-09-29T15:14:00+00:00,long,-143.980000,orb,0.0357,1.0357,0.5000,14.5000,,
2025-09-30T07:59:00+00:00,2025-09-30T08:04:00+00:00,long,-191.940000,ifvg,0.0,1.0417,0,6.2500,2025-09-30T07:49:00+00:00,0.7500
2025-09-30T13:54:00+00:00,2025-09-30T14:04:00+00:00,short,-163.470000,orb,0.1905,1.3571,2.0000,14.2500,,
2025-09-30T14:14:00+00:00,2025-09-30T14:54:00+00:00,short,-35.970000,ifvg,1.0833,0.8056,9.7500,7.2500,2025-09-30T14:04:00+00:00,2.5000
2025-09-30T14:54:00+00:00,2025-09-30T15:29:00+00:00,long,-144.720000,ifvg,0.8378,1.4054,7.7500,13.0000,2025-09-30T14:44:00+00:00,0.5000
2025-10-01T13:39:00+00:00,2025-10-01T13:49:00+00:00,long,-158.980000,ifvg,0.1774,1.2258,2.7500,19.0000,2025-10-01T01:59:00+00:00,0.2500
2025-10-01T13:54:00+00:00,2025-10-01T14:29:00+00:00,short,-86.990000,ifvg,0.2564,0.9615,5.0000,18.7500,2025-10-01T13:39:00+00:00,6.5000
2025-10-01T14:29:00+00:00,2025-10-01T20:09:00+00:00,long,125.510000,orb,1.5979,0.134,38.7500,3.2500,,
2025-10-01T23:39:00+00:00,2025-10-01T23:59:00+00:00,short,-186.890000,ifvg,0.0,1.0833,0,3.2500,2025-10-01T23:24:00+00:00,1.0000
2025-10-02T01:44:00+00:00,2025-10-02T04:04:00+00:00,short,24.080000,ifvg,1.3125,0.6875,5.2500,2.7500,2025-10-02T01:19:00+00:00,0.7500
2025-10-02T04:04:00+00:00,2025-10-02T04:24:00+00:00,long,-194.900000,ifvg,0.7857,1.0714,2.7500,3.7500,2025-10-02T03:34:00+00:00,0.7500
2025-10-02T06:14:00+00:00,2025-10-02T08:09:00+00:00,short,-172.450000,ifvg,0.4231,1.1923,2.7500,7.7500,2025-10-02T04:04:00+00:00,1.0000
2025-10-02T14:14:00+00:00,2025-10-02T20:09:00+00:00,short,-41.990000,orb,0.925,0.575,18.5000,11.5000,,
2025-10-02T22:49:00+00:00,2025-10-03T00:34:00+00:00,long,99.0300000,ifvg,2.6667,0.1667,12.0000,0.7500,2025-10-02T22:39:00+00:00,0.7500
2025-10-03T11:49:00+00:00,2025-10-03T11:59:00+00:00,long,-180.180000,ifvg,0.1579,1.4211,0.7500,6.7500,2025-10-03T11:34:00+00:00,0.7500
2025-10-03T14:29:00+00:00,2025-10-03T17:44:00+00:00,long,-156.480000,orb,0.8525,1.0,13.0000,15.2500,,
2025-10-06T04:04:00+00:00,2025-10-06T04:14:00+00:00,short,-188.370000,ifvg,0.3,1.5,0.7500,3.7500,2025-10-06T03:49:00+00:00,0.2500
2025-10-06T04:19:00+00:00,2025-10-06T07:39:00+00:00,long,-153.700000,ifvg,0.5652,1.087,3.2500,6.2500,2025-10-06T04:09:00+00:00,0.2500
2025-10-06T13:59:00+00:00,2025-10-06T15:49:00+00:00,short,-166.480000,orb,0.3538,1.0769,5.7500,17.5000,,
2025-10-07T08:09:00+00:00,2025-10-07T09:19:00+00:00,short,-162.960000,ifvg,0.5484,1.0323,4.2500,8.0000,2025-10-07T07:59:00+00:00,0.2500
2025-10-07T10:49:00+00:00,2025-10-07T11:54:00+00:00,short,-182.400000,ifvg,0.3846,1.2308,1.2500,4.0000,2025-10-07T10:39:00+00:00,1.2500
2025-10-07T14:04:00+00:00,2025-10-07T15:09:00+00:00,short,89.2600000,orb,2.5417,0.4792,30.5000,5.7500,,
2025-10-07T16:54:00+00:00,2025-10-07T20:09:00+00:00,short,-64.490000,ifvg,0.1679,0.3942,5.7500,13.5000,2025-10-07T16:39:00+00:00,2.0000
2025-10-08T11:24:00+00:00,2025-10-08T11:49:00+00:00,short,-165.920000,ifvg,0.7333,1.0667,2.7500,4.0000,2025-10-08T11:04:00+00:00,0.5000
2025-10-08T14:04:00+00:00,2025-10-08T14:09:00+00:00,long,70.5100000,orb,1.013,0.0649,19.5000,1.2500,,
2025-10-09T13:54:00+00:00,2025-10-09T14:24:00+00:00,short,85.5100000,orb,1.2558,0.2093,27.0000,4.5000,,
2025-10-10T07:09:00+00:00,2025-10-10T09:49:00+00:00,long,-147.960000,ifvg,0.9643,1.1071,6.7500,7.7500,2025-10-10T06:54:00+00:00,1.7500
2025-10-10T13:59:00+00:00,2025-10-10T14:59:00+00:00,short,96.7600000,ifvg,4.1731,0.2692,54.2500,3.5000,2025-10-10T13:44:00+00:00,4.0000
2025-10-10T14:59:00+00:00,2025-10-10T15:19:00+00:00,short,179.260000,orb,1.0,0.0055,45.5000,0.2500,,
2025-10-10T15:19:00+00:00,2025-10-10T15:29:00+00:00,long,-159.490000,ifvg,0.1587,1.1905,5.0000,37.5000,2025-10-10T15:09:00+00:00,1.0000
2025-10-13T03:14:00+00:00,2025-10-13T03:54:00+00:00,long,-170.970000,ifvg,0.0,1.1364,0,12.5000,2025-10-13T03:04:00+00:00,1.5000
2025-10-13T13:59:00+00:00,2025-10-13T15:09:00+00:00,long,-159.490000,orb,0.1111,1.0079,3.5000,31.7500,,
2025-10-13T17:19:00+00:00,2025-10-13T18:34:00+00:00,short,-144.720000,ifvg,0.8919,1.2162,8.2500,11.2500,2025-10-13T17:04:00+00:00,3.0000
2025-10-14T00:09:00+00:00,2025-10-14T00:19:00+00:00,long,93.4050000,ifvg,2.8235,0.5294,12.0000,2.2500,2025-10-13T23:44:00+00:00,0.5000
2025-10-14T00:54:00+00:00,2025-10-14T03:19:00+00:00,short,74.2600000,ifvg,2.625,0.45,26.2500,4.5000,2025-10-14T00:39:00+00:00,3.2500
2025-10-14T14:04:00+00:00,2025-10-14T16:24:00+00:00,long,361.7600000,orb,1.948,0.1272,84.2500,5.5000,,
2025-10-15T13:59:00+00:00,2025-10-15T15:39:00+00:00,long,-106.990000,orb,0.9286,1.2024,19.5000,25.2500,,
2025-10-16T08:34:00+00:00,2025-10-16T10:09:00+00:00,short,-144.720000,ifvg,0.3784,1.1892,3.5000,11.0000,2025-10-16T08:04:00+00:00,1.0000
2025-10-16T14:14:00+00:00,2025-10-16T14:24:00+00:00,short,-89.490000,orb,0.1571,1.0429,2.7500,18.2500,,
2025-10-16T17:04:00+00:00,2025-10-16T18:14:00+00:00,long,-158.240000,ifvg,0.736,1.288,23.0000,40.2500,2025-10-16T16:39:00+00:00,11.0000
2025-10-17T05:59:00+00:00,2025-10-17T06:39:00+00:00,long,-162.960000,ifvg,0.7742,2.0645,6.0000,16.0000,2025-10-17T05:44:00+00:00,1.0000
2025-10-17T10:09:00+00:00,2025-10-17T13:54:00+00:00,long,380.5100000,ifvg,2.5656,0.3607,78.2500,11.0000,2025-10-17T09:49:00+00:00,2.2500
2025-10-17T13:54:00+00:00,2025-10-17T15:39:00+00:00,long,-176.990000,orb,0.5929,1.0357,20.7500,36.2500,,
2025-10-20T05:24:00+00:00,2025-10-20T05:54:00+00:00,short,-175.920000,ifvg,0.5,1.0625,2.0000,4.2500,2025-10-20T04:59:00+00:00,0.2500
2025-10-20T10:49:00+00:00,2025-10-20T12:24:00+00:00,short,-155.970000,ifvg,0.375,1.025,3.7500,10.2500,2025-10-20T10:39:00+00:00,3.0000
2025-10-20T13:49:00+00:00,2025-10-20T20:09:00+00:00,long,109.260000,orb,1.519,0.4177,30.0000,8.2500,,
2025-10-20T23:44:00+00:00,2025-10-21T01:04:00+00:00,short,-186.660000,ifvg,0.6667,1.2,2.5000,4.5000,2025-10-20T23:34:00+00:00,0.2500
2025-10-21T13:34:00+00:00,2025-10-21T13:44:00+00:00,long,-178.700000,ifvg,0.3704,1.2593,2.5000,8.5000,2025-10-21T13:14:00+00:00,1.7500
2025-10-21T13:59:00+00:00,2025-10-21T14:24:00+00:00,short,-126.480000,orb,0.4694,1.102,5.7500,13.5000,,
2025-10-21T14:24:00+00:00,2025-10-21T20:04:00+00:00,long,-71.480000,ifvg,0.9508,0.8689,14.5000,13.2500,2025-10-21T13:49:00+00:00,1.7500
2025-10-21T23:29:00+00:00,2025-10-22T04:14:00+00:00,long,72.3850000,ifvg,1.641,0.8974,16.0000,8.7500,2025-10-21T23:09:00+00:00,1.2500
2025-10-22T07:09:00+00:00,2025-10-22T08:24:00+00:00,short,104.6550000,ifvg,2.2632,0.9474,10.7500,4.5000,2025-10-22T06:44:00+00:00,1.5000
2025-10-22T09:29:00+00:00,2025-10-22T11:09:00+00:00,long,-176.940000,ifvg,1.3636,1.1364,7.5000,6.2500,2025-10-22T09:14:00+00:00,0.2500
2025-10-22T14:24:00+00:00,2025-10-22T15:24:00+00:00,short,119.2600000,orb,2.0625,0.2031,33.0000,3.2500,,
2025-10-23T04:29:00+00:00,2025-10-23T05:24:00+00:00,long,-171.430000,ifvg,0.0,1.2778,0,5.7500,2025-10-23T04:19:00+00:00,1.5000
2025-10-23T07:24:00+00:00,2025-10-23T07:49:00+00:00,short,-172.450000,ifvg,0.4231,1.0385,2.7500,6.7500,2025-10-23T06:54:00+00:00,1.7500
2025-10-23T13:49:00+00:00,2025-10-23T20:09:00+00:00,long,69.260000,orb,0.98,0.89,24.5000,22.2500,,
2025-10-24T09:54:00+00:00,2025-10-24T11:54:00+00:00,short,-182.400000,ifvg,0.7692,1.0,2.5000,3.2500,2025-10-24T09:44:00+00:00,0.5000
2025-10-24T16:54:00+00:00,2025-10-24T20:09:00+00:00,long,-43.240000,ifvg,0.2133,0.7067,4.0000,13.2500,2025-10-24T16:44:00+00:00,0.2500
2025-10-27T15:19:00+00:00,2025-10-27T19:39:00+00:00,long,72.3850000,ifvg,2.6154,0.1538,25.5000,1.5000,2025-10-27T14:59:00+00:00,0.2500
2025-10-28T13:49:00+00:00,2025-10-28T16:34:00+00:00,short,-158.980000,orb,0.5484,1.1935,8.5000,18.5000,,
2025-10-29T04:29:00+00:00,2025-10-29T08:19:00+00:00,long,107.2700000,ifvg,1.6897,0.0345,12.2500,0.2500,2025-10-29T04:09:00+00:00,1.2500
2025-10-29T11:04:00+00:00,2025-10-29T11:29:00+00:00,short,-147.960000,ifvg,0.0,1.0357,0,7.2500,2025-10-29T10:54:00+00:00,0.2500
2025-10-29T13:59:00+00:00,2025-10-29T14:44:00+00:00,long,-148.980000,orb,0.069,1.0,1.0000,14.5000,,
2025-10-29T23:54:00+00:00,2025-10-30T02:09:00+00:00,long,91.1350000,ifvg,2.449,0.1633,30.0000,2.0000,2025-10-29T23:44:00+00:00,2.2500
2025-10-30T04:09:00+00:00,2025-10-30T04:14:00+00:00,short,78.0100000,ifvg,2.119,0.0,22.2500,0,2025-10-30T03:09:00+00:00,2.5000
2025-10-30T07:19:00+00:00,2025-10-30T08:14:00+00:00,long,-170.970000,ifvg,0.0,1.2045,0,13.2500,2025-10-30T07:04:00+00:00,0.2500
2025-10-30T13:54:00+00:00,2025-10-30T14:24:00+00:00,long,-90.740000,ifvg,0.338,1.2113,6.0000,21.5000,2025-10-30T13:44:00+00:00,3.0000
2025-10-30T16:39:00+00:00,2025-10-30T20:04:00+00:00,short,211.7600000,ifvg,2.5147,0.3971,42.7500,6.7500,2025-10-30T16:14:00+00:00,4.0000
2025-10-31T00:09:00+00:00,2025-10-31T00:24:00+00:00,short,-147.960000,ifvg,0.1071,1.2857,0.7500,9.0000,2025-10-30T23:54:00+00:00,0.7500
2025-10-31T06:49:00+00:00,2025-10-31T07:39:00+00:00,short,-182.400000,ifvg,1.3846,1.5385,4.5000,5.0000,2025-10-31T06:39:00+00:00,0.2500
2025-10-31T08:19:00+00:00,2025-10-31T08:59:00+00:00,short,-142.960000,ifvg,0.1481,1.0,1.0000,6.7500,2025-10-31T07:44:00+00:00,1.5000
2025-10-31T15:44:00+00:00,2025-10-31T19:04:00+00:00,short,1.760000,ifvg,2.0,0.369,42.0000,7.7500,2025-10-31T14:39:00+00:00,1.0000
2025-10-31T19:09:00+00:00,2025-10-31T19:54:00+00:00,long,14.260000,ifvg,0.6694,0.0242,20.7500,0.7500,2025-10-31T18:54:00+00:00,0.2500
2025-11-03T14:39:00+00:00,2025-11-03T14:54:00+00:00,short,111.0200000,ifvg,2.8,0.0333,21.0000,0.2500,2025-11-03T14:24:00+00:00,2.0000
2025-11-03T14:54:00+00:00,2025-11-03T15:09:00+00:00,short,186.0200000,orb,0.7574,0.5294,25.7500,18.0000,,
2025-11-04T12:24:00+00:00,2025-11-04T12:44:00+00:00,long,-5.740000,ifvg,0.2642,0.0377,7.0000,1.0000,2025-11-04T12:09:00+00:00,2.0000
2025-11-04T12:44:00+00:00,2025-11-04T12:54:00+00:00,short,-171.430000,ifvg,0.2222,1.5556,1.0000,7.0000,2025-11-04T12:34:00+00:00,0.5000
2025-11-04T14:39:00+00:00,2025-11-04T14:44:00+00:00,short,-84.490000,ifvg,0.1667,1.2121,2.7500,20.0000,2025-11-04T14:19:00+00:00,2.0000
2025-11-04T14:54:00+00:00,2025-11-04T19:44:00+00:00,long,-183.240000,orb,0.469,1.0345,17.0000,37.5000,,
2025-11-05T08:14:00+00:00,2025-11-05T10:54:00+00:00,long,-146.480000,ifvg,0.4035,1.2105,5.7500,17.2500,2025-11-05T07:14:00+00:00,2.2500
2025-11-05T14:54:00+00:00,2025-11-05T15:04:00+00:00,long,-147.450000,ifvg,0.6818,1.4091,3.7500,7.7500,2025-11-05T13:14:00+00:00,0.2500
2025-11-06T03:59:00+00:00,2025-11-06T06:29:00+00:00,short,110.2800000,ifvg,3.0,0.9,15.0000,4.5000,2025-11-06T03:44:00+00:00,0.7500
2025-11-06T07:39:00+00:00,2025-11-06T07:44:00+00:00,short,185.2800000,ifvg,0.5091,1.0182,7.0000,14.0000,2025-11-06T02:39:00+00:00,1.2500
2025-11-06T14:54:00+00:00,2025-11-06T16:39:00+00:00,short,249.2600000,orb,2.08,0.18,52.0000,4.5000,,
2025-11-07T04:24:00+00:00,2025-11-07T06:04:00+00:00,long,81.7600000,ifvg,2.0,0.2955,22.0000,3.2500,2025-11-07T04:09:00+00:00,1.7500
2025-11-07T08:54:00+00:00,2025-11-07T09:34:00+00:00,long,-152.960000,ifvg,0.6207,1.1379,4.5000,8.2500,2025-11-07T08:34:00+00:00,0.7500
2025-11-07T13:54:00+00:00,2025-11-07T14:24:00+00:00,long,-126.480000,ifvg,0.0612,1.0,0.7500,12.2500,2025-11-07T13:34:00+00:00,0.2500
2025-11-07T15:44:00+00:00,2025-11-07T19:39:00+00:00,short,-189.490000,orb,0.8133,1.16,30.5000,43.5000,,
2025-11-10T00:09:00+00:00,2025-11-10T01:29:00+00:00,short,-131.480000,ifvg,0.2353,1.0392,3.0000,13.2500,2025-11-09T23:59:00+00:00,1.2500
2025-11-10T03:44:00+00:00,2025-11-10T04:14:00+00:00,short,-164.160000,ifvg,0.5385,1.0769,1.7500,3.5000,2025-11-10T03:34:00+00:00,0.7500
2025-11-10T08:29:00+00:00,2025-11-10T09:04:00+00:00,long,115.9050000,ifvg,3.0476,0.1905,16.0000,1.0000,2025-11-10T08:19:00+00:00,1.0000
2025-11-10T15:54:00+00:00,2025-11-10T17:54:00+00:00,short,-114.490000,orb,0.8444,1.1889,19.0000,26.7500,,
2025-11-11T09:54:00+00:00,2025-11-11T13:29:00+00:00,long,-175.920000,ifvg,1.375,1.5,5.5000,6.0000,2025-11-11T09:44:00+00:00,0.7500
2025-11-11T14:59:00+00:00,2025-11-11T15:09:00+00:00,long,-157.960000,orb,0.0,1.6923,0,16.5000,,
2025-11-11T16:34:00+00:00,2025-11-11T17:09:00+00:00,short,-159.720000,ifvg,0.3415,1.1707,3.5000,12.0000,2025-11-11T16:24:00+00:00,0.7500
2025-11-12T08:24:00+00:00,2025-11-12T11:29:00+00:00,long,-140.970000,ifvg,0.6389,1.0833,5.7500,9.7500,2025-11-12T08:04:00+00:00,0.2500
2025-11-12T14:49:00+00:00,2025-11-12T21:09:00+00:00,short,-18.240000,orb,1.4179,0.5672,23.7500,9.5000,,
2025-11-13T01:14:00+00:00,2025-11-13T09:29:00+00:00,long,-114.490000,ifvg,0.3333,1.0,7.5000,22.5000,2025-11-12T23:09:00+00:00,12.5000
2025-11-13T15:44:00+00:00,2025-11-13T21:09:00+00:00,short,191.760000,orb,1.9014,0.0282,67.5000,1.0000,,
2025-11-14T05:29:00+00:00,2025-11-14T07:09:00+00:00,long,-126.480000,ifvg,0.8367,1.2041,10.2500,14.7500,2025-11-14T05:04:00+00:00,0.5000
2025-11-14T08:59:00+00:00,2025-11-14T11:04:00+00:00,long,-159.720000,ifvg,0.9512,1.0732,9.7500,11.0000,2025-11-14T08:49:00+00:00,1.2500
2025-11-14T14:39:00+00:00,2025-11-14T14:49:00+00:00,short,-118.240000,ifvg,0.2258,1.043,5.2500,24.2500,2025-11-14T13:54:00+00:00,4.2500
2025-11-14T18:59:00+00:00,2025-11-14T19:09:00+00:00,long,-142.960000,ifvg,0.4444,1.5185,3.0000,10.2500,2025-11-14T18:49:00+00:00,0.5000
2025-11-17T14:04:00+00:00,2025-11-17T14:29:00+00:00,long,-152.220000,ifvg,0.1282,1.2308,1.2500,12.0000,2025-11-17T13:49:00+00:00,0.2500
2025-11-17T14:49:00+00:00,2025-11-17T16:09:00+00:00,long,-121.990000,orb,0.2387,1.0129,9.2500,39.2500,,
2025-11-17T18:59:00+00:00,2025-11-17T21:09:00+00:00,short,25.510000,ifvg,1.0057,0.0857,44.0000,3.7500,2025-11-17T18:49:00+00:00,0.2500
2025-11-18T07:29:00+00:00,2025-11-18T08:04:00+00:00,long,74.2600000,ifvg,3.425,0.125,34.2500,1.2500,2025-11-18T07:09:00+00:00,0.7500
2025-11-18T11:14:00+00:00,2025-11-18T12:14:00+00:00,short,83.6350000,ifvg,2.4667,0.5778,27.7500,6.5000,2025-11-18T10:59:00+00:00,2.2500
2025-11-18T13:09:00+00:00,2025-11-18T14:34:00+00:00,long,-153.980000,ifvg,1.0667,1.1667,16.0000,17.5000,2025-11-18T12:54:00+00:00,1.2500
2025-11-18T14:49:00+00:00,2025-11-18T17:44:00+00:00,short,-104.490000,ifvg,2.4878,1.0366,51.0000,21.2500,2025-11-18T14:39:00+00:00,1.2500
2025-11-19T03:24:00+00:00,2025-11-19T04:14:00+00:00,short,64.8850000,ifvg,2.8857,0.1143,25.2500,1.0000,2025-11-19T02:34:00+00:00,2.0000
2025-11-19T05:59:00+00:00,2025-11-19T08:29:00+00:00,long,85.5100000,ifvg,1.8913,0.3478,21.7500,4.0000,2025-11-19T05:44:00+00:00,1.7500
2025-11-19T08:29:00+00:00,2025-11-19T08:44:00+00:00,long,70.510000,ifvg,0.1791,0.5522,3.0000,9.2500,2025-11-19T08:14:00+00:00,1.0000
2025-11-19T08:49:00+00:00,2025-11-19T09:19:00+00:00,short,-72.960000,ifvg,1.3793,0.5172,10.0000,3.7500,2025-11-19T08:34:00+00:00,1.0000
2025-11-19T14:49:00+00:00,2025-11-19T15:04:00+00:00,long,227.3850000,orb,1.1159,1.029,38.5000,35.5000,,
2025-11-19T17:49:00+00:00,2025-11-19T20:39:00+00:00,long,199.2600000,ifvg,2.6875,0.7656,43.0000,12.2500,2025-11-19T17:39:00+00:00,0.5000
2025-11-20T07:44:00+00:00,2025-11-20T08:49:00+00:00,short,-147.960000,ifvg,0.9643,1.1071,6.7500,7.7500,2025-11-20T07:24:00+00:00,0.5000
2025-11-20T11:39:00+00:00,2025-11-20T11:54:00+00:00,long,-155.970000,ifvg,0.15,1.025,1.5000,10.2500,2025-11-20T11:29:00+00:00,0.2500
2025-11-20T14:54:00+00:00,2025-11-20T15:54:00+00:00,long,-45.740000,orb,0.7571,0.8571,13.2500,15.0000,,
2025-11-20T15:54:00+00:00,2025-11-20T16:09:00+00:00,short,108.0100000,ifvg,2.5,0.1897,36.2500,2.7500,2025-11-20T15:29:00+00:00,1.5000
2025-11-21T08:14:00+00:00,2025-11-21T09:44:00+00:00,long,-90.740000,ifvg,0.6056,1.0563,10.7500,18.7500,2025-11-21T07:54:00+00:00,3.5000
2025-11-21T15:04:00+00:00,2025-11-21T16:39:00+00:00,short,-130.740000,orb,1.2039,1.3592,31.0000,35.0000,,
2025-11-24T08:09:00+00:00,2025-11-24T08:19:00+00:00,short,-155.970000,ifvg,0.125,1.45,1.2500,14.5000,2025-11-24T07:49:00+00:00,4.5000
2025-11-24T08:24:00+00:00,2025-11-24T09:19:00+00:00,long,-136.480000,ifvg,0.3019,1.1132,4.0000,14.7500,2025-11-24T08:09:00+00:00,7.0000
2025-11-24T14:29:00+00:00,2025-11-24T14:34:00+00:00,short,-157.960000,ifvg,0.3667,3.2667,2.7500,24.5000,2025-11-24T14:19:00+00:00,0.2500
2025-11-24T14:49:00+00:00,2025-11-24T15:09:00+00:00,short,-165.740000,orb,0.2137,1.0763,7.0000,35.2500,,
2025-11-25T02:09:00+00:00,2025-11-25T03:39:00+00:00,long,-11.940000,ifvg,1.1765,0.2941,5.0000,1.2500,2025-11-25T01:44:00+00:00,0.5000
2025-11-25T03:39:00+00:00,2025-11-25T05:19:00+00:00,short,-147.960000,ifvg,0.4643,1.0,3.2500,7.0000,2025-11-25T02:44:00+00:00,1.0000
2025-11-25T05:29:00+00:00,2025-11-25T09:29:00+00:00,short,107.2700000,ifvg,1.8621,0.8621,13.5000,6.2500,2025-11-25T04:14:00+00:00,0.2500
2025-11-25T09:49:00+00:00,2025-11-25T12:04:00+00:00,long,92.2700000,ifvg,3.92,0.8,24.5000,5.0000,2025-11-25T09:34:00+00:00,2.5000
2025-11-25T14:49:00+00:00,2025-11-25T14:54:00+00:00,short,-84.490000,ifvg,0.2727,1.6212,4.5000,26.7500,2025-11-25T14:39:00+00:00,6.2500
2025-11-25T19:59:00+00:00,2025-11-25T20:49:00+00:00,long,85.5100000,ifvg,1.9565,0.0435,22.5000,0.5000,2025-11-25T19:24:00+00:00,1.5000
2025-11-26T14:49:00+00:00,2025-11-26T14:59:00+00:00,long,-96.990000,orb,0.0789,1.1842,1.5000,22.5000,,
2025-11-27T01:14:00+00:00,2025-11-27T02:04:00+00:00,short,-153.930000,ifvg,0.4375,1.0,1.7500,4.0000,2025-11-27T01:04:00+00:00,1.2500
2025-11-27T08:24:00+00:00,2025-11-27T09:59:00+00:00,long,-152.960000,ifvg,0.0345,1.0,0.2500,7.2500,2025-11-27T06:09:00+00:00,0.2500
2025-11-27T13:29:00+00:00,2025-11-27T14:24:00+00:00,long,90.0500000,ifvg,2.0,0.2,5.0000,0.5000,2025-11-27T13:19:00+00:00,0.2500
2025-11-27T15:34:00+00:00,2025-11-27T23:09:00+00:00,short,-153.700000,orb,0.1304,1.4348,0.7500,8.2500,,
2025-11-28T15:19:00+00:00,2025-11-30T23:39:00+00:00,long,23.010000,orb,1.1639,0.377,17.7500,5.7500,,
2025-11-30T23:39:00+00:00,2025-12-01T00:24:00+00:00,short,92.2700000,ifvg,2.64,0.48,16.5000,3.0000,2025-11-30T23:24:00+00:00,1.5000
2025-12-01T01:24:00+00:00,2025-12-01T02:49:00+00:00,long,-122.220000,ifvg,0.5484,1.1935,4.2500,9.2500,2025-12-01T01:14:00+00:00,0.2500
2025-12-01T09:14:00+00:00,2025-12-01T12:49:00+00:00,long,-101.990000,ifvg,0.0875,1.05,1.7500,21.0000,2025-12-01T01:59:00+00:00,0.2500
2025-12-01T19:44:00+00:00,2025-12-01T21:09:00+00:00,long,-58.240000,ifvg,0.8,0.9,8.0000,9.0000,2025-12-01T19:34:00+00:00,1.0000
2025-12-01T23:29:00+00:00,2025-12-02T03:29:00+00:00,long,-140.970000,ifvg,0.4167,1.2778,3.7500,11.5000,2025-12-01T23:14:00+00:00,3.5000
2025-12-02T03:49:00+00:00,2025-12-02T06:24:00+00:00,long,-147.960000,ifvg,0.8214,1.0357,5.7500,7.2500,2025-12-02T03:34:00+00:00,2.0000
2025-12-02T06:39:00+00:00,2025-12-02T06:59:00+00:00,long,99.4250000,ifvg,2.1818,0.6364,6.0000,1.7500,2025-12-02T06:29:00+00:00,0.5000
2025-12-02T14:54:00+00:00,2025-12-02T15:04:00+00:00,short,-143.980000,orb,0.0536,1.125,0.7500,15.7500,,
2025-12-02T15:49:00+00:00,2025-12-02T16:14:00+00:00,long,-93.240000,ifvg,0.2877,1.1781,5.2500,21.5000,2025-12-02T15:34:00+00:00,7.0000
2025-12-03T00:54:00+00:00,2025-12-03T02:39:00+00:00,long,54.030000,ifvg,0.8919,0.1081,8.2500,1.0000,2025-12-03T00:24:00+00:00,1.7500
2025-12-03T02:39:00+00:00,2025-12-03T03:29:00+00:00,short,-155.920000,ifvg,0.4286,1.0714,1.5000,3.7500,2025-12-03T02:29:00+00:00,0.7500
2025-12-03T08:09:00+00:00,2025-12-03T08:24:00+00:00,long,-127.960000,ifvg,0.0417,1.125,0.2500,6.7500,2025-12-03T07:49:00+00:00,0.5000
2025-12-03T13:24:00+00:00,2025-12-03T14:04:00+00:00,short,88.5200000,ifvg,4.3333,0.5833,26.0000,3.5000,2025-12-03T12:44:00+00:00,0.7500
2025-12-03T16:39:00+00:00,2025-12-03T21:09:00+00:00,long,85.510000,ifvg,0.4323,0.4258,16.7500,16.5000,2025-12-03T14:09:00+00:00,19.2500
2025-12-04T02:29:00+00:00,2025-12-04T03:34:00+00:00,long,-155.920000,ifvg,1.0714,1.0,3.7500,3.5000,2025-12-04T02:19:00+00:00,0.5000
2025-12-04T09:29:00+00:00,2025-12-04T14:09:00+00:00,long,99.7700000,ifvg,2.5556,0.4074,17.2500,2.7500,2025-12-04T09:19:00+00:00,0.2500
2025-12-04T14:49:00+00:00,2025-12-04T21:09:00+00:00,short,-46.990000,orb,1.1184,0.7105,21.2500,13.5000,,
2025-12-05T14:49:00+00:00,2025-12-05T16:34:00+00:00,long,-128.980000,orb,1.46,1.2,18.2500,15.0000,,
2025-12-08T07:24:00+00:00,2025-12-08T08:04:00+00:00,long,-155.920000,ifvg,0.4286,1.1429,1.5000,4.0000,2025-12-08T07:04:00+00:00,1.0000
2025-12-08T15:09:00+00:00,2025-12-08T17:29:00+00:00,short,141.7600000,orb,2.1404,0.0175,30.5000,0.2500,,
2025-12-09T08:34:00+00:00,2025-12-09T09:29:00+00:00,short,82.1550000,ifvg,5.1333,0.3333,19.2500,1.2500,2025-12-09T08:24:00+00:00,0.2500
2025-12-09T10:44:00+00:00,2025-12-09T14:14:00+00:00,short,55.5100000,ifvg,1.7333,0.6,13.0000,4.5000,2025-12-09T10:34:00+00:00,0.2500
2025-12-09T14:54:00+00:00,2025-12-09T20:54:00+00:00,long,-81.990000,orb,0.5781,1.0469,9.2500,16.7500,,
2025-12-10T00:24:00+00:00,2025-12-10T04:39:00+00:00,short,-129.720000,ifvg,0.3939,1.0606,3.2500,8.7500,2025-12-10T00:14:00+00:00,1.5000
2025-12-10T12:09:00+00:00,2025-12-10T14:59:00+00:00,short,-38.240000,ifvg,0.7333,0.9667,11.0000,14.5000,2025-12-10T11:59:00+00:00,1.0000
2025-12-10T15:54:00+00:00,2025-12-10T19:34:00+00:00,long,196.1350000,ifvg,2.5238,0.5556,39.7500,8.7500,2025-12-10T15:39:00+00:00,2.7500
2025-12-11T06:44:00+00:00,2025-12-11T07:09:00+00:00,long,-153.700000,ifvg,0.2609,1.2609,1.5000,7.2500,2025-12-11T06:24:00+00:00,1.7500
2025-12-11T08:09:00+00:00,2025-12-11T08:54:00+00:00,short,-147.450000,ifvg,0.9091,1.4545,5.0000,8.0000,2025-12-11T07:39:00+00:00,0.7500
2025-12-11T14:54:00+00:00,2025-12-11T15:09:00+00:00,short,-88.240000,ifvg,0.2754,1.2319,4.7500,21.2500,2025-12-11T11:59:00+00:00,0.7500
2025-12-11T15:14:00+00:00,2025-12-11T16:59:00+00:00,long,19.260000,ifvg,1.2031,0.625,19.2500,10.0000,2025-12-11T14:59:00+00:00,4.0000
2025-12-11T16:59:00+00:00,2025-12-11T17:14:00+00:00,short,-136.480000,ifvg,0.0566,1.1887,0.7500,15.7500,2025-12-11T16:49:00+00:00,4.2500
2025-12-12T02:54:00+00:00,2025-12-12T03:19:00+00:00,short,90.0500000,ifvg,1.8,0.5,4.5000,1.2500,2025-12-12T02:44:00+00:00,0.2500
2025-12-12T06:39:00+00:00,2025-12-12T09:09:00+00:00,short,99.0300000,ifvg,1.6667,0.6667,7.5000,3.0000,2025-12-12T05:49:00+00:00,0.5000
2025-12-12T14:49:00+00:00,2025-12-12T15:29:00+00:00,short,199.2600000,orb,2.5167,0.45,37.7500,6.7500,,
2025-12-15T04:19:00+00:00,2025-12-15T04:34:00+00:00,short,-77.960000,ifvg,0.0357,0.6429,0.2500,4.5000,2025-12-15T03:54:00+00:00,0.2500
2025-12-15T04:34:00+00:00,2025-12-15T08:14:00+00:00,long,-153.930000,ifvg,1.375,1.0,5.5000,4.0000,2025-12-15T04:19:00+00:00,0.7500
2025-12-15T12:14:00+00:00,2025-12-15T12:44:00+00:00,short,-141.200000,ifvg,0.2857,1.2381,1.5000,6.5000,2025-12-15T10:49:00+00:00,0.2500
2025-12-15T12:49:00+00:00,2025-12-15T14:34:00+00:00,long,-127.960000,ifvg,1.3333,1.875,8.0000,11.2500,2025-12-15T12:14:00+00:00,1.7500
2025-12-15T14:39:00+00:00,2025-12-15T14:44:00+00:00,short,-125.970000,ifvg,0.0,1.125,0,9.0000,2025-12-15T13:54:00+00:00,0.7500
2025-12-15T16:39:00+00:00,2025-12-15T21:09:00+00:00,short,106.760000,ifvg,0.3515,0.2303,14.5000,9.5000,2025-12-15T16:24:00+00:00,4.0000
2025-12-16T14:59:00+00:00,2025-12-16T15:19:00+00:00,long,-133.240000,orb,0.1143,1.0571,3.0000,27.7500,,
2025-12-16T19:09:00+00:00,2025-12-16T19:54:00+00:00,short,-90.740000,ifvg,0.4789,1.0563,8.5000,18.7500,2025-12-16T18:49:00+00:00,4.7500
2025-12-17T07:14:00+00:00,2025-12-17T14:49:00+00:00,long,-104.490000,ifvg,0.8049,1.1951,16.5000,24.5000,2025-12-17T06:59:00+00:00,0.7500
2025-12-17T15:34:00+00:00,2025-12-17T18:44:00+00:00,short,269.2600000,orb,2.25,0.0556,60.7500,1.5000,,
2025-12-18T07:04:00+00:00,2025-12-18T08:19:00+00:00,long,81.0200000,ifvg,1.7273,0.1364,9.5000,0.7500,2025-12-18T06:54:00+00:00,0.2500
2025-12-18T08:34:00+00:00,2025-12-18T08:49:00+00:00,short,-145.180000,ifvg,0.2,2.0,0.7500,7.5000,2025-12-18T08:24:00+00:00,0.7500
2025-12-18T15:29:00+00:00,2025-12-18T17:14:00+00:00,long,-150.740000,orb,0.5882,1.0588,17.5000,31.5000,,
2025-12-19T01:09:00+00:00,2025-12-19T01:59:00+00:00,short,-114.720000,ifvg,0.4483,1.0345,3.2500,7.5000,2025-12-19T00:59:00+00:00,1.5000
2025-12-19T06:59:00+00:00,2025-12-19T07:04:00+00:00,long,87.7800000,ifvg,1.8125,0.0625,7.2500,0.2500,2025-12-19T06:49:00+00:00,0.5000
2025-12-19T10:19:00+00:00,2025-12-19T12:54:00+00:00,long,-96.990000,ifvg,0.0263,1.0263,0.5000,19.5000,2025-12-19T10:09:00+00:00,1.2500
2025-12-19T14:59:00+00:00,2025-12-19T21:09:00+00:00,long,45.510000,orb,0.3741,0.4029,13.0000,14.0000,,
2025-12-22T12:19:00+00:00,2025-12-22T12:29:00+00:00,short,-145.920000,ifvg,0.0,1.0,0,3.2500,2025-12-22T12:09:00+00:00,0.2500
2025-12-22T13:44:00+00:00,2025-12-22T14:04:00+00:00,short,-131.940000,ifvg,0.0625,1.5,0.2500,6.0000,2025-12-22T13:29:00+00:00,1.5000
2025-12-22T15:24:00+00:00,2025-12-22T15:29:00+00:00,long,-161.100000,ifvg,0.7143,1.1429,1.2500,2.0000,2025-12-22T12:19:00+00:00,0.2500
2025-12-22T15:39:00+00:00,2025-12-22T15:49:00+00:00,short,-50.740000,orb,0.0149,0.6269,0.2500,10.5000,,
2025-12-22T15:49:00+00:00,2025-12-22T21:09:00+00:00,long,108.520000,ifvg,1.4419,0.2791,15.5000,3.0000,2025-12-22T15:39:00+00:00,1.0000
2025-12-23T14:49:00+00:00,2025-12-23T15:09:00+00:00,long,-58.240000,orb,0.0698,0.7674,1.5000,16.5000,,
2025-12-23T15:09:00+00:00,2025-12-23T15:39:00+00:00,short,-98.980000,ifvg,0.5,1.2895,4.7500,12.2500,2025-12-23T14:49:00+00:00,3.0000
2025-12-24T10:09:00+00:00,2025-12-24T12:19:00+00:00,short,-139.440000,ifvg,0.1176,1.0,0.5000,4.2500,2025-12-24T09:19:00+00:00,1.2500
2025-12-24T15:09:00+00:00,2025-12-24T17:09:00+00:00,long,85.5100000,orb,1.8261,0.0652,21.0000,0.7500,,
2025-12-26T13:54:00+00:00,2025-12-26T14:19:00+00:00,short,-136.430000,ifvg,0.0714,1.0,0.2500,3.5000,2025-12-26T13:44:00+00:00,1.0000
2025-12-26T15:14:00+00:00,2025-12-26T17:34:00+00:00,short,4.260000,orb,0.2754,0.6522,4.7500,11.2500,,
2025-12-26T17:34:00+00:00,2025-12-26T18:24:00+00:00,long,-136.430000,ifvg,0.7857,1.5714,2.7500,5.5000,2025-12-26T17:14:00+00:00,0.2500
2025-12-29T05:09:00+00:00,2025-12-29T08:39:00+00:00,short,88.5200000,ifvg,2.5417,0.6667,15.2500,4.0000,2025-12-29T03:39:00+00:00,2.2500
2025-12-29T11:39:00+00:00,2025-12-29T12:44:00+00:00,long,-139.440000,ifvg,0.5882,1.4118,2.5000,6.0000,2025-12-29T11:19:00+00:00,0.2500
2025-12-29T14:34:00+00:00,2025-12-29T14:39:00+00:00,long,49.8850000,ifvg,1.7037,0.2222,11.5000,1.5000,2025-12-29T14:24:00+00:00,1.5000
2025-12-29T15:09:00+00:00,2025-12-29T21:09:00+00:00,short,-13.980000,orb,0.4651,0.7674,10.0000,16.5000,,
2025-12-29T23:39:00+00:00,2025-12-30T00:59:00+00:00,long,-131.940000,ifvg,0.125,1.0625,0.5000,4.2500,2025-12-29T23:24:00+00:00,0.5000
2025-12-30T12:44:00+00:00,2025-12-30T13:39:00+00:00,long,-134.950000,ifvg,0.3,1.2,1.5000,6.0000,2025-12-30T11:14:00+00:00,0.5000
2025-12-30T13:44:00+00:00,2025-12-30T14:49:00+00:00,short,-77.220000,ifvg,0.8438,0.7188,6.7500,5.7500,2025-12-30T11:54:00+00:00,4.0000
2025-12-30T14:49:00+00:00,2025-12-30T15:14:00+00:00,long,-96.480000,orb,0.5405,1.3784,5.0000,12.7500,,
2025-12-30T15:19:00+00:00,2025-12-30T16:24:00+00:00,short,-128.980000,ifvg,0.26,1.4,3.2500,17.5000,2025-12-30T14:54:00+00:00,4.2500
2025-12-30T16:44:00+00:00,2025-12-30T21:09:00+00:00,short,99.030000,ifvg,1.4231,0.4615,9.2500,3.0000,2025-12-30T16:29:00+00:00,1.0000
2025-12-31T17:14:00+00:00,2025-12-31T20:59:00+00:00,short,186.7600000,ifvg,1.9385,0.8308,31.5000,13.5000,2025-12-31T16:59:00+00:00,1.7500
2026-01-02T14:54:00+00:00,2026-01-02T15:14:00+00:00,long,-79.490000,ifvg,0.4355,1.4032,6.7500,21.7500,2026-01-02T14:39:00+00:00,3.5000
2026-01-02T15:19:00+00:00,2026-01-02T15:39:00+00:00,short,5.510000,ifvg,1.1375,0.0625,22.7500,1.2500,2026-01-02T14:54:00+00:00,9.0000
2026-01-02T15:39:00+00:00,2026-01-02T15:59:00+00:00,long,-103.240000,ifvg,0.4444,1.3086,9.0000,26.5000,2026-01-02T15:29:00+00:00,9.0000
2026-01-02T17:54:00+00:00,2026-01-02T21:09:00+00:00,short,-108.240000,ifvg,0.4737,0.7895,15.7500,26.2500,2026-01-02T17:19:00+00:00,6.5000
2026-01-05T00:44:00+00:00,2026-01-05T01:04:00+00:00,short,-132.960000,ifvg,0.0,1.16,0,7.2500,2026-01-05T00:24:00+00:00,1.5000
2026-01-05T06:34:00+00:00,2026-01-05T06:44:00+00:00,short,-135.920000,ifvg,0.0,1.1667,0,3.5000,2026-01-05T06:04:00+00:00,0.2500
2026-01-05T11:34:00+00:00,2026-01-05T11:54:00+00:00,short,-124.440000,ifvg,0.1333,1.0,0.5000,3.7500,2026-01-05T11:24:00+00:00,0.2500
2026-01-05T13:39:00+00:00,2026-01-05T14:04:00+00:00,long,88.5200000,ifvg,2.8333,0.5,17.0000,3.0000,2026-01-05T13:29:00+00:00,1.2500
2026-01-05T15:09:00+00:00,2026-01-05T21:09:00+00:00,long,-5.740000,orb,1.3462,0.4615,17.5000,6.0000,,
2026-01-06T14:49:00+00:00,2026-01-06T20:44:00+00:00,long,149.2600000,orb,2.0,0.6833,30.0000,10.2500,,
2026-01-07T15:14:00+00:00,2026-01-07T16:04:00+00:00,short,-126.480000,orb,0.5306,1.0204,6.5000,12.5000,,
2026-01-08T00:44:00+00:00,2026-01-08T02:49:00+00:00,long,-122.220000,ifvg,0.1935,1.5806,1.5000,12.2500,2026-01-08T00:29:00+00:00,0.2500
2026-01-08T15:14:00+00:00,2026-01-08T16:14:00+00:00,long,-45.740000,ifvg,0.1477,0.5455,3.2500,12.0000,2026-01-08T02:49:00+00:00,0.2500
2026-01-08T16:19:00+00:00,2026-01-08T16:49:00+00:00,short,-122.220000,ifvg,0.8387,1.3226,6.5000,10.2500,2026-01-08T16:04:00+00:00,3.0000
2026-01-09T06:04:00+00:00,2026-01-09T07:24:00+00:00,long,-116.200000,ifvg,0.4706,1.2353,2.0000,5.2500,2026-01-09T05:39:00+00:00,0.2500
2026-01-09T12:54:00+00:00,2026-01-09T13:34:00+00:00,long,66.0200000,ifvg,3.3889,0.2778,15.2500,1.2500,2026-01-09T12:19:00+00:00,0.7500
2026-01-09T14:24:00+00:00,2026-01-09T14:39:00+00:00,short,-71.990000,ifvg,0.2679,1.0536,3.7500,14.7500,2026-01-09T13:39:00+00:00,5.7500
2026-01-09T15:09:00+00:00,2026-01-09T15:24:00+00:00,short,-139.490000,orb,0.0273,1.1182,0.7500,30.7500,,
2026-01-09T15:49:00+00:00,2026-01-09T16:04:00+00:00,short,-108.980000,ifvg,0.1429,1.2619,1.5000,13.2500,2026-01-09T15:34:00+00:00,1.0000
2026-01-12T08:19:00+00:00,2026-01-12T08:34:00+00:00,short,62.2700000,ifvg,2.4118,0.1765,10.2500,0.7500,2026-01-12T08:09:00+00:00,0.7500
2026-01-12T14:54:00+00:00,2026-01-12T21:09:00+00:00,long,126.760000,orb,0.9397,0.1724,27.2500,5.0000,,
2026-01-13T03:39:00+00:00,2026-01-13T04:19:00+00:00,short,-127.680000,ifvg,0.3846,1.0769,1.2500,3.5000,2026-01-13T03:14:00+00:00,0.5000
2026-01-13T07:04:00+00:00,2026-01-13T08:34:00+00:00,short,76.5300000,ifvg,1.5714,0.5,5.5000,1.7500,2026-01-13T06:54:00+00:00,0.5000
2026-01-13T08:49:00+00:00,2026-01-13T10:14:00+00:00,long,-136.430000,ifvg,1.0714,1.5,3.7500,5.2500,2026-01-13T08:39:00+00:00,0.7500
2026-01-13T11:54:00+00:00,2026-01-13T13:34:00+00:00,long,46.1350000,ifvg,4.32,0.72,27.0000,4.5000,2026-01-13T10:09:00+00:00,0.5000
2026-01-13T13:39:00+00:00,2026-01-13T13:54:00+00:00,long,-107.220000,ifvg,0.3704,1.4815,2.5000,10.0000,2026-01-13T12:59:00+00:00,1.7500
2026-01-13T14:49:00+00:00,2026-01-13T15:29:00+00:00,short,131.7600000,orb,2.0566,0.2453,27.2500,3.2500,,
2026-01-14T16:49:00+00:00,2026-01-14T21:09:00+00:00,short,-64.490000,ifvg,0.1747,0.9699,7.2500,40.2500,2026-01-14T16:29:00+00:00,9.2500
2026-01-15T01:39:00+00:00,2026-01-15T05:34:00+00:00,short,-122.220000,ifvg,0.3548,1.0323,2.7500,8.0000,2026-01-15T01:09:00+00:00,3.0000
2026-01-15T15:49:00+00:00,2026-01-15T16:04:00+00:00,short,-75.740000,orb,0.1525,1.1356,2.2500,16.7500,,
2026-01-15T16:04:00+00:00,2026-01-15T17:59:00+00:00,long,-101.480000,ifvg,0.6154,1.0,6.0000,9.7500,2026-01-15T15:54:00+00:00,2.5000
2026-01-15T18:09:00+00:00,2026-01-15T19:34:00+00:00,long,-83.240000,ifvg,0.3385,1.3077,5.5000,21.2500,2026-01-15T17:59:00+00:00,0.2500
2026-01-16T01:19:00+00:00,2026-01-16T01:34:00+00:00,short,-116.940000,ifvg,0.8571,1.0714,3.0000,3.7500,2026-01-16T01:09:00+00:00,0.5000
2026-01-16T08:04:00+00:00,2026-01-16T08:24:00+00:00,short,65.2800000,ifvg,2.5833,0.25,7.7500,0.7500,2026-01-16T07:54:00+00:00,1.0000
2026-01-16T08:59:00+00:00,2026-01-16T11:54:00+00:00,long,-122.450000,ifvg,0.8889,1.2222,4.0000,5.5000,2026-01-16T08:39:00+00:00,0.5000
2026-01-16T14:54:00+00:00,2026-01-16T15:14:00+00:00,short,26.760000,orb,0.9107,0.0179,12.7500,0.2500,,
2026-01-16T15:14:00+00:00,2026-01-16T15:34:00+00:00,long,-61.990000,ifvg,0.25,1.1042,3.0000,13.2500,2026-01-16T15:04:00+00:00,2.7500
2026-01-16T19:19:00+00:00,2026-01-16T21:09:00+00:00,short,58.520000,ifvg,0.6585,0.8537,6.7500,8.7500,2026-01-16T19:09:00+00:00,4.5000
2026-01-19T05:29:00+00:00,2026-01-19T07:04:00+00:00,long,-122.960000,ifvg,0.3043,1.3043,1.7500,7.5000,2026-01-19T04:54:00+00:00,0.2500
2026-01-19T09:24:00+00:00,2026-01-19T14:59:00+00:00,short,10.510000,ifvg,0.8551,0.4348,14.7500,7.5000,2026-01-19T08:09:00+00:00,0.2500
2026-01-19T15:04:00+00:00,2026-01-19T16:29:00+00:00,long,18.520000,ifvg,0.8043,0.6739,9.2500,7.7500,2026-01-19T14:24:00+00:00,1.2500
2026-01-19T16:34:00+00:00,2026-01-19T16:54:00+00:00,short,-112.960000,ifvg,0.3333,1.0952,1.7500,5.7500,2026-01-19T16:19:00+00:00,1.2500
2026-01-20T02:39:00+00:00,2026-01-20T05:44:00+00:00,long,-48.980000,ifvg,0.1698,0.7358,2.2500,9.7500,2026-01-20T02:24:00+00:00,1.5000
2026-01-20T05:49:00+00:00,2026-01-20T06:19:00+00:00,short,61.1350000,ifvg,3.1818,0.3636,26.2500,3.0000,2026-01-20T05:34:00+00:00,2.0000
2026-01-20T12:24:00+00:00,2026-01-20T12:44:00+00:00,short,-91.480000,ifvg,0.2,1.0,1.7500,8.7500,2026-01-20T12:14:00+00:00,1.0000
2026-01-20T14:39:00+00:00,2026-01-20T15:09:00+00:00,long,-74.490000,ifvg,0.4507,0.9155,8.0000,16.2500,2026-01-20T13:39:00+00:00,4.7500
2026-01-20T15:09:00+00:00,2026-01-20T15:24:00+00:00,short,-111.990000,orb,0.0795,1.0568,1.7500,23.2500,,
2026-01-21T07:14:00+00:00,2026-01-21T08:14:00+00:00,long,-122.960000,ifvg,0.3913,1.1304,2.2500,6.5000,2026-01-21T06:54:00+00:00,2.0000
2026-01-21T14:49:00+00:00,2026-01-21T17:14:00+00:00,long,-113.240000,orb,1.8315,1.3596,40.7500,30.2500,,
2026-01-21T18:09:00+00:00,2026-01-21T19:29:00+00:00,short,-283.240000,ifvg,0.0044,1.0044,0.2500,56.5000,2026-01-21T17:59:00+00:00,4.5000
2026-01-22T14:49:00+00:00,2026-01-22T17:34:00+00:00,short,-145.740000,orb,0.3478,1.0696,10.0000,30.7500,,
2026-01-22T19:09:00+00:00,2026-01-22T19:49:00+00:00,long,-108.980000,ifvg,0.2381,1.1429,2.5000,12.0000,2026-01-22T18:59:00+00:00,1.2500
2026-01-23T14:59:00+00:00,2026-01-23T21:09:00+00:00,long,-15.740000,orb,1.3134,0.6567,22.0000,11.0000,,
2026-01-26T06:39:00+00:00,2026-01-26T06:54:00+00:00,short,-116.940000,ifvg,0.3571,1.2143,1.2500,4.2500,2026-01-26T06:24:00+00:00,0.5000
2026-01-26T10:19:00+00:00,2026-01-26T12:09:00+00:00,long,53.6350000,ifvg,2.8276,0.4483,20.5000,3.2500,2026-01-26T09:54:00+00:00,2.7500
2026-01-26T14:54:00+00:00,2026-01-26T18:44:00+00:00,long,54.260000,orb,0.6961,0.2647,17.7500,6.7500,,
2026-01-26T18:44:00+00:00,2026-01-26T20:59:00+00:00,short,81.0200000,ifvg,1.9091,0.9091,10.5000,5.0000,2026-01-26T18:34:00+00:00,0.2500
2026-01-26T23:34:00+00:00,2026-01-27T02:09:00+00:00,short,-70.740000,ifvg,0.0182,1.0727,0.2500,14.7500,2026-01-26T23:24:00+00:00,1.2500
2026-01-27T07:54:00+00:00,2026-01-27T14:19:00+00:00,short,81.0200000,ifvg,2.3182,0.4545,12.7500,2.5000,2026-01-27T07:44:00+00:00,0.7500
2026-01-27T14:49:00+00:00,2026-01-27T15:44:00+00:00,long,70.5100000,orb,2.1053,0.0526,20.0000,0.5000,,
2026-01-27T18:19:00+00:00,2026-01-27T21:09:00+00:00,long,-54.720000,ifvg,1.16,0.6,7.2500,3.7500,2026-01-27T18:09:00+00:00,2.0000
2026-01-28T11:09:00+00:00,2026-01-28T12:14:00+00:00,short,77.2700000,ifvg,1.8571,0.619,9.7500,3.2500,2026-01-28T10:44:00+00:00,0.7500
2026-01-28T15:09:00+00:00,2026-01-28T16:24:00+00:00,short,136.7600000,orb,2.3111,0.4444,26.0000,5.0000,,
2026-01-29T08:09:00+00:00,2026-01-29T08:14:00+00:00,short,-99.720000,ifvg,0.0,1.08,0,6.7500,2026-01-29T07:44:00+00:00,2.2500
2026-01-29T11:29:00+00:00,2026-01-29T14:34:00+00:00,long,-91.480000,ifvg,1.0286,1.1429,9.0000,10.0000,2026-01-29T11:04:00+00:00,2.5000
2026-01-29T14:54:00+00:00,2026-01-29T16:09:00+00:00,short,406.7600000,orb,2.0184,0.0859,82.2500,3.5000,,
2026-01-29T17:59:00+00:00,2026-01-29T18:44:00+00:00,short,-149.490000,ifvg,0.0593,1.0,1.7500,29.5000,2026-01-29T17:09:00+00:00,4.7500
2026-01-30T07:14:00+00:00,2026-01-30T07:39:00+00:00,long,-103.980000,ifvg,0.025,1.175,0.2500,11.7500,2026-01-30T07:04:00+00:00,0.7500
2026-01-30T12:14:00+00:00,2026-01-30T13:34:00+00:00,short,63.0100000,ifvg,2.2941,0.6176,19.5000,5.2500,2026-01-30T12:04:00+00:00,0.2500
2026-01-30T15:44:00+00:00,2026-01-30T16:19:00+00:00,long,-125.740000,ifvg,0.2793,0.9459,7.7500,26.2500,2026-01-30T15:34:00+00:00,7.2500
2026-01-30T16:19:00+00:00,2026-01-30T18:34:00+00:00,short,154.260000,orb,1.486,0.5234,39.7500,14.0000,,
2026-01-30T18:34:00+00:00,2026-01-30T21:09:00+00:00,long,156.760000,ifvg,2.3452,0.0595,49.2500,1.2500,2026-01-30T18:24:00+00:00,6.5000
2026-02-02T14:49:00+00:00,2026-02-02T21:09:00+00:00,long,145.510000,orb,1.15,0.2,40.2500,7.0000,,
2026-02-03T05:29:00+00:00,2026-02-03T11:04:00+00:00,long,-93.980000,ifvg,0.9722,1.0556,8.7500,9.5000,2026-02-03T05:14:00+00:00,1.0000
2026-02-03T14:59:00+00:00,2026-02-03T18:14:00+00:00,short,354.2600000,orb,2.0,0.0845,71.0000,3.0000,,
2026-02-04T01:09:00+00:00,2026-02-04T06:39:00+00:00,long,68.6350000,ifvg,2.2432,0.3514,20.7500,3.2500,2026-02-04T00:49:00+00:00,0.2500
2026-02-04T14:59:00+00:00,2026-02-04T17:44:00+00:00,short,304.2600000,orb,2.0492,0.8934,62.5000,27.2500,,
2026-02-05T01:29:00+00:00,2026-02-05T02:14:00+00:00,short,66.7600000,ifvg,3.2778,0.7778,29.5000,7.0000,2026-02-05T01:14:00+00:00,3.5000
2026-02-05T04:49:00+00:00,2026-02-05T12:24:00+00:00,long,-83.240000,ifvg,1.2308,1.1077,20.0000,18.0000,2026-02-05T03:39:00+00:00,1.5000
2026-02-05T12:29:00+00:00,2026-02-05T15:14:00+00:00,short,352.3850000,ifvg,2.6726,0.115,75.5000,3.2500,2026-02-05T04:39:00+00:00,2.2500
2026-02-05T15:14:00+00:00,2026-02-05T20:14:00+00:00,short,-153.240000,orb,0.1603,0.8893,10.5000,58.2500,,
2026-02-05T20:14:00+00:00,2026-02-05T20:34:00+00:00,long,-129.490000,ifvg,0.0196,1.049,0.5000,26.7500,2026-02-05T19:39:00+00:00,4.2500
2026-02-05T23:34:00+00:00,2026-02-05T23:49:00+00:00,long,-118.980000,ifvg,0.0652,1.1304,0.7500,13.0000,2026-02-05T23:24:00+00:00,1.7500
2026-02-06T15:29:00+00:00,2026-02-06T21:09:00+00:00,long,234.260000,orb,1.3834,0.2798,66.7500,13.5000,,
2026-02-09T15:09:00+00:00,2026-02-09T15:24:00+00:00,long,164.8850000,orb,1.303,0.1439,43.0000,4.7500,,
2026-02-09T23:19:00+00:00,2026-02-10T01:44:00+00:00,short,11.760000,ifvg,0.6271,0.1525,9.2500,2.2500,2026-02-09T23:09:00+00:00,0.7500
2026-02-10T01:44:00+00:00,2026-02-10T02:39:00+00:00,long,-139.440000,ifvg,0.7059,1.7059,3.0000,7.2500,2026-02-10T01:34:00+00:00,0.5000
2026-02-10T05:39:00+00:00,2026-02-10T06:39:00+00:00,long,-103.980000,ifvg,0.125,1.0,1.2500,10.0000,2026-02-10T05:29:00+00:00,1.0000
2026-02-10T14:59:00+00:00,2026-02-10T18:29:00+00:00,long,-116.990000,orb,0.3587,1.0435,8.2500,24.0000,,
2026-02-10T19:04:00+00:00,2026-02-10T20:54:00+00:00,long,-122.220000,ifvg,0.8387,1.7097,6.5000,13.2500,2026-02-10T18:54:00+00:00,2.0000
2026-02-11T14:54:00+00:00,2026-02-11T15:14:00+00:00,short,201.7600000,orb,2.1358,0.1852,43.2500,3.7500,,
2026-02-12T13:39:00+00:00,2026-02-12T14:09:00+00:00,long,-24.720000,ifvg,0.7857,0.5357,5.5000,3.7500,2026-02-12T13:09:00+00:00,1.2500
2026-02-12T14:09:00+00:00,2026-02-12T14:49:00+00:00,short,68.6350000,ifvg,2.6216,0.8919,24.2500,8.2500,2026-02-12T13:44:00+00:00,2.2500
2026-02-12T14:49:00+00:00,2026-02-12T15:09:00+00:00,short,114.8850000,orb,2.2892,0.3494,47.5000,7.2500,,
2026-02-12T19:34:00+00:00,2026-02-12T19:54:00+00:00,short,-108.980000,ifvg,0.0714,1.1429,0.7500,12.0000,2026-02-12T19:24:00+00:00,2.5000
2026-02-12T23:09:00+00:00,2026-02-13T01:09:00+00:00,short,24.260000,ifvg,0.586,0.1401,23.0000,5.5000,2026-02-12T21:39:00+00:00,2.2500
2026-02-13T01:09:00+00:00,2026-02-13T03:54:00+00:00,long,-106.480000,ifvg,0.4146,1.0244,4.2500,10.5000,2026-02-13T00:49:00+00:00,2.0000
2026-02-13T08:19:00+00:00,2026-02-13T08:24:00+00:00,short,-110.970000,ifvg,0.0714,1.3929,0.5000,9.7500,2026-02-13T08:09:00+00:00,1.5000
2026-02-13T13:39:00+00:00,2026-02-13T14:44:00+00:00,long,-156.990000,ifvg,0.3065,1.4194,9.5000,44.0000,2026-02-13T10:39:00+00:00,2.0000
2026-02-13T15:29:00+00:00,2026-02-13T21:09:00+00:00,long,-88.240000,orb,0.5991,0.5721,33.2500,31.7500,,
2026-02-16T15:04:00+00:00,2026-02-16T15:34:00+00:00,long,-76.990000,orb,0.0667,1.2333,1.0000,18.5000,,
2026-02-16T15:54:00+00:00,2026-02-16T15:59:00+00:00,long,-125.970000,ifvg,0.0,1.0,0,8.0000,2026-02-16T15:39:00+00:00,2.0000
2026-02-16T16:14:00+00:00,2026-02-16T16:19:00+00:00,long,-103.980000,ifvg,0.075,1.05,0.7500,10.5000,2026-02-16T16:04:00+00:00,5.0000
2026-02-17T13:29:00+00:00,2026-02-17T14:39:00+00:00,long,174.2600000,ifvg,2.625,0.3571,36.7500,5.0000,2026-02-17T13:09:00+00:00,2.5000
2026-02-17T14:59:00+00:00,2026-02-17T16:09:00+00:00,short,-193.240000,ifvg,0.2222,1.2157,8.5000,46.5000,2026-02-17T13:59:00+00:00,0.5000
2026-02-18T03:39:00+00:00,2026-02-18T05:39:00+00:00,long,76.1350000,ifvg,2.5366,0.0244,26.0000,0.2500,2026-02-18T03:19:00+00:00,1.5000
2026-02-18T13:54:00+00:00,2026-02-18T14:59:00+00:00,short,-118.240000,ifvg,0.4135,0.9808,10.7500,25.5000,2026-02-18T07:39:00+00:00,0.5000
2026-02-18T17:09:00+00:00,2026-02-18T21:09:00+00:00,long,-23.240000,ifvg,0.1307,0.9397,6.5000,46.7500,2026-02-18T16:59:00+00:00,1.0000
2026-02-19T00:39:00+00:00,2026-02-19T01:14:00+00:00,long,84.7700000,ifvg,1.7391,0.4783,10.0000,2.7500,2026-02-19T00:29:00+00:00,1.2500
2026-02-19T01:44:00+00:00,2026-02-19T06:34:00+00:00,short,-113.980000,ifvg,0.2727,1.2045,3.0000,13.2500,2026-02-19T01:09:00+00:00,5.2500
2026-02-19T08:14:00+00:00,2026-02-19T08:49:00+00:00,long,-96.480000,ifvg,0.4865,1.1351,4.5000,10.5000,2026-02-19T08:04:00+00:00,0.7500
2026-02-19T14:54:00+00:00,2026-02-19T16:34:00+00:00,long,15.510000,orb,0.5521,0.4792,13.2500,11.5000,,
2026-02-19T16:34:00+00:00,2026-02-19T18:24:00+00:00,short,161.7600000,ifvg,2.8269,0.0385,36.7500,0.5000,2026-02-19T16:24:00+00:00,3.2500
2026-02-19T19:44:00+00:00,2026-02-19T20:59:00+00:00,short,-108.240000,ifvg,0.1529,1.0471,3.2500,22.2500,2026-02-19T18:54:00+00:00,1.5000
2026-02-20T02:19:00+00:00,2026-02-20T04:09:00+00:00,short,-116.200000,ifvg,0.5882,1.0,2.5000,4.2500,2026-02-20T02:09:00+00:00,0.5000
2026-02-20T13:39:00+00:00,2026-02-20T14:39:00+00:00,short,-48.240000,ifvg,0.7463,0.9701,12.5000,16.2500,2026-02-20T12:59:00+00:00,0.7500
2026-02-20T14:39:00+00:00,2026-02-20T15:04:00+00:00,long,155.5100000,ifvg,4.46,0.36,55.7500,4.5000,2026-02-20T14:19:00+00:00,2.5000
2026-02-20T15:04:00+00:00,2026-02-20T21:09:00+00:00,long,130.510000,orb,0.5849,0.5566,31.0000,29.5000,,
2026-02-23T09:09:00+00:00,2026-02-23T11:29:00+00:00,long,31.760000,ifvg,0.6786,0.0119,14.2500,0.2500,2026-02-23T00:29:00+00:00,4.0000
2026-02-23T11:29:00+00:00,2026-02-23T11:59:00+00:00,short,55.5100000,ifvg,2.5667,0.1,19.2500,0.7500,2026-02-23T11:19:00+00:00,2.2500
2026-02-23T14:49:00+00:00,2026-02-23T16:04:00+00:00,short,280.5100000,ifvg,2.7111,0.5667,61.0000,12.7500,2026-02-23T14:39:00+00:00,10.0000
2026-02-24T05:24:00+00:00,2026-02-24T05:49:00+00:00,short,87.0400000,ifvg,2.5833,0.5,7.7500,1.5000,2026-02-24T05:09:00+00:00,0.7500
2026-02-24T09:19:00+00:00,2026-02-24T12:44:00+00:00,long,-83.240000,ifvg,0.4308,1.0769,7.0000,17.5000,2026-02-24T08:09:00+00:00,4.5000
2026-02-24T12:59:00+00:00,2026-02-24T13:34:00+00:00,long,48.0100000,ifvg,2.4615,0.1538,16.0000,1.0000,2026-02-24T12:49:00+00:00,0.7500
2026-02-24T18:44:00+00:00,2026-02-24T21:09:00+00:00,long,108.010000,ifvg,0.24,0.51,6.0000,12.7500,2026-02-24T18:19:00+00:00,0.2500
2026-02-24T23:19:00+00:00,2026-02-25T01:04:00+00:00,long,92.2700000,ifvg,2.52,0.24,15.7500,1.5000,2026-02-24T23:09:00+00:00,1.2500
2026-02-25T10:59:00+00:00,2026-02-25T11:34:00+00:00,short,-124.440000,ifvg,0.2,1.6,0.7500,6.0000,2026-02-25T10:44:00+00:00,1.2500
2026-02-25T14:49:00+00:00,2026-02-25T21:09:00+00:00,long,80.510000,orb,1.2344,0.9844,19.7500,15.7500,,
2026-02-26T08:04:00+00:00,2026-02-26T08:19:00+00:00,short,-122.450000,ifvg,0.2222,1.5,1.0000,6.7500,2026-02-26T07:49:00+00:00,0.5000
2026-02-26T08:39:00+00:00,2026-02-26T09:39:00+00:00,short,-118.470000,ifvg,0.3,1.1333,2.2500,8.5000,2026-02-26T08:19:00+00:00,0.7500
2026-02-26T09:59:00+00:00,2026-02-26T10:59:00+00:00,short,93.4050000,ifvg,1.6471,0.5294,7.0000,2.2500,2026-02-26T09:44:00+00:00,0.7500
2026-02-26T14:59:00+00:00,2026-02-26T15:24:00+00:00,short,266.7600000,orb,2.1682,0.1495,58.0000,4.0000,,
2026-02-27T00:54:00+00:00,2026-02-27T05:09:00+00:00,long,59.2600000,ifvg,2.5,0.4375,20.0000,3.5000,2026-02-27T00:44:00+00:00,0.7500
2026-02-27T06:39:00+00:00,2026-02-27T07:54:00+00:00,long,69.7700000,ifvg,2.1579,0.2632,10.2500,1.2500,2026-02-27T06:24:00+00:00,1.0000
2026-02-27T12:19:00+00:00,2026-02-27T12:49:00+00:00,long,-123.980000,ifvg,0.2917,1.1667,3.5000,14.0000,2026-02-27T11:44:00+00:00,3.0000
2026-02-27T15:09:00+00:00,2026-02-27T21:09:00+00:00,long,54.260000,orb,0.6992,0.5691,21.5000,17.5000,,
2026-03-02T14:49:00+00:00,2026-03-02T16:34:00+00:00,long,28.010000,orb,0.4615,0.2644,24.0000,13.7500,,
2026-03-02T16:34:00+00:00,2026-03-02T16:44:00+00:00,short,-74.490000,ifvg,0.2241,1.8793,3.2500,27.2500,2026-03-02T16:09:00+00:00,1.0000
2026-03-03T01:34:00+00:00,2026-03-03T07:24:00+00:00,short,227.3850000,ifvg,2.6986,0.0548,49.2500,1.0000,2026-03-03T01:19:00+00:00,1.2500
2026-03-03T10:49:00+00:00,2026-03-03T10:59:00+00:00,long,-111.480000,ifvg,0.4419,1.4884,4.7500,16.0000,2026-03-03T10:39:00+00:00,4.0000
2026-03-03T14:49:00+00:00,2026-03-03T16:49:00+00:00,short,-235.740000,orb,0.6043,1.2995,28.2500,60.7500,,
2026-03-03T17:39:00+00:00,2026-03-03T17:44:00+00:00,short,-96.480000,ifvg,0.027,1.8108,0.2500,16.7500,2026-03-03T17:29:00+00:00,0.7500
2026-03-04T00:39:00+00:00,2026-03-04T00:54:00+00:00,short,-133.980000,ifvg,0.2115,1.0192,2.7500,13.2500,2026-03-04T00:24:00+00:00,4.2500
2026-03-04T06:39:00+00:00,2026-03-04T10:09:00+00:00,long,183.6350000,ifvg,3.6441,0.6441,53.7500,9.5000,2026-03-04T06:09:00+00:00,1.7500
2026-03-04T15:19:00+00:00,2026-03-04T16:19:00+00:00,long,0.510000,orb,0.5,0.1404,22.2500,6.2500,,
2026-03-04T16:19:00+00:00,2026-03-04T16:44:00+00:00,short,-88.240000,ifvg,0.2029,1.058,3.5000,18.2500,2026-03-04T16:04:00+00:00,7.5000
2026-03-04T23:14:00+00:00,2026-03-05T01:44:00+00:00,long,-103.240000,ifvg,0.716,1.1235,14.5000,22.7500,2026-03-04T20:59:00+00:00,1.0000
2026-03-05T06:24:00+00:00,2026-03-05T06:34:00+00:00,long,-110.970000,ifvg,0.0,1.1429,0,8.0000,2026-03-05T06:14:00+00:00,2.0000
2026-03-05T09:44:00+00:00,2026-03-05T14:59:00+00:00,short,-38.240000,ifvg,1.2143,0.6224,29.7500,15.2500,2026-03-05T09:14:00+00:00,13.0000
2026-03-05T14:59:00+00:00,2026-03-05T15:24:00+00:00,long,-165.740000,orb,0.1374,1.2595,4.5000,41.2500,,
2026-03-06T15:29:00+00:00,2026-03-06T21:09:00+00:00,long,-133.240000,orb,0.5364,0.8212,20.2500,31.0000,,
2026-03-09T13:54:00+00:00,2026-03-09T14:09:00+00:00,short,-20.740000,orb,0.1006,0.6313,4.5000,28.2500,,
2026-03-09T14:09:00+00:00,2026-03-09T16:29:00+00:00,long,393.0100000,ifvg,2.5873,0.373,81.5000,11.7500,2026-03-09T13:44:00+00:00,8.0000
2026-03-10T12:54:00+00:00,2026-03-10T14:04:00+00:00,long,-100.740000,ifvg,0.8481,1.1392,16.7500,22.5000,2026-03-10T12:09:00+00:00,4.7500
2026-03-10T14:09:00+00:00,2026-03-10T14:34:00+00:00,short,-199.490000,orb,0.019,1.0949,0.7500,43.2500,,
2026-03-11T13:49:00+00:00,2026-03-11T14:04:00+00:00,short,-91.990000,orb,0.3194,1.9028,5.7500,34.2500,,
2026-03-12T11:59:00+00:00,2026-03-12T13:19:00+00:00,short,87.3850000,ifvg,3.383,0.1489,39.7500,1.7500,2026-03-12T11:39:00+00:00,1.2500
2026-03-12T13:54:00+00:00,2026-03-12T20:09:00+00:00,short,133.010000,orb,1.2,0.9048,31.5000,23.7500,,
2026-03-13T00:14:00+00:00,2026-03-13T01:09:00+00:00,long,85.5100000,ifvg,1.6522,0.0652,19.0000,0.7500,2026-03-13T00:04:00+00:00,1.2500
2026-03-13T14:14:00+00:00,2026-03-13T17:49:00+00:00,short,311.7600000,orb,2.08,0.456,65.0000,14.2500,,
2026-03-15T22:09:00+00:00,2026-03-16T07:04:00+00:00,long,289.8850000,ifvg,2.6022,0.3226,60.5000,7.5000,2026-03-13T20:59:00+00:00,1.7500
2026-03-16T07:14:00+00:00,2026-03-16T07:39:00+00:00,short,57.3850000,ifvg,1.5161,0.1613,11.7500,1.2500,2026-03-16T07:04:00+00:00,0.5000
2026-03-16T13:49:00+00:00,2026-03-16T14:54:00+00:00,long,-118.240000,orb,0.6022,1.0645,14.0000,24.7500,,
2026-03-16T14:59:00+00:00,2026-03-16T16:04:00+00:00,long,-76.990000,ifvg,0.55,1.1167,8.2500,16.7500,2026-03-16T14:44:00+00:00,2.0000
2026-03-17T12:09:00+00:00,2026-03-17T13:09:00+00:00,long,94.8850000,ifvg,2.6471,0.1569,33.7500,2.0000,2026-03-17T11:59:00+00:00,2.2500
2026-03-17T13:49:00+00:00,2026-03-17T14:19:00+00:00,long,-119.490000,orb,0.0,1.1702,0,27.5000,,
2026-03-18T14:14:00+00:00,2026-03-18T19:44:00+00:00,short,244.2600000,orb,2.2245,0.3776,54.5000,9.2500,,
2026-03-19T02:04:00+00:00,2026-03-19T02:09:00+00:00,short,-142.960000,ifvg,0.0741,1.7778,0.5000,12.0000,2026-03-19T01:44:00+00:00,1.7500
2026-03-19T13:49:00+00:00,2026-03-19T15:24:00+00:00,long,-23.240000,orb,0.6372,0.6903,18.0000,19.5000,,
2026-03-19T15:24:00+00:00,2026-03-19T16:04:00+00:00,short,-131.480000,ifvg,1.0784,1.1373,13.7500,14.5000,2026-03-19T15:14:00+00:00,0.7500
2026-03-19T17:24:00+00:00,2026-03-19T17:44:00+00:00,long,-106.480000,ifvg,0.2927,1.0732,3.0000,11.0000,2026-03-19T17:14:00+00:00,2.5000
2026-03-20T00:29:00+00:00,2026-03-20T01:34:00+00:00,short,-93.980000,ifvg,0.25,1.2778,2.2500,11.5000,2026-03-20T00:19:00+00:00,0.5000
2026-03-20T01:59:00+00:00,2026-03-20T04:49:00+00:00,short,88.5200000,ifvg,2.7917,0.75,16.7500,4.5000,2026-03-20T01:44:00+00:00,0.5000
2026-03-20T08:39:00+00:00,2026-03-20T09:24:00+00:00,long,-105.740000,ifvg,0.0602,1.0361,1.2500,21.5000,2026-03-20T06:29:00+00:00,0.7500
2026-03-20T13:39:00+00:00,2026-03-20T13:44:00+00:00,short,-93.980000,ifvg,0.1111,1.6944,1.0000,15.2500,2026-03-20T13:29:00+00:00,1.0000
2026-03-20T13:54:00+00:00,2026-03-20T18:19:00+00:00,short,216.7600000,orb,2.0115,0.1034,43.7500,2.2500,,
2026-03-23T06:04:00+00:00,2026-03-23T06:29:00+00:00,long,-125.970000,ifvg,0.0625,1.0,0.5000,8.0000,2026-03-23T05:54:00+00:00,1.0000
2026-03-23T13:59:00+00:00,2026-03-23T15:59:00+00:00,long,-213.240000,orb,0.574,1.0651,24.2500,45.0000,,
2026-03-24T00:04:00+00:00,2026-03-24T00:24:00+00:00,long,-108.240000,ifvg,0.1529,1.0824,3.2500,23.0000,2026-03-23T23:54:00+00:00,2.0000
2026-03-24T05:29:00+00:00,2026-03-24T06:04:00+00:00,short,-94.490000,ifvg,0.0405,1.1892,0.7500,22.0000,2026-03-24T05:19:00+00:00,0.5000
2026-03-24T14:09:00+00:00,2026-03-24T20:09:00+00:00,long,-13.240000,orb,1.0069,0.5278,36.2500,19.0000,,
2026-03-25T06:49:00+00:00,2026-03-25T07:09:00+00:00,long,-54.720000,ifvg,0.6,0.7,4.5000,5.2500,2026-03-25T06:29:00+00:00,0.2500
2026-03-25T07:29:00+00:00,2026-03-25T07:49:00+00:00,short,-71.990000,ifvg,0.0357,1.0,0.5000,14.0000,2026-03-25T07:19:00+00:00,2.5000
2026-03-25T12:24:00+00:00,2026-03-25T13:34:00+00:00,short,-75.740000,ifvg,1.1017,1.5254,16.2500,22.5000,2026-03-25T12:04:00+00:00,3.5000
2026-03-25T13:49:00+00:00,2026-03-25T16:29:00+00:00,short,14.260000,orb,1.1587,0.4603,36.5000,14.5000,,
2026-03-25T16:29:00+00:00,2026-03-25T20:09:00+00:00,long,-44.490000,ifvg,0.5532,0.5532,19.5000,19.5000,2026-03-25T15:44:00+00:00,5.0000
2026-03-26T00:59:00+00:00,2026-03-26T06:34:00+00:00,short,79.260000,ifvg,1.7586,0.931,25.5000,13.5000,2026-03-26T00:24:00+00:00,5.0000
2026-03-26T06:34:00+00:00,2026-03-26T07:24:00+00:00,long,-106.480000,ifvg,0.4634,1.7073,4.7500,17.5000,2026-03-26T05:54:00+00:00,0.2500
2026-03-26T12:14:00+00:00,2026-03-26T12:34:00+00:00,long,-98.980000,ifvg,0.2105,1.3421,2.0000,12.7500,2026-03-26T12:04:00+00:00,1.7500
2026-03-26T13:49:00+00:00,2026-03-26T16:19:00+00:00,long,-138.240000,orb,0.5413,1.3486,14.7500,36.7500,,
2026-03-27T06:39:00+00:00,2026-03-27T07:24:00+00:00,short,53.6350000,ifvg,2.6897,0.3793,19.5000,2.7500,2026-03-27T06:24:00+00:00,1.2500
2026-03-27T13:59:00+00:00,2026-03-27T20:09:00+00:00,short,275.510000,orb,1.6107,0.8591,60.0000,32.0000,,
2026-03-29T23:14:00+00:00,2026-03-30T04:29:00+00:00,short,-210.740000,ifvg,0.3593,1.0299,15.0000,43.0000,2026-03-29T23:04:00+00:00,3.0000
2026-03-30T13:49:00+00:00,2026-03-30T14:09:00+00:00,short,46.760000,orb,0.3314,0.1279,14.2500,5.5000,,
2026-03-30T14:14:00+00:00,2026-03-30T14:44:00+00:00,long,-73.240000,ifvg,0.1228,1.2456,1.7500,17.7500,2026-03-30T13:59:00+00:00,1.5000
2026-03-30T16:09:00+00:00,2026-03-30T18:59:00+00:00,short,236.7600000,ifvg,2.5526,0.3158,48.5000,6.0000,2026-03-30T15:39:00+00:00,1.7500
2026-03-31T00:34:00+00:00,2026-03-31T00:39:00+00:00,long,93.0100000,ifvg,1.72,0.0,21.5000,0,2026-03-31T00:24:00+00:00,0.5000
2026-03-31T12:19:00+00:00,2026-03-31T13:49:00+00:00,short,-93.240000,ifvg,0.4795,1.6849,8.7500,30.7500,2026-03-31T12:04:00+00:00,0.5000
2026-03-31T13:49:00+00:00,2026-03-31T14:59:00+00:00,long,-179.490000,orb,0.3099,1.1056,11.0000,39.2500,,
2026-03-31T15:09:00+00:00,2026-03-31T16:39:00+00:00,long,183.6350000,ifvg,2.9831,0.7458,44.0000,11.0000,2026-03-31T14:59:00+00:00,5.5000
2026-04-01T13:49:00+00:00,2026-04-01T14:39:00+00:00,short,-143.240000,orb,0.0708,1.1062,2.0000,31.2500,,
2026-04-02T01:09:00+00:00,2026-04-02T01:14:00+00:00,short,-98.240000,ifvg,0.3117,1.1558,6.0000,22.2500,2026-04-02T00:49:00+00:00,7.2500
2026-04-02T13:44:00+00:00,2026-04-02T13:49:00+00:00,short,-70.740000,ifvg,0.2,1.2545,2.7500,17.2500,2026-04-02T13:34:00+00:00,0.5000
2026-04-02T13:54:00+00:00,2026-04-02T14:39:00+00:00,long,354.2600000,orb,2.662,0.0845,94.5000,3.0000,,
2026-04-06T06:34:00+00:00,2026-04-06T06:54:00+00:00,short,-123.980000,ifvg,0.125,1.2708,1.5000,15.2500,2026-04-06T06:14:00+00:00,3.2500
2026-04-06T07:09:00+00:00,2026-04-06T07:49:00+00:00,short,-73.240000,ifvg,0.1404,1.1754,2.0000,16.7500,2026-04-06T06:59:00+00:00,2.7500
2026-04-06T13:09:00+00:00,2026-04-06T13:39:00+00:00,short,-70.740000,ifvg,0.6545,1.1273,9.0000,15.5000,2026-04-06T12:39:00+00:00,1.0000
2026-04-06T13:59:00+00:00,2026-04-06T14:44:00+00:00,long,-45.740000,orb,0.3651,0.8095,11.5000,25.5000,,
2026-04-06T14:44:00+00:00,2026-04-06T17:29:00+00:00,short,11.760000,ifvg,1.2985,0.5075,21.7500,8.5000,2026-04-06T14:24:00+00:00,1.2500
2026-04-06T17:29:00+00:00,2026-04-06T20:09:00+00:00,long,49.260000,ifvg,1.0833,0.8,16.2500,12.0000,2026-04-06T17:19:00+00:00,1.7500
2026-04-06T22:29:00+00:00,2026-04-07T00:19:00+00:00,short,-58.980000,ifvg,0.8947,0.8947,8.5000,8.5000,2026-04-06T22:09:00+00:00,4.5000
2026-04-07T00:19:00+00:00,2026-04-07T00:34:00+00:00,long,-118.470000,ifvg,0.0333,1.2,0.2500,9.0000,2026-04-07T00:04:00+00:00,2.0000
2026-04-07T00:44:00+00:00,2026-04-07T08:34:00+00:00,short,-85.740000,ifvg,1.8955,1.0597,31.7500,17.7500,2026-04-07T00:19:00+00:00,3.7500
2026-04-07T13:49:00+00:00,2026-04-07T17:39:00+00:00,short,-156.990000,orb,1.129,1.25,35.0000,38.7500,,
2026-04-08T13:54:00+00:00,2026-04-08T13:59:00+00:00,long,87.7800000,ifvg,2.125,0.4375,8.5000,1.7500,2026-04-08T03:24:00+00:00,0.5000
2026-04-08T18:24:00+00:00,2026-04-08T18:54:00+00:00,short,64.8850000,ifvg,2.5429,0.4857,22.2500,4.2500,2026-04-08T18:09:00+00:00,2.7500
2026-04-09T03:04:00+00:00,2026-04-09T05:39:00+00:00,short,-103.470000,ifvg,0.7308,1.0,4.7500,6.5000,2026-04-09T02:54:00+00:00,0.5000
2026-04-09T11:04:00+00:00,2026-04-09T11:44:00+00:00,short,-122.220000,ifvg,0.2258,1.3871,1.7500,10.7500,2026-04-09T09:19:00+00:00,1.2500
2026-04-09T14:19:00+00:00,2026-04-09T15:14:00+00:00,short,-69.490000,orb,0.463,1.037,6.2500,14.0000,,
2026-04-10T09:09:00+00:00,2026-04-10T09:19:00+00:00,long,87.7800000,ifvg,3.6875,0.125,14.7500,0.5000,2026-04-10T08:59:00+00:00,1.5000
2026-04-10T15:24:00+00:00,2026-04-10T15:39:00+00:00,long,-78.240000,orb,0.0,1.082,0,16.5000,,
2026-04-13T08:44:00+00:00,2026-04-13T10:59:00+00:00,short,-127.960000,ifvg,0.2812,1.0,2.2500,8.0000,2026-04-13T08:09:00+00:00,1.0000
2026-04-13T13:49:00+00:00,2026-04-13T18:54:00+00:00,long,226.7600000,orb,2.044,0.3626,46.5000,8.2500,,
2026-04-14T14:09:00+00:00,2026-04-14T20:09:00+00:00,long,175.510000,orb,1.4867,0.0973,42.0000,2.7500,,
2026-04-15T10:49:00+00:00,2026-04-15T11:49:00+00:00,long,79.8850000,ifvg,2.186,0.1628,23.5000,1.7500,2026-04-15T10:24:00+00:00,1.5000
2026-04-15T13:49:00+00:00,2026-04-15T14:19:00+00:00,short,-111.480000,ifvg,0.4419,1.3256,4.7500,14.2500,2026-04-15T13:39:00+00:00,1.5000
2026-04-15T14:24:00+00:00,2026-04-15T19:44:00+00:00,long,139.260000,orb,1.433,0.3814,34.7500,9.2500,,
2026-04-16T02:04:00+00:00,2026-04-16T03:09:00+00:00,short,-28.700000,ifvg,0.6842,0.4211,3.2500,2.0000,2026-04-16T01:49:00+00:00,1.0000
2026-04-16T03:09:00+00:00,2026-04-16T04:04:00+00:00,long,-116.200000,ifvg,0.0,1.1176,0,4.7500,2026-04-16T02:59:00+00:00,0.5000
2026-04-16T10:59:00+00:00,2026-04-16T12:34:00+00:00,long,66.0200000,ifvg,2.0,0.6667,9.0000,3.0000,2026-04-16T10:49:00+00:00,0.2500
2026-04-16T13:54:00+00:00,2026-04-16T15:14:00+00:00,short,-126.990000,orb,0.09,1.09,2.2500,27.2500,,
2026-04-16T15:34:00+00:00,2026-04-16T15:39:00+00:00,short,-103.980000,ifvg,0.025,1.35,0.2500,13.5000,2026-04-16T15:19:00+00:00,1.5000
2026-04-16T18:39:00+00:00,2026-04-16T20:09:00+00:00,long,63.520000,ifvg,1.3421,0.2895,12.7500,2.7500,2026-04-16T18:29:00+00:00,2.5000
2026-04-17T13:54:00+00:00,2026-04-17T14:49:00+00:00,long,179.2600000,orb,2.0556,0.1389,37.0000,2.5000,,
2026-04-17T15:49:00+00:00,2026-04-17T16:04:00+00:00,short,-118.470000,ifvg,0.3333,1.0333,2.5000,7.7500,2026-04-17T15:39:00+00:00,1.2500
2026-04-20T00:24:00+00:00,2026-04-20T10:29:00+00:00,long,103.010000,ifvg,1.019,0.0667,26.7500,1.7500,2026-04-19T23:19:00+00:00,1.0000
2026-04-20T10:29:00+00:00,2026-04-20T12:49:00+00:00,short,-99.720000,ifvg,1.48,1.4,9.2500,8.7500,2026-04-20T10:14:00+00:00,1.0000
2026-04-20T13:59:00+00:00,2026-04-20T14:44:00+00:00,long,-74.490000,orb,0.0345,1.2069,0.5000,17.5000,,
2026-04-21T06:14:00+00:00,2026-04-21T08:09:00+00:00,long,-98.980000,ifvg,0.1053,1.0789,1.0000,10.2500,2026-04-21T05:54:00+00:00,0.5000
2026-04-21T09:09:00+00:00,2026-04-21T09:59:00+00:00,short,-127.960000,ifvg,0.0,1.75,0,10.5000,2026-04-21T08:49:00+00:00,2.2500
2026-04-21T13:54:00+00:00,2026-04-21T14:54:00+00:00,long,-98.240000,orb,0.3117,1.0779,6.0000,20.7500,,
2026-04-22T07:24:00+00:00,2026-04-22T08:34:00+00:00,short,48.0100000,ifvg,2.0,0.6154,13.0000,4.0000,2026-04-22T07:09:00+00:00,0.5000
2026-04-22T08:49:00+00:00,2026-04-22T09:04:00+00:00,long,84.7700000,ifvg,1.9565,0.2174,11.2500,1.2500,2026-04-22T08:39:00+00:00,1.5000
2026-04-22T13:59:00+00:00,2026-04-22T19:54:00+00:00,long,89.2600000,orb,1.6667,0.5625,20.0000,6.7500,,
2026-04-23T13:49:00+00:00,2026-04-23T14:04:00+00:00,long,-90.740000,orb,0.0141,1.0563,0.2500,18.7500,,
2026-04-24T08:04:00+00:00,2026-04-24T08:34:00+00:00,long,-122.220000,ifvg,1.1935,1.129,9.2500,8.7500,2026-04-24T07:39:00+00:00,0.5000
2026-04-24T08:34:00+00:00,2026-04-24T11:04:00+00:00,short,-108.980000,ifvg,0.881,1.8333,9.2500,19.2500,2026-04-24T08:24:00+00:00,3.0000
2026-04-24T13:54:00+00:00,2026-04-24T14:44:00+00:00,short,-84.490000,orb,0.303,1.0,5.0000,16.5000,,
2026-04-24T19:29:00+00:00,2026-04-24T20:09:00+00:00,short,-17.220000,ifvg,0.4,0.8333,3.0000,6.2500,2026-04-24T19:14:00+00:00,2.2500
2026-04-27T15:19:00+00:00,2026-04-27T17:04:00+00:00,short,-80.740000,orb,0.3492,1.0159,5.5000,16.0000,,
2026-04-28T00:24:00+00:00,2026-04-28T00:29:00+00:00,short,58.5200000,ifvg,1.5,0.1875,6.0000,0.7500,2026-04-28T00:14:00+00:00,0.2500
2026-04-28T01:54:00+00:00,2026-04-28T05:39:00+00:00,short,61.1350000,ifvg,2.7576,0.0909,22.7500,0.7500,2026-04-28T01:44:00+00:00,1.7500
2026-04-28T14:39:00+00:00,2026-04-28T20:09:00+00:00,short,-100.740000,orb,0.2807,0.7719,8.0000,22.0000,,
2026-04-29T05:34:00+00:00,2026-04-29T06:39:00+00:00,long,-124.440000,ifvg,0.9333,1.0667,3.5000,4.0000,2026-04-29T05:19:00+00:00,0.2500
2026-04-29T14:24:00+00:00,2026-04-29T15:54:00+00:00,long,-73.240000,orb,0.5789,1.5263,8.2500,21.7500,,
2026-04-29T18:09:00+00:00,2026-04-29T18:19:00+00:00,short,-106.480000,ifvg,0.3902,1.0732,4.0000,11.0000,2026-04-29T17:54:00+00:00,1.5000
2026-04-29T19:04:00+00:00,2026-04-29T20:09:00+00:00,long,55.510000,ifvg,1.7179,0.2179,33.5000,4.2500,2026-04-29T18:09:00+00:00,3.5000
2026-04-30T05:09:00+00:00,2026-04-30T05:29:00+00:00,long,-95.970000,ifvg,0.5,1.1667,3.0000,7.0000,2026-04-30T04:59:00+00:00,0.5000
2026-04-30T09:34:00+00:00,2026-04-30T12:39:00+00:00,long,129.260000,ifvg,1.5652,0.2717,36.0000,6.2500,2026-04-30T04:09:00+00:00,3.2500
2026-04-30T12:39:00+00:00,2026-04-30T13:34:00+00:00,short,74.2600000,ifvg,3.075,0.825,30.7500,8.2500,2026-04-30T12:24:00+00:00,4.2500
2026-04-30T13:59:00+00:00,2026-04-30T15:34:00+00:00,short,-179.490000,orb,0.2183,1.0704,7.7500,38.0000,,
2026-04-30T17:09:00+00:00,2026-04-30T20:09:00+00:00,long,186.760000,ifvg,1.3358,0.0292,45.7500,1.0000,2026-04-30T16:59:00+00:00,0.5000
2026-05-01T03:44:00+00:00,2026-05-01T06:39:00+00:00,short,62.2700000,ifvg,2.4118,0.2353,10.2500,1.0000,2026-05-01T03:29:00+00:00,0.2500
2026-05-01T07:54:00+00:00,2026-05-01T07:59:00+00:00,long,-135.920000,ifvg,0.0833,1.0833,0.2500,3.2500,2026-05-01T07:44:00+00:00,0.7500
2026-05-01T09:29:00+00:00,2026-05-01T10:44:00+00:00,long,-22.960000,ifvg,0.5,0.4583,3.0000,2.7500,2026-05-01T08:39:00+00:00,0.2500
2026-05-01T10:44:00+00:00,2026-05-01T11:59:00+00:00,short,-117.960000,ifvg,0.2727,1.1818,1.5000,6.5000,2026-05-01T09:29:00+00:00,0.5000
2026-05-01T13:59:00+00:00,2026-05-01T18:49:00+00:00,long,-174.490000,orb,0.2101,1.0,7.2500,34.5000,,
2026-05-04T05:34:00+00:00,2026-05-04T06:44:00+00:00,short,69.7700000,ifvg,2.1053,0.6842,10.0000,3.2500,2026-05-04T05:24:00+00:00,0.7500
2026-05-04T13:49:00+00:00,2026-05-04T15:19:00+00:00,long,-118.980000,orb,1.4783,1.6304,17.0000,18.7500,,
2026-05-05T00:09:00+00:00,2026-05-05T00:19:00+00:00,long,-114.720000,ifvg,0.1034,1.0345,0.7500,7.5000,2026-05-04T22:54:00+00:00,1.2500
2026-05-05T02:54:00+00:00,2026-05-05T03:29:00+00:00,short,-107.960000,ifvg,0.15,1.25,0.7500,6.2500,2026-05-05T02:34:00+00:00,1.5000
2026-05-05T06:39:00+00:00,2026-05-05T07:39:00+00:00,long,46.1350000,ifvg,2.72,0.32,17.0000,2.0000,2026-05-05T06:24:00+00:00,1.0000
2026-05-05T13:59:00+00:00,2026-05-05T17:59:00+00:00,long,79.8850000,orb,2.0,0.7907,21.5000,8.5000,,
2026-05-06T13:54:00+00:00,2026-05-06T18:39:00+00:00,long,186.7600000,orb,2.04,0.5333,38.2500,10.0000,,
2026-05-07T01:09:00+00:00,2026-05-07T01:14:00+00:00,short,-116.940000,ifvg,0.0,1.0714,0,3.7500,2026-05-07T00:54:00+00:00,0.5000
2026-05-07T06:24:00+00:00,2026-05-07T06:44:00+00:00,long,66.0200000,ifvg,2.7778,0.3889,12.5000,1.7500,2026-05-07T06:14:00+00:00,0.2500
2026-05-07T10:29:00+00:00,2026-05-07T13:49:00+00:00,long,-103.470000,ifvg,1.1538,1.6923,7.5000,11.0000,2026-05-07T09:59:00+00:00,1.0000
2026-05-07T13:49:00+00:00,2026-05-07T14:39:00+00:00,short,-76.990000,orb,0.0833,1.0167,1.2500,15.2500,,
2026-05-07T15:39:00+00:00,2026-05-07T16:04:00+00:00,long,-93.240000,ifvg,0.137,1.0822,2.5000,19.7500,2026-05-07T15:29:00+00:00,0.2500
2026-05-07T16:34:00+00:00,2026-05-07T16:49:00+00:00,long,-64.490000,ifvg,0.0,1.04,0,13.0000,2026-05-07T16:19:00+00:00,2.2500
2026-05-08T13:49:00+00:00,2026-05-08T20:09:00+00:00,long,70.510000,orb,1.2698,0.1587,20.0000,2.5000,,
2026-05-11T06:39:00+00:00,2026-05-11T07:44:00+00:00,short,-124.440000,ifvg,0.4667,1.0,1.7500,3.7500,2026-05-11T06:29:00+00:00,0.7500
2026-05-11T08:34:00+00:00,2026-05-11T09:34:00+00:00,short,-107.960000,ifvg,0.2,1.0,1.0000,5.0000,2026-05-11T08:24:00+00:00,1.0000
2026-05-11T13:49:00+00:00,2026-05-11T14:34:00+00:00,long,-19.490000,orb,0.3368,0.5263,8.0000,12.5000,,
2026-05-11T14:34:00+00:00,2026-05-11T14:44:00+00:00,short,-103.470000,ifvg,0.3077,1.0385,2.0000,6.7500,2026-05-11T14:24:00+00:00,3.2500
2026-05-11T17:29:00+00:00,2026-05-11T17:49:00+00:00,long,46.1350000,ifvg,1.68,0.08,10.5000,0.5000,2026-05-11T17:19:00+00:00,2.0000
2026-05-11T23:29:00+00:00,2026-05-12T01:19:00+00:00,long,-81.990000,ifvg,0.0,1.0469,0,16.7500,2026-05-11T18:59:00+00:00,0.7500
2026-05-12T05:39:00+00:00,2026-05-12T07:04:00+00:00,short,72.3850000,ifvg,1.8205,0.4103,17.7500,4.0000,2026-05-12T05:29:00+00:00,1.2500
2026-05-12T07:19:00+00:00,2026-05-12T08:14:00+00:00,long,-110.970000,ifvg,0.3571,1.0357,2.5000,7.2500,2026-05-12T07:09:00+00:00,3.0000
2026-05-12T13:59:00+00:00,2026-05-12T19:14:00+00:00,short,-108.240000,orb,1.5412,1.0588,32.7500,22.5000,,
2026-05-13T00:24:00+00:00,2026-05-13T01:54:00+00:00,long,66.7600000,ifvg,2.5556,0.6111,23.0000,5.5000,2026-05-12T23:44:00+00:00,1.5000
2026-05-13T12:14:00+00:00,2026-05-13T12:24:00+00:00,short,58.5200000,ifvg,5.1875,0.125,20.7500,0.5000,2026-05-13T10:04:00+00:00,0.5000
2026-05-13T13:49:00+00:00,2026-05-13T14:24:00+00:00,short,-109.490000,orb,0.1744,1.0,3.7500,21.5000,,
2026-05-13T19:29:00+00:00,2026-05-13T20:04:00+00:00,short,61.1350000,ifvg,1.5758,0.2121,13.0000,1.7500,2026-05-13T19:14:00+00:00,1.2500
2026-05-14T09:54:00+00:00,2026-05-14T12:24:00+00:00,long,55.5100000,ifvg,1.7667,0.3667,13.2500,2.7500,2026-05-14T09:44:00+00:00,0.7500
2026-05-14T13:49:00+00:00,2026-05-14T15:19:00+00:00,long,149.2600000,orb,1.7907,0.7326,38.5000,15.7500,,
2026-05-14T23:54:00+00:00,2026-05-15T00:14:00+00:00,short,-40.180000,ifvg,1.4615,0.3077,4.7500,1.0000,2026-05-14T23:34:00+00:00,0.7500
2026-05-15T00:14:00+00:00,2026-05-15T00:44:00+00:00,long,-127.960000,ifvg,0.625,1.6667,3.7500,10.0000,2026-05-15T00:04:00+00:00,0.2500
2026-05-15T06:39:00+00:00,2026-05-15T08:04:00+00:00,long,-113.980000,ifvg,0.7045,1.4545,7.7500,16.0000,2026-05-15T06:29:00+00:00,3.0000
2026-05-15T17:24:00+00:00,2026-05-15T18:24:00+00:00,long,-15.740000,orb,0.2516,0.2387,9.7500,9.2500,,
2026-05-15T18:24:00+00:00,2026-05-15T18:34:00+00:00,short,63.0100000,ifvg,2.5882,0.2647,22.0000,2.2500,2026-05-15T18:04:00+00:00,2.0000
2026-05-18T04:29:00+00:00,2026-05-18T04:44:00+00:00,short,-110.970000,ifvg,0.1786,1.0,1.2500,7.0000,2026-05-18T04:14:00+00:00,0.5000
2026-05-18T05:24:00+00:00,2026-05-18T06:59:00+00:00,short,-98.980000,ifvg,0.9474,1.0789,9.0000,10.2500,2026-05-18T05:09:00+00:00,3.2500
2026-05-18T07:19:00+00:00,2026-05-18T07:29:00+00:00,short,-110.970000,ifvg,0.75,1.9643,5.2500,13.7500,2026-05-18T07:09:00+00:00,0.7500
2026-05-18T10:09:00+00:00,2026-05-18T11:39:00+00:00,short,-75.740000,ifvg,0.7288,1.661,10.7500,24.5000,2026-05-18T08:29:00+00:00,5.0000
2026-05-18T13:54:00+00:00,2026-05-18T14:09:00+00:00,long,-29.490000,orb,0.1695,0.7966,5.0000,23.5000,,
2026-05-18T14:09:00+00:00,2026-05-18T16:29:00+00:00,short,277.3850000,ifvg,2.6404,0.2022,58.7500,4.5000,2026-05-18T13:59:00+00:00,11.2500
2026-05-18T16:34:00+00:00,2026-05-18T16:59:00+00:00,short,-55.740000,ifvg,0.0787,0.4382,3.5000,19.5000,2026-05-18T16:19:00+00:00,3.5000
2026-05-18T16:59:00+00:00,2026-05-18T18:24:00+00:00,long,-123.240000,ifvg,0.4021,1.0,9.7500,24.2500,2026-05-18T16:34:00+00:00,6.7500
2026-05-18T19:09:00+00:00,2026-05-18T20:09:00+00:00,long,83.010000,ifvg,1.1905,0.7976,25.0000,16.7500,2026-05-18T18:19:00+00:00,2.2500
2026-05-19T01:44:00+00:00,2026-05-19T01:59:00+00:00,long,-118.470000,ifvg,0.2,1.0333,1.5000,7.7500,2026-05-19T01:29:00+00:00,1.2500
2026-05-19T05:34:00+00:00,2026-05-19T07:49:00+00:00,long,161.7600000,ifvg,2.5577,0.25,33.2500,3.2500,2026-05-19T05:24:00+00:00,0.7500
2026-05-19T13:54:00+00:00,2026-05-19T14:09:00+00:00,long,-119.490000,orb,0.2021,1.2766,4.7500,30.0000,,
2026-05-19T15:04:00+00:00,2026-05-19T15:24:00+00:00,long,-106.480000,ifvg,0.5366,1.439,5.5000,14.7500,2026-05-19T14:54:00+00:00,1.2500
2026-05-20T00:34:00+00:00,2026-05-20T01:34:00+00:00,long,-61.990000,ifvg,0.5208,1.0,6.2500,12.0000,2026-05-20T00:19:00+00:00,3.7500
2026-05-20T05:49:00+00:00,2026-05-20T06:04:00+00:00,short,-83.980000,ifvg,0.1875,1.25,1.5000,10.0000,2026-05-20T05:39:00+00:00,1.7500
2026-05-20T14:19:00+00:00,2026-05-20T18:49:00+00:00,long,136.760000,orb,1.5041,0.2764,46.2500,8.5000,,
2026-05-20T18:49:00+00:00,2026-05-20T19:24:00+00:00,short,-86.480000,ifvg,0.2424,1.1212,2.0000,9.2500,2026-05-20T18:39:00+00:00,1.5000
2026-05-21T13:54:00+00:00,2026-05-21T14:19:00+00:00,long,-71.990000,orb,0.4494,0.6404,10.0000,14.2500,,
2026-05-21T14:19:00+00:00,2026-05-21T14:24:00+00:00,short,70.9050000,ifvg,2.4615,0.6923,8.0000,2.2500,2026-05-21T08:09:00+00:00,5.0000
2026-05-22T06:59:00+00:00,2026-05-22T08:19:00+00:00,short,-92.220000,ifvg,1.2609,1.5652,7.2500,9.0000,2026-05-22T06:39:00+00:00,0.7500
2026-05-22T08:39:00+00:00,2026-05-22T09:34:00+00:00,short,79.8850000,ifvg,1.8837,0.907,20.2500,9.7500,2026-05-22T08:24:00+00:00,2.7500
2026-05-22T17:24:00+00:00,2026-05-22T17:29:00+00:00,short,-134.490000,ifvg,0.0357,2.1071,0.2500,14.7500,2026-05-22T17:09:00+00:00,1.7500
2026-05-25T13:39:00+00:00,2026-05-25T14:19:00+00:00,long,-117.960000,ifvg,0.1364,1.0,0.7500,5.5000,2026-05-25T12:49:00+00:00,0.2500
2026-05-25T14:34:00+00:00,2026-05-25T15:14:00+00:00,short,-86.480000,orb,0.2727,1.6061,2.2500,13.2500,,
2026-05-26T13:49:00+00:00,2026-05-26T13:54:00+00:00,long,-103.980000,ifvg,0.025,1.425,0.2500,14.2500,2026-05-26T13:39:00+00:00,0.2500
2026-05-27T12:24:00+00:00,2026-05-27T12:59:00+00:00,long,-93.980000,ifvg,0.8889,1.0278,8.0000,9.2500,2026-05-27T12:04:00+00:00,2.0000
2026-05-27T14:09:00+00:00,2026-05-27T15:19:00+00:00,long,-74.490000,ifvg,0.5172,1.0517,7.5000,15.2500,2026-05-27T13:44:00+00:00,0.2500
2026-05-27T17:14:00+00:00,2026-05-27T18:29:00+00:00,short,-93.240000,ifvg,0.0685,1.0822,1.2500,19.7500,2026-05-27T16:14:00+00:00,1.0000
2026-05-28T02:09:00+00:00,2026-05-28T02:44:00+00:00,short,53.6350000,ifvg,3.1379,0.1379,22.7500,1.0000,2026-05-28T01:59:00+00:00,1.5000
2026-05-28T14:09:00+00:00,2026-05-28T14:14:00+00:00,long,146.7600000,orb,2.2881,0.3559,33.7500,5.2500,,
2026-05-29T07:09:00+00:00,2026-05-29T07:24:00+00:00,short,59.6550000,ifvg,2.5455,0.4545,7.0000,1.2500,2026-05-29T06:59:00+00:00,0.5000
2026-05-29T11:34:00+00:00,2026-05-29T11:44:00+00:00,short,-103.700000,ifvg,0.1333,1.5333,0.5000,5.7500,2026-05-29T11:24:00+00:00,0.2500
2026-05-29T12:04:00+00:00,2026-05-29T13:49:00+00:00,long,74.2600000,ifvg,2.025,0.525,20.2500,5.2500,2026-05-29T11:34:00+00:00,2.5000
2026-05-29T13:49:00+00:00,2026-05-29T14:29:00+00:00,long,-1.990000,orb,0.2099,1.0123,4.2500,20.5000,,
