entry_ts,exit_ts,side,pnl_usd,engine_type,r_mfe,r_mae,mfe_pts,mae_pts,displacement_ts,fvg_zone_pts
2024-01-04T09:24:00+00:00,2024-01-04T11:39:00+00:00,long,-367.350000,ifvg,0.4444,1.0556,2.0000,4.7500,2024-01-04T09:04:00+00:00,1.0000
2024-01-04T12:19:00+00:00,2024-01-04T12:34:00+00:00,long,263.3400000,ifvg,1.625,0.375,6.5000,1.5000,2024-01-04T12:09:00+00:00,0.5000
2024-01-04T13:54:00+00:00,2024-01-04T14:04:00+00:00,long,-394.060000,ifvg,0.0667,1.1333,0.2500,4.2500,2024-01-04T13:44:00+00:00,0.5000
2024-01-05T09:24:00+00:00,2024-01-05T09:39:00+00:00,long,-383.370000,ifvg,0.0,1.0455,0,5.7500,2024-01-05T09:09:00+00:00,2.2500
2024-01-05T13:39:00+00:00,2024-01-05T13:54:00+00:00,short,-337.680000,ifvg,0.1081,1.7297,1.0000,16.0000,2024-01-05T13:19:00+00:00,2.5000
2024-01-05T13:59:00+00:00,2024-01-05T15:04:00+00:00,long,253.5200000,ifvg,2.3676,0.0441,40.2500,0.7500,2024-01-05T13:39:00+00:00,6.7500
2024-01-10T12:09:00+00:00,2024-01-10T12:39:00+00:00,long,28.160000,ifvg,0.6667,0.1111,3.0000,0.5000,2024-01-10T11:54:00+00:00,1.2500
2024-01-10T12:39:00+00:00,2024-01-10T14:34:00+00:00,short,-355.410000,ifvg,0.8667,1.1,6.5000,8.2500,2024-01-10T12:29:00+00:00,0.2500
2024-01-10T15:09:00+00:00,2024-01-10T18:04:00+00:00,short,-328.700000,ifvg,0.0392,1.2549,0.5000,16.0000,2024-01-10T14:39:00+00:00,5.7500
2024-01-12T07:09:00+00:00,2024-01-12T07:19:00+00:00,short,-359.700000,ifvg,0.0,1.625,0,3.2500,2024-01-12T03:29:00+00:00,0.2500
2024-01-12T07:24:00+00:00,2024-01-12T07:39:00+00:00,long,-373.320000,ifvg,0.0,1.1333,0,4.2500,2024-01-12T07:09:00+00:00,0.2500
2024-01-15T08:14:00+00:00,2024-01-15T08:39:00+00:00,long,-353.880000,ifvg,0.1364,1.2273,0.7500,6.7500,2024-01-15T07:39:00+00:00,0.7500
2024-01-15T14:19:00+00:00,2024-01-16T00:04:00+00:00,long,-373.320000,ifvg,0.7333,1.9333,2.7500,7.2500,2024-01-15T14:09:00+00:00,0.2500
2024-01-16T02:39:00+00:00,2024-01-16T06:04:00+00:00,short,234.0800000,ifvg,1.8125,0.375,7.2500,1.5000,2024-01-16T02:19:00+00:00,0.2500
2024-01-16T07:44:00+00:00,2024-01-16T08:04:00+00:00,long,-371.840000,ifvg,0.2353,2.9412,1.0000,12.5000,2024-01-16T07:14:00+00:00,0.7500
2024-01-16T10:44:00+00:00,2024-01-16T11:54:00+00:00,long,229.5900000,ifvg,2.5,0.8571,8.7500,3.0000,2024-01-16T10:34:00+00:00,0.5000
2024-01-16T13:39:00+00:00,2024-01-16T14:44:00+00:00,long,-359.950000,ifvg,0.0893,1.1071,1.2500,15.5000,2024-01-16T13:19:00+00:00,1.0000
2024-01-16T14:49:00+00:00,2024-01-16T15:04:00+00:00,short,-92.960000,ifvg,0.2857,0.7143,4.0000,10.0000,2024-01-16T11:54:00+00:00,1.7500
2024-01-16T15:04:00+00:00,2024-01-16T15:24:00+00:00,long,239.6550000,ifvg,2.2093,0.2326,23.7500,2.5000,2024-01-16T14:49:00+00:00,2.0000
2024-01-16T23:59:00+00:00,2024-01-17T03:54:00+00:00,long,-341.200000,ifvg,0.0,1.1321,0,15.0000,2024-01-16T23:44:00+00:00,0.2500
2024-01-18T01:59:00+00:00,2024-01-18T03:54:00+00:00,long,-383.040000,ifvg,0.3077,1.2308,1.0000,4.0000,2024-01-18T01:39:00+00:00,0.2500
2024-01-18T08:49:00+00:00,2024-01-18T10:54:00+00:00,long,164.3100000,ifvg,2.8,0.3333,10.5000,1.2500,2024-01-18T07:39:00+00:00,0.5000
2024-01-18T18:39:00+00:00,2024-01-18T19:14:00+00:00,long,214.5400000,ifvg,2.9655,0.2069,21.5000,1.5000,2024-01-18T18:09:00+00:00,0.7500
2024-01-22T06:09:00+00:00,2024-01-22T07:04:00+00:00,long,-409.240000,ifvg,0.3636,1.1818,1.0000,3.2500,2024-01-22T05:59:00+00:00,0.7500
2024-01-22T07:19:00+00:00,2024-01-22T08:49:00+00:00,long,-383.040000,ifvg,0.6923,1.0769,2.2500,3.5000,2024-01-22T07:09:00+00:00,0.7500
2024-01-24T01:09:00+00:00,2024-01-24T03:19:00+00:00,short,-393.500000,ifvg,0.1818,1.1818,0.5000,3.2500,2024-01-24T00:59:00+00:00,0.2500
2024-01-24T18:09:00+00:00,2024-01-24T18:19:00+00:00,short,238.6200000,ifvg,2.5455,0.1818,7.0000,0.5000,2024-01-24T17:59:00+00:00,0.2500
2024-01-24T19:49:00+00:00,2024-01-24T20:14:00+00:00,long,-366.660000,ifvg,0.1935,1.5161,1.5000,11.7500,2024-01-24T19:29:00+00:00,1.2500
2024-01-25T02:04:00+00:00,2024-01-25T02:44:00+00:00,long,-393.500000,ifvg,0.5455,1.6364,1.5000,4.5000,2024-01-25T01:54:00+00:00,0.2500
2024-01-25T07:29:00+00:00,2024-01-25T08:04:00+00:00,short,242.0250000,ifvg,2.2222,0.3333,5.0000,0.7500,2024-01-24T20:44:00+00:00,2.0000
2024-01-25T08:34:00+00:00,2024-01-25T12:19:00+00:00,long,-45.770000,ifvg,1.25,0.6667,3.7500,2.0000,2024-01-25T08:24:00+00:00,0.5000
2024-01-25T12:19:00+00:00,2024-01-25T12:49:00+00:00,short,-405.720000,ifvg,0.4,1.0,1.0000,2.5000,2024-01-25T12:09:00+00:00,0.2500
2024-01-25T13:24:00+00:00,2024-01-25T13:34:00+00:00,long,231.8100000,ifvg,1.7143,1.2857,9.0000,6.7500,2024-01-25T12:59:00+00:00,1.5000
2024-01-25T15:39:00+00:00,2024-01-25T16:29:00+00:00,short,-351.890000,ifvg,0.75,1.0,4.5000,6.0000,2024-01-25T15:29:00+00:00,0.7500
2024-01-26T06:44:00+00:00,2024-01-26T07:54:00+00:00,long,-373.830000,ifvg,0.5,1.1875,2.0000,4.7500,2024-01-26T06:34:00+00:00,1.5000
2024-01-26T13:14:00+00:00,2024-01-26T13:39:00+00:00,long,-355.180000,ifvg,0.2308,1.0256,2.2500,10.0000,2024-01-26T12:59:00+00:00,1.2500
2024-01-26T14:09:00+00:00,2024-01-26T15:39:00+00:00,short,-344.900000,ifvg,1.3462,1.2692,8.7500,8.2500,2024-01-26T13:54:00+00:00,2.7500
2024-01-29T19:54:00+00:00,2024-01-29T20:04:00+00:00,short,-351.840000,ifvg,0.0625,3.3125,0.2500,13.2500,2024-01-29T19:39:00+00:00,0.2500
2024-01-31T20:09:00+00:00,2024-01-31T21:09:00+00:00,short,76.760000,ifvg,0.5497,0.1854,20.7500,7.0000,2024-01-24T21:39:00+00:00,1.5000
2024-02-01T06:49:00+00:00,2024-02-01T06:59:00+00:00,long,-377.760000,ifvg,0.0,1.4545,0,4.0000,2024-02-01T06:34:00+00:00,0.2500
2024-02-01T14:39:00+00:00,2024-02-01T15:04:00+00:00,long,-346.430000,ifvg,0.4737,1.1579,4.5000,11.0000,2024-02-01T14:09:00+00:00,2.0000
2024-02-01T18:09:00+00:00,2024-02-01T19:49:00+00:00,short,-327.960000,ifvg,0.0469,1.3281,0.7500,21.2500,2024-02-01T17:54:00+00:00,5.5000
2024-02-02T13:24:00+00:00,2024-02-02T13:34:00+00:00,short,202.5500000,ifvg,4.3636,0.2273,24.0000,1.2500,2024-02-02T12:24:00+00:00,1.0000
2024-02-02T17:49:00+00:00,2024-02-02T18:04:00+00:00,short,-304.440000,ifvg,0.5897,1.0513,5.7500,10.2500,2024-02-02T17:34:00+00:00,4.2500
2024-02-05T08:14:00+00:00,2024-02-05T09:19:00+00:00,long,-351.840000,ifvg,0.25,1.4375,1.0000,5.7500,2024-02-05T08:04:00+00:00,0.7500
2024-02-05T10:09:00+00:00,2024-02-05T12:24:00+00:00,long,209.3100000,ifvg,1.6842,0.1053,8.0000,0.5000,2024-02-05T09:54:00+00:00,1.2500
2024-02-06T19:14:00+00:00,2024-02-06T19:54:00+00:00,short,-315.920000,ifvg,0.1333,1.0333,1.0000,7.7500,2024-02-06T18:39:00+00:00,0.7500
2024-02-08T18:09:00+00:00,2024-02-08T21:09:00+00:00,long,218.340000,ifvg,1.0333,0.5667,7.7500,4.2500,2024-02-08T17:49:00+00:00,1.2500
2024-02-12T08:44:00+00:00,2024-02-12T10:14:00+00:00,short,-362.020000,ifvg,0.7273,1.0,2.0000,2.7500,2024-02-12T08:34:00+00:00,0.2500
2024-02-12T14:34:00+00:00,2024-02-12T15:19:00+00:00,long,-356.790000,ifvg,0.3333,1.1667,1.0000,3.5000,2024-02-12T14:19:00+00:00,0.5000
2024-02-13T11:04:00+00:00,2024-02-13T12:04:00+00:00,long,-346.560000,ifvg,0.5385,1.9231,1.7500,6.2500,2024-02-13T10:54:00+00:00,0.5000
2024-02-13T13:39:00+00:00,2024-02-13T13:54:00+00:00,short,214.5400000,ifvg,2.5172,0.5517,18.2500,4.0000,2024-02-13T13:14:00+00:00,1.5000
2024-02-14T02:39:00+00:00,2024-02-14T05:34:00+00:00,short,-362.020000,ifvg,0.4545,1.0909,1.2500,3.0000,2024-02-14T02:09:00+00:00,0.5000
2024-02-14T08:54:00+00:00,2024-02-14T09:19:00+00:00,short,-332.400000,ifvg,0.0,1.2,0,7.5000,2024-02-14T08:24:00+00:00,0.5000
2024-02-14T11:09:00+00:00,2024-02-14T11:59:00+00:00,short,-323.880000,ifvg,0.6,1.2,3.0000,6.0000,2024-02-14T10:59:00+00:00,0.2500
2024-02-14T13:24:00+00:00,2024-02-14T13:44:00+00:00,short,-346.560000,ifvg,0.9231,1.1538,3.0000,3.7500,2024-02-14T13:14:00+00:00,0.2500
2024-02-14T14:44:00+00:00,2024-02-14T15:24:00+00:00,short,-289.440000,ifvg,0.4865,1.3514,4.5000,12.5000,2024-02-14T14:34:00+00:00,0.5000
2024-02-14T16:29:00+00:00,2024-02-14T17:04:00+00:00,long,-316.200000,ifvg,0.0408,1.3265,0.5000,16.2500,2024-02-14T16:04:00+00:00,3.0000
2024-02-14T19:29:00+00:00,2024-02-14T21:09:00+00:00,long,320.280000,ifvg,1.2933,0.1467,24.2500,2.7500,2024-02-14T19:09:00+00:00,1.0000
2024-02-15T12:59:00+00:00,2024-02-15T13:34:00+00:00,short,204.0800000,ifvg,1.8571,1.8571,6.5000,6.5000,2024-02-15T12:34:00+00:00,0.5000
2024-02-15T13:54:00+00:00,2024-02-15T14:39:00+00:00,short,-146.940000,ifvg,0.4615,0.641,4.5000,6.2500,2024-02-15T13:39:00+00:00,2.5000
2024-02-15T14:39:00+00:00,2024-02-15T16:09:00+00:00,long,-281.940000,ifvg,0.7222,1.3056,6.5000,11.7500,2024-02-15T13:54:00+00:00,1.5000
2024-02-16T14:39:00+00:00,2024-02-16T19:09:00+00:00,short,-294.720000,ifvg,1.1299,1.0,21.7500,19.2500,2024-02-16T14:04:00+00:00,2.2500
2024-02-19T07:49:00+00:00,2024-02-19T08:24:00+00:00,long,-331.840000,ifvg,2.1429,0.7857,7.5000,2.7500,2024-02-19T07:24:00+00:00,0.7500
2024-02-20T07:19:00+00:00,2024-02-20T08:24:00+00:00,long,-315.920000,ifvg,0.1,1.5667,0.7500,11.7500,2024-02-20T06:54:00+00:00,0.7500
2024-02-20T08:44:00+00:00,2024-02-20T10:09:00+00:00,long,-295.920000,ifvg,0.9286,1.1786,6.5000,8.2500,2024-02-20T08:29:00+00:00,3.0000
2024-02-20T13:49:00+00:00,2024-02-20T14:44:00+00:00,long,-266.940000,ifvg,0.5882,1.7941,5.0000,15.2500,2024-02-20T12:54:00+00:00,0.5000
2024-02-20T14:49:00+00:00,2024-02-20T18:49:00+00:00,short,159.030000,ifvg,1.2676,0.3803,22.5000,6.7500,2024-02-14T19:34:00+00:00,0.7500
2024-02-20T18:49:00+00:00,2024-02-20T21:09:00+00:00,long,177.550000,ifvg,1.1489,0.383,13.5000,4.5000,2024-02-20T18:34:00+00:00,2.2500
2024-02-21T10:39:00+00:00,2024-02-21T15:09:00+00:00,short,-119.160000,ifvg,1.2083,0.75,7.2500,4.5000,2024-02-21T10:29:00+00:00,1.0000
2024-02-21T15:09:00+00:00,2024-02-21T15:34:00+00:00,long,-221.940000,ifvg,0.1579,0.8684,1.5000,8.2500,2024-02-21T12:39:00+00:00,0.7500
2024-02-21T15:34:00+00:00,2024-02-21T16:09:00+00:00,short,-276.430000,ifvg,0.1667,1.1,1.2500,8.2500,2024-02-21T15:09:00+00:00,2.2500
2024-02-23T13:14:00+00:00,2024-02-23T14:19:00+00:00,long,207.0400000,ifvg,2.5714,0.1071,18.0000,0.7500,2024-02-23T12:49:00+00:00,0.7500
2024-02-26T14:49:00+00:00,2024-02-26T16:09:00+00:00,short,193.1750000,ifvg,3.1429,0.8571,16.5000,4.5000,2024-02-26T14:39:00+00:00,0.7500
2024-02-27T13:14:00+00:00,2024-02-27T14:29:00+00:00,short,-318.370000,ifvg,1.0556,1.1111,4.7500,5.0000,2024-02-27T12:24:00+00:00,0.2500
2024-02-29T07:14:00+00:00,2024-02-29T07:44:00+00:00,long,-311.100000,ifvg,0.0667,1.0,0.2500,3.7500,2024-02-29T07:04:00+00:00,1.0000
2024-02-29T12:09:00+00:00,2024-02-29T13:34:00+00:00,short,-328.320000,ifvg,1.4615,5.6154,4.7500,18.2500,2024-02-29T11:59:00+00:00,1.2500
2024-02-29T13:39:00+00:00,2024-02-29T14:09:00+00:00,long,186.8100000,ifvg,3.1176,0.1176,13.2500,0.5000,2024-02-29T13:29:00+00:00,1.0000
2024-02-29T20:04:00+00:00,2024-02-29T20:59:00+00:00,long,186.0200000,ifvg,1.56,0.16,19.5000,2.0000,2024-02-29T19:49:00+00:00,1.2500
2024-03-01T10:39:00+00:00,2024-03-01T12:54:00+00:00,long,183.8000000,ifvg,3.25,0.8,16.2500,4.0000,2024-03-01T10:29:00+00:00,2.2500
2024-03-01T13:54:00+00:00,2024-03-01T14:34:00+00:00,long,370.5600000,ifvg,2.5,0.1333,18.7500,1.0000,2024-03-01T13:44:00+00:00,0.2500
2024-03-04T10:39:00+00:00,2024-03-04T11:09:00+00:00,long,-331.840000,ifvg,0.0667,1.5333,0.2500,5.7500,2024-03-04T10:04:00+00:00,1.0000
2024-03-04T13:19:00+00:00,2024-03-04T13:59:00+00:00,long,-324.390000,ifvg,0.0,1.1818,0,6.5000,2024-03-04T12:59:00+00:00,0.5000
2024-03-04T14:34:00+00:00,2024-03-04T15:44:00+00:00,long,204.8200000,ifvg,1.625,0.625,6.5000,2.5000,2024-03-04T14:04:00+00:00,0.7500
2024-03-07T06:59:00+00:00,2024-03-07T08:14:00+00:00,short,221.3000000,ifvg,1.9583,0.2083,11.7500,1.2500,2024-03-07T04:49:00+00:00,0.2500
2024-03-08T09:04:00+00:00,2024-03-08T11:49:00+00:00,short,184.5400000,ifvg,2.76,0.24,17.2500,1.5000,2024-03-08T08:54:00+00:00,3.0000
2024-03-08T14:39:00+00:00,2024-03-08T17:54:00+00:00,long,-311.480000,ifvg,0.6829,1.0976,21.0000,33.7500,2024-03-08T14:24:00+00:00,1.7500
2024-03-11T01:54:00+00:00,2024-03-11T04:04:00+00:00,short,193.1750000,ifvg,1.9524,0.1905,10.2500,1.0000,2024-03-11T01:39:00+00:00,0.2500
2024-03-11T07:24:00+00:00,2024-03-11T07:54:00+00:00,short,-329.850000,ifvg,0.1875,1.375,0.7500,5.5000,2024-03-11T06:59:00+00:00,0.2500
2024-03-11T07:59:00+00:00,2024-03-11T08:09:00+00:00,long,-319.900000,ifvg,0.4167,1.2917,2.5000,7.7500,2024-03-11T07:29:00+00:00,0.5000
2024-03-11T08:29:00+00:00,2024-03-11T08:49:00+00:00,long,-285.920000,ifvg,0.5556,1.4815,3.7500,10.0000,2024-03-11T08:19:00+00:00,0.2500
2024-03-11T14:24:00+00:00,2024-03-11T14:54:00+00:00,long,222.7800000,ifvg,2.525,0.05,25.2500,0.5000,2024-03-11T14:09:00+00:00,2.2500
2024-03-12T08:19:00+00:00,2024-03-12T12:34:00+00:00,short,172.1550000,ifvg,3.3226,0.7742,25.7500,6.0000,2024-03-12T04:59:00+00:00,0.7500
2024-03-12T14:04:00+00:00,2024-03-12T18:49:00+00:00,long,336.020000,ifvg,1.419,0.0381,37.2500,1.0000,2024-03-12T13:44:00+00:00,8.2500
2024-03-12T18:49:00+00:00,2024-03-12T19:59:00+00:00,short,-281.940000,ifvg,0.0833,1.0,0.7500,9.0000,2024-03-12T18:29:00+00:00,0.5000
2024-03-14T16:29:00+00:00,2024-03-14T17:19:00+00:00,long,-257.220000,ifvg,0.1754,1.2281,2.5000,17.5000,2024-03-14T16:14:00+00:00,4.0000
2024-03-15T12:59:00+00:00,2024-03-15T13:09:00+00:00,long,-307.400000,ifvg,0.1304,1.1304,0.7500,6.5000,2024-03-15T12:49:00+00:00,0.5000
2024-03-15T18:54:00+00:00,2024-03-15T20:09:00+00:00,short,73.570000,ifvg,1.1562,0.4688,9.2500,3.7500,2024-03-15T18:44:00+00:00,1.7500
2024-03-18T01:24:00+00:00,2024-03-18T01:54:00+00:00,short,-331.330000,ifvg,0.2143,1.0714,0.7500,3.7500,2024-03-18T01:14:00+00:00,0.2500
2024-03-18T08:09:00+00:00,2024-03-18T08:29:00+00:00,long,-331.330000,ifvg,0.2143,1.2143,0.7500,4.2500,2024-03-18T07:59:00+00:00,0.5000
2024-03-18T18:49:00+00:00,2024-03-18T19:54:00+00:00,short,202.5500000,ifvg,1.6364,0.8636,9.0000,4.7500,2024-03-18T18:34:00+00:00,0.7500
2024-03-19T03:54:00+00:00,2024-03-19T04:14:00+00:00,short,-161.940000,ifvg,0.0,0.6111,0,5.5000,2024-03-19T02:09:00+00:00,0.7500
2024-03-19T04:14:00+00:00,2024-03-19T06:14:00+00:00,long,-127.680000,ifvg,0.2,0.6667,1.5000,5.0000,2024-03-19T03:54:00+00:00,3.2500
2024-03-19T06:14:00+00:00,2024-03-19T07:34:00+00:00,short,-308.880000,ifvg,0.1579,1.0,0.7500,4.7500,2024-03-19T05:59:00+00:00,0.7500
2024-03-19T09:04:00+00:00,2024-03-19T09:39:00+00:00,short,183.8000000,ifvg,2.5,0.0,12.5000,0,2024-03-19T08:54:00+00:00,0.5000
2024-03-19T10:59:00+00:00,2024-03-19T12:39:00+00:00,short,110.280000,ifvg,1.0984,0.0,16.7500,0,2024-03-19T10:14:00+00:00,0.2500
2024-03-19T12:39:00+00:00,2024-03-19T13:19:00+00:00,long,217.9450000,ifvg,2.6471,0.8235,11.2500,3.5000,2024-03-19T12:29:00+00:00,1.0000
2024-03-20T17:54:00+00:00,2024-03-20T17:59:00+00:00,long,-331.840000,ifvg,0.0,1.1333,0,4.2500,2024-03-20T17:44:00+00:00,0.2500
2024-03-20T18:44:00+00:00,2024-03-20T19:09:00+00:00,long,167.2700000,ifvg,2.6,0.0222,29.2500,0.2500,2024-03-20T17:09:00+00:00,0.7500
2024-03-21T13:54:00+00:00,2024-03-21T16:34:00+00:00,short,-305.920000,ifvg,0.0909,1.0227,1.0000,11.2500,2024-03-21T13:24:00+00:00,0.5000
2024-03-25T07:19:00+00:00,2024-03-25T08:14:00+00:00,long,204.0800000,ifvg,2.0714,0.3571,7.2500,1.2500,2024-03-25T07:09:00+00:00,0.7500
2024-03-27T17:14:00+00:00,2024-03-27T18:19:00+00:00,short,-310.640000,ifvg,0.0952,1.381,0.5000,7.2500,2024-03-27T16:39:00+00:00,0.2500
2024-03-27T19:29:00+00:00,2024-03-27T19:44:00+00:00,long,177.7800000,ifvg,2.5,0.2188,20.0000,1.7500,2024-03-27T19:19:00+00:00,1.5000
2024-03-28T10:44:00+00:00,2024-03-28T12:09:00+00:00,short,-140.080000,ifvg,1.0714,0.8571,3.7500,3.0000,2024-03-28T10:34:00+00:00,1.0000
2024-03-28T12:09:00+00:00,2024-03-28T15:34:00+00:00,long,221.3000000,ifvg,1.5,0.6667,9.0000,4.0000,2024-03-28T11:39:00+00:00,2.2500
2024-03-28T19:04:00+00:00,2024-03-28T19:59:00+00:00,long,-289.440000,ifvg,0.8378,1.0811,7.7500,10.0000,2024-03-28T16:14:00+00:00,0.5000
2024-04-01T11:44:00+00:00,2024-04-01T12:09:00+00:00,long,-328.320000,ifvg,0.0,2.6923,0,8.7500,2024-04-01T11:34:00+00:00,0.5000
2024-04-01T16:09:00+00:00,2024-04-01T17:24:00+00:00,long,-310.410000,ifvg,0.7692,1.0385,5.0000,6.7500,2024-04-01T15:59:00+00:00,1.0000
2024-04-02T01:29:00+00:00,2024-04-02T01:39:00+00:00,long,-322.810000,ifvg,0.0833,1.0,0.2500,3.0000,2024-04-02T01:09:00+00:00,0.2500
2024-04-02T07:09:00+00:00,2024-04-02T07:24:00+00:00,long,-269.900000,ifvg,0.0,0.9565,0,5.5000,2024-04-02T06:59:00+00:00,0.2500
2024-04-02T07:24:00+00:00,2024-04-02T08:04:00+00:00,short,-302.120000,ifvg,0.7059,1.5882,3.0000,6.7500,2024-04-02T07:09:00+00:00,1.5000
2024-04-02T17:54:00+00:00,2024-04-02T19:19:00+00:00,long,27.550000,ifvg,0.7727,0.1136,8.5000,1.2500,2024-04-02T17:19:00+00:00,0.5000
2024-04-02T19:19:00+00:00,2024-04-02T19:34:00+00:00,short,-267.680000,ifvg,0.0,1.1724,0,8.5000,2024-04-02T19:09:00+00:00,1.5000
2024-04-03T11:14:00+00:00,2024-04-03T11:34:00+00:00,short,-311.840000,ifvg,0.0,1.2857,0,4.5000,2024-04-03T09:19:00+00:00,0.2500
2024-04-03T13:39:00+00:00,2024-04-03T14:04:00+00:00,long,184.5400000,ifvg,2.72,0.44,17.0000,2.7500,2024-04-03T13:19:00+00:00,0.2500
2024-04-03T22:09:00+00:00,2024-04-03T23:34:00+00:00,short,-259.440000,ifvg,0.0909,2.0303,0.7500,16.7500,2024-04-03T20:09:00+00:00,0.7500
2024-04-05T00:59:00+00:00,2024-04-05T11:39:00+00:00,long,200.2800000,ifvg,2.0833,0.5833,18.7500,5.2500,2024-04-05T00:44:00+00:00,1.5000
2024-04-08T03:24:00+00:00,2024-04-08T07:19:00+00:00,short,-75.180000,ifvg,1.0345,0.2759,7.5000,2.0000,2024-04-08T01:04:00+00:00,2.0000
2024-04-08T07:19:00+00:00,2024-04-08T07:34:00+00:00,long,-85.920000,ifvg,0.1111,0.7407,0.7500,5.0000,2024-04-08T06:19:00+00:00,1.2500
2024-04-08T07:34:00+00:00,2024-04-08T07:44:00+00:00,short,-302.120000,ifvg,0.0588,1.1765,0.2500,5.0000,2024-04-08T07:24:00+00:00,0.2500
2024-04-09T10:04:00+00:00,2024-04-09T10:34:00+00:00,short,189.0800000,ifvg,3.3846,0.4615,11.0000,1.5000,2024-04-09T09:54:00+00:00,0.2500
2024-04-09T13:54:00+00:00,2024-04-09T14:34:00+00:00,short,186.0200000,ifvg,2.68,0.26,33.5000,3.2500,2024-04-09T12:19:00+00:00,3.7500
2024-04-10T05:54:00+00:00,2024-04-10T07:34:00+00:00,short,-294.900000,ifvg,0.0,1.0,0,5.5000,2024-04-10T01:54:00+00:00,0.5000
2024-04-10T09:09:00+00:00,2024-04-10T10:04:00+00:00,short,183.8000000,ifvg,1.65,0.1,8.2500,0.5000,2024-04-10T08:59:00+00:00,1.2500
2024-04-10T12:24:00+00:00,2024-04-10T12:29:00+00:00,short,-293.880000,ifvg,0.2778,3.9444,1.2500,17.7500,2024-04-10T12:14:00+00:00,0.5000
2024-04-10T12:39:00+00:00,2024-04-10T14:19:00+00:00,short,-241.480000,ifvg,0.5368,1.0947,12.7500,26.0000,2024-04-10T10:59:00+00:00,1.7500
2024-04-10T17:09:00+00:00,2024-04-10T17:24:00+00:00,short,-266.480000,ifvg,0.0095,1.1333,0.2500,29.7500,2024-04-10T16:59:00+00:00,1.7500
2024-04-10T17:29:00+00:00,2024-04-10T20:09:00+00:00,long,-56.480000,ifvg,0.6184,0.8816,11.7500,16.7500,2024-04-10T17:09:00+00:00,10.0000
2024-04-11T01:29:00+00:00,2024-04-11T01:39:00+00:00,short,-293.880000,ifvg,0.0,1.0556,0,4.7500,2024-04-11T01:09:00+00:00,1.2500
2024-04-11T06:49:00+00:00,2024-04-11T08:54:00+00:00,short,198.0600000,ifvg,2.6667,0.7778,12.0000,3.5000,2024-04-11T06:24:00+00:00,0.5000
2024-04-11T12:39:00+00:00,2024-04-11T14:09:00+00:00,long,-260.970000,ifvg,0.5735,1.2647,9.7500,21.5000,2024-04-11T11:39:00+00:00,0.2500
2024-04-16T18:24:00+00:00,2024-04-16T18:54:00+00:00,short,-243.980000,ifvg,0.1562,1.0521,3.7500,25.2500,2024-04-16T18:14:00+00:00,4.2500
2024-04-17T00:09:00+00:00,2024-04-17T00:34:00+00:00,short,195.8400000,ifvg,2.8333,0.25,8.5000,0.7500,2024-04-16T23:59:00+00:00,0.5000
2024-04-17T15:09:00+00:00,2024-04-17T15:34:00+00:00,long,-238.470000,ifvg,0.0806,1.4516,1.2500,22.5000,2024-04-17T14:59:00+00:00,5.7500
2024-04-17T18:59:00+00:00,2024-04-17T20:09:00+00:00,short,101.020000,ifvg,0.8,0.1125,16.0000,2.2500,2024-04-17T18:49:00+00:00,7.0000
2024-04-18T05:29:00+00:00,2024-04-18T06:09:00+00:00,long,204.0800000,ifvg,2.2143,0.0,7.7500,0,2024-04-18T05:09:00+00:00,0.2500
2024-04-18T11:19:00+00:00,2024-04-18T11:49:00+00:00,short,-299.160000,ifvg,0.0,1.08,0,6.7500,2024-04-18T10:34:00+00:00,0.5000
2024-04-18T13:44:00+00:00,2024-04-18T13:54:00+00:00,short,-41.480000,ifvg,0.0526,0.5658,1.0000,10.7500,2024-04-17T22:09:00+00:00,2.0000
2024-04-18T13:54:00+00:00,2024-04-18T14:39:00+00:00,long,109.8850000,ifvg,2.339,0.2712,34.5000,4.0000,2024-04-18T13:44:00+00:00,4.7500
2024-04-18T15:34:00+00:00,2024-04-18T16:34:00+00:00,short,207.0400000,ifvg,3.2143,0.2857,22.5000,2.0000,2024-04-18T15:19:00+00:00,0.5000
2024-04-18T17:34:00+00:00,2024-04-18T20:09:00+00:00,long,-7.960000,ifvg,0.8679,0.9245,11.5000,12.2500,2024-04-18T17:24:00+00:00,1.5000
2024-04-19T02:29:00+00:00,2024-04-19T03:34:00+00:00,long,201.0200000,ifvg,2.5185,0.7222,34.0000,9.7500,2024-04-19T02:19:00+00:00,4.2500
2024-04-19T11:04:00+00:00,2024-04-19T12:24:00+00:00,long,189.7700000,ifvg,2.2549,0.3137,28.7500,4.0000,2024-04-19T10:24:00+00:00,1.7500
2024-04-19T18:09:00+00:00,2024-04-19T20:09:00+00:00,short,138.520000,ifvg,1.1494,0.1954,25.0000,4.2500,2024-04-19T16:59:00+00:00,0.2500
2024-04-22T11:24:00+00:00,2024-04-22T13:39:00+00:00,long,-132.960000,ifvg,0.4259,0.7593,5.7500,10.2500,2024-04-22T10:39:00+00:00,0.2500
2024-04-22T13:39:00+00:00,2024-04-22T13:54:00+00:00,short,-153.700000,ifvg,0.4762,0.7619,5.0000,8.0000,2024-04-22T12:44:00+00:00,5.7500
2024-04-22T13:54:00+00:00,2024-04-22T14:24:00+00:00,long,-284.950000,ifvg,0.3636,1.1136,4.0000,12.2500,2024-04-22T13:39:00+00:00,3.7500
2024-04-23T06:09:00+00:00,2024-04-23T07:04:00+00:00,short,-307.400000,ifvg,0.4783,1.3913,2.7500,8.0000,2024-04-23T05:54:00+00:00,1.2500
2024-04-23T15:09:00+00:00,2024-04-23T15:19:00+00:00,short,-293.930000,ifvg,0.0,1.0625,0,8.5000,2024-04-23T14:59:00+00:00,0.5000
2024-04-23T15:19:00+00:00,2024-04-23T20:09:00+00:00,long,39.260000,ifvg,0.2963,0.1667,12.0000,6.7500,2024-04-23T15:09:00+00:00,2.5000
2024-04-24T13:34:00+00:00,2024-04-24T14:44:00+00:00,long,-274.440000,ifvg,1.1429,1.3143,10.0000,11.5000,2024-04-24T12:54:00+00:00,1.2500
2024-04-24T16:59:00+00:00,2024-04-24T17:34:00+00:00,long,199.5400000,ifvg,2.6296,0.4444,17.7500,3.0000,2024-04-24T16:39:00+00:00,0.2500
2024-04-25T00:09:00+00:00,2024-04-25T05:14:00+00:00,long,-275.920000,ifvg,0.7308,1.0,4.7500,6.5000,2024-04-24T23:54:00+00:00,1.0000
2024-04-25T05:39:00+00:00,2024-04-25T05:59:00+00:00,long,-311.100000,ifvg,0.2,1.0,0.7500,3.7500,2024-04-25T05:24:00+00:00,1.2500
2024-04-25T14:39:00+00:00,2024-04-25T17:49:00+00:00,short,-173.240000,ifvg,0.2241,1.046,9.7500,45.5000,2024-04-25T14:24:00+00:00,1.2500
2024-04-26T03:44:00+00:00,2024-04-26T05:49:00+00:00,short,-293.880000,ifvg,0.0556,1.1111,0.2500,5.0000,2024-04-26T03:29:00+00:00,0.2500
2024-04-26T12:59:00+00:00,2024-04-26T15:04:00+00:00,short,-218.980000,ifvg,0.6744,1.1395,14.5000,24.5000,2024-04-26T12:39:00+00:00,2.0000
2024-04-29T12:49:00+00:00,2024-04-29T13:44:00+00:00,long,-285.920000,ifvg,1.3704,1.2222,9.2500,8.2500,2024-04-29T12:34:00+00:00,0.5000
2024-04-29T13:49:00+00:00,2024-04-29T14:34:00+00:00,short,-259.950000,ifvg,0.525,1.025,5.2500,10.2500,2024-04-29T13:34:00+00:00,1.0000
2024-04-29T15:49:00+00:00,2024-04-29T16:34:00+00:00,long,192.0400000,ifvg,1.8077,1.2308,11.7500,8.0000,2024-04-29T15:39:00+00:00,3.0000
2024-04-30T12:39:00+00:00,2024-04-30T12:54:00+00:00,short,-291.840000,ifvg,0.9231,2.7692,3.0000,9.0000,2024-04-30T12:24:00+00:00,0.7500
2024-04-30T16:39:00+00:00,2024-04-30T20:09:00+00:00,short,163.010000,ifvg,1.3008,0.3835,43.2500,12.7500,2024-04-30T16:19:00+00:00,0.7500
2024-05-01T09:54:00+00:00,2024-05-01T10:29:00+00:00,long,-283.140000,ifvg,0.1053,1.1579,0.5000,5.5000,2024-05-01T09:39:00+00:00,0.5000
2024-05-01T13:49:00+00:00,2024-05-01T18:04:00+00:00,short,-251.940000,ifvg,1.4062,1.5,11.2500,12.0000,2024-05-01T13:19:00+00:00,1.0000
2024-05-02T12:14:00+00:00,2024-05-02T12:34:00+00:00,long,-251.940000,ifvg,0.0312,1.1875,0.2500,9.5000,2024-05-02T11:39:00+00:00,0.2500
2024-05-02T14:29:00+00:00,2024-05-02T19:09:00+00:00,long,184.8850000,ifvg,1.5758,0.596,39.0000,14.7500,2024-05-02T14:09:00+00:00,4.0000
2024-05-03T01:49:00+00:00,2024-05-03T02:24:00+00:00,short,180.1000000,ifvg,2.5,0.5,6.2500,1.2500,2024-05-03T01:39:00+00:00,0.2500
2024-05-07T07:39:00+00:00,2024-05-07T08:39:00+00:00,short,-282.400000,ifvg,0.4286,1.1905,2.2500,6.2500,2024-05-07T02:34:00+00:00,1.0000
2024-05-07T17:54:00+00:00,2024-05-07T20:09:00+00:00,short,-27.960000,ifvg,0.7143,0.4286,8.7500,5.2500,2024-05-07T14:54:00+00:00,2.2500
2024-05-08T08:29:00+00:00,2024-05-08T10:39:00+00:00,long,-269.900000,ifvg,0.05,1.2,0.2500,6.0000,2024-05-08T08:04:00+00:00,0.5000
2024-05-09T17:34:00+00:00,2024-05-09T20:09:00+00:00,long,207.040000,ifvg,1.0,0.4318,11.0000,4.7500,2024-05-09T17:24:00+00:00,0.5000
2024-05-10T08:19:00+00:00,2024-05-10T12:39:00+00:00,long,21.070000,ifvg,1.3448,0.1034,9.7500,0.7500,2024-05-10T08:09:00+00:00,1.0000
2024-05-10T12:39:00+00:00,2024-05-10T13:29:00+00:00,short,-285.870000,ifvg,0.5625,1.0,2.2500,4.0000,2024-05-10T12:29:00+00:00,1.0000
2024-05-13T07:59:00+00:00,2024-05-13T08:19:00+00:00,long,-288.830000,ifvg,0.25,1.0833,0.7500,3.2500,2024-05-13T07:44:00+00:00,0.7500
2024-05-15T14:09:00+00:00,2024-05-15T14:49:00+00:00,long,148.5200000,ifvg,1.25,0.1129,38.7500,3.5000,2024-05-15T13:54:00+00:00,3.7500
2024-05-16T12:44:00+00:00,2024-05-16T14:44:00+00:00,short,-275.920000,ifvg,1.2692,1.0,8.2500,6.5000,2024-05-16T12:29:00+00:00,1.0000
2024-05-17T15:59:00+00:00,2024-05-17T16:44:00+00:00,long,-283.140000,ifvg,0.4211,1.2105,2.0000,5.7500,2024-05-17T15:39:00+00:00,0.5000
2024-05-20T08:54:00+00:00,2024-05-20T11:04:00+00:00,long,180.1000000,ifvg,2.2,1.3,5.5000,3.2500,2024-05-20T08:44:00+00:00,0.5000
2024-05-20T13:39:00+00:00,2024-05-20T13:59:00+00:00,long,166.5300000,ifvg,1.9667,0.1667,14.7500,1.2500,2024-05-20T12:44:00+00:00,0.2500
2024-05-20T15:49:00+00:00,2024-05-20T17:29:00+00:00,short,186.8100000,ifvg,4.3529,0.7647,18.5000,3.2500,2024-05-20T15:29:00+00:00,0.7500
2024-05-20T17:34:00+00:00,2024-05-20T18:09:00+00:00,short,314.3100000,ifvg,1.0204,0.1224,12.5000,1.5000,2024-05-20T13:59:00+00:00,5.0000
2024-05-20T18:34:00+00:00,2024-05-20T20:09:00+00:00,long,-84.950000,ifvg,0.2683,0.6341,2.7500,6.5000,2024-05-20T18:14:00+00:00,1.2500
2024-05-22T06:09:00+00:00,2024-05-22T07:09:00+00:00,short,185.7750000,ifvg,2.5714,0.7143,4.5000,1.2500,2024-05-22T05:59:00+00:00,0.2500
2024-05-23T15:14:00+00:00,2024-05-23T17:04:00+00:00,long,-242.960000,ifvg,0.9362,1.0,11.0000,11.7500,2024-05-23T14:59:00+00:00,4.0000
2024-05-24T12:39:00+00:00,2024-05-24T13:54:00+00:00,long,-285.180000,ifvg,0.2903,1.2903,2.2500,10.0000,2024-05-24T12:09:00+00:00,0.7500
2024-05-24T13:59:00+00:00,2024-05-24T14:04:00+00:00,short,-272.450000,ifvg,0.0238,1.0714,0.2500,11.2500,2024-05-24T12:39:00+00:00,4.2500
2024-05-24T18:29:00+00:00,2024-05-24T20:09:00+00:00,short,-34.440000,ifvg,1.4516,0.4194,11.2500,3.2500,2024-05-24T17:59:00+00:00,0.7500
2024-05-27T22:09:00+00:00,2024-05-28T00:04:00+00:00,short,191.6950000,ifvg,1.9333,0.1333,7.2500,0.5000,2024-05-27T16:54:00+00:00,0.5000
2024-05-28T15:09:00+00:00,2024-05-28T17:54:00+00:00,short,152.2700000,ifvg,2.5526,0.8684,24.2500,8.2500,2024-05-28T14:49:00+00:00,0.5000
2024-05-29T08:09:00+00:00,2024-05-29T08:49:00+00:00,long,-292.350000,ifvg,0.5,1.2143,1.7500,4.2500,2024-05-29T07:59:00+00:00,0.2500
2024-05-29T17:59:00+00:00,2024-05-29T19:54:00+00:00,long,-266.940000,ifvg,0.1957,1.087,2.2500,12.5000,2024-05-29T17:09:00+00:00,1.2500
2024-05-31T07:29:00+00:00,2024-05-31T08:19:00+00:00,short,-285.920000,ifvg,0.2963,1.037,2.0000,7.0000,2024-05-31T03:29:00+00:00,1.7500
2024-05-31T11:04:00+00:00,2024-05-31T12:29:00+00:00,long,189.0300000,ifvg,2.9706,0.0588,25.2500,0.5000,2024-05-31T10:54:00+00:00,1.0000
2024-06-04T08:09:00+00:00,2024-06-04T09:04:00+00:00,short,111.7600000,ifvg,1.5667,0.05,23.5000,0.7500,2024-06-04T07:39:00+00:00,1.5000
2024-06-04T13:39:00+00:00,2024-06-04T14:04:00+00:00,short,-258.930000,ifvg,0.4286,2.1071,3.0000,14.7500,2024-06-04T13:19:00+00:00,2.0000
2024-06-05T14:39:00+00:00,2024-06-05T19:04:00+00:00,long,160.5100000,ifvg,1.7674,0.2209,38.0000,4.7500,2024-06-05T13:39:00+00:00,4.0000
2024-06-06T00:49:00+00:00,2024-06-06T06:09:00+00:00,long,-290.360000,ifvg,1.2667,1.0,4.7500,3.7500,2024-06-06T00:39:00+00:00,1.0000
2024-06-07T12:49:00+00:00,2024-06-07T17:24:00+00:00,short,-229.490000,ifvg,0.0989,1.044,4.5000,47.5000,2024-06-05T15:19:00+00:00,1.2500
2024-06-10T09:39:00+00:00,2024-06-10T10:39:00+00:00,long,183.8000000,ifvg,2.1,0.55,10.5000,2.7500,2024-06-10T09:29:00+00:00,0.7500
2024-06-10T13:34:00+00:00,2024-06-10T13:44:00+00:00,long,-285.870000,ifvg,0.0,1.125,0,4.5000,2024-06-10T13:24:00+00:00,1.0000
2024-06-11T17:29:00+00:00,2024-06-11T17:54:00+00:00,short,-267.680000,ifvg,0.0345,1.4138,0.2500,10.2500,2024-06-11T17:09:00+00:00,1.2500
2024-06-12T12:34:00+00:00,2024-06-12T12:39:00+00:00,long,-282.400000,ifvg,0.4286,1.0,2.2500,5.2500,2024-06-12T12:24:00+00:00,0.2500
2024-06-12T19:29:00+00:00,2024-06-12T19:54:00+00:00,short,-259.950000,ifvg,0.675,1.3,6.7500,13.0000,2024-06-12T19:19:00+00:00,0.5000
2024-06-13T09:04:00+00:00,2024-06-13T09:29:00+00:00,long,-288.830000,ifvg,0.3333,1.5833,1.0000,4.7500,2024-06-13T08:49:00+00:00,0.5000
2024-06-14T06:44:00+00:00,2024-06-14T07:14:00+00:00,short,174.0800000,ifvg,2.9167,0.1667,8.7500,0.5000,2024-06-14T06:24:00+00:00,0.2500
2024-06-14T07:34:00+00:00,2024-06-14T07:54:00+00:00,long,-155.920000,ifvg,0.0769,0.7692,0.5000,5.0000,2024-06-14T07:19:00+00:00,2.5000
2024-06-14T07:54:00+00:00,2024-06-14T09:44:00+00:00,short,159.7700000,ifvg,2.6279,0.2558,28.2500,2.7500,2024-06-14T07:34:00+00:00,2.2500
2024-06-14T14:59:00+00:00,2024-06-14T15:54:00+00:00,long,-247.450000,ifvg,0.6053,1.0,5.7500,9.5000,2024-06-14T14:39:00+00:00,2.0000
2024-06-14T16:04:00+00:00,2024-06-14T20:09:00+00:00,long,162.780000,ifvg,1.0,0.2258,15.5000,3.5000,2024-06-14T15:49:00+00:00,3.7500
2024-06-17T06:09:00+00:00,2024-06-17T06:24:00+00:00,short,-292.350000,ifvg,0.0,1.4286,0,5.0000,2024-06-17T05:39:00+00:00,1.0000
2024-06-17T06:29:00+00:00,2024-06-17T08:44:00+00:00,long,-282.400000,ifvg,1.4286,1.1429,7.5000,6.0000,2024-06-17T06:09:00+00:00,1.2500
2024-06-17T10:39:00+00:00,2024-06-17T11:24:00+00:00,long,189.0800000,ifvg,2.3846,0.3077,7.7500,1.0000,2024-06-17T10:24:00+00:00,0.5000
2024-06-17T14:14:00+00:00,2024-06-17T15:24:00+00:00,long,152.2700000,ifvg,2.878,0.4146,29.5000,4.2500,2024-06-17T12:39:00+00:00,1.2500
2024-06-18T00:49:00+00:00,2024-06-18T01:14:00+00:00,long,-290.360000,ifvg,0.3333,1.1333,1.2500,4.2500,2024-06-18T00:39:00+00:00,0.5000
2024-06-20T07:54:00+00:00,2024-06-20T13:34:00+00:00,short,137.2700000,ifvg,3.4054,0.6216,31.5000,5.7500,2024-06-20T07:24:00+00:00,0.7500
2024-06-20T14:14:00+00:00,2024-06-20T16:24:00+00:00,short,344.6550000,ifvg,2.7358,0.6792,36.2500,9.0000,2024-06-20T13:49:00+00:00,5.0000
2024-06-20T17:49:00+00:00,2024-06-20T20:09:00+00:00,long,80.280000,ifvg,1.1333,0.4833,17.0000,7.2500,2024-06-20T17:29:00+00:00,3.7500
2024-06-21T07:49:00+00:00,2024-06-21T08:24:00+00:00,long,-258.930000,ifvg,0.2857,1.0357,2.0000,7.2500,2024-06-21T07:39:00+00:00,2.5000
2024-06-21T13:34:00+00:00,2024-06-21T13:44:00+00:00,short,183.8000000,ifvg,3.3,0.5,16.5000,2.5000,2024-06-21T13:19:00+00:00,0.2500
2024-06-24T10:04:00+00:00,2024-06-24T12:04:00+00:00,long,-292.350000,ifvg,1.2143,1.6429,4.2500,5.7500,2024-06-24T09:54:00+00:00,0.5000
2024-06-24T12:29:00+00:00,2024-06-24T12:39:00+00:00,long,-255.920000,ifvg,0.0,1.1667,0,7.0000,2024-06-24T12:09:00+00:00,1.2500
2024-06-24T15:04:00+00:00,2024-06-24T17:09:00+00:00,long,-232.960000,ifvg,0.2286,1.0714,4.0000,18.7500,2024-06-24T14:54:00+00:00,0.7500
2024-06-25T13:39:00+00:00,2024-06-25T14:09:00+00:00,short,-136.430000,ifvg,0.6071,0.7857,4.2500,5.5000,2024-06-25T13:04:00+00:00,0.5000
2024-06-25T14:09:00+00:00,2024-06-25T16:34:00+00:00,long,-265.410000,ifvg,1.2273,1.4091,6.7500,7.7500,2024-06-25T13:59:00+00:00,0.5000
2024-06-26T15:24:00+00:00,2024-06-26T19:59:00+00:00,long,141.0200000,ifvg,2.1842,0.5789,20.7500,5.5000,2024-06-26T15:14:00+00:00,0.7500
2024-06-27T11:39:00+00:00,2024-06-27T13:34:00+00:00,long,192.0400000,ifvg,2.8462,0.3462,18.5000,2.2500,2024-06-27T11:09:00+00:00,0.5000
2024-07-01T08:14:00+00:00,2024-07-01T08:44:00+00:00,long,-250.180000,ifvg,0.6296,1.1111,4.2500,7.5000,2024-07-01T07:59:00+00:00,2.0000
2024-07-01T13:34:00+00:00,2024-07-01T13:49:00+00:00,long,-266.940000,ifvg,0.1481,1.8519,1.0000,12.5000,2024-07-01T13:14:00+00:00,1.7500
2024-07-01T18:34:00+00:00,2024-07-01T19:29:00+00:00,short,144.0300000,ifvg,1.6154,0.4615,10.5000,3.0000,2024-07-01T18:19:00+00:00,2.2500
2024-07-02T12:04:00+00:00,2024-07-02T13:34:00+00:00,long,177.0400000,ifvg,2.8333,0.3333,17.0000,2.0000,2024-07-02T11:49:00+00:00,0.2500
2024-07-03T03:24:00+00:00,2024-07-03T04:34:00+00:00,short,-292.350000,ifvg,0.1429,1.0,0.5000,3.5000,2024-07-03T03:09:00+00:00,0.5000
2024-07-09T05:29:00+00:00,2024-07-09T12:39:00+00:00,short,189.0800000,ifvg,1.5385,0.6923,5.0000,2.2500,2024-07-09T04:49:00+00:00,0.2500
2024-07-09T17:24:00+00:00,2024-07-09T20:09:00+00:00,short,-17.910000,ifvg,0.6087,0.913,3.5000,5.2500,2024-07-09T17:09:00+00:00,1.2500
2024-07-11T07:39:00+00:00,2024-07-11T09:24:00+00:00,long,-299.060000,ifvg,0.4545,1.0,1.2500,2.7500,2024-07-11T07:24:00+00:00,0.2500
2024-07-11T12:34:00+00:00,2024-07-11T12:39:00+00:00,long,-288.830000,ifvg,0.0,2.1667,0,6.5000,2024-07-11T12:24:00+00:00,1.0000
2024-07-11T15:14:00+00:00,2024-07-11T15:24:00+00:00,long,-266.940000,ifvg,0.0588,1.8824,0.5000,16.0000,2024-07-11T15:04:00+00:00,2.2500
2024-07-11T16:14:00+00:00,2024-07-11T16:24:00+00:00,long,-236.940000,ifvg,0.0333,1.0,0.2500,7.5000,2024-07-11T16:04:00+00:00,0.2500
2024-07-11T16:54:00+00:00,2024-07-11T20:09:00+00:00,short,-39.490000,ifvg,0.0933,0.38,3.5000,14.2500,2024-07-11T16:34:00+00:00,3.0000
2024-07-12T05:29:00+00:00,2024-07-12T09:09:00+00:00,long,175.5600000,ifvg,1.625,0.625,6.5000,2.5000,2024-07-12T05:19:00+00:00,0.2500
2024-07-12T12:54:00+00:00,2024-07-12T14:44:00+00:00,long,175.5100000,ifvg,2.6383,0.2234,62.0000,5.2500,2024-07-12T10:54:00+00:00,1.5000
2024-07-15T00:09:00+00:00,2024-07-15T07:39:00+00:00,short,-204.720000,ifvg,0.0,1.0,0,13.2500,2024-07-14T23:59:00+00:00,0.2500
2024-07-15T14:09:00+00:00,2024-07-15T15:04:00+00:00,long,152.2700000,ifvg,2.1951,0.4146,22.5000,4.2500,2024-07-15T11:44:00+00:00,2.7500
2024-07-16T09:14:00+00:00,2024-07-16T10:34:00+00:00,short,-241.430000,ifvg,0.3462,1.1154,2.2500,7.2500,2024-07-16T09:04:00+00:00,1.2500
2024-07-17T03:34:00+00:00,2024-07-17T03:44:00+00:00,long,-289.800000,ifvg,0.0,1.3,0,3.2500,2024-07-17T03:14:00+00:00,0.2500
2024-07-17T14:14:00+00:00,2024-07-17T17:14:00+00:00,short,124.8850000,ifvg,1.4242,0.3636,23.5000,6.0000,2024-07-17T13:39:00+00:00,6.0000
2024-07-18T03:54:00+00:00,2024-07-18T06:39:00+00:00,long,162.0400000,ifvg,2.4545,1.0909,13.5000,6.0000,2024-07-18T03:39:00+00:00,2.5000
2024-07-18T08:39:00+00:00,2024-07-18T10:04:00+00:00,long,-247.960000,ifvg,0.2083,1.125,2.5000,13.5000,2024-07-18T07:34:00+00:00,3.7500
2024-07-18T14:59:00+00:00,2024-07-18T15:09:00+00:00,long,-217.960000,ifvg,0.2381,1.0714,2.5000,11.2500,2024-07-18T14:49:00+00:00,0.2500
2024-07-19T00:19:00+00:00,2024-07-19T06:09:00+00:00,long,165.4450000,ifvg,1.6923,0.4615,5.5000,1.5000,2024-07-19T00:09:00+00:00,0.2500
2024-07-19T13:44:00+00:00,2024-07-19T14:29:00+00:00,long,-230.970000,ifvg,0.4167,1.3167,6.2500,19.7500,2024-07-19T13:29:00+00:00,2.5000
2024-07-19T16:29:00+00:00,2024-07-19T19:09:00+00:00,short,6.760000,ifvg,0.617,0.0496,21.7500,1.7500,2024-07-19T16:04:00+00:00,7.0000
2024-07-19T19:09:00+00:00,2024-07-19T20:09:00+00:00,long,-143.980000,ifvg,0.2809,0.7528,6.2500,16.7500,2024-07-19T16:39:00+00:00,2.5000
2024-07-22T15:14:00+00:00,2024-07-22T15:34:00+00:00,short,104.2600000,ifvg,1.7143,0.1964,24.0000,2.7500,2024-07-22T14:39:00+00:00,2.0000
2024-07-23T13:59:00+00:00,2024-07-23T14:24:00+00:00,short,-222.450000,ifvg,0.3235,1.0882,2.7500,9.2500,2024-07-23T13:49:00+00:00,0.5000
2024-07-23T15:19:00+00:00,2024-07-23T16:24:00+00:00,long,-181.480000,ifvg,0.0282,1.0423,0.5000,18.5000,2024-07-23T14:44:00+00:00,0.7500
2024-07-24T11:24:00+00:00,2024-07-24T11:49:00+00:00,long,-245.920000,ifvg,0.3043,1.0,1.7500,5.7500,2024-07-24T11:09:00+00:00,1.0000
2024-07-25T09:19:00+00:00,2024-07-25T10:19:00+00:00,short,163.5200000,ifvg,1.5227,0.1591,16.7500,1.7500,2024-07-25T08:59:00+00:00,1.0000
2024-07-25T14:24:00+00:00,2024-07-25T14:49:00+00:00,long,152.2700000,ifvg,2.6341,0.439,27.0000,4.5000,2024-07-25T14:14:00+00:00,1.2500
2024-07-26T06:14:00+00:00,2024-07-26T08:14:00+00:00,long,166.5300000,ifvg,2.8667,0.7667,21.5000,5.7500,2024-07-26T05:49:00+00:00,2.2500
2024-07-26T14:39:00+00:00,2024-07-26T15:04:00+00:00,short,-245.970000,ifvg,0.1094,1.1094,1.7500,17.7500,2024-07-26T14:29:00+00:00,4.2500
2024-07-29T11:49:00+00:00,2024-07-29T12:34:00+00:00,short,-212.960000,ifvg,0.6875,2.4375,2.7500,9.7500,2024-07-29T11:39:00+00:00,0.2500
2024-07-29T17:34:00+00:00,2024-07-29T20:09:00+00:00,short,76.530000,ifvg,0.5818,0.6,8.0000,8.2500,2024-07-29T16:09:00+00:00,1.2500
2024-07-30T06:54:00+00:00,2024-07-30T13:19:00+00:00,long,133.5200000,ifvg,2.75,0.1111,24.7500,1.0000,2024-07-30T06:44:00+00:00,1.0000
2024-07-31T13:39:00+00:00,2024-07-31T14:09:00+00:00,short,-227.960000,ifvg,0.8182,1.1136,9.0000,12.2500,2024-07-31T12:49:00+00:00,2.5000
2024-07-31T17:59:00+00:00,2024-07-31T18:49:00+00:00,long,147.3850000,ifvg,1.6456,0.4557,32.5000,9.0000,2024-07-31T17:34:00+00:00,1.7500
2024-08-01T06:09:00+00:00,2024-08-01T06:34:00+00:00,short,-255.640000,ifvg,0.3529,1.1176,1.5000,4.7500,2024-08-01T05:59:00+00:00,0.2500
2024-08-01T07:14:00+00:00,2024-08-01T07:34:00+00:00,long,-265.920000,ifvg,0.4,1.0,2.5000,6.2500,2024-08-01T07:04:00+00:00,0.5000
2024-08-01T13:39:00+00:00,2024-08-01T14:09:00+00:00,long,-212.220000,ifvg,0.9636,1.1091,13.2500,15.2500,2024-08-01T13:14:00+00:00,2.7500
2024-08-02T10:39:00+00:00,2024-08-02T12:34:00+00:00,short,138.0100000,ifvg,1.7703,1.1757,32.7500,21.7500,2024-08-02T10:29:00+00:00,2.2500
2024-08-02T12:39:00+00:00,2024-08-02T12:54:00+00:00,short,-188.980000,ifvg,0.1757,1.2568,3.2500,23.2500,2024-08-02T12:09:00+00:00,2.7500
2024-08-02T16:59:00+00:00,2024-08-02T19:34:00+00:00,short,-253.470000,ifvg,1.0152,1.0758,16.7500,17.7500,2024-08-02T16:24:00+00:00,2.2500
2024-08-05T00:34:00+00:00,2024-08-05T01:04:00+00:00,long,-215.970000,ifvg,0.1964,1.6429,2.7500,23.0000,2024-08-05T00:24:00+00:00,1.0000
2024-08-05T02:49:00+00:00,2024-08-05T05:14:00+00:00,short,119.2600000,ifvg,2.7656,0.4531,44.2500,7.2500,2024-08-05T02:29:00+00:00,5.5000
2024-08-06T05:34:00+00:00,2024-08-06T06:49:00+00:00,long,-181.480000,ifvg,0.0704,1.3662,1.2500,24.2500,2024-08-06T05:14:00+00:00,6.7500
2024-08-06T08:29:00+00:00,2024-08-06T09:04:00+00:00,long,-222.960000,ifvg,0.6279,2.3488,6.7500,25.2500,2024-08-06T08:19:00+00:00,2.0000
2024-08-06T09:09:00+00:00,2024-08-06T14:49:00+00:00,short,-264.490000,ifvg,0.4095,1.2524,21.5000,65.7500,2024-08-05T22:04:00+00:00,8.2500
2024-08-06T18:24:00+00:00,2024-08-06T19:04:00+00:00,long,-143.240000,ifvg,0.3982,1.0885,11.2500,30.7500,2024-08-06T18:09:00+00:00,0.5000
2024-08-06T19:29:00+00:00,2024-08-06T19:54:00+00:00,long,-129.490000,ifvg,0.1176,1.402,3.0000,35.7500,2024-08-06T19:09:00+00:00,10.7500
2024-08-07T00:14:00+00:00,2024-08-07T01:39:00+00:00,long,109.8850000,ifvg,2.5254,0.2712,37.2500,4.0000,2024-08-06T23:24:00+00:00,0.7500
2024-08-07T07:14:00+00:00,2024-08-07T09:14:00+00:00,long,130.5100000,ifvg,2.7286,0.9714,47.7500,17.0000,2024-08-07T06:19:00+00:00,1.5000
2024-08-07T17:29:00+00:00,2024-08-07T17:54:00+00:00,long,-249.720000,ifvg,0.8154,1.1846,13.2500,19.2500,2024-08-07T17:19:00+00:00,3.5000
2024-08-07T19:09:00+00:00,2024-08-07T19:59:00+00:00,long,-139.490000,ifvg,0.3,1.1818,8.2500,32.5000,2024-08-07T18:14:00+00:00,2.2500
2024-08-08T06:24:00+00:00,2024-08-08T07:04:00+00:00,long,-230.970000,ifvg,0.0333,1.1667,0.5000,17.5000,2024-08-08T05:44:00+00:00,1.5000
2024-08-08T15:29:00+00:00,2024-08-08T19:34:00+00:00,long,140.510000,ifvg,0.5816,0.2092,34.7500,12.5000,2024-08-08T15:19:00+00:00,6.2500
2024-08-08T23:29:00+00:00,2024-08-09T00:44:00+00:00,short,133.5200000,ifvg,1.6111,0.9444,14.5000,8.5000,2024-08-08T23:14:00+00:00,0.7500
2024-08-09T07:09:00+00:00,2024-08-09T08:04:00+00:00,short,-253.700000,ifvg,0.5897,1.1795,5.7500,11.5000,2024-08-09T06:44:00+00:00,1.5000
2024-08-11T22:19:00+00:00,2024-08-11T23:04:00+00:00,short,-237.960000,ifvg,0.4783,1.0,5.5000,11.5000,2024-08-11T22:09:00+00:00,4.2500
2024-08-12T00:09:00+00:00,2024-08-12T02:34:00+00:00,short,-222.450000,ifvg,0.5294,1.0588,4.5000,9.0000,2024-08-11T23:54:00+00:00,1.5000
2024-08-12T06:14:00+00:00,2024-08-12T07:09:00+00:00,short,-235.920000,ifvg,0.4091,1.0455,2.2500,5.7500,2024-08-12T04:39:00+00:00,0.2500
2024-08-12T14:14:00+00:00,2024-08-12T20:09:00+00:00,long,-68.980000,ifvg,0.8876,0.9326,19.7500,20.7500,2024-08-12T13:49:00+00:00,7.5000
2024-08-13T01:14:00+00:00,2024-08-13T03:04:00+00:00,short,-229.440000,ifvg,0.0345,1.2759,0.2500,9.2500,2024-08-13T00:59:00+00:00,1.5000
2024-08-14T16:59:00+00:00,2024-08-14T20:09:00+00:00,long,65.510000,ifvg,0.5849,0.2453,15.5000,6.5000,2024-08-14T16:49:00+00:00,2.0000
2024-08-15T06:44:00+00:00,2024-08-15T08:34:00+00:00,long,-245.920000,ifvg,1.0,1.3478,5.7500,7.7500,2024-08-15T06:29:00+00:00,2.5000
2024-08-15T11:24:00+00:00,2024-08-15T12:34:00+00:00,long,94.8850000,ifvg,2.5686,0.3137,32.7500,4.0000,2024-08-15T10:24:00+00:00,1.2500
2024-08-16T18:24:00+00:00,2024-08-16T20:09:00+00:00,long,42.780000,ifvg,0.4912,0.3509,7.0000,5.0000,2024-08-16T18:14:00+00:00,0.2500
2024-08-19T13:39:00+00:00,2024-08-19T14:19:00+00:00,long,-247.450000,ifvg,0.7895,1.1579,7.5000,11.0000,2024-08-19T13:29:00+00:00,1.0000
2024-08-19T14:24:00+00:00,2024-08-19T14:54:00+00:00,short,-230.970000,ifvg,0.0833,1.1833,1.2500,17.7500,2024-08-19T11:14:00+00:00,0.2500
2024-08-20T13:39:00+00:00,2024-08-20T13:54:00+00:00,long,165.0500000,ifvg,2.5556,0.1111,11.5000,0.5000,2024-08-20T13:09:00+00:00,0.5000
2024-08-20T14:19:00+00:00,2024-08-20T17:04:00+00:00,short,163.5200000,ifvg,1.5455,0.3864,17.0000,4.2500,2024-08-20T13:49:00+00:00,0.2500
2024-08-20T17:14:00+00:00,2024-08-20T18:19:00+00:00,long,137.2700000,ifvg,1.8919,0.3514,17.5000,3.2500,2024-08-20T17:04:00+00:00,0.7500
2024-08-21T09:14:00+00:00,2024-08-21T09:34:00+00:00,long,-271.840000,ifvg,0.0833,1.0,0.2500,3.0000,2024-08-21T09:04:00+00:00,1.0000
2024-08-21T14:59:00+00:00,2024-08-21T18:04:00+00:00,short,-186.480000,ifvg,0.6849,1.0822,12.5000,19.7500,2024-08-21T14:44:00+00:00,8.5000
2024-08-21T18:44:00+00:00,2024-08-21T20:09:00+00:00,short,57.040000,ifvg,1.45,0.4,14.5000,4.0000,2024-08-21T18:34:00+00:00,4.2500
2024-08-23T10:39:00+00:00,2024-08-23T14:04:00+00:00,long,133.5200000,ifvg,3.3333,0.4722,30.0000,4.2500,2024-08-23T10:29:00+00:00,1.0000
2024-08-26T08:29:00+00:00,2024-08-26T11:49:00+00:00,short,174.4250000,ifvg,1.8947,0.6316,9.0000,3.0000,2024-08-26T08:14:00+00:00,0.7500
2024-08-26T11:59:00+00:00,2024-08-26T14:09:00+00:00,long,-236.940000,ifvg,1.2667,1.2,9.5000,9.0000,2024-08-26T11:49:00+00:00,2.7500
2024-08-27T11:14:00+00:00,2024-08-27T12:24:00+00:00,long,-221.940000,ifvg,0.8571,1.0,6.0000,7.0000,2024-08-27T10:59:00+00:00,2.0000
2024-08-27T13:59:00+00:00,2024-08-27T20:09:00+00:00,long,173.520000,ifvg,1.2899,0.1739,22.2500,3.0000,2024-08-27T12:44:00+00:00,1.5000
2024-08-27T23:29:00+00:00,2024-08-28T04:34:00+00:00,short,-242.960000,ifvg,0.0638,1.0213,0.7500,12.0000,2024-08-27T23:14:00+00:00,1.2500
2024-08-28T12:24:00+00:00,2024-08-28T13:19:00+00:00,long,-255.360000,ifvg,1.2308,1.0769,4.0000,3.5000,2024-08-28T12:14:00+00:00,0.5000
2024-08-28T17:19:00+00:00,2024-08-28T20:09:00+00:00,short,8.520000,ifvg,1.2174,0.6957,28.0000,16.0000,2024-08-28T16:59:00+00:00,2.7500
2024-08-29T08:29:00+00:00,2024-08-29T08:59:00+00:00,short,-232.680000,ifvg,0.04,1.24,0.2500,7.7500,2024-08-29T08:19:00+00:00,1.5000
2024-08-30T00:34:00+00:00,2024-08-30T06:44:00+00:00,long,190.560000,ifvg,1.0667,0.4,8.0000,3.0000,2024-08-30T00:09:00+00:00,2.5000
2024-08-30T06:44:00+00:00,2024-08-30T07:34:00+00:00,short,-248.880000,ifvg,1.0,1.4667,3.7500,5.5000,2024-08-30T06:14:00+00:00,0.5000
2024-08-30T10:49:00+00:00,2024-08-30T10:59:00+00:00,long,146.3000000,ifvg,1.6875,0.4375,6.7500,1.7500,2024-08-30T10:39:00+00:00,1.0000
2024-09-02T06:04:00+00:00,2024-09-02T06:49:00+00:00,short,153.0600000,ifvg,2.5,0.0714,8.7500,0.2500,2024-09-02T05:34:00+00:00,0.5000
2024-09-02T14:04:00+00:00,2024-09-02T14:34:00+00:00,short,-263.880000,ifvg,1.0,1.125,4.0000,4.5000,2024-09-02T13:49:00+00:00,0.2500
2024-09-02T14:34:00+00:00,2024-09-02T22:04:00+00:00,long,174.4250000,ifvg,1.9474,0.2632,9.2500,1.2500,2024-09-02T14:14:00+00:00,0.5000
2024-09-02T22:04:00+00:00,2024-09-02T22:39:00+00:00,long,-9.950000,ifvg,0.0286,1.0,0.2500,8.7500,2024-09-02T16:54:00+00:00,0.7500
2024-09-03T11:24:00+00:00,2024-09-03T13:04:00+00:00,long,-57.680000,ifvg,0.88,0.72,5.5000,4.5000,2024-09-03T11:14:00+00:00,0.5000
2024-09-03T13:04:00+00:00,2024-09-03T13:34:00+00:00,short,139.5400000,ifvg,1.8421,0.6842,8.7500,3.2500,2024-09-03T12:44:00+00:00,0.5000
2024-09-03T17:39:00+00:00,2024-09-03T18:59:00+00:00,short,143.6350000,ifvg,2.6883,0.013,51.7500,0.2500,2024-09-03T17:29:00+00:00,3.5000
2024-09-04T00:09:00+00:00,2024-09-04T00:39:00+00:00,long,-228.700000,ifvg,0.0,1.9143,0,16.7500,2024-09-03T23:34:00+00:00,1.0000
2024-09-04T07:14:00+00:00,2024-09-04T08:44:00+00:00,long,15.050000,ifvg,1.1143,0.8286,9.7500,7.2500,2024-09-04T06:59:00+00:00,2.7500
2024-09-04T08:44:00+00:00,2024-09-04T09:39:00+00:00,short,-229.440000,ifvg,0.0,1.0345,0,7.5000,2024-09-04T08:34:00+00:00,0.2500
2024-09-04T16:49:00+00:00,2024-09-04T20:09:00+00:00,short,146.020000,ifvg,1.2048,0.2651,25.0000,5.5000,2024-09-04T16:39:00+00:00,2.7500
2024-09-05T03:14:00+00:00,2024-09-05T05:19:00+00:00,short,-34.950000,ifvg,0.5455,0.3636,4.5000,3.0000,2024-09-05T02:29:00+00:00,1.5000
2024-09-05T05:19:00+00:00,2024-09-05T06:24:00+00:00,long,-255.640000,ifvg,1.2941,1.0,5.5000,4.2500,2024-09-05T05:09:00+00:00,1.0000
2024-09-05T07:14:00+00:00,2024-09-05T09:29:00+00:00,long,-207.960000,ifvg,0.6,1.05,6.0000,10.5000,2024-09-05T06:24:00+00:00,1.5000
2024-09-05T14:19:00+00:00,2024-09-05T15:04:00+00:00,short,121.1350000,ifvg,2.7538,0.9385,44.7500,15.2500,2024-09-05T14:09:00+00:00,6.0000
2024-09-06T05:54:00+00:00,2024-09-06T06:09:00+00:00,long,-245.920000,ifvg,0.087,1.3043,0.5000,7.5000,2024-09-06T05:44:00+00:00,1.0000
2024-09-06T10:54:00+00:00,2024-09-06T12:34:00+00:00,long,152.2700000,ifvg,3.6829,0.7073,37.7500,7.2500,2024-09-06T10:44:00+00:00,0.7500
2024-09-06T12:54:00+00:00,2024-09-06T14:29:00+00:00,long,-238.240000,ifvg,0.4392,1.0423,20.7500,49.2500,2024-09-05T20:24:00+00:00,1.5000
2024-09-09T11:39:00+00:00,2024-09-09T12:29:00+00:00,short,132.7800000,ifvg,1.5417,0.5,9.2500,3.0000,2024-09-09T11:19:00+00:00,0.2500
2024-09-10T14:34:00+00:00,2024-09-10T15:54:00+00:00,long,-215.970000,ifvg,0.8947,1.1053,12.7500,15.7500,2024-09-10T14:19:00+00:00,4.2500
2024-09-11T09:29:00+00:00,2024-09-11T11:39:00+00:00,short,-193.470000,ifvg,0.02,1.18,0.2500,14.7500,2024-09-11T09:14:00+00:00,1.5000
2024-09-11T13:09:00+00:00,2024-09-11T13:39:00+00:00,long,-129.490000,ifvg,0.2283,0.8346,7.2500,26.5000,2024-09-10T23:54:00+00:00,1.0000
2024-09-11T13:39:00+00:00,2024-09-11T14:04:00+00:00,short,163.5200000,ifvg,3.6818,0.4091,40.5000,4.5000,2024-09-11T13:09:00+00:00,2.0000
2024-09-12T01:24:00+00:00,2024-09-12T03:54:00+00:00,long,147.0400000,ifvg,2.6,0.3,13.0000,1.5000,2024-09-12T00:59:00+00:00,0.7500
2024-09-12T07:34:00+00:00,2024-09-12T07:59:00+00:00,long,-229.440000,ifvg,0.069,1.1724,0.5000,8.5000,2024-09-12T06:24:00+00:00,1.7500
2024-09-12T23:59:00+00:00,2024-09-13T00:34:00+00:00,short,-248.880000,ifvg,0.3333,1.0667,1.2500,4.0000,2024-09-12T23:49:00+00:00,0.2500
2024-09-13T06:04:00+00:00,2024-09-13T07:29:00+00:00,short,-222.450000,ifvg,0.2941,1.2353,2.5000,10.5000,2024-09-13T05:14:00+00:00,1.7500
2024-09-15T22:09:00+00:00,2024-09-16T13:39:00+00:00,long,-209.950000,ifvg,1.125,1.3125,9.0000,10.5000,2024-09-13T20:54:00+00:00,0.5000
2024-09-16T13:54:00+00:00,2024-09-16T14:04:00+00:00,long,-229.440000,ifvg,0.1724,1.5862,1.2500,11.5000,2024-09-16T13:39:00+00:00,2.2500
2024-09-17T03:39:00+00:00,2024-09-17T05:04:00+00:00,long,164.3100000,ifvg,2.5333,0.2667,9.5000,1.0000,2024-09-17T03:24:00+00:00,1.2500
2024-09-18T04:14:00+00:00,2024-09-18T04:59:00+00:00,long,-251.840000,ifvg,0.5455,1.2727,1.5000,3.5000,2024-09-18T04:04:00+00:00,0.5000
2024-09-18T12:29:00+00:00,2024-09-18T13:34:00+00:00,long,-223.930000,ifvg,1.0,1.5,6.0000,9.0000,2024-09-18T12:09:00+00:00,0.5000
2024-09-18T16:19:00+00:00,2024-09-18T17:34:00+00:00,long,122.2700000,ifvg,2.1212,0.0606,17.5000,0.5000,2024-09-18T15:54:00+00:00,0.7500
2024-09-18T17:44:00+00:00,2024-09-18T18:04:00+00:00,short,126.0200000,ifvg,2.3235,6.0,19.7500,51.0000,2024-09-18T17:34:00+00:00,1.5000
2024-09-18T19:19:00+00:00,2024-09-18T19:24:00+00:00,long,-231.480000,ifvg,0.033,1.1868,0.7500,27.0000,2024-09-18T19:09:00+00:00,9.2500
2024-09-19T13:39:00+00:00,2024-09-19T13:54:00+00:00,short,137.2700000,ifvg,1.9459,0.5676,18.0000,5.2500,2024-09-19T13:19:00+00:00,3.0000
2024-09-19T16:09:00+00:00,2024-09-19T17:44:00+00:00,long,113.6350000,ifvg,0.5676,0.3694,15.7500,10.2500,2024-09-19T15:59:00+00:00,1.2500
2024-09-20T13:09:00+00:00,2024-09-20T13:59:00+00:00,short,166.5300000,ifvg,2.7333,0.6333,20.5000,4.7500,2024-09-20T12:14:00+00:00,0.2500
2024-09-20T18:59:00+00:00,2024-09-20T19:39:00+00:00,long,141.0200000,ifvg,1.8947,0.4474,18.0000,4.2500,2024-09-20T18:29:00+00:00,1.0000
2024-09-23T13:19:00+00:00,2024-09-23T14:04:00+00:00,short,-245.920000,ifvg,1.2174,1.0,7.0000,5.7500,2024-09-23T13:04:00+00:00,1.2500
2024-09-23T15:29:00+00:00,2024-09-23T16:19:00+00:00,long,-208.470000,ifvg,0.2963,1.0741,4.0000,14.5000,2024-09-23T15:09:00+00:00,2.0000
2024-09-24T01:09:00+00:00,2024-09-24T01:49:00+00:00,long,-215.180000,ifvg,0.6087,1.0,3.5000,5.7500,2024-09-24T00:44:00+00:00,2.0000
2024-09-24T11:04:00+00:00,2024-09-24T11:39:00+00:00,short,-170.970000,ifvg,0.3125,0.9375,3.7500,11.2500,2024-09-24T07:54:00+00:00,1.7500
2024-09-24T11:39:00+00:00,2024-09-24T13:59:00+00:00,long,-185.970000,ifvg,0.2917,1.0833,3.5000,13.0000,2024-09-24T11:09:00+00:00,5.5000
2024-09-25T09:39:00+00:00,2024-09-25T14:09:00+00:00,long,137.2700000,ifvg,1.5676,0.2432,14.5000,2.2500,2024-09-25T09:24:00+00:00,1.2500
2024-09-26T13:39:00+00:00,2024-09-26T14:44:00+00:00,short,167.040000,ifvg,1.3243,0.6757,12.2500,6.2500,2024-09-26T12:19:00+00:00,0.2500
2024-09-26T14:44:00+00:00,2024-09-26T14:54:00+00:00,long,-203.700000,ifvg,0.6129,1.2581,4.7500,9.7500,2024-09-26T14:29:00+00:00,1.7500
2024-09-26T16:09:00+00:00,2024-09-26T17:34:00+00:00,short,20.510000,ifvg,0.8043,0.087,18.5000,2.0000,2024-09-26T15:59:00+00:00,0.7500
2024-09-26T17:34:00+00:00,2024-09-26T19:59:00+00:00,long,148.5200000,ifvg,1.575,0.125,15.7500,1.2500,2024-09-26T17:24:00+00:00,1.5000
2024-09-27T14:39:00+00:00,2024-09-27T15:54:00+00:00,short,133.5200000,ifvg,2.5556,0.1389,23.0000,1.2500,2024-09-27T14:29:00+00:00,3.0000
2024-09-30T18:44:00+00:00,2024-09-30T20:09:00+00:00,long,119.260000,ifvg,1.4848,0.3333,36.7500,8.2500,2024-09-30T18:24:00+00:00,9.0000
2024-10-01T00:24:00+00:00,2024-10-01T00:49:00+00:00,short,-245.920000,ifvg,0.0435,1.3913,0.2500,8.0000,2024-09-30T23:59:00+00:00,0.5000
2024-10-01T15:34:00+00:00,2024-10-01T16:49:00+00:00,long,-171.480000,ifvg,0.7463,1.0896,12.5000,18.2500,2024-10-01T15:14:00+00:00,10.5000
2024-10-02T06:04:00+00:00,2024-10-02T06:54:00+00:00,long,29.820000,ifvg,0.7826,0.8696,4.5000,5.0000,2024-10-02T05:54:00+00:00,0.2500
2024-10-02T06:54:00+00:00,2024-10-02T10:24:00+00:00,short,33.520000,ifvg,0.7377,0.6721,11.2500,10.2500,2024-10-02T06:44:00+00:00,2.7500
2024-10-02T10:24:00+00:00,2024-10-02T10:54:00+00:00,long,138.4050000,ifvg,1.64,0.32,10.2500,2.0000,2024-10-02T10:09:00+00:00,2.0000
2024-10-02T11:14:00+00:00,2024-10-02T13:39:00+00:00,short,159.7700000,ifvg,2.2558,0.8837,24.2500,9.5000,2024-10-02T10:39:00+00:00,2.7500
2024-10-02T13:54:00+00:00,2024-10-02T14:49:00+00:00,long,106.1350000,ifvg,1.8596,0.2982,26.5000,4.2500,2024-10-02T13:44:00+00:00,3.0000
2024-10-03T03:19:00+00:00,2024-10-03T03:39:00+00:00,long,-242.910000,ifvg,0.1,1.35,0.5000,6.7500,2024-10-03T02:59:00+00:00,1.2500
2024-10-03T05:49:00+00:00,2024-10-03T06:14:00+00:00,short,-49.440000,ifvg,0.1333,0.5,1.0000,3.7500,2024-10-03T05:39:00+00:00,0.7500
2024-10-03T06:49:00+00:00,2024-10-03T07:14:00+00:00,long,-244.900000,ifvg,0.45,1.4,2.2500,7.0000,2024-10-03T05:49:00+00:00,1.5000
2024-10-03T07:19:00+00:00,2024-10-03T07:34:00+00:00,short,138.4050000,ifvg,2.4,0.6,15.0000,3.7500,2024-10-03T06:49:00+00:00,2.2500
2024-10-03T10:29:00+00:00,2024-10-03T14:04:00+00:00,long,85.5100000,ifvg,2.3913,0.3043,27.5000,3.5000,2024-10-03T10:19:00+00:00,0.2500
2024-10-03T14:09:00+00:00,2024-10-03T14:14:00+00:00,long,-216.480000,ifvg,0.1059,1.1294,2.2500,24.0000,2024-10-03T01:14:00+00:00,1.2500
2024-10-03T16:49:00+00:00,2024-10-03T19:59:00+00:00,short,-178.980000,ifvg,0.6286,1.0,11.0000,17.5000,2024-10-03T15:39:00+00:00,0.2500
2024-10-04T07:19:00+00:00,2024-10-04T08:14:00+00:00,long,-34.950000,ifvg,0.7097,0.3871,5.5000,3.0000,2024-10-04T06:59:00+00:00,0.7500
2024-10-04T08:14:00+00:00,2024-10-04T08:24:00+00:00,short,-248.880000,ifvg,0.2,1.1333,0.7500,4.2500,2024-10-04T07:59:00+00:00,0.2500
2024-10-04T10:54:00+00:00,2024-10-04T11:04:00+00:00,short,-233.880000,ifvg,0.3571,1.0714,1.2500,3.7500,2024-10-04T10:44:00+00:00,0.2500
2024-10-04T16:14:00+00:00,2024-10-04T16:44:00+00:00,short,-78.240000,ifvg,0.1731,0.6442,4.5000,16.7500,2024-10-04T16:04:00+00:00,3.7500
2024-10-04T16:44:00+00:00,2024-10-04T20:09:00+00:00,long,79.260000,ifvg,0.8317,0.7129,21.0000,18.0000,2024-10-04T16:14:00+00:00,2.5000
2024-10-07T06:49:00+00:00,2024-10-07T07:09:00+00:00,long,-31.430000,ifvg,0.2609,0.7826,1.5000,4.5000,2024-10-07T06:34:00+00:00,0.2500
2024-10-07T07:09:00+00:00,2024-10-07T07:39:00+00:00,short,137.2700000,ifvg,2.5946,0.027,24.0000,0.2500,2024-10-07T06:49:00+00:00,0.5000
2024-10-07T09:39:00+00:00,2024-10-07T12:14:00+00:00,long,147.0400000,ifvg,2.55,0.6,12.7500,3.0000,2024-10-07T09:29:00+00:00,0.7500
2024-10-08T01:54:00+00:00,2024-10-08T05:14:00+00:00,long,-122.450000,ifvg,0.3333,0.8182,2.7500,6.7500,2024-10-08T01:24:00+00:00,1.7500
2024-10-08T05:14:00+00:00,2024-10-08T07:14:00+00:00,short,-231.660000,ifvg,0.6842,1.3158,3.2500,6.2500,2024-10-08T04:54:00+00:00,1.2500
2024-10-08T07:14:00+00:00,2024-10-08T07:19:00+00:00,long,-248.880000,ifvg,0.0,1.6667,0,6.2500,2024-10-08T06:29:00+00:00,0.5000
2024-10-09T05:09:00+00:00,2024-10-09T05:14:00+00:00,long,-237.860000,ifvg,0.0,1.0,0,3.0000,2024-10-09T04:54:00+00:00,0.5000
2024-10-09T08:24:00+00:00,2024-10-09T08:44:00+00:00,short,-162.680000,ifvg,0.1667,0.875,1.0000,5.2500,2024-10-09T08:04:00+00:00,0.5000
2024-10-09T08:44:00+00:00,2024-10-09T10:19:00+00:00,long,144.0300000,ifvg,2.6154,0.3077,17.0000,2.0000,2024-10-09T08:24:00+00:00,1.7500
2024-10-10T17:29:00+00:00,2024-10-10T17:54:00+00:00,long,-217.960000,ifvg,0.2857,1.5714,3.0000,16.5000,2024-10-10T17:14:00+00:00,2.2500
2024-10-10T18:04:00+00:00,2024-10-10T20:09:00+00:00,long,28.520000,ifvg,0.5645,0.8226,8.7500,12.7500,2024-10-10T17:54:00+00:00,3.7500
2024-10-10T23:09:00+00:00,2024-10-11T07:19:00+00:00,long,-185.970000,ifvg,0.2292,1.1875,2.7500,14.2500,2024-10-10T22:59:00+00:00,0.5000
2024-10-14T09:09:00+00:00,2024-10-14T13:34:00+00:00,long,133.5200000,ifvg,3.2222,0.25,29.0000,2.2500,2024-10-14T08:59:00+00:00,0.5000
2024-10-15T07:49:00+00:00,2024-10-15T08:19:00+00:00,short,136.9250000,ifvg,2.3333,0.1333,8.7500,0.5000,2024-10-15T07:39:00+00:00,0.2500
2024-10-15T10:29:00+00:00,2024-10-15T10:49:00+00:00,long,152.3200000,ifvg,2.5833,0.0833,7.7500,0.2500,2024-10-15T10:19:00+00:00,0.2500
2024-10-16T07:04:00+00:00,2024-10-16T07:24:00+00:00,short,155.6750000,ifvg,2.0,0.1765,8.5000,0.7500,2024-10-16T06:54:00+00:00,0.7500
2024-10-16T14:44:00+00:00,2024-10-16T15:14:00+00:00,short,-222.450000,ifvg,0.0588,1.2059,0.5000,10.2500,2024-10-16T14:29:00+00:00,3.0000
2024-10-17T11:09:00+00:00,2024-10-17T12:14:00+00:00,short,-241.890000,ifvg,0.25,1.4375,1.0000,5.7500,2024-10-17T10:59:00+00:00,1.0000
2024-10-18T09:24:00+00:00,2024-10-18T09:59:00+00:00,short,152.3200000,ifvg,2.0,0.4167,6.0000,1.2500,2024-10-18T09:14:00+00:00,0.2500
2024-10-18T13:49:00+00:00,2024-10-18T16:54:00+00:00,long,163.5200000,ifvg,2.0909,0.2045,23.0000,2.2500,2024-10-18T13:39:00+00:00,3.7500
2024-10-21T14:34:00+00:00,2024-10-21T14:49:00+00:00,short,129.7700000,ifvg,3.3429,0.1429,29.2500,1.2500,2024-10-21T13:54:00+00:00,1.2500
2024-10-23T09:09:00+00:00,2024-10-23T09:19:00+00:00,long,-254.850000,ifvg,0.1667,1.5833,0.5000,4.7500,2024-10-23T08:54:00+00:00,1.0000
2024-10-23T14:34:00+00:00,2024-10-23T14:54:00+00:00,long,-221.940000,ifvg,0.6071,1.1786,4.2500,8.2500,2024-10-23T14:24:00+00:00,0.7500
2024-10-23T15:44:00+00:00,2024-10-23T16:04:00+00:00,long,-232.400000,ifvg,0.7647,2.0,3.2500,8.5000,2024-10-23T15:34:00+00:00,0.7500
2024-10-24T03:54:00+00:00,2024-10-24T06:14:00+00:00,short,-251.840000,ifvg,1.2727,1.0909,3.5000,3.0000,2024-10-24T03:29:00+00:00,0.7500
2024-10-25T07:14:00+00:00,2024-10-25T09:29:00+00:00,long,133.5200000,ifvg,2.6389,0.25,23.7500,2.2500,2024-10-25T06:44:00+00:00,0.2500
2024-10-25T13:34:00+00:00,2024-10-25T13:39:00+00:00,short,-253.370000,ifvg,0.1429,1.2857,0.5000,4.5000,2024-10-25T13:24:00+00:00,0.2500
2024-10-28T03:14:00+00:00,2024-10-28T08:39:00+00:00,short,-232.680000,ifvg,1.08,1.32,6.7500,8.2500,2024-10-28T02:44:00+00:00,0.2500
2024-10-28T10:14:00+00:00,2024-10-28T11:04:00+00:00,short,146.3000000,ifvg,2.5,0.4375,10.0000,1.7500,2024-10-28T10:04:00+00:00,0.7500
2024-10-28T16:39:00+00:00,2024-10-28T20:09:00+00:00,short,1.530000,ifvg,0.2264,0.7736,3.0000,10.2500,2024-10-28T16:24:00+00:00,0.7500
2024-10-29T00:14:00+00:00,2024-10-29T00:34:00+00:00,short,-97.450000,ifvg,0.0645,0.5484,0.5000,4.2500,2024-10-29T00:04:00+00:00,0.7500
2024-10-29T00:34:00+00:00,2024-10-29T03:29:00+00:00,long,-64.440000,ifvg,0.1852,0.7778,1.2500,5.2500,2024-10-29T00:14:00+00:00,2.5000
2024-10-29T03:29:00+00:00,2024-10-29T03:54:00+00:00,short,164.3100000,ifvg,2.6,0.1333,9.7500,0.5000,2024-10-29T03:14:00+00:00,1.5000
2024-10-29T05:14:00+00:00,2024-10-29T06:34:00+00:00,short,-203.700000,ifvg,0.0645,1.0968,0.5000,8.5000,2024-10-29T04:59:00+00:00,0.2500
2024-10-29T08:34:00+00:00,2024-10-29T10:24:00+00:00,long,-229.440000,ifvg,0.7241,1.069,5.2500,7.7500,2024-10-29T08:24:00+00:00,2.0000
2024-10-29T13:39:00+00:00,2024-10-29T14:04:00+00:00,short,-191.480000,ifvg,0.08,1.16,1.5000,21.7500,2024-10-27T22:09:00+00:00,24.5000
2024-10-29T23:09:00+00:00,2024-10-29T23:19:00+00:00,short,-260.820000,ifvg,0.3,1.2,0.7500,3.0000,2024-10-29T22:59:00+00:00,0.2500
2024-10-30T10:54:00+00:00,2024-10-30T13:39:00+00:00,short,156.0200000,ifvg,2.7381,0.5238,28.7500,5.5000,2024-10-30T06:14:00+00:00,0.7500
2024-10-30T15:34:00+00:00,2024-10-30T19:59:00+00:00,long,-156.990000,ifvg,0.2419,1.0645,7.5000,33.0000,2024-10-30T15:14:00+00:00,0.5000
2024-10-31T14:24:00+00:00,2024-10-31T14:29:00+00:00,long,-212.960000,ifvg,0.0,1.4146,0,14.5000,2024-10-31T14:14:00+00:00,0.2500
2024-11-01T11:54:00+00:00,2024-11-01T12:34:00+00:00,short,141.8100000,ifvg,2.3846,2.2308,7.7500,7.2500,2024-11-01T11:44:00+00:00,0.2500
2024-11-05T01:49:00+00:00,2024-11-05T02:14:00+00:00,long,-232.400000,ifvg,0.5294,1.1176,2.2500,4.7500,2024-11-05T01:29:00+00:00,1.5000
2024-11-05T12:49:00+00:00,2024-11-05T13:34:00+00:00,long,141.8100000,ifvg,2.0,0.2308,6.5000,0.7500,2024-11-05T08:14:00+00:00,1.2500
2024-11-05T20:14:00+00:00,2024-11-05T21:09:00+00:00,long,144.7700000,ifvg,1.7692,0.4103,17.2500,4.0000,2024-11-05T19:59:00+00:00,3.5000
2024-11-06T07:49:00+00:00,2024-11-06T08:14:00+00:00,short,-193.470000,ifvg,0.48,1.06,6.0000,13.2500,2024-11-06T07:39:00+00:00,3.7500
2024-11-06T14:34:00+00:00,2024-11-06T14:49:00+00:00,long,-183.980000,ifvg,0.4583,1.125,8.2500,20.2500,2024-11-06T13:49:00+00:00,0.7500
2024-11-07T13:39:00+00:00,2024-11-07T14:09:00+00:00,short,-232.680000,ifvg,0.56,1.08,3.5000,6.7500,2024-11-07T13:04:00+00:00,1.2500
2024-11-07T18:59:00+00:00,2024-11-07T19:44:00+00:00,long,-203.700000,ifvg,0.8065,1.129,6.2500,8.7500,2024-11-07T18:39:00+00:00,0.5000
2024-11-08T04:39:00+00:00,2024-11-08T05:44:00+00:00,short,-220.410000,ifvg,0.1111,1.4444,0.5000,6.5000,2024-11-08T04:24:00+00:00,0.7500
2024-11-11T15:44:00+00:00,2024-11-11T18:04:00+00:00,long,-170.970000,ifvg,0.7045,1.6591,7.7500,18.2500,2024-11-11T14:49:00+00:00,0.2500
2024-11-12T07:54:00+00:00,2024-11-12T09:14:00+00:00,long,-57.680000,ifvg,1.0,0.5455,5.5000,3.0000,2024-11-12T07:29:00+00:00,1.2500
2024-11-12T09:14:00+00:00,2024-11-12T10:09:00+00:00,short,132.0400000,ifvg,2.7778,0.6111,12.5000,2.7500,2024-11-12T08:59:00+00:00,0.7500
2024-11-12T16:59:00+00:00,2024-11-12T17:59:00+00:00,long,-216.200000,ifvg,0.303,2.3636,2.5000,19.5000,2024-11-12T16:44:00+00:00,2.5000
2024-11-13T12:44:00+00:00,2024-11-13T13:34:00+00:00,short,-214.440000,ifvg,0.4444,3.8148,3.0000,25.7500,2024-11-13T12:29:00+00:00,1.7500
2024-11-14T10:49:00+00:00,2024-11-14T11:54:00+00:00,short,-231.660000,ifvg,0.4737,1.0,2.2500,4.7500,2024-11-14T10:39:00+00:00,0.5000
2024-11-14T13:39:00+00:00,2024-11-14T13:44:00+00:00,short,-223.930000,ifvg,0.0,1.25,0,7.5000,2024-11-14T13:09:00+00:00,0.2500
2024-11-14T15:34:00+00:00,2024-11-14T16:59:00+00:00,long,-216.200000,ifvg,0.697,1.0909,5.7500,9.0000,2024-11-14T15:24:00+00:00,1.2500
2024-11-14T19:09:00+00:00,2024-11-14T20:04:00+00:00,long,-174.720000,ifvg,0.8222,1.2,9.2500,13.5000,2024-11-14T18:59:00+00:00,3.0000
2024-11-14T20:09:00+00:00,2024-11-14T21:09:00+00:00,short,83.520000,ifvg,0.7581,0.7097,11.7500,11.0000,2024-11-14T19:09:00+00:00,4.7500
2024-11-15T05:39:00+00:00,2024-11-15T06:09:00+00:00,short,124.5400000,ifvg,3.1176,0.0,13.2500,0,2024-11-15T05:04:00+00:00,0.2500
2024-11-15T13:14:00+00:00,2024-11-15T13:34:00+00:00,short,139.5400000,ifvg,1.6842,0.9474,8.0000,4.5000,2024-11-15T12:59:00+00:00,0.5000
2024-11-18T08:39:00+00:00,2024-11-18T13:24:00+00:00,short,156.0200000,ifvg,1.7619,0.1905,18.5000,2.0000,2024-11-18T08:29:00+00:00,0.5000
2024-11-18T13:49:00+00:00,2024-11-18T14:39:00+00:00,long,-11.480000,ifvg,0.3333,0.6333,5.0000,9.5000,2024-11-18T13:09:00+00:00,2.7500
2024-11-18T14:39:00+00:00,2024-11-18T15:29:00+00:00,short,-197.960000,ifvg,0.8684,1.2895,8.2500,12.2500,2024-11-18T13:49:00+00:00,3.0000
2024-11-18T18:04:00+00:00,2024-11-18T18:44:00+00:00,long,-167.220000,ifvg,0.186,1.1395,2.0000,12.2500,2024-11-18T17:49:00+00:00,2.2500
2024-11-18T19:04:00+00:00,2024-11-18T19:24:00+00:00,long,-170.970000,ifvg,0.0682,1.1364,0.7500,12.5000,2024-11-18T18:49:00+00:00,4.7500
2024-11-19T00:39:00+00:00,2024-11-19T01:59:00+00:00,short,-215.920000,ifvg,0.25,1.2,1.2500,6.0000,2024-11-19T00:24:00+00:00,1.2500
2024-11-19T23:14:00+00:00,2024-11-20T14:39:00+00:00,long,-153.980000,ifvg,1.0,1.8,15.0000,27.0000,2024-11-19T21:29:00+00:00,0.2500
2024-11-20T16:49:00+00:00,2024-11-20T21:04:00+00:00,long,145.5100000,ifvg,1.5513,0.9487,30.2500,18.5000,2024-11-20T16:34:00+00:00,4.2500
2024-11-21T05:44:00+00:00,2024-11-21T07:04:00+00:00,short,-215.920000,ifvg,0.3,1.45,1.5000,7.2500,2024-11-21T05:24:00+00:00,1.7500
2024-11-21T12:54:00+00:00,2024-11-21T12:59:00+00:00,short,-247.020000,ifvg,0.1429,2.0,0.2500,3.5000,2024-11-15T05:04:00+00:00,0.2500
2024-11-21T14:39:00+00:00,2024-11-21T14:49:00+00:00,short,-178.980000,ifvg,0.2571,1.4143,4.5000,24.7500,2024-11-21T13:24:00+00:00,2.2500
2024-11-21T15:19:00+00:00,2024-11-21T15:24:00+00:00,long,-163.470000,ifvg,0.381,1.6905,4.0000,17.7500,2024-11-21T15:09:00+00:00,0.2500
2024-11-21T19:29:00+00:00,2024-11-21T21:09:00+00:00,long,-43.240000,ifvg,0.1923,0.2846,6.2500,9.2500,2024-11-21T19:14:00+00:00,0.5000
2024-11-22T00:09:00+00:00,2024-11-22T00:49:00+00:00,long,-206.430000,ifvg,0.1818,1.0455,1.0000,5.7500,2024-11-21T23:54:00+00:00,0.7500
2024-11-22T06:09:00+00:00,2024-11-22T09:09:00+00:00,long,-206.430000,ifvg,1.3636,1.1818,7.5000,6.5000,2024-11-22T05:54:00+00:00,0.7500
2024-11-25T12:24:00+00:00,2024-11-25T13:44:00+00:00,long,121.5300000,ifvg,2.8636,0.5,15.7500,2.7500,2024-11-25T12:14:00+00:00,1.0000
2024-11-25T14:34:00+00:00,2024-11-25T14:39:00+00:00,short,-206.430000,ifvg,0.0455,1.1818,0.2500,6.5000,2024-11-25T14:19:00+00:00,2.5000
2024-11-25T14:59:00+00:00,2024-11-25T16:39:00+00:00,short,87.3850000,ifvg,2.5319,0.0426,29.7500,0.5000,2024-11-25T14:19:00+00:00,2.5000
2024-11-25T17:59:00+00:00,2024-11-25T21:09:00+00:00,long,137.2700000,ifvg,1.6486,0.0811,15.2500,0.7500,2024-11-25T17:49:00+00:00,1.5000
2024-11-26T11:34:00+00:00,2024-11-26T11:44:00+00:00,short,-206.940000,ifvg,0.0,1.0385,0,6.7500,2024-11-26T10:59:00+00:00,1.0000
2024-11-26T14:54:00+00:00,2024-11-26T15:04:00+00:00,long,-209.950000,ifvg,0.6875,1.0,5.5000,8.0000,2024-11-26T14:29:00+00:00,2.0000
2024-11-27T11:19:00+00:00,2024-11-27T11:39:00+00:00,short,-65.920000,ifvg,0.45,0.45,2.2500,2.2500,2024-11-27T11:04:00+00:00,1.0000
2024-11-27T11:39:00+00:00,2024-11-27T12:24:00+00:00,long,141.8100000,ifvg,2.8462,0.1538,9.2500,0.5000,2024-11-27T11:29:00+00:00,0.2500
2024-12-02T16:14:00+00:00,2024-12-02T20:19:00+00:00,long,127.1550000,ifvg,1.8696,0.4783,10.7500,2.7500,2024-12-02T16:04:00+00:00,0.2500
2024-12-03T12:19:00+00:00,2024-12-03T12:34:00+00:00,short,-228.140000,ifvg,0.0667,1.0,0.2500,3.7500,2024-12-03T12:04:00+00:00,0.7500
2024-12-03T13:59:00+00:00,2024-12-03T14:04:00+00:00,short,-218.880000,ifvg,0.0,1.0,0,3.2500,2024-12-03T13:49:00+00:00,0.2500
2024-12-03T16:44:00+00:00,2024-12-03T17:49:00+00:00,short,-170.970000,ifvg,0.0,1.1364,0,12.5000,2024-12-03T16:04:00+00:00,0.5000
2024-12-04T18:59:00+00:00,2024-12-04T20:14:00+00:00,long,141.0200000,ifvg,2.0,0.2632,19.0000,2.5000,2024-12-04T18:34:00+00:00,1.5000
2024-12-05T15:19:00+00:00,2024-12-05T15:39:00+00:00,short,121.5300000,ifvg,1.5455,0.1364,8.5000,0.7500,2024-12-05T15:09:00+00:00,0.2500
2024-12-05T18:24:00+00:00,2024-12-05T18:34:00+00:00,short,-220.410000,ifvg,0.2778,1.4444,1.2500,6.5000,2024-12-05T17:54:00+00:00,1.0000
2024-12-06T13:49:00+00:00,2024-12-06T13:54:00+00:00,short,-247.200000,ifvg,0.6,1.4,0.7500,1.7500,2024-12-05T17:14:00+00:00,1.0000
2024-12-09T11:29:00+00:00,2024-12-09T11:34:00+00:00,long,-214.390000,ifvg,0.0714,1.3571,0.2500,4.7500,2024-12-09T11:14:00+00:00,0.5000
2024-12-10T14:39:00+00:00,2024-12-10T14:44:00+00:00,short,-214.390000,ifvg,0.4286,1.2857,1.5000,4.5000,2024-12-10T14:24:00+00:00,0.7500
2024-12-11T13:39:00+00:00,2024-12-11T15:14:00+00:00,long,102.3850000,ifvg,2.5091,0.1273,34.5000,1.7500,2024-12-10T18:49:00+00:00,0.2500
2024-12-12T08:09:00+00:00,2024-12-12T08:44:00+00:00,long,-231.840000,ifvg,0.3333,1.0833,1.0000,3.2500,2024-12-12T07:49:00+00:00,0.5000
2024-12-12T14:19:00+00:00,2024-12-12T15:24:00+00:00,short,-17.220000,ifvg,0.9512,0.6098,9.7500,6.2500,2024-12-12T14:09:00+00:00,0.2500
2024-12-12T15:24:00+00:00,2024-12-12T19:04:00+00:00,long,-206.940000,ifvg,1.4615,1.1538,9.5000,7.5000,2024-12-12T15:14:00+00:00,0.7500
2024-12-13T14:34:00+00:00,2024-12-13T14:39:00+00:00,long,-207.400000,ifvg,0.4,1.0,1.5000,3.7500,2024-12-13T14:24:00+00:00,0.2500
2024-12-16T15:34:00+00:00,2024-12-16T20:54:00+00:00,long,-177.960000,ifvg,0.9706,1.0882,8.2500,9.2500,2024-12-16T15:24:00+00:00,0.7500
2024-12-17T11:39:00+00:00,2024-12-17T13:04:00+00:00,short,124.5400000,ifvg,2.7647,0.3529,11.7500,1.5000,2024-12-17T11:24:00+00:00,2.5000
2024-12-17T17:09:00+00:00,2024-12-17T19:34:00+00:00,short,107.2700000,ifvg,2.4138,0.4828,17.5000,3.5000,2024-12-17T16:39:00+00:00,1.7500
2024-12-18T06:39:00+00:00,2024-12-18T08:04:00+00:00,short,-195.920000,ifvg,0.0,1.2778,0,5.7500,2024-12-18T05:49:00+00:00,1.0000
2024-12-18T12:09:00+00:00,2024-12-18T13:49:00+00:00,long,-191.200000,ifvg,0.2759,1.3448,2.0000,9.7500,2024-12-18T11:59:00+00:00,0.7500
2024-12-18T17:34:00+00:00,2024-12-18T19:04:00+00:00,short,129.7700000,ifvg,2.5429,0.3714,22.2500,3.2500,2024-12-18T17:24:00+00:00,4.0000
2024-12-19T14:14:00+00:00,2024-12-19T15:09:00+00:00,long,-196.480000,ifvg,0.987,1.2597,19.0000,24.2500,2024-12-19T13:59:00+00:00,0.2500
2024-12-19T15:19:00+00:00,2024-12-19T15:24:00+00:00,long,-182.220000,ifvg,0.1702,1.3617,2.0000,16.0000,2024-12-19T15:09:00+00:00,0.5000
2024-12-20T07:24:00+00:00,2024-12-20T08:19:00+00:00,short,107.2700000,ifvg,2.5172,0.2759,18.2500,2.0000,2024-12-20T06:44:00+00:00,0.5000
2024-12-20T08:59:00+00:00,2024-12-20T09:09:00+00:00,long,-185.970000,ifvg,0.0625,1.5,0.7500,18.0000,2024-12-20T08:44:00+00:00,5.0000
2024-12-23T14:49:00+00:00,2024-12-23T16:44:00+00:00,short,-148.980000,ifvg,1.3793,1.4828,20.0000,21.5000,2024-12-23T14:34:00+00:00,1.2500
2024-12-24T11:59:00+00:00,2024-12-24T14:04:00+00:00,long,132.0400000,ifvg,2.8333,0.3889,12.7500,1.7500,2024-12-24T11:49:00+00:00,0.7500
2024-12-24T16:59:00+00:00,2024-12-24T17:04:00+00:00,short,-207.400000,ifvg,0.3333,1.2667,1.2500,4.7500,2024-12-24T16:49:00+00:00,0.5000
2024-12-24T17:39:00+00:00,2024-12-24T17:59:00+00:00,short,-197.960000,ifvg,0.3684,1.4474,3.5000,13.7500,2024-12-24T17:14:00+00:00,0.5000
2024-12-26T11:34:00+00:00,2024-12-26T13:34:00+00:00,long,-209.160000,ifvg,1.0588,1.1176,4.5000,4.7500,2024-12-26T11:19:00+00:00,0.7500
2024-12-26T16:29:00+00:00,2024-12-26T16:34:00+00:00,short,-197.910000,ifvg,0.0625,1.0,0.2500,4.0000,2024-12-26T16:19:00+00:00,1.0000
2024-12-26T17:34:00+00:00,2024-12-26T17:49:00+00:00,short,96.0200000,ifvg,2.5769,0.1154,16.7500,0.7500,2024-12-26T17:19:00+00:00,0.7500
2024-12-27T16:49:00+00:00,2024-12-27T21:09:00+00:00,short,-120.740000,ifvg,0.3982,0.5044,22.5000,28.5000,2024-12-27T16:34:00+00:00,8.0000
2024-12-30T12:04:00+00:00,2024-12-30T12:24:00+00:00,short,118.1750000,ifvg,4.0769,0.4615,13.2500,1.5000,2024-12-30T11:24:00+00:00,0.5000
2024-12-30T16:54:00+00:00,2024-12-30T17:04:00+00:00,short,-182.220000,ifvg,0.0,1.0426,0,12.2500,2024-12-30T16:44:00+00:00,1.7500
2024-12-31T13:54:00+00:00,2024-12-31T14:44:00+00:00,short,129.7700000,ifvg,1.6857,0.7143,14.7500,6.2500,2024-12-31T13:39:00+00:00,1.5000
2024-12-31T14:54:00+00:00,2024-12-31T15:14:00+00:00,long,-159.720000,ifvg,1.3171,1.1707,13.5000,12.0000,2024-12-31T14:44:00+00:00,1.5000
2024-12-31T15:24:00+00:00,2024-12-31T15:34:00+00:00,long,-168.980000,ifvg,0.2121,1.0,3.5000,16.5000,2024-12-31T15:14:00+00:00,3.7500
2024-12-31T18:29:00+00:00,2024-12-31T19:14:00+00:00,short,-75.740000,ifvg,0.1039,0.4221,4.0000,16.2500,2024-12-31T17:59:00+00:00,4.7500
2024-12-31T19:14:00+00:00,2024-12-31T19:24:00+00:00,long,-189.720000,ifvg,0.0612,1.3673,0.7500,16.7500,2024-12-31T19:04:00+00:00,1.2500
2025-01-02T08:09:00+00:00,2025-01-02T08:29:00+00:00,long,-197.450000,ifvg,0.3,2.1,2.2500,15.7500,2025-01-02T07:49:00+00:00,2.0000
2025-01-02T14:54:00+00:00,2025-01-02T15:24:00+00:00,long,-181.480000,ifvg,0.6761,1.507,12.0000,26.7500,2025-01-02T14:44:00+00:00,6.2500
2025-01-03T02:39:00+00:00,2025-01-03T03:09:00+00:00,short,-195.920000,ifvg,0.5556,1.0556,2.5000,4.7500,2025-01-03T02:24:00+00:00,0.7500
2025-01-03T07:24:00+00:00,2025-01-03T08:04:00+00:00,long,104.6550000,ifvg,1.8421,0.2105,8.7500,1.0000,2025-01-03T07:14:00+00:00,1.0000
2025-01-03T14:14:00+00:00,2025-01-03T14:34:00+00:00,long,83.6350000,ifvg,2.4,0.0667,27.0000,0.7500,2025-01-03T13:59:00+00:00,0.5000
2025-01-03T15:09:00+00:00,2025-01-03T21:09:00+00:00,long,126.760000,ifvg,1.0071,0.7857,35.2500,27.5000,2025-01-03T14:54:00+00:00,7.7500
2025-01-06T02:34:00+00:00,2025-01-06T05:34:00+00:00,short,-191.940000,ifvg,0.125,1.0,1.2500,10.0000,2025-01-06T02:19:00+00:00,1.7500
2025-01-06T08:24:00+00:00,2025-01-06T08:49:00+00:00,short,-180.180000,ifvg,0.4211,1.5263,2.0000,7.2500,2025-01-06T08:14:00+00:00,2.0000
2025-01-06T14:24:00+00:00,2025-01-06T14:29:00+00:00,short,-191.200000,ifvg,0.0,1.5172,0,11.0000,2025-01-06T13:54:00+00:00,1.0000
2025-01-07T08:19:00+00:00,2025-01-07T08:44:00+00:00,short,-184.440000,ifvg,0.3913,1.5217,2.2500,8.7500,2025-01-07T07:54:00+00:00,0.2500
2025-01-07T11:39:00+00:00,2025-01-07T12:14:00+00:00,short,-194.900000,ifvg,0.7143,1.1429,2.5000,4.0000,2025-01-07T11:29:00+00:00,1.0000
2025-01-07T14:44:00+00:00,2025-01-07T15:04:00+00:00,short,78.0100000,ifvg,3.0952,0.4286,32.5000,4.5000,2025-01-07T14:04:00+00:00,1.0000
2025-01-08T17:09:00+00:00,2025-01-08T17:29:00+00:00,short,98.6350000,ifvg,2.1698,0.0943,28.7500,1.2500,2025-01-08T16:44:00+00:00,4.5000
2025-01-08T17:49:00+00:00,2025-01-08T18:04:00+00:00,long,104.2600000,ifvg,2.5357,0.0536,35.5000,0.7500,2025-01-08T17:34:00+00:00,2.7500
2025-01-08T19:39:00+00:00,2025-01-08T21:09:00+00:00,short,-91.480000,ifvg,0.6,0.9091,8.2500,12.5000,2025-01-08T19:29:00+00:00,1.2500
2025-01-09T11:24:00+00:00,2025-01-09T11:44:00+00:00,long,-197.910000,ifvg,0.625,1.6875,2.5000,6.7500,2025-01-09T11:14:00+00:00,0.5000
2025-01-10T01:04:00+00:00,2025-01-10T08:19:00+00:00,short,-114.490000,ifvg,0.0667,1.0111,1.5000,22.7500,2025-01-10T00:54:00+00:00,1.0000
2025-01-12T23:54:00+00:00,2025-01-13T01:49:00+00:00,short,83.6350000,ifvg,2.5778,0.7556,29.0000,8.5000,2025-01-12T23:39:00+00:00,2.2500
2025-01-13T12:24:00+00:00,2025-01-13T14:34:00+00:00,long,-152.220000,ifvg,1.0,1.1026,9.7500,10.7500,2025-01-13T12:09:00+00:00,1.5000
2025-01-13T14:39:00+00:00,2025-01-13T14:54:00+00:00,long,78.0100000,ifvg,2.7619,0.4048,29.0000,4.2500,2025-01-13T14:29:00+00:00,0.5000
2025-01-13T17:14:00+00:00,2025-01-13T18:34:00+00:00,long,119.2600000,ifvg,2.6094,0.125,41.7500,2.0000,2025-01-13T17:04:00+00:00,1.0000
2025-01-14T01:09:00+00:00,2025-01-14T04:29:00+00:00,short,9.030000,ifvg,0.6304,0.1087,7.2500,1.2500,2025-01-14T00:59:00+00:00,0.7500
2025-01-14T04:29:00+00:00,2025-01-14T08:04:00+00:00,long,96.0200000,ifvg,2.6154,0.2308,17.0000,1.5000,2025-01-14T04:04:00+00:00,0.7500
2025-01-14T13:39:00+00:00,2025-01-14T14:54:00+00:00,long,-143.980000,ifvg,0.4286,1.5536,6.0000,21.7500,2025-01-14T13:09:00+00:00,0.7500
2025-01-16T11:54:00+00:00,2025-01-16T12:09:00+00:00,long,-122.220000,ifvg,0.1282,0.8462,1.2500,8.2500,2025-01-16T11:44:00+00:00,0.2500
2025-01-16T12:09:00+00:00,2025-01-16T12:54:00+00:00,short,110.2800000,ifvg,2.5,0.45,12.5000,2.2500,2025-01-16T11:59:00+00:00,0.5000
2025-01-17T03:39:00+00:00,2025-01-17T04:19:00+00:00,long,118.1750000,ifvg,2.3846,0.3077,7.7500,1.0000,2025-01-17T03:19:00+00:00,1.2500
2025-01-20T01:24:00+00:00,2025-01-20T07:44:00+00:00,short,-189.720000,ifvg,0.102,1.0204,1.2500,12.5000,2025-01-20T01:09:00+00:00,1.0000
2025-01-20T12:39:00+00:00,2025-01-20T13:29:00+00:00,long,-205.920000,ifvg,0.3684,1.0,1.7500,4.7500,2025-01-20T12:29:00+00:00,0.7500
2025-01-20T13:39:00+00:00,2025-01-20T14:29:00+00:00,long,111.7600000,ifvg,2.5167,0.2667,37.7500,4.0000,2025-01-20T12:24:00+00:00,1.2500
2025-01-21T06:44:00+00:00,2025-01-21T07:34:00+00:00,short,-197.450000,ifvg,0.1333,1.1,1.0000,8.2500,2025-01-21T06:19:00+00:00,0.2500
2025-01-21T14:44:00+00:00,2025-01-21T14:49:00+00:00,short,-182.960000,ifvg,0.0286,1.5143,0.2500,13.2500,2025-01-21T14:34:00+00:00,0.2500
2025-01-22T19:04:00+00:00,2025-01-22T21:09:00+00:00,short,165.050000,ifvg,1.2333,0.8,9.2500,6.0000,2025-01-22T18:49:00+00:00,2.2500
2025-01-23T01:24:00+00:00,2025-01-23T07:44:00+00:00,short,139.5400000,ifvg,2.6842,0.3684,12.7500,1.7500,2025-01-23T01:09:00+00:00,0.5000
2025-01-23T12:34:00+00:00,2025-01-23T13:14:00+00:00,long,-86.940000,ifvg,0.4783,0.4783,2.7500,2.7500,2025-01-23T12:14:00+00:00,0.7500
2025-01-23T13:14:00+00:00,2025-01-23T13:29:00+00:00,short,-214.390000,ifvg,0.1429,1.0714,0.5000,3.7500,2025-01-23T12:59:00+00:00,0.5000
2025-01-24T03:19:00+00:00,2025-01-24T03:44:00+00:00,short,136.9250000,ifvg,2.2,0.1333,8.2500,0.5000,2025-01-24T02:39:00+00:00,0.5000
2025-01-24T09:09:00+00:00,2025-01-24T10:19:00+00:00,long,-207.400000,ifvg,0.6,1.3333,2.2500,5.0000,2025-01-24T08:59:00+00:00,0.2500
2025-01-24T20:04:00+00:00,2025-01-24T21:09:00+00:00,short,3.010000,ifvg,0.4368,0.1609,9.5000,3.5000,2025-01-24T19:54:00+00:00,0.5000
2025-01-27T19:54:00+00:00,2025-01-27T20:59:00+00:00,short,-193.980000,ifvg,0.2368,1.5132,4.5000,28.7500,2025-01-27T19:24:00+00:00,2.7500
2025-01-28T07:24:00+00:00,2025-01-28T08:54:00+00:00,long,114.7700000,ifvg,2.6774,0.6452,20.7500,5.0000,2025-01-28T06:44:00+00:00,2.5000
2025-01-28T15:09:00+00:00,2025-01-28T21:09:00+00:00,long,206.760000,ifvg,2.4222,0.0333,54.5000,0.7500,2025-01-28T14:44:00+00:00,0.5000
2025-01-29T09:19:00+00:00,2025-01-29T13:09:00+00:00,long,-167.960000,ifvg,0.75,1.5312,6.0000,12.2500,2025-01-29T09:09:00+00:00,1.0000
2025-01-29T14:49:00+00:00,2025-01-29T21:09:00+00:00,short,89.260000,ifvg,1.43,0.53,35.7500,13.2500,2025-01-28T17:09:00+00:00,1.0000
2025-01-30T09:09:00+00:00,2025-01-30T09:39:00+00:00,short,126.0700000,ifvg,3.1,0.8,7.7500,2.0000,2025-01-30T08:59:00+00:00,0.2500
2025-01-30T10:39:00+00:00,2025-01-30T11:59:00+00:00,long,-206.430000,ifvg,0.5455,1.0455,3.0000,5.7500,2025-01-30T10:24:00+00:00,1.7500
2025-01-30T12:44:00+00:00,2025-01-30T14:39:00+00:00,long,114.7700000,ifvg,3.3226,0.4516,25.7500,3.5000,2025-01-30T12:24:00+00:00,3.5000
2025-01-31T09:09:00+00:00,2025-01-31T14:14:00+00:00,long,-195.920000,ifvg,1.3333,1.3889,6.0000,6.2500,2025-01-31T08:59:00+00:00,0.2500
2025-02-03T15:29:00+00:00,2025-02-03T15:44:00+00:00,long,133.5200000,ifvg,2.5,0.8056,22.5000,7.2500,2025-02-03T15:19:00+00:00,0.5000
2025-02-05T08:44:00+00:00,2025-02-05T09:09:00+00:00,short,-197.450000,ifvg,0.0667,1.3,0.5000,9.7500,2025-02-05T08:29:00+00:00,2.7500
2025-02-05T10:14:00+00:00,2025-02-05T12:19:00+00:00,long,228.060000,ifvg,1.4231,0.1538,9.2500,1.0000,2025-02-05T09:49:00+00:00,1.0000
2025-02-05T12:19:00+00:00,2025-02-05T12:49:00+00:00,short,-207.400000,ifvg,0.6,1.0,2.2500,3.7500,2025-02-05T11:49:00+00:00,0.2500
2025-02-05T16:34:00+00:00,2025-02-05T21:09:00+00:00,long,131.760000,ifvg,1.2421,0.0421,29.5000,1.0000,2025-02-05T16:24:00+00:00,3.2500
2025-02-06T07:24:00+00:00,2025-02-06T08:44:00+00:00,short,-195.920000,ifvg,1.3889,1.1667,6.2500,5.2500,2025-02-06T07:09:00+00:00,2.2500
2025-02-06T13:49:00+00:00,2025-02-06T14:19:00+00:00,short,-178.700000,ifvg,0.2593,1.1111,1.7500,7.5000,2025-02-06T12:59:00+00:00,0.5000
2025-02-06T15:14:00+00:00,2025-02-06T15:29:00+00:00,long,-197.450000,ifvg,0.2667,1.2333,2.0000,9.2500,2025-02-06T15:04:00+00:00,1.2500
2025-02-07T08:14:00+00:00,2025-02-07T08:29:00+00:00,long,-69.720000,ifvg,0.0455,0.5909,0.5000,6.5000,2025-02-07T03:49:00+00:00,0.5000
2025-02-07T08:29:00+00:00,2025-02-07T09:44:00+00:00,short,-197.910000,ifvg,0.625,1.375,2.5000,5.5000,2025-02-07T08:14:00+00:00,0.7500
2025-02-07T11:49:00+00:00,2025-02-07T13:24:00+00:00,long,-191.200000,ifvg,0.3103,1.069,2.2500,7.7500,2025-02-07T10:39:00+00:00,1.0000
2025-02-10T07:54:00+00:00,2025-02-10T09:04:00+00:00,long,119.3100000,ifvg,2.5455,0.9091,7.0000,2.5000,2025-02-10T07:44:00+00:00,0.2500
2025-02-10T14:14:00+00:00,2025-02-10T14:34:00+00:00,short,127.5500000,ifvg,2.0,0.5,7.0000,1.7500,2025-02-10T14:04:00+00:00,0.5000
2025-02-10T15:09:00+00:00,2025-02-10T17:14:00+00:00,long,-185.970000,ifvg,0.625,1.2292,7.5000,14.7500,2025-02-10T14:39:00+00:00,1.7500
2025-02-11T08:24:00+00:00,2025-02-11T12:09:00+00:00,long,-37.960000,ifvg,0.6176,0.7941,5.2500,6.7500,2025-02-11T08:04:00+00:00,3.0000
2025-02-11T12:09:00+00:00,2025-02-11T12:54:00+00:00,short,-195.920000,ifvg,0.6111,1.2222,2.7500,5.5000,2025-02-11T11:54:00+00:00,0.2500
2025-02-11T23:14:00+00:00,2025-02-11T23:39:00+00:00,short,-92.960000,ifvg,0.2703,0.6757,2.5000,6.2500,2025-02-11T23:04:00+00:00,0.2500
2025-02-11T23:39:00+00:00,2025-02-12T03:49:00+00:00,long,-176.940000,ifvg,0.5909,1.0,3.2500,5.5000,2025-02-11T23:14:00+00:00,1.5000
2025-02-12T11:14:00+00:00,2025-02-12T12:59:00+00:00,short,-172.960000,ifvg,0.303,1.0,2.5000,8.2500,2025-02-12T11:04:00+00:00,2.2500
2025-02-12T13:39:00+00:00,2025-02-12T13:49:00+00:00,short,-148.470000,ifvg,0.2368,1.0,2.2500,9.5000,2025-02-12T12:49:00+00:00,0.5000
2025-02-13T06:49:00+00:00,2025-02-13T07:54:00+00:00,short,132.0400000,ifvg,3.0,0.1667,13.5000,0.7500,2025-02-13T06:39:00+00:00,0.5000
2025-02-13T09:24:00+00:00,2025-02-13T14:34:00+00:00,long,100.5100000,ifvg,2.6111,0.3148,35.2500,4.2500,2025-02-13T08:29:00+00:00,2.5000
2025-02-18T02:24:00+00:00,2025-02-18T06:39:00+00:00,long,104.6550000,ifvg,2.5263,0.2632,12.0000,1.2500,2025-02-18T02:14:00+00:00,0.5000
2025-02-18T17:04:00+00:00,2025-02-18T19:09:00+00:00,short,103.5200000,ifvg,2.6071,0.6786,18.2500,4.7500,2025-02-18T16:54:00+00:00,2.5000
2025-02-19T13:04:00+00:00,2025-02-19T13:19:00+00:00,short,127.5500000,ifvg,3.0714,0.2857,10.7500,1.0000,2025-02-19T12:54:00+00:00,0.7500
2025-02-19T18:24:00+00:00,2025-02-19T21:09:00+00:00,long,53.520000,ifvg,1.0145,0.0725,17.5000,1.2500,2025-02-19T18:14:00+00:00,2.7500
2025-02-20T00:44:00+00:00,2025-02-20T01:24:00+00:00,long,-214.390000,ifvg,0.9286,1.2857,3.2500,4.5000,2025-02-20T00:24:00+00:00,0.2500
2025-02-24T05:54:00+00:00,2025-02-24T06:24:00+00:00,short,-220.360000,ifvg,0.0909,1.0,0.2500,2.7500,2025-02-24T05:44:00+00:00,0.2500
2025-02-24T19:09:00+00:00,2025-02-24T20:44:00+00:00,long,-99.490000,ifvg,0.0,1.1795,0,23.0000,2025-02-24T18:54:00+00:00,0.7500
2025-02-25T00:09:00+00:00,2025-02-25T06:29:00+00:00,long,57.040000,ifvg,1.4194,0.129,11.0000,1.0000,2025-02-24T23:54:00+00:00,1.7500
2025-02-25T06:29:00+00:00,2025-02-25T07:04:00+00:00,short,117.0400000,ifvg,4.25,0.3125,17.0000,1.2500,2025-02-25T06:14:00+00:00,0.5000
2025-02-25T10:09:00+00:00,2025-02-25T10:59:00+00:00,long,-178.700000,ifvg,0.4074,1.2222,2.7500,8.2500,2025-02-25T09:59:00+00:00,1.7500
2025-02-26T02:24:00+00:00,2025-02-26T06:04:00+00:00,long,107.2700000,ifvg,2.5517,0.1034,18.5000,0.7500,2025-02-26T01:39:00+00:00,1.5000
2025-02-26T13:49:00+00:00,2025-02-26T14:29:00+00:00,short,132.7800000,ifvg,2.7083,0.4167,16.2500,2.5000,2025-02-26T13:29:00+00:00,0.7500
2025-02-26T14:54:00+00:00,2025-02-26T17:59:00+00:00,long,-103.240000,ifvg,0.9012,1.3333,18.2500,27.0000,2025-02-26T13:54:00+00:00,2.7500
2025-02-27T14:49:00+00:00,2025-02-27T15:19:00+00:00,short,45.510000,ifvg,1.9238,0.0857,50.5000,2.2500,2025-02-27T14:09:00+00:00,0.7500
2025-02-27T15:19:00+00:00,2025-02-27T19:29:00+00:00,long,-166.990000,ifvg,0.5758,1.2045,19.0000,39.7500,2025-02-27T15:04:00+00:00,12.5000
2025-02-28T01:34:00+00:00,2025-02-28T01:44:00+00:00,short,-202.960000,ifvg,0.0256,1.1026,0.2500,10.7500,2025-02-28T01:19:00+00:00,1.2500
2025-02-28T18:34:00+00:00,2025-02-28T18:59:00+00:00,long,-193.470000,ifvg,0.94,1.44,11.7500,18.0000,2025-02-28T18:24:00+00:00,2.7500
2025-03-03T07:09:00+00:00,2025-03-03T08:24:00+00:00,short,138.4050000,ifvg,2.92,0.72,18.2500,4.5000,2025-03-03T06:54:00+00:00,0.5000
2025-03-03T14:44:00+00:00,2025-03-03T16:54:00+00:00,short,93.010000,ifvg,1.8242,0.3736,41.5000,8.5000,2025-03-03T10:44:00+00:00,1.7500
2025-03-03T16:54:00+00:00,2025-03-03T17:59:00+00:00,long,-158.980000,ifvg,0.7903,1.0323,12.2500,16.0000,2025-03-03T16:44:00+00:00,3.2500
2025-03-03T20:09:00+00:00,2025-03-03T21:09:00+00:00,short,-49.490000,ifvg,0.4408,0.145,37.2500,12.2500,2025-02-28T19:39:00+00:00,1.2500
2025-03-04T04:44:00+00:00,2025-03-04T05:04:00+00:00,short,132.0400000,ifvg,2.4444,2.5,11.0000,11.2500,2025-03-04T04:29:00+00:00,1.5000
2025-03-04T05:19:00+00:00,2025-03-04T06:24:00+00:00,short,-103.470000,ifvg,0.3725,0.5294,4.7500,6.7500,2025-03-04T05:09:00+00:00,3.2500
2025-03-04T06:24:00+00:00,2025-03-04T06:39:00+00:00,long,-76.480000,ifvg,0.0588,0.5735,1.0000,9.7500,2025-03-04T06:14:00+00:00,2.7500
2025-03-04T06:39:00+00:00,2025-03-04T08:04:00+00:00,short,133.5200000,ifvg,1.8333,0.8889,16.5000,8.0000,2025-03-04T06:29:00+00:00,2.2500
2025-03-05T02:44:00+00:00,2025-03-05T03:04:00+00:00,long,-182.960000,ifvg,0.4857,1.1143,4.2500,9.7500,2025-03-05T02:34:00+00:00,0.7500
2025-03-05T15:24:00+00:00,2025-03-05T17:29:00+00:00,short,-135.740000,ifvg,1.1028,1.0561,29.5000,28.2500,2025-03-05T15:09:00+00:00,8.2500
2025-03-05T18:14:00+00:00,2025-03-05T18:59:00+00:00,short,-105.740000,ifvg,0.6867,1.0843,14.2500,22.5000,2025-03-05T17:59:00+00:00,7.5000
2025-03-06T13:39:00+00:00,2025-03-06T14:29:00+00:00,long,-166.480000,ifvg,0.0462,1.0308,0.7500,16.7500,2025-03-06T13:09:00+00:00,1.7500
2025-03-06T15:59:00+00:00,2025-03-06T16:44:00+00:00,short,115.5100000,ifvg,2.7903,0.9677,43.2500,15.0000,2025-03-06T15:44:00+00:00,5.7500
2025-03-06T20:04:00+00:00,2025-03-06T21:09:00+00:00,short,-75.740000,ifvg,0.3153,0.7748,8.7500,21.5000,2025-03-06T19:54:00+00:00,12.5000
2025-03-07T05:09:00+00:00,2025-03-07T07:54:00+00:00,short,-17.960000,ifvg,1.1471,0.5588,9.7500,4.7500,2025-03-07T04:44:00+00:00,0.5000
2025-03-07T07:54:00+00:00,2025-03-07T10:14:00+00:00,long,57.040000,ifvg,1.4167,0.75,12.7500,6.7500,2025-03-07T07:44:00+00:00,1.5000
2025-03-07T10:14:00+00:00,2025-03-07T12:44:00+00:00,short,81.7600000,ifvg,2.5909,2.0909,28.5000,23.0000,2025-03-07T09:09:00+00:00,4.0000
2025-03-07T15:04:00+00:00,2025-03-07T15:39:00+00:00,short,277.3850000,ifvg,2.6742,0.1798,59.5000,4.0000,2025-03-07T14:54:00+00:00,1.2500
2025-03-10T06:09:00+00:00,2025-03-10T07:29:00+00:00,long,-131.940000,ifvg,0.92,0.96,5.7500,6.0000,2025-03-10T05:54:00+00:00,2.7500
2025-03-10T07:29:00+00:00,2025-03-10T08:19:00+00:00,short,83.6350000,ifvg,2.6667,0.6,30.0000,6.7500,2025-03-10T06:09:00+00:00,3.2500
2025-03-10T15:49:00+00:00,2025-03-10T20:09:00+00:00,short,203.010000,ifvg,2.1724,0.0345,94.5000,1.5000,2025-03-10T15:39:00+00:00,0.7500
2025-03-11T05:44:00+00:00,2025-03-11T06:24:00+00:00,short,-203.700000,ifvg,0.3871,1.3226,3.0000,10.2500,2025-03-11T05:19:00+00:00,0.7500
2025-03-12T03:44:00+00:00,2025-03-12T06:49:00+00:00,long,-191.940000,ifvg,1.2083,1.0417,7.2500,6.2500,2025-03-12T03:24:00+00:00,2.2500
2025-03-13T07:14:00+00:00,2025-03-13T09:19:00+00:00,short,-178.470000,ifvg,1.3913,1.2826,16.0000,14.7500,2025-03-13T06:54:00+00:00,6.0000
2025-03-14T02:04:00+00:00,2025-03-14T02:54:00+00:00,short,-178.700000,ifvg,0.037,1.1111,0.2500,7.5000,2025-03-14T01:49:00+00:00,1.2500
2025-03-14T05:29:00+00:00,2025-03-14T06:04:00+00:00,short,127.5500000,ifvg,2.7857,0.2143,9.7500,0.7500,2025-03-14T05:19:00+00:00,0.7500
2025-03-14T13:44:00+00:00,2025-03-14T14:04:00+00:00,long,-171.480000,ifvg,0.8657,1.7463,14.5000,29.2500,2025-03-14T13:19:00+00:00,2.5000
2025-03-14T18:39:00+00:00,2025-03-14T20:09:00+00:00,long,-65.970000,ifvg,1.3061,0.7755,16.0000,9.5000,2025-03-14T18:19:00+00:00,1.7500
2025-03-16T22:14:00+00:00,2025-03-17T02:24:00+00:00,short,15.510000,ifvg,0.4701,0.0513,13.7500,1.5000,2025-03-14T18:39:00+00:00,3.0000
2025-03-17T04:44:00+00:00,2025-03-17T06:19:00+00:00,long,-207.400000,ifvg,0.4,1.4,1.5000,5.2500,2025-03-17T04:34:00+00:00,1.0000
2025-03-17T08:39:00+00:00,2025-03-17T09:09:00+00:00,short,-197.680000,ifvg,0.1905,1.1905,1.0000,6.2500,2025-03-17T08:29:00+00:00,1.0000
2025-03-17T13:39:00+00:00,2025-03-17T13:44:00+00:00,long,130.5100000,ifvg,0.3474,1.1684,8.2500,27.7500,2025-03-17T13:24:00+00:00,1.7500
2025-03-18T07:19:00+00:00,2025-03-18T07:29:00+00:00,short,-195.920000,ifvg,0.1667,1.0,0.7500,4.5000,2025-03-18T06:49:00+00:00,0.2500
2025-03-18T16:49:00+00:00,2025-03-18T17:39:00+00:00,short,-133.980000,ifvg,0.6154,1.1538,8.0000,15.0000,2025-03-18T16:34:00+00:00,3.0000
2025-03-19T07:24:00+00:00,2025-03-19T07:39:00+00:00,long,-178.700000,ifvg,0.4444,1.1852,3.0000,8.0000,2025-03-19T07:14:00+00:00,1.2500
2025-03-19T17:44:00+00:00,2025-03-19T17:49:00+00:00,long,-172.960000,ifvg,0.1212,1.1818,1.0000,9.7500,2025-03-19T17:34:00+00:00,1.5000
2025-03-20T04:44:00+00:00,2025-03-20T06:04:00+00:00,short,-185.920000,ifvg,0.0,1.0,0,4.2500,2025-03-20T04:29:00+00:00,0.5000
2025-03-20T07:24:00+00:00,2025-03-20T08:09:00+00:00,short,7.040000,ifvg,0.5667,0.2333,4.2500,1.7500,2025-03-20T07:09:00+00:00,0.2500
2025-03-20T08:09:00+00:00,2025-03-20T09:19:00+00:00,long,-195.920000,ifvg,1.2222,1.2778,5.5000,5.7500,2025-03-20T07:39:00+00:00,1.0000
2025-03-21T05:59:00+00:00,2025-03-21T06:54:00+00:00,long,115.9050000,ifvg,2.1905,0.2857,11.5000,1.5000,2025-03-21T05:49:00+00:00,1.0000
2025-03-21T12:09:00+00:00,2025-03-21T12:34:00+00:00,long,-144.720000,ifvg,0.5135,1.027,4.7500,9.5000,2025-03-21T11:59:00+00:00,0.7500
2025-03-24T09:39:00+00:00,2025-03-24T09:54:00+00:00,short,-69.720000,ifvg,0.0,0.5476,0,5.7500,2025-03-24T08:14:00+00:00,2.5000
2025-03-24T09:54:00+00:00,2025-03-24T11:49:00+00:00,long,133.5200000,ifvg,2.6389,0.3333,23.7500,3.0000,2025-03-24T09:39:00+00:00,1.7500
2025-03-24T18:44:00+00:00,2025-03-24T19:49:00+00:00,long,126.0200000,ifvg,2.0588,0.9412,17.5000,8.0000,2025-03-24T18:09:00+00:00,1.0000
2025-03-26T08:04:00+00:00,2025-03-26T11:39:00+00:00,short,-191.940000,ifvg,1.4583,1.125,8.7500,6.7500,2025-03-26T07:24:00+00:00,1.7500
2025-03-27T04:19:00+00:00,2025-03-27T05:39:00+00:00,short,-194.900000,ifvg,0.2143,1.6429,0.7500,5.7500,2025-03-27T04:09:00+00:00,0.5000
2025-03-27T05:54:00+00:00,2025-03-27T06:19:00+00:00,short,-186.660000,ifvg,0.6667,1.2667,2.5000,4.7500,2025-03-27T05:44:00+00:00,1.2500
2025-03-27T08:24:00+00:00,2025-03-27T10:09:00+00:00,long,74.2600000,ifvg,1.5,0.425,15.0000,4.2500,2025-03-27T08:14:00+00:00,3.7500
2025-03-27T13:54:00+00:00,2025-03-27T14:29:00+00:00,long,83.6350000,ifvg,2.5556,0.2667,28.7500,3.0000,2025-03-27T13:44:00+00:00,2.5000
2025-03-27T19:04:00+00:00,2025-03-27T19:19:00+00:00,short,-182.220000,ifvg,0.383,1.1702,4.5000,13.7500,2025-03-27T18:44:00+00:00,1.2500
2025-03-28T06:09:00+00:00,2025-03-28T06:49:00+00:00,long,-180.180000,ifvg,0.4211,1.2632,2.0000,6.0000,2025-03-28T05:29:00+00:00,0.5000
2025-03-28T06:54:00+00:00,2025-03-28T07:34:00+00:00,short,127.1550000,ifvg,2.5217,0.0435,14.5000,0.2500,2025-03-28T06:09:00+00:00,1.2500
2025-03-28T10:59:00+00:00,2025-03-28T11:14:00+00:00,short,124.5400000,ifvg,1.5294,0.4706,6.5000,2.0000,2025-03-28T10:44:00+00:00,0.5000
2025-03-28T13:14:00+00:00,2025-03-28T13:29:00+00:00,long,-178.700000,ifvg,0.7407,1.3704,5.0000,9.2500,2025-03-28T13:04:00+00:00,2.5000
2025-03-31T02:19:00+00:00,2025-03-31T03:09:00+00:00,long,-174.720000,ifvg,0.0,1.0222,0,11.5000,2025-03-31T02:09:00+00:00,2.7500
2025-03-31T08:29:00+00:00,2025-03-31T09:04:00+00:00,short,96.0200000,ifvg,2.7692,0.4231,18.0000,2.7500,2025-03-31T08:19:00+00:00,1.2500
2025-03-31T16:34:00+00:00,2025-03-31T17:04:00+00:00,long,-25.740000,ifvg,0.0256,0.2769,1.2500,13.5000,2025-03-28T20:59:00+00:00,2.0000
2025-03-31T17:04:00+00:00,2025-03-31T17:14:00+00:00,short,-133.980000,ifvg,0.1538,1.0192,2.0000,13.2500,2025-03-31T16:34:00+00:00,2.7500
2025-03-31T17:24:00+00:00,2025-03-31T18:04:00+00:00,short,-133.980000,ifvg,0.4615,1.1154,6.0000,14.5000,2025-03-31T17:14:00+00:00,5.7500
2025-03-31T18:09:00+00:00,2025-03-31T20:09:00+00:00,long,73.010000,ifvg,1.6273,0.1909,44.7500,5.2500,2025-03-31T17:24:00+00:00,9.5000
2025-04-01T10:14:00+00:00,2025-04-01T10:54:00+00:00,short,13.010000,ifvg,0.9268,0.1829,19.0000,3.7500,2025-04-01T08:34:00+00:00,0.5000
2025-04-01T10:54:00+00:00,2025-04-01T11:34:00+00:00,long,-173.980000,ifvg,0.0882,1.0735,1.5000,18.2500,2025-04-01T10:34:00+00:00,3.0000
2025-04-02T06:14:00+00:00,2025-04-02T07:29:00+00:00,long,-169.440000,ifvg,1.4286,1.0,7.5000,5.2500,2025-04-02T06:04:00+00:00,1.7500
2025-04-02T13:44:00+00:00,2025-04-02T16:49:00+00:00,long,299.2600000,ifvg,2.9375,0.2188,70.5000,5.2500,2025-04-02T12:09:00+00:00,2.0000
2025-04-03T04:34:00+00:00,2025-04-03T05:34:00+00:00,short,76.1350000,ifvg,2.7317,0.3659,28.0000,3.7500,2025-04-03T04:09:00+00:00,2.7500
2025-04-04T02:14:00+00:00,2025-04-04T02:24:00+00:00,long,-176.940000,ifvg,0.1364,1.0,0.7500,5.5000,2025-04-04T01:59:00+00:00,0.7500
2025-04-04T18:54:00+00:00,2025-04-04T19:59:00+00:00,long,-125.740000,ifvg,2.2828,1.3434,56.5000,33.2500,2025-04-04T18:44:00+00:00,5.2500
2025-04-07T12:34:00+00:00,2025-04-07T13:29:00+00:00,long,-291.990000,ifvg,0.3233,1.2112,18.7500,70.2500,2025-04-07T12:14:00+00:00,9.2500
2025-04-07T13:59:00+00:00,2025-04-07T14:19:00+00:00,long,1161.7600000,ifvg,2.9973,0.2581,278.7500,24.0000,2025-04-07T13:34:00+00:00,15.5000
2025-04-08T08:29:00+00:00,2025-04-08T11:19:00+00:00,short,-164.490000,ifvg,0.1615,1.0077,5.2500,32.7500,2025-04-08T06:44:00+00:00,1.7500
2025-04-09T00:49:00+00:00,2025-04-09T01:49:00+00:00,long,139.8850000,ifvg,3.1333,0.9333,58.7500,17.5000,2025-04-09T00:14:00+00:00,1.2500
2025-04-09T11:09:00+00:00,2025-04-09T13:04:00+00:00,short,-293.240000,ifvg,0.5708,1.0472,33.2500,61.0000,2025-04-09T10:49:00+00:00,5.0000
2025-04-09T14:14:00+00:00,2025-04-09T16:59:00+00:00,short,-258.240000,ifvg,0.8293,1.0585,42.5000,54.2500,2025-04-09T13:59:00+00:00,4.2500
2025-04-09T17:29:00+00:00,2025-04-09T20:09:00+00:00,long,1064.260000,ifvg,0.8386,0.0351,227.2500,9.5000,2025-04-08T15:04:00+00:00,3.2500
2025-04-10T17:34:00+00:00,2025-04-10T20:09:00+00:00,long,349.260000,ifvg,1.3826,0.1254,107.5000,9.7500,2025-04-10T17:19:00+00:00,13.2500
2025-04-11T05:19:00+00:00,2025-04-11T08:34:00+00:00,long,-194.490000,ifvg,1.7143,1.0519,66.0000,40.5000,2025-04-11T05:09:00+00:00,0.2500
2025-04-11T14:39:00+00:00,2025-04-11T16:49:00+00:00,long,421.1350000,ifvg,2.5704,0.9926,86.7500,33.5000,2025-04-11T14:29:00+00:00,7.7500
2025-04-15T09:44:00+00:00,2025-04-15T10:09:00+00:00,short,-159.720000,ifvg,0.1707,1.0244,1.7500,10.5000,2025-04-15T09:34:00+00:00,1.0000
2025-04-15T11:54:00+00:00,2025-04-15T13:34:00+00:00,short,-140.740000,ifvg,0.5405,1.1802,15.0000,32.7500,2025-04-15T06:14:00+00:00,0.5000
2025-04-15T14:24:00+00:00,2025-04-15T15:24:00+00:00,short,-128.240000,ifvg,0.297,1.0198,7.5000,25.7500,2025-04-15T13:44:00+00:00,3.5000
2025-04-16T03:34:00+00:00,2025-04-16T05:04:00+00:00,short,103.5200000,ifvg,3.6071,0.25,25.2500,1.7500,2025-04-16T03:19:00+00:00,0.7500
2025-04-16T11:59:00+00:00,2025-04-16T13:54:00+00:00,short,138.0100000,ifvg,2.2297,0.3919,41.2500,7.2500,2025-04-16T11:49:00+00:00,2.5000
2025-04-17T11:34:00+00:00,2025-04-17T12:04:00+00:00,long,126.0200000,ifvg,3.2941,0.9412,28.0000,8.0000,2025-04-17T11:19:00+00:00,1.2500
2025-04-17T14:49:00+00:00,2025-04-17T15:09:00+00:00,long,98.6350000,ifvg,1.7547,0.5849,23.2500,7.7500,2025-04-17T14:39:00+00:00,0.2500
2025-04-21T08:09:00+00:00,2025-04-21T10:34:00+00:00,long,-87.960000,ifvg,0.4118,0.9412,3.5000,8.0000,2025-04-21T07:59:00+00:00,1.0000
2025-04-21T10:34:00+00:00,2025-04-21T10:59:00+00:00,short,-206.940000,ifvg,0.1538,1.5,1.0000,9.7500,2025-04-21T10:04:00+00:00,0.2500
2025-04-21T11:19:00+00:00,2025-04-21T11:24:00+00:00,short,111.0200000,ifvg,2.2,0.1,16.5000,0.7500,2025-04-21T11:09:00+00:00,2.5000
2025-04-21T14:44:00+00:00,2025-04-21T15:09:00+00:00,long,-143.980000,ifvg,0.4643,1.0357,6.5000,14.5000,2025-04-21T14:24:00+00:00,4.0000
2025-04-22T08:54:00+00:00,2025-04-22T13:44:00+00:00,short,-206.480000,ifvg,0.9506,1.1481,19.2500,23.2500,2025-04-22T08:44:00+00:00,2.2500
2025-04-23T05:29:00+00:00,2025-04-23T06:29:00+00:00,long,103.5200000,ifvg,1.7143,0.3571,12.0000,2.5000,2025-04-23T05:19:00+00:00,0.7500
2025-04-23T10:04:00+00:00,2025-04-23T13:39:00+00:00,long,339.8850000,ifvg,2.5138,0.0275,68.5000,0.7500,2025-04-23T09:34:00+00:00,1.0000
2025-04-23T16:34:00+00:00,2025-04-23T17:09:00+00:00,long,132.3850000,ifvg,1.7183,0.4507,30.5000,8.0000,2025-04-23T16:24:00+00:00,7.5000
2025-04-24T11:09:00+00:00,2025-04-24T12:39:00+00:00,short,-163.470000,ifvg,1.4762,1.0476,15.5000,11.0000,2025-04-24T10:59:00+00:00,2.5000
2025-04-25T01:44:00+00:00,2025-04-25T02:14:00+00:00,long,-197.960000,ifvg,0.0526,1.0263,0.5000,9.7500,2025-04-25T01:34:00+00:00,2.7500
2025-04-25T04:34:00+00:00,2025-04-25T06:44:00+00:00,short,-189.720000,ifvg,0.2449,1.0204,3.0000,12.5000,2025-04-25T04:14:00+00:00,5.2500
2025-04-25T13:49:00+00:00,2025-04-25T14:09:00+00:00,short,-141.480000,ifvg,0.6182,1.5273,8.5000,21.0000,2025-04-25T13:39:00+00:00,0.5000
2025-04-25T17:44:00+00:00,2025-04-25T17:54:00+00:00,short,85.5100000,ifvg,2.0652,0.1522,23.7500,1.7500,2025-04-25T17:24:00+00:00,1.7500
2025-04-29T00:09:00+00:00,2025-04-29T00:49:00+00:00,short,-215.180000,ifvg,0.6087,1.1739,3.5000,6.7500,2025-04-28T23:49:00+00:00,0.2500
2025-04-29T04:34:00+00:00,2025-04-29T04:49:00+00:00,long,-197.450000,ifvg,0.0,1.2,0,9.0000,2025-04-29T04:09:00+00:00,0.2500
2025-04-29T04:54:00+00:00,2025-04-29T07:34:00+00:00,short,-197.220000,ifvg,0.3922,1.0392,5.0000,13.2500,2025-04-29T04:34:00+00:00,3.5000
2025-04-29T08:09:00+00:00,2025-04-29T08:44:00+00:00,short,-205.920000,ifvg,1.4211,1.0,6.7500,4.7500,2025-04-29T07:54:00+00:00,0.7500
2025-04-29T13:09:00+00:00,2025-04-29T13:49:00+00:00,short,-134.490000,ifvg,0.0943,1.1321,2.5000,30.0000,2025-04-28T19:09:00+00:00,2.2500
2025-04-29T14:44:00+00:00,2025-04-29T20:09:00+00:00,long,136.760000,ifvg,1.246,0.3413,39.2500,10.7500,2025-04-29T14:29:00+00:00,8.7500
2025-04-30T05:39:00+00:00,2025-04-30T07:14:00+00:00,long,74.2600000,ifvg,2.25,0.2,22.5000,2.0000,2025-04-30T05:24:00+00:00,0.5000
2025-04-30T08:29:00+00:00,2025-04-30T09:29:00+00:00,short,-191.940000,ifvg,0.7083,1.0417,4.2500,6.2500,2025-04-30T08:19:00+00:00,0.7500
2025-04-30T17:34:00+00:00,2025-04-30T20:09:00+00:00,long,314.8850000,ifvg,2.6634,0.6733,67.2500,17.0000,2025-04-30T17:14:00+00:00,7.7500
2025-05-01T04:29:00+00:00,2025-05-01T05:14:00+00:00,short,-191.940000,ifvg,0.0417,1.0417,0.2500,6.2500,2025-05-01T03:44:00+00:00,1.2500
2025-05-01T05:34:00+00:00,2025-05-01T05:49:00+00:00,long,-103.470000,ifvg,0.26,0.54,3.2500,6.7500,2025-05-01T05:24:00+00:00,1.2500
2025-05-01T05:49:00+00:00,2025-05-01T07:14:00+00:00,short,-11.940000,ifvg,1.2692,0.7308,8.2500,4.7500,2025-05-01T05:39:00+00:00,1.0000
2025-05-01T07:14:00+00:00,2025-05-01T09:04:00+00:00,long,99.7700000,ifvg,2.7407,0.8889,18.5000,6.0000,2025-05-01T07:04:00+00:00,1.0000
2025-05-01T11:39:00+00:00,2025-05-01T12:29:00+00:00,long,-206.430000,ifvg,1.3636,1.3182,7.5000,7.2500,2025-05-01T11:29:00+00:00,1.5000
2025-05-01T13:14:00+00:00,2025-05-01T13:34:00+00:00,long,-172.960000,ifvg,0.9394,1.303,7.7500,10.7500,2025-05-01T13:04:00+00:00,0.5000
2025-05-01T14:04:00+00:00,2025-05-01T14:24:00+00:00,short,-176.480000,ifvg,0.4493,1.029,7.7500,17.7500,2025-05-01T13:54:00+00:00,1.7500
2025-05-01T17:09:00+00:00,2025-05-01T17:49:00+00:00,long,-148.980000,ifvg,0.3793,1.069,5.5000,15.5000,2025-05-01T16:49:00+00:00,0.7500
2025-05-02T04:44:00+00:00,2025-05-02T06:04:00+00:00,long,-200.970000,ifvg,0.1154,1.3462,1.5000,17.5000,2025-05-02T04:34:00+00:00,0.2500
2025-05-02T09:14:00+00:00,2025-05-02T12:34:00+00:00,long,129.7700000,ifvg,3.6857,0.4286,32.2500,3.7500,2025-05-02T09:04:00+00:00,3.0000
2025-05-02T18:54:00+00:00,2025-05-02T20:09:00+00:00,short,1.530000,ifvg,1.1522,0.5217,13.2500,6.0000,2025-05-02T18:09:00+00:00,2.2500
2025-05-05T06:54:00+00:00,2025-05-05T07:19:00+00:00,short,132.0400000,ifvg,1.6111,0.1111,7.2500,0.5000,2025-05-05T06:44:00+00:00,0.5000
2025-05-06T00:14:00+00:00,2025-05-06T00:24:00+00:00,long,-188.930000,ifvg,0.15,1.25,0.7500,6.2500,2025-05-05T23:59:00+00:00,0.5000
2025-05-06T07:14:00+00:00,2025-05-06T07:19:00+00:00,short,-227.810000,ifvg,0.625,1.375,1.2500,2.7500,2025-05-06T03:39:00+00:00,0.7500
2025-05-06T12:54:00+00:00,2025-05-06T13:19:00+00:00,long,-167.960000,ifvg,0.3438,1.0625,2.7500,8.5000,2025-05-06T12:39:00+00:00,0.7500
2025-05-06T13:39:00+00:00,2025-05-06T13:49:00+00:00,long,-141.480000,ifvg,0.0,1.2364,0,17.0000,2025-05-06T13:14:00+00:00,2.2500
2025-05-06T13:54:00+00:00,2025-05-06T14:14:00+00:00,short,-108.240000,ifvg,0.0471,1.0588,1.0000,22.5000,2025-05-06T13:39:00+00:00,7.0000
2025-05-06T16:19:00+00:00,2025-05-06T16:29:00+00:00,long,-84.490000,ifvg,0.0474,0.4211,2.2500,20.0000,2025-05-06T15:49:00+00:00,4.7500
2025-05-06T16:29:00+00:00,2025-05-06T20:09:00+00:00,short,88.010000,ifvg,0.8519,0.3426,23.0000,9.2500,2025-05-06T16:19:00+00:00,11.0000
2025-05-07T10:19:00+00:00,2025-05-07T12:09:00+00:00,long,-172.450000,ifvg,1.4231,1.8462,9.2500,12.0000,2025-05-07T10:09:00+00:00,1.0000
2025-05-08T01:04:00+00:00,2025-05-08T01:09:00+00:00,long,121.5300000,ifvg,2.0909,0.8182,11.5000,4.5000,2025-05-08T00:49:00+00:00,1.0000
2025-05-08T08:19:00+00:00,2025-05-08T12:39:00+00:00,long,-193.470000,ifvg,1.42,1.38,17.7500,17.2500,2025-05-08T07:54:00+00:00,1.5000
2025-05-09T08:04:00+00:00,2025-05-09T10:09:00+00:00,short,-192.960000,ifvg,0.5946,1.0,5.5000,9.2500,2025-05-09T07:39:00+00:00,1.7500
2025-05-12T14:49:00+00:00,2025-05-12T20:09:00+00:00,long,169.260000,ifvg,1.9032,0.6989,44.2500,16.2500,2025-05-12T14:34:00+00:00,9.5000
2025-05-13T11:04:00+00:00,2025-05-13T11:19:00+00:00,short,-176.940000,ifvg,0.0,1.1364,0,6.2500,2025-05-13T10:49:00+00:00,0.5000
2025-05-14T01:24:00+00:00,2025-05-14T02:09:00+00:00,long,-109.440000,ifvg,0.5909,0.5909,3.2500,3.2500,2025-05-14T01:09:00+00:00,2.0000
2025-05-14T02:09:00+00:00,2025-05-14T03:34:00+00:00,short,-182.960000,ifvg,0.0,1.0,0,8.7500,2025-05-14T01:49:00+00:00,1.2500
2025-05-14T10:29:00+00:00,2025-05-14T11:04:00+00:00,long,121.5300000,ifvg,3.0,0.1364,16.5000,0.7500,2025-05-14T09:59:00+00:00,0.7500
2025-05-14T13:49:00+00:00,2025-05-14T14:09:00+00:00,short,-182.960000,ifvg,0.5429,1.0286,4.7500,9.0000,2025-05-14T13:39:00+00:00,0.5000
2025-05-14T18:39:00+00:00,2025-05-14T20:09:00+00:00,long,-4.490000,ifvg,0.2277,0.4752,5.7500,12.0000,2025-05-14T16:44:00+00:00,1.7500
2025-05-15T02:59:00+00:00,2025-05-15T03:14:00+00:00,short,128.3400000,ifvg,1.5,0.375,3.0000,0.7500,2025-05-15T02:49:00+00:00,0.2500
2025-05-15T12:39:00+00:00,2025-05-15T14:04:00+00:00,long,133.5200000,ifvg,1.6944,0.8333,15.2500,7.5000,2025-05-15T12:14:00+00:00,0.2500
2025-05-15T14:09:00+00:00,2025-05-15T14:14:00+00:00,long,-3.980000,ifvg,1.9592,0.3878,48.0000,9.5000,2025-05-15T03:34:00+00:00,0.7500
2025-05-15T17:39:00+00:00,2025-05-15T18:19:00+00:00,short,107.2700000,ifvg,2.069,0.5172,15.0000,3.7500,2025-05-15T17:24:00+00:00,2.0000
2025-05-15T18:39:00+00:00,2025-05-15T19:29:00+00:00,long,-143.980000,ifvg,0.1607,1.2857,2.2500,18.0000,2025-05-15T18:04:00+00:00,0.5000
2025-05-16T03:44:00+00:00,2025-05-16T04:04:00+00:00,short,-204.620000,ifvg,0.1818,1.2727,0.5000,3.5000,2025-05-16T03:34:00+00:00,0.2500
2025-05-16T06:34:00+00:00,2025-05-16T07:29:00+00:00,short,-176.940000,ifvg,0.7273,1.1818,4.0000,6.5000,2025-05-16T06:09:00+00:00,1.2500
2025-05-16T11:39:00+00:00,2025-05-16T11:59:00+00:00,short,-195.920000,ifvg,0.0556,1.1111,0.2500,5.0000,2025-05-16T11:29:00+00:00,0.5000
2025-05-19T11:54:00+00:00,2025-05-19T13:49:00+00:00,long,108.0100000,ifvg,2.6207,0.9655,38.0000,14.0000,2025-05-19T11:39:00+00:00,0.5000
2025-05-20T05:49:00+00:00,2025-05-20T05:59:00+00:00,short,117.0400000,ifvg,2.5,0.125,10.0000,0.5000,2025-05-20T05:24:00+00:00,1.0000
2025-05-21T00:14:00+00:00,2025-05-21T00:24:00+00:00,short,-195.920000,ifvg,0.6111,1.0,2.7500,4.5000,2025-05-21T00:04:00+00:00,1.0000
2025-05-21T02:39:00+00:00,2025-05-21T03:29:00+00:00,long,-176.940000,ifvg,0.0909,1.0455,0.5000,5.7500,2025-05-21T02:24:00+00:00,1.5000
2025-05-21T05:14:00+00:00,2025-05-21T05:44:00+00:00,long,-184.440000,ifvg,0.2609,1.087,1.5000,6.2500,2025-05-21T04:29:00+00:00,0.5000
2025-05-21T17:04:00+00:00,2025-05-21T17:09:00+00:00,short,121.5300000,ifvg,1.5909,0.5909,8.7500,3.2500,2025-05-21T16:54:00+00:00,0.7500
2025-05-21T17:44:00+00:00,2025-05-21T19:14:00+00:00,long,-195.740000,ifvg,0.2065,1.0581,8.0000,41.0000,2025-05-21T17:29:00+00:00,13.0000
2025-05-22T11:19:00+00:00,2025-05-22T11:49:00+00:00,short,107.2700000,ifvg,2.5517,0.3793,18.5000,2.7500,2025-05-22T11:09:00+00:00,0.2500
2025-05-22T14:19:00+00:00,2025-05-22T14:59:00+00:00,short,91.1350000,ifvg,1.9388,0.1837,23.7500,2.2500,2025-05-22T14:04:00+00:00,0.7500
2025-05-23T01:09:00+00:00,2025-05-23T01:29:00+00:00,short,-203.880000,ifvg,0.25,1.1667,0.7500,3.5000,2025-05-23T00:59:00+00:00,0.5000
2025-05-23T02:39:00+00:00,2025-05-23T03:24:00+00:00,short,-194.900000,ifvg,0.7143,1.0714,2.5000,3.7500,2025-05-23T02:29:00+00:00,0.5000
2025-05-23T03:39:00+00:00,2025-05-23T04:49:00+00:00,short,104.6550000,ifvg,1.8421,0.7368,8.7500,3.5000,2025-05-23T03:24:00+00:00,0.5000
2025-05-23T05:39:00+00:00,2025-05-23T06:34:00+00:00,short,99.030000,ifvg,1.45,0.25,14.5000,2.5000,2025-05-23T05:24:00+00:00,0.5000
2025-05-23T06:34:00+00:00,2025-05-23T07:09:00+00:00,long,127.1550000,ifvg,3.0435,0.3478,17.5000,2.0000,2025-05-23T06:19:00+00:00,1.2500
2025-05-23T11:29:00+00:00,2025-05-23T11:59:00+00:00,short,333.6350000,ifvg,2.5981,0.215,69.5000,5.7500,2025-05-22T12:44:00+00:00,5.0000
2025-05-23T19:24:00+00:00,2025-05-23T20:09:00+00:00,short,87.3850000,ifvg,1.5106,0.8298,17.7500,9.7500,2025-05-23T19:14:00+00:00,0.7500
2025-05-26T12:44:00+00:00,2025-05-26T13:34:00+00:00,short,-188.930000,ifvg,1.25,1.05,6.2500,5.2500,2025-05-26T11:39:00+00:00,0.5000
2025-05-26T13:39:00+00:00,2025-05-26T13:59:00+00:00,long,-199.440000,ifvg,0.2,1.08,1.2500,6.7500,2025-05-26T13:29:00+00:00,0.5000
2025-05-26T22:04:00+00:00,2025-05-27T01:09:00+00:00,long,-64.490000,ifvg,0.1728,0.6543,3.5000,13.2500,2025-05-26T13:59:00+00:00,3.0000
2025-05-27T01:09:00+00:00,2025-05-27T02:04:00+00:00,short,117.0400000,ifvg,2.6875,0.125,10.7500,0.5000,2025-05-27T00:59:00+00:00,1.5000
2025-05-28T13:54:00+00:00,2025-05-28T14:39:00+00:00,short,126.0200000,ifvg,2.2353,0.1765,19.0000,1.5000,2025-05-28T13:44:00+00:00,2.7500
2025-05-28T15:09:00+00:00,2025-05-28T15:14:00+00:00,long,-197.680000,ifvg,0.0,1.1429,0,6.0000,2025-05-28T14:59:00+00:00,0.5000
2025-05-29T06:29:00+00:00,2025-05-29T07:04:00+00:00,long,-199.440000,ifvg,0.32,1.64,2.0000,10.2500,2025-05-29T06:19:00+00:00,2.2500
2025-05-30T14:09:00+00:00,2025-05-30T16:24:00+00:00,long,-108.240000,ifvg,0.5176,1.0706,11.0000,22.7500,2025-05-30T13:54:00+00:00,1.5000
2025-06-02T07:34:00+00:00,2025-06-02T08:09:00+00:00,short,-172.960000,ifvg,0.4848,1.0909,4.0000,9.0000,2025-06-02T07:09:00+00:00,3.0000
2025-06-02T13:59:00+00:00,2025-06-02T14:29:00+00:00,short,-188.980000,ifvg,0.8784,1.0811,16.2500,20.0000,2025-06-02T13:39:00+00:00,9.5000
2025-06-03T06:29:00+00:00,2025-06-03T06:54:00+00:00,long,127.5500000,ifvg,1.7143,0.8571,6.0000,3.0000,2025-06-03T06:19:00+00:00,0.2500
2025-06-03T07:39:00+00:00,2025-06-03T08:19:00+00:00,long,-148.470000,ifvg,0.0789,1.2105,0.7500,11.5000,2025-06-03T07:29:00+00:00,4.5000
2025-06-04T01:04:00+00:00,2025-06-04T01:54:00+00:00,short,117.0400000,ifvg,2.0625,0.5,8.2500,2.0000,2025-06-04T00:54:00+00:00,0.5000
2025-06-04T06:24:00+00:00,2025-06-04T07:34:00+00:00,short,-184.440000,ifvg,0.2609,1.0,1.5000,5.7500,2025-06-04T06:09:00+00:00,3.0000
2025-06-04T14:09:00+00:00,2025-06-04T14:29:00+00:00,short,-159.720000,ifvg,0.0,1.3659,0,14.0000,2025-06-04T13:39:00+00:00,3.5000
2025-06-05T02:14:00+00:00,2025-06-05T07:14:00+00:00,short,-176.940000,ifvg,0.5455,1.0455,3.0000,5.7500,2025-06-05T01:59:00+00:00,0.5000
2025-06-06T09:49:00+00:00,2025-06-06T11:04:00+00:00,short,132.0400000,ifvg,2.0,0.6111,9.0000,2.7500,2025-06-06T09:24:00+00:00,1.0000
2025-06-06T15:24:00+00:00,2025-06-06T20:09:00+00:00,short,-41.990000,ifvg,0.5673,0.8269,14.7500,21.5000,2025-06-06T13:24:00+00:00,1.5000
2025-06-08T22:19:00+00:00,2025-06-09T07:49:00+00:00,short,-148.470000,ifvg,0.7895,1.0263,7.5000,9.7500,2025-06-06T20:24:00+00:00,0.2500
2025-06-10T05:44:00+00:00,2025-06-10T07:44:00+00:00,long,-148.980000,ifvg,0.0517,1.4483,0.7500,21.0000,2025-06-10T05:34:00+00:00,5.0000
2025-06-10T11:39:00+00:00,2025-06-10T13:54:00+00:00,long,103.5200000,ifvg,2.25,1.4286,15.7500,10.0000,2025-06-10T11:14:00+00:00,1.7500
2025-06-10T23:09:00+00:00,2025-06-10T23:14:00+00:00,short,-162.960000,ifvg,0.129,1.4194,1.0000,11.0000,2025-06-10T22:59:00+00:00,4.0000
2025-06-11T05:19:00+00:00,2025-06-11T06:39:00+00:00,long,-78.700000,ifvg,0.2308,0.7308,1.5000,4.7500,2025-06-11T04:44:00+00:00,0.2500
2025-06-11T06:39:00+00:00,2025-06-11T07:09:00+00:00,short,-172.450000,ifvg,0.0769,1.0769,0.5000,7.0000,2025-06-11T06:29:00+00:00,0.5000
2025-06-11T11:34:00+00:00,2025-06-11T12:04:00+00:00,long,103.5200000,ifvg,2.4643,1.1071,17.2500,7.7500,2025-06-11T11:24:00+00:00,2.5000
2025-06-12T05:49:00+00:00,2025-06-12T05:59:00+00:00,short,-176.940000,ifvg,0.0909,1.2727,0.5000,7.0000,2025-06-12T04:54:00+00:00,0.2500
2025-06-13T18:59:00+00:00,2025-06-13T19:49:00+00:00,long,-153.980000,ifvg,0.3167,1.1833,4.7500,17.7500,2025-06-13T18:39:00+00:00,2.7500
2025-06-17T02:09:00+00:00,2025-06-17T02:54:00+00:00,short,-177.960000,ifvg,0.6176,1.8824,5.2500,16.0000,2025-06-17T01:54:00+00:00,2.0000
2025-06-18T03:04:00+00:00,2025-06-18T06:09:00+00:00,short,-184.950000,ifvg,0.7857,1.0714,5.5000,7.5000,2025-06-18T02:29:00+00:00,0.5000
2025-06-18T13:39:00+00:00,2025-06-18T13:54:00+00:00,short,-153.980000,ifvg,0.1833,1.0,2.7500,15.0000,2025-06-18T11:29:00+00:00,0.7500
2025-06-19T10:29:00+00:00,2025-06-19T11:14:00+00:00,long,-66.480000,ifvg,0.64,0.52,8.0000,6.5000,2025-06-19T10:19:00+00:00,0.5000
2025-06-19T11:14:00+00:00,2025-06-19T11:54:00+00:00,short,-172.450000,ifvg,0.2692,1.0,1.7500,6.5000,2025-06-19T10:59:00+00:00,2.5000
2025-06-19T12:19:00+00:00,2025-06-19T12:49:00+00:00,long,-166.200000,ifvg,0.48,1.84,3.0000,11.5000,2025-06-19T12:09:00+00:00,1.7500
2025-06-20T05:04:00+00:00,2025-06-20T05:54:00+00:00,short,-175.410000,ifvg,1.0,1.2143,3.5000,4.2500,2025-06-20T04:54:00+00:00,0.5000
2025-06-20T13:54:00+00:00,2025-06-20T14:24:00+00:00,short,68.6350000,ifvg,2.6216,0.1351,24.2500,1.2500,2025-06-20T13:44:00+00:00,2.5000
2025-06-23T01:24:00+00:00,2025-06-23T02:39:00+00:00,short,-163.470000,ifvg,0.0952,1.0238,1.0000,10.7500,2025-06-23T01:14:00+00:00,0.5000
2025-06-23T05:29:00+00:00,2025-06-23T06:04:00+00:00,short,-161.940000,ifvg,0.4,1.35,2.0000,6.7500,2025-06-23T05:19:00+00:00,0.5000
2025-06-24T04:19:00+00:00,2025-06-24T05:34:00+00:00,short,-159.950000,ifvg,0.1212,1.2424,1.0000,10.2500,2025-06-24T03:29:00+00:00,0.5000
2025-06-24T08:39:00+00:00,2025-06-24T16:34:00+00:00,short,-96.990000,ifvg,0.8289,1.0263,15.7500,19.5000,2025-06-24T08:29:00+00:00,0.7500
2025-06-27T09:14:00+00:00,2025-06-27T11:04:00+00:00,short,-161.940000,ifvg,0.15,1.0,0.7500,5.0000,2025-06-27T09:04:00+00:00,0.2500
2025-06-27T13:44:00+00:00,2025-06-27T14:04:00+00:00,long,118.5200000,ifvg,2.5625,0.0625,20.5000,0.5000,2025-06-27T13:09:00+00:00,0.5000
2025-06-30T11:59:00+00:00,2025-06-30T12:29:00+00:00,short,102.0400000,ifvg,2.5833,0.3333,7.7500,1.0000,2025-06-30T11:49:00+00:00,0.2500
2025-06-30T16:39:00+00:00,2025-06-30T17:59:00+00:00,long,-163.470000,ifvg,0.381,1.6667,4.0000,17.5000,2025-06-30T16:24:00+00:00,2.5000
2025-07-01T07:09:00+00:00,2025-07-01T07:19:00+00:00,long,-65.970000,ifvg,0.0,0.55,0,5.5000,2025-07-01T03:19:00+00:00,0.7500
2025-07-01T07:19:00+00:00,2025-07-01T12:19:00+00:00,short,103.5200000,ifvg,2.3571,0.4643,16.5000,3.2500,2025-07-01T07:09:00+00:00,2.0000
2025-07-01T13:24:00+00:00,2025-07-01T13:49:00+00:00,short,-3.980000,ifvg,0.0909,1.4242,0.7500,11.7500,2025-07-01T13:14:00+00:00,0.2500
2025-07-01T14:29:00+00:00,2025-07-01T14:49:00+00:00,short,96.0200000,ifvg,1.5385,0.8077,10.0000,5.2500,2025-07-01T14:19:00+00:00,0.7500
2025-07-01T15:09:00+00:00,2025-07-01T16:14:00+00:00,long,91.1350000,ifvg,2.2245,0.551,27.2500,6.7500,2025-07-01T14:44:00+00:00,0.5000
2025-07-02T13:39:00+00:00,2025-07-02T14:44:00+00:00,short,-99.490000,ifvg,0.1795,1.0,3.5000,19.5000,2025-07-02T13:09:00+00:00,3.0000
2025-07-03T02:54:00+00:00,2025-07-03T03:29:00+00:00,long,99.0300000,ifvg,2.1111,0.1667,9.5000,0.7500,2025-07-03T02:34:00+00:00,1.0000
2025-07-03T06:04:00+00:00,2025-07-03T06:49:00+00:00,long,108.8000000,ifvg,1.8333,0.0833,5.5000,0.2500,2025-07-03T05:49:00+00:00,0.2500
2025-07-03T08:09:00+00:00,2025-07-03T08:59:00+00:00,short,117.0400000,ifvg,2.125,0.3125,8.5000,1.2500,2025-07-03T07:29:00+00:00,0.2500
2025-07-03T16:54:00+00:00,2025-07-03T22:04:00+00:00,short,110.2800000,ifvg,2.65,0.85,13.2500,4.2500,2025-07-03T16:44:00+00:00,0.2500
2025-07-04T08:29:00+00:00,2025-07-04T08:34:00+00:00,long,-176.940000,ifvg,0.0,1.0909,0,6.0000,2025-07-04T08:19:00+00:00,0.7500
2025-07-07T08:14:00+00:00,2025-07-07T08:19:00+00:00,short,-208.780000,ifvg,1.0,1.0,1.5000,1.5000,2025-07-07T03:49:00+00:00,1.2500
2025-07-08T07:09:00+00:00,2025-07-08T07:24:00+00:00,short,114.0800000,ifvg,1.625,0.75,3.2500,1.5000,2025-07-07T16:04:00+00:00,2.2500
2025-07-08T12:09:00+00:00,2025-07-08T14:09:00+00:00,short,114.7700000,ifvg,2.1613,0.5161,16.7500,4.0000,2025-07-08T10:44:00+00:00,2.5000
2025-07-08T14:39:00+00:00,2025-07-08T14:49:00+00:00,long,-178.700000,ifvg,0.1852,1.7778,1.2500,12.0000,2025-07-08T14:29:00+00:00,1.0000
2025-07-09T07:19:00+00:00,2025-07-09T07:49:00+00:00,short,-176.940000,ifvg,0.0455,1.1818,0.2500,6.5000,2025-07-09T06:59:00+00:00,2.2500
2025-07-11T00:09:00+00:00,2025-07-11T00:14:00+00:00,short,112.9450000,ifvg,1.5556,0.3333,3.5000,0.7500,2025-07-10T23:59:00+00:00,0.5000
2025-07-11T06:39:00+00:00,2025-07-11T07:24:00+00:00,short,84.7700000,ifvg,2.5652,0.8696,14.7500,5.0000,2025-07-11T06:29:00+00:00,0.5000
2025-07-11T13:54:00+00:00,2025-07-11T14:29:00+00:00,long,81.7600000,ifvg,2.0909,0.0682,23.0000,0.7500,2025-07-11T13:44:00+00:00,1.7500
2025-07-14T07:39:00+00:00,2025-07-14T07:54:00+00:00,long,115.9050000,ifvg,2.5238,0.0952,13.2500,0.5000,2025-07-14T07:24:00+00:00,1.0000
2025-07-14T14:34:00+00:00,2025-07-14T14:59:00+00:00,short,-172.960000,ifvg,0.0909,1.2121,0.7500,10.0000,2025-07-14T14:24:00+00:00,1.7500
2025-07-15T12:39:00+00:00,2025-07-15T13:44:00+00:00,long,-162.960000,ifvg,1.0645,1.6774,8.2500,13.0000,2025-07-15T12:14:00+00:00,0.7500
2025-07-16T11:54:00+00:00,2025-07-16T12:34:00+00:00,long,114.7700000,ifvg,2.5161,0.1613,19.5000,1.2500,2025-07-16T11:39:00+00:00,0.7500
2025-07-16T15:49:00+00:00,2025-07-16T20:09:00+00:00,long,161.760000,ifvg,2.3014,0.3425,42.0000,6.2500,2025-07-16T15:39:00+00:00,3.7500
2025-07-17T00:34:00+00:00,2025-07-17T02:44:00+00:00,long,-166.200000,ifvg,0.4,1.0,2.5000,6.2500,2025-07-16T22:34:00+00:00,0.5000
2025-07-17T04:59:00+00:00,2025-07-17T05:49:00+00:00,long,115.9050000,ifvg,3.0952,0.0476,16.2500,0.2500,2025-07-17T04:34:00+00:00,0.2500
2025-07-17T07:54:00+00:00,2025-07-17T12:54:00+00:00,short,-184.950000,ifvg,1.1429,1.4286,8.0000,10.0000,2025-07-17T07:39:00+00:00,0.5000
2025-07-18T13:24:00+00:00,2025-07-18T13:29:00+00:00,short,-186.890000,ifvg,0.0,2.1667,0,6.5000,2025-07-18T13:14:00+00:00,0.7500
2025-07-21T13:34:00+00:00,2025-07-21T13:49:00+00:00,long,121.5300000,ifvg,2.9545,0.1818,16.2500,1.0000,2025-07-21T13:04:00+00:00,1.0000
2025-07-22T18:44:00+00:00,2025-07-22T20:09:00+00:00,long,-16.990000,ifvg,0.2532,0.2658,5.0000,5.2500,2025-07-22T17:49:00+00:00,1.5000
2025-07-23T00:09:00+00:00,2025-07-23T05:09:00+00:00,short,-159.950000,ifvg,1.375,1.0,8.2500,6.0000,2025-07-22T23:59:00+00:00,1.7500
2025-07-24T00:09:00+00:00,2025-07-24T13:49:00+00:00,short,-172.450000,ifvg,1.4615,1.4231,9.5000,9.2500,2025-07-23T23:39:00+00:00,0.5000
2025-07-30T12:14:00+00:00,2025-07-30T14:24:00+00:00,short,-137.220000,ifvg,0.6,1.0286,5.2500,9.0000,2025-07-30T10:04:00+00:00,2.2500
2025-07-30T18:44:00+00:00,2025-07-30T18:54:00+00:00,short,93.0100000,ifvg,3.04,0.32,38.0000,4.0000,2025-07-30T18:34:00+00:00,1.0000
2025-08-01T12:39:00+00:00,2025-08-01T13:49:00+00:00,short,227.3850000,ifvg,3.0137,0.863,55.0000,15.7500,2025-08-01T11:19:00+00:00,3.0000
2025-08-03T23:39:00+00:00,2025-08-03T23:49:00+00:00,short,-159.950000,ifvg,0.4583,1.0,2.7500,6.0000,2025-08-03T23:24:00+00:00,1.5000
2025-08-06T00:09:00+00:00,2025-08-06T01:44:00+00:00,long,107.2700000,ifvg,2.7778,0.4167,25.0000,3.7500,2025-08-05T23:59:00+00:00,1.0000
2025-08-06T08:24:00+00:00,2025-08-06T09:39:00+00:00,short,103.5200000,ifvg,2.6071,0.2143,18.2500,1.5000,2025-08-06T07:19:00+00:00,2.0000
2025-08-06T12:24:00+00:00,2025-08-06T12:34:00+00:00,long,-184.440000,ifvg,0.0,1.0,0,5.7500,2025-08-06T12:14:00+00:00,1.0000
2025-08-06T13:29:00+00:00,2025-08-06T13:34:00+00:00,short,109.5400000,ifvg,1.6,1.0667,6.0000,4.0000,2025-08-06T13:19:00+00:00,0.2500
2025-08-06T14:19:00+00:00,2025-08-06T14:24:00+00:00,short,107.2700000,ifvg,1.6897,0.3793,12.2500,2.7500,2025-08-06T14:09:00+00:00,1.0000
2025-08-06T14:44:00+00:00,2025-08-06T15:24:00+00:00,long,78.0100000,ifvg,2.6905,0.2619,28.2500,2.7500,2025-08-06T14:29:00+00:00,1.2500
2025-08-07T06:44:00+00:00,2025-08-07T07:14:00+00:00,short,-127.680000,ifvg,0.8947,0.6842,4.2500,3.2500,2025-08-07T06:29:00+00:00,1.2500
2025-08-07T07:14:00+00:00,2025-08-07T08:04:00+00:00,long,99.7700000,ifvg,2.8519,0.5556,19.2500,3.7500,2025-08-07T07:04:00+00:00,0.2500
2025-08-07T16:59:00+00:00,2025-08-07T18:19:00+00:00,long,-181.480000,ifvg,0.3662,1.1972,6.5000,21.2500,2025-08-07T16:49:00+00:00,8.5000
2025-08-08T15:54:00+00:00,2025-08-08T20:09:00+00:00,long,171.020000,ifvg,1.0278,0.0417,18.5000,0.7500,2025-08-08T15:44:00+00:00,2.2500
2025-08-11T11:04:00+00:00,2025-08-11T13:29:00+00:00,long,-187.960000,ifvg,0.3333,1.1111,3.0000,10.0000,2025-08-11T10:54:00+00:00,0.5000
2025-08-12T05:09:00+00:00,2025-08-12T05:39:00+00:00,short,115.9050000,ifvg,1.7619,0.619,9.2500,3.2500,2025-08-12T04:44:00+00:00,1.5000
2025-08-12T10:19:00+00:00,2025-08-12T10:29:00+00:00,long,-203.880000,ifvg,0.0833,1.0,0.2500,3.0000,2025-08-12T10:09:00+00:00,0.2500
2025-08-12T13:39:00+00:00,2025-08-12T20:09:00+00:00,long,145.510000,ifvg,0.7799,0.7673,31.0000,30.5000,2025-08-12T13:09:00+00:00,2.5000
2025-08-13T06:39:00+00:00,2025-08-13T07:24:00+00:00,long,132.0400000,ifvg,2.7222,0.5,12.2500,2.2500,2025-08-13T06:14:00+00:00,0.2500
2025-08-13T15:59:00+00:00,2025-08-13T17:09:00+00:00,short,23.010000,ifvg,0.2959,0.2041,7.2500,5.0000,2025-08-13T15:49:00+00:00,0.2500
2025-08-13T17:09:00+00:00,2025-08-13T17:39:00+00:00,long,3.060000,ifvg,1.36,0.36,8.5000,2.2500,2025-08-13T16:49:00+00:00,0.2500
2025-08-13T17:39:00+00:00,2025-08-13T18:14:00+00:00,short,-174.720000,ifvg,0.0667,1.1111,0.7500,12.5000,2025-08-13T17:29:00+00:00,2.0000
2025-08-14T04:29:00+00:00,2025-08-14T08:24:00+00:00,short,-185.920000,ifvg,1.2941,1.1176,5.5000,4.7500,2025-08-14T04:14:00+00:00,0.2500
2025-08-14T12:29:00+00:00,2025-08-14T12:34:00+00:00,short,127.5500000,ifvg,8.5,1.0714,29.7500,3.7500,2025-08-14T12:19:00+00:00,0.7500
2025-08-14T12:39:00+00:00,2025-08-14T12:54:00+00:00,short,-148.470000,ifvg,0.0263,1.1842,0.2500,11.2500,2025-08-14T08:04:00+00:00,1.2500
2025-08-14T15:54:00+00:00,2025-08-14T20:09:00+00:00,long,36.760000,ifvg,0.8947,0.7105,17.0000,13.5000,2025-08-14T15:34:00+00:00,1.2500
2025-08-17T23:54:00+00:00,2025-08-18T01:54:00+00:00,short,-185.920000,ifvg,0.0588,1.1176,0.2500,4.7500,2025-08-17T23:39:00+00:00,0.5000
2025-08-18T06:19:00+00:00,2025-08-18T08:29:00+00:00,short,122.2700000,ifvg,1.8485,0.0909,15.2500,0.7500,2025-08-17T22:14:00+00:00,1.7500
2025-08-18T13:19:00+00:00,2025-08-18T13:34:00+00:00,short,-204.620000,ifvg,1.0,1.7273,2.7500,4.7500,2025-08-18T13:09:00+00:00,0.2500
2025-08-18T14:09:00+00:00,2025-08-18T14:49:00+00:00,long,-157.960000,ifvg,1.0333,1.2,7.7500,9.0000,2025-08-18T13:59:00+00:00,0.5000
2025-08-18T14:59:00+00:00,2025-08-18T16:49:00+00:00,long,-152.220000,ifvg,0.2051,1.1538,2.0000,11.2500,2025-08-18T14:49:00+00:00,0.2500
2025-08-18T17:44:00+00:00,2025-08-18T19:49:00+00:00,short,-167.960000,ifvg,0.5625,1.0938,4.5000,8.7500,2025-08-18T17:34:00+00:00,0.2500
2025-08-19T17:19:00+00:00,2025-08-19T20:09:00+00:00,long,162.040000,ifvg,1.2581,0.9677,9.7500,7.5000,2025-08-19T17:09:00+00:00,0.5000
2025-08-20T08:39:00+00:00,2025-08-20T10:39:00+00:00,long,2.040000,ifvg,0.931,0.4483,6.7500,3.2500,2025-08-20T08:19:00+00:00,1.2500
2025-08-20T10:39:00+00:00,2025-08-20T10:49:00+00:00,short,-203.880000,ifvg,0.0833,1.0833,0.2500,3.2500,2025-08-20T10:24:00+00:00,0.7500
2025-08-20T13:54:00+00:00,2025-08-20T14:54:00+00:00,short,126.7600000,ifvg,1.5147,0.4706,25.7500,8.0000,2025-08-20T08:39:00+00:00,3.0000
2025-08-21T06:04:00+00:00,2025-08-21T08:54:00+00:00,long,-191.940000,ifvg,0.875,1.25,5.2500,7.5000,2025-08-21T05:14:00+00:00,2.5000
2025-08-21T14:09:00+00:00,2025-08-21T15:59:00+00:00,long,-79.490000,ifvg,0.3505,0.7629,8.5000,18.5000,2025-08-21T11:54:00+00:00,0.2500
2025-08-21T15:59:00+00:00,2025-08-21T20:09:00+00:00,short,-1.480000,ifvg,1.0143,0.5429,17.7500,9.5000,2025-08-21T15:29:00+00:00,0.7500
2025-08-22T05:14:00+00:00,2025-08-22T06:39:00+00:00,short,92.2700000,ifvg,3.68,0.2,23.0000,1.2500,2025-08-22T04:54:00+00:00,0.2500
2025-08-22T06:59:00+00:00,2025-08-22T08:09:00+00:00,long,83.6350000,ifvg,2.5333,0.1778,28.5000,2.0000,2025-08-22T06:49:00+00:00,0.5000
2025-08-22T17:09:00+00:00,2025-08-22T19:39:00+00:00,long,-167.960000,ifvg,1.2812,1.25,10.2500,10.0000,2025-08-22T16:59:00+00:00,1.5000
2025-08-25T00:09:00+00:00,2025-08-25T00:39:00+00:00,long,-178.700000,ifvg,0.037,1.0,0.2500,6.7500,2025-08-24T23:54:00+00:00,1.5000
2025-08-25T08:49:00+00:00,2025-08-25T12:34:00+00:00,short,114.7700000,ifvg,1.5484,0.0968,12.0000,0.7500,2025-08-25T08:34:00+00:00,0.2500
2025-08-26T12:04:00+00:00,2025-08-26T13:34:00+00:00,long,115.9050000,ifvg,1.9048,0.8571,10.0000,4.5000,2025-08-26T11:39:00+00:00,2.0000
2025-08-27T05:14:00+00:00,2025-08-27T07:29:00+00:00,short,117.0400000,ifvg,1.5,0.8125,6.0000,3.2500,2025-08-27T01:39:00+00:00,0.7500
2025-08-27T12:39:00+00:00,2025-08-27T14:19:00+00:00,short,-184.950000,ifvg,1.1786,1.5357,8.2500,10.7500,2025-08-27T09:09:00+00:00,0.2500
2025-08-28T00:44:00+00:00,2025-08-28T01:54:00+00:00,long,110.2800000,ifvg,2.9,0.35,14.5000,1.7500,2025-08-28T00:24:00+00:00,0.5000
2025-08-28T10:49:00+00:00,2025-08-28T13:34:00+00:00,short,-148.980000,ifvg,0.2414,1.0,3.5000,14.5000,2025-08-28T06:39:00+00:00,1.5000
2025-08-28T15:29:00+00:00,2025-08-28T16:14:00+00:00,short,-128.980000,ifvg,0.0,1.26,0,15.7500,2025-08-28T15:19:00+00:00,1.2500
2025-08-29T13:44:00+00:00,2025-08-29T13:59:00+00:00,short,78.0100000,ifvg,3.0714,0.0476,32.2500,0.5000,2025-08-29T12:39:00+00:00,1.0000
2025-09-01T03:24:00+00:00,2025-09-01T04:54:00+00:00,short,-8.980000,ifvg,0.375,0.1429,5.2500,2.0000,2025-09-01T03:09:00+00:00,0.5000
2025-09-01T04:54:00+00:00,2025-09-01T05:14:00+00:00,long,-188.930000,ifvg,0.05,1.3,0.2500,6.5000,2025-09-01T04:39:00+00:00,1.2500
2025-09-01T12:49:00+00:00,2025-09-01T14:59:00+00:00,short,-144.720000,ifvg,0.4054,1.0541,3.7500,9.7500,2025-09-01T12:39:00+00:00,0.5000
2025-09-02T04:39:00+00:00,2025-09-02T04:49:00+00:00,short,-202.860000,ifvg,0.0,1.3,0,3.2500,2025-09-02T04:29:00+00:00,0.2500
2025-09-02T05:54:00+00:00,2025-09-02T07:14:00+00:00,long,-176.940000,ifvg,1.1818,1.5909,6.5000,8.7500,2025-09-02T05:14:00+00:00,1.7500
2025-09-02T13:59:00+00:00,2025-09-02T15:19:00+00:00,long,-120.740000,ifvg,0.4316,1.1895,10.2500,28.2500,2025-09-02T12:49:00+00:00,2.5000
2025-09-03T06:14:00+00:00,2025-09-03T06:34:00+00:00,long,109.5400000,ifvg,1.5333,0.3333,5.7500,1.2500,2025-09-03T05:54:00+00:00,0.2500
2025-09-03T12:09:00+00:00,2025-09-03T12:34:00+00:00,long,-211.840000,ifvg,0.8889,4.3333,2.0000,9.7500,2025-09-03T09:14:00+00:00,1.0000
2025-09-04T00:09:00+00:00,2025-09-04T00:19:00+00:00,long,117.0400000,ifvg,1.625,0.4375,6.5000,1.7500,2025-09-03T23:39:00+00:00,1.2500
2025-09-04T05:29:00+00:00,2025-09-04T07:39:00+00:00,short,-166.200000,ifvg,0.6,1.16,3.7500,7.2500,2025-09-04T04:19:00+00:00,0.7500
2025-09-04T14:29:00+00:00,2025-09-04T17:09:00+00:00,long,96.7600000,ifvg,2.5962,0.0577,33.7500,0.7500,2025-09-04T14:09:00+00:00,4.5000
2025-09-08T02:09:00+00:00,2025-09-08T07:44:00+00:00,short,-162.960000,ifvg,0.7097,1.0,5.5000,7.7500,2025-09-08T01:44:00+00:00,1.2500
2025-09-08T07:59:00+00:00,2025-09-08T08:19:00+00:00,short,-188.930000,ifvg,0.25,1.0,1.2500,5.0000,2025-09-08T07:49:00+00:00,0.7500
2025-09-08T14:34:00+00:00,2025-09-08T14:59:00+00:00,long,127.1550000,ifvg,1.7826,0.6087,10.2500,3.5000,2025-09-08T14:24:00+00:00,0.2500
2025-09-09T11:39:00+00:00,2025-09-09T13:04:00+00:00,long,-175.920000,ifvg,1.0,2.25,4.0000,9.0000,2025-09-09T11:24:00+00:00,0.7500
2025-09-10T12:39:00+00:00,2025-09-10T13:34:00+00:00,long,-159.720000,ifvg,0.439,1.0732,4.5000,11.0000,2025-09-10T12:19:00+00:00,1.0000
2025-09-10T14:09:00+00:00,2025-09-10T15:34:00+00:00,long,-95.740000,ifvg,0.1467,1.04,2.7500,19.5000,2025-09-10T13:34:00+00:00,3.0000
2025-09-10T17:09:00+00:00,2025-09-10T17:29:00+00:00,long,-170.970000,ifvg,0.0227,1.0909,0.2500,12.0000,2025-09-10T16:24:00+00:00,0.2500
2025-09-12T15:09:00+00:00,2025-09-12T15:44:00+00:00,short,124.5400000,ifvg,1.8824,0.5882,8.0000,2.5000,2025-09-12T14:59:00+00:00,0.2500
2025-09-16T09:04:00+00:00,2025-09-16T09:39:00+00:00,short,119.3100000,ifvg,2.9091,0.3636,8.0000,1.0000,2025-09-16T08:54:00+00:00,0.7500
2025-09-17T08:54:00+00:00,2025-09-17T16:34:00+00:00,long,-148.470000,ifvg,1.1053,1.0789,10.5000,10.2500,2025-09-17T08:44:00+00:00,2.2500
2025-09-17T18:39:00+00:00,2025-09-17T19:04:00+00:00,short,-11.990000,ifvg,0.8814,0.8475,26.0000,25.0000,2025-09-17T18:29:00+00:00,1.2500
2025-09-17T19:09:00+00:00,2025-09-17T19:14:00+00:00,long,-166.200000,ifvg,1.2,2.8,7.5000,17.5000,2025-09-16T23:19:00+00:00,0.2500
2025-09-18T09:19:00+00:00,2025-09-18T11:49:00+00:00,short,88.5200000,ifvg,2.9167,0.75,17.5000,4.5000,2025-09-18T08:59:00+00:00,0.5000
2025-09-18T13:49:00+00:00,2025-09-18T14:09:00+00:00,short,-108.240000,ifvg,0.1183,0.503,5.0000,21.2500,2025-09-17T22:49:00+00:00,0.7500
2025-09-18T14:09:00+00:00,2025-09-18T20:09:00+00:00,long,-36.990000,ifvg,0.6064,0.6596,14.2500,15.5000,2025-09-18T13:09:00+00:00,3.2500
2025-09-19T13:54:00+00:00,2025-09-19T14:49:00+00:00,long,-131.480000,ifvg,0.0392,1.2745,0.5000,16.2500,2025-09-19T13:39:00+00:00,5.5000
2025-09-22T01:14:00+00:00,2025-09-22T06:44:00+00:00,long,-169.440000,ifvg,0.619,1.2381,3.2500,6.5000,2025-09-22T00:59:00+00:00,1.2500
2025-09-22T12:09:00+00:00,2025-09-22T13:19:00+00:00,short,-153.700000,ifvg,0.3043,1.087,1.7500,6.2500,2025-09-22T10:14:00+00:00,0.7500
2025-09-23T06:04:00+00:00,2025-09-23T08:29:00+00:00,short,-175.920000,ifvg,0.75,1.125,3.0000,4.5000,2025-09-23T05:39:00+00:00,0.7500
2025-09-24T07:09:00+00:00,2025-09-24T07:54:00+00:00,short,-171.430000,ifvg,1.0,1.0,4.5000,4.5000,2025-09-24T06:49:00+00:00,0.5000
2025-09-24T17:44:00+00:00,2025-09-24T20:09:00+00:00,short,-39.490000,ifvg,0.5068,0.4521,9.2500,8.2500,2025-09-24T17:34:00+00:00,0.5000
2025-09-25T07:34:00+00:00,2025-09-25T09:49:00+00:00,long,-137.220000,ifvg,0.4286,1.0571,3.7500,9.2500,2025-09-25T07:09:00+00:00,1.2500
2025-09-25T13:24:00+00:00,2025-09-25T13:34:00+00:00,long,-167.960000,ifvg,0.0312,1.2188,0.2500,9.7500,2025-09-25T12:54:00+00:00,1.7500
2025-09-25T13:39:00+00:00,2025-09-25T14:19:00+00:00,short,-129.490000,ifvg,0.402,1.0098,10.2500,25.7500,2025-09-25T13:24:00+00:00,2.5000
2025-09-25T15:39:00+00:00,2025-09-25T17:59:00+00:00,long,-165.740000,ifvg,0.1527,1.0534,5.0000,34.5000,2025-09-25T15:29:00+00:00,4.7500
2025-09-25T18:19:00+00:00,2025-09-25T20:09:00+00:00,long,113.520000,ifvg,1.2857,0.2449,15.7500,3.0000,2025-09-25T18:09:00+00:00,1.0000
2025-09-26T04:14:00+00:00,2025-09-26T04:59:00+00:00,long,-153.700000,ifvg,0.3478,1.0,2.0000,5.7500,2025-09-26T03:14:00+00:00,0.2500
2025-09-26T14:44:00+00:00,2025-09-26T14:54:00+00:00,long,-133.980000,ifvg,0.1923,1.0769,2.5000,14.0000,2025-09-26T14:29:00+00:00,1.7500
2025-09-29T05:49:00+00:00,2025-09-29T06:19:00+00:00,short,-173.140000,ifvg,0.6364,1.0,1.7500,2.7500,2025-09-29T05:29:00+00:00,0.5000
2025-09-29T10:39:00+00:00,2025-09-29T11:14:00+00:00,short,102.0400000,ifvg,2.5,0.5714,8.7500,2.0000,2025-09-29T10:29:00+00:00,1.5000
2025-09-30T07:59:00+00:00,2025-09-30T08:04:00+00:00,long,-159.950000,ifvg,0.0,1.0417,0,6.2500,2025-09-30T07:49:00+00:00,0.7500
2025-09-30T14:14:00+00:00,2025-09-30T14:54:00+00:00,short,-35.970000,ifvg,1.0833,0.8056,9.7500,7.2500,2025-09-30T14:04:00+00:00,2.5000
2025-09-30T14:54:00+00:00,2025-09-30T15:29:00+00:00,long,-144.720000,ifvg,0.8378,1.4054,7.7500,13.0000,2025-09-30T14:44:00+00:00,0.5000
2025-10-01T13:39:00+00:00,2025-10-01T13:49:00+00:00,long,-158.980000,ifvg,0.1774,1.2258,2.7500,19.0000,2025-10-01T01:59:00+00:00,0.2500
2025-10-01T13:54:00+00:00,2025-10-01T14:39:00+00:00,short,-99.490000,ifvg,0.2564,1.141,5.0000,22.2500,2025-10-01T13:39:00+00:00,6.5000
2025-10-01T23:39:00+00:00,2025-10-01T23:59:00+00:00,short,-169.900000,ifvg,0.0,1.0833,0,3.2500,2025-10-01T23:24:00+00:00,1.0000
2025-10-02T01:44:00+00:00,2025-10-02T04:04:00+00:00,short,21.070000,ifvg,1.3125,0.6875,5.2500,2.7500,2025-10-02T01:19:00+00:00,0.7500
2025-10-02T04:04:00+00:00,2025-10-02T04:24:00+00:00,long,-155.920000,ifvg,0.7857,1.0714,2.7500,3.7500,2025-10-02T03:34:00+00:00,0.7500
2025-10-02T06:14:00+00:00,2025-10-02T08:09:00+00:00,short,-137.960000,ifvg,0.4231,1.1923,2.7500,7.7500,2025-10-02T04:04:00+00:00,1.0000
2025-10-02T22:49:00+00:00,2025-10-03T00:34:00+00:00,long,99.0300000,ifvg,2.6667,0.1667,12.0000,0.7500,2025-10-02T22:39:00+00:00,0.7500
2025-10-03T11:49:00+00:00,2025-10-03T11:59:00+00:00,long,-154.440000,ifvg,0.1579,1.4211,0.7500,6.7500,2025-10-03T11:34:00+00:00,0.7500
2025-10-06T04:04:00+00:00,2025-10-06T04:14:00+00:00,short,-173.880000,ifvg,0.3,1.5,0.7500,3.7500,2025-10-06T03:49:00+00:00,0.2500
2025-10-06T04:19:00+00:00,2025-10-06T07:39:00+00:00,long,-153.700000,ifvg,0.5652,1.087,3.2500,6.2500,2025-10-06T04:09:00+00:00,0.2500
2025-10-07T08:09:00+00:00,2025-10-07T09:19:00+00:00,short,-122.220000,ifvg,0.5484,1.0323,4.2500,8.0000,2025-10-07T07:59:00+00:00,0.2500
2025-10-07T10:49:00+00:00,2025-10-07T11:54:00+00:00,short,-164.160000,ifvg,0.3846,1.2308,1.2500,4.0000,2025-10-07T10:39:00+00:00,1.2500
2025-10-07T16:54:00+00:00,2025-10-07T20:09:00+00:00,short,-64.490000,ifvg,0.1679,0.3942,5.7500,13.5000,2025-10-07T16:39:00+00:00,2.0000
2025-10-08T11:24:00+00:00,2025-10-08T11:49:00+00:00,short,-165.920000,ifvg,0.7333,1.0667,2.7500,4.0000,2025-10-08T11:04:00+00:00,0.5000
2025-10-08T13:54:00+00:00,2025-10-08T14:09:00+00:00,long,70.5100000,ifvg,2.7105,0.1842,25.7500,1.7500,2025-10-08T13:39:00+00:00,2.5000
2025-10-09T13:49:00+00:00,2025-10-09T14:24:00+00:00,short,85.5100000,ifvg,2.6522,0.1522,30.5000,1.7500,2025-10-09T10:59:00+00:00,0.5000
2025-10-10T07:09:00+00:00,2025-10-10T09:49:00+00:00,long,-147.960000,ifvg,0.9643,1.1071,6.7500,7.7500,2025-10-10T06:54:00+00:00,1.7500
2025-10-10T13:59:00+00:00,2025-10-10T14:59:00+00:00,short,96.7600000,ifvg,4.1731,0.2692,54.2500,3.5000,2025-10-10T13:44:00+00:00,4.0000
2025-10-10T15:19:00+00:00,2025-10-10T15:29:00+00:00,long,-159.490000,ifvg,0.1587,1.1905,5.0000,37.5000,2025-10-10T15:09:00+00:00,1.0000
2025-10-13T03:14:00+00:00,2025-10-13T03:54:00+00:00,long,-113.980000,ifvg,0.0,1.1364,0,12.5000,2025-10-13T03:04:00+00:00,1.5000
2025-10-13T17:19:00+00:00,2025-10-13T18:34:00+00:00,short,-144.720000,ifvg,0.8919,1.2162,8.2500,11.2500,2025-10-13T17:04:00+00:00,3.0000
2025-10-14T00:09:00+00:00,2025-10-14T00:19:00+00:00,long,93.4050000,ifvg,2.8235,0.5294,12.0000,2.2500,2025-10-13T23:44:00+00:00,0.5000
2025-10-14T00:54:00+00:00,2025-10-14T03:19:00+00:00,short,74.2600000,ifvg,2.625,0.45,26.2500,4.5000,2025-10-14T00:39:00+00:00,3.2500
2025-10-14T13:59:00+00:00,2025-10-14T16:24:00+00:00,long,361.7600000,ifvg,2.5,0.1293,72.5000,3.7500,2025-10-14T13:44:00+00:00,4.2500
2025-10-16T08:34:00+00:00,2025-10-16T10:09:00+00:00,short,-144.720000,ifvg,0.3784,1.1892,3.5000,11.0000,2025-10-16T08:04:00+00:00,1.0000
2025-10-16T17:04:00+00:00,2025-10-16T18:14:00+00:00,long,-158.240000,ifvg,0.736,1.288,23.0000,40.2500,2025-10-16T16:39:00+00:00,11.0000
2025-10-17T05:59:00+00:00,2025-10-17T06:39:00+00:00,long,-162.960000,ifvg,0.7742,2.0645,6.0000,16.0000,2025-10-17T05:44:00+00:00,1.0000
2025-10-17T10:09:00+00:00,2025-10-17T13:54:00+00:00,long,380.5100000,ifvg,2.5656,0.3607,78.2500,11.0000,2025-10-17T09:49:00+00:00,2.2500
2025-10-20T05:24:00+00:00,2025-10-20T05:54:00+00:00,short,-153.930000,ifvg,0.5,1.0625,2.0000,4.2500,2025-10-20T04:59:00+00:00,0.2500
2025-10-20T10:49:00+00:00,2025-10-20T12:24:00+00:00,short,-155.970000,ifvg,0.375,1.025,3.7500,10.2500,2025-10-20T10:39:00+00:00,3.0000
2025-10-20T23:44:00+00:00,2025-10-21T01:04:00+00:00,short,-165.920000,ifvg,0.6667,1.2,2.5000,4.5000,2025-10-20T23:34:00+00:00,0.2500
2025-10-21T13:34:00+00:00,2025-10-21T13:44:00+00:00,long,-142.960000,ifvg,0.3704,1.2593,2.5000,8.5000,2025-10-21T13:14:00+00:00,1.7500
2025-10-21T14:24:00+00:00,2025-10-21T20:04:00+00:00,long,-71.480000,ifvg,0.9508,0.8689,14.5000,13.2500,2025-10-21T13:49:00+00:00,1.7500
2025-10-21T23:29:00+00:00,2025-10-22T04:14:00+00:00,long,72.3850000,ifvg,1.641,0.8974,16.0000,8.7500,2025-10-21T23:09:00+00:00,1.2500
2025-10-22T07:09:00+00:00,2025-10-22T08:24:00+00:00,short,104.6550000,ifvg,2.2632,0.9474,10.7500,4.5000,2025-10-22T06:44:00+00:00,1.5000
2025-10-22T09:29:00+00:00,2025-10-22T11:09:00+00:00,long,-147.450000,ifvg,1.3636,1.1364,7.5000,6.2500,2025-10-22T09:14:00+00:00,0.2500
2025-10-23T04:29:00+00:00,2025-10-23T05:24:00+00:00,long,-146.940000,ifvg,0.0,1.2778,0,5.7500,2025-10-23T04:19:00+00:00,1.5000
2025-10-23T07:24:00+00:00,2025-10-23T07:49:00+00:00,short,-137.960000,ifvg,0.4231,1.0385,2.7500,6.7500,2025-10-23T06:54:00+00:00,1.7500
2025-10-24T09:54:00+00:00,2025-10-24T11:54:00+00:00,short,-164.160000,ifvg,0.7692,1.0,2.5000,3.2500,2025-10-24T09:44:00+00:00,0.5000
2025-10-24T16:54:00+00:00,2025-10-24T20:09:00+00:00,long,-54.490000,ifvg,0.2133,0.7067,4.0000,13.2500,2025-10-24T16:44:00+00:00,0.2500
2025-10-27T15:19:00+00:00,2025-10-27T19:39:00+00:00,long,72.3850000,ifvg,2.6154,0.1538,25.5000,1.5000,2025-10-27T14:59:00+00:00,0.2500
2025-10-29T04:29:00+00:00,2025-10-29T08:19:00+00:00,long,107.2700000,ifvg,1.6897,0.0345,12.2500,0.2500,2025-10-29T04:09:00+00:00,1.2500
2025-10-29T11:04:00+00:00,2025-10-29T11:29:00+00:00,short,-147.960000,ifvg,0.0,1.0357,0,7.2500,2025-10-29T10:54:00+00:00,0.2500
2025-10-29T23:54:00+00:00,2025-10-30T02:09:00+00:00,long,91.1350000,ifvg,2.449,0.1633,30.0000,2.0000,2025-10-29T23:44:00+00:00,2.2500
2025-10-30T04:09:00+00:00,2025-10-30T04:14:00+00:00,short,78.0100000,ifvg,2.119,0.0,22.2500,0,2025-10-30T03:09:00+00:00,2.5000
2025-10-30T07:19:00+00:00,2025-10-30T08:14:00+00:00,long,-113.980000,ifvg,0.0,1.2045,0,13.2500,2025-10-30T07:04:00+00:00,0.2500
2025-10-30T13:54:00+00:00,2025-10-30T14:24:00+00:00,long,-90.740000,ifvg,0.338,1.2113,6.0000,21.5000,2025-10-30T13:44:00+00:00,3.0000
2025-10-30T16:39:00+00:00,2025-10-30T20:04:00+00:00,short,211.7600000,ifvg,2.5147,0.3971,42.7500,6.7500,2025-10-30T16:14:00+00:00,4.0000
2025-10-31T00:09:00+00:00,2025-10-31T00:24:00+00:00,short,-147.960000,ifvg,0.1071,1.2857,0.7500,9.0000,2025-10-30T23:54:00+00:00,0.7500
2025-10-31T06:49:00+00:00,2025-10-31T07:39:00+00:00,short,-164.160000,ifvg,1.3846,1.5385,4.5000,5.0000,2025-10-31T06:39:00+00:00,0.2500
2025-10-31T08:19:00+00:00,2025-10-31T08:59:00+00:00,short,-142.960000,ifvg,0.1481,1.0,1.0000,6.7500,2025-10-31T07:44:00+00:00,1.5000
2025-10-31T15:44:00+00:00,2025-10-31T19:04:00+00:00,short,41.760000,ifvg,2.0,0.369,42.0000,7.7500,2025-10-31T14:39:00+00:00,1.0000
2025-10-31T19:04:00+00:00,2025-10-31T19:54:00+00:00,long,25.510000,ifvg,0.7419,0.0242,23.0000,0.7500,2025-10-31T18:54:00+00:00,0.2500
2025-11-03T14:39:00+00:00,2025-11-03T14:54:00+00:00,short,55.5100000,ifvg,2.8,0.0333,21.0000,0.2500,2025-11-03T14:24:00+00:00,2.0000
2025-11-04T12:24:00+00:00,2025-11-04T12:44:00+00:00,long,-5.740000,ifvg,0.2642,0.0377,7.0000,1.0000,2025-11-04T12:09:00+00:00,2.0000
2025-11-04T12:44:00+00:00,2025-11-04T12:54:00+00:00,short,-146.940000,ifvg,0.2222,1.5556,1.0000,7.0000,2025-11-04T12:34:00+00:00,0.5000
2025-11-04T14:39:00+00:00,2025-11-04T14:44:00+00:00,short,-84.490000,ifvg,0.1667,1.2121,2.7500,20.0000,2025-11-04T14:19:00+00:00,2.0000
2025-11-05T08:14:00+00:00,2025-11-05T10:54:00+00:00,long,-146.480000,ifvg,0.4035,1.2105,5.7500,17.2500,2025-11-05T07:14:00+00:00,2.2500
2025-11-05T14:54:00+00:00,2025-11-05T15:04:00+00:00,long,-147.450000,ifvg,0.6818,1.4091,3.7500,7.7500,2025-11-05T13:14:00+00:00,0.2500
2025-11-06T03:59:00+00:00,2025-11-06T06:29:00+00:00,short,73.5200000,ifvg,3.0,0.9,15.0000,4.5000,2025-11-06T03:44:00+00:00,0.7500
2025-11-06T07:39:00+00:00,2025-11-06T07:44:00+00:00,short,185.2800000,ifvg,0.5091,1.0182,7.0000,14.0000,2025-11-06T02:39:00+00:00,1.2500
2025-11-07T04:24:00+00:00,2025-11-07T06:04:00+00:00,long,81.7600000,ifvg,2.0,0.2955,22.0000,3.2500,2025-11-07T04:09:00+00:00,1.7500
2025-11-07T08:54:00+00:00,2025-11-07T09:34:00+00:00,long,-152.960000,ifvg,0.6207,1.1379,4.5000,8.2500,2025-11-07T08:34:00+00:00,0.7500
2025-11-07T13:54:00+00:00,2025-11-07T14:24:00+00:00,long,-126.480000,ifvg,0.0612,1.0,0.7500,12.2500,2025-11-07T13:34:00+00:00,0.2500
2025-11-10T00:09:00+00:00,2025-11-10T01:29:00+00:00,short,-131.480000,ifvg,0.2353,1.0392,3.0000,13.2500,2025-11-09T23:59:00+00:00,1.2500
2025-11-10T03:44:00+00:00,2025-11-10T04:14:00+00:00,short,-145.920000,ifvg,0.5385,1.0769,1.7500,3.5000,2025-11-10T03:34:00+00:00,0.7500
2025-11-10T08:29:00+00:00,2025-11-10T09:04:00+00:00,long,77.2700000,ifvg,3.0476,0.1905,16.0000,1.0000,2025-11-10T08:19:00+00:00,1.0000
2025-11-11T09:54:00+00:00,2025-11-11T13:29:00+00:00,long,-153.930000,ifvg,1.375,1.5,5.5000,6.0000,2025-11-11T09:44:00+00:00,0.7500
2025-11-11T13:39:00+00:00,2025-11-11T15:09:00+00:00,long,-118.470000,ifvg,1.2,1.1667,9.0000,8.7500,2025-11-11T13:29:00+00:00,3.2500
2025-11-11T16:34:00+00:00,2025-11-11T17:09:00+00:00,short,-106.480000,ifvg,0.3415,1.1707,3.5000,12.0000,2025-11-11T16:24:00+00:00,0.7500
2025-11-12T08:24:00+00:00,2025-11-12T11:29:00+00:00,long,-140.970000,ifvg,0.6389,1.0833,5.7500,9.7500,2025-11-12T08:04:00+00:00,0.2500
2025-11-13T01:14:00+00:00,2025-11-13T09:29:00+00:00,long,-114.490000,ifvg,0.3333,1.0,7.5000,22.5000,2025-11-12T23:09:00+00:00,12.5000
2025-11-14T05:29:00+00:00,2025-11-14T07:09:00+00:00,long,-126.480000,ifvg,0.8367,1.2041,10.2500,14.7500,2025-11-14T05:04:00+00:00,0.5000
2025-11-14T08:59:00+00:00,2025-11-14T11:04:00+00:00,long,-106.480000,ifvg,0.9512,1.0732,9.7500,11.0000,2025-11-14T08:49:00+00:00,1.2500
2025-11-14T14:39:00+00:00,2025-11-14T14:49:00+00:00,short,-118.240000,ifvg,0.2258,1.043,5.2500,24.2500,2025-11-14T13:54:00+00:00,4.2500
2025-11-14T18:59:00+00:00,2025-11-14T19:09:00+00:00,long,-142.960000,ifvg,0.4444,1.5185,3.0000,10.2500,2025-11-14T18:49:00+00:00,0.5000
2025-11-17T14:04:00+00:00,2025-11-17T14:29:00+00:00,long,-101.480000,ifvg,0.1282,1.2308,1.2500,12.0000,2025-11-17T13:49:00+00:00,0.2500
2025-11-17T14:44:00+00:00,2025-11-17T16:09:00+00:00,long,-121.990000,ifvg,0.7188,1.3021,17.2500,31.2500,2025-11-17T13:39:00+00:00,2.0000
2025-11-17T18:59:00+00:00,2025-11-17T21:09:00+00:00,short,25.510000,ifvg,1.0057,0.0857,44.0000,3.7500,2025-11-17T18:49:00+00:00,0.2500
2025-11-18T07:29:00+00:00,2025-11-18T08:04:00+00:00,long,74.2600000,ifvg,3.425,0.125,34.2500,1.2500,2025-11-18T07:09:00+00:00,0.7500
2025-11-18T11:14:00+00:00,2025-11-18T12:14:00+00:00,short,83.6350000,ifvg,2.4667,0.5778,27.7500,6.5000,2025-11-18T10:59:00+00:00,2.2500
2025-11-18T13:09:00+00:00,2025-11-18T14:34:00+00:00,long,-76.990000,ifvg,1.0667,1.1667,16.0000,17.5000,2025-11-18T12:54:00+00:00,1.2500
2025-11-18T14:49:00+00:00,2025-11-18T17:44:00+00:00,short,-104.490000,ifvg,2.4878,1.0366,51.0000,21.2500,2025-11-18T14:39:00+00:00,1.2500
2025-11-19T03:24:00+00:00,2025-11-19T04:14:00+00:00,short,64.8850000,ifvg,2.8857,0.1143,25.2500,1.0000,2025-11-19T02:34:00+00:00,2.0000
2025-11-19T05:59:00+00:00,2025-11-19T08:29:00+00:00,long,85.5100000,ifvg,1.8913,0.3478,21.7500,4.0000,2025-11-19T05:44:00+00:00,1.7500
2025-11-19T08:29:00+00:00,2025-11-19T08:44:00+00:00,long,70.510000,ifvg,0.1791,0.5522,3.0000,9.2500,2025-11-19T08:14:00+00:00,1.0000
2025-11-19T08:49:00+00:00,2025-11-19T09:19:00+00:00,short,-54.720000,ifvg,1.3793,0.5172,10.0000,3.7500,2025-11-19T08:34:00+00:00,1.0000
2025-11-19T09:19:00+00:00,2025-11-19T15:04:00+00:00,long,227.3850000,ifvg,2.6986,0.6849,49.2500,12.5000,2025-11-19T08:44:00+00:00,1.7500
2025-11-19T17:49:00+00:00,2025-11-19T20:39:00+00:00,long,199.2600000,ifvg,2.6875,0.7656,43.0000,12.2500,2025-11-19T17:39:00+00:00,0.5000
2025-11-20T07:44:00+00:00,2025-11-20T08:49:00+00:00,short,-147.960000,ifvg,0.9643,1.1071,6.7500,7.7500,2025-11-20T07:24:00+00:00,0.5000
2025-11-20T11:39:00+00:00,2025-11-20T11:54:00+00:00,long,-103.980000,ifvg,0.15,1.025,1.5000,10.2500,2025-11-20T11:29:00+00:00,0.2500
2025-11-20T15:54:00+00:00,2025-11-20T16:14:00+00:00,short,180.5100000,ifvg,2.5,0.1897,36.2500,2.7500,2025-11-20T15:29:00+00:00,1.5000
2025-11-21T08:14:00+00:00,2025-11-21T09:44:00+00:00,long,-90.740000,ifvg,0.6056,1.0563,10.7500,18.7500,2025-11-21T07:54:00+00:00,3.5000
2025-11-24T08:09:00+00:00,2025-11-24T08:19:00+00:00,short,-103.980000,ifvg,0.125,1.45,1.2500,14.5000,2025-11-24T07:49:00+00:00,4.5000
2025-11-24T08:24:00+00:00,2025-11-24T09:19:00+00:00,long,-136.480000,ifvg,0.3019,1.1132,4.0000,14.7500,2025-11-24T08:09:00+00:00,7.0000
2025-11-24T14:29:00+00:00,2025-11-24T14:34:00+00:00,short,-118.470000,ifvg,0.3667,3.2667,2.7500,24.5000,2025-11-24T14:19:00+00:00,0.2500
2025-11-25T02:09:00+00:00,2025-11-25T03:39:00+00:00,long,-11.940000,ifvg,1.1765,0.2941,5.0000,1.2500,2025-11-25T01:44:00+00:00,0.5000
2025-11-25T03:39:00+00:00,2025-11-25T05:19:00+00:00,short,-110.970000,ifvg,0.4643,1.0,3.2500,7.0000,2025-11-25T02:44:00+00:00,1.0000
2025-11-25T05:29:00+00:00,2025-11-25T09:29:00+00:00,short,53.6350000,ifvg,1.8621,0.8621,13.5000,6.2500,2025-11-25T04:14:00+00:00,0.2500
2025-11-25T09:49:00+00:00,2025-11-25T12:04:00+00:00,long,92.2700000,ifvg,3.92,0.8,24.5000,5.0000,2025-11-25T09:34:00+00:00,2.5000
2025-11-25T14:49:00+00:00,2025-11-25T14:54:00+00:00,short,-84.490000,ifvg,0.2727,1.6212,4.5000,26.7500,2025-11-25T14:39:00+00:00,6.2500
2025-11-25T19:59:00+00:00,2025-11-25T20:49:00+00:00,long,85.5100000,ifvg,1.9565,0.0435,22.5000,0.5000,2025-11-25T19:24:00+00:00,1.5000
2025-11-27T01:14:00+00:00,2025-11-27T02:04:00+00:00,short,-153.930000,ifvg,0.4375,1.0,1.7500,4.0000,2025-11-27T01:04:00+00:00,1.2500
2025-11-27T08:24:00+00:00,2025-11-27T09:59:00+00:00,long,-114.720000,ifvg,0.0345,1.0,0.2500,7.2500,2025-11-27T06:09:00+00:00,0.2500
2025-11-27T13:29:00+00:00,2025-11-27T14:24:00+00:00,long,90.0500000,ifvg,2.0,0.2,5.0000,0.5000,2025-11-27T13:19:00+00:00,0.2500
2025-11-30T23:39:00+00:00,2025-12-01T00:24:00+00:00,short,92.2700000,ifvg,2.64,0.48,16.5000,3.0000,2025-11-30T23:24:00+00:00,1.5000
2025-12-01T01:24:00+00:00,2025-12-01T02:49:00+00:00,long,-122.220000,ifvg,0.5484,1.1935,4.2500,9.2500,2025-12-01T01:14:00+00:00,0.2500
2025-12-01T09:14:00+00:00,2025-12-01T12:49:00+00:00,long,-101.990000,ifvg,0.0875,1.05,1.7500,21.0000,2025-12-01T01:59:00+00:00,0.2500
2025-12-01T19:44:00+00:00,2025-12-01T21:09:00+00:00,long,-21.480000,ifvg,0.8,0.9,8.0000,9.0000,2025-12-01T19:34:00+00:00,1.0000
2025-12-01T23:29:00+00:00,2025-12-02T03:29:00+00:00,long,-140.970000,ifvg,0.4167,1.2778,3.7500,11.5000,2025-12-01T23:14:00+00:00,3.5000
2025-12-02T03:49:00+00:00,2025-12-02T06:24:00+00:00,long,-147.960000,ifvg,0.8214,1.0357,5.7500,7.2500,2025-12-02T03:34:00+00:00,2.0000
2025-12-02T06:39:00+00:00,2025-12-02T06:59:00+00:00,long,99.4250000,ifvg,2.1818,0.6364,6.0000,1.7500,2025-12-02T06:29:00+00:00,0.5000
2025-12-02T15:49:00+00:00,2025-12-02T16:14:00+00:00,long,-93.240000,ifvg,0.2877,1.1781,5.2500,21.5000,2025-12-02T15:34:00+00:00,7.0000
2025-12-03T00:54:00+00:00,2025-12-03T02:39:00+00:00,long,54.030000,ifvg,0.8919,0.1081,8.2500,1.0000,2025-12-03T00:24:00+00:00,1.7500
2025-12-03T02:39:00+00:00,2025-12-03T03:29:00+00:00,short,-155.920000,ifvg,0.4286,1.0714,1.5000,3.7500,2025-12-03T02:29:00+00:00,0.7500
2025-12-03T08:09:00+00:00,2025-12-03T08:24:00+00:00,long,-127.960000,ifvg,0.0417,1.125,0.2500,6.7500,2025-12-03T07:49:00+00:00,0.5000
2025-12-03T13:24:00+00:00,2025-12-03T14:04:00+00:00,short,88.5200000,ifvg,4.3333,0.5833,26.0000,3.5000,2025-12-03T12:44:00+00:00,0.7500
2025-12-03T16:39:00+00:00,2025-12-03T21:09:00+00:00,long,33.010000,ifvg,0.4323,0.4258,16.7500,16.5000,2025-12-03T14:09:00+00:00,19.2500
2025-12-04T02:29:00+00:00,2025-12-04T03:34:00+00:00,long,-136.430000,ifvg,1.0714,1.0,3.7500,3.5000,2025-12-04T02:19:00+00:00,0.5000
2025-12-04T09:29:00+00:00,2025-12-04T14:09:00+00:00,long,99.7700000,ifvg,2.5556,0.4074,17.2500,2.7500,2025-12-04T09:19:00+00:00,0.2500
2025-12-08T07:24:00+00:00,2025-12-08T08:04:00+00:00,long,-155.920000,ifvg,0.4286,1.1429,1.5000,4.0000,2025-12-08T07:04:00+00:00,1.0000
2025-12-09T08:34:00+00:00,2025-12-09T09:29:00+00:00,short,82.1550000,ifvg,5.1333,0.3333,19.2500,1.2500,2025-12-09T08:24:00+00:00,0.2500
2025-12-09T10:44:00+00:00,2025-12-09T14:14:00+00:00,short,55.5100000,ifvg,1.7333,0.6,13.0000,4.5000,2025-12-09T10:34:00+00:00,0.2500
2025-12-10T00:24:00+00:00,2025-12-10T04:39:00+00:00,short,-129.720000,ifvg,0.3939,1.0606,3.2500,8.7500,2025-12-10T00:14:00+00:00,1.5000
2025-12-10T12:09:00+00:00,2025-12-10T15:54:00+00:00,short,3.010000,ifvg,0.7333,0.9667,11.0000,14.5000,2025-12-10T11:59:00+00:00,1.0000
2025-12-10T15:54:00+00:00,2025-12-10T19:34:00+00:00,long,196.1350000,ifvg,2.5238,0.5556,39.7500,8.7500,2025-12-10T15:39:00+00:00,2.7500
2025-12-11T06:44:00+00:00,2025-12-11T07:09:00+00:00,long,-122.960000,ifvg,0.2609,1.2609,1.5000,7.2500,2025-12-11T06:24:00+00:00,1.7500
2025-12-11T08:09:00+00:00,2025-12-11T08:54:00+00:00,short,-147.450000,ifvg,0.9091,1.4545,5.0000,8.0000,2025-12-11T07:39:00+00:00,0.7500
2025-12-11T14:54:00+00:00,2025-12-11T15:09:00+00:00,short,-88.240000,ifvg,0.2754,1.2319,4.7500,21.2500,2025-12-11T11:59:00+00:00,0.7500
2025-12-11T15:14:00+00:00,2025-12-11T16:59:00+00:00,long,19.260000,ifvg,1.2031,0.625,19.2500,10.0000,2025-12-11T14:59:00+00:00,4.0000
2025-12-11T16:59:00+00:00,2025-12-11T17:14:00+00:00,short,-136.480000,ifvg,0.0566,1.1887,0.7500,15.7500,2025-12-11T16:49:00+00:00,4.2500
2025-12-12T02:54:00+00:00,2025-12-12T03:19:00+00:00,short,90.0500000,ifvg,1.8,0.5,4.5000,1.2500,2025-12-12T02:44:00+00:00,0.2500
2025-12-12T06:39:00+00:00,2025-12-12T09:09:00+00:00,short,99.0300000,ifvg,1.6667,0.6667,7.5000,3.0000,2025-12-12T05:49:00+00:00,0.5000
2025-12-12T10:24:00+00:00,2025-12-12T15:29:00+00:00,short,199.2600000,ifvg,2.9531,0.7344,47.2500,11.7500,2025-12-12T10:14:00+00:00,1.0000
2025-12-15T04:19:00+00:00,2025-12-15T04:34:00+00:00,short,-77.960000,ifvg,0.0357,0.6429,0.2500,4.5000,2025-12-15T03:54:00+00:00,0.2500
2025-12-15T04:34:00+00:00,2025-12-15T08:14:00+00:00,long,-153.930000,ifvg,1.375,1.0,5.5000,4.0000,2025-12-15T04:19:00+00:00,0.7500
2025-12-15T12:14:00+00:00,2025-12-15T12:44:00+00:00,short,-141.200000,ifvg,0.2857,1.2381,1.5000,6.5000,2025-12-15T10:49:00+00:00,0.2500
2025-12-15T12:49:00+00:00,2025-12-15T14:34:00+00:00,long,-127.960000,ifvg,1.3333,1.875,8.0000,11.2500,2025-12-15T12:14:00+00:00,1.7500
2025-12-15T14:39:00+00:00,2025-12-15T14:44:00+00:00,short,-125.970000,ifvg,0.0,1.125,0,9.0000,2025-12-15T13:54:00+00:00,0.7500
2025-12-15T16:39:00+00:00,2025-12-15T21:09:00+00:00,short,3.010000,ifvg,0.3515,0.2303,14.5000,9.5000,2025-12-15T16:24:00+00:00,4.0000
2025-12-16T19:09:00+00:00,2025-12-16T19:54:00+00:00,short,-90.740000,ifvg,0.4789,1.0563,8.5000,18.7500,2025-12-16T18:49:00+00:00,4.7500
2025-12-17T07:14:00+00:00,2025-12-17T14:49:00+00:00,long,-104.490000,ifvg,0.8049,1.1951,16.5000,24.5000,2025-12-17T06:59:00+00:00,0.7500
2025-12-18T07:04:00+00:00,2025-12-18T08:19:00+00:00,long,81.0200000,ifvg,1.7273,0.1364,9.5000,0.7500,2025-12-18T06:54:00+00:00,0.2500
2025-12-18T08:34:00+00:00,2025-12-18T08:49:00+00:00,short,-145.180000,ifvg,0.2,2.0,0.7500,7.5000,2025-12-18T08:24:00+00:00,0.7500
2025-12-18T14:59:00+00:00,2025-12-18T21:09:00+00:00,long,-86.990000,ifvg,0.7365,0.8919,27.2500,33.0000,2025-12-18T14:44:00+00:00,0.7500
2025-12-19T01:09:00+00:00,2025-12-19T01:59:00+00:00,short,-114.720000,ifvg,0.4483,1.0345,3.2500,7.5000,2025-12-19T00:59:00+00:00,1.5000
2025-12-19T06:59:00+00:00,2025-12-19T07:04:00+00:00,long,87.7800000,ifvg,1.8125,0.0625,7.2500,0.2500,2025-12-19T06:49:00+00:00,0.5000
2025-12-19T10:19:00+00:00,2025-12-19T12:54:00+00:00,long,-96.990000,ifvg,0.0263,1.0263,0.5000,19.5000,2025-12-19T10:09:00+00:00,1.2500
2025-12-22T12:19:00+00:00,2025-12-22T12:29:00+00:00,short,-145.920000,ifvg,0.0,1.0,0,3.2500,2025-12-22T12:09:00+00:00,0.2500
2025-12-22T13:44:00+00:00,2025-12-22T14:04:00+00:00,short,-131.940000,ifvg,0.0625,1.5,0.2500,6.0000,2025-12-22T13:29:00+00:00,1.5000
2025-12-22T15:24:00+00:00,2025-12-22T15:29:00+00:00,long,-161.100000,ifvg,0.7143,1.1429,1.2500,2.0000,2025-12-22T12:19:00+00:00,0.2500
2025-12-22T15:49:00+00:00,2025-12-22T21:09:00+00:00,long,108.520000,ifvg,1.4419,0.2791,15.5000,3.0000,2025-12-22T15:39:00+00:00,1.0000
2025-12-23T15:09:00+00:00,2025-12-23T15:39:00+00:00,short,-98.980000,ifvg,0.5,1.2895,4.7500,12.2500,2025-12-23T14:49:00+00:00,3.0000
2025-12-24T10:09:00+00:00,2025-12-24T12:19:00+00:00,short,-139.440000,ifvg,0.1176,1.0,0.5000,4.2500,2025-12-24T09:19:00+00:00,1.2500
2025-12-26T13:54:00+00:00,2025-12-26T14:19:00+00:00,short,-136.430000,ifvg,0.0714,1.0,0.2500,3.5000,2025-12-26T13:44:00+00:00,1.0000
2025-12-26T17:34:00+00:00,2025-12-26T18:24:00+00:00,long,-136.430000,ifvg,0.7857,1.5714,2.7500,5.5000,2025-12-26T17:14:00+00:00,0.2500
2025-12-29T05:09:00+00:00,2025-12-29T08:39:00+00:00,short,88.5200000,ifvg,2.5417,0.6667,15.2500,4.0000,2025-12-29T03:39:00+00:00,2.2500
2025-12-29T11:39:00+00:00,2025-12-29T12:44:00+00:00,long,-139.440000,ifvg,0.5882,1.4118,2.5000,6.0000,2025-12-29T11:19:00+00:00,0.2500
2025-12-29T14:34:00+00:00,2025-12-29T14:39:00+00:00,long,49.8850000,ifvg,1.7037,0.2222,11.5000,1.5000,2025-12-29T14:24:00+00:00,1.5000
2025-12-29T14:54:00+00:00,2025-12-29T21:09:00+00:00,short,-13.980000,ifvg,1.4375,0.7708,17.2500,9.2500,2025-12-29T14:44:00+00:00,1.2500
2025-12-29T23:39:00+00:00,2025-12-30T00:59:00+00:00,long,-131.940000,ifvg,0.125,1.0625,0.5000,4.2500,2025-12-29T23:24:00+00:00,0.5000
2025-12-30T12:44:00+00:00,2025-12-30T13:39:00+00:00,long,-134.950000,ifvg,0.3,1.2,1.5000,6.0000,2025-12-30T11:14:00+00:00,0.5000
2025-12-30T13:44:00+00:00,2025-12-30T14:59:00+00:00,short,-125.970000,ifvg,0.8438,1.25,6.7500,10.0000,2025-12-30T11:54:00+00:00,4.0000
2025-12-30T15:19:00+00:00,2025-12-30T16:24:00+00:00,short,-64.490000,ifvg,0.26,1.4,3.2500,17.5000,2025-12-30T14:54:00+00:00,4.2500
2025-12-30T16:44:00+00:00,2025-12-30T21:09:00+00:00,short,99.030000,ifvg,1.4231,0.4615,9.2500,3.0000,2025-12-30T16:29:00+00:00,1.0000
2025-12-31T17:14:00+00:00,2025-12-31T21:09:00+00:00,short,138.010000,ifvg,1.9385,0.8308,31.5000,13.5000,2025-12-31T16:59:00+00:00,1.7500
2026-01-02T14:54:00+00:00,2026-01-02T15:14:00+00:00,long,-79.490000,ifvg,0.4355,1.4032,6.7500,21.7500,2026-01-02T14:39:00+00:00,3.5000
2026-01-02T15:19:00+00:00,2026-01-02T15:39:00+00:00,short,5.510000,ifvg,1.1375,0.0625,22.7500,1.2500,2026-01-02T14:54:00+00:00,9.0000
2026-01-02T15:39:00+00:00,2026-01-02T15:59:00+00:00,long,-103.240000,ifvg,0.4444,1.3086,9.0000,26.5000,2026-01-02T15:29:00+00:00,9.0000
2026-01-02T17:54:00+00:00,2026-01-02T21:09:00+00:00,short,-108.240000,ifvg,0.4737,0.7895,15.7500,26.2500,2026-01-02T17:19:00+00:00,6.5000
2026-01-05T00:44:00+00:00,2026-01-05T01:04:00+00:00,short,-99.720000,ifvg,0.0,1.16,0,7.2500,2026-01-05T00:24:00+00:00,1.5000
2026-01-05T06:34:00+00:00,2026-01-05T06:44:00+00:00,short,-135.920000,ifvg,0.0,1.1667,0,3.5000,2026-01-05T06:04:00+00:00,0.2500
2026-01-05T11:34:00+00:00,2026-01-05T11:54:00+00:00,short,-124.440000,ifvg,0.1333,1.0,0.5000,3.7500,2026-01-05T11:24:00+00:00,0.2500
2026-01-05T13:39:00+00:00,2026-01-05T14:04:00+00:00,long,88.5200000,ifvg,2.8333,0.5,17.0000,3.0000,2026-01-05T13:29:00+00:00,1.2500
2026-01-08T00:44:00+00:00,2026-01-08T02:49:00+00:00,long,-122.220000,ifvg,0.1935,1.5806,1.5000,12.2500,2026-01-08T00:29:00+00:00,0.2500
2026-01-08T15:14:00+00:00,2026-01-08T16:14:00+00:00,long,-39.490000,ifvg,0.1477,0.5455,3.2500,12.0000,2026-01-08T02:49:00+00:00,0.2500
2026-01-08T16:14:00+00:00,2026-01-08T16:44:00+00:00,short,-122.220000,ifvg,0.5806,1.0645,4.5000,8.2500,2026-01-08T16:04:00+00:00,3.0000
2026-01-09T06:04:00+00:00,2026-01-09T07:24:00+00:00,long,-116.200000,ifvg,0.4706,1.2353,2.0000,5.2500,2026-01-09T05:39:00+00:00,0.2500
2026-01-09T12:54:00+00:00,2026-01-09T13:34:00+00:00,long,66.0200000,ifvg,3.3889,0.2778,15.2500,1.2500,2026-01-09T12:19:00+00:00,0.7500
2026-01-09T14:24:00+00:00,2026-01-09T14:39:00+00:00,short,-71.990000,ifvg,0.2679,1.0536,3.7500,14.7500,2026-01-09T13:39:00+00:00,5.7500
2026-01-09T15:49:00+00:00,2026-01-09T16:04:00+00:00,short,-108.980000,ifvg,0.1429,1.2619,1.5000,13.2500,2026-01-09T15:34:00+00:00,1.0000
2026-01-12T08:19:00+00:00,2026-01-12T08:34:00+00:00,short,62.2700000,ifvg,2.4118,0.1765,10.2500,0.7500,2026-01-12T08:09:00+00:00,0.7500
2026-01-12T14:39:00+00:00,2026-01-12T21:09:00+00:00,long,126.760000,ifvg,2.4561,0.2281,35.0000,3.2500,2026-01-12T02:09:00+00:00,1.5000
2026-01-13T03:39:00+00:00,2026-01-13T04:19:00+00:00,short,-127.680000,ifvg,0.3846,1.0769,1.2500,3.5000,2026-01-13T03:14:00+00:00,0.5000
2026-01-13T07:04:00+00:00,2026-01-13T08:34:00+00:00,short,76.5300000,ifvg,1.5714,0.5,5.5000,1.7500,2026-01-13T06:54:00+00:00,0.5000
2026-01-13T08:49:00+00:00,2026-01-13T10:14:00+00:00,long,-116.940000,ifvg,1.0714,1.5,3.7500,5.2500,2026-01-13T08:39:00+00:00,0.7500
2026-01-13T11:54:00+00:00,2026-01-13T13:34:00+00:00,long,46.1350000,ifvg,4.32,0.72,27.0000,4.5000,2026-01-13T10:09:00+00:00,0.5000
2026-01-13T13:39:00+00:00,2026-01-13T13:54:00+00:00,long,-107.220000,ifvg,0.3704,1.4815,2.5000,10.0000,2026-01-13T12:59:00+00:00,1.7500
2026-01-14T16:49:00+00:00,2026-01-14T21:09:00+00:00,short,-156.990000,ifvg,0.1747,0.9699,7.2500,40.2500,2026-01-14T16:29:00+00:00,9.2500
2026-01-15T01:39:00+00:00,2026-01-15T05:34:00+00:00,short,-122.220000,ifvg,0.3548,1.0323,2.7500,8.0000,2026-01-15T01:09:00+00:00,3.0000
2026-01-15T16:04:00+00:00,2026-01-15T17:59:00+00:00,long,-101.480000,ifvg,0.6154,1.0,6.0000,9.7500,2026-01-15T15:54:00+00:00,2.5000
2026-01-15T18:09:00+00:00,2026-01-15T19:34:00+00:00,long,-83.240000,ifvg,0.3385,1.3077,5.5000,21.2500,2026-01-15T17:59:00+00:00,0.2500
2026-01-16T01:19:00+00:00,2026-01-16T01:34:00+00:00,short,-116.940000,ifvg,0.8571,1.0714,3.0000,3.7500,2026-01-16T01:09:00+00:00,0.5000
2026-01-16T08:04:00+00:00,2026-01-16T08:24:00+00:00,short,65.2800000,ifvg,2.5833,0.25,7.7500,0.7500,2026-01-16T07:54:00+00:00,1.0000
2026-01-16T08:59:00+00:00,2026-01-16T11:54:00+00:00,long,-122.450000,ifvg,0.8889,1.2222,4.0000,5.5000,2026-01-16T08:39:00+00:00,0.5000
2026-01-16T15:14:00+00:00,2026-01-16T15:34:00+00:00,long,-61.990000,ifvg,0.25,1.1042,3.0000,13.2500,2026-01-16T15:04:00+00:00,2.7500
2026-01-16T19:19:00+00:00,2026-01-16T21:09:00+00:00,short,58.520000,ifvg,0.6585,0.8537,6.7500,8.7500,2026-01-16T19:09:00+00:00,4.5000
2026-01-19T05:29:00+00:00,2026-01-19T07:04:00+00:00,long,-122.960000,ifvg,0.3043,1.3043,1.7500,7.5000,2026-01-19T04:54:00+00:00,0.2500
2026-01-19T09:24:00+00:00,2026-01-19T15:04:00+00:00,short,-4.490000,ifvg,0.8551,0.4348,14.7500,7.5000,2026-01-19T08:09:00+00:00,0.2500
2026-01-19T15:04:00+00:00,2026-01-19T16:29:00+00:00,long,-11.480000,ifvg,0.8043,0.6739,9.2500,7.7500,2026-01-19T14:24:00+00:00,1.2500
2026-01-19T16:29:00+00:00,2026-01-19T16:39:00+00:00,short,-112.960000,ifvg,0.0952,1.4286,0.5000,7.5000,2026-01-19T16:19:00+00:00,1.2500
2026-01-20T02:39:00+00:00,2026-01-20T05:44:00+00:00,long,-48.980000,ifvg,0.1698,0.7358,2.2500,9.7500,2026-01-20T02:24:00+00:00,1.5000
2026-01-20T05:49:00+00:00,2026-01-20T06:19:00+00:00,short,61.1350000,ifvg,3.1818,0.3636,26.2500,3.0000,2026-01-20T05:34:00+00:00,2.0000
2026-01-20T12:24:00+00:00,2026-01-20T12:44:00+00:00,short,-91.480000,ifvg,0.2,1.0,1.7500,8.7500,2026-01-20T12:14:00+00:00,1.0000
2026-01-20T14:39:00+00:00,2026-01-20T17:49:00+00:00,long,-90.740000,ifvg,1.2676,1.0845,22.5000,19.2500,2026-01-20T13:39:00+00:00,4.7500
2026-01-21T07:14:00+00:00,2026-01-21T08:14:00+00:00,long,-92.220000,ifvg,0.3913,1.1304,2.2500,6.5000,2026-01-21T06:54:00+00:00,2.0000
2026-01-21T18:09:00+00:00,2026-01-21T19:29:00+00:00,short,-283.240000,ifvg,0.0044,1.0044,0.2500,56.5000,2026-01-21T17:59:00+00:00,4.5000
2026-01-22T19:09:00+00:00,2026-01-22T19:49:00+00:00,long,-108.980000,ifvg,0.2381,1.1429,2.5000,12.0000,2026-01-22T18:59:00+00:00,1.2500
2026-01-26T06:39:00+00:00,2026-01-26T06:54:00+00:00,short,-116.940000,ifvg,0.3571,1.2143,1.2500,4.2500,2026-01-26T06:24:00+00:00,0.5000
2026-01-26T10:19:00+00:00,2026-01-26T12:09:00+00:00,long,53.6350000,ifvg,2.8276,0.4483,20.5000,3.2500,2026-01-26T09:54:00+00:00,2.7500
2026-01-26T18:44:00+00:00,2026-01-26T20:59:00+00:00,short,40.5100000,ifvg,1.9091,0.9091,10.5000,5.0000,2026-01-26T18:34:00+00:00,0.2500
2026-01-26T23:34:00+00:00,2026-01-27T02:09:00+00:00,short,-70.740000,ifvg,0.0182,1.0727,0.2500,14.7500,2026-01-26T23:24:00+00:00,1.2500
2026-01-27T07:54:00+00:00,2026-01-27T14:19:00+00:00,short,81.0200000,ifvg,2.3182,1.0,12.7500,5.5000,2026-01-27T07:44:00+00:00,0.7500
2026-01-27T18:19:00+00:00,2026-01-27T21:09:00+00:00,long,-54.720000,ifvg,1.16,0.6,7.2500,3.7500,2026-01-27T18:09:00+00:00,2.0000
2026-01-28T11:09:00+00:00,2026-01-28T12:14:00+00:00,short,77.2700000,ifvg,1.8571,0.619,9.7500,3.2500,2026-01-28T10:44:00+00:00,0.7500
2026-01-29T08:09:00+00:00,2026-01-29T08:14:00+00:00,short,-99.720000,ifvg,0.0,1.08,0,6.7500,2026-01-29T07:44:00+00:00,2.2500
2026-01-29T11:29:00+00:00,2026-01-29T14:34:00+00:00,long,-91.480000,ifvg,1.0286,1.1429,9.0000,10.0000,2026-01-29T11:04:00+00:00,2.5000
2026-01-29T17:59:00+00:00,2026-01-29T18:44:00+00:00,short,-149.490000,ifvg,0.0593,1.0,1.7500,29.5000,2026-01-29T17:09:00+00:00,4.7500
2026-01-30T07:14:00+00:00,2026-01-30T07:39:00+00:00,long,-103.980000,ifvg,0.025,1.175,0.2500,11.7500,2026-01-30T07:04:00+00:00,0.7500
2026-01-30T12:14:00+00:00,2026-01-30T13:34:00+00:00,short,63.0100000,ifvg,2.2941,0.6176,19.5000,5.2500,2026-01-30T12:04:00+00:00,0.2500
2026-01-30T15:44:00+00:00,2026-01-30T16:24:00+00:00,long,-140.740000,ifvg,0.2793,1.1622,7.7500,32.2500,2026-01-30T15:34:00+00:00,7.2500
2026-01-30T18:34:00+00:00,2026-01-30T21:09:00+00:00,long,156.760000,ifvg,2.3452,0.0595,49.2500,1.2500,2026-01-30T18:24:00+00:00,6.5000
2026-02-03T05:29:00+00:00,2026-02-03T11:04:00+00:00,long,-93.980000,ifvg,0.9722,1.0556,8.7500,9.5000,2026-02-03T05:14:00+00:00,1.0000
2026-02-04T01:09:00+00:00,2026-02-04T06:39:00+00:00,long,68.6350000,ifvg,2.2432,0.3514,20.7500,3.2500,2026-02-04T00:49:00+00:00,0.2500
2026-02-05T01:29:00+00:00,2026-02-05T02:14:00+00:00,short,66.7600000,ifvg,3.2778,0.7778,29.5000,7.0000,2026-02-05T01:14:00+00:00,3.5000
2026-02-05T04:49:00+00:00,2026-02-05T12:24:00+00:00,long,-83.240000,ifvg,1.2308,1.1077,20.0000,18.0000,2026-02-05T03:39:00+00:00,1.5000
2026-02-05T12:29:00+00:00,2026-02-05T15:14:00+00:00,short,352.3850000,ifvg,2.6726,0.115,75.5000,3.2500,2026-02-05T04:39:00+00:00,2.2500
2026-02-05T20:14:00+00:00,2026-02-05T20:34:00+00:00,long,-129.490000,ifvg,0.0196,1.049,0.5000,26.7500,2026-02-05T19:39:00+00:00,4.2500
2026-02-05T23:34:00+00:00,2026-02-05T23:49:00+00:00,long,-59.490000,ifvg,0.0652,1.1304,0.7500,13.0000,2026-02-05T23:24:00+00:00,1.7500
2026-02-09T14:44:00+00:00,2026-02-09T15:24:00+00:00,long,164.8850000,ifvg,2.0323,0.6129,47.2500,14.2500,2026-02-09T13:39:00+00:00,2.0000
2026-02-09T23:19:00+00:00,2026-02-10T01:44:00+00:00,short,11.760000,ifvg,0.6271,0.1525,9.2500,2.2500,2026-02-09T23:09:00+00:00,0.7500
2026-02-10T01:44:00+00:00,2026-02-10T02:39:00+00:00,long,-116.200000,ifvg,0.7059,1.7059,3.0000,7.2500,2026-02-10T01:34:00+00:00,0.5000
2026-02-10T05:39:00+00:00,2026-02-10T06:39:00+00:00,long,-103.980000,ifvg,0.125,1.0,1.2500,10.0000,2026-02-10T05:29:00+00:00,1.0000
2026-02-10T19:04:00+00:00,2026-02-10T20:54:00+00:00,long,-81.480000,ifvg,0.8387,1.7097,6.5000,13.2500,2026-02-10T18:54:00+00:00,2.0000
2026-02-12T13:39:00+00:00,2026-02-12T14:09:00+00:00,long,-24.720000,ifvg,0.7857,0.5357,5.5000,3.7500,2026-02-12T13:09:00+00:00,1.2500
2026-02-12T14:09:00+00:00,2026-02-12T14:49:00+00:00,short,68.6350000,ifvg,2.6216,0.8919,24.2500,8.2500,2026-02-12T13:44:00+00:00,2.2500
2026-02-12T19:34:00+00:00,2026-02-12T19:54:00+00:00,short,-108.980000,ifvg,0.0714,1.1429,0.7500,12.0000,2026-02-12T19:24:00+00:00,2.5000
2026-02-12T23:09:00+00:00,2026-02-13T01:09:00+00:00,short,24.260000,ifvg,0.586,0.1401,23.0000,5.5000,2026-02-12T21:39:00+00:00,2.2500
2026-02-13T01:09:00+00:00,2026-02-13T03:54:00+00:00,long,-106.480000,ifvg,0.4146,1.0244,4.2500,10.5000,2026-02-13T00:49:00+00:00,2.0000
2026-02-13T08:19:00+00:00,2026-02-13T08:24:00+00:00,short,-110.970000,ifvg,0.0714,1.3929,0.5000,9.7500,2026-02-13T08:09:00+00:00,1.5000
2026-02-13T13:39:00+00:00,2026-02-13T14:44:00+00:00,long,-156.990000,ifvg,0.3065,1.4194,9.5000,44.0000,2026-02-13T10:39:00+00:00,2.0000
2026-02-16T15:54:00+00:00,2026-02-16T15:59:00+00:00,long,-83.980000,ifvg,0.0,1.0,0,8.0000,2026-02-16T15:39:00+00:00,2.0000
2026-02-16T16:14:00+00:00,2026-02-16T16:19:00+00:00,long,-103.980000,ifvg,0.075,1.05,0.7500,10.5000,2026-02-16T16:04:00+00:00,5.0000
2026-02-17T13:29:00+00:00,2026-02-17T14:39:00+00:00,long,174.2600000,ifvg,2.625,0.3571,36.7500,5.0000,2026-02-17T13:09:00+00:00,2.5000
2026-02-17T14:59:00+00:00,2026-02-17T16:09:00+00:00,short,-193.240000,ifvg,0.2222,1.2157,8.5000,46.5000,2026-02-17T13:59:00+00:00,0.5000
2026-02-18T03:39:00+00:00,2026-02-18T05:39:00+00:00,long,76.1350000,ifvg,2.5366,0.0244,26.0000,0.2500,2026-02-18T03:19:00+00:00,1.5000
2026-02-18T13:54:00+00:00,2026-02-18T15:04:00+00:00,short,-131.990000,ifvg,0.4135,1.4615,10.7500,38.0000,2026-02-18T07:39:00+00:00,0.5000
2026-02-18T17:09:00+00:00,2026-02-18T21:09:00+00:00,long,-140.740000,ifvg,0.1307,0.9397,6.5000,46.7500,2026-02-18T16:59:00+00:00,1.0000
2026-02-19T00:39:00+00:00,2026-02-19T01:14:00+00:00,long,42.3850000,ifvg,1.7391,0.4783,10.0000,2.7500,2026-02-19T00:29:00+00:00,1.2500
2026-02-19T01:44:00+00:00,2026-02-19T06:34:00+00:00,short,-56.990000,ifvg,0.2727,1.2045,3.0000,13.2500,2026-02-19T01:09:00+00:00,5.2500
2026-02-19T08:14:00+00:00,2026-02-19T08:49:00+00:00,long,-96.480000,ifvg,0.4865,1.1351,4.5000,10.5000,2026-02-19T08:04:00+00:00,0.7500
2026-02-19T16:34:00+00:00,2026-02-19T18:24:00+00:00,short,161.7600000,ifvg,2.8269,0.0385,36.7500,0.5000,2026-02-19T16:24:00+00:00,3.2500
2026-02-19T19:44:00+00:00,2026-02-19T20:59:00+00:00,short,-108.240000,ifvg,0.1529,1.0471,3.2500,22.2500,2026-02-19T18:54:00+00:00,1.5000
2026-02-20T02:19:00+00:00,2026-02-20T04:09:00+00:00,short,-116.200000,ifvg,0.5882,1.0,2.5000,4.2500,2026-02-20T02:09:00+00:00,0.5000
2026-02-20T13:39:00+00:00,2026-02-20T14:39:00+00:00,short,-48.240000,ifvg,0.7463,0.9701,12.5000,16.2500,2026-02-20T12:59:00+00:00,0.7500
2026-02-20T14:39:00+00:00,2026-02-20T15:04:00+00:00,long,155.5100000,ifvg,4.46,0.36,55.7500,4.5000,2026-02-20T14:19:00+00:00,2.5000
2026-02-23T09:09:00+00:00,2026-02-23T11:29:00+00:00,long,31.760000,ifvg,0.6786,0.0119,14.2500,0.2500,2026-02-23T00:29:00+00:00,4.0000
2026-02-23T11:29:00+00:00,2026-02-23T11:59:00+00:00,short,55.5100000,ifvg,2.5667,0.1,19.2500,0.7500,2026-02-23T11:19:00+00:00,2.2500
2026-02-23T14:49:00+00:00,2026-02-23T16:04:00+00:00,short,280.5100000,ifvg,2.7111,0.5667,61.0000,12.7500,2026-02-23T14:39:00+00:00,10.0000
2026-02-24T05:24:00+00:00,2026-02-24T05:49:00+00:00,short,65.2800000,ifvg,2.5833,0.5,7.7500,1.5000,2026-02-24T05:09:00+00:00,0.7500
2026-02-24T09:19:00+00:00,2026-02-24T12:44:00+00:00,long,-83.240000,ifvg,0.4308,1.0769,7.0000,17.5000,2026-02-24T08:09:00+00:00,4.5000
2026-02-24T12:59:00+00:00,2026-02-24T13:34:00+00:00,long,48.0100000,ifvg,2.4615,0.1538,16.0000,1.0000,2026-02-24T12:49:00+00:00,0.7500
2026-02-24T18:44:00+00:00,2026-02-24T21:09:00+00:00,long,108.010000,ifvg,0.24,0.51,6.0000,12.7500,2026-02-24T18:19:00+00:00,0.2500
2026-02-24T23:19:00+00:00,2026-02-25T01:04:00+00:00,long,46.1350000,ifvg,2.52,0.24,15.7500,1.5000,2026-02-24T23:09:00+00:00,1.2500
2026-02-25T10:59:00+00:00,2026-02-25T11:34:00+00:00,short,-124.440000,ifvg,0.2,1.6,0.7500,6.0000,2026-02-25T10:44:00+00:00,1.2500
2026-02-26T08:04:00+00:00,2026-02-26T08:19:00+00:00,short,-97.960000,ifvg,0.2222,1.5,1.0000,6.7500,2026-02-26T07:49:00+00:00,0.5000
2026-02-26T08:39:00+00:00,2026-02-26T09:39:00+00:00,short,-78.980000,ifvg,0.3,1.1333,2.2500,8.5000,2026-02-26T08:19:00+00:00,0.7500
2026-02-26T09:59:00+00:00,2026-02-26T10:59:00+00:00,short,62.2700000,ifvg,1.6471,0.5294,7.0000,2.2500,2026-02-26T09:44:00+00:00,0.7500
2026-02-27T00:54:00+00:00,2026-02-27T05:09:00+00:00,long,59.2600000,ifvg,2.5,0.4375,20.0000,3.5000,2026-02-27T00:44:00+00:00,0.7500
2026-02-27T06:39:00+00:00,2026-02-27T07:54:00+00:00,long,69.7700000,ifvg,2.1579,0.2632,10.2500,1.2500,2026-02-27T06:24:00+00:00,1.0000
2026-02-27T12:19:00+00:00,2026-02-27T12:49:00+00:00,long,-61.990000,ifvg,0.2917,1.1667,3.5000,14.0000,2026-02-27T11:44:00+00:00,3.0000
2026-03-02T16:34:00+00:00,2026-03-02T16:44:00+00:00,short,-74.490000,ifvg,0.2241,1.8793,3.2500,27.2500,2026-03-02T16:09:00+00:00,1.0000
2026-03-03T01:34:00+00:00,2026-03-03T07:24:00+00:00,short,227.3850000,ifvg,2.6986,0.0548,49.2500,1.0000,2026-03-03T01:19:00+00:00,1.2500
2026-03-03T10:49:00+00:00,2026-03-03T10:59:00+00:00,long,-111.480000,ifvg,0.4419,1.4884,4.7500,16.0000,2026-03-03T10:39:00+00:00,4.0000
2026-03-03T17:39:00+00:00,2026-03-03T17:44:00+00:00,short,-96.480000,ifvg,0.027,1.8108,0.2500,16.7500,2026-03-03T17:29:00+00:00,0.7500
2026-03-04T00:39:00+00:00,2026-03-04T00:54:00+00:00,short,-66.990000,ifvg,0.2115,1.0192,2.7500,13.2500,2026-03-04T00:24:00+00:00,4.2500
2026-03-04T06:39:00+00:00,2026-03-04T10:09:00+00:00,long,183.6350000,ifvg,3.6441,0.6441,53.7500,9.5000,2026-03-04T06:09:00+00:00,1.7500
2026-03-04T16:19:00+00:00,2026-03-04T16:44:00+00:00,short,-88.240000,ifvg,0.2029,1.058,3.5000,18.2500,2026-03-04T16:04:00+00:00,7.5000
2026-03-04T23:14:00+00:00,2026-03-05T01:44:00+00:00,long,-103.240000,ifvg,0.716,1.1235,14.5000,22.7500,2026-03-04T20:59:00+00:00,1.0000
2026-03-05T06:24:00+00:00,2026-03-05T06:34:00+00:00,long,-110.970000,ifvg,0.0,1.1429,0,8.0000,2026-03-05T06:14:00+00:00,2.0000
2026-03-05T09:44:00+00:00,2026-03-05T17:34:00+00:00,short,305.5100000,ifvg,2.949,0.6224,72.2500,15.2500,2026-03-05T09:14:00+00:00,13.0000
2026-03-09T14:09:00+00:00,2026-03-09T16:29:00+00:00,long,393.0100000,ifvg,2.5873,0.373,81.5000,11.7500,2026-03-09T13:44:00+00:00,8.0000
2026-03-10T12:54:00+00:00,2026-03-10T14:04:00+00:00,long,-100.740000,ifvg,0.8481,1.1392,16.7500,22.5000,2026-03-10T12:09:00+00:00,4.7500
2026-03-12T11:59:00+00:00,2026-03-12T13:49:00+00:00,short,146.1350000,ifvg,3.383,0.1489,39.7500,1.7500,2026-03-12T11:39:00+00:00,1.2500
2026-03-13T00:14:00+00:00,2026-03-13T01:09:00+00:00,long,85.5100000,ifvg,1.6522,0.0652,19.0000,0.7500,2026-03-13T00:04:00+00:00,1.2500
2026-03-15T22:09:00+00:00,2026-03-16T07:04:00+00:00,long,289.8850000,ifvg,2.6022,0.3226,60.5000,7.5000,2026-03-13T20:59:00+00:00,1.7500
2026-03-16T07:14:00+00:00,2026-03-16T07:39:00+00:00,short,57.3850000,ifvg,1.5161,0.1613,11.7500,1.2500,2026-03-16T07:04:00+00:00,0.5000
2026-03-16T14:59:00+00:00,2026-03-16T16:04:00+00:00,long,-76.990000,ifvg,0.55,1.1167,8.2500,16.7500,2026-03-16T14:44:00+00:00,2.0000
2026-03-17T12:09:00+00:00,2026-03-17T13:29:00+00:00,long,158.6350000,ifvg,2.6471,0.1569,33.7500,2.0000,2026-03-17T11:59:00+00:00,2.2500
2026-03-19T02:04:00+00:00,2026-03-19T02:09:00+00:00,short,-107.220000,ifvg,0.0741,1.7778,0.5000,12.0000,2026-03-19T01:44:00+00:00,1.7500
2026-03-19T15:24:00+00:00,2026-03-19T16:04:00+00:00,short,-65.740000,ifvg,1.0784,1.1373,13.7500,14.5000,2026-03-19T15:14:00+00:00,0.7500
2026-03-19T17:24:00+00:00,2026-03-19T17:44:00+00:00,long,-106.480000,ifvg,0.2927,1.0732,3.0000,11.0000,2026-03-19T17:14:00+00:00,2.5000
2026-03-20T00:29:00+00:00,2026-03-20T01:34:00+00:00,short,-93.980000,ifvg,0.25,1.2778,2.2500,11.5000,2026-03-20T00:19:00+00:00,0.5000
2026-03-20T01:59:00+00:00,2026-03-20T04:49:00+00:00,short,44.2600000,ifvg,2.7917,0.75,16.7500,4.5000,2026-03-20T01:44:00+00:00,0.5000
2026-03-20T08:39:00+00:00,2026-03-20T09:24:00+00:00,long,-105.740000,ifvg,0.0602,1.0361,1.2500,21.5000,2026-03-20T06:29:00+00:00,0.7500
2026-03-20T13:39:00+00:00,2026-03-20T13:44:00+00:00,short,-93.980000,ifvg,0.1111,1.6944,1.0000,15.2500,2026-03-20T13:29:00+00:00,1.0000
2026-03-23T06:04:00+00:00,2026-03-23T06:29:00+00:00,long,-83.980000,ifvg,0.0625,1.0,0.5000,8.0000,2026-03-23T05:54:00+00:00,1.0000
2026-03-24T00:04:00+00:00,2026-03-24T00:24:00+00:00,long,-108.240000,ifvg,0.1529,1.0824,3.2500,23.0000,2026-03-23T23:54:00+00:00,2.0000
2026-03-24T05:29:00+00:00,2026-03-24T06:04:00+00:00,short,-94.490000,ifvg,0.0405,1.1892,0.7500,22.0000,2026-03-24T05:19:00+00:00,0.5000
2026-03-25T06:49:00+00:00,2026-03-25T07:09:00+00:00,long,-54.720000,ifvg,0.6,0.7,4.5000,5.2500,2026-03-25T06:29:00+00:00,0.2500
2026-03-25T07:29:00+00:00,2026-03-25T07:49:00+00:00,short,-71.990000,ifvg,0.0357,1.0,0.5000,14.0000,2026-03-25T07:19:00+00:00,2.5000
2026-03-25T12:24:00+00:00,2026-03-25T13:34:00+00:00,short,-75.740000,ifvg,1.1017,1.5254,16.2500,22.5000,2026-03-25T12:04:00+00:00,3.5000
2026-03-25T16:29:00+00:00,2026-03-25T20:09:00+00:00,long,-44.490000,ifvg,0.5532,0.5532,19.5000,19.5000,2026-03-25T15:44:00+00:00,5.0000
2026-03-26T00:59:00+00:00,2026-03-26T06:34:00+00:00,short,79.260000,ifvg,1.7586,0.931,25.5000,13.5000,2026-03-26T00:24:00+00:00,5.0000
2026-03-26T06:34:00+00:00,2026-03-26T07:24:00+00:00,long,-106.480000,ifvg,0.4634,1.7073,4.7500,17.5000,2026-03-26T05:54:00+00:00,0.2500
2026-03-26T12:14:00+00:00,2026-03-26T12:34:00+00:00,long,-98.980000,ifvg,0.2105,1.3421,2.0000,12.7500,2026-03-26T12:04:00+00:00,1.7500
2026-03-27T06:39:00+00:00,2026-03-27T07:24:00+00:00,short,53.6350000,ifvg,2.6897,0.3793,19.5000,2.7500,2026-03-27T06:24:00+00:00,1.2500
2026-03-29T23:14:00+00:00,2026-03-30T04:29:00+00:00,short,-210.740000,ifvg,0.3593,1.0299,15.0000,43.0000,2026-03-29T23:04:00+00:00,3.0000
2026-03-30T13:44:00+00:00,2026-03-30T14:09:00+00:00,short,46.760000,ifvg,0.8462,0.1197,24.7500,3.5000,2026-03-30T12:24:00+00:00,0.5000
2026-03-30T14:09:00+00:00,2026-03-30T14:44:00+00:00,long,-73.240000,ifvg,0.4561,1.0,6.5000,14.2500,2026-03-30T13:59:00+00:00,1.5000
2026-03-30T16:09:00+00:00,2026-03-30T18:59:00+00:00,short,236.7600000,ifvg,2.5526,0.3158,48.5000,6.0000,2026-03-30T15:39:00+00:00,1.7500
2026-03-31T00:34:00+00:00,2026-03-31T00:44:00+00:00,long,155.5100000,ifvg,2.76,0.0,34.5000,0,2026-03-31T00:24:00+00:00,0.5000
2026-03-31T12:19:00+00:00,2026-03-31T13:49:00+00:00,short,-93.240000,ifvg,0.4795,1.6849,8.7500,30.7500,2026-03-31T12:04:00+00:00,0.5000
2026-03-31T15:09:00+00:00,2026-03-31T16:39:00+00:00,long,183.6350000,ifvg,2.9831,0.7458,44.0000,11.0000,2026-03-31T14:59:00+00:00,5.5000
2026-04-02T01:09:00+00:00,2026-04-02T01:14:00+00:00,short,-98.240000,ifvg,0.3117,1.1558,6.0000,22.2500,2026-04-02T00:49:00+00:00,7.2500
2026-04-02T13:44:00+00:00,2026-04-02T13:49:00+00:00,short,-70.740000,ifvg,0.2,1.2545,2.7500,17.2500,2026-04-02T13:34:00+00:00,0.5000
2026-04-06T06:34:00+00:00,2026-04-06T06:54:00+00:00,short,-61.990000,ifvg,0.125,1.2708,1.5000,15.2500,2026-04-06T06:14:00+00:00,3.2500
2026-04-06T07:09:00+00:00,2026-04-06T07:49:00+00:00,short,-73.240000,ifvg,0.1404,1.1754,2.0000,16.7500,2026-04-06T06:59:00+00:00,2.7500
2026-04-06T13:09:00+00:00,2026-04-06T13:39:00+00:00,short,-70.740000,ifvg,0.6545,1.1273,9.0000,15.5000,2026-04-06T12:39:00+00:00,1.0000
2026-04-06T14:44:00+00:00,2026-04-06T17:29:00+00:00,short,11.760000,ifvg,1.2985,0.5075,21.7500,8.5000,2026-04-06T14:24:00+00:00,1.2500
2026-04-06T17:29:00+00:00,2026-04-06T20:09:00+00:00,long,49.260000,ifvg,1.0833,0.8,16.2500,12.0000,2026-04-06T17:19:00+00:00,1.7500
2026-04-06T22:29:00+00:00,2026-04-07T00:19:00+00:00,short,-58.980000,ifvg,0.8947,0.8947,8.5000,8.5000,2026-04-06T22:09:00+00:00,4.5000
2026-04-07T00:19:00+00:00,2026-04-07T00:34:00+00:00,long,-78.980000,ifvg,0.0333,1.2,0.2500,9.0000,2026-04-07T00:04:00+00:00,2.0000
2026-04-07T00:44:00+00:00,2026-04-07T08:34:00+00:00,short,-85.740000,ifvg,1.8955,1.0597,31.7500,17.7500,2026-04-07T00:19:00+00:00,3.7500
2026-04-08T13:54:00+00:00,2026-04-08T13:59:00+00:00,long,58.5200000,ifvg,2.125,0.4375,8.5000,1.7500,2026-04-08T03:24:00+00:00,0.5000
2026-04-08T18:24:00+00:00,2026-04-08T18:54:00+00:00,short,64.8850000,ifvg,2.5429,0.4857,22.2500,4.2500,2026-04-08T18:09:00+00:00,2.7500
2026-04-09T03:04:00+00:00,2026-04-09T05:39:00+00:00,short,-103.470000,ifvg,0.7308,1.0,4.7500,6.5000,2026-04-09T02:54:00+00:00,0.5000
2026-04-09T11:04:00+00:00,2026-04-09T11:44:00+00:00,short,-81.480000,ifvg,0.2258,1.3871,1.7500,10.7500,2026-04-09T09:19:00+00:00,1.2500
2026-04-10T09:09:00+00:00,2026-04-10T09:19:00+00:00,long,58.5200000,ifvg,3.6875,0.125,14.7500,0.5000,2026-04-10T08:59:00+00:00,1.5000
2026-04-13T08:44:00+00:00,2026-04-13T10:59:00+00:00,short,-95.970000,ifvg,0.2812,1.0,2.2500,8.0000,2026-04-13T08:09:00+00:00,1.0000
2026-04-15T10:49:00+00:00,2026-04-15T11:49:00+00:00,long,79.8850000,ifvg,2.186,0.1628,23.5000,1.7500,2026-04-15T10:24:00+00:00,1.5000
2026-04-15T13:49:00+00:00,2026-04-15T14:19:00+00:00,short,-111.480000,ifvg,0.4419,1.3256,4.7500,14.2500,2026-04-15T13:39:00+00:00,1.5000
2026-04-16T02:04:00+00:00,2026-04-16T03:09:00+00:00,short,-22.960000,ifvg,0.6842,0.4211,3.2500,2.0000,2026-04-16T01:49:00+00:00,1.0000
2026-04-16T03:09:00+00:00,2026-04-16T04:04:00+00:00,long,-116.200000,ifvg,0.0,1.1176,0,4.7500,2026-04-16T02:59:00+00:00,0.5000
2026-04-16T10:59:00+00:00,2026-04-16T12:34:00+00:00,long,66.0200000,ifvg,2.0,0.6667,9.0000,3.0000,2026-04-16T10:49:00+00:00,0.2500
2026-04-16T15:34:00+00:00,2026-04-16T15:39:00+00:00,short,-103.980000,ifvg,0.025,1.35,0.2500,13.5000,2026-04-16T15:19:00+00:00,1.5000
2026-04-16T18:39:00+00:00,2026-04-16T20:09:00+00:00,long,63.520000,ifvg,1.3421,0.2895,12.7500,2.7500,2026-04-16T18:29:00+00:00,2.5000
2026-04-17T15:49:00+00:00,2026-04-17T16:04:00+00:00,short,-78.980000,ifvg,0.3333,1.0333,2.5000,7.7500,2026-04-17T15:39:00+00:00,1.2500
2026-04-20T00:24:00+00:00,2026-04-20T10:29:00+00:00,long,103.010000,ifvg,1.019,0.0667,26.7500,1.7500,2026-04-19T23:19:00+00:00,1.0000
2026-04-20T10:29:00+00:00,2026-04-20T12:49:00+00:00,short,-99.720000,ifvg,1.48,1.4,9.2500,8.7500,2026-04-20T10:14:00+00:00,1.0000
2026-04-21T06:14:00+00:00,2026-04-21T08:09:00+00:00,long,-98.980000,ifvg,0.1053,1.0789,1.0000,10.2500,2026-04-21T05:54:00+00:00,0.5000
2026-04-21T09:09:00+00:00,2026-04-21T09:59:00+00:00,short,-95.970000,ifvg,0.0,1.75,0,10.5000,2026-04-21T08:49:00+00:00,2.2500
2026-04-22T07:24:00+00:00,2026-04-22T08:34:00+00:00,short,48.0100000,ifvg,2.0,0.6154,13.0000,4.0000,2026-04-22T07:09:00+00:00,0.5000
2026-04-22T08:49:00+00:00,2026-04-22T09:04:00+00:00,long,42.3850000,ifvg,1.9565,0.2174,11.2500,1.2500,2026-04-22T08:39:00+00:00,1.5000
2026-04-24T08:04:00+00:00,2026-04-24T08:34:00+00:00,long,-81.480000,ifvg,1.1935,1.129,9.2500,8.7500,2026-04-24T07:39:00+00:00,0.5000
2026-04-24T08:34:00+00:00,2026-04-24T11:04:00+00:00,short,-108.980000,ifvg,0.881,1.8333,9.2500,19.2500,2026-04-24T08:24:00+00:00,3.0000
2026-04-24T19:29:00+00:00,2026-04-24T20:09:00+00:00,short,-11.480000,ifvg,0.4,0.8333,3.0000,6.2500,2026-04-24T19:14:00+00:00,2.2500
2026-04-27T13:54:00+00:00,2026-04-27T17:34:00+00:00,short,-63.240000,ifvg,1.3673,1.0816,16.7500,13.2500,2026-04-27T13:39:00+00:00,3.5000
2026-04-28T00:24:00+00:00,2026-04-28T00:29:00+00:00,short,58.5200000,ifvg,1.5,0.1875,6.0000,0.7500,2026-04-28T00:14:00+00:00,0.2500
2026-04-28T01:54:00+00:00,2026-04-28T05:39:00+00:00,short,61.1350000,ifvg,2.7576,0.0909,22.7500,0.7500,2026-04-28T01:44:00+00:00,1.7500
2026-04-29T05:34:00+00:00,2026-04-29T06:39:00+00:00,long,-103.700000,ifvg,0.9333,1.0667,3.5000,4.0000,2026-04-29T05:19:00+00:00,0.2500
2026-04-29T18:09:00+00:00,2026-04-29T18:19:00+00:00,short,-106.480000,ifvg,0.3902,1.0732,4.0000,11.0000,2026-04-29T17:54:00+00:00,1.5000
2026-04-29T19:04:00+00:00,2026-04-29T20:09:00+00:00,long,55.510000,ifvg,1.7179,0.2179,33.5000,4.2500,2026-04-29T18:09:00+00:00,3.5000
2026-04-30T05:09:00+00:00,2026-04-30T05:29:00+00:00,long,-95.970000,ifvg,0.5,1.1667,3.0000,7.0000,2026-04-30T04:59:00+00:00,0.5000
2026-04-30T09:34:00+00:00,2026-04-30T12:39:00+00:00,long,129.260000,ifvg,1.5652,0.2717,36.0000,6.2500,2026-04-30T04:09:00+00:00,3.2500
2026-04-30T12:39:00+00:00,2026-04-30T13:34:00+00:00,short,74.2600000,ifvg,3.075,0.825,30.7500,8.2500,2026-04-30T12:24:00+00:00,4.2500
2026-04-30T17:09:00+00:00,2026-04-30T20:09:00+00:00,long,186.760000,ifvg,1.3358,0.0292,45.7500,1.0000,2026-04-30T16:59:00+00:00,0.5000
2026-05-01T03:44:00+00:00,2026-05-01T06:39:00+00:00,short,62.2700000,ifvg,2.4118,0.2353,10.2500,1.0000,2026-05-01T03:29:00+00:00,0.2500
2026-05-01T07:54:00+00:00,2026-05-01T07:59:00+00:00,long,-118.930000,ifvg,0.0833,1.0833,0.2500,3.2500,2026-05-01T07:44:00+00:00,0.7500
2026-05-01T09:29:00+00:00,2026-05-01T10:44:00+00:00,long,-17.220000,ifvg,0.5,0.4583,3.0000,2.7500,2026-05-01T08:39:00+00:00,0.2500
2026-05-01T10:44:00+00:00,2026-05-01T11:59:00+00:00,short,-117.960000,ifvg,0.2727,1.1818,1.5000,6.5000,2026-05-01T09:29:00+00:00,0.5000
2026-05-04T05:34:00+00:00,2026-05-04T06:44:00+00:00,short,69.7700000,ifvg,2.1053,0.6842,10.0000,3.2500,2026-05-04T05:24:00+00:00,0.7500
2026-05-05T00:09:00+00:00,2026-05-05T00:19:00+00:00,long,-114.720000,ifvg,0.1034,1.0345,0.7500,7.5000,2026-05-04T22:54:00+00:00,1.2500
2026-05-05T02:54:00+00:00,2026-05-05T03:29:00+00:00,short,-107.960000,ifvg,0.15,1.25,0.7500,6.2500,2026-05-05T02:34:00+00:00,1.5000
2026-05-05T06:39:00+00:00,2026-05-05T07:39:00+00:00,long,46.1350000,ifvg,2.72,0.32,17.0000,2.0000,2026-05-05T06:24:00+00:00,1.0000
2026-05-07T01:09:00+00:00,2026-05-07T01:14:00+00:00,short,-116.940000,ifvg,0.0,1.0714,0,3.7500,2026-05-07T00:54:00+00:00,0.5000
2026-05-07T06:24:00+00:00,2026-05-07T06:44:00+00:00,long,66.0200000,ifvg,2.7778,0.3889,12.5000,1.7500,2026-05-07T06:14:00+00:00,0.2500
2026-05-07T10:29:00+00:00,2026-05-07T13:49:00+00:00,long,-103.470000,ifvg,1.1538,1.6923,7.5000,11.0000,2026-05-07T09:59:00+00:00,1.0000
2026-05-07T15:39:00+00:00,2026-05-07T16:04:00+00:00,long,-93.240000,ifvg,0.137,1.0822,2.5000,19.7500,2026-05-07T15:29:00+00:00,0.2500
2026-05-07T16:34:00+00:00,2026-05-07T16:49:00+00:00,long,-64.490000,ifvg,0.0,1.04,0,13.0000,2026-05-07T16:19:00+00:00,2.2500
2026-05-11T06:39:00+00:00,2026-05-11T07:44:00+00:00,short,-103.700000,ifvg,0.4667,1.0,1.7500,3.7500,2026-05-11T06:29:00+00:00,0.7500
2026-05-11T08:34:00+00:00,2026-05-11T09:34:00+00:00,short,-107.960000,ifvg,0.2,1.0,1.0000,5.0000,2026-05-11T08:24:00+00:00,1.0000
2026-05-11T14:34:00+00:00,2026-05-11T14:44:00+00:00,short,-103.470000,ifvg,0.3077,1.0385,2.0000,6.7500,2026-05-11T14:24:00+00:00,3.2500
2026-05-11T17:29:00+00:00,2026-05-11T17:49:00+00:00,long,46.1350000,ifvg,1.68,0.08,10.5000,0.5000,2026-05-11T17:19:00+00:00,2.0000
2026-05-11T23:29:00+00:00,2026-05-12T01:19:00+00:00,long,-81.990000,ifvg,0.0,1.0469,0,16.7500,2026-05-11T18:59:00+00:00,0.7500
2026-05-12T05:39:00+00:00,2026-05-12T07:04:00+00:00,short,72.3850000,ifvg,1.8205,0.4103,17.7500,4.0000,2026-05-12T05:29:00+00:00,1.2500
2026-05-12T07:19:00+00:00,2026-05-12T08:14:00+00:00,long,-110.970000,ifvg,0.3571,1.0357,2.5000,7.2500,2026-05-12T07:09:00+00:00,3.0000
2026-05-13T00:24:00+00:00,2026-05-13T01:54:00+00:00,long,66.7600000,ifvg,2.5556,0.6111,23.0000,5.5000,2026-05-12T23:44:00+00:00,1.5000
2026-05-13T12:14:00+00:00,2026-05-13T12:24:00+00:00,short,58.5200000,ifvg,5.1875,0.125,20.7500,0.5000,2026-05-13T10:04:00+00:00,0.5000
2026-05-13T19:29:00+00:00,2026-05-13T20:04:00+00:00,short,61.1350000,ifvg,1.5758,0.2121,13.0000,1.7500,2026-05-13T19:14:00+00:00,1.2500
2026-05-14T09:54:00+00:00,2026-05-14T12:24:00+00:00,long,55.5100000,ifvg,1.7667,0.3667,13.2500,2.7500,2026-05-14T09:44:00+00:00,0.7500
2026-05-14T13:39:00+00:00,2026-05-14T15:19:00+00:00,long,149.2600000,ifvg,2.7292,0.9792,32.7500,11.7500,2026-05-14T12:59:00+00:00,0.2500
2026-05-14T23:54:00+00:00,2026-05-15T00:14:00+00:00,short,-34.440000,ifvg,1.4615,0.3077,4.7500,1.0000,2026-05-14T23:34:00+00:00,0.7500
2026-05-15T00:14:00+00:00,2026-05-15T00:44:00+00:00,long,-95.970000,ifvg,0.625,1.6667,3.7500,10.0000,2026-05-15T00:04:00+00:00,0.2500
2026-05-15T06:39:00+00:00,2026-05-15T08:04:00+00:00,long,-56.990000,ifvg,0.7045,1.4545,7.7500,16.0000,2026-05-15T06:29:00+00:00,3.0000
2026-05-15T18:24:00+00:00,2026-05-15T18:34:00+00:00,short,63.0100000,ifvg,2.5882,0.2647,22.0000,2.2500,2026-05-15T18:04:00+00:00,2.0000
2026-05-18T04:29:00+00:00,2026-05-18T04:44:00+00:00,short,-110.970000,ifvg,0.1786,1.0,1.2500,7.0000,2026-05-18T04:14:00+00:00,0.5000
2026-05-18T05:24:00+00:00,2026-05-18T06:59:00+00:00,short,-98.980000,ifvg,0.9474,1.0789,9.0000,10.2500,2026-05-18T05:09:00+00:00,3.2500
2026-05-18T07:19:00+00:00,2026-05-18T07:29:00+00:00,short,-110.970000,ifvg,0.75,1.9643,5.2500,13.7500,2026-05-18T07:09:00+00:00,0.7500
2026-05-18T10:09:00+00:00,2026-05-18T11:39:00+00:00,short,-75.740000,ifvg,0.7288,1.661,10.7500,24.5000,2026-05-18T08:29:00+00:00,5.0000
2026-05-18T14:09:00+00:00,2026-05-18T16:29:00+00:00,short,277.3850000,ifvg,2.6404,0.2022,58.7500,4.5000,2026-05-18T13:59:00+00:00,11.2500
2026-05-18T16:34:00+00:00,2026-05-18T16:59:00+00:00,short,-58.240000,ifvg,0.0787,0.4382,3.5000,19.5000,2026-05-18T16:19:00+00:00,3.5000
2026-05-18T17:04:00+00:00,2026-05-18T18:19:00+00:00,long,-123.240000,ifvg,0.2371,1.134,5.7500,27.5000,2026-05-18T16:34:00+00:00,6.7500
2026-05-18T19:09:00+00:00,2026-05-18T20:09:00+00:00,long,83.010000,ifvg,1.1905,0.7976,25.0000,16.7500,2026-05-18T18:19:00+00:00,2.2500
2026-05-19T01:44:00+00:00,2026-05-19T01:59:00+00:00,long,-78.980000,ifvg,0.2,1.0333,1.5000,7.7500,2026-05-19T01:29:00+00:00,1.2500
2026-05-19T05:34:00+00:00,2026-05-19T07:49:00+00:00,long,161.7600000,ifvg,2.5577,0.25,33.2500,3.2500,2026-05-19T05:24:00+00:00,0.7500
2026-05-19T15:04:00+00:00,2026-05-19T15:24:00+00:00,long,-106.480000,ifvg,0.5366,1.439,5.5000,14.7500,2026-05-19T14:54:00+00:00,1.2500
2026-05-20T00:34:00+00:00,2026-05-20T01:34:00+00:00,long,-61.990000,ifvg,0.5208,1.0,6.2500,12.0000,2026-05-20T00:19:00+00:00,3.7500
2026-05-20T05:49:00+00:00,2026-05-20T06:04:00+00:00,short,-83.980000,ifvg,0.1875,1.25,1.5000,10.0000,2026-05-20T05:39:00+00:00,1.7500
2026-05-20T18:49:00+00:00,2026-05-20T19:24:00+00:00,short,-86.480000,ifvg,0.2424,1.1212,2.0000,9.2500,2026-05-20T18:39:00+00:00,1.5000
2026-05-21T14:19:00+00:00,2026-05-21T14:24:00+00:00,short,70.9050000,ifvg,2.4615,0.6923,8.0000,2.2500,2026-05-21T08:09:00+00:00,5.0000
2026-05-22T06:59:00+00:00,2026-05-22T08:19:00+00:00,short,-92.220000,ifvg,1.2609,1.5652,7.2500,9.0000,2026-05-22T06:39:00+00:00,0.7500
2026-05-22T08:39:00+00:00,2026-05-22T12:54:00+00:00,short,-55.740000,ifvg,1.8837,1.0233,20.2500,11.0000,2026-05-22T08:24:00+00:00,2.7500
2026-05-22T17:24:00+00:00,2026-05-22T17:29:00+00:00,short,-110.970000,ifvg,0.0357,2.1071,0.2500,14.7500,2026-05-22T17:09:00+00:00,1.7500
2026-05-25T13:39:00+00:00,2026-05-25T14:19:00+00:00,long,-88.470000,ifvg,0.1364,1.0,0.7500,5.5000,2026-05-25T12:49:00+00:00,0.2500
2026-05-26T13:49:00+00:00,2026-05-26T13:54:00+00:00,long,-103.980000,ifvg,0.025,1.425,0.2500,14.2500,2026-05-26T13:39:00+00:00,0.2500
2026-05-27T12:24:00+00:00,2026-05-27T12:59:00+00:00,long,-93.980000,ifvg,0.8889,1.0278,8.0000,9.2500,2026-05-27T12:04:00+00:00,2.0000
2026-05-27T14:09:00+00:00,2026-05-27T15:19:00+00:00,long,-74.490000,ifvg,0.5172,1.0517,7.5000,15.2500,2026-05-27T13:44:00+00:00,0.2500
2026-05-27T17:14:00+00:00,2026-05-27T18:29:00+00:00,short,-93.240000,ifvg,0.0685,1.0822,1.2500,19.7500,2026-05-27T16:14:00+00:00,1.0000
2026-05-28T02:09:00+00:00,2026-05-28T02:44:00+00:00,short,53.6350000,ifvg,3.1379,0.1379,22.7500,1.0000,2026-05-28T01:59:00+00:00,1.5000
2026-05-29T07:09:00+00:00,2026-05-29T07:24:00+00:00,short,59.6550000,ifvg,2.5455,0.4545,7.0000,1.2500,2026-05-29T06:59:00+00:00,0.5000
2026-05-29T11:34:00+00:00,2026-05-29T11:44:00+00:00,short,-103.700000,ifvg,0.1333,1.5333,0.5000,5.7500,2026-05-29T11:24:00+00:00,0.2500
2026-05-29T12:04:00+00:00,2026-05-29T13:49:00+00:00,long,74.2600000,ifvg,2.025,0.525,20.2500,5.2500,2026-05-29T11:34:00+00:00,2.5000
