entry_ts,exit_ts,side,pnl_usd,engine_type,r_mfe,r_mae,mfe_pts,mae_pts,displacement_ts,fvg_zone_pts
2021-01-04T15:09:00+00:00,2021-01-04T15:59:00+00:00,short,-374.96,orb,0.5543,1.0761,5.10,9.90,,
2021-01-05T15:14:00+00:00,2021-01-05T16:49:00+00:00,short,-366.96,orb,0.0,1.0,0,9.00,,
2021-01-06T15:29:00+00:00,2021-01-06T15:54:00+00:00,short,177.760,orb,1.916,0.1008,22.80,1.20,,
2021-01-08T14:49:00+00:00,2021-01-08T21:09:00+00:00,short,190.26,orb,1.8246,0.019,38.50,0.40,,
2021-01-11T14:59:00+00:00,2021-01-11T21:09:00+00:00,long,89.04,orb,1.0778,0.2111,9.70,1.90,,
2021-01-12T14:49:00+00:00,2021-01-12T18:34:00+00:00,short,-366.96,orb,0.1778,1.1222,1.60,10.10,,
2021-01-13T14:49:00+00:00,2021-01-13T20:44:00+00:00,long,-352.44,orb,0.5614,1.1754,3.20,6.70,,
2021-01-14T14:59:00+00:00,2021-01-14T17:54:00+00:00,short,-318.96,orb,0.4615,1.3333,3.60,10.40,,
2021-01-15T14:49:00+00:00,2021-01-15T15:24:00+00:00,short,184.520,orb,2.6774,0.3387,16.60,2.10,,
2021-01-18T14:54:00+00:00,2021-01-18T15:14:00+00:00,short,-388.36,orb,0.1154,1.0769,0.30,2.80,,
2021-01-19T15:14:00+00:00,2021-01-19T16:14:00+00:00,short,-330.96,orb,0.1235,1.0741,1.00,8.70,,
2021-01-20T14:54:00+00:00,2021-01-20T15:19:00+00:00,short,-338.22,orb,0.036,1.3153,0.40,14.60,,
2021-01-21T14:49:00+00:00,2021-01-21T18:54:00+00:00,short,-349.92,orb,0.6429,1.0,2.70,4.20,,
2021-01-22T14:49:00+00:00,2021-01-22T21:09:00+00:00,long,108.78,orb,0.8053,0.1858,9.10,2.10,,
2021-01-25T14:49:00+00:00,2021-01-25T21:09:00+00:00,short,85.04,orb,1.2588,0.1882,10.70,1.60,,
2021-01-26T14:54:00+00:00,2021-01-26T15:19:00+00:00,long,-365.92,orb,0.0,1.1591,0,5.10,,
2021-01-27T15:09:00+00:00,2021-01-27T21:09:00+00:00,long,-89.48,orb,0.3446,0.4392,5.10,6.50,,
2021-01-28T14:59:00+00:00,2021-01-28T15:24:00+00:00,short,-342.96,orb,0.2381,1.0,2.00,8.40,,
2021-01-29T14:57:00+00:00,2021-01-29T17:24:00+00:00,long,-245.48,orb,0.0,1.0,0,12.10,,
2021-02-01T15:49:00+00:00,2021-02-01T21:09:00+00:00,short,-38.22,orb,0.2796,0.8387,2.60,7.80,,
2021-02-02T15:09:00+00:00,2021-02-02T17:09:00+00:00,short,-358.96,orb,0.1591,1.0,1.40,8.80,,
2021-02-03T14:49:00+00:00,2021-02-03T21:09:00+00:00,short,-2.96,orb,0.6389,0.625,4.60,4.50,,
2021-02-04T14:54:00+00:00,2021-02-04T15:09:00+00:00,short,-354.96,orb,0.2299,1.0575,2.00,9.20,,
2021-02-05T15:09:00+00:00,2021-02-05T17:04:00+00:00,long,193.520,orb,1.6154,0.4,10.50,2.60,,
2021-02-08T15:04:00+00:00,2021-02-08T19:04:00+00:00,long,-322.44,orb,0.7115,1.0192,3.70,5.30,,
2021-02-09T15:24:00+00:00,2021-02-09T21:09:00+00:00,long,-183.48,orb,0.0698,0.8062,0.90,10.40,,
2021-02-10T14:59:00+00:00,2021-02-10T21:09:00+00:00,short,-103.70,orb,0.971,0.8841,6.70,6.10,,
2021-02-11T15:59:00+00:00,2021-02-11T16:59:00+00:00,short,181.520,orb,2.5082,0.1148,15.30,0.70,,
2021-02-12T14:49:00+00:00,2021-02-12T21:09:00+00:00,long,37.04,orb,1.3457,0.8148,10.90,6.60,,
2021-02-15T14:59:00+00:00,2021-02-15T16:39:00+00:00,short,-363.84,orb,0.9048,1.0,1.90,2.10,,
2021-02-16T15:14:00+00:00,2021-02-16T21:09:00+00:00,long,-115.74,orb,0.4525,0.7542,8.10,13.50,,
2021-02-17T15:09:00+00:00,2021-02-17T16:14:00+00:00,short,181.520,orb,1.6557,0.3115,10.10,1.90,,
2021-02-18T14:49:00+00:00,2021-02-18T21:09:00+00:00,short,-8.22,orb,0.7396,0.5833,7.10,5.60,,
2021-02-19T14:49:00+00:00,2021-02-19T18:09:00+00:00,long,-257.48,orb,0.0157,1.0551,0.20,13.40,,
2021-02-22T15:29:00+00:00,2021-02-22T21:09:00+00:00,long,-13.48,orb,0.2979,0.1986,4.20,2.80,,
2021-02-23T14:49:00+00:00,2021-02-23T15:14:00+00:00,short,-338.22,orb,0.1351,1.1802,1.50,13.10,,
2021-02-24T15:24:00+00:00,2021-02-24T21:09:00+00:00,long,288.78,orb,1.2935,0.6196,11.90,5.70,,
2021-02-25T15:04:00+00:00,2021-02-25T21:09:00+00:00,short,120.52,orb,1.0522,0.4957,12.10,5.70,,
2021-02-26T14:49:00+00:00,2021-02-26T15:19:00+00:00,short,177.760,orb,2.5966,0.0168,30.90,0.20,,
2021-03-01T14:49:00+00:00,2021-03-01T16:09:00+00:00,short,-350.96,orb,0.1744,1.0116,1.50,8.70,,
2021-03-02T14:49:00+00:00,2021-03-02T16:19:00+00:00,short,-298.96,orb,0.1507,1.2329,1.10,9.00,,
2021-03-03T15:14:00+00:00,2021-03-03T15:59:00+00:00,short,-314.96,orb,1.0649,1.039,8.20,8.00,,
2021-03-04T15:14:00+00:00,2021-03-04T15:29:00+00:00,short,-328.44,orb,0.5283,1.283,2.80,6.80,,
2021-03-05T14:49:00+00:00,2021-03-05T15:29:00+00:00,short,-266.22,orb,0.4253,1.069,3.70,9.30,,
2021-03-08T14:54:00+00:00,2021-03-08T21:09:00+00:00,short,225.04,orb,1.2785,0.4937,10.10,3.90,,
2021-03-09T15:34:00+00:00,2021-03-09T21:09:00+00:00,short,-148.70,orb,0.2985,0.9104,2.00,6.10,,
2021-03-10T15:29:00+00:00,2021-03-10T17:49:00+00:00,short,-323.70,orb,0.0,1.0159,0,6.40,,
2021-03-11T17:04:00+00:00,2021-03-11T21:09:00+00:00,long,-34.96,orb,0.3623,0.6377,2.50,4.40,,
2021-03-12T14:49:00+00:00,2021-03-12T16:39:00+00:00,long,169.520,orb,2.5789,0.7018,14.70,4.00,,
2021-03-15T14:24:00+00:00,2021-03-15T15:04:00+00:00,short,213.780,orb,1.5,0.1458,7.20,0.70,,
2021-03-16T14:19:00+00:00,2021-03-16T15:34:00+00:00,long,-316.44,orb,1.3137,1.6078,6.70,8.20,,
2021-03-17T14:04:00+00:00,2021-03-17T14:24:00+00:00,short,-282.96,orb,0.0145,1.2899,0.10,8.90,,
2021-03-18T14:09:00+00:00,2021-03-18T16:14:00+00:00,long,193.520,orb,1.8615,0.5231,12.10,3.40,,
2021-03-19T15:49:00+00:00,2021-03-19T20:09:00+00:00,long,181.30,orb,0.8644,0.0847,5.10,0.50,,
2021-03-22T14:24:00+00:00,2021-03-22T20:09:00+00:00,long,218.82,orb,1.125,0.5208,5.40,2.50,,
2021-03-23T13:59:00+00:00,2021-03-23T14:09:00+00:00,short,251.300,orb,1.6176,0.0,5.50,0,,
2021-03-24T13:54:00+00:00,2021-03-24T14:59:00+00:00,short,-360.36,orb,0.5,1.1667,1.20,2.80,,
2021-03-25T13:54:00+00:00,2021-03-25T17:04:00+00:00,short,229.520,orb,2.1688,0.3896,16.70,3.00,,
2021-03-26T13:59:00+00:00,2021-03-26T15:09:00+00:00,long,207.040,orb,2.3429,0.2571,8.20,0.90,,
2021-03-29T13:49:00+00:00,2021-03-29T20:09:00+00:00,short,-55.48,orb,0.245,0.4768,3.70,7.20,,
2021-03-30T13:59:00+00:00,2021-03-30T20:06:00+00:00,long,-248.70,orb,0.0,0.9841,0,6.20,,
2021-03-31T13:54:00+00:00,2021-03-31T16:14:00+00:00,long,135.760,orb,2.1648,0.2637,19.70,2.40,,
2021-04-01T13:54:00+00:00,2021-04-01T14:09:00+00:00,long,-327.18,orb,0.1778,1.2,0.80,5.40,,
2021-04-05T13:49:00+00:00,2021-04-05T15:19:00+00:00,long,225.040,orb,2.0263,0.2105,7.70,0.80,,
2021-04-06T13:54:00+00:00,2021-04-06T20:09:00+00:00,long,162.08,orb,1.0488,0.3659,4.30,1.50,,
2021-04-07T13:59:00+00:00,2021-04-07T20:09:00+00:00,long,-154.44,orb,0.6,0.8727,3.30,4.80,,
2021-04-08T14:44:00+00:00,2021-04-08T20:09:00+00:00,long,-128.70,orb,0.0492,0.7869,0.30,4.80,,
2021-04-09T13:49:00+00:00,2021-04-09T20:09:00+00:00,long,146.30,orb,1.1695,0.1864,6.90,1.10,,
2021-04-12T13:54:00+00:00,2021-04-12T20:09:00+00:00,short,13.56,orb,1.0377,0.7358,5.50,3.90,,
2021-04-13T14:39:00+00:00,2021-04-13T20:09:00+00:00,short,-182.96,orb,0.0253,0.8608,0.20,6.80,,
2021-04-14T14:19:00+00:00,2021-04-14T14:44:00+00:00,short,-349.92,orb,0.6667,1.0238,2.80,4.30,,
2021-04-15T14:04:00+00:00,2021-04-15T14:49:00+00:00,long,184.520,orb,2.0645,0.1452,12.80,0.90,,
2021-04-16T14:09:00+00:00,2021-04-16T20:09:00+00:00,long,-131.18,orb,0.7917,0.4583,3.80,2.20,,
2021-04-19T13:59:00+00:00,2021-04-19T14:34:00+00:00,long,-347.62,orb,0.52,1.16,1.30,2.90,,
2021-04-20T13:54:00+00:00,2021-04-20T20:09:00+00:00,long,307.56,orb,1.4038,0.1154,7.30,0.60,,
2021-04-21T13:49:00+00:00,2021-04-21T20:09:00+00:00,long,73.04,orb,0.6585,0.4512,5.40,3.70,,
2021-04-22T13:54:00+00:00,2021-04-22T15:24:00+00:00,long,-303.70,orb,0.1864,1.0169,1.10,6.00,,
2021-04-23T13:54:00+00:00,2021-04-23T14:19:00+00:00,short,175.520,orb,2.1864,0.1017,12.90,0.60,,
2021-04-26T14:24:00+00:00,2021-04-26T20:09:00+00:00,long,55.56,orb,0.3922,0.5294,2.00,2.70,,
2021-04-27T13:54:00+00:00,2021-04-27T15:24:00+00:00,long,-308.70,orb,0.1,1.0167,0.60,6.10,,
2021-04-28T13:59:00+00:00,2021-04-28T20:09:00+00:00,long,333.04,orb,1.2714,0.5286,8.90,3.70,,
2021-04-29T13:54:00+00:00,2021-04-29T14:54:00+00:00,short,-334.96,orb,0.6829,1.0244,5.60,8.40,,
2021-04-30T13:49:00+00:00,2021-04-30T14:39:00+00:00,short,-325.92,orb,0.8974,1.0256,3.50,4.00,,
2021-05-03T13:54:00+00:00,2021-05-03T20:09:00+00:00,long,-22.44,orb,1.1887,0.3585,6.30,1.90,,
2021-05-04T13:49:00+00:00,2021-05-04T14:09:00+00:00,long,237.040,orb,1.7,0.225,6.80,0.90,,
2021-05-05T13:49:00+00:00,2021-05-05T14:04:00+00:00,short,-341.92,orb,0.0244,1.2683,0.10,5.20,,
2021-05-06T13:49:00+00:00,2021-05-06T20:09:00+00:00,long,39.26,orb,0.4413,0.0223,7.90,0.40,,
2021-05-07T13:49:00+00:00,2021-05-07T20:09:00+00:00,long,-122.22,orb,0.6939,0.7143,6.80,7.00,,
2021-05-10T13:54:00+00:00,2021-05-10T20:09:00+00:00,short,81.30,orb,0.8594,0.5938,5.50,3.80,,
2021-05-11T13:54:00+00:00,2021-05-11T20:09:00+00:00,long,477.04,orb,1.4706,0.0941,12.50,0.80,,
2021-05-12T14:14:00+00:00,2021-05-12T15:24:00+00:00,short,218.280,orb,2.9184,0.6327,14.30,3.10,,
2021-05-13T14:24:00+00:00,2021-05-13T20:09:00+00:00,long,211.56,orb,1.0545,0.4727,5.80,2.60,,
2021-05-14T14:39:00+00:00,2021-05-14T18:24:00+00:00,short,-328.44,orb,0.283,1.1132,1.50,5.90,,
2021-05-17T14:14:00+00:00,2021-05-17T16:29:00+00:00,long,202.520,orb,1.7206,0.0441,11.70,0.30,,
2021-05-18T13:59:00+00:00,2021-05-18T20:09:00+00:00,short,-230.96,orb,0.125,0.8611,0.90,6.20,,
2021-05-19T13:59:00+00:00,2021-05-19T18:14:00+00:00,long,-202.74,orb,0.0199,1.1343,0.40,22.80,,
2021-05-20T13:49:00+00:00,2021-05-20T20:09:00+00:00,long,21.30,orb,1.2353,0.5,8.40,3.40,,
2021-05-21T13:49:00+00:00,2021-05-21T20:09:00+00:00,short,-68.22,orb,0.8515,0.3663,8.60,3.70,,
2021-05-24T23:59:00+00:00,2021-05-25T06:44:00+00:00,short,-322.96,orb,0.6076,1.0506,4.80,8.30,,
2021-05-25T13:49:00+00:00,2021-05-25T14:09:00+00:00,long,184.520,orb,2.4194,0.3065,15.00,1.90,,
2021-05-26T13:59:00+00:00,2021-05-26T20:09:00+00:00,short,113.04,orb,1.0361,0.7349,8.60,6.10,,
2021-05-27T17:19:00+00:00,2021-05-27T20:23:00+00:00,long,111.30,orb,0.5522,0.0896,3.70,0.60,,
2021-05-28T14:49:00+00:00,2021-05-28T16:54:00+00:00,short,-338.70,orb,0.0455,1.0455,0.30,6.90,,
2021-05-31T13:54:00+00:00,2021-05-31T23:24:00+00:00,long,236.340,orb,2.5556,0.9444,4.60,1.70,,
2021-06-01T13:49:00+00:00,2021-06-01T14:49:00+00:00,short,190.520,orb,1.8281,0.8438,11.70,5.40,,
2021-06-02T13:59:00+00:00,2021-06-02T19:54:00+00:00,short,-352.44,orb,0.4737,1.0351,2.70,5.90,,
2021-06-04T01:54:00+00:00,2021-06-04T12:34:00+00:00,short,-251.48,orb,0.9194,1.4355,11.40,17.80,,
2021-06-04T13:54:00+00:00,2021-06-04T20:09:00+00:00,long,50.82,orb,1.2174,0.587,5.60,2.70,,
2021-06-07T14:29:00+00:00,2021-06-07T20:09:00+00:00,long,371.30,orb,1.2951,0.3607,7.90,2.20,,
2021-06-08T13:54:00+00:00,2021-06-08T14:09:00+00:00,short,-318.96,orb,0.3718,1.3077,2.90,10.20,,
2021-06-09T14:09:00+00:00,2021-06-09T20:09:00+00:00,short,93.04,orb,0.481,0.2658,3.80,2.10,,
2021-06-10T13:49:00+00:00,2021-06-10T20:09:00+00:00,long,229.04,orb,0.878,0.7073,7.20,5.80,,
2021-06-11T13:54:00+00:00,2021-06-11T15:24:00+00:00,short,261.040,orb,1.75,0.6136,7.70,2.70,,
2021-06-14T13:49:00+00:00,2021-06-14T20:09:00+00:00,long,24.52,orb,0.3333,0.1494,5.80,2.60,,
2021-06-15T13:54:00+00:00,2021-06-15T14:04:00+00:00,long,-367.40,orb,0.0,1.2571,0,4.40,,
2021-06-16T13:59:00+00:00,2021-06-16T14:14:00+00:00,long,-371.14,orb,0.8125,1.0625,2.60,3.40,,
2021-06-17T14:04:00+00:00,2021-06-17T20:09:00+00:00,short,78.52,orb,0.84,0.472,10.50,5.90,,
2021-06-18T14:04:00+00:00,2021-06-18T14:14:00+00:00,short,-326.96,orb,0.0,1.0125,0,8.10,,
2021-06-21T14:29:00+00:00,2021-06-21T20:09:00+00:00,long,25.04,orb,0.6234,0.3117,4.80,2.40,,
2021-06-22T14:24:00+00:00,2021-06-22T20:09:00+00:00,long,-88.44,orb,0.963,0.7222,5.20,3.90,,
2021-06-23T13:49:00+00:00,2021-06-23T16:39:00+00:00,long,-299.22,orb,0.2857,1.0408,2.80,10.20,,
2021-06-24T14:49:00+00:00,2021-06-24T20:09:00+00:00,short,105.78,orb,0.4194,0.5376,3.90,5.00,,
2021-06-25T14:49:00+00:00,2021-06-25T20:09:00+00:00,short,181.30,orb,1.3051,0.0169,7.70,0.10,,
2021-06-28T14:59:00+00:00,2021-06-28T20:09:00+00:00,short,-110.18,orb,0.0,0.9796,0,4.80,,
2021-06-29T14:04:00+00:00,2021-06-29T15:14:00+00:00,short,-310.44,orb,0.22,1.14,1.10,5.70,,
2021-06-30T13:49:00+00:00,2021-06-30T16:49:00+00:00,long,205.520,orb,1.7826,0.6522,12.30,4.50,,
2021-07-01T14:14:00+00:00,2021-07-01T20:09:00+00:00,short,-22.44,orb,1.4211,0.3158,8.10,1.80,,
2021-07-02T13:49:00+00:00,2021-07-02T18:34:00+00:00,short,-306.96,orb,0.76,1.08,5.70,8.10,,
2021-07-05T13:49:00+00:00,2021-07-05T13:59:00+00:00,long,-382.20,orb,0.2727,1.0,0.30,1.10,,
2021-07-06T14:14:00+00:00,2021-07-06T14:29:00+00:00,long,-298.70,orb,0.069,1.069,0.40,6.20,,
2021-07-07T13:49:00+00:00,2021-07-07T14:29:00+00:00,long,-334.44,orb,0.2593,1.1111,1.40,6.00,,
2021-07-08T13:49:00+00:00,2021-07-08T15:19:00+00:00,short,226.520,orb,1.8816,0.4342,14.30,3.30,,
2021-07-09T14:04:00+00:00,2021-07-09T20:09:00+00:00,long,73.56,orb,1.0192,0.5192,5.30,2.70,,
2021-07-12T13:54:00+00:00,2021-07-12T14:34:00+00:00,short,-299.22,orb,0.2143,1.4184,2.10,13.90,,
2021-07-13T13:54:00+00:00,2021-07-13T14:09:00+00:00,long,-313.18,orb,0.1628,1.2558,0.70,5.40,,
2021-07-14T13:54:00+00:00,2021-07-14T19:59:00+00:00,short,-313.18,orb,0.7907,1.1628,3.40,5.00,,
2021-07-15T14:04:00+00:00,2021-07-15T16:29:00+00:00,short,-349.14,orb,1.4,1.1667,4.20,3.50,,
2021-07-16T14:14:00+00:00,2021-07-16T20:09:00+00:00,short,201.78,orb,0.9149,0.3191,8.60,3.00,,
2021-07-19T13:59:00+00:00,2021-07-19T15:09:00+00:00,long,-286.96,orb,0.0286,1.2429,0.20,8.70,,
2021-07-20T14:19:00+00:00,2021-07-20T14:44:00+00:00,short,243.040,orb,3.3415,0.2683,13.70,1.10,,
2021-07-21T13:49:00+00:00,2021-07-21T20:09:00+00:00,long,51.30,orb,0.4762,0.5873,3.00,3.70,,
2021-07-22T14:09:00+00:00,2021-07-22T20:09:00+00:00,long,355.56,orb,1.2778,0.1111,6.90,0.60,,
2021-07-23T13:59:00+00:00,2021-07-23T14:14:00+00:00,long,-310.44,orb,0.06,1.14,0.30,5.70,,
2021-07-26T14:14:00+00:00,2021-07-26T20:09:00+00:00,short,-3.70,orb,0.2424,0.697,1.60,4.60,,
2021-07-27T14:04:00+00:00,2021-07-27T20:09:00+00:00,short,-12.18,orb,1.2553,0.6383,5.90,3.00,,
2021-07-28T13:59:00+00:00,2021-07-28T14:44:00+00:00,short,-349.92,orb,0.1429,1.0476,0.60,4.40,,
2021-07-29T14:14:00+00:00,2021-07-29T20:06:00+00:00,long,34.08,orb,1.3421,0.4474,5.10,1.70,,
2021-07-30T13:46:00+00:00,2021-07-30T14:00:00+00:00,long,-362.02,orb,0.0,1.2143,0,1.70,,
2021-08-02T13:49:00+00:00,2021-08-02T14:09:00+00:00,short,-339.66,orb,0.4444,1.0278,1.60,3.70,,
2021-08-03T13:49:00+00:00,2021-08-03T14:44:00+00:00,long,-334.18,orb,0.1957,1.1304,0.90,5.20,,
2021-08-04T13:59:00+00:00,2021-08-04T14:04:00+00:00,short,228.800,orb,2.3871,0.3226,7.40,1.00,,
2021-08-05T13:49:00+00:00,2021-08-05T20:09:00+00:00,short,-111.48,orb,0.0826,0.7851,1.00,9.50,,
2021-08-06T13:49:00+00:00,2021-08-06T20:09:00+00:00,short,99.78,orb,0.6854,0.4382,6.10,3.90,,
2021-08-09T13:59:00+00:00,2021-08-09T15:04:00+00:00,short,205.520,orb,2.1594,0.4493,14.90,3.10,,
2021-08-10T14:04:00+00:00,2021-08-10T15:04:00+00:00,short,-322.96,orb,0.3671,1.0253,2.90,8.10,,
2021-08-11T13:49:00+00:00,2021-08-11T15:04:00+00:00,short,-314.96,orb,0.039,1.0909,0.30,8.40,,
2021-08-12T15:24:00+00:00,2021-08-12T20:09:00+00:00,long,90.78,orb,0.427,0.0787,3.80,0.70,,
2021-08-13T14:04:00+00:00,2021-08-13T16:14:00+00:00,long,202.520,orb,1.5,0.0147,10.20,0.10,,
2021-08-16T13:54:00+00:00,2021-08-16T20:09:00+00:00,long,21.30,orb,0.5254,0.6441,3.10,3.80,,
2021-08-17T14:14:00+00:00,2021-08-17T20:09:00+00:00,short,-95.22,orb,0.2062,0.5155,2.00,5.00,,
2021-08-18T14:19:00+00:00,2021-08-18T15:19:00+00:00,short,231.040,orb,1.7436,0.0256,6.80,0.10,,
2021-08-19T14:09:00+00:00,2021-08-19T20:08:00+00:00,short,-101.22,orb,0.1682,0.5701,1.80,6.10,,
2021-08-20T13:49:00+00:00,2021-08-20T16:04:00+00:00,short,-327.18,orb,0.7111,1.1556,3.20,5.20,,
2021-08-23T14:14:00+00:00,2021-08-23T16:04:00+00:00,short,-270.96,orb,0.5909,1.0152,3.90,6.70,,
2021-08-24T14:04:00+00:00,2021-08-24T20:09:00+00:00,long,-218.96,orb,0.0789,0.7763,0.60,5.90,,
2021-08-25T14:59:00+00:00,2021-08-25T20:09:00+00:00,short,-143.48,orb,0.0088,0.807,0.10,9.20,,
2021-08-26T14:19:00+00:00,2021-08-26T20:09:00+00:00,long,81.04,orb,1.1549,0.2254,8.20,1.60,,
2021-08-27T13:49:00+00:00,2021-08-27T14:04:00+00:00,long,231.780,orb,1.9231,1.7885,10.00,9.30,,
2021-08-30T13:59:00+00:00,2021-08-30T14:04:00+00:00,short,-317.40,orb,0.1333,1.1,0.40,3.30,,
2021-08-31T14:54:00+00:00,2021-08-31T17:04:00+00:00,short,-306.96,orb,0.5067,1.0533,3.80,7.90,,
2021-09-01T13:59:00+00:00,2021-09-01T20:09:00+00:00,short,-61.18,orb,1.1905,0.8095,5.00,3.40,,
2021-09-02T14:04:00+00:00,2021-09-02T14:44:00+00:00,short,-288.70,orb,0.4643,1.1786,2.60,6.60,,
2021-09-03T14:24:00+00:00,2021-09-03T20:09:00+00:00,long,53.04,orb,1.0,0.1039,7.70,0.80,,
2021-09-06T14:04:00+00:00,2021-09-07T00:09:00+00:00,short,-326.10,orb,0.4,1.05,0.80,2.10,,
2021-09-07T13:49:00+00:00,2021-09-07T14:04:00+00:00,short,160.520,orb,2.6481,0.2037,14.30,1.10,,
2021-09-08T13:49:00+00:00,2021-09-08T20:09:00+00:00,short,-121.48,orb,0.1022,0.8759,1.40,12.00,,
2021-09-09T13:49:00+00:00,2021-09-09T14:39:00+00:00,short,166.520,orb,1.7143,0.2143,9.60,1.20,,
2021-09-10T14:04:00+00:00,2021-09-10T17:49:00+00:00,long,-282.96,orb,0.087,1.087,0.60,7.50,,
2021-09-13T13:49:00+00:00,2021-09-13T13:59:00+00:00,short,-327.14,orb,0.0,1.6429,0,4.60,,
2021-09-14T14:39:00+00:00,2021-09-14T20:09:00+00:00,long,22.52,orb,0.3985,0.0376,5.30,0.50,,
2021-09-15T14:04:00+00:00,2021-09-15T20:09:00+00:00,short,169.82,orb,1.3571,0.4048,5.70,1.70,,
2021-09-16T13:49:00+00:00,2021-09-16T15:09:00+00:00,short,-287.22,orb,0.3298,1.0638,3.10,10.00,,
2021-09-17T14:19:00+00:00,2021-09-17T15:14:00+00:00,short,-298.70,orb,0.0345,1.0172,0.20,5.90,,
2021-09-20T14:09:00+00:00,2021-09-20T14:24:00+00:00,long,213.780,orb,1.8333,0.2292,8.80,1.10,,
2021-09-21T14:24:00+00:00,2021-09-21T20:09:00+00:00,long,-53.70,orb,1.1754,0.2105,6.70,1.20,,
2021-09-22T14:04:00+00:00,2021-09-22T15:24:00+00:00,short,-316.44,orb,0.0196,1.2157,0.10,6.20,,
2021-09-23T13:49:00+00:00,2021-09-23T20:09:00+00:00,short,241.56,orb,1.2444,0.9556,5.60,4.30,,
2021-09-24T14:04:00+00:00,2021-09-24T20:09:00+00:00,long,5.04,orb,1.127,0.5714,7.10,3.60,,
2021-09-27T13:49:00+00:00,2021-09-27T14:49:00+00:00,long,-273.70,orb,0.5283,1.0,2.80,5.30,,
2021-09-28T13:49:00+00:00,2021-09-28T20:09:00+00:00,short,-53.48,orb,0.1333,0.9619,1.40,10.10,,
2021-09-29T14:04:00+00:00,2021-09-29T14:24:00+00:00,short,160.520,orb,2.5741,0.037,13.90,0.20,,
2021-09-30T14:04:00+00:00,2021-09-30T14:29:00+00:00,long,187.520,orb,2.9841,0.0635,18.80,0.40,,
2021-10-01T14:29:00+00:00,2021-10-01T20:09:00+00:00,long,-33.70,orb,0.7544,0.7895,4.30,4.50,,
2021-10-04T14:04:00+00:00,2021-10-04T14:39:00+00:00,long,211.520,orb,2.1831,0.2254,15.50,1.60,,
2021-10-05T13:54:00+00:00,2021-10-05T15:29:00+00:00,short,-283.70,orb,0.4727,1.3091,2.60,7.20,,
2021-10-06T14:29:00+00:00,2021-10-06T15:09:00+00:00,long,-317.92,orb,1.2895,1.0,4.90,3.80,,
2021-10-07T13:59:00+00:00,2021-10-07T20:09:00+00:00,long,-168.70,orb,0.7719,0.7544,4.40,4.30,,
2021-10-08T13:49:00+00:00,2021-10-08T14:34:00+00:00,short,128.260,orb,1.9535,0.2907,16.80,2.50,,
2021-10-11T14:14:00+00:00,2021-10-11T17:39:00+00:00,long,-308.70,orb,0.0,1.0,0,6.00,,
2021-10-12T13:49:00+00:00,2021-10-12T20:09:00+00:00,long,-179.22,orb,0.2917,0.9271,2.80,8.90,,
2021-10-13T13:59:00+00:00,2021-10-13T20:09:00+00:00,long,208.52,orb,1.0426,0.0213,14.70,0.30,,
2021-10-14T14:24:00+00:00,2021-10-14T20:09:00+00:00,long,-138.70,orb,0.0,0.8966,0,5.20,,
2021-10-15T13:49:00+00:00,2021-10-15T20:09:00+00:00,long,-162.96,orb,0.7344,0.9219,4.70,5.90,,
2021-10-18T14:09:00+00:00,2021-10-18T20:09:00+00:00,long,-258.96,orb,0.0886,0.8734,0.70,6.90,,
2021-10-19T14:19:00+00:00,2021-10-19T20:09:00+00:00,short,99.78,orb,0.6905,0.2143,5.80,1.80,,
2021-10-20T14:29:00+00:00,2021-10-20T20:09:00+00:00,long,93.04,orb,0.7662,0.1169,5.90,0.90,,
2021-10-21T13:59:00+00:00,2021-10-21T20:09:00+00:00,short,-223.70,orb,0.2381,0.873,1.50,5.50,,
2021-10-22T13:59:00+00:00,2021-10-22T15:04:00+00:00,long,225.040,orb,1.5526,0.4211,5.90,1.60,,
2021-10-25T13:54:00+00:00,2021-10-25T20:09:00+00:00,long,-130.96,orb,0.0725,0.6522,0.50,4.50,,
2021-10-26T14:04:00+00:00,2021-10-26T20:09:00+00:00,short,-188.22,orb,0.7108,0.8916,5.90,7.40,,
2021-10-27T14:09:00+00:00,2021-10-27T18:24:00+00:00,short,-269.22,orb,0.6136,1.0114,5.40,8.90,,
2021-10-28T14:29:00+00:00,2021-10-28T20:09:00+00:00,short,14.52,orb,0.681,0.4397,7.90,5.10,,
2021-10-29T13:49:00+00:00,2021-10-29T14:09:00+00:00,short,-310.96,orb,0.0263,1.3553,0.20,10.30,,
2021-11-01T13:54:00+00:00,2021-11-01T20:09:00+00:00,long,81.30,orb,0.7458,0.3729,4.40,2.20,,
2021-11-02T14:09:00+00:00,2021-11-02T20:09:00+00:00,short,-3.70,orb,0.2857,0.9821,1.60,5.50,,
2021-11-03T13:54:00+00:00,2021-11-03T14:49:00+00:00,short,204.780,orb,1.8043,0.913,8.30,4.20,,
2021-11-04T13:59:00+00:00,2021-11-04T15:34:00+00:00,long,-280.44,orb,0.6889,1.0889,3.10,4.90,,
2021-11-05T15:09:00+00:00,2021-11-05T15:44:00+00:00,long,175.520,orb,2.5763,0.1017,15.20,0.60,,
2021-11-08T18:19:00+00:00,2021-11-08T21:09:00+00:00,long,-64.44,orb,0.2708,0.3333,1.30,1.60,,
2021-11-09T14:59:00+00:00,2021-11-09T17:54:00+00:00,short,-320.18,orb,1.3864,1.0909,6.10,4.80,,
2021-11-10T15:44:00+00:00,2021-11-10T21:09:00+00:00,short,74.52,orb,1.1417,0.2283,14.50,2.90,,
2021-11-11T14:59:00+00:00,2021-11-11T21:09:00+00:00,short,-178.44,orb,0.1875,0.9167,0.90,4.40,,
2021-11-12T15:04:00+00:00,2021-11-12T21:09:00+00:00,long,176.30,orb,1.1935,0.3871,7.40,2.40,,
2021-11-15T15:34:00+00:00,2021-11-15T16:29:00+00:00,short,-280.44,orb,0.0889,1.2444,0.40,5.60,,
2021-11-16T14:54:00+00:00,2021-11-16T18:04:00+00:00,short,187.520,orb,1.8254,0.6349,11.50,4.00,,
2021-11-17T15:09:00+00:00,2021-11-17T15:44:00+00:00,long,-325.92,orb,0.2821,1.359,1.10,5.30,,
2021-11-18T15:09:00+00:00,2021-11-18T21:09:00+00:00,short,1.30,orb,0.7115,0.6731,3.70,3.50,,
2021-11-19T14:59:00+00:00,2021-11-19T15:49:00+00:00,long,-286.44,orb,0.1522,1.3261,0.70,6.10,,
2021-11-22T14:49:00+00:00,2021-11-22T17:24:00+00:00,long,-235.48,orb,0.0517,1.1293,0.60,13.10,,
2021-11-23T15:04:00+00:00,2021-11-23T21:09:00+00:00,short,-103.70,orb,1.25,0.7692,6.50,4.00,,
2021-11-24T15:09:00+00:00,2021-11-24T15:54:00+00:00,short,-299.18,orb,0.2927,1.2195,1.20,5.00,,
2021-11-25T14:49:00+00:00,2021-11-25T15:04:00+00:00,short,206.360,orb,1.5385,0.6923,2.00,0.90,,
2021-11-26T14:54:00+00:00,2021-11-26T16:44:00+00:00,short,122.260,orb,2.1463,0.7683,17.60,6.30,,
2021-11-29T16:24:00+00:00,2021-11-29T21:09:00+00:00,short,76.30,orb,0.75,0.2885,3.90,1.50,,
2021-11-30T14:49:00+00:00,2021-11-30T15:39:00+00:00,long,-242.22,orb,0.7848,1.4177,6.20,11.20,,
2021-12-01T14:54:00+00:00,2021-12-01T16:49:00+00:00,long,-304.44,orb,0.8367,1.449,4.10,7.10,,
2021-12-02T14:54:00+00:00,2021-12-02T21:09:00+00:00,short,-81.48,orb,0.3333,0.7297,3.70,8.10,,
2021-12-03T16:09:00+00:00,2021-12-03T21:09:00+00:00,long,177.78,orb,1.0435,0.3696,9.60,3.40,,
2021-12-06T15:14:00+00:00,2021-12-06T21:09:00+00:00,long,-130.44,orb,0.92,0.68,4.60,3.40,,
2021-12-07T15:29:00+00:00,2021-12-07T16:49:00+00:00,long,207.040,orb,1.7714,0.3429,6.20,1.20,,
2021-12-08T15:04:00+00:00,2021-12-08T21:09:00+00:00,long,-4.44,orb,0.551,0.9184,2.70,4.50,,
2021-12-09T14:49:00+00:00,2021-12-09T21:09:00+00:00,short,-2.22,orb,0.3205,0.7821,2.50,6.10,,
2021-12-10T16:24:00+00:00,2021-12-10T21:09:00+00:00,long,-158.96,orb,0.1571,0.6429,1.10,4.50,,
2021-12-13T14:54:00+00:00,2021-12-13T21:09:00+00:00,long,-47.40,orb,1.0357,0.8214,2.90,2.30,,
2021-12-14T14:49:00+00:00,2021-12-14T21:09:00+00:00,long,-58.44,orb,1.2292,0.3958,5.90,1.90,,
2021-12-15T15:09:00+00:00,2021-12-15T18:29:00+00:00,long,-308.70,orb,0.05,1.0667,0.30,6.40,,
2021-12-16T14:59:00+00:00,2021-12-16T21:09:00+00:00,long,197.04,orb,0.831,0.0704,5.90,0.50,,
2021-12-17T15:19:00+00:00,2021-12-17T15:59:00+00:00,long,-268.70,orb,0.1538,1.0385,0.80,5.40,,
2021-12-20T14:59:00+00:00,2021-12-20T21:09:00+00:00,short,77.04,orb,0.4265,0.8971,2.90,6.10,,
2021-12-21T14:59:00+00:00,2021-12-21T15:44:00+00:00,short,177.780,orb,1.825,0.45,7.30,1.80,,
2021-12-22T14:54:00+00:00,2021-12-22T15:49:00+00:00,short,-268.70,orb,0.1154,1.0385,0.60,5.40,,
2021-12-23T15:09:00+00:00,2021-12-23T21:09:00+00:00,long,75.78,orb,0.6125,0.2875,4.90,2.30,,
2021-12-27T15:04:00+00:00,2021-12-27T17:59:00+00:00,long,-285.92,orb,0.8235,1.0294,2.80,3.50,,
2021-12-28T16:04:00+00:00,2021-12-28T21:09:00+00:00,short,231.30,orb,1.0,0.3818,5.50,2.10,,
2021-12-29T14:49:00+00:00,2021-12-29T16:04:00+00:00,long,157.520,orb,1.9434,0.2264,10.30,1.20,,
2021-12-30T16:14:00+00:00,2021-12-30T21:09:00+00:00,long,174.78,orb,0.8889,0.0247,7.20,0.20,,
2021-12-31T14:59:00+00:00,2021-12-31T17:14:00+00:00,short,-309.92,orb,0.5676,1.1351,2.10,4.20,,
2023-01-03T15:14:00+00:00,2023-01-03T21:09:00+00:00,short,16.52,orb,1.1471,0.1373,11.70,1.40,,
2023-01-04T15:04:00+00:00,2023-01-04T16:14:00+00:00,short,-288.70,orb,0.9643,1.0714,5.40,6.00,,
2023-01-05T15:04:00+00:00,2023-01-05T15:34:00+00:00,short,148.520,orb,1.6,0.72,8.00,3.60,,
2023-01-06T15:04:00+00:00,2023-01-06T18:59:00+00:00,long,168.760,orb,1.6106,0.0088,18.20,0.10,,
2023-01-09T14:49:00+00:00,2023-01-09T15:39:00+00:00,long,-263.70,orb,0.1373,1.4314,0.70,7.30,,
2023-01-10T16:39:00+00:00,2023-01-10T21:09:00+00:00,short,-162.96,orb,0.3699,0.7123,2.70,5.20,,
2023-01-11T14:49:00+00:00,2023-01-11T21:09:00+00:00,short,-198.96,orb,0.7286,0.9714,5.10,6.80,,
2023-01-12T14:54:00+00:00,2023-01-12T17:19:00+00:00,short,-285.48,orb,0.078,1.0638,1.10,15.00,,
2023-01-13T14:49:00+00:00,2023-01-13T18:44:00+00:00,long,122.260,orb,1.5244,0.3293,12.50,2.70,,
2023-01-16T14:49:00+00:00,2023-01-16T17:09:00+00:00,long,-311.10,orb,1.2105,1.0526,2.30,2.00,,
2023-01-17T15:19:00+00:00,2023-01-17T21:09:00+00:00,short,66.30,orb,1.1379,0.569,6.60,3.30,,
2023-01-18T15:04:00+00:00,2023-01-18T17:04:00+00:00,short,125.260,orb,1.9524,0.2143,16.40,1.80,,
2023-01-19T15:04:00+00:00,2023-01-19T18:44:00+00:00,long,177.780,orb,2.975,0.525,11.90,2.10,,
2023-01-20T15:09:00+00:00,2023-01-20T21:09:00+00:00,long,41.30,orb,0.8103,0.6207,4.70,3.60,,
2023-01-23T14:54:00+00:00,2023-01-23T15:04:00+00:00,long,-303.70,orb,0.0,1.1356,0,6.70,,
2023-01-24T14:49:00+00:00,2023-01-24T14:59:00+00:00,short,198.800,orb,2.8889,0.037,7.80,0.10,,
2023-01-25T14:49:00+00:00,2023-01-25T17:34:00+00:00,long,213.780,orb,3.3333,0.8333,16.00,4.00,,
2023-01-26T14:49:00+00:00,2023-01-26T16:24:00+00:00,short,187.520,orb,2.1746,0.5397,13.70,3.40,,
2023-01-27T15:49:00+00:00,2023-01-27T16:14:00+00:00,short,-306.96,orb,0.3333,1.0667,2.50,8.00,,
2023-01-30T14:54:00+00:00,2023-01-30T15:29:00+00:00,short,-320.18,orb,0.0227,1.0,0.10,4.40,,
2023-01-31T14:52:00+00:00,2023-01-31T21:21:00+00:00,long,91.30,orb,0.7818,0.9636,4.30,5.30,,
2023-02-01T14:49:00+00:00,2023-02-01T19:39:00+00:00,short,-268.70,orb,1.3269,1.1538,6.90,6.00,,
2023-02-02T14:49:00+00:00,2023-02-02T17:44:00+00:00,short,197.260,orb,1.75,0.0,23.10,0,,
2023-02-03T15:04:00+00:00,2023-02-03T21:09:00+00:00,short,182.52,orb,1.0244,0.5122,12.60,6.30,,
2023-02-06T15:19:00+00:00,2023-02-06T21:09:00+00:00,short,31.30,orb,1.0492,0.3934,6.40,2.40,,
2023-02-07T15:34:00+00:00,2023-02-07T15:59:00+00:00,long,191.280,orb,2.0,0.3721,8.60,1.60,,
2023-02-08T14:49:00+00:00,2023-02-08T21:09:00+00:00,short,-111.48,orb,0.087,0.8609,1.00,9.90,,
2023-02-09T14:59:00+00:00,2023-02-09T16:04:00+00:00,short,123.760,orb,2.4819,0.3253,20.60,2.70,,
2023-02-10T14:59:00+00:00,2023-02-10T21:09:00+00:00,short,-138.70,orb,0.8197,0.9508,5.00,5.80,,
2023-02-13T16:09:00+00:00,2023-02-13T21:09:00+00:00,short,-50.96,orb,0.3676,0.4559,2.50,3.10,,
2023-02-14T14:54:00+00:00,2023-02-14T21:09:00+00:00,long,84.78,orb,1.4343,0.8384,14.20,8.30,,
2023-02-15T15:39:00+00:00,2023-02-15T20:59:00+00:00,short,-293.70,orb,0.6667,1.0526,3.80,6.00,,
2023-02-16T14:54:00+00:00,2023-02-16T15:24:00+00:00,short,-310.44,orb,0.14,1.12,0.70,5.60,,
2023-02-17T15:04:00+00:00,2023-02-17T17:04:00+00:00,long,205.520,orb,1.8406,0.1159,12.70,0.80,,
2023-02-20T14:49:00+00:00,2023-02-20T14:59:00+00:00,short,-337.32,orb,0.1176,1.2941,0.20,2.20,,
2023-02-21T14:49:00+00:00,2023-02-21T21:09:00+00:00,short,12.78,orb,0.5059,0.7529,4.30,6.40,,
2023-02-22T15:04:00+00:00,2023-02-22T15:29:00+00:00,short,-321.66,orb,1.1176,1.1176,3.80,3.80,,
2023-02-23T14:54:00+00:00,2023-02-23T15:34:00+00:00,long,-268.70,orb,0.0962,1.3269,0.50,6.90,,
2023-02-24T15:04:00+00:00,2023-02-24T15:54:00+00:00,long,-278.70,orb,0.037,1.037,0.20,5.60,,
2023-02-27T14:59:00+00:00,2023-02-27T15:44:00+00:00,long,-285.92,orb,0.6176,1.2353,2.10,4.20,,
2023-02-28T14:49:00+00:00,2023-02-28T15:04:00+00:00,long,168.780,orb,2.9211,0.0789,11.10,0.30,,
2023-03-01T14:59:00+00:00,2023-03-01T15:09:00+00:00,long,-299.18,orb,0.6341,1.6585,2.60,6.80,,
2023-03-02T15:34:00+00:00,2023-03-02T17:19:00+00:00,long,-298.44,orb,0.1667,1.1875,0.80,5.70,,
2023-03-03T15:04:00+00:00,2023-03-03T15:29:00+00:00,short,-307.40,orb,1.1034,1.2414,3.20,3.60,,
2023-03-06T15:04:00+00:00,2023-03-06T15:44:00+00:00,short,-277.92,orb,0.3636,1.0909,1.20,3.60,,
2023-03-07T15:04:00+00:00,2023-03-07T21:09:00+00:00,short,309.78,orb,1.4824,0.3176,12.60,2.70,,
2023-03-08T14:49:00+00:00,2023-03-08T18:44:00+00:00,long,-270.96,orb,0.6818,1.0152,4.50,6.70,,
2023-03-09T14:49:00+00:00,2023-03-09T17:04:00+00:00,long,-278.70,orb,0.8704,1.0,4.70,5.40,,
2023-03-10T15:04:00+00:00,2023-03-10T21:09:00+00:00,long,162.52,orb,0.8333,0.5789,9.50,6.60,,
2023-03-13T13:59:00+00:00,2023-03-13T14:44:00+00:00,short,-267.48,orb,0.0303,1.0227,0.40,13.50,,
2023-03-14T13:49:00+00:00,2023-03-14T15:04:00+00:00,short,-223.48,orb,0.1091,1.0091,1.20,11.10,,
2023-03-15T15:54:00+00:00,2023-03-15T18:29:00+00:00,long,-281.22,orb,1.2174,1.1304,11.20,10.40,,
2023-03-16T13:59:00+00:00,2023-03-16T14:44:00+00:00,short,-236.22,orb,0.039,1.0519,0.30,8.10,,
2023-03-17T13:54:00+00:00,2023-03-17T14:44:00+00:00,long,190.520,orb,2.875,0.2344,18.40,1.50,,
2023-03-20T13:59:00+00:00,2023-03-20T14:14:00+00:00,short,199.520,orb,1.8358,0.0448,12.30,0.30,,
2023-03-21T13:49:00+00:00,2023-03-21T20:09:00+00:00,short,264.52,orb,1.4959,0.2683,18.40,3.30,,
2023-03-22T14:14:00+00:00,2023-03-22T18:04:00+00:00,long,213.780,orb,4.4792,0.4583,21.50,2.20,,
2023-03-23T13:54:00+00:00,2023-03-23T16:29:00+00:00,long,205.520,orb,2.5507,0.6522,17.60,4.50,,
2023-03-24T13:59:00+00:00,2023-03-24T20:09:00+00:00,short,258.52,orb,1.3243,0.7928,14.70,8.80,,
2023-03-27T13:49:00+00:00,2023-03-27T14:19:00+00:00,short,-274.44,orb,0.1364,1.2045,0.60,5.30,,
2023-03-28T14:19:00+00:00,2023-03-28T14:34:00+00:00,short,-250.96,orb,0.0984,1.0164,0.60,6.20,,
2023-03-29T13:49:00+00:00,2023-03-29T15:59:00+00:00,long,-280.44,orb,1.2889,1.2444,5.80,5.60,,
2023-03-30T14:09:00+00:00,2023-03-30T14:19:00+00:00,short,-278.18,orb,0.1316,1.2105,0.50,4.60,,
2023-03-31T13:59:00+00:00,2023-03-31T17:19:00+00:00,short,204.780,orb,2.5652,0.3261,11.80,1.50,,
2023-04-03T14:04:00+00:00,2023-04-03T20:09:00+00:00,long,28.52,orb,0.614,0.3421,7.00,3.90,,
2023-04-04T14:04:00+00:00,2023-04-04T20:09:00+00:00,long,175.26,orb,1.2586,0.0057,21.90,0.10,,
2023-04-05T13:54:00+00:00,2023-04-05T14:04:00+00:00,short,-258.96,orb,0.1587,1.3968,1.00,8.80,,
2023-04-06T13:49:00+00:00,2023-04-06T16:24:00+00:00,short,-296.22,orb,0.4124,1.0722,4.00,10.40,,
2023-04-10T14:39:00+00:00,2023-04-10T20:09:00+00:00,short,-188.22,orb,0.1099,0.8571,1.00,7.80,,
2023-04-11T13:54:00+00:00,2023-04-11T20:09:00+00:00,long,151.56,orb,1.1111,0.5111,5.00,2.30,,
2023-04-12T13:49:00+00:00,2023-04-12T20:09:00+00:00,short,-107.74,orb,0.0675,0.9325,1.10,15.20,,
2023-04-13T13:49:00+00:00,2023-04-13T14:39:00+00:00,long,-263.70,orb,0.6863,1.6471,3.50,8.40,,
2023-04-14T14:04:00+00:00,2023-04-14T14:49:00+00:00,short,140.260,orb,2.7128,0.0213,25.50,0.20,,
2023-04-17T14:04:00+00:00,2023-04-17T14:49:00+00:00,short,181.520,orb,2.2787,0.1803,13.90,1.10,,
2023-04-18T13:49:00+00:00,2023-04-18T14:09:00+00:00,long,208.520,orb,2.0286,0.1286,14.20,0.90,,
2023-04-19T14:09:00+00:00,2023-04-19T20:09:00+00:00,long,0.52,orb,0.2281,0.4737,2.60,5.40,,
2023-04-20T14:09:00+00:00,2023-04-20T14:54:00+00:00,long,-254.22,orb,0.1084,1.0241,0.90,8.50,,
2023-04-21T13:49:00+00:00,2023-04-21T20:09:00+00:00,short,-30.74,orb,0.4233,0.4233,8.00,8.00,,
2023-04-24T14:39:00+00:00,2023-04-24T20:09:00+00:00,long,132.78,orb,0.809,0.2809,7.20,2.50,,
2023-04-25T15:59:00+00:00,2023-04-25T17:54:00+00:00,long,154.520,orb,2.6154,0.3462,13.60,1.80,,
2023-04-26T14:04:00+00:00,2023-04-26T16:19:00+00:00,short,135.760,orb,1.8022,0.4835,16.40,4.40,,
2023-04-27T14:09:00+00:00,2023-04-27T20:09:00+00:00,long,34.52,orb,0.4077,0.5692,5.30,7.40,,
2023-04-28T13:49:00+00:00,2023-04-28T14:39:00+00:00,short,-314.96,orb,0.0649,1.4026,0.50,10.80,,
2023-05-01T13:54:00+00:00,2023-05-01T14:04:00+00:00,short,160.520,orb,2.7037,0.1667,14.60,0.90,,
2023-05-02T14:04:00+00:00,2023-05-02T14:34:00+00:00,long,129.760,orb,2.7241,0.092,23.70,0.80,,
2023-05-03T13:54:00+00:00,2023-05-03T14:49:00+00:00,short,-304.44,orb,0.7551,1.0,3.70,4.90,,
2023-05-04T13:49:00+00:00,2023-05-04T20:09:00+00:00,long,136.52,orb,1.4513,0.1593,16.40,1.80,,
2023-05-05T13:49:00+00:00,2023-05-05T15:14:00+00:00,short,-284.22,orb,0.3333,1.0215,3.10,9.50,,
2023-05-08T13:49:00+00:00,2023-05-08T20:09:00+00:00,long,-158.70,orb,1.1273,0.6364,6.20,3.50,,
2023-05-09T13:49:00+00:00,2023-05-09T15:19:00+00:00,long,-280.44,orb,0.4222,1.0222,1.90,4.60,,
2023-05-10T13:49:00+00:00,2023-05-10T14:39:00+00:00,long,-302.96,orb,0.1622,1.2568,1.20,9.30,,
2023-05-11T13:49:00+00:00,2023-05-11T20:09:00+00:00,short,68.52,orb,0.4965,0.305,7.00,4.30,,
2023-05-12T13:49:00+00:00,2023-05-12T14:04:00+00:00,long,-317.92,orb,0.2632,1.1316,1.00,4.30,,
2023-05-15T13:49:00+00:00,2023-05-15T14:24:00+00:00,long,-280.44,orb,0.6,1.0444,2.70,4.70,,
2023-05-16T14:04:00+00:00,2023-05-16T14:44:00+00:00,short,189.040,orb,3.0938,0.2188,9.90,0.70,,
2023-05-17T13:59:00+00:00,2023-05-17T14:19:00+00:00,short,-286.96,orb,0.4143,1.0857,2.90,7.60,,
2023-05-18T14:44:00+00:00,2023-05-18T20:09:00+00:00,short,-118.44,orb,0.8163,0.6939,4.00,3.40,,
2023-05-19T15:14:00+00:00,2023-05-19T15:34:00+00:00,long,153.760,orb,1.6893,0.0194,17.40,0.20,,
2023-05-22T13:54:00+00:00,2023-05-22T14:09:00+00:00,short,-274.44,orb,0.3409,1.6364,1.50,7.20,,
2023-05-23T13:49:00+00:00,2023-05-23T13:59:00+00:00,short,-313.18,orb,0.3023,1.6512,1.30,7.10,,
2023-05-24T14:04:00+00:00,2023-05-24T16:14:00+00:00,short,193.520,orb,2.0154,0.4308,13.10,2.80,,
2023-05-25T15:39:00+00:00,2023-05-25T20:09:00+00:00,short,87.78,orb,0.625,0.4125,5.00,3.30,,
2023-05-26T14:09:00+00:00,2023-05-26T14:34:00+00:00,long,-280.44,orb,0.2444,1.6444,1.10,7.40,,
2023-05-29T16:14:00+00:00,2023-05-30T03:59:00+00:00,short,219.040,orb,2.973,0.3243,11.00,1.20,,
2023-05-30T13:59:00+00:00,2023-05-30T14:09:00+00:00,short,-293.92,orb,0.5143,1.2286,1.80,4.30,,
2023-05-31T13:49:00+00:00,2023-05-31T14:03:00+00:00,long,-275.22,orb,0.0,1.4556,0,13.10,,
2023-06-01T14:04:00+00:00,2023-06-01T20:09:00+00:00,long,157.04,orb,1.3286,0.6,9.30,4.20,,
2023-06-02T13:49:00+00:00,2023-06-02T20:09:00+00:00,short,282.52,orb,1.073,0.3431,14.70,4.70,,
2023-06-05T13:49:00+00:00,2023-06-05T14:04:00+00:00,long,213.040,orb,3.7778,0.8611,13.60,3.10,,
2023-06-06T13:49:00+00:00,2023-06-06T16:04:00+00:00,short,-239.22,orb,0.3462,1.0513,2.70,8.20,,
2023-06-07T13:49:00+00:00,2023-06-07T14:34:00+00:00,long,-283.70,orb,1.2,1.0,6.60,5.50,,
2023-06-08T13:54:00+00:00,2023-06-08T20:09:00+00:00,long,-34.96,orb,0.6667,0.6232,4.60,4.30,,
2023-06-09T14:19:00+00:00,2023-06-09T20:09:00+00:00,long,-146.22,orb,0.407,0.6279,3.50,5.40,,
2023-06-12T13:49:00+00:00,2023-06-12T15:39:00+00:00,short,-250.96,orb,0.5574,1.0164,3.40,6.20,,
2023-06-13T13:49:00+00:00,2023-06-13T20:09:00+00:00,short,216.52,orb,1.4369,0.301,14.80,3.10,,
2023-06-14T13:59:00+00:00,2023-06-14T14:19:00+00:00,short,-317.40,orb,0.3333,1.0333,1.00,3.10,,
2023-06-15T13:49:00+00:00,2023-06-15T20:09:00+00:00,long,160.52,orb,0.9903,0.0777,10.20,0.80,,
2023-06-16T14:04:00+00:00,2023-06-16T14:24:00+00:00,long,-245.22,orb,0.0125,1.1,0.10,8.80,,
2023-06-19T14:04:00+00:00,2023-06-19T14:34:00+00:00,short,-304.36,orb,0.05,1.0,0.10,2.00,,
2023-06-20T13:59:00+00:00,2023-06-20T20:09:00+00:00,short,-170.22,orb,0.2895,0.9737,2.20,7.40,,
2023-06-21T14:29:00+00:00,2023-06-21T20:09:00+00:00,long,38.52,orb,0.5772,0.1138,7.10,1.40,,
2023-06-22T13:49:00+00:00,2023-06-22T14:19:00+00:00,long,-286.96,orb,0.0,1.1286,0,7.90,,
2023-06-23T14:04:00+00:00,2023-06-23T15:19:00+00:00,short,148.520,orb,2.5,0.48,12.50,2.40,,
2023-06-26T13:49:00+00:00,2023-06-26T15:24:00+00:00,short,-250.96,orb,0.0492,1.082,0.30,6.60,,
2023-06-27T13:49:00+00:00,2023-06-27T14:04:00+00:00,short,209.280,orb,3.1702,0.3191,14.90,1.50,,
2023-06-28T15:24:00+00:00,2023-06-28T20:09:00+00:00,long,-86.96,orb,0.2162,0.3514,1.60,2.60,,
2023-06-29T13:54:00+00:00,2023-06-29T14:14:00+00:00,long,157.520,orb,2.5849,0.1887,13.70,1.00,,
2023-06-30T14:09:00+00:00,2023-06-30T20:09:00+00:00,long,97.04,orb,0.9706,0.5,6.60,3.40,,
2023-07-03T13:49:00+00:00,2023-07-03T14:04:00+00:00,long,207.040,orb,1.9143,0.1429,6.70,0.50,,
2023-07-04T14:19:00+00:00,2023-07-04T14:39:00+00:00,long,-339.02,orb,0.2308,1.0,0.30,1.30,,
2023-07-05T13:49:00+00:00,2023-07-05T20:09:00+00:00,short,195.78,orb,0.8144,0.3505,7.90,3.40,,
2023-07-06T13:54:00+00:00,2023-07-06T20:09:00+00:00,short,-48.70,orb,1.2778,0.5185,6.90,2.80,,
2023-07-07T13:49:00+00:00,2023-07-07T20:09:00+00:00,long,-93.70,orb,1.4386,0.9649,8.20,5.50,,
2023-07-10T14:14:00+00:00,2023-07-10T20:09:00+00:00,long,37.56,orb,0.5909,0.8409,2.60,3.70,,
2023-07-11T14:14:00+00:00,2023-07-11T16:04:00+00:00,long,-274.44,orb,0.3636,1.0,1.60,4.40,,
2023-07-12T13:49:00+00:00,2023-07-12T20:09:00+00:00,long,121.56,orb,0.8571,0.5714,4.20,2.80,,
2023-07-13T14:09:00+00:00,2023-07-13T15:54:00+00:00,long,-286.44,orb,0.1304,1.3478,0.60,6.20,,
2023-07-14T13:49:00+00:00,2023-07-14T14:04:00+00:00,long,-280.44,orb,0.2,2.1556,0.90,9.70,,
2023-07-17T13:59:00+00:00,2023-07-17T20:09:00+00:00,long,206.30,orb,1.0943,0.283,5.80,1.50,,
2023-07-18T13:59:00+00:00,2023-07-18T14:44:00+00:00,long,116.260,orb,1.6667,0.0513,13.00,0.40,,
2023-07-19T14:14:00+00:00,2023-07-19T20:09:00+00:00,short,-193.70,orb,0.7963,0.9074,4.30,4.90,,
2023-07-20T14:09:00+00:00,2023-07-20T20:09:00+00:00,short,97.04,orb,0.9452,0.2329,6.90,1.70,,
2023-07-21T14:04:00+00:00,2023-07-21T14:39:00+00:00,short,-298.44,orb,0.2917,1.2292,1.40,5.90,,
2023-07-24T13:54:00+00:00,2023-07-24T18:14:00+00:00,short,195.040,orb,2.0303,0.697,6.70,2.30,,
2023-07-25T13:54:00+00:00,2023-07-25T14:59:00+00:00,short,-292.44,orb,1.2979,1.1915,6.10,5.60,,
2023-07-26T14:59:00+00:00,2023-07-26T15:29:00+00:00,long,177.780,orb,1.525,0.15,6.10,0.60,,
2023-07-27T14:19:00+00:00,2023-07-27T20:09:00+00:00,short,-17.48,orb,0.0827,0.4586,1.10,6.10,,
2023-07-28T13:49:00+00:00,2023-07-28T20:05:00+00:00,long,115.56,orb,1.2041,0.4286,5.90,2.10,,
2023-07-31T13:49:00+00:00,2023-07-31T19:39:00+00:00,long,-293.70,orb,0.2807,1.0,1.60,5.70,,
2023-08-01T14:04:00+00:00,2023-08-01T14:34:00+00:00,long,-268.70,orb,0.0,1.3077,0,6.80,,
2023-08-02T14:04:00+00:00,2023-08-02T14:19:00+00:00,short,183.040,orb,3.0323,0.129,9.40,0.40,,
2023-08-03T13:59:00+00:00,2023-08-03T14:09:00+00:00,short,-278.70,orb,0.0,1.0,0,5.40,,
2023-08-04T14:09:00+00:00,2023-08-04T20:09:00+00:00,short,-18.96,orb,0.5205,0.3973,3.80,2.90,,
2023-08-07T13:49:00+00:00,2023-08-07T14:04:00+00:00,short,168.780,orb,1.5263,0.1842,5.80,0.70,,
2023-08-08T14:19:00+00:00,2023-08-08T20:09:00+00:00,long,-148.70,orb,0.6964,0.75,3.90,4.20,,
2023-08-09T13:54:00+00:00,2023-08-09T14:04:00+00:00,short,-303.66,orb,0.2812,1.4375,0.90,4.60,,
2023-08-10T14:14:00+00:00,2023-08-10T20:09:00+00:00,short,123.78,orb,0.6316,0.5658,4.80,4.30,,
2023-08-11T14:09:00+00:00,2023-08-11T15:49:00+00:00,long,-263.70,orb,0.6863,1.0,3.50,5.10,,
2023-08-14T13:49:00+00:00,2023-08-14T14:14:00+00:00,short,-293.92,orb,0.0,1.6,0,5.60,,
2023-08-15T14:09:00+00:00,2023-08-15T14:49:00+00:00,long,151.520,orb,1.5098,0.2157,7.70,1.10,,
2023-08-16T15:44:00+00:00,2023-08-16T17:39:00+00:00,short,168.780,orb,2.5,0.2632,9.50,1.00,,
2023-08-17T13:49:00+00:00,2023-08-17T17:04:00+00:00,short,184.520,orb,1.9355,0.2903,12.00,1.80,,
2023-08-18T13:49:00+00:00,2023-08-18T15:44:00+00:00,long,-304.44,orb,0.2449,1.0816,1.20,5.30,,
2023-08-21T13:49:00+00:00,2023-08-21T20:09:00+00:00,short,-233.70,orb,0.8772,0.9298,5.00,5.30,,
2023-08-22T13:49:00+00:00,2023-08-22T13:59:00+00:00,short,202.560,orb,1.5217,0.5217,3.50,1.20,,
2023-08-23T13:49:00+00:00,2023-08-23T20:09:00+00:00,long,9.78,orb,0.5897,0.1923,4.60,1.50,,
2023-08-24T13:54:00+00:00,2023-08-24T20:09:00+00:00,long,13.56,orb,1.4894,0.234,7.00,1.10,,
2023-08-25T14:04:00+00:00,2023-08-25T14:24:00+00:00,long,-233.22,orb,0.25,1.0263,1.90,7.80,,
2023-08-28T13:59:00+00:00,2023-08-28T20:09:00+00:00,long,101.30,orb,1.4561,0.2632,8.30,1.50,,
2023-08-29T13:49:00+00:00,2023-08-29T14:04:00+00:00,long,177.780,orb,2.45,0.2,9.80,0.80,,
2023-08-30T13:54:00+00:00,2023-08-30T16:04:00+00:00,long,-299.18,orb,0.3415,1.0244,1.40,4.20,,
2023-08-31T14:04:00+00:00,2023-08-31T15:39:00+00:00,long,-286.44,orb,0.0652,1.1087,0.30,5.10,,
2023-09-01T13:49:00+00:00,2023-09-01T20:09:00+00:00,short,66.78,orb,0.9341,0.1758,8.50,1.60,,
2023-09-04T13:49:00+00:00,2023-09-04T14:04:00+00:00,long,-319.32,orb,0.25,1.375,0.40,2.20,,
2023-09-05T13:49:00+00:00,2023-09-05T20:09:00+00:00,short,239.82,orb,1.2051,0.0513,4.70,0.20,,
2023-09-06T13:49:00+00:00,2023-09-06T14:04:00+00:00,long,-242.96,orb,0.4068,1.4068,2.40,8.30,,
2023-09-07T13:49:00+00:00,2023-09-07T20:09:00+00:00,short,-47.18,orb,0.4054,0.8108,1.50,3.00,,
2023-09-08T13:54:00+00:00,2023-09-08T15:09:00+00:00,long,-285.18,orb,1.1795,1.0,4.60,3.90,,
2023-09-11T13:49:00+00:00,2023-09-11T20:09:00+00:00,short,141.30,orb,0.7308,0.4423,3.80,2.30,,
2023-09-12T14:29:00+00:00,2023-09-12T20:09:00+00:00,long,71.82,orb,0.8378,0.1622,3.10,0.60,,
2023-09-13T13:54:00+00:00,2023-09-13T20:09:00+00:00,short,232.82,orb,1.1622,0.7027,4.30,2.60,,
2023-09-14T14:04:00+00:00,2023-09-14T14:34:00+00:00,short,-246.96,orb,0.0833,1.0167,0.50,6.10,,
2023-09-15T13:54:00+00:00,2023-09-15T14:04:00+00:00,short,-269.92,orb,0.3438,1.625,1.10,5.20,,
2023-09-18T14:04:00+00:00,2023-09-18T14:44:00+00:00,short,-248.70,orb,0.0625,1.0,0.30,4.80,,
2023-09-19T13:49:00+00:00,2023-09-19T14:04:00+00:00,long,-269.92,orb,0.125,1.0625,0.40,3.40,,
2023-09-20T13:49:00+00:00,2023-09-20T19:59:00+00:00,long,-272.22,orb,0.6629,1.0112,5.90,9.00,,
2023-09-21T14:09:00+00:00,2023-09-21T20:09:00+00:00,long,7.56,orb,1.0465,0.8605,4.50,3.70,,
2023-09-22T14:04:00+00:00,2023-09-22T16:49:00+00:00,long,-299.84,orb,1.1176,1.1176,1.90,1.90,,
2023-09-25T13:54:00+00:00,2023-09-25T14:09:00+00:00,long,-256.44,orb,0.0244,1.1707,0.10,4.80,,
2023-09-26T14:04:00+00:00,2023-09-26T15:09:00+00:00,long,-267.66,orb,0.7857,2.5714,2.20,7.20,,
2023-09-27T13:49:00+00:00,2023-09-27T16:14:00+00:00,short,142.520,orb,2.5417,0.8125,12.20,3.90,,
2023-09-28T13:49:00+00:00,2023-09-28T15:04:00+00:00,short,157.520,orb,2.6038,0.8679,13.80,4.60,,
2023-09-29T13:49:00+00:00,2023-09-29T14:09:00+00:00,short,154.520,orb,2.6923,0.2308,14.00,1.20,,
2023-10-02T14:14:00+00:00,2023-10-02T20:09:00+00:00,short,-27.48,orb,0.125,0.6979,1.20,6.70,,
2023-10-03T14:04:00+00:00,2023-10-03T14:39:00+00:00,short,-211.48,orb,0.2019,1.2115,2.10,12.60,,
2023-10-04T13:49:00+00:00,2023-10-04T15:19:00+00:00,short,-266.96,orb,0.2769,1.0,1.80,6.50,,
2023-10-05T14:09:00+00:00,2023-10-05T20:09:00+00:00,short,-190.44,orb,0.7143,0.9524,3.00,4.00,,
2023-10-06T13:49:00+00:00,2023-10-06T14:14:00+00:00,short,-199.48,orb,0.0204,1.0918,0.20,10.70,,
2023-10-09T14:19:00+00:00,2023-10-09T17:44:00+00:00,long,195.780,orb,2.6591,0.1136,11.70,0.50,,
2023-10-10T13:59:00+00:00,2023-10-10T14:49:00+00:00,long,-278.18,orb,0.3158,1.0789,1.20,4.10,,
2023-10-11T15:44:00+00:00,2023-10-11T20:09:00+00:00,long,55.56,orb,0.9783,0.4348,4.50,2.00,,
2023-10-12T13:54:00+00:00,2023-10-12T20:09:00+00:00,short,216.30,orb,1.1,0.66,5.50,3.30,,
2023-10-13T13:49:00+00:00,2023-10-13T15:29:00+00:00,long,196.520,orb,2.5152,0.6818,16.60,4.50,,
2023-10-16T13:49:00+00:00,2023-10-16T20:09:00+00:00,long,-66.96,orb,0.2836,0.7313,1.90,4.90,,
2023-10-17T13:49:00+00:00,2023-10-17T17:44:00+00:00,long,-224.22,orb,0.3973,1.0685,2.90,7.80,,
2023-10-18T14:49:00+00:00,2023-10-18T20:09:00+00:00,short,-53.48,orb,0.6642,0.7463,8.90,10.00,,
2023-10-19T15:24:00+00:00,2023-10-19T17:19:00+00:00,long,184.520,orb,2.7097,0.6613,16.80,4.10,,
2023-10-20T13:49:00+00:00,2023-10-20T14:14:00+00:00,long,163.520,orb,2.5091,0.0,13.80,0,,
2023-10-23T16:34:00+00:00,2023-10-23T20:09:00+00:00,long,-224.22,orb,0.011,0.8791,0.10,8.00,,
2023-10-24T13:59:00+00:00,2023-10-24T16:19:00+00:00,long,209.280,orb,2.5106,0.8085,11.80,3.80,,
2023-10-25T13:49:00+00:00,2023-10-25T14:09:00+00:00,long,-283.70,orb,1.0,1.0545,5.50,5.80,,
2023-10-26T14:09:00+00:00,2023-10-26T16:14:00+00:00,short,-266.96,orb,0.5692,1.2615,3.70,8.20,,
2023-10-27T14:09:00+00:00,2023-10-27T14:44:00+00:00,long,-299.18,orb,0.0244,1.122,0.10,4.60,,
2023-10-30T14:19:00+00:00,2023-10-30T14:39:00+00:00,long,-280.44,orb,0.2667,1.8,1.20,8.10,,
2023-10-31T13:49:00+00:00,2023-10-31T14:14:00+00:00,long,204.780,orb,2.0435,0.0652,9.40,0.30,,
2023-11-01T13:49:00+00:00,2023-11-01T14:04:00+00:00,long,182.280,orb,2.9024,0.2439,11.90,1.00,,
2023-11-02T13:54:00+00:00,2023-11-02T20:09:00+00:00,short,-145.18,orb,1.0976,0.878,4.50,3.60,,
2023-11-06T14:49:00+00:00,2023-11-06T14:54:00+00:00,long,-315.84,orb,0.1111,1.4444,0.20,2.60,,
2023-11-07T14:49:00+00:00,2023-11-07T16:14:00+00:00,short,-288.70,orb,0.2321,1.0,1.30,5.60,,
2023-11-08T14:59:00+00:00,2023-11-08T15:29:00+00:00,short,189.040,orb,2.9375,0.1562,9.40,0.50,,
2023-11-09T14:49:00+00:00,2023-11-09T21:09:00+00:00,long,-6.96,orb,1.1528,0.3889,8.30,2.80,,
2023-11-10T14:54:00+00:00,2023-11-10T18:29:00+00:00,short,163.520,orb,1.7455,0.9091,9.60,5.00,,
2023-11-13T14:49:00+00:00,2023-11-13T15:09:00+00:00,short,-285.92,orb,0.3529,1.0882,1.20,3.70,,
2023-11-15T14:49:00+00:00,2023-11-15T21:09:00+00:00,short,29.82,orb,1.4,0.975,5.60,3.90,,
2023-11-16T14:49:00+00:00,2023-11-16T21:09:00+00:00,long,0.78,orb,0.7717,0.2609,7.10,2.40,,
2023-11-17T14:49:00+00:00,2023-11-17T21:09:00+00:00,short,43.56,orb,0.5417,0.875,2.60,4.20,,
2023-11-20T14:49:00+00:00,2023-11-20T21:09:00+00:00,long,221.04,orb,1.0286,0.5,7.20,3.50,,
2023-11-21T14:54:00+00:00,2023-11-21T16:24:00+00:00,long,-273.70,orb,0.1887,1.1509,1.00,6.10,,
2023-11-22T15:04:00+00:00,2023-11-22T18:49:00+00:00,short,175.520,orb,1.6441,0.2203,9.70,1.30,,
2023-11-23T14:49:00+00:00,2023-11-23T15:34:00+00:00,long,-295.62,orb,0.1429,1.0476,0.30,2.20,,
2023-11-24T14:49:00+00:00,2023-11-24T15:04:00+00:00,short,-277.92,orb,0.0909,1.2121,0.30,4.00,,
2023-11-27T15:09:00+00:00,2023-11-27T15:19:00+00:00,short,-294.14,orb,0.16,1.48,0.40,3.70,,
2023-11-28T15:39:00+00:00,2023-11-28T16:49:00+00:00,long,211.520,orb,1.9577,0.0845,13.90,0.60,,
2023-11-29T15:04:00+00:00,2023-11-29T15:14:00+00:00,long,-250.96,orb,0.0,1.0164,0,6.20,,
2023-11-30T15:59:00+00:00,2023-11-30T21:09:00+00:00,long,-94.96,orb,0.5075,0.6716,3.40,4.50,,
2023-12-01T14:49:00+00:00,2023-12-01T15:24:00+00:00,long,107.260,orb,2.5694,0.25,18.50,1.80,,
2023-12-04T14:49:00+00:00,2023-12-04T15:24:00+00:00,long,-246.96,orb,0.8,2.3333,4.80,14.00,,
2023-12-05T14:49:00+00:00,2023-12-05T15:04:00+00:00,short,-290.96,orb,0.4507,1.2254,3.20,8.70,,
2023-12-06T14:49:00+00:00,2023-12-06T21:09:00+00:00,short,13.04,orb,0.7966,0.8305,4.70,4.90,,
2023-12-07T14:49:00+00:00,2023-12-07T21:09:00+00:00,short,-59.22,orb,0.9351,0.6753,7.20,5.20,,
2023-12-08T15:09:00+00:00,2023-12-08T16:14:00+00:00,long,-242.96,orb,0.8475,1.1864,5.00,7.00,,
2023-12-11T14:54:00+00:00,2023-12-11T16:29:00+00:00,short,182.280,orb,2.5122,0.3659,10.30,1.50,,
2023-12-12T15:09:00+00:00,2023-12-12T16:39:00+00:00,long,-274.44,orb,0.0227,1.2273,0.10,5.40,,
2023-12-13T15:09:00+00:00,2023-12-13T19:04:00+00:00,short,-278.18,orb,0.5526,4.7105,2.10,17.90,,
2023-12-14T17:04:00+00:00,2023-12-14T21:09:00+00:00,short,14.52,orb,0.7455,0.1909,8.20,2.10,,
2023-12-15T15:14:00+00:00,2023-12-15T18:19:00+00:00,long,-238.96,orb,0.3103,2.4138,1.80,14.00,,
2023-12-18T14:59:00+00:00,2023-12-18T15:09:00+00:00,long,-277.92,orb,0.2727,1.303,0.90,4.30,,
2023-12-19T14:49:00+00:00,2023-12-19T21:09:00+00:00,long,-9.48,orb,0.74,0.32,7.40,3.20,,
2023-12-20T14:54:00+00:00,2023-12-20T15:14:00+00:00,long,-285.92,orb,0.4706,1.5294,1.60,5.20,,
2023-12-21T14:49:00+00:00,2023-12-21T14:59:00+00:00,long,-243.70,orb,0.0,1.0,0,4.70,,
2023-12-22T15:24:00+00:00,2023-12-22T16:49:00+00:00,short,181.520,orb,2.1311,0.0164,13.00,0.10,,
2023-12-26T20:04:00+00:00,2023-12-26T21:09:00+00:00,long,147.78,orb,0.8333,0.0128,6.50,0.10,,
2023-12-27T15:19:00+00:00,2023-12-27T18:04:00+00:00,long,199.520,orb,1.6567,0.0896,11.10,0.60,,
2023-12-28T14:54:00+00:00,2023-12-28T17:09:00+00:00,long,-268.70,orb,0.6154,1.0962,3.20,5.70,,
2023-12-29T14:49:00+00:00,2023-12-29T21:09:00+00:00,long,-58.96,orb,0.4923,0.6154,3.20,4.00,,
2024-01-02T14:59:00+00:00,2024-01-02T15:39:00+00:00,long,-257.22,orb,0.0238,1.8095,0.20,15.20,,
2024-01-03T14:54:00+00:00,2024-01-03T15:04:00+00:00,long,196.520,orb,1.6364,0.4545,10.80,3.00,,
2024-01-04T14:49:00+00:00,2024-01-04T15:04:00+00:00,short,-274.44,orb,0.0682,1.3182,0.30,5.80,,
2024-01-05T15:04:00+00:00,2024-01-05T17:14:00+00:00,long,-161.74,orb,0.4,1.0562,6.40,16.90,,
2024-01-08T14:59:00+00:00,2024-01-08T21:09:00+00:00,long,36.78,orb,1.4459,0.1486,10.70,1.10,,
2024-01-09T14:54:00+00:00,2024-01-09T15:59:00+00:00,short,189.040,orb,2.5938,0.3438,8.30,1.10,,
2024-01-10T14:49:00+00:00,2024-01-10T21:09:00+00:00,short,125.04,orb,1.0147,0.3676,6.90,2.50,,
2024-01-11T15:04:00+00:00,2024-01-11T16:39:00+00:00,short,122.260,orb,1.7073,0.7683,14.00,6.30,,
2024-01-12T14:54:00+00:00,2024-01-12T16:54:00+00:00,short,151.520,orb,2.5098,0.5882,12.80,3.00,,
2024-01-15T15:04:00+00:00,2024-01-15T15:54:00+00:00,short,-287.40,orb,0.4815,1.2222,1.30,3.30,,
2024-01-16T14:54:00+00:00,2024-01-16T17:09:00+00:00,short,148.520,orb,2.56,0.9,12.80,4.50,,
2024-01-17T14:54:00+00:00,2024-01-17T15:29:00+00:00,short,166.520,orb,2.5893,0.0357,14.50,0.20,,
2024-01-18T15:19:00+00:00,2024-01-18T18:24:00+00:00,long,206.300,orb,2.9286,0.4643,8.20,1.30,,
2024-01-19T15:09:00+00:00,2024-01-19T21:09:00+00:00,short,-148.70,orb,0.569,0.5862,3.30,3.40,,
2024-01-22T14:54:00+00:00,2024-01-22T21:09:00+00:00,long,-101.22,orb,0.4342,0.5789,3.30,4.40,,
2024-01-23T15:09:00+00:00,2024-01-23T21:09:00+00:00,long,151.56,orb,1.1136,0.75,4.90,3.30,,
2024-01-24T14:49:00+00:00,2024-01-24T16:14:00+00:00,short,128.260,orb,1.6163,0.2209,13.90,1.90,,
2024-01-25T14:54:00+00:00,2024-01-25T15:29:00+00:00,long,-258.70,orb,0.14,1.08,0.70,5.40,,
2024-01-26T15:04:00+00:00,2024-01-26T21:08:00+00:00,short,-52.44,orb,0.5111,0.3111,2.30,1.40,,
2024-01-29T14:49:00+00:00,2024-01-29T20:19:00+00:00,short,-223.48,orb,0.1636,1.1182,1.80,12.30,,
2024-01-30T15:04:00+00:00,2024-01-30T15:24:00+00:00,short,187.520,orb,2.0159,0.0,12.70,0,,
2024-01-31T14:49:00+00:00,2024-01-31T19:04:00+00:00,long,-236.22,orb,0.5714,1.6623,4.40,12.80,,
2024-02-01T14:59:00+00:00,2024-02-01T15:04:00+00:00,short,207.040,orb,1.9429,0.6,6.80,2.10,,
2024-02-02T14:49:00+00:00,2024-02-02T21:09:00+00:00,long,73.04,orb,0.5833,0.875,4.20,6.30,,
2024-02-05T14:49:00+00:00,2024-02-05T15:04:00+00:00,long,-268.70,orb,0.2885,1.0962,1.50,5.70,,
2024-02-06T14:49:00+00:00,2024-02-06T15:29:00+00:00,long,186.780,orb,1.9048,0.381,8.00,1.60,,
2024-02-07T14:49:00+00:00,2024-02-07T21:09:00+00:00,long,-209.48,orb,0.0168,0.8908,0.20,10.60,,
2024-02-08T15:14:00+00:00,2024-02-08T18:04:00+00:00,short,-246.96,orb,0.1,1.25,0.60,7.50,,
2024-02-09T15:09:00+00:00,2024-02-09T15:24:00+00:00,long,-303.66,orb,0.2812,1.1875,0.90,3.80,,
2024-02-12T15:54:00+00:00,2024-02-12T17:29:00+00:00,short,-288.70,orb,0.1071,1.0357,0.60,5.80,,
2024-02-13T14:54:00+00:00,2024-02-13T21:09:00+00:00,short,21.78,orb,0.52,0.5467,3.90,4.10,,
2024-02-14T14:54:00+00:00,2024-02-14T16:34:00+00:00,short,-271.18,orb,1.2973,1.2703,4.80,4.70,,
2024-02-15T14:49:00+00:00,2024-02-15T21:09:00+00:00,short,-82.96,orb,0.7586,0.9655,4.40,5.60,,
2024-02-16T14:54:00+00:00,2024-02-16T15:04:00+00:00,short,-286.44,orb,0.1087,1.0,0.50,4.60,,
2024-02-19T14:49:00+00:00,2024-02-19T14:54:00+00:00,short,-322.20,orb,0.0,1.6667,0,1.50,,
2024-02-20T19:54:00+00:00,2024-02-20T21:09:00+00:00,short,49.56,orb,0.4286,0.0952,1.80,0.40,,
2024-02-21T15:14:00+00:00,2024-02-21T15:49:00+00:00,long,-287.40,orb,0.2222,1.0,0.60,2.70,,
2024-02-22T14:49:00+00:00,2024-02-22T15:04:00+00:00,long,-271.18,orb,0.0811,1.027,0.30,3.80,,
2024-02-23T14:59:00+00:00,2024-02-23T16:09:00+00:00,long,201.040,orb,3.0882,0.5588,10.50,1.90,,
2024-02-26T14:49:00+00:00,2024-02-26T15:19:00+00:00,long,-269.92,orb,0.0625,1.0312,0.20,3.30,,
2024-02-27T15:44:00+00:00,2024-02-27T21:09:00+00:00,short,242.08,orb,1.4839,0.9355,4.60,2.90,,
2024-02-28T14:49:00+00:00,2024-02-28T15:34:00+00:00,short,-301.32,orb,1.4,1.0667,2.10,1.60,,
2024-02-29T16:14:00+00:00,2024-02-29T21:09:00+00:00,short,91.30,orb,0.4792,0.2917,2.30,1.40,,
2024-03-01T14:49:00+00:00,2024-03-01T15:14:00+00:00,short,-233.22,orb,0.25,1.1579,1.90,8.80,,
2024-03-04T14:59:00+00:00,2024-03-04T16:14:00+00:00,long,110.260,orb,2.5541,0.473,18.90,3.50,,
2024-03-05T15:14:00+00:00,2024-03-05T15:54:00+00:00,long,-218.22,orb,0.338,1.6338,2.40,11.60,,
2024-03-06T14:49:00+00:00,2024-03-06T15:04:00+00:00,long,-227.22,orb,0.1622,1.9459,1.20,14.40,,
2024-03-07T15:14:00+00:00,2024-03-07T21:09:00+00:00,long,22.52,orb,0.3978,0.8817,3.70,8.20,,
2024-03-08T15:04:00+00:00,2024-03-08T17:04:00+00:00,long,122.260,orb,2.5244,0.5976,20.70,4.90,,
2024-03-11T14:04:00+00:00,2024-03-11T15:24:00+00:00,short,-245.22,orb,0.025,1.025,0.20,8.20,,
2024-03-12T14:09:00+00:00,2024-03-12T14:54:00+00:00,short,-229.48,orb,0.0796,1.1504,0.90,13.00,,
2024-03-13T15:24:00+00:00,2024-03-13T20:09:00+00:00,long,-19.48,orb,0.732,0.3608,7.10,3.50,,
2024-03-14T14:24:00+00:00,2024-03-14T17:19:00+00:00,short,-268.70,orb,1.2885,1.1154,6.70,5.80,,
2024-03-15T13:49:00+00:00,2024-03-15T14:54:00+00:00,long,168.780,orb,1.6842,0.3158,6.40,1.20,,
2024-03-18T14:04:00+00:00,2024-03-18T16:04:00+00:00,long,-285.92,orb,0.6471,1.2941,2.20,4.40,,
2024-03-19T13:49:00+00:00,2024-03-19T16:19:00+00:00,short,-238.70,orb,0.6957,1.0217,3.20,4.70,,
2024-03-20T13:49:00+00:00,2024-03-20T14:04:00+00:00,long,151.520,orb,1.9216,0.1765,9.80,0.90,,
2024-03-21T13:49:00+00:00,2024-03-21T14:04:00+00:00,short,184.520,orb,2.5323,0.1613,15.70,1.00,,
2024-03-22T13:49:00+00:00,2024-03-22T14:24:00+00:00,long,-246.96,orb,0.1667,1.1,1.00,6.60,,
2024-03-25T19:09:00+00:00,2024-03-25T20:09:00+00:00,short,8.52,orb,0.1398,0.1075,1.30,1.00,,
2024-03-26T15:14:00+00:00,2024-03-26T20:09:00+00:00,short,-13.48,orb,0.4141,0.1641,5.30,2.10,,
2024-03-27T13:59:00+00:00,2024-03-27T20:08:00+00:00,long,-29.22,orb,0.1707,0.7439,1.40,6.10,,
2024-03-28T13:54:00+00:00,2024-03-28T14:39:00+00:00,short,-238.96,orb,0.4138,1.0517,2.40,6.10,,
2024-04-01T13:49:00+00:00,2024-04-01T20:09:00+00:00,short,-53.48,orb,1.112,0.368,13.90,4.60,,
2024-04-02T13:49:00+00:00,2024-04-02T14:29:00+00:00,long,116.260,orb,1.5128,0.359,11.80,2.80,,
2024-04-03T14:04:00+00:00,2024-04-03T15:39:00+00:00,long,196.520,orb,2.6061,0.6515,17.20,4.30,,
2024-04-04T14:04:00+00:00,2024-04-04T18:24:00+00:00,long,104.260,orb,1.9857,0.8286,13.90,5.80,,
2024-04-05T13:54:00+00:00,2024-04-05T14:34:00+00:00,long,135.760,orb,2.6044,0.6374,23.70,5.80,,
2024-04-08T13:59:00+00:00,2024-04-08T17:34:00+00:00,short,-257.22,orb,1.131,1.3095,9.50,11.00,,
2024-04-09T14:14:00+00:00,2024-04-09T14:39:00+00:00,long,-269.22,orb,0.3182,1.0795,2.80,9.50,,
2024-04-10T13:59:00+00:00,2024-04-10T20:09:00+00:00,long,-30.74,orb,1.2092,0.5621,18.50,8.60,,
2024-04-11T13:49:00+00:00,2024-04-11T14:14:00+00:00,long,-258.70,orb,0.22,1.02,1.10,5.10,,
2024-04-12T13:59:00+00:00,2024-04-12T14:54:00+00:00,long,173.260,orb,2.2845,0.3793,26.50,4.40,,
2024-04-15T14:04:00+00:00,2024-04-15T16:44:00+00:00,short,-156.74,orb,1.071,1.129,16.60,17.50,,
2024-04-16T13:59:00+00:00,2024-04-16T14:54:00+00:00,short,-245.48,orb,0.2479,1.405,3.00,17.00,,
2024-04-17T13:49:00+00:00,2024-04-17T14:04:00+00:00,long,-258.96,orb,0.1746,1.0,1.10,6.30,,
2024-04-18T14:34:00+00:00,2024-04-18T20:09:00+00:00,short,-59.74,orb,0.2757,0.8162,5.10,15.10,,
2024-04-19T13:49:00+00:00,2024-04-19T14:19:00+00:00,short,-262.96,orb,0.4531,1.3125,2.90,8.40,,
2024-04-22T14:29:00+00:00,2024-04-22T16:24:00+00:00,long,-199.48,orb,0.3469,1.2041,3.40,11.80,,
2024-04-23T13:49:00+00:00,2024-04-23T20:09:00+00:00,long,-25.48,orb,0.685,0.7323,8.70,9.30,,
2024-04-24T13:49:00+00:00,2024-04-24T14:39:00+00:00,short,-221.22,orb,0.2917,1.1528,2.10,8.30,,
2024-04-25T14:24:00+00:00,2024-04-25T14:39:00+00:00,long,149.260,orb,1.99,0.25,19.90,2.50,,
2024-04-26T14:04:00+00:00,2024-04-26T14:14:00+00:00,long,-222.96,orb,0.1667,1.1296,0.90,6.10,,
2024-04-29T14:09:00+00:00,2024-04-29T20:09:00+00:00,long,-5.48,orb,0.9469,0.3628,10.70,4.10,,
2024-04-30T13:49:00+00:00,2024-04-30T14:09:00+00:00,long,-189.48,orb,0.0215,1.3011,0.20,12.10,,
2024-05-01T14:04:00+00:00,2024-05-01T14:44:00+00:00,long,-248.70,orb,1.3542,1.0,6.50,4.80,,
2024-05-02T13:49:00+00:00,2024-05-02T14:19:00+00:00,short,-221.22,orb,0.5,1.25,3.60,9.00,,
2024-05-06T14:39:00+00:00,2024-05-06T20:09:00+00:00,short,-67.48,orb,0.422,0.5046,4.60,5.50,,
2024-05-07T14:19:00+00:00,2024-05-07T14:59:00+00:00,long,-218.96,orb,0.0377,1.9623,0.20,10.40,,
2024-05-08T14:14:00+00:00,2024-05-08T20:09:00+00:00,long,-182.96,orb,1.35,0.85,8.10,5.10,,
2024-05-09T13:54:00+00:00,2024-05-09T14:09:00+00:00,long,139.520,orb,2.8936,0.1702,13.60,0.80,,
2024-05-10T14:04:00+00:00,2024-05-10T14:24:00+00:00,long,-248.22,orb,0.2099,1.1852,1.70,9.60,,
2024-05-13T13:49:00+00:00,2024-05-13T20:09:00+00:00,short,111.78,orb,1.2917,0.7778,9.30,5.60,,
2024-05-14T13:49:00+00:00,2024-05-14T18:09:00+00:00,long,151.520,orb,1.8627,0.8039,9.50,4.10,,
2024-05-15T13:49:00+00:00,2024-05-15T14:39:00+00:00,short,-235.48,orb,0.6466,1.0517,7.50,12.20,,
2024-05-16T15:24:00+00:00,2024-05-16T20:09:00+00:00,long,-49.48,orb,0.3708,0.3034,3.30,2.70,,
2024-05-17T14:29:00+00:00,2024-05-17T20:09:00+00:00,long,180.52,orb,1.3137,0.2843,13.40,2.90,,
2024-05-20T13:59:00+00:00,2024-05-20T17:39:00+00:00,long,150.760,orb,1.703,0.5545,17.20,5.60,,
2024-05-21T15:04:00+00:00,2024-05-21T15:44:00+00:00,long,-266.22,orb,0.0805,1.2414,0.70,10.80,,
2024-05-22T14:09:00+00:00,2024-05-22T14:34:00+00:00,short,177.760,orb,2.1429,0.0,25.50,0,,
2024-05-23T13:49:00+00:00,2024-05-23T20:09:00+00:00,short,238.26,orb,1.8333,0.587,25.30,8.10,,
2024-05-24T13:49:00+00:00,2024-05-24T20:09:00+00:00,short,141.78,orb,0.9398,0.4699,7.80,3.90,,
2024-05-27T13:49:00+00:00,2024-05-28T01:19:00+00:00,long,-258.96,orb,0.5238,1.0476,3.30,6.60,,
2024-05-28T13:49:00+00:00,2024-05-28T20:09:00+00:00,short,-95.22,orb,0.961,0.9091,7.40,7.00,,
2024-05-29T15:29:00+00:00,2024-05-29T20:09:00+00:00,short,60.78,orb,0.5244,0.5488,4.30,4.50,,
2024-05-30T13:59:00+00:00,2024-05-30T15:19:00+00:00,long,-268.70,orb,0.6538,1.2308,3.40,6.40,,
2024-05-31T13:49:00+00:00,2024-05-31T13:54:00+00:00,long,-263.70,orb,0.0196,1.8627,0.10,9.50,,
2024-06-03T14:04:00+00:00,2024-06-03T17:04:00+00:00,long,122.260,orb,1.8049,0.6098,14.80,5.00,,
2024-06-04T13:49:00+00:00,2024-06-04T20:09:00+00:00,short,-31.48,orb,0.9646,0.5841,10.90,6.60,,
2024-06-05T13:59:00+00:00,2024-06-05T14:04:00+00:00,long,-246.96,orb,0.0,1.2833,0,7.70,,
2024-06-06T15:09:00+00:00,2024-06-06T20:09:00+00:00,long,141.78,orb,1.2706,0.0235,10.80,0.20,,
2024-06-07T13:49:00+00:00,2024-06-07T20:09:00+00:00,short,236.26,orb,1.7847,0.6667,25.70,9.60,,
2024-06-10T15:44:00+00:00,2024-06-10T20:09:00+00:00,long,24.78,orb,0.7714,0.4286,5.40,3.00,,
2024-06-11T14:04:00+00:00,2024-06-11T16:24:00+00:00,long,-266.96,orb,0.4615,1.2769,3.00,8.30,,
2024-06-12T13:54:00+00:00,2024-06-12T20:09:00+00:00,short,43.26,orb,0.6087,0.913,9.80,14.70,,
2024-06-13T13:49:00+00:00,2024-06-13T15:49:00+00:00,short,140.260,orb,2.1383,0.2021,20.10,1.90,,
2024-06-14T13:49:00+00:00,2024-06-14T15:54:00+00:00,long,-263.22,orb,0.3605,1.0,3.10,8.60,,
2024-06-17T14:29:00+00:00,2024-06-17T15:29:00+00:00,long,-203.22,orb,0.2121,1.0606,1.40,7.00,,
2024-06-18T13:54:00+00:00,2024-06-18T20:09:00+00:00,long,108.52,orb,0.8679,0.5377,9.20,5.70,,
2024-06-19T14:04:00+00:00,2024-06-19T16:04:00+00:00,short,-246.96,orb,0.0,1.05,0,6.30,,
2024-06-20T13:49:00+00:00,2024-06-20T14:24:00+00:00,long,125.260,orb,2.3929,0.0476,20.10,0.40,,
2024-06-21T13:49:00+00:00,2024-06-21T14:09:00+00:00,short,137.260,orb,2.5326,0.163,23.30,1.50,,
2024-06-24T13:49:00+00:00,2024-06-24T18:19:00+00:00,short,-256.44,orb,0.7317,1.0488,3.00,4.30,,
2024-06-25T13:59:00+00:00,2024-06-25T14:14:00+00:00,long,-234.96,orb,0.0877,1.1404,0.50,6.50,,
2024-06-26T14:04:00+00:00,2024-06-26T20:09:00+00:00,long,-106.96,orb,0.5574,0.918,3.40,5.60,,
2024-06-27T14:04:00+00:00,2024-06-27T20:09:00+00:00,long,-51.48,orb,0.2316,0.6842,2.20,6.50,,
2024-06-28T14:14:00+00:00,2024-06-28T14:39:00+00:00,long,-238.96,orb,0.1379,1.431,0.80,8.30,,
2024-07-01T14:24:00+00:00,2024-07-01T20:09:00+00:00,short,-221.48,orb,0.1849,0.9328,2.20,11.10,,
2024-07-02T13:49:00+00:00,2024-07-02T14:09:00+00:00,long,-233.22,orb,0.3026,1.3421,2.30,10.20,,
2024-07-03T14:04:00+00:00,2024-07-03T20:09:00+00:00,long,-105.48,orb,0.4951,0.6214,5.10,6.40,,
2024-07-04T13:49:00+00:00,2024-07-04T14:19:00+00:00,long,172.600,orb,3.0833,0.5,3.70,0.60,,
2024-07-05T15:19:00+00:00,2024-07-05T20:09:00+00:00,long,70.52,orb,0.6667,0.2807,7.60,3.20,,
2024-07-08T13:49:00+00:00,2024-07-08T14:04:00+00:00,short,-258.96,orb,0.0794,1.1587,0.50,7.30,,
2024-07-09T13:54:00+00:00,2024-07-09T14:04:00+00:00,long,-248.70,orb,0.8125,1.5208,3.90,7.30,,
2024-07-10T13:49:00+00:00,2024-07-10T14:24:00+00:00,long,-250.44,orb,1.15,1.125,4.60,4.50,,
2024-07-11T14:09:00+00:00,2024-07-11T20:09:00+00:00,long,28.26,orb,0.8701,0.4675,13.40,7.20,,
2024-07-12T14:04:00+00:00,2024-07-12T17:54:00+00:00,long,111.760,orb,1.52,0.1333,11.40,1.00,,
2024-07-15T13:59:00+00:00,2024-07-15T14:54:00+00:00,long,110.260,orb,2.5135,0.1351,18.60,1.00,,
2024-07-16T14:29:00+00:00,2024-07-16T15:39:00+00:00,long,162.760,orb,2.055,0.1284,22.40,1.40,,
2024-07-17T13:59:00+00:00,2024-07-17T14:14:00+00:00,long,-241.48,orb,0.0504,1.6303,0.60,19.40,,
2024-07-18T13:59:00+00:00,2024-07-18T16:04:00+00:00,long,-245.22,orb,0.6125,1.125,4.90,9.00,,
2024-07-19T15:14:00+00:00,2024-07-19T20:09:00+00:00,long,-85.74,orb,0.0233,0.9302,0.30,12.00,,
2024-07-22T13:59:00+00:00,2024-07-22T19:54:00+00:00,short,-258.96,orb,1.3968,1.2222,8.80,7.70,,
2024-07-23T13:54:00+00:00,2024-07-23T14:34:00+00:00,short,-242.96,orb,0.0508,1.3559,0.30,8.00,,
2024-07-24T13:49:00+00:00,2024-07-24T17:04:00+00:00,long,-239.22,orb,0.9615,1.0256,7.50,8.00,,
2024-07-25T13:54:00+00:00,2024-07-25T20:09:00+00:00,short,80.52,orb,1.2941,0.5882,11.00,5.00,,
2024-07-26T14:04:00+00:00,2024-07-26T20:09:00+00:00,long,20.52,orb,0.5053,0.6421,4.80,6.10,,
2024-07-29T13:49:00+00:00,2024-07-29T14:44:00+00:00,short,169.520,orb,3.7193,0.6316,21.20,3.60,,
2024-07-30T13:49:00+00:00,2024-07-30T15:29:00+00:00,short,151.520,orb,1.8824,0.549,9.60,2.80,,
2024-07-31T13:54:00+00:00,2024-07-31T14:54:00+00:00,long,-246.96,orb,0.5667,1.1333,3.40,6.80,,
2024-08-01T13:49:00+00:00,2024-08-01T14:04:00+00:00,short,-230.22,orb,0.1733,1.64,1.30,12.30,,
2024-08-02T14:04:00+00:00,2024-08-02T14:34:00+00:00,long,-225.48,orb,0.0811,2.4234,0.90,26.90,,
2024-08-05T13:49:00+00:00,2024-08-05T20:09:00+00:00,long,129.26,orb,1.365,0.7226,18.70,9.90,,
2024-08-06T14:04:00+00:00,2024-08-06T14:29:00+00:00,long,-189.48,orb,0.3978,1.0215,3.70,9.50,,
2024-08-07T14:54:00+00:00,2024-08-07T18:04:00+00:00,short,101.260,orb,2.1324,0.6029,14.50,4.10,,
2024-08-08T14:14:00+00:00,2024-08-08T20:09:00+00:00,long,102.52,orb,0.6937,0.6126,7.70,6.80,,
2024-08-09T14:34:00+00:00,2024-08-09T20:09:00+00:00,long,-50.74,orb,0.189,0.7323,2.40,9.30,,
2024-08-12T13:54:00+00:00,2024-08-12T14:24:00+00:00,long,-225.48,orb,0.0811,1.1351,0.90,12.60,,
2024-08-13T13:54:00+00:00,2024-08-13T14:29:00+00:00,long,-233.22,orb,0.1974,1.0,1.50,7.60,,
2024-08-14T15:34:00+00:00,2024-08-14T20:09:00+00:00,short,-18.74,orb,0.5342,0.1918,7.80,2.80,,
2024-08-15T13:49:00+00:00,2024-08-15T14:29:00+00:00,short,-247.48,orb,0.2623,1.2213,3.20,14.90,,
2024-08-16T13:49:00+00:00,2024-08-16T14:04:00+00:00,long,-231.48,orb,0.2105,1.2368,2.40,14.10,,
2024-08-19T13:54:00+00:00,2024-08-19T20:09:00+00:00,long,194.52,orb,1.3158,0.1895,12.50,1.80,,
2024-08-20T15:04:00+00:00,2024-08-20T20:09:00+00:00,short,-22.74,orb,0.7135,0.1459,13.20,2.70,,
2024-08-21T14:09:00+00:00,2024-08-21T15:24:00+00:00,short,-207.48,orb,0.3235,1.0098,3.30,10.30,,
2024-08-22T14:04:00+00:00,2024-08-22T20:09:00+00:00,short,4.52,orb,1.1714,0.3238,12.30,3.40,,
2024-08-23T14:04:00+00:00,2024-08-23T20:09:00+00:00,long,-6.74,orb,0.4691,0.5802,7.60,9.40,,
2024-08-26T13:49:00+00:00,2024-08-26T20:09:00+00:00,short,0.78,orb,0.9753,0.6667,7.90,5.40,,
2024-08-27T14:14:00+00:00,2024-08-27T20:09:00+00:00,long,176.52,orb,1.0707,0.5859,10.60,5.80,,
2024-08-28T16:24:00+00:00,2024-08-28T20:09:00+00:00,short,-107.74,orb,0.0923,0.9231,1.20,12.00,,
2024-08-29T13:54:00+00:00,2024-08-29T17:09:00+00:00,long,104.260,orb,1.7,0.4,11.90,2.80,,
2024-08-30T14:29:00+00:00,2024-08-30T17:04:00+00:00,short,141.760,orb,1.7053,0.5158,16.20,4.90,,
2024-09-02T14:14:00+00:00,2024-09-02T14:49:00+00:00,short,-243.18,orb,0.2121,1.0606,0.70,3.50,,
2024-09-03T13:49:00+00:00,2024-09-03T19:29:00+00:00,short,-169.74,orb,0.256,1.006,4.30,16.90,,
2024-09-04T13:49:00+00:00,2024-09-04T14:04:00+00:00,short,-218.96,orb,0.5849,2.7925,3.10,14.80,,
2024-09-05T13:49:00+00:00,2024-09-05T14:19:00+00:00,short,-214.96,orb,1.3077,1.2692,6.80,6.60,,
2024-09-06T14:44:00+00:00,2024-09-06T16:04:00+00:00,long,-239.48,orb,0.4153,1.3983,4.90,16.50,,
2024-09-09T13:54:00+00:00,2024-09-09T14:44:00+00:00,short,121.520,orb,1.6098,0.3902,6.60,1.60,,
2024-09-10T13:54:00+00:00,2024-09-10T15:39:00+00:00,short,-224.22,orb,0.9452,1.4932,6.90,10.90,,
2024-09-11T13:54:00+00:00,2024-09-11T14:09:00+00:00,long,-197.22,orb,0.2188,1.4219,1.40,9.10,,
2024-09-12T14:39:00+00:00,2024-09-12T20:09:00+00:00,long,69.26,orb,0.7869,0.3852,9.60,4.70,,
2024-09-13T14:19:00+00:00,2024-09-13T16:04:00+00:00,short,-163.48,orb,0.25,1.0,2.00,8.00,,
2024-09-16T13:54:00+00:00,2024-09-16T14:09:00+00:00,long,-236.22,orb,0.0519,1.0649,0.40,8.20,,
2024-09-17T13:49:00+00:00,2024-09-17T14:44:00+00:00,long,-218.96,orb,0.8679,1.2453,4.60,6.60,,
2024-09-18T13:54:00+00:00,2024-09-18T18:04:00+00:00,short,-185.48,orb,0.2637,2.0989,2.40,19.10,,
2024-09-19T13:49:00+00:00,2024-09-19T14:34:00+00:00,short,-165.48,orb,0.4815,1.3333,3.90,10.80,,
2024-09-20T13:49:00+00:00,2024-09-20T14:14:00+00:00,short,-233.22,orb,0.1447,1.0,1.10,7.60,,
2024-09-23T13:54:00+00:00,2024-09-23T15:09:00+00:00,long,-155.48,orb,0.0921,1.1184,0.70,8.50,,
2024-09-24T14:04:00+00:00,2024-09-24T14:44:00+00:00,long,115.520,orb,2.8462,0.2308,11.10,0.90,,
2024-09-25T14:09:00+00:00,2024-09-25T14:49:00+00:00,long,-182.22,orb,0.2203,1.3051,1.30,7.70,,
2024-09-26T13:49:00+00:00,2024-09-26T15:24:00+00:00,short,-223.48,orb,0.3545,1.0455,3.90,11.50,,
2024-09-27T14:04:00+00:00,2024-09-27T14:49:00+00:00,short,96.760,orb,3.1231,0.2308,20.30,1.50,,
2024-09-30T14:04:00+00:00,2024-09-30T17:09:00+00:00,short,-205.48,orb,0.2574,1.0,2.60,10.10,,
2024-10-01T13:54:00+00:00,2024-10-01T20:09:00+00:00,long,-126.74,orb,0.1444,0.9389,2.60,16.90,,
2024-10-02T14:04:00+00:00,2024-10-02T14:29:00+00:00,long,-159.48,orb,0.2436,1.0641,1.90,8.30,,
2024-10-03T13:49:00+00:00,2024-10-03T14:04:00+00:00,short,133.520,orb,2.0444,0.5778,9.20,2.60,,
2024-10-04T13:54:00+00:00,2024-10-04T14:04:00+00:00,long,-200.22,orb,0.0154,1.0,0.10,6.50,,
2024-10-07T13:59:00+00:00,2024-10-07T14:44:00+00:00,short,-194.96,orb,0.4255,1.1489,2.00,5.40,,
2024-10-08T14:14:00+00:00,2024-10-08T14:39:00+00:00,short,111.760,orb,2.8667,0.2933,21.50,2.20,,
2024-10-09T15:04:00+00:00,2024-10-09T17:09:00+00:00,long,-163.48,orb,0.4125,1.05,3.30,8.40,,
2024-10-10T13:54:00+00:00,2024-10-10T20:09:00+00:00,long,78.52,orb,0.5278,0.9167,5.70,9.90,,
2024-10-11T14:34:00+00:00,2024-10-11T20:09:00+00:00,long,18.52,orb,0.869,0.3929,7.30,3.30,,
2024-10-14T13:49:00+00:00,2024-10-14T14:09:00+00:00,long,-155.48,orb,0.0658,1.2895,0.50,9.80,,
2024-10-15T14:09:00+00:00,2024-10-15T15:19:00+00:00,long,102.760,orb,2.2029,0.058,15.20,0.40,,
2024-10-16T13:49:00+00:00,2024-10-16T14:49:00+00:00,short,87.760,orb,2.2712,0.339,13.40,2.00,,
2024-10-17T13:54:00+00:00,2024-10-17T20:09:00+00:00,long,102.78,orb,1.3188,0.5942,9.10,4.10,,
2024-10-18T13:49:00+00:00,2024-10-18T20:09:00+00:00,long,122.52,orb,0.8605,0.2674,7.40,2.30,,
2024-10-21T14:29:00+00:00,2024-10-21T14:54:00+00:00,short,110.260,orb,2.5946,0.1351,19.20,1.00,,
2024-10-22T13:59:00+00:00,2024-10-22T14:24:00+00:00,short,-202.96,orb,0.449,1.0612,2.20,5.20,,
2024-10-23T14:14:00+00:00,2024-10-23T20:09:00+00:00,short,101.26,orb,1.1733,0.22,17.60,3.30,,
2024-10-24T13:49:00+00:00,2024-10-24T20:09:00+00:00,short,-25.48,orb,1.4824,0.3529,12.60,3.00,,
2024-10-25T13:54:00+00:00,2024-10-25T14:04:00+00:00,short,-214.96,orb,0.0962,1.1923,0.50,6.20,,
2024-10-28T14:09:00+00:00,2024-10-28T20:09:00+00:00,long,-30.96,orb,0.617,0.766,2.90,3.60,,
2024-10-29T13:49:00+00:00,2024-10-29T20:09:00+00:00,long,196.52,orb,1.0909,0.2545,12.00,2.80,,
2024-10-30T14:49:00+00:00,2024-10-30T20:09:00+00:00,long,114.52,orb,0.93,0.91,9.30,9.10,,
2024-10-31T13:49:00+00:00,2024-10-31T14:34:00+00:00,short,135.760,orb,2.7253,0.0989,24.80,0.90,,
2024-11-01T14:24:00+00:00,2024-11-01T17:34:00+00:00,short,135.760,orb,1.967,0.2418,17.90,2.20,,
2024-11-04T16:04:00+00:00,2024-11-04T21:09:00+00:00,short,-13.48,orb,0.4947,0.3684,4.70,3.50,,
2024-11-05T14:49:00+00:00,2024-11-05T15:29:00+00:00,short,96.760,orb,1.6462,0.5846,10.70,3.80,,
2024-11-06T14:59:00+00:00,2024-11-06T15:39:00+00:00,long,114.760,orb,2.4026,0.3117,18.50,2.40,,
2024-11-07T15:09:00+00:00,2024-11-07T19:44:00+00:00,long,-212.22,orb,0.7826,1.1304,5.40,7.80,,
2024-11-08T15:09:00+00:00,2024-11-08T21:09:00+00:00,short,4.26,orb,0.2028,0.5105,2.90,7.30,,
2024-11-11T15:34:00+00:00,2024-11-11T21:09:00+00:00,short,-127.48,orb,0.4957,0.8462,5.80,9.90,,
2024-11-12T15:04:00+00:00,2024-11-12T21:09:00+00:00,short,132.52,orb,1.2909,0.3909,14.20,4.30,,
2024-11-13T14:49:00+00:00,2024-11-13T16:34:00+00:00,short,152.260,orb,2.549,0.1765,26.00,1.80,,
2024-11-14T14:54:00+00:00,2024-11-14T15:09:00+00:00,short,-167.48,orb,0.0122,1.2073,0.10,9.90,,
2024-11-15T15:09:00+00:00,2024-11-15T15:34:00+00:00,long,-167.48,orb,0.061,1.1463,0.50,9.40,,
2024-11-18T15:24:00+00:00,2024-11-18T21:09:00+00:00,long,-26.22,orb,0.6667,0.5303,4.40,3.50,,
2024-11-19T14:54:00+00:00,2024-11-19T17:19:00+00:00,short,-228.70,orb,1.1136,1.2045,4.90,5.30,,
2024-11-20T15:14:00+00:00,2024-11-20T21:09:00+00:00,long,38.52,orb,0.7961,0.3981,8.20,4.10,,
2024-11-21T14:49:00+00:00,2024-11-21T17:54:00+00:00,short,-209.22,orb,0.4706,1.0882,3.20,7.40,,
2024-11-22T14:54:00+00:00,2024-11-22T18:04:00+00:00,long,141.760,orb,1.8632,0.0421,17.70,0.40,,
2024-11-25T15:19:00+00:00,2024-11-25T21:09:00+00:00,short,36.26,orb,1.0519,0.526,16.20,8.10,,
2024-11-26T15:39:00+00:00,2024-11-26T21:09:00+00:00,long,14.26,orb,0.2406,0.782,3.20,10.40,,
2024-11-27T14:54:00+00:00,2024-11-27T15:04:00+00:00,short,136.520,orb,1.9783,0.4348,9.10,2.00,,
2024-11-28T14:48:00+00:00,2024-11-28T15:24:00+00:00,short,146.300,orb,3.75,0.0,7.50,0,,
2024-11-29T14:59:00+00:00,2024-11-29T16:04:00+00:00,short,-238.96,orb,0.4655,1.5172,2.70,8.80,,
2024-12-02T14:49:00+00:00,2024-12-02T15:09:00+00:00,short,-228.70,orb,0.7727,1.1364,3.40,5.00,,
2024-12-03T14:54:00+00:00,2024-12-03T15:24:00+00:00,short,120.760,orb,1.5309,0.1975,12.40,1.60,,
2024-12-04T14:59:00+00:00,2024-12-04T15:29:00+00:00,short,-218.70,orb,0.0952,1.8095,0.40,7.60,,
2024-12-05T14:59:00+00:00,2024-12-05T17:14:00+00:00,short,117.760,orb,2.1646,0.4177,17.10,3.30,,
2024-12-06T14:49:00+00:00,2024-12-06T21:09:00+00:00,long,3.78,orb,1.2466,0.1507,9.10,1.10,,
2024-12-09T14:49:00+00:00,2024-12-09T16:39:00+00:00,long,-212.22,orb,0.5362,1.087,3.70,7.50,,
2024-12-10T14:54:00+00:00,2024-12-10T21:09:00+00:00,long,90.78,orb,0.6533,0.96,4.90,7.20,,
2024-12-11T14:54:00+00:00,2024-12-11T15:14:00+00:00,long,155.260,orb,1.9904,0.0,20.70,0,,
2024-12-12T15:44:00+00:00,2024-12-12T21:09:00+00:00,short,-66.74,orb,0.1049,0.958,1.50,13.70,,
2024-12-13T15:24:00+00:00,2024-12-13T15:44:00+00:00,short,-212.22,orb,0.1884,1.0435,1.30,7.20,,
2024-12-16T15:09:00+00:00,2024-12-16T21:09:00+00:00,short,153.04,orb,1.1429,0.4286,6.40,2.40,,
2024-12-17T14:54:00+00:00,2024-12-17T15:19:00+00:00,short,-206.22,orb,0.2239,1.209,1.50,8.10,,
2024-12-18T15:04:00+00:00,2024-12-18T16:19:00+00:00,short,-214.44,orb,0.8824,1.0588,3.00,3.60,,
2024-12-19T14:59:00+00:00,2024-12-19T19:04:00+00:00,short,-181.48,orb,0.6067,1.0449,5.40,9.30,,
2024-12-20T15:09:00+00:00,2024-12-20T15:39:00+00:00,long,99.760,orb,2.3433,0.194,15.70,1.30,,
2024-12-23T14:49:00+00:00,2024-12-23T15:29:00+00:00,short,146.280,orb,1.9394,0.5152,6.40,1.70,,
2024-12-24T14:49:00+00:00,2024-12-24T16:34:00+00:00,short,-234.96,orb,0.386,1.1228,2.20,6.40,,
2024-12-26T14:49:00+00:00,2024-12-26T15:09:00+00:00,long,146.280,orb,2.5152,0.3333,8.30,1.10,,
2024-12-27T14:54:00+00:00,2024-12-27T21:09:00+00:00,long,18.78,orb,0.8871,0.5645,5.50,3.50,,
2024-12-30T15:09:00+00:00,2024-12-30T21:09:00+00:00,short,-127.48,orb,0.7113,0.8144,6.90,7.90,,
2024-12-31T15:14:00+00:00,2024-12-31T17:19:00+00:00,long,101.260,orb,1.5441,0.1765,10.50,1.20,,
2025-01-02T15:34:00+00:00,2025-01-02T21:09:00+00:00,long,213.78,orb,1.2769,0.4154,8.30,2.70,,
2025-01-03T14:54:00+00:00,2025-01-03T20:39:00+00:00,short,93.760,orb,1.6032,0.3968,10.10,2.50,,
2025-01-06T14:49:00+00:00,2025-01-06T16:44:00+00:00,long,114.760,orb,1.5455,0.2078,11.90,1.60,,
2025-01-07T14:59:00+00:00,2025-01-07T15:04:00+00:00,short,130.520,orb,3.0,0.0,13.20,0,,
2025-01-08T14:59:00+00:00,2025-01-08T16:44:00+00:00,short,-206.22,orb,0.3134,1.0896,2.10,7.30,,
2025-01-09T14:49:00+00:00,2025-01-09T15:54:00+00:00,long,-222.96,orb,0.2037,1.1481,1.10,6.20,,
2025-01-10T14:49:00+00:00,2025-01-10T21:09:00+00:00,short,20.26,orb,0.6744,0.9457,8.70,12.20,,
2025-01-13T14:49:00+00:00,2025-01-13T15:59:00+00:00,long,-236.22,orb,0.2857,1.3506,2.20,10.40,,
2025-01-14T14:54:00+00:00,2025-01-14T15:24:00+00:00,long,151.520,orb,2.549,0.1569,13.00,0.80,,
2025-01-15T15:04:00+00:00,2025-01-15T17:04:00+00:00,short,-153.74,orb,0.0395,1.0,0.60,15.20,,
2025-01-16T15:29:00+00:00,2025-01-16T21:09:00+00:00,long,-142.96,orb,1.4237,0.6441,8.40,3.80,,
2025-01-17T14:49:00+00:00,2025-01-17T21:09:00+00:00,long,-147.48,orb,1.2523,0.7297,13.90,8.10,,
2025-01-20T14:49:00+00:00,2025-01-20T16:24:00+00:00,short,93.760,orb,2.0952,0.2698,13.20,1.70,,
2025-01-21T14:49:00+00:00,2025-01-21T21:09:00+00:00,long,96.52,orb,1.2088,0.3407,11.00,3.10,,
2025-01-22T14:49:00+00:00,2025-01-22T21:09:00+00:00,long,-25.48,orb,0.5647,0.8353,4.80,7.10,,
2025-01-23T15:44:00+00:00,2025-01-23T21:09:00+00:00,long,102.52,orb,1.1531,0.6633,11.30,6.50,,
2025-01-24T15:09:00+00:00,2025-01-24T16:49:00+00:00,long,-185.48,orb,0.5824,1.1758,5.30,10.70,,
2025-01-27T15:04:00+00:00,2025-01-27T21:09:00+00:00,short,0.52,orb,1.1583,0.2917,13.90,3.50,,
2025-01-28T15:29:00+00:00,2025-01-28T17:14:00+00:00,long,124.520,orb,2.6429,0.5952,11.10,2.50,,
2025-01-29T15:24:00+00:00,2025-01-29T19:09:00+00:00,short,178.520,orb,1.7,0.65,10.20,3.90,,
2025-01-30T14:59:00+00:00,2025-01-30T15:53:00+00:00,long,134.260,orb,1.7556,0.0444,15.80,0.40,,
2025-01-31T14:59:00+00:00,2025-01-31T16:44:00+00:00,long,-212.22,orb,0.9275,1.0435,6.40,7.20,,
2025-02-03T14:49:00+00:00,2025-02-03T15:29:00+00:00,long,-127.74,orb,0.4286,1.1587,5.40,14.60,,
2025-02-04T15:39:00+00:00,2025-02-04T17:34:00+00:00,short,-185.48,orb,0.5604,1.3077,5.10,11.90,,
2025-02-05T14:49:00+00:00,2025-02-05T15:54:00+00:00,long,108.760,orb,1.5479,0.9041,11.30,6.60,,
2025-02-06T14:49:00+00:00,2025-02-06T20:09:00+00:00,short,-125.74,orb,1.1694,1.0323,14.50,12.80,,
2025-02-07T15:09:00+00:00,2025-02-07T16:04:00+00:00,long,-189.48,orb,0.6452,1.1613,6.00,10.80,,
2025-02-10T14:54:00+00:00,2025-02-10T16:49:00+00:00,long,-214.96,orb,1.0,1.1154,5.20,5.80,,
2025-02-11T14:59:00+00:00,2025-02-11T15:44:00+00:00,short,-171.48,orb,0.6905,1.2262,5.80,10.30,,
2025-02-12T14:54:00+00:00,2025-02-12T16:49:00+00:00,short,-218.22,orb,0.7042,1.1127,5.00,7.90,,
2025-02-13T15:09:00+00:00,2025-02-13T21:09:00+00:00,long,238.52,orb,1.26,0.47,12.60,4.70,,
2025-02-14T14:59:00+00:00,2025-02-14T15:19:00+00:00,short,138.760,orb,3.0108,0.1075,28.00,1.00,,
2025-02-17T14:49:00+00:00,2025-02-17T16:39:00+00:00,long,-233.70,orb,0.8222,1.0667,3.70,4.80,,
2025-02-18T14:54:00+00:00,2025-02-18T16:54:00+00:00,long,157.520,orb,2.4151,0.6415,12.80,3.40,,
2025-02-19T14:54:00+00:00,2025-02-19T15:59:00+00:00,long,-173.48,orb,0.0706,1.8118,0.60,15.40,,
2025-02-20T16:24:00+00:00,2025-02-20T21:09:00+00:00,long,-67.74,orb,0.3169,0.7183,4.50,10.20,,
2025-02-21T14:49:00+00:00,2025-02-21T15:19:00+00:00,long,-221.48,orb,0.0183,1.0459,0.20,11.40,,
2025-02-24T15:04:00+00:00,2025-02-24T16:09:00+00:00,short,-235.48,orb,0.1724,1.0259,2.00,11.90,,
2025-02-25T14:49:00+00:00,2025-02-25T15:19:00+00:00,short,134.260,orb,3.3889,0.0111,30.50,0.10,,
2025-02-26T14:49:00+00:00,2025-02-26T21:09:00+00:00,long,157.26,orb,1.3333,0.2602,16.40,3.20,,
2025-02-27T14:49:00+00:00,2025-02-27T21:09:00+00:00,short,-17.74,orb,0.2136,0.767,4.40,15.80,,
2025-02-28T14:54:00+00:00,2025-02-28T15:54:00+00:00,short,-235.48,orb,0.3276,1.2069,3.80,14.00,,
2025-03-03T15:24:00+00:00,2025-03-03T21:09:00+00:00,long,38.26,orb,0.4924,0.75,6.50,9.90,,
2025-03-04T14:59:00+00:00,2025-03-04T20:19:00+00:00,short,-165.74,orb,0.2012,1.0183,3.30,16.70,,
2025-03-05T15:09:00+00:00,2025-03-05T21:09:00+00:00,long,6.26,orb,0.9704,0.6,13.10,8.10,,
2025-03-06T14:49:00+00:00,2025-03-06T21:09:00+00:00,long,-155.22,orb,1.303,0.9545,8.60,6.30,,
2025-03-07T14:54:00+00:00,2025-03-07T15:44:00+00:00,long,-179.48,orb,0.6591,1.4886,5.80,13.10,,
2025-03-10T13:59:00+00:00,2025-03-10T16:49:00+00:00,long,-230.96,orb,1.3214,1.5179,7.40,8.50,,
2025-03-12T13:49:00+00:00,2025-03-12T14:59:00+00:00,long,163.520,orb,2.6545,0.2,14.60,1.10,,
2025-03-13T14:09:00+00:00,2025-03-13T14:49:00+00:00,long,146.260,orb,2.7857,0.2959,27.30,2.90,,
2025-03-14T15:04:00+00:00,2025-03-14T20:09:00+00:00,short,13.26,orb,0.3287,0.5734,4.70,8.20,,
2025-03-17T14:04:00+00:00,2025-03-17T20:04:00+00:00,long,96.760,orb,1.6,0.1846,10.40,1.20,,
2025-03-18T14:14:00+00:00,2025-03-18T20:09:00+00:00,short,-94.74,orb,0.0878,0.8378,1.30,12.40,,
2025-03-19T16:04:00+00:00,2025-03-19T18:44:00+00:00,long,122.260,orb,2.2317,0.7073,18.30,5.80,,
2025-03-20T14:44:00+00:00,2025-03-20T20:09:00+00:00,long,138.52,orb,0.8409,0.5227,7.40,4.60,,
2025-03-21T13:49:00+00:00,2025-03-21T20:09:00+00:00,short,-103.74,orb,0.5961,0.5813,12.10,11.80,,
2025-03-24T14:24:00+00:00,2025-03-24T15:09:00+00:00,short,111.760,orb,2.0667,0.0667,15.50,0.50,,
2025-03-25T14:04:00+00:00,2025-03-25T15:14:00+00:00,long,-235.48,orb,0.2328,1.2672,2.70,14.70,,
2025-03-26T13:49:00+00:00,2025-03-26T20:09:00+00:00,short,24.78,orb,1.0448,0.4179,7.00,2.80,,
2025-03-27T14:04:00+00:00,2025-03-27T20:09:00+00:00,long,138.26,orb,1.2336,0.1971,16.90,2.70,,
2025-03-28T13:49:00+00:00,2025-03-28T14:34:00+00:00,long,-175.48,orb,0.9302,1.186,8.00,10.20,,
2025-03-31T14:39:00+00:00,2025-03-31T20:09:00+00:00,long,27.26,orb,0.4686,0.52,8.20,9.10,,
2025-04-01T14:14:00+00:00,2025-04-01T16:04:00+00:00,short,146.260,orb,2.6531,0.8163,26.00,8.00,,
2025-04-02T13:49:00+00:00,2025-04-02T16:09:00+00:00,short,-148.74,orb,0.2109,1.0,3.10,14.70,,
2025-04-03T13:49:00+00:00,2025-04-03T20:09:00+00:00,long,166.26,orb,1.7138,0.2609,47.30,7.20,,
2025-04-04T14:04:00+00:00,2025-04-04T20:09:00+00:00,short,178.26,orb,1.7177,0.1089,42.60,2.70,,
2025-04-07T14:19:00+00:00,2025-04-07T14:39:00+00:00,long,-283.74,orb,0.0532,1.2092,1.50,34.10,,
2025-04-08T13:49:00+00:00,2025-04-08T14:09:00+00:00,short,-243.48,orb,0.2333,1.025,2.80,12.30,,
2025-04-09T14:19:00+00:00,2025-04-09T17:29:00+00:00,long,-209.74,orb,0.9038,1.2404,18.80,25.80,,
2025-04-10T13:59:00+00:00,2025-04-10T14:04:00+00:00,short,-164.74,orb,0.0061,1.1902,0.10,19.40,,
2025-04-11T13:54:00+00:00,2025-04-11T16:09:00+00:00,short,-191.74,orb,0.3474,1.0421,6.60,19.80,,
2025-04-14T13:49:00+00:00,2025-04-14T20:09:00+00:00,long,46.26,orb,0.5874,0.8741,8.40,12.50,,
2025-04-15T13:54:00+00:00,2025-04-15T14:24:00+00:00,short,-125.74,orb,0.0242,1.1048,0.30,13.70,,
2025-04-16T13:54:00+00:00,2025-04-16T20:09:00+00:00,long,266.26,orb,2.3116,0.3986,31.90,5.50,,
2025-04-17T13:54:00+00:00,2025-04-17T20:09:00+00:00,short,-53.74,orb,2.2338,0.3636,34.40,5.60,,
2025-04-21T13:49:00+00:00,2025-04-21T20:09:00+00:00,long,-35.74,orb,0.4457,0.9943,7.80,17.40,,
2025-04-22T16:19:00+00:00,2025-04-22T20:09:00+00:00,short,201.26,orb,0.7378,0.2289,33.20,10.30,,
2025-04-23T13:54:00+00:00,2025-04-23T16:49:00+00:00,short,-310.74,orb,0.4887,1.0712,15.10,33.10,,
2025-04-24T13:49:00+00:00,2025-04-24T16:14:00+00:00,short,-186.74,orb,0.5297,1.1297,9.80,20.90,,
2025-04-25T13:49:00+00:00,2025-04-25T20:09:00+00:00,long,249.26,orb,1.7898,0.7216,31.50,12.70,,
2025-04-28T13:49:00+00:00,2025-04-28T14:19:00+00:00,short,-133.74,orb,0.0985,1.5152,1.30,20.00,,
2025-04-29T13:49:00+00:00,2025-04-29T16:39:00+00:00,short,-208.74,orb,0.087,1.1981,1.80,24.80,,
2025-04-30T14:34:00+00:00,2025-04-30T20:09:00+00:00,short,-4.74,orb,0.127,0.8056,3.20,20.30,,
2025-05-01T14:19:00+00:00,2025-05-01T20:09:00+00:00,short,-132.74,orb,1.0634,0.9577,15.10,13.60,,
2025-05-02T13:54:00+00:00,2025-05-02T14:39:00+00:00,short,-132.74,orb,0.3664,1.1145,4.80,14.60,,
2025-05-05T14:09:00+00:00,2025-05-05T14:19:00+00:00,long,-173.48,orb,0.1412,1.1412,1.20,9.70,,
2025-05-06T13:49:00+00:00,2025-05-06T14:29:00+00:00,long,-201.48,orb,0.101,1.4242,1.00,14.10,,
2025-05-07T13:49:00+00:00,2025-05-07T14:19:00+00:00,long,-139.74,orb,0.0942,1.2029,1.30,16.60,,
2025-05-08T13:54:00+00:00,2025-05-08T15:29:00+00:00,short,159.760,orb,2.7196,0.4299,29.10,4.60,,
2025-05-09T13:59:00+00:00,2025-05-09T14:29:00+00:00,short,-187.48,orb,1.163,1.0217,10.70,9.40,,
2025-05-12T13:49:00+00:00,2025-05-12T16:14:00+00:00,long,-150.74,orb,0.1611,1.0336,2.40,15.40,,
2025-05-13T13:54:00+00:00,2025-05-13T14:44:00+00:00,short,-150.74,orb,0.3826,1.1745,5.70,17.50,,
2025-05-14T13:54:00+00:00,2025-05-14T14:19:00+00:00,long,-139.74,orb,0.0072,1.0725,0.10,14.80,,
2025-05-15T14:09:00+00:00,2025-05-15T15:09:00+00:00,long,128.260,orb,2.5581,0.0116,22.00,0.10,,
2025-05-16T14:44:00+00:00,2025-05-16T16:04:00+00:00,short,-171.74,orb,0.0235,1.0882,0.40,18.50,,
2025-05-19T14:04:00+00:00,2025-05-19T14:34:00+00:00,short,-223.48,orb,0.5273,1.2818,5.80,14.10,,
2025-05-20T13:49:00+00:00,2025-05-20T14:04:00+00:00,long,173.260,orb,2.7328,0.3362,31.70,3.90,,
2025-05-21T13:49:00+00:00,2025-05-21T15:09:00+00:00,short,-177.48,orb,0.6552,1.2529,5.70,10.90,,
2025-05-22T13:49:00+00:00,2025-05-22T13:59:00+00:00,short,162.760,orb,2.2477,0.2294,24.50,2.50,,
2025-05-23T14:39:00+00:00,2025-05-23T20:09:00+00:00,long,64.26,orb,0.744,0.1786,12.50,3.00,,
2025-05-26T14:04:00+00:00,2025-05-26T22:34:00+00:00,long,166.520,orb,1.6964,0.7857,9.50,4.40,,
2025-05-27T14:04:00+00:00,2025-05-27T19:04:00+00:00,short,-149.74,orb,0.1081,1.0338,1.60,15.30,,
2025-05-28T15:29:00+00:00,2025-05-28T20:09:00+00:00,short,-0.74,orb,0.5241,0.5034,7.60,7.30,,
2025-05-29T13:59:00+00:00,2025-05-29T16:04:00+00:00,short,-205.48,orb,0.7228,1.3564,7.30,13.70,,
2025-05-30T13:49:00+00:00,2025-05-30T20:09:00+00:00,short,-73.74,orb,1.2105,0.6992,16.10,9.30,,
2025-06-02T13:54:00+00:00,2025-06-02T20:09:00+00:00,long,54.26,orb,0.308,0.312,7.70,7.80,,
2025-06-03T13:49:00+00:00,2025-06-03T20:09:00+00:00,short,-96.74,orb,0.6688,0.7707,10.50,12.10,,
2025-06-04T14:09:00+00:00,2025-06-04T20:09:00+00:00,long,78.26,orb,1.5448,0.1343,20.70,1.80,,
2025-06-05T14:04:00+00:00,2025-06-05T20:09:00+00:00,short,180.26,orb,2.4861,0.6389,35.80,9.20,,
2025-06-06T13:59:00+00:00,2025-06-06T19:59:00+00:00,short,321.76,orb,2.5116,0.1783,32.40,2.30,,
2025-06-09T13:54:00+00:00,2025-06-09T16:24:00+00:00,long,135.760,orb,2.0,0.4286,18.20,3.90,,
2025-06-10T14:04:00+00:00,2025-06-10T14:19:00+00:00,short,95.260,orb,2.5938,0.0156,16.60,0.10,,
2025-06-11T13:49:00+00:00,2025-06-11T14:44:00+00:00,short,-215.22,orb,0.6,1.2,4.20,8.40,,
2025-06-12T15:14:00+00:00,2025-06-12T20:09:00+00:00,short,-82.74,orb,0.1263,0.6263,2.40,11.90,,
2025-06-13T13:54:00+00:00,2025-06-13T20:09:00+00:00,short,35.26,orb,1.1259,0.4519,15.20,6.10,,
2025-06-16T13:54:00+00:00,2025-06-16T20:09:00+00:00,short,53.26,orb,0.2847,0.5872,8.00,16.50,,
2025-06-17T13:49:00+00:00,2025-06-17T14:34:00+00:00,short,113.260,orb,3.1974,0.5,24.30,3.80,,
2025-06-18T13:49:00+00:00,2025-06-18T14:19:00+00:00,short,169.520,orb,3.2105,0.4737,18.30,2.70,,
2025-06-19T13:49:00+00:00,2025-06-19T14:34:00+00:00,long,-189.48,orb,0.2258,1.0,2.10,9.30,,
2025-06-20T13:49:00+00:00,2025-06-20T20:09:00+00:00,long,-33.48,orb,0.713,0.2685,7.70,2.90,,
2025-06-23T13:54:00+00:00,2025-06-23T20:09:00+00:00,long,-99.74,orb,0.5266,0.9645,8.90,16.30,,
2025-06-24T15:39:00+00:00,2025-06-24T20:09:00+00:00,long,82.26,orb,0.4563,0.2282,9.40,4.70,,
2025-06-25T14:04:00+00:00,2025-06-25T16:14:00+00:00,long,98.260,orb,2.5152,0.0303,16.60,0.20,,
2025-06-26T13:49:00+00:00,2025-06-26T20:09:00+00:00,long,49.26,orb,0.6485,0.8909,10.70,14.70,,
2025-06-27T13:49:00+00:00,2025-06-27T20:09:00+00:00,long,27.26,orb,0.8933,0.42,13.40,6.30,,
2025-06-30T13:49:00+00:00,2025-06-30T16:54:00+00:00,long,108.760,orb,2.589,0.8356,18.90,6.10,,
2025-07-01T13:59:00+00:00,2025-07-01T14:49:00+00:00,long,-200.22,orb,0.4462,1.0154,2.90,6.60,,
2025-07-02T13:49:00+00:00,2025-07-02T16:09:00+00:00,short,-251.22,orb,0.4512,1.2195,3.70,10.00,,
2025-07-03T14:19:00+00:00,2025-07-03T20:09:00+00:00,short,-11.48,orb,0.4273,0.6909,4.70,7.60,,
2025-07-04T14:04:00+00:00,2025-07-06T22:04:00+00:00,short,-238.70,orb,0.5652,2.1087,2.60,9.70,,
2025-07-07T13:54:00+00:00,2025-07-07T16:54:00+00:00,long,134.260,orb,2.5333,0.1889,22.80,1.70,,
2025-07-08T13:49:00+00:00,2025-07-08T14:39:00+00:00,short,161.260,orb,2.7593,0.1574,29.80,1.70,,
2025-07-09T13:54:00+00:00,2025-07-09T20:09:00+00:00,long,236.52,orb,1.2857,0.2679,14.40,3.00,,
2025-07-10T13:49:00+00:00,2025-07-10T20:09:00+00:00,short,-105.48,orb,1.092,0.7241,9.50,6.30,,
2025-07-11T14:44:00+00:00,2025-07-11T20:09:00+00:00,long,-49.48,orb,0.8077,0.9712,8.40,10.10,,
2025-07-14T14:04:00+00:00,2025-07-14T14:24:00+00:00,short,148.520,orb,2.5,0.6,12.50,3.00,,
2025-07-15T13:54:00+00:00,2025-07-15T15:29:00+00:00,long,-225.48,orb,0.7027,1.1982,7.80,13.30,,
2025-07-16T13:49:00+00:00,2025-07-16T14:54:00+00:00,short,-217.48,orb,0.4393,1.1682,4.70,12.50,,
2025-07-17T14:09:00+00:00,2025-07-17T15:29:00+00:00,long,138.760,orb,1.9785,0.0108,18.40,0.10,,
2025-07-18T16:14:00+00:00,2025-07-18T20:09:00+00:00,short,78.78,orb,0.6338,0.8592,4.50,6.10,,
2025-07-21T13:49:00+00:00,2025-07-21T15:29:00+00:00,long,141.760,orb,1.5368,0.3579,14.60,3.40,,
2025-07-22T13:49:00+00:00,2025-07-22T13:59:00+00:00,long,-209.22,orb,0.2059,1.3971,1.40,9.50,,
2025-07-23T13:54:00+00:00,2025-07-23T15:59:00+00:00,long,-257.22,orb,0.8214,2.0,6.90,16.80,,
2025-07-24T13:49:00+00:00,2025-07-24T20:09:00+00:00,long,-21.74,orb,0.3725,0.4248,5.70,6.50,,
2025-07-25T14:19:00+00:00,2025-07-25T20:09:00+00:00,short,-47.48,orb,0.9576,0.3729,11.30,4.40,,
2025-07-28T13:49:00+00:00,2025-07-28T20:09:00+00:00,short,-23.48,orb,1.3782,0.1261,16.40,1.50,,
2025-07-29T14:24:00+00:00,2025-07-29T20:09:00+00:00,long,58.52,orb,1.0273,0.4273,11.30,4.70,,
2025-07-30T15:09:00+00:00,2025-07-30T15:24:00+00:00,short,98.260,orb,1.6212,0.1364,10.70,0.90,,
2025-07-31T13:49:00+00:00,2025-07-31T14:39:00+00:00,short,102.760,orb,1.8841,0.2464,13.00,1.70,,
2025-08-01T13:54:00+00:00,2025-08-01T14:19:00+00:00,short,-243.48,orb,0.2333,1.0583,2.80,12.70,,
2025-08-04T13:49:00+00:00,2025-08-04T14:49:00+00:00,long,-245.22,orb,0.5,1.025,4.00,8.20,,
2025-08-05T14:24:00+00:00,2025-08-05T20:09:00+00:00,long,-24.74,orb,0.609,0.4135,8.10,5.50,,
2025-08-06T13:54:00+00:00,2025-08-06T20:09:00+00:00,long,82.52,orb,1.1149,0.4253,9.70,3.70,,
2025-08-07T13:49:00+00:00,2025-08-07T14:04:00+00:00,short,166.520,orb,3.5714,0.8929,20.00,5.00,,
2025-08-08T13:49:00+00:00,2025-08-08T14:09:00+00:00,long,-153.74,orb,0.25,1.4079,3.80,21.40,,
2025-08-11T13:49:00+00:00,2025-08-11T14:39:00+00:00,long,-219.48,orb,0.2778,1.2685,3.00,13.70,,
2025-08-12T14:14:00+00:00,2025-08-12T15:29:00+00:00,short,-210.74,orb,0.2823,1.2344,5.90,25.80,,
2025-08-13T13:54:00+00:00,2025-08-13T15:19:00+00:00,long,-187.48,orb,0.8152,1.0,7.50,9.20,,
2025-08-14T13:59:00+00:00,2025-08-14T14:09:00+00:00,short,184.520,orb,1.5323,0.4355,9.50,2.70,,
2025-08-15T13:54:00+00:00,2025-08-15T14:09:00+00:00,short,-258.96,orb,0.0,1.1905,0,7.50,,
2025-08-18T13:54:00+00:00,2025-08-18T20:09:00+00:00,short,197.04,orb,1.2742,0.2097,7.90,1.30,,
2025-08-19T14:39:00+00:00,2025-08-19T17:29:00+00:00,short,143.260,orb,1.5521,0.0208,14.90,0.20,,
2025-08-20T14:49:00+00:00,2025-08-20T15:29:00+00:00,long,-185.48,orb,0.0,1.0549,0,9.60,,
2025-08-21T13:49:00+00:00,2025-08-21T14:39:00+00:00,short,-254.22,orb,0.3373,1.0964,2.80,9.10,,
2025-08-22T14:04:00+00:00,2025-08-22T20:09:00+00:00,long,251.26,orb,1.5411,0.0193,31.90,0.40,,
2025-08-25T13:49:00+00:00,2025-08-25T20:09:00+00:00,long,-131.22,orb,1.0308,0.7231,6.70,4.70,,
2025-08-26T13:49:00+00:00,2025-08-26T14:49:00+00:00,short,-226.96,orb,0.3455,1.2545,1.90,6.90,,
2025-08-27T13:49:00+00:00,2025-08-27T14:29:00+00:00,short,-212.22,orb,0.0145,1.1304,0.10,7.80,,
2025-08-28T13:54:00+00:00,2025-08-28T20:09:00+00:00,long,192.52,orb,1.1753,0.8351,11.40,8.10,,
2025-08-29T13:54:00+00:00,2025-08-29T14:34:00+00:00,long,171.760,orb,2.5304,0.0348,29.10,0.40,,
2025-09-01T13:59:00+00:00,2025-09-01T14:24:00+00:00,short,-218.96,orb,0.1698,1.1509,0.90,6.10,,
2025-09-02T14:04:00+00:00,2025-09-02T14:44:00+00:00,long,188.260,orb,2.5,0.3413,31.50,4.30,,
2025-09-03T14:24:00+00:00,2025-09-03T20:09:00+00:00,long,-79.74,orb,0.6815,0.7771,10.70,12.20,,
2025-09-04T13:49:00+00:00,2025-09-04T20:09:00+00:00,short,-25.74,orb,0.7586,0.8483,11.00,12.30,,
2025-09-05T13:49:00+00:00,2025-09-05T14:39:00+00:00,long,-163.74,orb,0.3827,1.358,6.20,22.00,,
2025-09-08T13:49:00+00:00,2025-09-08T20:09:00+00:00,long,37.26,orb,1.0,0.4341,12.90,5.60,,
2025-09-09T14:09:00+00:00,2025-09-09T20:09:00+00:00,short,185.26,orb,1.3258,0.4888,23.60,8.70,,
2025-09-10T14:19:00+00:00,2025-09-10T14:49:00+00:00,long,-257.22,orb,0.0119,1.3452,0.10,11.30,,
2025-09-11T13:54:00+00:00,2025-09-11T20:09:00+00:00,long,60.26,orb,0.8248,0.4161,11.30,5.70,,
2025-09-12T14:19:00+00:00,2025-09-12T15:04:00+00:00,long,-224.22,orb,0.1096,1.0411,0.80,7.60,,
2025-09-15T15:04:00+00:00,2025-09-15T20:09:00+00:00,long,173.26,orb,1.5852,0.1556,21.40,2.10,,
2025-09-16T14:14:00+00:00,2025-09-16T14:29:00+00:00,long,-221.22,orb,0.4722,1.1111,3.40,8.00,,
2025-09-17T14:14:00+00:00,2025-09-17T18:04:00+00:00,long,110.260,orb,1.9865,4.6081,14.70,34.10,,
2025-09-19T13:54:00+00:00,2025-09-19T15:14:00+00:00,long,107.260,orb,2.8056,0.6528,20.20,4.70,,
2025-09-22T13:49:00+00:00,2025-09-22T14:54:00+00:00,short,-221.48,orb,0.0,1.156,0,12.60,,
2025-09-23T13:49:00+00:00,2025-09-23T18:59:00+00:00,short,150.760,orb,2.7228,0.7525,27.50,7.60,,
2025-09-24T14:09:00+00:00,2025-09-24T15:44:00+00:00,short,159.760,orb,2.729,0.4766,29.20,5.10,,
2025-09-25T18:04:00+00:00,2025-09-25T20:09:00+00:00,long,49.26,orb,0.8083,0.3316,15.60,6.40,,
2025-09-26T13:59:00+00:00,2025-09-26T14:19:00+00:00,long,155.260,orb,2.1058,0.0673,21.90,0.70,,
2025-09-29T15:04:00+00:00,2025-09-29T20:09:00+00:00,long,-79.48,orb,0.1181,0.8819,1.50,11.20,,
2025-09-30T13:49:00+00:00,2025-09-30T20:09:00+00:00,long,223.26,orb,1.8294,0.5235,31.10,8.90,,
2025-10-01T14:34:00+00:00,2025-10-01T14:49:00+00:00,long,-203.48,orb,0.08,2.26,0.80,22.60,,
2025-10-02T13:49:00+00:00,2025-10-02T14:54:00+00:00,short,524.26,orb,2.5286,0.0429,53.10,0.90,,
2025-10-03T14:14:00+00:00,2025-10-03T15:29:00+00:00,short,-209.74,orb,0.0192,1.0865,0.40,22.60,,
2025-10-06T14:04:00+00:00,2025-10-06T20:09:00+00:00,long,138.26,orb,1.2932,0.3141,24.70,6.00,,
2025-10-07T14:34:00+00:00,2025-10-07T15:49:00+00:00,long,-267.48,orb,0.6061,1.7197,8.00,22.70,,
2025-10-08T14:04:00+00:00,2025-10-08T20:09:00+00:00,long,-34.74,orb,1.0875,0.6937,17.40,11.10,,
2025-10-09T13:49:00+00:00,2025-10-09T17:14:00+00:00,short,771.76,orb,2.6278,0.0971,81.20,3.00,,
2025-10-10T13:49:00+00:00,2025-10-10T15:09:00+00:00,short,-174.74,orb,0.6301,1.815,10.90,31.40,,
2025-10-13T13:54:00+00:00,2025-10-13T20:09:00+00:00,long,102.26,orb,1.5141,0.3944,21.50,5.60,,
2025-10-14T14:09:00+00:00,2025-10-14T20:09:00+00:00,long,135.26,orb,1.0243,0.1903,25.30,4.70,,
2025-10-15T14:04:00+00:00,2025-10-15T15:54:00+00:00,long,-184.74,orb,0.5738,1.153,10.50,21.10,,
2025-10-16T14:09:00+00:00,2025-10-16T19:54:00+00:00,long,406.76,orb,2.9693,0.4847,48.40,7.90,,
2025-10-17T14:04:00+00:00,2025-10-17T20:09:00+00:00,short,30.26,orb,0.6806,0.3801,53.90,30.10,,
2025-10-20T13:59:00+00:00,2025-10-20T14:19:00+00:00,short,-211.74,orb,0.4143,1.1286,8.70,23.70,,
2025-10-21T13:49:00+00:00,2025-10-21T20:09:00+00:00,short,629.26,orb,2.4964,0.1295,104.10,5.40,,
2025-10-22T14:34:00+00:00,2025-10-22T19:04:00+00:00,short,-447.74,orb,0.6996,1.0874,31.20,48.50,,
2025-10-23T14:09:00+00:00,2025-10-23T16:44:00+00:00,long,-221.74,orb,0.0,1.1909,0,26.20,,
2025-10-24T14:14:00+00:00,2025-10-24T20:09:00+00:00,long,-301.74,orb,0.2733,0.9249,9.10,30.80,,
2025-10-27T14:04:00+00:00,2025-10-27T20:09:00+00:00,short,182.26,orb,1.331,0.2724,38.60,7.90,,
2025-10-28T13:54:00+00:00,2025-10-28T20:09:00+00:00,long,208.26,orb,1.8718,0.159,36.50,3.10,,
2025-10-29T14:09:00+00:00,2025-10-29T15:29:00+00:00,long,-177.74,orb,0.0398,1.1477,0.70,20.20,,
2025-10-30T13:54:00+00:00,2025-10-30T20:09:00+00:00,long,365.26,orb,1.6328,0.0156,41.80,0.40,,
2025-10-31T16:04:00+00:00,2025-10-31T20:09:00+00:00,short,76.26,orb,1.5043,0.1709,35.20,4.00,,
2025-11-03T14:49:00+00:00,2025-11-03T16:19:00+00:00,long,-201.74,orb,0.53,1.325,10.60,26.50,,
2025-11-04T14:59:00+00:00,2025-11-04T21:09:00+00:00,long,-212.74,orb,0.6701,0.8741,19.70,25.70,,
2025-11-05T14:49:00+00:00,2025-11-05T16:49:00+00:00,short,-271.48,orb,0.6866,1.3209,9.20,17.70,,
2025-11-06T15:04:00+00:00,2025-11-06T21:09:00+00:00,short,-8.74,orb,0.605,0.6765,14.40,16.10,,
2025-11-07T16:24:00+00:00,2025-11-07T21:09:00+00:00,long,-9.74,orb,1.0507,0.6175,22.80,13.40,,
2025-11-10T15:04:00+00:00,2025-11-10T21:09:00+00:00,long,212.26,orb,1.6038,0.8679,25.50,13.80,,
2025-11-11T14:49:00+00:00,2025-11-11T15:29:00+00:00,short,200.260,orb,1.7313,0.6642,23.20,8.90,,
2025-11-12T15:04:00+00:00,2025-11-12T16:04:00+00:00,long,439.26,orb,2.6307,0.1136,46.30,2.00,,
2025-11-13T18:34:00+00:00,2025-11-13T21:09:00+00:00,short,-147.74,orb,0.3846,0.2839,21.00,15.50,,
2025-11-14T14:54:00+00:00,2025-11-14T21:09:00+00:00,long,70.26,orb,0.8941,0.1435,38.00,6.10,,
2025-11-17T15:19:00+00:00,2025-11-17T19:59:00+00:00,short,504.26,orb,2.6337,0.9505,53.20,19.20,,
2025-11-18T14:54:00+00:00,2025-11-18T19:39:00+00:00,short,-209.74,orb,1.024,1.0048,21.30,20.90,,
2025-11-19T14:59:00+00:00,2025-11-19T15:54:00+00:00,long,-270.74,orb,0.1859,1.4424,5.00,38.80,,
2025-11-20T14:49:00+00:00,2025-11-20T15:59:00+00:00,long,-297.74,orb,0.1351,1.1351,4.00,33.60,,
2025-11-21T14:54:00+00:00,2025-11-21T15:39:00+00:00,long,-257.48,orb,0.2205,1.0945,2.80,13.90,,
2025-11-24T14:54:00+00:00,2025-11-24T17:04:00+00:00,long,195.760,orb,2.5191,0.0534,33.00,0.70,,
2025-11-25T14:49:00+00:00,2025-11-25T16:19:00+00:00,short,-235.74,orb,0.1752,1.1068,4.10,25.90,,
2025-11-26T15:19:00+00:00,2025-11-26T21:08:00+00:00,long,68.26,orb,1.2391,0.0145,17.10,0.20,,
2025-11-27T15:24:00+00:00,2025-11-27T16:29:00+00:00,long,-224.22,orb,0.2603,1.1507,1.90,8.40,,
2025-11-28T15:09:00+00:00,2025-11-28T17:09:00+00:00,short,-193.74,orb,0.375,1.0104,7.20,19.40,,
2025-12-02T15:09:00+00:00,2025-12-02T21:09:00+00:00,short,74.26,orb,2.2878,0.1561,46.90,3.20,,
2025-12-03T14:49:00+00:00,2025-12-03T21:09:00+00:00,short,107.26,orb,1.039,0.4935,24.00,11.40,,
2025-12-04T16:09:00+00:00,2025-12-04T21:09:00+00:00,long,-46.74,orb,0.3084,0.6822,6.60,14.60,,
2025-12-05T14:49:00+00:00,2025-12-05T16:09:00+00:00,long,-149.74,orb,1.1554,1.1757,17.10,17.40,,
2025-12-08T14:59:00+00:00,2025-12-08T21:09:00+00:00,short,40.26,orb,1.4966,0.0897,21.70,1.30,,
2025-12-09T14:54:00+00:00,2025-12-09T15:14:00+00:00,long,-157.74,orb,0.0064,1.2244,0.10,19.10,,
2025-12-10T14:49:00+00:00,2025-12-10T15:19:00+00:00,long,-195.48,orb,0.1562,1.3125,1.50,12.60,,
2025-12-11T14:59:00+00:00,2025-12-11T15:24:00+00:00,short,-149.74,orb,0.2635,1.0473,3.90,15.50,,
2025-12-12T14:54:00+00:00,2025-12-12T15:19:00+00:00,long,-192.74,orb,0.2723,1.3927,5.20,26.60,,
2025-12-15T14:54:00+00:00,2025-12-15T21:09:00+00:00,short,178.26,orb,1.8715,0.581,33.50,10.40,,
2025-12-16T15:09:00+00:00,2025-12-16T15:19:00+00:00,long,-223.48,orb,0.2273,1.5636,2.50,17.20,,
2025-12-17T14:54:00+00:00,2025-12-17T15:54:00+00:00,long,-265.48,orb,1.0153,1.1603,13.30,15.20,,
2025-12-18T16:04:00+00:00,2025-12-18T21:09:00+00:00,long,-118.74,orb,0.971,0.6783,33.50,23.40,,
2025-12-19T15:04:00+00:00,2025-12-19T21:09:00+00:00,long,-12.74,orb,1.3043,0.2391,18.00,3.30,,
2025-12-22T15:44:00+00:00,2025-12-22T21:09:00+00:00,long,137.26,orb,1.1103,0.0074,15.10,0.10,,
2025-12-23T14:59:00+00:00,2025-12-23T16:49:00+00:00,short,-185.74,orb,1.0272,1.1739,18.90,21.60,,
2025-12-24T14:54:00+00:00,2025-12-25T23:04:00+00:00,short,-248.74,orb,0.7733,1.9595,19.10,48.40,,
2025-12-26T14:49:00+00:00,2025-12-26T15:34:00+00:00,short,-194.74,orb,0.2642,1.3109,5.10,25.30,,
2025-12-29T15:04:00+00:00,2025-12-29T21:09:00+00:00,short,32.26,orb,0.8851,0.1149,43.90,5.70,,
2025-12-30T14:49:00+00:00,2025-12-30T21:09:00+00:00,short,116.26,orb,0.7143,0.6957,23.00,22.40,,
2025-12-31T15:14:00+00:00,2025-12-31T21:09:00+00:00,short,188.26,orb,1.6494,0.5862,28.70,10.20,,
2026-01-02T15:04:00+00:00,2026-01-02T21:09:00+00:00,short,135.26,orb,1.1557,0.3045,33.40,8.80,,
2026-01-05T14:49:00+00:00,2026-01-05T21:09:00+00:00,long,93.26,orb,0.9698,0.2563,19.30,5.10,,
2026-01-06T14:54:00+00:00,2026-01-06T15:39:00+00:00,long,-235.74,orb,0.1368,1.094,3.20,25.60,,
2026-01-07T15:14:00+00:00,2026-01-07T15:39:00+00:00,short,-263.74,orb,0.1221,1.0076,3.20,26.40,,
2026-01-08T14:49:00+00:00,2026-01-08T20:29:00+00:00,long,369.26,orb,2.527,0.6081,37.40,9.00,,
2026-01-09T15:09:00+00:00,2026-01-09T17:59:00+00:00,long,-177.74,orb,1.0,1.0227,17.60,18.00,,
2026-01-12T15:09:00+00:00,2026-01-12T21:09:00+00:00,long,-195.74,orb,0.5151,0.8227,15.40,24.60,,
2026-01-13T14:49:00+00:00,2026-01-13T15:19:00+00:00,long,-234.74,orb,0.0343,1.3433,0.80,31.30,,
2026-01-14T14:49:00+00:00,2026-01-14T18:54:00+00:00,short,-280.74,orb,0.3226,1.0466,9.00,29.20,,
2026-01-15T14:54:00+00:00,2026-01-15T20:19:00+00:00,long,-239.48,orb,1.1017,1.0932,13.00,12.90,,
2026-01-16T14:49:00+00:00,2026-01-16T15:24:00+00:00,long,-182.74,orb,0.3591,1.4309,6.50,25.90,,
2026-01-19T15:49:00+00:00,2026-01-20T00:29:00+00:00,long,-179.48,orb,0.9545,1.4091,8.40,12.40,,
2026-01-20T15:29:00+00:00,2026-01-20T16:59:00+00:00,short,-281.74,orb,0.0607,1.1964,1.70,33.50,,
2026-01-21T15:19:00+00:00,2026-01-21T21:09:00+00:00,short,113.26,orb,1.8091,0.6158,75.80,25.80,,
2026-01-22T15:29:00+00:00,2026-01-22T19:09:00+00:00,long,674.26,orb,2.5889,0.0185,69.90,0.50,,
2026-01-23T14:49:00+00:00,2026-01-23T21:09:00+00:00,long,286.26,orb,1.8058,0.7427,37.20,15.30,,
2026-01-26T14:54:00+00:00,2026-01-26T15:44:00+00:00,long,-177.74,orb,0.3182,1.0398,5.60,18.30,,
2026-01-27T14:59:00+00:00,2026-01-27T15:39:00+00:00,short,-284.74,orb,0.2544,1.2085,7.20,34.20,,
2026-01-28T14:59:00+00:00,2026-01-28T15:09:00+00:00,long,-369.74,orb,0.288,1.4321,10.60,52.70,,
2026-01-29T14:54:00+00:00,2026-01-29T15:14:00+00:00,short,1119.26,orb,3.0513,0.2835,136.70,12.70,,
2026-01-30T14:54:00+00:00,2026-01-30T17:39:00+00:00,short,1646.76,orb,2.6039,0.4203,171.60,27.70,,
2026-02-02T15:19:00+00:00,2026-02-02T21:09:00+00:00,short,427.26,orb,1.3076,0.0853,113.50,7.40,,
2026-02-03T14:54:00+00:00,2026-02-03T18:34:00+00:00,long,-353.74,orb,1.8523,1.4886,65.20,52.40,,
2026-02-04T15:24:00+00:00,2026-02-04T21:09:00+00:00,short,183.26,orb,1.6407,0.153,120.10,11.20,,
2026-02-05T16:44:00+00:00,2026-02-05T20:49:00+00:00,long,-740.74,orb,0.3897,1.0311,28.80,76.20,,
2026-02-06T14:59:00+00:00,2026-02-06T21:09:00+00:00,long,41.26,orb,0.4259,0.5111,23.00,27.60,,
2026-02-09T14:54:00+00:00,2026-02-09T21:09:00+00:00,long,308.26,orb,1.8626,0.6374,48.80,16.70,,
2026-02-10T14:49:00+00:00,2026-02-10T21:09:00+00:00,short,39.26,orb,0.6424,0.3596,31.80,17.80,,
2026-02-11T15:09:00+00:00,2026-02-11T21:09:00+00:00,long,90.26,orb,0.4817,0.9266,21.00,40.40,,
2026-02-12T14:59:00+00:00,2026-02-12T15:34:00+00:00,short,-279.74,orb,0.1871,1.018,5.20,28.30,,
2026-02-13T16:29:00+00:00,2026-02-13T21:09:00+00:00,long,33.26,orb,0.2853,0.3643,18.40,23.50,,
2026-02-16T15:04:00+00:00,2026-02-16T17:04:00+00:00,short,-213.74,orb,0.2123,1.0094,4.50,21.40,,
2026-02-17T14:49:00+00:00,2026-02-17T18:59:00+00:00,short,-425.74,orb,0.3962,1.1132,16.80,47.20,,
2026-02-18T14:54:00+00:00,2026-02-18T21:09:00+00:00,long,-103.74,orb,0.4855,0.5224,18.40,19.80,,
2026-02-19T14:49:00+00:00,2026-02-19T21:09:00+00:00,long,-24.74,orb,0.623,0.6818,23.30,25.50,,
2026-02-20T14:54:00+00:00,2026-02-20T15:04:00+00:00,long,-220.74,orb,0.242,2.0502,5.30,44.90,,
2026-02-23T14:49:00+00:00,2026-02-23T21:09:00+00:00,long,376.26,orb,1.3485,0.6482,41.40,19.90,,
2026-02-24T15:19:00+00:00,2026-02-24T21:09:00+00:00,long,173.26,orb,1.0814,0.3388,33.20,10.40,,
2026-02-25T14:49:00+00:00,2026-02-25T20:59:00+00:00,long,-231.74,orb,1.6174,1.6,37.20,36.80,,
2026-02-26T15:44:00+00:00,2026-02-26T21:09:00+00:00,long,243.26,orb,0.6844,0.4271,25.80,16.10,,
2026-02-27T15:14:00+00:00,2026-02-27T21:09:00+00:00,long,236.26,orb,1.1155,0.9243,28.00,23.20,,
2026-03-02T16:04:00+00:00,2026-03-02T21:09:00+00:00,short,-674.74,orb,0.0,0.8908,0,74.20,,
2026-03-03T14:49:00+00:00,2026-03-03T19:04:00+00:00,short,-881.74,orb,0.7011,1.0773,61.70,94.80,,
2026-03-04T14:49:00+00:00,2026-03-04T21:09:00+00:00,short,121.26,orb,1.5233,0.4067,45.70,12.20,,
2026-03-05T15:09:00+00:00,2026-03-05T21:09:00+00:00,short,-91.74,orb,0.3861,0.6422,20.50,34.10,,
2026-03-06T14:59:00+00:00,2026-03-06T21:09:00+00:00,long,317.26,orb,0.9387,0.0719,44.40,3.40,,
2026-03-09T13:54:00+00:00,2026-03-09T14:44:00+00:00,short,-375.74,orb,0.4037,1.115,15.10,41.70,,
2026-03-10T13:49:00+00:00,2026-03-10T15:14:00+00:00,short,-179.74,orb,1.1404,1.2416,20.30,22.10,,
2026-03-11T13:49:00+00:00,2026-03-11T14:04:00+00:00,short,-222.74,orb,0.4932,1.2534,10.90,27.70,,
2026-03-12T13:49:00+00:00,2026-03-12T17:59:00+00:00,short,481.76,orb,2.5492,0.6218,49.20,12.00,,
2026-03-13T14:14:00+00:00,2026-03-13T15:59:00+00:00,short,581.76,orb,2.6996,0.2232,62.90,5.20,,
2026-03-16T14:29:00+00:00,2026-03-16T20:09:00+00:00,short,-45.74,orb,1.9952,0.311,41.70,6.50,,
2026-03-17T14:04:00+00:00,2026-03-17T20:09:00+00:00,short,52.26,orb,1.8517,0.5167,38.70,10.80,,
2026-03-18T14:09:00+00:00,2026-03-18T19:04:00+00:00,long,-440.74,orb,0.1731,1.1367,7.60,49.90,,
2026-03-19T13:54:00+00:00,2026-03-19T20:09:00+00:00,long,582.26,orb,1.2838,0.6641,66.50,34.40,,
2026-03-20T13:54:00+00:00,2026-03-20T18:54:00+00:00,short,1124.26,orb,2.6422,0.1422,118.90,6.40,,
2026-03-23T13:54:00+00:00,2026-03-23T15:49:00+00:00,long,-505.74,orb,1.2302,1.1925,62.00,60.10,,
2026-03-24T13:59:00+00:00,2026-03-24T20:09:00+00:00,long,168.26,orb,1.6324,0.324,52.40,10.40,,
2026-03-25T13:49:00+00:00,2026-03-25T14:54:00+00:00,short,-254.74,orb,0.7589,1.0751,19.20,27.20,,
2026-03-26T13:54:00+00:00,2026-03-26T16:04:00+00:00,long,-284.74,orb,0.7809,1.1555,22.10,32.70,,
2026-03-27T13:49:00+00:00,2026-03-27T14:54:00+00:00,long,506.76,orb,3.335,0.5714,67.70,11.60,,
2026-03-30T13:49:00+00:00,2026-03-30T20:09:00+00:00,short,253.26,orb,1.0902,0.5696,42.30,22.10,,
2026-03-31T13:49:00+00:00,2026-03-31T16:44:00+00:00,long,536.76,orb,2.9209,0.214,62.80,4.60,,
2026-04-01T14:39:00+00:00,2026-04-01T20:09:00+00:00,long,159.26,orb,2.1768,0.4899,43.10,9.70,,
2026-04-02T13:49:00+00:00,2026-04-02T20:09:00+00:00,long,391.26,orb,1.33,0.1154,65.70,5.70,,
2026-04-06T13:54:00+00:00,2026-04-06T14:14:00+00:00,long,-185.74,orb,0.6413,1.038,11.80,19.10,,
2026-04-07T14:04:00+00:00,2026-04-07T16:04:00+00:00,short,-400.74,orb,0.4236,1.1479,16.90,45.80,,
2026-04-08T13:54:00+00:00,2026-04-08T18:19:00+00:00,short,571.76,orb,2.5371,0.8559,58.10,19.60,,
2026-04-09T15:19:00+00:00,2026-04-09T20:09:00+00:00,long,-145.74,orb,0.503,0.5476,16.90,18.40,,
2026-04-10T14:14:00+00:00,2026-04-10T15:39:00+00:00,long,-162.74,orb,0.9255,1.6025,14.90,25.80,,
2026-04-13T13:49:00+00:00,2026-04-13T13:54:00+00:00,long,-154.74,orb,0.3333,1.3007,5.10,19.90,,
2026-04-14T14:29:00+00:00,2026-04-14T20:09:00+00:00,long,341.26,orb,1.2359,0.6213,37.20,18.70,,
2026-04-15T13:54:00+00:00,2026-04-15T14:39:00+00:00,long,-207.48,orb,0.5882,1.0294,6.00,10.50,,
2026-04-16T13:54:00+00:00,2026-04-16T20:09:00+00:00,short,38.26,orb,0.7763,0.625,23.60,19.00,,
2026-04-17T13:54:00+00:00,2026-04-17T20:04:00+00:00,long,-300.74,orb,0.2742,1.0,8.20,29.90,,
2026-04-20T14:09:00+00:00,2026-04-20T14:29:00+00:00,short,-146.74,orb,0.4276,1.0,6.20,14.50,,
2026-04-21T14:34:00+00:00,2026-04-21T17:14:00+00:00,short,644.26,orb,2.6395,0.0581,68.10,1.50,,
2026-04-22T13:49:00+00:00,2026-04-22T14:34:00+00:00,long,-157.74,orb,0.0833,1.609,1.30,25.10,,
2026-04-23T13:49:00+00:00,2026-04-23T14:04:00+00:00,long,-141.74,orb,0.2571,1.5429,3.60,21.60,,
2026-04-24T13:49:00+00:00,2026-04-24T20:09:00+00:00,long,-39.74,orb,1.2241,0.3276,28.40,7.60,,
2026-04-27T14:34:00+00:00,2026-04-27T20:09:00+00:00,short,62.26,orb,1.1588,0.6647,19.70,11.30,,
2026-04-28T14:04:00+00:00,2026-04-28T16:54:00+00:00,short,-255.74,orb,0.3661,1.1457,9.30,29.10,,
2026-04-29T14:39:00+00:00,2026-04-29T20:09:00+00:00,long,112.26,orb,0.8116,0.774,23.70,22.60,,
2026-04-30T13:49:00+00:00,2026-04-30T20:09:00+00:00,short,12.26,orb,0.7679,0.5595,12.90,9.40,,
2026-05-01T13:54:00+00:00,2026-05-01T20:09:00+00:00,long,-57.74,orb,1.4706,0.2941,45.00,9.00,,
2026-05-04T14:09:00+00:00,2026-05-04T14:19:00+00:00,short,-158.74,orb,0.0892,1.2357,1.40,19.40,,
2026-05-05T14:09:00+00:00,2026-05-05T14:14:00+00:00,long,-255.48,orb,0.0,1.0952,0,13.80,,
2026-05-06T13:49:00+00:00,2026-05-06T16:59:00+00:00,long,-209.74,orb,0.7981,1.0337,16.60,21.50,,
2026-05-07T13:49:00+00:00,2026-05-07T14:29:00+00:00,short,-160.74,orb,0.327,1.0943,5.20,17.40,,
2026-05-08T13:59:00+00:00,2026-05-08T14:09:00+00:00,long,-216.74,orb,0.1163,1.0558,2.50,22.70,,
2026-05-11T14:09:00+00:00,2026-05-11T20:09:00+00:00,short,-106.74,orb,0.788,0.6544,17.10,14.20,,
2026-05-12T13:59:00+00:00,2026-05-12T19:14:00+00:00,short,-226.74,orb,1.8533,1.0267,41.70,23.10,,
2026-05-13T13:49:00+00:00,2026-05-13T14:39:00+00:00,short,-185.74,orb,0.1467,1.0217,2.70,18.80,,
2026-05-14T14:19:00+00:00,2026-05-14T19:19:00+00:00,long,-297.74,orb,0.2128,1.0574,6.30,31.30,,
2026-05-15T14:19:00+00:00,2026-05-15T20:09:00+00:00,long,-227.74,orb,0.1869,0.7652,7.40,30.30,,
2026-05-18T13:54:00+00:00,2026-05-18T14:04:00+00:00,long,-191.74,orb,0.0316,1.0421,0.60,19.80,,
2026-05-19T13:54:00+00:00,2026-05-19T20:09:00+00:00,long,-188.74,orb,0.2357,0.5757,9.50,23.20,,
2026-05-20T14:04:00+00:00,2026-05-20T14:19:00+00:00,short,-241.48,orb,1.2353,1.9496,14.70,23.20,,
2026-05-21T13:54:00+00:00,2026-05-21T20:09:00+00:00,long,224.26,orb,1.3333,0.6923,41.60,21.60,,
2026-05-22T14:04:00+00:00,2026-05-22T16:34:00+00:00,short,-201.74,orb,1.0,1.02,20.00,20.40,,
2026-05-25T14:04:00+00:00,2026-05-25T17:04:00+00:00,long,166.520,orb,2.1786,0.375,12.20,2.10,,
2026-05-26T13:54:00+00:00,2026-05-26T20:09:00+00:00,short,85.26,orb,2.1829,0.5976,35.80,9.80,,
2026-05-27T13:54:00+00:00,2026-05-27T20:08:00+00:00,long,278.26,orb,1.4622,0.0533,32.90,1.20,,
2026-05-28T14:09:00+00:00,2026-05-28T16:19:00+00:00,long,499.26,orb,2.785,0.285,55.70,5.70,,
2026-05-29T13:49:00+00:00,2026-05-29T14:54:00+00:00,long,334.26,orb,2.5672,0.7761,34.40,10.40,,
