ts,equity
2021-01-04T06:49:00+00:00,49985.20
2021-01-04T08:04:00+00:00,49590.40
2021-01-04T08:04:00+00:00,49585.22
2021-01-04T11:04:00+00:00,49821.500
2021-01-04T13:34:00+00:00,50348.540
2021-01-04T15:09:00+00:00,50345.580
2021-01-04T15:14:00+00:00,50339.660
2021-01-04T15:39:00+00:00,49957.740
2021-01-04T15:59:00+00:00,49582.780
2021-01-05T06:29:00+00:00,49568.720
2021-01-05T06:54:00+00:00,49818.560
2021-01-05T07:04:00+00:00,49801.160
2021-01-05T07:44:00+00:00,49790.800
2021-01-05T09:09:00+00:00,49416.440
2021-01-05T15:14:00+00:00,49413.480
2021-01-05T16:49:00+00:00,49046.520
2021-01-06T04:24:00+00:00,49036.900
2021-01-06T04:59:00+00:00,48663.280
2021-01-06T15:29:00+00:00,48661.060
2021-01-06T15:54:00+00:00,48838.820
2021-01-06T20:14:00+00:00,48835.340
2021-01-07T14:09:00+00:00,48830.900
2021-01-07T14:39:00+00:00,48466.460
2021-01-07T14:44:00+00:00,48462.760
2021-01-07T14:49:00+00:00,48099.060
2021-01-07T15:09:00+00:00,48096.840
2021-01-07T21:09:00+00:00,48022.620
2021-01-08T14:49:00+00:00,48021.880
2021-01-08T21:09:00+00:00,48212.140
2021-01-11T02:39:00+00:00,48210.660
2021-01-11T14:59:00+00:00,48207.700
2021-01-11T18:54:00+00:00,48478.220
2021-01-11T18:54:00+00:00,48679.260
2021-01-11T18:59:00+00:00,48673.340
2021-01-11T21:09:00+00:00,48875.420
2021-01-12T04:39:00+00:00,48861.360
2021-01-12T05:09:00+00:00,48467.300
2021-01-12T14:49:00+00:00,48464.340
2021-01-12T18:34:00+00:00,48097.380
2021-01-13T01:34:00+00:00,48089.980
2021-01-13T02:49:00+00:00,47732.580
2021-01-13T04:54:00+00:00,47723.700
2021-01-13T07:34:00+00:00,47354.820
2021-01-13T14:34:00+00:00,47351.860
2021-01-13T14:49:00+00:00,47212.900
2021-01-13T14:49:00+00:00,47208.460
2021-01-13T18:24:00+00:00,47150.020
2021-01-13T18:24:00+00:00,47139.660
2021-01-13T19:44:00+00:00,47386.480
2021-01-13T20:49:00+00:00,47801.300
2021-01-14T08:04:00+00:00,47794.640
2021-01-14T10:34:00+00:00,47427.980
2021-01-14T14:59:00+00:00,47425.020
2021-01-14T17:54:00+00:00,47106.060
2021-01-14T17:59:00+00:00,47103.840
2021-01-14T19:54:00+00:00,46753.620
2021-01-15T14:49:00+00:00,46749.920
2021-01-15T15:24:00+00:00,46934.440
2021-01-15T15:54:00+00:00,47304.220
2021-01-18T12:59:00+00:00,47299.040
2021-01-18T14:54:00+00:00,47139.860
2021-01-18T14:54:00+00:00,47130.240
2021-01-18T15:14:00+00:00,46769.620
2021-01-19T05:39:00+00:00,46758.520
2021-01-19T06:24:00+00:00,46402.420
2021-01-19T14:39:00+00:00,46396.500
2021-01-19T15:14:00+00:00,46393.540
2021-01-19T16:14:00+00:00,46035.620
2021-01-19T16:14:00+00:00,45704.660
2021-01-20T00:14:00+00:00,45696.520
2021-01-20T01:04:00+00:00,45910.320
2021-01-20T02:49:00+00:00,46340.880
2021-01-20T05:54:00+00:00,46331.260
2021-01-20T07:24:00+00:00,46551.820
2021-01-20T11:24:00+00:00,46539.640
2021-01-20T13:34:00+00:00,46537.420
2021-01-20T14:14:00+00:00,46670.180
2021-01-20T14:34:00+00:00,47113.700
2021-01-20T14:54:00+00:00,47111.480
2021-01-20T15:19:00+00:00,46773.260
2021-01-21T06:59:00+00:00,46765.860
2021-01-21T07:29:00+00:00,46408.460
2021-01-21T09:49:00+00:00,46404.760
2021-01-21T13:04:00+00:00,46086.060
2021-01-21T14:49:00+00:00,46080.140
2021-01-21T18:54:00+00:00,45730.220
2021-01-22T14:49:00+00:00,45725.040
2021-01-22T15:59:00+00:00,45938.820
2021-01-22T21:09:00+00:00,46083.860
2021-01-25T05:44:00+00:00,46074.240
2021-01-25T07:54:00+00:00,45726.620
2021-01-25T14:49:00+00:00,45723.660
2021-01-25T19:39:00+00:00,45804.700
2021-01-25T19:39:00+00:00,45789.900
2021-01-25T20:24:00+00:00,45415.100
2021-01-25T23:24:00+00:00,45404.000
2021-01-26T00:04:00+00:00,45047.900
2021-01-26T13:29:00+00:00,45044.200
2021-01-26T14:49:00+00:00,44705.500
2021-01-26T14:54:00+00:00,44700.320
2021-01-26T15:19:00+00:00,44380.140
2021-01-26T19:54:00+00:00,44369.040
2021-01-26T21:09:00+00:00,44297.940
2021-01-27T08:24:00+00:00,44292.760
2021-01-27T11:39:00+00:00,44484.040
2021-01-27T12:29:00+00:00,44713.080
2021-01-27T12:29:00+00:00,44707.160
2021-01-27T14:39:00+00:00,44381.240
2021-01-27T15:09:00+00:00,44379.760
2021-01-27T21:09:00+00:00,44290.280
2021-01-28T13:49:00+00:00,44286.580
2021-01-28T14:59:00+00:00,44327.880
2021-01-28T14:59:00+00:00,44325.660
2021-01-28T15:24:00+00:00,44068.440
2021-01-29T14:57:00+00:00,44066.960
2021-01-29T15:01:00+00:00,44064.740
2021-01-29T17:24:00+00:00,43819.260
2021-01-29T17:24:00+00:00,43553.040
2021-01-29T17:27:00+00:00,43552.300
2021-01-29T18:50:00+00:00,43550.820
2021-01-29T21:09:00+00:00,43658.080
2021-01-29T21:09:00+00:00,43778.600
2021-02-01T08:34:00+00:00,43776.380
2021-02-01T15:49:00+00:00,43774.160
2021-02-01T18:34:00+00:00,43769.720
2021-02-01T21:09:00+00:00,43788.500
2021-02-01T21:09:00+00:00,43750.280
2021-02-01T21:09:00+00:00,43661.840
2021-02-02T15:09:00+00:00,43659.620
2021-02-02T17:09:00+00:00,43390.400
2021-02-03T05:39:00+00:00,43375.600
2021-02-03T06:04:00+00:00,43608.200
2021-02-03T07:29:00+00:00,43590.800
2021-02-03T08:04:00+00:00,43568.600
2021-02-03T08:09:00+00:00,43216.400
2021-02-03T14:49:00+00:00,43213.440
2021-02-03T17:49:00+00:00,43122.480
2021-02-03T17:49:00+00:00,43118.780
2021-02-03T21:09:00+00:00,42995.080
2021-02-04T13:29:00+00:00,42986.940
2021-02-04T13:34:00+00:00,43193.240
2021-02-04T13:34:00+00:00,43182.800
2021-02-04T14:54:00+00:00,43180.580
2021-02-04T15:09:00+00:00,42914.360
2021-02-05T05:54:00+00:00,42904.740
2021-02-05T07:14:00+00:00,42583.120
2021-02-05T11:24:00+00:00,42574.980
2021-02-05T11:59:00+00:00,42247.840
2021-02-05T13:39:00+00:00,42245.620
2021-02-05T14:09:00+00:00,41991.400
2021-02-05T15:09:00+00:00,41988.440
2021-02-05T17:04:00+00:00,42181.960
2021-02-05T20:09:00+00:00,42168.640
2021-02-05T20:54:00+00:00,41831.320
2021-02-05T21:09:00+00:00,41947.840
2021-02-08T01:09:00+00:00,41941.180
2021-02-08T02:14:00+00:00,41628.520
2021-02-08T09:09:00+00:00,41618.160
2021-02-08T09:34:00+00:00,41833.480
2021-02-08T10:59:00+00:00,42195.800
2021-02-08T15:04:00+00:00,42191.360
2021-02-08T19:04:00+00:00,41868.920
2021-02-09T08:09:00+00:00,41855.600
2021-02-09T08:39:00+00:00,42078.440
2021-02-09T08:44:00+00:00,42062.780
2021-02-09T08:49:00+00:00,42049.460
2021-02-09T08:59:00+00:00,42272.300
2021-02-09T09:24:00+00:00,42648.140
2021-02-09T14:09:00+00:00,42641.480
2021-02-09T14:39:00+00:00,42830.520
2021-02-09T14:39:00+00:00,42821.820
2021-02-09T15:24:00+00:00,42820.340
2021-02-09T21:09:00+00:00,42636.860
2021-02-10T13:09:00+00:00,42627.980
2021-02-10T13:34:00+00:00,42848.540
2021-02-10T13:34:00+00:00,42838.100
2021-02-10T14:59:00+00:00,42835.140
2021-02-10T21:09:00+00:00,42752.180
2021-02-11T11:24:00+00:00,42741.080
2021-02-11T11:44:00+00:00,42729.980
2021-02-11T11:54:00+00:00,42808.800
2021-02-11T11:59:00+00:00,42794.880
2021-02-11T13:04:00+00:00,43010.200
2021-02-11T13:19:00+00:00,43424.280
2021-02-11T15:59:00+00:00,43420.580
2021-02-11T16:59:00+00:00,43602.100
2021-02-11T17:09:00+00:00,43965.880
2021-02-11T19:49:00+00:00,43955.520
2021-02-11T21:09:00+00:00,44197.160
2021-02-12T14:49:00+00:00,44194.200
2021-02-12T21:09:00+00:00,44231.240
2021-02-15T01:14:00+00:00,44226.060
2021-02-15T01:54:00+00:00,43912.880
2021-02-15T14:59:00+00:00,43901.780
2021-02-15T16:39:00+00:00,43560.680
2021-02-16T11:04:00+00:00,43551.800
2021-02-16T11:44:00+00:00,43781.360
2021-02-16T11:59:00+00:00,44166.920
2021-02-16T15:14:00+00:00,44166.180
2021-02-16T21:09:00+00:00,44050.440
2021-02-16T23:59:00+00:00,44047.480
2021-02-17T07:49:00+00:00,43956.520
2021-02-17T07:49:00+00:00,43950.600
2021-02-17T08:04:00+00:00,43640.680
2021-02-17T11:59:00+00:00,43636.980
2021-02-17T13:19:00+00:00,43333.280
2021-02-17T15:09:00+00:00,43329.580
2021-02-17T16:14:00+00:00,43511.100
2021-02-17T16:54:00+00:00,43505.880
2021-02-18T14:49:00+00:00,43503.660
2021-02-18T21:09:00+00:00,43495.440
2021-02-19T00:59:00+00:00,43485.820
2021-02-19T01:09:00+00:00,43138.200
2021-02-19T06:34:00+00:00,43132.280
2021-02-19T13:24:00+00:00,43126.360
2021-02-19T13:54:00+00:00,43032.440
2021-02-19T13:54:00+00:00,42898.520
2021-02-19T13:59:00+00:00,42893.340
2021-02-19T14:29:00+00:00,42580.160
2021-02-19T14:49:00+00:00,42578.680
2021-02-19T18:04:00+00:00,42572.020
2021-02-19T18:09:00+00:00,42314.540
2021-02-19T19:29:00+00:00,42208.880
2021-02-19T19:29:00+00:00,42205.180
2021-02-19T21:09:00+00:00,42066.480
2021-02-21T23:19:00+00:00,42060.560
2021-02-22T01:04:00+00:00,41758.640
2021-02-22T13:09:00+00:00,41751.240
2021-02-22T13:34:00+00:00,41433.840
2021-02-22T15:29:00+00:00,41432.360
2021-02-22T21:09:00+00:00,41418.880
2021-02-23T00:09:00+00:00,41408.520
2021-02-23T01:04:00+00:00,41090.160
2021-02-23T08:54:00+00:00,41083.500
2021-02-23T09:24:00+00:00,40761.840
2021-02-23T10:19:00+00:00,40752.220
2021-02-23T10:44:00+00:00,40638.600
2021-02-23T10:44:00+00:00,40634.900
2021-02-23T12:04:00+00:00,40366.200
2021-02-23T14:49:00+00:00,40364.720
2021-02-23T15:14:00+00:00,40139.240
2021-02-24T05:54:00+00:00,40128.140
2021-02-24T07:39:00+00:00,40332.960
2021-02-24T08:09:00+00:00,40319.040
2021-02-24T08:09:00+00:00,40311.640
2021-02-24T09:04:00+00:00,40004.240
2021-02-24T15:24:00+00:00,40002.020
2021-02-24T21:09:00+00:00,40290.800
2021-02-25T06:14:00+00:00,40281.920
2021-02-25T06:59:00+00:00,39973.040
2021-02-25T09:29:00+00:00,39970.820
2021-02-25T14:09:00+00:00,40088.580
2021-02-25T15:04:00+00:00,40087.100
2021-02-25T15:49:00+00:00,40480.620
2021-02-25T21:09:00+00:00,40601.140
2021-02-26T01:09:00+00:00,40596.700
2021-02-26T02:24:00+00:00,40322.260
2021-02-26T13:09:00+00:00,40315.600
2021-02-26T13:44:00+00:00,40504.640
2021-02-26T13:59:00+00:00,40495.940
2021-02-26T14:49:00+00:00,40494.460
2021-02-26T15:19:00+00:00,40672.220
2021-02-26T15:29:00+00:00,40909.480
2021-03-01T10:39:00+00:00,40900.600
2021-03-01T11:34:00+00:00,40591.720
2021-03-01T12:39:00+00:00,40588.020
2021-03-01T13:34:00+00:00,40745.540
2021-03-01T13:44:00+00:00,40830.320
2021-03-01T13:44:00+00:00,40824.400
2021-03-01T14:19:00+00:00,41037.440
2021-03-01T14:49:00+00:00,41030.480
2021-03-01T14:49:00+00:00,41028.260
2021-03-01T16:09:00+00:00,40765.040
2021-03-01T16:19:00+00:00,40756.160
2021-03-01T16:39:00+00:00,40976.720
2021-03-01T16:59:00+00:00,41347.280
2021-03-02T08:34:00+00:00,41342.840
2021-03-02T10:34:00+00:00,41570.120
2021-03-02T12:54:00+00:00,41950.400
2021-03-02T14:49:00+00:00,41947.440
2021-03-02T14:59:00+00:00,41756.480
2021-03-02T14:59:00+00:00,41748.340
2021-03-02T15:14:00+00:00,41421.200
2021-03-02T16:04:00+00:00,41416.760
2021-03-02T16:54:00+00:00,41644.040
2021-03-02T21:09:00+00:00,41869.820
2021-03-03T01:14:00+00:00,41863.160
2021-03-03T01:29:00+00:00,41541.500
2021-03-03T13:09:00+00:00,41539.280
2021-03-03T15:14:00+00:00,41536.320
2021-03-03T15:44:00+00:00,41652.580
2021-03-03T15:59:00+00:00,41649.100
2021-03-03T15:59:00+00:00,41334.140
2021-03-04T13:29:00+00:00,41331.180
2021-03-04T15:14:00+00:00,41327.480
2021-03-04T15:29:00+00:00,41053.780
2021-03-04T15:59:00+00:00,40790.820
2021-03-05T09:04:00+00:00,40781.940
2021-03-05T09:19:00+00:00,40473.060
2021-03-05T09:19:00+00:00,40470.100
2021-03-05T11:39:00+00:00,40203.140
2021-03-05T11:49:00+00:00,40195.000
2021-03-05T12:59:00+00:00,39878.860
2021-03-05T13:49:00+00:00,39876.640
2021-03-05T14:44:00+00:00,39850.420
2021-03-05T14:44:00+00:00,39848.200
2021-03-05T14:49:00+00:00,39845.980
2021-03-05T15:09:00+00:00,39741.760
2021-03-05T15:09:00+00:00,39574.540
2021-03-05T15:14:00+00:00,39572.320
2021-03-05T21:04:00+00:00,39597.100
2021-03-08T14:54:00+00:00,39594.880
2021-03-08T21:09:00+00:00,39763.660
2021-03-09T05:44:00+00:00,39757.000
2021-03-09T06:39:00+00:00,39444.340
2021-03-09T13:09:00+00:00,39440.640
2021-03-09T13:54:00+00:00,39610.160
2021-03-09T14:19:00+00:00,40035.440
2021-03-09T15:34:00+00:00,40032.480
2021-03-09T21:09:00+00:00,39913.520
2021-03-10T01:54:00+00:00,39899.460
2021-03-10T01:59:00+00:00,39581.400
2021-03-10T06:49:00+00:00,39575.480
2021-03-10T08:39:00+00:00,39569.560
2021-03-10T10:04:00+00:00,39563.640
2021-03-10T10:39:00+00:00,39533.720
2021-03-10T10:39:00+00:00,39495.800
2021-03-10T10:39:00+00:00,39369.880
2021-03-10T10:44:00+00:00,39363.220
2021-03-10T13:34:00+00:00,39068.560
2021-03-10T15:29:00+00:00,39065.600
2021-03-10T17:49:00+00:00,38806.640
2021-03-10T18:24:00+00:00,38800.720
2021-03-10T18:29:00+00:00,38514.800
2021-03-11T00:34:00+00:00,38506.660
2021-03-11T01:44:00+00:00,38500.740
2021-03-11T02:09:00+00:00,38206.600
2021-03-11T02:09:00+00:00,37904.680
2021-03-11T17:04:00+00:00,37901.720
2021-03-11T21:09:00+00:00,37866.760
2021-03-12T06:04:00+00:00,37859.360
2021-03-12T06:09:00+00:00,37581.960
2021-03-12T13:19:00+00:00,37578.260
2021-03-12T14:49:00+00:00,37434.560
2021-03-12T14:49:00+00:00,37431.600
2021-03-12T16:39:00+00:00,37601.120
2021-03-12T16:44:00+00:00,37827.640
2021-03-15T14:24:00+00:00,37823.940
2021-03-15T15:04:00+00:00,37966.460
2021-03-15T16:19:00+00:00,37961.240
2021-03-16T04:59:00+00:00,37948.660
2021-03-16T05:34:00+00:00,37647.080
2021-03-16T11:59:00+00:00,37641.160
2021-03-16T12:14:00+00:00,37363.240
2021-03-16T14:19:00+00:00,37359.540
2021-03-16T14:49:00+00:00,37370.840
2021-03-16T14:49:00+00:00,37367.140
2021-03-16T15:34:00+00:00,37521.660
2021-03-16T20:09:00+00:00,37639.440
2021-03-17T03:04:00+00:00,37635.000
2021-03-17T11:19:00+00:00,37348.560
2021-03-17T13:39:00+00:00,37344.860
2021-03-17T14:04:00+00:00,37341.900
2021-03-17T14:24:00+00:00,37058.940
2021-03-17T18:04:00+00:00,36795.240
2021-03-18T07:09:00+00:00,36791.540
2021-03-18T07:24:00+00:00,36542.840
2021-03-18T14:09:00+00:00,36539.880
2021-03-18T16:14:00+00:00,36733.400
2021-03-18T19:39:00+00:00,36925.920
2021-03-19T04:29:00+00:00,36920.740
2021-03-19T06:14:00+00:00,37076.020
2021-03-19T06:29:00+00:00,37423.060
2021-03-19T15:49:00+00:00,37420.100
2021-03-19T20:09:00+00:00,37565.140
2021-03-21T22:19:00+00:00,37562.180
2021-03-22T06:19:00+00:00,37740.700
2021-03-22T12:49:00+00:00,37891.220
2021-03-22T12:49:00+00:00,37884.560
2021-03-22T14:24:00+00:00,37880.860
2021-03-22T14:49:00+00:00,38063.900
2021-03-22T16:59:00+00:00,38447.700
2021-03-22T19:09:00+00:00,38440.300
2021-03-22T20:09:00+00:00,38596.600
2021-03-22T20:09:00+00:00,38419.200
2021-03-23T05:24:00+00:00,38412.540
2021-03-23T06:49:00+00:00,38612.880
2021-03-23T06:49:00+00:00,38601.780
2021-03-23T07:19:00+00:00,38290.680
2021-03-23T13:59:00+00:00,38284.760
2021-03-23T14:09:00+00:00,38485.800
2021-03-23T14:49:00+00:00,38478.840
2021-03-23T15:09:00+00:00,38477.360
2021-03-23T16:09:00+00:00,38474.400
2021-03-23T17:54:00+00:00,38480.920
2021-03-23T17:54:00+00:00,38493.960
2021-03-23T17:59:00+00:00,38485.820
2021-03-23T20:09:00+00:00,38499.680
2021-03-24T00:29:00+00:00,38484.880
2021-03-24T01:04:00+00:00,38170.080
2021-03-24T01:19:00+00:00,38164.900
2021-03-24T02:44:00+00:00,38333.680
2021-03-24T07:24:00+00:00,38326.720
2021-03-24T13:54:00+00:00,38318.580
2021-03-24T14:59:00+00:00,38035.440
2021-03-25T00:44:00+00:00,38019.900
2021-03-25T01:04:00+00:00,37710.360
2021-03-25T06:44:00+00:00,37697.780
2021-03-25T07:09:00+00:00,37396.200
2021-03-25T11:09:00+00:00,37386.580
2021-03-25T11:34:00+00:00,37090.960
2021-03-25T11:39:00+00:00,37082.820
2021-03-25T12:14:00+00:00,37266.620
2021-03-25T12:29:00+00:00,37256.180
2021-03-25T13:54:00+00:00,37250.260
2021-03-25T14:34:00+00:00,37439.300
2021-03-25T14:34:00+00:00,37432.340
2021-03-26T13:59:00+00:00,37426.420
2021-03-26T15:09:00+00:00,37633.460
2021-03-26T15:14:00+00:00,37910.500
2021-03-26T17:49:00+00:00,37905.320
2021-03-26T20:09:00+00:00,37781.140
2021-03-29T00:39:00+00:00,37762.640
2021-03-29T01:04:00+00:00,37951.760
2021-03-29T01:04:00+00:00,37929.140
2021-03-29T03:04:00+00:00,37925.440
2021-03-29T05:34:00+00:00,37641.740
2021-03-29T07:44:00+00:00,37634.340
2021-03-29T12:54:00+00:00,37825.640
2021-03-29T13:34:00+00:00,38146.940
2021-03-29T13:49:00+00:00,38146.200
2021-03-29T20:09:00+00:00,38118.460
2021-03-30T01:24:00+00:00,38111.060
2021-03-30T02:49:00+00:00,38317.360
2021-03-30T05:44:00+00:00,38663.660
2021-03-30T06:19:00+00:00,38659.220
2021-03-30T06:49:00+00:00,38360.780
2021-03-30T13:59:00+00:00,38357.820
2021-03-30T20:04:00+00:00,38154.860
2021-03-31T03:09:00+00:00,38146.720
2021-03-31T05:39:00+00:00,38140.800
2021-03-31T05:59:00+00:00,38332.100
2021-03-31T06:34:00+00:00,38717.660
2021-03-31T06:39:00+00:00,38930.700
2021-03-31T13:34:00+00:00,39287.740
2021-03-31T13:54:00+00:00,39285.520
2021-03-31T16:14:00+00:00,39421.280
2021-03-31T17:14:00+00:00,39783.800
2021-04-01T13:54:00+00:00,39779.360
2021-04-01T14:09:00+00:00,39498.920
2021-04-05T06:24:00+00:00,39490.040
2021-04-05T12:09:00+00:00,39181.160
2021-04-05T12:29:00+00:00,39176.720
2021-04-05T12:54:00+00:00,38956.280
2021-04-05T12:54:00+00:00,38948.140
2021-04-05T13:49:00+00:00,38654.000
2021-04-05T13:49:00+00:00,38648.820
2021-04-05T15:19:00+00:00,38817.600
2021-04-05T15:49:00+00:00,39118.640
2021-04-05T15:59:00+00:00,39109.760
2021-04-05T17:39:00+00:00,39321.320
2021-04-05T20:09:00+00:00,39436.880
2021-04-06T01:04:00+00:00,39419.120
2021-04-06T01:09:00+00:00,39626.240
2021-04-06T01:14:00+00:00,39605.360
2021-04-06T13:54:00+00:00,39600.180
2021-04-06T20:09:00+00:00,39742.000
2021-04-07T08:19:00+00:00,39736.820
2021-04-07T12:19:00+00:00,39923.600
2021-04-07T12:59:00+00:00,39916.640
2021-04-07T13:59:00+00:00,39912.940
2021-04-07T20:09:00+00:00,39784.240
2021-04-08T14:44:00+00:00,39781.280
2021-04-08T20:09:00+00:00,39678.320
2021-04-09T11:54:00+00:00,39671.660
2021-04-09T12:24:00+00:00,39866.700
2021-04-09T12:49:00+00:00,40275.500
2021-04-09T13:49:00+00:00,40271.800
2021-04-09T20:09:00+00:00,40418.100
2021-04-12T06:34:00+00:00,40404.780
2021-04-12T06:44:00+00:00,40085.460
2021-04-12T13:54:00+00:00,40081.760
2021-04-12T18:54:00+00:00,40218.060
2021-04-12T18:54:00+00:00,40209.920
2021-04-12T20:09:00+00:00,40454.780
2021-04-13T01:39:00+00:00,40447.380
2021-04-13T02:44:00+00:00,40661.180
2021-04-13T04:09:00+00:00,40652.480
2021-04-13T08:19:00+00:00,40648.040
2021-04-13T09:39:00+00:00,40589.600
2021-04-13T09:39:00+00:00,40579.240
2021-04-13T10:19:00+00:00,40624.880
2021-04-13T10:19:00+00:00,40610.820
2021-04-13T10:34:00+00:00,40273.760
2021-04-13T14:39:00+00:00,40271.540
2021-04-13T17:09:00+00:00,40095.320
2021-04-13T17:09:00+00:00,40090.140
2021-04-13T20:09:00+00:00,39979.960
2021-04-13T23:04:00+00:00,39962.940
2021-04-13T23:49:00+00:00,39623.920
2021-04-14T01:19:00+00:00,39615.780
2021-04-14T03:54:00+00:00,39807.080
2021-04-14T05:34:00+00:00,40192.640
2021-04-14T14:19:00+00:00,40187.460
2021-04-14T14:44:00+00:00,39881.280
2021-04-14T16:34:00+00:00,39876.100
2021-04-14T20:09:00+00:00,39849.920
2021-04-15T12:09:00+00:00,39841.780
2021-04-15T12:34:00+00:00,39525.640
2021-04-15T14:04:00+00:00,39522.680
2021-04-15T14:49:00+00:00,39707.200
2021-04-15T15:44:00+00:00,39953.720
2021-04-16T14:09:00+00:00,39949.280
2021-04-16T20:09:00+00:00,39836.840
2021-04-19T01:14:00+00:00,39830.920
2021-04-19T05:54:00+00:00,39821.300
2021-04-19T06:29:00+00:00,39512.680
2021-04-19T06:34:00+00:00,39210.760
2021-04-19T06:44:00+00:00,39202.620
2021-04-19T07:39:00+00:00,38897.480
2021-04-19T12:24:00+00:00,38886.380
2021-04-19T13:04:00+00:00,38575.280
2021-04-19T13:59:00+00:00,38567.140
2021-04-19T14:34:00+00:00,38273.000
2021-04-20T08:49:00+00:00,38268.560
2021-04-20T09:39:00+00:00,37994.120
2021-04-20T13:54:00+00:00,37990.420
2021-04-20T20:09:00+00:00,38246.720
2021-04-21T00:24:00+00:00,38238.580
2021-04-21T01:09:00+00:00,38230.440
2021-04-21T01:19:00+00:00,37936.300
2021-04-21T03:09:00+00:00,38127.600
2021-04-21T05:49:00+00:00,38513.160
2021-04-21T13:49:00+00:00,38510.940
2021-04-21T20:09:00+00:00,38565.720
2021-04-22T11:14:00+00:00,38559.060
2021-04-22T11:59:00+00:00,38489.400
2021-04-22T11:59:00+00:00,38484.960
2021-04-22T12:24:00+00:00,38456.520
2021-04-22T12:24:00+00:00,38449.120
2021-04-22T12:34:00+00:00,38151.720
2021-04-22T13:54:00+00:00,38148.760
2021-04-22T15:24:00+00:00,37905.800
2021-04-23T06:29:00+00:00,37898.400
2021-04-23T07:09:00+00:00,37611.000
2021-04-23T13:54:00+00:00,37608.040
2021-04-23T14:19:00+00:00,37783.560
2021-04-23T14:34:00+00:00,38018.080
2021-04-26T14:24:00+00:00,38014.380
2021-04-26T17:04:00+00:00,38010.680
2021-04-26T17:04:00+00:00,37998.100
2021-04-26T19:34:00+00:00,37696.520
2021-04-27T03:59:00+00:00,37692.820
2021-04-27T07:09:00+00:00,37683.940
2021-04-27T07:54:00+00:00,37399.060
2021-04-27T08:29:00+00:00,37389.440
2021-04-27T09:39:00+00:00,37565.000
2021-04-27T11:49:00+00:00,37621.300
2021-04-27T11:49:00+00:00,37784.120
2021-04-27T11:54:00+00:00,37777.460
2021-04-27T12:09:00+00:00,37482.800
2021-04-27T13:54:00+00:00,37479.840
2021-04-27T15:24:00+00:00,37232.880
2021-04-28T13:59:00+00:00,37230.660
2021-04-28T18:19:00+00:00,37258.440
2021-04-28T18:19:00+00:00,37251.040
2021-04-28T18:39:00+00:00,36973.640
2021-04-29T12:39:00+00:00,36969.940
2021-04-29T13:14:00+00:00,36706.240
2021-04-29T13:54:00+00:00,36704.020
2021-04-29T14:54:00+00:00,36452.800
2021-04-30T00:14:00+00:00,36445.400
2021-04-30T01:14:00+00:00,36629.200
2021-04-30T01:24:00+00:00,36750.500
2021-04-30T01:24:00+00:00,36732.000
2021-04-30T01:34:00+00:00,36413.500
2021-04-30T08:44:00+00:00,36409.060
2021-04-30T13:49:00+00:00,36403.880
2021-04-30T14:39:00+00:00,36118.700
2021-04-30T18:49:00+00:00,36168.260
2021-04-30T18:49:00+00:00,36163.820
2021-04-30T20:09:00+00:00,36051.380
2021-05-03T11:04:00+00:00,36046.940
2021-05-03T12:24:00+00:00,35802.500
2021-05-03T12:29:00+00:00,35800.280
2021-05-03T13:54:00+00:00,35796.580
2021-05-03T14:29:00+00:00,35906.840
2021-05-03T20:09:00+00:00,36047.360
2021-05-03T20:09:00+00:00,36028.660
2021-05-03T23:09:00+00:00,36020.520
2021-05-04T00:09:00+00:00,35748.380
2021-05-04T09:04:00+00:00,35744.680
2021-05-04T11:54:00+00:00,35740.980
2021-05-04T12:29:00+00:00,35507.280
2021-05-04T13:04:00+00:00,35243.580
2021-05-04T13:49:00+00:00,35239.140
2021-05-04T14:09:00+00:00,35416.920
2021-05-04T14:19:00+00:00,35411.700
2021-05-04T14:24:00+00:00,35408.000
2021-05-04T15:14:00+00:00,35550.520
2021-05-04T15:14:00+00:00,35545.300
2021-05-05T12:59:00+00:00,35543.820
2021-05-05T13:49:00+00:00,35484.340
2021-05-05T13:49:00+00:00,35479.900
2021-05-05T14:04:00+00:00,35223.460
2021-05-05T16:24:00+00:00,35213.840
2021-05-05T16:59:00+00:00,34931.220
2021-05-06T01:14:00+00:00,34926.040
2021-05-06T05:19:00+00:00,35076.820
2021-05-06T06:34:00+00:00,35413.860
2021-05-06T07:24:00+00:00,35392.400
2021-05-06T07:29:00+00:00,35571.040
2021-05-06T07:29:00+00:00,35544.940
2021-05-06T11:09:00+00:00,35542.720
2021-05-06T12:29:00+00:00,35327.500
2021-05-06T13:49:00+00:00,35326.760
2021-05-06T20:09:00+00:00,35366.020
2021-05-07T05:39:00+00:00,35360.100
2021-05-07T08:34:00+00:00,35098.180
2021-05-07T12:39:00+00:00,35094.480
2021-05-07T12:54:00+00:00,35243.000
2021-05-07T13:04:00+00:00,35237.780
2021-05-07T13:49:00+00:00,35236.300
2021-05-07T20:09:00+00:00,35154.820
2021-05-10T00:09:00+00:00,35142.240
2021-05-10T00:29:00+00:00,35316.320
2021-05-10T00:54:00+00:00,35300.660
2021-05-10T07:24:00+00:00,35291.780
2021-05-10T10:09:00+00:00,35485.340
2021-05-10T10:54:00+00:00,35810.900
2021-05-10T11:44:00+00:00,35806.460
2021-05-10T13:29:00+00:00,35802.760
2021-05-10T13:44:00+00:00,35918.320
2021-05-10T13:44:00+00:00,35809.620
2021-05-10T13:49:00+00:00,35805.180
2021-05-10T13:54:00+00:00,35802.220
2021-05-10T15:04:00+00:00,35980.000
2021-05-10T20:09:00+00:00,36124.780
2021-05-10T20:09:00+00:00,36189.820
2021-05-11T09:09:00+00:00,36181.680
2021-05-11T09:44:00+00:00,35898.540
2021-05-11T13:54:00+00:00,35896.320
2021-05-11T20:09:00+00:00,36254.100
2021-05-12T07:14:00+00:00,36245.960
2021-05-12T07:39:00+00:00,35973.820
2021-05-12T11:24:00+00:00,35967.160
2021-05-12T12:19:00+00:00,35834.500
2021-05-12T12:19:00+00:00,35828.580
2021-05-12T12:34:00+00:00,36005.620
2021-05-12T12:34:00+00:00,36302.660
2021-05-12T12:49:00+00:00,36301.180
2021-05-12T14:14:00+00:00,36147.700
2021-05-12T14:14:00+00:00,36144.000
2021-05-12T15:24:00+00:00,36289.520
2021-05-12T16:14:00+00:00,36581.300
2021-05-13T08:09:00+00:00,36576.120
2021-05-13T08:54:00+00:00,36304.940
2021-05-13T14:24:00+00:00,36301.980
2021-05-13T20:09:00+00:00,36443.020
2021-05-14T01:09:00+00:00,36431.920
2021-05-14T02:39:00+00:00,36615.740
2021-05-14T03:14:00+00:00,36969.820
2021-05-14T05:24:00+00:00,36957.240
2021-05-14T05:39:00+00:00,36655.660
2021-05-14T14:19:00+00:00,36652.700
2021-05-14T14:39:00+00:00,36533.740
2021-05-14T14:39:00+00:00,36530.040
2021-05-14T18:24:00+00:00,36256.340
2021-05-17T01:09:00+00:00,36248.940
2021-05-17T01:24:00+00:00,36447.740
2021-05-17T02:19:00+00:00,36439.040
2021-05-17T06:19:00+00:00,36433.860
2021-05-17T09:19:00+00:00,36169.680
2021-05-17T12:34:00+00:00,36164.500
2021-05-17T13:29:00+00:00,35886.320
2021-05-17T14:14:00+00:00,35884.100
2021-05-17T16:29:00+00:00,35985.360
2021-05-17T20:09:00+00:00,36163.880
2021-05-18T06:14:00+00:00,36155.740
2021-05-18T11:09:00+00:00,36324.540
2021-05-18T11:59:00+00:00,36314.100
2021-05-18T12:54:00+00:00,36308.920
2021-05-18T13:09:00+00:00,36303.740
2021-05-18T13:09:00+00:00,36301.520
2021-05-18T13:29:00+00:00,36297.820
2021-05-18T13:49:00+00:00,36049.120
2021-05-18T13:59:00+00:00,35857.900
2021-05-18T13:59:00+00:00,35855.680
2021-05-18T20:09:00+00:00,35682.460
2021-05-19T00:09:00+00:00,35671.360
2021-05-19T00:49:00+00:00,35390.260
2021-05-19T12:39:00+00:00,35385.080
2021-05-19T12:54:00+00:00,35113.900
2021-05-19T13:59:00+00:00,35113.160
2021-05-19T18:14:00+00:00,34910.420
2021-05-20T01:19:00+00:00,34908.200
2021-05-20T02:34:00+00:00,34686.980
2021-05-20T05:49:00+00:00,34681.800
2021-05-20T07:39:00+00:00,34620.620
2021-05-20T07:39:00+00:00,34616.180
2021-05-20T08:29:00+00:00,34545.740
2021-05-20T08:29:00+00:00,34532.420
2021-05-20T08:39:00+00:00,34714.760
2021-05-20T09:19:00+00:00,35023.100
2021-05-20T11:09:00+00:00,35020.140
2021-05-20T13:49:00+00:00,35017.920
2021-05-20T14:09:00+00:00,35187.440
2021-05-20T16:54:00+00:00,35470.960
2021-05-20T20:09:00+00:00,35483.740
2021-05-21T10:04:00+00:00,35468.940
2021-05-21T10:19:00+00:00,35174.140
2021-05-21T12:24:00+00:00,35169.700
2021-05-21T13:09:00+00:00,35351.980
2021-05-21T13:49:00+00:00,35346.760
2021-05-21T13:49:00+00:00,35345.280
2021-05-21T20:09:00+00:00,35299.800
2021-05-24T00:39:00+00:00,35287.960
2021-05-24T01:04:00+00:00,35474.040
2021-05-24T01:04:00+00:00,35460.120
2021-05-24T12:49:00+00:00,35453.460
2021-05-24T13:09:00+00:00,35612.500
2021-05-24T13:39:00+00:00,35603.800
2021-05-24T13:44:00+00:00,35600.100
2021-05-24T14:04:00+00:00,35326.400
2021-05-24T23:59:00+00:00,35324.180
2021-05-25T05:24:00+00:00,35316.780
2021-05-25T05:54:00+00:00,35500.580
2021-05-25T06:24:00+00:00,35491.880
2021-05-25T06:44:00+00:00,35249.660
2021-05-25T10:34:00+00:00,35237.820
2021-05-25T10:49:00+00:00,34953.980
2021-05-25T13:49:00+00:00,34951.020
2021-05-25T14:09:00+00:00,35135.540
2021-05-25T17:34:00+00:00,35382.060
2021-05-26T01:09:00+00:00,35372.440
2021-05-26T02:14:00+00:00,35539.000
2021-05-26T06:04:00+00:00,35526.820
2021-05-26T09:39:00+00:00,35517.940
2021-05-26T11:19:00+00:00,35293.060
2021-05-26T11:19:00+00:00,35283.440
2021-05-26T12:24:00+00:00,35013.820
2021-05-26T12:54:00+00:00,35009.380
2021-05-26T13:14:00+00:00,35178.160
2021-05-26T13:59:00+00:00,35175.940
2021-05-26T17:44:00+00:00,35458.720
2021-05-26T20:09:00+00:00,35543.500
2021-05-26T23:39:00+00:00,35530.920
2021-05-27T01:04:00+00:00,35705.000
2021-05-27T01:09:00+00:00,35689.340
2021-05-27T06:19:00+00:00,35678.980
2021-05-27T07:34:00+00:00,35862.800
2021-05-27T08:44:00+00:00,36172.620
2021-05-27T11:59:00+00:00,36165.220
2021-05-27T12:14:00+00:00,35887.820
2021-05-27T17:19:00+00:00,35884.860
2021-05-27T20:23:00+00:00,35973.900
2021-05-28T01:19:00+00:00,35969.460
2021-05-28T03:04:00+00:00,35755.020
2021-05-28T03:04:00+00:00,35751.320
2021-05-28T05:34:00+00:00,35827.620
2021-05-28T05:34:00+00:00,35823.180
2021-05-28T06:39:00+00:00,35578.740
2021-05-28T14:49:00+00:00,35575.780
2021-05-28T16:54:00+00:00,35304.820
2021-05-31T00:14:00+00:00,35295.940
2021-05-31T01:04:00+00:00,35480.500
2021-05-31T01:04:00+00:00,35470.060
2021-05-31T01:39:00+00:00,35461.180
2021-05-31T02:34:00+00:00,35176.300
2021-05-31T11:14:00+00:00,35171.860
2021-05-31T11:34:00+00:00,35095.420
2021-05-31T11:34:00+00:00,35085.800
2021-05-31T13:54:00+00:00,35075.440
2021-05-31T22:04:00+00:00,35251.000
2021-05-31T23:24:00+00:00,35434.820
2021-06-01T01:04:00+00:00,35779.640
2021-06-01T01:04:00+00:00,36026.460
2021-06-01T08:49:00+00:00,36019.060
2021-06-01T09:39:00+00:00,36051.660
2021-06-01T09:39:00+00:00,36047.960
2021-06-01T13:49:00+00:00,36045.000
2021-06-01T14:04:00+00:00,36190.520
2021-06-01T14:04:00+00:00,36185.300
2021-06-01T14:49:00+00:00,36375.820
2021-06-01T16:34:00+00:00,36372.340
2021-06-02T05:44:00+00:00,36366.420
2021-06-02T06:04:00+00:00,36104.500
2021-06-02T06:04:00+00:00,36094.140
2021-06-02T06:09:00+00:00,35803.780
2021-06-02T13:59:00+00:00,35800.820
2021-06-02T17:24:00+00:00,35791.200
2021-06-02T17:34:00+00:00,35624.240
2021-06-02T17:34:00+00:00,35432.620
2021-06-02T17:39:00+00:00,35429.660
2021-06-02T20:09:00+00:00,35474.700
2021-06-03T10:09:00+00:00,35471.000
2021-06-03T10:39:00+00:00,35442.300
2021-06-03T10:39:00+00:00,35434.900
2021-06-03T11:24:00+00:00,35618.700
2021-06-03T12:19:00+00:00,35927.500
2021-06-04T01:54:00+00:00,35926.020
2021-06-04T05:54:00+00:00,35921.580
2021-06-04T06:04:00+00:00,35665.140
2021-06-04T08:44:00+00:00,35547.660
2021-06-04T08:44:00+00:00,35540.260
2021-06-04T12:19:00+00:00,35724.060
2021-06-04T12:29:00+00:00,35715.360
2021-06-04T12:39:00+00:00,35713.880
2021-06-04T13:54:00+00:00,35710.180
2021-06-04T14:29:00+00:00,35872.940
2021-06-04T20:09:00+00:00,36022.200
2021-06-04T20:09:00+00:00,36058.500
2021-06-06T23:59:00+00:00,36036.300
2021-06-07T00:09:00+00:00,36182.700
2021-06-07T00:14:00+00:00,36434.100
2021-06-07T05:24:00+00:00,36422.260
2021-06-07T05:34:00+00:00,36122.420
2021-06-07T14:29:00+00:00,36119.460
2021-06-07T19:19:00+00:00,36115.760
2021-06-07T20:09:00+00:00,36412.800
2021-06-07T20:09:00+00:00,36414.100
2021-06-08T00:09:00+00:00,36397.820
2021-06-08T00:59:00+00:00,36587.680
2021-06-08T01:04:00+00:00,36909.540
2021-06-08T12:49:00+00:00,36905.100
2021-06-08T13:54:00+00:00,36902.880
2021-06-08T13:59:00+00:00,37107.660
2021-06-08T14:04:00+00:00,37102.440
2021-06-08T14:09:00+00:00,36863.220
2021-06-08T14:09:00+00:00,36861.000
2021-06-08T20:09:00+00:00,36777.780
2021-06-09T08:19:00+00:00,36768.160
2021-06-09T08:34:00+00:00,36943.720
2021-06-09T09:19:00+00:00,37288.540
2021-06-09T14:09:00+00:00,37286.320
2021-06-09T20:09:00+00:00,37356.100
2021-06-10T12:19:00+00:00,37351.660
2021-06-10T12:34:00+00:00,37538.440
2021-06-10T12:34:00+00:00,37533.220
2021-06-10T12:44:00+00:00,37532.480
2021-06-10T13:34:00+00:00,37563.740
2021-06-10T13:34:00+00:00,37560.780
2021-06-10T13:49:00+00:00,37389.820
2021-06-10T13:49:00+00:00,37387.600
2021-06-10T20:09:00+00:00,37559.380
2021-06-10T22:04:00+00:00,37544.580
2021-06-11T01:04:00+00:00,37229.780
2021-06-11T10:49:00+00:00,37226.080
2021-06-11T12:59:00+00:00,37368.600
2021-06-11T13:54:00+00:00,37364.160
2021-06-11T14:09:00+00:00,37649.940
2021-06-11T14:09:00+00:00,37651.500
2021-06-11T14:14:00+00:00,37643.360
2021-06-11T14:44:00+00:00,37360.220
2021-06-14T13:04:00+00:00,37355.040
2021-06-14T13:39:00+00:00,37519.320
2021-06-14T13:44:00+00:00,37886.360
2021-06-14T13:49:00+00:00,37885.620
2021-06-14T20:09:00+00:00,37897.880
2021-06-15T00:34:00+00:00,37885.300
2021-06-15T01:04:00+00:00,37583.720
2021-06-15T05:39:00+00:00,37580.760
2021-06-15T06:29:00+00:00,37585.800
2021-06-15T06:29:00+00:00,37579.140
2021-06-15T08:19:00+00:00,37762.180
2021-06-15T12:09:00+00:00,37753.480
2021-06-15T13:54:00+00:00,37747.560
2021-06-15T14:04:00+00:00,37453.640
2021-06-16T06:29:00+00:00,37446.980
2021-06-16T07:09:00+00:00,37152.320
2021-06-16T07:29:00+00:00,37145.660
2021-06-16T09:54:00+00:00,37136.780
2021-06-16T10:34:00+00:00,36839.900
2021-06-16T10:49:00+00:00,36554.240
2021-06-16T13:59:00+00:00,36548.320
2021-06-16T14:14:00+00:00,36278.400
2021-06-16T18:09:00+00:00,36275.440
2021-06-16T18:19:00+00:00,36441.960
2021-06-16T19:54:00+00:00,36720.480
2021-06-17T06:54:00+00:00,36715.300
2021-06-17T07:14:00+00:00,36458.120
2021-06-17T14:04:00+00:00,36456.640
2021-06-17T14:09:00+00:00,36455.900
2021-06-17T20:09:00+00:00,36534.420
2021-06-17T20:09:00+00:00,36571.680
2021-06-17T23:54:00+00:00,36568.720
2021-06-18T01:39:00+00:00,36732.240
2021-06-18T07:54:00+00:00,37005.760
2021-06-18T10:09:00+00:00,37002.060
2021-06-18T12:24:00+00:00,37144.580
2021-06-18T12:24:00+00:00,37142.360
2021-06-18T12:29:00+00:00,37500.140
2021-06-18T14:04:00+00:00,37617.900
2021-06-18T14:04:00+00:00,37615.680
2021-06-18T14:14:00+00:00,37370.460
2021-06-18T17:44:00+00:00,37588.980
2021-06-18T17:44:00+00:00,37581.580
2021-06-18T18:44:00+00:00,37284.180
2021-06-21T06:04:00+00:00,37281.220
2021-06-21T08:14:00+00:00,37459.740
2021-06-21T09:29:00+00:00,37458.260
2021-06-21T12:44:00+00:00,37238.780
2021-06-21T14:04:00+00:00,37235.300
2021-06-21T14:14:00+00:00,37230.860
2021-06-21T14:29:00+00:00,37228.640
2021-06-21T15:09:00+00:00,37406.420
2021-06-21T20:09:00+00:00,37521.200
2021-06-21T20:09:00+00:00,37539.980
2021-06-21T22:39:00+00:00,37530.360
2021-06-22T01:09:00+00:00,37522.220
2021-06-22T02:34:00+00:00,37226.600
2021-06-22T02:49:00+00:00,36943.460
2021-06-22T14:24:00+00:00,36939.760
2021-06-22T20:09:00+00:00,36866.060
2021-06-23T00:59:00+00:00,36850.520
2021-06-23T01:04:00+00:00,37038.120
2021-06-23T01:04:00+00:00,37018.980
2021-06-23T06:49:00+00:00,37013.800
2021-06-23T11:39:00+00:00,37004.180
2021-06-23T12:14:00+00:00,37179.740
2021-06-23T12:24:00+00:00,37167.560
2021-06-23T12:39:00+00:00,37071.380
2021-06-23T12:39:00+00:00,37068.420
2021-06-23T13:34:00+00:00,36833.460
2021-06-23T13:49:00+00:00,36831.980
2021-06-23T16:39:00+00:00,36632.500
2021-06-23T17:29:00+00:00,36624.360
2021-06-23T18:29:00+00:00,36352.220
2021-06-23T23:09:00+00:00,36337.420
2021-06-23T23:34:00+00:00,36525.020
2021-06-23T23:59:00+00:00,36507.620
2021-06-24T14:49:00+00:00,36506.140
2021-06-24T14:54:00+00:00,36503.920
2021-06-24T18:09:00+00:00,36508.440
2021-06-24T18:09:00+00:00,36527.220
2021-06-24T18:14:00+00:00,36518.340
2021-06-24T19:44:00+00:00,36233.460
2021-06-25T00:29:00+00:00,36218.660
2021-06-25T00:54:00+00:00,35923.860
2021-06-25T14:49:00+00:00,35920.900
2021-06-25T20:09:00+00:00,36065.940
2021-06-28T06:09:00+00:00,36057.800
2021-06-28T08:14:00+00:00,36234.100
2021-06-28T08:14:00+00:00,36589.660
2021-06-28T14:59:00+00:00,36585.960
2021-06-28T17:29:00+00:00,36452.260
2021-06-28T17:29:00+00:00,36445.600
2021-06-28T20:09:00+00:00,36321.940
2021-06-29T00:09:00+00:00,36314.540
2021-06-29T04:29:00+00:00,36498.340
2021-06-29T05:34:00+00:00,36489.640
2021-06-29T06:09:00+00:00,36478.540
2021-06-29T06:44:00+00:00,36662.360
2021-06-29T07:34:00+00:00,37016.440
2021-06-29T07:44:00+00:00,37000.900
2021-06-29T08:04:00+00:00,36691.360
2021-06-29T11:39:00+00:00,36687.660
2021-06-29T12:29:00+00:00,36428.960
2021-06-29T12:29:00+00:00,36424.520
2021-06-29T12:44:00+00:00,36611.300
2021-06-29T12:44:00+00:00,36924.080
2021-06-29T14:04:00+00:00,36920.380
2021-06-29T15:14:00+00:00,36661.680
2021-06-30T01:29:00+00:00,36651.320
2021-06-30T01:49:00+00:00,36845.640
2021-06-30T03:49:00+00:00,36833.460
2021-06-30T06:44:00+00:00,36828.280
2021-06-30T06:59:00+00:00,36655.100
2021-06-30T06:59:00+00:00,36650.660
2021-06-30T07:59:00+00:00,36388.220
2021-06-30T11:34:00+00:00,36379.340
2021-06-30T11:44:00+00:00,36106.460
2021-06-30T12:44:00+00:00,36100.540
2021-06-30T13:49:00+00:00,36289.580
2021-06-30T13:49:00+00:00,36282.620
2021-06-30T13:49:00+00:00,36280.400
2021-06-30T16:49:00+00:00,36383.160
2021-06-30T20:09:00+00:00,36543.680
2021-07-01T01:19:00+00:00,36539.240
2021-07-01T04:09:00+00:00,36726.020
2021-07-01T05:39:00+00:00,36716.400
2021-07-01T08:34:00+00:00,36433.780
2021-07-01T11:04:00+00:00,36427.120
2021-07-01T11:29:00+00:00,36601.900
2021-07-01T11:29:00+00:00,36514.240
2021-07-01T11:34:00+00:00,36494.260
2021-07-01T11:39:00+00:00,36177.280
2021-07-01T12:39:00+00:00,36172.840
2021-07-01T13:04:00+00:00,35916.400
2021-07-01T14:14:00+00:00,35913.440
2021-07-01T20:09:00+00:00,35898.480
2021-07-02T05:29:00+00:00,35889.600
2021-07-02T07:14:00+00:00,36074.160
2021-07-02T07:49:00+00:00,36063.720
2021-07-02T12:04:00+00:00,36056.320
2021-07-02T12:24:00+00:00,36240.120
2021-07-02T12:24:00+00:00,36231.420
2021-07-02T13:49:00+00:00,36229.200
2021-07-02T18:34:00+00:00,35998.980
2021-07-05T12:09:00+00:00,35989.360
2021-07-05T13:49:00+00:00,35976.780
2021-07-05T13:59:00+00:00,35760.200
2021-07-06T01:29:00+00:00,35935.760
2021-07-06T01:49:00+00:00,36280.580
2021-07-06T14:14:00+00:00,36277.620
2021-07-06T14:29:00+00:00,36038.660
2021-07-06T23:49:00+00:00,36025.340
2021-07-07T00:19:00+00:00,35724.020
2021-07-07T13:49:00+00:00,35721.060
2021-07-07T14:29:00+00:00,35498.100
2021-07-08T13:49:00+00:00,35495.880
2021-07-08T15:19:00+00:00,35609.140
2021-07-08T19:39:00+00:00,35751.660
2021-07-09T00:09:00+00:00,35736.860
2021-07-09T00:29:00+00:00,35924.460
2021-07-09T01:04:00+00:00,36242.060
2021-07-09T01:24:00+00:00,36236.880
2021-07-09T05:04:00+00:00,35965.700
2021-07-09T09:34:00+00:00,35959.780
2021-07-09T11:09:00+00:00,36154.820
2021-07-09T12:59:00+00:00,36227.860
2021-07-09T12:59:00+00:00,36221.940
2021-07-09T14:04:00+00:00,36404.980
2021-07-09T14:04:00+00:00,36401.280
2021-07-09T15:19:00+00:00,36708.320
2021-07-09T20:09:00+00:00,36769.620
2021-07-12T02:44:00+00:00,36765.920
2021-07-12T07:09:00+00:00,36917.440
2021-07-12T11:29:00+00:00,37071.220
2021-07-12T11:29:00+00:00,37063.820
2021-07-12T11:44:00+00:00,36776.420
2021-07-12T13:54:00+00:00,36774.940
2021-07-12T14:34:00+00:00,36575.460
2021-07-13T04:19:00+00:00,36564.360
2021-07-13T05:24:00+00:00,36268.260
2021-07-13T06:09:00+00:00,36253.460
2021-07-13T06:29:00+00:00,36441.060
2021-07-13T06:49:00+00:00,36758.660
2021-07-13T13:04:00+00:00,36757.920
2021-07-13T13:54:00+00:00,36661.180
2021-07-13T13:54:00+00:00,36656.740
2021-07-13T14:09:00+00:00,36388.300
2021-07-13T14:24:00+00:00,36387.560
2021-07-13T20:09:00+00:00,36340.820
2021-07-14T01:29:00+00:00,36331.940
2021-07-14T02:34:00+00:00,36047.060
2021-07-14T13:54:00+00:00,36042.620
2021-07-14T19:59:00+00:00,35774.180
2021-07-15T01:14:00+00:00,35765.300
2021-07-15T03:09:00+00:00,35492.420
2021-07-15T11:29:00+00:00,35487.240
2021-07-15T12:54:00+00:00,35237.060
2021-07-15T13:09:00+00:00,35229.660
2021-07-15T14:04:00+00:00,35052.260
2021-07-15T14:04:00+00:00,35046.340
2021-07-15T16:29:00+00:00,34792.420
2021-07-16T00:09:00+00:00,34780.580
2021-07-16T00:49:00+00:00,34496.740
2021-07-16T07:14:00+00:00,34490.080
2021-07-16T07:34:00+00:00,34231.420
2021-07-16T11:34:00+00:00,34225.500
2021-07-16T12:34:00+00:00,34414.540
2021-07-16T12:34:00+00:00,34407.580
2021-07-16T14:14:00+00:00,34406.100
2021-07-16T20:09:00+00:00,34540.620
2021-07-19T04:24:00+00:00,34529.520
2021-07-19T05:44:00+00:00,34702.840
2021-07-19T06:04:00+00:00,35036.920
2021-07-19T11:44:00+00:00,35030.260
2021-07-19T12:04:00+00:00,35201.300
2021-07-19T12:34:00+00:00,35560.100
2021-07-19T13:59:00+00:00,35557.880
2021-07-19T15:09:00+00:00,35342.660
2021-07-20T00:09:00+00:00,35326.380
2021-07-20T01:04:00+00:00,35516.240
2021-07-20T01:04:00+00:00,35838.100
2021-07-20T12:44:00+00:00,35835.880
2021-07-20T14:19:00+00:00,35776.660
2021-07-20T14:19:00+00:00,35772.220
2021-07-20T14:44:00+00:00,35954.500
2021-07-20T14:44:00+00:00,36198.280
2021-07-21T01:54:00+00:00,36176.080
2021-07-21T01:59:00+00:00,35973.880
2021-07-21T05:09:00+00:00,35965.000
2021-07-21T06:09:00+00:00,36158.560
2021-07-21T06:34:00+00:00,36484.120
2021-07-21T12:39:00+00:00,36481.160
2021-07-21T13:49:00+00:00,36214.200
2021-07-21T13:49:00+00:00,36211.240
2021-07-21T20:09:00+00:00,36252.280
2021-07-22T14:09:00+00:00,36248.580
2021-07-22T15:44:00+00:00,36399.880
2021-07-22T15:44:00+00:00,36392.480
2021-07-22T15:54:00+00:00,36105.080
2021-07-23T01:14:00+00:00,36096.200
2021-07-23T03:44:00+00:00,36280.760
2021-07-23T06:14:00+00:00,36420.320
2021-07-23T06:14:00+00:00,36412.180
2021-07-23T06:29:00+00:00,36588.480
2021-07-23T07:54:00+00:00,36944.040
2021-07-23T13:59:00+00:00,36940.340
2021-07-23T14:14:00+00:00,36681.640
2021-07-23T17:54:00+00:00,36673.500
2021-07-23T20:09:00+00:00,36599.360
2021-07-26T14:14:00+00:00,36596.400
2021-07-26T20:09:00+00:00,36593.440
2021-07-27T14:04:00+00:00,36589.740
2021-07-27T20:09:00+00:00,36581.040
2021-07-27T22:09:00+00:00,36569.940
2021-07-28T01:19:00+00:00,36753.760
2021-07-28T02:39:00+00:00,37107.840
2021-07-28T06:34:00+00:00,37092.300
2021-07-28T07:39:00+00:00,37086.380
2021-07-28T07:49:00+00:00,37273.980
2021-07-28T07:59:00+00:00,37623.340
2021-07-28T08:19:00+00:00,37812.380
2021-07-28T11:49:00+00:00,38129.420
2021-07-28T13:59:00+00:00,38124.980
2021-07-28T14:44:00+00:00,37862.540
2021-07-29T02:44:00+00:00,37860.320
2021-07-29T11:19:00+00:00,37967.580
2021-07-29T14:14:00+00:00,37962.400
2021-07-29T16:54:00+00:00,38238.920
2021-07-29T16:54:00+00:00,38408.740
2021-07-29T16:59:00+00:00,38401.340
2021-07-29T17:04:00+00:00,38413.940
2021-07-29T17:04:00+00:00,38410.240
2021-07-29T20:06:00+00:00,38261.540
2021-07-30T12:39:00+00:00,38255.620
2021-07-30T13:46:00+00:00,38257.700
2021-07-30T13:46:00+00:00,38242.900
2021-07-30T14:00:00+00:00,37928.100
2021-08-02T05:29:00+00:00,37915.520
2021-08-02T05:49:00+00:00,38101.600
2021-08-02T05:49:00+00:00,38085.940
2021-08-02T12:09:00+00:00,38080.020
2021-08-02T12:39:00+00:00,37794.100
2021-08-02T13:49:00+00:00,37788.920
2021-08-02T14:09:00+00:00,37524.740
2021-08-02T18:59:00+00:00,37511.420
2021-08-02T19:19:00+00:00,37210.100
2021-08-03T07:39:00+00:00,37199.740
2021-08-03T08:44:00+00:00,36909.380
2021-08-03T12:59:00+00:00,36906.420
2021-08-03T13:49:00+00:00,36901.980
2021-08-03T14:44:00+00:00,36615.540
2021-08-03T20:09:00+00:00,36512.580
2021-08-04T06:29:00+00:00,36497.040
2021-08-04T07:34:00+00:00,36481.500
2021-08-04T07:34:00+00:00,36470.400
2021-08-04T08:44:00+00:00,36654.220
2021-08-04T09:14:00+00:00,36792.300
2021-08-04T09:14:00+00:00,36778.240
2021-08-04T09:49:00+00:00,36960.580
2021-08-04T11:24:00+00:00,37303.180
2021-08-04T13:59:00+00:00,37296.520
2021-08-04T14:04:00+00:00,37479.560
2021-08-04T14:04:00+00:00,37470.860
2021-08-05T08:09:00+00:00,37462.720
2021-08-05T08:39:00+00:00,37646.520
2021-08-05T10:19:00+00:00,37636.080
2021-08-05T13:49:00+00:00,37634.600
2021-08-05T20:09:00+00:00,37523.120
2021-08-06T07:34:00+00:00,37519.420
2021-08-06T10:54:00+00:00,37260.720
2021-08-06T12:29:00+00:00,37254.060
2021-08-06T12:34:00+00:00,37425.100
2021-08-06T12:34:00+00:00,37416.400
2021-08-06T13:49:00+00:00,37414.180
2021-08-06T20:09:00+00:00,37513.960
2021-08-09T13:59:00+00:00,37511.000
2021-08-09T15:04:00+00:00,37716.520
2021-08-09T16:34:00+00:00,37991.040
2021-08-10T07:09:00+00:00,37983.640
2021-08-10T08:34:00+00:00,38182.440
2021-08-10T08:39:00+00:00,38516.240
2021-08-10T14:04:00+00:00,38514.020
2021-08-10T15:04:00+00:00,38271.800
2021-08-11T06:14:00+00:00,38265.140
2021-08-11T06:54:00+00:00,38258.480
2021-08-11T06:54:00+00:00,38249.600
2021-08-11T07:04:00+00:00,37952.720
2021-08-11T13:49:00+00:00,37950.500
2021-08-11T15:04:00+00:00,37714.280
2021-08-11T23:59:00+00:00,37701.700
2021-08-12T00:44:00+00:00,37692.080
2021-08-12T01:04:00+00:00,37878.160
2021-08-12T01:04:00+00:00,37862.500
2021-08-12T01:09:00+00:00,38011.060
2021-08-12T04:19:00+00:00,37998.880
2021-08-12T15:24:00+00:00,37996.660
2021-08-12T20:09:00+00:00,38087.440
2021-08-13T14:04:00+00:00,38084.480
2021-08-13T16:14:00+00:00,38287.000
2021-08-13T20:09:00+00:00,38465.520
2021-08-16T02:39:00+00:00,38453.680
2021-08-16T03:09:00+00:00,38137.840
2021-08-16T06:44:00+00:00,38133.400
2021-08-16T07:34:00+00:00,37858.960
2021-08-16T13:54:00+00:00,37856.000
2021-08-16T20:09:00+00:00,37873.040
2021-08-17T14:14:00+00:00,37871.560
2021-08-17T20:09:00+00:00,37808.080
2021-08-18T14:19:00+00:00,37802.900
2021-08-18T15:19:00+00:00,37976.180
2021-08-18T15:54:00+00:00,37969.220
2021-08-19T06:39:00+00:00,37962.560
2021-08-19T08:39:00+00:00,38133.600
2021-08-19T08:39:00+00:00,38124.900
2021-08-19T08:44:00+00:00,38121.200
2021-08-19T12:29:00+00:00,38113.800
2021-08-19T12:49:00+00:00,38175.100
2021-08-19T12:49:00+00:00,38207.700
2021-08-19T12:54:00+00:00,38201.780
2021-08-19T13:09:00+00:00,37915.860
2021-08-19T14:09:00+00:00,37914.380
2021-08-19T19:39:00+00:00,37860.900
2021-08-20T13:49:00+00:00,37856.460
2021-08-20T13:54:00+00:00,37852.020
2021-08-20T15:59:00+00:00,37559.580
2021-08-20T16:04:00+00:00,37279.140
2021-08-23T06:04:00+00:00,37268.040
2021-08-23T07:54:00+00:00,37258.420
2021-08-23T08:49:00+00:00,36962.320
2021-08-23T08:59:00+00:00,36666.700
2021-08-23T14:14:00+00:00,36663.740
2021-08-23T16:04:00+00:00,36392.780
2021-08-24T10:29:00+00:00,36378.720
2021-08-24T10:39:00+00:00,36079.660
2021-08-24T12:29:00+00:00,36074.480
2021-08-24T12:44:00+00:00,35817.300
2021-08-24T14:04:00+00:00,35815.080
2021-08-24T20:09:00+00:00,35650.860
2021-08-25T00:09:00+00:00,35633.100
2021-08-25T00:24:00+00:00,35327.340
2021-08-25T00:39:00+00:00,35322.900
2021-08-25T06:04:00+00:00,35306.620
2021-08-25T06:24:00+00:00,35004.340
2021-08-25T07:54:00+00:00,35113.900
2021-08-25T07:54:00+00:00,35108.720
2021-08-25T11:29:00+00:00,34844.540
2021-08-25T11:44:00+00:00,34840.100
2021-08-25T12:44:00+00:00,34577.660
2021-08-25T14:59:00+00:00,34576.180
2021-08-25T20:09:00+00:00,34432.700
2021-08-26T11:39:00+00:00,34420.860
2021-08-26T11:49:00+00:00,34137.020
2021-08-26T12:49:00+00:00,34135.540
2021-08-26T14:19:00+00:00,33968.060
2021-08-26T14:19:00+00:00,33965.840
2021-08-26T14:44:00+00:00,33960.620
2021-08-26T14:44:00+00:00,33956.920
2021-08-26T15:09:00+00:00,33703.220
2021-08-27T13:49:00+00:00,33700.260
2021-08-27T14:04:00+00:00,33854.780
2021-08-27T14:04:00+00:00,33851.300
2021-08-30T00:24:00+00:00,33840.940
2021-08-30T01:04:00+00:00,34024.760
2021-08-30T01:09:00+00:00,34334.580
2021-08-30T05:54:00+00:00,34329.400
2021-08-30T06:24:00+00:00,34394.220
2021-08-30T06:24:00+00:00,34382.380
2021-08-30T06:44:00+00:00,34098.540
2021-08-30T13:59:00+00:00,34094.840
2021-08-30T20:09:00+00:00,34156.140
2021-08-31T14:04:00+00:00,34153.180
2021-08-31T14:54:00+00:00,34150.960
2021-08-31T14:59:00+00:00,34323.480
2021-08-31T17:04:00+00:00,34320.000
2021-08-31T17:04:00+00:00,34089.780
2021-09-01T06:24:00+00:00,34080.900
2021-09-01T07:39:00+00:00,34256.460
2021-09-01T08:09:00+00:00,34552.020
2021-09-01T08:24:00+00:00,34540.180
2021-09-01T09:34:00+00:00,34726.260
2021-09-01T11:44:00+00:00,34712.340
2021-09-01T11:59:00+00:00,34704.200
2021-09-01T12:19:00+00:00,34865.500
2021-09-01T12:19:00+00:00,34855.060
2021-09-01T13:59:00+00:00,34850.620
2021-09-01T20:09:00+00:00,34798.180
2021-09-02T00:34:00+00:00,34784.860
2021-09-02T01:09:00+00:00,34501.540
2021-09-02T02:59:00+00:00,34494.880
2021-09-02T08:19:00+00:00,34236.220
2021-09-02T11:39:00+00:00,34227.340
2021-09-02T12:24:00+00:00,33966.460
2021-09-02T12:29:00+00:00,33961.280
2021-09-02T14:04:00+00:00,34116.560
2021-09-02T14:04:00+00:00,34113.600
2021-09-02T14:09:00+00:00,34110.640
2021-09-02T14:44:00+00:00,34103.680
2021-09-02T14:44:00+00:00,33872.720
2021-09-02T20:09:00+00:00,33769.760
2021-09-03T12:29:00+00:00,33765.320
2021-09-03T12:34:00+00:00,33934.100
2021-09-03T12:34:00+00:00,33928.880
2021-09-03T14:24:00+00:00,33926.660
2021-09-03T20:09:00+00:00,33966.440
2021-09-06T01:24:00+00:00,33960.520
2021-09-06T05:59:00+00:00,33818.600
2021-09-06T05:59:00+00:00,33809.720
2021-09-06T06:09:00+00:00,33680.840
2021-09-06T06:09:00+00:00,33665.300
2021-09-06T06:44:00+00:00,33376.760
2021-09-06T11:34:00+00:00,33367.140
2021-09-06T13:04:00+00:00,33110.520
2021-09-06T14:04:00+00:00,33101.640
2021-09-07T00:09:00+00:00,32840.760
2021-09-07T13:49:00+00:00,32835.580
2021-09-07T14:04:00+00:00,32972.860
2021-09-07T14:04:00+00:00,33279.900
2021-09-08T06:19:00+00:00,33273.240
2021-09-08T06:24:00+00:00,33023.580
2021-09-08T12:09:00+00:00,33016.180
2021-09-08T12:34:00+00:00,32758.780
2021-09-08T13:49:00+00:00,32758.040
2021-09-08T20:09:00+00:00,32697.300
2021-09-09T00:09:00+00:00,32682.500
2021-09-09T01:19:00+00:00,32855.100
2021-09-09T02:04:00+00:00,32837.700
2021-09-09T03:19:00+00:00,32824.380
2021-09-09T05:04:00+00:00,32901.060
2021-09-09T05:04:00+00:00,32888.480
2021-09-09T05:34:00+00:00,32620.900
2021-09-09T13:49:00+00:00,32617.940
2021-09-09T14:39:00+00:00,32784.460
2021-09-09T15:29:00+00:00,32780.980
2021-09-10T07:09:00+00:00,32770.620
2021-09-10T09:44:00+00:00,32943.940
2021-09-10T09:59:00+00:00,33236.260
2021-09-10T14:04:00+00:00,33234.040
2021-09-10T17:49:00+00:00,33021.820
2021-09-13T03:04:00+00:00,33019.600
2021-09-13T09:54:00+00:00,33010.720
2021-09-13T10:44:00+00:00,32749.840
2021-09-13T13:49:00+00:00,32741.620
2021-09-13T13:49:00+00:00,32735.700
2021-09-13T13:59:00+00:00,32497.780
2021-09-14T06:09:00+00:00,32484.460
2021-09-14T06:49:00+00:00,32345.140
2021-09-14T06:49:00+00:00,32338.480
2021-09-14T07:39:00+00:00,32223.820
2021-09-14T07:39:00+00:00,32217.900
2021-09-14T09:24:00+00:00,32376.940
2021-09-14T09:39:00+00:00,32505.980
2021-09-14T09:39:00+00:00,32492.660
2021-09-14T10:04:00+00:00,32227.340
2021-09-14T10:59:00+00:00,32216.980
2021-09-14T11:54:00+00:00,31954.620
2021-09-14T12:39:00+00:00,31952.400
2021-09-14T13:39:00+00:00,31944.180
2021-09-14T13:39:00+00:00,31941.960
2021-09-14T14:14:00+00:00,31753.740
2021-09-14T14:39:00+00:00,31753.000
2021-09-14T17:39:00+00:00,31757.260
2021-09-14T17:39:00+00:00,31754.300
2021-09-14T20:09:00+00:00,31715.340
2021-09-15T06:49:00+00:00,31707.940
2021-09-15T06:59:00+00:00,31470.540
2021-09-15T12:39:00+00:00,31464.620
2021-09-15T12:54:00+00:00,31629.660
2021-09-15T13:09:00+00:00,31906.700
2021-09-15T14:04:00+00:00,31903.000
2021-09-15T20:09:00+00:00,32024.300
2021-09-16T13:49:00+00:00,32022.820
2021-09-16T15:09:00+00:00,31831.340
2021-09-16T22:04:00+00:00,31823.200
2021-09-17T01:04:00+00:00,31969.500
2021-09-17T03:09:00+00:00,32265.060
2021-09-17T12:39:00+00:00,32262.100
2021-09-17T13:14:00+00:00,32427.140
2021-09-17T13:14:00+00:00,32421.960
2021-09-17T13:29:00+00:00,32192.780
2021-09-17T14:19:00+00:00,32189.820
2021-09-17T14:29:00+00:00,32110.860
2021-09-17T14:29:00+00:00,32107.160
2021-09-17T20:09:00+00:00,32178.460
2021-09-20T02:54:00+00:00,32176.240
2021-09-20T08:59:00+00:00,32270.000
2021-09-20T10:24:00+00:00,32486.520
2021-09-20T10:24:00+00:00,32473.200
2021-09-20T10:59:00+00:00,32642.040
2021-09-20T11:04:00+00:00,32927.880
2021-09-20T12:39:00+00:00,32923.440
2021-09-20T14:09:00+00:00,32859.000
2021-09-20T14:09:00+00:00,32855.300
2021-09-20T14:24:00+00:00,32997.820
2021-09-20T20:09:00+00:00,33181.600
2021-09-20T23:54:00+00:00,33169.020
2021-09-21T00:24:00+00:00,33331.100
2021-09-21T01:34:00+00:00,33315.440
2021-09-21T02:24:00+00:00,33304.340
2021-09-21T03:59:00+00:00,33467.160
2021-09-21T06:39:00+00:00,33453.100
2021-09-21T06:54:00+00:00,33767.180
2021-09-21T07:19:00+00:00,33936.020
2021-09-21T07:24:00+00:00,34253.620
2021-09-21T07:34:00+00:00,34245.480
2021-09-21T08:54:00+00:00,34414.280
2021-09-21T09:34:00+00:00,34754.840
2021-09-21T14:24:00+00:00,34751.880
2021-09-21T17:44:00+00:00,34768.920
2021-09-21T17:44:00+00:00,34765.960
2021-09-21T20:09:00+00:00,34815.000
2021-09-22T01:09:00+00:00,34806.860
2021-09-22T02:59:00+00:00,34975.660
2021-09-22T06:04:00+00:00,35139.220
2021-09-22T06:04:00+00:00,35128.120
2021-09-22T06:29:00+00:00,34847.020
2021-09-22T13:54:00+00:00,34841.840
2021-09-22T14:04:00+00:00,34838.140
2021-09-22T14:44:00+00:00,34594.960
2021-09-22T15:24:00+00:00,34331.260
2021-09-22T18:44:00+00:00,34329.780
2021-09-22T20:09:00+00:00,34380.300
2021-09-23T02:54:00+00:00,34372.160
2021-09-23T07:14:00+00:00,34100.020
2021-09-23T13:49:00+00:00,34096.320
2021-09-23T20:09:00+00:00,34297.620
2021-09-24T11:19:00+00:00,34289.480
2021-09-24T11:59:00+00:00,34458.280
2021-09-24T12:24:00+00:00,34798.840
2021-09-24T14:04:00+00:00,34795.880
2021-09-24T20:09:00+00:00,34800.920
2021-09-27T06:14:00+00:00,34797.220
2021-09-27T07:19:00+00:00,34568.520
2021-09-27T07:39:00+00:00,34561.860
2021-09-27T08:19:00+00:00,34714.900
2021-09-27T08:39:00+00:00,35036.200
2021-09-27T12:39:00+00:00,35030.280
2021-09-27T12:54:00+00:00,34760.360
2021-09-27T13:49:00+00:00,34757.400
2021-09-27T14:49:00+00:00,34538.440
2021-09-27T15:09:00+00:00,34531.780
2021-09-27T15:29:00+00:00,34684.820
2021-09-27T20:09:00+00:00,34741.120
2021-09-28T01:29:00+00:00,34735.940
2021-09-28T06:19:00+00:00,34485.760
2021-09-28T12:34:00+00:00,34482.800
2021-09-28T13:34:00+00:00,34227.840
2021-09-28T13:49:00+00:00,34226.360
2021-09-28T20:09:00+00:00,34172.880
2021-09-29T00:14:00+00:00,34161.040
2021-09-29T00:29:00+00:00,33877.200
2021-09-29T08:24:00+00:00,33872.760
2021-09-29T12:34:00+00:00,33640.320
2021-09-29T14:04:00+00:00,33637.360
2021-09-29T14:24:00+00:00,33797.880
2021-09-29T16:59:00+00:00,34012.400
2021-09-30T01:09:00+00:00,33999.820
2021-09-30T01:19:00+00:00,33715.240
2021-09-30T10:54:00+00:00,33703.400
2021-09-30T11:04:00+00:00,33435.560
2021-09-30T12:19:00+00:00,33432.600
2021-09-30T12:34:00+00:00,33221.640
2021-09-30T14:04:00+00:00,33219.420
2021-09-30T14:29:00+00:00,33313.180
2021-09-30T14:49:00+00:00,33563.700
2021-10-01T02:59:00+00:00,33551.860
2021-10-01T03:44:00+00:00,33725.940
2021-10-01T04:29:00+00:00,34020.020
2021-10-01T05:14:00+00:00,34016.320
2021-10-01T06:59:00+00:00,33752.620
2021-10-01T12:29:00+00:00,33747.440
2021-10-01T12:49:00+00:00,33902.720
2021-10-01T14:04:00+00:00,33895.760
2021-10-01T14:29:00+00:00,33892.800
2021-10-01T20:09:00+00:00,33865.840
2021-10-04T12:59:00+00:00,33859.180
2021-10-04T13:14:00+00:00,34018.220
2021-10-04T14:04:00+00:00,34009.520
2021-10-04T14:04:00+00:00,34007.300
2021-10-04T14:39:00+00:00,34113.060
2021-10-04T14:49:00+00:00,34395.580
2021-10-05T07:24:00+00:00,34390.400
2021-10-05T08:49:00+00:00,34126.220
2021-10-05T11:09:00+00:00,34113.640
2021-10-05T11:19:00+00:00,33829.060
2021-10-05T13:54:00+00:00,33826.100
2021-10-05T15:29:00+00:00,33599.140
2021-10-06T00:59:00+00:00,33584.340
2021-10-06T01:19:00+00:00,33309.540
2021-10-06T02:14:00+00:00,33305.100
2021-10-06T02:29:00+00:00,33186.660
2021-10-06T02:29:00+00:00,33178.520
2021-10-06T02:44:00+00:00,32917.380
2021-10-06T07:29:00+00:00,32913.680
2021-10-06T08:04:00+00:00,32684.980
2021-10-06T14:29:00+00:00,32680.540
2021-10-06T15:04:00+00:00,32592.100
2021-10-06T15:04:00+00:00,32588.400
2021-10-06T15:49:00+00:00,32414.700
2021-10-06T15:49:00+00:00,32411.740
2021-10-06T20:09:00+00:00,32492.780
2021-10-06T23:24:00+00:00,32479.460
2021-10-07T01:04:00+00:00,32214.140
2021-10-07T13:59:00+00:00,32211.180
2021-10-07T20:09:00+00:00,32076.220
2021-10-08T13:49:00+00:00,32074.740
2021-10-08T14:34:00+00:00,32203.000
2021-10-08T20:09:00+00:00,32357.260
2021-10-11T06:04:00+00:00,32349.120
2021-10-11T06:14:00+00:00,32098.980
2021-10-11T13:09:00+00:00,32093.060
2021-10-11T13:34:00+00:00,32264.100
2021-10-11T14:14:00+00:00,32261.140
2021-10-11T17:39:00+00:00,32014.180
2021-10-11T19:59:00+00:00,32007.220
2021-10-12T01:14:00+00:00,32002.040
2021-10-12T05:09:00+00:00,32139.320
2021-10-12T10:54:00+00:00,32446.360
2021-10-12T12:29:00+00:00,32442.660
2021-10-12T13:09:00+00:00,32218.960
2021-10-12T13:49:00+00:00,32217.480
2021-10-12T20:09:00+00:00,32098.000
2021-10-13T13:59:00+00:00,32097.260
2021-10-13T15:19:00+00:00,32210.520
2021-10-13T15:19:00+00:00,32203.120
2021-10-13T15:44:00+00:00,31955.720
2021-10-14T01:19:00+00:00,31949.060
2021-10-14T02:54:00+00:00,32102.100
2021-10-14T04:49:00+00:00,32093.400
2021-10-14T06:59:00+00:00,32080.080
2021-10-14T07:09:00+00:00,31814.760
2021-10-14T07:44:00+00:00,31811.060
2021-10-14T10:24:00+00:00,31938.580
2021-10-14T12:19:00+00:00,31933.360
2021-10-14T12:29:00+00:00,31927.440
2021-10-14T13:44:00+00:00,31697.520
2021-10-14T14:09:00+00:00,31693.080
2021-10-14T14:24:00+00:00,31690.120
2021-10-14T14:34:00+00:00,31457.680
2021-10-14T20:09:00+00:00,31346.720
2021-10-15T00:09:00+00:00,31331.180
2021-10-15T00:24:00+00:00,31063.640
2021-10-15T00:59:00+00:00,31054.760
2021-10-15T01:34:00+00:00,31046.620
2021-10-15T01:54:00+00:00,30796.480
2021-10-15T05:19:00+00:00,30547.600
2021-10-15T13:49:00+00:00,30543.160
2021-10-15T15:49:00+00:00,30310.720
2021-10-18T04:54:00+00:00,30299.620
2021-10-18T06:04:00+00:00,30048.520
2021-10-18T12:24:00+00:00,30044.080
2021-10-18T13:29:00+00:00,29835.640
2021-10-18T14:04:00+00:00,29833.420
2021-10-18T14:09:00+00:00,29831.940
2021-10-18T20:09:00+00:00,29709.720
2021-10-18T20:09:00+00:00,29580.240
2021-10-19T10:24:00+00:00,29573.580
2021-10-19T11:09:00+00:00,29341.920
2021-10-19T12:29:00+00:00,29337.480
2021-10-19T12:44:00+00:00,29129.040
2021-10-19T14:19:00+00:00,29127.560
2021-10-19T20:09:00+00:00,29194.080
2021-10-20T12:09:00+00:00,29190.380
2021-10-20T13:29:00+00:00,28991.680
2021-10-20T14:29:00+00:00,28990.200
2021-10-20T20:09:00+00:00,29036.720
2021-10-20T23:34:00+00:00,29029.320
2021-10-21T01:09:00+00:00,29061.920
2021-10-21T01:09:00+00:00,29055.260
2021-10-21T01:49:00+00:00,28823.600
2021-10-21T02:59:00+00:00,28817.680
2021-10-21T05:19:00+00:00,28964.720
2021-10-21T06:39:00+00:00,28960.280
2021-10-21T07:04:00+00:00,29207.320
2021-10-21T11:29:00+00:00,29358.100
2021-10-21T12:04:00+00:00,29610.880
2021-10-21T13:59:00+00:00,29608.660
2021-10-21T18:24:00+00:00,29585.440
2021-10-21T18:24:00+00:00,29575.080
2021-10-21T19:19:00+00:00,29727.400
2021-10-21T19:19:00+00:00,29984.720
2021-10-22T11:39:00+00:00,29976.580
2021-10-22T12:09:00+00:00,29748.440
2021-10-22T12:14:00+00:00,29741.780
2021-10-22T12:24:00+00:00,29882.820
2021-10-22T12:29:00+00:00,30179.120
2021-10-22T13:59:00+00:00,30175.420
2021-10-22T15:04:00+00:00,30287.940
2021-10-22T15:14:00+00:00,30282.720
2021-10-22T15:19:00+00:00,30279.760
2021-10-22T15:34:00+00:00,30440.280
2021-10-22T15:39:00+00:00,30708.800
2021-10-25T13:54:00+00:00,30706.580
2021-10-25T20:09:00+00:00,30608.360
2021-10-26T02:04:00+00:00,30603.180
2021-10-26T04:04:00+00:00,30388.000
2021-10-26T05:44:00+00:00,30377.640
2021-10-26T06:04:00+00:00,30129.280
2021-10-26T06:19:00+00:00,30121.140
2021-10-26T07:09:00+00:00,30267.440
2021-10-26T07:59:00+00:00,30563.000
2021-10-26T14:04:00+00:00,30561.520
2021-10-26T18:09:00+00:00,30468.040
2021-10-26T18:09:00+00:00,30465.080
2021-10-26T20:09:00+00:00,30518.120
2021-10-27T00:24:00+00:00,30495.920
2021-10-27T00:49:00+00:00,30619.820
2021-10-27T00:49:00+00:00,30833.720
2021-10-27T05:34:00+00:00,30821.140
2021-10-27T05:44:00+00:00,30570.560
2021-10-27T07:54:00+00:00,30562.420
2021-10-27T08:34:00+00:00,30323.280
2021-10-27T12:09:00+00:00,30314.400
2021-10-27T12:14:00+00:00,30077.520
2021-10-27T14:09:00+00:00,30076.040
2021-10-27T14:49:00+00:00,30038.560
2021-10-27T14:49:00+00:00,30037.080
2021-10-27T17:09:00+00:00,30035.600
2021-10-27T20:09:00+00:00,30154.120
2021-10-27T20:09:00+00:00,30168.640
2021-10-28T00:29:00+00:00,30156.060
2021-10-28T01:44:00+00:00,30306.140
2021-10-28T01:49:00+00:00,30591.980
2021-10-28T11:59:00+00:00,30584.580
2021-10-28T12:19:00+00:00,30347.180
2021-10-28T12:24:00+00:00,30345.700
2021-10-28T12:54:00+00:00,30228.220
2021-10-28T12:54:00+00:00,30226.740
2021-10-28T13:19:00+00:00,30141.260
2021-10-28T13:19:00+00:00,30139.780
2021-10-28T14:29:00+00:00,30062.300
2021-10-28T14:29:00+00:00,30061.560
2021-10-28T20:09:00+00:00,30068.820
2021-10-29T05:24:00+00:00,30056.980
2021-10-29T05:39:00+00:00,30219.060
2021-10-29T05:39:00+00:00,30205.140
2021-10-29T07:19:00+00:00,30201.440
2021-10-29T08:29:00+00:00,29987.740
2021-10-29T13:49:00+00:00,29986.260
2021-10-29T14:09:00+00:00,29830.780
2021-11-01T06:19:00+00:00,29825.600
2021-11-01T07:59:00+00:00,29822.640
2021-11-01T08:34:00+00:00,29887.460
2021-11-01T08:34:00+00:00,29812.500
2021-11-01T08:39:00+00:00,29805.840
2021-11-01T09:39:00+00:00,29940.880
2021-11-01T11:24:00+00:00,29932.180
2021-11-01T13:39:00+00:00,29924.040
2021-11-01T13:49:00+00:00,29695.900
2021-11-01T13:54:00+00:00,29693.680
2021-11-01T16:34:00+00:00,29687.020
2021-11-01T20:09:00+00:00,29735.800
2021-11-01T20:09:00+00:00,29846.140
2021-11-02T12:29:00+00:00,29843.180
2021-11-02T13:49:00+00:00,29780.220
2021-11-02T13:49:00+00:00,29775.780
2021-11-02T14:09:00+00:00,29549.340
2021-11-02T14:09:00+00:00,29547.120
2021-11-02T20:09:00+00:00,29544.900
2021-11-03T00:54:00+00:00,29541.200
2021-11-03T02:04:00+00:00,29317.500
2021-11-03T09:44:00+00:00,29312.320
2021-11-03T12:39:00+00:00,29090.140
2021-11-03T13:54:00+00:00,29087.180
2021-11-03T14:49:00+00:00,29223.700
2021-11-03T18:04:00+00:00,29220.220
2021-11-04T02:54:00+00:00,29211.340
2021-11-04T05:54:00+00:00,29203.940
2021-11-04T06:04:00+00:00,29352.500
2021-11-04T06:09:00+00:00,29603.060
2021-11-04T06:09:00+00:00,29756.860
2021-11-04T07:19:00+00:00,29748.160
2021-11-04T13:59:00+00:00,29745.200
2021-11-04T15:34:00+00:00,29558.240
2021-11-05T00:39:00+00:00,29544.920
2021-11-05T01:04:00+00:00,29297.600
2021-11-05T01:04:00+00:00,29282.800
2021-11-05T01:09:00+00:00,29440.400
2021-11-05T01:09:00+00:00,29423.000
2021-11-05T03:04:00+00:00,29419.300
2021-11-05T08:29:00+00:00,29546.820
2021-11-05T09:39:00+00:00,29536.460
2021-11-05T10:09:00+00:00,29302.100
2021-11-05T10:19:00+00:00,29296.880
2021-11-05T11:39:00+00:00,29290.960
2021-11-05T12:29:00+00:00,29069.040
2021-11-05T15:09:00+00:00,29066.820
2021-11-05T15:44:00+00:00,29154.580
2021-11-05T16:29:00+00:00,29389.100
2021-11-07T23:09:00+00:00,29380.220
2021-11-08T00:14:00+00:00,29528.780
2021-11-08T00:59:00+00:00,29779.340
2021-11-08T18:19:00+00:00,29776.380
2021-11-08T21:09:00+00:00,29733.420
2021-11-09T01:39:00+00:00,29726.020
2021-11-09T02:04:00+00:00,29498.620
2021-11-09T06:29:00+00:00,29491.220
2021-11-09T07:14:00+00:00,29473.820
2021-11-09T07:14:00+00:00,29464.200
2021-11-09T07:24:00+00:00,29220.580
2021-11-09T08:19:00+00:00,29216.140
2021-11-09T11:44:00+00:00,29371.420
2021-11-09T11:59:00+00:00,29366.200
2021-11-09T12:04:00+00:00,29363.240
2021-11-09T13:24:00+00:00,29359.540
2021-11-09T13:34:00+00:00,29168.580
2021-11-09T13:49:00+00:00,28949.880
2021-11-09T14:59:00+00:00,28946.920
2021-11-09T17:54:00+00:00,28763.960
2021-11-10T03:09:00+00:00,28752.120
2021-11-10T03:34:00+00:00,28516.280
2021-11-10T07:14:00+00:00,28509.620
2021-11-10T13:24:00+00:00,28286.960
2021-11-10T13:39:00+00:00,28285.480
2021-11-10T14:19:00+00:00,28404.740
2021-11-10T14:39:00+00:00,28604.000
2021-11-10T15:44:00+00:00,28603.260
2021-11-10T21:09:00+00:00,28640.520
2021-11-11T00:24:00+00:00,28635.340
2021-11-11T01:04:00+00:00,28413.160
2021-11-11T14:59:00+00:00,28410.200
2021-11-11T21:09:00+00:00,28291.240
2021-11-12T08:39:00+00:00,28287.540
2021-11-12T09:04:00+00:00,28098.840
2021-11-12T15:04:00+00:00,28096.620
2021-11-12T21:09:00+00:00,28202.400
2021-11-15T02:04:00+00:00,28196.480
2021-11-15T03:49:00+00:00,27982.560
2021-11-15T13:04:00+00:00,27976.640
2021-11-15T13:19:00+00:00,28129.680
2021-11-15T13:24:00+00:00,28122.720
2021-11-15T15:34:00+00:00,28119.760
2021-11-15T16:29:00+00:00,27932.800
2021-11-16T13:29:00+00:00,27929.100
2021-11-16T13:59:00+00:00,28035.620
2021-11-16T14:09:00+00:00,28303.400
2021-11-16T14:54:00+00:00,28301.180
2021-11-16T15:14:00+00:00,28250.960
2021-11-16T15:14:00+00:00,28248.740
2021-11-16T16:24:00+00:00,28072.520
2021-11-16T18:14:00+00:00,28067.340
2021-11-16T18:34:00+00:00,27859.160
2021-11-17T13:29:00+00:00,27856.200
2021-11-17T15:09:00+00:00,27852.500
2021-11-17T15:44:00+00:00,27648.800
2021-11-17T18:14:00+00:00,27646.580
2021-11-17T21:09:00+00:00,27771.620
2021-11-17T21:09:00+00:00,27739.400
2021-11-18T13:44:00+00:00,27737.920
2021-11-18T15:09:00+00:00,27634.440
2021-11-18T15:09:00+00:00,27632.220
2021-11-18T21:09:00+00:00,27633.000
2021-11-19T00:14:00+00:00,27627.820
2021-11-19T02:34:00+00:00,27426.640
2021-11-19T13:29:00+00:00,27423.680
2021-11-19T13:49:00+00:00,27236.720
2021-11-19T14:09:00+00:00,27231.540
2021-11-19T14:14:00+00:00,27016.360
2021-11-19T14:19:00+00:00,27014.140
2021-11-19T14:44:00+00:00,26825.920
2021-11-19T14:59:00+00:00,26822.960
2021-11-19T15:49:00+00:00,26632.000
2021-11-22T07:19:00+00:00,26627.560
2021-11-22T10:34:00+00:00,26431.120
2021-11-22T13:49:00+00:00,26428.900
2021-11-22T14:04:00+00:00,26261.680
2021-11-22T14:49:00+00:00,26260.940
2021-11-22T17:24:00+00:00,26143.200
2021-11-23T07:14:00+00:00,26139.500
2021-11-23T08:29:00+00:00,25960.800
2021-11-23T15:04:00+00:00,25958.580
2021-11-23T18:34:00+00:00,25953.400
2021-11-23T18:39:00+00:00,25759.220
2021-11-23T18:44:00+00:00,25814.000
2021-11-23T18:44:00+00:00,25811.040
2021-11-23T21:09:00+00:00,25956.080
2021-11-24T06:44:00+00:00,25949.420
2021-11-24T07:39:00+00:00,25753.760
2021-11-24T15:09:00+00:00,25750.800
2021-11-24T15:54:00+00:00,25579.840
2021-11-25T07:04:00+00:00,25571.700
2021-11-25T07:34:00+00:00,25562.080
2021-11-25T08:19:00+00:00,25355.940
2021-11-25T08:19:00+00:00,25151.320
2021-11-25T14:49:00+00:00,25140.960
2021-11-25T15:04:00+00:00,25272.280
2021-11-25T15:04:00+00:00,25260.100
2021-11-26T13:19:00+00:00,25256.400
2021-11-26T13:24:00+00:00,25082.700
2021-11-26T14:54:00+00:00,25081.220
2021-11-26T16:44:00+00:00,25203.480
2021-11-26T16:44:00+00:00,25366.740
2021-11-29T14:38:00+00:00,25360.820
2021-11-29T14:49:00+00:00,25170.900
2021-11-29T16:24:00+00:00,25168.680
2021-11-29T20:08:00+00:00,25151.460
2021-11-29T20:08:00+00:00,25147.760
2021-11-29T21:09:00+00:00,25029.060
2021-11-30T14:49:00+00:00,25027.580
2021-11-30T15:39:00+00:00,24866.100
2021-12-01T11:49:00+00:00,24864.620
2021-12-01T12:19:00+00:00,24862.400
2021-12-01T14:54:00+00:00,24860.180
2021-12-01T16:49:00+00:00,24707.960
2021-12-01T18:44:00+00:00,24540.740
2021-12-01T20:09:00+00:00,24373.260
2021-12-02T00:09:00+00:00,24368.080
2021-12-02T04:19:00+00:00,24473.860
2021-12-02T07:44:00+00:00,24710.900
2021-12-02T13:19:00+00:00,24707.200
2021-12-02T13:34:00+00:00,24816.720
2021-12-02T14:24:00+00:00,24811.500
2021-12-02T14:54:00+00:00,24810.760
2021-12-02T15:49:00+00:00,24810.020
2021-12-02T19:49:00+00:00,24800.400
2021-12-02T20:04:00+00:00,24595.780
2021-12-02T21:09:00+00:00,24555.040
2021-12-02T21:09:00+00:00,24535.300
2021-12-03T00:19:00+00:00,24528.640
2021-12-03T01:09:00+00:00,24440.980
2021-12-03T01:09:00+00:00,24435.060
2021-12-03T01:39:00+00:00,24445.140
2021-12-03T01:39:00+00:00,24438.480
2021-12-03T02:24:00+00:00,24549.520
2021-12-03T03:29:00+00:00,24783.320
2021-12-03T13:14:00+00:00,24780.360
2021-12-03T13:34:00+00:00,24593.400
2021-12-03T16:09:00+00:00,24591.920
2021-12-03T21:09:00+00:00,24710.440
2021-12-06T09:09:00+00:00,24708.960
2021-12-06T12:54:00+00:00,24707.480
2021-12-06T12:54:00+00:00,24700.080
2021-12-06T13:19:00+00:00,24502.680
2021-12-06T15:14:00+00:00,24500.460
2021-12-06T21:09:00+00:00,24435.240
2021-12-07T15:29:00+00:00,24431.540
2021-12-07T16:49:00+00:00,24535.060
2021-12-07T17:59:00+00:00,24529.840
2021-12-08T15:04:00+00:00,24527.620
2021-12-08T21:09:00+00:00,24525.400
2021-12-09T07:14:00+00:00,24518.740
2021-12-09T08:44:00+00:00,24323.080
2021-12-09T14:49:00+00:00,24321.600
2021-12-09T21:09:00+00:00,24320.120
2021-12-10T16:24:00+00:00,24318.640
2021-12-10T21:09:00+00:00,24239.160
2021-12-13T13:09:00+00:00,24236.200
2021-12-13T14:24:00+00:00,24261.240
2021-12-13T14:24:00+00:00,24259.020
2021-12-13T14:54:00+00:00,24254.580
2021-12-13T21:09:00+00:00,24279.360
2021-12-13T21:09:00+00:00,24250.920
2021-12-14T01:14:00+00:00,24242.040
2021-12-14T01:24:00+00:00,24041.160
2021-12-14T03:04:00+00:00,24032.280
2021-12-14T04:04:00+00:00,23831.400
2021-12-14T08:49:00+00:00,23827.700
2021-12-14T09:14:00+00:00,23819.000
2021-12-14T09:14:00+00:00,23816.780
2021-12-14T10:54:00+00:00,23769.560
2021-12-14T10:54:00+00:00,23765.860
2021-12-14T13:24:00+00:00,23607.160
2021-12-14T14:49:00+00:00,23604.940
2021-12-14T21:09:00+00:00,23575.720
2021-12-15T12:39:00+00:00,23568.320
2021-12-15T12:59:00+00:00,23380.920
2021-12-15T14:59:00+00:00,23378.700
2021-12-15T15:09:00+00:00,23377.220
2021-12-15T15:44:00+00:00,23210.000
2021-12-15T18:29:00+00:00,23086.520
2021-12-15T23:54:00+00:00,23081.340
2021-12-16T01:04:00+00:00,23182.620
2021-12-16T01:24:00+00:00,23175.660
2021-12-16T01:29:00+00:00,23171.960
2021-12-16T05:39:00+00:00,23163.080
2021-12-16T06:19:00+00:00,23284.640
2021-12-16T07:04:00+00:00,23379.160
2021-12-16T07:04:00+00:00,23584.720
2021-12-16T11:39:00+00:00,23729.500
2021-12-16T11:39:00+00:00,23723.580
2021-12-16T12:19:00+00:00,23840.620
2021-12-16T13:09:00+00:00,23833.660
2021-12-16T13:29:00+00:00,23829.960
2021-12-16T14:44:00+00:00,23651.260
2021-12-16T14:59:00+00:00,23649.780
2021-12-16T21:09:00+00:00,23748.300
2021-12-17T11:24:00+00:00,23742.380
2021-12-17T12:39:00+00:00,23859.420
2021-12-17T13:34:00+00:00,24056.460
2021-12-17T15:19:00+00:00,24054.240
2021-12-17T15:59:00+00:00,23893.020
2021-12-20T06:19:00+00:00,23883.400
2021-12-20T07:29:00+00:00,23995.960
2021-12-20T07:34:00+00:00,24218.280
2021-12-20T08:44:00+00:00,24210.880
2021-12-20T09:09:00+00:00,24334.680
2021-12-20T09:54:00+00:00,24325.980
2021-12-20T14:59:00+00:00,24324.500
2021-12-20T21:09:00+00:00,24363.020
2021-12-21T06:14:00+00:00,24357.840
2021-12-21T07:54:00+00:00,24163.660
2021-12-21T14:04:00+00:00,24158.480
2021-12-21T14:19:00+00:00,23978.300
2021-12-21T14:59:00+00:00,23975.340
2021-12-21T15:44:00+00:00,24093.860
2021-12-21T21:09:00+00:00,24158.380
2021-12-22T13:49:00+00:00,24155.420
2021-12-22T14:54:00+00:00,23984.460
2021-12-22T14:54:00+00:00,23982.240
2021-12-22T15:09:00+00:00,23878.020
2021-12-22T15:09:00+00:00,23872.840
2021-12-22T16:04:00+00:00,23974.120
2021-12-22T16:04:00+00:00,24201.160
2021-12-23T03:59:00+00:00,24197.460
2021-12-23T13:34:00+00:00,24018.760
2021-12-23T13:49:00+00:00,24014.320
2021-12-23T14:34:00+00:00,24129.100
2021-12-23T14:39:00+00:00,24321.880
2021-12-23T15:09:00+00:00,24320.400
2021-12-23T21:09:00+00:00,24370.920
2021-12-27T01:09:00+00:00,24365.740
2021-12-27T08:24:00+00:00,24192.560
2021-12-27T10:29:00+00:00,24189.600
2021-12-27T13:39:00+00:00,24086.640
2021-12-27T13:39:00+00:00,24082.940
2021-12-27T15:04:00+00:00,24079.240
2021-12-27T15:24:00+00:00,24176.760
2021-12-27T17:59:00+00:00,24171.540
2021-12-27T17:59:00+00:00,23992.840
2021-12-27T19:34:00+00:00,23986.180
2021-12-27T20:44:00+00:00,24091.220
2021-12-27T21:09:00+00:00,24242.520
2021-12-28T11:29:00+00:00,24236.600
2021-12-28T13:29:00+00:00,24054.680
2021-12-28T16:04:00+00:00,24052.460
2021-12-28T16:29:00+00:00,23999.240
2021-12-28T16:29:00+00:00,23993.320
2021-12-28T16:39:00+00:00,23811.400
2021-12-29T04:19:00+00:00,23805.480
2021-12-29T07:04:00+00:00,23623.560
2021-12-29T14:49:00+00:00,23621.340
2021-12-29T16:04:00+00:00,23700.100
2021-12-29T21:09:00+00:00,23886.620
2021-12-30T00:34:00+00:00,23878.480
2021-12-30T00:54:00+00:00,23694.340
2021-12-30T00:54:00+00:00,23687.680
2021-12-30T00:59:00+00:00,23510.020
2021-12-30T03:09:00+00:00,23501.140
2021-12-30T04:04:00+00:00,23312.260
2021-12-30T16:14:00+00:00,23310.780
2021-12-30T18:34:00+00:00,23381.300
2021-12-30T18:34:00+00:00,23374.640
2021-12-30T19:54:00+00:00,23196.980
2021-12-31T01:04:00+00:00,23191.800
2021-12-31T01:34:00+00:00,23158.620
2021-12-31T01:34:00+00:00,23152.700
2021-12-31T02:39:00+00:00,23130.780
2021-12-31T02:39:00+00:00,23124.120
2021-12-31T05:44:00+00:00,23229.160
2021-12-31T08:14:00+00:00,23220.460
2021-12-31T08:29:00+00:00,23213.800
2021-12-31T12:59:00+00:00,23279.140
2021-12-31T12:59:00+00:00,23269.520
2021-12-31T13:04:00+00:00,23077.900
2021-12-31T13:09:00+00:00,23069.020
2021-12-31T13:14:00+00:00,23190.580
2021-12-31T13:14:00+00:00,23180.140
2021-12-31T14:49:00+00:00,23178.660
2021-12-31T14:59:00+00:00,23105.180
2021-12-31T14:59:00+00:00,23102.220
2021-12-31T17:14:00+00:00,22947.260
2023-01-03T15:14:00+00:00,22946.520
2023-01-03T15:54:00+00:00,23021.780
2023-01-03T15:54:00+00:00,23019.560
2023-01-03T18:29:00+00:00,23101.320
2023-01-03T21:09:00+00:00,23229.840
2023-01-04T05:54:00+00:00,23221.700
2023-01-04T06:19:00+00:00,23330.500
2023-01-04T06:44:00+00:00,23320.060
2023-01-04T15:04:00+00:00,23317.840
2023-01-04T16:14:00+00:00,23144.620
2023-01-05T00:24:00+00:00,23137.960
2023-01-05T01:49:00+00:00,23249.000
2023-01-05T02:09:00+00:00,23240.300
2023-01-05T02:09:00+00:00,23233.640
2023-01-05T02:59:00+00:00,23046.980
2023-01-05T05:49:00+00:00,23043.280
2023-01-05T07:59:00+00:00,22869.580
2023-01-05T13:09:00+00:00,22863.660
2023-01-05T13:19:00+00:00,22689.740
2023-01-05T15:04:00+00:00,22687.520
2023-01-05T15:34:00+00:00,22761.780
2023-01-05T17:24:00+00:00,22758.300
2023-01-06T00:34:00+00:00,22753.860
2023-01-06T02:04:00+00:00,22873.140
2023-01-06T02:24:00+00:00,23073.420
2023-01-06T04:19:00+00:00,23071.200
2023-01-06T06:09:00+00:00,23065.280
2023-01-06T07:34:00+00:00,22883.360
2023-01-06T09:19:00+00:00,22728.140
2023-01-06T15:04:00+00:00,22727.400
2023-01-06T15:09:00+00:00,22726.660
2023-01-06T21:09:00+00:00,22871.920
2023-01-06T21:09:00+00:00,22945.180
2023-01-09T00:14:00+00:00,22940.000
2023-01-09T01:29:00+00:00,22773.820
2023-01-09T07:14:00+00:00,22771.600
2023-01-09T07:34:00+00:00,22709.380
2023-01-09T07:34:00+00:00,22701.980
2023-01-09T07:44:00+00:00,22818.280
2023-01-09T09:04:00+00:00,23014.580
2023-01-09T14:49:00+00:00,23012.360
2023-01-09T15:39:00+00:00,22854.140
2023-01-09T17:04:00+00:00,22851.920
2023-01-09T20:09:00+00:00,22846.000
2023-01-09T20:39:00+00:00,22963.040
2023-01-09T21:09:00+00:00,23107.820
2023-01-09T21:09:00+00:00,23160.860
2023-01-10T00:39:00+00:00,23154.200
2023-01-10T00:54:00+00:00,23147.540
2023-01-10T01:24:00+00:00,23252.580
2023-01-10T01:29:00+00:00,23473.880
2023-01-10T01:29:00+00:00,23578.920
2023-01-10T01:49:00+00:00,23800.220
2023-01-10T16:39:00+00:00,23798.740
2023-01-10T21:09:00+00:00,23717.260
2023-01-11T01:14:00+00:00,23711.340
2023-01-11T01:34:00+00:00,23840.380
2023-01-11T02:39:00+00:00,23833.420
2023-01-11T14:44:00+00:00,23831.940
2023-01-11T14:49:00+00:00,23830.460
2023-01-11T21:09:00+00:00,23774.980
2023-01-11T21:09:00+00:00,23675.500
2023-01-12T14:54:00+00:00,23674.760
2023-01-12T17:19:00+00:00,23532.020
2023-01-13T00:39:00+00:00,23527.580
2023-01-13T02:14:00+00:00,23524.620
2023-01-13T05:24:00+00:00,23643.900
2023-01-13T07:49:00+00:00,23638.680
2023-01-13T08:09:00+00:00,23455.720
2023-01-13T14:49:00+00:00,23454.240
2023-01-13T18:44:00+00:00,23576.500
2023-01-13T21:09:00+00:00,23678.760
2023-01-15T23:09:00+00:00,23675.060
2023-01-16T01:59:00+00:00,23511.360
2023-01-16T06:04:00+00:00,23506.180
2023-01-16T06:29:00+00:00,23326.000
2023-01-16T14:49:00+00:00,23319.340
2023-01-16T17:09:00+00:00,23132.680
2023-01-17T01:19:00+00:00,23128.240
2023-01-17T02:24:00+00:00,23126.020
2023-01-17T02:34:00+00:00,23245.300
2023-01-17T04:19:00+00:00,23445.580
2023-01-17T05:34:00+00:00,23437.440
2023-01-17T06:04:00+00:00,23253.300
2023-01-17T07:09:00+00:00,23413.080
2023-01-17T07:09:00+00:00,23406.420
2023-01-17T08:09:00+00:00,23517.460
2023-01-17T09:24:00+00:00,23508.760
2023-01-17T15:19:00+00:00,23506.540
2023-01-17T21:09:00+00:00,23546.320
2023-01-18T01:09:00+00:00,23536.700
2023-01-18T01:14:00+00:00,23345.080
2023-01-18T02:34:00+00:00,23338.420
2023-01-18T02:44:00+00:00,23443.460
2023-01-18T02:44:00+00:00,23664.760
2023-01-18T10:09:00+00:00,23660.320
2023-01-18T11:19:00+00:00,23481.880
2023-01-18T15:04:00+00:00,23480.400
2023-01-18T17:04:00+00:00,23605.660
2023-01-18T21:09:00+00:00,23745.920
2023-01-19T12:24:00+00:00,23741.480
2023-01-19T12:39:00+00:00,23557.040
2023-01-19T13:29:00+00:00,23554.080
2023-01-19T13:34:00+00:00,23403.120
2023-01-19T15:04:00+00:00,23400.160
2023-01-19T18:44:00+00:00,23518.680
2023-01-19T19:29:00+00:00,23677.200
2023-01-20T08:29:00+00:00,23674.240
2023-01-20T09:14:00+00:00,23804.760
2023-01-20T14:34:00+00:00,24023.280
2023-01-20T15:09:00+00:00,24021.060
2023-01-20T15:49:00+00:00,24000.840
2023-01-20T15:49:00+00:00,23998.620
2023-01-20T19:34:00+00:00,23840.400
2023-01-23T12:49:00+00:00,23838.180
2023-01-23T13:39:00+00:00,23694.960
2023-01-23T13:39:00+00:00,23691.260
2023-01-23T14:04:00+00:00,23517.560
2023-01-23T14:54:00+00:00,23516.080
2023-01-23T15:04:00+00:00,23394.600
2023-01-24T12:39:00+00:00,23385.720
2023-01-24T13:24:00+00:00,23507.280
2023-01-24T13:29:00+00:00,23496.840
2023-01-24T14:49:00+00:00,23492.400
2023-01-24T14:59:00+00:00,23611.680
2023-01-24T14:59:00+00:00,23771.460
2023-01-24T15:19:00+00:00,23769.980
2023-01-24T21:09:00+00:00,23976.500
2023-01-25T14:09:00+00:00,23974.280
2023-01-25T14:49:00+00:00,24045.540
2023-01-25T14:49:00+00:00,24043.320
2023-01-25T15:09:00+00:00,24281.840
2023-01-25T15:29:00+00:00,24243.620
2023-01-25T15:29:00+00:00,24242.140
2023-01-25T17:34:00+00:00,24078.660
2023-01-25T18:04:00+00:00,24073.480
2023-01-25T18:24:00+00:00,23893.300
2023-01-26T03:04:00+00:00,23888.860
2023-01-26T07:09:00+00:00,23710.420
2023-01-26T11:49:00+00:00,23702.280
2023-01-26T13:34:00+00:00,23507.140
2023-01-26T14:49:00+00:00,23505.660
2023-01-26T16:24:00+00:00,23599.420
2023-01-26T16:24:00+00:00,23724.680
2023-01-27T01:09:00+00:00,23720.980
2023-01-27T02:24:00+00:00,23809.500
2023-01-27T02:54:00+00:00,24032.280
2023-01-27T03:09:00+00:00,24023.400
2023-01-27T03:29:00+00:00,23834.520
2023-01-27T15:49:00+00:00,23833.040
2023-01-27T16:14:00+00:00,23679.560
2023-01-30T01:14:00+00:00,23676.600
2023-01-30T01:34:00+00:00,23677.640
2023-01-30T01:34:00+00:00,23673.200
2023-01-30T04:14:00+00:00,23787.980
2023-01-30T04:33:00+00:00,23980.760
2023-01-30T14:54:00+00:00,23977.800
2023-01-30T15:29:00+00:00,23794.840
2023-01-30T17:44:00+00:00,23787.440
2023-01-30T17:59:00+00:00,23600.040
2023-01-31T08:19:00+00:00,23599.300
2023-01-31T14:00:00+00:00,23469.560
2023-01-31T14:52:00+00:00,23467.340
2023-01-31T21:21:00+00:00,23522.120
2023-02-01T05:39:00+00:00,23516.940
2023-02-01T07:09:00+00:00,23511.760
2023-02-01T07:34:00+00:00,23338.580
2023-02-01T07:34:00+00:00,23158.400
2023-02-01T14:49:00+00:00,23156.180
2023-02-01T19:39:00+00:00,22994.960
2023-02-02T00:09:00+00:00,22992.740
2023-02-02T13:34:00+00:00,22825.520
2023-02-02T14:49:00+00:00,22824.780
2023-02-02T21:09:00+00:00,23043.040
2023-02-03T11:29:00+00:00,23037.120
2023-02-03T12:04:00+00:00,23154.160
2023-02-03T12:19:00+00:00,23351.200
2023-02-03T15:04:00+00:00,23350.460
2023-02-03T21:09:00+00:00,23441.720
2023-02-05T23:24:00+00:00,23440.240
2023-02-06T01:09:00+00:00,23380.760
2023-02-06T01:09:00+00:00,23377.060
2023-02-06T01:24:00+00:00,23198.360
2023-02-06T15:19:00+00:00,23196.880
2023-02-06T21:09:00+00:00,23209.400
2023-02-07T04:59:00+00:00,23187.940
2023-02-07T05:04:00+00:00,23303.580
2023-02-07T05:04:00+00:00,23277.480
2023-02-07T06:54:00+00:00,23270.820
2023-02-07T08:04:00+00:00,23084.160
2023-02-07T08:14:00+00:00,23080.460
2023-02-07T08:29:00+00:00,22916.760
2023-02-07T09:14:00+00:00,22913.060
2023-02-07T10:59:00+00:00,22739.360
2023-02-07T15:14:00+00:00,22734.180
2023-02-07T15:34:00+00:00,22554.000
2023-02-07T15:34:00+00:00,22551.780
2023-02-07T15:59:00+00:00,22615.540
2023-02-07T16:04:00+00:00,22786.060
2023-02-07T18:19:00+00:00,22785.320
2023-02-07T21:09:00+00:00,22830.580
2023-02-08T07:29:00+00:00,22826.880
2023-02-08T07:59:00+00:00,22924.400
2023-02-08T08:14:00+00:00,22967.180
2023-02-08T08:14:00+00:00,22964.220
2023-02-08T08:24:00+00:00,22797.260
2023-02-08T14:49:00+00:00,22796.520
2023-02-08T15:44:00+00:00,22781.780
2023-02-08T15:44:00+00:00,22778.080
2023-02-08T16:14:00+00:00,22866.600
2023-02-08T16:19:00+00:00,23089.380
2023-02-09T06:14:00+00:00,23084.200
2023-02-09T07:09:00+00:00,22904.020
2023-02-09T13:29:00+00:00,22901.800
2023-02-09T13:49:00+00:00,22761.580
2023-02-09T14:59:00+00:00,22760.100
2023-02-09T16:04:00+00:00,22883.860
2023-02-09T17:49:00+00:00,23049.120
2023-02-10T01:54:00+00:00,23043.940
2023-02-10T03:04:00+00:00,22863.760
2023-02-10T12:14:00+00:00,22858.580
2023-02-10T13:49:00+00:00,22678.400
2023-02-10T14:54:00+00:00,22675.440
2023-02-10T14:59:00+00:00,22612.480
2023-02-10T14:59:00+00:00,22611.000
2023-02-10T21:09:00+00:00,22555.520
2023-02-12T23:09:00+00:00,22548.860
2023-02-13T00:14:00+00:00,22647.900
2023-02-13T01:24:00+00:00,22856.700
2023-02-13T05:14:00+00:00,22848.560
2023-02-13T06:04:00+00:00,22957.360
2023-02-13T06:29:00+00:00,23177.920
2023-02-13T12:44:00+00:00,23172.740
2023-02-13T13:34:00+00:00,23278.520
2023-02-13T14:34:00+00:00,23515.560
2023-02-13T16:09:00+00:00,23514.080
2023-02-13T21:09:00+00:00,23488.600
2023-02-14T14:54:00+00:00,23487.860
2023-02-14T21:09:00+00:00,23516.120
2023-02-15T00:24:00+00:00,23505.760
2023-02-15T01:09:00+00:00,23626.580
2023-02-15T01:19:00+00:00,23705.400
2023-02-15T01:19:00+00:00,23698.000
2023-02-15T01:39:00+00:00,23510.600
2023-02-15T13:49:00+00:00,23507.640
2023-02-15T14:04:00+00:00,23412.680
2023-02-15T14:04:00+00:00,23408.980
2023-02-15T14:39:00+00:00,23250.280
2023-02-15T14:39:00+00:00,23247.320
2023-02-15T15:04:00+00:00,23080.360
2023-02-15T15:39:00+00:00,23078.140
2023-02-15T17:14:00+00:00,23074.440
2023-02-15T20:59:00+00:00,22898.220
2023-02-15T20:59:00+00:00,22719.520
2023-02-16T14:54:00+00:00,22717.300
2023-02-16T15:24:00+00:00,22562.080
2023-02-16T18:19:00+00:00,22557.640
2023-02-16T18:39:00+00:00,22397.200
2023-02-17T01:39:00+00:00,22394.240
2023-02-17T02:04:00+00:00,22506.760
2023-02-17T06:34:00+00:00,22695.280
2023-02-17T07:59:00+00:00,22691.580
2023-02-17T08:39:00+00:00,22792.100
2023-02-17T09:34:00+00:00,22786.880
2023-02-17T15:04:00+00:00,22785.400
2023-02-17T17:04:00+00:00,22888.160
2023-02-17T21:09:00+00:00,23005.420
2023-02-20T04:49:00+00:00,22998.020
2023-02-20T05:29:00+00:00,23114.320
2023-02-20T05:49:00+00:00,23105.620
2023-02-20T13:34:00+00:00,23100.440
2023-02-20T14:09:00+00:00,23116.260
2023-02-20T14:09:00+00:00,23108.860
2023-02-20T14:49:00+00:00,23101.460
2023-02-20T14:59:00+00:00,22914.060
2023-02-20T15:29:00+00:00,23037.860
2023-02-20T17:14:00+00:00,23246.660
2023-02-21T00:24:00+00:00,23237.040
2023-02-21T01:04:00+00:00,23045.420
2023-02-21T05:49:00+00:00,23038.760
2023-02-21T06:09:00+00:00,23041.100
2023-02-21T06:09:00+00:00,23032.220
2023-02-21T07:09:00+00:00,23153.780
2023-02-21T07:09:00+00:00,23147.120
2023-02-21T07:14:00+00:00,23136.680
2023-02-21T07:19:00+00:00,23193.020
2023-02-21T07:19:00+00:00,23187.840
2023-02-21T07:29:00+00:00,23007.660
2023-02-21T14:49:00+00:00,23006.180
2023-02-21T14:54:00+00:00,23003.960
2023-02-21T15:34:00+00:00,22863.740
2023-02-21T21:09:00+00:00,22872.260
2023-02-22T08:29:00+00:00,22868.560
2023-02-22T11:29:00+00:00,22699.860
2023-02-22T15:04:00+00:00,22696.160
2023-02-22T15:29:00+00:00,22517.460
2023-02-22T15:29:00+00:00,22515.240
2023-02-22T17:39:00+00:00,22351.020
2023-02-23T00:19:00+00:00,22346.580
2023-02-23T02:49:00+00:00,22452.360
2023-02-23T06:34:00+00:00,22630.140
2023-02-23T11:24:00+00:00,22624.960
2023-02-23T12:14:00+00:00,22444.780
2023-02-23T14:54:00+00:00,22442.560
2023-02-23T15:09:00+00:00,22341.340
2023-02-23T15:09:00+00:00,22339.120
2023-02-23T16:19:00+00:00,22408.880
2023-02-23T21:09:00+00:00,22465.400
2023-02-23T23:39:00+00:00,22459.480
2023-02-24T00:14:00+00:00,22293.560
2023-02-24T15:04:00+00:00,22291.340
2023-02-24T15:54:00+00:00,22124.120
2023-02-27T12:29:00+00:00,22118.940
2023-02-27T13:34:00+00:00,21945.760
2023-02-27T13:44:00+00:00,21942.060
2023-02-27T14:24:00+00:00,22030.580
2023-02-27T14:59:00+00:00,22027.620
2023-02-27T15:44:00+00:00,21884.660
2023-02-27T16:29:00+00:00,21879.440
2023-02-28T13:54:00+00:00,21876.480
2023-02-28T14:49:00+00:00,21974.000
2023-02-28T14:49:00+00:00,21971.040
2023-02-28T15:04:00+00:00,22134.560
2023-02-28T15:04:00+00:00,22247.080
2023-02-28T15:04:00+00:00,22397.600
2023-02-28T19:09:00+00:00,22394.640
2023-02-28T21:09:00+00:00,22271.680
2023-03-01T07:04:00+00:00,22265.760
2023-03-01T07:59:00+00:00,22091.840
2023-03-01T08:09:00+00:00,22087.400
2023-03-01T08:59:00+00:00,21914.960
2023-03-01T09:19:00+00:00,21912.740
2023-03-01T11:09:00+00:00,21772.520
2023-03-01T11:44:00+00:00,21765.860
2023-03-01T12:24:00+00:00,21597.200
2023-03-01T13:14:00+00:00,21593.500
2023-03-01T14:39:00+00:00,21429.800
2023-03-01T14:59:00+00:00,21427.580
2023-03-01T15:09:00+00:00,21299.360
2023-03-02T07:34:00+00:00,21294.180
2023-03-02T09:09:00+00:00,21390.960
2023-03-02T09:59:00+00:00,21384.000
2023-03-02T15:34:00+00:00,21381.780
2023-03-02T16:59:00+00:00,21322.560
2023-03-02T16:59:00+00:00,21316.640
2023-03-02T17:19:00+00:00,21427.680
2023-03-02T18:39:00+00:00,21420.720
2023-03-03T03:19:00+00:00,21411.840
2023-03-03T03:39:00+00:00,21234.960
2023-03-03T15:04:00+00:00,21231.260
2023-03-03T15:29:00+00:00,21077.560
2023-03-03T15:39:00+00:00,21076.080
2023-03-03T16:59:00+00:00,20964.600
2023-03-06T15:04:00+00:00,20961.640
2023-03-06T15:44:00+00:00,20822.680
2023-03-06T17:29:00+00:00,20818.980
2023-03-06T18:04:00+00:00,20825.280
2023-03-06T18:04:00+00:00,20817.140
2023-03-06T18:14:00+00:00,20644.000
2023-03-07T04:59:00+00:00,20640.300
2023-03-07T07:24:00+00:00,20501.600
2023-03-07T07:29:00+00:00,20498.640
2023-03-07T08:14:00+00:00,20347.680
2023-03-07T15:04:00+00:00,20346.940
2023-03-07T21:09:00+00:00,20450.200
2023-03-08T13:29:00+00:00,20445.760
2023-03-08T14:34:00+00:00,20542.540
2023-03-08T14:49:00+00:00,20705.320
2023-03-08T14:49:00+00:00,20703.840
2023-03-08T18:44:00+00:00,20568.360
2023-03-08T18:59:00+00:00,20561.700
2023-03-08T21:09:00+00:00,20537.040
2023-03-09T02:49:00+00:00,20534.080
2023-03-09T08:39:00+00:00,20375.120
2023-03-09T13:39:00+00:00,20373.640
2023-03-09T14:39:00+00:00,20461.400
2023-03-09T14:49:00+00:00,20459.920
2023-03-09T17:04:00+00:00,20348.440
2023-03-09T17:14:00+00:00,20344.000
2023-03-09T18:34:00+00:00,20445.280
2023-03-09T18:44:00+00:00,20615.560
2023-03-09T21:09:00+00:00,20725.820
2023-03-10T00:19:00+00:00,20717.680
2023-03-10T00:29:00+00:00,20544.540
2023-03-10T08:24:00+00:00,20542.320
2023-03-10T09:34:00+00:00,20411.100
2023-03-10T11:14:00+00:00,20408.140
2023-03-10T13:34:00+00:00,20505.660
2023-03-10T13:34:00+00:00,20502.180
2023-03-10T15:04:00+00:00,20501.440
2023-03-10T21:09:00+00:00,20582.700
2023-03-13T13:59:00+00:00,20581.960
2023-03-13T14:19:00+00:00,20475.220
2023-03-13T14:19:00+00:00,20474.480
2023-03-13T20:09:00+00:00,20532.740
2023-03-14T01:09:00+00:00,20529.040
2023-03-14T01:44:00+00:00,20611.560
2023-03-14T03:34:00+00:00,20610.820
2023-03-14T03:49:00+00:00,20818.600
2023-03-14T06:19:00+00:00,20737.860
2023-03-14T08:14:00+00:00,20735.640
2023-03-14T08:39:00+00:00,20800.900
2023-03-14T12:34:00+00:00,20797.420
2023-03-14T13:49:00+00:00,20796.680
2023-03-14T14:14:00+00:00,20706.940
2023-03-14T14:14:00+00:00,20706.200
2023-03-14T18:59:00+00:00,20704.720
2023-03-14T20:09:00+00:00,20676.980
2023-03-14T20:09:00+00:00,20607.500
2023-03-15T07:29:00+00:00,20604.540
2023-03-15T08:04:00+00:00,20711.060
2023-03-15T08:09:00+00:00,20889.580
2023-03-15T15:54:00+00:00,20888.840
2023-03-15T18:29:00+00:00,20795.100
2023-03-16T01:24:00+00:00,20792.880
2023-03-16T05:39:00+00:00,20856.640
2023-03-16T08:04:00+00:00,20959.160
2023-03-16T08:04:00+00:00,20956.200
2023-03-16T08:19:00+00:00,20801.240
2023-03-16T13:59:00+00:00,20799.760
2023-03-16T14:44:00+00:00,20642.280
2023-03-16T14:59:00+00:00,20641.540
2023-03-16T19:04:00+00:00,20636.360
2023-03-16T20:09:00+00:00,20664.620
2023-03-16T20:09:00+00:00,20652.440
2023-03-17T05:14:00+00:00,20646.520
2023-03-17T05:34:00+00:00,20480.600
2023-03-17T07:19:00+00:00,20477.640
2023-03-17T11:19:00+00:00,20338.680
2023-03-17T13:54:00+00:00,20337.200
2023-03-17T14:44:00+00:00,20432.460
2023-03-17T14:54:00+00:00,20559.720
2023-03-20T12:44:00+00:00,20557.500
2023-03-20T13:29:00+00:00,20414.280
2023-03-20T13:59:00+00:00,20412.800
2023-03-20T14:14:00+00:00,20512.560
2023-03-20T16:09:00+00:00,20510.820
2023-03-21T00:09:00+00:00,20503.420
2023-03-21T00:24:00+00:00,20336.020
2023-03-21T12:29:00+00:00,20333.800
2023-03-21T13:09:00+00:00,20187.580
2023-03-21T13:39:00+00:00,20186.100
2023-03-21T13:49:00+00:00,20185.360
2023-03-21T13:59:00+00:00,20279.120
2023-03-21T14:14:00+00:00,20435.880
2023-03-21T20:09:00+00:00,20568.140
2023-03-22T03:14:00+00:00,20562.960
2023-03-22T06:39:00+00:00,20659.740
2023-03-22T07:09:00+00:00,20652.780
2023-03-22T14:14:00+00:00,20650.560
2023-03-22T18:04:00+00:00,20721.820
2023-03-22T18:04:00+00:00,20912.340
2023-03-22T18:09:00+00:00,20909.380
2023-03-22T18:14:00+00:00,20754.420
2023-03-23T05:54:00+00:00,20750.720
2023-03-23T06:19:00+00:00,20602.020
2023-03-23T12:44:00+00:00,20601.280
2023-03-23T13:04:00+00:00,20538.540
2023-03-23T13:04:00+00:00,20536.320
2023-03-23T13:54:00+00:00,20606.080
2023-03-23T13:54:00+00:00,20604.600
2023-03-23T14:44:00+00:00,20765.120
2023-03-23T14:44:00+00:00,20751.640
2023-03-23T14:49:00+00:00,20748.680
2023-03-23T15:24:00+00:00,20601.720
2023-03-23T19:04:00+00:00,20600.980
2023-03-23T20:09:00+00:00,20568.240
2023-03-24T00:24:00+00:00,20560.840
2023-03-24T00:39:00+00:00,20393.440
2023-03-24T05:14:00+00:00,20387.520
2023-03-24T06:19:00+00:00,20486.560
2023-03-24T06:24:00+00:00,20653.600
2023-03-24T13:59:00+00:00,20652.860
2023-03-24T14:14:00+00:00,20603.120
2023-03-24T14:14:00+00:00,20601.640
2023-03-24T15:59:00+00:00,20468.160
2023-03-26T22:09:00+00:00,20465.940
2023-03-27T01:19:00+00:00,20331.720
2023-03-27T05:39:00+00:00,20327.280
2023-03-27T05:54:00+00:00,20166.840
2023-03-27T13:49:00+00:00,20164.620
2023-03-27T14:19:00+00:00,20027.400
2023-03-28T08:34:00+00:00,20025.920
2023-03-28T11:34:00+00:00,19902.440
2023-03-28T14:19:00+00:00,19900.960
2023-03-28T14:34:00+00:00,19775.480
2023-03-29T07:24:00+00:00,19773.260
2023-03-29T07:54:00+00:00,19756.040
2023-03-29T07:54:00+00:00,19754.560
2023-03-29T09:19:00+00:00,19639.080
2023-03-29T13:49:00+00:00,19636.860
2023-03-29T15:14:00+00:00,19622.640
2023-03-29T15:14:00+00:00,19621.160
2023-03-29T20:09:00+00:00,19663.680
2023-03-29T22:08:00+00:00,19661.460
2023-03-30T01:09:00+00:00,19726.720
2023-03-30T05:28:00+00:00,19771.240
2023-03-30T05:28:00+00:00,19768.280
2023-03-30T06:34:00+00:00,19871.800
2023-03-30T12:29:00+00:00,20045.320
2023-03-30T12:48:00+00:00,20043.840
2023-03-30T13:02:00+00:00,20044.360
2023-03-30T13:02:00+00:00,20042.140
2023-03-30T14:09:00+00:00,19898.920
2023-03-30T14:09:00+00:00,19896.700
2023-03-30T14:19:00+00:00,19777.480
2023-03-30T14:23:00+00:00,19773.040
2023-03-30T15:09:00+00:00,19878.820
2023-03-30T16:04:00+00:00,20056.600
2023-03-31T07:24:00+00:00,20053.640
2023-03-31T08:04:00+00:00,20163.160
2023-03-31T09:29:00+00:00,20159.680
2023-03-31T12:39:00+00:00,20156.720
2023-03-31T12:44:00+00:00,20013.760
2023-03-31T13:24:00+00:00,20012.280
2023-03-31T13:59:00+00:00,19978.800
2023-03-31T13:59:00+00:00,19976.580
2023-03-31T17:19:00+00:00,20044.840
2023-03-31T17:29:00+00:00,20227.360
2023-04-03T13:49:00+00:00,20225.140
2023-04-03T14:04:00+00:00,20224.400
2023-04-03T14:29:00+00:00,20294.160
2023-04-03T20:09:00+00:00,20398.680
2023-04-03T20:09:00+00:00,20412.940
2023-04-04T04:49:00+00:00,20407.760
2023-04-04T05:44:00+00:00,20255.580
2023-04-04T06:49:00+00:00,20253.360
2023-04-04T10:44:00+00:00,20257.140
2023-04-04T10:44:00+00:00,20253.440
2023-04-04T12:19:00+00:00,20114.740
2023-04-04T14:04:00+00:00,20114.000
2023-04-04T20:09:00+00:00,20289.260
2023-04-05T03:09:00+00:00,20284.820
2023-04-05T06:14:00+00:00,20136.380
2023-04-05T13:54:00+00:00,20134.900
2023-04-05T14:04:00+00:00,20005.420
2023-04-06T00:09:00+00:00,20000.240
2023-04-06T01:04:00+00:00,20088.020
2023-04-06T01:04:00+00:00,20285.060
2023-04-06T06:29:00+00:00,20282.840
2023-04-06T08:54:00+00:00,20151.620
2023-04-06T13:49:00+00:00,20150.880
2023-04-06T16:24:00+00:00,20052.140
2023-04-10T06:54:00+00:00,20047.700
2023-04-10T08:14:00+00:00,19899.260
2023-04-10T14:39:00+00:00,19898.520
2023-04-10T20:09:00+00:00,19835.780
2023-04-11T01:44:00+00:00,19832.080
2023-04-11T02:14:00+00:00,19914.600
2023-04-11T04:14:00+00:00,20122.380
2023-04-11T13:54:00+00:00,20120.160
2023-04-11T20:09:00+00:00,20195.940
2023-04-12T00:14:00+00:00,20188.540
2023-04-12T01:19:00+00:00,20031.140
2023-04-12T09:19:00+00:00,20023.740
2023-04-12T09:34:00+00:00,19856.340
2023-04-12T11:49:00+00:00,19853.380
2023-04-12T12:34:00+00:00,19726.420
2023-04-12T12:39:00+00:00,19723.460
2023-04-12T12:44:00+00:00,19584.500
2023-04-12T13:49:00+00:00,19583.760
2023-04-12T20:09:00+00:00,19476.020
2023-04-13T13:49:00+00:00,19474.540
2023-04-13T14:39:00+00:00,19369.060
2023-04-14T06:04:00+00:00,19365.360
2023-04-14T07:04:00+00:00,19231.660
2023-04-14T08:39:00+00:00,19227.220
2023-04-14T09:44:00+00:00,19319.500
2023-04-14T10:04:00+00:00,19474.780
2023-04-14T12:24:00+00:00,19472.560
2023-04-14T12:34:00+00:00,19335.340
2023-04-14T12:39:00+00:00,19334.600
2023-04-14T13:54:00+00:00,19333.860
2023-04-14T14:04:00+00:00,19333.120
2023-04-14T14:19:00+00:00,19547.380
2023-04-14T14:54:00+00:00,19734.640
2023-04-14T20:09:00+00:00,19914.900
2023-04-16T22:14:00+00:00,19914.160
2023-04-17T01:24:00+00:00,19911.940
2023-04-17T04:24:00+00:00,19929.200
2023-04-17T04:24:00+00:00,20058.980
2023-04-17T04:29:00+00:00,20053.800
2023-04-17T05:34:00+00:00,19894.620
2023-04-17T14:04:00+00:00,19893.140
2023-04-17T14:49:00+00:00,19983.900
2023-04-17T14:49:00+00:00,20105.160
2023-04-17T18:39:00+00:00,20104.420
2023-04-17T20:09:00+00:00,20088.680
2023-04-18T13:49:00+00:00,20087.200
2023-04-18T13:54:00+00:00,20085.720
2023-04-18T14:09:00+00:00,20189.980
2023-04-18T14:09:00+00:00,20297.240
2023-04-18T15:34:00+00:00,20436.500
2023-04-18T15:44:00+00:00,20532.760
2023-04-18T15:44:00+00:00,20529.800
2023-04-18T18:09:00+00:00,20624.320
2023-04-18T20:09:00+00:00,20680.840
2023-04-19T14:09:00+00:00,20680.100
2023-04-19T20:09:00+00:00,20680.360
2023-04-19T22:09:00+00:00,20676.660
2023-04-20T01:34:00+00:00,20527.960
2023-04-20T01:49:00+00:00,20525.740
2023-04-20T03:09:00+00:00,20583.500
2023-04-20T06:09:00+00:00,20580.020
2023-04-20T08:19:00+00:00,20577.060
2023-04-20T09:14:00+00:00,20426.100
2023-04-20T13:39:00+00:00,20425.360
2023-04-20T14:09:00+00:00,20424.620
2023-04-20T14:54:00+00:00,20339.880
2023-04-20T20:09:00+00:00,20321.140
2023-04-20T23:54:00+00:00,20316.700
2023-04-21T00:19:00+00:00,20162.260
2023-04-21T12:29:00+00:00,20158.560
2023-04-21T13:34:00+00:00,20247.080
2023-04-21T13:39:00+00:00,20469.860
2023-04-21T13:49:00+00:00,20469.120
2023-04-21T13:54:00+00:00,20466.160
2023-04-21T13:59:00+00:00,20315.200
2023-04-21T19:14:00+00:00,20303.460
2023-04-21T19:14:00+00:00,20300.500
2023-04-21T20:09:00+00:00,20365.540
2023-04-24T05:39:00+00:00,20361.840
2023-04-24T07:29:00+00:00,20441.360
2023-04-24T08:54:00+00:00,20641.640
2023-04-24T14:39:00+00:00,20640.900
2023-04-24T20:09:00+00:00,20685.160
2023-04-25T05:19:00+00:00,20679.980
2023-04-25T05:34:00+00:00,20520.800
2023-04-25T06:24:00+00:00,20517.840
2023-04-25T07:44:00+00:00,20621.360
2023-04-25T07:49:00+00:00,20619.880
2023-04-25T08:54:00+00:00,20793.400
2023-04-25T10:59:00+00:00,20870.660
2023-04-25T11:59:00+00:00,20999.920
2023-04-25T15:59:00+00:00,20997.700
2023-04-25T17:54:00+00:00,21074.960
2023-04-25T18:04:00+00:00,21281.480
2023-04-26T11:49:00+00:00,21280.000
2023-04-26T13:04:00+00:00,21164.520
2023-04-26T14:04:00+00:00,21163.780
2023-04-26T20:09:00+00:00,21281.040
2023-04-27T09:14:00+00:00,21275.860
2023-04-27T09:29:00+00:00,21123.680
2023-04-27T14:09:00+00:00,21122.940
2023-04-27T20:09:00+00:00,21140.200
2023-04-27T23:09:00+00:00,21129.100
2023-04-27T23:44:00+00:00,20953.000
2023-04-28T05:49:00+00:00,20950.040
2023-04-28T08:24:00+00:00,21050.560
2023-04-28T11:19:00+00:00,21047.080
2023-04-28T13:44:00+00:00,21044.120
2023-04-28T13:49:00+00:00,21042.640
2023-04-28T14:39:00+00:00,20891.680
2023-04-28T14:39:00+00:00,20734.200
2023-05-01T11:19:00+00:00,20728.280
2023-05-01T11:44:00+00:00,20562.360
2023-05-01T11:54:00+00:00,20557.180
2023-05-01T12:14:00+00:00,20391.000
2023-05-01T13:54:00+00:00,20389.520
2023-05-01T14:04:00+00:00,20469.780
2023-05-01T14:04:00+00:00,20577.040
2023-05-02T00:09:00+00:00,20568.160
2023-05-02T00:29:00+00:00,20439.280
2023-05-02T00:29:00+00:00,20431.880
2023-05-02T00:44:00+00:00,20274.480
2023-05-02T01:04:00+00:00,20268.560
2023-05-02T01:14:00+00:00,20118.640
2023-05-02T01:54:00+00:00,20112.720
2023-05-02T05:49:00+00:00,20103.840
2023-05-02T06:09:00+00:00,19938.960
2023-05-02T06:14:00+00:00,19789.040
2023-05-02T09:49:00+00:00,19787.560
2023-05-02T14:04:00+00:00,19873.820
2023-05-02T14:04:00+00:00,19873.080
2023-05-02T14:14:00+00:00,20017.340
2023-05-02T14:44:00+00:00,20190.600
2023-05-03T05:19:00+00:00,20183.940
2023-05-03T05:54:00+00:00,20024.280
2023-05-03T11:49:00+00:00,20018.360
2023-05-03T12:09:00+00:00,19860.440
2023-05-03T13:54:00+00:00,19858.220
2023-05-03T14:49:00+00:00,19706.000
2023-05-03T19:24:00+00:00,19704.520
2023-05-03T19:59:00+00:00,19787.780
2023-05-03T20:09:00+00:00,19866.040
2023-05-04T13:49:00+00:00,19865.300
2023-05-04T16:24:00+00:00,19913.560
2023-05-04T16:24:00+00:00,19912.820
2023-05-04T20:09:00+00:00,19890.080
2023-05-05T06:09:00+00:00,19883.420
2023-05-05T06:24:00+00:00,19723.760
2023-05-05T09:09:00+00:00,19723.020
2023-05-05T10:59:00+00:00,19723.280
2023-05-05T10:59:00+00:00,19718.840
2023-05-05T11:39:00+00:00,19570.400
2023-05-05T13:49:00+00:00,19569.660
2023-05-05T15:14:00+00:00,19474.920
2023-05-08T09:44:00+00:00,19469.000
2023-05-08T10:14:00+00:00,19311.080
2023-05-08T13:09:00+00:00,19307.380
2023-05-08T13:39:00+00:00,19389.900
2023-05-08T13:39:00+00:00,19384.680
2023-05-08T13:49:00+00:00,19383.200
2023-05-08T20:09:00+00:00,19319.720
2023-05-08T23:49:00+00:00,19313.060
2023-05-09T00:04:00+00:00,19162.400
2023-05-09T05:49:00+00:00,19157.960
2023-05-09T06:24:00+00:00,19009.520
2023-05-09T08:44:00+00:00,19006.560
2023-05-09T10:19:00+00:00,19110.080
2023-05-09T13:04:00+00:00,19106.600
2023-05-09T13:49:00+00:00,19104.380
2023-05-09T15:19:00+00:00,18964.160
2023-05-09T17:54:00+00:00,18958.980
2023-05-09T20:09:00+00:00,18995.800
2023-05-10T06:44:00+00:00,18990.620
2023-05-10T07:14:00+00:00,18838.440
2023-05-10T12:39:00+00:00,18837.700
2023-05-10T13:29:00+00:00,18722.960
2023-05-10T13:49:00+00:00,18722.220
2023-05-10T14:39:00+00:00,18646.480
2023-05-11T13:49:00+00:00,18645.740
2023-05-11T20:09:00+00:00,18680.000
2023-05-12T06:34:00+00:00,18677.040
2023-05-12T07:54:00+00:00,18662.080
2023-05-12T07:54:00+00:00,18659.120
2023-05-12T09:39:00+00:00,18744.640
2023-05-12T09:44:00+00:00,18888.160
2023-05-12T13:49:00+00:00,18885.940
2023-05-12T14:04:00+00:00,18766.720
2023-05-15T03:14:00+00:00,18765.240
2023-05-15T05:24:00+00:00,18762.280
2023-05-15T06:34:00+00:00,18635.320
2023-05-15T06:49:00+00:00,18631.620
2023-05-15T08:39:00+00:00,18711.140
2023-05-15T09:04:00+00:00,18705.920
2023-05-15T13:49:00+00:00,18703.700
2023-05-15T13:59:00+00:00,18773.460
2023-05-15T14:24:00+00:00,18633.240
2023-05-15T14:29:00+00:00,18631.500
2023-05-16T05:39:00+00:00,18627.060
2023-05-16T06:14:00+00:00,18728.340
2023-05-16T06:19:00+00:00,18898.620
2023-05-16T12:49:00+00:00,18897.880
2023-05-16T14:04:00+00:00,18861.140
2023-05-16T14:04:00+00:00,18858.180
2023-05-16T14:44:00+00:00,18952.700
2023-05-16T15:09:00+00:00,19079.220
2023-05-16T15:24:00+00:00,19077.740
2023-05-16T15:49:00+00:00,18970.260
2023-05-17T13:59:00+00:00,18968.780
2023-05-17T14:19:00+00:00,18825.300
2023-05-18T03:39:00+00:00,18817.900
2023-05-18T04:39:00+00:00,18670.500
2023-05-18T08:34:00+00:00,18666.060
2023-05-18T09:39:00+00:00,18762.840
2023-05-18T11:34:00+00:00,18757.620
2023-05-18T14:44:00+00:00,18756.140
2023-05-18T19:29:00+00:00,18732.660
2023-05-18T19:29:00+00:00,18729.700
2023-05-18T20:09:00+00:00,18750.740
2023-05-19T01:24:00+00:00,18745.560
2023-05-19T02:34:00+00:00,18600.380
2023-05-19T10:54:00+00:00,18597.420
2023-05-19T11:29:00+00:00,18454.460
2023-05-19T15:14:00+00:00,18453.720
2023-05-19T20:09:00+00:00,18533.980
2023-05-22T01:24:00+00:00,18530.280
2023-05-22T05:04:00+00:00,18603.800
2023-05-22T05:34:00+00:00,18789.080
2023-05-22T06:29:00+00:00,18786.860
2023-05-22T09:09:00+00:00,18853.620
2023-05-22T11:34:00+00:00,18850.140
2023-05-22T13:54:00+00:00,18847.920
2023-05-22T14:09:00+00:00,18710.700
2023-05-22T22:44:00+00:00,18707.000
2023-05-23T00:59:00+00:00,18777.520
2023-05-23T01:04:00+00:00,18955.300
2023-05-23T08:34:00+00:00,18953.820
2023-05-23T13:34:00+00:00,19049.080
2023-05-23T13:49:00+00:00,19114.340
2023-05-23T13:49:00+00:00,19112.120
2023-05-23T13:59:00+00:00,18977.900
2023-05-24T03:19:00+00:00,18972.720
2023-05-24T04:19:00+00:00,19060.500
2023-05-24T05:59:00+00:00,19257.540
2023-05-24T14:04:00+00:00,19256.060
2023-05-24T16:14:00+00:00,19352.820
2023-05-24T16:34:00+00:00,19482.080
2023-05-25T01:14:00+00:00,19479.860
2023-05-25T03:29:00+00:00,19476.900
2023-05-25T06:49:00+00:00,19345.940
2023-05-25T07:34:00+00:00,19211.720
2023-05-25T15:39:00+00:00,19210.980
2023-05-25T18:09:00+00:00,19208.020
2023-05-25T20:09:00+00:00,19237.280
2023-05-25T20:09:00+00:00,19330.320
2023-05-26T12:14:00+00:00,19325.880
2023-05-26T12:34:00+00:00,19177.440
2023-05-26T14:09:00+00:00,19175.220
2023-05-26T14:34:00+00:00,19035.000
2023-05-29T01:14:00+00:00,19032.040
2023-05-29T01:49:00+00:00,18989.080
2023-05-29T01:49:00+00:00,18983.160
2023-05-29T03:04:00+00:00,18841.240
2023-05-29T06:49:00+00:00,18836.800
2023-05-29T08:04:00+00:00,18933.580
2023-05-29T08:09:00+00:00,19096.360
2023-05-29T12:09:00+00:00,19088.220
2023-05-29T12:24:00+00:00,18926.080
2023-05-29T16:14:00+00:00,18923.860
2023-05-30T03:59:00+00:00,18978.620
2023-05-30T05:14:00+00:00,19125.140
2023-05-30T13:59:00+00:00,19122.180
2023-05-30T14:09:00+00:00,18975.220
2023-05-30T14:14:00+00:00,18973.740
2023-05-30T18:54:00+00:00,18967.080
2023-05-30T20:10:00+00:00,19033.600
2023-05-30T20:10:00+00:00,19044.940
2023-05-31T13:49:00+00:00,19044.200
2023-05-31T14:03:00+00:00,18952.460
2023-06-01T14:04:00+00:00,18950.980
2023-06-01T20:09:00+00:00,19029.500
2023-06-01T22:49:00+00:00,19020.620
2023-06-01T23:24:00+00:00,18867.740
2023-06-02T13:49:00+00:00,18867.000
2023-06-02T20:09:00+00:00,19008.260
2023-06-05T12:59:00+00:00,19003.820
2023-06-05T13:19:00+00:00,19096.100
2023-06-05T13:49:00+00:00,19251.380
2023-06-05T13:49:00+00:00,19249.160
2023-06-05T14:04:00+00:00,19302.420
2023-06-05T14:04:00+00:00,19298.940
2023-06-06T06:09:00+00:00,19293.760
2023-06-06T07:29:00+00:00,19148.580
2023-06-06T13:44:00+00:00,19147.840
2023-06-06T13:49:00+00:00,19147.100
2023-06-06T16:04:00+00:00,19067.360
2023-06-06T16:19:00+00:00,19063.660
2023-06-06T17:29:00+00:00,18914.960
2023-06-06T20:09:00+00:00,18865.220
2023-06-07T05:49:00+00:00,18858.560
2023-06-07T06:19:00+00:00,18707.900
2023-06-07T13:34:00+00:00,18706.420
2023-06-07T13:49:00+00:00,18638.940
2023-06-07T13:49:00+00:00,18637.460
2023-06-07T14:34:00+00:00,18523.980
2023-06-08T02:19:00+00:00,18517.320
2023-06-08T04:44:00+00:00,18366.660
2023-06-08T04:59:00+00:00,18359.260
2023-06-08T06:09:00+00:00,18453.060
2023-06-08T06:19:00+00:00,18611.860
2023-06-08T06:39:00+00:00,18607.420
2023-06-08T07:59:00+00:00,18695.200
2023-06-08T09:34:00+00:00,18689.980
2023-06-08T13:54:00+00:00,18688.500
2023-06-08T20:09:00+00:00,18671.020
2023-06-09T07:34:00+00:00,18665.840
2023-06-09T08:04:00+00:00,18520.660
2023-06-09T14:19:00+00:00,18519.920
2023-06-09T20:09:00+00:00,18471.180
2023-06-12T02:49:00+00:00,18465.260
2023-06-12T03:59:00+00:00,18564.300
2023-06-12T05:34:00+00:00,18731.340
2023-06-12T11:39:00+00:00,18727.640
2023-06-12T12:34:00+00:00,18708.940
2023-06-12T12:34:00+00:00,18705.980
2023-06-12T13:24:00+00:00,18806.500
2023-06-12T13:49:00+00:00,18975.020
2023-06-12T13:49:00+00:00,18973.540
2023-06-12T15:39:00+00:00,18848.060
2023-06-12T19:29:00+00:00,18845.840
2023-06-12T20:09:00+00:00,18870.620
2023-06-12T22:04:00+00:00,18865.440
2023-06-12T23:24:00+00:00,18948.720
2023-06-13T00:39:00+00:00,18993.760
2023-06-13T00:39:00+00:00,18988.580
2023-06-13T03:34:00+00:00,18843.400
2023-06-13T13:49:00+00:00,18842.660
2023-06-13T19:19:00+00:00,18976.920
2023-06-13T19:19:00+00:00,18971.740
2023-06-13T19:59:00+00:00,19050.520
2023-06-13T20:09:00+00:00,19143.560
2023-06-14T13:59:00+00:00,19140.600
2023-06-14T14:19:00+00:00,19013.640
2023-06-15T05:24:00+00:00,19009.940
2023-06-15T05:49:00+00:00,19080.460
2023-06-15T06:24:00+00:00,19123.240
2023-06-15T06:24:00+00:00,19120.280
2023-06-15T07:04:00+00:00,19223.800
2023-06-15T07:24:00+00:00,19274.320
2023-06-15T07:24:00+00:00,19272.100
2023-06-15T11:39:00+00:00,19152.880
2023-06-15T13:49:00+00:00,19152.140
2023-06-15T19:49:00+00:00,19228.400
2023-06-16T02:09:00+00:00,19225.440
2023-06-16T06:19:00+00:00,19082.480
2023-06-16T07:49:00+00:00,19081.000
2023-06-16T13:49:00+00:00,19079.520
2023-06-16T14:04:00+00:00,19078.780
2023-06-16T14:24:00+00:00,18997.040
2023-06-16T14:29:00+00:00,18853.560
2023-06-16T14:29:00+00:00,18742.080
2023-06-19T00:39:00+00:00,18736.900
2023-06-19T03:39:00+00:00,18820.180
2023-06-19T04:59:00+00:00,18813.220
2023-06-19T14:04:00+00:00,18808.040
2023-06-19T14:34:00+00:00,18655.860
2023-06-19T22:29:00+00:00,18651.420
2023-06-20T01:44:00+00:00,18752.700
2023-06-20T01:54:00+00:00,18922.980
2023-06-20T10:44:00+00:00,18917.060
2023-06-20T12:19:00+00:00,19016.100
2023-06-20T12:34:00+00:00,19009.140
2023-06-20T12:39:00+00:00,19005.440
2023-06-20T12:54:00+00:00,19078.960
2023-06-20T13:04:00+00:00,19264.240
2023-06-20T13:59:00+00:00,19263.500
2023-06-20T19:19:00+00:00,19255.360
2023-06-20T19:29:00+00:00,19093.220
2023-06-20T20:09:00+00:00,19036.480
2023-06-21T09:29:00+00:00,19032.040
2023-06-21T09:59:00+00:00,18889.600
2023-06-21T14:29:00+00:00,18888.860
2023-06-21T20:09:00+00:00,18908.120
2023-06-22T12:49:00+00:00,18905.900
2023-06-22T13:49:00+00:00,18870.680
2023-06-22T13:49:00+00:00,18869.200
2023-06-22T14:19:00+00:00,18725.720
2023-06-22T15:19:00+00:00,18723.500
2023-06-22T20:09:00+00:00,18658.280
2023-06-23T12:19:00+00:00,18653.100
2023-06-23T12:24:00+00:00,18507.920
2023-06-23T14:04:00+00:00,18506.440
2023-06-23T15:19:00+00:00,18580.700
2023-06-23T15:54:00+00:00,18679.960
2023-06-26T07:19:00+00:00,18677.000
2023-06-26T08:24:00+00:00,18765.520
2023-06-26T13:34:00+00:00,18762.040
2023-06-26T13:49:00+00:00,18760.560
2023-06-26T15:24:00+00:00,18635.080
2023-06-27T00:49:00+00:00,18629.900
2023-06-27T01:19:00+00:00,18491.720
2023-06-27T13:49:00+00:00,18490.240
2023-06-27T14:04:00+00:00,18560.000
2023-06-27T14:09:00+00:00,18653.260
2023-06-27T16:44:00+00:00,18651.780
2023-06-27T17:49:00+00:00,18649.560
2023-06-27T20:09:00+00:00,18660.080
2023-06-27T20:09:00+00:00,18618.860
2023-06-28T01:44:00+00:00,18614.420
2023-06-28T06:24:00+00:00,18465.980
2023-06-28T09:49:00+00:00,18461.540
2023-06-28T13:14:00+00:00,18549.320
2023-06-28T13:19:00+00:00,18544.100
2023-06-28T13:44:00+00:00,18541.880
2023-06-28T13:49:00+00:00,18413.660
2023-06-28T15:24:00+00:00,18412.920
2023-06-28T20:09:00+00:00,18391.180
2023-06-29T03:29:00+00:00,18385.260
2023-06-29T03:39:00+00:00,18243.340
2023-06-29T12:39:00+00:00,18241.860
2023-06-29T13:29:00+00:00,18322.120
2023-06-29T13:54:00+00:00,18351.380
2023-06-29T13:54:00+00:00,18349.900
2023-06-29T14:14:00+00:00,18428.660
2023-06-29T14:14:00+00:00,18533.920
2023-06-30T00:04:00+00:00,18527.260
2023-06-30T01:39:00+00:00,18385.600
2023-06-30T14:09:00+00:00,18384.120
2023-06-30T20:09:00+00:00,18432.640
2023-07-03T13:49:00+00:00,18430.420
2023-07-03T14:04:00+00:00,18482.180
2023-07-03T14:14:00+00:00,18478.700
2023-07-04T10:49:00+00:00,18476.480
2023-07-04T12:29:00+00:00,18423.260
2023-07-04T12:29:00+00:00,18418.820
2023-07-04T14:19:00+00:00,18324.380
2023-07-04T14:19:00+00:00,18316.980
2023-07-04T14:39:00+00:00,18169.580
2023-07-05T01:34:00+00:00,18163.660
2023-07-05T01:49:00+00:00,18021.740
2023-07-05T13:49:00+00:00,18021.000
2023-07-05T15:04:00+00:00,18021.260
2023-07-05T15:04:00+00:00,18017.560
2023-07-05T17:09:00+00:00,17878.860
2023-07-05T18:24:00+00:00,17878.120
2023-07-05T20:09:00+00:00,17874.380
2023-07-06T00:54:00+00:00,17867.720
2023-07-06T01:24:00+00:00,17834.060
2023-07-06T01:24:00+00:00,17828.880
2023-07-06T01:34:00+00:00,17697.700
2023-07-06T05:09:00+00:00,17692.520
2023-07-06T06:34:00+00:00,17766.800
2023-07-06T07:49:00+00:00,17759.840
2023-07-06T08:54:00+00:00,17756.140
2023-07-06T09:54:00+00:00,17712.440
2023-07-06T09:54:00+00:00,17710.960
2023-07-06T10:29:00+00:00,17615.480
2023-07-06T13:54:00+00:00,17614.000
2023-07-06T20:09:00+00:00,17594.520
2023-07-07T07:49:00+00:00,17590.080
2023-07-07T09:04:00+00:00,17453.640
2023-07-07T12:34:00+00:00,17450.680
2023-07-07T12:39:00+00:00,17319.720
2023-07-07T13:49:00+00:00,17318.240
2023-07-07T20:09:00+00:00,17280.760
2023-07-10T06:24:00+00:00,17276.320
2023-07-10T07:54:00+00:00,17368.600
2023-07-10T08:49:00+00:00,17366.380
2023-07-10T12:19:00+00:00,17361.160
2023-07-10T12:24:00+00:00,17238.940
2023-07-10T14:14:00+00:00,17237.460
2023-07-10T14:29:00+00:00,17195.980
2023-07-10T14:29:00+00:00,17191.540
2023-07-10T16:24:00+00:00,17055.100
2023-07-11T01:44:00+00:00,17050.660
2023-07-11T02:44:00+00:00,16914.220
2023-07-11T14:14:00+00:00,16912.740
2023-07-11T16:04:00+00:00,16821.260
2023-07-12T12:39:00+00:00,16819.040
2023-07-12T12:54:00+00:00,16687.820
2023-07-12T13:49:00+00:00,16686.340
2023-07-12T20:09:00+00:00,16726.860
2023-07-13T00:34:00+00:00,16720.200
2023-07-13T01:14:00+00:00,16587.540
2023-07-13T01:34:00+00:00,16583.840
2023-07-13T02:54:00+00:00,16648.360
2023-07-13T04:59:00+00:00,16643.140
2023-07-13T05:04:00+00:00,16640.180
2023-07-13T05:19:00+00:00,16577.220
2023-07-13T05:19:00+00:00,16573.520
2023-07-13T06:24:00+00:00,16635.040
2023-07-13T06:29:00+00:00,16790.320
2023-07-13T10:49:00+00:00,16785.880
2023-07-13T11:34:00+00:00,16667.440
2023-07-13T13:09:00+00:00,16666.700
2023-07-13T14:09:00+00:00,16665.220
2023-07-13T15:54:00+00:00,16569.740
2023-07-13T20:09:00+00:00,16577.000
2023-07-13T23:54:00+00:00,16571.820
2023-07-14T01:39:00+00:00,16440.640
2023-07-14T05:14:00+00:00,16435.460
2023-07-14T05:39:00+00:00,16311.280
2023-07-14T12:44:00+00:00,16309.800
2023-07-14T13:49:00+00:00,16254.320
2023-07-14T13:49:00+00:00,16252.840
2023-07-14T14:04:00+00:00,16159.360
2023-07-17T05:49:00+00:00,16154.180
2023-07-17T06:54:00+00:00,16223.960
2023-07-17T07:09:00+00:00,16217.000
2023-07-17T07:24:00+00:00,16214.780
2023-07-17T08:24:00+00:00,16095.560
2023-07-17T12:29:00+00:00,16094.080
2023-07-17T12:49:00+00:00,16162.340
2023-07-17T13:59:00+00:00,16210.600
2023-07-17T13:59:00+00:00,16209.120
2023-07-17T19:19:00+00:00,16297.640
2023-07-17T19:19:00+00:00,16288.020
2023-07-17T20:09:00+00:00,16291.400
2023-07-18T00:54:00+00:00,16283.260
2023-07-18T01:14:00+00:00,16143.120
2023-07-18T01:44:00+00:00,16139.420
2023-07-18T02:19:00+00:00,16015.720
2023-07-18T07:59:00+00:00,16014.240
2023-07-18T11:19:00+00:00,16090.000
2023-07-18T11:44:00+00:00,16088.260
2023-07-18T13:39:00+00:00,16087.520
2023-07-18T13:59:00+00:00,16065.780
2023-07-18T13:59:00+00:00,16065.040
2023-07-18T20:09:00+00:00,16124.300
2023-07-19T06:24:00+00:00,16119.860
2023-07-19T06:44:00+00:00,16207.640
2023-07-19T06:59:00+00:00,16202.420
2023-07-19T08:09:00+00:00,16201.680
2023-07-19T11:19:00+00:00,16136.940
2023-07-19T13:39:00+00:00,16135.460
2023-07-19T14:14:00+00:00,16041.980
2023-07-19T14:14:00+00:00,16040.500
2023-07-19T20:09:00+00:00,15963.020
2023-07-20T03:09:00+00:00,15956.360
2023-07-20T04:24:00+00:00,16031.400
2023-07-20T05:39:00+00:00,16190.200
2023-07-20T07:24:00+00:00,16187.980
2023-07-20T12:34:00+00:00,16242.740
2023-07-20T14:09:00+00:00,16242.000
2023-07-20T14:14:00+00:00,16425.520
2023-07-20T16:34:00+00:00,16469.780
2023-07-20T16:34:00+00:00,16466.080
2023-07-20T16:49:00+00:00,16352.380
2023-07-21T06:09:00+00:00,16347.940
2023-07-21T07:34:00+00:00,16217.500
2023-07-21T14:04:00+00:00,16216.020
2023-07-21T14:39:00+00:00,16116.540
2023-07-24T01:04:00+00:00,16112.100
2023-07-24T01:24:00+00:00,15987.660
2023-07-24T01:49:00+00:00,15984.700
2023-07-24T04:04:00+00:00,15861.740
2023-07-24T07:59:00+00:00,15856.560
2023-07-24T08:44:00+00:00,15926.340
2023-07-24T09:14:00+00:00,15919.380
2023-07-24T13:54:00+00:00,15917.160
2023-07-24T18:14:00+00:00,15965.920
2023-07-24T19:14:00+00:00,16096.440
2023-07-25T11:49:00+00:00,16094.220
2023-07-25T12:04:00+00:00,16150.480
2023-07-25T12:34:00+00:00,16147.000
2023-07-25T13:54:00+00:00,16145.520
2023-07-25T14:59:00+00:00,16048.040
2023-07-26T07:04:00+00:00,16042.860
2023-07-26T08:24:00+00:00,15911.680
2023-07-26T14:59:00+00:00,15910.200
2023-07-26T15:29:00+00:00,15969.460
2023-07-26T17:04:00+00:00,15967.720
2023-07-26T23:04:00+00:00,15965.500
2023-07-27T01:44:00+00:00,15870.280
2023-07-27T06:59:00+00:00,15868.800
2023-07-27T07:19:00+00:00,15785.320
2023-07-27T09:14:00+00:00,15782.360
2023-07-27T09:54:00+00:00,15667.400
2023-07-27T14:19:00+00:00,15666.660
2023-07-27T20:09:00+00:00,15657.920
2023-07-28T01:19:00+00:00,15650.520
2023-07-28T01:24:00+00:00,15523.120
2023-07-28T10:09:00+00:00,15520.900
2023-07-28T11:19:00+00:00,15425.680
2023-07-28T13:49:00+00:00,15424.200
2023-07-28T17:04:00+00:00,15506.720
2023-07-28T17:04:00+00:00,15503.020
2023-07-28T18:43:00+00:00,15500.060
2023-07-28T19:17:00+00:00,15561.580
2023-07-28T20:05:00+00:00,15619.360
2023-07-28T20:05:00+00:00,15632.400
2023-07-31T13:49:00+00:00,15630.920
2023-07-31T19:39:00+00:00,15513.440
2023-08-01T11:34:00+00:00,15509.740
2023-08-01T12:04:00+00:00,15391.040
2023-08-01T14:04:00+00:00,15389.560
2023-08-01T14:34:00+00:00,15282.080
2023-08-01T14:44:00+00:00,15279.860
2023-08-01T15:09:00+00:00,15175.640
2023-08-02T05:09:00+00:00,15171.200
2023-08-02T08:29:00+00:00,15249.980
2023-08-02T09:44:00+00:00,15244.760
2023-08-02T12:54:00+00:00,15243.280
2023-08-02T14:04:00+00:00,15179.800
2023-08-02T14:04:00+00:00,15177.580
2023-08-02T14:19:00+00:00,15223.340
2023-08-02T14:19:00+00:00,15345.860
2023-08-02T19:14:00+00:00,15343.640
2023-08-02T20:09:00+00:00,15338.420
2023-08-02T23:09:00+00:00,15331.020
2023-08-03T00:14:00+00:00,15203.620
2023-08-03T13:59:00+00:00,15202.140
2023-08-03T14:09:00+00:00,15090.660
2023-08-04T14:09:00+00:00,15089.920
2023-08-04T20:09:00+00:00,15085.180
2023-08-07T13:49:00+00:00,15083.700
2023-08-07T13:54:00+00:00,15082.220
2023-08-07T14:04:00+00:00,15138.480
2023-08-07T18:14:00+00:00,15136.740
2023-08-07T20:09:00+00:00,15137.260
2023-08-07T22:54:00+00:00,15131.340
2023-08-07T23:04:00+00:00,15013.420
2023-08-07T23:09:00+00:00,15008.980
2023-08-08T00:29:00+00:00,14890.540
2023-08-08T02:24:00+00:00,14886.840
2023-08-08T07:34:00+00:00,14783.140
2023-08-08T10:14:00+00:00,14779.440
2023-08-08T10:59:00+00:00,14840.960
2023-08-08T11:14:00+00:00,14871.740
2023-08-08T11:14:00+00:00,14868.040
2023-08-08T11:34:00+00:00,14754.340
2023-08-08T14:19:00+00:00,14753.600
2023-08-08T17:34:00+00:00,14749.900
2023-08-08T20:09:00+00:00,14720.160
2023-08-08T20:09:00+00:00,14666.460
2023-08-09T00:24:00+00:00,14659.800
2023-08-09T00:54:00+00:00,14653.140
2023-08-09T01:19:00+00:00,14538.480
2023-08-09T01:19:00+00:00,14414.820
2023-08-09T01:24:00+00:00,14411.860
2023-08-09T02:54:00+00:00,14485.380
2023-08-09T06:39:00+00:00,14482.420
2023-08-09T07:59:00+00:00,14478.720
2023-08-09T08:24:00+00:00,14383.760
2023-08-09T08:24:00+00:00,14270.060
2023-08-09T09:49:00+00:00,14266.580
2023-08-09T11:49:00+00:00,14264.360
2023-08-09T12:04:00+00:00,14178.140
2023-08-09T12:49:00+00:00,14175.920
2023-08-09T13:54:00+00:00,14173.700
2023-08-09T14:04:00+00:00,14072.480
2023-08-09T14:09:00+00:00,13980.260
2023-08-09T14:09:00+00:00,13978.040
2023-08-09T14:29:00+00:00,13891.820
2023-08-10T01:39:00+00:00,13889.600
2023-08-10T08:39:00+00:00,13929.380
2023-08-10T08:39:00+00:00,13925.680
2023-08-10T10:34:00+00:00,13816.980
2023-08-10T13:44:00+00:00,13814.760
2023-08-10T13:54:00+00:00,13716.540
2023-08-10T14:14:00+00:00,13715.800
2023-08-10T15:39:00+00:00,13712.060
2023-08-10T15:39:00+00:00,13711.320
2023-08-10T20:09:00+00:00,13663.580
2023-08-11T14:09:00+00:00,13662.100
2023-08-11T15:49:00+00:00,13556.620
2023-08-14T13:49:00+00:00,13555.140
2023-08-14T14:14:00+00:00,13481.660
2023-08-15T00:09:00+00:00,13476.480
2023-08-15T01:39:00+00:00,13537.260
2023-08-15T01:49:00+00:00,13530.300
2023-08-15T02:04:00+00:00,13527.340
2023-08-15T05:34:00+00:00,13522.900
2023-08-15T06:24:00+00:00,13416.460
2023-08-15T11:14:00+00:00,13486.980
2023-08-15T11:44:00+00:00,13529.500
2023-08-15T11:44:00+00:00,13525.800
2023-08-15T12:14:00+00:00,13417.100
2023-08-15T13:39:00+00:00,13415.620
2023-08-15T14:09:00+00:00,13332.140
2023-08-15T14:09:00+00:00,13331.400
2023-08-15T20:09:00+00:00,13303.660
2023-08-15T22:54:00+00:00,13295.520
2023-08-15T23:04:00+00:00,13177.380
2023-08-16T03:39:00+00:00,13172.940
2023-08-16T06:04:00+00:00,13072.500
2023-08-16T12:39:00+00:00,13070.280
2023-08-16T13:19:00+00:00,12972.060
2023-08-16T15:44:00+00:00,12970.580
2023-08-16T17:39:00+00:00,13026.840
2023-08-16T18:54:00+00:00,13102.100
2023-08-17T01:04:00+00:00,13096.920
2023-08-17T01:29:00+00:00,12986.740
2023-08-17T07:14:00+00:00,12982.300
2023-08-17T08:59:00+00:00,13047.580
2023-08-17T10:09:00+00:00,13042.360
2023-08-17T13:49:00+00:00,13041.620
2023-08-17T20:09:00+00:00,13112.880
2023-08-18T13:49:00+00:00,13111.400
2023-08-18T15:44:00+00:00,13009.920
2023-08-21T05:29:00+00:00,13006.220
2023-08-21T05:44:00+00:00,13055.740
2023-08-21T06:04:00+00:00,13181.020
2023-08-21T10:49:00+00:00,13177.320
2023-08-21T11:34:00+00:00,13226.840
2023-08-21T11:59:00+00:00,13352.120
2023-08-21T13:49:00+00:00,13351.380
2023-08-21T20:09:00+00:00,13304.640
2023-08-22T02:44:00+00:00,13301.680
2023-08-22T03:19:00+00:00,13214.720
2023-08-22T05:19:00+00:00,13211.760
2023-08-22T06:24:00+00:00,13273.280
2023-08-22T07:44:00+00:00,13376.800
2023-08-22T10:34:00+00:00,13373.100
2023-08-22T12:29:00+00:00,13428.620
2023-08-22T12:44:00+00:00,13568.900
2023-08-22T13:49:00+00:00,13565.940
2023-08-22T13:59:00+00:00,13633.460
2023-08-22T14:04:00+00:00,13629.980
2023-08-23T10:44:00+00:00,13624.800
2023-08-23T10:59:00+00:00,13685.580
2023-08-23T12:09:00+00:00,13822.620
2023-08-23T12:34:00+00:00,13821.140
2023-08-23T13:49:00+00:00,13896.900
2023-08-23T13:49:00+00:00,13896.160
2023-08-23T16:14:00+00:00,14022.920
2023-08-23T20:09:00+00:00,14026.180
2023-08-24T04:39:00+00:00,14020.260
2023-08-24T04:49:00+00:00,13902.340
2023-08-24T08:09:00+00:00,13898.640
2023-08-24T09:59:00+00:00,13794.940
2023-08-24T13:54:00+00:00,13793.460
2023-08-24T20:09:00+00:00,13797.980
2023-08-25T06:09:00+00:00,13793.540
2023-08-25T06:44:00+00:00,13789.100
2023-08-25T07:39:00+00:00,13682.660
2023-08-25T07:39:00+00:00,13582.220
2023-08-25T09:49:00+00:00,13578.520
2023-08-25T11:59:00+00:00,13479.820
2023-08-25T14:04:00+00:00,13479.080
2023-08-25T14:24:00+00:00,13401.340
2023-08-25T14:39:00+00:00,13400.600
2023-08-25T20:09:00+00:00,13326.860
2023-08-28T01:39:00+00:00,13320.940
2023-08-28T05:34:00+00:00,13211.020
2023-08-28T13:29:00+00:00,13208.800
2023-08-28T13:44:00+00:00,13125.580
2023-08-28T13:49:00+00:00,13124.100
2023-08-28T13:59:00+00:00,13123.360
2023-08-28T15:34:00+00:00,13182.620
2023-08-28T20:09:00+00:00,13218.880
2023-08-28T20:09:00+00:00,13239.140
2023-08-29T13:49:00+00:00,13237.660
2023-08-29T14:04:00+00:00,13296.920
2023-08-29T14:04:00+00:00,13295.180
2023-08-30T01:59:00+00:00,13290.740
2023-08-30T06:09:00+00:00,13284.080
2023-08-30T06:19:00+00:00,13178.420
2023-08-30T09:29:00+00:00,13248.200
2023-08-30T12:09:00+00:00,13365.980
2023-08-30T13:54:00+00:00,13364.500
2023-08-30T16:04:00+00:00,13279.020
2023-08-31T14:04:00+00:00,13277.540
2023-08-31T15:39:00+00:00,13182.060
2023-09-01T01:09:00+00:00,13178.360
2023-09-01T02:44:00+00:00,13084.660
2023-09-01T08:34:00+00:00,13081.700
2023-09-01T09:29:00+00:00,12990.740
2023-09-01T12:29:00+00:00,12985.560
2023-09-01T12:34:00+00:00,13041.840
2023-09-01T12:34:00+00:00,13034.880
2023-09-01T13:49:00+00:00,13034.140
2023-09-01T17:24:00+00:00,13066.400
2023-09-01T17:24:00+00:00,13064.180
2023-09-01T20:09:00+00:00,13085.960
2023-09-04T08:34:00+00:00,13083.740
2023-09-04T13:04:00+00:00,13126.500
2023-09-04T13:49:00+00:00,13209.020
2023-09-04T13:49:00+00:00,13204.580
2023-09-04T14:04:00+00:00,13098.140
2023-09-04T14:39:00+00:00,13094.440
2023-09-05T01:44:00+00:00,13035.740
2023-09-05T01:44:00+00:00,13029.820
2023-09-05T01:54:00+00:00,13092.860
2023-09-05T02:59:00+00:00,13085.900
2023-09-05T13:49:00+00:00,13084.420
2023-09-05T20:09:00+00:00,13152.940
2023-09-06T13:39:00+00:00,13150.720
2023-09-06T13:49:00+00:00,13149.980
2023-09-06T13:59:00+00:00,13189.740
2023-09-06T14:04:00+00:00,13186.260
2023-09-06T14:04:00+00:00,13125.520
2023-09-06T14:09:00+00:00,13124.040
2023-09-06T14:44:00+00:00,13184.800
2023-09-06T20:09:00+00:00,13232.060
2023-09-07T09:49:00+00:00,13225.400
2023-09-07T10:04:00+00:00,13119.740
2023-09-07T13:49:00+00:00,13118.260
2023-09-07T20:09:00+00:00,13104.780
2023-09-08T13:04:00+00:00,13103.300
2023-09-08T13:54:00+00:00,13011.820
2023-09-08T13:54:00+00:00,13010.340
2023-09-08T15:09:00+00:00,12928.860
2023-09-08T17:04:00+00:00,12926.640
2023-09-08T20:09:00+00:00,12918.420
2023-09-11T07:29:00+00:00,12915.460
2023-09-11T09:29:00+00:00,12913.980
2023-09-11T10:24:00+00:00,12984.500
2023-09-11T13:14:00+00:00,12981.020
2023-09-11T13:49:00+00:00,12980.280
2023-09-11T20:09:00+00:00,13070.800
2023-09-11T20:09:00+00:00,13099.060
2023-09-12T01:19:00+00:00,13096.100
2023-09-12T01:29:00+00:00,13061.140
2023-09-12T01:29:00+00:00,13058.180
2023-09-12T02:04:00+00:00,13059.220
2023-09-12T02:04:00+00:00,13054.040
2023-09-12T02:44:00+00:00,13110.320
2023-09-12T05:14:00+00:00,13103.360
2023-09-12T14:29:00+00:00,13101.880
2023-09-12T20:09:00+00:00,13122.400
2023-09-13T05:39:00+00:00,13120.920
2023-09-13T09:39:00+00:00,13117.960
2023-09-13T12:24:00+00:00,13015.000
2023-09-13T12:34:00+00:00,12933.520
2023-09-13T13:54:00+00:00,12932.040
2023-09-13T20:09:00+00:00,12998.560
2023-09-13T22:14:00+00:00,12993.380
2023-09-13T23:04:00+00:00,12890.200
2023-09-14T05:39:00+00:00,12887.240
2023-09-14T05:54:00+00:00,12788.280
2023-09-14T14:04:00+00:00,12787.540
2023-09-14T14:34:00+00:00,12725.800
2023-09-15T00:14:00+00:00,12719.880
2023-09-15T01:34:00+00:00,12782.920
2023-09-15T01:39:00+00:00,12889.960
2023-09-15T05:19:00+00:00,12886.260
2023-09-15T06:09:00+00:00,12782.560
2023-09-15T11:19:00+00:00,12778.120
2023-09-15T12:09:00+00:00,12838.900
2023-09-15T12:19:00+00:00,12833.680
2023-09-15T12:19:00+00:00,12829.240
2023-09-15T12:44:00+00:00,12899.020
2023-09-15T12:49:00+00:00,12893.800
2023-09-15T13:54:00+00:00,12891.580
2023-09-15T14:04:00+00:00,12790.360
2023-09-15T15:49:00+00:00,12789.620
2023-09-15T20:09:00+00:00,12742.880
2023-09-18T01:39:00+00:00,12740.660
2023-09-18T02:34:00+00:00,12663.440
2023-09-18T13:19:00+00:00,12661.960
2023-09-18T13:39:00+00:00,12588.480
2023-09-18T13:39:00+00:00,12584.780
2023-09-18T13:49:00+00:00,12486.080
2023-09-18T14:04:00+00:00,12485.340
2023-09-18T14:44:00+00:00,12435.600
2023-09-19T13:49:00+00:00,12434.120
2023-09-19T14:04:00+00:00,12366.640
2023-09-19T14:09:00+00:00,12365.160
2023-09-19T20:09:00+00:00,12389.680
2023-09-20T13:49:00+00:00,12388.940
2023-09-20T19:59:00+00:00,12298.200
2023-09-21T01:24:00+00:00,12295.240
2023-09-21T01:34:00+00:00,12312.280
2023-09-21T01:34:00+00:00,12311.540
2023-09-21T05:19:00+00:00,12294.800
2023-09-21T05:19:00+00:00,12291.840
2023-09-21T06:39:00+00:00,12300.880
2023-09-21T06:39:00+00:00,12297.180
2023-09-21T08:39:00+00:00,12349.700
2023-09-21T08:54:00+00:00,12482.480
2023-09-21T13:14:00+00:00,12481.740
2023-09-21T14:09:00+00:00,12433.000
2023-09-21T14:09:00+00:00,12431.520
2023-09-21T20:09:00+00:00,12434.040
2023-09-22T04:24:00+00:00,12431.080
2023-09-22T06:29:00+00:00,12344.120
2023-09-22T14:04:00+00:00,12340.420
2023-09-22T16:49:00+00:00,12246.720
2023-09-25T07:29:00+00:00,12243.020
2023-09-25T08:19:00+00:00,12295.540
2023-09-25T10:29:00+00:00,12290.320
2023-09-25T13:54:00+00:00,12288.840
2023-09-25T13:59:00+00:00,12287.360
2023-09-25T14:09:00+00:00,12201.880
2023-09-25T14:09:00+00:00,12134.400
2023-09-25T15:54:00+00:00,12133.660
2023-09-25T20:09:00+00:00,12146.920
2023-09-26T01:09:00+00:00,12143.960
2023-09-26T02:39:00+00:00,12061.000
2023-09-26T05:29:00+00:00,12056.560
2023-09-26T06:24:00+00:00,12112.840
2023-09-26T06:59:00+00:00,12208.120
2023-09-26T11:24:00+00:00,12202.940
2023-09-26T11:54:00+00:00,12106.760
2023-09-26T14:04:00+00:00,12104.540
2023-09-26T15:09:00+00:00,12015.320
2023-09-26T19:29:00+00:00,12013.100
2023-09-26T20:09:00+00:00,11983.880
2023-09-27T01:29:00+00:00,11980.920
2023-09-27T01:49:00+00:00,11989.960
2023-09-27T01:49:00+00:00,11987.740
2023-09-27T04:14:00+00:00,12026.000
2023-09-27T05:24:00+00:00,12154.520
2023-09-27T13:49:00+00:00,12153.780
2023-09-27T16:54:00+00:00,12249.040
2023-09-27T22:09:00+00:00,12244.600
2023-09-28T01:19:00+00:00,12150.160
2023-09-28T13:49:00+00:00,12149.420
2023-09-28T15:09:00+00:00,12254.680
2023-09-29T00:14:00+00:00,12248.020
2023-09-29T00:29:00+00:00,12142.360
2023-09-29T00:49:00+00:00,12137.180
2023-09-29T02:04:00+00:00,12041.000
2023-09-29T02:09:00+00:00,12038.780
2023-09-29T03:04:00+00:00,11961.560
2023-09-29T06:09:00+00:00,11958.600
2023-09-29T06:19:00+00:00,11879.640
2023-09-29T12:49:00+00:00,11878.900
2023-09-29T13:49:00+00:00,11854.160
2023-09-29T13:49:00+00:00,11853.420
2023-09-29T14:19:00+00:00,11956.680
2023-10-02T01:09:00+00:00,11952.240
2023-10-02T01:19:00+00:00,11863.800
2023-10-02T10:39:00+00:00,11863.060
2023-10-02T13:49:00+00:00,11868.320
2023-10-02T13:49:00+00:00,11867.580
2023-10-02T14:14:00+00:00,11814.840
2023-10-02T14:14:00+00:00,11814.100
2023-10-02T20:09:00+00:00,11800.360
2023-10-03T07:09:00+00:00,11798.140
2023-10-03T08:04:00+00:00,11711.920
2023-10-03T10:29:00+00:00,11710.440
2023-10-03T13:29:00+00:00,11640.960
2023-10-03T14:04:00+00:00,11640.220
2023-10-03T14:09:00+00:00,11639.480
2023-10-03T14:14:00+00:00,11577.740
2023-10-03T14:39:00+00:00,11472.000
2023-10-03T23:49:00+00:00,11469.040
2023-10-04T00:24:00+00:00,11474.080
2023-10-04T00:24:00+00:00,11468.900
2023-10-04T00:59:00+00:00,11435.720
2023-10-04T00:59:00+00:00,11432.760
2023-10-04T01:54:00+00:00,11429.800
2023-10-04T01:54:00+00:00,11426.840
2023-10-04T02:34:00+00:00,11335.880
2023-10-04T13:49:00+00:00,11335.140
2023-10-04T15:19:00+00:00,11268.400
2023-10-05T08:09:00+00:00,11265.440
2023-10-05T08:59:00+00:00,11174.480
2023-10-05T10:09:00+00:00,11172.260
2023-10-05T10:19:00+00:00,11119.040
2023-10-05T10:19:00+00:00,11116.820
2023-10-05T11:34:00+00:00,11036.600
2023-10-05T12:24:00+00:00,11035.120
2023-10-05T12:39:00+00:00,11077.880
2023-10-05T12:39:00+00:00,11076.140
2023-10-05T14:09:00+00:00,11075.400
2023-10-05T18:14:00+00:00,11073.180
2023-10-05T20:09:00+00:00,11041.440
2023-10-05T20:09:00+00:00,11024.220
2023-10-06T01:44:00+00:00,11022.740
2023-10-06T06:29:00+00:00,10951.260
2023-10-06T08:49:00+00:00,10949.040
2023-10-06T10:09:00+00:00,10946.820
2023-10-06T10:14:00+00:00,10980.580
2023-10-06T11:04:00+00:00,10912.360
2023-10-06T11:09:00+00:00,10908.880
2023-10-06T13:49:00+00:00,10908.140
2023-10-06T13:54:00+00:00,10907.400
2023-10-06T14:14:00+00:00,10807.660
2023-10-06T14:29:00+00:00,10708.920
2023-10-09T04:39:00+00:00,10705.960
2023-10-09T05:34:00+00:00,10764.480
2023-10-09T05:44:00+00:00,10761.000
2023-10-09T05:49:00+00:00,10759.520
2023-10-09T06:34:00+00:00,10738.040
2023-10-09T06:34:00+00:00,10735.820
2023-10-09T07:49:00+00:00,10733.600
2023-10-09T12:09:00+00:00,10770.360
2023-10-09T12:39:00+00:00,10807.120
2023-10-09T12:44:00+00:00,10930.640
2023-10-09T13:19:00+00:00,11054.160
2023-10-09T13:49:00+00:00,11052.680
2023-10-09T14:19:00+00:00,11051.940
2023-10-09T14:34:00+00:00,11106.700
2023-10-09T17:44:00+00:00,11198.460
2023-10-09T18:59:00+00:00,11285.720
2023-10-10T13:59:00+00:00,11284.240
2023-10-10T14:49:00+00:00,11204.760
2023-10-11T15:44:00+00:00,11204.020
2023-10-11T20:09:00+00:00,11213.280
2023-10-12T04:54:00+00:00,11211.060
2023-10-12T06:24:00+00:00,11209.580
2023-10-12T06:44:00+00:00,11241.840
2023-10-12T07:54:00+00:00,11238.360
2023-10-12T08:19:00+00:00,11235.400
2023-10-12T11:44:00+00:00,11279.660
2023-10-12T11:44:00+00:00,11332.180
2023-10-12T12:29:00+00:00,11420.700
2023-10-12T12:34:00+00:00,11418.960
2023-10-12T13:54:00+00:00,11418.220
2023-10-12T20:09:00+00:00,11461.480
2023-10-13T09:24:00+00:00,11460.740
2023-10-13T12:29:00+00:00,11655.000
2023-10-13T13:49:00+00:00,11654.260
2023-10-13T16:09:00+00:00,11785.520
2023-10-16T02:54:00+00:00,11784.780
2023-10-16T12:24:00+00:00,11730.040
2023-10-16T13:49:00+00:00,11729.300
2023-10-16T19:19:00+00:00,11724.860
2023-10-16T20:09:00+00:00,11708.120
2023-10-16T20:09:00+00:00,11709.680
2023-10-16T22:34:00+00:00,11705.240
2023-10-16T22:59:00+00:00,11610.800
2023-10-16T22:59:00+00:00,11607.100
2023-10-16T23:34:00+00:00,11513.400
2023-10-17T05:14:00+00:00,11511.920
2023-10-17T07:49:00+00:00,11554.680
2023-10-17T09:54:00+00:00,11626.440
2023-10-17T12:39:00+00:00,11625.700
2023-10-17T12:54:00+00:00,11575.960
2023-10-17T13:44:00+00:00,11575.220
2023-10-17T13:49:00+00:00,11574.480
2023-10-17T17:44:00+00:00,11499.740
2023-10-17T20:09:00+00:00,11478.000
2023-10-18T06:14:00+00:00,11475.780
2023-10-18T06:39:00+00:00,11401.560
2023-10-18T14:49:00+00:00,11400.820
2023-10-18T20:09:00+00:00,11374.080
2023-10-18T22:14:00+00:00,11370.380
2023-10-19T00:09:00+00:00,11413.900
2023-10-19T00:39:00+00:00,11408.680
2023-10-19T03:24:00+00:00,11407.200
2023-10-19T07:19:00+00:00,11343.720
2023-10-19T08:29:00+00:00,11342.980
2023-10-19T12:19:00+00:00,11340.020
2023-10-19T12:24:00+00:00,11288.280
2023-10-19T12:24:00+00:00,11201.320
2023-10-19T12:34:00+00:00,11199.100
2023-10-19T12:39:00+00:00,11112.880
2023-10-19T15:24:00+00:00,11112.140
2023-10-19T17:24:00+00:00,11235.400
2023-10-20T00:39:00+00:00,11233.180
2023-10-20T00:59:00+00:00,11146.960
2023-10-20T06:59:00+00:00,11146.220
2023-10-20T08:39:00+00:00,11168.480
2023-10-20T08:39:00+00:00,11167.000
2023-10-20T09:19:00+00:00,11095.520
2023-10-20T12:44:00+00:00,11094.040
2023-10-20T13:49:00+00:00,11093.300
2023-10-20T13:54:00+00:00,11151.060
2023-10-20T13:59:00+00:00,11247.820
2023-10-20T15:19:00+00:00,11357.080
2023-10-23T11:34:00+00:00,11356.340
2023-10-23T13:59:00+00:00,11382.600
2023-10-23T13:59:00+00:00,11381.120
2023-10-23T16:34:00+00:00,11380.380
2023-10-23T16:44:00+00:00,11428.900
2023-10-23T16:44:00+00:00,11409.160
2023-10-23T16:49:00+00:00,11406.200
2023-10-23T17:04:00+00:00,11458.720
2023-10-23T17:09:00+00:00,11547.240
2023-10-23T17:19:00+00:00,11545.760
2023-10-23T19:29:00+00:00,11460.280
2023-10-24T00:54:00+00:00,11458.800
2023-10-24T01:14:00+00:00,11387.320
2023-10-24T07:19:00+00:00,11383.620
2023-10-24T08:14:00+00:00,11433.140
2023-10-24T08:44:00+00:00,11558.420
2023-10-24T13:59:00+00:00,11557.680
2023-10-24T16:34:00+00:00,11650.940
2023-10-24T16:54:00+00:00,11649.460
2023-10-24T20:09:00+00:00,11685.980
2023-10-25T00:54:00+00:00,11683.760
2023-10-25T01:04:00+00:00,11600.540
2023-10-25T03:39:00+00:00,11596.100
2023-10-25T04:04:00+00:00,11656.880
2023-10-25T04:54:00+00:00,11651.660
2023-10-25T13:49:00+00:00,11650.920
2023-10-25T14:09:00+00:00,11594.180
2023-10-26T14:09:00+00:00,11593.440
2023-10-26T16:14:00+00:00,11526.700
2023-10-27T01:04:00+00:00,11525.220
2023-10-27T01:34:00+00:00,11523.000
2023-10-27T01:54:00+00:00,11451.780
2023-10-27T02:09:00+00:00,11378.300
2023-10-27T02:44:00+00:00,11376.080
2023-10-27T04:24:00+00:00,11301.860
2023-10-27T06:19:00+00:00,11297.420
2023-10-27T06:49:00+00:00,11208.980
2023-10-27T07:29:00+00:00,11206.020
2023-10-27T07:54:00+00:00,11131.060
2023-10-27T12:59:00+00:00,11130.320
2023-10-27T14:09:00+00:00,11073.580
2023-10-27T14:09:00+00:00,11072.100
2023-10-27T14:44:00+00:00,10986.620
2023-10-29T22:44:00+00:00,10985.880
2023-10-30T06:59:00+00:00,10917.140
2023-10-30T14:19:00+00:00,10916.400
2023-10-30T14:39:00+00:00,10869.660
2023-10-30T17:44:00+00:00,10868.180
2023-10-30T19:29:00+00:00,10804.700
2023-10-31T12:39:00+00:00,10803.220
2023-10-31T13:49:00+00:00,10785.740
2023-10-31T13:49:00+00:00,10785.000
2023-10-31T14:19:00+00:00,10876.260
2023-11-01T13:49:00+00:00,10875.520
2023-11-01T14:04:00+00:00,10956.780
2023-11-02T12:24:00+00:00,10955.300
2023-11-02T13:34:00+00:00,11014.560
2023-11-02T13:54:00+00:00,11013.080
2023-11-02T15:29:00+00:00,11112.340
2023-11-02T20:09:00+00:00,11070.860
2023-11-03T04:09:00+00:00,11069.380
2023-11-03T05:49:00+00:00,11077.900
2023-11-03T05:49:00+00:00,11072.720
2023-11-03T06:24:00+00:00,10983.540
2023-11-03T12:29:00+00:00,10982.800
2023-11-03T13:39:00+00:00,10982.060
2023-11-03T14:29:00+00:00,10905.320
2023-11-03T20:09:00+00:00,10925.580
2023-11-06T13:44:00+00:00,10923.360
2023-11-06T14:49:00+00:00,10948.140
2023-11-06T14:49:00+00:00,10945.180
2023-11-06T14:54:00+00:00,10866.220
2023-11-07T14:49:00+00:00,10865.480
2023-11-07T16:14:00+00:00,10807.740
2023-11-07T16:54:00+00:00,10806.260
2023-11-07T18:29:00+00:00,10742.780
2023-11-08T02:34:00+00:00,10739.080
2023-11-08T05:19:00+00:00,10785.600
2023-11-08T05:34:00+00:00,10903.380
2023-11-08T09:29:00+00:00,10901.160
2023-11-08T10:04:00+00:00,10823.940
2023-11-08T13:29:00+00:00,10821.720
2023-11-08T13:44:00+00:00,10744.500
2023-11-08T14:14:00+00:00,10743.020
2023-11-08T14:54:00+00:00,10782.780
2023-11-08T14:59:00+00:00,10781.300
2023-11-08T15:14:00+00:00,10848.060
2023-11-08T15:29:00+00:00,10895.320
2023-11-08T15:39:00+00:00,10958.580
2023-11-09T08:44:00+00:00,10957.840
2023-11-09T13:24:00+00:00,10955.620
2023-11-09T13:34:00+00:00,10875.400
2023-11-09T14:49:00+00:00,10874.660
2023-11-09T15:44:00+00:00,11016.420
2023-11-09T17:14:00+00:00,11015.680
2023-11-09T18:19:00+00:00,11014.200
2023-11-09T19:04:00+00:00,10946.720
2023-11-09T21:09:00+00:00,10944.980
2023-11-09T21:09:00+00:00,10886.240
2023-11-10T01:09:00+00:00,10882.540
2023-11-10T02:19:00+00:00,10926.060
2023-11-10T03:19:00+00:00,10920.840
2023-11-10T09:49:00+00:00,10916.400
2023-11-10T09:59:00+00:00,10827.960
2023-11-10T14:54:00+00:00,10827.220
2023-11-10T21:09:00+00:00,10889.480
2023-11-13T14:49:00+00:00,10888.000
2023-11-13T15:09:00+00:00,10816.520
2023-11-14T01:29:00+00:00,10814.300
2023-11-14T07:14:00+00:00,10830.080
2023-11-14T07:14:00+00:00,10828.600
2023-11-14T13:34:00+00:00,10871.360
2023-11-14T13:34:00+00:00,10869.620
2023-11-15T01:24:00+00:00,10867.400
2023-11-15T01:34:00+00:00,10856.180
2023-11-15T01:34:00+00:00,10852.480
2023-11-15T02:54:00+00:00,10899.000
2023-11-15T03:49:00+00:00,11016.780
2023-11-15T09:39:00+00:00,11016.040
2023-11-15T09:49:00+00:00,11001.300
2023-11-15T09:49:00+00:00,10998.340
2023-11-15T10:24:00+00:00,10911.380
2023-11-15T13:44:00+00:00,10910.640
2023-11-15T14:49:00+00:00,10909.160
2023-11-15T16:54:00+00:00,10926.420
2023-11-15T16:54:00+00:00,10894.940
2023-11-15T16:59:00+00:00,10894.200
2023-11-15T21:09:00+00:00,10868.460
2023-11-16T02:24:00+00:00,10866.240
2023-11-16T03:14:00+00:00,10898.500
2023-11-16T06:09:00+00:00,11007.020
2023-11-16T14:49:00+00:00,11006.280
2023-11-16T16:29:00+00:00,11030.540
2023-11-16T16:29:00+00:00,11029.060
2023-11-16T20:19:00+00:00,11027.580
2023-11-16T21:09:00+00:00,11070.100
2023-11-16T21:09:00+00:00,11066.620
2023-11-17T11:34:00+00:00,11063.660
2023-11-17T11:44:00+00:00,10976.700
2023-11-17T11:54:00+00:00,10974.480
2023-11-17T13:29:00+00:00,10963.260
2023-11-17T13:29:00+00:00,10961.040
2023-11-17T13:44:00+00:00,10991.800
2023-11-17T13:44:00+00:00,11095.320
2023-11-17T14:49:00+00:00,11094.580
2023-11-17T21:09:00+00:00,11101.840
2023-11-20T02:54:00+00:00,11099.620
2023-11-20T05:19:00+00:00,11115.400
2023-11-20T05:19:00+00:00,11111.700
2023-11-20T05:34:00+00:00,11023.000
2023-11-20T06:29:00+00:00,11020.780
2023-11-20T07:34:00+00:00,10952.560
2023-11-20T14:49:00+00:00,10951.820
2023-11-20T14:54:00+00:00,10951.080
2023-11-20T21:09:00+00:00,11006.340
2023-11-20T21:09:00+00:00,11072.600
2023-11-21T14:54:00+00:00,11071.860
2023-11-21T16:24:00+00:00,11017.120
2023-11-22T15:04:00+00:00,11016.380
2023-11-22T21:09:00+00:00,11078.640
2023-11-23T07:34:00+00:00,11076.420
2023-11-23T08:04:00+00:00,11005.200
2023-11-23T09:49:00+00:00,11002.980
2023-11-23T10:24:00+00:00,10961.760
2023-11-23T10:24:00+00:00,10961.020
2023-11-23T11:19:00+00:00,10959.540
2023-11-23T14:49:00+00:00,10940.800
2023-11-23T14:49:00+00:00,10911.320
2023-11-23T14:54:00+00:00,10909.100
2023-11-23T16:09:00+00:00,10840.880
2023-11-24T02:54:00+00:00,10838.660
2023-11-24T10:09:00+00:00,10767.440
2023-11-24T11:24:00+00:00,10765.960
2023-11-24T13:39:00+00:00,10810.220
2023-11-24T14:39:00+00:00,10884.480
2023-11-24T14:49:00+00:00,10883.000
2023-11-24T15:04:00+00:00,10813.520
2023-11-27T13:44:00+00:00,10811.300
2023-11-27T15:04:00+00:00,10728.080
2023-11-27T15:09:00+00:00,10725.860
2023-11-27T15:19:00+00:00,10645.640
2023-11-28T13:34:00+00:00,10644.900
2023-11-28T14:54:00+00:00,10764.160
2023-11-28T15:39:00+00:00,10763.420
2023-11-28T21:09:00+00:00,10880.680
2023-11-29T13:44:00+00:00,10879.200
2023-11-29T14:39:00+00:00,10807.720
2023-11-29T15:04:00+00:00,10806.980
2023-11-29T15:14:00+00:00,10744.240
2023-11-29T15:14:00+00:00,10742.020
2023-11-29T17:28:00+00:00,10658.800
2023-11-30T12:09:00+00:00,10657.320
2023-11-30T13:34:00+00:00,10706.080
2023-11-30T13:34:00+00:00,10704.340
2023-11-30T15:59:00+00:00,10703.600
2023-11-30T21:09:00+00:00,10679.860
2023-12-01T01:19:00+00:00,10676.160
2023-12-01T02:54:00+00:00,10722.680
2023-12-01T03:24:00+00:00,10717.460
2023-12-01T14:49:00+00:00,10716.720
2023-12-01T16:14:00+00:00,10859.980
2023-12-04T09:44:00+00:00,10859.240
2023-12-04T13:54:00+00:00,10998.500
2023-12-04T14:49:00+00:00,10997.760
2023-12-04T15:24:00+00:00,10936.020
2023-12-04T17:29:00+00:00,10935.280
2023-12-04T21:09:00+00:00,10893.540
2023-12-04T23:44:00+00:00,10892.060
2023-12-04T23:59:00+00:00,10818.580
2023-12-05T03:39:00+00:00,10816.360
2023-12-05T04:49:00+00:00,10854.620
2023-12-05T04:59:00+00:00,10983.140
2023-12-05T08:49:00+00:00,10981.660
2023-12-05T09:14:00+00:00,11034.920
2023-12-05T10:24:00+00:00,11124.180
2023-12-05T14:49:00+00:00,11123.440
2023-12-05T15:04:00+00:00,11050.700
2023-12-05T15:09:00+00:00,11049.960
2023-12-05T15:39:00+00:00,10970.220
2023-12-05T23:54:00+00:00,10967.260
2023-12-06T00:54:00+00:00,11025.780
2023-12-06T01:34:00+00:00,11022.300
2023-12-06T14:44:00+00:00,11020.820
2023-12-06T14:49:00+00:00,11020.080
2023-12-06T14:59:00+00:00,11067.340
2023-12-06T15:34:00+00:00,11065.600
2023-12-06T21:09:00+00:00,11068.860
2023-12-07T11:49:00+00:00,11067.380
2023-12-07T13:19:00+00:00,11073.900
2023-12-07T13:19:00+00:00,11071.680
2023-12-07T13:39:00+00:00,11000.460
2023-12-07T14:49:00+00:00,10999.720
2023-12-07T21:09:00+00:00,10979.980
2023-12-08T03:39:00+00:00,10977.020
2023-12-08T08:09:00+00:00,11032.540
2023-12-08T08:59:00+00:00,11126.060
2023-12-08T09:24:00+00:00,11123.100
2023-12-08T10:09:00+00:00,11178.620
2023-12-08T10:09:00+00:00,11175.140
2023-12-08T13:39:00+00:00,11174.400
2023-12-08T13:44:00+00:00,11104.660
2023-12-08T15:09:00+00:00,11103.920
2023-12-08T16:14:00+00:00,11043.180
2023-12-11T07:54:00+00:00,11041.700
2023-12-11T08:29:00+00:00,11006.220
2023-12-11T08:29:00+00:00,11005.480
2023-12-11T12:14:00+00:00,10982.740
2023-12-11T12:14:00+00:00,10980.520
2023-12-11T13:29:00+00:00,10990.300
2023-12-11T13:29:00+00:00,10988.820
2023-12-11T13:49:00+00:00,10925.340
2023-12-11T14:04:00+00:00,10923.860
2023-12-11T14:34:00+00:00,10844.380
2023-12-11T14:54:00+00:00,10843.640
2023-12-11T17:19:00+00:00,10924.900
2023-12-11T18:39:00+00:00,10923.420
2023-12-11T21:09:00+00:00,10949.940
2023-12-12T15:09:00+00:00,10949.200
2023-12-12T16:39:00+00:00,10903.460
2023-12-13T08:59:00+00:00,10899.760
2023-12-13T09:09:00+00:00,10811.060
2023-12-13T14:19:00+00:00,10808.840
2023-12-13T15:09:00+00:00,10807.360
2023-12-13T15:14:00+00:00,10841.120
2023-12-13T16:19:00+00:00,10837.640
2023-12-13T19:04:00+00:00,10758.160
2023-12-13T19:09:00+00:00,10757.420
2023-12-13T19:44:00+00:00,10906.680
2023-12-14T01:19:00+00:00,10905.940
2023-12-14T03:39:00+00:00,10904.460
2023-12-14T05:59:00+00:00,10824.980
2023-12-14T06:09:00+00:00,10769.240
2023-12-14T07:14:00+00:00,10768.500
2023-12-14T08:04:00+00:00,10725.760
2023-12-14T13:49:00+00:00,10725.020
2023-12-14T14:39:00+00:00,10836.780
2023-12-14T17:04:00+00:00,10836.040
2023-12-14T21:09:00+00:00,10843.300
2023-12-15T02:14:00+00:00,10841.080
2023-12-15T02:29:00+00:00,10871.840
2023-12-15T07:49:00+00:00,10975.360
2023-12-15T15:14:00+00:00,10974.620
2023-12-15T18:19:00+00:00,10914.880
2023-12-18T02:09:00+00:00,10914.140
2023-12-18T08:34:00+00:00,10930.400
2023-12-18T08:34:00+00:00,10927.440
2023-12-18T08:49:00+00:00,10844.480
2023-12-18T14:19:00+00:00,10843.000
2023-12-18T14:59:00+00:00,10801.520
2023-12-18T14:59:00+00:00,10800.040
2023-12-18T15:09:00+00:00,10730.560
2023-12-19T00:59:00+00:00,10728.340
2023-12-19T02:24:00+00:00,10762.100
2023-12-19T02:34:00+00:00,10778.620
2023-12-19T02:34:00+00:00,10776.400
2023-12-19T02:54:00+00:00,10702.180
2023-12-19T11:14:00+00:00,10699.960
2023-12-19T12:44:00+00:00,10699.220
2023-12-19T13:04:00+00:00,10732.980
2023-12-19T14:39:00+00:00,10846.500
2023-12-19T14:49:00+00:00,10960.760
2023-12-19T14:49:00+00:00,10960.020
2023-12-19T21:09:00+00:00,10955.280
2023-12-19T23:29:00+00:00,10952.320
2023-12-19T23:49:00+00:00,10873.360
2023-12-19T23:54:00+00:00,10871.140
2023-12-20T00:49:00+00:00,10802.920
2023-12-20T06:29:00+00:00,10799.960
2023-12-20T07:14:00+00:00,10725.000
2023-12-20T14:29:00+00:00,10724.260
2023-12-20T14:54:00+00:00,10705.520
2023-12-20T14:54:00+00:00,10704.040
2023-12-20T15:14:00+00:00,10632.560
2023-12-21T05:44:00+00:00,10630.340
2023-12-21T07:34:00+00:00,10628.120
2023-12-21T07:34:00+00:00,10625.160
2023-12-21T07:49:00+00:00,10546.200
2023-12-21T14:49:00+00:00,10545.460
2023-12-21T14:59:00+00:00,10496.720
2023-12-22T13:04:00+00:00,10495.980
2023-12-22T13:49:00+00:00,10441.240
2023-12-22T13:54:00+00:00,10440.500
2023-12-22T15:24:00+00:00,10395.760
2023-12-22T15:24:00+00:00,10395.020
2023-12-22T16:49:00+00:00,10516.280
2023-12-26T20:04:00+00:00,10515.540
2023-12-26T21:09:00+00:00,10564.800
2023-12-27T12:54:00+00:00,10561.840
2023-12-27T12:59:00+00:00,10486.880
2023-12-27T15:19:00+00:00,10486.140
2023-12-27T21:09:00+00:00,10531.400
2023-12-28T13:49:00+00:00,10529.180
2023-12-28T13:59:00+00:00,10561.440
2023-12-28T14:54:00+00:00,10557.960
2023-12-28T14:54:00+00:00,10557.220
2023-12-28T17:09:00+00:00,10503.480
2023-12-29T14:49:00+00:00,10502.740
2023-12-29T16:34:00+00:00,10492.000
2023-12-29T16:34:00+00:00,10489.780
2023-12-29T16:54:00+00:00,10412.560
2023-12-29T18:09:00+00:00,10411.820
2023-12-29T19:39:00+00:00,10368.080
2024-01-01T23:09:00+00:00,10365.860
2024-01-02T00:29:00+00:00,10297.640
2024-01-02T11:29:00+00:00,10296.160
2024-01-02T11:34:00+00:00,10238.680
2024-01-02T14:39:00+00:00,10237.940
2024-01-02T14:44:00+00:00,10196.200
2024-01-02T14:59:00+00:00,10195.460
2024-01-02T15:39:00+00:00,10109.720
2024-01-03T01:34:00+00:00,10108.240
2024-01-03T05:39:00+00:00,10146.500
2024-01-03T07:14:00+00:00,10144.760
2024-01-03T14:54:00+00:00,10144.020
2024-01-03T16:04:00+00:00,10076.280
2024-01-03T19:24:00+00:00,10074.800
2024-01-03T19:34:00+00:00,10129.560
2024-01-03T19:59:00+00:00,10127.820
2024-01-04T08:54:00+00:00,10125.600
2024-01-04T09:39:00+00:00,10153.360
2024-01-04T10:04:00+00:00,10149.880
2024-01-04T14:49:00+00:00,10149.140
2024-01-04T15:04:00+00:00,10103.400
2024-01-05T13:39:00+00:00,10101.920
2024-01-05T13:44:00+00:00,10038.440
2024-01-05T13:59:00+00:00,10037.700
2024-01-05T15:04:00+00:00,10036.960
2024-01-05T17:14:00+00:00,9875.220
2024-01-05T21:09:00+00:00,9914.480
2024-01-08T00:19:00+00:00,9912.260
2024-01-08T01:49:00+00:00,9838.040
2024-01-08T09:14:00+00:00,9835.820
2024-01-08T09:49:00+00:00,9869.580
2024-01-08T10:04:00+00:00,9866.100
2024-01-08T10:04:00+00:00,9865.360
2024-01-08T11:19:00+00:00,9959.620
2024-01-08T14:59:00+00:00,9958.880
2024-01-08T20:19:00+00:00,9956.140
2024-01-08T20:19:00+00:00,9954.660
2024-01-08T21:09:00+00:00,9919.180
2024-01-09T06:54:00+00:00,9917.700
2024-01-09T07:09:00+00:00,9860.220
2024-01-09T08:39:00+00:00,9858.740
2024-01-09T10:29:00+00:00,9897.000
2024-01-09T11:14:00+00:00,9895.260
2024-01-09T11:54:00+00:00,9891.560
2024-01-09T13:24:00+00:00,9812.860
2024-01-09T13:39:00+00:00,9812.120
2024-01-09T14:39:00+00:00,9771.380
2024-01-09T14:54:00+00:00,9769.900
2024-01-09T15:59:00+00:00,9817.160
2024-01-09T16:04:00+00:00,9880.420
2024-01-09T16:29:00+00:00,9878.940
2024-01-09T21:08:00+00:00,9875.460
2024-01-10T00:59:00+00:00,9873.980
2024-01-10T01:19:00+00:00,9814.500
2024-01-10T01:44:00+00:00,9813.020
2024-01-10T02:34:00+00:00,9819.540
2024-01-10T02:34:00+00:00,9816.580
2024-01-10T03:59:00+00:00,9869.100
2024-01-10T05:49:00+00:00,9957.620
2024-01-10T12:24:00+00:00,9956.880
2024-01-10T12:44:00+00:00,9956.140
2024-01-10T14:49:00+00:00,9955.400
2024-01-10T17:54:00+00:00,10049.660
2024-01-10T19:14:00+00:00,10048.920
2024-01-10T21:09:00+00:00,10158.180
2024-01-10T21:09:00+00:00,10189.440
2024-01-10T21:09:00+00:00,10157.700
2024-01-11T02:44:00+00:00,10154.740
2024-01-11T04:09:00+00:00,10071.780
2024-01-11T09:44:00+00:00,10068.080
2024-01-11T10:04:00+00:00,9994.380
2024-01-11T15:04:00+00:00,9993.640
2024-01-11T21:09:00+00:00,9976.900
2024-01-12T14:54:00+00:00,9976.160
2024-01-12T17:04:00+00:00,10077.420
2024-01-14T23:44:00+00:00,10073.720
2024-01-15T00:04:00+00:00,9995.020
2024-01-15T00:29:00+00:00,9992.800
2024-01-15T01:44:00+00:00,10020.560
2024-01-15T02:19:00+00:00,10114.080
2024-01-15T15:04:00+00:00,10112.600
2024-01-15T15:54:00+00:00,10055.120
2024-01-16T12:34:00+00:00,10053.640
2024-01-16T13:14:00+00:00,9982.160
2024-01-16T13:39:00+00:00,9981.420
2024-01-16T13:54:00+00:00,9951.680
2024-01-16T13:54:00+00:00,9950.940
2024-01-16T14:54:00+00:00,9950.200
2024-01-16T17:09:00+00:00,10049.460
2024-01-16T18:54:00+00:00,10183.720
2024-01-17T14:54:00+00:00,10182.980
2024-01-17T15:34:00+00:00,10294.240
2024-01-18T02:29:00+00:00,10292.020
2024-01-18T03:09:00+00:00,10322.780
2024-01-18T03:24:00+00:00,10349.300
2024-01-18T03:24:00+00:00,10345.600
2024-01-18T03:29:00+00:00,10271.900
2024-01-18T05:04:00+00:00,10268.940
2024-01-18T06:04:00+00:00,10185.980
2024-01-18T15:19:00+00:00,10184.500
2024-01-18T18:24:00+00:00,10225.760
2024-01-18T18:29:00+00:00,10281.020
2024-01-19T14:59:00+00:00,10278.800
2024-01-19T15:04:00+00:00,10311.060
2024-01-19T15:04:00+00:00,10307.580
2024-01-19T15:09:00+00:00,10306.840
2024-01-19T21:09:00+00:00,10277.100
2024-01-22T06:29:00+00:00,10275.620
2024-01-22T06:44:00+00:00,10218.140
2024-01-22T07:24:00+00:00,10217.400
2024-01-22T08:39:00+00:00,10214.660
2024-01-22T08:39:00+00:00,10213.180
2024-01-22T11:59:00+00:00,10149.700
2024-01-22T13:09:00+00:00,10147.480
2024-01-22T13:34:00+00:00,10184.240
2024-01-22T14:09:00+00:00,10307.760
2024-01-22T14:54:00+00:00,10307.020
2024-01-22T15:39:00+00:00,10321.280
2024-01-22T15:39:00+00:00,10319.800
2024-01-22T17:19:00+00:00,10340.320
2024-01-22T17:19:00+00:00,10339.580
2024-01-22T21:09:00+00:00,10301.840
2024-01-23T15:09:00+00:00,10301.100
2024-01-23T21:09:00+00:00,10326.360
2024-01-24T00:04:00+00:00,10324.140
2024-01-24T01:04:00+00:00,10255.920
2024-01-24T05:04:00+00:00,10252.960
2024-01-24T06:29:00+00:00,10170.000
2024-01-24T14:49:00+00:00,10169.260
2024-01-24T21:09:00+00:00,10291.520
2024-01-25T01:54:00+00:00,10289.300
2024-01-25T08:19:00+00:00,10321.560
2024-01-25T09:39:00+00:00,10318.080
2024-01-25T14:54:00+00:00,10317.340
2024-01-25T15:29:00+00:00,10265.600
2024-01-26T11:14:00+00:00,10262.640
2024-01-26T12:39:00+00:00,10315.160
2024-01-26T13:14:00+00:00,10311.680
2024-01-26T15:04:00+00:00,10310.940
2024-01-26T21:08:00+00:00,10302.200
2024-01-28T23:39:00+00:00,10301.460
2024-01-29T07:04:00+00:00,10253.720
2024-01-29T14:49:00+00:00,10252.980
2024-01-29T20:19:00+00:00,10141.240
2024-01-30T15:04:00+00:00,10140.500
2024-01-30T15:14:00+00:00,10139.760
2024-01-30T15:26:00+00:00,10265.020
2024-01-30T21:08:00+00:00,10257.280
2024-01-31T14:49:00+00:00,10256.540
2024-01-31T19:04:00+00:00,10177.800
2024-01-31T20:09:00+00:00,10177.060
2024-01-31T21:09:00+00:00,10172.320
2024-02-01T08:04:00+00:00,10169.360
2024-02-01T10:14:00+00:00,10086.400
2024-02-01T13:44:00+00:00,10085.660
2024-02-01T14:59:00+00:00,10137.920
2024-02-01T14:59:00+00:00,10136.440
2024-02-01T15:04:00+00:00,10188.200
2024-02-01T15:04:00+00:00,10186.460
2024-02-02T05:04:00+00:00,10184.240
2024-02-02T07:19:00+00:00,10182.020
2024-02-02T08:59:00+00:00,10101.800
2024-02-02T09:59:00+00:00,10021.580
2024-02-02T14:49:00+00:00,10020.840
2024-02-02T21:09:00+00:00,10039.100
2024-02-05T14:49:00+00:00,10038.360
2024-02-05T15:04:00+00:00,9984.620
2024-02-06T11:14:00+00:00,9981.660
2024-02-06T12:54:00+00:00,10031.180
2024-02-06T13:09:00+00:00,10114.700
2024-02-06T14:49:00+00:00,10113.960
2024-02-06T21:09:00+00:00,10158.220
2024-02-07T12:44:00+00:00,10155.260
2024-02-07T13:39:00+00:00,10204.780
2024-02-07T13:54:00+00:00,10245.300
2024-02-07T13:54:00+00:00,10242.340
2024-02-07T14:09:00+00:00,10163.380
2024-02-07T14:29:00+00:00,10161.900
2024-02-07T14:44:00+00:00,10088.420
2024-02-07T14:44:00+00:00,10087.680
2024-02-07T14:49:00+00:00,10086.940
2024-02-07T17:29:00+00:00,10028.200
2024-02-07T21:09:00+00:00,9923.460
2024-02-08T02:24:00+00:00,9919.020
2024-02-08T03:19:00+00:00,9970.800
2024-02-08T03:34:00+00:00,10058.580
2024-02-08T07:39:00+00:00,10056.360
2024-02-08T08:34:00+00:00,10088.620
2024-02-08T09:44:00+00:00,10085.140
2024-02-08T15:14:00+00:00,10084.400
2024-02-08T18:04:00+00:00,10022.660
2024-02-09T05:54:00+00:00,10020.440
2024-02-09T12:44:00+00:00,10055.700
2024-02-09T13:04:00+00:00,10174.220
2024-02-09T15:09:00+00:00,10172.740
2024-02-09T15:24:00+00:00,10105.260
2024-02-11T23:09:00+00:00,10103.040
2024-02-11T23:44:00+00:00,10034.820
2024-02-12T07:29:00+00:00,10031.120
2024-02-12T08:24:00+00:00,10074.640
2024-02-12T08:49:00+00:00,10069.420
2024-02-12T13:29:00+00:00,10068.680
2024-02-12T14:24:00+00:00,10162.940
2024-02-12T15:54:00+00:00,10162.200
2024-02-12T17:29:00+00:00,10104.460
2024-02-13T13:39:00+00:00,10103.720
2024-02-13T14:34:00+00:00,10275.480
2024-02-13T14:54:00+00:00,10274.740
2024-02-13T21:09:00+00:00,10282.000
2024-02-14T02:19:00+00:00,10275.340
2024-02-14T03:49:00+00:00,10187.680
2024-02-14T14:54:00+00:00,10186.200
2024-02-14T16:34:00+00:00,10108.720
2024-02-14T19:59:00+00:00,10104.280
2024-02-14T20:19:00+00:00,10027.840
2024-02-15T10:59:00+00:00,10024.880
2024-02-15T11:44:00+00:00,9953.920
2024-02-15T12:09:00+00:00,9950.960
2024-02-15T12:44:00+00:00,9876.000
2024-02-15T14:49:00+00:00,9875.260
2024-02-15T14:54:00+00:00,9874.520
2024-02-15T21:09:00+00:00,9853.780
2024-02-15T21:09:00+00:00,9847.040
2024-02-16T02:19:00+00:00,9844.080
2024-02-16T04:04:00+00:00,9841.120
2024-02-16T04:04:00+00:00,9836.680
2024-02-16T06:24:00+00:00,9754.240
2024-02-16T14:54:00+00:00,9753.500
2024-02-16T15:04:00+00:00,9705.760
2024-02-16T15:14:00+00:00,9705.020
2024-02-16T17:49:00+00:00,9799.280
2024-02-18T23:09:00+00:00,9798.540
2024-02-19T00:14:00+00:00,9759.800
2024-02-19T09:04:00+00:00,9755.360
2024-02-19T10:39:00+00:00,9672.920
2024-02-19T11:44:00+00:00,9670.700
2024-02-19T12:54:00+00:00,9699.960
2024-02-19T13:09:00+00:00,9700.480
2024-02-19T13:09:00+00:00,9698.260
2024-02-19T13:24:00+00:00,9666.040
2024-02-19T13:24:00+00:00,9663.820
2024-02-19T14:49:00+00:00,9657.900
2024-02-19T14:54:00+00:00,9571.980
2024-02-19T15:59:00+00:00,9599.740
2024-02-19T16:04:00+00:00,9693.260
2024-02-20T19:54:00+00:00,9692.520
2024-02-20T21:09:00+00:00,9700.780
2024-02-21T05:44:00+00:00,9699.300
2024-02-21T06:19:00+00:00,9663.820
2024-02-21T06:19:00+00:00,9662.340
2024-02-21T13:29:00+00:00,9660.120
2024-02-21T13:44:00+00:00,9585.900
2024-02-21T15:14:00+00:00,9582.420
2024-02-21T15:14:00+00:00,9580.940
2024-02-21T15:49:00+00:00,9523.460
2024-02-21T20:24:00+00:00,9521.980
2024-02-21T21:09:00+00:00,9526.500
2024-02-22T00:54:00+00:00,9522.800
2024-02-22T01:04:00+00:00,9444.100
2024-02-22T14:49:00+00:00,9443.360
2024-02-22T14:54:00+00:00,9442.620
2024-02-22T15:04:00+00:00,9403.880
2024-02-22T15:14:00+00:00,9366.140
2024-02-22T18:39:00+00:00,9364.660
2024-02-22T21:09:00+00:00,9397.180
2024-02-23T00:44:00+00:00,9394.220
2024-02-23T01:04:00+00:00,9323.260
2024-02-23T14:59:00+00:00,9321.780
2024-02-23T16:09:00+00:00,9372.040
2024-02-23T16:14:00+00:00,9439.300
2024-02-26T06:34:00+00:00,9436.340
2024-02-26T07:49:00+00:00,9473.380
2024-02-26T07:49:00+00:00,9469.680
2024-02-26T08:24:00+00:00,9390.980
2024-02-26T10:19:00+00:00,9389.500
2024-02-26T10:54:00+00:00,9328.020
2024-02-26T14:49:00+00:00,9326.540
2024-02-26T15:19:00+00:00,9259.060
2024-02-27T06:49:00+00:00,9256.100
2024-02-27T07:24:00+00:00,9189.140
2024-02-27T13:54:00+00:00,9186.920
2024-02-27T14:14:00+00:00,9121.700
2024-02-27T15:44:00+00:00,9120.220
2024-02-27T17:59:00+00:00,9136.740
2024-02-27T17:59:00+00:00,9135.260
2024-02-27T18:24:00+00:00,9172.020
2024-02-27T18:49:00+00:00,9170.280
2024-02-28T14:49:00+00:00,9167.320
2024-02-28T15:34:00+00:00,9100.360
2024-02-29T01:09:00+00:00,9096.660
2024-02-29T02:29:00+00:00,9134.180
2024-02-29T03:34:00+00:00,9128.960
2024-02-29T14:49:00+00:00,9128.220
2024-02-29T16:14:00+00:00,9091.480
2024-02-29T16:14:00+00:00,9090.740
2024-02-29T21:09:00+00:00,9109.000
2024-03-01T05:34:00+00:00,9105.300
2024-03-01T06:24:00+00:00,9142.820
2024-03-01T07:14:00+00:00,9238.100
2024-03-01T14:39:00+00:00,9236.620
2024-03-01T14:49:00+00:00,9274.880
2024-03-01T14:49:00+00:00,9339.140
2024-03-01T14:49:00+00:00,9338.400
2024-03-01T15:14:00+00:00,9260.660
2024-03-01T15:19:00+00:00,9259.920
2024-03-01T21:09:00+00:00,9511.180
2024-03-04T05:54:00+00:00,9508.220
2024-03-04T06:54:00+00:00,9441.260
2024-03-04T14:59:00+00:00,9440.520
2024-03-04T16:14:00+00:00,9587.780
2024-03-05T07:29:00+00:00,9584.820
2024-03-05T08:09:00+00:00,9631.340
2024-03-05T08:19:00+00:00,9709.860
2024-03-05T15:14:00+00:00,9709.120
2024-03-05T15:54:00+00:00,9636.380
2024-03-05T18:24:00+00:00,9634.160
2024-03-05T19:19:00+00:00,9562.940
2024-03-06T05:44:00+00:00,9560.720
2024-03-06T06:54:00+00:00,9495.500
2024-03-06T11:09:00+00:00,9494.020
2024-03-06T11:44:00+00:00,9530.780
2024-03-06T12:39:00+00:00,9592.540
2024-03-06T14:49:00+00:00,9591.800
2024-03-06T15:04:00+00:00,9516.060
2024-03-06T15:09:00+00:00,9515.320
2024-03-06T16:59:00+00:00,9418.580
2024-03-07T01:09:00+00:00,9417.840
2024-03-07T02:34:00+00:00,9379.100
2024-03-07T07:49:00+00:00,9378.360
2024-03-07T08:29:00+00:00,9339.620
2024-03-07T12:59:00+00:00,9338.880
2024-03-07T14:14:00+00:00,9297.140
2024-03-07T14:54:00+00:00,9296.400
2024-03-07T15:14:00+00:00,9295.660
2024-03-07T16:14:00+00:00,9245.920
2024-03-07T20:29:00+00:00,9245.180
2024-03-07T21:09:00+00:00,9256.440
2024-03-07T21:09:00+00:00,9236.700
2024-03-08T00:49:00+00:00,9234.480
2024-03-08T01:04:00+00:00,9175.260
2024-03-08T04:59:00+00:00,9174.520
2024-03-08T08:29:00+00:00,9261.280
2024-03-08T15:04:00+00:00,9260.540
2024-03-08T16:09:00+00:00,9270.800
2024-03-08T16:09:00+00:00,9270.060
2024-03-08T17:04:00+00:00,9159.320
2024-03-11T14:04:00+00:00,9158.580
2024-03-11T14:09:00+00:00,9157.840
2024-03-11T15:19:00+00:00,9094.100
2024-03-11T15:24:00+00:00,9012.360
2024-03-11T22:29:00+00:00,9011.620
2024-03-11T22:49:00+00:00,8970.880
2024-03-11T22:49:00+00:00,8969.400
2024-03-11T23:24:00+00:00,8913.920
2024-03-12T02:09:00+00:00,8912.440
2024-03-12T04:14:00+00:00,8956.960
2024-03-12T04:14:00+00:00,8954.000
2024-03-12T05:44:00+00:00,8887.040
2024-03-12T06:04:00+00:00,8881.860
2024-03-12T06:24:00+00:00,8806.680
2024-03-12T12:59:00+00:00,8805.940
2024-03-12T14:09:00+00:00,8957.700
2024-03-12T14:09:00+00:00,8956.960
2024-03-12T14:54:00+00:00,8842.220
2024-03-13T05:54:00+00:00,8838.520
2024-03-13T05:59:00+00:00,8769.820
2024-03-13T15:24:00+00:00,8769.080
2024-03-13T20:09:00+00:00,8759.340
2024-03-13T23:39:00+00:00,8752.680
2024-03-14T00:04:00+00:00,8791.720
2024-03-14T00:04:00+00:00,8783.020
2024-03-14T03:54:00+00:00,8780.060
2024-03-14T04:34:00+00:00,8717.100
2024-03-14T09:39:00+00:00,8716.360
2024-03-14T12:04:00+00:00,8673.620
2024-03-14T14:24:00+00:00,8672.880
2024-03-14T14:34:00+00:00,8638.140
2024-03-14T14:34:00+00:00,8637.400
2024-03-14T15:19:00+00:00,8592.660
2024-03-14T23:59:00+00:00,8586.740
2024-03-15T00:09:00+00:00,8508.820
2024-03-15T05:39:00+00:00,8508.080
2024-03-15T12:29:00+00:00,8470.340
2024-03-15T13:49:00+00:00,8469.600
2024-03-15T17:34:00+00:00,8429.860
2024-03-18T01:09:00+00:00,8426.900
2024-03-18T01:24:00+00:00,8470.420
2024-03-18T02:49:00+00:00,8543.940
2024-03-18T14:04:00+00:00,8543.200
2024-03-18T15:44:00+00:00,8530.460
2024-03-18T15:44:00+00:00,8528.240
2024-03-18T15:59:00+00:00,8472.020
2024-03-18T22:39:00+00:00,8469.060
2024-03-18T23:59:00+00:00,8402.100
2024-03-19T02:19:00+00:00,8400.620
2024-03-19T05:24:00+00:00,8337.140
2024-03-19T06:24:00+00:00,8335.660
2024-03-19T08:09:00+00:00,8286.180
2024-03-19T12:49:00+00:00,8285.440
2024-03-19T13:44:00+00:00,8234.700
2024-03-19T13:49:00+00:00,8233.960
2024-03-19T16:19:00+00:00,8186.220
2024-03-20T07:49:00+00:00,8184.000
2024-03-20T08:19:00+00:00,8208.760
2024-03-20T09:59:00+00:00,8292.280
2024-03-20T13:14:00+00:00,8291.540
2024-03-20T13:49:00+00:00,8290.800
2024-03-20T16:09:00+00:00,8290.060
2024-03-20T18:04:00+00:00,8411.820
2024-03-20T18:04:00+00:00,8513.080
2024-03-20T18:04:00+00:00,8632.340
2024-03-21T13:49:00+00:00,8631.600
2024-03-21T14:09:00+00:00,8754.860
2024-03-22T06:34:00+00:00,8753.380
2024-03-22T07:09:00+00:00,8799.140
2024-03-22T07:19:00+00:00,8875.900
2024-03-22T13:49:00+00:00,8875.160
2024-03-22T14:14:00+00:00,8825.420
2024-03-22T14:14:00+00:00,8824.680
2024-03-22T16:39:00+00:00,8921.440
2024-03-22T17:09:00+00:00,8919.960
2024-03-22T17:24:00+00:00,8854.480
2024-03-25T01:24:00+00:00,8853.740
2024-03-25T04:34:00+00:00,8818.000
2024-03-25T07:19:00+00:00,8816.520
2024-03-25T08:49:00+00:00,8755.040
2024-03-25T13:39:00+00:00,8754.300
2024-03-25T18:14:00+00:00,8705.560
2024-03-25T19:09:00+00:00,8704.820
2024-03-25T20:09:00+00:00,8709.080
2024-03-25T22:58:00+00:00,8706.120
2024-03-26T00:34:00+00:00,8643.160
2024-03-26T01:24:00+00:00,8642.420
2024-03-26T01:44:00+00:00,8606.680
2024-03-26T07:34:00+00:00,8604.460
2024-03-26T08:24:00+00:00,8633.720
2024-03-26T08:34:00+00:00,8732.240
2024-03-26T15:14:00+00:00,8731.500
2024-03-26T20:09:00+00:00,8724.760
2024-03-27T00:19:00+00:00,8723.280
2024-03-27T01:44:00+00:00,8755.540
2024-03-27T02:06:00+00:00,8762.800
2024-03-27T02:06:00+00:00,8762.060
2024-03-27T07:04:00+00:00,8756.320
2024-03-27T07:04:00+00:00,8754.840
2024-03-27T07:14:00+00:00,8707.360
2024-03-27T07:14:00+00:00,8705.880
2024-03-27T08:34:00+00:00,8704.400
2024-03-27T08:34:00+00:00,8702.920
2024-03-27T09:19:00+00:00,8653.440
2024-03-27T11:49:00+00:00,8651.960
2024-03-27T12:04:00+00:00,8684.220
2024-03-27T12:04:00+00:00,8738.480
2024-03-27T13:59:00+00:00,8737.740
2024-03-27T17:24:00+00:00,8728.000
2024-03-27T17:24:00+00:00,8727.260
2024-03-27T17:34:00+00:00,8726.520
2024-03-27T19:59:00+00:00,8691.780
2024-03-27T20:08:00+00:00,8689.040
2024-03-28T12:39:00+00:00,8688.300
2024-03-28T13:04:00+00:00,8607.560
2024-03-28T13:54:00+00:00,8606.820
2024-03-28T14:39:00+00:00,8547.080
2024-04-01T07:44:00+00:00,8545.600
2024-04-01T08:04:00+00:00,8577.860
2024-04-01T08:09:00+00:00,8576.120
2024-04-01T08:09:00+00:00,8574.640
2024-04-01T08:29:00+00:00,8525.160
2024-04-01T13:49:00+00:00,8524.420
2024-04-01T14:54:00+00:00,8590.680
2024-04-01T14:54:00+00:00,8589.940
2024-04-01T20:09:00+00:00,8689.200
2024-04-02T04:34:00+00:00,8688.460
2024-04-02T09:34:00+00:00,8797.720
2024-04-02T13:49:00+00:00,8796.980
2024-04-02T14:49:00+00:00,8769.240
2024-04-02T14:49:00+00:00,8768.500
2024-04-02T19:04:00+00:00,8654.760
2024-04-03T14:04:00+00:00,8654.020
2024-04-03T16:24:00+00:00,8785.280
2024-04-04T01:29:00+00:00,8783.800
2024-04-04T03:24:00+00:00,8781.580
2024-04-04T03:34:00+00:00,8716.360
2024-04-04T05:44:00+00:00,8652.880
2024-04-04T07:39:00+00:00,8651.400
2024-04-04T07:54:00+00:00,8583.920
2024-04-04T13:39:00+00:00,8583.180
2024-04-04T14:04:00+00:00,8541.440
2024-04-04T14:04:00+00:00,8540.700
2024-04-04T19:39:00+00:00,8468.960
2024-04-05T06:19:00+00:00,8467.480
2024-04-05T07:09:00+00:00,8412.000
2024-04-05T12:09:00+00:00,8410.520
2024-04-05T12:29:00+00:00,8451.780
2024-04-05T12:34:00+00:00,8450.040
2024-04-05T13:54:00+00:00,8449.300
2024-04-05T14:34:00+00:00,8630.560
2024-04-08T06:49:00+00:00,8629.820
2024-04-08T13:59:00+00:00,8629.080
2024-04-08T17:34:00+00:00,8543.340
2024-04-08T20:09:00+00:00,8525.600
2024-04-09T00:24:00+00:00,8522.640
2024-04-09T00:39:00+00:00,8455.680
2024-04-09T01:09:00+00:00,8453.460
2024-04-09T01:14:00+00:00,8385.240
2024-04-09T12:29:00+00:00,8384.500
2024-04-09T13:39:00+00:00,8256.760
2024-04-09T14:14:00+00:00,8256.020
2024-04-09T14:39:00+00:00,8166.280
2024-04-10T12:39:00+00:00,8165.540
2024-04-10T13:59:00+00:00,8202.800
2024-04-10T13:59:00+00:00,8202.060
2024-04-10T17:39:00+00:00,8201.320
2024-04-10T20:09:00+00:00,8170.580
2024-04-10T20:09:00+00:00,8108.840
2024-04-11T01:14:00+00:00,8108.100
2024-04-11T08:14:00+00:00,8048.360
2024-04-11T09:19:00+00:00,8047.620
2024-04-11T09:49:00+00:00,8038.880
2024-04-11T09:49:00+00:00,8038.140
2024-04-11T10:59:00+00:00,7952.400
2024-04-11T13:49:00+00:00,7951.660
2024-04-11T14:14:00+00:00,7899.920
2024-04-12T08:14:00+00:00,7899.180
2024-04-12T10:34:00+00:00,7859.440
2024-04-12T13:59:00+00:00,7858.700
2024-04-12T14:59:00+00:00,8089.960
2024-04-15T11:34:00+00:00,8089.220
2024-04-15T13:04:00+00:00,8052.480
2024-04-15T14:04:00+00:00,8051.740
2024-04-15T16:44:00+00:00,7895.000
2024-04-16T00:59:00+00:00,7894.260
2024-04-16T02:59:00+00:00,7852.520
2024-04-16T10:29:00+00:00,7851.780
2024-04-16T11:09:00+00:00,7818.040
2024-04-16T13:59:00+00:00,7817.300
2024-04-16T14:39:00+00:00,7778.560
2024-04-16T14:39:00+00:00,7777.820
2024-04-16T15:04:00+00:00,7917.080
2024-04-16T18:14:00+00:00,7916.340
2024-04-16T20:09:00+00:00,7897.600
2024-04-17T13:49:00+00:00,7896.860
2024-04-17T14:04:00+00:00,7832.120
2024-04-17T14:09:00+00:00,7831.380
2024-04-17T16:34:00+00:00,8005.640
2024-04-18T05:44:00+00:00,8004.160
2024-04-18T06:09:00+00:00,7956.680
2024-04-18T06:19:00+00:00,7955.200
2024-04-18T07:34:00+00:00,7988.960
2024-04-18T08:09:00+00:00,7987.220
2024-04-18T10:29:00+00:00,7986.480
2024-04-18T13:29:00+00:00,8078.240
2024-04-18T13:44:00+00:00,8077.500
2024-04-18T13:49:00+00:00,8007.760
2024-04-18T14:34:00+00:00,8007.020
2024-04-18T19:29:00+00:00,8006.280
2024-04-18T20:09:00+00:00,7946.540
2024-04-18T20:09:00+00:00,7928.800
2024-04-18T22:04:00+00:00,7926.580
2024-04-19T00:09:00+00:00,7867.360
2024-04-19T00:09:00+00:00,7865.880
2024-04-19T00:59:00+00:00,7812.400
2024-04-19T02:54:00+00:00,7811.660
2024-04-19T11:14:00+00:00,7481.920
2024-04-19T13:49:00+00:00,7481.180
2024-04-19T14:19:00+00:00,7415.440
2024-04-19T19:09:00+00:00,7414.700
2024-04-19T20:09:00+00:00,7482.960
2024-04-22T12:49:00+00:00,7482.220
2024-04-22T13:19:00+00:00,7489.480
2024-04-22T13:19:00+00:00,7488.740
2024-04-22T13:34:00+00:00,7414.000
2024-04-22T14:29:00+00:00,7413.260
2024-04-22T16:24:00+00:00,7313.520
2024-04-23T13:49:00+00:00,7312.780
2024-04-23T20:09:00+00:00,7300.040
2024-04-24T13:49:00+00:00,7299.300
2024-04-24T14:39:00+00:00,7225.560
2024-04-25T14:24:00+00:00,7224.820
2024-04-25T14:59:00+00:00,7308.080
2024-04-25T14:59:00+00:00,7307.340
2024-04-25T20:09:00+00:00,7309.600
2024-04-26T12:54:00+00:00,7308.860
2024-04-26T13:04:00+00:00,7233.120
2024-04-26T14:04:00+00:00,7232.380
2024-04-26T14:14:00+00:00,7176.640
2024-04-29T01:34:00+00:00,7175.900
2024-04-29T01:39:00+00:00,7112.160
2024-04-29T14:09:00+00:00,7111.420
2024-04-29T20:09:00+00:00,7108.680
2024-04-30T11:59:00+00:00,7107.940
2024-04-30T12:04:00+00:00,7075.200
2024-04-30T13:49:00+00:00,7074.460
2024-04-30T13:59:00+00:00,7021.720
2024-04-30T13:59:00+00:00,7020.980
2024-04-30T18:59:00+00:00,7187.740
2024-04-30T19:09:00+00:00,7187.000
2024-04-30T20:09:00+00:00,7197.260
2024-05-01T01:49:00+00:00,7195.780
2024-05-01T03:19:00+00:00,7142.300
2024-05-01T09:24:00+00:00,7140.820
2024-05-01T09:34:00+00:00,7087.340
2024-05-01T14:04:00+00:00,7086.600
2024-05-01T14:44:00+00:00,7036.860
2024-05-01T17:14:00+00:00,7036.120
2024-05-01T18:04:00+00:00,6960.380
2024-05-02T13:49:00+00:00,6959.640
2024-05-02T14:19:00+00:00,6885.900
2024-05-03T07:29:00+00:00,6885.160
2024-05-03T11:14:00+00:00,6849.420
2024-05-03T12:39:00+00:00,6848.680
2024-05-03T12:44:00+00:00,6808.940
2024-05-06T00:39:00+00:00,6807.460
2024-05-06T00:44:00+00:00,6763.980
2024-05-06T13:54:00+00:00,6763.240
2024-05-06T14:39:00+00:00,6762.500
2024-05-06T16:54:00+00:00,6796.760
2024-05-06T16:54:00+00:00,6780.020
2024-05-06T16:59:00+00:00,6779.280
2024-05-06T20:09:00+00:00,6774.540
2024-05-07T07:34:00+00:00,6773.800
2024-05-07T08:14:00+00:00,6743.060
2024-05-07T14:19:00+00:00,6742.320
2024-05-07T14:59:00+00:00,6687.580
2024-05-08T14:14:00+00:00,6686.840
2024-05-08T20:09:00+00:00,6641.100
2024-05-09T00:54:00+00:00,6640.360
2024-05-09T05:19:00+00:00,6709.620
2024-05-09T13:54:00+00:00,6708.880
2024-05-09T14:09:00+00:00,6802.140
2024-05-09T17:09:00+00:00,6801.400
2024-05-09T19:54:00+00:00,6913.160
2024-05-10T12:29:00+00:00,6912.420
2024-05-10T14:04:00+00:00,6870.680
2024-05-10T14:04:00+00:00,6869.940
2024-05-10T14:24:00+00:00,6787.200
2024-05-10T15:19:00+00:00,6786.460
2024-05-10T20:09:00+00:00,6793.720
2024-05-13T00:19:00+00:00,6792.240
2024-05-13T01:14:00+00:00,6742.760
2024-05-13T01:19:00+00:00,6742.020
2024-05-13T06:19:00+00:00,6836.280
2024-05-13T07:14:00+00:00,6835.540
2024-05-13T08:29:00+00:00,6799.800
2024-05-13T13:49:00+00:00,6799.060
2024-05-13T20:09:00+00:00,6836.320
2024-05-14T01:09:00+00:00,6835.580
2024-05-14T01:29:00+00:00,6834.840
2024-05-14T01:29:00+00:00,6834.100
2024-05-14T01:59:00+00:00,6804.360
2024-05-14T07:39:00+00:00,6802.880
2024-05-14T08:49:00+00:00,6802.140
2024-05-14T08:54:00+00:00,6834.400
2024-05-14T09:04:00+00:00,6888.660
2024-05-14T12:29:00+00:00,6913.920
2024-05-14T12:29:00+00:00,6913.180
2024-05-14T12:39:00+00:00,6879.440
2024-05-14T12:44:00+00:00,6878.700
2024-05-14T13:49:00+00:00,6877.960
2024-05-14T14:14:00+00:00,6916.220
2024-05-14T14:14:00+00:00,6921.480
2024-05-14T14:19:00+00:00,6920.740
2024-05-14T14:34:00+00:00,6865.000
2024-05-15T06:44:00+00:00,6864.260
2024-05-15T07:34:00+00:00,6943.520
2024-05-15T11:24:00+00:00,6942.040
2024-05-15T11:34:00+00:00,6892.560
2024-05-15T13:49:00+00:00,6891.820
2024-05-15T14:39:00+00:00,6774.080
2024-05-16T05:54:00+00:00,6773.340
2024-05-16T07:14:00+00:00,6837.600
2024-05-16T12:39:00+00:00,6836.860
2024-05-16T13:04:00+00:00,6806.120
2024-05-16T15:24:00+00:00,6805.380
2024-05-16T20:09:00+00:00,6780.640
2024-05-17T00:09:00+00:00,6779.900
2024-05-17T02:54:00+00:00,6749.160
2024-05-17T02:59:00+00:00,6748.420
2024-05-17T05:34:00+00:00,6681.680
2024-05-17T14:29:00+00:00,6680.940
2024-05-17T20:09:00+00:00,6771.200
2024-05-19T22:09:00+00:00,6770.460
2024-05-20T00:09:00+00:00,6753.720
2024-05-20T00:09:00+00:00,6752.980
2024-05-20T00:29:00+00:00,6703.240
2024-05-20T00:29:00+00:00,6702.500
2024-05-20T01:04:00+00:00,6851.760
2024-05-20T13:59:00+00:00,6851.020
2024-05-20T20:09:00+00:00,6897.280
2024-05-21T00:54:00+00:00,6896.540
2024-05-21T01:14:00+00:00,6890.800
2024-05-21T01:14:00+00:00,6890.060
2024-05-21T01:39:00+00:00,6889.320
2024-05-21T02:39:00+00:00,7031.080
2024-05-21T02:59:00+00:00,7195.340
2024-05-21T15:04:00+00:00,7194.600
2024-05-21T15:44:00+00:00,7105.860
2024-05-22T07:29:00+00:00,7105.120
2024-05-22T07:34:00+00:00,7075.380
2024-05-22T09:34:00+00:00,7074.640
2024-05-22T10:04:00+00:00,7045.900
2024-05-22T14:09:00+00:00,7045.160
2024-05-22T18:44:00+00:00,7282.420
2024-05-23T08:39:00+00:00,7281.680
2024-05-23T13:49:00+00:00,7238.940
2024-05-23T13:49:00+00:00,7238.200
2024-05-23T20:09:00+00:00,7476.460
2024-05-24T01:24:00+00:00,7475.720
2024-05-24T02:29:00+00:00,7418.980
2024-05-24T02:44:00+00:00,7418.240
2024-05-24T05:39:00+00:00,7417.500
2024-05-24T07:14:00+00:00,7521.760
2024-05-24T10:39:00+00:00,7573.020
2024-05-24T10:39:00+00:00,7572.280
2024-05-24T13:29:00+00:00,7536.540
2024-05-24T13:44:00+00:00,7535.800
2024-05-24T13:49:00+00:00,7535.060
2024-05-24T14:09:00+00:00,7544.320
2024-05-24T14:09:00+00:00,7529.580
2024-05-24T14:14:00+00:00,7528.840
2024-05-24T15:39:00+00:00,7477.100
2024-05-27T13:49:00+00:00,7476.360
2024-05-28T01:19:00+00:00,7411.620
2024-05-28T13:49:00+00:00,7410.880
2024-05-28T20:09:00+00:00,7379.140
2024-05-29T13:49:00+00:00,7378.400
2024-05-29T15:29:00+00:00,7377.660
2024-05-29T20:09:00+00:00,7434.920
2024-05-29T20:09:00+00:00,7455.180
2024-05-30T13:19:00+00:00,7454.440
2024-05-30T13:59:00+00:00,7453.700
2024-05-30T15:19:00+00:00,7399.960
2024-05-30T20:23:00+00:00,7403.220
2024-05-31T07:09:00+00:00,7402.480
2024-05-31T12:34:00+00:00,7371.740
2024-05-31T13:49:00+00:00,7371.000
2024-05-31T13:54:00+00:00,7318.260
2024-05-31T16:29:00+00:00,7317.520
2024-05-31T20:09:00+00:00,7378.780
2024-06-03T12:29:00+00:00,7377.300
2024-06-03T13:04:00+00:00,7412.560
2024-06-03T13:09:00+00:00,7410.820
2024-06-03T14:04:00+00:00,7410.080
2024-06-03T20:09:00+00:00,7493.340
2024-06-04T06:09:00+00:00,7492.600
2024-06-04T06:54:00+00:00,7445.860
2024-06-04T13:39:00+00:00,7445.120
2024-06-04T13:49:00+00:00,7444.380
2024-06-04T14:14:00+00:00,7536.140
2024-06-04T20:09:00+00:00,7520.400
2024-06-05T13:59:00+00:00,7519.660
2024-06-05T14:04:00+00:00,7457.920
2024-06-05T15:59:00+00:00,7457.180
2024-06-05T20:09:00+00:00,7450.440
2024-06-06T04:54:00+00:00,7449.700
2024-06-06T06:49:00+00:00,7459.960
2024-06-06T06:49:00+00:00,7459.220
2024-06-06T07:44:00+00:00,7423.480
2024-06-06T15:09:00+00:00,7422.740
2024-06-06T20:09:00+00:00,7470.000
2024-06-07T05:14:00+00:00,7468.520
2024-06-07T05:49:00+00:00,7506.780
2024-06-07T05:59:00+00:00,7571.040
2024-06-07T13:49:00+00:00,7570.300
2024-06-07T20:09:00+00:00,7806.560
2024-06-09T22:09:00+00:00,7805.820
2024-06-10T05:29:00+00:00,7794.080
2024-06-10T05:29:00+00:00,7793.340
2024-06-10T06:29:00+00:00,7758.600
2024-06-10T06:59:00+00:00,7757.860
2024-06-10T11:14:00+00:00,7852.120
2024-06-10T15:44:00+00:00,7851.380
2024-06-10T20:09:00+00:00,7859.640
2024-06-11T02:29:00+00:00,7858.160
2024-06-11T02:34:00+00:00,7804.680
2024-06-11T09:54:00+00:00,7803.940
2024-06-11T12:19:00+00:00,7880.700
2024-06-11T14:04:00+00:00,7879.960
2024-06-11T16:24:00+00:00,7813.220
2024-06-12T13:54:00+00:00,7812.480
2024-06-12T20:09:00+00:00,7855.740
2024-06-13T00:49:00+00:00,7854.260
2024-06-13T01:14:00+00:00,7895.520
2024-06-13T01:29:00+00:00,7964.780
2024-06-13T03:29:00+00:00,7964.040
2024-06-13T06:19:00+00:00,7963.300
2024-06-13T06:59:00+00:00,7931.560
2024-06-13T10:09:00+00:00,7896.820
2024-06-13T10:09:00+00:00,7895.340
2024-06-13T11:04:00+00:00,7833.860
2024-06-13T12:39:00+00:00,7833.120
2024-06-13T13:49:00+00:00,7791.380
2024-06-13T13:49:00+00:00,7790.640
2024-06-13T16:04:00+00:00,7977.900
2024-06-14T00:19:00+00:00,7976.420
2024-06-14T00:39:00+00:00,7926.940
2024-06-14T01:34:00+00:00,7925.460
2024-06-14T01:54:00+00:00,7875.980
2024-06-14T01:59:00+00:00,7875.240
2024-06-14T07:54:00+00:00,7979.500
2024-06-14T12:14:00+00:00,7978.760
2024-06-14T13:49:00+00:00,7957.020
2024-06-14T13:49:00+00:00,7956.280
2024-06-14T15:54:00+00:00,7868.540
2024-06-14T19:09:00+00:00,7867.060
2024-06-14T20:09:00+00:00,7905.580
2024-06-17T01:24:00+00:00,7904.840
2024-06-17T01:49:00+00:00,7888.100
2024-06-17T01:49:00+00:00,7887.360
2024-06-17T04:54:00+00:00,7885.140
2024-06-17T05:34:00+00:00,7911.400
2024-06-17T05:39:00+00:00,7999.920
2024-06-17T07:44:00+00:00,7999.180
2024-06-17T08:19:00+00:00,7953.440
2024-06-17T11:39:00+00:00,7951.960
2024-06-17T13:14:00+00:00,7900.480
2024-06-17T14:29:00+00:00,7900.740
2024-06-17T14:29:00+00:00,7900.000
2024-06-17T15:29:00+00:00,7832.260
2024-06-17T23:09:00+00:00,7828.560
2024-06-17T23:49:00+00:00,7764.860
2024-06-18T12:39:00+00:00,7764.120
2024-06-18T12:59:00+00:00,7683.380
2024-06-18T13:54:00+00:00,7682.640
2024-06-18T15:19:00+00:00,7681.900
2024-06-18T20:09:00+00:00,7736.160
2024-06-18T20:09:00+00:00,7767.420
2024-06-19T00:44:00+00:00,7765.200
2024-06-19T01:09:00+00:00,7714.980
2024-06-19T05:39:00+00:00,7714.240
2024-06-19T07:09:00+00:00,7671.500
2024-06-19T11:34:00+00:00,7670.020
2024-06-19T12:19:00+00:00,7680.540
2024-06-19T12:19:00+00:00,7679.060
2024-06-19T12:34:00+00:00,7717.320
2024-06-19T13:24:00+00:00,7715.580
2024-06-19T14:04:00+00:00,7714.840
2024-06-19T16:04:00+00:00,7653.100
2024-06-19T17:14:00+00:00,7652.360
2024-06-20T13:49:00+00:00,7799.120
2024-06-20T13:49:00+00:00,7798.380
2024-06-20T14:49:00+00:00,7965.640
2024-06-21T01:14:00+00:00,7964.160
2024-06-21T01:34:00+00:00,7997.920
2024-06-21T02:14:00+00:00,7996.180
2024-06-21T07:39:00+00:00,7995.440
2024-06-21T08:29:00+00:00,8072.200
2024-06-21T13:49:00+00:00,8071.460
2024-06-21T14:29:00+00:00,8254.720
2024-06-24T05:44:00+00:00,8253.240
2024-06-24T07:19:00+00:00,8225.760
2024-06-24T07:19:00+00:00,8225.020
2024-06-24T09:34:00+00:00,8190.280
2024-06-24T13:49:00+00:00,8189.540
2024-06-24T14:04:00+00:00,8188.800
2024-06-24T18:19:00+00:00,8146.060
2024-06-24T18:49:00+00:00,8083.320
2024-06-25T01:14:00+00:00,8082.580
2024-06-25T02:04:00+00:00,8107.840
2024-06-25T02:04:00+00:00,8105.620
2024-06-25T02:14:00+00:00,8040.400
2024-06-25T05:44:00+00:00,8038.920
2024-06-25T06:59:00+00:00,7987.440
2024-06-25T13:59:00+00:00,7986.700
2024-06-25T14:14:00+00:00,7927.960
2024-06-25T23:04:00+00:00,7926.480
2024-06-25T23:24:00+00:00,7877.000
2024-06-26T00:19:00+00:00,7874.780
2024-06-26T00:54:00+00:00,7815.560
2024-06-26T01:19:00+00:00,7814.820
2024-06-26T01:39:00+00:00,7776.080
2024-06-26T11:44:00+00:00,7775.340
2024-06-26T13:09:00+00:00,7741.600
2024-06-26T14:04:00+00:00,7740.860
2024-06-26T20:09:00+00:00,7714.120
2024-06-27T06:24:00+00:00,7713.380
2024-06-27T06:44:00+00:00,7712.640
2024-06-27T06:44:00+00:00,7711.900
2024-06-27T08:04:00+00:00,7679.160
2024-06-27T14:04:00+00:00,7678.420
2024-06-27T20:09:00+00:00,7652.680
2024-06-28T07:49:00+00:00,7651.940
2024-06-28T08:04:00+00:00,7638.200
2024-06-28T08:04:00+00:00,7636.720
2024-06-28T08:24:00+00:00,7593.240
2024-06-28T14:14:00+00:00,7592.500
2024-06-28T14:39:00+00:00,7532.760
2024-06-30T22:09:00+00:00,7530.540
2024-07-01T00:09:00+00:00,7529.800
2024-07-01T00:19:00+00:00,7556.060
2024-07-01T00:39:00+00:00,7552.580
2024-07-01T00:44:00+00:00,7538.840
2024-07-01T00:44:00+00:00,7538.100
2024-07-01T04:39:00+00:00,7507.360
2024-07-01T13:44:00+00:00,7506.620
2024-07-01T13:59:00+00:00,7456.880
2024-07-01T14:24:00+00:00,7456.140
2024-07-01T20:09:00+00:00,7345.400
2024-07-02T13:49:00+00:00,7344.660
2024-07-02T14:09:00+00:00,7266.920
2024-07-02T14:14:00+00:00,7266.180
2024-07-02T20:09:00+00:00,7226.440
2024-07-03T02:44:00+00:00,7224.220
2024-07-03T02:49:00+00:00,7165.000
2024-07-03T14:04:00+00:00,7164.260
2024-07-03T17:34:00+00:00,7163.520
2024-07-03T19:39:00+00:00,7106.780
2024-07-03T20:09:00+00:00,7054.040
2024-07-04T02:54:00+00:00,7051.820
2024-07-04T03:14:00+00:00,7004.600
2024-07-04T04:09:00+00:00,7003.120
2024-07-04T05:19:00+00:00,6953.640
2024-07-04T06:44:00+00:00,6952.900
2024-07-04T08:39:00+00:00,6957.160
2024-07-04T08:39:00+00:00,6956.420
2024-07-04T08:54:00+00:00,6926.680
2024-07-04T09:14:00+00:00,6925.940
2024-07-04T11:19:00+00:00,6897.200
2024-07-04T13:49:00+00:00,6894.240
2024-07-04T14:19:00+00:00,6928.760
2024-07-04T14:24:00+00:00,6975.280
2024-07-04T15:14:00+00:00,6974.540
2024-07-04T15:24:00+00:00,6943.800
2024-07-05T15:19:00+00:00,6943.060
2024-07-05T20:09:00+00:00,6978.320
2024-07-08T01:09:00+00:00,6976.840
2024-07-08T01:14:00+00:00,6929.360
2024-07-08T05:29:00+00:00,6927.880
2024-07-08T05:54:00+00:00,6955.640
2024-07-08T06:44:00+00:00,7002.400
2024-07-08T10:09:00+00:00,7001.660
2024-07-08T12:44:00+00:00,6968.920
2024-07-08T12:54:00+00:00,6968.180
2024-07-08T13:49:00+00:00,6931.440
2024-07-08T13:49:00+00:00,6930.700
2024-07-08T14:04:00+00:00,6865.960
2024-07-09T09:29:00+00:00,6865.220
2024-07-09T09:39:00+00:00,6837.480
2024-07-09T13:54:00+00:00,6836.740
2024-07-09T14:04:00+00:00,6787.000
2024-07-10T03:29:00+00:00,6786.260
2024-07-10T06:29:00+00:00,6785.520
2024-07-10T10:49:00+00:00,6832.780
2024-07-10T10:49:00+00:00,6862.040
2024-07-10T10:54:00+00:00,6860.560
2024-07-10T11:34:00+00:00,6821.080
2024-07-10T13:49:00+00:00,6820.340
2024-07-10T14:24:00+00:00,6778.600
2024-07-11T06:54:00+00:00,6777.120
2024-07-11T07:19:00+00:00,6733.640
2024-07-11T12:39:00+00:00,6732.900
2024-07-11T14:09:00+00:00,6732.160
2024-07-11T20:09:00+00:00,6878.420
2024-07-11T20:09:00+00:00,6906.680
2024-07-12T05:59:00+00:00,6905.940
2024-07-12T07:29:00+00:00,6972.700
2024-07-12T07:39:00+00:00,6971.960
2024-07-12T10:29:00+00:00,6927.220
2024-07-12T12:39:00+00:00,6926.480
2024-07-12T12:54:00+00:00,6868.740
2024-07-12T13:14:00+00:00,6868.000
2024-07-12T14:04:00+00:00,6867.260
2024-07-12T20:09:00+00:00,6938.520
2024-07-12T20:09:00+00:00,6982.780
2024-07-15T05:39:00+00:00,6980.560
2024-07-15T06:04:00+00:00,7003.820
2024-07-15T06:14:00+00:00,7082.340
2024-07-15T13:24:00+00:00,7081.600
2024-07-15T13:44:00+00:00,7052.860
2024-07-15T13:59:00+00:00,7052.120
2024-07-15T15:04:00+00:00,7199.380
2024-07-16T00:19:00+00:00,7197.900
2024-07-16T01:14:00+00:00,7228.660
2024-07-16T01:34:00+00:00,7280.420
2024-07-16T06:09:00+00:00,7279.680
2024-07-16T06:44:00+00:00,7247.940
2024-07-16T08:14:00+00:00,7247.200
2024-07-16T09:29:00+00:00,7195.460
2024-07-16T12:39:00+00:00,7194.720
2024-07-16T12:49:00+00:00,7162.980
2024-07-16T14:29:00+00:00,7162.240
2024-07-16T18:44:00+00:00,7161.500
2024-07-16T20:09:00+00:00,7378.760
2024-07-16T20:09:00+00:00,7408.020
2024-07-17T03:44:00+00:00,7407.280
2024-07-17T04:59:00+00:00,7370.540
2024-07-17T08:29:00+00:00,7369.060
2024-07-17T08:39:00+00:00,7407.320
2024-07-17T08:54:00+00:00,7405.580
2024-07-17T13:44:00+00:00,7404.840
2024-07-17T13:59:00+00:00,7404.100
2024-07-17T14:09:00+00:00,7358.360
2024-07-17T14:09:00+00:00,7250.620
2024-07-17T14:14:00+00:00,7249.880
2024-07-17T16:29:00+00:00,7381.640
2024-07-18T03:24:00+00:00,7380.900
2024-07-18T05:14:00+00:00,7350.160
2024-07-18T13:59:00+00:00,7349.420
2024-07-18T14:59:00+00:00,7348.680
2024-07-18T16:04:00+00:00,7266.940
2024-07-18T16:44:00+00:00,7137.200
2024-07-19T15:09:00+00:00,7136.460
2024-07-19T15:14:00+00:00,7135.720
2024-07-19T16:54:00+00:00,7064.980
2024-07-19T17:44:00+00:00,7064.240
2024-07-19T20:09:00+00:00,6978.500
2024-07-19T20:09:00+00:00,6976.760
2024-07-22T00:09:00+00:00,6975.280
2024-07-22T01:04:00+00:00,7003.040
2024-07-22T01:04:00+00:00,7001.300
2024-07-22T05:09:00+00:00,7000.560
2024-07-22T06:04:00+00:00,6961.820
2024-07-22T07:24:00+00:00,6961.080
2024-07-22T08:54:00+00:00,6932.340
2024-07-22T08:54:00+00:00,6931.600
2024-07-22T09:44:00+00:00,6898.860
2024-07-22T11:14:00+00:00,6898.120
2024-07-22T12:09:00+00:00,6984.880
2024-07-22T13:59:00+00:00,6984.140
2024-07-22T19:54:00+00:00,6919.400
2024-07-23T07:34:00+00:00,6918.660
2024-07-23T07:59:00+00:00,6873.920
2024-07-23T11:44:00+00:00,6873.180
2024-07-23T13:54:00+00:00,6872.440
2024-07-23T14:34:00+00:00,6811.700
2024-07-23T20:09:00+00:00,6815.960
2024-07-24T01:19:00+00:00,6815.220
2024-07-24T01:29:00+00:00,6781.480
2024-07-24T05:44:00+00:00,6780.740
2024-07-24T08:04:00+00:00,6779.260
2024-07-24T08:14:00+00:00,6731.780
2024-07-24T08:59:00+00:00,6693.040
2024-07-24T13:19:00+00:00,6692.300
2024-07-24T13:39:00+00:00,6640.560
2024-07-24T13:49:00+00:00,6639.820
2024-07-24T17:04:00+00:00,6560.080
2024-07-25T05:49:00+00:00,6559.340
2024-07-25T07:24:00+00:00,6558.600
2024-07-25T12:04:00+00:00,6483.860
2024-07-25T12:04:00+00:00,6430.120
2024-07-25T13:54:00+00:00,6429.380
2024-07-25T16:29:00+00:00,6441.640
2024-07-25T16:29:00+00:00,6440.900
2024-07-25T17:29:00+00:00,6388.160
2024-07-26T01:34:00+00:00,6387.420
2024-07-26T04:34:00+00:00,6386.680
2024-07-26T05:09:00+00:00,6359.940
2024-07-26T12:29:00+00:00,6416.200
2024-07-26T12:29:00+00:00,6415.460
2024-07-26T12:34:00+00:00,6379.720
2024-07-26T14:04:00+00:00,6378.980
2024-07-26T20:09:00+00:00,6389.240
2024-07-28T22:04:00+00:00,6387.760
2024-07-28T22:14:00+00:00,6338.280
2024-07-29T06:09:00+00:00,6337.540
2024-07-29T07:24:00+00:00,6290.800
2024-07-29T13:49:00+00:00,6290.060
2024-07-29T15:14:00+00:00,6403.320
2024-07-30T01:43:00+00:00,6402.580
2024-07-30T02:49:00+00:00,6401.840
2024-07-30T04:24:00+00:00,6463.600
2024-07-30T05:38:00+00:00,6462.860
2024-07-30T06:04:00+00:00,6547.120
2024-07-30T08:33:00+00:00,6546.380
2024-07-30T11:59:00+00:00,6509.640
2024-07-30T13:49:00+00:00,6562.900
2024-07-30T13:49:00+00:00,6562.160
2024-07-30T16:58:00+00:00,6509.420
2024-07-31T11:54:00+00:00,6508.680
2024-07-31T12:34:00+00:00,6475.940
2024-07-31T13:54:00+00:00,6475.200
2024-07-31T14:54:00+00:00,6413.460
2024-08-01T13:49:00+00:00,6412.720
2024-08-01T14:04:00+00:00,6335.980
2024-08-01T14:14:00+00:00,6335.240
2024-08-01T20:09:00+00:00,6408.500
2024-08-02T12:39:00+00:00,6407.760
2024-08-02T13:04:00+00:00,6373.020
2024-08-02T14:04:00+00:00,6372.280
2024-08-02T14:34:00+00:00,6259.540
2024-08-02T18:44:00+00:00,6258.800
2024-08-02T20:09:00+00:00,6193.060
2024-08-05T13:49:00+00:00,6192.320
2024-08-05T20:04:00+00:00,6324.580
2024-08-06T01:34:00+00:00,6323.840
2024-08-06T05:49:00+00:00,6208.100
2024-08-06T06:34:00+00:00,6207.360
2024-08-06T12:34:00+00:00,6085.620
2024-08-06T14:04:00+00:00,6084.880
2024-08-06T14:29:00+00:00,5990.140
2024-08-06T19:04:00+00:00,5989.400
2024-08-06T20:09:00+00:00,6015.660
2024-08-06T22:04:00+00:00,6014.920
2024-08-06T23:19:00+00:00,5977.180
2024-08-07T01:24:00+00:00,5976.440
2024-08-07T01:54:00+00:00,5908.700
2024-08-07T09:59:00+00:00,5907.960
2024-08-07T10:39:00+00:00,5879.220
2024-08-07T10:39:00+00:00,5878.480
2024-08-07T14:54:00+00:00,5890.740
2024-08-07T14:54:00+00:00,5890.000
2024-08-07T18:39:00+00:00,6025.260
2024-08-08T14:14:00+00:00,6024.520
2024-08-08T20:09:00+00:00,6075.780
2024-08-09T13:49:00+00:00,6075.040
2024-08-09T14:04:00+00:00,6022.300
2024-08-09T14:04:00+00:00,6021.560
2024-08-09T14:34:00+00:00,6020.820
2024-08-09T20:09:00+00:00,6045.080
2024-08-09T20:09:00+00:00,5994.340
2024-08-11T22:09:00+00:00,5992.860
2024-08-11T22:19:00+00:00,5949.380
2024-08-11T22:24:00+00:00,5948.640
2024-08-11T23:14:00+00:00,5902.900
2024-08-12T02:19:00+00:00,5901.420
2024-08-12T04:14:00+00:00,5932.180
2024-08-12T04:44:00+00:00,5983.940
2024-08-12T12:09:00+00:00,5983.200
2024-08-12T13:44:00+00:00,6072.460
2024-08-12T13:54:00+00:00,6071.720
2024-08-12T14:24:00+00:00,5958.980
2024-08-12T22:24:00+00:00,5958.240
2024-08-13T00:39:00+00:00,5932.500
2024-08-13T00:59:00+00:00,5931.760
2024-08-13T01:09:00+00:00,5906.020
2024-08-13T13:54:00+00:00,5905.280
2024-08-13T14:29:00+00:00,5827.540
2024-08-14T01:09:00+00:00,5826.800
2024-08-14T01:54:00+00:00,5798.060
2024-08-14T01:54:00+00:00,5797.320
2024-08-14T02:44:00+00:00,5838.580
2024-08-14T02:44:00+00:00,5837.840
2024-08-14T06:04:00+00:00,5836.360
2024-08-14T06:24:00+00:00,5865.620
2024-08-14T06:29:00+00:00,5919.880
2024-08-14T06:34:00+00:00,5969.140
2024-08-14T10:34:00+00:00,5968.400
2024-08-14T11:09:00+00:00,5978.660
2024-08-14T11:09:00+00:00,5977.920
2024-08-14T12:34:00+00:00,5924.180
2024-08-14T15:34:00+00:00,5923.440
2024-08-14T20:09:00+00:00,5904.700
2024-08-15T01:04:00+00:00,5903.960
2024-08-15T04:04:00+00:00,5872.220
2024-08-15T13:24:00+00:00,5871.480
2024-08-15T13:49:00+00:00,5790.740
2024-08-15T13:49:00+00:00,5790.000
2024-08-15T14:29:00+00:00,5666.260
2024-08-16T07:59:00+00:00,5665.520
2024-08-16T12:54:00+00:00,5914.780
2024-08-16T13:49:00+00:00,5914.040
2024-08-16T14:04:00+00:00,5798.300
2024-08-19T04:39:00+00:00,5797.560
2024-08-19T06:24:00+00:00,5789.820
2024-08-19T06:24:00+00:00,5789.080
2024-08-19T08:19:00+00:00,5751.340
2024-08-19T11:19:00+00:00,5750.600
2024-08-19T13:54:00+00:00,5749.860
2024-08-19T13:59:00+00:00,5749.120
2024-08-19T14:04:00+00:00,5828.380
2024-08-19T20:09:00+00:00,5925.640
2024-08-19T20:09:00+00:00,6025.900
2024-08-20T04:39:00+00:00,6025.160
2024-08-20T06:09:00+00:00,5996.420
2024-08-20T06:34:00+00:00,5995.680
2024-08-20T07:49:00+00:00,6094.940
2024-08-20T11:44:00+00:00,6094.200
2024-08-20T11:59:00+00:00,6068.460
2024-08-20T15:04:00+00:00,6067.720
2024-08-20T15:09:00+00:00,6066.980
2024-08-20T20:09:00+00:00,6044.240
2024-08-20T20:09:00+00:00,6006.500
2024-08-21T01:19:00+00:00,6005.760
2024-08-21T01:49:00+00:00,5971.020
2024-08-21T06:29:00+00:00,5970.280
2024-08-21T06:44:00+00:00,5928.540
2024-08-21T14:09:00+00:00,5927.800
2024-08-21T14:19:00+00:00,5873.060
2024-08-21T14:19:00+00:00,5872.320
2024-08-21T20:09:00+00:00,5944.580
2024-08-22T14:04:00+00:00,5943.840
2024-08-22T18:54:00+00:00,5943.100
2024-08-22T18:54:00+00:00,5942.360
2024-08-22T19:24:00+00:00,5911.620
2024-08-23T14:04:00+00:00,5910.880
2024-08-23T14:09:00+00:00,5910.140
2024-08-23T19:14:00+00:00,5909.400
2024-08-23T20:09:00+00:00,5902.660
2024-08-23T20:09:00+00:00,5864.920
2024-08-23T20:09:00+00:00,5851.180
2024-08-26T00:44:00+00:00,5849.700
2024-08-26T00:49:00+00:00,5875.960
2024-08-26T00:49:00+00:00,5874.220
2024-08-26T01:54:00+00:00,5873.480
2024-08-26T03:14:00+00:00,5841.740
2024-08-26T10:39:00+00:00,5841.000
2024-08-26T11:54:00+00:00,5810.260
2024-08-26T12:29:00+00:00,5809.520
2024-08-26T13:49:00+00:00,5808.780
2024-08-26T13:59:00+00:00,5898.040
2024-08-26T20:09:00+00:00,5898.300
2024-08-27T04:04:00+00:00,5896.820
2024-08-27T04:29:00+00:00,5853.340
2024-08-27T07:19:00+00:00,5852.600
2024-08-27T07:39:00+00:00,5919.360
2024-08-27T08:24:00+00:00,5918.620
2024-08-27T09:29:00+00:00,5913.880
2024-08-27T09:29:00+00:00,5913.140
2024-08-27T12:29:00+00:00,5912.400
2024-08-27T13:44:00+00:00,5925.660
2024-08-27T13:44:00+00:00,5927.920
2024-08-27T13:49:00+00:00,5927.180
2024-08-27T14:14:00+00:00,5926.440
2024-08-27T20:09:00+00:00,6053.700
2024-08-27T20:09:00+00:00,6141.960
2024-08-28T16:24:00+00:00,6141.220
2024-08-28T18:44:00+00:00,6049.480
2024-08-28T18:44:00+00:00,6048.740
2024-08-28T19:39:00+00:00,6058.000
2024-08-29T02:19:00+00:00,6057.260
2024-08-29T08:09:00+00:00,6085.520
2024-08-29T08:09:00+00:00,6084.780
2024-08-29T08:29:00+00:00,6084.040
2024-08-29T09:39:00+00:00,6034.300
2024-08-29T09:54:00+00:00,5979.560
2024-08-29T12:59:00+00:00,5978.820
2024-08-29T13:54:00+00:00,5978.080
2024-08-29T15:09:00+00:00,6122.340
2024-08-29T20:09:00+00:00,6168.600
2024-08-30T01:24:00+00:00,6167.120
2024-08-30T01:49:00+00:00,6117.640
2024-08-30T01:49:00+00:00,6116.900
2024-08-30T06:24:00+00:00,6082.160
2024-08-30T12:39:00+00:00,6081.420
2024-08-30T13:19:00+00:00,6158.180
2024-08-30T14:29:00+00:00,6157.440
2024-08-30T20:09:00+00:00,6231.700
2024-09-02T05:34:00+00:00,6230.960
2024-09-02T06:04:00+00:00,6200.220
2024-09-02T14:14:00+00:00,6199.480
2024-09-02T14:49:00+00:00,6164.740
2024-09-03T12:14:00+00:00,6164.000
2024-09-03T13:34:00+00:00,6083.260
2024-09-03T13:49:00+00:00,6082.520
2024-09-03T19:29:00+00:00,5912.780
2024-09-04T07:39:00+00:00,5912.040
2024-09-04T07:59:00+00:00,5884.300
2024-09-04T12:49:00+00:00,5883.560
2024-09-04T13:49:00+00:00,5841.820
2024-09-04T13:49:00+00:00,5841.080
2024-09-04T14:04:00+00:00,5786.340
2024-09-04T19:09:00+00:00,5785.600
2024-09-04T20:09:00+00:00,5770.860
2024-09-05T13:24:00+00:00,5770.120
2024-09-05T13:49:00+00:00,5743.380
2024-09-05T13:49:00+00:00,5742.640
2024-09-05T14:19:00+00:00,5688.900
2024-09-05T14:19:00+00:00,5688.160
2024-09-05T14:44:00+00:00,5622.420
2024-09-06T01:49:00+00:00,5620.940
2024-09-06T02:39:00+00:00,5648.700
2024-09-06T04:44:00+00:00,5695.460
2024-09-06T06:49:00+00:00,5694.720
2024-09-06T07:59:00+00:00,5668.980
2024-09-06T08:19:00+00:00,5668.240
2024-09-06T12:09:00+00:00,5639.500
2024-09-06T13:09:00+00:00,5638.760
2024-09-06T14:44:00+00:00,5633.020
2024-09-06T14:44:00+00:00,5632.280
2024-09-06T14:54:00+00:00,5557.540
2024-09-06T14:59:00+00:00,5556.800
2024-09-06T20:09:00+00:00,5669.060
2024-09-09T13:29:00+00:00,5668.320
2024-09-09T13:54:00+00:00,5667.580
2024-09-09T16:59:00+00:00,5624.840
2024-09-09T17:49:00+00:00,5624.100
2024-09-09T18:54:00+00:00,5591.360
2024-09-09T20:09:00+00:00,5557.620
2024-09-10T05:19:00+00:00,5555.400
2024-09-10T06:04:00+00:00,5574.160
2024-09-10T06:19:00+00:00,5637.680
2024-09-10T07:24:00+00:00,5636.940
2024-09-10T07:49:00+00:00,5637.200
2024-09-10T07:49:00+00:00,5636.460
2024-09-10T10:14:00+00:00,5606.720
2024-09-10T10:39:00+00:00,5605.980
2024-09-10T12:34:00+00:00,5579.240
2024-09-10T13:54:00+00:00,5578.500
2024-09-10T14:39:00+00:00,5589.760
2024-09-10T14:39:00+00:00,5587.540
2024-09-10T14:44:00+00:00,5543.320
2024-09-10T15:59:00+00:00,5542.580
2024-09-10T19:24:00+00:00,5541.100
2024-09-10T19:59:00+00:00,5489.360
2024-09-10T19:59:00+00:00,5457.880
2024-09-11T07:39:00+00:00,5457.140
2024-09-11T12:24:00+00:00,5536.400
2024-09-11T12:39:00+00:00,5535.660
2024-09-11T13:54:00+00:00,5513.920
2024-09-11T13:54:00+00:00,5513.180
2024-09-11T14:09:00+00:00,5447.440
2024-09-12T11:14:00+00:00,5446.700
2024-09-12T12:19:00+00:00,5498.460
2024-09-12T12:34:00+00:00,5497.720
2024-09-12T12:44:00+00:00,5466.980
2024-09-12T14:39:00+00:00,5466.240
2024-09-12T16:19:00+00:00,5439.500
2024-09-12T16:19:00+00:00,5438.760
2024-09-12T18:39:00+00:00,5354.020
2024-09-13T01:04:00+00:00,5353.280
2024-09-13T01:19:00+00:00,5320.540
2024-09-13T05:54:00+00:00,5319.800
2024-09-13T07:54:00+00:00,5287.060
2024-09-13T11:54:00+00:00,5286.320
2024-09-13T12:54:00+00:00,5358.080
2024-09-13T14:19:00+00:00,5357.340
2024-09-13T16:04:00+00:00,5275.600
2024-09-13T16:29:00+00:00,5274.860
2024-09-13T17:04:00+00:00,5242.120
2024-09-13T19:29:00+00:00,5241.380
2024-09-13T20:09:00+00:00,5240.640
2024-09-16T01:34:00+00:00,5239.900
2024-09-16T06:39:00+00:00,5316.660
2024-09-16T13:54:00+00:00,5315.920
2024-09-16T14:09:00+00:00,5237.180
2024-09-16T14:09:00+00:00,5236.440
2024-09-16T19:29:00+00:00,5245.700
2024-09-16T19:29:00+00:00,5244.220
2024-09-16T20:09:00+00:00,5258.740
2024-09-17T00:39:00+00:00,5257.260
2024-09-17T00:49:00+00:00,5221.780
2024-09-17T02:54:00+00:00,5221.040
2024-09-17T06:34:00+00:00,5178.300
2024-09-17T07:29:00+00:00,5177.560
2024-09-17T09:24:00+00:00,5069.820
2024-09-17T09:34:00+00:00,5069.080
2024-09-17T09:44:00+00:00,5040.340
2024-09-17T13:49:00+00:00,5039.600
2024-09-17T14:44:00+00:00,4984.860
2024-09-17T19:29:00+00:00,4984.120
2024-09-17T20:09:00+00:00,4975.380
2024-09-17T22:49:00+00:00,4973.160
2024-09-17T23:04:00+00:00,4931.940
2024-09-18T13:54:00+00:00,4931.200
2024-09-18T17:19:00+00:00,4930.460
2024-09-18T18:04:00+00:00,4837.720
2024-09-18T18:04:00+00:00,4807.980
2024-09-18T18:09:00+00:00,4807.240
2024-09-18T18:14:00+00:00,4774.500
2024-09-19T01:09:00+00:00,4773.760
2024-09-19T02:04:00+00:00,4737.020
2024-09-19T13:14:00+00:00,4736.280
2024-09-19T13:49:00+00:00,4675.540
2024-09-19T13:49:00+00:00,4674.800
2024-09-19T14:34:00+00:00,4592.060
2024-09-20T01:39:00+00:00,4591.320
2024-09-20T06:04:00+00:00,4675.580
2024-09-20T13:49:00+00:00,4674.840
2024-09-20T14:14:00+00:00,4597.100
2024-09-20T18:19:00+00:00,4596.360
2024-09-20T18:24:00+00:00,4575.620
2024-09-23T05:59:00+00:00,4574.880
2024-09-23T07:04:00+00:00,4631.640
2024-09-23T13:54:00+00:00,4630.900
2024-09-23T15:09:00+00:00,4553.160
2024-09-24T00:19:00+00:00,4552.420
2024-09-24T00:54:00+00:00,4529.680
2024-09-24T01:09:00+00:00,4528.940
2024-09-24T03:34:00+00:00,4585.700
2024-09-24T05:49:00+00:00,4584.960
2024-09-24T07:54:00+00:00,4606.220
2024-09-24T07:54:00+00:00,4605.480
2024-09-24T08:29:00+00:00,4568.740
2024-09-24T14:04:00+00:00,4568.000
2024-09-24T14:49:00+00:00,4645.260
2024-09-25T01:59:00+00:00,4644.520
2024-09-25T02:59:00+00:00,4746.280
2024-09-25T14:09:00+00:00,4745.540
2024-09-25T14:49:00+00:00,4684.800
2024-09-26T05:19:00+00:00,4684.060
2024-09-26T05:44:00+00:00,4686.320
2024-09-26T05:44:00+00:00,4685.580
2024-09-26T07:49:00+00:00,4657.840
2024-09-26T11:04:00+00:00,4657.100
2024-09-26T11:09:00+00:00,4636.360
2024-09-26T13:49:00+00:00,4635.620
2024-09-26T15:24:00+00:00,4523.880
2024-09-27T00:09:00+00:00,4522.400
2024-09-27T00:34:00+00:00,4494.920
2024-09-27T04:14:00+00:00,4494.180
2024-09-27T05:34:00+00:00,4543.440
2024-09-27T07:49:00+00:00,4542.700
2024-09-27T08:34:00+00:00,4494.960
2024-09-27T12:29:00+00:00,4494.220
2024-09-27T14:04:00+00:00,4481.480
2024-09-27T14:04:00+00:00,4480.740
2024-09-27T14:59:00+00:00,4610.000
2024-09-30T04:39:00+00:00,4609.260
2024-09-30T05:19:00+00:00,4608.520
2024-09-30T05:34:00+00:00,4571.780
2024-09-30T05:34:00+00:00,4549.040
2024-09-30T08:14:00+00:00,4548.300
2024-09-30T09:04:00+00:00,4517.560
2024-09-30T14:04:00+00:00,4516.820
2024-09-30T17:09:00+00:00,4414.080
2024-10-01T00:54:00+00:00,4413.340
2024-10-01T03:54:00+00:00,4412.600
2024-10-01T05:19:00+00:00,4474.360
2024-10-01T07:59:00+00:00,4548.620
2024-10-01T13:54:00+00:00,4547.880
2024-10-01T20:09:00+00:00,4421.140
2024-10-02T08:09:00+00:00,4420.400
2024-10-02T09:19:00+00:00,4400.660
2024-10-02T14:04:00+00:00,4399.920
2024-10-02T14:29:00+00:00,4320.180
2024-10-03T03:39:00+00:00,4319.440
2024-10-03T05:24:00+00:00,4291.700
2024-10-03T13:49:00+00:00,4290.960
2024-10-03T14:04:00+00:00,4380.220
2024-10-03T23:29:00+00:00,4379.480
2024-10-04T01:19:00+00:00,4347.740
2024-10-04T08:19:00+00:00,4347.000
2024-10-04T09:14:00+00:00,4319.260
2024-10-04T13:54:00+00:00,4318.520
2024-10-04T14:04:00+00:00,4251.780
2024-10-04T15:29:00+00:00,4251.040
2024-10-04T20:09:00+00:00,4330.300
2024-10-07T13:09:00+00:00,4329.560
2024-10-07T13:24:00+00:00,4408.820
2024-10-07T13:59:00+00:00,4408.080
2024-10-07T14:44:00+00:00,4359.340
2024-10-07T15:04:00+00:00,4358.600
2024-10-07T20:09:00+00:00,4344.860
2024-10-08T00:59:00+00:00,4344.120
2024-10-08T01:59:00+00:00,4306.380
2024-10-08T01:59:00+00:00,4305.640
2024-10-08T02:14:00+00:00,4245.900
2024-10-08T02:19:00+00:00,4245.160
2024-10-08T10:59:00+00:00,4178.420
2024-10-08T14:14:00+00:00,4177.680
2024-10-08T14:39:00+00:00,4326.940
2024-10-09T01:34:00+00:00,4326.200
2024-10-09T01:54:00+00:00,4289.460
2024-10-09T03:34:00+00:00,4288.720
2024-10-09T05:09:00+00:00,4287.980
2024-10-09T05:49:00+00:00,4324.240
2024-10-09T05:49:00+00:00,4330.500
2024-10-09T05:54:00+00:00,4329.760
2024-10-09T06:19:00+00:00,4396.520
2024-10-09T09:59:00+00:00,4395.780
2024-10-09T13:24:00+00:00,4319.040
2024-10-09T15:04:00+00:00,4318.300
2024-10-09T17:09:00+00:00,4236.560
2024-10-10T01:39:00+00:00,4235.820
2024-10-10T01:44:00+00:00,4198.080
2024-10-10T13:54:00+00:00,4197.340
2024-10-10T18:59:00+00:00,4200.600
2024-10-10T18:59:00+00:00,4199.860
2024-10-10T19:09:00+00:00,4166.120
2024-10-11T05:44:00+00:00,4165.380
2024-10-11T06:34:00+00:00,4124.640
2024-10-11T06:34:00+00:00,4123.900
2024-10-11T07:44:00+00:00,4094.160
2024-10-11T12:44:00+00:00,4093.420
2024-10-11T13:19:00+00:00,4025.680
2024-10-11T14:34:00+00:00,4024.940
2024-10-11T20:09:00+00:00,4034.200
2024-10-14T13:49:00+00:00,4033.460
2024-10-14T14:09:00+00:00,3955.720
2024-10-14T14:14:00+00:00,3954.980
2024-10-14T20:09:00+00:00,3927.240
2024-10-15T02:49:00+00:00,3926.500
2024-10-15T05:19:00+00:00,4005.760
2024-10-15T09:29:00+00:00,4005.020
2024-10-15T11:54:00+00:00,3933.280
2024-10-15T12:59:00+00:00,3932.540
2024-10-15T14:09:00+00:00,3871.800
2024-10-15T14:09:00+00:00,3871.060
2024-10-15T14:14:00+00:00,3870.320
2024-10-15T15:04:00+00:00,3910.580
2024-10-15T15:04:00+00:00,3944.840
2024-10-15T15:09:00+00:00,3944.100
2024-10-15T15:19:00+00:00,3902.360
2024-10-15T19:19:00+00:00,3901.620
2024-10-15T20:09:00+00:00,3855.880
2024-10-16T01:04:00+00:00,3855.140
2024-10-16T01:14:00+00:00,3835.400
2024-10-16T13:49:00+00:00,3834.660
2024-10-16T13:54:00+00:00,3833.920
2024-10-16T14:14:00+00:00,3797.180
2024-10-16T15:09:00+00:00,3914.440
2024-10-16T16:49:00+00:00,3913.700
2024-10-16T20:09:00+00:00,3939.960
2024-10-17T09:49:00+00:00,3939.220
2024-10-17T12:34:00+00:00,3898.480
2024-10-17T13:54:00+00:00,3897.740
2024-10-17T16:44:00+00:00,3897.000
2024-10-17T20:09:00+00:00,3931.260
2024-10-17T20:09:00+00:00,3940.520
2024-10-18T13:49:00+00:00,3939.780
2024-10-18T20:09:00+00:00,4001.040
2024-10-21T00:29:00+00:00,4000.300
2024-10-21T01:09:00+00:00,3999.560
2024-10-21T08:24:00+00:00,4068.820
2024-10-21T09:09:00+00:00,4168.080
2024-10-21T14:29:00+00:00,4167.340
2024-10-21T15:24:00+00:00,4314.600
2024-10-22T12:04:00+00:00,4313.860
2024-10-22T13:09:00+00:00,4378.120
2024-10-22T13:59:00+00:00,4377.380
2024-10-22T14:24:00+00:00,4326.640
2024-10-23T11:19:00+00:00,4325.900
2024-10-23T11:44:00+00:00,4304.160
2024-10-23T14:14:00+00:00,4303.420
2024-10-23T20:09:00+00:00,4404.680
2024-10-24T00:09:00+00:00,4403.940
2024-10-24T01:04:00+00:00,4377.200
2024-10-24T13:49:00+00:00,4376.460
2024-10-24T20:09:00+00:00,4363.720
2024-10-25T04:44:00+00:00,4362.240
2024-10-25T05:04:00+00:00,4384.000
2024-10-25T05:34:00+00:00,4420.760
2024-10-25T07:09:00+00:00,4420.020
2024-10-25T08:24:00+00:00,4484.280
2024-10-25T13:19:00+00:00,4483.540
2024-10-25T13:54:00+00:00,4482.800
2024-10-25T14:04:00+00:00,4429.060
2024-10-25T14:09:00+00:00,4364.320
2024-10-25T14:19:00+00:00,4363.580
2024-10-25T20:09:00+00:00,4415.840
2024-10-28T14:09:00+00:00,4415.100
2024-10-28T20:09:00+00:00,4407.360
2024-10-29T04:29:00+00:00,4406.620
2024-10-29T05:24:00+00:00,4405.880
2024-10-29T05:39:00+00:00,4384.140
2024-10-29T08:39:00+00:00,4394.400
2024-10-29T08:39:00+00:00,4393.660
2024-10-29T10:29:00+00:00,4344.920
2024-10-29T11:39:00+00:00,4344.180
2024-10-29T13:14:00+00:00,4343.440
2024-10-29T13:49:00+00:00,4460.200
2024-10-29T13:49:00+00:00,4459.460
2024-10-29T20:09:00+00:00,4632.720
2024-10-29T20:09:00+00:00,4730.980
2024-10-30T11:59:00+00:00,4730.240
2024-10-30T13:04:00+00:00,4661.500
2024-10-30T14:49:00+00:00,4660.760
2024-10-30T20:09:00+00:00,4718.020
2024-10-31T05:24:00+00:00,4717.280
2024-10-31T05:34:00+00:00,4691.540
2024-10-31T05:39:00+00:00,4690.800
2024-10-31T13:04:00+00:00,4812.560
2024-10-31T13:49:00+00:00,4811.820
2024-10-31T14:44:00+00:00,4993.080
2024-10-31T17:34:00+00:00,4992.340
2024-10-31T18:34:00+00:00,4957.600
2024-11-01T01:09:00+00:00,4956.120
2024-11-01T01:54:00+00:00,4979.380
2024-11-01T02:04:00+00:00,5018.640
2024-11-01T02:19:00+00:00,5017.900
2024-11-01T04:44:00+00:00,4969.160
2024-11-01T07:54:00+00:00,4967.680
2024-11-01T08:04:00+00:00,4990.940
2024-11-01T08:04:00+00:00,4989.200
2024-11-01T10:54:00+00:00,4988.460
2024-11-01T12:34:00+00:00,5055.220
2024-11-01T14:24:00+00:00,5054.480
2024-11-01T18:29:00+00:00,5189.740
2024-11-01T18:29:00+00:00,5189.000
2024-11-01T19:04:00+00:00,5160.260
2024-11-04T01:24:00+00:00,5159.520
2024-11-04T08:39:00+00:00,5158.780
2024-11-04T08:49:00+00:00,5133.040
2024-11-04T09:24:00+00:00,5132.300
2024-11-04T13:29:00+00:00,5148.560
2024-11-04T13:29:00+00:00,5160.820
2024-11-04T13:34:00+00:00,5160.080
2024-11-04T13:44:00+00:00,5124.340
2024-11-04T13:44:00+00:00,5123.600
2024-11-04T14:39:00+00:00,5054.860
2024-11-04T14:49:00+00:00,5054.120
2024-11-04T16:04:00+00:00,4995.380
2024-11-04T16:04:00+00:00,4994.640
2024-11-04T21:09:00+00:00,4987.900
2024-11-05T06:14:00+00:00,4986.420
2024-11-05T06:34:00+00:00,5011.180
2024-11-05T06:34:00+00:00,5009.440
2024-11-05T07:39:00+00:00,5008.700
2024-11-05T08:29:00+00:00,5020.960
2024-11-05T08:29:00+00:00,5020.220
2024-11-05T13:29:00+00:00,5019.480
2024-11-05T13:54:00+00:00,5123.740
2024-11-05T14:49:00+00:00,5136.000
2024-11-05T14:49:00+00:00,5135.260
2024-11-05T21:09:00+00:00,5135.520
2024-11-06T01:19:00+00:00,5134.780
2024-11-06T03:29:00+00:00,5086.040
2024-11-06T09:54:00+00:00,5085.300
2024-11-06T10:49:00+00:00,5035.560
2024-11-06T12:09:00+00:00,5034.820
2024-11-06T12:29:00+00:00,4958.080
2024-11-06T14:59:00+00:00,4957.340
2024-11-06T15:54:00+00:00,5110.600
2024-11-06T18:09:00+00:00,5109.860
2024-11-06T20:44:00+00:00,5080.120
2024-11-06T23:09:00+00:00,5079.380
2024-11-07T01:14:00+00:00,5049.640
2024-11-07T06:09:00+00:00,5048.900
2024-11-07T06:19:00+00:00,5014.160
2024-11-07T06:24:00+00:00,5013.420
2024-11-07T10:24:00+00:00,5127.680
2024-11-07T15:09:00+00:00,5126.940
2024-11-07T19:44:00+00:00,5056.200
2024-11-08T00:54:00+00:00,5055.460
2024-11-08T02:04:00+00:00,5149.720
2024-11-08T08:49:00+00:00,5148.980
2024-11-08T11:39:00+00:00,5106.240
2024-11-08T13:09:00+00:00,5105.500
2024-11-08T13:24:00+00:00,5065.760
2024-11-08T15:09:00+00:00,5065.020
2024-11-08T21:09:00+00:00,5069.280
2024-11-11T05:09:00+00:00,5068.540
2024-11-11T05:19:00+00:00,5049.800
2024-11-11T05:19:00+00:00,5049.060
2024-11-11T06:24:00+00:00,5024.320
2024-11-11T10:34:00+00:00,5023.580
2024-11-11T11:04:00+00:00,5122.840
2024-11-11T15:34:00+00:00,5122.100
2024-11-11T18:39:00+00:00,5123.360
2024-11-11T18:39:00+00:00,5122.620
2024-11-11T20:04:00+00:00,5179.380
2024-11-12T07:54:00+00:00,5178.640
2024-11-12T09:09:00+00:00,5122.900
2024-11-12T15:04:00+00:00,5122.160
2024-11-12T21:09:00+00:00,5188.420
2024-11-13T14:49:00+00:00,5187.680
2024-11-13T16:59:00+00:00,5390.940
2024-11-13T23:19:00+00:00,5390.200
2024-11-13T23:34:00+00:00,5357.460
2024-11-13T23:39:00+00:00,5356.720
2024-11-14T02:34:00+00:00,5468.480
2024-11-14T14:54:00+00:00,5467.740
2024-11-14T15:09:00+00:00,5384.000
2024-11-14T15:44:00+00:00,5383.260
2024-11-14T15:59:00+00:00,5349.520
2024-11-15T15:09:00+00:00,5348.780
2024-11-15T15:34:00+00:00,5265.040
2024-11-18T05:09:00+00:00,5264.300
2024-11-18T05:44:00+00:00,5316.060
2024-11-18T15:24:00+00:00,5315.320
2024-11-18T19:24:00+00:00,5308.580
2024-11-18T19:24:00+00:00,5307.100
2024-11-18T21:09:00+00:00,5305.620
2024-11-19T07:09:00+00:00,5304.880
2024-11-19T08:44:00+00:00,5277.140
2024-11-19T13:39:00+00:00,5276.400
2024-11-19T14:19:00+00:00,5222.660
2024-11-19T14:54:00+00:00,5221.920
2024-11-19T17:19:00+00:00,5176.180
2024-11-20T15:14:00+00:00,5175.440
2024-11-20T21:09:00+00:00,5194.700
2024-11-21T02:14:00+00:00,5193.960
2024-11-21T09:19:00+00:00,5289.220
2024-11-21T09:19:00+00:00,5288.480
2024-11-21T10:34:00+00:00,5254.740
2024-11-21T13:14:00+00:00,5254.000
2024-11-21T14:49:00+00:00,5223.260
2024-11-21T14:49:00+00:00,5222.520
2024-11-21T15:54:00+00:00,5221.780
2024-11-21T17:54:00+00:00,5152.040
2024-11-21T17:59:00+00:00,5099.300
2024-11-22T03:34:00+00:00,5098.560
2024-11-22T03:59:00+00:00,5068.820
2024-11-22T11:24:00+00:00,5068.080
2024-11-22T14:29:00+00:00,5219.840
2024-11-22T14:54:00+00:00,5219.100
2024-11-22T21:09:00+00:00,5354.360
2024-11-25T04:34:00+00:00,5353.620
2024-11-25T05:49:00+00:00,5253.880
2024-11-25T07:34:00+00:00,5253.140
2024-11-25T08:19:00+00:00,5191.400
2024-11-25T15:19:00+00:00,5190.660
2024-11-25T16:09:00+00:00,5166.920
2024-11-25T16:09:00+00:00,5166.180
2024-11-25T17:19:00+00:00,5105.440
2024-11-26T01:14:00+00:00,5104.700
2024-11-26T15:39:00+00:00,5103.960
2024-11-26T21:09:00+00:00,5167.220
2024-11-26T21:09:00+00:00,5181.480
2024-11-27T13:39:00+00:00,5180.740
2024-11-27T14:09:00+00:00,5157.000
2024-11-27T14:09:00+00:00,5156.260
2024-11-27T14:34:00+00:00,5115.520
2024-11-27T14:54:00+00:00,5114.780
2024-11-27T15:09:00+00:00,5206.040
2024-11-28T14:48:00+00:00,5205.300
2024-11-28T15:24:00+00:00,5244.560
2024-11-29T06:24:00+00:00,5243.820
2024-11-29T14:49:00+00:00,5343.080
2024-11-29T14:59:00+00:00,5342.340
2024-11-29T16:04:00+00:00,5282.600
2024-12-02T01:44:00+00:00,5281.860
2024-12-02T02:59:00+00:00,5191.120
2024-12-02T08:09:00+00:00,5190.380
2024-12-02T09:19:00+00:00,5125.640
2024-12-02T14:49:00+00:00,5124.900
2024-12-02T15:09:00+00:00,5079.160
2024-12-02T20:24:00+00:00,5078.420
2024-12-02T20:54:00+00:00,5043.680
2024-12-03T01:34:00+00:00,5042.940
2024-12-03T06:14:00+00:00,4995.200
2024-12-03T14:54:00+00:00,4994.460
2024-12-03T18:14:00+00:00,4993.720
2024-12-03T21:09:00+00:00,5046.980
2024-12-03T21:09:00+00:00,5077.240
2024-12-04T13:29:00+00:00,5076.500
2024-12-04T14:59:00+00:00,5122.760
2024-12-04T14:59:00+00:00,5122.020
2024-12-04T15:29:00+00:00,5078.280
2024-12-05T09:09:00+00:00,5077.540
2024-12-05T09:29:00+00:00,5044.800
2024-12-05T14:59:00+00:00,5044.060
2024-12-05T17:29:00+00:00,5201.320
2024-12-06T07:59:00+00:00,5200.580
2024-12-06T09:24:00+00:00,5213.840
2024-12-06T09:24:00+00:00,5213.100
2024-12-06T12:19:00+00:00,5220.360
2024-12-06T12:19:00+00:00,5219.620
2024-12-06T13:19:00+00:00,5154.880
2024-12-06T14:49:00+00:00,5154.140
2024-12-06T21:09:00+00:00,5155.400
2024-12-09T14:49:00+00:00,5154.660
2024-12-09T16:39:00+00:00,5083.920
2024-12-10T02:04:00+00:00,5083.180
2024-12-10T03:59:00+00:00,5091.440
2024-12-10T03:59:00+00:00,5090.700
2024-12-10T04:09:00+00:00,5052.960
2024-12-10T14:54:00+00:00,5052.220
2024-12-10T19:34:00+00:00,5070.480
2024-12-10T19:34:00+00:00,5069.740
2024-12-10T21:09:00+00:00,5055.000
2024-12-11T08:54:00+00:00,5054.260
2024-12-11T14:04:00+00:00,5002.520
2024-12-11T14:54:00+00:00,5001.780
2024-12-11T17:09:00+00:00,5001.040
2024-12-11T21:09:00+00:00,5136.300
2024-12-11T21:09:00+00:00,5086.560
2024-12-12T08:09:00+00:00,5085.820
2024-12-12T09:24:00+00:00,5085.080
2024-12-12T10:09:00+00:00,5033.340
2024-12-12T10:14:00+00:00,4969.600
2024-12-12T10:54:00+00:00,4968.860
2024-12-12T13:59:00+00:00,5163.120
2024-12-12T15:44:00+00:00,5162.380
2024-12-12T21:09:00+00:00,5095.640
2024-12-13T11:34:00+00:00,5094.900
2024-12-13T12:04:00+00:00,5062.160
2024-12-13T15:24:00+00:00,5061.420
2024-12-13T15:44:00+00:00,4990.680
2024-12-16T01:09:00+00:00,4989.940
2024-12-16T07:24:00+00:00,4989.200
2024-12-16T11:34:00+00:00,5090.960
2024-12-16T15:09:00+00:00,5131.220
2024-12-16T15:09:00+00:00,5130.480
2024-12-16T21:09:00+00:00,5168.740
2024-12-17T00:19:00+00:00,5168.000
2024-12-17T00:59:00+00:00,5139.260
2024-12-17T01:04:00+00:00,5138.520
2024-12-17T04:54:00+00:00,5095.780
2024-12-17T14:54:00+00:00,5095.040
2024-12-17T15:19:00+00:00,5026.300
2024-12-17T23:59:00+00:00,5025.560
2024-12-18T03:24:00+00:00,4991.820
2024-12-18T13:24:00+00:00,4991.080
2024-12-18T13:44:00+00:00,4945.340
2024-12-18T13:59:00+00:00,4944.600
2024-12-18T14:14:00+00:00,4908.860
2024-12-18T15:04:00+00:00,4908.120
2024-12-18T16:19:00+00:00,4872.380
2024-12-19T10:39:00+00:00,4871.640
2024-12-19T10:49:00+00:00,4834.900
2024-12-19T10:59:00+00:00,4834.160
2024-12-19T13:09:00+00:00,4998.420
2024-12-19T14:59:00+00:00,4997.680
2024-12-19T19:04:00+00:00,4906.940
2024-12-19T19:54:00+00:00,4906.200
2024-12-19T21:09:00+00:00,4921.460
2024-12-20T01:14:00+00:00,4920.720
2024-12-20T05:39:00+00:00,4919.980
2024-12-20T07:04:00+00:00,4984.240
2024-12-20T11:39:00+00:00,4982.760
2024-12-20T11:54:00+00:00,5006.020
2024-12-20T12:24:00+00:00,5045.280
2024-12-20T12:44:00+00:00,5097.540
2024-12-20T12:44:00+00:00,5096.800
2024-12-20T13:34:00+00:00,5050.060
2024-12-20T13:54:00+00:00,5049.320
2024-12-20T15:09:00+00:00,5048.580
2024-12-20T15:59:00+00:00,5181.840
2024-12-20T17:49:00+00:00,5181.100
2024-12-20T21:09:00+00:00,5337.360
2024-12-20T21:09:00+00:00,5308.620
2024-12-23T13:29:00+00:00,5307.880
2024-12-23T14:49:00+00:00,5307.140
2024-12-23T17:04:00+00:00,5272.400
2024-12-23T21:09:00+00:00,5298.660
2024-12-24T10:39:00+00:00,5297.920
2024-12-24T11:59:00+00:00,5296.180
2024-12-24T11:59:00+00:00,5295.440
2024-12-24T13:34:00+00:00,5262.700
2024-12-24T14:39:00+00:00,5261.960
2024-12-24T14:49:00+00:00,5261.220
2024-12-24T16:34:00+00:00,5223.480
2024-12-24T16:34:00+00:00,5164.740
2024-12-26T07:24:00+00:00,5164.000
2024-12-26T08:14:00+00:00,5118.260
2024-12-26T11:44:00+00:00,5116.780
2024-12-26T12:09:00+00:00,5135.540
2024-12-26T12:14:00+00:00,5167.300
2024-12-26T13:39:00+00:00,5166.560
2024-12-26T14:49:00+00:00,5141.820
2024-12-26T14:49:00+00:00,5141.080
2024-12-26T15:14:00+00:00,5206.340
2024-12-26T16:04:00+00:00,5205.600
2024-12-26T18:29:00+00:00,5173.860
2024-12-26T23:59:00+00:00,5173.120
2024-12-27T06:44:00+00:00,5172.380
2024-12-27T08:04:00+00:00,5249.140
2024-12-27T08:09:00+00:00,5310.900
2024-12-27T14:54:00+00:00,5310.160
2024-12-27T20:09:00+00:00,5323.420
2024-12-27T20:09:00+00:00,5322.680
2024-12-27T21:09:00+00:00,5326.940
2024-12-30T11:19:00+00:00,5326.200
2024-12-30T12:59:00+00:00,5412.960
2024-12-30T13:39:00+00:00,5412.220
2024-12-30T13:59:00+00:00,5506.480
2024-12-30T14:14:00+00:00,5505.740
2024-12-30T14:39:00+00:00,5447.000
2024-12-30T15:09:00+00:00,5446.260
2024-12-30T21:09:00+00:00,5382.520
2024-12-31T01:09:00+00:00,5381.040
2024-12-31T01:19:00+00:00,5343.560
2024-12-31T02:44:00+00:00,5342.820
2024-12-31T07:49:00+00:00,5311.080
2024-12-31T13:09:00+00:00,5310.340
2024-12-31T13:29:00+00:00,5268.600
2024-12-31T13:29:00+00:00,5267.860
2024-12-31T15:14:00+00:00,5267.120
2024-12-31T18:29:00+00:00,5266.380
2024-12-31T19:04:00+00:00,5237.640
2024-12-31T21:09:00+00:00,5353.900
2024-12-31T21:09:00+00:00,5423.160
2025-01-02T01:04:00+00:00,5422.420
2025-01-02T01:09:00+00:00,5397.680
2025-01-02T02:49:00+00:00,5396.940
2025-01-02T05:44:00+00:00,5362.200
2025-01-02T07:59:00+00:00,5361.460
2025-01-02T08:24:00+00:00,5327.720
2025-01-02T15:34:00+00:00,5326.980
2025-01-02T21:09:00+00:00,5398.240
2025-01-03T10:39:00+00:00,5397.500
2025-01-03T10:59:00+00:00,5357.760
2025-01-03T13:54:00+00:00,5357.020
2025-01-03T14:24:00+00:00,5298.280
2025-01-03T14:54:00+00:00,5297.540
2025-01-03T19:59:00+00:00,5296.800
2025-01-03T21:09:00+00:00,5384.060
2025-01-03T21:09:00+00:00,5396.320
2025-01-06T12:44:00+00:00,5395.580
2025-01-06T13:39:00+00:00,5229.840
2025-01-06T14:49:00+00:00,5229.100
2025-01-06T18:04:00+00:00,5228.360
2025-01-06T21:09:00+00:00,5284.620
2025-01-06T21:09:00+00:00,5287.880
2025-01-07T08:04:00+00:00,5287.140
2025-01-07T08:09:00+00:00,5263.400
2025-01-07T11:24:00+00:00,5262.660
2025-01-07T11:49:00+00:00,5227.920
2025-01-07T14:59:00+00:00,5227.180
2025-01-07T15:04:00+00:00,5314.440
2025-01-08T02:49:00+00:00,5313.700
2025-01-08T03:39:00+00:00,5285.960
2025-01-08T08:54:00+00:00,5285.220
2025-01-08T09:09:00+00:00,5250.480
2025-01-08T14:59:00+00:00,5249.740
2025-01-08T16:44:00+00:00,5181.000
2025-01-09T05:09:00+00:00,5180.260
2025-01-09T05:59:00+00:00,5133.520
2025-01-09T08:49:00+00:00,5132.780
2025-01-09T11:29:00+00:00,5089.040
2025-01-09T12:59:00+00:00,5088.300
2025-01-09T14:49:00+00:00,5087.560
2025-01-09T15:54:00+00:00,5031.820
2025-01-09T21:07:00+00:00,5020.080
2025-01-10T13:19:00+00:00,5019.340
2025-01-10T13:34:00+00:00,4969.600
2025-01-10T13:54:00+00:00,4968.860
2025-01-10T14:49:00+00:00,5094.120
2025-01-10T14:49:00+00:00,5093.380
2025-01-10T21:09:00+00:00,5113.640
2025-01-13T04:09:00+00:00,5112.900
2025-01-13T05:34:00+00:00,5055.160
2025-01-13T09:09:00+00:00,5054.420
2025-01-13T12:04:00+00:00,5206.180
2025-01-13T13:59:00+00:00,5205.440
2025-01-13T14:19:00+00:00,5148.700
2025-01-13T14:49:00+00:00,5147.960
2025-01-13T15:59:00+00:00,5069.220
2025-01-14T13:09:00+00:00,5068.480
2025-01-14T13:24:00+00:00,5011.740
2025-01-14T13:54:00+00:00,5011.000
2025-01-14T14:54:00+00:00,5010.260
2025-01-14T18:44:00+00:00,5009.520
2025-01-14T19:34:00+00:00,5110.780
2025-01-14T19:59:00+00:00,5202.040
2025-01-14T19:59:00+00:00,5229.300
2025-01-14T20:04:00+00:00,5228.560
2025-01-14T20:34:00+00:00,5205.820
2025-01-15T13:19:00+00:00,5205.080
2025-01-15T13:24:00+00:00,5163.340
2025-01-15T13:39:00+00:00,5162.600
2025-01-15T14:14:00+00:00,5159.860
2025-01-15T14:14:00+00:00,5159.120
2025-01-15T15:04:00+00:00,5293.380
2025-01-15T15:04:00+00:00,5292.640
2025-01-15T17:04:00+00:00,5138.900
2025-01-16T08:39:00+00:00,5138.160
2025-01-16T09:14:00+00:00,5098.420
2025-01-16T09:14:00+00:00,5097.680
2025-01-16T15:29:00+00:00,5096.940
2025-01-16T17:19:00+00:00,5318.700
2025-01-16T21:09:00+00:00,5282.960
2025-01-17T14:49:00+00:00,5282.220
2025-01-17T20:04:00+00:00,5203.480
2025-01-20T07:09:00+00:00,5202.740
2025-01-20T11:09:00+00:00,5213.000
2025-01-20T11:09:00+00:00,5211.520
2025-01-20T11:24:00+00:00,5178.040
2025-01-20T13:44:00+00:00,5177.300
2025-01-20T14:49:00+00:00,5176.560
2025-01-20T16:24:00+00:00,5301.820
2025-01-21T01:19:00+00:00,5289.080
2025-01-21T01:19:00+00:00,5288.340
2025-01-21T07:44:00+00:00,5287.600
2025-01-21T08:24:00+00:00,5220.860
2025-01-21T11:34:00+00:00,5220.120
2025-01-21T14:29:00+00:00,5344.380
2025-01-21T14:49:00+00:00,5343.640
2025-01-21T14:59:00+00:00,5580.400
2025-01-21T21:09:00+00:00,5628.660
2025-01-22T07:59:00+00:00,5627.920
2025-01-22T09:24:00+00:00,5529.180
2025-01-22T10:49:00+00:00,5528.440
2025-01-22T12:04:00+00:00,5582.700
2025-01-22T14:49:00+00:00,5581.960
2025-01-22T14:54:00+00:00,5581.220
2025-01-22T21:09:00+00:00,5568.480
2025-01-22T21:09:00+00:00,5574.740
2025-01-23T05:34:00+00:00,5573.260
2025-01-23T06:14:00+00:00,5529.780
2025-01-23T07:54:00+00:00,5528.300
2025-01-23T08:04:00+00:00,5490.820
2025-01-23T15:44:00+00:00,5490.080
2025-01-23T21:09:00+00:00,5541.340
2025-01-24T11:59:00+00:00,5540.600
2025-01-24T13:04:00+00:00,5496.860
2025-01-24T13:59:00+00:00,5496.120
2025-01-24T14:24:00+00:00,5575.380
2025-01-24T15:09:00+00:00,5574.640
2025-01-24T15:59:00+00:00,5503.900
2025-01-24T15:59:00+00:00,5503.160
2025-01-24T21:09:00+00:00,5547.420
2025-01-27T09:24:00+00:00,5546.680
2025-01-27T09:49:00+00:00,5503.940
2025-01-27T12:14:00+00:00,5503.200
2025-01-27T13:04:00+00:00,5557.460
2025-01-27T15:04:00+00:00,5556.720
2025-01-27T21:09:00+00:00,5556.980
2025-01-28T08:49:00+00:00,5556.240
2025-01-28T11:44:00+00:00,5610.500
2025-01-28T11:44:00+00:00,5609.020
2025-01-28T12:09:00+00:00,5630.780
2025-01-28T12:34:00+00:00,5629.040
2025-01-28T15:29:00+00:00,5628.300
2025-01-28T18:34:00+00:00,5711.560
2025-01-29T02:14:00+00:00,5710.820
2025-01-29T03:19:00+00:00,5673.080
2025-01-29T06:24:00+00:00,5672.340
2025-01-29T07:04:00+00:00,5643.600
2025-01-29T08:49:00+00:00,5642.860
2025-01-29T10:39:00+00:00,5707.120
2025-01-29T13:24:00+00:00,5706.380
2025-01-29T13:34:00+00:00,5668.640
2025-01-29T15:24:00+00:00,5667.900
2025-01-29T15:49:00+00:00,5663.160
2025-01-29T15:49:00+00:00,5662.420
2025-01-29T18:04:00+00:00,5600.680
2025-01-29T18:34:00+00:00,5599.940
2025-01-29T19:04:00+00:00,5552.200
2025-01-30T02:59:00+00:00,5551.460
2025-01-30T03:22:00+00:00,5549.980
2025-01-30T04:19:00+00:00,5577.740
2025-01-30T04:39:00+00:00,5582.000
2025-01-30T04:39:00+00:00,5583.260
2025-01-30T04:41:00+00:00,5582.520
2025-01-30T06:44:00+00:00,5553.780
2025-01-30T11:45:00+00:00,5553.040
2025-01-30T12:44:00+00:00,5523.300
2025-01-30T14:59:00+00:00,5522.560
2025-01-30T20:44:00+00:00,5632.820
2025-01-31T07:19:00+00:00,5632.080
2025-01-31T08:29:00+00:00,5604.340
2025-01-31T08:49:00+00:00,5603.600
2025-01-31T09:49:00+00:00,5605.860
2025-01-31T09:49:00+00:00,5605.120
2025-01-31T13:59:00+00:00,5569.380
2025-01-31T14:59:00+00:00,5568.640
2025-01-31T15:24:00+00:00,5548.900
2025-01-31T15:24:00+00:00,5548.160
2025-01-31T17:19:00+00:00,5664.920
2025-01-31T18:44:00+00:00,5664.180
2025-01-31T18:54:00+00:00,5596.440
2025-02-02T23:39:00+00:00,5595.700
2025-02-03T13:29:00+00:00,5312.960
2025-02-03T13:39:00+00:00,5312.220
2025-02-03T14:09:00+00:00,5269.480
2025-02-03T14:49:00+00:00,5268.740
2025-02-03T15:29:00+00:00,5141.000
2025-02-04T13:59:00+00:00,5140.260
2025-02-04T14:29:00+00:00,5074.520
2025-02-04T15:39:00+00:00,5073.780
2025-02-04T17:34:00+00:00,4981.040
2025-02-05T00:34:00+00:00,4980.300
2025-02-05T00:59:00+00:00,4952.560
2025-02-05T01:54:00+00:00,4951.820
2025-02-05T02:14:00+00:00,5011.080
2025-02-05T10:59:00+00:00,5010.340
2025-02-05T12:59:00+00:00,4980.600
2025-02-05T12:59:00+00:00,4979.860
2025-02-05T13:19:00+00:00,4952.120
2025-02-05T13:24:00+00:00,4951.380
2025-02-05T14:34:00+00:00,4900.640
2025-02-05T14:49:00+00:00,4899.900
2025-02-05T16:14:00+00:00,4854.160
2025-02-05T16:14:00+00:00,4853.420
2025-02-05T17:04:00+00:00,4775.680
2025-02-06T03:54:00+00:00,4774.940
2025-02-06T06:04:00+00:00,4774.200
2025-02-06T06:49:00+00:00,4741.460
2025-02-06T06:49:00+00:00,4707.720
2025-02-06T06:54:00+00:00,4706.980
2025-02-06T08:44:00+00:00,4737.240
2025-02-06T08:44:00+00:00,4736.500
2025-02-06T09:24:00+00:00,4743.760
2025-02-06T09:24:00+00:00,4743.020
2025-02-06T09:39:00+00:00,4704.280
2025-02-06T14:24:00+00:00,4703.540
2025-02-06T14:44:00+00:00,4656.800
2025-02-06T14:49:00+00:00,4656.060
2025-02-06T20:09:00+00:00,4530.320
2025-02-07T08:34:00+00:00,4529.580
2025-02-07T09:09:00+00:00,4498.840
2025-02-07T15:09:00+00:00,4498.100
2025-02-07T16:04:00+00:00,4403.360
2025-02-09T23:24:00+00:00,4402.620
2025-02-10T02:39:00+00:00,4464.880
2025-02-10T02:39:00+00:00,4464.140
2025-02-10T03:59:00+00:00,4430.400
2025-02-10T14:54:00+00:00,4429.660
2025-02-10T16:49:00+00:00,4375.920
2025-02-11T14:59:00+00:00,4375.180
2025-02-11T15:44:00+00:00,4289.440
2025-02-11T18:29:00+00:00,4288.700
2025-02-11T20:24:00+00:00,4362.960
2025-02-12T01:09:00+00:00,4362.220
2025-02-12T01:19:00+00:00,4319.480
2025-02-12T04:39:00+00:00,4318.740
2025-02-12T10:39:00+00:00,4318.000
2025-02-12T12:54:00+00:00,4337.260
2025-02-12T12:54:00+00:00,4311.520
2025-02-12T12:59:00+00:00,4310.780
2025-02-12T13:14:00+00:00,4254.040
2025-02-12T13:24:00+00:00,4253.300
2025-02-12T14:14:00+00:00,4117.560
2025-02-12T14:54:00+00:00,4116.820
2025-02-12T16:49:00+00:00,4044.080
2025-02-13T15:09:00+00:00,4043.340
2025-02-13T18:39:00+00:00,4042.600
2025-02-13T19:04:00+00:00,4041.860
2025-02-13T21:09:00+00:00,4161.120
2025-02-13T21:09:00+00:00,4262.380
2025-02-13T21:09:00+00:00,4304.640
2025-02-14T08:14:00+00:00,4303.900
2025-02-14T11:34:00+00:00,4271.160
2025-02-14T12:59:00+00:00,4270.420
2025-02-14T13:09:00+00:00,4227.680
2025-02-14T13:49:00+00:00,4226.940
2025-02-14T14:59:00+00:00,4226.200
2025-02-14T15:19:00+00:00,4411.460
2025-02-14T15:24:00+00:00,4650.720
2025-02-16T23:09:00+00:00,4649.980
2025-02-16T23:29:00+00:00,4560.240
2025-02-16T23:29:00+00:00,4559.500
2025-02-17T01:34:00+00:00,4458.760
2025-02-17T08:54:00+00:00,4458.020
2025-02-17T14:49:00+00:00,4457.280
2025-02-17T16:39:00+00:00,4410.540
2025-02-17T19:24:00+00:00,4409.800
2025-02-18T01:14:00+00:00,4391.060
2025-02-18T14:09:00+00:00,4647.820
2025-02-18T14:54:00+00:00,4647.080
2025-02-18T19:39:00+00:00,4752.340
2025-02-19T02:14:00+00:00,4751.600
2025-02-19T02:49:00+00:00,4855.860
2025-02-19T13:09:00+00:00,4855.120
2025-02-19T13:54:00+00:00,4807.380
2025-02-19T14:54:00+00:00,4806.640
2025-02-19T15:59:00+00:00,4719.900
2025-02-20T01:34:00+00:00,4719.160
2025-02-20T02:29:00+00:00,4693.420
2025-02-20T16:24:00+00:00,4692.680
2025-02-20T18:04:00+00:00,4654.940
2025-02-20T18:04:00+00:00,4654.200
2025-02-20T21:09:00+00:00,4681.460
2025-02-21T01:44:00+00:00,4680.720
2025-02-21T05:34:00+00:00,4824.980
2025-02-21T12:24:00+00:00,4824.240
2025-02-21T12:59:00+00:00,4782.500
2025-02-21T14:49:00+00:00,4781.760
2025-02-21T14:54:00+00:00,4781.020
2025-02-21T15:19:00+00:00,4670.280
2025-02-21T15:19:00+00:00,4582.540
2025-02-24T11:04:00+00:00,4581.800
2025-02-24T12:04:00+00:00,4678.560
2025-02-24T15:04:00+00:00,4677.820
2025-02-24T16:09:00+00:00,4560.080
2025-02-24T19:24:00+00:00,4559.340
2025-02-24T20:49:00+00:00,4533.600
2025-02-25T11:09:00+00:00,4532.860
2025-02-25T12:29:00+00:00,4487.120
2025-02-25T12:29:00+00:00,4486.380
2025-02-25T12:34:00+00:00,4555.640
2025-02-25T14:49:00+00:00,4554.900
2025-02-25T15:19:00+00:00,4734.160
2025-02-26T14:49:00+00:00,4733.420
2025-02-26T14:54:00+00:00,4732.680
2025-02-26T21:09:00+00:00,4889.940
2025-02-26T21:09:00+00:00,5022.200
2025-02-27T01:39:00+00:00,5021.460
2025-02-27T01:59:00+00:00,4977.720
2025-02-27T09:19:00+00:00,4976.980
2025-02-27T14:44:00+00:00,4913.240
2025-02-27T14:49:00+00:00,4912.500
2025-02-27T15:09:00+00:00,4869.760
2025-02-27T15:09:00+00:00,4869.020
2025-02-27T21:09:00+00:00,4841.280
2025-02-28T08:59:00+00:00,4840.540
2025-02-28T13:54:00+00:00,4786.800
2025-02-28T14:54:00+00:00,4786.060
2025-02-28T15:54:00+00:00,4668.320
2025-03-03T00:04:00+00:00,4667.580
2025-03-03T08:44:00+00:00,4666.840
2025-03-03T11:14:00+00:00,4773.600
2025-03-03T11:24:00+00:00,4812.860
2025-03-03T11:24:00+00:00,4812.120
2025-03-03T12:34:00+00:00,4776.380
2025-03-03T15:24:00+00:00,4775.640
2025-03-03T21:09:00+00:00,4813.900
2025-03-04T01:14:00+00:00,4813.160
2025-03-04T01:39:00+00:00,4785.420
2025-03-04T01:39:00+00:00,4784.680
2025-03-04T03:24:00+00:00,4783.940
2025-03-04T08:14:00+00:00,4970.700
2025-03-04T08:34:00+00:00,5199.960
2025-03-04T12:39:00+00:00,5199.220
2025-03-04T12:44:00+00:00,5165.480
2025-03-04T14:59:00+00:00,5164.740
2025-03-04T20:19:00+00:00,4999.000
2025-03-05T02:34:00+00:00,4998.260
2025-03-05T03:29:00+00:00,4942.520
2025-03-05T03:59:00+00:00,4941.780
2025-03-05T05:49:00+00:00,4898.040
2025-03-05T12:09:00+00:00,4897.300
2025-03-05T13:34:00+00:00,4828.560
2025-03-05T15:09:00+00:00,4827.820
2025-03-05T21:09:00+00:00,4834.080
2025-03-06T05:39:00+00:00,4833.340
2025-03-06T07:34:00+00:00,4781.600
2025-03-06T14:49:00+00:00,4780.860
2025-03-06T18:09:00+00:00,4780.120
2025-03-06T20:59:00+00:00,4687.380
2025-03-06T21:09:00+00:00,4635.640
2025-03-07T01:49:00+00:00,4634.900
2025-03-07T02:14:00+00:00,4583.160
2025-03-07T02:14:00+00:00,4582.420
2025-03-07T06:34:00+00:00,4489.680
2025-03-07T13:39:00+00:00,4488.940
2025-03-07T13:59:00+00:00,4439.200
2025-03-07T14:54:00+00:00,4438.460
2025-03-07T15:44:00+00:00,4348.720
2025-03-07T19:34:00+00:00,4347.980
2025-03-07T21:09:00+00:00,4325.240
2025-03-10T03:59:00+00:00,4324.500
2025-03-10T05:29:00+00:00,4285.760
2025-03-10T09:09:00+00:00,4285.020
2025-03-10T10:34:00+00:00,4224.280
2025-03-10T13:59:00+00:00,4223.540
2025-03-10T16:49:00+00:00,4165.800
2025-03-10T19:29:00+00:00,4165.060
2025-03-10T20:09:00+00:00,4159.320
2025-03-11T05:49:00+00:00,4158.580
2025-03-11T06:29:00+00:00,4125.840
2025-03-11T13:44:00+00:00,4125.100
2025-03-11T17:29:00+00:00,4072.360
2025-03-11T17:29:00+00:00,4071.620
2025-03-11T17:54:00+00:00,4036.880
2025-03-11T22:44:00+00:00,4036.140
2025-03-12T08:59:00+00:00,3977.400
2025-03-12T13:49:00+00:00,3976.660
2025-03-12T15:04:00+00:00,4085.920
2025-03-13T12:29:00+00:00,4085.180
2025-03-13T13:39:00+00:00,4025.440
2025-03-13T14:09:00+00:00,4024.700
2025-03-13T14:54:00+00:00,4219.960
2025-03-14T01:44:00+00:00,4219.220
2025-03-14T04:34:00+00:00,4234.480
2025-03-14T04:34:00+00:00,4233.000
2025-03-14T04:39:00+00:00,4199.520
2025-03-14T06:54:00+00:00,4198.780
2025-03-14T07:24:00+00:00,4156.040
2025-03-14T15:04:00+00:00,4155.300
2025-03-14T19:24:00+00:00,4154.560
2025-03-14T20:09:00+00:00,4167.820
2025-03-14T20:09:00+00:00,4176.080
2025-03-16T22:04:00+00:00,4175.340
2025-03-16T22:14:00+00:00,4144.600
2025-03-17T12:34:00+00:00,4143.860
2025-03-17T12:49:00+00:00,4092.120
2025-03-17T14:04:00+00:00,4091.380
2025-03-17T20:09:00+00:00,4191.640
2025-03-17T22:29:00+00:00,4190.900
2025-03-18T00:04:00+00:00,4203.160
2025-03-18T00:04:00+00:00,4202.420
2025-03-18T00:24:00+00:00,4178.680
2025-03-18T00:54:00+00:00,4177.940
2025-03-18T01:29:00+00:00,4143.200
2025-03-18T05:39:00+00:00,4142.460
2025-03-18T07:14:00+00:00,4216.720
2025-03-18T07:29:00+00:00,4215.980
2025-03-18T08:09:00+00:00,4186.240
2025-03-18T13:44:00+00:00,4185.500
2025-03-18T13:49:00+00:00,4112.760
2025-03-18T13:54:00+00:00,4112.020
2025-03-18T14:14:00+00:00,4011.280
2025-03-18T14:14:00+00:00,4010.540
2025-03-18T20:09:00+00:00,3915.800
2025-03-19T06:19:00+00:00,3915.060
2025-03-19T09:09:00+00:00,4051.820
2025-03-19T12:29:00+00:00,4051.080
2025-03-19T12:39:00+00:00,4013.340
2025-03-19T16:04:00+00:00,4012.600
2025-03-19T18:09:00+00:00,4011.860
2025-03-19T18:39:00+00:00,4096.120
2025-03-19T19:14:00+00:00,4259.380
2025-03-20T10:54:00+00:00,4258.640
2025-03-20T14:29:00+00:00,4270.900
2025-03-20T14:29:00+00:00,4270.160
2025-03-20T14:44:00+00:00,4209.420
2025-03-20T14:44:00+00:00,4208.680
2025-03-20T16:59:00+00:00,4207.940
2025-03-20T20:09:00+00:00,4277.200
2025-03-20T20:09:00+00:00,4351.460
2025-03-21T04:14:00+00:00,4350.720
2025-03-21T04:54:00+00:00,4320.980
2025-03-21T08:19:00+00:00,4320.240
2025-03-21T08:39:00+00:00,4281.500
2025-03-21T11:04:00+00:00,4280.760
2025-03-21T11:19:00+00:00,4251.020
2025-03-21T11:59:00+00:00,4250.280
2025-03-21T13:39:00+00:00,4384.540
2025-03-21T13:49:00+00:00,4383.800
2025-03-21T20:09:00+00:00,4280.060
2025-03-24T01:09:00+00:00,4279.320
2025-03-24T02:44:00+00:00,4245.580
2025-03-24T06:14:00+00:00,4244.840
2025-03-24T06:24:00+00:00,4219.100
2025-03-24T07:39:00+00:00,4218.360
2025-03-24T08:44:00+00:00,4159.620
2025-03-24T09:44:00+00:00,4158.880
2025-03-24T10:19:00+00:00,4113.140
2025-03-24T13:19:00+00:00,4112.400
2025-03-24T13:39:00+00:00,4059.660
2025-03-24T14:24:00+00:00,4058.920
2025-03-24T15:19:00+00:00,4116.180
2025-03-24T15:19:00+00:00,4115.440
2025-03-24T18:09:00+00:00,4050.700
2025-03-25T10:29:00+00:00,4049.960
2025-03-25T10:39:00+00:00,4032.220
2025-03-25T14:04:00+00:00,4031.480
2025-03-25T15:14:00+00:00,3913.740
2025-03-25T22:24:00+00:00,3912.260
2025-03-25T22:29:00+00:00,3886.780
2025-03-26T13:49:00+00:00,3886.040
2025-03-26T15:09:00+00:00,3885.300
2025-03-26T20:09:00+00:00,3893.560
2025-03-26T20:09:00+00:00,3874.820
2025-03-27T00:49:00+00:00,3874.080
2025-03-27T03:44:00+00:00,3980.840
2025-03-27T05:34:00+00:00,3980.100
2025-03-27T07:49:00+00:00,3932.360
2025-03-27T11:39:00+00:00,3931.620
2025-03-27T13:24:00+00:00,3807.880
2025-03-27T13:24:00+00:00,3807.140
2025-03-27T14:04:00+00:00,3745.400
2025-03-27T14:04:00+00:00,3744.660
2025-03-27T14:09:00+00:00,3743.920
2025-03-27T15:59:00+00:00,3829.180
2025-03-27T15:59:00+00:00,3933.440
2025-03-27T16:04:00+00:00,3932.700
2025-03-27T16:39:00+00:00,3887.960
2025-03-28T07:39:00+00:00,3887.220
2025-03-28T08:29:00+00:00,3976.480
2025-03-28T09:49:00+00:00,3975.740
2025-03-28T10:24:00+00:00,3914.000
2025-03-28T12:39:00+00:00,3913.260
2025-03-28T13:04:00+00:00,3868.520
2025-03-28T13:04:00+00:00,3867.780
2025-03-28T13:49:00+00:00,3851.040
2025-03-28T13:49:00+00:00,3850.300
2025-03-28T14:34:00+00:00,3762.560
2025-03-31T08:24:00+00:00,3761.820
2025-03-31T10:04:00+00:00,3840.080
2025-03-31T10:04:00+00:00,3839.340
2025-03-31T10:39:00+00:00,3921.100
2025-03-31T11:44:00+00:00,3920.360
2025-03-31T13:34:00+00:00,3862.620
2025-03-31T13:59:00+00:00,3861.880
2025-03-31T14:39:00+00:00,3861.140
2025-03-31T20:09:00+00:00,3960.400
2025-03-31T20:09:00+00:00,3987.660
2025-04-01T05:39:00+00:00,3986.920
2025-04-01T05:54:00+00:00,3927.180
2025-04-01T08:14:00+00:00,3926.440
2025-04-01T11:39:00+00:00,3925.700
2025-04-01T14:14:00+00:00,3874.960
2025-04-01T14:14:00+00:00,3805.220
2025-04-01T14:14:00+00:00,3804.480
2025-04-01T16:19:00+00:00,3999.740
2025-04-02T07:24:00+00:00,3999.000
2025-04-02T13:39:00+00:00,3998.260
2025-04-02T13:49:00+00:00,4076.520
2025-04-02T13:49:00+00:00,3977.780
2025-04-02T13:54:00+00:00,3977.040
2025-04-02T13:54:00+00:00,3976.300
2025-04-02T14:19:00+00:00,3883.560
2025-04-02T16:09:00+00:00,3734.820
2025-04-02T17:49:00+00:00,3734.080
2025-04-02T20:09:00+00:00,3732.340
2025-04-02T22:09:00+00:00,3731.600
2025-04-02T23:49:00+00:00,3545.860
2025-04-03T01:54:00+00:00,3545.120
2025-04-03T06:34:00+00:00,3914.380
2025-04-03T06:54:00+00:00,3913.640
2025-04-03T10:09:00+00:00,3769.900
2025-04-03T13:49:00+00:00,3769.160
2025-04-03T20:09:00+00:00,3935.420
2025-04-04T14:04:00+00:00,3934.680
2025-04-04T18:59:00+00:00,4237.940
2025-04-04T18:59:00+00:00,4237.200
2025-04-04T20:09:00+00:00,4359.460
2025-04-07T01:19:00+00:00,4358.720
2025-04-07T05:24:00+00:00,4357.980
2025-04-07T06:14:00+00:00,4203.240
2025-04-07T07:29:00+00:00,4202.500
2025-04-07T13:39:00+00:00,4080.760
2025-04-07T14:19:00+00:00,4080.020
2025-04-07T14:29:00+00:00,4022.280
2025-04-07T14:29:00+00:00,3799.540
2025-04-07T14:34:00+00:00,3798.800
2025-04-07T17:29:00+00:00,4280.560
2025-04-07T19:09:00+00:00,4279.820
2025-04-07T20:09:00+00:00,4366.080
2025-04-08T03:24:00+00:00,4365.340
2025-04-08T09:39:00+00:00,4364.600
2025-04-08T11:59:00+00:00,4523.860
2025-04-08T12:29:00+00:00,4640.120
2025-04-08T12:29:00+00:00,4639.380
2025-04-08T13:14:00+00:00,4552.640
2025-04-08T13:19:00+00:00,4551.900
2025-04-08T13:29:00+00:00,4468.160
2025-04-08T13:49:00+00:00,4467.420
2025-04-08T14:09:00+00:00,4345.680
2025-04-08T14:59:00+00:00,4344.940
2025-04-08T17:04:00+00:00,4606.700
2025-04-08T23:09:00+00:00,4605.960
2025-04-08T23:19:00+00:00,4542.220
2025-04-08T23:24:00+00:00,4541.480
2025-04-09T00:34:00+00:00,4442.740
2025-04-09T05:19:00+00:00,4442.000
2025-04-09T11:19:00+00:00,4801.260
2025-04-09T14:19:00+00:00,4800.520
2025-04-09T17:29:00+00:00,4590.780
2025-04-09T17:29:00+00:00,4590.040
2025-04-09T19:09:00+00:00,4332.300
2025-04-10T12:44:00+00:00,4331.560
2025-04-10T13:39:00+00:00,4330.820
2025-04-10T13:59:00+00:00,4330.080
2025-04-10T14:04:00+00:00,4232.340
2025-04-10T14:04:00+00:00,4067.600
2025-04-10T14:09:00+00:00,3927.860
2025-04-10T14:09:00+00:00,3927.120
2025-04-10T19:14:00+00:00,4198.380
2025-04-10T19:14:00+00:00,4197.640
2025-04-10T20:09:00+00:00,4132.900
2025-04-10T23:34:00+00:00,4132.160
2025-04-11T05:24:00+00:00,4131.420
2025-04-11T05:39:00+00:00,4060.680
2025-04-11T05:44:00+00:00,4067.940
2025-04-11T05:44:00+00:00,4067.200
2025-04-11T06:04:00+00:00,3933.460
2025-04-11T13:54:00+00:00,3932.720
2025-04-11T16:09:00+00:00,3740.980
2025-04-11T17:09:00+00:00,3740.240
2025-04-11T20:09:00+00:00,3801.500
2025-04-14T08:34:00+00:00,3800.760
2025-04-14T10:19:00+00:00,3739.020
2025-04-14T13:49:00+00:00,3738.280
2025-04-14T20:09:00+00:00,3784.540
2025-04-14T22:54:00+00:00,3783.800
2025-04-15T00:24:00+00:00,3755.060
2025-04-15T01:24:00+00:00,3754.320
2025-04-15T08:04:00+00:00,3753.580
2025-04-15T09:59:00+00:00,3705.840
2025-04-15T12:29:00+00:00,3613.100
2025-04-15T12:29:00+00:00,3612.360
2025-04-15T13:54:00+00:00,3611.620
2025-04-15T14:09:00+00:00,3584.880
2025-04-15T14:09:00+00:00,3495.140
2025-04-15T14:14:00+00:00,3494.400
2025-04-15T17:49:00+00:00,3591.160
2025-04-15T19:24:00+00:00,3590.420
2025-04-15T19:29:00+00:00,3567.680
2025-04-16T01:39:00+00:00,3566.940
2025-04-16T02:09:00+00:00,3440.200
2025-04-16T08:54:00+00:00,3439.460
2025-04-16T11:24:00+00:00,3306.720
2025-04-16T11:39:00+00:00,3305.980
2025-04-16T11:49:00+00:00,3435.240
2025-04-16T13:54:00+00:00,3434.500
2025-04-16T18:29:00+00:00,3709.760
2025-04-17T01:34:00+00:00,3709.020
2025-04-17T05:14:00+00:00,3708.280
2025-04-17T07:14:00+00:00,3857.540
2025-04-17T07:19:00+00:00,4056.800
2025-04-17T12:04:00+00:00,4056.060
2025-04-17T12:29:00+00:00,4002.320
2025-04-17T12:29:00+00:00,4001.580
2025-04-17T13:54:00+00:00,4000.840
2025-04-17T14:34:00+00:00,4250.100
2025-04-17T19:39:00+00:00,4244.360
2025-04-21T11:39:00+00:00,4243.620
2025-04-21T13:04:00+00:00,4425.380
2025-04-21T13:49:00+00:00,4424.640
2025-04-21T18:14:00+00:00,4390.900
2025-04-21T18:14:00+00:00,4390.160
2025-04-21T18:34:00+00:00,4334.420
2025-04-22T05:49:00+00:00,4333.680
2025-04-22T06:34:00+00:00,4222.940
2025-04-22T16:19:00+00:00,4222.200
2025-04-22T20:09:00+00:00,4423.460
2025-04-23T01:49:00+00:00,4422.720
2025-04-23T03:14:00+00:00,3921.980
2025-04-23T11:19:00+00:00,3921.240
2025-04-23T11:59:00+00:00,3782.500
2025-04-23T12:24:00+00:00,3781.760
2025-04-23T12:34:00+00:00,3705.020
2025-04-23T13:54:00+00:00,3704.280
2025-04-23T16:49:00+00:00,3393.540
2025-04-23T18:29:00+00:00,3392.800
2025-04-23T20:09:00+00:00,3243.060
2025-04-24T07:24:00+00:00,3242.320
2025-04-24T07:49:00+00:00,3194.580
2025-04-24T10:04:00+00:00,3193.840
2025-04-24T11:44:00+00:00,3217.100
2025-04-24T11:44:00+00:00,3216.360
2025-04-24T12:39:00+00:00,3149.620
2025-04-24T12:49:00+00:00,3148.880
2025-04-24T13:34:00+00:00,3295.640
2025-04-24T13:49:00+00:00,3294.900
2025-04-24T16:14:00+00:00,3108.160
2025-04-25T12:19:00+00:00,3107.420
2025-04-25T13:49:00+00:00,3207.680
2025-04-25T13:49:00+00:00,3206.940
2025-04-25T20:09:00+00:00,3456.200
2025-04-27T22:29:00+00:00,3455.460
2025-04-28T13:49:00+00:00,3454.720
2025-04-28T14:19:00+00:00,3320.980
2025-04-28T15:19:00+00:00,3116.240
2025-04-28T15:44:00+00:00,3115.500
2025-04-28T16:14:00+00:00,2968.760
2025-04-28T23:14:00+00:00,2968.020
2025-04-29T11:19:00+00:00,2967.280
2025-04-29T13:09:00+00:00,2910.540
2025-04-29T13:49:00+00:00,2909.800
2025-04-29T15:54:00+00:00,3138.060
2025-04-29T15:54:00+00:00,3003.320
2025-04-29T15:59:00+00:00,3002.580
2025-04-29T20:09:00+00:00,3094.840
2025-04-29T22:14:00+00:00,3094.100
2025-04-29T23:19:00+00:00,3007.360
2025-04-30T08:04:00+00:00,3006.620
2025-04-30T08:14:00+00:00,3163.380
2025-04-30T11:14:00+00:00,3162.640
2025-04-30T11:59:00+00:00,3096.900
2025-04-30T12:24:00+00:00,3096.160
2025-04-30T14:34:00+00:00,3141.420
2025-04-30T14:34:00+00:00,3140.680
2025-04-30T20:09:00+00:00,3135.940
2025-05-01T14:19:00+00:00,3135.200
2025-05-01T20:09:00+00:00,3002.460
2025-05-02T05:54:00+00:00,3001.720
2025-05-02T06:19:00+00:00,2936.980
2025-05-02T13:29:00+00:00,2936.240
2025-05-02T13:54:00+00:00,2826.500
2025-05-02T13:54:00+00:00,2825.760
2025-05-02T14:39:00+00:00,2693.020
2025-05-02T15:24:00+00:00,2692.280
2025-05-02T15:54:00+00:00,2899.040
2025-05-02T17:44:00+00:00,2898.300
2025-05-02T20:09:00+00:00,2845.560
2025-05-05T12:09:00+00:00,2844.820
2025-05-05T14:09:00+00:00,2844.080
2025-05-05T14:19:00+00:00,2757.340
2025-05-05T16:39:00+00:00,2756.600
2025-05-05T19:04:00+00:00,2903.360
2025-05-05T20:09:00+00:00,3066.620
2025-05-05T22:14:00+00:00,3065.880
2025-05-06T00:39:00+00:00,3108.140
2025-05-06T00:39:00+00:00,3107.400
2025-05-06T01:04:00+00:00,3231.660
2025-05-06T13:49:00+00:00,3230.920
2025-05-06T14:29:00+00:00,3130.180
2025-05-06T14:34:00+00:00,3129.440
2025-05-06T15:24:00+00:00,3012.700
2025-05-07T10:14:00+00:00,3011.960
2025-05-07T13:49:00+00:00,3011.220
2025-05-07T14:19:00+00:00,2871.480
2025-05-07T14:24:00+00:00,2796.740
2025-05-07T22:09:00+00:00,2796.000
2025-05-08T01:04:00+00:00,2975.260
2025-05-08T01:09:00+00:00,2974.520
2025-05-08T05:49:00+00:00,2723.780
2025-05-08T10:14:00+00:00,2723.040
2025-05-08T12:39:00+00:00,2909.800
2025-05-08T13:04:00+00:00,2909.060
2025-05-08T13:54:00+00:00,2902.320
2025-05-08T13:54:00+00:00,2901.580
2025-05-08T14:49:00+00:00,2882.840
2025-05-08T14:49:00+00:00,2882.100
2025-05-08T15:29:00+00:00,2740.360
2025-05-09T01:24:00+00:00,2739.620
2025-05-09T02:14:00+00:00,3041.380
2025-05-09T13:59:00+00:00,3040.640
2025-05-09T14:29:00+00:00,2946.900
2025-05-09T14:34:00+00:00,2946.160
2025-05-09T20:09:00+00:00,2871.420
2025-05-12T06:29:00+00:00,2870.680
2025-05-12T07:04:00+00:00,3072.440
2025-05-12T13:49:00+00:00,3071.700
2025-05-12T16:14:00+00:00,2920.960
2025-05-12T22:14:00+00:00,2920.220
2025-05-13T00:14:00+00:00,2850.480
2025-05-13T11:29:00+00:00,2849.740
2025-05-13T12:04:00+00:00,2766.000
2025-05-13T13:54:00+00:00,2765.260
2025-05-13T14:44:00+00:00,2614.520
2025-05-14T04:59:00+00:00,2613.780
2025-05-14T07:39:00+00:00,2480.040
2025-05-14T13:54:00+00:00,2479.300
2025-05-14T14:19:00+00:00,2339.560
2025-05-14T22:09:00+00:00,2338.820
2025-05-14T23:24:00+00:00,2353.080
2025-05-14T23:24:00+00:00,2352.340
2025-05-14T23:44:00+00:00,2316.600
2025-05-15T00:39:00+00:00,2315.860
2025-05-15T01:04:00+00:00,2420.120
2025-05-15T01:14:00+00:00,2419.380
2025-05-15T02:04:00+00:00,2581.140
2025-05-15T14:09:00+00:00,2580.400
2025-05-15T15:29:00+00:00,2751.660
2025-05-16T01:09:00+00:00,2750.920
2025-05-16T08:19:00+00:00,3110.180
2025-05-16T14:44:00+00:00,3109.440
2025-05-16T16:04:00+00:00,2937.700
2025-05-16T18:19:00+00:00,2936.960
2025-05-16T19:24:00+00:00,2868.220
2025-05-19T10:09:00+00:00,2867.480
2025-05-19T10:54:00+00:00,2784.740
2025-05-19T13:19:00+00:00,2784.000
2025-05-19T13:34:00+00:00,2713.260
2025-05-19T14:04:00+00:00,2712.520
2025-05-19T14:34:00+00:00,2600.780
2025-05-20T06:14:00+00:00,2600.040
2025-05-20T06:39:00+00:00,2531.300
2025-05-20T12:34:00+00:00,2530.560
2025-05-20T13:04:00+00:00,2453.820
2025-05-20T13:49:00+00:00,2453.080
2025-05-20T14:04:00+00:00,2684.340
2025-05-21T01:19:00+00:00,2683.600
2025-05-21T05:44:00+00:00,2510.860
2025-05-21T10:49:00+00:00,2510.120
2025-05-21T11:04:00+00:00,2464.380
2025-05-21T13:49:00+00:00,2463.640
2025-05-21T15:09:00+00:00,2374.900
2025-05-21T17:34:00+00:00,2374.160
2025-05-21T17:59:00+00:00,2324.420
2025-05-22T12:14:00+00:00,2323.680
2025-05-22T13:09:00+00:00,2277.940
2025-05-22T13:09:00+00:00,2277.200
2025-05-22T13:49:00+00:00,2183.460
2025-05-22T13:49:00+00:00,2182.720
2025-05-22T14:04:00+00:00,2399.980
2025-05-22T14:14:00+00:00,2399.240
2025-05-22T20:09:00+00:00,2402.500
2025-05-23T00:49:00+00:00,2401.760
2025-05-23T01:04:00+00:00,2342.020
2025-05-23T11:39:00+00:00,2341.280
2025-05-23T11:44:00+00:00,2279.540
2025-05-23T11:49:00+00:00,2278.800
2025-05-23T11:54:00+00:00,2211.060
2025-05-23T14:39:00+00:00,2210.320
2025-05-23T17:29:00+00:00,2209.580
2025-05-23T19:09:00+00:00,2208.840
2025-05-23T20:09:00+00:00,2273.100
2025-05-23T20:09:00+00:00,2213.360
2025-05-23T20:09:00+00:00,2174.620
2025-05-26T07:29:00+00:00,2173.880
2025-05-26T08:44:00+00:00,2139.140
2025-05-26T12:29:00+00:00,2138.400
2025-05-26T12:39:00+00:00,2090.660
2025-05-26T14:04:00+00:00,2089.920
2025-05-27T00:39:00+00:00,2089.180
2025-05-27T01:09:00+00:00,2051.440
2025-05-27T01:39:00+00:00,1993.700
2025-05-27T07:59:00+00:00,1992.960
2025-05-27T08:09:00+00:00,1875.220
2025-05-27T08:09:00+00:00,1874.480
2025-05-27T09:39:00+00:00,1738.740
2025-05-27T14:04:00+00:00,1738.000
2025-05-27T19:04:00+00:00,1588.260
2025-05-27T22:09:00+00:00,1587.520
2025-05-27T23:09:00+00:00,1547.780
2025-05-28T15:29:00+00:00,1547.040
2025-05-28T20:09:00+00:00,1546.300
2025-05-29T05:19:00+00:00,1545.560
2025-05-29T05:39:00+00:00,1512.820
2025-05-29T06:03:00+00:00,1512.080
2025-05-29T06:14:00+00:00,1465.340
2025-05-29T09:39:00+00:00,1464.600
2025-05-29T12:19:00+00:00,1718.860
2025-05-29T13:59:00+00:00,1718.120
2025-05-29T16:04:00+00:00,1615.380
2025-05-30T01:14:00+00:00,1614.640
2025-05-30T03:59:00+00:00,1613.900
2025-05-30T04:04:00+00:00,1604.160
2025-05-30T06:14:00+00:00,1378.420
2025-05-30T06:14:00+00:00,1377.680
2025-05-30T06:54:00+00:00,1327.940
2025-05-30T09:49:00+00:00,1327.200
2025-05-30T10:29:00+00:00,1305.460
2025-05-30T10:29:00+00:00,1304.720
2025-05-30T11:54:00+00:00,1386.480
2025-05-30T13:49:00+00:00,1385.740
2025-05-30T20:09:00+00:00,1312.000
2025-06-02T00:44:00+00:00,1311.260
2025-06-02T02:09:00+00:00,1303.520
2025-06-02T02:09:00+00:00,1302.780
2025-06-02T05:19:00+00:00,1427.040
2025-06-02T13:54:00+00:00,1426.300
2025-06-02T20:09:00+00:00,1480.560
2025-06-03T13:49:00+00:00,1479.820
2025-06-03T20:09:00+00:00,1383.080
2025-06-04T00:24:00+00:00,1382.340
2025-06-04T00:44:00+00:00,1323.600
2025-06-04T04:49:00+00:00,1322.860
2025-06-04T14:09:00+00:00,1215.120
2025-06-04T14:09:00+00:00,1214.380
2025-06-04T20:09:00+00:00,1292.640
2025-06-04T23:39:00+00:00,1291.900
2025-06-04T23:59:00+00:00,1260.160
2025-06-05T12:54:00+00:00,1259.420
2025-06-05T14:04:00+00:00,1258.680
2025-06-05T14:54:00+00:00,1257.940
2025-06-05T15:49:00+00:00,1545.200
2025-06-05T15:54:00+00:00,1959.460
2025-06-05T20:09:00+00:00,2071.720
2025-06-06T06:49:00+00:00,2070.980
2025-06-06T08:04:00+00:00,2067.240
2025-06-06T08:04:00+00:00,2066.500
2025-06-06T09:49:00+00:00,2012.760
2025-06-06T13:59:00+00:00,2012.020
2025-06-06T14:24:00+00:00,2269.280
2025-06-09T00:14:00+00:00,2268.540
2025-06-09T00:49:00+00:00,2400.300
2025-06-09T09:09:00+00:00,2399.560
2025-06-09T10:24:00+00:00,2338.820
2025-06-09T12:39:00+00:00,2338.080
2025-06-09T13:19:00+00:00,2261.340
2025-06-09T13:54:00+00:00,2260.600
2025-06-09T17:04:00+00:00,2441.860
2025-06-10T00:09:00+00:00,2441.120
2025-06-10T00:14:00+00:00,2412.380
2025-06-10T05:09:00+00:00,2411.640
2025-06-10T06:19:00+00:00,2530.900
2025-06-10T07:04:00+00:00,2530.160
2025-06-10T07:34:00+00:00,2470.420
2025-06-10T14:04:00+00:00,2469.680
2025-06-10T14:44:00+00:00,2596.940
2025-06-10T23:44:00+00:00,2596.200
2025-06-11T02:24:00+00:00,2595.460
2025-06-11T07:44:00+00:00,2744.720
2025-06-11T07:44:00+00:00,2779.980
2025-06-11T07:49:00+00:00,2779.240
2025-06-11T12:34:00+00:00,2702.500
2025-06-11T13:49:00+00:00,2701.760
2025-06-11T14:44:00+00:00,2630.020
2025-06-11T23:19:00+00:00,2629.280
2025-06-12T00:04:00+00:00,2659.540
2025-06-12T00:04:00+00:00,2658.800
2025-06-12T07:39:00+00:00,2528.060
2025-06-12T15:14:00+00:00,2527.320
2025-06-12T20:09:00+00:00,2444.580
2025-06-12T22:54:00+00:00,2443.840
2025-06-12T23:59:00+00:00,2523.100
2025-06-13T06:54:00+00:00,2522.360
2025-06-13T10:19:00+00:00,2521.620
2025-06-13T10:29:00+00:00,2479.880
2025-06-13T12:39:00+00:00,2271.140
2025-06-13T13:54:00+00:00,2270.400
2025-06-13T16:14:00+00:00,2269.660
2025-06-13T20:09:00+00:00,2304.920
2025-06-13T20:09:00+00:00,2201.180
2025-06-16T13:54:00+00:00,2200.440
2025-06-16T20:09:00+00:00,2253.700
2025-06-17T01:09:00+00:00,2252.960
2025-06-17T02:09:00+00:00,2171.220
2025-06-17T06:09:00+00:00,2170.480
2025-06-17T07:49:00+00:00,2152.740
2025-06-17T07:49:00+00:00,2152.000
2025-06-17T08:44:00+00:00,2083.260
2025-06-17T13:49:00+00:00,2082.520
2025-06-17T14:34:00+00:00,2233.780
2025-06-18T11:49:00+00:00,2233.040
2025-06-18T12:24:00+00:00,2201.300
2025-06-18T13:49:00+00:00,2200.560
2025-06-18T14:24:00+00:00,2313.820
2025-06-19T13:49:00+00:00,2313.080
2025-06-19T14:34:00+00:00,2218.340
2025-06-19T17:39:00+00:00,2217.600
2025-06-19T18:19:00+00:00,2179.860
2025-06-20T11:44:00+00:00,2179.120
2025-06-20T11:49:00+00:00,2141.380
2025-06-20T13:49:00+00:00,2140.640
2025-06-20T20:09:00+00:00,2123.900
2025-06-23T13:54:00+00:00,2123.160
2025-06-23T18:19:00+00:00,2122.420
2025-06-23T18:34:00+00:00,2056.680
2025-06-23T18:39:00+00:00,1987.940
2025-06-23T18:39:00+00:00,1987.200
2025-06-23T20:09:00+00:00,2015.460
2025-06-24T15:39:00+00:00,2014.720
2025-06-24T20:09:00+00:00,2096.980
2025-06-25T00:49:00+00:00,2096.240
2025-06-25T01:14:00+00:00,2046.500
2025-06-25T03:19:00+00:00,2045.760
2025-06-25T04:54:00+00:00,2045.020
2025-06-25T07:29:00+00:00,2044.280
2025-06-25T07:34:00+00:00,2019.540
2025-06-25T07:44:00+00:00,2088.800
2025-06-25T09:09:00+00:00,2016.060
2025-06-25T12:39:00+00:00,2015.320
2025-06-25T13:09:00+00:00,2084.580
2025-06-25T14:04:00+00:00,2083.840
2025-06-25T16:39:00+00:00,2215.100
2025-06-25T17:34:00+00:00,2214.360
2025-06-25T19:04:00+00:00,2156.620
2025-06-26T12:39:00+00:00,2155.880
2025-06-26T13:39:00+00:00,2390.140
2025-06-26T13:49:00+00:00,2389.400
2025-06-26T14:04:00+00:00,2312.660
2025-06-26T14:04:00+00:00,2311.920
2025-06-26T20:09:00+00:00,2183.180
2025-06-27T00:59:00+00:00,2182.440
2025-06-27T01:49:00+00:00,2140.700
2025-06-27T10:14:00+00:00,2139.960
2025-06-27T10:44:00+00:00,2085.220
2025-06-27T12:29:00+00:00,2084.480
2025-06-27T12:39:00+00:00,2009.740
2025-06-27T13:49:00+00:00,2009.000
2025-06-27T14:44:00+00:00,1989.260
2025-06-27T14:44:00+00:00,1988.520
2025-06-27T17:49:00+00:00,1868.780
2025-06-30T01:24:00+00:00,1868.040
2025-06-30T12:59:00+00:00,1965.300
2025-06-30T12:59:00+00:00,1964.560
2025-06-30T13:09:00+00:00,1936.820
2025-06-30T13:49:00+00:00,1936.080
2025-06-30T18:34:00+00:00,2081.340
2025-07-01T13:59:00+00:00,2080.600
2025-07-01T14:49:00+00:00,2013.860
2025-07-02T00:14:00+00:00,2013.120
2025-07-02T00:39:00+00:00,1945.380
2025-07-02T13:49:00+00:00,1944.640
2025-07-02T16:09:00+00:00,1860.900
2025-07-03T06:59:00+00:00,1860.160
2025-07-03T07:14:00+00:00,1809.420
2025-07-03T07:14:00+00:00,1808.680
2025-07-03T09:39:00+00:00,1917.940
2025-07-03T14:19:00+00:00,1917.200
2025-07-03T20:09:00+00:00,1911.460
2025-07-04T01:14:00+00:00,1910.720
2025-07-04T02:54:00+00:00,1884.980
2025-07-04T06:39:00+00:00,1884.240
2025-07-04T09:39:00+00:00,1966.000
2025-07-04T12:14:00+00:00,1965.260
2025-07-04T12:44:00+00:00,1918.520
2025-07-04T13:59:00+00:00,1917.780
2025-07-04T14:04:00+00:00,1917.040
2025-07-04T16:54:00+00:00,1887.300
2025-07-06T22:04:00+00:00,1839.560
2025-07-07T07:19:00+00:00,1838.820
2025-07-07T07:44:00+00:00,1795.080
2025-07-07T13:54:00+00:00,1794.340
2025-07-07T13:59:00+00:00,1793.600
2025-07-07T17:14:00+00:00,1972.860
2025-07-07T20:09:00+00:00,2177.120
2025-07-08T05:09:00+00:00,2176.380
2025-07-08T07:09:00+00:00,2258.140
2025-07-08T13:49:00+00:00,2257.400
2025-07-08T14:44:00+00:00,2472.660
2025-07-09T00:09:00+00:00,2471.920
2025-07-09T02:39:00+00:00,2385.180
2025-07-09T05:14:00+00:00,2384.440
2025-07-09T06:29:00+00:00,2278.700
2025-07-09T08:59:00+00:00,2277.960
2025-07-09T10:39:00+00:00,2170.220
2025-07-09T12:14:00+00:00,2169.480
2025-07-09T13:54:00+00:00,2168.740
2025-07-09T13:59:00+00:00,2288.000
2025-07-09T20:09:00+00:00,2406.260
2025-07-10T00:59:00+00:00,2405.520
2025-07-10T01:14:00+00:00,2366.780
2025-07-10T13:49:00+00:00,2366.040
2025-07-10T20:09:00+00:00,2313.300
2025-07-10T22:24:00+00:00,2312.560
2025-07-10T23:44:00+00:00,2286.820
2025-07-11T03:49:00+00:00,2286.080
2025-07-11T08:34:00+00:00,2289.340
2025-07-11T08:34:00+00:00,2288.600
2025-07-11T10:09:00+00:00,2226.860
2025-07-11T12:39:00+00:00,2226.120
2025-07-11T13:39:00+00:00,2225.380
2025-07-11T14:44:00+00:00,2224.640
2025-07-11T20:09:00+00:00,2297.900
2025-07-11T20:09:00+00:00,2299.160
2025-07-11T20:09:00+00:00,2274.420
2025-07-13T23:29:00+00:00,2273.680
2025-07-14T02:39:00+00:00,2402.940
2025-07-14T14:04:00+00:00,2402.200
2025-07-14T14:44:00+00:00,2501.460
2025-07-15T01:49:00+00:00,2500.720
2025-07-15T02:14:00+00:00,2476.980
2025-07-15T06:44:00+00:00,2476.240
2025-07-15T06:59:00+00:00,2441.500
2025-07-15T08:24:00+00:00,2440.760
2025-07-15T08:39:00+00:00,2390.020
2025-07-15T08:39:00+00:00,2389.280
2025-07-15T09:19:00+00:00,2359.540
2025-07-15T12:29:00+00:00,2358.800
2025-07-15T12:39:00+00:00,2301.060
2025-07-15T13:54:00+00:00,2300.320
2025-07-15T15:29:00+00:00,2187.580
2025-07-16T03:09:00+00:00,2186.840
2025-07-16T03:49:00+00:00,2258.600
2025-07-16T06:14:00+00:00,2257.860
2025-07-16T12:49:00+00:00,2170.120
2025-07-16T13:34:00+00:00,2169.380
2025-07-16T13:49:00+00:00,2168.640
2025-07-16T14:54:00+00:00,2059.900
2025-07-16T14:59:00+00:00,1993.160
2025-07-16T14:59:00+00:00,1992.420
2025-07-16T15:34:00+00:00,2389.180
2025-07-17T03:14:00+00:00,2388.440
2025-07-17T04:39:00+00:00,2334.700
2025-07-17T06:04:00+00:00,2333.960
2025-07-17T06:14:00+00:00,2301.220
2025-07-17T14:09:00+00:00,2300.480
2025-07-17T20:09:00+00:00,2466.740
2025-07-17T22:04:00+00:00,2466.000
2025-07-17T22:19:00+00:00,2437.260
2025-07-18T02:39:00+00:00,2436.520
2025-07-18T06:19:00+00:00,2470.780
2025-07-18T06:19:00+00:00,2470.040
2025-07-18T07:14:00+00:00,2549.300
2025-07-18T16:14:00+00:00,2548.560
2025-07-18T20:09:00+00:00,2574.820
2025-07-21T03:19:00+00:00,2574.080
2025-07-21T04:09:00+00:00,2523.340
2025-07-21T10:39:00+00:00,2522.600
2025-07-21T11:04:00+00:00,2488.860
2025-07-21T13:49:00+00:00,2488.120
2025-07-21T15:44:00+00:00,2572.380
2025-07-21T15:44:00+00:00,2571.640
2025-07-21T20:09:00+00:00,2577.900
2025-07-21T23:44:00+00:00,2577.160
2025-07-22T01:44:00+00:00,2663.920
2025-07-22T05:04:00+00:00,2663.180
2025-07-22T05:44:00+00:00,2624.440
2025-07-22T07:39:00+00:00,2623.700
2025-07-22T07:44:00+00:00,2601.960
2025-07-22T13:49:00+00:00,2601.220
2025-07-22T13:59:00+00:00,2531.480
2025-07-22T17:19:00+00:00,2530.740
2025-07-22T20:09:00+00:00,2512.000
2025-07-22T22:59:00+00:00,2511.260
2025-07-22T23:14:00+00:00,2476.520
2025-07-22T23:24:00+00:00,2475.780
2025-07-23T00:14:00+00:00,2430.040
2025-07-23T00:34:00+00:00,2429.300
2025-07-23T11:34:00+00:00,2464.560
2025-07-23T11:34:00+00:00,2463.820
2025-07-23T12:34:00+00:00,2412.080
2025-07-23T13:54:00+00:00,2411.340
2025-07-23T15:59:00+00:00,2325.600
2025-07-24T01:24:00+00:00,2324.860
2025-07-24T02:14:00+00:00,2246.120
2025-07-24T13:49:00+00:00,2245.380
2025-07-24T18:59:00+00:00,2238.640
2025-07-24T18:59:00+00:00,2237.900
2025-07-24T20:09:00+00:00,2250.160
2025-07-25T13:49:00+00:00,2249.420
2025-07-25T14:19:00+00:00,2248.680
2025-07-25T14:39:00+00:00,2367.940
2025-07-25T20:09:00+00:00,2344.200
2025-07-28T13:49:00+00:00,2343.460
2025-07-28T20:09:00+00:00,2331.720
2025-07-29T07:04:00+00:00,2330.980
2025-07-29T08:04:00+00:00,2299.240
2025-07-29T13:49:00+00:00,2298.500
2025-07-29T14:24:00+00:00,2297.760
2025-07-29T14:29:00+00:00,2297.020
2025-07-29T19:44:00+00:00,2365.280
2025-07-29T19:44:00+00:00,2368.540
2025-07-29T19:44:00+00:00,2355.800
2025-07-29T22:14:00+00:00,2355.060
2025-07-30T00:04:00+00:00,2318.320
2025-07-30T01:39:00+00:00,2317.580
2025-07-30T02:09:00+00:00,2292.840
2025-07-30T02:09:00+00:00,2292.100
2025-07-30T02:24:00+00:00,2341.360
2025-07-30T05:24:00+00:00,2340.620
2025-07-30T05:32:00+00:00,2311.880
2025-07-30T07:29:00+00:00,2311.140
2025-07-30T08:14:00+00:00,2260.400
2025-07-30T08:29:00+00:00,2259.660
2025-07-30T08:49:00+00:00,2242.920
2025-07-30T11:29:00+00:00,2242.180
2025-07-30T11:39:00+00:00,2211.440
2025-07-30T12:24:00+00:00,2210.700
2025-07-30T12:54:00+00:00,2377.460
2025-07-30T14:14:00+00:00,2376.720
2025-07-30T14:29:00+00:00,2323.980
2025-07-30T15:09:00+00:00,2323.240
2025-07-30T18:49:00+00:00,2454.500
2025-07-31T13:49:00+00:00,2453.760
2025-07-31T20:09:00+00:00,2556.020
2025-08-01T04:49:00+00:00,2555.280
2025-08-01T05:44:00+00:00,2504.540
2025-08-01T13:54:00+00:00,2503.800
2025-08-01T14:19:00+00:00,2382.060
2025-08-03T23:44:00+00:00,2381.320
2025-08-04T00:34:00+00:00,2339.580
2025-08-04T05:09:00+00:00,2338.840
2025-08-04T06:29:00+00:00,2285.100
2025-08-04T06:29:00+00:00,2284.360
2025-08-04T06:39:00+00:00,2232.620
2025-08-04T13:49:00+00:00,2231.880
2025-08-04T14:49:00+00:00,2150.140
2025-08-05T14:24:00+00:00,2149.400
2025-08-05T14:29:00+00:00,2148.660
2025-08-05T20:09:00+00:00,2123.920
2025-08-05T20:09:00+00:00,2123.180
2025-08-06T01:44:00+00:00,2122.440
2025-08-06T01:54:00+00:00,2079.700
2025-08-06T07:54:00+00:00,2078.960
2025-08-06T08:19:00+00:00,1990.220
2025-08-06T13:54:00+00:00,1989.480
2025-08-06T20:09:00+00:00,2030.740
2025-08-07T06:04:00+00:00,2030.000
2025-08-07T07:29:00+00:00,2171.760
2025-08-07T11:44:00+00:00,2171.020
2025-08-07T12:34:00+00:00,2121.280
2025-08-07T12:54:00+00:00,2120.540
2025-08-07T13:49:00+00:00,2119.800
2025-08-07T14:09:00+00:00,2231.060
2025-08-07T19:39:00+00:00,2138.320
2025-08-08T00:24:00+00:00,2137.580
2025-08-08T05:34:00+00:00,2136.840
2025-08-08T06:09:00+00:00,2075.100
2025-08-08T06:14:00+00:00,2030.360
2025-08-08T06:14:00+00:00,2029.620
2025-08-08T07:44:00+00:00,1956.880
2025-08-08T11:39:00+00:00,1956.140
2025-08-08T12:24:00+00:00,2070.400
2025-08-08T13:49:00+00:00,2069.660
2025-08-08T14:09:00+00:00,1915.920
2025-08-11T09:29:00+00:00,1915.180
2025-08-11T09:34:00+00:00,1866.440
2025-08-11T12:44:00+00:00,1865.700
2025-08-11T13:49:00+00:00,1864.960
2025-08-11T14:39:00+00:00,1755.220
2025-08-11T14:44:00+00:00,1665.480
2025-08-12T03:24:00+00:00,1664.740
2025-08-12T04:14:00+00:00,1679.000
2025-08-12T04:14:00+00:00,1678.260
2025-08-12T04:34:00+00:00,1653.520
2025-08-12T11:49:00+00:00,1652.780
2025-08-12T14:14:00+00:00,1560.040
2025-08-12T14:14:00+00:00,1559.300
2025-08-12T15:29:00+00:00,1348.560
2025-08-13T01:09:00+00:00,1347.820
2025-08-13T01:24:00+00:00,1323.080
2025-08-13T01:29:00+00:00,1322.340
2025-08-13T02:39:00+00:00,1245.600
2025-08-13T13:19:00+00:00,1244.860
2025-08-13T13:54:00+00:00,1334.120
2025-08-13T13:54:00+00:00,1333.380
2025-08-13T15:19:00+00:00,1239.640
2025-08-14T02:44:00+00:00,1238.900
2025-08-14T02:54:00+00:00,1212.160
2025-08-14T13:59:00+00:00,1211.420
2025-08-14T14:24:00+00:00,1197.680
2025-08-14T14:24:00+00:00,1196.940
2025-08-14T15:04:00+00:00,1108.200
2025-08-15T09:29:00+00:00,1107.460
2025-08-15T10:29:00+00:00,1042.720
2025-08-15T13:24:00+00:00,1041.980
2025-08-15T13:54:00+00:00,1041.240
2025-08-15T14:09:00+00:00,976.500
2025-08-15T20:09:00+00:00,990.760
2025-08-18T09:39:00+00:00,990.020
2025-08-18T11:09:00+00:00,989.280
2025-08-18T11:59:00+00:00,929.540
2025-08-18T11:59:00+00:00,899.800
2025-08-18T13:54:00+00:00,899.060
2025-08-18T20:09:00+00:00,948.320
2025-08-19T14:39:00+00:00,947.580
2025-08-19T20:09:00+00:00,1080.840
2025-08-20T01:09:00+00:00,1080.100
2025-08-20T01:44:00+00:00,1041.360
2025-08-20T14:49:00+00:00,1040.620
2025-08-20T15:29:00+00:00,947.880
2025-08-20T18:09:00+00:00,947.140
2025-08-20T19:09:00+00:00,923.400
2025-08-21T08:59:00+00:00,922.660
2025-08-21T10:39:00+00:00,860.920
2025-08-21T13:49:00+00:00,860.180
2025-08-21T14:39:00+00:00,775.440
2025-08-22T07:09:00+00:00,774.700
2025-08-22T07:44:00+00:00,709.960
2025-08-22T14:04:00+00:00,709.220
2025-08-22T20:09:00+00:00,960.480
2025-08-25T06:44:00+00:00,959.740
2025-08-25T09:19:00+00:00,1019.000
2025-08-25T09:39:00+00:00,1018.260
2025-08-25T11:34:00+00:00,1065.020
2025-08-25T13:49:00+00:00,1064.280
2025-08-25T20:09:00+00:00,1020.540
2025-08-26T00:19:00+00:00,1019.800
2025-08-26T06:39:00+00:00,1019.060
2025-08-26T07:14:00+00:00,986.320
2025-08-26T10:04:00+00:00,985.580
2025-08-26T10:14:00+00:00,954.840
2025-08-26T13:49:00+00:00,976.100
2025-08-26T13:49:00+00:00,975.360
2025-08-26T14:49:00+00:00,918.620
2025-08-26T18:19:00+00:00,917.880
2025-08-26T19:14:00+00:00,977.140
2025-08-27T13:49:00+00:00,976.400
2025-08-27T14:29:00+00:00,896.660
2025-08-27T22:14:00+00:00,895.920
2025-08-27T23:49:00+00:00,868.180
2025-08-27T23:54:00+00:00,867.440
2025-08-28T00:24:00+00:00,844.700
2025-08-28T00:59:00+00:00,843.960
2025-08-28T06:54:00+00:00,799.220
2025-08-28T13:54:00+00:00,798.480
2025-08-28T20:09:00+00:00,894.740
2025-08-29T00:29:00+00:00,894.000
2025-08-29T01:29:00+00:00,958.260
2025-08-29T13:14:00+00:00,957.520
2025-08-29T13:39:00+00:00,920.780
2025-08-29T13:54:00+00:00,920.040
2025-08-29T15:44:00+00:00,1149.300
2025-09-01T05:54:00+00:00,1148.560
2025-09-01T07:14:00+00:00,1066.820
2025-09-01T13:44:00+00:00,1066.080
2025-09-01T13:59:00+00:00,1065.340
2025-09-01T14:24:00+00:00,1010.600
2025-09-01T22:09:00+00:00,977.860
2025-09-02T01:19:00+00:00,977.120
2025-09-02T05:44:00+00:00,976.380
2025-09-02T06:19:00+00:00,912.640
2025-09-02T06:49:00+00:00,813.900
2025-09-02T11:24:00+00:00,813.160
2025-09-02T11:54:00+00:00,742.420
2025-09-02T12:24:00+00:00,741.680
2025-09-02T13:49:00+00:00,660.940
2025-09-02T14:04:00+00:00,660.200
2025-09-02T15:09:00+00:00,911.460
2025-09-02T23:59:00+00:00,910.720
2025-09-03T00:19:00+00:00,964.980
2025-09-03T08:39:00+00:00,964.240
2025-09-03T09:09:00+00:00,932.500
2025-09-03T14:24:00+00:00,931.760
2025-09-03T18:39:00+00:00,891.020
2025-09-03T18:39:00+00:00,890.280
2025-09-03T20:09:00+00:00,926.540
2025-09-03T22:34:00+00:00,925.800
2025-09-03T23:14:00+00:00,870.060
2025-09-04T00:34:00+00:00,869.320
2025-09-04T01:39:00+00:00,779.580
2025-09-04T08:29:00+00:00,778.840
2025-09-04T09:34:00+00:00,778.100
2025-09-04T10:09:00+00:00,710.360
2025-09-04T10:14:00+00:00,679.620
2025-09-04T10:14:00+00:00,678.880
2025-09-04T11:04:00+00:00,608.140
2025-09-04T13:49:00+00:00,607.400
2025-09-04T14:54:00+00:00,606.660
2025-09-04T15:54:00+00:00,522.920
2025-09-04T20:09:00+00:00,484.180
2025-09-05T09:09:00+00:00,483.440
2025-09-05T11:44:00+00:00,482.700
2025-09-05T11:54:00+00:00,456.960
2025-09-05T12:04:00+00:00,456.220
2025-09-05T12:34:00+00:00,542.980
2025-09-05T12:34:00+00:00,632.240
2025-09-05T13:49:00+00:00,631.500
2025-09-05T14:39:00+00:00,467.760
2025-09-05T15:04:00+00:00,467.020
2025-09-05T20:09:00+00:00,423.280
2025-09-08T01:14:00+00:00,422.540
2025-09-08T06:44:00+00:00,344.800
2025-09-08T07:54:00+00:00,344.060
2025-09-08T08:19:00+00:00,293.320
2025-09-08T12:14:00+00:00,292.580
2025-09-08T12:54:00+00:00,239.840
2025-09-08T13:49:00+00:00,239.100
2025-09-08T20:09:00+00:00,276.360
2025-09-09T12:14:00+00:00,275.620
2025-09-09T12:24:00+00:00,210.880
2025-09-09T13:09:00+00:00,210.140
2025-09-09T14:04:00+00:00,414.400
2025-09-09T14:09:00+00:00,413.660
2025-09-09T20:09:00+00:00,598.920
2025-09-10T01:39:00+00:00,598.180
2025-09-10T07:09:00+00:00,794.940
2025-09-10T14:19:00+00:00,794.200
2025-09-10T14:49:00+00:00,708.460
2025-09-10T18:44:00+00:00,707.720
2025-09-10T19:24:00+00:00,766.980
2025-09-10T22:19:00+00:00,766.240
2025-09-10T23:49:00+00:00,695.500
2025-09-11T06:14:00+00:00,694.760
2025-09-11T07:19:00+00:00,627.020
2025-09-11T13:54:00+00:00,626.280
2025-09-11T20:09:00+00:00,686.540
2025-09-11T22:09:00+00:00,685.800
2025-09-11T22:39:00+00:00,688.060
2025-09-11T22:39:00+00:00,687.320
2025-09-11T23:54:00+00:00,736.580
2025-09-12T00:09:00+00:00,735.840
2025-09-12T00:14:00+00:00,725.100
2025-09-12T14:19:00+00:00,724.360
2025-09-12T15:04:00+00:00,649.620
2025-09-15T15:04:00+00:00,648.880
2025-09-15T16:44:00+00:00,790.140
2025-09-15T16:44:00+00:00,789.400
2025-09-15T17:09:00+00:00,758.660
2025-09-16T00:44:00+00:00,757.920
2025-09-16T01:04:00+00:00,725.180
2025-09-16T01:09:00+00:00,724.440
2025-09-16T04:49:00+00:00,710.700
2025-09-16T04:49:00+00:00,709.960
2025-09-16T08:19:00+00:00,709.220
2025-09-16T14:14:00+00:00,708.480
2025-09-16T14:19:00+00:00,892.740
2025-09-16T14:29:00+00:00,819.000
2025-09-16T14:34:00+00:00,759.260
2025-09-16T14:34:00+00:00,758.520
2025-09-16T20:09:00+00:00,737.780
2025-09-17T02:49:00+00:00,737.040
2025-09-17T05:29:00+00:00,705.300
2025-09-17T05:29:00+00:00,704.560
2025-09-17T06:24:00+00:00,723.820
2025-09-17T06:24:00+00:00,723.080
2025-09-17T06:29:00+00:00,693.340
2025-09-17T10:14:00+00:00,692.600
2025-09-17T12:09:00+00:00,639.860
2025-09-17T13:09:00+00:00,639.120
2025-09-17T13:14:00+00:00,613.380
2025-09-17T14:14:00+00:00,612.640
2025-09-17T18:04:00+00:00,536.900
2025-09-17T18:14:00+00:00,536.160
2025-09-17T20:09:00+00:00,234.420
2025-09-17T22:19:00+00:00,233.680
2025-09-18T05:44:00+00:00,161.940
2025-09-18T05:44:00+00:00,161.200
2025-09-18T06:14:00+00:00,370.460
2025-09-18T12:39:00+00:00,369.720
2025-09-18T13:09:00+00:00,481.480
2025-09-19T01:54:00+00:00,480.740
2025-09-19T02:14:00+00:00,402.000
2025-09-19T05:19:00+00:00,401.260
2025-09-19T05:44:00+00:00,458.020
2025-09-19T13:19:00+00:00,457.280
2025-09-19T13:54:00+00:00,456.540
2025-09-19T14:34:00+00:00,570.800
2025-09-19T15:24:00+00:00,714.060
2025-09-22T00:19:00+00:00,713.320
2025-09-22T06:34:00+00:00,895.080
2025-09-22T13:49:00+00:00,894.340
2025-09-22T14:54:00+00:00,783.600
2025-09-23T13:49:00+00:00,782.860
2025-09-23T14:04:00+00:00,794.120
2025-09-23T14:04:00+00:00,793.380
2025-09-23T14:24:00+00:00,696.640
2025-09-23T23:39:00+00:00,695.900
2025-09-24T00:29:00+00:00,672.160
2025-09-24T00:29:00+00:00,671.420
2025-09-24T00:49:00+00:00,645.680
2025-09-24T14:09:00+00:00,644.940
2025-09-24T15:39:00+00:00,644.200
2025-09-24T16:44:00+00:00,857.460
2025-09-24T20:09:00+00:00,1018.720
2025-09-24T22:39:00+00:00,1017.980
2025-09-24T23:49:00+00:00,974.240
2025-09-25T01:29:00+00:00,973.500
2025-09-25T01:44:00+00:00,906.760
2025-09-25T09:49:00+00:00,906.020
2025-09-25T11:04:00+00:00,788.280
2025-09-25T11:09:00+00:00,787.540
2025-09-25T12:24:00+00:00,695.800
2025-09-25T12:39:00+00:00,695.060
2025-09-25T13:04:00+00:00,709.320
2025-09-25T13:04:00+00:00,708.580
2025-09-25T13:39:00+00:00,641.840
2025-09-25T14:04:00+00:00,641.100
2025-09-25T18:04:00+00:00,640.360
2025-09-25T18:29:00+00:00,874.620
2025-09-25T20:09:00+00:00,923.880
2025-09-25T22:09:00+00:00,923.140
2025-09-26T01:19:00+00:00,922.400
2025-09-26T02:49:00+00:00,921.660
2025-09-26T06:04:00+00:00,920.920
2025-09-26T06:14:00+00:00,836.180
2025-09-26T06:14:00+00:00,798.440
2025-09-26T06:14:00+00:00,672.700
2025-09-26T06:19:00+00:00,594.960
2025-09-26T06:19:00+00:00,594.220
2025-09-26T06:44:00+00:00,537.480
2025-09-26T10:24:00+00:00,536.740
2025-09-26T12:34:00+00:00,494.000
2025-09-26T13:29:00+00:00,493.260
2025-09-26T13:59:00+00:00,443.520
2025-09-26T13:59:00+00:00,442.780
2025-09-26T14:29:00+00:00,650.040
2025-09-29T00:14:00+00:00,649.300
2025-09-29T01:14:00+00:00,667.560
2025-09-29T01:14:00+00:00,666.820
2025-09-29T02:14:00+00:00,587.080
2025-09-29T10:29:00+00:00,586.340
2025-09-29T14:24:00+00:00,651.600
2025-09-29T14:24:00+00:00,650.860
2025-09-29T15:04:00+00:00,572.120
2025-09-29T15:04:00+00:00,571.380
2025-09-29T18:39:00+00:00,504.640
2025-09-29T18:39:00+00:00,503.900
2025-09-29T20:09:00+00:00,474.160
2025-09-30T05:14:00+00:00,473.420
2025-09-30T06:14:00+00:00,423.680
2025-09-30T06:39:00+00:00,422.940
2025-09-30T06:54:00+00:00,357.200
2025-09-30T12:54:00+00:00,356.460
2025-09-30T13:24:00+00:00,272.720
2025-09-30T13:49:00+00:00,271.980
2025-09-30T15:09:00+00:00,328.240
2025-09-30T15:09:00+00:00,327.500
2025-09-30T15:14:00+00:00,286.760
2025-10-01T00:49:00+00:00,286.020
2025-10-01T03:49:00+00:00,285.280
2025-10-01T05:14:00+00:00,283.540
2025-10-01T05:14:00+00:00,288.800
2025-10-01T05:19:00+00:00,288.060
2025-10-01T06:34:00+00:00,345.320
2025-10-01T06:34:00+00:00,344.580
2025-10-01T07:49:00+00:00,483.840
2025-10-01T14:34:00+00:00,483.100
2025-10-01T14:49:00+00:00,381.360
2025-10-01T18:24:00+00:00,380.620
2025-10-01T18:49:00+00:00,362.880
2025-10-01T18:49:00+00:00,362.140
2025-10-01T20:09:00+00:00,374.400
2025-10-02T05:14:00+00:00,373.660
2025-10-02T06:49:00+00:00,360.920
2025-10-02T06:49:00+00:00,360.180
2025-10-02T07:09:00+00:00,326.440
2025-10-02T07:14:00+00:00,325.700
2025-10-02T07:29:00+00:00,235.960
2025-10-02T07:34:00+00:00,235.220
2025-10-02T08:34:00+00:00,163.480
2025-10-02T13:49:00+00:00,162.740
2025-10-02T14:44:00+00:00,582.000
2025-10-02T15:49:00+00:00,581.260
2025-10-02T20:09:00+00:00,838.520
2025-10-02T22:44:00+00:00,837.780
2025-10-03T01:24:00+00:00,786.040
2025-10-03T01:29:00+00:00,785.300
2025-10-03T06:14:00+00:00,711.560
2025-10-03T06:14:00+00:00,710.820
2025-10-03T14:14:00+00:00,801.080
2025-10-03T14:14:00+00:00,800.340
2025-10-03T15:29:00+00:00,590.600
2025-10-03T16:24:00+00:00,589.860
2025-10-03T20:09:00+00:00,555.120
2025-10-06T12:29:00+00:00,554.380
2025-10-06T12:59:00+00:00,471.640
2025-10-06T13:49:00+00:00,470.900
2025-10-06T14:04:00+00:00,470.160
2025-10-06T20:09:00+00:00,633.420
2025-10-06T20:09:00+00:00,771.680
2025-10-07T00:44:00+00:00,770.940
2025-10-07T03:29:00+00:00,770.200
2025-10-07T03:34:00+00:00,733.460
2025-10-07T03:44:00+00:00,678.720
2025-10-07T14:34:00+00:00,677.980
2025-10-07T15:49:00+00:00,544.240
2025-10-07T18:09:00+00:00,543.500
2025-10-07T20:09:00+00:00,503.760
2025-10-08T12:29:00+00:00,503.020
2025-10-08T14:04:00+00:00,485.280
2025-10-08T14:04:00+00:00,484.540
2025-10-08T19:14:00+00:00,472.800
2025-10-08T19:14:00+00:00,472.060
2025-10-08T20:09:00+00:00,492.320
2025-10-09T07:09:00+00:00,491.580
2025-10-09T09:14:00+00:00,574.840
2025-10-09T09:14:00+00:00,574.100
2025-10-09T11:04:00+00:00,513.360
2025-10-09T11:39:00+00:00,512.620
2025-10-09T12:24:00+00:00,464.880
2025-10-09T13:49:00+00:00,464.140
2025-10-09T16:54:00+00:00,1081.400
2025-10-10T09:24:00+00:00,1080.660
2025-10-10T09:44:00+00:00,1016.920
2025-10-10T09:59:00+00:00,1016.180
2025-10-10T13:49:00+00:00,1015.440
2025-10-10T13:59:00+00:00,1204.700
2025-10-10T15:09:00+00:00,1029.960
2025-10-12T22:29:00+00:00,1029.220
2025-10-13T00:44:00+00:00,1028.480
2025-10-13T07:39:00+00:00,1365.740
2025-10-13T07:39:00+00:00,1516.000
2025-10-13T07:44:00+00:00,1515.260
2025-10-13T09:04:00+00:00,1462.520
2025-10-13T13:54:00+00:00,1461.780
2025-10-13T20:09:00+00:00,1564.040
2025-10-13T22:54:00+00:00,1563.300
2025-10-14T01:19:00+00:00,1815.060
2025-10-14T05:59:00+00:00,1814.320
2025-10-14T06:24:00+00:00,1537.580
2025-10-14T14:09:00+00:00,1536.840
2025-10-14T17:04:00+00:00,1687.100
2025-10-14T17:04:00+00:00,1686.360
2025-10-14T20:09:00+00:00,1698.620
2025-10-14T22:14:00+00:00,1697.880
2025-10-15T00:44:00+00:00,1697.140
2025-10-15T06:54:00+00:00,2071.400
2025-10-15T07:59:00+00:00,2490.660
2025-10-15T14:04:00+00:00,2489.920
2025-10-15T15:54:00+00:00,2305.180
2025-10-16T01:04:00+00:00,2304.440
2025-10-16T01:44:00+00:00,2143.700
2025-10-16T12:39:00+00:00,2142.960
2025-10-16T12:44:00+00:00,2045.220
2025-10-16T14:09:00+00:00,2044.480
2025-10-16T17:19:00+00:00,2369.740
2025-10-16T18:29:00+00:00,2369.000
2025-10-16T20:09:00+00:00,2687.260
2025-10-16T23:14:00+00:00,2686.520
2025-10-17T01:44:00+00:00,2060.780
2025-10-17T02:04:00+00:00,2060.040
2025-10-17T04:24:00+00:00,2425.300
2025-10-17T04:24:00+00:00,2424.560
2025-10-17T04:54:00+00:00,2321.820
2025-10-17T14:04:00+00:00,2321.080
2025-10-17T20:09:00+00:00,2351.340
2025-10-20T03:59:00+00:00,2350.600
2025-10-20T05:24:00+00:00,2229.860
2025-10-20T08:54:00+00:00,2229.120
2025-10-20T10:09:00+00:00,2228.380
2025-10-20T10:19:00+00:00,2145.640
2025-10-20T11:29:00+00:00,2042.900
2025-10-20T13:59:00+00:00,2042.160
2025-10-20T14:19:00+00:00,1830.420
2025-10-21T13:49:00+00:00,1829.680
2025-10-21T14:44:00+00:00,2662.940
2025-10-21T18:49:00+00:00,2662.200
2025-10-21T20:09:00+00:00,2566.460
2025-10-22T08:29:00+00:00,2565.720
2025-10-22T09:19:00+00:00,2189.980
2025-10-22T11:34:00+00:00,2189.240
2025-10-22T14:34:00+00:00,2188.500
2025-10-22T19:04:00+00:00,1740.760
2025-10-22T19:14:00+00:00,1053.020
2025-10-23T11:09:00+00:00,1052.280
2025-10-23T12:14:00+00:00,924.540
2025-10-23T14:09:00+00:00,923.800
2025-10-23T16:44:00+00:00,702.060
2025-10-24T14:14:00+00:00,701.320
2025-10-24T20:09:00+00:00,399.580
2025-10-27T03:59:00+00:00,398.840
2025-10-27T13:49:00+00:00,938.100
2025-10-27T14:04:00+00:00,937.360
2025-10-27T20:09:00+00:00,1119.620
2025-10-28T00:39:00+00:00,1118.880
2025-10-28T04:24:00+00:00,904.140
2025-10-28T13:09:00+00:00,903.400
2025-10-28T13:44:00+00:00,795.660
2025-10-28T13:54:00+00:00,794.920
2025-10-28T20:09:00+00:00,1003.180
2025-10-29T14:09:00+00:00,1002.440
2025-10-29T15:29:00+00:00,824.700
2025-10-30T01:09:00+00:00,823.960
2025-10-30T02:09:00+00:00,606.220
2025-10-30T13:54:00+00:00,605.480
2025-10-30T18:04:00+00:00,750.740
2025-10-30T18:04:00+00:00,750.000
2025-10-30T18:34:00+00:00,628.260
2025-10-31T05:09:00+00:00,627.520
2025-10-31T06:19:00+00:00,463.780
2025-10-31T16:04:00+00:00,463.040
2025-10-31T19:34:00+00:00,530.300
2025-11-03T14:49:00+00:00,529.560
2025-11-03T14:54:00+00:00,528.820
2025-11-03T15:29:00+00:00,375.080
2025-11-03T16:19:00+00:00,173.340
2025-11-03T19:09:00+00:00,172.600
2025-11-03T20:04:00+00:00,71.860
2025-11-04T03:49:00+00:00,71.120
2025-11-04T04:59:00+00:00,135.380
2025-11-04T04:59:00+00:00,134.640
2025-11-04T06:04:00+00:00,-16.100
2025-11-04T10:19:00+00:00,-16.840
2025-11-04T12:34:00+00:00,-69.580
2025-11-04T14:59:00+00:00,-70.320
2025-11-04T21:09:00+00:00,-283.060
2025-11-05T05:44:00+00:00,-283.800
2025-11-05T08:04:00+00:00,-353.540
2025-11-05T14:49:00+00:00,-354.280
2025-11-05T16:49:00+00:00,-490.020
2025-11-06T15:04:00+00:00,-490.760
2025-11-06T17:49:00+00:00,-542.500
2025-11-06T17:49:00+00:00,-543.240
2025-11-06T21:09:00+00:00,-588.980
2025-11-07T04:24:00+00:00,-589.720
2025-11-07T09:39:00+00:00,-493.460
2025-11-07T09:39:00+00:00,-494.200
2025-11-07T10:29:00+00:00,-500.940
2025-11-07T10:29:00+00:00,-501.680
2025-11-07T11:14:00+00:00,-544.420
2025-11-07T11:14:00+00:00,-545.160
2025-11-07T14:39:00+00:00,-545.900
2025-11-07T15:04:00+00:00,-652.640
2025-11-07T16:24:00+00:00,-673.380
2025-11-07T16:24:00+00:00,-674.120
2025-11-07T21:09:00+00:00,-683.860
2025-11-10T00:44:00+00:00,-684.600
2025-11-10T00:49:00+00:00,-741.340
2025-11-10T08:49:00+00:00,-742.080
2025-11-10T09:39:00+00:00,-792.820
2025-11-10T15:04:00+00:00,-793.560
2025-11-10T21:09:00+00:00,-581.300
2025-11-11T02:49:00+00:00,-582.040
2025-11-11T06:39:00+00:00,-637.780
2025-11-11T06:39:00+00:00,-638.520
2025-11-11T09:14:00+00:00,-774.260
2025-11-11T14:49:00+00:00,-775.000
2025-11-11T18:54:00+00:00,-715.740
2025-11-11T18:54:00+00:00,-716.480
2025-11-11T21:09:00+00:00,-563.220
2025-11-12T05:44:00+00:00,-563.960
2025-11-12T07:14:00+00:00,-364.700
2025-11-12T08:29:00+00:00,-365.440
2025-11-12T15:04:00+00:00,-366.180
2025-11-12T15:34:00+00:00,-14.920
2025-11-12T16:04:00+00:00,584.340
2025-11-13T01:09:00+00:00,583.600
2025-11-13T03:14:00+00:00,510.860
2025-11-13T17:29:00+00:00,510.120
2025-11-13T18:29:00+00:00,367.380
2025-11-13T18:34:00+00:00,366.640
2025-11-13T21:09:00+00:00,218.900
2025-11-14T04:39:00+00:00,218.160
2025-11-14T05:14:00+00:00,84.420
2025-11-14T14:44:00+00:00,83.680
2025-11-14T14:54:00+00:00,82.940
2025-11-14T21:09:00+00:00,219.200
2025-11-14T21:09:00+00:00,289.460
2025-11-17T08:29:00+00:00,288.720
2025-11-17T13:44:00+00:00,287.980
2025-11-17T15:19:00+00:00,287.240
2025-11-17T19:34:00+00:00,619.000
2025-11-17T19:44:00+00:00,1100.760
2025-11-17T19:44:00+00:00,1504.020
2025-11-18T02:14:00+00:00,1503.280
2025-11-18T02:54:00+00:00,1404.540
2025-11-18T04:34:00+00:00,1403.800
2025-11-18T07:14:00+00:00,1290.060
2025-11-18T14:54:00+00:00,1289.320
2025-11-18T19:39:00+00:00,1079.580
2025-11-19T08:04:00+00:00,1078.840
2025-11-19T09:44:00+00:00,990.100
2025-11-19T14:59:00+00:00,989.360
2025-11-19T15:54:00+00:00,718.620
2025-11-20T07:24:00+00:00,717.880
2025-11-20T12:14:00+00:00,594.140
2025-11-20T14:49:00+00:00,593.400
2025-11-20T15:59:00+00:00,295.660
2025-11-21T05:44:00+00:00,294.920
2025-11-21T06:04:00+00:00,164.180
2025-11-21T06:04:00+00:00,163.440
2025-11-21T06:19:00+00:00,76.700
2025-11-21T06:24:00+00:00,75.960
2025-11-21T12:34:00+00:00,-112.780
2025-11-21T14:54:00+00:00,-113.520
2025-11-21T14:59:00+00:00,-114.260
2025-11-21T15:39:00+00:00,-243.000
2025-11-21T21:09:00+00:00,-417.740
2025-11-24T14:54:00+00:00,-418.480
2025-11-24T18:04:00+00:00,-314.220
2025-11-24T18:04:00+00:00,-314.960
2025-11-24T18:29:00+00:00,-366.700
2025-11-24T23:49:00+00:00,-367.440
2025-11-25T01:04:00+00:00,-498.180
2025-11-25T08:39:00+00:00,-498.920
2025-11-25T09:09:00+00:00,-471.660
2025-11-25T09:09:00+00:00,-472.400
2025-11-25T14:49:00+00:00,-608.140
2025-11-25T14:49:00+00:00,-608.880
2025-11-25T16:09:00+00:00,-724.620
2025-11-25T16:09:00+00:00,-725.360
2025-11-25T21:09:00+00:00,-684.100
2025-11-26T00:39:00+00:00,-684.840
2025-11-26T00:59:00+00:00,-721.580
2025-11-26T01:03:00+00:00,-722.320
2025-11-26T02:29:00+00:00,-460.560
2025-11-26T03:04:00+00:00,-461.300
2025-11-26T03:09:00+00:00,-500.040
2025-11-26T04:07:00+00:00,-500.780
2025-11-26T05:37:00+00:00,-501.520
2025-11-26T08:38:00+00:00,-502.260
2025-11-26T11:34:00+00:00,-572.000
2025-11-26T11:34:00+00:00,-646.740
2025-11-26T11:34:00+00:00,-721.480
2025-11-26T14:39:00+00:00,-722.220
2025-11-26T14:59:00+00:00,-781.960
2025-11-26T15:19:00+00:00,-782.700
2025-11-26T21:08:00+00:00,-714.440
2025-11-27T04:59:00+00:00,-715.180
2025-11-27T06:29:00+00:00,-780.920
2025-11-27T15:24:00+00:00,-781.660
2025-11-27T16:29:00+00:00,-856.400
2025-11-28T15:09:00+00:00,-857.140
2025-11-28T17:09:00+00:00,-1050.880
2025-12-01T05:09:00+00:00,-1051.620
2025-12-01T05:14:00+00:00,-922.360
2025-12-01T05:39:00+00:00,-923.100
2025-12-01T08:09:00+00:00,-678.840
2025-12-01T11:54:00+00:00,-679.580
2025-12-01T12:24:00+00:00,-608.320
2025-12-01T12:24:00+00:00,-609.060
2025-12-01T14:04:00+00:00,-662.800
2025-12-01T14:04:00+00:00,-663.540
2025-12-01T14:59:00+00:00,-614.280
2025-12-01T14:59:00+00:00,-615.020
2025-12-01T15:44:00+00:00,-615.760
2025-12-01T21:09:00+00:00,-644.500
2025-12-01T21:09:00+00:00,-564.240
2025-12-02T01:04:00+00:00,-564.980
2025-12-02T13:14:00+00:00,-565.720
2025-12-02T13:59:00+00:00,-642.460
2025-12-02T15:09:00+00:00,-643.200
2025-12-02T15:59:00+00:00,-233.940
2025-12-02T21:09:00+00:00,-159.680
2025-12-03T14:14:00+00:00,-160.420
2025-12-03T14:39:00+00:00,-306.160
2025-12-03T14:49:00+00:00,-306.900
2025-12-03T14:59:00+00:00,-307.640
2025-12-03T21:09:00+00:00,-200.380
2025-12-03T21:09:00+00:00,-150.120
2025-12-04T05:34:00+00:00,-150.860
2025-12-04T05:39:00+00:00,-222.600
2025-12-04T11:14:00+00:00,-223.340
2025-12-04T11:29:00+00:00,-257.080
2025-12-04T11:29:00+00:00,-257.820
2025-12-04T14:09:00+00:00,-324.560
2025-12-04T16:09:00+00:00,-325.300
2025-12-04T21:09:00+00:00,-372.040
2025-12-05T01:29:00+00:00,-372.780
2025-12-05T04:34:00+00:00,-226.020
2025-12-05T13:19:00+00:00,-226.760
2025-12-05T14:49:00+00:00,-227.500
2025-12-05T14:54:00+00:00,-45.740
2025-12-05T16:09:00+00:00,-195.480
2025-12-08T12:04:00+00:00,-196.220
2025-12-08T13:09:00+00:00,-196.960
2025-12-08T13:59:00+00:00,-67.700
2025-12-08T14:59:00+00:00,-68.440
2025-12-08T15:04:00+00:00,75.820
2025-12-08T21:09:00+00:00,116.080
2025-12-09T07:29:00+00:00,115.340
2025-12-09T08:19:00+00:00,0.600
2025-12-09T14:54:00+00:00,-0.140
2025-12-09T15:14:00+00:00,-157.880
2025-12-09T15:14:00+00:00,-158.620
2025-12-09T15:59:00+00:00,-330.360
2025-12-09T23:59:00+00:00,-331.100
2025-12-10T01:14:00+00:00,-377.840
2025-12-10T14:49:00+00:00,-378.580
2025-12-10T15:19:00+00:00,-476.320
2025-12-10T19:14:00+00:00,-477.060
2025-12-10T19:44:00+00:00,-762.800
2025-12-11T01:09:00+00:00,-763.540
2025-12-11T02:29:00+00:00,-919.280
2025-12-11T14:54:00+00:00,-920.020
2025-12-11T14:59:00+00:00,-920.760
2025-12-11T15:14:00+00:00,-1014.500
2025-12-11T15:24:00+00:00,-1164.240
2025-12-12T01:19:00+00:00,-1164.980
2025-12-12T08:09:00+00:00,-950.720
2025-12-12T14:54:00+00:00,-951.460
2025-12-12T15:09:00+00:00,-991.200
2025-12-12T15:09:00+00:00,-991.940
2025-12-12T15:24:00+00:00,-730.180
2025-12-15T03:39:00+00:00,-730.920
2025-12-15T14:54:00+00:00,-830.660
2025-12-15T14:54:00+00:00,-831.400
2025-12-15T21:09:00+00:00,-653.140
2025-12-16T08:24:00+00:00,-653.880
2025-12-16T12:19:00+00:00,-805.620
2025-12-16T15:09:00+00:00,-806.360
2025-12-16T15:19:00+00:00,-918.100
2025-12-16T15:24:00+00:00,-918.840
2025-12-16T19:09:00+00:00,-919.580
2025-12-16T19:29:00+00:00,-820.320
2025-12-16T21:09:00+00:00,-608.060
2025-12-17T14:19:00+00:00,-608.800
2025-12-17T14:34:00+00:00,-695.540
2025-12-17T14:54:00+00:00,-696.280
2025-12-17T15:54:00+00:00,-829.020
2025-12-18T12:44:00+00:00,-829.760
2025-12-18T13:09:00+00:00,-886.500
2025-12-18T13:24:00+00:00,-887.240
2025-12-18T13:34:00+00:00,-747.980
2025-12-18T16:04:00+00:00,-748.720
2025-12-18T20:09:00+00:00,-749.460
2025-12-18T21:09:00+00:00,-868.200
2025-12-18T21:09:00+00:00,-881.940
2025-12-19T00:19:00+00:00,-882.680
2025-12-19T01:04:00+00:00,-770.920
2025-12-19T15:04:00+00:00,-771.660
2025-12-19T16:19:00+00:00,-701.400
2025-12-19T16:19:00+00:00,-702.140
2025-12-19T17:34:00+00:00,-800.880
2025-12-22T15:44:00+00:00,-801.620
2025-12-22T20:24:00+00:00,-755.360
2025-12-22T20:24:00+00:00,-756.100
2025-12-22T20:39:00+00:00,-781.840
2025-12-23T12:14:00+00:00,-782.580
2025-12-23T13:04:00+00:00,-844.320
2025-12-23T14:59:00+00:00,-845.060
2025-12-23T16:49:00+00:00,-1030.800
2025-12-24T06:19:00+00:00,-1031.540
2025-12-24T08:04:00+00:00,-1112.280
2025-12-24T08:14:00+00:00,-1113.020
2025-12-24T10:19:00+00:00,-1039.760
2025-12-24T10:19:00+00:00,-1040.500
2025-12-24T14:39:00+00:00,-848.740
2025-12-24T14:54:00+00:00,-849.480
2025-12-24T14:59:00+00:00,-850.220
2025-12-25T23:04:00+00:00,-1098.960
2025-12-25T23:04:00+00:00,-1395.700
2025-12-26T03:34:00+00:00,-1396.440
2025-12-26T13:39:00+00:00,-1651.180
2025-12-26T13:54:00+00:00,-1651.920
2025-12-26T14:29:00+00:00,-1747.660
2025-12-26T14:49:00+00:00,-1748.400
2025-12-26T15:34:00+00:00,-1943.140
2025-12-26T20:09:00+00:00,-1943.880
2025-12-26T21:09:00+00:00,-1971.620
2025-12-29T11:44:00+00:00,-1972.360
2025-12-29T13:04:00+00:00,-2112.100
2025-12-29T15:04:00+00:00,-2112.840
2025-12-29T21:09:00+00:00,-2080.580
2025-12-30T14:49:00+00:00,-2081.320
2025-12-30T14:54:00+00:00,-2082.060
2025-12-30T21:09:00+00:00,-1965.800
2025-12-30T21:09:00+00:00,-1760.540
2025-12-31T00:44:00+00:00,-1761.280
2025-12-31T05:04:00+00:00,-1886.020
2025-12-31T14:39:00+00:00,-1886.760
2025-12-31T15:14:00+00:00,-1942.500
2025-12-31T15:14:00+00:00,-1943.240
2025-12-31T20:19:00+00:00,-1800.980
2025-12-31T20:19:00+00:00,-1801.720
2025-12-31T20:54:00+00:00,-1866.460
2026-01-02T01:09:00+00:00,-1867.200
2026-01-02T01:54:00+00:00,-1927.940
2026-01-02T11:34:00+00:00,-1928.680
2026-01-02T12:14:00+00:00,-1945.420
2026-01-02T12:14:00+00:00,-1946.160
2026-01-02T12:44:00+00:00,-2042.900
2026-01-02T13:04:00+00:00,-2043.640
2026-01-02T13:24:00+00:00,-2116.380
2026-01-02T13:29:00+00:00,-2117.120
2026-01-02T14:34:00+00:00,-1917.860
2026-01-02T14:39:00+00:00,-1918.600
2026-01-02T15:04:00+00:00,-1919.340
2026-01-02T21:09:00+00:00,-1685.080
2026-01-02T21:09:00+00:00,-1549.820
2026-01-05T14:49:00+00:00,-1550.560
2026-01-05T17:04:00+00:00,-1590.300
2026-01-05T17:04:00+00:00,-1591.040
2026-01-05T17:19:00+00:00,-1702.780
2026-01-06T02:44:00+00:00,-1703.520
2026-01-06T03:14:00+00:00,-1781.260
2026-01-06T14:54:00+00:00,-1782.000
2026-01-06T15:39:00+00:00,-2017.740
2026-01-07T01:14:00+00:00,-2018.480
2026-01-07T15:14:00+00:00,-2019.220
2026-01-07T15:34:00+00:00,-1788.960
2026-01-07T15:34:00+00:00,-2015.700
2026-01-07T15:39:00+00:00,-2016.440
2026-01-07T21:09:00+00:00,-1975.180
2026-01-08T01:14:00+00:00,-1975.920
2026-01-08T01:49:00+00:00,-2097.660
2026-01-08T10:39:00+00:00,-2098.400
2026-01-08T11:49:00+00:00,-2183.140
2026-01-08T14:49:00+00:00,-2183.880
2026-01-08T17:04:00+00:00,-1888.620
2026-01-09T11:14:00+00:00,-1889.360
2026-01-09T12:04:00+00:00,-1955.100
2026-01-09T13:29:00+00:00,-1955.840
2026-01-09T13:34:00+00:00,-2043.580
2026-01-09T15:09:00+00:00,-2044.320
2026-01-09T17:59:00+00:00,-2222.060
2026-01-12T15:09:00+00:00,-2222.800
2026-01-12T21:09:00+00:00,-2418.540
2026-01-12T23:19:00+00:00,-2419.280
2026-01-13T05:39:00+00:00,-2420.020
2026-01-13T06:44:00+00:00,-2268.260
2026-01-13T07:49:00+00:00,-2269.000
2026-01-13T12:44:00+00:00,-2290.740
2026-01-13T12:44:00+00:00,-2363.480
2026-01-13T12:49:00+00:00,-2364.220
2026-01-13T13:14:00+00:00,-2229.960
2026-01-13T14:49:00+00:00,-2230.700
2026-01-13T15:19:00+00:00,-2465.440
2026-01-14T06:19:00+00:00,-2466.180
2026-01-14T06:39:00+00:00,-2505.920
2026-01-14T06:39:00+00:00,-2506.660
2026-01-14T12:59:00+00:00,-2625.400
2026-01-14T13:14:00+00:00,-2626.140
2026-01-14T14:49:00+00:00,-2626.880
2026-01-14T15:04:00+00:00,-2360.120
2026-01-14T15:19:00+00:00,-2501.860
2026-01-14T15:19:00+00:00,-2502.600
2026-01-14T17:24:00+00:00,-2654.340
2026-01-14T23:54:00+00:00,-2655.080
2026-01-15T01:19:00+00:00,-2714.820
2026-01-15T05:34:00+00:00,-2715.560
2026-01-15T10:24:00+00:00,-2413.800
2026-01-15T11:49:00+00:00,-2414.540
2026-01-15T11:54:00+00:00,-2450.280
2026-01-15T14:54:00+00:00,-2451.020
2026-01-15T16:19:00+00:00,-2451.760
2026-01-15T20:19:00+00:00,-2571.500
2026-01-15T21:09:00+00:00,-2685.240
2026-01-15T23:19:00+00:00,-2685.980
2026-01-16T00:49:00+00:00,-2554.220
2026-01-16T05:19:00+00:00,-2554.960
2026-01-16T05:29:00+00:00,-2593.700
2026-01-16T05:29:00+00:00,-2594.440
2026-01-16T13:19:00+00:00,-2675.180
2026-01-16T14:49:00+00:00,-2675.920
2026-01-16T15:24:00+00:00,-2858.660
2026-01-16T15:24:00+00:00,-2859.400
2026-01-16T15:29:00+00:00,-2680.140
2026-01-19T00:29:00+00:00,-2680.880
2026-01-19T11:34:00+00:00,-2681.620
2026-01-19T11:44:00+00:00,-2717.360
2026-01-19T15:49:00+00:00,-2718.100
2026-01-20T00:29:00+00:00,-2807.840
2026-01-20T02:34:00+00:00,-2808.580
2026-01-20T04:59:00+00:00,-2581.820
2026-01-20T15:29:00+00:00,-2121.560
2026-01-20T15:29:00+00:00,-2122.300
2026-01-20T16:59:00+00:00,-2404.040
2026-01-20T19:34:00+00:00,-2404.780
2026-01-20T21:09:00+00:00,-2398.520
2026-01-21T03:19:00+00:00,-2399.260
2026-01-21T03:44:00+00:00,-2531.000
2026-01-21T06:44:00+00:00,-2531.740
2026-01-21T09:29:00+00:00,-2655.480
2026-01-21T12:54:00+00:00,-2656.220
2026-01-21T13:09:00+00:00,-2721.960
2026-01-21T14:09:00+00:00,-2722.700
2026-01-21T15:19:00+00:00,-2385.940
2026-01-21T15:19:00+00:00,-2386.680
2026-01-21T21:09:00+00:00,-2273.420
2026-01-22T00:14:00+00:00,-2274.160
2026-01-22T01:04:00+00:00,-2383.900
2026-01-22T01:09:00+00:00,-2384.640
2026-01-22T07:09:00+00:00,-2869.380
2026-01-22T12:04:00+00:00,-2870.120
2026-01-22T12:24:00+00:00,-2925.860
2026-01-22T13:19:00+00:00,-2926.600
2026-01-22T13:34:00+00:00,-3028.340
2026-01-22T15:29:00+00:00,-3029.080
2026-01-22T18:04:00+00:00,-2489.820
2026-01-22T20:09:00+00:00,-2490.560
2026-01-22T21:09:00+00:00,-2518.300
2026-01-22T23:54:00+00:00,-2519.040
2026-01-23T01:09:00+00:00,-2632.780
2026-01-23T01:09:00+00:00,-2633.520
2026-01-23T01:49:00+00:00,-2766.260
2026-01-23T14:49:00+00:00,-2767.000
2026-01-23T15:04:00+00:00,-2805.740
2026-01-23T15:04:00+00:00,-2806.480
2026-01-23T15:44:00+00:00,-2878.220
2026-01-26T07:04:00+00:00,-2878.960
2026-01-26T08:19:00+00:00,-3066.700
2026-01-26T09:54:00+00:00,-3067.440
2026-01-26T10:39:00+00:00,-3222.180
2026-01-26T11:44:00+00:00,-3222.920
2026-01-26T13:04:00+00:00,-3377.660
2026-01-26T14:54:00+00:00,-3378.400
2026-01-26T15:44:00+00:00,-3556.140
2026-01-26T16:34:00+00:00,-3556.880
2026-01-26T16:59:00+00:00,-3746.620
2026-01-26T18:54:00+00:00,-3747.360
2026-01-26T19:04:00+00:00,-3889.100
2026-01-26T19:39:00+00:00,-3889.840
2026-01-26T19:49:00+00:00,-4081.580
2026-01-27T14:59:00+00:00,-4082.320
2026-01-27T15:39:00+00:00,-4367.060
2026-01-28T14:44:00+00:00,-4367.800
2026-01-28T14:59:00+00:00,-4368.540
2026-01-28T15:09:00+00:00,-4639.280
2026-01-28T15:09:00+00:00,-5009.020
2026-01-28T15:14:00+00:00,-5009.760
2026-01-28T15:24:00+00:00,-5179.500
2026-01-28T17:59:00+00:00,-5180.240
2026-01-28T18:34:00+00:00,-5276.980
2026-01-28T18:34:00+00:00,-5277.720
2026-01-28T19:44:00+00:00,-5484.460
2026-01-28T23:54:00+00:00,-5485.200
2026-01-29T03:09:00+00:00,-5485.940
2026-01-29T04:34:00+00:00,-5781.680
2026-01-29T05:53:00+00:00,-6491.420
2026-01-29T05:53:00+00:00,-6492.160
2026-01-29T08:39:00+00:00,-6866.900
2026-01-29T13:49:00+00:00,-6867.640
2026-01-29T14:49:00+00:00,-7099.380
2026-01-29T14:54:00+00:00,-7100.120
2026-01-29T15:09:00+00:00,-6204.860
2026-01-30T00:04:00+00:00,-6205.600
2026-01-30T01:14:00+00:00,-7340.340
2026-01-30T02:44:00+00:00,-7341.080
2026-01-30T07:04:00+00:00,-8173.820
2026-01-30T14:09:00+00:00,-8174.560
2026-01-30T14:54:00+00:00,-8284.300
2026-01-30T14:54:00+00:00,-8285.040
2026-01-30T17:14:00+00:00,-6967.780
2026-02-02T04:24:00+00:00,-6968.520
2026-02-02T05:39:00+00:00,-7593.260
2026-02-02T15:19:00+00:00,-7594.000
2026-02-02T17:24:00+00:00,-7594.740
2026-02-02T21:09:00+00:00,-7167.480
2026-02-02T21:09:00+00:00,-7096.220
2026-02-03T09:04:00+00:00,-7096.960
2026-02-03T11:39:00+00:00,-7095.700
2026-02-03T11:39:00+00:00,-7096.440
2026-02-03T12:29:00+00:00,-7192.180
2026-02-03T12:29:00+00:00,-7192.920
2026-02-03T13:09:00+00:00,-7473.660
2026-02-03T13:59:00+00:00,-7474.400
2026-02-03T14:19:00+00:00,-7172.640
2026-02-03T14:54:00+00:00,-7173.380
2026-02-03T18:34:00+00:00,-7527.120
2026-02-03T19:19:00+00:00,-7527.860
2026-02-03T20:09:00+00:00,-7753.600
2026-02-04T15:24:00+00:00,-7754.340
2026-02-04T21:09:00+00:00,-7571.080
2026-02-05T02:04:00+00:00,-7571.820
2026-02-05T02:29:00+00:00,-7426.560
2026-02-05T02:29:00+00:00,-7427.300
2026-02-05T02:44:00+00:00,-7843.040
2026-02-05T05:49:00+00:00,-7843.780
2026-02-05T12:14:00+00:00,-8392.520
2026-02-05T12:34:00+00:00,-8393.260
2026-02-05T13:04:00+00:00,-8636.000
2026-02-05T16:44:00+00:00,-8636.740
2026-02-05T20:49:00+00:00,-9377.480
2026-02-06T06:14:00+00:00,-9378.220
2026-02-06T10:39:00+00:00,-9483.960
2026-02-06T10:39:00+00:00,-9484.700
2026-02-06T14:39:00+00:00,-9485.440
2026-02-06T14:59:00+00:00,-9486.180
2026-02-06T15:04:00+00:00,-8654.420
2026-02-06T18:29:00+00:00,-8457.160
2026-02-06T18:29:00+00:00,-8384.900
2026-02-06T18:34:00+00:00,-8385.640
2026-02-06T19:54:00+00:00,-8396.380
2026-02-06T19:54:00+00:00,-8397.120
2026-02-06T20:04:00+00:00,-8498.860
2026-02-09T14:54:00+00:00,-8499.600
2026-02-09T21:09:00+00:00,-8191.340
2026-02-09T23:14:00+00:00,-8192.080
2026-02-10T10:19:00+00:00,-8192.820
2026-02-10T10:44:00+00:00,-8359.560
2026-02-10T14:19:00+00:00,-8912.300
2026-02-10T14:49:00+00:00,-8913.040
2026-02-10T14:54:00+00:00,-8913.780
2026-02-10T21:09:00+00:00,-8874.520
2026-02-10T21:09:00+00:00,-8735.260
2026-02-11T05:54:00+00:00,-8736.000
2026-02-11T06:04:00+00:00,-8799.740
2026-02-11T15:09:00+00:00,-8800.480
2026-02-11T21:09:00+00:00,-8710.220
2026-02-12T08:34:00+00:00,-8710.960
2026-02-12T09:09:00+00:00,-8866.700
2026-02-12T12:49:00+00:00,-8867.440
2026-02-12T13:14:00+00:00,-8936.180
2026-02-12T13:34:00+00:00,-8936.920
2026-02-12T13:49:00+00:00,-9030.660
2026-02-12T14:59:00+00:00,-9031.400
2026-02-12T15:34:00+00:00,-9311.140
2026-02-12T23:09:00+00:00,-9311.880
2026-02-13T00:14:00+00:00,-9701.620
2026-02-13T16:09:00+00:00,-9702.360
2026-02-13T16:29:00+00:00,-9703.100
2026-02-13T21:09:00+00:00,-9293.840
2026-02-13T21:09:00+00:00,-9260.580
2026-02-16T12:39:00+00:00,-9261.320
2026-02-16T13:29:00+00:00,-9343.060
2026-02-16T15:04:00+00:00,-9343.800
2026-02-16T17:04:00+00:00,-9557.540
2026-02-16T23:29:00+00:00,-9558.280
2026-02-17T00:04:00+00:00,-9658.020
2026-02-17T14:49:00+00:00,-9658.760
2026-02-17T18:59:00+00:00,-10084.500
2026-02-18T07:04:00+00:00,-10085.240
2026-02-18T07:24:00+00:00,-10085.980
2026-02-18T07:29:00+00:00,-10165.720
2026-02-18T11:49:00+00:00,-9911.460
2026-02-18T12:14:00+00:00,-9912.200
2026-02-18T13:09:00+00:00,-9542.940
2026-02-18T14:54:00+00:00,-9543.680
2026-02-18T21:09:00+00:00,-9647.420
2026-02-19T04:59:00+00:00,-9648.160
2026-02-19T08:49:00+00:00,-9268.900
2026-02-19T14:09:00+00:00,-9269.640
2026-02-19T14:44:00+00:00,-9354.380
2026-02-19T14:44:00+00:00,-9355.120
2026-02-19T14:49:00+00:00,-9355.860
2026-02-19T19:44:00+00:00,-9437.600
2026-02-19T19:44:00+00:00,-9596.340
2026-02-19T19:49:00+00:00,-9597.080
2026-02-19T21:04:00+00:00,-9774.820
2026-02-20T08:09:00+00:00,-9775.560
2026-02-20T13:54:00+00:00,-9368.800
2026-02-20T14:54:00+00:00,-9369.540
2026-02-20T15:04:00+00:00,-9590.280
2026-02-23T10:39:00+00:00,-9591.020
2026-02-23T10:59:00+00:00,-9673.760
2026-02-23T11:19:00+00:00,-9674.500
2026-02-23T12:44:00+00:00,-9771.240
2026-02-23T12:44:00+00:00,-9771.980
2026-02-23T13:19:00+00:00,-9905.720
2026-02-23T14:49:00+00:00,-9906.460
2026-02-23T21:09:00+00:00,-9530.200
2026-02-24T10:39:00+00:00,-9530.940
2026-02-24T10:59:00+00:00,-9606.680
2026-02-24T11:54:00+00:00,-9607.420
2026-02-24T12:19:00+00:00,-9428.160
2026-02-24T15:19:00+00:00,-9428.900
2026-02-24T20:24:00+00:00,-9429.640
2026-02-24T20:59:00+00:00,-9484.380
2026-02-24T21:09:00+00:00,-9311.120
2026-02-25T14:49:00+00:00,-9311.860
2026-02-25T20:59:00+00:00,-9543.600
2026-02-25T23:19:00+00:00,-9544.340
2026-02-26T08:34:00+00:00,-9545.080
2026-02-26T15:44:00+00:00,-9574.820
2026-02-26T15:44:00+00:00,-9586.560
2026-02-26T15:49:00+00:00,-9587.300
2026-02-26T20:59:00+00:00,-9447.040
2026-02-27T04:04:00+00:00,-9447.780
2026-02-27T05:34:00+00:00,-9572.520
2026-02-27T15:14:00+00:00,-9573.260
2026-02-27T15:24:00+00:00,-9763.000
2026-02-27T15:24:00+00:00,-9763.740
2026-02-27T15:34:00+00:00,-9906.480
2026-02-27T15:34:00+00:00,-9907.220
2026-02-27T16:29:00+00:00,-9853.960
2026-02-27T16:29:00+00:00,-9854.700
2026-02-27T18:59:00+00:00,-9978.440
2026-03-02T10:59:00+00:00,-9979.180
2026-03-02T13:34:00+00:00,-10247.920
2026-03-02T14:44:00+00:00,-10248.660
2026-03-02T15:59:00+00:00,-10631.400
2026-03-02T16:04:00+00:00,-10632.140
2026-03-02T21:09:00+00:00,-11306.880
2026-03-02T23:09:00+00:00,-11307.620
2026-03-03T01:19:00+00:00,-10953.360
2026-03-03T13:09:00+00:00,-10954.100
2026-03-03T14:49:00+00:00,-10954.840
2026-03-03T19:04:00+00:00,-11836.580
2026-03-03T19:19:00+00:00,-11837.320
2026-03-03T21:09:00+00:00,-11329.060
2026-03-03T21:09:00+00:00,-11214.800
2026-03-04T08:09:00+00:00,-11215.540
2026-03-04T08:24:00+00:00,-11378.280
2026-03-04T12:24:00+00:00,-11379.020
2026-03-04T13:14:00+00:00,-11505.760
2026-03-04T14:49:00+00:00,-11506.500
2026-03-04T21:09:00+00:00,-11385.240
2026-03-05T15:09:00+00:00,-11385.980
2026-03-05T16:14:00+00:00,-11386.720
2026-03-05T21:09:00+00:00,-11478.460
2026-03-05T21:09:00+00:00,-11453.200
2026-03-05T23:59:00+00:00,-11453.940
2026-03-06T01:39:00+00:00,-11599.680
2026-03-06T11:49:00+00:00,-11600.420
2026-03-06T13:34:00+00:00,-11762.160
2026-03-06T14:59:00+00:00,-11762.900
2026-03-06T21:09:00+00:00,-11445.640
2026-03-09T13:39:00+00:00,-11446.380
2026-03-09T13:44:00+00:00,-11669.120
2026-03-09T13:54:00+00:00,-11669.860
2026-03-09T14:44:00+00:00,-12045.600
2026-03-09T23:09:00+00:00,-12046.340
2026-03-10T01:24:00+00:00,-12173.080
2026-03-10T13:49:00+00:00,-12173.820
2026-03-10T14:24:00+00:00,-12240.560
2026-03-10T14:24:00+00:00,-12241.300
2026-03-10T18:19:00+00:00,-12608.040
2026-03-10T18:29:00+00:00,-12608.780
2026-03-10T19:04:00+00:00,-12741.520
2026-03-11T00:09:00+00:00,-12742.260
2026-03-11T00:19:00+00:00,-12828.000
2026-03-11T00:24:00+00:00,-12828.740
2026-03-11T02:04:00+00:00,-12924.480
2026-03-11T13:49:00+00:00,-12925.220
2026-03-11T14:04:00+00:00,-13147.960
2026-03-11T22:54:00+00:00,-13148.700
2026-03-11T22:59:00+00:00,-13279.440
2026-03-12T10:34:00+00:00,-13280.180
2026-03-12T13:49:00+00:00,-13010.920
2026-03-12T13:49:00+00:00,-13011.660
2026-03-12T15:14:00+00:00,-12626.400
2026-03-13T01:49:00+00:00,-12627.140
2026-03-13T01:59:00+00:00,-12723.880
2026-03-13T10:54:00+00:00,-12724.620
2026-03-13T14:14:00+00:00,-12787.360
2026-03-13T14:14:00+00:00,-12788.100
2026-03-13T14:59:00+00:00,-12322.840
2026-03-13T15:14:00+00:00,-12323.580
2026-03-13T15:44:00+00:00,-12557.320
2026-03-15T23:09:00+00:00,-12558.060
2026-03-15T23:24:00+00:00,-12216.300
2026-03-16T14:29:00+00:00,-12217.040
2026-03-16T20:09:00+00:00,-12262.780
2026-03-17T00:09:00+00:00,-12263.520
2026-03-17T01:19:00+00:00,-12329.260
2026-03-17T12:54:00+00:00,-12330.000
2026-03-17T13:34:00+00:00,-12443.740
2026-03-17T13:59:00+00:00,-12444.480
2026-03-17T14:04:00+00:00,-12445.220
2026-03-17T15:44:00+00:00,-12015.960
2026-03-17T20:09:00+00:00,-11963.700
2026-03-18T00:24:00+00:00,-11964.440
2026-03-18T01:09:00+00:00,-12028.180
2026-03-18T14:09:00+00:00,-12028.920
2026-03-18T19:04:00+00:00,-12469.660
2026-03-19T13:54:00+00:00,-12470.400
2026-03-19T20:09:00+00:00,-11888.140
2026-03-20T01:19:00+00:00,-11888.880
2026-03-20T01:39:00+00:00,-12132.620
2026-03-20T08:39:00+00:00,-12133.360
2026-03-20T10:04:00+00:00,-11679.100
2026-03-20T13:54:00+00:00,-11679.840
2026-03-20T18:44:00+00:00,-10780.580
2026-03-22T22:14:00+00:00,-10781.320
2026-03-22T23:54:00+00:00,-11306.060
2026-03-23T04:59:00+00:00,-11306.800
2026-03-23T06:44:00+00:00,-9792.540
2026-03-23T13:54:00+00:00,-9793.280
2026-03-23T15:49:00+00:00,-10299.020
2026-03-24T13:59:00+00:00,-10299.760
2026-03-24T18:49:00+00:00,-10152.500
2026-03-24T18:49:00+00:00,-10153.240
2026-03-24T20:09:00+00:00,-10176.980
2026-03-25T05:49:00+00:00,-10177.720
2026-03-25T06:09:00+00:00,-10342.460
2026-03-25T12:44:00+00:00,-10343.200
2026-03-25T13:49:00+00:00,-10304.940
2026-03-25T13:49:00+00:00,-10305.680
2026-03-25T14:54:00+00:00,-10560.420
2026-03-25T22:54:00+00:00,-10561.160
2026-03-26T00:54:00+00:00,-10792.900
2026-03-26T12:14:00+00:00,-10793.640
2026-03-26T13:54:00+00:00,-10794.380
2026-03-26T16:04:00+00:00,-11079.120
2026-03-26T16:19:00+00:00,-11303.860
2026-03-27T01:09:00+00:00,-11304.600
2026-03-27T01:34:00+00:00,-11102.840
2026-03-27T05:39:00+00:00,-11103.580
2026-03-27T07:09:00+00:00,-11349.320
2026-03-27T13:44:00+00:00,-11350.060
2026-03-27T13:49:00+00:00,-11350.800
2026-03-27T14:49:00+00:00,-10945.540
2026-03-27T14:54:00+00:00,-10466.280
2026-03-30T02:49:00+00:00,-10467.020
2026-03-30T05:34:00+00:00,-10266.760
2026-03-30T05:34:00+00:00,-10267.500
2026-03-30T05:54:00+00:00,-10375.240
2026-03-30T13:49:00+00:00,-10375.980
2026-03-30T20:09:00+00:00,-10122.720
2026-03-31T00:24:00+00:00,-10123.460
2026-03-31T00:39:00+00:00,-10409.200
2026-03-31T00:44:00+00:00,-10409.940
2026-03-31T12:19:00+00:00,-9952.680
2026-03-31T12:19:00+00:00,-9953.420
2026-03-31T13:49:00+00:00,-10048.160
2026-03-31T13:49:00+00:00,-10048.900
2026-03-31T16:39:00+00:00,-9619.640
2026-04-01T06:04:00+00:00,-9620.380
2026-04-01T06:19:00+00:00,-9750.120
2026-04-01T14:39:00+00:00,-9750.860
2026-04-01T16:04:00+00:00,-9355.600
2026-04-02T05:54:00+00:00,-9356.340
2026-04-02T10:49:00+00:00,-9599.080
2026-04-02T10:49:00+00:00,-9599.820
2026-04-02T11:44:00+00:00,-9813.560
2026-04-02T13:49:00+00:00,-9814.300
2026-04-02T20:09:00+00:00,-9423.040
2026-04-06T01:24:00+00:00,-9423.780
2026-04-06T02:19:00+00:00,-9675.520
2026-04-06T13:29:00+00:00,-9676.260
2026-04-06T13:54:00+00:00,-9677.000
2026-04-06T14:14:00+00:00,-9862.740
2026-04-06T15:19:00+00:00,-9993.480
2026-04-06T19:04:00+00:00,-9994.220
2026-04-06T20:09:00+00:00,-10045.960
2026-04-07T14:04:00+00:00,-10046.700
2026-04-07T16:04:00+00:00,-10447.440
2026-04-07T17:24:00+00:00,-10448.180
2026-04-07T17:34:00+00:00,-10588.920
2026-04-08T11:04:00+00:00,-10589.660
2026-04-08T11:54:00+00:00,-10780.400
2026-04-08T12:29:00+00:00,-10781.140
2026-04-08T12:49:00+00:00,-10940.880
2026-04-08T13:54:00+00:00,-10941.620
2026-04-08T18:04:00+00:00,-10484.360
2026-04-08T22:19:00+00:00,-10485.100
2026-04-09T00:09:00+00:00,-10485.840
2026-04-09T01:54:00+00:00,-10723.580
2026-04-09T02:39:00+00:00,-10911.320
2026-04-09T05:24:00+00:00,-10912.060
2026-04-09T05:54:00+00:00,-11062.800
2026-04-09T05:54:00+00:00,-11063.540
2026-04-09T06:04:00+00:00,-11175.280
2026-04-09T06:09:00+00:00,-11176.020
2026-04-09T06:54:00+00:00,-11311.760
2026-04-09T07:24:00+00:00,-11312.500
2026-04-09T07:39:00+00:00,-11455.240
2026-04-09T15:19:00+00:00,-11455.980
2026-04-09T20:09:00+00:00,-11601.720
2026-04-10T12:29:00+00:00,-11602.460
2026-04-10T12:34:00+00:00,-11697.200
2026-04-10T14:14:00+00:00,-11697.940
2026-04-10T15:39:00+00:00,-11860.680
2026-04-10T18:19:00+00:00,-11861.420
2026-04-10T20:04:00+00:00,-12015.160
2026-04-13T13:49:00+00:00,-12015.900
2026-04-13T13:54:00+00:00,-12170.640
2026-04-14T12:39:00+00:00,-12171.380
2026-04-14T14:29:00+00:00,-12172.120
2026-04-14T17:09:00+00:00,-11577.860
2026-04-14T19:09:00+00:00,-11578.600
2026-04-14T20:09:00+00:00,-11237.340
2026-04-14T20:09:00+00:00,-11226.080
2026-04-14T22:24:00+00:00,-11226.820
2026-04-15T01:14:00+00:00,-11321.560
2026-04-15T13:54:00+00:00,-11322.300
2026-04-15T14:39:00+00:00,-11426.040
2026-04-16T13:54:00+00:00,-11426.780
2026-04-16T13:59:00+00:00,-11427.520
2026-04-16T20:09:00+00:00,-11389.260
2026-04-16T20:09:00+00:00,-11350.000
2026-04-17T00:34:00+00:00,-11350.740
2026-04-17T00:59:00+00:00,-11366.480
2026-04-17T00:59:00+00:00,-11367.220
2026-04-17T01:09:00+00:00,-11255.460
2026-04-17T08:09:00+00:00,-11256.200
2026-04-17T12:24:00+00:00,-10974.440
2026-04-17T13:54:00+00:00,-10975.180
2026-04-17T20:04:00+00:00,-11275.920
2026-04-20T01:09:00+00:00,-11276.660
2026-04-20T04:54:00+00:00,-11277.400
2026-04-20T05:44:00+00:00,-11339.140
2026-04-20T05:49:00+00:00,-11373.880
2026-04-20T05:49:00+00:00,-11374.620
2026-04-20T06:04:00+00:00,-11462.360
2026-04-20T12:34:00+00:00,-11463.100
2026-04-20T13:14:00+00:00,-11568.840
2026-04-20T14:09:00+00:00,-11569.580
2026-04-20T14:29:00+00:00,-11716.320
2026-04-21T00:34:00+00:00,-11717.060
2026-04-21T05:04:00+00:00,-11407.800
2026-04-21T05:54:00+00:00,-11408.540
2026-04-21T11:49:00+00:00,-11493.280
2026-04-21T14:04:00+00:00,-11494.020
2026-04-21T14:34:00+00:00,-11494.760
2026-04-21T14:49:00+00:00,-11040.500
2026-04-21T16:54:00+00:00,-10525.240
2026-04-22T10:24:00+00:00,-10525.980
2026-04-22T12:09:00+00:00,-10526.720
2026-04-22T12:49:00+00:00,-10599.460
2026-04-22T12:49:00+00:00,-10696.200
2026-04-22T13:49:00+00:00,-10696.940
2026-04-22T14:34:00+00:00,-10854.680
2026-04-22T18:44:00+00:00,-10855.420
2026-04-22T20:09:00+00:00,-10870.160
2026-04-23T00:24:00+00:00,-10870.900
2026-04-23T02:49:00+00:00,-11149.640
2026-04-23T13:49:00+00:00,-11150.380
2026-04-23T14:04:00+00:00,-11292.120
2026-04-24T04:54:00+00:00,-11292.860
2026-04-24T06:59:00+00:00,-11293.600
2026-04-24T08:54:00+00:00,-11294.340
2026-04-24T10:39:00+00:00,-11260.080
2026-04-24T10:39:00+00:00,-11206.820
2026-04-24T10:39:00+00:00,-11335.560
2026-04-24T10:44:00+00:00,-11336.300
2026-04-24T11:09:00+00:00,-11553.040
2026-04-24T13:49:00+00:00,-11553.780
2026-04-24T20:09:00+00:00,-11593.520
2026-04-27T08:59:00+00:00,-11594.260
2026-04-27T14:34:00+00:00,-11365.000
2026-04-27T14:34:00+00:00,-11365.740
2026-04-27T14:44:00+00:00,-11443.480
2026-04-27T14:44:00+00:00,-11444.220
2026-04-27T14:54:00+00:00,-11537.960
2026-04-27T15:34:00+00:00,-11538.700
2026-04-27T20:09:00+00:00,-11526.440
2026-04-28T13:09:00+00:00,-11527.180
2026-04-28T14:04:00+00:00,-11527.920
2026-04-28T16:54:00+00:00,-11783.660
2026-04-28T17:44:00+00:00,-12067.400
2026-04-29T09:34:00+00:00,-12068.140
2026-04-29T10:09:00+00:00,-12051.880
2026-04-29T10:09:00+00:00,-12052.620
2026-04-29T11:59:00+00:00,-12119.360
2026-04-29T14:39:00+00:00,-12120.100
2026-04-29T20:09:00+00:00,-12007.840
2026-04-30T13:49:00+00:00,-12008.580
2026-04-30T15:44:00+00:00,-12009.320
2026-04-30T17:04:00+00:00,-12010.060
2026-04-30T20:09:00+00:00,-11997.800
2026-04-30T20:09:00+00:00,-12010.540
2026-04-30T20:09:00+00:00,-12005.280
2026-05-01T13:54:00+00:00,-12006.020
2026-05-01T19:39:00+00:00,-11991.760
2026-05-04T14:09:00+00:00,-11992.500
2026-05-04T14:19:00+00:00,-12151.240
2026-05-04T15:04:00+00:00,-12151.980
2026-05-04T16:09:00+00:00,-11630.220
2026-05-05T00:24:00+00:00,-11630.960
2026-05-05T00:44:00+00:00,-11681.700
2026-05-05T06:24:00+00:00,-11682.440
2026-05-05T06:39:00+00:00,-11810.180
2026-05-05T06:39:00+00:00,-11810.920
2026-05-05T13:09:00+00:00,-11519.160
2026-05-05T14:09:00+00:00,-11519.900
2026-05-05T14:14:00+00:00,-11647.640
2026-05-05T14:29:00+00:00,-11648.380
2026-05-05T16:29:00+00:00,-11894.120
2026-05-05T17:24:00+00:00,-11894.860
2026-05-05T19:59:00+00:00,-11956.600
2026-05-06T12:29:00+00:00,-11957.340
2026-05-06T13:49:00+00:00,-11958.080
2026-05-06T16:59:00+00:00,-12167.820
2026-05-06T20:09:00+00:00,-12047.560
2026-05-07T00:19:00+00:00,-12048.300
2026-05-07T00:44:00+00:00,-12155.040
2026-05-07T02:19:00+00:00,-12155.780
2026-05-07T05:24:00+00:00,-12156.520
2026-05-07T06:09:00+00:00,-12285.260
2026-05-07T06:34:00+00:00,-12429.000
2026-05-07T13:49:00+00:00,-12429.740
2026-05-07T14:29:00+00:00,-12590.480
2026-05-08T13:59:00+00:00,-12591.220
2026-05-08T14:09:00+00:00,-12807.960
2026-05-08T14:14:00+00:00,-12808.700
2026-05-08T20:09:00+00:00,-12711.440
2026-05-11T05:59:00+00:00,-12712.180
2026-05-11T12:24:00+00:00,-13055.920
2026-05-11T14:09:00+00:00,-13056.660
2026-05-11T20:09:00+00:00,-13163.400
2026-05-12T13:59:00+00:00,-13164.140
2026-05-12T19:14:00+00:00,-13390.880
2026-05-13T03:59:00+00:00,-13391.620
2026-05-13T05:04:00+00:00,-13501.360
2026-05-13T13:49:00+00:00,-13502.100
2026-05-13T14:39:00+00:00,-13687.840
2026-05-14T00:39:00+00:00,-13688.580
2026-05-14T00:49:00+00:00,-13774.320
2026-05-14T04:14:00+00:00,-13775.060
2026-05-14T04:39:00+00:00,-13478.300
2026-05-14T06:04:00+00:00,-13479.040
2026-05-14T07:39:00+00:00,-13700.780
2026-05-14T12:04:00+00:00,-13701.520
2026-05-14T12:24:00+00:00,-13791.260
2026-05-14T13:54:00+00:00,-13792.000
2026-05-14T14:19:00+00:00,-13792.740
2026-05-14T19:19:00+00:00,-14090.480
2026-05-14T19:29:00+00:00,-14325.220
2026-05-15T10:14:00+00:00,-14325.960
2026-05-15T13:04:00+00:00,-14536.700
2026-05-15T14:19:00+00:00,-14537.440
2026-05-15T20:09:00+00:00,-14765.180
2026-05-18T09:04:00+00:00,-14765.920
2026-05-18T11:39:00+00:00,-14860.660
2026-05-18T12:59:00+00:00,-14861.400
2026-05-18T13:54:00+00:00,-14988.140
2026-05-18T13:54:00+00:00,-14988.880
2026-05-18T14:04:00+00:00,-15180.620
2026-05-19T01:44:00+00:00,-15181.360
2026-05-19T01:54:00+00:00,-15271.100
2026-05-19T08:14:00+00:00,-15271.840
2026-05-19T09:29:00+00:00,-15209.580
2026-05-19T09:29:00+00:00,-15210.320
2026-05-19T10:44:00+00:00,-15283.060
2026-05-19T12:14:00+00:00,-15283.800
2026-05-19T13:04:00+00:00,-15411.540
2026-05-19T13:54:00+00:00,-15412.280
2026-05-19T20:09:00+00:00,-15601.020
2026-05-19T22:39:00+00:00,-15601.760
2026-05-19T23:44:00+00:00,-15457.500
2026-05-20T12:59:00+00:00,-15458.240
2026-05-20T13:14:00+00:00,-15521.980
2026-05-20T14:04:00+00:00,-15522.720
2026-05-20T14:19:00+00:00,-15643.460
2026-05-20T14:24:00+00:00,-15644.200
2026-05-20T15:19:00+00:00,-15277.440
2026-05-21T13:09:00+00:00,-15278.180
2026-05-21T13:34:00+00:00,-15391.920
2026-05-21T13:54:00+00:00,-15392.660
2026-05-21T20:09:00+00:00,-15168.400
2026-05-22T08:39:00+00:00,-15169.140
2026-05-22T09:54:00+00:00,-15252.880
2026-05-22T10:34:00+00:00,-15253.620
2026-05-22T12:14:00+00:00,-15365.360
2026-05-22T12:34:00+00:00,-15366.100
2026-05-22T13:04:00+00:00,-15428.840
2026-05-22T13:04:00+00:00,-15429.580
2026-05-22T13:49:00+00:00,-15571.320
2026-05-22T14:04:00+00:00,-15572.060
2026-05-22T16:34:00+00:00,-15773.800
2026-05-25T04:39:00+00:00,-15774.540
2026-05-25T10:04:00+00:00,-15862.280
2026-05-25T11:19:00+00:00,-15863.020
2026-05-25T11:54:00+00:00,-15907.760
2026-05-25T11:54:00+00:00,-15908.500
2026-05-25T12:14:00+00:00,-15769.240
2026-05-25T14:04:00+00:00,-15769.980
2026-05-25T17:14:00+00:00,-15658.720
2026-05-25T18:09:00+00:00,-15659.460
2026-05-25T23:14:00+00:00,-15570.200
2026-05-25T23:29:00+00:00,-15570.940
2026-05-25T23:39:00+00:00,-15454.180
2026-05-26T07:54:00+00:00,-15454.920
2026-05-26T08:29:00+00:00,-15536.660
2026-05-26T12:54:00+00:00,-15537.400
2026-05-26T13:54:00+00:00,-15607.140
2026-05-26T13:54:00+00:00,-15607.880
2026-05-26T18:09:00+00:00,-15280.620
2026-05-26T22:59:00+00:00,-15281.360
2026-05-26T23:24:00+00:00,-15341.100
2026-05-27T12:24:00+00:00,-15341.840
2026-05-27T12:59:00+00:00,-15493.580
2026-05-27T13:54:00+00:00,-15494.320
2026-05-27T19:29:00+00:00,-15495.060
2026-05-27T20:08:00+00:00,-15216.800
2026-05-27T20:08:00+00:00,-15192.540
2026-05-28T00:23:00+00:00,-15193.280
2026-05-28T01:09:00+00:00,-15242.020
2026-05-28T01:09:00+00:00,-15242.760
2026-05-28T01:54:00+00:00,-14963.500
2026-05-28T12:39:00+00:00,-14964.240
2026-05-28T12:59:00+00:00,-14652.480
2026-05-28T14:09:00+00:00,-14653.220
2026-05-28T14:48:00+00:00,-14253.960
2026-05-29T05:44:00+00:00,-14254.700
2026-05-29T05:59:00+00:00,-14340.440
2026-05-29T05:59:00+00:00,-14341.180
2026-05-29T07:09:00+00:00,-14302.920
2026-05-29T07:09:00+00:00,-14303.660
2026-05-29T07:39:00+00:00,-14355.400
2026-05-29T07:39:00+00:00,-14356.140
2026-05-29T08:54:00+00:00,-14480.880
2026-05-29T09:14:00+00:00,-14481.620
2026-05-29T12:34:00+00:00,-14623.360
2026-05-29T13:49:00+00:00,-14624.100
2026-05-29T14:54:00+00:00,-14356.840
