entry_ts,exit_ts,side,pnl_usd,engine_type,r_mfe,r_mae,mfe_pts,mae_pts,displacement_ts
2025-01-02T14:54:00+00:00,2025-01-02T15:24:00+00:00,long,-409.48000,ifvg,0.6314,1.226,64.2500,124.7500,2025-01-02T14:44:00+00:00
2025-01-02T20:04:00+00:00,2025-01-02T20:14:00+00:00,short,-456.20000,ifvg,0.3889,1.1222,17.5000,50.5000,2025-01-02T19:54:00+00:00
2025-01-03T07:24:00+00:00,2025-01-03T14:24:00+00:00,long,1205.100000,ifvg,2.5052,0.8557,60.7500,20.7500,2025-01-03T07:14:00+00:00
2025-01-03T16:34:00+00:00,2025-01-03T21:09:00+00:00,long,89.26000,orb,0.6094,0.0959,106.5000,16.7500,
2025-01-06T08:24:00+00:00,2025-01-06T08:39:00+00:00,short,-490.62000,ifvg,0.589,1.0411,10.7500,19.0000,2025-01-06T08:14:00+00:00
2025-01-06T14:24:00+00:00,2025-01-06T14:34:00+00:00,short,-458.96000,ifvg,0.0176,1.7313,1.0000,98.2500,2025-01-06T11:34:00+00:00
2025-01-06T14:49:00+00:00,2025-01-06T18:49:00+00:00,long,-427.48000,orb,0.6282,1.1506,66.7500,122.2500,
2025-01-07T02:49:00+00:00,2025-01-07T05:24:00+00:00,short,1140.840000,ifvg,3.6765,0.0294,93.7500,0.7500,2025-01-07T01:59:00+00:00
2025-01-07T08:19:00+00:00,2025-01-07T08:39:00+00:00,short,-477.40000,ifvg,0.5484,1.0753,12.7500,25.0000,2025-01-07T07:54:00+00:00
2025-01-07T10:19:00+00:00,2025-01-07T14:39:00+00:00,long,-404.96000,ifvg,0.865,1.35,43.2500,67.5000,2025-01-07T09:54:00+00:00
2025-01-07T14:39:00+00:00,2025-01-07T14:44:00+00:00,short,-489.92000,ifvg,0.1917,2.25,5.7500,67.5000,2025-01-07T14:09:00+00:00
2025-01-07T15:04:00+00:00,2025-01-07T21:09:00+00:00,short,438.76000,orb,1.5892,0.1673,323.0000,34.0000,
2025-01-08T12:44:00+00:00,2025-01-08T13:29:00+00:00,long,1120.560000,ifvg,2.7467,0.9933,103.0000,37.2500,2025-01-08T12:34:00+00:00
2025-01-08T15:04:00+00:00,2025-01-08T15:14:00+00:00,long,-394.48000,orb,0.0383,1.5255,3.7500,149.5000,
2025-01-08T15:19:00+00:00,2025-01-08T21:09:00+00:00,short,-144.24000,ifvg,0.8468,0.9811,123.0000,142.5000,2025-01-08T13:09:00+00:00
2025-01-09T06:34:00+00:00,2025-01-09T07:19:00+00:00,long,-477.68000,ifvg,0.0299,1.0746,1.0000,36.0000,2025-01-09T06:19:00+00:00
2025-01-10T07:19:00+00:00,2025-01-10T09:14:00+00:00,long,-439.18000,ifvg,0.6423,1.0163,19.7500,31.2500,2025-01-10T06:59:00+00:00
2025-01-10T14:49:00+00:00,2025-01-10T21:09:00+00:00,short,52.26000,orb,0.9892,0.8735,160.2500,141.5000,
2025-01-12T23:54:00+00:00,2025-01-13T03:24:00+00:00,short,977.040000,ifvg,2.7959,0.8469,137.0000,41.5000,2025-01-12T23:39:00+00:00
2025-01-13T12:24:00+00:00,2025-01-13T14:39:00+00:00,long,-458.96000,ifvg,0.8855,1.5815,50.2500,89.7500,2025-01-13T12:09:00+00:00
2025-01-13T14:59:00+00:00,2025-01-13T15:59:00+00:00,long,-45.48000,ifvg,0.7488,0.8397,78.2500,87.7500,2025-01-13T14:09:00+00:00
2025-01-13T16:04:00+00:00,2025-01-13T17:19:00+00:00,short,-491.20000,ifvg,1.3814,1.0876,67.0000,52.7500,2025-01-13T15:49:00+00:00
2025-01-14T01:09:00+00:00,2025-01-14T08:19:00+00:00,short,-458.70000,ifvg,0.9724,1.1271,44.0000,51.0000,2025-01-14T00:59:00+00:00
2025-01-14T10:39:00+00:00,2025-01-14T11:34:00+00:00,long,-472.44000,ifvg,0.3097,1.1226,12.0000,43.5000,2025-01-14T10:29:00+00:00
2025-01-14T13:39:00+00:00,2025-01-14T13:44:00+00:00,long,-441.92000,ifvg,0.037,1.0,1.0000,27.0000,2025-01-14T13:29:00+00:00
2025-01-14T14:54:00+00:00,2025-01-14T15:14:00+00:00,short,-149.24000,orb,0.3272,0.8089,40.2500,99.5000,
2025-01-14T15:14:00+00:00,2025-01-14T15:39:00+00:00,long,-391.48000,ifvg,0.3111,1.3188,30.2500,128.2500,2025-01-14T14:59:00+00:00
2025-01-14T15:49:00+00:00,2025-01-14T16:04:00+00:00,long,-417.72000,ifvg,0.2971,1.3261,20.5000,91.5000,2025-01-14T15:39:00+00:00
2025-01-15T08:34:00+00:00,2025-01-15T13:34:00+00:00,long,1113.060000,ifvg,9.1007,0.557,339.0000,20.7500,2025-01-15T07:49:00+00:00
2025-01-15T13:39:00+00:00,2025-01-15T14:39:00+00:00,long,-432.72000,ifvg,0.549,1.4406,39.2500,103.0000,2025-01-14T15:34:00+00:00
2025-01-15T14:49:00+00:00,2025-01-15T21:09:00+00:00,long,53.76000,orb,0.6846,0.6244,108.0000,98.5000,
2025-01-16T12:09:00+00:00,2025-01-16T13:04:00+00:00,short,1067.600000,ifvg,2.5465,0.5,54.7500,10.7500,2025-01-16T11:54:00+00:00
2025-01-16T14:39:00+00:00,2025-01-16T14:44:00+00:00,short,-482.88000,ifvg,2.1282,1.4231,41.5000,27.7500,2025-01-16T14:24:00+00:00
2025-01-16T14:49:00+00:00,2025-01-16T21:09:00+00:00,short,609.52000,orb,1.4115,0.7965,159.5000,90.0000,
2025-01-17T07:54:00+00:00,2025-01-17T09:04:00+00:00,long,1161.120000,ifvg,2.6667,0.5256,52.0000,10.2500,2025-01-17T07:39:00+00:00
2025-01-17T18:14:00+00:00,2025-01-17T21:09:00+00:00,long,-123.24000,orb,0.0879,0.5197,14.5000,85.7500,
2025-01-20T01:24:00+00:00,2025-01-20T07:49:00+00:00,short,-381.72000,ifvg,0.1151,1.1468,7.2500,72.2500,2025-01-20T01:09:00+00:00
2025-01-20T12:39:00+00:00,2025-01-20T13:04:00+00:00,long,-481.14000,ifvg,0.2941,1.3882,6.2500,29.5000,2025-01-20T12:29:00+00:00
2025-01-20T13:39:00+00:00,2025-01-20T15:19:00+00:00,long,485.28000,ifvg,2.1064,0.2872,148.5000,20.2500,2025-01-20T12:24:00+00:00
2025-01-21T00:24:00+00:00,2025-01-21T00:44:00+00:00,short,1177.420000,ifvg,2.5536,0.1071,35.7500,1.5000,2025-01-21T00:14:00+00:00
2025-01-21T14:54:00+00:00,2025-01-21T17:44:00+00:00,short,-270.74000,orb,0.4267,1.0074,57.5000,135.7500,
2025-01-22T07:14:00+00:00,2025-01-22T08:44:00+00:00,long,1191.960000,ifvg,2.8478,0.7826,32.7500,9.0000,2025-01-22T06:59:00+00:00
2025-01-22T19:54:00+00:00,2025-01-22T20:39:00+00:00,long,-497.40000,ifvg,0.2062,1.3918,5.0000,33.7500,2025-01-22T19:34:00+00:00
2025-01-23T12:34:00+00:00,2025-01-23T14:34:00+00:00,long,-527.40000,ifvg,1.0583,1.0194,27.2500,26.2500,2025-01-23T12:09:00+00:00
2025-01-23T15:34:00+00:00,2025-01-23T15:49:00+00:00,long,1197.090000,orb,2.3807,0.4404,129.7500,24.0000,
2025-01-24T03:29:00+00:00,2025-01-24T06:14:00+00:00,short,-78.68000,ifvg,0.8261,0.2464,28.5000,8.5000,2025-01-24T02:19:00+00:00
2025-01-24T06:14:00+00:00,2025-01-24T07:14:00+00:00,long,-512.40000,ifvg,0.1,1.0,2.5000,25.0000,2025-01-24T06:04:00+00:00
2025-01-24T14:49:00+00:00,2025-01-24T15:19:00+00:00,long,-514.96000,orb,0.2275,1.0275,14.5000,65.5000,
2025-01-24T20:04:00+00:00,2025-01-24T21:09:00+00:00,short,-86.48000,ifvg,0.2633,0.2876,29.7500,32.5000,2025-01-24T19:54:00+00:00
2025-01-26T23:09:00+00:00,2025-01-27T00:54:00+00:00,short,1225.560000,ifvg,2.7683,0.128,113.5000,5.2500,2025-01-24T20:59:00+00:00
2025-01-27T14:49:00+00:00,2025-01-27T16:04:00+00:00,long,-13.24000,orb,0.5778,0.3941,113.2500,77.2500,
2025-01-27T19:54:00+00:00,2025-01-27T20:59:00+00:00,short,-271.24000,ifvg,0.0926,1.1037,12.5000,149.0000,2025-01-27T14:39:00+00:00
2025-01-28T13:39:00+00:00,2025-01-28T14:59:00+00:00,short,132.78000,ifvg,1.7155,0.1613,146.2500,13.7500,2025-01-28T13:29:00+00:00
2025-01-28T15:04:00+00:00,2025-01-28T17:04:00+00:00,long,1265.280000,orb,1.4653,0.234,269.2500,43.0000,
2025-01-28T23:24:00+00:00,2025-01-29T06:04:00+00:00,long,1193.570000,ifvg,3.3358,0.8978,114.2500,30.7500,2025-01-28T23:04:00+00:00
2025-01-29T15:44:00+00:00,2025-01-29T21:09:00+00:00,short,316.52000,orb,0.8106,0.9602,107.0000,126.7500,
2025-01-30T10:39:00+00:00,2025-01-30T12:19:00+00:00,long,-569.14000,ifvg,1.4257,2.0099,36.0000,50.7500,2025-01-30T10:24:00+00:00
2025-01-30T12:44:00+00:00,2025-01-30T14:49:00+00:00,long,1270.560000,ifvg,2.7882,0.5529,118.5000,23.5000,2025-01-30T12:24:00+00:00
2025-01-30T14:54:00+00:00,2025-01-30T15:04:00+00:00,long,-279.24000,ifvg,0.1597,1.1657,20.0000,146.0000,2025-01-30T09:09:00+00:00
2025-01-31T09:09:00+00:00,2025-01-31T14:19:00+00:00,long,-530.64000,ifvg,1.4681,1.2128,34.5000,28.5000,2025-01-31T08:59:00+00:00
2025-01-31T14:54:00+00:00,2025-01-31T15:34:00+00:00,long,1377.550000,orb,1.1762,1.2331,108.5000,113.7500,
2025-02-03T15:04:00+00:00,2025-02-03T15:24:00+00:00,short,-292.24000,orb,0.3814,1.1065,55.5000,161.0000,
2025-02-03T15:29:00+00:00,2025-02-03T16:24:00+00:00,long,1383.060000,ifvg,2.6378,0.6757,122.0000,31.2500,2025-02-03T15:19:00+00:00
2025-02-04T14:54:00+00:00,2025-02-04T21:09:00+00:00,long,310.52000,orb,1.0353,0.0141,146.7500,2.0000,
2025-02-05T03:04:00+00:00,2025-02-05T07:09:00+00:00,short,1281.070000,ifvg,1.5328,0.0961,87.7500,5.5000,2025-02-05T02:39:00+00:00
2025-02-05T07:49:00+00:00,2025-02-05T08:39:00+00:00,long,-572.88000,ifvg,1.086,1.3011,25.2500,30.2500,2025-02-05T07:39:00+00:00
2025-02-05T08:44:00+00:00,2025-02-05T09:04:00+00:00,short,-573.92000,ifvg,0.1418,1.1631,5.0000,41.0000,2025-02-05T08:29:00+00:00
2025-02-05T12:24:00+00:00,2025-02-05T15:04:00+00:00,long,185.04000,ifvg,2.0,0.0947,121.5000,5.7500,2025-02-05T12:14:00+00:00
2025-02-05T15:04:00+00:00,2025-02-05T15:39:00+00:00,short,-580.96000,orb,0.125,1.1181,9.0000,80.5000,
2025-02-05T16:34:00+00:00,2025-02-05T21:09:00+00:00,long,783.78000,ifvg,1.5838,0.0209,151.2500,2.0000,2025-02-05T16:24:00+00:00
2025-02-06T09:29:00+00:00,2025-02-06T11:04:00+00:00,short,1386.120000,ifvg,3.2105,0.3553,61.0000,6.7500,2025-02-06T09:14:00+00:00
2025-02-06T13:49:00+00:00,2025-02-06T14:49:00+00:00,short,-600.66000,ifvg,0.6107,1.7023,20.0000,55.7500,2025-02-06T12:49:00+00:00
2025-02-06T14:49:00+00:00,2025-02-06T15:29:00+00:00,long,-8.70000,orb,1.0229,0.5138,55.7500,28.0000,
2025-02-06T15:29:00+00:00,2025-02-06T15:39:00+00:00,short,-617.40000,ifvg,1.1488,1.438,34.7500,43.5000,2025-02-06T15:19:00+00:00
2025-02-07T11:49:00+00:00,2025-02-07T13:34:00+00:00,long,-565.92000,ifvg,1.8058,2.2158,62.7500,77.0000,2025-02-07T08:24:00+00:00
2025-02-07T15:59:00+00:00,2025-02-07T21:09:00+00:00,short,324.26000,ifvg,0.5421,0.1203,169.0000,37.5000,2025-02-05T16:54:00+00:00
2025-02-10T08:39:00+00:00,2025-02-10T10:04:00+00:00,short,-603.06000,ifvg,1.0656,1.0492,16.2500,16.0000,2025-02-10T08:29:00+00:00
2025-02-10T15:04:00+00:00,2025-02-10T21:09:00+00:00,long,107.04000,orb,1.1166,0.0247,79.0000,1.7500,
2025-02-11T12:09:00+00:00,2025-02-11T13:59:00+00:00,short,1417.600000,ifvg,2.5175,0.5088,71.7500,14.5000,2025-02-11T11:14:00+00:00
2025-02-11T15:14:00+00:00,2025-02-11T21:09:00+00:00,long,-84.72000,orb,0.7093,0.8521,70.7500,85.0000,
2025-02-11T23:34:00+00:00,2025-02-12T04:04:00+00:00,long,-607.40000,ifvg,0.6134,1.042,18.2500,31.0000,2025-02-11T23:19:00+00:00
2025-02-12T11:14:00+00:00,2025-02-12T12:44:00+00:00,short,-573.66000,ifvg,0.368,1.072,11.5000,33.5000,2025-02-12T11:04:00+00:00
2025-02-12T13:39:00+00:00,2025-02-12T14:39:00+00:00,short,-576.20000,ifvg,0.5658,1.4737,32.2500,84.0000,2025-02-12T12:19:00+00:00
2025-02-12T14:49:00+00:00,2025-02-12T21:09:00+00:00,long,629.52000,orb,1.1763,0.6835,163.5000,95.0000,
2025-02-13T06:54:00+00:00,2025-02-13T08:19:00+00:00,short,1392.600000,ifvg,3.0804,0.0268,86.2500,0.7500,2025-02-13T06:14:00+00:00
2025-02-13T14:39:00+00:00,2025-02-13T15:04:00+00:00,long,1408.800000,ifvg,2.2516,0.1447,268.5000,17.2500,2025-02-13T06:54:00+00:00
2025-02-13T15:19:00+00:00,2025-02-13T21:09:00+00:00,long,934.52000,orb,1.0866,0.5993,150.5000,83.0000,
2025-02-14T02:44:00+00:00,2025-02-14T11:24:00+00:00,long,-544.96000,ifvg,0.4,1.0037,27.0000,67.7500,2025-02-14T02:19:00+00:00
2025-02-14T12:04:00+00:00,2025-02-14T13:34:00+00:00,long,1539.180000,ifvg,2.5797,0.4638,44.5000,8.0000,2025-02-14T11:54:00+00:00
2025-02-14T15:09:00+00:00,2025-02-14T15:24:00+00:00,long,21.30000,orb,0.2857,0.447,15.5000,24.2500,
2025-02-14T16:24:00+00:00,2025-02-14T17:54:00+00:00,short,-112.40000,ifvg,0.8138,0.9172,29.5000,33.2500,2025-02-14T15:59:00+00:00
2025-02-14T17:59:00+00:00,2025-02-14T21:09:00+00:00,long,858.08000,ifvg,1.7197,0.3185,67.5000,12.5000,2025-02-14T17:14:00+00:00
2025-02-17T07:09:00+00:00,2025-02-17T07:44:00+00:00,short,1589.280000,ifvg,2.5088,0.1228,35.7500,1.7500,2025-02-17T06:54:00+00:00
2025-02-17T16:04:00+00:00,2025-02-18T08:14:00+00:00,long,457.56000,orb,1.419,0.8952,74.5000,47.0000,
2025-02-18T08:14:00+00:00,2025-02-18T12:14:00+00:00,short,-24.66000,ifvg,0.6148,0.6889,20.7500,23.2500,2025-02-18T06:49:00+00:00
2025-02-18T12:14:00+00:00,2025-02-18T14:29:00+00:00,long,-648.60000,ifvg,1.5952,1.5357,33.5000,32.2500,2025-02-18T11:44:00+00:00
2025-02-18T14:49:00+00:00,2025-02-18T15:04:00+00:00,short,1594.080000,orb,0.9355,0.4956,79.7500,42.2500,
2025-02-18T17:04:00+00:00,2025-02-18T19:29:00+00:00,short,183.78000,ifvg,1.0594,0.2313,84.7500,18.5000,2025-02-18T16:54:00+00:00
2025-02-18T19:34:00+00:00,2025-02-18T21:09:00+00:00,long,766.56000,ifvg,1.55,0.3455,85.2500,19.0000,2025-02-18T19:14:00+00:00
2025-02-19T04:09:00+00:00,2025-02-19T07:04:00+00:00,short,1590.300000,ifvg,2.8372,0.0465,30.5000,0.5000,2025-02-19T03:49:00+00:00
2025-02-19T12:09:00+00:00,2025-02-19T13:04:00+00:00,long,-674.88000,ifvg,0.2909,1.1455,8.0000,31.5000,2025-02-19T11:29:00+00:00
2025-02-19T13:04:00+00:00,2025-02-19T13:24:00+00:00,short,1736.730000,ifvg,2.6066,0.3115,39.7500,4.7500,2025-02-19T12:54:00+00:00
2025-02-19T14:49:00+00:00,2025-02-19T16:14:00+00:00,short,-679.44000,orb,0.8438,1.0357,47.2500,58.0000,
2025-02-19T18:14:00+00:00,2025-02-19T18:24:00+00:00,short,-682.40000,ifvg,0.0373,1.2015,1.2500,40.2500,2025-02-19T17:49:00+00:00
2025-02-20T14:49:00+00:00,2025-02-20T14:54:00+00:00,short,1746.120000,orb,2.189,0.125,188.2500,10.7500,
2025-02-21T14:59:00+00:00,2025-02-21T17:59:00+00:00,short,1430.280000,orb,2.6702,0.1937,255.0000,18.5000,
2025-02-24T02:19:00+00:00,2025-02-24T03:19:00+00:00,long,247.04000,ifvg,0.3478,0.1739,12.0000,6.0000,2025-02-24T01:29:00+00:00
2025-02-24T03:24:00+00:00,2025-02-24T04:04:00+00:00,short,-768.50000,ifvg,0.7288,1.322,10.7500,19.5000,2025-02-24T02:54:00+00:00
2025-02-24T05:29:00+00:00,2025-02-24T05:54:00+00:00,long,52.44000,ifvg,0.7467,0.0267,14.0000,0.5000,2025-02-24T05:04:00+00:00
2025-02-24T05:54:00+00:00,2025-02-24T07:24:00+00:00,short,1768.770000,ifvg,2.5094,0.8868,33.2500,11.7500,2025-02-24T05:39:00+00:00
2025-02-24T12:49:00+00:00,2025-02-24T13:24:00+00:00,short,-697.40000,ifvg,0.146,1.0219,5.0000,35.0000,2025-02-24T12:39:00+00:00
2025-02-24T14:54:00+00:00,2025-02-24T21:09:00+00:00,short,365.26000,orb,1.0819,0.255,204.7500,48.2500,
2025-02-25T04:24:00+00:00,2025-02-25T07:04:00+00:00,long,-692.40000,ifvg,0.25,1.0809,8.5000,36.7500,2025-02-25T04:09:00+00:00
2025-02-25T08:09:00+00:00,2025-02-25T08:54:00+00:00,long,-690.66000,ifvg,0.6556,1.2649,24.7500,47.7500,2025-02-25T07:59:00+00:00
2025-02-25T10:09:00+00:00,2025-02-25T10:54:00+00:00,long,-739.64000,ifvg,0.3939,1.1136,13.0000,36.7500,2025-02-25T09:54:00+00:00
2025-02-25T11:09:00+00:00,2025-02-25T12:29:00+00:00,long,1751.860000,ifvg,2.75,0.2344,88.0000,7.5000,2025-02-25T10:59:00+00:00
2025-02-25T13:04:00+00:00,2025-02-25T14:49:00+00:00,long,-532.48000,ifvg,0.1604,1.1509,21.2500,152.5000,2025-02-25T07:09:00+00:00
2025-02-25T14:49:00+00:00,2025-02-25T16:34:00+00:00,short,1651.530000,orb,2.6939,0.0816,297.0000,9.0000,
2025-02-25T16:54:00+00:00,2025-02-25T21:09:00+00:00,long,416.28000,ifvg,1.3589,0.1941,150.5000,21.5000,2025-02-25T16:09:00+00:00
2025-02-26T02:24:00+00:00,2025-02-26T07:29:00+00:00,long,1810.380000,ifvg,2.6518,0.1071,74.2500,3.0000,2025-02-26T01:39:00+00:00
2025-02-26T13:54:00+00:00,2025-02-26T14:34:00+00:00,short,1820.610000,ifvg,2.5639,0.2707,85.2500,9.0000,2025-02-26T13:29:00+00:00
2025-02-26T14:49:00+00:00,2025-02-26T15:34:00+00:00,long,273.04000,orb,1.094,0.1937,96.0000,17.0000,
2025-02-26T15:34:00+00:00,2025-02-26T16:04:00+00:00,short,-769.44000,ifvg,0.1457,1.0748,9.2500,68.2500,2025-02-26T15:19:00+00:00
2025-02-27T01:19:00+00:00,2025-02-27T05:44:00+00:00,long,1879.640000,ifvg,3.3056,0.7963,89.2500,21.5000,2025-02-27T01:09:00+00:00
2025-02-27T14:54:00+00:00,2025-02-27T19:34:00+00:00,short,1816.530000,orb,1.5914,0.3022,489.7500,93.0000,
2025-02-28T01:34:00+00:00,2025-02-28T01:44:00+00:00,short,-807.66000,ifvg,0.0169,1.209,0.7500,53.5000,2025-02-28T01:19:00+00:00
2025-02-28T15:14:00+00:00,2025-02-28T17:29:00+00:00,long,8.76000,orb,0.366,0.3046,85.0000,70.7500,
2025-02-28T17:29:00+00:00,2025-02-28T18:19:00+00:00,short,1702.040000,ifvg,2.5044,0.0792,213.5000,6.7500,2025-02-28T17:19:00+00:00
2025-02-28T18:34:00+00:00,2025-02-28T18:59:00+00:00,long,-813.92000,ifvg,0.9701,1.5572,48.7500,78.2500,2025-02-28T18:24:00+00:00
2025-03-03T07:09:00+00:00,2025-03-03T08:29:00+00:00,short,2016.120000,ifvg,2.6,0.4222,87.7500,14.2500,2025-03-03T06:54:00+00:00
2025-03-03T14:49:00+00:00,2025-03-03T16:54:00+00:00,short,287.28000,orb,1.0097,0.2674,181.2500,48.0000,
2025-03-03T16:59:00+00:00,2025-03-03T18:09:00+00:00,long,-681.72000,ifvg,0.3739,1.6416,42.2500,185.5000,2025-03-03T16:44:00+00:00
2025-03-03T19:59:00+00:00,2025-03-03T21:09:00+00:00,short,210.76000,ifvg,0.898,0.0094,286.2500,3.0000,2025-02-28T19:44:00+00:00
2025-03-04T04:44:00+00:00,2025-03-04T05:04:00+00:00,short,-864.80000,ifvg,2.2381,2.7024,47.0000,56.7500,2025-03-04T04:29:00+00:00
2025-03-04T14:59:00+00:00,2025-03-04T15:14:00+00:00,short,1606.530000,orb,0.7904,1.0328,156.5000,204.5000,
2025-03-05T15:09:00+00:00,2025-03-05T15:24:00+00:00,long,-571.48000,orb,0.1459,1.1019,20.7500,156.7500,
2025-03-05T18:14:00+00:00,2025-03-05T19:04:00+00:00,short,-728.96000,ifvg,0.8149,1.0359,73.7500,93.7500,2025-03-05T17:59:00+00:00
2025-03-06T15:04:00+00:00,2025-03-06T17:04:00+00:00,long,-788.22000,orb,1.1778,1.325,154.0000,173.2500,
2025-03-06T20:04:00+00:00,2025-03-06T21:09:00+00:00,short,8.76000,ifvg,0.4734,0.4449,62.2500,58.5000,2025-03-06T19:54:00+00:00
2025-03-07T07:09:00+00:00,2025-03-07T07:39:00+00:00,long,-843.60000,ifvg,0.4636,1.0545,12.7500,29.0000,2025-03-07T06:39:00+00:00
2025-03-07T07:54:00+00:00,2025-03-07T11:49:00+00:00,long,262.08000,ifvg,1.4526,0.3105,69.0000,14.7500,2025-03-07T07:44:00+00:00
2025-03-07T11:49:00+00:00,2025-03-07T13:34:00+00:00,short,-794.16000,ifvg,2.6264,2.2529,114.2500,98.0000,2025-03-07T11:39:00+00:00
2025-03-07T14:49:00+00:00,2025-03-07T15:34:00+00:00,long,-686.48000,orb,0.2749,1.5789,47.0000,270.0000,
2025-03-10T06:09:00+00:00,2025-03-10T08:04:00+00:00,long,-813.60000,ifvg,1.217,1.5755,32.2500,41.7500,2025-03-10T05:54:00+00:00
2025-03-10T16:44:00+00:00,2025-03-10T18:09:00+00:00,short,1383.520000,ifvg,1.3457,0.2436,263.7500,47.7500,2025-03-10T16:34:00+00:00
2025-03-11T08:04:00+00:00,2025-03-11T12:14:00+00:00,long,-193.44000,ifvg,1.6151,0.3013,96.5000,18.0000,2025-03-11T07:39:00+00:00
2025-03-11T12:14:00+00:00,2025-03-11T12:24:00+00:00,short,-809.92000,ifvg,0.14,1.105,7.0000,55.2500,2025-03-11T11:39:00+00:00
2025-03-11T13:49:00+00:00,2025-03-11T14:04:00+00:00,long,-687.72000,orb,0.1301,1.1623,26.2500,234.5000,
2025-03-12T03:44:00+00:00,2025-03-12T06:09:00+00:00,long,356.16000,ifvg,1.0632,0.8947,25.2500,21.2500,2025-03-12T03:24:00+00:00
2025-03-12T06:09:00+00:00,2025-03-12T06:49:00+00:00,short,1702.800000,ifvg,3.7609,0.0,43.2500,0,2025-03-12T05:59:00+00:00
2025-03-12T13:54:00+00:00,2025-03-12T20:09:00+00:00,short,395.28000,orb,1.8262,0.6322,247.0000,85.5000,
2025-03-13T07:44:00+00:00,2025-03-13T07:49:00+00:00,short,-816.64000,ifvg,0.0,1.1164,0,40.7500,2025-03-13T07:29:00+00:00
2025-03-13T08:09:00+00:00,2025-03-13T08:19:00+00:00,long,-803.16000,ifvg,0.1023,1.2216,4.5000,53.7500,2025-03-13T07:59:00+00:00
2025-03-13T13:54:00+00:00,2025-03-13T20:09:00+00:00,short,414.52000,orb,1.3546,0.9609,234.0000,166.0000,
2025-03-14T02:04:00+00:00,2025-03-14T02:54:00+00:00,short,-822.12000,ifvg,0.0565,1.2339,1.7500,38.2500,2025-03-14T01:49:00+00:00
2025-03-14T07:49:00+00:00,2025-03-14T08:04:00+00:00,long,-786.08000,ifvg,0.1889,1.5111,4.2500,34.0000,2025-03-14T07:39:00+00:00
2025-03-14T13:54:00+00:00,2025-03-14T14:04:00+00:00,long,-706.20000,orb,0.0063,1.0905,1.0000,171.7500,
2025-03-14T18:39:00+00:00,2025-03-14T20:09:00+00:00,long,-373.92000,ifvg,1.1316,0.8158,53.7500,38.7500,2025-03-14T18:19:00+00:00
2025-03-17T06:24:00+00:00,2025-03-17T07:59:00+00:00,short,-770.12000,ifvg,0.5086,1.0517,14.7500,30.5000,2025-03-17T00:34:00+00:00
2025-03-17T13:39:00+00:00,2025-03-17T13:49:00+00:00,long,-694.44000,ifvg,0.4192,1.393,24.0000,79.7500,2025-03-17T13:29:00+00:00
2025-03-17T15:04:00+00:00,2025-03-17T18:04:00+00:00,short,-722.48000,orb,0.2153,1.0417,38.7500,187.5000,
2025-03-18T11:34:00+00:00,2025-03-18T13:44:00+00:00,short,1607.040000,ifvg,2.8975,0.4099,233.2500,33.0000,2025-03-18T10:49:00+00:00
2025-03-18T13:54:00+00:00,2025-03-18T20:09:00+00:00,short,-49.24000,orb,0.5232,0.4111,101.5000,79.7500,
2025-03-18T22:49:00+00:00,2025-03-19T00:54:00+00:00,long,1861.860000,ifvg,2.6324,0.5956,89.5000,20.2500,2025-03-18T22:19:00+00:00
2025-03-19T13:54:00+00:00,2025-03-19T19:14:00+00:00,long,1824.030000,orb,2.5359,0.6263,308.7500,76.2500,
2025-03-20T04:44:00+00:00,2025-03-20T05:54:00+00:00,short,-832.20000,ifvg,0.2453,1.1509,3.2500,15.2500,2025-03-20T04:29:00+00:00
2025-03-20T13:49:00+00:00,2025-03-20T14:29:00+00:00,long,1852.550000,orb,1.2869,0.7459,196.2500,113.7500,
2025-03-21T05:59:00+00:00,2025-03-21T07:39:00+00:00,long,-824.04000,ifvg,2.4211,1.0658,46.0000,20.2500,2025-03-21T05:49:00+00:00
2025-03-21T12:09:00+00:00,2025-03-21T12:39:00+00:00,long,-735.66000,ifvg,0.5093,1.7826,20.5000,71.7500,2025-03-21T11:59:00+00:00
2025-03-21T13:54:00+00:00,2025-03-21T20:09:00+00:00,long,1338.78000,orb,2.2848,0.5045,254.7500,56.2500,
2025-03-24T09:54:00+00:00,2025-03-24T13:49:00+00:00,long,1980.100000,ifvg,3.0314,0.3019,120.5000,12.0000,2025-03-24T09:39:00+00:00
2025-03-24T13:49:00+00:00,2025-03-24T16:34:00+00:00,long,221.04000,orb,0.7638,0.4723,65.5000,40.5000,
2025-03-24T16:34:00+00:00,2025-03-24T19:09:00+00:00,short,-787.40000,ifvg,0.9032,1.2452,35.0000,48.2500,2025-03-24T15:59:00+00:00
2025-03-25T14:24:00+00:00,2025-03-25T20:09:00+00:00,long,871.56000,orb,1.252,0.476,78.2500,29.7500,
2025-03-26T00:09:00+00:00,2025-03-26T00:34:00+00:00,short,-847.20000,ifvg,0.0926,1.2407,1.2500,16.7500,2025-03-25T23:54:00+00:00
2025-03-26T13:49:00+00:00,2025-03-26T13:54:00+00:00,short,1891.630000,orb,2.7442,0.103,206.5000,7.7500,
2025-03-27T05:54:00+00:00,2025-03-27T06:14:00+00:00,short,-370.98000,ifvg,0.9206,0.4286,14.5000,6.7500,2025-03-27T05:44:00+00:00
2025-03-27T06:14:00+00:00,2025-03-27T06:49:00+00:00,long,-874.72000,ifvg,0.8,1.0333,12.0000,15.5000,2025-03-27T06:04:00+00:00
2025-03-27T08:24:00+00:00,2025-03-27T11:29:00+00:00,long,-812.40000,ifvg,1.6875,1.0,67.5000,40.0000,2025-03-27T08:14:00+00:00
2025-03-27T13:59:00+00:00,2025-03-27T19:04:00+00:00,long,-64.48000,orb,0.8815,0.544,122.7500,75.7500,
2025-03-27T19:04:00+00:00,2025-03-27T19:19:00+00:00,short,-812.16000,ifvg,0.3708,1.0225,16.5000,45.5000,2025-03-27T18:44:00+00:00
2025-03-28T06:09:00+00:00,2025-03-28T06:39:00+00:00,long,-331.00000,ifvg,0.9846,0.5231,16.0000,8.5000,2025-03-28T05:34:00+00:00
2025-03-28T06:39:00+00:00,2025-03-28T06:54:00+00:00,short,2018.720000,ifvg,2.6757,0.2432,49.5000,4.5000,2025-03-28T06:19:00+00:00
2025-03-28T13:14:00+00:00,2025-03-28T13:29:00+00:00,long,-836.36000,ifvg,0.906,1.3333,26.5000,39.0000,2025-03-28T13:04:00+00:00
2025-03-28T14:04:00+00:00,2025-03-28T14:59:00+00:00,short,2037.040000,orb,2.5833,0.0441,263.5000,4.5000,
2025-03-31T07:39:00+00:00,2025-03-31T11:29:00+00:00,short,2013.110000,ifvg,2.7755,0.9456,102.0000,34.7500,2025-03-31T07:29:00+00:00
2025-03-31T15:24:00+00:00,2025-03-31T17:04:00+00:00,long,125.52000,orb,0.3298,0.2509,70.0000,53.2500,
2025-03-31T17:04:00+00:00,2025-03-31T17:14:00+00:00,short,-877.92000,ifvg,0.1521,1.1014,8.2500,59.7500,2025-03-31T16:34:00+00:00
2025-03-31T17:24:00+00:00,2025-03-31T18:09:00+00:00,short,-834.68000,ifvg,0.5424,1.6441,32.0000,97.0000,2025-03-31T17:14:00+00:00
2025-04-01T01:39:00+00:00,2025-04-01T05:09:00+00:00,short,-536.96000,ifvg,0.008,0.856,0.7500,80.2500,2025-04-01T01:24:00+00:00
2025-04-01T05:09:00+00:00,2025-04-01T07:09:00+00:00,long,1955.100000,ifvg,2.586,0.7134,101.5000,28.0000,2025-04-01T03:39:00+00:00
2025-04-01T10:54:00+00:00,2025-04-01T11:34:00+00:00,long,-829.44000,ifvg,0.0328,1.2409,2.2500,85.0000,2025-04-01T10:34:00+00:00
2025-04-01T13:49:00+00:00,2025-04-01T14:09:00+00:00,long,-846.96000,orb,0.1188,1.114,12.5000,117.2500,
2025-04-02T02:34:00+00:00,2025-04-02T03:49:00+00:00,long,-836.10000,ifvg,0.1376,1.0917,3.7500,29.7500,2025-04-02T02:14:00+00:00
2025-04-02T06:24:00+00:00,2025-04-02T07:09:00+00:00,long,-822.12000,ifvg,0.0968,1.3306,3.0000,41.2500,2025-04-02T05:59:00+00:00
2025-04-02T13:49:00+00:00,2025-04-02T14:04:00+00:00,long,1986.120000,orb,1.2871,0.3041,322.7500,76.2500,
2025-04-03T05:24:00+00:00,2025-04-03T08:19:00+00:00,short,-870.66000,ifvg,1.377,1.0995,65.7500,52.5000,2025-04-03T04:09:00+00:00
2025-04-03T09:14:00+00:00,2025-04-03T09:59:00+00:00,short,2102.880000,ifvg,2.6231,0.4923,85.2500,16.0000,2025-04-03T09:04:00+00:00
2025-04-03T14:09:00+00:00,2025-04-03T20:09:00+00:00,short,1145.52000,orb,1.4803,0.4773,244.2500,78.7500,
2025-04-04T08:39:00+00:00,2025-04-04T10:09:00+00:00,short,2114.080000,ifvg,2.684,0.3915,142.2500,20.7500,2025-04-04T08:29:00+00:00
2025-04-04T10:14:00+00:00,2025-04-04T10:29:00+00:00,short,2287.040000,ifvg,2.8799,0.0895,329.7500,10.2500,2025-04-04T05:34:00+00:00
2025-04-04T11:44:00+00:00,2025-04-04T14:14:00+00:00,long,295.52000,ifvg,1.7046,0.0161,344.7500,3.2500,2025-04-04T11:34:00+00:00
2025-04-04T14:14:00+00:00,2025-04-04T15:09:00+00:00,short,61.76000,orb,1.4085,0.2815,346.5000,69.2500,
2025-04-04T15:09:00+00:00,2025-04-04T16:39:00+00:00,long,-520.74000,ifvg,0.6805,1.0058,176.7500,261.2500,2025-04-04T14:39:00+00:00
2025-04-04T18:14:00+00:00,2025-04-04T18:54:00+00:00,short,392.52000,ifvg,1.2568,0.0135,209.2500,2.2500,2025-04-04T18:04:00+00:00
2025-04-04T18:54:00+00:00,2025-04-04T19:04:00+00:00,long,-955.44000,ifvg,0.1835,1.0411,14.5000,82.2500,2025-04-04T18:44:00+00:00
2025-04-07T12:34:00+00:00,2025-04-07T13:29:00+00:00,long,-804.48000,ifvg,0.3304,1.2157,66.2500,243.7500,2025-04-07T12:14:00+00:00
2025-04-07T13:59:00+00:00,2025-04-07T14:14:00+00:00,long,1649.260000,ifvg,2.5712,0.3333,848.5000,110.0000,2025-04-07T13:34:00+00:00
2025-04-08T05:44:00+00:00,2025-04-08T08:19:00+00:00,long,718.56000,ifvg,2.2921,0.3505,166.7500,25.5000,2025-04-08T05:09:00+00:00
2025-04-08T08:19:00+00:00,2025-04-08T11:39:00+00:00,short,-913.70000,ifvg,1.0303,1.8402,93.5000,167.0000,2025-04-08T07:19:00+00:00
2025-04-08T13:54:00+00:00,2025-04-08T14:24:00+00:00,long,1666.020000,orb,0.9241,1.1906,143.0000,184.2500,
2025-04-09T04:54:00+00:00,2025-04-09T05:39:00+00:00,long,-807.72000,ifvg,0.0784,1.0653,10.5000,142.7500,2025-04-09T04:29:00+00:00
2025-04-09T11:09:00+00:00,2025-04-09T12:59:00+00:00,short,-778.48000,ifvg,0.692,1.1173,134.2500,216.7500,2025-04-09T10:49:00+00:00
2025-04-09T17:04:00+00:00,2025-04-09T18:04:00+00:00,long,2455.510000,orb,2.6682,0.5562,1310.7500,273.2500,
2025-04-10T07:54:00+00:00,2025-04-10T08:24:00+00:00,long,-951.20000,ifvg,0.0,1.3624,0,128.7500,2025-04-10T07:44:00+00:00
2025-04-10T13:59:00+00:00,2025-04-10T16:19:00+00:00,short,2096.020000,orb,2.8105,0.6651,589.5000,139.5000,
2025-04-11T02:09:00+00:00,2025-04-11T02:29:00+00:00,short,-924.96000,ifvg,0.45,1.0152,51.7500,116.7500,2025-04-11T01:54:00+00:00
2025-04-11T05:19:00+00:00,2025-04-11T08:39:00+00:00,long,-948.72000,ifvg,1.7317,1.2,272.7500,189.0000,2025-04-11T04:54:00+00:00
2025-04-11T13:49:00+00:00,2025-04-11T14:24:00+00:00,long,-888.48000,orb,0.3375,1.3409,74.7500,297.0000,
2025-04-11T14:39:00+00:00,2025-04-11T17:44:00+00:00,long,2082.780000,ifvg,2.8543,0.9478,396.7500,131.7500,2025-04-11T14:29:00+00:00
2025-04-14T03:14:00+00:00,2025-04-14T03:24:00+00:00,short,-976.14000,ifvg,0.0629,1.0571,2.7500,46.2500,2025-04-14T02:19:00+00:00
2025-04-14T05:59:00+00:00,2025-04-14T09:39:00+00:00,long,-917.92000,ifvg,1.6476,1.1366,93.5000,64.5000,2025-04-14T05:29:00+00:00
2025-04-14T13:44:00+00:00,2025-04-14T14:04:00+00:00,short,-798.96000,ifvg,0.6675,1.0856,66.2500,107.7500,2025-04-14T12:44:00+00:00
2025-04-14T15:29:00+00:00,2025-04-14T20:09:00+00:00,short,50.26000,orb,0.6718,0.4842,207.7500,149.7500,
2025-04-15T01:44:00+00:00,2025-04-15T07:04:00+00:00,short,-914.88000,ifvg,1.1667,2.0667,43.7500,77.5000,2025-04-15T01:19:00+00:00
2025-04-15T09:44:00+00:00,2025-04-15T11:54:00+00:00,short,2316.120000,ifvg,2.6452,0.9032,102.5000,35.0000,2025-04-15T09:34:00+00:00
2025-04-15T13:49:00+00:00,2025-04-15T14:19:00+00:00,long,-964.96000,orb,0.4667,1.0708,56.0000,128.5000,
2025-04-16T03:34:00+00:00,2025-04-16T05:19:00+00:00,short,2407.650000,ifvg,3.6357,0.155,117.2500,5.0000,2025-04-16T03:19:00+00:00
2025-04-16T13:54:00+00:00,2025-04-16T13:59:00+00:00,short,2374.820000,orb,0.3439,0.4249,43.5000,53.7500,
2025-04-16T15:29:00+00:00,2025-04-16T17:14:00+00:00,long,-709.48000,ifvg,0.0255,1.0297,4.5000,182.0000,2025-04-16T12:44:00+00:00
2025-04-16T23:24:00+00:00,2025-04-17T02:44:00+00:00,long,314.28000,ifvg,0.724,0.5406,95.7500,71.5000,2025-04-16T23:14:00+00:00
2025-04-17T02:44:00+00:00,2025-04-17T03:04:00+00:00,short,-1030.12000,ifvg,0.0513,1.0641,2.0000,41.5000,2025-04-17T02:14:00+00:00
2025-04-17T05:44:00+00:00,2025-04-17T10:59:00+00:00,long,-941.92000,ifvg,1.4807,1.2017,86.2500,70.0000,2025-04-16T17:39:00+00:00
2025-04-17T14:24:00+00:00,2025-04-17T14:49:00+00:00,short,86.28000,orb,0.6572,0.0819,98.2500,12.2500,
2025-04-17T14:49:00+00:00,2025-04-17T17:59:00+00:00,long,2264.080000,ifvg,2.511,0.9515,142.5000,54.0000,2025-04-17T14:39:00+00:00
2025-04-21T01:39:00+00:00,2025-04-21T01:54:00+00:00,long,-1010.88000,ifvg,0.0723,1.1807,3.0000,49.0000,2025-04-21T01:14:00+00:00
2025-04-21T06:59:00+00:00,2025-04-21T07:14:00+00:00,long,-1006.02000,ifvg,0.4235,2.1412,9.0000,45.5000,2025-04-21T06:49:00+00:00
2025-04-21T09:34:00+00:00,2025-04-21T11:19:00+00:00,long,-235.84000,ifvg,1.9344,0.3607,59.0000,11.0000,2025-04-21T09:19:00+00:00
2025-04-21T11:19:00+00:00,2025-04-21T11:24:00+00:00,short,2460.200000,ifvg,2.5152,0.0909,62.2500,2.2500,2025-04-21T11:09:00+00:00
2025-04-21T13:54:00+00:00,2025-04-21T17:04:00+00:00,short,2197.040000,orb,2.8045,0.0386,308.5000,4.2500,
2025-04-22T05:09:00+00:00,2025-04-22T06:59:00+00:00,long,2367.090000,ifvg,2.8673,0.7583,151.2500,40.0000,2025-04-22T03:59:00+00:00
2025-04-22T13:39:00+00:00,2025-04-22T13:44:00+00:00,short,-1098.02000,ifvg,0.3763,2.6344,8.7500,61.2500,2025-04-22T13:29:00+00:00
2025-04-22T16:04:00+00:00,2025-04-22T20:09:00+00:00,long,734.28000,ifvg,0.3601,0.7966,94.2500,208.5000,2025-04-22T15:34:00+00:00
2025-04-23T06:44:00+00:00,2025-04-23T07:34:00+00:00,short,-1086.54000,ifvg,1.1287,1.0,28.5000,25.2500,2025-04-23T06:29:00+00:00
2025-04-23T14:34:00+00:00,2025-04-23T15:24:00+00:00,long,-877.48000,orb,0.1371,1.0766,30.0000,235.5000,
2025-04-23T16:34:00+00:00,2025-04-23T19:24:00+00:00,long,-969.92000,ifvg,2.1292,1.25,127.7500,75.0000,2025-04-23T16:24:00+00:00
2025-04-24T04:49:00+00:00,2025-04-24T05:59:00+00:00,long,-1040.88000,ifvg,0.386,2.0292,16.5000,86.7500,2025-04-24T04:14:00+00:00
2025-04-24T11:09:00+00:00,2025-04-24T12:24:00+00:00,short,-1032.40000,ifvg,1.0,1.0931,51.0000,55.7500,2025-04-24T10:59:00+00:00
2025-04-24T12:29:00+00:00,2025-04-24T12:39:00+00:00,short,-924.66000,ifvg,0.1872,1.1527,9.5000,58.5000,2025-04-24T12:19:00+00:00
2025-04-24T13:49:00+00:00,2025-04-24T18:39:00+00:00,long,2004.030000,orb,2.5009,0.0542,334.5000,7.2500,
2025-04-25T01:24:00+00:00,2025-04-25T01:44:00+00:00,short,-661.36000,ifvg,0.6087,0.8696,21.0000,30.0000,2025-04-25T00:59:00+00:00
2025-04-25T01:44:00+00:00,2025-04-25T01:54:00+00:00,long,-1016.10000,ifvg,0.0677,1.1278,2.2500,37.5000,2025-04-25T01:34:00+00:00
2025-04-25T04:34:00+00:00,2025-04-25T06:54:00+00:00,short,-933.66000,ifvg,0.4098,1.2829,21.0000,65.7500,2025-04-25T04:14:00+00:00
2025-04-25T13:54:00+00:00,2025-04-25T14:09:00+00:00,short,-870.96000,orb,0.0208,1.1778,2.2500,127.5000,
2025-04-28T11:14:00+00:00,2025-04-28T12:14:00+00:00,long,-4.80000,ifvg,2.0625,0.5833,49.5000,14.0000,2025-04-28T10:59:00+00:00
2025-04-28T12:14:00+00:00,2025-04-28T12:34:00+00:00,short,-937.40000,ifvg,0.0162,1.0108,0.7500,46.7500,2025-04-28T11:34:00+00:00
2025-04-28T14:04:00+00:00,2025-04-28T20:09:00+00:00,short,-197.22000,ifvg,2.4406,0.7426,246.5000,75.0000,2025-04-28T13:49:00+00:00
2025-04-29T00:09:00+00:00,2025-04-29T00:44:00+00:00,short,-983.02000,ifvg,0.6988,1.0361,14.5000,21.5000,2025-04-28T23:54:00+00:00
2025-04-29T02:49:00+00:00,2025-04-29T04:34:00+00:00,short,-731.36000,ifvg,0.6765,0.9706,23.0000,33.0000,2025-04-29T02:09:00+00:00
2025-04-29T04:34:00+00:00,2025-04-29T04:54:00+00:00,long,-938.88000,ifvg,0.0,1.0909,0,42.0000,2025-04-29T03:39:00+00:00
2025-04-29T04:54:00+00:00,2025-04-29T07:54:00+00:00,short,-960.68000,ifvg,0.3934,1.0074,26.7500,68.5000,2025-04-29T04:29:00+00:00
2025-04-29T12:34:00+00:00,2025-04-29T12:59:00+00:00,long,-948.64000,ifvg,0.9176,1.2588,39.0000,53.5000,2025-04-29T12:24:00+00:00
2025-04-29T13:09:00+00:00,2025-04-29T13:49:00+00:00,short,-828.96000,ifvg,0.1505,1.2937,15.5000,133.2500,2025-04-28T19:09:00+00:00
2025-04-29T13:49:00+00:00,2025-04-29T20:09:00+00:00,long,943.04000,orb,1.5289,0.4467,172.0000,50.2500,
2025-04-30T05:39:00+00:00,2025-04-30T08:19:00+00:00,long,2286.120000,ifvg,2.5033,0.2941,95.7500,11.2500,2025-04-30T05:19:00+00:00
2025-04-30T08:29:00+00:00,2025-04-30T09:29:00+00:00,short,-930.58000,ifvg,0.6355,1.028,17.0000,27.5000,2025-04-30T08:19:00+00:00
2025-04-30T11:29:00+00:00,2025-04-30T12:34:00+00:00,short,2184.080000,ifvg,3.4338,0.0731,188.0000,4.0000,2025-04-30T11:04:00+00:00
2025-04-30T13:59:00+00:00,2025-04-30T14:29:00+00:00,short,-735.48000,orb,0.0941,1.0587,17.2500,194.0000,
2025-04-30T18:54:00+00:00,2025-04-30T20:04:00+00:00,long,2012.040000,ifvg,1.8987,0.2108,290.5000,32.2500,2025-04-30T18:44:00+00:00
2025-05-01T05:34:00+00:00,2025-05-01T06:04:00+00:00,long,-937.40000,ifvg,0.2162,1.0541,10.0000,48.7500,2025-05-01T05:24:00+00:00
2025-05-01T07:14:00+00:00,2025-05-01T09:34:00+00:00,long,2416.680000,ifvg,2.5185,0.5556,68.0000,15.0000,2025-05-01T07:04:00+00:00
2025-05-01T13:54:00+00:00,2025-05-01T13:59:00+00:00,long,-988.44000,ifvg,0.0,1.0367,0,84.7500,2025-05-01T13:39:00+00:00
2025-05-01T13:59:00+00:00,2025-05-01T14:29:00+00:00,short,-914.96000,orb,0.0989,1.1319,11.2500,128.7500,
2025-05-01T16:34:00+00:00,2025-05-01T19:59:00+00:00,long,-826.96000,ifvg,0.7324,1.1314,75.2500,116.2500,2025-05-01T16:24:00+00:00
2025-05-02T00:24:00+00:00,2025-05-02T01:24:00+00:00,long,2226.070000,ifvg,2.5137,0.0157,160.2500,1.0000,2025-05-01T23:39:00+00:00
2025-05-02T09:14:00+00:00,2025-05-02T12:34:00+00:00,long,2404.640000,ifvg,4.1087,0.4783,141.7500,16.5000,2025-05-02T09:04:00+00:00
2025-05-02T14:09:00+00:00,2025-05-02T18:54:00+00:00,long,971.30000,orb,1.455,0.1875,145.5000,18.7500,
2025-05-02T18:54:00+00:00,2025-05-02T20:09:00+00:00,short,186.84000,ifvg,1.4299,0.1308,76.5000,7.0000,2025-05-02T18:09:00+00:00
2025-05-05T03:44:00+00:00,2025-05-05T06:54:00+00:00,long,159.32000,ifvg,0.5786,0.5893,40.5000,41.2500,2025-05-05T01:44:00+00:00
2025-05-05T06:54:00+00:00,2025-05-05T08:34:00+00:00,short,2452.800000,ifvg,2.7424,0.4697,45.2500,7.7500,2025-05-05T06:44:00+00:00
2025-05-05T14:04:00+00:00,2025-05-05T20:09:00+00:00,long,-470.68000,orb,1.8711,0.6725,134.2500,48.2500,
2025-05-06T00:14:00+00:00,2025-05-06T00:24:00+00:00,long,-1081.00000,ifvg,0.2262,1.4048,4.7500,29.5000,2025-05-05T23:59:00+00:00
2025-05-06T12:54:00+00:00,2025-05-06T13:14:00+00:00,long,-1055.04000,ifvg,0.5306,1.1837,13.0000,29.0000,2025-05-06T12:39:00+00:00
2025-05-06T13:39:00+00:00,2025-05-06T13:49:00+00:00,long,-1037.40000,ifvg,0.039,1.2683,2.0000,65.0000,2025-05-06T13:14:00+00:00
2025-05-06T13:54:00+00:00,2025-05-06T14:14:00+00:00,short,-1006.44000,ifvg,0.1772,1.1021,14.7500,91.7500,2025-05-06T13:39:00+00:00
2025-05-06T16:19:00+00:00,2025-05-06T16:29:00+00:00,long,-272.48000,ifvg,0.0527,0.4078,10.5000,81.2500,2025-05-06T15:49:00+00:00
2025-05-06T16:29:00+00:00,2025-05-06T20:09:00+00:00,short,225.04000,ifvg,0.5751,0.5666,68.0000,67.0000,2025-05-06T16:19:00+00:00
2025-05-06T22:09:00+00:00,2025-05-06T22:39:00+00:00,long,-928.44000,ifvg,0.1238,1.1303,9.5000,86.7500,2025-05-06T20:34:00+00:00
2025-05-07T05:39:00+00:00,2025-05-07T06:04:00+00:00,long,-1045.98000,ifvg,0.44,1.0667,8.2500,20.0000,2025-05-07T05:29:00+00:00
2025-05-07T10:19:00+00:00,2025-05-07T12:09:00+00:00,long,-983.06000,ifvg,1.495,2.4851,37.7500,62.7500,2025-05-07T10:09:00+00:00
2025-05-07T12:49:00+00:00,2025-05-07T13:04:00+00:00,long,-986.10000,ifvg,0.6589,1.0698,21.2500,34.5000,2025-05-07T12:34:00+00:00
2025-05-07T13:59:00+00:00,2025-05-07T14:54:00+00:00,long,-865.44000,orb,0.5524,1.3427,39.5000,96.0000,
2025-05-08T01:04:00+00:00,2025-05-08T03:24:00+00:00,long,2301.860000,ifvg,2.9464,0.3333,123.7500,14.0000,2025-05-08T00:44:00+00:00
2025-05-08T13:49:00+00:00,2025-05-08T15:29:00+00:00,short,-976.20000,orb,1.0077,1.3376,97.7500,129.7500,
2025-05-09T03:14:00+00:00,2025-05-09T08:04:00+00:00,long,232.82000,ifvg,0.9297,0.3164,59.5000,20.2500,2025-05-09T03:04:00+00:00
2025-05-09T08:04:00+00:00,2025-05-09T10:34:00+00:00,short,-1004.12000,ifvg,0.6513,1.2171,24.7500,46.2500,2025-05-09T07:39:00+00:00
2025-05-09T14:19:00+00:00,2025-05-09T20:09:00+00:00,short,817.56000,orb,1.9932,0.0676,147.5000,5.0000,
2025-05-12T14:29:00+00:00,2025-05-12T17:09:00+00:00,short,-724.48000,orb,0.2853,1.072,51.5000,193.5000,
2025-05-12T23:44:00+00:00,2025-05-13T04:04:00+00:00,short,2439.640000,ifvg,2.6143,0.0643,91.5000,2.2500,2025-05-12T23:14:00+00:00
2025-05-13T08:49:00+00:00,2025-05-13T09:29:00+00:00,short,-1018.98000,ifvg,0.5753,1.3151,10.5000,24.0000,2025-05-13T08:39:00+00:00
2025-05-13T13:54:00+00:00,2025-05-13T20:09:00+00:00,long,818.28000,orb,1.7016,0.0615,235.2500,8.5000,
2025-05-14T02:09:00+00:00,2025-05-14T04:39:00+00:00,short,-1021.32000,ifvg,0.0556,1.3264,2.0000,47.7500,2025-05-14T01:49:00+00:00
2025-05-14T05:34:00+00:00,2025-05-14T06:04:00+00:00,short,-1000.72000,ifvg,0.0145,1.1014,0.2500,19.0000,2025-05-14T05:09:00+00:00
2025-05-14T07:29:00+00:00,2025-05-14T09:29:00+00:00,short,318.64000,ifvg,1.5821,0.694,53.0000,23.2500,2025-05-14T07:04:00+00:00
2025-05-14T09:29:00+00:00,2025-05-14T11:24:00+00:00,long,2330.380000,ifvg,2.5417,0.7083,91.5000,25.5000,2025-05-14T09:09:00+00:00
2025-05-14T15:09:00+00:00,2025-05-14T15:29:00+00:00,short,-929.18000,ifvg,0.1215,1.0931,7.5000,67.5000,2025-05-14T14:59:00+00:00
2025-05-14T18:39:00+00:00,2025-05-14T20:09:00+00:00,long,311.04000,ifvg,0.3863,0.346,40.7500,36.5000,2025-05-14T16:44:00+00:00
2025-05-15T05:14:00+00:00,2025-05-15T07:59:00+00:00,short,2451.120000,ifvg,2.5488,0.1159,104.5000,4.7500,2025-05-15T02:39:00+00:00
2025-05-15T12:39:00+00:00,2025-05-15T13:49:00+00:00,long,-987.40000,ifvg,0.6821,1.1949,33.2500,58.2500,2025-05-15T12:14:00+00:00
2025-05-15T13:49:00+00:00,2025-05-15T14:04:00+00:00,short,-1006.18000,orb,0.1474,1.1053,10.5000,78.7500,
2025-05-16T03:44:00+00:00,2025-05-16T03:54:00+00:00,short,-817.20000,ifvg,0.0962,1.0385,1.2500,13.5000,2025-05-16T03:34:00+00:00
2025-05-16T04:59:00+00:00,2025-05-16T06:09:00+00:00,short,330.24000,ifvg,0.8902,0.2073,18.2500,4.2500,2025-05-16T03:54:00+00:00
2025-05-16T06:09:00+00:00,2025-05-16T06:34:00+00:00,long,-607.20000,ifvg,0.9516,0.9677,14.7500,15.0000,2025-05-16T05:39:00+00:00
2025-05-16T06:34:00+00:00,2025-05-16T07:34:00+00:00,short,-956.88000,ifvg,0.5924,1.1847,23.2500,46.5000,2025-05-16T02:29:00+00:00
2025-05-16T11:39:00+00:00,2025-05-16T12:04:00+00:00,short,-1001.76000,ifvg,0.0741,1.0123,1.5000,20.5000,2025-05-16T11:29:00+00:00
2025-05-16T14:39:00+00:00,2025-05-16T17:34:00+00:00,short,-941.20000,orb,0.5989,1.0668,56.0000,99.7500,
2025-05-19T13:39:00+00:00,2025-05-19T13:49:00+00:00,long,2378.340000,ifvg,2.6903,0.1676,236.7500,14.7500,2025-05-19T06:39:00+00:00
2025-05-19T13:49:00+00:00,2025-05-19T17:09:00+00:00,long,2196.300000,orb,1.1408,0.1299,182.2500,20.7500,
2025-05-19T23:59:00+00:00,2025-05-20T01:34:00+00:00,short,2463.900000,ifvg,2.697,0.7045,89.0000,23.2500,2025-05-19T23:39:00+00:00
2025-05-20T08:24:00+00:00,2025-05-20T13:39:00+00:00,long,-1047.64000,ifvg,0.8351,1.133,39.2500,53.2500,2025-05-20T08:14:00+00:00
2025-05-20T13:49:00+00:00,2025-05-20T14:39:00+00:00,short,-918.68000,orb,0.3038,1.0423,19.7500,67.7500,
2025-05-21T00:14:00+00:00,2025-05-21T00:24:00+00:00,short,-1042.20000,ifvg,0.4627,1.2388,7.7500,20.7500,2025-05-21T00:04:00+00:00
2025-05-21T02:39:00+00:00,2025-05-21T03:34:00+00:00,long,-992.04000,ifvg,0.1304,1.0217,3.0000,23.5000,2025-05-21T02:24:00+00:00
2025-05-21T12:09:00+00:00,2025-05-21T12:29:00+00:00,short,-986.88000,ifvg,0.0988,1.0123,4.0000,41.0000,2025-05-21T11:24:00+00:00
2025-05-21T13:49:00+00:00,2025-05-21T17:14:00+00:00,long,571.04000,orb,1.6722,0.19,176.0000,20.0000,
2025-05-21T17:14:00+00:00,2025-05-21T17:29:00+00:00,short,2071.300000,ifvg,3.1265,0.0452,259.5000,3.7500,2025-05-21T15:14:00+00:00
2025-05-22T02:14:00+00:00,2025-05-22T08:39:00+00:00,long,822.60000,ifvg,2.2167,0.4917,66.5000,14.7500,2025-05-22T02:04:00+00:00
2025-05-22T08:44:00+00:00,2025-05-22T10:19:00+00:00,short,175.68000,ifvg,1.422,0.2844,38.7500,7.7500,2025-05-22T08:24:00+00:00
2025-05-22T10:19:00+00:00,2025-05-22T11:19:00+00:00,long,118.94000,ifvg,1.5192,0.7692,39.5000,20.0000,2025-05-22T10:09:00+00:00
2025-05-22T11:19:00+00:00,2025-05-22T11:59:00+00:00,short,2376.120000,ifvg,3.327,0.2579,132.2500,10.2500,2025-05-22T11:09:00+00:00
2025-05-22T13:54:00+00:00,2025-05-22T20:09:00+00:00,long,-374.96000,orb,0.8395,0.572,102.0000,69.5000,
2025-05-23T03:39:00+00:00,2025-05-23T03:54:00+00:00,short,-967.20000,ifvg,0.1452,1.0645,2.2500,16.5000,2025-05-23T03:29:00+00:00
2025-05-23T05:39:00+00:00,2025-05-23T06:34:00+00:00,short,828.88000,ifvg,1.8158,0.2368,69.0000,9.0000,2025-05-23T05:24:00+00:00
2025-05-23T06:34:00+00:00,2025-05-23T07:24:00+00:00,long,2529.180000,ifvg,2.531,0.2655,71.5000,7.5000,2025-05-23T06:19:00+00:00
2025-05-23T11:24:00+00:00,2025-05-23T11:44:00+00:00,short,2424.080000,ifvg,2.9753,0.6914,180.7500,42.0000,2025-05-23T07:09:00+00:00
2025-05-23T14:14:00+00:00,2025-05-23T20:09:00+00:00,long,249.04000,orb,0.7555,0.5784,112.0000,85.7500,
2025-05-26T13:39:00+00:00,2025-05-26T14:34:00+00:00,long,-1080.64000,ifvg,0.1134,1.1959,5.5000,58.0000,2025-05-22T19:44:00+00:00
2025-05-27T01:09:00+00:00,2025-05-27T02:19:00+00:00,short,1559.460000,ifvg,2.5667,0.1,38.5000,1.5000,2025-05-27T00:59:00+00:00
2025-05-27T09:24:00+00:00,2025-05-27T09:44:00+00:00,short,-1078.06000,ifvg,0.4775,1.036,13.2500,28.7500,2025-05-27T09:14:00+00:00
2025-05-27T13:34:00+00:00,2025-05-27T13:49:00+00:00,short,-1117.20000,ifvg,2.3056,2.5278,41.5000,45.5000,2025-05-27T13:24:00+00:00
2025-05-27T14:09:00+00:00,2025-05-27T20:09:00+00:00,long,1756.30000,ifvg,1.2279,0.0442,138.7500,5.0000,2025-05-27T13:34:00+00:00
2025-05-28T03:19:00+00:00,2025-05-28T03:39:00+00:00,long,-682.20000,ifvg,0.0,1.6279,0,17.5000,2025-05-28T02:59:00+00:00
2025-05-28T12:54:00+00:00,2025-05-28T13:39:00+00:00,short,-1118.04000,ifvg,0.7212,2.0096,18.7500,52.2500,2025-05-28T12:44:00+00:00
2025-05-28T13:54:00+00:00,2025-05-28T19:54:00+00:00,short,2661.120000,ifvg,3.1798,0.5337,141.5000,23.7500,2025-05-28T13:44:00+00:00
2025-05-29T08:34:00+00:00,2025-05-29T12:09:00+00:00,short,2569.590000,ifvg,2.5109,0.7162,143.7500,41.0000,2025-05-29T07:49:00+00:00
2025-05-29T13:49:00+00:00,2025-05-29T20:09:00+00:00,short,615.78000,orb,1.0053,0.355,189.7500,67.0000,
2025-05-30T05:09:00+00:00,2025-05-30T06:49:00+00:00,long,-1147.32000,ifvg,1.512,1.008,47.2500,31.5000,2025-05-30T03:24:00+00:00
2025-05-30T13:49:00+00:00,2025-05-30T14:09:00+00:00,short,-573.70000,orb,0.5589,0.6591,55.7500,65.7500,
2025-05-30T14:09:00+00:00,2025-05-30T16:19:00+00:00,long,-1025.92000,ifvg,0.8189,1.252,52.0000,79.5000,2025-05-30T13:59:00+00:00
2025-06-02T07:29:00+00:00,2025-06-02T07:34:00+00:00,short,-1091.84000,ifvg,0.1791,1.5,6.0000,50.2500,2025-06-02T07:09:00+00:00
2025-06-02T14:04:00+00:00,2025-06-02T17:04:00+00:00,short,-1065.72000,orb,0.1031,1.0847,18.2500,192.0000,
2025-06-03T02:44:00+00:00,2025-06-03T03:29:00+00:00,long,-1126.98000,ifvg,0.1852,1.4444,3.7500,29.2500,2025-06-03T02:34:00+00:00
2025-06-03T06:29:00+00:00,2025-06-03T07:24:00+00:00,long,-1109.76000,ifvg,1.4,1.8778,31.5000,42.2500,2025-06-03T06:14:00+00:00
2025-06-03T07:39:00+00:00,2025-06-03T08:14:00+00:00,long,-1030.12000,ifvg,0.0833,1.0897,3.2500,42.5000,2025-06-03T07:29:00+00:00
2025-06-03T14:04:00+00:00,2025-06-03T16:39:00+00:00,long,2619.820000,orb,1.3506,0.5529,143.5000,58.7500,
2025-06-04T06:24:00+00:00,2025-06-04T07:59:00+00:00,short,-1111.24000,ifvg,0.6667,1.3871,15.5000,32.2500,2025-06-04T06:09:00+00:00
2025-06-04T10:24:00+00:00,2025-06-04T11:09:00+00:00,short,-1099.98000,ifvg,0.6203,1.0759,12.2500,21.2500,2025-06-04T10:14:00+00:00
2025-06-04T12:24:00+00:00,2025-06-04T12:29:00+00:00,short,-1054.80000,ifvg,0.2621,1.0874,6.7500,28.0000,2025-06-04T11:54:00+00:00
2025-06-04T14:04:00+00:00,2025-06-04T18:04:00+00:00,short,-1001.20000,orb,0.5276,1.0477,52.5000,104.2500,
2025-06-05T13:59:00+00:00,2025-06-05T14:44:00+00:00,short,-938.96000,orb,0.1734,1.2313,20.2500,143.7500,
2025-06-05T18:29:00+00:00,2025-06-05T19:14:00+00:00,long,-997.44000,ifvg,0.3848,1.1788,31.7500,97.2500,2025-06-05T18:19:00+00:00
2025-06-06T13:49:00+00:00,2025-06-06T14:29:00+00:00,long,-898.70000,orb,0.0644,1.0644,5.7500,95.0000,
2025-06-06T15:24:00+00:00,2025-06-06T18:19:00+00:00,short,-895.44000,ifvg,0.8412,1.0574,62.2500,78.2500,2025-06-06T14:44:00+00:00
2025-06-08T22:19:00+00:00,2025-06-09T11:09:00+00:00,short,-316.20000,ifvg,0.4944,0.4548,43.7500,40.2500,2025-06-06T17:24:00+00:00
2025-06-09T11:09:00+00:00,2025-06-09T13:39:00+00:00,long,-1002.06000,ifvg,1.2913,1.5631,33.2500,40.2500,2025-06-09T10:49:00+00:00
2025-06-09T14:04:00+00:00,2025-06-09T14:09:00+00:00,short,-675.84000,ifvg,0.1345,0.8739,4.0000,26.0000,2025-06-09T13:54:00+00:00
2025-06-09T14:09:00+00:00,2025-06-09T20:09:00+00:00,long,-253.68000,orb,0.9545,0.3077,68.2500,22.0000,
2025-06-10T00:09:00+00:00,2025-06-10T00:29:00+00:00,short,-1006.02000,ifvg,0.1765,1.2235,3.7500,26.0000,2025-06-09T23:24:00+00:00
2025-06-10T05:44:00+00:00,2025-06-10T07:44:00+00:00,long,-964.18000,ifvg,0.0476,1.3297,3.2500,90.7500,2025-06-10T05:34:00+00:00
2025-06-10T11:39:00+00:00,2025-06-10T15:34:00+00:00,long,-987.84000,ifvg,1.7025,3.2727,51.5000,99.0000,2025-06-10T11:14:00+00:00
2025-06-10T15:34:00+00:00,2025-06-10T16:04:00+00:00,short,-872.96000,orb,0.0507,1.1475,5.5000,124.5000,
2025-06-10T23:09:00+00:00,2025-06-10T23:14:00+00:00,short,-948.36000,ifvg,0.1654,1.3158,5.5000,43.7500,2025-06-10T22:59:00+00:00
2025-06-11T06:39:00+00:00,2025-06-11T07:49:00+00:00,short,-963.84000,ifvg,0.2019,1.2692,5.2500,33.0000,2025-06-11T06:29:00+00:00
2025-06-11T11:34:00+00:00,2025-06-11T12:04:00+00:00,long,-939.08000,ifvg,2.6296,1.2315,71.0000,33.2500,2025-06-11T11:24:00+00:00
2025-06-11T13:49:00+00:00,2025-06-11T14:24:00+00:00,short,-868.44000,orb,0.0105,1.0976,0.7500,78.7500,
2025-06-12T13:49:00+00:00,2025-06-12T20:09:00+00:00,long,737.04000,orb,1.3309,0.6801,90.5000,46.2500,
2025-06-13T14:29:00+00:00,2025-06-13T14:44:00+00:00,short,-324.48000,orb,0.0359,0.7598,5.7500,121.7500,
2025-06-13T14:44:00+00:00,2025-06-13T18:34:00+00:00,long,-911.68000,ifvg,2.2713,1.2442,146.5000,80.2500,2025-06-13T14:29:00+00:00
2025-06-16T10:49:00+00:00,2025-06-16T11:49:00+00:00,short,-852.40000,ifvg,0.2619,1.0238,11.0000,43.0000,2025-06-16T10:19:00+00:00
2025-06-16T13:49:00+00:00,2025-06-16T15:34:00+00:00,long,695.04000,orb,1.2936,0.1025,116.7500,9.2500,
2025-06-16T15:34:00+00:00,2025-06-16T20:09:00+00:00,short,841.68000,ifvg,2.4688,0.5417,59.2500,13.0000,2025-06-16T15:24:00+00:00
2025-06-17T02:09:00+00:00,2025-06-17T02:54:00+00:00,short,-934.36000,ifvg,0.7786,1.855,25.5000,60.7500,2025-06-17T01:54:00+00:00
2025-06-17T13:49:00+00:00,2025-06-17T14:04:00+00:00,short,-857.16000,ifvg,0.234,1.2713,11.0000,59.7500,2025-06-17T13:39:00+00:00
2025-06-17T14:14:00+00:00,2025-06-17T16:59:00+00:00,long,-720.96000,orb,0.1564,1.0587,14.0000,94.7500,
2025-06-18T13:39:00+00:00,2025-06-18T13:49:00+00:00,short,-572.18000,ifvg,0.064,0.716,4.0000,44.7500,2025-06-18T11:29:00+00:00
2025-06-18T13:54:00+00:00,2025-06-18T18:59:00+00:00,long,-768.70000,ifvg,1.3841,1.6123,95.5000,111.2500,2025-06-18T13:39:00+00:00
2025-06-18T23:54:00+00:00,2025-06-19T00:09:00+00:00,long,-371.16000,ifvg,0.1503,0.6301,6.5000,27.2500,2025-06-18T22:14:00+00:00
2025-06-19T00:09:00+00:00,2025-06-19T01:04:00+00:00,short,1973.340000,ifvg,2.6875,0.0,118.2500,0,2025-06-18T23:54:00+00:00
2025-06-19T03:09:00+00:00,2025-06-19T07:59:00+00:00,long,-832.44000,ifvg,0.4836,1.2727,33.2500,87.5000,2025-06-19T02:59:00+00:00
2025-06-19T12:09:00+00:00,2025-06-19T13:49:00+00:00,short,2095.610000,ifvg,2.9645,0.5888,146.0000,29.0000,2025-06-19T11:59:00+00:00
2025-06-19T13:49:00+00:00,2025-06-19T22:04:00+00:00,short,-840.96000,orb,0.1579,1.5502,16.5000,162.0000,
2025-06-20T06:39:00+00:00,2025-06-20T08:09:00+00:00,short,-886.32000,ifvg,1.0833,1.0,26.0000,24.0000,2025-06-20T06:09:00+00:00
2025-06-20T09:14:00+00:00,2025-06-20T11:44:00+00:00,long,2168.160000,ifvg,3.0734,0.578,83.7500,15.7500,2025-06-20T08:59:00+00:00
2025-06-20T11:49:00+00:00,2025-06-20T13:39:00+00:00,long,2064.080000,ifvg,2.5266,0.5411,130.7500,28.0000,2025-06-20T08:29:00+00:00
2025-06-20T17:34:00+00:00,2025-06-20T18:19:00+00:00,short,-826.96000,ifvg,0.2847,1.0292,29.2500,105.7500,2025-06-20T15:19:00+00:00
2025-06-23T01:24:00+00:00,2025-06-23T02:34:00+00:00,short,-907.40000,ifvg,0.1508,1.0168,6.7500,45.5000,2025-06-23T01:14:00+00:00
2025-06-23T02:54:00+00:00,2025-06-23T05:09:00+00:00,short,-941.76000,ifvg,0.0658,2.0263,1.2500,38.5000,2025-06-23T02:39:00+00:00
2025-06-23T13:49:00+00:00,2025-06-23T16:39:00+00:00,long,-876.72000,orb,0.7818,1.1409,113.7500,166.0000,
2025-06-24T02:14:00+00:00,2025-06-24T05:34:00+00:00,short,-924.80000,ifvg,1.3333,1.5889,30.0000,35.7500,2025-06-24T01:54:00+00:00
2025-06-24T08:39:00+00:00,2025-06-24T11:34:00+00:00,short,171.30000,ifvg,0.7078,0.5974,54.5000,46.0000,2025-06-24T08:29:00+00:00
2025-06-24T11:34:00+00:00,2025-06-24T12:34:00+00:00,long,-873.60000,ifvg,0.8947,1.0614,25.5000,30.2500,2025-06-24T11:14:00+00:00
2025-06-24T14:44:00+00:00,2025-06-24T20:09:00+00:00,long,633.80000,orb,1.4656,0.4689,111.7500,35.7500,
2025-06-25T17:39:00+00:00,2025-06-25T19:14:00+00:00,short,-892.36000,ifvg,1.232,1.104,38.5000,34.5000,2025-06-25T17:29:00+00:00
2025-06-26T14:24:00+00:00,2025-06-26T15:34:00+00:00,long,83.80000,orb,0.5279,0.282,40.2500,21.5000,
2025-06-26T15:34:00+00:00,2025-06-26T15:44:00+00:00,short,-902.52000,ifvg,0.0395,1.3026,0.7500,24.7500,2025-06-26T15:24:00+00:00
2025-06-27T07:39:00+00:00,2025-06-27T11:04:00+00:00,short,-869.06000,ifvg,0.3708,1.0449,8.2500,23.2500,2025-06-27T07:24:00+00:00
2025-06-27T12:19:00+00:00,2025-06-27T13:34:00+00:00,short,2088.160000,ifvg,2.5619,0.8095,67.2500,21.2500,2025-06-27T11:39:00+00:00
2025-06-27T13:54:00+00:00,2025-06-27T18:19:00+00:00,long,-827.68000,orb,1.3932,1.1453,81.5000,67.0000,
2025-06-30T04:59:00+00:00,2025-06-30T05:44:00+00:00,short,-382.20000,ifvg,1.3333,0.8611,12.0000,7.7500,2025-06-30T04:44:00+00:00
2025-06-30T05:44:00+00:00,2025-06-30T07:04:00+00:00,long,-902.52000,ifvg,1.1316,1.0789,21.5000,20.5000,2025-06-30T05:29:00+00:00
2025-06-30T09:49:00+00:00,2025-06-30T10:19:00+00:00,short,-892.20000,ifvg,0.6491,1.1228,9.2500,16.0000,2025-06-30T09:39:00+00:00
2025-06-30T11:49:00+00:00,2025-06-30T12:24:00+00:00,long,-887.04000,ifvg,0.0488,1.061,1.0000,21.7500,2025-06-30T11:39:00+00:00
2025-06-30T13:49:00+00:00,2025-06-30T19:04:00+00:00,short,-616.20000,orb,0.2483,0.8974,18.7500,67.7500,
2025-06-30T19:04:00+00:00,2025-06-30T20:09:00+00:00,long,194.08000,ifvg,1.5285,0.2228,73.7500,10.7500,2025-06-30T18:34:00+00:00
2025-06-30T23:44:00+00:00,2025-07-01T05:14:00+00:00,long,-843.36000,ifvg,1.2373,1.0508,36.5000,31.0000,2025-06-30T22:44:00+00:00
2025-07-01T07:19:00+00:00,2025-07-01T12:24:00+00:00,short,1989.180000,ifvg,3.5281,0.8539,78.5000,19.0000,2025-07-01T07:09:00+00:00
2025-07-01T13:54:00+00:00,2025-07-01T14:24:00+00:00,long,-807.66000,orb,0.5367,1.096,23.7500,48.5000,
2025-07-01T14:29:00+00:00,2025-07-01T14:49:00+00:00,short,2054.130000,ifvg,2.6693,0.5197,84.7500,16.5000,2025-07-01T14:19:00+00:00
2025-07-02T02:34:00+00:00,2025-07-02T10:39:00+00:00,long,-891.84000,ifvg,2.4771,1.0183,67.5000,27.7500,2025-07-02T02:04:00+00:00
2025-07-02T13:49:00+00:00,2025-07-02T20:09:00+00:00,long,1744.82000,orb,2.4468,0.1277,143.7500,7.5000,
2025-07-03T06:04:00+00:00,2025-07-03T07:39:00+00:00,long,1777.800000,ifvg,2.8125,0.0,33.7500,0,2025-07-03T05:49:00+00:00
2025-07-03T08:04:00+00:00,2025-07-03T10:04:00+00:00,short,2158.260000,ifvg,2.7164,0.1642,45.5000,2.7500,2025-07-03T07:44:00+00:00
2025-07-03T12:19:00+00:00,2025-07-03T12:34:00+00:00,short,-941.76000,ifvg,0.3816,3.6447,7.2500,69.2500,2025-07-03T12:09:00+00:00
2025-07-03T13:54:00+00:00,2025-07-03T14:04:00+00:00,long,2155.100000,orb,1.698,1.0941,108.2500,69.7500,
2025-07-04T05:49:00+00:00,2025-07-04T06:09:00+00:00,long,-741.52000,ifvg,0.3226,1.129,5.0000,17.5000,2025-07-04T05:39:00+00:00
2025-07-04T08:29:00+00:00,2025-07-04T08:54:00+00:00,long,-904.32000,ifvg,0.0204,1.7245,0.5000,42.2500,2025-07-04T08:19:00+00:00
2025-07-04T13:54:00+00:00,2025-07-07T14:59:00+00:00,long,-857.40000,orb,2.3195,1.1361,98.0000,48.0000,
2025-07-07T14:59:00+00:00,2025-07-07T20:09:00+00:00,short,378.80000,orb,1.4393,0.838,115.5000,67.2500,
2025-07-07T22:39:00+00:00,2025-07-08T00:54:00+00:00,long,2128.160000,ifvg,2.5514,0.2804,68.2500,7.5000,2025-07-07T22:24:00+00:00
2025-07-08T02:34:00+00:00,2025-07-08T07:09:00+00:00,long,162.08000,ifvg,0.6,0.2478,34.5000,14.2500,2025-07-08T01:49:00+00:00
2025-07-08T07:09:00+00:00,2025-07-08T07:39:00+00:00,short,-907.20000,ifvg,0.7414,1.5,10.7500,21.7500,2025-07-08T06:54:00+00:00
2025-07-08T12:39:00+00:00,2025-07-08T13:04:00+00:00,short,-285.18000,ifvg,0.3924,1.443,7.7500,28.5000,2025-07-08T12:19:00+00:00
2025-07-08T13:59:00+00:00,2025-07-08T16:24:00+00:00,short,-876.68000,orb,0.6492,1.0685,40.2500,66.2500,
2025-07-09T05:24:00+00:00,2025-07-09T06:54:00+00:00,short,-942.24000,ifvg,1.9571,1.0286,34.2500,18.0000,2025-07-09T04:44:00+00:00
2025-07-09T07:19:00+00:00,2025-07-09T09:14:00+00:00,short,-905.08000,ifvg,0.0769,1.1827,2.0000,30.7500,2025-07-09T06:59:00+00:00
2025-07-09T13:49:00+00:00,2025-07-09T14:39:00+00:00,long,-864.96000,orb,0.2442,1.1465,26.2500,123.2500,
2025-07-10T13:54:00+00:00,2025-07-10T18:24:00+00:00,short,-868.44000,ifvg,1.0627,1.0105,76.2500,72.5000,2025-07-10T09:59:00+00:00
2025-07-11T00:09:00+00:00,2025-07-11T00:19:00+00:00,short,1440.300000,ifvg,6.1538,0.1795,60.0000,1.7500,2025-07-10T23:59:00+00:00
2025-07-11T06:39:00+00:00,2025-07-11T07:29:00+00:00,short,2183.720000,ifvg,2.5125,0.8125,50.2500,16.2500,2025-07-11T06:29:00+00:00
2025-07-11T13:44:00+00:00,2025-07-11T13:49:00+00:00,short,-845.18000,ifvg,0.2385,1.0418,14.2500,62.2500,2025-07-11T13:34:00+00:00
2025-07-11T13:59:00+00:00,2025-07-11T20:09:00+00:00,long,213.84000,orb,0.6199,0.5957,57.5000,55.2500,
2025-07-14T07:39:00+00:00,2025-07-14T08:54:00+00:00,long,2160.200000,ifvg,2.5977,0.1034,56.5000,2.2500,2025-07-14T07:24:00+00:00
2025-07-14T12:39:00+00:00,2025-07-14T13:24:00+00:00,short,-937.20000,ifvg,0.9167,1.2167,13.7500,18.2500,2025-07-14T12:29:00+00:00
2025-07-14T14:34:00+00:00,2025-07-14T14:54:00+00:00,short,-887.40000,ifvg,0.1143,1.2,5.0000,52.5000,2025-07-14T14:24:00+00:00
2025-07-14T14:59:00+00:00,2025-07-14T20:09:00+00:00,long,212.28000,orb,0.5397,0.0505,74.7500,7.0000,
2025-07-15T12:39:00+00:00,2025-07-15T13:39:00+00:00,long,-611.10000,ifvg,1.6552,0.7672,48.0000,22.2500,2025-07-15T12:14:00+00:00
2025-07-15T13:39:00+00:00,2025-07-15T14:19:00+00:00,short,-867.40000,ifvg,0.8012,1.0234,34.2500,43.7500,2025-07-15T12:59:00+00:00
2025-07-15T14:59:00+00:00,2025-07-15T20:09:00+00:00,short,395.28000,orb,0.5943,0.6633,73.2500,81.7500,
2025-07-16T01:29:00+00:00,2025-07-16T02:04:00+00:00,short,-885.28000,ifvg,0.0897,1.0128,1.7500,19.7500,2025-07-16T01:19:00+00:00
2025-07-16T13:49:00+00:00,2025-07-16T15:34:00+00:00,short,2059.820000,orb,1.7582,0.5272,161.7500,48.5000,
2025-07-16T15:49:00+00:00,2025-07-16T20:09:00+00:00,long,1146.30000,ifvg,1.9068,0.413,153.5000,33.2500,2025-07-16T15:39:00+00:00
2025-07-17T00:34:00+00:00,2025-07-17T01:39:00+00:00,long,-931.00000,ifvg,0.7778,1.0833,14.0000,19.5000,2025-07-17T00:14:00+00:00
2025-07-17T11:14:00+00:00,2025-07-17T11:34:00+00:00,long,-607.20000,ifvg,0.4737,1.5789,4.5000,15.0000,2025-07-16T20:04:00+00:00
2025-07-17T12:19:00+00:00,2025-07-17T12:34:00+00:00,short,-906.36000,ifvg,0.3937,1.0866,12.5000,34.5000,2025-07-17T12:09:00+00:00
2025-07-17T13:49:00+00:00,2025-07-17T15:09:00+00:00,long,2076.120000,ifvg,3.0935,0.6187,107.5000,21.5000,2025-07-17T13:39:00+00:00
2025-07-18T14:04:00+00:00,2025-07-18T20:09:00+00:00,short,327.32000,orb,1.244,0.148,77.7500,9.2500,
2025-07-20T22:34:00+00:00,2025-07-21T05:19:00+00:00,long,1129.68000,ifvg,1.7549,0.0588,44.7500,1.5000,2025-07-20T22:09:00+00:00
2025-07-21T05:19:00+00:00,2025-07-21T05:34:00+00:00,short,-532.20000,ifvg,0.2121,1.3333,1.7500,11.0000,2025-07-21T05:09:00+00:00
2025-07-21T13:49:00+00:00,2025-07-21T20:09:00+00:00,long,-170.22000,orb,0.376,0.4065,46.2500,50.0000,
2025-07-21T22:09:00+00:00,2025-07-22T04:14:00+00:00,long,-944.80000,ifvg,1.0217,1.2391,23.5000,28.5000,2025-07-21T20:34:00+00:00
2025-07-22T13:49:00+00:00,2025-07-22T13:54:00+00:00,short,2092.600000,orb,0.7725,0.3266,105.2500,44.5000,
2025-07-23T00:09:00+00:00,2025-07-23T06:44:00+00:00,short,-913.32000,ifvg,1.7576,1.0909,43.5000,27.0000,2025-07-22T23:59:00+00:00
2025-07-23T13:59:00+00:00,2025-07-23T15:54:00+00:00,short,-786.96000,orb,0.1944,1.2609,19.0000,123.2500,
2025-07-24T13:04:00+00:00,2025-07-24T14:09:00+00:00,long,-640.36000,ifvg,1.5935,0.8293,49.0000,25.5000,2025-07-24T12:49:00+00:00
2025-07-24T14:09:00+00:00,2025-07-24T15:54:00+00:00,short,-844.44000,orb,0.448,1.0179,31.2500,71.0000,
2025-07-24T16:09:00+00:00,2025-07-24T17:09:00+00:00,short,-918.54000,ifvg,1.1059,1.3294,23.5000,28.2500,2025-07-24T15:54:00+00:00
2025-07-24T17:34:00+00:00,2025-07-24T20:09:00+00:00,short,354.38000,ifvg,0.8613,0.8394,29.5000,28.7500,2025-07-24T17:19:00+00:00
2025-07-25T12:29:00+00:00,2025-07-25T13:09:00+00:00,long,-908.04000,ifvg,0.5571,1.7143,9.7500,30.0000,2025-07-25T11:54:00+00:00
2025-07-25T13:49:00+00:00,2025-07-25T20:09:00+00:00,long,606.08000,orb,1.7358,0.2075,92.0000,11.0000,
2025-07-28T07:59:00+00:00,2025-07-28T08:14:00+00:00,long,-847.20000,ifvg,0.1111,1.0556,1.5000,14.2500,2025-07-28T07:39:00+00:00
2025-07-28T13:54:00+00:00,2025-07-28T15:19:00+00:00,long,-847.40000,orb,0.5329,1.2994,22.2500,54.2500,
2025-07-29T04:24:00+00:00,2025-07-29T05:49:00+00:00,short,-562.20000,ifvg,0.4286,1.0571,3.7500,9.2500,2025-07-29T04:14:00+00:00
2025-07-29T06:44:00+00:00,2025-07-29T07:49:00+00:00,long,2115.300000,ifvg,3.2456,0.6316,46.2500,9.0000,2025-07-29T06:34:00+00:00
2025-07-29T13:54:00+00:00,2025-07-29T15:44:00+00:00,short,2134.080000,ifvg,2.7804,0.1262,148.7500,6.7500,2025-07-29T13:39:00+00:00
2025-07-30T05:29:00+00:00,2025-07-30T07:09:00+00:00,long,-892.20000,ifvg,0.5614,1.7193,8.0000,24.5000,2025-07-30T05:14:00+00:00
2025-07-30T08:29:00+00:00,2025-07-30T11:14:00+00:00,short,-903.60000,ifvg,0.6102,1.0169,18.0000,30.0000,2025-07-30T07:34:00+00:00
2025-07-30T14:24:00+00:00,2025-07-30T15:19:00+00:00,long,-393.68000,orb,0.3938,0.6216,25.5000,40.2500,
2025-07-30T15:19:00+00:00,2025-07-30T16:19:00+00:00,short,-902.40000,ifvg,0.2753,1.2753,12.2500,56.7500,2025-07-30T14:29:00+00:00
2025-07-30T17:54:00+00:00,2025-07-30T18:04:00+00:00,short,-929.24000,ifvg,1.5217,1.3043,26.2500,22.5000,2025-07-30T17:44:00+00:00
2025-07-30T18:59:00+00:00,2025-07-30T20:04:00+00:00,short,-888.70000,ifvg,0.6346,2.2975,56.0000,202.7500,2025-07-30T15:59:00+00:00
2025-07-31T04:34:00+00:00,2025-07-31T07:29:00+00:00,short,-832.20000,ifvg,1.5283,1.3774,20.2500,18.2500,2025-07-31T03:54:00+00:00
2025-07-31T11:09:00+00:00,2025-07-31T11:44:00+00:00,long,-897.56000,ifvg,0.1087,1.2391,2.5000,28.5000,2025-07-31T10:59:00+00:00
2025-07-31T14:49:00+00:00,2025-07-31T20:09:00+00:00,short,1063.52000,orb,2.0319,0.0956,302.7500,14.2500,
2025-08-01T11:19:00+00:00,2025-08-01T12:39:00+00:00,long,201.32000,ifvg,0.7136,0.7909,39.2500,43.5000,2025-08-01T10:49:00+00:00
2025-08-01T13:04:00+00:00,2025-08-01T13:44:00+00:00,short,1998.060000,ifvg,3.0245,0.1902,278.2500,17.5000,2025-08-01T11:19:00+00:00
2025-08-01T13:49:00+00:00,2025-08-01T14:04:00+00:00,short,1837.040000,orb,0.3935,0.7826,90.5000,180.0000,
2025-08-03T23:39:00+00:00,2025-08-04T00:04:00+00:00,short,-913.12000,ifvg,0.2536,1.0652,8.7500,36.7500,2025-08-03T23:24:00+00:00
2025-08-04T01:14:00+00:00,2025-08-04T01:34:00+00:00,short,-903.60000,ifvg,0.0,1.0339,0,30.5000,2025-08-04T00:54:00+00:00
2025-08-04T11:34:00+00:00,2025-08-04T12:09:00+00:00,long,-907.84000,ifvg,0.2072,1.0,5.7500,27.7500,2025-08-04T11:09:00+00:00
2025-08-04T13:49:00+00:00,2025-08-04T19:34:00+00:00,long,254.28000,orb,0.6719,0.2285,86.0000,29.2500,
2025-08-05T13:49:00+00:00,2025-08-05T14:19:00+00:00,long,-783.70000,orb,0.1415,1.1447,11.0000,89.0000,
2025-08-06T00:09:00+00:00,2025-08-06T02:29:00+00:00,long,2124.640000,ifvg,2.5082,0.4426,76.5000,13.5000,2025-08-05T23:59:00+00:00
2025-08-06T07:29:00+00:00,2025-08-06T08:09:00+00:00,short,-929.76000,ifvg,0.2,1.08,3.7500,20.2500,2025-08-06T07:19:00+00:00
2025-08-06T11:09:00+00:00,2025-08-06T13:29:00+00:00,long,-37.92000,ifvg,0.4773,0.55,26.2500,30.2500,2025-08-06T09:34:00+00:00
2025-08-06T13:29:00+00:00,2025-08-06T13:34:00+00:00,short,-910.98000,ifvg,0.9385,3.3231,15.2500,54.0000,2025-08-06T13:19:00+00:00
2025-08-06T13:54:00+00:00,2025-08-06T18:39:00+00:00,long,2033.800000,orb,2.5153,0.8098,205.0000,66.0000,
2025-08-07T06:44:00+00:00,2025-08-07T07:14:00+00:00,short,-757.20000,ifvg,1.3333,1.5,16.0000,18.0000,2025-08-07T06:34:00+00:00
2025-08-07T07:14:00+00:00,2025-08-07T07:34:00+00:00,long,-513.60000,ifvg,0.453,0.6923,13.2500,20.2500,2025-08-07T07:04:00+00:00
2025-08-07T07:34:00+00:00,2025-08-07T07:59:00+00:00,short,-891.84000,ifvg,0.0,1.1193,0,30.5000,2025-08-07T07:19:00+00:00
2025-08-07T13:59:00+00:00,2025-08-07T14:14:00+00:00,long,-877.44000,orb,0.2241,1.031,16.2500,74.7500,
2025-08-07T16:59:00+00:00,2025-08-07T17:39:00+00:00,long,-778.70000,ifvg,0.3398,1.0453,26.2500,80.7500,2025-08-07T16:49:00+00:00
2025-08-08T15:54:00+00:00,2025-08-08T20:09:00+00:00,long,871.04000,ifvg,0.6333,0.1023,74.2500,12.0000,2025-08-08T15:44:00+00:00
2025-08-10T22:09:00+00:00,2025-08-11T02:09:00+00:00,short,-854.62000,ifvg,0.9225,1.0853,29.7500,35.0000,2025-08-08T20:19:00+00:00
2025-08-11T03:19:00+00:00,2025-08-11T05:54:00+00:00,long,-882.64000,ifvg,0.019,1.0063,0.7500,39.7500,2025-08-11T02:34:00+00:00
2025-08-11T07:19:00+00:00,2025-08-11T07:49:00+00:00,short,2114.280000,ifvg,2.6885,0.3607,41.0000,5.5000,2025-08-11T06:59:00+00:00
2025-08-11T10:39:00+00:00,2025-08-11T12:04:00+00:00,short,-893.50000,ifvg,1.1014,1.4638,19.0000,25.2500,2025-08-11T10:29:00+00:00
2025-08-11T13:59:00+00:00,2025-08-11T18:04:00+00:00,long,-775.44000,orb,0.9297,1.0352,59.5000,66.2500,
2025-08-12T04:44:00+00:00,2025-08-12T05:04:00+00:00,long,-877.20000,ifvg,0.5893,4.8036,8.2500,67.2500,2025-08-12T03:49:00+00:00
2025-08-12T10:19:00+00:00,2025-08-12T11:09:00+00:00,long,-844.80000,ifvg,0.1585,1.0854,3.2500,22.2500,2025-08-12T10:04:00+00:00
2025-08-12T13:39:00+00:00,2025-08-12T13:49:00+00:00,long,-379.48000,ifvg,0.0864,0.6898,14.0000,111.7500,2025-08-12T13:09:00+00:00
2025-08-12T13:49:00+00:00,2025-08-12T15:09:00+00:00,short,-653.22000,orb,0.7182,1.0647,77.7500,115.2500,
2025-08-13T02:29:00+00:00,2025-08-13T08:24:00+00:00,long,2048.670000,ifvg,2.5876,0.5258,62.7500,12.7500,2025-08-13T01:19:00+00:00
2025-08-13T13:59:00+00:00,2025-08-13T16:54:00+00:00,short,2044.080000,orb,2.5561,0.0293,131.0000,1.5000,
2025-08-13T17:39:00+00:00,2025-08-13T18:14:00+00:00,short,-855.14000,ifvg,0.2876,1.1111,11.0000,42.5000,2025-08-13T17:29:00+00:00
2025-08-14T07:54:00+00:00,2025-08-14T08:34:00+00:00,short,-847.20000,ifvg,0.0926,1.1481,1.2500,15.5000,2025-08-14T07:24:00+00:00
2025-08-14T12:39:00+00:00,2025-08-14T12:44:00+00:00,short,-835.12000,ifvg,0.0714,1.0079,2.2500,31.7500,2025-08-14T11:29:00+00:00
2025-08-14T15:54:00+00:00,2025-08-14T20:09:00+00:00,long,-370.96000,ifvg,0.6113,0.6873,54.2500,61.0000,2025-08-14T15:34:00+00:00
2025-08-15T08:09:00+00:00,2025-08-15T08:34:00+00:00,long,-635.84000,ifvg,0.1818,1.1429,3.5000,22.0000,2025-08-15T07:49:00+00:00
2025-08-15T13:49:00+00:00,2025-08-15T15:59:00+00:00,short,1030.08000,orb,0.3824,0.7667,48.7500,97.7500,
2025-08-15T16:04:00+00:00,2025-08-15T20:09:00+00:00,long,190.56000,ifvg,1.0562,0.1985,70.5000,13.2500,2025-08-15T15:44:00+00:00
2025-08-17T23:54:00+00:00,2025-08-18T00:09:00+00:00,short,-870.48000,ifvg,0.129,1.1452,2.0000,17.7500,2025-08-17T23:39:00+00:00
2025-08-18T06:09:00+00:00,2025-08-18T06:24:00+00:00,short,1979.460000,ifvg,3.1379,0.0,68.2500,0,2025-08-18T05:44:00+00:00
2025-08-18T08:39:00+00:00,2025-08-18T09:29:00+00:00,long,-857.40000,ifvg,0.2071,1.1361,8.7500,48.0000,2025-08-18T08:19:00+00:00
2025-08-18T13:54:00+00:00,2025-08-18T14:09:00+00:00,short,437.60000,orb,0.3724,0.523,22.2500,31.2500,
2025-08-18T14:14:00+00:00,2025-08-18T14:49:00+00:00,long,-817.40000,ifvg,1.2609,1.354,50.7500,54.5000,2025-08-18T13:59:00+00:00
2025-08-18T17:44:00+00:00,2025-08-18T18:59:00+00:00,short,-849.64000,ifvg,0.2697,1.1447,10.2500,43.5000,2025-08-18T17:34:00+00:00
2025-08-19T03:29:00+00:00,2025-08-19T03:39:00+00:00,long,-868.50000,ifvg,0.0,1.8955,0,31.7500,2025-08-19T03:04:00+00:00
2025-08-19T05:14:00+00:00,2025-08-19T08:04:00+00:00,short,-828.60000,ifvg,0.226,1.2397,8.2500,45.2500,2025-08-19T04:59:00+00:00
2025-08-19T18:09:00+00:00,2025-08-19T20:09:00+00:00,short,1011.78000,ifvg,0.6776,0.0307,77.2500,3.5000,2025-08-19T17:34:00+00:00
2025-08-20T01:14:00+00:00,2025-08-20T06:44:00+00:00,short,148.56000,ifvg,0.9774,0.0755,64.7500,5.0000,2025-08-20T00:54:00+00:00
2025-08-20T06:44:00+00:00,2025-08-20T07:39:00+00:00,long,208.32000,ifvg,0.8009,0.181,44.2500,10.0000,2025-08-20T03:14:00+00:00
2025-08-20T07:39:00+00:00,2025-08-20T08:39:00+00:00,short,-603.06000,ifvg,1.4405,0.9524,30.2500,20.0000,2025-08-20T07:29:00+00:00
2025-08-20T08:39:00+00:00,2025-08-20T13:39:00+00:00,long,-803.18000,ifvg,0.6167,1.0573,35.0000,60.0000,2025-08-20T08:19:00+00:00
2025-08-20T13:49:00+00:00,2025-08-20T20:09:00+00:00,short,-223.48000,orb,1.3687,0.6239,229.2500,104.5000,
2025-08-21T00:39:00+00:00,2025-08-21T01:09:00+00:00,long,-770.88000,ifvg,0.246,1.1429,7.7500,36.0000,2025-08-21T00:29:00+00:00
2025-08-21T10:29:00+00:00,2025-08-21T11:49:00+00:00,long,-815.62000,ifvg,1.0244,1.2439,31.5000,38.2500,2025-08-21T10:19:00+00:00
2025-08-21T13:59:00+00:00,2025-08-21T14:14:00+00:00,short,-618.72000,orb,0.3073,1.1293,31.5000,115.7500,
2025-08-22T00:09:00+00:00,2025-08-22T00:14:00+00:00,short,1936.040000,ifvg,3.9535,0.0465,42.5000,0.5000,2025-08-21T23:59:00+00:00
2025-08-22T05:14:00+00:00,2025-08-22T06:44:00+00:00,short,1995.150000,ifvg,3.9268,0.252,120.7500,7.7500,2025-08-22T04:44:00+00:00
2025-08-22T06:59:00+00:00,2025-08-22T11:19:00+00:00,long,1608.32000,ifvg,2.4737,0.0965,141.0000,5.5000,2025-08-22T06:49:00+00:00
2025-08-22T11:19:00+00:00,2025-08-22T12:24:00+00:00,short,-877.24000,ifvg,0.8769,1.0,14.2500,16.2500,2025-08-22T11:09:00+00:00
2025-08-22T13:49:00+00:00,2025-08-22T20:09:00+00:00,long,1436.28000,orb,2.4775,0.683,316.5000,87.2500,
2025-08-24T23:54:00+00:00,2025-08-25T09:34:00+00:00,short,2076.120000,ifvg,2.5108,0.7194,87.2500,25.0000,2025-08-24T23:44:00+00:00
2025-08-25T12:09:00+00:00,2025-08-25T13:04:00+00:00,short,-894.80000,ifvg,0.1609,1.1839,3.5000,25.7500,2025-08-25T11:19:00+00:00
2025-08-25T14:09:00+00:00,2025-08-25T20:09:00+00:00,long,-96.20000,ifvg,0.7692,0.7179,67.5000,63.0000,2025-08-25T08:49:00+00:00
2025-08-26T04:54:00+00:00,2025-08-26T05:49:00+00:00,long,1542.240000,ifvg,2.5192,0.4615,32.7500,6.0000,2025-08-26T04:39:00+00:00
2025-08-26T12:59:00+00:00,2025-08-26T13:34:00+00:00,short,-899.36000,ifvg,0.246,1.3968,7.7500,44.0000,2025-08-26T10:09:00+00:00
2025-08-26T13:49:00+00:00,2025-08-26T14:14:00+00:00,short,-746.20000,orb,0.0878,1.1216,6.5000,83.0000,
2025-08-27T06:04:00+00:00,2025-08-27T07:24:00+00:00,long,-742.20000,ifvg,1.8298,1.4468,21.5000,17.0000,2025-08-27T05:54:00+00:00
2025-08-27T12:14:00+00:00,2025-08-27T12:29:00+00:00,long,-850.32000,ifvg,0.163,1.0652,3.7500,24.5000,2025-08-27T12:04:00+00:00
2025-08-27T12:39:00+00:00,2025-08-27T13:49:00+00:00,short,2121.120000,ifvg,2.5211,0.2535,89.5000,9.0000,2025-08-27T09:09:00+00:00
2025-08-27T13:49:00+00:00,2025-08-27T14:14:00+00:00,short,-796.44000,orb,0.0038,1.0304,0.2500,67.7500,
2025-08-27T16:29:00+00:00,2025-08-27T18:14:00+00:00,short,-808.44000,ifvg,0.367,1.2996,24.5000,86.7500,2025-08-27T14:24:00+00:00
2025-08-28T13:54:00+00:00,2025-08-28T15:19:00+00:00,short,-762.72000,orb,0.3399,1.085,43.0000,137.2500,
2025-08-28T15:34:00+00:00,2025-08-28T19:04:00+00:00,short,-826.20000,ifvg,0.4451,1.0793,36.5000,88.5000,2025-08-28T14:49:00+00:00
2025-08-29T13:49:00+00:00,2025-08-29T20:09:00+00:00,short,486.78000,orb,1.1663,0.2585,145.5000,32.2500,
2025-09-01T04:54:00+00:00,2025-09-01T06:04:00+00:00,long,-866.10000,ifvg,0.3982,1.0796,11.2500,30.5000,2025-09-01T04:39:00+00:00
2025-09-01T13:49:00+00:00,2025-09-01T23:24:00+00:00,long,-803.16000,orb,0.5341,1.2614,23.5000,55.5000,
2025-09-02T07:19:00+00:00,2025-09-02T10:29:00+00:00,short,1919.820000,ifvg,2.7955,0.3727,153.7500,20.5000,2025-09-01T06:44:00+00:00
2025-09-02T13:49:00+00:00,2025-09-02T15:39:00+00:00,long,-858.70000,orb,0.9726,0.9913,168.5000,171.7500,
2025-09-03T06:14:00+00:00,2025-09-03T08:14:00+00:00,long,2054.640000,ifvg,2.6917,0.4417,80.7500,13.2500,2025-09-03T05:49:00+00:00
2025-09-03T12:09:00+00:00,2025-09-03T12:34:00+00:00,long,-866.10000,ifvg,0.4867,1.2212,13.7500,34.5000,2025-09-03T11:59:00+00:00
2025-09-03T14:19:00+00:00,2025-09-03T17:49:00+00:00,long,-862.44000,orb,1.1509,1.3544,82.0000,96.5000,
2025-09-04T00:09:00+00:00,2025-09-04T00:24:00+00:00,long,2081.730000,ifvg,2.6986,0.2466,49.2500,4.5000,2025-09-03T23:39:00+00:00
2025-09-04T05:29:00+00:00,2025-09-04T07:09:00+00:00,short,-517.32000,ifvg,0.8211,0.6737,19.5000,16.0000,2025-09-04T04:19:00+00:00
2025-09-04T07:09:00+00:00,2025-09-04T12:24:00+00:00,long,166.44000,ifvg,2.2198,0.4615,50.5000,10.5000,2025-09-04T06:59:00+00:00
2025-09-04T12:24:00+00:00,2025-09-04T13:34:00+00:00,short,-896.10000,ifvg,1.094,1.6667,32.0000,48.7500,2025-09-04T12:14:00+00:00
2025-09-04T13:39:00+00:00,2025-09-04T14:04:00+00:00,long,-889.92000,ifvg,0.3727,1.1955,20.5000,65.7500,2025-09-04T12:24:00+00:00
2025-09-04T14:04:00+00:00,2025-09-04T15:24:00+00:00,short,-696.72000,orb,0.1948,1.0065,22.5000,116.2500,
2025-09-05T11:39:00+00:00,2025-09-05T12:34:00+00:00,short,-847.20000,ifvg,4.5556,3.2407,61.5000,43.7500,2025-09-05T11:19:00+00:00
2025-09-05T14:09:00+00:00,2025-09-05T15:04:00+00:00,short,2117.040000,orb,2.6462,0.066,280.5000,7.0000,
2025-09-08T12:39:00+00:00,2025-09-08T13:34:00+00:00,long,2110.480000,ifvg,3.2162,0.3919,59.5000,7.2500,2025-09-08T12:14:00+00:00
2025-09-08T15:34:00+00:00,2025-09-08T17:54:00+00:00,long,-750.96000,ifvg,0.0491,1.0639,5.0000,108.2500,2025-09-08T15:24:00+00:00
2025-09-09T01:49:00+00:00,2025-09-09T02:34:00+00:00,long,1560.200000,ifvg,2.5397,0.2222,40.0000,3.5000,2025-09-09T01:29:00+00:00
2025-09-09T10:54:00+00:00,2025-09-09T11:39:00+00:00,short,994.76000,ifvg,2.0526,0.3158,29.2500,4.5000,2025-09-09T10:44:00+00:00
2025-09-09T11:44:00+00:00,2025-09-09T13:04:00+00:00,long,-937.02000,ifvg,1.0253,1.8608,20.2500,36.7500,2025-09-09T11:24:00+00:00
2025-09-09T13:54:00+00:00,2025-09-09T19:24:00+00:00,short,-817.92000,orb,1.604,1.0396,81.0000,52.5000,
2025-09-10T12:39:00+00:00,2025-09-10T13:34:00+00:00,long,-809.92000,ifvg,0.245,1.42,12.2500,71.0000,2025-09-10T12:19:00+00:00
2025-09-10T13:54:00+00:00,2025-09-10T18:39:00+00:00,short,478.80000,orb,0.823,0.8909,69.7500,75.5000,
2025-09-10T18:39:00+00:00,2025-09-10T19:09:00+00:00,long,-880.62000,ifvg,0.2857,1.3083,9.5000,43.5000,2025-09-10T18:24:00+00:00
2025-09-10T22:09:00+00:00,2025-09-11T13:44:00+00:00,long,518.80000,ifvg,1.4735,0.4029,125.2500,34.2500,2025-09-10T20:54:00+00:00
2025-09-11T13:44:00+00:00,2025-09-11T13:49:00+00:00,short,-882.64000,ifvg,0.3734,1.038,14.7500,41.0000,2025-09-11T13:34:00+00:00
2025-09-11T14:34:00+00:00,2025-09-11T20:09:00+00:00,long,213.80000,orb,0.5444,0.2693,47.5000,23.5000,
2025-09-12T00:09:00+00:00,2025-09-12T05:34:00+00:00,short,-864.80000,ifvg,0.8333,1.1667,17.5000,24.5000,2025-09-11T23:19:00+00:00
2025-09-12T14:24:00+00:00,2025-09-12T20:09:00+00:00,long,436.56000,orb,1.2464,0.1036,87.2500,7.2500,
2025-09-15T03:34:00+00:00,2025-09-15T04:34:00+00:00,short,-667.20000,ifvg,0.0952,1.1667,1.0000,12.2500,2025-09-15T03:24:00+00:00
2025-09-15T13:49:00+00:00,2025-09-15T20:09:00+00:00,long,936.32000,orb,1.5561,0.0493,86.7500,2.7500,
2025-09-16T07:19:00+00:00,2025-09-16T13:34:00+00:00,long,-763.84000,ifvg,1.7312,2.0538,40.2500,47.7500,2025-09-16T06:34:00+00:00
2025-09-16T13:54:00+00:00,2025-09-16T20:09:00+00:00,short,-12.18000,orb,0.6008,0.4774,36.5000,29.0000,
2025-09-17T14:09:00+00:00,2025-09-17T18:14:00+00:00,short,1924.080000,orb,2.6367,0.7433,197.7500,55.7500,
2025-09-17T18:19:00+00:00,2025-09-17T18:49:00+00:00,short,1871.300000,ifvg,1.4451,1.4863,131.5000,135.2500,2025-09-17T18:04:00+00:00
2025-09-18T12:39:00+00:00,2025-09-18T13:04:00+00:00,short,2133.670000,ifvg,2.7921,0.3465,70.5000,8.7500,2025-09-18T12:29:00+00:00
2025-09-18T13:49:00+00:00,2025-09-18T14:04:00+00:00,short,-396.72000,ifvg,0.1217,0.5963,15.0000,73.5000,2025-09-18T07:54:00+00:00
2025-09-18T14:04:00+00:00,2025-09-18T20:09:00+00:00,long,-96.96000,orb,0.9542,0.3511,93.7500,34.5000,
2025-09-19T09:59:00+00:00,2025-09-19T10:19:00+00:00,short,-471.12000,ifvg,0.3571,1.2,6.2500,21.0000,2025-09-19T09:29:00+00:00
2025-09-19T13:49:00+00:00,2025-09-19T14:49:00+00:00,long,-901.92000,orb,0.4305,1.0673,24.0000,59.5000,
2025-09-19T18:54:00+00:00,2025-09-19T19:19:00+00:00,short,-859.84000,ifvg,0.0095,1.0,0.2500,26.2500,2025-09-19T18:39:00+00:00
2025-09-22T09:24:00+00:00,2025-09-22T13:49:00+00:00,long,2054.130000,ifvg,2.7323,0.4016,86.7500,12.7500,2025-09-22T09:14:00+00:00
2025-09-22T13:49:00+00:00,2025-09-22T16:19:00+00:00,long,2155.100000,orb,2.578,0.0636,111.5000,2.7500,
2025-09-23T07:14:00+00:00,2025-09-23T08:09:00+00:00,short,-922.32000,ifvg,0.27,1.05,6.7500,26.2500,2025-09-23T05:29:00+00:00
2025-09-23T13:59:00+00:00,2025-09-23T20:09:00+00:00,short,1162.56000,orb,2.2832,0.509,159.2500,35.5000,
2025-09-24T00:29:00+00:00,2025-09-24T05:39:00+00:00,long,259.42000,ifvg,0.5429,0.9905,14.2500,26.0000,2025-09-24T00:14:00+00:00
2025-09-24T05:39:00+00:00,2025-09-24T05:49:00+00:00,short,-442.20000,ifvg,0.0,1.1481,0,7.7500,2025-09-24T05:29:00+00:00
2025-09-24T07:14:00+00:00,2025-09-24T07:49:00+00:00,short,-935.56000,ifvg,0.2604,1.3646,6.2500,32.7500,2025-09-24T06:49:00+00:00
2025-09-24T13:49:00+00:00,2025-09-24T15:59:00+00:00,short,2059.820000,orb,1.8936,0.383,178.0000,36.0000,
2025-09-24T17:44:00+00:00,2025-09-24T20:09:00+00:00,short,439.04000,ifvg,0.4853,0.3588,41.2500,30.5000,2025-09-24T17:34:00+00:00
2025-09-25T07:34:00+00:00,2025-09-25T09:49:00+00:00,long,-939.12000,ifvg,0.7817,1.331,27.7500,47.2500,2025-09-25T07:09:00+00:00
2025-09-25T13:39:00+00:00,2025-09-25T14:19:00+00:00,short,-750.72000,ifvg,0.4217,1.1004,52.5000,137.0000,2025-09-25T13:24:00+00:00
2025-09-25T14:19:00+00:00,2025-09-25T20:09:00+00:00,long,57.52000,orb,0.4952,0.8322,90.7500,152.5000,
2025-09-25T22:54:00+00:00,2025-09-26T01:29:00+00:00,short,2040.300000,ifvg,2.5636,0.8,35.2500,11.0000,2025-09-25T22:44:00+00:00
2025-09-26T04:14:00+00:00,2025-09-26T06:24:00+00:00,long,2197.420000,ifvg,2.7692,0.875,72.0000,22.7500,2025-09-26T03:19:00+00:00
2025-09-26T09:14:00+00:00,2025-09-26T09:24:00+00:00,long,-950.04000,ifvg,0.0568,1.0455,1.2500,23.0000,2025-09-26T09:04:00+00:00
2025-09-26T11:24:00+00:00,2025-09-26T11:34:00+00:00,short,-973.28000,ifvg,0.2209,1.1395,4.7500,24.5000,2025-09-26T11:14:00+00:00
2025-09-26T14:24:00+00:00,2025-09-26T14:44:00+00:00,short,-339.72000,orb,0.3587,0.5124,50.7500,72.5000,
2025-09-26T14:44:00+00:00,2025-09-26T14:54:00+00:00,long,-802.44000,ifvg,0.1321,1.1623,8.7500,77.0000,2025-09-26T14:29:00+00:00
2025-09-29T10:39:00+00:00,2025-09-29T12:49:00+00:00,short,-937.20000,ifvg,2.2333,1.2167,33.5000,18.2500,2025-09-29T10:29:00+00:00
2025-09-29T13:49:00+00:00,2025-09-29T15:14:00+00:00,long,-837.92000,ifvg,0.5459,1.0918,28.2500,56.5000,2025-09-29T13:09:00+00:00
2025-09-29T23:59:00+00:00,2025-09-30T00:49:00+00:00,short,-637.20000,ifvg,1.8,1.375,18.0000,13.7500,2025-09-29T23:39:00+00:00
2025-09-30T07:59:00+00:00,2025-09-30T08:04:00+00:00,long,-868.32000,ifvg,0.0106,1.0426,0.2500,24.5000,2025-09-30T07:49:00+00:00
2025-09-30T13:54:00+00:00,2025-09-30T14:49:00+00:00,short,-780.96000,orb,0.1186,1.0799,11.5000,104.7500,
2025-10-01T13:54:00+00:00,2025-10-01T14:19:00+00:00,short,-840.96000,ifvg,0.4728,1.3682,28.2500,81.7500,2025-10-01T13:39:00+00:00
2025-10-01T23:39:00+00:00,2025-10-01T23:59:00+00:00,short,-862.20000,ifvg,0.0364,1.0182,0.5000,14.0000,2025-10-01T23:24:00+00:00
2025-10-02T04:29:00+00:00,2025-10-02T07:14:00+00:00,short,-869.06000,ifvg,0.3483,1.1236,7.7500,25.0000,2025-10-02T04:04:00+00:00
2025-10-02T09:09:00+00:00,2025-10-02T09:19:00+00:00,short,-697.20000,ifvg,0.1136,1.1818,1.2500,13.0000,2025-10-02T08:59:00+00:00
2025-10-02T13:49:00+00:00,2025-10-02T15:59:00+00:00,short,-197.48000,orb,0.25,0.4482,35.0000,62.7500,
2025-10-02T15:59:00+00:00,2025-10-02T20:09:00+00:00,long,529.56000,ifvg,0.7708,0.6917,48.7500,43.7500,2025-10-02T14:54:00+00:00
2025-10-02T22:49:00+00:00,2025-10-03T00:39:00+00:00,long,2005.710000,ifvg,2.6364,0.0779,50.7500,1.5000,2025-10-02T22:39:00+00:00
2025-10-03T11:49:00+00:00,2025-10-03T11:54:00+00:00,long,-863.28000,ifvg,0.1974,1.1711,3.7500,22.2500,2025-10-03T11:34:00+00:00
2025-10-03T13:59:00+00:00,2025-10-03T17:54:00+00:00,short,2086.070000,orb,3.0418,0.8452,181.7500,50.5000,
2025-10-06T04:09:00+00:00,2025-10-06T04:34:00+00:00,short,-863.28000,ifvg,0.0658,1.0658,1.2500,20.2500,2025-10-06T03:09:00+00:00
2025-10-06T07:59:00+00:00,2025-10-06T10:54:00+00:00,long,2123.110000,ifvg,2.6645,0.0581,103.2500,2.2500,2025-10-06T07:44:00+00:00
2025-10-06T17:29:00+00:00,2025-10-06T20:09:00+00:00,long,-346.96000,ifvg,0.4026,0.5911,31.5000,46.2500,2025-10-06T16:09:00+00:00
2025-10-07T08:09:00+00:00,2025-10-07T08:44:00+00:00,short,-81.12000,ifvg,0.6767,0.1203,22.5000,4.0000,2025-10-07T07:59:00+00:00
2025-10-07T08:44:00+00:00,2025-10-07T10:34:00+00:00,long,2093.260000,ifvg,2.5385,0.0308,41.2500,0.5000,2025-10-07T08:34:00+00:00
2025-10-07T10:49:00+00:00,2025-10-07T11:54:00+00:00,short,-712.20000,ifvg,0.8889,2.0667,10.0000,23.2500,2025-10-07T10:39:00+00:00
2025-10-07T14:29:00+00:00,2025-10-07T15:09:00+00:00,short,1994.080000,orb,3.2,0.365,160.0000,18.2500,
2025-10-07T16:54:00+00:00,2025-10-07T20:09:00+00:00,short,-127.48000,ifvg,0.2125,0.2231,40.0000,42.0000,2025-10-07T16:39:00+00:00
2025-10-08T11:24:00+00:00,2025-10-08T13:29:00+00:00,short,-894.80000,ifvg,1.5172,1.1264,33.0000,24.5000,2025-10-08T10:39:00+00:00
2025-10-08T13:49:00+00:00,2025-10-08T20:09:00+00:00,long,1691.30000,orb,2.0857,0.2143,182.5000,18.7500,
2025-10-09T02:44:00+00:00,2025-10-09T06:19:00+00:00,short,-848.16000,ifvg,0.3065,1.0,14.2500,46.5000,2025-10-09T02:34:00+00:00
2025-10-09T11:49:00+00:00,2025-10-09T13:44:00+00:00,short,2167.980000,ifvg,3.6447,0.5132,69.2500,9.7500,2025-10-09T11:29:00+00:00
2025-10-09T14:29:00+00:00,2025-10-09T17:19:00+00:00,short,2182.320000,orb,1.0934,0.5813,90.7500,48.2500,
2025-10-10T07:09:00+00:00,2025-10-10T09:49:00+00:00,long,-915.84000,ifvg,1.25,1.3661,35.0000,38.2500,2025-10-10T06:54:00+00:00
2025-10-10T15:04:00+00:00,2025-10-10T15:34:00+00:00,short,1821.020000,ifvg,2.9305,0.593,358.2500,72.5000,2025-10-10T10:14:00+00:00
2025-10-13T03:14:00+00:00,2025-10-13T03:44:00+00:00,long,-938.88000,ifvg,0.0584,1.1169,2.2500,43.0000,2025-10-13T03:04:00+00:00
2025-10-13T06:39:00+00:00,2025-10-13T10:49:00+00:00,long,305.26000,ifvg,2.4372,0.3825,111.5000,17.5000,2025-10-13T06:19:00+00:00
2025-10-13T10:54:00+00:00,2025-10-13T13:09:00+00:00,short,-977.40000,ifvg,2.2332,1.0052,107.7500,48.5000,2025-10-13T10:34:00+00:00
2025-10-13T13:59:00+00:00,2025-10-13T20:09:00+00:00,long,114.52000,orb,0.4694,0.8823,76.7500,144.2500,
2025-10-14T00:09:00+00:00,2025-10-14T00:24:00+00:00,long,2353.260000,ifvg,2.6575,0.4658,48.5000,8.5000,2025-10-13T23:44:00+00:00
2025-10-14T13:09:00+00:00,2025-10-14T13:39:00+00:00,long,-875.22000,ifvg,0.0034,1.253,0.5000,182.0000,2025-10-14T12:39:00+00:00
2025-10-14T14:24:00+00:00,2025-10-14T20:09:00+00:00,long,32.76000,orb,1.0039,0.0718,258.7500,18.5000,
2025-10-15T07:29:00+00:00,2025-10-15T08:04:00+00:00,short,-992.56000,ifvg,0.5,1.3039,12.7500,33.2500,2025-10-15T07:19:00+00:00
2025-10-15T08:09:00+00:00,2025-10-15T13:49:00+00:00,long,-167.64000,ifvg,2.4201,0.6213,102.2500,26.2500,2025-10-15T07:29:00+00:00
2025-10-15T13:49:00+00:00,2025-10-15T13:59:00+00:00,short,-878.70000,orb,0.086,1.2321,7.5000,107.5000,
2025-10-16T08:34:00+00:00,2025-10-16T09:54:00+00:00,short,-556.36000,ifvg,0.5606,0.6364,18.5000,21.0000,2025-10-16T08:04:00+00:00
2025-10-16T09:54:00+00:00,2025-10-16T13:34:00+00:00,long,734.08000,ifvg,1.1,0.4043,63.2500,23.2500,2025-10-16T09:44:00+00:00
2025-10-16T13:34:00+00:00,2025-10-16T14:34:00+00:00,short,-288.68000,ifvg,1.2573,0.5975,75.7500,36.0000,2025-10-16T12:39:00+00:00
2025-10-16T14:34:00+00:00,2025-10-16T15:29:00+00:00,long,-865.44000,orb,0.9755,1.2762,69.7500,91.2500,
2025-10-17T05:59:00+00:00,2025-10-17T06:39:00+00:00,long,-919.62000,ifvg,0.8633,2.1439,30.0000,74.5000,2025-10-17T05:44:00+00:00
2025-10-17T13:54:00+00:00,2025-10-17T20:09:00+00:00,long,504.26000,orb,1.173,0.9872,206.7500,174.0000,
2025-10-20T04:44:00+00:00,2025-10-20T05:24:00+00:00,short,-955.24000,ifvg,0.4085,1.0845,7.2500,19.2500,2025-10-20T04:24:00+00:00
2025-10-20T05:24:00+00:00,2025-10-20T06:29:00+00:00,short,385.48000,ifvg,1.4146,0.561,29.0000,11.5000,2025-10-20T04:59:00+00:00
2025-10-20T06:29:00+00:00,2025-10-20T08:44:00+00:00,long,-954.56000,ifvg,1.8367,1.0,45.0000,24.5000,2025-10-20T06:09:00+00:00
2025-10-20T10:49:00+00:00,2025-10-20T12:49:00+00:00,short,-837.92000,ifvg,0.372,1.3092,19.2500,67.7500,2025-10-20T10:39:00+00:00
2025-10-20T13:34:00+00:00,2025-10-20T13:39:00+00:00,short,-896.10000,ifvg,0.2564,1.3419,7.5000,39.2500,2025-10-20T13:04:00+00:00
2025-10-20T13:54:00+00:00,2025-10-20T20:04:00+00:00,long,455.28000,orb,1.0781,0.243,124.2500,28.0000,
2025-10-20T23:24:00+00:00,2025-10-21T01:04:00+00:00,short,-892.20000,ifvg,1.3509,1.3684,19.2500,19.5000,2025-10-20T23:14:00+00:00
2025-10-21T13:34:00+00:00,2025-10-21T13:44:00+00:00,long,-892.40000,ifvg,0.2955,1.0909,13.0000,48.0000,2025-10-21T13:14:00+00:00
2025-10-21T14:04:00+00:00,2025-10-21T15:49:00+00:00,short,-796.20000,orb,0.2785,1.2089,22.0000,95.5000,
2025-10-22T07:09:00+00:00,2025-10-22T09:29:00+00:00,short,533.34000,ifvg,1.1649,0.3763,56.5000,18.2500,2025-10-22T04:09:00+00:00
2025-10-22T09:29:00+00:00,2025-10-22T11:14:00+00:00,long,-913.32000,ifvg,1.9192,1.2323,47.5000,30.5000,2025-10-22T09:14:00+00:00
2025-10-22T13:39:00+00:00,2025-10-22T13:44:00+00:00,short,-884.80000,ifvg,0.093,1.8372,2.0000,39.5000,2025-10-22T13:19:00+00:00
2025-10-22T13:54:00+00:00,2025-10-22T14:19:00+00:00,long,-350.96000,orb,0.0185,0.838,2.0000,90.5000,
2025-10-22T14:19:00+00:00,2025-10-22T14:44:00+00:00,short,1968.060000,ifvg,2.5209,0.0494,165.7500,3.2500,2025-10-22T13:49:00+00:00
2025-10-23T00:24:00+00:00,2025-10-23T03:34:00+00:00,long,939.82000,ifvg,1.38,0.208,86.2500,13.0000,2025-10-23T00:04:00+00:00
2025-10-23T03:34:00+00:00,2025-10-23T04:29:00+00:00,short,787.80000,ifvg,2.4528,0.3774,32.5000,5.0000,2025-10-23T03:14:00+00:00
2025-10-23T04:29:00+00:00,2025-10-23T05:24:00+00:00,long,-914.02000,ifvg,0.0779,1.3506,1.5000,26.0000,2025-10-23T04:19:00+00:00
2025-10-23T13:49:00+00:00,2025-10-23T20:09:00+00:00,long,785.28000,orb,1.0886,0.387,150.5000,53.5000,
2025-10-24T07:54:00+00:00,2025-10-24T08:49:00+00:00,short,-866.88000,ifvg,0.331,1.007,11.7500,35.7500,2025-10-24T07:39:00+00:00
2025-10-24T09:54:00+00:00,2025-10-24T12:34:00+00:00,short,-802.20000,ifvg,2.7255,11.3333,34.7500,144.5000,2025-10-24T09:44:00+00:00
2025-10-24T14:09:00+00:00,2025-10-24T20:09:00+00:00,long,-158.96000,orb,0.3698,0.9854,38.0000,101.2500,
2025-10-27T14:04:00+00:00,2025-10-27T20:09:00+00:00,long,1183.56000,orb,1.6357,0.625,114.5000,43.7500,
2025-10-28T13:54:00+00:00,2025-10-28T16:29:00+00:00,short,-855.68000,orb,0.4628,1.0579,28.0000,64.0000,
2025-10-29T08:19:00+00:00,2025-10-29T08:59:00+00:00,short,2158.260000,ifvg,2.7015,0.2537,45.2500,4.2500,2025-10-29T08:09:00+00:00
2025-10-29T11:04:00+00:00,2025-10-29T12:54:00+00:00,short,-74.16000,ifvg,0.3351,0.7696,16.0000,36.7500,2025-10-29T10:54:00+00:00
2025-10-29T12:54:00+00:00,2025-10-29T13:54:00+00:00,long,2002.800000,ifvg,2.5741,0.6667,34.7500,9.0000,2025-10-29T12:44:00+00:00
2025-10-29T13:59:00+00:00,2025-10-29T14:54:00+00:00,long,-904.68000,orb,0.1172,1.1797,7.5000,75.5000,
2025-10-29T18:44:00+00:00,2025-10-29T18:54:00+00:00,short,-742.96000,ifvg,0.0949,1.5528,8.7500,143.2500,2025-10-29T01:59:00+00:00
2025-10-30T04:09:00+00:00,2025-10-30T04:14:00+00:00,short,2242.600000,ifvg,2.5667,0.0,115.5000,0,2025-10-30T03:09:00+00:00
2025-10-30T07:19:00+00:00,2025-10-30T09:24:00+00:00,long,-911.16000,ifvg,0.265,1.155,13.2500,57.7500,2025-10-30T07:04:00+00:00
2025-10-30T13:54:00+00:00,2025-10-30T19:19:00+00:00,long,-764.48000,orb,0.2598,1.1273,49.5000,214.7500,
2025-10-31T04:29:00+00:00,2025-10-31T07:09:00+00:00,short,2238.720000,ifvg,2.6098,0.2683,53.5000,5.5000,2025-10-31T04:14:00+00:00
2025-10-31T08:14:00+00:00,2025-10-31T08:34:00+00:00,short,-945.06000,ifvg,0.1134,1.0,2.7500,24.2500,2025-10-31T07:49:00+00:00
2025-10-31T14:04:00+00:00,2025-10-31T20:09:00+00:00,short,444.78000,orb,1.3128,0.8771,176.2500,117.7500,
2025-11-03T05:34:00+00:00,2025-11-03T06:24:00+00:00,long,-931.84000,ifvg,0.3684,1.1404,10.5000,32.5000,2025-11-03T05:24:00+00:00
2025-11-03T11:04:00+00:00,2025-11-03T12:14:00+00:00,short,-914.80000,ifvg,0.3034,1.1461,6.7500,25.5000,2025-11-03T10:49:00+00:00
2025-11-03T14:49:00+00:00,2025-11-03T21:09:00+00:00,short,196.30000,orb,1.2444,0.2309,138.7500,25.7500,
2025-11-04T14:24:00+00:00,2025-11-04T14:34:00+00:00,long,-888.66000,ifvg,0.3077,1.6103,15.0000,78.5000,2025-11-04T13:29:00+00:00
2025-11-04T14:39:00+00:00,2025-11-04T14:44:00+00:00,short,-898.70000,ifvg,0.0924,1.0532,8.2500,94.0000,2025-11-04T14:19:00+00:00
2025-11-04T14:54:00+00:00,2025-11-04T17:19:00+00:00,long,-759.48000,orb,0.2166,1.0489,41.0000,198.5000,
2025-11-05T08:14:00+00:00,2025-11-05T10:54:00+00:00,long,-817.44000,ifvg,0.437,1.2778,29.5000,86.2500,2025-11-05T07:14:00+00:00
2025-11-05T14:59:00+00:00,2025-11-05T21:09:00+00:00,long,813.52000,ifvg,1.4879,0.6579,183.7500,81.2500,2025-11-04T20:54:00+00:00
2025-11-06T03:59:00+00:00,2025-11-06T07:39:00+00:00,short,2214.180000,ifvg,2.5657,0.8788,63.5000,21.7500,2025-11-06T03:44:00+00:00
2025-11-06T07:39:00+00:00,2025-11-06T09:09:00+00:00,short,-897.40000,ifvg,0.661,1.1695,29.2500,51.7500,2025-11-06T07:29:00+00:00
2025-11-06T10:44:00+00:00,2025-11-06T12:09:00+00:00,short,-904.32000,ifvg,0.7857,1.0714,19.2500,26.2500,2025-11-06T10:34:00+00:00
2025-11-06T14:54:00+00:00,2025-11-06T16:44:00+00:00,short,1966.530000,orb,2.5257,0.0895,331.5000,11.7500,
2025-11-06T18:14:00+00:00,2025-11-06T18:34:00+00:00,short,-926.20000,ifvg,0.1304,1.1114,12.0000,102.2500,2025-11-06T17:49:00+00:00
2025-11-07T08:54:00+00:00,2025-11-07T09:34:00+00:00,long,-877.40000,ifvg,0.3815,1.1561,16.5000,50.0000,2025-11-07T08:34:00+00:00
2025-11-07T13:54:00+00:00,2025-11-07T14:09:00+00:00,long,-885.92000,ifvg,0.0913,1.0183,5.0000,55.7500,2025-11-07T13:34:00+00:00
2025-11-07T15:39:00+00:00,2025-11-07T19:59:00+00:00,short,-879.48000,orb,0.8312,1.0274,182.2500,225.2500,
2025-11-10T00:09:00+00:00,2025-11-10T01:14:00+00:00,short,-817.44000,ifvg,0.1778,1.0222,12.0000,69.0000,2025-11-09T23:59:00+00:00
2025-11-10T08:29:00+00:00,2025-11-10T09:19:00+00:00,long,2056.680000,ifvg,3.3478,0.2174,77.0000,5.0000,2025-11-10T08:19:00+00:00
2025-11-10T15:04:00+00:00,2025-11-10T15:59:00+00:00,long,-693.72000,orb,0.2261,1.0783,26.0000,124.0000,
2025-11-11T08:29:00+00:00,2025-11-11T13:14:00+00:00,short,270.08000,ifvg,1.1561,0.2585,59.2500,13.2500,2025-11-11T08:09:00+00:00
2025-11-11T13:14:00+00:00,2025-11-11T13:29:00+00:00,long,-849.64000,ifvg,0.0,1.3816,0,52.5000,2025-11-11T12:44:00+00:00
2025-11-11T14:49:00+00:00,2025-11-11T15:04:00+00:00,short,-181.44000,orb,0.3571,0.8056,22.5000,50.7500,
2025-11-11T15:04:00+00:00,2025-11-11T15:09:00+00:00,long,-828.62000,ifvg,0.272,1.696,8.5000,53.0000,2025-11-11T14:54:00+00:00
2025-11-11T16:34:00+00:00,2025-11-11T17:59:00+00:00,short,-862.96000,ifvg,0.1748,1.035,18.7500,111.0000,2025-11-11T16:24:00+00:00
2025-11-12T08:24:00+00:00,2025-11-12T11:34:00+00:00,long,-861.66000,ifvg,0.8783,1.2487,41.5000,59.0000,2025-11-12T08:04:00+00:00
2025-11-12T14:49:00+00:00,2025-11-12T21:09:00+00:00,short,-263.48000,orb,0.4337,0.4079,88.2500,83.0000,
2025-11-13T00:04:00+00:00,2025-11-13T01:09:00+00:00,long,2054.640000,ifvg,4.678,0.4576,138.0000,13.5000,2025-11-12T23:54:00+00:00
2025-11-13T15:49:00+00:00,2025-11-13T21:09:00+00:00,short,175.76000,orb,0.9128,0.1418,238.2500,37.0000,
2025-11-14T05:29:00+00:00,2025-11-14T07:14:00+00:00,long,-766.20000,ifvg,0.773,1.0987,58.7500,83.5000,2025-11-14T05:04:00+00:00
2025-11-14T07:24:00+00:00,2025-11-14T08:59:00+00:00,short,-124.48000,ifvg,0.3318,0.4244,53.7500,68.7500,2025-11-07T19:39:00+00:00
2025-11-14T08:59:00+00:00,2025-11-14T09:49:00+00:00,long,-866.16000,ifvg,1.1579,1.1789,55.0000,56.0000,2025-11-14T08:49:00+00:00
2025-11-14T10:14:00+00:00,2025-11-14T11:09:00+00:00,long,-786.20000,ifvg,0.1987,1.1635,15.5000,90.7500,2025-11-14T09:39:00+00:00
2025-11-14T18:59:00+00:00,2025-11-14T20:44:00+00:00,long,-769.44000,ifvg,1.2323,1.0906,78.2500,69.2500,2025-11-14T18:44:00+00:00
2025-11-17T14:04:00+00:00,2025-11-17T14:29:00+00:00,long,-834.66000,ifvg,0.071,1.5246,3.2500,69.7500,2025-11-17T13:49:00+00:00
2025-11-17T14:49:00+00:00,2025-11-17T16:04:00+00:00,long,-774.72000,orb,0.1338,1.0285,35.2500,271.0000,
2025-11-17T16:34:00+00:00,2025-11-17T17:59:00+00:00,long,-704.96000,ifvg,1.1686,1.1629,102.2500,101.7500,2025-11-17T16:14:00+00:00
2025-11-18T07:29:00+00:00,2025-11-18T08:34:00+00:00,long,1824.080000,ifvg,2.929,0.1202,134.0000,5.5000,2025-11-18T07:09:00+00:00
2025-11-18T09:29:00+00:00,2025-11-18T12:59:00+00:00,short,1841.070000,ifvg,2.7062,0.8863,142.7500,46.7500,2025-11-18T09:19:00+00:00
2025-11-18T13:09:00+00:00,2025-11-18T14:34:00+00:00,long,-754.44000,ifvg,1.2651,1.4257,78.7500,88.7500,2025-11-18T12:54:00+00:00
2025-11-18T14:49:00+00:00,2025-11-18T21:09:00+00:00,short,261.52000,orb,1.1794,0.8971,246.5000,187.5000,
2025-11-19T02:09:00+00:00,2025-11-19T03:24:00+00:00,long,-163.70000,ifvg,0.6535,0.4026,49.5000,30.5000,2025-11-19T01:59:00+00:00
2025-11-19T03:24:00+00:00,2025-11-19T05:44:00+00:00,short,1944.080000,ifvg,2.7487,0.1436,134.0000,7.0000,2025-11-19T02:34:00+00:00
2025-11-19T05:59:00+00:00,2025-11-19T08:44:00+00:00,long,1104.32000,ifvg,1.9419,0.2324,117.0000,14.0000,2025-11-19T05:44:00+00:00
2025-11-19T08:44:00+00:00,2025-11-19T09:19:00+00:00,short,-434.88000,ifvg,1.2826,0.6232,44.2500,21.5000,2025-11-19T08:34:00+00:00
2025-11-19T14:49:00+00:00,2025-11-19T14:59:00+00:00,long,1972.040000,orb,1.1132,1.0445,218.7500,205.2500,
2025-11-19T17:49:00+00:00,2025-11-19T20:19:00+00:00,long,1921.300000,ifvg,2.5584,0.3799,197.0000,29.2500,2025-11-19T17:39:00+00:00
2025-11-20T11:39:00+00:00,2025-11-20T11:54:00+00:00,long,258.90000,ifvg,0.325,0.995,16.2500,49.7500,2025-11-20T11:29:00+00:00
2025-11-20T11:59:00+00:00,2025-11-20T12:44:00+00:00,short,-926.88000,ifvg,0.6908,1.1645,26.2500,44.2500,2025-11-20T11:44:00+00:00
2025-11-20T14:59:00+00:00,2025-11-20T16:04:00+00:00,long,-773.22000,orb,0.2768,1.3977,35.5000,179.2500,
2025-11-21T08:14:00+00:00,2025-11-21T09:44:00+00:00,long,-893.70000,ifvg,0.5859,1.1606,52.0000,103.0000,2025-11-21T07:54:00+00:00
2025-11-21T14:54:00+00:00,2025-11-21T15:04:00+00:00,long,-768.72000,orb,0.0235,1.6196,3.0000,206.5000,
2025-11-24T08:09:00+00:00,2025-11-24T08:19:00+00:00,short,-817.92000,ifvg,0.1584,1.4406,8.0000,72.7500,2025-11-24T07:49:00+00:00
2025-11-24T20:09:00+00:00,2025-11-24T21:09:00+00:00,long,906.52000,ifvg,0.917,0.2795,52.5000,16.0000,2025-11-24T19:34:00+00:00
2025-11-25T12:09:00+00:00,2025-11-25T14:34:00+00:00,long,-781.20000,ifvg,0.7323,1.3194,56.7500,102.2500,2025-11-25T08:54:00+00:00
2025-11-25T14:49:00+00:00,2025-11-25T16:24:00+00:00,short,-498.24000,orb,0.1157,1.0161,28.7500,252.5000,
2025-11-26T00:04:00+00:00,2025-11-26T01:34:00+00:00,long,2119.130000,ifvg,2.5954,0.374,85.0000,12.2500,2025-11-25T23:54:00+00:00
2025-11-26T14:59:00+00:00,2025-11-26T15:59:00+00:00,short,-828.96000,orb,0.3252,1.0121,33.5000,104.2500,
2025-11-27T01:14:00+00:00,2025-11-27T01:59:00+00:00,short,-918.50000,ifvg,0.7183,1.0282,12.7500,18.2500,2025-11-27T01:04:00+00:00
2025-11-27T04:49:00+00:00,2025-11-27T07:54:00+00:00,short,125.20000,ifvg,1.3294,0.6353,28.2500,13.5000,2025-11-27T04:39:00+00:00
2025-11-27T07:54:00+00:00,2025-11-27T08:14:00+00:00,long,-290.36000,ifvg,0.1885,0.8852,5.7500,27.0000,2025-11-27T06:09:00+00:00
2025-11-27T08:14:00+00:00,2025-11-27T23:09:00+00:00,short,-260.88000,ifvg,0.7206,0.5515,24.5000,18.7500,2025-11-27T07:49:00+00:00
2025-11-27T23:09:00+00:00,2025-11-28T14:39:00+00:00,long,2167.880000,orb,3.0224,0.4328,101.2500,14.5000,
2025-11-28T16:09:00+00:00,2025-12-01T00:49:00+00:00,long,-834.96000,orb,1.0699,1.1301,111.0000,117.2500,
2025-12-01T11:19:00+00:00,2025-12-01T12:14:00+00:00,long,-827.64000,ifvg,0.2162,1.4324,8.0000,53.0000,2025-12-01T11:09:00+00:00
2025-12-01T14:54:00+00:00,2025-12-01T15:54:00+00:00,long,2033.570000,orb,1.0932,0.5759,149.5000,78.7500,
2025-12-01T19:09:00+00:00,2025-12-01T19:29:00+00:00,short,2189.460000,ifvg,2.6429,0.2143,55.5000,4.5000,2025-12-01T18:59:00+00:00
2025-12-01T23:29:00+00:00,2025-12-02T03:29:00+00:00,long,-877.40000,ifvg,0.6879,1.1329,29.7500,49.0000,2025-12-01T23:14:00+00:00
2025-12-02T15:49:00+00:00,2025-12-02T16:24:00+00:00,long,-656.48000,ifvg,0.1436,1.3909,19.7500,191.2500,2025-12-02T15:34:00+00:00
2025-12-03T00:29:00+00:00,2025-12-03T00:49:00+00:00,short,-893.62000,ifvg,0.1407,1.3852,4.7500,46.7500,2025-12-02T23:09:00+00:00
2025-12-03T00:54:00+00:00,2025-12-03T13:24:00+00:00,long,712.36000,ifvg,1.4379,0.4706,55.0000,18.0000,2025-12-03T00:29:00+00:00
2025-12-03T13:24:00+00:00,2025-12-03T14:04:00+00:00,short,2188.160000,ifvg,5.2091,0.5727,143.2500,15.7500,2025-12-03T12:44:00+00:00
2025-12-03T14:09:00+00:00,2025-12-03T14:34:00+00:00,short,-871.20000,ifvg,0.2168,1.1301,18.7500,97.7500,2025-12-03T00:44:00+00:00
2025-12-03T15:04:00+00:00,2025-12-03T21:09:00+00:00,long,465.78000,orb,0.9829,0.6154,115.0000,72.0000,
2025-12-04T01:14:00+00:00,2025-12-04T02:14:00+00:00,long,-891.84000,ifvg,0.1835,1.2018,5.0000,32.7500,2025-12-04T00:59:00+00:00
2025-12-04T05:24:00+00:00,2025-12-04T07:09:00+00:00,short,-891.84000,ifvg,0.4037,1.1193,11.0000,30.5000,2025-12-04T04:49:00+00:00
2025-12-04T16:04:00+00:00,2025-12-04T21:09:00+00:00,short,-253.68000,orb,0.2497,0.6681,44.7500,119.7500,
2025-12-05T08:34:00+00:00,2025-12-05T12:24:00+00:00,short,2128.720000,ifvg,2.7692,0.2692,54.0000,5.2500,2025-12-05T08:24:00+00:00
2025-12-05T14:54:00+00:00,2025-12-05T16:34:00+00:00,long,-732.72000,orb,0.5988,1.1852,72.7500,144.0000,
2025-12-08T06:14:00+00:00,2025-12-08T06:49:00+00:00,long,-320.04000,ifvg,0.2093,0.4884,4.5000,10.5000,2025-12-08T05:59:00+00:00
2025-12-08T06:49:00+00:00,2025-12-08T07:24:00+00:00,short,-832.20000,ifvg,1.8491,1.2075,24.5000,16.0000,2025-12-08T06:19:00+00:00
2025-12-08T07:24:00+00:00,2025-12-08T08:29:00+00:00,long,-867.84000,ifvg,0.3679,1.1415,9.7500,30.2500,2025-12-08T06:59:00+00:00
2025-12-08T10:34:00+00:00,2025-12-08T11:34:00+00:00,long,-871.08000,ifvg,0.12,1.0,3.0000,25.0000,2025-12-08T09:49:00+00:00
2025-12-08T13:39:00+00:00,2025-12-08T13:49:00+00:00,short,-257.40000,ifvg,0.1,0.3882,4.2500,16.5000,2025-12-08T12:49:00+00:00
2025-12-08T13:49:00+00:00,2025-12-08T14:49:00+00:00,long,-849.64000,ifvg,1.4605,2.2039,55.5000,83.7500,2025-12-08T13:39:00+00:00
2025-12-08T14:49:00+00:00,2025-12-08T21:09:00+00:00,short,743.04000,orb,1.8924,0.2225,193.5000,22.7500,
2025-12-09T01:34:00+00:00,2025-12-09T05:59:00+00:00,short,861.120000,ifvg,2.5345,0.6724,36.7500,9.7500,2025-12-09T01:19:00+00:00
2025-12-09T15:29:00+00:00,2025-12-09T21:09:00+00:00,long,215.04000,orb,0.814,0.2222,78.7500,21.5000,
2025-12-10T00:14:00+00:00,2025-12-10T00:19:00+00:00,long,-682.20000,ifvg,0.0,1.5349,0,16.5000,2025-12-09T23:59:00+00:00
2025-12-10T03:24:00+00:00,2025-12-10T04:14:00+00:00,short,-654.28000,ifvg,0.4912,1.1053,7.0000,15.7500,2025-12-10T03:09:00+00:00
2025-12-10T10:29:00+00:00,2025-12-10T13:24:00+00:00,short,-880.18000,ifvg,0.2731,1.0964,17.0000,68.2500,2025-12-10T06:14:00+00:00
2025-12-10T15:54:00+00:00,2025-12-10T15:59:00+00:00,long,-92.68000,ifvg,0.0954,0.3734,5.7500,22.5000,2025-12-10T15:39:00+00:00
2025-12-10T15:59:00+00:00,2025-12-10T17:54:00+00:00,short,-780.96000,orb,0.3892,1.0644,37.7500,103.2500,
2025-12-11T06:44:00+00:00,2025-12-11T07:09:00+00:00,long,-883.84000,ifvg,0.1759,1.2963,4.7500,35.0000,2025-12-11T06:29:00+00:00
2025-12-11T14:39:00+00:00,2025-12-11T14:49:00+00:00,short,2097.090000,ifvg,2.0392,0.2063,195.2500,19.7500,2025-12-11T11:54:00+00:00
2025-12-11T14:49:00+00:00,2025-12-11T15:14:00+00:00,short,231.04000,orb,0.5911,0.4931,96.5000,80.5000,
2025-12-11T15:19:00+00:00,2025-12-11T15:54:00+00:00,long,-772.96000,ifvg,0.5911,1.2188,56.7500,117.0000,2025-12-11T14:59:00+00:00
2025-12-11T16:59:00+00:00,2025-12-11T17:39:00+00:00,short,-843.72000,ifvg,0.0446,1.0161,6.2500,142.2500,2025-12-11T16:49:00+00:00
2025-12-12T06:39:00+00:00,2025-12-12T09:09:00+00:00,short,2085.200000,ifvg,3.119,0.0714,65.5000,1.5000,2025-12-12T05:44:00+00:00
2025-12-12T14:49:00+00:00,2025-12-12T15:59:00+00:00,short,1681.530000,orb,2.6169,0.5612,293.7500,63.0000,
2025-12-15T04:34:00+00:00,2025-12-15T07:14:00+00:00,long,225.96000,ifvg,1.4578,0.1687,30.2500,3.5000,2025-12-15T04:19:00+00:00
2025-12-15T07:14:00+00:00,2025-12-15T08:44:00+00:00,short,-918.28000,ifvg,1.3704,1.642,27.7500,33.2500,2025-12-15T06:49:00+00:00
2025-12-15T14:54:00+00:00,2025-12-15T15:14:00+00:00,short,2124.080000,orb,1.5017,0.0498,226.0000,7.5000,
2025-12-15T16:39:00+00:00,2025-12-15T21:09:00+00:00,short,682.52000,ifvg,0.4311,0.2496,74.2500,43.0000,2025-12-15T16:29:00+00:00
2025-12-16T03:54:00+00:00,2025-12-16T05:59:00+00:00,long,-902.16000,ifvg,0.1465,1.2475,7.2500,61.7500,2025-12-16T03:19:00+00:00
2025-12-16T08:09:00+00:00,2025-12-16T12:14:00+00:00,long,2278.570000,ifvg,2.5019,0.046,163.2500,3.0000,2025-12-16T07:39:00+00:00
2025-12-16T13:59:00+00:00,2025-12-16T14:54:00+00:00,short,-813.72000,ifvg,0.3389,1.0389,45.7500,140.2500,2025-12-16T11:44:00+00:00
2025-12-16T14:59:00+00:00,2025-12-16T15:29:00+00:00,long,-720.48000,orb,0.0961,1.1699,17.2500,210.0000,
2025-12-17T13:04:00+00:00,2025-12-17T13:14:00+00:00,short,2227.800000,ifvg,3.5667,0.0333,53.5000,0.5000,2025-12-17T12:54:00+00:00
2025-12-17T14:54:00+00:00,2025-12-17T21:09:00+00:00,short,1241.52000,orb,2.4875,0.3863,399.2500,62.0000,
2025-12-18T02:29:00+00:00,2025-12-18T07:04:00+00:00,short,-514.14000,ifvg,1.7256,0.8963,70.7500,36.7500,2025-12-18T02:19:00+00:00
2025-12-18T07:04:00+00:00,2025-12-18T08:34:00+00:00,long,1345.68000,ifvg,2.0198,0.1782,51.0000,4.5000,2025-12-18T06:54:00+00:00
2025-12-18T08:34:00+00:00,2025-12-18T08:44:00+00:00,short,-986.72000,ifvg,0.3971,1.1324,6.7500,19.2500,2025-12-18T08:24:00+00:00
2025-12-18T10:44:00+00:00,2025-12-18T12:04:00+00:00,short,-935.56000,ifvg,0.4792,1.1875,11.5000,28.5000,2025-12-18T10:34:00+00:00
2025-12-18T14:44:00+00:00,2025-12-18T14:59:00+00:00,short,-836.20000,ifvg,0.4337,1.1355,36.0000,94.2500,2025-12-18T14:14:00+00:00
2025-12-18T15:34:00+00:00,2025-12-18T17:14:00+00:00,long,-526.48000,orb,0.2507,0.7846,48.0000,150.2500,
2025-12-18T17:14:00+00:00,2025-12-18T17:44:00+00:00,short,-783.70000,ifvg,0.627,1.3891,48.7500,108.0000,2025-12-18T15:39:00+00:00
2025-12-19T01:09:00+00:00,2025-12-19T01:44:00+00:00,short,11.28000,ifvg,0.5096,0.3376,20.0000,13.2500,2025-12-19T00:59:00+00:00
2025-12-19T01:49:00+00:00,2025-12-19T03:29:00+00:00,long,2214.180000,ifvg,3.2525,0.0606,80.5000,1.5000,2025-12-19T01:34:00+00:00
2025-12-19T10:19:00+00:00,2025-12-19T11:14:00+00:00,long,-929.92000,ifvg,0.0739,1.0913,4.2500,62.7500,2025-12-19T10:09:00+00:00
2025-12-19T14:59:00+00:00,2025-12-19T21:09:00+00:00,long,101.52000,orb,0.1956,0.4945,39.7500,100.5000,
2025-12-22T12:09:00+00:00,2025-12-22T13:24:00+00:00,long,1965.300000,ifvg,2.8113,0.8302,37.2500,11.0000,2025-12-22T11:59:00+00:00
2025-12-22T13:44:00+00:00,2025-12-22T14:04:00+00:00,short,-944.80000,ifvg,0.087,1.087,2.0000,25.0000,2025-12-22T13:09:00+00:00
2025-12-22T15:39:00+00:00,2025-12-22T21:09:00+00:00,short,-329.22000,orb,0.0428,0.5394,6.2500,78.7500,
2025-12-23T07:39:00+00:00,2025-12-23T08:24:00+00:00,short,-913.12000,ifvg,0.087,1.058,3.0000,36.5000,2025-12-23T07:29:00+00:00
2025-12-23T13:09:00+00:00,2025-12-23T14:34:00+00:00,short,-920.88000,ifvg,1.6797,1.7124,64.2500,65.5000,2025-12-23T12:59:00+00:00
2025-12-23T15:09:00+00:00,2025-12-23T15:59:00+00:00,short,-806.96000,ifvg,0.2517,1.1026,27.0000,118.2500,2025-12-23T14:39:00+00:00
2025-12-24T13:14:00+00:00,2025-12-24T13:34:00+00:00,short,-929.24000,ifvg,0.0145,1.087,0.2500,18.7500,2025-12-24T12:24:00+00:00
2025-12-24T15:14:00+00:00,2025-12-24T15:29:00+00:00,long,-272.40000,orb,0.2768,0.5593,12.2500,24.7500,
2025-12-24T15:29:00+00:00,2025-12-24T16:09:00+00:00,short,-896.28000,ifvg,0.3291,1.3797,6.5000,27.2500,2025-12-24T15:19:00+00:00
2025-12-26T09:24:00+00:00,2025-12-26T09:59:00+00:00,short,-902.72000,ifvg,0.0645,1.129,1.0000,17.5000,2025-12-26T09:14:00+00:00
2025-12-26T13:54:00+00:00,2025-12-26T14:19:00+00:00,short,-891.02000,ifvg,0.0933,1.0,1.7500,18.7500,2025-12-26T13:44:00+00:00
2025-12-26T15:04:00+00:00,2025-12-26T17:34:00+00:00,short,-136.44000,orb,0.3614,0.7298,25.7500,52.0000,
2025-12-26T17:34:00+00:00,2025-12-26T21:09:00+00:00,long,-172.40000,ifvg,0.6707,0.4192,28.0000,17.5000,2025-12-26T17:09:00+00:00
2025-12-29T03:39:00+00:00,2025-12-29T05:04:00+00:00,long,-845.04000,ifvg,0.8205,1.0256,16.0000,20.0000,2025-12-29T03:29:00+00:00
2025-12-29T12:49:00+00:00,2025-12-29T13:49:00+00:00,short,2097.090000,ifvg,2.5725,0.542,84.2500,17.7500,2025-12-29T11:39:00+00:00
2025-12-29T17:29:00+00:00,2025-12-29T21:09:00+00:00,short,-319.48000,orb,0.0202,0.7232,3.2500,116.2500,
2025-12-30T00:59:00+00:00,2025-12-30T03:34:00+00:00,short,-900.12000,ifvg,0.2206,1.1103,7.5000,37.7500,2025-12-30T00:49:00+00:00
2025-12-30T05:54:00+00:00,2025-12-30T06:29:00+00:00,long,-866.10000,ifvg,0.0177,1.0796,0.5000,30.5000,2025-12-30T05:24:00+00:00
2025-12-30T11:54:00+00:00,2025-12-30T13:34:00+00:00,long,-859.32000,ifvg,0.4731,1.0215,11.0000,23.7500,2025-12-30T11:14:00+00:00
2025-12-30T13:44:00+00:00,2025-12-30T14:39:00+00:00,short,258.84000,ifvg,0.4324,0.5838,20.0000,27.0000,2025-12-30T08:04:00+00:00
2025-12-30T14:49:00+00:00,2025-12-30T14:59:00+00:00,long,2126.400000,orb,0.6941,0.9726,38.0000,53.2500,
2025-12-30T15:19:00+00:00,2025-12-30T16:19:00+00:00,short,-868.44000,ifvg,0.2056,1.0105,14.7500,72.5000,2025-12-30T14:54:00+00:00
2025-12-30T16:44:00+00:00,2025-12-30T21:09:00+00:00,short,1359.12000,ifvg,2.1037,0.1481,71.0000,5.0000,2025-12-30T16:24:00+00:00
2025-12-31T05:44:00+00:00,2025-12-31T07:34:00+00:00,short,456.50000,ifvg,2.0286,0.0571,35.5000,1.0000,2025-12-31T05:34:00+00:00
2025-12-31T07:34:00+00:00,2025-12-31T08:14:00+00:00,long,-905.96000,ifvg,0.4,1.2333,6.0000,18.5000,2025-12-31T07:19:00+00:00
2025-12-31T17:14:00+00:00,2025-12-31T18:44:00+00:00,short,-821.16000,ifvg,0.1944,1.0222,8.7500,46.0000,2025-12-31T17:04:00+00:00
