ts,equity
2021-06-14T13:45:00+00:00,49997.78
2021-06-14T20:05:00+00:00,50607.56000
2021-06-15T13:45:00+00:00,50605.34000
2021-06-15T14:25:00+00:00,50298.62000
2021-06-15T14:28:00+00:00,50296.40000
2021-06-15T20:05:00+00:00,50496.68000
2021-06-16T13:48:00+00:00,50492.98000
2021-06-16T15:08:00+00:00,50164.28000
2021-06-17T13:51:00+00:00,50162.80000
2021-06-17T20:05:00+00:00,50737.32000
2021-06-21T14:10:00+00:00,50736.58000
2021-06-21T20:05:00+00:00,50856.34000
2021-06-23T13:58:00+00:00,50854.12000
2021-06-23T15:03:00+00:00,50530.90000
2021-06-24T14:05:00+00:00,50527.94000
2021-06-24T17:20:00+00:00,50166.98000
2021-06-25T13:51:00+00:00,50162.54000
2021-06-25T20:05:00+00:00,50464.10000
2021-06-28T14:01:00+00:00,50462.62000
2021-06-28T20:05:00+00:00,50618.14000
2021-06-30T13:58:00+00:00,50615.18000
2021-06-30T14:55:00+00:00,50242.22000
2021-07-01T13:45:00+00:00,50240.00000
2021-07-01T14:19:00+00:00,49924.28000
2021-07-01T14:20:00+00:00,49922.06000
2021-07-01T20:05:00+00:00,49750.34000
2021-07-02T13:49:00+00:00,49747.38000
2021-07-02T20:05:00+00:00,50092.42000
2021-07-05T13:47:00+00:00,50079.10000
2021-07-05T22:04:00+00:00,49696.78000
2021-07-06T14:07:00+00:00,49693.82000
2021-07-06T14:33:00+00:00,49364.86000
2021-07-07T14:03:00+00:00,49363.38000
2021-07-07T20:05:00+00:00,49419.90000
2021-07-08T13:47:00+00:00,49418.42000
2021-07-08T14:00:00+00:00,49119.94000
2021-07-08T14:05:00+00:00,49118.46000
2021-07-08T15:01:00+00:00,48808.98000
2021-07-09T14:08:00+00:00,48806.76000
2021-07-09T20:05:00+00:00,49301.04000
2021-07-12T13:50:00+00:00,49299.56000
2021-07-12T20:05:00+00:00,49062.08000
2021-07-13T13:47:00+00:00,49059.12000
2021-07-13T18:03:00+00:00,48700.16000
2021-07-14T14:04:00+00:00,48697.94000
2021-07-14T15:27:00+00:00,48359.72000
2021-07-15T14:28:00+00:00,48358.98000
2021-07-15T20:05:00+00:00,48392.74000
2021-07-16T13:46:00+00:00,48389.78000
2021-07-16T15:29:00+00:00,49286.820000
2021-07-19T13:53:00+00:00,49285.340000
2021-07-19T15:32:00+00:00,48930.860000
2021-07-20T14:20:00+00:00,48930.120000
2021-07-20T20:05:00+00:00,49129.380000
2021-07-21T13:57:00+00:00,49127.160000
2021-07-21T20:05:00+00:00,49601.940000
2021-07-22T14:03:00+00:00,49599.720000
2021-07-22T20:05:00+00:00,49890.000000
2021-07-23T14:17:00+00:00,49888.520000
2021-07-23T20:05:00+00:00,50273.040000
2021-07-26T13:54:00+00:00,50270.820000
2021-07-26T20:05:00+00:00,50459.100000
2021-07-27T13:58:00+00:00,50457.620000
2021-07-27T15:17:00+00:00,51113.640000
2021-07-28T14:17:00+00:00,51112.900000
2021-07-28T20:05:00+00:00,51011.160000
2021-07-29T13:46:00+00:00,51010.420000
2021-07-29T20:02:00+00:00,50815.180000
2021-07-30T13:46:00+00:00,50813.700000
2021-07-30T20:05:00+00:00,50943.220000
2021-08-02T13:51:00+00:00,50942.480000
2021-08-02T15:19:00+00:00,50734.740000
2021-08-03T13:52:00+00:00,50732.520000
2021-08-03T15:51:00+00:00,50409.300000
2021-08-04T13:52:00+00:00,50406.340000
2021-08-04T16:13:00+00:00,50047.380000
2021-08-05T13:47:00+00:00,50045.160000
2021-08-05T20:05:00+00:00,50269.440000
2021-08-06T14:00:00+00:00,50267.220000
2021-08-06T20:05:00+00:00,50332.500000
2021-08-10T14:00:00+00:00,50329.540000
2021-08-10T14:18:00+00:00,50020.580000
2021-08-10T14:20:00+00:00,50016.880000
2021-08-10T14:41:00+00:00,50944.430000
2021-08-11T13:45:00+00:00,50942.950000
2021-08-11T20:05:00+00:00,51098.470000
2021-08-12T14:03:00+00:00,51096.250000
2021-08-12T14:19:00+00:00,50768.530000
2021-08-12T14:19:00+00:00,50766.310000
2021-08-12T20:05:00+00:00,51176.590000
2021-08-13T13:47:00+00:00,51172.890000
2021-08-13T20:05:00+00:00,51379.190000
2021-08-16T13:48:00+00:00,51376.230000
2021-08-16T14:16:00+00:00,52188.270000
2021-08-17T13:55:00+00:00,52186.790000
2021-08-17T14:43:00+00:00,51879.310000
2021-08-18T13:51:00+00:00,51876.350000
2021-08-18T15:36:00+00:00,51491.390000
2021-08-19T14:01:00+00:00,51489.910000
2021-08-19T20:05:00+00:00,51850.430000
2021-08-20T13:45:00+00:00,51847.470000
2021-08-20T20:05:00+00:00,52488.510000
2021-08-23T13:46:00+00:00,52487.030000
2021-08-23T20:05:00+00:00,52969.550000
2021-08-24T14:09:00+00:00,52966.590000
2021-08-24T20:05:00+00:00,52919.630000
2021-08-25T14:09:00+00:00,52916.670000
2021-08-25T20:05:00+00:00,52855.710000
2021-08-26T14:05:00+00:00,52850.530000
2021-08-26T14:23:00+00:00,52484.850000
2021-08-26T14:23:00+00:00,52479.670000
2021-08-26T15:01:00+00:00,53393.240000
2021-08-27T14:02:00+00:00,53391.760000
2021-08-27T20:05:00+00:00,53630.280000
2021-08-30T13:53:00+00:00,53628.060000
2021-08-30T20:05:00+00:00,54096.840000
2021-08-31T13:54:00+00:00,54095.360000
2021-08-31T20:05:00+00:00,53842.880000
2021-09-01T13:45:00+00:00,53840.660000
2021-09-01T19:43:00+00:00,53521.940000
2021-09-02T13:58:00+00:00,53517.500000
2021-09-02T17:52:00+00:00,54450.560000
2021-09-03T13:57:00+00:00,54448.340000
2021-09-03T20:05:00+00:00,54638.120000
2021-09-06T13:45:00+00:00,54615.920000
2021-09-06T14:00:00+00:00,55381.220000
2021-09-07T13:52:00+00:00,55378.260000
2021-09-07T14:49:00+00:00,54985.300000
2021-09-09T14:07:00+00:00,54982.340000
2021-09-09T15:26:00+00:00,54567.380000
2021-09-10T14:02:00+00:00,54563.680000
2021-09-10T15:29:00+00:00,55447.480000
2021-09-13T13:45:00+00:00,55446.740000
2021-09-13T20:05:00+00:00,55449.000000
2021-09-14T13:51:00+00:00,55447.520000
2021-09-14T20:05:00+00:00,55643.040000
2021-09-15T14:12:00+00:00,55642.300000
2021-09-15T16:55:00+00:00,55408.060000
2021-09-16T13:49:00+00:00,55405.840000
2021-09-16T17:57:00+00:00,55043.620000
2021-09-17T13:50:00+00:00,55042.140000
2021-09-17T20:05:00+00:00,55432.660000
2021-09-20T13:45:00+00:00,55431.920000
2021-09-20T14:18:00+00:00,55209.680000
2021-09-20T14:20:00+00:00,55208.940000
2021-09-20T20:05:00+00:00,55251.200000
2021-09-21T13:45:00+00:00,55249.720000
2021-09-21T14:06:00+00:00,54914.240000
2021-09-21T14:06:00+00:00,54912.760000
2021-09-21T15:33:00+00:00,54631.280000
2021-09-22T13:59:00+00:00,54629.060000
2021-09-22T20:05:00+00:00,55144.340000
2021-09-23T13:47:00+00:00,55142.860000
2021-09-23T20:05:00+00:00,55287.380000
2021-09-24T13:59:00+00:00,55285.160000
2021-09-24T20:05:00+00:00,55672.940000
2021-09-28T13:46:00+00:00,55672.200000
2021-09-28T20:05:00+00:00,55959.460000
2021-09-29T13:49:00+00:00,55957.980000
2021-09-29T15:35:00+00:00,55627.500000
2021-09-30T13:50:00+00:00,55625.280000
2021-09-30T14:07:00+00:00,55221.060000
2021-10-01T13:54:00+00:00,55220.320000
2021-10-01T17:48:00+00:00,55000.080000
2021-10-04T13:45:00+00:00,54999.340000
2021-10-04T20:05:00+00:00,55207.600000
2021-10-05T13:49:00+00:00,55206.120000
2021-10-05T20:05:00+00:00,55556.640000
2021-10-06T14:01:00+00:00,55555.900000
2021-10-06T14:22:00+00:00,55292.660000
2021-10-06T14:22:00+00:00,55291.920000
2021-10-06T20:05:00+00:00,55517.680000
2021-10-07T13:59:00+00:00,55516.200000
2021-10-07T20:05:00+00:00,55247.720000
2021-10-11T13:45:00+00:00,55246.980000
2021-10-11T19:51:00+00:00,55016.240000
2021-10-12T13:45:00+00:00,55015.500000
2021-10-12T20:05:00+00:00,55133.760000
2021-10-13T13:50:00+00:00,55131.540000
2021-10-13T18:01:00+00:00,54748.320000
2021-10-14T13:52:00+00:00,54746.100000
2021-10-14T20:05:00+00:00,55261.380000
2021-10-18T13:47:00+00:00,55259.900000
2021-10-18T20:05:00+00:00,55920.420000
2021-10-19T13:54:00+00:00,55918.200000
2021-10-19T20:05:00+00:00,56344.980000
2021-10-20T13:54:00+00:00,56340.540000
2021-10-20T14:29:00+00:00,55925.100000
2021-10-20T14:29:00+00:00,55920.660000
2021-10-20T15:00:00+00:00,55496.220000
2021-10-21T13:47:00+00:00,55493.260000
2021-10-21T20:05:00+00:00,56190.300000
2021-10-22T13:48:00+00:00,56188.080000
2021-10-22T14:29:00+00:00,55825.860000
2021-10-22T14:29:00+00:00,55823.640000
2021-10-22T14:50:00+00:00,55471.920000
2021-10-26T14:07:00+00:00,55470.440000
2021-10-26T16:00:00+00:00,55124.960000
2021-10-27T13:45:00+00:00,55123.480000
2021-10-27T20:05:00+00:00,54983.000000
2021-10-28T13:46:00+00:00,54980.780000
2021-10-28T20:05:00+00:00,55076.060000
2021-10-29T13:48:00+00:00,55074.580000
2021-10-29T20:05:00+00:00,55677.100000
2021-11-01T13:49:00+00:00,55674.880000
2021-11-01T17:03:00+00:00,55284.160000
2021-11-02T13:48:00+00:00,55282.680000
2021-11-02T20:05:00+00:00,55293.200000
2021-11-03T14:04:00+00:00,55290.980000
2021-11-03T18:00:00+00:00,54937.760000
2021-11-04T13:45:00+00:00,54934.800000
2021-11-04T17:44:00+00:00,55961.840000
2021-11-05T13:50:00+00:00,55960.360000
2021-11-05T15:49:00+00:00,55677.880000
2021-11-08T14:53:00+00:00,55675.660000
2021-11-08T21:05:00+00:00,55707.940000
2021-11-09T14:47:00+00:00,55704.980000
2021-11-09T14:58:00+00:00,56547.020000
2021-11-10T14:45:00+00:00,56545.540000
2021-11-10T18:14:00+00:00,56205.060000
2021-11-11T15:16:00+00:00,56202.840000
2021-11-11T21:05:00+00:00,56298.120000
2021-11-15T14:50:00+00:00,56295.160000
2021-11-15T17:22:00+00:00,57222.200000
2021-11-16T15:16:00+00:00,57220.720000
2021-11-16T21:05:00+00:00,57417.240000
2021-11-17T14:51:00+00:00,57414.280000
2021-11-17T15:11:00+00:00,57033.320000
2021-11-17T15:12:00+00:00,57028.880000
2021-11-17T18:11:00+00:00,56649.440000
2021-11-18T14:47:00+00:00,56647.220000
2021-11-18T15:10:00+00:00,56265.500000
2021-11-18T15:10:00+00:00,56263.280000
2021-11-18T16:33:00+00:00,55938.560000
2021-11-19T14:45:00+00:00,55936.340000
2021-11-19T21:05:00+00:00,55950.620000
2021-11-22T14:49:00+00:00,55949.140000
2021-11-22T16:12:00+00:00,55578.660000
2021-11-23T14:46:00+00:00,55577.920000
2021-11-23T15:09:00+00:00,55359.180000
2021-11-23T15:13:00+00:00,55357.700000
2021-11-23T21:05:00+00:00,55334.220000
2021-11-24T14:46:00+00:00,55332.740000
2021-11-24T15:00:00+00:00,54928.260000
2021-11-24T15:01:00+00:00,54927.520000
2021-11-24T21:05:00+00:00,55204.280000
2021-11-25T14:45:00+00:00,55198.360000
2021-11-25T23:31:00+00:00,54776.440000
2021-11-26T14:45:00+00:00,54775.700000
2021-11-29T14:55:00+00:00,54566.960000
2021-11-29T14:55:00+00:00,54565.480000
2021-11-29T14:56:00+00:00,54564.000000
2021-11-29T21:05:00+00:00,55007.520000
2021-11-29T21:05:00+00:00,55404.040000
2021-11-30T14:46:00+00:00,55401.820000
2021-11-30T15:46:00+00:00,55071.100000
2021-12-01T15:01:00+00:00,55069.620000
2021-12-01T17:55:00+00:00,54716.140000
2021-12-02T14:48:00+00:00,54715.400000
2021-12-02T15:43:00+00:00,54320.660000
2021-12-03T14:49:00+00:00,54319.920000
2021-12-03T21:05:00+00:00,54735.680000
2021-12-06T15:15:00+00:00,54734.940000
2021-12-06T21:05:00+00:00,54869.700000
2021-12-07T14:45:00+00:00,54867.480000
2021-12-07T18:50:00+00:00,55814.010000
2021-12-08T14:49:00+00:00,55812.530000
2021-12-08T21:05:00+00:00,55968.050000
2021-12-09T14:56:00+00:00,55966.570000
2021-12-09T21:05:00+00:00,56742.090000
2021-12-10T14:45:00+00:00,56740.610000
2021-12-10T20:59:00+00:00,56351.130000
2021-12-13T14:53:00+00:00,56349.650000
2021-12-13T20:59:00+00:00,57108.170000
2021-12-15T14:47:00+00:00,57105.950000
2021-12-15T19:05:00+00:00,56682.230000
2021-12-16T14:55:00+00:00,56681.490000
2021-12-16T19:18:00+00:00,57364.500000
2021-12-17T14:49:00+00:00,57363.760000
2021-12-17T15:22:00+00:00,57085.520000
2021-12-21T14:45:00+00:00,57084.040000
2021-12-21T16:55:00+00:00,56713.560000
2021-12-22T14:45:00+00:00,56712.080000
2021-12-22T21:05:00+00:00,57325.600000
2021-12-23T15:00:00+00:00,57323.380000
2021-12-23T21:05:00+00:00,57646.660000
2021-12-27T15:02:00+00:00,57645.180000
2021-12-27T21:05:00+00:00,58112.700000
2021-12-28T15:09:00+00:00,58111.220000
2021-12-28T21:05:00+00:00,58078.740000
2021-12-29T14:46:00+00:00,58076.520000
2021-12-29T21:05:00+00:00,58024.800000
2021-12-30T15:05:00+00:00,58023.320000
2021-12-30T20:45:00+00:00,57715.840000
2021-12-31T14:47:00+00:00,57713.620000
2021-12-31T21:05:00+00:00,58059.400000
2022-01-03T14:48:00+00:00,58058.660000
2022-01-03T19:44:00+00:00,57805.920000
2022-01-04T14:50:00+00:00,57803.700000
2022-01-04T15:38:00+00:00,58652.730000
2022-01-05T15:00:00+00:00,58651.990000
2022-01-05T17:32:00+00:00,58399.250000
2022-01-06T15:03:00+00:00,58398.510000
2022-01-06T15:57:00+00:00,58018.770000
2022-01-07T14:45:00+00:00,58018.030000
2022-01-07T15:20:00+00:00,57733.790000
2022-01-07T15:20:00+00:00,57733.050000
2022-01-07T21:05:00+00:00,57870.310000
2022-01-10T14:48:00+00:00,57869.570000
2022-01-10T18:51:00+00:00,57613.830000
2022-01-11T15:04:00+00:00,57613.090000
2022-01-11T21:05:00+00:00,58034.350000
2022-01-12T14:47:00+00:00,58032.870000
2022-01-12T15:09:00+00:00,57622.390000
2022-01-12T15:10:00+00:00,57620.910000
2022-01-12T15:39:00+00:00,57197.430000
2022-01-13T15:03:00+00:00,57195.210000
2022-01-13T15:51:00+00:00,58190.490000
2022-01-14T14:45:00+00:00,58189.750000
2022-01-14T21:05:00+00:00,58292.510000
2022-01-17T14:47:00+00:00,58289.550000
2022-01-18T03:49:00+00:00,59176.590000
2022-01-18T15:06:00+00:00,59175.850000
2022-01-18T16:31:00+00:00,58928.110000
2022-01-19T14:46:00+00:00,58926.630000
2022-01-19T15:32:00+00:00,58550.150000
2022-01-20T14:47:00+00:00,58548.670000
2022-01-20T19:12:00+00:00,58149.190000
2022-01-21T14:53:00+00:00,58148.450000
2022-01-21T15:56:00+00:00,57822.710000
2022-01-24T14:50:00+00:00,57821.970000
2022-01-24T17:17:00+00:00,58596.230000
2022-01-25T14:45:00+00:00,58595.490000
2022-01-25T19:18:00+00:00,58276.750000
2022-01-26T15:03:00+00:00,58276.010000
2022-01-26T15:44:00+00:00,57953.770000
2022-01-27T14:47:00+00:00,57953.030000
2022-01-27T15:31:00+00:00,57706.790000
2022-01-28T14:45:00+00:00,57706.050000
2022-01-28T15:54:00+00:00,57284.310000
2022-01-31T14:52:00+00:00,57283.570000
2022-01-31T21:05:00+00:00,57826.330000
2022-02-01T15:00:00+00:00,57825.590000
2022-02-01T20:30:00+00:00,57481.850000
2022-02-02T14:46:00+00:00,57481.110000
2022-02-02T21:05:00+00:00,57655.370000
2022-02-03T15:20:00+00:00,57654.630000
2022-02-03T16:59:00+00:00,57360.390000
2022-02-04T14:45:00+00:00,57359.650000
2022-02-04T21:05:00+00:00,57469.410000
2022-02-07T14:51:00+00:00,57468.670000
2022-02-07T16:09:00+00:00,57226.930000
2022-02-08T15:00:00+00:00,57225.450000
2022-02-08T15:46:00+00:00,56848.970000
2022-02-09T14:50:00+00:00,56846.750000
2022-02-09T16:00:00+00:00,56430.530000
2022-02-10T14:50:00+00:00,56429.790000
2022-02-10T18:38:00+00:00,56127.550000
2022-02-11T14:46:00+00:00,56126.810000
2022-02-11T14:57:00+00:00,55908.070000
2022-02-11T14:57:00+00:00,55906.590000
2022-02-11T18:37:00+00:00,56870.110000
2022-02-14T14:50:00+00:00,56869.370000
2022-02-14T18:53:00+00:00,56644.630000
2022-02-16T14:50:00+00:00,56643.890000
2022-02-16T19:21:00+00:00,56397.650000
2022-02-17T14:46:00+00:00,56396.170000
2022-02-17T19:44:00+00:00,57099.690000
2022-02-22T14:45:00+00:00,57098.950000
2022-02-22T16:53:00+00:00,56835.710000
2022-02-23T14:50:00+00:00,56834.970000
2022-02-23T19:23:00+00:00,57392.980000
2022-02-24T14:49:00+00:00,57392.240000
2022-02-24T21:05:00+00:00,58605.000000
2022-02-25T14:59:00+00:00,58604.260000
2022-02-25T15:31:00+00:00,58312.020000
2022-02-28T14:57:00+00:00,58310.540000
2022-02-28T19:08:00+00:00,57949.060000
2022-03-01T15:21:00+00:00,57947.580000
2022-03-01T15:44:00+00:00,57516.100000
2022-03-02T14:48:00+00:00,57515.360000
2022-03-02T15:08:00+00:00,57283.620000
2022-03-02T15:09:00+00:00,57282.880000
2022-03-02T15:30:00+00:00,57033.640000
2022-03-03T14:48:00+00:00,57032.160000
2022-03-03T20:07:00+00:00,58015.680000
2022-03-04T14:45:00+00:00,58014.940000
2022-03-04T21:05:00+00:00,58152.200000
2022-03-07T14:46:00+00:00,58151.460000
2022-03-07T20:07:00+00:00,58835.720000
2022-03-08T15:00:00+00:00,58834.980000
2022-03-08T17:10:00+00:00,58513.740000
2022-03-09T14:52:00+00:00,58512.260000
2022-03-09T15:02:00+00:00,58107.780000
2022-03-09T15:02:00+00:00,58106.300000
2022-03-09T21:05:00+00:00,58532.820000
2022-03-10T14:57:00+00:00,58531.340000
2022-03-10T15:33:00+00:00,58151.860000
2022-03-11T14:54:00+00:00,58151.120000
2022-03-11T20:59:00+00:00,58759.130000
2022-03-14T14:08:00+00:00,58758.390000
2022-03-14T15:43:00+00:00,58495.150000
2022-03-15T14:04:00+00:00,58494.410000
2022-03-15T20:05:00+00:00,58946.670000
2022-03-16T13:46:00+00:00,58945.930000
2022-03-16T18:05:00+00:00,58697.190000
2022-03-17T13:45:00+00:00,58695.710000
2022-03-17T19:59:00+00:00,59541.730000
2022-03-18T13:45:00+00:00,59540.250000
2022-03-18T18:36:00+00:00,60488.770000
2022-03-21T13:52:00+00:00,60488.030000
2022-03-21T20:05:00+00:00,60358.790000
2022-03-22T14:00:00+00:00,60358.050000
2022-03-22T20:05:00+00:00,60648.810000
2022-03-23T13:49:00+00:00,60647.330000
2022-03-23T14:13:00+00:00,60335.850000
2022-03-23T14:13:00+00:00,60334.370000
2022-03-23T18:11:00+00:00,60017.890000
2022-03-24T14:18:00+00:00,60016.410000
2022-03-24T15:01:00+00:00,59624.930000
2022-03-25T14:00:00+00:00,59623.450000
2022-03-25T14:35:00+00:00,59315.970000
2022-03-28T13:55:00+00:00,59315.230000
2022-03-28T15:36:00+00:00,59002.990000
2022-03-29T13:49:00+00:00,59001.510000
2022-03-29T18:48:00+00:00,58621.030000
2022-03-30T13:48:00+00:00,58618.810000
2022-03-30T15:04:00+00:00,58268.590000
2022-03-31T14:00:00+00:00,58267.110000
2022-03-31T14:57:00+00:00,57835.630000
2022-04-01T13:51:00+00:00,57834.150000
2022-04-01T20:05:00+00:00,57748.670000
2022-04-04T13:49:00+00:00,57747.930000
2022-04-04T20:05:00+00:00,58060.190000
2022-04-05T13:51:00+00:00,58057.970000
2022-04-05T15:37:00+00:00,59049.500000
2022-04-06T13:46:00+00:00,59048.020000
2022-04-06T19:02:00+00:00,58606.540000
2022-04-07T14:00:00+00:00,58605.800000
2022-04-07T14:40:00+00:00,58365.560000
2022-04-08T13:51:00+00:00,58364.820000
2022-04-08T15:01:00+00:00,58120.080000
2022-04-11T13:47:00+00:00,58118.600000
2022-04-11T14:26:00+00:00,57795.120000
2022-04-11T14:26:00+00:00,57793.640000
2022-04-11T20:05:00+00:00,58139.160000
2022-04-12T13:47:00+00:00,58137.680000
2022-04-12T14:48:00+00:00,57752.200000
2022-04-13T13:45:00+00:00,57751.460000
2022-04-13T20:05:00+00:00,58113.220000
2022-04-14T13:48:00+00:00,58112.480000
2022-04-14T20:05:00+00:00,58606.240000
2022-04-18T13:53:00+00:00,58604.760000
2022-04-18T14:07:00+00:00,58256.280000
2022-04-18T14:12:00+00:00,58254.800000
2022-04-18T15:48:00+00:00,57884.320000
2022-04-19T13:47:00+00:00,57882.840000
2022-04-19T19:16:00+00:00,58958.860000
2022-04-20T13:48:00+00:00,58958.120000
2022-04-20T20:05:00+00:00,59160.380000
2022-04-21T14:07:00+00:00,59159.640000
2022-04-21T17:59:00+00:00,59768.900000
2022-04-22T14:20:00+00:00,59768.160000
2022-04-22T20:05:00+00:00,60314.420000
2022-04-25T13:45:00+00:00,60313.680000
2022-04-25T14:25:00+00:00,60076.440000
2022-04-25T14:25:00+00:00,60075.700000
2022-04-25T15:46:00+00:00,59823.960000
2022-04-26T13:46:00+00:00,59823.220000
2022-04-26T20:01:00+00:00,60483.730000
2022-04-27T13:47:00+00:00,60482.990000
2022-04-27T14:14:00+00:00,60078.250000
2022-04-27T14:14:00+00:00,60077.510000
2022-04-27T16:24:00+00:00,59676.270000
2022-04-28T13:50:00+00:00,59675.530000
2022-04-28T16:34:00+00:00,59335.290000
2022-04-29T13:55:00+00:00,59334.550000
2022-04-29T14:28:00+00:00,59036.810000
2022-04-29T14:28:00+00:00,59036.070000
2022-04-29T20:05:00+00:00,59681.830000
2022-05-02T13:56:00+00:00,59681.090000
2022-05-02T17:49:00+00:00,59270.350000
2022-05-03T13:45:00+00:00,59268.870000
2022-05-03T13:56:00+00:00,58825.390000
2022-05-03T13:59:00+00:00,58824.650000
2022-05-03T14:45:00+00:00,58582.410000
2022-05-04T13:54:00+00:00,58580.190000
2022-05-04T17:01:00+00:00,58150.470000
2022-05-05T13:45:00+00:00,58148.990000
2022-05-05T14:36:00+00:00,59205.010000
2022-05-06T13:46:00+00:00,59204.270000
2022-05-06T14:18:00+00:00,58769.530000
2022-05-06T14:18:00+00:00,58768.790000
2022-05-06T19:18:00+00:00,58299.050000
2022-05-09T14:00:00+00:00,58298.310000
2022-05-09T20:05:00+00:00,58658.570000
2022-05-10T13:45:00+00:00,58657.830000
2022-05-10T20:05:00+00:00,58701.590000
2022-05-11T13:47:00+00:00,58700.850000
2022-05-11T16:56:00+00:00,58292.110000
2022-05-12T13:48:00+00:00,58291.370000
2022-05-12T18:43:00+00:00,57911.630000
2022-05-13T13:46:00+00:00,57910.890000
2022-05-13T20:05:00+00:00,58229.150000
2022-05-16T13:46:00+00:00,58228.410000
2022-05-16T14:22:00+00:00,57965.170000
2022-05-16T14:29:00+00:00,57964.430000
2022-05-16T14:51:00+00:00,57705.190000
2022-05-17T13:54:00+00:00,57703.710000
2022-05-17T18:08:00+00:00,57353.230000
2022-05-18T13:56:00+00:00,57351.750000
2022-05-18T16:23:00+00:00,58317.770000
2022-05-19T13:45:00+00:00,58317.030000
2022-05-19T14:03:00+00:00,58074.790000
2022-05-19T14:20:00+00:00,58074.050000
2022-05-19T17:10:00+00:00,57826.310000
2022-05-20T14:07:00+00:00,57825.570000
2022-05-20T16:38:00+00:00,58473.580000
2022-05-23T13:45:00+00:00,58472.840000
2022-05-23T14:01:00+00:00,58234.600000
2022-05-23T14:01:00+00:00,58233.860000
2022-05-23T14:32:00+00:00,58003.620000
2022-05-24T13:45:00+00:00,58002.140000
2022-05-24T20:05:00+00:00,57731.660000
2022-05-25T14:18:00+00:00,57730.920000
2022-05-25T20:05:00+00:00,57906.180000
2022-05-26T13:48:00+00:00,57905.440000
2022-05-26T20:05:00+00:00,58246.700000
2022-05-27T13:55:00+00:00,58245.960000
2022-05-27T20:05:00+00:00,58572.220000
2022-05-30T13:58:00+00:00,58567.040000
2022-05-30T14:15:00+00:00,58134.860000
2022-05-31T14:04:00+00:00,58134.120000
2022-05-31T15:51:00+00:00,57772.380000
2022-06-01T13:54:00+00:00,57770.900000
2022-06-01T14:06:00+00:00,57432.420000
2022-06-01T14:07:00+00:00,57430.940000
2022-06-01T15:27:00+00:00,58256.960000
2022-06-02T13:49:00+00:00,58256.220000
2022-06-02T19:50:00+00:00,58882.980000
2022-06-03T13:45:00+00:00,58881.500000
2022-06-03T14:00:00+00:00,58468.020000
2022-06-03T14:00:00+00:00,58466.540000
2022-06-03T14:30:00+00:00,58057.060000
2022-06-06T13:48:00+00:00,58055.580000
2022-06-06T14:01:00+00:00,57644.100000
2022-06-06T14:03:00+00:00,57642.620000
2022-06-06T15:12:00+00:00,57233.140000
2022-06-07T13:45:00+00:00,57232.400000
2022-06-07T20:05:00+00:00,57544.160000
2022-06-08T13:48:00+00:00,57542.680000
2022-06-08T16:39:00+00:00,57138.200000
2022-06-09T13:51:00+00:00,57137.460000
2022-06-09T17:44:00+00:00,56885.720000
2022-06-10T13:53:00+00:00,56884.980000
2022-06-10T20:05:00+00:00,57125.240000
2022-06-13T14:10:00+00:00,57124.500000
2022-06-13T20:05:00+00:00,57389.760000
2022-06-15T14:04:00+00:00,57388.280000
2022-06-15T18:04:00+00:00,57032.800000
2022-06-16T13:55:00+00:00,57031.320000
2022-06-16T20:05:00+00:00,57326.840000
2022-06-17T13:51:00+00:00,57326.100000
2022-06-17T14:22:00+00:00,57023.360000
2022-06-20T13:47:00+00:00,57019.660000
2022-06-20T14:04:00+00:00,56638.460000
2022-06-20T14:11:00+00:00,56634.760000
2022-06-21T03:05:00+00:00,57556.060000
2022-06-21T13:58:00+00:00,57555.320000
2022-06-21T20:05:00+00:00,57485.080000
2022-06-22T13:45:00+00:00,57483.600000
2022-06-22T14:37:00+00:00,58317.120000
2022-06-23T13:52:00+00:00,58316.380000
2022-06-23T14:06:00+00:00,58042.140000
2022-06-24T13:45:00+00:00,58041.400000
2022-06-24T20:05:00+00:00,58356.160000
2022-06-27T13:46:00+00:00,58355.420000
2022-06-27T20:05:00+00:00,58314.180000
2022-06-28T14:06:00+00:00,58313.440000
2022-06-28T19:06:00+00:00,59015.200000
2022-06-29T13:51:00+00:00,59014.460000
2022-06-29T20:05:00+00:00,58985.220000
2022-06-30T13:52:00+00:00,58984.480000
2022-06-30T15:26:00+00:00,58631.240000
2022-07-01T13:46:00+00:00,58630.500000
2022-07-01T14:34:00+00:00,58378.260000
2022-07-04T14:06:00+00:00,58373.080000
2022-07-04T16:29:00+00:00,57979.400000
2022-07-05T13:48:00+00:00,57977.920000
2022-07-05T17:33:00+00:00,58796.440000
2022-07-06T13:46:00+00:00,58795.700000
2022-07-06T18:06:00+00:00,58554.960000
2022-07-07T13:47:00+00:00,58553.480000
2022-07-07T20:05:00+00:00,58965.000000
2022-07-08T14:00:00+00:00,58963.520000
2022-07-08T14:25:00+00:00,58542.040000
2022-07-08T14:25:00+00:00,58540.560000
2022-07-08T20:05:00+00:00,58813.080000
2022-07-11T13:50:00+00:00,58812.340000
2022-07-11T20:05:00+00:00,58748.600000
2022-07-12T13:49:00+00:00,58747.860000
2022-07-12T20:05:00+00:00,59037.120000
2022-07-13T13:48:00+00:00,59036.380000
2022-07-13T20:05:00+00:00,59179.140000
2022-07-14T14:01:00+00:00,59178.400000
2022-07-14T15:41:00+00:00,58871.660000
2022-07-15T13:45:00+00:00,58870.180000
2022-07-15T14:00:00+00:00,58514.700000
2022-07-15T14:06:00+00:00,58513.220000
2022-07-15T15:09:00+00:00,58215.740000
2022-07-18T13:46:00+00:00,58213.520000
2022-07-18T17:33:00+00:00,57773.300000
2022-07-19T14:27:00+00:00,57771.820000
2022-07-19T19:46:00+00:00,58585.340000
2022-07-20T13:45:00+00:00,58583.860000
2022-07-20T20:05:00+00:00,59176.380000
2022-07-21T13:54:00+00:00,59174.900000
2022-07-21T14:14:00+00:00,58756.420000
2022-07-21T14:25:00+00:00,58755.680000
2022-07-21T15:30:00+00:00,58518.440000
2022-07-22T13:49:00+00:00,58516.960000
2022-07-22T14:00:00+00:00,58151.480000
2022-07-22T14:00:00+00:00,58150.000000
2022-07-22T18:32:00+00:00,59018.520000
2022-07-25T14:06:00+00:00,59017.040000
2022-07-25T20:05:00+00:00,58941.560000
2022-07-26T13:45:00+00:00,58940.080000
2022-07-26T20:05:00+00:00,59265.600000
2022-07-27T13:45:00+00:00,59264.120000
2022-07-27T19:21:00+00:00,60260.140000
2022-07-28T13:45:00+00:00,60259.400000
2022-07-28T15:26:00+00:00,59942.660000
2022-07-29T13:48:00+00:00,59941.920000
2022-07-29T20:05:00+00:00,60140.180000
2022-08-01T13:52:00+00:00,60139.440000
2022-08-01T20:05:00+00:00,60113.200000
2022-08-02T13:45:00+00:00,60111.720000
2022-08-02T14:09:00+00:00,59751.240000
2022-08-02T14:09:00+00:00,59749.760000
2022-08-02T14:44:00+00:00,59386.280000
2022-08-03T13:54:00+00:00,59385.540000
2022-08-03T20:05:00+00:00,59695.800000
2022-08-04T13:46:00+00:00,59694.320000
2022-08-04T14:17:00+00:00,59337.840000
2022-08-04T14:17:00+00:00,59336.360000
2022-08-04T19:10:00+00:00,58996.880000
2022-08-05T14:02:00+00:00,58995.400000
2022-08-05T15:26:00+00:00,58555.920000
2022-08-08T13:50:00+00:00,58555.180000
2022-08-08T15:42:00+00:00,58227.440000
2022-08-09T13:53:00+00:00,58225.960000
2022-08-09T20:05:00+00:00,58112.480000
2022-08-10T14:19:00+00:00,58111.000000
2022-08-10T15:01:00+00:00,57721.520000
2022-08-11T14:00:00+00:00,57719.300000
2022-08-11T15:05:00+00:00,57331.580000
2022-08-12T14:10:00+00:00,57330.100000
2022-08-12T20:05:00+00:00,57822.620000
2022-08-15T13:54:00+00:00,57821.140000
2022-08-15T20:05:00+00:00,58087.660000
2022-08-16T13:49:00+00:00,58085.440000
2022-08-16T15:47:00+00:00,57720.220000
2022-08-17T14:14:00+00:00,57718.740000
2022-08-17T18:09:00+00:00,57388.260000
2022-08-18T14:00:00+00:00,57386.040000
2022-08-18T14:21:00+00:00,56966.820000
2022-08-19T13:46:00+00:00,56965.340000
2022-08-19T20:05:00+00:00,57250.860000
2022-08-22T13:49:00+00:00,57249.380000
2022-08-22T20:05:00+00:00,57632.900000
2022-08-23T13:50:00+00:00,57631.420000
2022-08-23T20:05:00+00:00,57294.940000
2022-08-24T13:51:00+00:00,57292.720000
2022-08-24T20:05:00+00:00,57475.000000
2022-08-25T13:50:00+00:00,57472.040000
2022-08-25T13:55:00+00:00,57069.080000
2022-08-25T13:56:00+00:00,57066.120000
2022-08-25T19:53:00+00:00,58033.160000
2022-08-26T13:47:00+00:00,58030.200000
2022-08-26T14:05:00+00:00,58982.240000
2022-08-30T13:46:00+00:00,58980.760000
2022-08-30T20:05:00+00:00,59484.280000
2022-08-31T13:47:00+00:00,59482.800000
2022-08-31T14:18:00+00:00,59071.320000
2022-08-31T14:29:00+00:00,59069.840000
2022-08-31T20:05:00+00:00,59435.360000
2022-09-01T14:02:00+00:00,59433.880000
2022-09-01T19:07:00+00:00,59024.400000
2022-09-02T14:00:00+00:00,59023.660000
2022-09-02T14:30:00+00:00,58769.920000
2022-09-05T14:10:00+00:00,58766.220000
2022-09-06T13:33:00+00:00,58332.520000
2022-09-06T13:47:00+00:00,58331.040000
2022-09-06T20:05:00+00:00,58540.560000
2022-09-07T13:48:00+00:00,58539.080000
2022-09-07T14:15:00+00:00,58172.600000
2022-09-08T13:51:00+00:00,58171.860000
2022-09-08T20:05:00+00:00,58369.120000
2022-09-09T13:47:00+00:00,58366.900000
2022-09-09T20:05:00+00:00,58955.680000
2022-09-12T13:52:00+00:00,58953.460000
2022-09-12T16:10:00+00:00,58570.240000
2022-09-13T13:58:00+00:00,58569.500000
2022-09-13T19:33:00+00:00,59126.260000
2022-09-14T13:45:00+00:00,59124.780000
2022-09-14T14:30:00+00:00,58736.300000
2022-09-15T13:49:00+00:00,58734.820000
2022-09-15T14:29:00+00:00,58365.340000
2022-09-16T13:53:00+00:00,58363.120000
2022-09-16T14:13:00+00:00,57928.900000
2022-09-16T14:13:00+00:00,57927.420000
2022-09-16T15:38:00+00:00,57609.940000
2022-09-19T13:45:00+00:00,57608.460000
2022-09-19T20:05:00+00:00,58118.980000
2022-09-21T13:47:00+00:00,58115.280000
2022-09-21T18:00:00+00:00,57709.080000
2022-09-22T13:53:00+00:00,57707.600000
2022-09-22T19:47:00+00:00,57309.120000
2022-09-23T13:50:00+00:00,57307.640000
2022-09-23T20:05:00+00:00,57304.160000
2022-09-26T13:50:00+00:00,57303.420000
2022-09-26T16:25:00+00:00,57046.680000
2022-09-27T14:00:00+00:00,57045.940000
2022-09-27T20:05:00+00:00,57280.200000
2022-09-28T13:51:00+00:00,57278.720000
2022-09-28T19:03:00+00:00,58079.740000
2022-09-29T13:47:00+00:00,58079.000000
2022-09-29T20:05:00+00:00,58160.260000
2022-09-30T13:55:00+00:00,58158.780000
2022-09-30T18:43:00+00:00,57725.300000
2022-10-03T14:00:00+00:00,57723.820000
2022-10-03T20:05:00+00:00,58470.340000
2022-10-04T13:48:00+00:00,58468.120000
2022-10-04T20:05:00+00:00,58917.400000
2022-10-05T14:00:00+00:00,58915.920000
2022-10-05T16:47:00+00:00,58585.440000
2022-10-06T14:01:00+00:00,58584.700000
2022-10-06T20:05:00+00:00,58626.960000
2022-10-07T13:49:00+00:00,58625.480000
2022-10-07T20:05:00+00:00,59285.000000
2022-10-10T13:53:00+00:00,59284.260000
2022-10-10T20:05:00+00:00,59325.520000
2022-10-11T13:48:00+00:00,59324.040000
2022-10-11T15:36:00+00:00,58959.560000
2022-10-13T13:46:00+00:00,58958.080000
2022-10-13T15:08:00+00:00,59716.600000
2022-10-14T13:45:00+00:00,59715.860000
2022-10-14T20:05:00+00:00,60344.620000
2022-10-17T14:14:00+00:00,60343.880000
2022-10-17T20:05:00+00:00,60347.640000
2022-10-18T13:45:00+00:00,60346.160000
2022-10-18T15:26:00+00:00,61257.180000
2022-10-19T14:15:00+00:00,61256.440000
2022-10-19T16:46:00+00:00,61022.200000
2022-10-20T13:45:00+00:00,61020.720000
2022-10-20T17:49:00+00:00,60661.240000
2022-10-21T13:45:00+00:00,60660.500000
2022-10-21T20:05:00+00:00,61158.260000
2022-10-24T13:45:00+00:00,61156.780000
2022-10-24T14:02:00+00:00,60714.300000
2022-10-24T14:02:00+00:00,60712.820000
2022-10-24T15:52:00+00:00,60287.340000
2022-10-25T13:45:00+00:00,60285.120000
2022-10-25T20:05:00+00:00,60398.400000
2022-10-26T13:48:00+00:00,60396.920000
2022-10-26T20:05:00+00:00,60336.440000
2022-10-27T13:48:00+00:00,60334.960000
2022-10-27T20:02:00+00:00,61358.480000
2022-10-28T14:25:00+00:00,61357.740000
2022-10-28T20:05:00+00:00,61791.500000
2022-10-31T13:46:00+00:00,61790.020000
2022-10-31T20:05:00+00:00,61725.540000
2022-11-01T13:45:00+00:00,61724.060000
2022-11-01T15:39:00+00:00,62525.080000
2022-11-02T14:14:00+00:00,62522.860000
2022-11-02T18:00:00+00:00,62073.640000
2022-11-03T13:45:00+00:00,62072.160000
2022-11-03T14:45:00+00:00,61738.680000
2022-11-07T14:48:00+00:00,61737.200000
2022-11-07T19:15:00+00:00,61307.720000
2022-11-08T14:45:00+00:00,61305.500000
2022-11-08T14:54:00+00:00,60872.780000
2022-11-08T15:16:00+00:00,60870.560000
2022-11-08T19:10:00+00:00,60433.340000
2022-11-09T14:45:00+00:00,60431.120000
2022-11-09T14:57:00+00:00,60010.400000
2022-11-09T15:06:00+00:00,60007.440000
2022-11-09T15:33:00+00:00,59564.480000
2022-11-10T14:53:00+00:00,59563.740000
2022-11-10T21:05:00+00:00,60049.500000
2022-11-11T14:45:00+00:00,60048.020000
2022-11-11T18:32:00+00:00,60811.540000
2022-11-14T14:45:00+00:00,60809.320000
2022-11-14T15:07:00+00:00,60372.100000
2022-11-14T15:07:00+00:00,60369.880000
2022-11-14T21:05:00+00:00,60193.660000
2022-11-15T14:46:00+00:00,60191.440000
2022-11-15T18:32:00+00:00,61171.720000
2022-11-16T14:46:00+00:00,61169.500000
2022-11-16T21:05:00+00:00,61290.280000
2022-11-17T14:45:00+00:00,61288.800000
2022-11-17T21:05:00+00:00,61673.320000
2022-11-18T14:48:00+00:00,61671.840000
2022-11-18T21:05:00+00:00,61784.360000
2022-11-21T14:51:00+00:00,61782.140000
2022-11-21T15:06:00+00:00,61377.920000
2022-11-21T15:06:00+00:00,61375.700000
2022-11-21T21:05:00+00:00,61577.480000
2022-11-23T14:46:00+00:00,61575.260000
2022-11-23T17:57:00+00:00,61186.040000
2022-11-24T14:52:00+00:00,61177.160000
2022-11-24T15:56:00+00:00,60712.280000
2022-11-25T15:11:00+00:00,60709.320000
2022-11-27T23:00:00+00:00,60322.360000
2022-11-28T14:45:00+00:00,60320.880000
2022-11-28T15:25:00+00:00,59960.400000
2022-11-28T15:25:00+00:00,59958.920000
2022-11-28T21:05:00+00:00,60238.440000
2022-11-29T14:47:00+00:00,60235.480000
2022-11-29T15:30:00+00:00,59812.520000
2022-12-01T14:45:00+00:00,59811.040000
2022-12-01T15:12:00+00:00,59492.560000
2022-12-01T15:12:00+00:00,59491.080000
2022-12-01T21:05:00+00:00,59354.600000
2022-12-02T15:12:00+00:00,59353.120000
2022-12-02T21:05:00+00:00,59666.640000
2022-12-05T15:00:00+00:00,59664.420000
2022-12-05T21:05:00+00:00,60281.700000
2022-12-06T14:45:00+00:00,60280.220000
2022-12-06T21:05:00+00:00,60887.740000
2022-12-07T14:47:00+00:00,60886.260000
2022-12-07T21:05:00+00:00,60797.780000
2022-12-08T14:56:00+00:00,60796.300000
2022-12-08T21:05:00+00:00,61063.820000
2022-12-09T14:45:00+00:00,61062.340000
2022-12-09T21:05:00+00:00,60755.860000
2022-12-12T14:50:00+00:00,60752.900000
2022-12-12T15:49:00+00:00,60305.940000
2022-12-13T15:07:00+00:00,60305.200000
2022-12-13T21:05:00+00:00,60724.960000
2022-12-14T14:57:00+00:00,60722.740000
2022-12-14T19:00:00+00:00,60270.520000
2022-12-15T14:46:00+00:00,60269.040000
2022-12-15T21:05:00+00:00,60859.560000
2022-12-16T14:49:00+00:00,60858.080000
2022-12-16T15:06:00+00:00,60532.600000
2022-12-16T15:06:00+00:00,60530.380000
2022-12-16T21:05:00+00:00,60990.160000
2022-12-19T14:47:00+00:00,60988.680000
2022-12-19T21:05:00+00:00,61362.200000
2022-12-20T14:45:00+00:00,61359.980000
2022-12-20T14:57:00+00:00,60931.760000
2022-12-20T14:57:00+00:00,60930.280000
2022-12-20T21:05:00+00:00,61045.800000
2022-12-21T14:46:00+00:00,61043.580000
2022-12-21T19:07:00+00:00,61907.610000
2022-12-22T14:45:00+00:00,61906.130000
2022-12-22T21:05:00+00:00,62054.650000
2022-12-23T14:55:00+00:00,62053.910000
2022-12-23T15:25:00+00:00,61797.670000
2022-12-27T14:45:00+00:00,61796.930000
2022-12-27T21:05:00+00:00,61792.690000
2022-12-29T14:58:00+00:00,61791.210000
2022-12-29T21:05:00+00:00,62053.730000
2022-12-30T14:48:00+00:00,62052.250000
2022-12-30T15:47:00+00:00,61713.770000
2023-01-03T14:48:00+00:00,61713.030000
2023-01-03T21:05:00+00:00,61986.290000
2023-01-04T15:00:00+00:00,61984.810000
2023-01-04T16:35:00+00:00,61585.330000
2023-01-09T14:45:00+00:00,61583.110000
2023-01-09T20:32:00+00:00,61216.390000
2023-01-10T15:12:00+00:00,61215.650000
2023-01-10T15:44:00+00:00,60966.910000
2023-01-11T15:09:00+00:00,60964.690000
2023-01-11T21:05:00+00:00,61626.970000
2023-01-12T14:45:00+00:00,61626.230000
2023-01-12T17:16:00+00:00,61292.990000
2023-01-13T15:00:00+00:00,61290.770000
2023-01-13T21:05:00+00:00,61956.050000
2023-01-16T15:10:00+00:00,61949.390000
2023-01-17T14:30:00+00:00,61515.230000
2023-01-17T15:00:00+00:00,61513.750000
2023-01-17T21:05:00+00:00,61480.270000
2023-01-18T15:00:00+00:00,61478.050000
2023-01-18T15:37:00+00:00,61090.330000
2023-01-19T14:45:00+00:00,61088.110000
2023-01-19T19:36:00+00:00,60695.890000
2023-01-20T14:51:00+00:00,60693.670000
2023-01-20T19:32:00+00:00,61745.200000
2023-01-23T14:45:00+00:00,61743.720000
2023-01-23T16:20:00+00:00,62554.740000
2023-01-24T14:46:00+00:00,62552.520000
2023-01-24T15:06:00+00:00,62115.300000
2023-01-24T15:14:00+00:00,62113.080000
2023-01-24T21:05:00+00:00,62526.360000
2023-01-25T14:53:00+00:00,62524.140000
2023-01-25T16:19:00+00:00,62121.420000
2023-01-26T14:49:00+00:00,62119.940000
2023-01-26T20:24:00+00:00,61805.460000
2023-01-27T14:45:00+00:00,61803.240000
2023-01-27T19:55:00+00:00,62832.270000
2023-01-30T14:47:00+00:00,62830.050000
2023-01-30T15:23:00+00:00,62457.330000
2023-01-30T15:25:00+00:00,62454.370000
2023-01-30T21:05:00+00:00,63019.410000
2023-01-31T14:48:00+00:00,63017.190000
2023-01-31T21:05:00+00:00,63653.970000
2023-02-02T15:00:00+00:00,63651.750000
2023-02-02T15:23:00+00:00,63175.530000
2023-02-02T15:27:00+00:00,63173.310000
2023-02-02T18:57:00+00:00,64213.590000
2023-02-03T14:46:00+00:00,64212.850000
2023-02-03T21:05:00+00:00,64019.610000
2023-02-06T15:02:00+00:00,64017.390000
2023-02-06T15:20:00+00:00,63605.670000
2023-02-06T15:20:00+00:00,63603.450000
2023-02-06T16:06:00+00:00,63214.230000
2023-02-07T15:00:00+00:00,63211.270000
2023-02-07T16:08:00+00:00,62762.310000
2023-02-08T14:53:00+00:00,62760.090000
2023-02-08T21:05:00+00:00,63555.870000
2023-02-09T15:27:00+00:00,63554.390000
2023-02-09T20:33:00+00:00,64555.410000
2023-02-10T15:02:00+00:00,64553.930000
2023-02-10T15:11:00+00:00,64212.450000
2023-02-10T15:18:00+00:00,64210.970000
2023-02-10T15:53:00+00:00,63852.490000
2023-02-13T14:50:00+00:00,63851.010000
2023-02-13T21:05:00+00:00,64280.530000
2023-02-14T14:45:00+00:00,64279.790000
2023-02-14T21:05:00+00:00,64425.050000
2023-02-15T14:49:00+00:00,64422.830000
2023-02-15T14:54:00+00:00,63967.610000
2023-02-15T14:57:00+00:00,63965.390000
2023-02-15T16:06:00+00:00,63565.670000
2023-02-16T14:47:00+00:00,63563.450000
2023-02-16T20:31:00+00:00,63124.730000
2023-02-17T14:45:00+00:00,63123.250000
2023-02-17T21:05:00+00:00,62873.770000
2023-02-20T15:04:00+00:00,62859.710000
2023-02-21T00:55:00+00:00,63985.650000
2023-02-21T14:58:00+00:00,63983.430000
2023-02-21T21:05:00+00:00,64612.710000
2023-02-22T14:45:00+00:00,64609.750000
2023-02-22T15:00:00+00:00,64192.790000
2023-02-22T15:00:00+00:00,64189.090000
2023-02-22T18:27:00+00:00,63702.890000
2023-02-23T15:06:00+00:00,63700.670000
2023-02-23T21:05:00+00:00,63624.950000
2023-02-24T14:45:00+00:00,63622.730000
2023-02-24T21:05:00+00:00,63526.010000
2023-02-27T14:58:00+00:00,63521.570000
2023-02-27T15:36:00+00:00,63064.130000
2023-02-28T14:46:00+00:00,63061.910000
2023-02-28T21:03:00+00:00,62662.190000
2023-03-01T14:49:00+00:00,62659.970000
2023-03-01T15:05:00+00:00,62230.250000
2023-03-01T15:05:00+00:00,62228.030000
2023-03-01T21:05:00+00:00,62440.310000
2023-03-02T14:48:00+00:00,62435.870000
2023-03-02T18:36:00+00:00,63548.930000
2023-03-03T14:45:00+00:00,63545.970000
2023-03-03T19:08:00+00:00,64498.010000
2023-03-06T14:47:00+00:00,64494.310000
2023-03-06T15:08:00+00:00,64043.110000
2023-03-06T15:08:00+00:00,64039.410000
2023-03-06T19:21:00+00:00,63568.210000
2023-03-07T15:00:00+00:00,63565.990000
2023-03-07T21:05:00+00:00,64208.770000
2023-03-08T15:00:00+00:00,64206.550000
2023-03-08T15:33:00+00:00,63730.330000
2023-03-09T14:45:00+00:00,63728.110000
2023-03-09T17:48:00+00:00,63355.390000
2023-03-10T14:45:00+00:00,63354.650000
2023-03-10T16:10:00+00:00,63070.410000
2023-03-13T13:48:00+00:00,63069.670000
2023-03-13T20:05:00+00:00,63270.430000
2023-03-14T14:22:00+00:00,63268.950000
2023-03-14T18:08:00+00:00,62901.470000
2023-03-16T13:53:00+00:00,62899.250000
2023-03-16T15:17:00+00:00,63950.780000
2023-03-17T14:00:00+00:00,63949.300000
2023-03-17T14:24:00+00:00,63624.820000
2023-03-17T14:26:00+00:00,63623.340000
2023-03-17T20:05:00+00:00,63684.860000
2023-03-20T13:48:00+00:00,63683.380000
2023-03-20T14:49:00+00:00,63321.900000
2023-03-21T13:48:00+00:00,63318.200000
2023-03-21T13:58:00+00:00,62884.500000
2023-03-21T14:00:00+00:00,62881.540000
2023-03-21T14:06:00+00:00,62488.580000
2023-03-22T13:50:00+00:00,62484.140000
2023-03-22T18:00:00+00:00,63529.700000
2023-03-23T14:00:00+00:00,63527.480000
2023-03-23T18:25:00+00:00,63157.760000
2023-03-27T13:46:00+00:00,63155.540000
2023-03-27T14:30:00+00:00,62758.820000
2023-03-29T13:48:00+00:00,62755.120000
2023-03-29T14:34:00+00:00,62343.920000
2023-03-30T14:00:00+00:00,62340.960000
2023-03-30T14:12:00+00:00,61950.000000
2023-03-30T14:12:00+00:00,61946.300000
2023-03-30T14:24:00+00:00,61500.100000
2023-03-31T13:48:00+00:00,61497.880000
2023-03-31T19:58:00+00:00,62481.910000
2023-04-03T13:48:00+00:00,62479.690000
2023-04-03T14:51:00+00:00,62120.470000
2023-04-04T14:00:00+00:00,62118.990000
2023-04-04T15:09:00+00:00,61788.510000
2023-04-05T13:46:00+00:00,61784.810000
2023-04-05T15:01:00+00:00,62912.360000
2023-04-06T14:02:00+00:00,62909.400000
2023-04-06T17:37:00+00:00,64076.440000
2023-04-10T13:46:00+00:00,64074.220000
2023-04-10T15:06:00+00:00,63664.000000
2023-04-11T14:05:00+00:00,63661.780000
2023-04-11T20:05:00+00:00,63767.560000
2023-04-12T13:45:00+00:00,63766.080000
2023-04-12T20:05:00+00:00,64236.600000
2023-04-13T14:05:00+00:00,64234.380000
2023-04-13T20:05:00+00:00,64953.660000
2023-04-14T13:46:00+00:00,64952.180000
2023-04-14T14:29:00+00:00,64595.700000
2023-04-17T14:06:00+00:00,64593.480000
2023-04-17T20:05:00+00:00,64306.260000
2023-04-18T13:47:00+00:00,64300.340000
2023-04-18T13:58:00+00:00,63830.420000
2023-04-18T13:58:00+00:00,63825.240000
2023-04-18T14:30:00+00:00,64992.560000
2023-04-20T13:45:00+00:00,64990.340000
2023-04-20T19:16:00+00:00,64584.620000
2023-04-21T13:50:00+00:00,64580.920000
2023-04-21T14:26:00+00:00,64154.720000
2023-04-21T14:26:00+00:00,64150.280000
2023-04-21T14:41:00+00:00,63689.840000
2023-04-25T13:46:00+00:00,63686.140000
2023-04-25T17:16:00+00:00,64763.690000
2023-04-26T13:58:00+00:00,64761.470000
2023-04-26T14:22:00+00:00,64387.250000
2023-04-26T14:23:00+00:00,64384.290000
2023-04-26T15:02:00+00:00,63909.330000
2023-04-27T14:09:00+00:00,63905.630000
2023-04-27T16:14:00+00:00,64908.180000
2023-04-28T14:10:00+00:00,64905.960000
2023-04-28T20:05:00+00:00,65356.740000
2023-05-01T13:50:00+00:00,65351.560000
2023-05-01T14:01:00+00:00,64880.880000
2023-05-01T14:17:00+00:00,64875.700000
2023-05-01T14:22:00+00:00,64436.520000
2023-05-02T14:09:00+00:00,64433.560000
2023-05-02T14:54:00+00:00,65405.600000
2023-05-03T13:45:00+00:00,65401.900000
2023-05-03T15:02:00+00:00,64980.700000
2023-05-04T13:45:00+00:00,64977.740000
2023-05-04T15:09:00+00:00,64540.780000
2023-05-05T13:49:00+00:00,64537.820000
2023-05-05T18:02:00+00:00,65594.860000
2023-05-08T13:47:00+00:00,65590.420000
2023-05-08T15:46:00+00:00,65102.980000
2023-05-09T13:56:00+00:00,65095.580000
2023-05-09T15:12:00+00:00,64613.180000
2023-05-10T14:06:00+00:00,64611.700000
2023-05-10T14:46:00+00:00,64208.220000
2023-05-12T13:48:00+00:00,64203.780000
2023-05-12T16:22:00+00:00,65249.340000
2023-05-15T13:45:00+00:00,65244.160000
2023-05-15T13:51:00+00:00,64790.980000
2023-05-15T13:51:00+00:00,64785.800000
2023-05-15T15:15:00+00:00,64304.620000
2023-05-16T13:45:00+00:00,64302.400000
2023-05-16T20:05:00+00:00,64160.680000
2023-05-17T13:46:00+00:00,64154.760000
2023-05-17T15:00:00+00:00,63672.840000
2023-05-18T13:57:00+00:00,63670.620000
2023-05-18T19:44:00+00:00,64617.150000
2023-05-19T13:49:00+00:00,64613.450000
2023-05-19T20:05:00+00:00,64957.250000
2023-05-22T13:49:00+00:00,64955.030000
2023-05-22T20:05:00+00:00,64865.810000
2023-05-23T13:51:00+00:00,64862.110000
2023-05-23T16:35:00+00:00,64408.410000
2023-05-24T14:04:00+00:00,64405.450000
2023-05-24T19:20:00+00:00,63934.490000
2023-05-25T13:50:00+00:00,63933.010000
2023-05-25T15:12:00+00:00,63486.530000
2023-05-26T13:48:00+00:00,63484.310000
2023-05-26T15:45:00+00:00,64648.340000
2023-05-29T14:10:00+00:00,64633.540000
2023-05-29T16:59:00+00:00,65793.740000
2023-05-30T13:52:00+00:00,65792.260000
2023-05-30T20:05:00+00:00,66041.780000
2023-05-31T13:46:00+00:00,66039.560000
2023-05-31T14:14:00+00:00,65579.840000
2023-05-31T14:14:00+00:00,65577.620000
2023-05-31T20:05:00+00:00,65719.400000
2023-06-01T13:57:00+00:00,65717.180000
2023-06-01T17:54:00+00:00,66704.960000
2023-06-02T13:49:00+00:00,66703.480000
2023-06-02T20:05:00+00:00,66523.000000
2023-06-06T14:10:00+00:00,66520.780000
2023-06-06T20:05:00+00:00,66671.560000
2023-06-07T14:15:00+00:00,66670.080000
2023-06-07T19:39:00+00:00,67683.600000
2023-06-08T14:05:00+00:00,67681.380000
2023-06-08T20:05:00+00:00,68247.660000
2023-06-09T13:45:00+00:00,68245.440000
2023-06-09T15:28:00+00:00,67784.220000
2023-06-12T14:05:00+00:00,67780.520000
2023-06-12T14:46:00+00:00,67286.820000
2023-06-13T13:45:00+00:00,67284.600000
2023-06-13T20:05:00+00:00,67094.880000
2023-06-14T13:45:00+00:00,67091.920000
2023-06-14T18:01:00+00:00,66662.960000
2023-06-15T13:48:00+00:00,66661.480000
2023-06-15T18:51:00+00:00,67500.000000
2023-06-16T13:46:00+00:00,67498.520000
2023-06-16T20:05:00+00:00,67686.040000
2023-06-19T14:10:00+00:00,67675.680000
2023-06-20T00:01:00+00:00,67182.320000
2023-06-20T13:48:00+00:00,67180.840000
2023-06-20T14:01:00+00:00,66772.360000
2023-06-20T14:15:00+00:00,66770.880000
2023-06-20T20:05:00+00:00,66615.400000
2023-06-21T13:45:00+00:00,66612.440000
2023-06-21T15:08:00+00:00,67759.480000
2023-06-22T13:45:00+00:00,67758.000000
2023-06-22T20:05:00+00:00,68406.520000
2023-06-23T13:45:00+00:00,68405.040000
2023-06-23T16:15:00+00:00,68033.560000
2023-06-26T13:46:00+00:00,68031.340000
2023-06-26T15:05:00+00:00,67621.120000
2023-06-27T14:12:00+00:00,67618.900000
2023-06-27T15:28:00+00:00,67151.680000
2023-06-28T13:57:00+00:00,67149.460000
2023-06-28T20:05:00+00:00,67534.240000
2023-06-29T14:07:00+00:00,67532.020000
2023-06-29T20:05:00+00:00,67222.300000
2023-06-30T13:45:00+00:00,67220.080000
2023-06-30T20:05:00+00:00,67286.860000
2023-07-03T13:47:00+00:00,67282.420000
2023-07-03T14:32:00+00:00,66809.980000
2023-07-04T13:47:00+00:00,66787.780000
2023-07-04T14:35:00+00:00,67628.080000
2023-07-05T13:45:00+00:00,67626.600000
2023-07-05T20:05:00+00:00,67517.120000
2023-07-06T13:54:00+00:00,67514.900000
2023-07-06T16:34:00+00:00,67050.680000
2023-07-07T13:46:00+00:00,67047.720000
2023-07-07T14:34:00+00:00,66556.760000
2023-07-10T13:46:00+00:00,66554.540000
2023-07-10T20:05:00+00:00,66160.820000
2023-07-11T13:56:00+00:00,66159.340000
2023-07-11T15:59:00+00:00,65806.860000
2023-07-12T13:48:00+00:00,65803.900000
2023-07-12T15:39:00+00:00,65394.940000
2023-07-13T13:54:00+00:00,65392.720000
2023-07-13T20:05:00+00:00,65914.000000
2023-07-14T13:51:00+00:00,65912.520000
2023-07-14T18:25:00+00:00,65574.040000
2023-07-17T13:45:00+00:00,65571.080000
2023-07-17T15:28:00+00:00,65102.120000
2023-07-18T13:51:00+00:00,65099.900000
2023-07-18T15:40:00+00:00,64665.680000
2023-07-19T14:15:00+00:00,64663.460000
2023-07-19T14:43:00+00:00,64278.740000
2023-07-20T14:03:00+00:00,64276.520000
2023-07-20T18:16:00+00:00,65271.800000
2023-07-21T13:48:00+00:00,65269.580000
2023-07-21T20:05:00+00:00,65871.860000
2023-07-24T13:46:00+00:00,65868.900000
2023-07-24T20:05:00+00:00,65759.940000
2023-07-25T13:45:00+00:00,65756.980000
2023-07-25T20:05:00+00:00,66018.020000
2023-07-27T13:45:00+00:00,66015.800000
2023-07-27T14:24:00+00:00,65544.080000
2023-07-27T14:24:00+00:00,65541.860000
2023-07-27T18:25:00+00:00,66672.140000
2023-07-28T13:48:00+00:00,66669.920000
2023-07-28T20:05:00+00:00,66904.700000
2023-07-31T13:45:00+00:00,66901.740000
2023-07-31T13:55:00+00:00,66430.780000
2023-07-31T13:55:00+00:00,66428.560000
2023-07-31T20:05:00+00:00,66118.840000
2023-08-01T14:05:00+00:00,66115.140000
2023-08-01T14:14:00+00:00,65668.940000
2023-08-01T14:14:00+00:00,65665.240000
2023-08-01T14:32:00+00:00,65174.040000
2023-08-02T14:06:00+00:00,65172.560000
2023-08-02T20:05:00+00:00,65641.080000
2023-08-03T13:47:00+00:00,65639.600000
2023-08-03T20:05:00+00:00,65835.120000
2023-08-04T13:51:00+00:00,65833.640000
2023-08-04T16:25:00+00:00,65396.160000
2023-08-07T13:48:00+00:00,65394.680000
2023-08-07T19:50:00+00:00,65021.200000
2023-08-08T13:45:00+00:00,65018.980000
2023-08-08T20:05:00+00:00,64784.260000
2023-08-09T13:50:00+00:00,64782.780000
2023-08-09T20:05:00+00:00,65077.300000
2023-08-10T13:46:00+00:00,65075.820000
2023-08-10T15:20:00+00:00,64682.340000
2023-08-11T14:02:00+00:00,64680.120000
2023-08-11T15:25:00+00:00,64302.900000
2023-08-14T13:45:00+00:00,64300.680000
2023-08-14T20:05:00+00:00,65264.460000
2023-08-15T13:45:00+00:00,65262.240000
2023-08-15T20:05:00+00:00,65827.020000
2023-08-16T13:47:00+00:00,65824.060000
2023-08-16T15:50:00+00:00,65345.100000
2023-08-17T13:46:00+00:00,65342.880000
2023-08-17T19:15:00+00:00,66371.910000
2023-08-18T13:48:00+00:00,66368.950000
2023-08-18T14:03:00+00:00,65927.990000
2023-08-18T14:17:00+00:00,65925.030000
2023-08-18T14:35:00+00:00,65476.070000
2023-08-21T13:56:00+00:00,65474.590000
2023-08-21T15:10:00+00:00,65109.110000
2023-08-22T13:54:00+00:00,65106.890000
2023-08-22T20:05:00+00:00,65407.670000
2023-08-23T13:45:00+00:00,65403.970000
2023-08-23T14:42:00+00:00,66544.020000
2023-08-24T13:45:00+00:00,66543.280000
2023-08-24T19:47:00+00:00,67211.290000
2023-08-25T13:53:00+00:00,67208.330000
2023-08-25T14:08:00+00:00,66709.370000
2023-08-25T14:08:00+00:00,66706.410000
2023-08-25T14:13:00+00:00,66235.450000
2023-08-28T13:51:00+00:00,66233.970000
2023-08-28T20:05:00+00:00,65958.490000
2023-08-29T13:45:00+00:00,65957.010000
2023-08-29T16:26:00+00:00,66883.030000
2023-08-30T13:54:00+00:00,66880.810000
2023-08-30T14:26:00+00:00,66415.090000
2023-08-30T14:27:00+00:00,66412.870000
2023-08-30T14:34:00+00:00,65987.650000
2023-08-31T13:45:00+00:00,65985.430000
2023-08-31T20:05:00+00:00,65909.710000
2023-09-01T13:45:00+00:00,65908.970000
2023-09-01T20:05:00+00:00,65935.730000
2023-09-04T13:52:00+00:00,65928.330000
2023-09-04T14:14:00+00:00,65455.930000
2023-09-04T14:18:00+00:00,65448.530000
2023-09-05T00:24:00+00:00,66578.630000
2023-09-05T14:04:00+00:00,66575.670000
2023-09-05T14:24:00+00:00,66082.710000
2023-09-05T14:24:00+00:00,66079.750000
2023-09-05T20:05:00+00:00,66218.790000
2023-09-06T13:52:00+00:00,66215.090000
2023-09-06T14:00:00+00:00,65736.390000
2023-09-06T14:00:00+00:00,65733.430000
2023-09-06T16:48:00+00:00,66815.470000
2023-09-08T13:48:00+00:00,66813.990000
2023-09-08T18:59:00+00:00,66444.510000
2023-09-11T13:45:00+00:00,66442.290000
2023-09-11T17:31:00+00:00,65988.570000
2023-09-12T13:56:00+00:00,65986.350000
2023-09-12T14:27:00+00:00,65604.630000
2023-09-12T14:27:00+00:00,65602.410000
2023-09-12T20:05:00+00:00,66080.190000
2023-09-13T14:05:00+00:00,66077.970000
2023-09-13T14:40:00+00:00,65658.750000
2023-09-14T13:50:00+00:00,65655.790000
2023-09-14T14:41:00+00:00,65162.830000
2023-09-15T13:46:00+00:00,65161.350000
2023-09-15T20:05:00+00:00,65683.870000
2023-09-18T14:17:00+00:00,65682.390000
2023-09-18T20:05:00+00:00,65602.910000
2023-09-19T13:50:00+00:00,65599.950000
2023-09-19T17:47:00+00:00,65166.990000
2023-09-20T13:56:00+00:00,65164.030000
2023-09-20T14:14:00+00:00,64689.070000
2023-09-20T14:14:00+00:00,64686.110000
2023-09-20T19:18:00+00:00,65833.150000
2023-09-21T13:46:00+00:00,65829.450000
2023-09-21T20:03:00+00:00,67038.250000
2023-09-22T13:47:00+00:00,67035.290000
2023-09-22T18:12:00+00:00,66592.330000
2023-09-25T13:46:00+00:00,66590.850000
2023-09-25T20:05:00+00:00,66866.370000
2023-09-26T13:49:00+00:00,66862.670000
2023-09-26T19:18:00+00:00,68027.720000
2023-09-27T13:46:00+00:00,68024.020000
2023-09-27T14:01:00+00:00,67552.820000
2023-09-27T14:01:00+00:00,67549.120000
2023-09-27T17:20:00+00:00,68670.420000
2023-09-28T13:53:00+00:00,68668.200000
2023-09-28T16:17:00+00:00,69775.980000
2023-09-29T13:48:00+00:00,69772.280000
2023-09-29T14:24:00+00:00,69253.580000
2023-09-29T14:24:00+00:00,69249.140000
2023-09-29T14:45:00+00:00,68752.700000
2023-10-02T14:02:00+00:00,68751.220000
2023-10-02T20:05:00+00:00,68821.740000
2023-10-03T13:49:00+00:00,68818.780000
2023-10-03T14:02:00+00:00,68353.820000
2023-10-03T14:02:00+00:00,68350.860000
2023-10-03T15:02:00+00:00,69447.900000
2023-10-04T14:08:00+00:00,69446.420000
2023-10-04T14:41:00+00:00,69076.940000
2023-10-05T13:48:00+00:00,69074.720000
2023-10-05T20:05:00+00:00,69032.000000
2023-10-06T14:23:00+00:00,69030.520000
2023-10-06T16:01:00+00:00,70066.540000
2023-10-09T13:45:00+00:00,70064.320000
2023-10-09T20:05:00+00:00,71038.600000
2023-10-10T13:58:00+00:00,71034.900000
2023-10-10T15:16:00+00:00,72268.700000
2023-10-11T14:00:00+00:00,72266.480000
2023-10-11T20:01:00+00:00,71814.260000
2023-10-12T14:06:00+00:00,71811.300000
2023-10-12T17:08:00+00:00,71348.340000
2023-10-13T14:07:00+00:00,71346.120000
2023-10-13T17:26:00+00:00,72461.400000
2023-10-16T14:12:00+00:00,72459.920000
2023-10-16T20:05:00+00:00,72588.440000
2023-10-17T13:45:00+00:00,72585.480000
2023-10-17T14:09:00+00:00,72108.520000
2023-10-17T14:11:00+00:00,72105.560000
2023-10-17T16:02:00+00:00,73187.600000
2023-10-18T14:19:00+00:00,73185.380000
2023-10-18T14:35:00+00:00,72731.660000
2023-10-19T14:29:00+00:00,72730.180000
2023-10-19T16:02:00+00:00,72305.700000
2023-10-20T14:11:00+00:00,72304.220000
2023-10-20T20:05:00+00:00,72800.740000
2023-10-23T13:55:00+00:00,72799.260000
2023-10-23T20:05:00+00:00,73204.780000
2023-10-24T14:29:00+00:00,73202.560000
2023-10-24T16:20:00+00:00,72690.340000
2023-10-25T13:45:00+00:00,72688.860000
2023-10-25T20:05:00+00:00,73295.380000
2023-10-26T13:48:00+00:00,73293.900000
2023-10-26T20:05:00+00:00,73831.420000
2023-10-27T13:49:00+00:00,73827.720000
2023-10-27T14:05:00+00:00,73294.020000
2023-10-27T14:06:00+00:00,73290.320000
2023-10-27T14:09:00+00:00,72784.120000
2023-10-30T13:45:00+00:00,72782.640000
2023-10-30T14:28:00+00:00,72330.160000
2023-10-31T13:52:00+00:00,72328.680000
2023-10-31T14:54:00+00:00,71874.200000
2023-11-01T13:46:00+00:00,71871.240000
2023-11-01T19:10:00+00:00,73018.280000
2023-11-02T14:07:00+00:00,73015.320000
2023-11-02T14:51:00+00:00,72498.360000
2023-11-03T13:45:00+00:00,72495.400000
2023-11-03T20:05:00+00:00,73092.440000
2023-11-06T14:52:00+00:00,73089.480000
2023-11-06T21:05:00+00:00,72884.520000
2023-11-07T14:55:00+00:00,72881.560000
2023-11-07T21:05:00+00:00,73528.600000
2023-11-08T15:02:00+00:00,73524.900000
2023-11-08T21:05:00+00:00,73368.700000
2023-11-09T14:59:00+00:00,73365.740000
2023-11-09T15:07:00+00:00,72900.780000
2023-11-09T15:07:00+00:00,72897.820000
2023-11-09T16:07:00+00:00,72380.860000
2023-11-10T14:52:00+00:00,72378.640000
2023-11-10T19:51:00+00:00,73550.170000
2023-11-13T14:52:00+00:00,73547.210000
2023-11-13T15:46:00+00:00,73094.250000
2023-11-14T14:45:00+00:00,73091.290000
2023-11-14T21:05:00+00:00,73380.330000
2023-11-15T14:46:00+00:00,73375.890000
2023-11-15T15:51:00+00:00,72885.450000
2023-11-16T14:45:00+00:00,72879.530000
2023-11-16T15:41:00+00:00,72353.610000
2023-11-17T14:52:00+00:00,72349.170000
2023-11-17T15:14:00+00:00,71828.730000
2023-11-17T15:23:00+00:00,71824.290000
2023-11-17T16:05:00+00:00,71309.850000
2023-11-20T14:51:00+00:00,71308.370000
2023-11-20T21:05:00+00:00,71691.890000
2023-11-21T15:17:00+00:00,71687.450000
2023-11-21T21:05:00+00:00,71686.010000
2023-11-22T14:53:00+00:00,71684.530000
2023-11-22T21:05:00+00:00,71744.050000
2023-11-23T15:04:00+00:00,71731.470000
2023-11-23T15:50:00+00:00,71191.890000
2023-11-24T15:16:00+00:00,71188.930000
2023-11-27T15:09:00+00:00,70811.970000
2023-11-27T15:09:00+00:00,70809.750000
2023-11-27T15:10:00+00:00,70807.530000
2023-11-27T21:05:00+00:00,70575.810000
2023-11-27T21:05:00+00:00,70362.090000
2023-11-28T14:54:00+00:00,70358.390000
2023-11-28T15:39:00+00:00,69879.690000
2023-11-29T15:05:00+00:00,69877.470000
2023-11-29T21:05:00+00:00,70500.750000
2023-11-30T14:45:00+00:00,70499.270000
2023-11-30T21:05:00+00:00,70490.790000
2023-12-01T14:45:00+00:00,70487.830000
2023-12-01T15:26:00+00:00,69974.870000
2023-12-04T14:50:00+00:00,69971.170000
2023-12-04T20:50:00+00:00,69467.470000
2023-12-05T14:53:00+00:00,69465.250000
2023-12-05T21:05:00+00:00,69829.030000
2023-12-06T15:00:00+00:00,69827.550000
2023-12-06T21:05:00+00:00,70277.070000
2023-12-07T14:50:00+00:00,70274.850000
2023-12-07T15:21:00+00:00,69767.130000
2023-12-07T15:21:00+00:00,69764.910000
2023-12-07T21:05:00+00:00,69956.190000
2023-12-08T15:00:00+00:00,69953.970000
2023-12-08T21:05:00+00:00,70308.750000
2023-12-11T14:47:00+00:00,70307.270000
2023-12-11T21:05:00+00:00,70607.790000
2023-12-12T14:56:00+00:00,70604.830000
2023-12-12T21:04:00+00:00,71731.870000
2023-12-13T14:56:00+00:00,71728.910000
2023-12-13T19:02:00+00:00,71289.950000
2023-12-14T14:46:00+00:00,71286.250000
2023-12-14T15:05:00+00:00,70760.050000
2023-12-14T15:05:00+00:00,70757.090000
2023-12-14T18:49:00+00:00,71859.130000
2023-12-15T15:15:00+00:00,71856.170000
2023-12-15T18:41:00+00:00,71317.210000
2023-12-18T14:57:00+00:00,71313.510000
2023-12-18T21:05:00+00:00,71729.810000
2023-12-20T14:55:00+00:00,71726.110000
2023-12-20T19:39:00+00:00,71217.410000
2023-12-21T14:57:00+00:00,71214.450000
2023-12-21T20:51:00+00:00,70737.490000
2023-12-22T14:50:00+00:00,70733.790000
2023-12-22T16:00:00+00:00,70215.090000
2023-12-26T15:26:00+00:00,70211.390000
2023-12-26T21:05:00+00:00,70500.190000
2023-12-27T15:00:00+00:00,70494.270000
2023-12-27T15:11:00+00:00,69988.350000
2023-12-27T15:11:00+00:00,69982.430000
2023-12-27T18:12:00+00:00,69476.510000
2023-12-28T14:51:00+00:00,69472.070000
2023-12-28T21:05:00+00:00,69668.630000
2023-12-29T14:50:00+00:00,69662.710000
2023-12-29T15:33:00+00:00,69164.790000
2024-01-02T14:45:00+00:00,69163.310000
2024-01-02T21:05:00+00:00,69290.830000
2024-01-03T15:12:00+00:00,69288.610000
2024-01-03T21:05:00+00:00,69497.890000
2024-01-04T15:08:00+00:00,69494.930000
2024-01-04T20:55:00+00:00,68979.970000
2024-01-05T15:00:00+00:00,68977.010000
2024-01-05T18:16:00+00:00,68488.050000
2024-01-08T14:45:00+00:00,68485.830000
2024-01-08T19:58:00+00:00,69698.610000
2024-01-09T15:09:00+00:00,69695.650000
2024-01-09T21:05:00+00:00,70598.690000
2024-01-10T14:50:00+00:00,70594.250000
2024-01-10T15:42:00+00:00,70079.810000
2024-01-11T14:45:00+00:00,70077.590000
2024-01-11T16:39:00+00:00,71219.120000
2024-01-12T14:45:00+00:00,71216.160000
2024-01-12T15:00:00+00:00,70681.200000
2024-01-12T15:00:00+00:00,70678.980000
2024-01-12T21:05:00+00:00,70691.760000
2024-01-15T14:46:00+00:00,70679.180000
2024-01-15T15:38:00+00:00,70156.600000
2024-01-16T14:46:00+00:00,70154.380000
2024-01-16T15:16:00+00:00,69687.160000
2024-01-16T15:16:00+00:00,69684.940000
2024-01-16T19:18:00+00:00,69217.720000
2024-01-17T14:46:00+00:00,69216.240000
2024-01-17T19:45:00+00:00,68763.760000
2024-01-18T15:03:00+00:00,68760.800000
2024-01-18T15:37:00+00:00,68259.840000
2024-01-19T14:54:00+00:00,68256.140000
2024-01-19T17:54:00+00:00,69346.190000
2024-01-22T15:28:00+00:00,69344.710000
2024-01-22T21:05:00+00:00,69508.230000
2024-01-24T15:15:00+00:00,69505.270000
2024-01-24T19:23:00+00:00,68982.310000
2024-01-25T14:56:00+00:00,68979.350000
2024-01-25T15:21:00+00:00,68502.390000
2024-01-25T15:22:00+00:00,68499.430000
2024-01-25T17:08:00+00:00,68076.470000
2024-01-26T14:52:00+00:00,68072.770000
2024-01-26T15:27:00+00:00,67601.570000
2024-01-26T15:28:00+00:00,67598.610000
2024-01-26T17:49:00+00:00,67185.650000
2024-01-30T15:00:00+00:00,67181.210000
2024-01-30T21:02:00+00:00,68369.270000
2024-01-31T14:47:00+00:00,68367.050000
2024-01-31T19:39:00+00:00,67932.830000
2024-02-01T14:58:00+00:00,67929.130000
2024-02-01T15:08:00+00:00,67462.930000
2024-02-01T15:08:00+00:00,67459.230000
2024-02-01T15:54:00+00:00,66970.530000
2024-02-02T14:45:00+00:00,66969.790000
2024-02-02T21:05:00+00:00,67215.050000
2024-02-05T14:49:00+00:00,67211.350000
2024-02-05T15:41:00+00:00,68363.900000
2024-02-06T14:48:00+00:00,68361.680000
2024-02-06T21:05:00+00:00,68663.960000
2024-02-07T14:45:00+00:00,68661.000000
2024-02-07T15:13:00+00:00,68206.040000
2024-02-07T15:13:00+00:00,68203.820000
2024-02-07T21:05:00+00:00,68395.100000
2024-02-08T15:01:00+00:00,68391.400000
2024-02-08T21:05:00+00:00,68465.200000
2024-02-09T14:54:00+00:00,68460.760000
2024-02-09T16:07:00+00:00,69566.320000
2024-02-13T14:54:00+00:00,69564.840000
2024-02-13T19:53:00+00:00,69196.360000
2024-02-14T15:19:00+00:00,69194.140000
2024-02-14T16:00:00+00:00,68693.920000
2024-02-15T14:54:00+00:00,68691.700000
2024-02-15T18:17:00+00:00,68221.480000
2024-02-16T14:48:00+00:00,68218.520000
2024-02-16T15:00:00+00:00,69375.560000
2024-02-19T15:18:00+00:00,69368.900000
2024-02-20T01:45:00+00:00,70554.740000
2024-02-20T14:51:00+00:00,70554.000000
2024-02-20T21:05:00+00:00,70490.760000
2024-02-21T14:50:00+00:00,70487.800000
2024-02-21T15:04:00+00:00,70030.840000
2024-02-21T15:04:00+00:00,70028.620000
2024-02-21T15:31:00+00:00,69621.400000
2024-02-22T14:45:00+00:00,69619.180000
2024-02-22T21:05:00+00:00,70167.460000
2024-02-23T14:56:00+00:00,70164.500000
2024-02-23T16:13:00+00:00,71286.540000
2024-02-26T14:46:00+00:00,71283.580000
2024-02-26T16:51:00+00:00,70758.620000
2024-02-27T15:19:00+00:00,70756.400000
2024-02-27T17:52:00+00:00,70229.180000
2024-02-28T14:50:00+00:00,70226.220000
2024-02-28T16:00:00+00:00,69749.260000
2024-02-29T15:10:00+00:00,69746.300000
2024-02-29T20:48:00+00:00,69253.340000
2024-03-01T15:00:00+00:00,69250.380000
2024-03-01T17:49:00+00:00,70317.420000
2024-03-04T15:05:00+00:00,70313.720000
2024-03-04T19:39:00+00:00,69810.020000
2024-03-05T14:46:00+00:00,69808.540000
2024-03-05T21:05:00+00:00,70118.060000
2024-03-06T14:50:00+00:00,70115.100000
2024-03-06T16:55:00+00:00,69594.140000
2024-03-07T14:45:00+00:00,69591.920000
2024-03-07T15:15:00+00:00,69099.200000
2024-03-07T15:15:00+00:00,69096.980000
2024-03-07T21:05:00+00:00,69240.260000
2024-03-08T14:48:00+00:00,69238.040000
2024-03-08T16:08:00+00:00,68832.320000
2024-03-11T13:59:00+00:00,68830.840000
2024-03-11T14:54:00+00:00,68426.360000
2024-03-12T13:45:00+00:00,68425.620000
2024-03-12T14:23:00+00:00,68132.880000
2024-03-12T14:23:00+00:00,68132.140000
2024-03-12T20:05:00+00:00,68378.400000
2024-03-13T13:45:00+00:00,68376.180000
2024-03-13T20:05:00+00:00,68499.960000
2024-03-14T13:47:00+00:00,68497.740000
2024-03-14T20:05:00+00:00,68746.020000
2024-03-15T13:46:00+00:00,68744.540000
2024-03-15T20:05:00+00:00,68768.060000
2024-03-18T13:46:00+00:00,68765.840000
2024-03-18T15:53:00+00:00,68316.620000
2024-03-21T13:48:00+00:00,68314.400000
2024-03-21T20:05:00+00:00,68796.680000
2024-03-22T13:49:00+00:00,68792.240000
2024-03-22T14:02:00+00:00,68277.800000
2024-03-22T14:02:00+00:00,68273.360000
2024-03-22T14:40:00+00:00,67770.920000
2024-03-25T13:53:00+00:00,67768.700000
2024-03-25T20:05:00+00:00,67953.980000
2024-03-26T14:00:00+00:00,67951.020000
2024-03-26T14:29:00+00:00,67520.060000
2024-03-27T13:54:00+00:00,67518.580000
2024-03-27T20:05:00+00:00,67308.100000
2024-03-28T13:45:00+00:00,67305.140000
2024-03-28T17:17:00+00:00,66840.180000
2024-04-02T14:12:00+00:00,66837.960000
2024-04-02T17:00:00+00:00,66393.240000
2024-04-03T14:00:00+00:00,66391.020000
2024-04-03T20:05:00+00:00,66832.800000
2024-04-04T13:51:00+00:00,66829.840000
2024-04-04T18:18:00+00:00,67901.880000
2024-04-05T13:47:00+00:00,67899.660000
2024-04-05T16:57:00+00:00,69097.440000
2024-04-08T14:29:00+00:00,69095.960000
2024-04-08T20:05:00+00:00,68962.480000
2024-04-09T13:50:00+00:00,68960.260000
2024-04-09T14:43:00+00:00,69933.040000
2024-04-10T13:46:00+00:00,69930.820000
2024-04-10T13:54:00+00:00,69445.600000
2024-04-10T13:56:00+00:00,69443.380000
2024-04-10T17:08:00+00:00,68947.660000
2024-04-11T14:11:00+00:00,68944.700000
2024-04-11T15:16:00+00:00,68437.740000
2024-04-12T13:46:00+00:00,68434.040000
2024-04-12T14:07:00+00:00,67935.340000
2024-04-12T14:08:00+00:00,67932.380000
2024-04-12T17:02:00+00:00,68984.420000
2024-04-15T14:08:00+00:00,68982.940000
2024-04-15T17:21:00+00:00,69863.960000
2024-04-16T13:46:00+00:00,69861.000000
2024-04-16T13:56:00+00:00,69416.040000
2024-04-16T13:57:00+00:00,69413.080000
2024-04-16T14:37:00+00:00,68912.120000
2024-04-17T13:49:00+00:00,68909.160000
2024-04-17T14:54:00+00:00,69996.200000
2024-04-19T13:46:00+00:00,69993.980000
2024-04-19T13:52:00+00:00,69528.260000
2024-04-19T14:10:00+00:00,69526.040000
2024-04-19T16:11:00+00:00,70611.320000
2024-04-22T13:48:00+00:00,70608.360000
2024-04-22T14:09:00+00:00,70131.400000
2024-04-22T14:17:00+00:00,70127.700000
2024-04-22T15:15:00+00:00,71249.000000
2024-04-23T13:45:00+00:00,71247.520000
2024-04-23T20:05:00+00:00,71728.040000
2024-04-24T13:50:00+00:00,71725.820000
2024-04-24T13:56:00+00:00,71275.100000
2024-04-25T13:46:00+00:00,71272.880000
2024-04-25T17:47:00+00:00,72309.410000
2024-04-26T13:50:00+00:00,72307.930000
2024-04-26T20:05:00+00:00,72546.450000
2024-05-01T13:56:00+00:00,72542.750000
2024-05-01T18:04:00+00:00,71996.550000
2024-05-02T13:48:00+00:00,71995.070000
2024-05-02T17:28:00+00:00,71597.590000
2024-05-03T13:45:00+00:00,71595.370000
2024-05-03T14:13:00+00:00,71168.650000
2024-05-03T14:20:00+00:00,71165.690000
2024-05-03T14:44:00+00:00,70650.730000
2024-05-06T13:51:00+00:00,70647.770000
2024-05-06T20:05:00+00:00,71332.810000
2024-05-07T13:57:00+00:00,71328.370000
2024-05-07T14:55:00+00:00,70816.930000
2024-05-08T13:45:00+00:00,70813.230000
2024-05-08T20:05:00+00:00,71242.030000
2024-05-09T13:47:00+00:00,71239.810000
2024-05-09T14:38:00+00:00,70738.090000
2024-05-10T13:48:00+00:00,70735.870000
2024-05-10T14:19:00+00:00,70243.150000
2024-05-10T14:19:00+00:00,70240.930000
2024-05-10T20:05:00+00:00,70250.710000
2024-05-13T13:45:00+00:00,70248.490000
2024-05-13T20:05:00+00:00,70088.770000
2024-05-14T13:45:00+00:00,70085.810000
2024-05-14T20:05:00+00:00,70828.850000
2024-05-15T13:46:00+00:00,70824.410000
2024-05-15T14:18:00+00:00,70321.970000
2024-05-15T14:20:00+00:00,70317.530000
2024-05-15T17:01:00+00:00,71543.090000
2024-05-16T13:47:00+00:00,71536.430000
2024-05-16T17:25:00+00:00,71016.770000
2024-05-17T13:49:00+00:00,71010.110000
2024-05-17T14:30:00+00:00,70467.950000
2024-05-20T13:50:00+00:00,70465.730000
2024-05-20T20:05:00+00:00,70636.010000
2024-05-21T13:53:00+00:00,70631.570000
2024-05-21T20:05:00+00:00,71599.130000
2024-05-22T13:52:00+00:00,71594.690000
2024-05-22T17:37:00+00:00,71113.250000
2024-05-23T13:48:00+00:00,71111.030000
2024-05-23T18:04:00+00:00,72350.060000
2024-05-24T13:45:00+00:00,72346.360000
2024-05-24T13:54:00+00:00,71865.160000
2024-05-24T14:00:00+00:00,71862.200000
2024-05-24T20:05:00+00:00,72483.240000
2024-05-27T14:07:00+00:00,72477.320000
2024-05-27T14:58:00+00:00,71931.400000
2024-05-28T13:45:00+00:00,71929.180000
2024-05-28T15:32:00+00:00,71445.460000
2024-05-29T13:50:00+00:00,71443.240000
2024-05-29T20:05:00+00:00,71217.520000
2024-05-30T14:13:00+00:00,71215.300000
2024-05-30T20:05:00+00:00,71816.080000
2024-05-31T13:46:00+00:00,71813.120000
2024-05-31T14:24:00+00:00,72955.160000
2024-06-03T13:51:00+00:00,72952.200000
2024-06-03T16:12:00+00:00,74174.240000
2024-06-04T14:01:00+00:00,74172.020000
2024-06-04T14:14:00+00:00,73703.300000
2024-06-04T14:14:00+00:00,73701.080000
2024-06-04T14:41:00+00:00,73265.360000
2024-06-05T13:52:00+00:00,73260.920000
2024-06-05T14:00:00+00:00,72740.480000
2024-06-05T14:22:00+00:00,72736.040000
2024-06-05T15:13:00+00:00,73909.100000
2024-06-06T13:46:00+00:00,73904.660000
2024-06-06T20:05:00+00:00,74053.220000
2024-06-07T13:51:00+00:00,74050.260000
2024-06-07T20:05:00+00:00,73801.300000
2024-06-10T14:22:00+00:00,73797.600000
2024-06-10T20:05:00+00:00,74451.400000
2024-06-11T13:47:00+00:00,74449.180000
2024-06-11T14:29:00+00:00,74004.460000
2024-06-12T13:45:00+00:00,74002.980000
2024-06-12T20:05:00+00:00,73975.500000
2024-06-13T14:10:00+00:00,73971.800000
2024-06-13T20:05:00+00:00,73850.600000
2024-06-14T13:45:00+00:00,73846.900000
2024-06-14T20:05:00+00:00,74638.200000
2024-06-17T13:47:00+00:00,74634.500000
2024-06-17T14:10:00+00:00,74138.300000
2024-06-17T14:10:00+00:00,74134.600000
2024-06-17T16:46:00+00:00,75330.900000
2024-06-18T13:49:00+00:00,75326.460000
2024-06-18T17:45:00+00:00,74791.020000
2024-06-20T14:09:00+00:00,74788.060000
2024-06-20T16:33:00+00:00,76180.100000
2024-06-21T13:45:00+00:00,76176.400000
2024-06-21T15:19:00+00:00,75605.200000
2024-06-24T13:48:00+00:00,75602.980000
2024-06-24T14:01:00+00:00,75108.760000
2024-06-24T14:01:00+00:00,75107.280000
2024-06-24T14:29:00+00:00,74709.800000
2024-06-25T13:47:00+00:00,74706.100000
2024-06-25T20:05:00+00:00,75832.400000
2024-06-26T13:45:00+00:00,75827.220000
2024-06-26T15:11:00+00:00,75272.540000
2024-06-27T14:14:00+00:00,75271.060000
2024-06-27T15:28:00+00:00,74783.580000
2024-06-28T13:45:00+00:00,74781.360000
2024-06-28T16:16:00+00:00,74350.140000
2024-07-01T13:45:00+00:00,74347.920000
2024-07-01T16:08:00+00:00,73895.700000
2024-07-02T13:46:00+00:00,73894.220000
2024-07-02T20:05:00+00:00,74489.740000
2024-07-03T13:49:00+00:00,74486.040000
2024-07-03T16:12:00+00:00,75782.340000
2024-07-04T13:49:00+00:00,75771.980000
2024-07-05T00:43:00+00:00,75215.620000
2024-07-05T13:46:00+00:00,75212.660000
2024-07-05T13:55:00+00:00,74725.700000
2024-07-05T13:55:00+00:00,74722.740000
2024-07-05T20:05:00+00:00,75561.780000
2024-07-08T13:50:00+00:00,75557.340000
2024-07-08T14:01:00+00:00,75000.900000
2024-07-09T14:24:00+00:00,74996.460000
2024-07-09T20:05:00+00:00,75532.020000
2024-07-10T13:49:00+00:00,75528.320000
2024-07-10T15:00:00+00:00,74994.620000
2024-07-11T13:52:00+00:00,74991.660000
2024-07-11T14:22:00+00:00,76353.700000
2024-07-12T13:48:00+00:00,76350.740000
2024-07-12T14:41:00+00:00,77512.780000
2024-07-15T13:46:00+00:00,77510.560000
2024-07-15T14:04:00+00:00,77055.340000
2024-07-15T14:09:00+00:00,77053.120000
2024-07-15T17:01:00+00:00,76612.900000
2024-07-16T13:48:00+00:00,76609.940000
2024-07-16T20:05:00+00:00,76820.980000
2024-07-17T13:59:00+00:00,76818.760000
2024-07-17T16:29:00+00:00,77904.040000
2024-07-18T13:45:00+00:00,77902.560000
2024-07-18T20:05:00+00:00,78437.080000
2024-07-19T14:27:00+00:00,78436.340000
2024-07-19T20:05:00+00:00,78657.600000
2024-07-22T13:46:00+00:00,78656.120000
2024-07-22T15:16:00+00:00,78191.640000
2024-07-23T14:21:00+00:00,78190.160000
2024-07-23T14:51:00+00:00,77754.680000
2024-07-24T13:56:00+00:00,77753.200000
2024-07-24T20:05:00+00:00,78924.720000
2024-07-25T13:54:00+00:00,78923.240000
2024-07-25T15:12:00+00:00,78419.760000
2024-07-26T13:49:00+00:00,78418.280000
2024-07-26T14:00:00+00:00,78002.800000
2024-07-26T14:07:00+00:00,78000.580000
2024-07-26T14:26:00+00:00,77468.860000
2024-07-29T13:45:00+00:00,77467.380000
2024-07-29T14:59:00+00:00,76921.900000
2024-07-30T13:45:00+00:00,76919.680000
2024-07-30T15:02:00+00:00,78158.710000
2024-07-31T14:01:00+00:00,78157.230000
2024-07-31T20:05:00+00:00,79011.750000
2024-08-01T13:47:00+00:00,79010.270000
2024-08-01T14:21:00+00:00,78454.790000
2024-08-01T14:22:00+00:00,78454.050000
2024-08-01T17:07:00+00:00,79282.060000
2024-08-02T14:05:00+00:00,79281.320000
2024-08-02T20:05:00+00:00,79167.580000
2024-08-05T13:47:00+00:00,79166.840000
2024-08-05T20:05:00+00:00,79607.100000
2024-08-06T14:02:00+00:00,79606.360000
2024-08-06T20:05:00+00:00,79554.620000
2024-08-07T13:50:00+00:00,79553.140000
2024-08-07T14:19:00+00:00,79117.660000
2024-08-07T14:28:00+00:00,79116.180000
2024-08-07T14:47:00+00:00,78640.700000
2024-08-08T13:47:00+00:00,78639.220000
2024-08-08T14:02:00+00:00,78050.740000
2024-08-08T14:02:00+00:00,78049.260000
2024-08-08T20:05:00+00:00,79158.780000
2024-08-09T13:46:00+00:00,79156.560000
2024-08-09T14:12:00+00:00,78606.840000
2024-08-09T14:12:00+00:00,78605.360000
2024-08-09T14:35:00+00:00,78194.880000
2024-08-12T13:46:00+00:00,78193.400000
2024-08-12T14:16:00+00:00,77711.920000
2024-08-12T14:16:00+00:00,77710.440000
2024-08-12T20:05:00+00:00,77527.960000
2024-08-13T13:49:00+00:00,77525.740000
2024-08-13T20:05:00+00:00,78817.270000
2024-08-14T13:52:00+00:00,78815.790000
2024-08-14T15:53:00+00:00,78282.310000
2024-08-15T13:49:00+00:00,78279.350000
2024-08-15T18:09:00+00:00,79736.390000
2024-08-16T14:03:00+00:00,79734.170000
2024-08-16T20:05:00+00:00,80151.950000
2024-08-19T13:48:00+00:00,80149.730000
2024-08-19T14:19:00+00:00,79676.510000
2024-08-19T14:19:00+00:00,79674.290000
2024-08-19T14:29:00+00:00,79174.070000
2024-08-20T13:48:00+00:00,79171.110000
2024-08-20T14:17:00+00:00,78646.150000
2024-08-20T14:27:00+00:00,78643.190000
2024-08-20T20:05:00+00:00,78602.230000
2024-08-21T13:45:00+00:00,78597.790000
2024-08-21T14:43:00+00:00,80033.350000
2024-08-22T13:46:00+00:00,80029.650000
2024-08-22T15:20:00+00:00,81413.450000
2024-08-23T14:00:00+00:00,81411.970000
2024-08-23T14:48:00+00:00,80965.490000
2024-08-26T13:45:00+00:00,80962.530000
2024-08-26T14:31:00+00:00,82189.570000
2024-08-27T13:45:00+00:00,82187.350000
2024-08-27T13:53:00+00:00,81649.630000
2024-08-27T13:53:00+00:00,81647.410000
2024-08-27T20:05:00+00:00,82254.190000
2024-08-28T13:45:00+00:00,82251.970000
2024-08-28T15:12:00+00:00,83464.750000
2024-08-29T13:49:00+00:00,83463.270000
2024-08-29T18:30:00+00:00,82910.790000
2024-08-30T13:45:00+00:00,82907.830000
2024-08-30T14:57:00+00:00,82364.870000
2024-09-02T13:45:00+00:00,82358.210000
2024-09-02T14:02:00+00:00,81789.050000
2024-09-02T14:05:00+00:00,81782.390000
2024-09-02T14:35:00+00:00,81217.730000
2024-09-03T13:54:00+00:00,81216.250000
2024-09-03T19:40:00+00:00,82632.270000
2024-09-04T13:45:00+00:00,82630.790000
2024-09-04T14:00:00+00:00,82197.310000
2024-09-04T14:00:00+00:00,82195.830000
2024-09-04T14:08:00+00:00,81745.350000
2024-09-05T13:54:00+00:00,81743.870000
2024-09-05T15:25:00+00:00,81143.390000
2024-09-06T13:59:00+00:00,81142.650000
2024-09-06T20:05:00+00:00,81742.410000
2024-09-09T13:51:00+00:00,81739.450000
2024-09-09T14:30:00+00:00,81176.490000
2024-09-10T14:13:00+00:00,81175.010000
2024-09-10T18:01:00+00:00,80728.530000
2024-09-11T13:46:00+00:00,80727.050000
2024-09-11T16:20:00+00:00,80300.570000
2024-09-12T13:49:00+00:00,80298.350000
2024-09-12T14:12:00+00:00,79811.630000
2024-09-12T14:12:00+00:00,79809.410000
2024-09-12T20:05:00+00:00,80551.190000
2024-09-13T14:07:00+00:00,80549.710000
2024-09-13T20:05:00+00:00,80603.230000
2024-09-16T13:54:00+00:00,80601.750000
2024-09-16T14:34:00+00:00,80142.270000
2024-09-17T13:49:00+00:00,80140.050000
2024-09-17T14:45:00+00:00,79659.330000
2024-09-18T14:11:00+00:00,79657.110000
2024-09-18T18:00:00+00:00,79189.890000
2024-09-19T13:50:00+00:00,79187.670000
2024-09-19T14:18:00+00:00,78675.450000
2024-09-19T14:18:00+00:00,78673.230000
2024-09-19T20:05:00+00:00,78626.010000
2024-09-20T13:56:00+00:00,78622.310000
2024-09-20T15:15:00+00:00,80049.860000
2024-09-23T13:49:00+00:00,80046.900000
2024-09-23T17:01:00+00:00,79489.940000
2024-09-24T13:57:00+00:00,79486.240000
2024-09-24T15:45:00+00:00,78885.040000
2024-09-25T13:56:00+00:00,78882.820000
2024-09-25T17:00:00+00:00,78384.100000
2024-09-26T13:48:00+00:00,78382.620000
2024-09-26T20:05:00+00:00,78662.140000
2024-09-27T14:16:00+00:00,78659.920000
2024-09-27T20:05:00+00:00,79226.200000
2024-09-30T14:14:00+00:00,79223.980000
2024-09-30T19:55:00+00:00,78671.260000
2024-10-01T13:47:00+00:00,78670.520000
2024-10-01T20:05:00+00:00,78754.280000
2024-10-02T14:11:00+00:00,78752.800000
2024-10-02T20:05:00+00:00,78980.320000
2024-10-03T13:54:00+00:00,78978.840000
2024-10-03T17:00:00+00:00,78508.360000
2024-10-04T13:53:00+00:00,78505.400000
2024-10-04T14:10:00+00:00,79772.440000
2024-10-07T13:53:00+00:00,79769.480000
2024-10-07T14:16:00+00:00,79254.520000
2024-10-07T14:19:00+00:00,79251.560000
2024-10-07T16:10:00+00:00,78750.600000
2024-10-08T13:52:00+00:00,78746.160000
2024-10-08T14:42:00+00:00,80174.220000
2024-10-09T14:11:00+00:00,80171.260000
2024-10-09T18:29:00+00:00,81433.300000
2024-10-10T13:47:00+00:00,81429.600000
2024-10-10T14:05:00+00:00,80838.400000
2024-10-10T14:05:00+00:00,80834.700000
2024-10-10T20:05:00+00:00,81078.500000
2024-10-11T13:46:00+00:00,81073.320000
2024-10-11T14:25:00+00:00,82511.890000
2024-10-14T13:45:00+00:00,82508.930000
2024-10-14T15:01:00+00:00,81967.970000
2024-10-15T14:12:00+00:00,81965.010000
2024-10-15T14:34:00+00:00,83247.050000
2024-10-16T13:46:00+00:00,83245.570000
2024-10-16T18:21:00+00:00,82778.090000
2024-10-17T14:01:00+00:00,82777.350000
2024-10-17T20:05:00+00:00,82764.610000
2024-10-18T14:07:00+00:00,82761.650000
2024-10-18T20:05:00+00:00,82676.690000
2024-10-21T13:49:00+00:00,82673.730000
2024-10-21T14:40:00+00:00,82130.770000
2024-10-22T13:45:00+00:00,82128.550000
2024-10-22T20:05:00+00:00,82475.830000
2024-10-23T14:02:00+00:00,82472.130000
2024-10-23T16:29:00+00:00,83943.430000
2024-10-24T13:48:00+00:00,83940.470000
2024-10-24T14:02:00+00:00,83361.510000
2024-10-25T13:45:00+00:00,83359.290000
2024-10-25T17:44:00+00:00,82740.570000
2024-10-28T13:50:00+00:00,82738.350000
2024-10-28T20:05:00+00:00,82931.130000
2024-10-29T14:03:00+00:00,82928.910000
2024-10-29T20:05:00+00:00,84059.190000
2024-10-30T14:12:00+00:00,84057.710000
2024-10-30T19:54:00+00:00,83546.230000
2024-10-31T13:45:00+00:00,83544.750000
2024-10-31T20:05:00+00:00,84286.270000
2024-11-01T13:55:00+00:00,84284.790000
2024-11-01T20:05:00+00:00,84238.310000
2024-11-04T15:01:00+00:00,84236.830000
2024-11-04T21:05:00+00:00,84004.350000
2024-11-05T14:49:00+00:00,84002.130000
2024-11-05T21:05:00+00:00,84719.910000
2024-11-06T14:50:00+00:00,84718.430000
2024-11-06T15:31:00+00:00,84140.950000
2024-11-07T14:56:00+00:00,84138.730000
2024-11-07T21:05:00+00:00,84912.010000
2024-11-08T15:05:00+00:00,84907.570000
2024-11-08T16:55:00+00:00,84285.130000
2024-11-11T14:45:00+00:00,84282.910000
2024-11-11T21:05:00+00:00,84100.690000
2024-11-12T14:57:00+00:00,84097.730000
2024-11-12T15:08:00+00:00,83572.770000
2024-11-13T14:49:00+00:00,83569.070000
2024-11-13T17:08:00+00:00,83020.370000
2024-11-14T14:46:00+00:00,83018.150000
2024-11-14T21:05:00+00:00,83500.430000
2024-11-15T14:58:00+00:00,83498.210000
2024-11-15T17:50:00+00:00,84804.740000
2024-11-18T14:46:00+00:00,84801.040000
2024-11-18T15:04:00+00:00,84244.840000
2024-11-18T15:04:00+00:00,84241.880000
2024-11-18T21:05:00+00:00,84650.920000
2024-11-19T15:29:00+00:00,84648.700000
2024-11-19T21:05:00+00:00,85697.980000
2024-11-20T14:58:00+00:00,85696.500000
2024-11-20T20:55:00+00:00,85173.020000
2024-11-21T15:01:00+00:00,85172.280000
2024-11-21T21:05:00+00:00,84777.040000
2024-11-22T14:48:00+00:00,84774.820000
2024-11-22T15:10:00+00:00,84219.100000
2024-11-22T15:11:00+00:00,84216.880000
2024-11-22T17:50:00+00:00,83643.160000
2024-11-25T14:53:00+00:00,83641.680000
2024-11-25T21:05:00+00:00,83863.200000
2024-11-26T14:45:00+00:00,83860.240000
2024-11-26T15:00:00+00:00,83313.280000
2024-11-26T15:17:00+00:00,83310.320000
2024-11-26T20:54:00+00:00,82751.360000
2024-11-27T14:54:00+00:00,82749.140000
2024-11-27T21:05:00+00:00,82905.920000
2024-11-28T14:55:00+00:00,82894.820000
2024-11-28T23:04:00+00:00,82261.220000
2024-11-29T14:46:00+00:00,82258.260000
2024-12-02T14:31:00+00:00,83735.300000
2024-12-02T14:49:00+00:00,83733.820000
2024-12-02T21:05:00+00:00,84022.340000
2024-12-03T15:00:00+00:00,84019.380000
2024-12-03T21:05:00+00:00,84694.420000
2024-12-04T15:07:00+00:00,84689.980000
2024-12-04T21:05:00+00:00,85657.540000
2024-12-05T14:49:00+00:00,85650.880000
2024-12-05T17:12:00+00:00,85045.720000
2024-12-06T14:45:00+00:00,85043.500000
2024-12-06T21:05:00+00:00,85479.280000
2024-12-09T14:49:00+00:00,85475.580000
2024-12-09T15:26:00+00:00,84846.880000
2024-12-09T15:26:00+00:00,84843.920000
2024-12-09T21:05:00+00:00,85708.960000
2024-12-10T14:45:00+00:00,85706.740000
2024-12-10T15:58:00+00:00,85220.020000
2024-12-11T14:45:00+00:00,85217.800000
2024-12-11T21:05:00+00:00,85856.080000
2024-12-12T15:09:00+00:00,85851.640000
2024-12-12T15:23:00+00:00,85286.200000
2024-12-12T15:23:00+00:00,85281.020000
2024-12-12T20:13:00+00:00,84680.840000
2024-12-13T14:45:00+00:00,84679.360000
2024-12-13T15:40:00+00:00,84232.880000
2024-12-16T14:53:00+00:00,84229.180000
2024-12-16T18:22:00+00:00,85787.980000
2024-12-17T15:03:00+00:00,85785.760000
2024-12-17T16:34:00+00:00,85242.040000
2024-12-18T15:05:00+00:00,85239.820000
2024-12-18T19:01:00+00:00,84672.100000
2024-12-19T14:54:00+00:00,84670.620000
2024-12-19T21:05:00+00:00,85405.140000
2024-12-20T14:50:00+00:00,85403.660000
2024-12-20T15:05:00+00:00,84842.180000
2024-12-20T15:05:00+00:00,84840.700000
2024-12-20T16:18:00+00:00,86176.720000
2024-12-23T14:46:00+00:00,86174.500000
2024-12-23T16:43:00+00:00,85668.280000
2024-12-24T14:46:00+00:00,85665.320000
2024-12-25T23:00:00+00:00,87197.360000
2024-12-26T14:49:00+00:00,87193.660000
2024-12-26T15:38:00+00:00,86642.460000
2024-12-27T15:00:00+00:00,86641.720000
2024-12-27T21:05:00+00:00,86494.980000
2024-12-30T14:57:00+00:00,86493.500000
2024-12-30T16:20:00+00:00,86016.020000
2024-12-31T15:08:00+00:00,86014.540000
2024-12-31T21:05:00+00:00,86534.060000
2025-01-02T14:54:00+00:00,86533.320000
2025-01-02T17:29:00+00:00,86106.080000
2025-01-03T15:21:00+00:00,86104.600000
2025-01-03T16:30:00+00:00,85460.120000
2025-01-06T14:49:00+00:00,85457.900000
2025-01-06T18:45:00+00:00,84816.680000
2025-01-07T15:00:00+00:00,84815.200000
2025-01-07T21:05:00+00:00,85917.720000
2025-01-08T15:02:00+00:00,85915.500000
2025-01-08T15:12:00+00:00,85290.780000
2025-01-08T15:13:00+00:00,85289.300000
2025-01-08T16:36:00+00:00,84776.820000
2025-01-10T14:46:00+00:00,84775.340000
2025-01-10T21:05:00+00:00,84957.860000
2025-01-13T14:53:00+00:00,84955.640000
2025-01-13T21:05:00+00:00,85968.920000
2025-01-14T14:53:00+00:00,85967.440000
2025-01-14T21:05:00+00:00,86117.960000
2025-01-15T14:47:00+00:00,86116.480000
2025-01-15T21:05:00+00:00,86345.000000
2025-01-16T14:46:00+00:00,86342.780000
2025-01-16T21:05:00+00:00,87291.560000
2025-01-17T15:27:00+00:00,87290.820000
2025-01-17T18:12:00+00:00,86958.080000
2025-01-20T15:16:00+00:00,86955.120000
2025-01-21T00:53:00+00:00,88332.160000
2025-01-21T14:54:00+00:00,88330.680000
2025-01-21T17:42:00+00:00,87789.200000
2025-01-22T14:49:00+00:00,87786.980000
2025-01-22T21:05:00+00:00,87807.260000
2025-01-24T14:46:00+00:00,87802.820000
2025-01-24T15:16:00+00:00,87150.380000
2025-01-24T15:20:00+00:00,87146.680000
2025-01-24T19:09:00+00:00,88567.980000
2025-01-27T14:47:00+00:00,88567.240000
2025-01-27T19:50:00+00:00,88168.500000
2025-01-28T14:47:00+00:00,88167.020000
2025-01-28T15:01:00+00:00,87549.540000
2025-01-28T15:01:00+00:00,87548.800000
2025-01-28T21:05:00+00:00,88005.060000
2025-01-29T15:26:00+00:00,88002.840000
2025-01-29T21:05:00+00:00,88491.120000
2025-01-30T14:46:00+00:00,88488.160000
2025-01-30T15:02:00+00:00,87875.200000
2025-01-30T15:03:00+00:00,87872.980000
2025-01-30T20:01:00+00:00,87332.260000
2025-01-31T14:52:00+00:00,87329.300000
2025-01-31T18:34:00+00:00,86726.340000
2025-02-03T15:02:00+00:00,86724.860000
2025-02-03T15:24:00+00:00,86099.380000
2025-02-03T15:25:00+00:00,86097.900000
2025-02-03T21:05:00+00:00,86527.420000
2025-02-04T14:50:00+00:00,86525.940000
2025-02-04T21:05:00+00:00,86950.460000
2025-02-05T15:00:00+00:00,86947.500000
2025-02-05T15:03:00+00:00,86382.540000
2025-02-05T15:04:00+00:00,86379.580000
2025-02-05T15:36:00+00:00,85798.620000
2025-02-06T14:45:00+00:00,85795.660000
2025-02-06T19:33:00+00:00,85234.700000
2025-02-07T15:00:00+00:00,85233.220000
2025-02-07T21:05:00+00:00,86232.740000
2025-02-10T14:46:00+00:00,86229.040000
2025-02-10T21:05:00+00:00,86505.340000
2025-02-11T15:01:00+00:00,86503.860000
2025-02-11T21:05:00+00:00,86395.380000
2025-02-12T14:46:00+00:00,86393.900000
2025-02-12T21:05:00+00:00,86947.420000
2025-02-13T15:16:00+00:00,86945.940000
2025-02-13T21:05:00+00:00,87479.460000
2025-02-14T15:07:00+00:00,87475.020000
2025-02-14T21:05:00+00:00,88253.580000
2025-02-18T14:45:00+00:00,88249.880000
2025-02-18T21:05:00+00:00,87938.680000
2025-02-19T14:49:00+00:00,87934.980000
2025-02-19T16:11:00+00:00,87368.780000
2025-02-20T14:46:00+00:00,87365.080000
2025-02-20T15:00:00+00:00,88998.880000
2025-02-21T14:56:00+00:00,88996.660000
2025-02-21T17:56:00+00:00,90411.940000
2025-02-24T14:50:00+00:00,90410.460000
2025-02-24T21:05:00+00:00,91408.980000
2025-02-25T14:47:00+00:00,91406.760000
2025-02-25T16:31:00+00:00,93062.040000
2025-02-26T14:49:00+00:00,93059.820000
2025-02-26T18:29:00+00:00,92529.600000
2025-02-27T14:50:00+00:00,92528.860000
2025-02-27T20:56:00+00:00,93623.120000
2025-02-28T15:10:00+00:00,93622.380000
2025-02-28T21:05:00+00:00,94039.640000
2025-03-03T14:49:00+00:00,94038.900000
2025-03-03T20:09:00+00:00,94935.660000
2025-03-04T14:59:00+00:00,94934.920000
2025-03-04T17:28:00+00:00,94537.680000
2025-03-05T14:56:00+00:00,94536.200000
2025-03-05T15:00:00+00:00,93885.720000
2025-03-05T15:00:00+00:00,93884.240000
2025-03-05T15:21:00+00:00,93309.760000
2025-03-06T14:50:00+00:00,93307.540000
2025-03-06T17:03:00+00:00,92736.820000
2025-03-07T14:48:00+00:00,92735.340000
2025-03-07T15:31:00+00:00,92047.860000
2025-03-10T13:53:00+00:00,92046.380000
2025-03-10T17:11:00+00:00,93304.900000
2025-03-11T13:48:00+00:00,93304.160000
2025-03-11T14:04:00+00:00,92932.420000
2025-03-11T14:04:00+00:00,92930.940000
2025-03-11T18:41:00+00:00,92256.460000
2025-03-12T13:48:00+00:00,92254.980000
2025-03-12T20:05:00+00:00,92537.500000
2025-03-13T13:50:00+00:00,92536.020000
2025-03-13T17:46:00+00:00,93692.040000
2025-03-14T13:50:00+00:00,93690.560000
2025-03-14T14:00:00+00:00,93026.080000
2025-03-18T13:52:00+00:00,93025.340000
2025-03-18T20:05:00+00:00,92978.600000
2025-03-19T13:54:00+00:00,92977.120000
2025-03-19T19:10:00+00:00,94193.140000
2025-03-20T13:45:00+00:00,94191.660000
2025-03-20T20:05:00+00:00,94156.180000
2025-03-21T13:50:00+00:00,94153.960000
2025-03-21T20:05:00+00:00,95501.740000
2025-03-24T13:46:00+00:00,95498.040000
2025-03-24T20:05:00+00:00,96109.340000
2025-03-25T13:48:00+00:00,96105.640000
2025-03-25T14:00:00+00:00,95486.940000
2025-03-25T14:15:00+00:00,95483.240000
2025-03-25T20:05:00+00:00,96127.040000
2025-03-26T13:48:00+00:00,96123.340000
2025-03-26T14:21:00+00:00,97750.890000
2025-03-27T13:55:00+00:00,97749.410000
2025-03-27T20:05:00+00:00,97470.930000
2025-03-28T14:03:00+00:00,97468.710000
2025-03-28T14:56:00+00:00,99007.740000
2025-03-31T13:45:00+00:00,99007.000000
2025-03-31T15:22:00+00:00,98590.260000
2025-04-01T13:47:00+00:00,98588.040000
2025-04-01T14:07:00+00:00,98000.820000
2025-04-01T14:08:00+00:00,97998.600000
2025-04-01T14:39:00+00:00,97378.380000
2025-04-02T13:45:00+00:00,97377.640000
2025-04-02T20:05:00+00:00,97791.400000
2025-04-03T14:06:00+00:00,97789.920000
2025-04-03T20:05:00+00:00,98607.440000
2025-04-04T14:12:00+00:00,98606.700000
2025-04-04T20:05:00+00:00,99534.460000
2025-04-07T13:51:00+00:00,99533.720000
2025-04-07T14:12:00+00:00,101095.480000
2025-04-08T13:46:00+00:00,101094.000000
2025-04-08T15:12:00+00:00,100508.520000
2025-04-09T14:02:00+00:00,100507.780000
2025-04-09T17:25:00+00:00,102288.290000
2025-04-10T13:58:00+00:00,102287.550000
2025-04-10T16:05:00+00:00,103269.310000
2025-04-11T13:46:00+00:00,103268.570000
2025-04-11T14:21:00+00:00,102788.330000
2025-04-11T14:22:00+00:00,102787.590000
2025-04-11T15:00:00+00:00,102295.350000
2025-04-15T13:48:00+00:00,102293.870000
2025-04-15T14:19:00+00:00,101770.390000
2025-04-15T14:25:00+00:00,101768.910000
2025-04-15T15:20:00+00:00,101243.430000
2025-04-16T13:51:00+00:00,101241.210000
2025-04-16T15:24:00+00:00,100592.490000
2025-04-17T14:18:00+00:00,100591.010000
2025-04-17T18:11:00+00:00,100073.530000
2025-04-21T13:53:00+00:00,100071.310000
2025-04-21T17:02:00+00:00,101707.840000
2025-04-22T13:45:00+00:00,101706.360000
2025-04-22T20:05:00+00:00,102195.880000
2025-04-23T13:51:00+00:00,102195.140000
2025-04-23T15:23:00+00:00,101794.900000
2025-04-24T13:45:00+00:00,101792.680000
2025-04-24T16:36:00+00:00,103571.710000
2025-04-25T13:52:00+00:00,103569.490000
2025-04-25T14:09:00+00:00,102902.770000
2025-04-25T14:09:00+00:00,102900.550000
2025-04-25T14:23:00+00:00,102173.830000
2025-04-28T13:45:00+00:00,102171.610000
2025-04-28T13:58:00+00:00,101452.390000
2025-04-28T13:58:00+00:00,101450.910000
2025-04-28T20:05:00+00:00,101341.430000
2025-04-29T13:45:00+00:00,101338.470000
2025-04-29T20:05:00+00:00,102483.510000
2025-04-30T13:56:00+00:00,102482.030000
2025-04-30T14:29:00+00:00,101782.550000
2025-04-30T14:29:00+00:00,101781.070000
2025-04-30T20:05:00+00:00,103522.090000
2025-05-01T13:59:00+00:00,103519.870000
2025-05-01T14:27:00+00:00,102833.650000
2025-05-01T14:27:00+00:00,102831.430000
2025-05-01T19:56:00+00:00,102193.210000
2025-05-02T14:05:00+00:00,102190.990000
2025-05-02T20:05:00+00:00,102682.270000
2025-05-05T13:56:00+00:00,102678.570000
2025-05-05T20:05:00+00:00,102487.370000
2025-05-06T13:51:00+00:00,102484.410000
2025-05-06T14:17:00+00:00,101727.450000
2025-05-06T14:19:00+00:00,101724.490000
2025-05-06T20:05:00+00:00,101811.530000
2025-05-07T13:58:00+00:00,101807.830000
2025-05-07T14:54:00+00:00,101076.630000
2025-05-08T13:48:00+00:00,101073.670000
2025-05-08T15:28:00+00:00,100312.710000
2025-05-09T13:52:00+00:00,100309.010000
2025-05-09T20:05:00+00:00,100940.310000
2025-05-12T14:28:00+00:00,100938.830000
2025-05-12T17:08:00+00:00,100203.350000
2025-05-13T13:50:00+00:00,100201.130000
2025-05-13T20:05:00+00:00,101266.910000
2025-05-14T13:47:00+00:00,101264.690000
2025-05-14T16:32:00+00:00,100656.470000
2025-05-15T13:46:00+00:00,100652.770000
2025-05-15T14:01:00+00:00,99939.070000
2025-05-19T13:45:00+00:00,99937.590000
2025-05-19T20:05:00+00:00,100581.110000
2025-05-20T13:47:00+00:00,100577.410000
2025-05-20T14:39:00+00:00,99828.710000
2025-05-21T13:48:00+00:00,99826.490000
2025-05-21T17:24:00+00:00,99242.270000
2025-05-22T13:52:00+00:00,99240.790000
2025-05-22T20:05:00+00:00,99040.310000
2025-05-23T14:12:00+00:00,99038.830000
2025-05-23T20:05:00+00:00,98869.350000
2025-05-27T13:55:00+00:00,98867.130000
2025-05-27T20:05:00+00:00,99820.410000
2025-05-28T13:49:00+00:00,99817.450000
2025-05-28T20:05:00+00:00,100676.490000
2025-05-29T13:46:00+00:00,100675.010000
2025-05-29T20:05:00+00:00,101238.530000
2025-05-30T13:49:00+00:00,101236.310000
2025-05-30T14:28:00+00:00,100634.090000
2025-06-02T14:00:00+00:00,100633.350000
2025-06-02T17:01:00+00:00,100201.110000
2025-06-03T13:57:00+00:00,100198.150000
2025-06-03T20:05:00+00:00,100719.190000
2025-06-04T14:03:00+00:00,100716.230000
2025-06-04T18:00:00+00:00,99987.270000
2025-06-05T13:45:00+00:00,99985.050000
2025-06-05T14:42:00+00:00,99345.330000
2025-06-06T13:46:00+00:00,99342.370000
2025-06-06T14:29:00+00:00,98621.410000
2025-06-09T14:09:00+00:00,98617.710000
2025-06-09T20:05:00+00:00,98524.010000
2025-06-10T13:52:00+00:00,98520.310000
2025-06-10T15:32:00+00:00,97814.110000
2025-06-11T13:46:00+00:00,97811.890000
2025-06-11T14:22:00+00:00,97202.170000
2025-06-11T14:23:00+00:00,97198.470000
2025-06-11T16:07:00+00:00,96524.770000
2025-06-12T13:49:00+00:00,96521.070000
2025-06-12T20:05:00+00:00,97067.370000
2025-06-13T14:20:00+00:00,97065.890000
2025-06-13T15:22:00+00:00,96538.410000
2025-06-16T13:45:00+00:00,96535.450000
2025-06-16T20:05:00+00:00,97110.490000
2025-06-17T14:11:00+00:00,97107.530000
2025-06-17T16:59:00+00:00,96440.570000
2025-06-18T13:49:00+00:00,96437.610000
2025-06-18T18:57:00+00:00,95822.650000
2025-06-19T13:46:00+00:00,95819.690000
2025-06-19T22:00:00+00:00,95192.730000
2025-06-20T13:55:00+00:00,95190.510000
2025-06-20T14:54:00+00:00,96587.040000
2025-06-23T13:47:00+00:00,96585.560000
2025-06-23T16:37:00+00:00,96034.080000
2025-06-24T13:47:00+00:00,96030.380000
2025-06-24T20:05:00+00:00,96711.680000
2025-06-25T14:11:00+00:00,96707.240000
2025-06-25T20:05:00+00:00,96936.800000
2025-06-26T13:50:00+00:00,96933.840000
2025-06-26T14:00:00+00:00,96300.880000
2025-06-26T14:21:00+00:00,96297.920000
2025-06-26T20:05:00+00:00,96950.960000
2025-06-27T13:54:00+00:00,96946.520000
2025-06-27T18:19:00+00:00,96237.080000
2025-06-30T13:49:00+00:00,96234.120000
2025-06-30T19:21:00+00:00,95625.160000
2025-07-01T13:50:00+00:00,95619.980000
2025-07-01T14:22:00+00:00,94918.300000
2025-07-01T14:26:00+00:00,94913.120000
2025-07-01T15:08:00+00:00,96561.690000
2025-07-02T13:45:00+00:00,96557.990000
2025-07-02T20:05:00+00:00,97661.790000
2025-07-03T13:51:00+00:00,97658.090000
2025-07-04T08:15:00+00:00,97026.890000
2025-07-04T13:54:00+00:00,97020.970000
2025-07-07T14:57:00+00:00,96335.050000
2025-07-08T13:59:00+00:00,96331.350000
2025-07-08T16:23:00+00:00,95705.150000
2025-07-09T13:45:00+00:00,95702.930000
2025-07-09T14:36:00+00:00,95123.210000
2025-07-10T13:45:00+00:00,95119.510000
2025-07-10T20:05:00+00:00,95210.810000
2025-07-11T13:58:00+00:00,95207.850000
2025-07-11T20:05:00+00:00,95156.890000
2025-07-14T14:21:00+00:00,95155.410000
2025-07-14T20:05:00+00:00,95331.930000
2025-07-16T13:49:00+00:00,95329.710000
2025-07-16T19:40:00+00:00,94773.990000
2025-07-17T13:49:00+00:00,94770.290000
2025-07-17T20:05:00+00:00,95829.090000
2025-07-18T13:57:00+00:00,95824.650000
2025-07-18T20:05:00+00:00,96183.210000
2025-07-21T13:45:00+00:00,96180.990000
2025-07-21T20:05:00+00:00,96042.270000
2025-07-22T13:45:00+00:00,96040.050000
2025-07-22T20:05:00+00:00,96357.330000
2025-07-23T13:45:00+00:00,96355.110000
2025-07-23T15:54:00+00:00,95769.390000
2025-07-24T14:09:00+00:00,95765.690000
2025-07-24T15:52:00+00:00,95061.990000
2025-07-25T13:49:00+00:00,95057.550000
2025-07-25T20:05:00+00:00,95503.110000
2025-07-28T13:45:00+00:00,95497.930000
2025-07-28T15:19:00+00:00,94817.250000
2025-07-29T13:49:00+00:00,94813.550000
2025-07-29T19:36:00+00:00,96378.600000
2025-07-30T13:45:00+00:00,96374.900000
2025-07-30T18:56:00+00:00,95678.700000
2025-07-31T13:45:00+00:00,95677.220000
2025-07-31T20:05:00+00:00,96717.740000
2025-08-01T13:45:00+00:00,96717.000000
2025-08-01T20:05:00+00:00,96753.760000
2025-08-04T13:45:00+00:00,96752.280000
2025-08-04T20:05:00+00:00,97142.800000
2025-08-05T13:45:00+00:00,97139.840000
2025-08-05T14:17:00+00:00,96528.880000
2025-08-05T14:17:00+00:00,96525.180000
2025-08-05T15:35:00+00:00,98165.230000
2025-08-06T13:48:00+00:00,98162.270000
2025-08-06T20:05:00+00:00,99567.310000
2025-08-07T13:45:00+00:00,99563.610000
2025-08-07T13:56:00+00:00,98884.910000
2025-08-07T13:56:00+00:00,98881.210000
2025-08-07T14:10:00+00:00,98197.510000
2025-08-08T13:45:00+00:00,98195.290000
2025-08-08T20:05:00+00:00,98811.070000
2025-08-11T13:57:00+00:00,98806.630000
2025-08-11T18:04:00+00:00,98094.190000
2025-08-12T13:48:00+00:00,98091.970000
2025-08-12T15:07:00+00:00,97471.750000
2025-08-13T13:55:00+00:00,97467.310000
2025-08-13T20:05:00+00:00,98389.870000
2025-08-14T13:47:00+00:00,98386.910000
2025-08-14T20:05:00+00:00,98013.950000
2025-08-15T13:45:00+00:00,98011.730000
2025-08-15T20:05:00+00:00,98144.510000
2025-08-18T13:51:00+00:00,98140.810000
2025-08-18T14:24:00+00:00,97482.110000
2025-08-18T14:25:00+00:00,97476.930000
2025-08-18T14:30:00+00:00,96747.250000
2025-08-19T13:46:00+00:00,96745.030000
2025-08-19T20:05:00+00:00,97761.310000
2025-08-20T13:45:00+00:00,97759.830000
2025-08-20T20:05:00+00:00,97677.350000
2025-08-21T13:46:00+00:00,97675.130000
2025-08-21T14:12:00+00:00,97014.410000
2025-08-21T14:12:00+00:00,97012.190000
2025-08-21T15:55:00+00:00,96424.970000
2025-08-22T13:45:00+00:00,96423.490000
2025-08-22T20:05:00+00:00,97349.010000
2025-08-25T13:59:00+00:00,97346.050000
2025-08-25T20:05:00+00:00,97273.090000
2025-08-26T13:46:00+00:00,97268.650000
2025-08-26T14:10:00+00:00,96535.210000
2025-08-26T14:10:00+00:00,96530.770000
2025-08-26T20:05:00+00:00,97372.330000
2025-08-27T13:45:00+00:00,97368.630000
2025-08-27T14:14:00+00:00,96724.930000
2025-08-27T14:14:00+00:00,96720.490000
2025-08-27T20:05:00+00:00,97313.050000
2025-08-28T13:50:00+00:00,97311.570000
2025-08-28T15:16:00+00:00,96816.090000
2025-08-29T13:45:00+00:00,96813.870000
2025-08-29T20:05:00+00:00,97408.650000
2025-09-01T13:49:00+00:00,97402.730000
2025-09-01T23:20:00+00:00,96688.810000
2025-09-02T13:46:00+00:00,96687.330000
2025-09-02T20:05:00+00:00,97087.850000
2025-09-03T14:07:00+00:00,97084.890000
2025-09-03T17:45:00+00:00,96389.930000
2025-09-04T14:02:00+00:00,96387.710000
2025-09-04T15:22:00+00:00,95828.990000
2025-09-05T14:01:00+00:00,95826.030000
2025-09-05T14:41:00+00:00,97553.070000
2025-09-08T13:51:00+00:00,97550.110000
2025-09-08T17:52:00+00:00,96861.150000
2025-09-09T13:51:00+00:00,96855.970000
2025-09-09T19:23:00+00:00,96168.290000
2025-09-10T13:51:00+00:00,96165.330000
2025-09-10T20:05:00+00:00,96432.370000
2025-09-11T14:07:00+00:00,96429.410000
2025-09-11T20:05:00+00:00,96608.450000
2025-09-12T14:21:00+00:00,96604.750000
2025-09-12T20:05:00+00:00,96993.550000
2025-09-15T13:49:00+00:00,96989.110000
2025-09-15T20:05:00+00:00,97752.670000
2025-09-16T13:47:00+00:00,97747.490000
2025-09-16T20:05:00+00:00,97871.810000
2025-09-17T13:45:00+00:00,97868.850000
2025-09-17T18:46:00+00:00,99375.890000
2025-09-18T13:45:00+00:00,99373.670000
2025-09-18T14:00:00+00:00,98768.450000
2025-09-18T14:02:00+00:00,98765.490000
2025-09-18T20:05:00+00:00,98720.530000
2025-09-19T13:49:00+00:00,98716.090000
2025-09-19T14:47:00+00:00,98039.650000
2025-09-22T13:48:00+00:00,98033.730000
2025-09-22T16:28:00+00:00,99817.810000
2025-09-23T13:58:00+00:00,99814.110000
2025-09-23T20:05:00+00:00,100700.410000
2025-09-24T13:48:00+00:00,100697.450000
2025-09-24T16:12:00+00:00,102219.490000
2025-09-25T14:10:00+00:00,102218.010000
2025-09-25T20:05:00+00:00,102428.530000
2025-09-26T14:00:00+00:00,102426.310000
2025-09-26T14:11:00+00:00,101672.590000
2025-09-26T14:13:00+00:00,101670.370000
2025-09-26T17:13:00+00:00,100967.650000
2025-09-29T13:45:00+00:00,100964.690000
2025-09-29T15:36:00+00:00,100315.730000
2025-09-30T13:54:00+00:00,100313.510000
2025-09-30T14:48:00+00:00,99727.790000
2025-10-01T13:49:00+00:00,99725.570000
2025-10-01T14:18:00+00:00,99094.850000
2025-10-01T14:18:00+00:00,99092.630000
2025-10-01T20:05:00+00:00,100012.910000
2025-10-02T13:49:00+00:00,100011.430000
2025-10-02T20:05:00+00:00,99630.950000
2025-10-03T13:56:00+00:00,99626.510000
2025-10-03T17:51:00+00:00,101362.070000
2025-10-07T14:27:00+00:00,101356.890000
2025-10-07T15:07:00+00:00,103180.460000
2025-10-08T13:48:00+00:00,103177.500000
2025-10-08T20:05:00+00:00,104576.540000
2025-10-09T13:55:00+00:00,104572.840000
2025-10-09T20:05:00+00:00,104216.640000
2025-10-10T13:45:00+00:00,104213.680000
2025-10-10T14:57:00+00:00,103482.720000
2025-10-13T13:50:00+00:00,103480.500000
2025-10-13T20:05:00+00:00,103766.280000
2025-10-14T14:20:00+00:00,103765.540000
2025-10-14T20:05:00+00:00,103994.800000
2025-10-15T13:48:00+00:00,103991.840000
2025-10-15T13:55:00+00:00,103224.880000
2025-10-15T13:55:00+00:00,103221.920000
2025-10-15T15:49:00+00:00,102508.960000
2025-10-16T13:45:00+00:00,102506.000000
2025-10-16T13:50:00+00:00,101823.040000
2025-10-16T14:11:00+00:00,101819.340000
2025-10-16T14:22:00+00:00,101063.140000
2025-10-17T13:53:00+00:00,101061.660000
2025-10-17T20:05:00+00:00,101740.180000
2025-10-20T13:51:00+00:00,101737.960000
2025-10-20T20:05:00+00:00,102214.240000
2025-10-21T13:48:00+00:00,102211.280000
2025-10-21T15:47:00+00:00,101578.320000
2025-10-22T13:51:00+00:00,101576.100000
2025-10-22T14:27:00+00:00,100966.380000
2025-10-22T14:27:00+00:00,100964.160000
2025-10-22T17:40:00+00:00,102765.690000
2025-10-23T13:45:00+00:00,102763.470000
2025-10-23T20:05:00+00:00,103700.250000
2025-10-24T14:07:00+00:00,103698.030000
2025-10-24T20:05:00+00:00,103577.310000
2025-10-27T14:01:00+00:00,103572.870000
2025-10-27T20:05:00+00:00,104879.430000
2025-10-28T13:48:00+00:00,104874.250000
2025-10-28T16:27:00+00:00,104113.070000
2025-10-29T13:52:00+00:00,104106.410000
2025-10-29T14:50:00+00:00,103352.750000
2025-10-30T13:54:00+00:00,103351.270000
2025-10-30T19:16:00+00:00,102586.790000
2025-10-31T13:45:00+00:00,102584.570000
2025-10-31T20:05:00+00:00,103332.350000
2025-11-03T14:49:00+00:00,103330.130000
2025-11-03T21:05:00+00:00,103362.410000
2025-11-04T14:50:00+00:00,103360.930000
2025-11-04T17:19:00+00:00,102836.450000
2025-11-05T14:47:00+00:00,102834.230000
2025-11-05T21:05:00+00:00,103744.010000
2025-11-06T14:51:00+00:00,103741.790000
2025-11-06T16:25:00+00:00,105483.320000
2025-11-07T15:06:00+00:00,105482.580000
2025-11-07T19:59:00+00:00,105047.840000
2025-11-10T14:46:00+00:00,105045.620000
2025-11-10T15:59:00+00:00,104342.900000
2025-11-11T14:49:00+00:00,104338.460000
2025-11-11T18:18:00+00:00,103575.020000
2025-11-12T14:46:00+00:00,103573.540000
2025-11-12T21:05:00+00:00,103362.060000
2025-11-14T14:45:00+00:00,103361.320000
2025-11-14T21:05:00+00:00,103849.080000
2025-11-17T14:46:00+00:00,103848.340000
2025-11-17T16:16:00+00:00,103356.600000
2025-11-18T14:47:00+00:00,103355.860000
2025-11-18T21:05:00+00:00,103471.620000
2025-11-19T14:45:00+00:00,103470.140000
2025-11-19T17:33:00+00:00,102705.660000
2025-11-20T14:47:00+00:00,102703.440000
2025-11-20T16:00:00+00:00,102009.720000
2025-11-21T14:45:00+00:00,102008.240000
2025-11-21T14:54:00+00:00,101473.760000
2025-11-21T14:54:00+00:00,101472.280000
2025-11-21T15:01:00+00:00,100959.800000
2025-11-24T15:02:00+00:00,100959.060000
2025-11-24T21:05:00+00:00,101402.820000
2025-11-25T14:45:00+00:00,101402.080000
2025-11-25T16:22:00+00:00,101017.340000
2025-11-26T14:50:00+00:00,101014.380000
2025-11-26T14:58:00+00:00,100349.420000
2025-11-26T14:58:00+00:00,100346.460000
2025-11-26T15:59:00+00:00,99665.500000
2025-12-01T14:50:00+00:00,99663.280000
2025-12-01T21:05:00+00:00,100106.560000
2025-12-02T15:00:00+00:00,100105.080000
2025-12-02T16:23:00+00:00,99515.600000
2025-12-03T14:53:00+00:00,99512.640000
2025-12-03T15:02:00+00:00,98779.680000
2025-12-03T15:02:00+00:00,98777.460000
2025-12-03T21:05:00+00:00,99378.240000
2025-12-04T15:25:00+00:00,99376.760000
2025-12-04T21:05:00+00:00,99008.280000
2025-12-05T14:53:00+00:00,99006.060000
2025-12-05T16:31:00+00:00,98316.840000
2025-12-08T14:48:00+00:00,98314.620000
2025-12-08T21:05:00+00:00,98768.400000
2025-12-09T15:02:00+00:00,98766.180000
2025-12-09T21:05:00+00:00,98906.460000
2025-12-10T14:47:00+00:00,98904.240000
2025-12-10T15:40:00+00:00,98308.020000
2025-12-11T14:46:00+00:00,98305.800000
2025-12-11T18:36:00+00:00,97676.580000
2025-12-12T14:48:00+00:00,97674.360000
2025-12-12T15:58:00+00:00,99142.140000
2025-12-15T14:45:00+00:00,99140.660000
2025-12-15T21:05:00+00:00,99862.180000
2025-12-16T14:50:00+00:00,99860.700000
2025-12-16T15:25:00+00:00,99204.220000
2025-12-16T15:25:00+00:00,99202.740000
2025-12-16T17:02:00+00:00,98625.260000
2025-12-17T14:46:00+00:00,98624.520000
2025-12-17T21:05:00+00:00,99222.780000
2025-12-18T15:28:00+00:00,99221.300000
2025-12-18T21:05:00+00:00,98763.820000
2025-12-19T14:47:00+00:00,98763.080000
2025-12-19T21:05:00+00:00,98800.840000
2025-12-23T14:47:00+00:00,98798.620000
2025-12-23T15:03:00+00:00,98184.400000
2025-12-23T15:03:00+00:00,98182.180000
2025-12-23T15:58:00+00:00,97575.460000
2025-12-24T15:12:00+00:00,97569.540000
2025-12-26T15:01:00+00:00,97895.620000
2025-12-26T15:01:00+00:00,97892.660000
2025-12-26T15:02:00+00:00,97889.700000
2025-12-26T21:05:00+00:00,97780.740000
2025-12-26T21:05:00+00:00,97605.780000
2025-12-30T14:45:00+00:00,97601.340000
2025-12-30T14:49:00+00:00,96960.900000
2025-12-30T14:49:00+00:00,96956.460000
2025-12-30T15:43:00+00:00,96292.020000
2025-12-31T14:45:00+00:00,96289.800000
2025-12-31T21:05:00+00:00,97111.080000
2026-01-02T14:47:00+00:00,97108.860000
2026-01-02T15:12:00+00:00,96388.140000
2026-01-02T15:12:00+00:00,96385.920000
2026-01-02T15:59:00+00:00,97981.200000
2026-01-05T15:28:00+00:00,97979.720000
2026-01-05T21:05:00+00:00,97612.240000
2026-01-06T14:45:00+00:00,97609.280000
2026-01-06T21:05:00+00:00,98640.320000
2026-01-07T14:46:00+00:00,98638.100000
2026-01-07T21:05:00+00:00,98371.880000
2026-01-08T14:59:00+00:00,98371.140000
2026-01-08T21:05:00+00:00,98199.900000
2026-01-09T15:08:00+00:00,98198.420000
2026-01-09T15:22:00+00:00,97590.940000
2026-01-09T15:22:00+00:00,97589.460000
2026-01-09T21:05:00+00:00,98115.980000
2026-01-12T14:50:00+00:00,98114.500000
2026-01-12T21:05:00+00:00,98314.020000
2026-01-13T15:02:00+00:00,98312.540000
2026-01-13T21:05:00+00:00,98248.060000
2026-01-14T14:45:00+00:00,98246.580000
2026-01-14T21:05:00+00:00,98117.100000
2026-01-15T15:07:00+00:00,98114.880000
2026-01-15T21:05:00+00:00,98924.160000
2026-01-16T14:50:00+00:00,98920.460000
2026-01-16T15:36:00+00:00,100748.010000
2026-01-19T14:56:00+00:00,100744.310000
2026-01-20T08:05:00+00:00,100093.110000
2026-01-20T14:51:00+00:00,100090.890000
2026-01-20T18:33:00+00:00,99340.170000
2026-01-21T14:47:00+00:00,99337.950000
2026-01-21T19:37:00+00:00,100944.480000
2026-01-22T14:46:00+00:00,100942.260000
2026-01-22T21:05:00+00:00,100701.540000
2026-01-23T14:59:00+00:00,100699.320000
2026-01-23T21:05:00+00:00,101027.100000
2026-01-26T14:46:00+00:00,101024.880000
2026-01-26T21:05:00+00:00,101118.660000
2026-01-27T14:53:00+00:00,101116.440000
2026-01-27T21:05:00+00:00,101415.720000
2026-01-29T14:46:00+00:00,101414.980000
2026-01-29T21:05:00+00:00,101311.240000
2026-01-30T15:29:00+00:00,101309.760000
2026-01-30T21:05:00+00:00,101883.280000
2026-02-02T14:46:00+00:00,101882.540000
2026-02-02T21:05:00+00:00,102150.300000
2026-02-03T14:54:00+00:00,102149.560000
2026-02-03T21:05:00+00:00,102663.820000
2026-02-04T14:58:00+00:00,102663.080000
2026-02-04T21:05:00+00:00,103088.340000
2026-02-05T15:10:00+00:00,103087.600000
2026-02-05T21:05:00+00:00,103255.860000
2026-02-06T14:45:00+00:00,103255.120000
2026-02-06T21:05:00+00:00,103679.380000
2026-02-09T14:46:00+00:00,103678.640000
2026-02-09T21:05:00+00:00,104014.400000
2026-02-10T14:48:00+00:00,104012.920000
2026-02-10T15:06:00+00:00,103419.440000
2026-02-10T15:06:00+00:00,103417.960000
2026-02-10T20:06:00+00:00,102731.480000
2026-02-11T14:57:00+00:00,102730.000000
2026-02-11T21:05:00+00:00,102861.520000
2026-02-12T14:45:00+00:00,102859.300000
2026-02-12T16:05:00+00:00,104638.330000
2026-02-13T14:45:00+00:00,104637.590000
2026-02-13T21:05:00+00:00,104605.850000
2026-02-16T14:45:00+00:00,104602.150000
2026-02-16T14:56:00+00:00,103880.950000
2026-02-16T14:56:00+00:00,103877.250000
2026-02-16T15:29:00+00:00,103176.050000
2026-02-17T14:50:00+00:00,103175.310000
2026-02-17T18:39:00+00:00,102712.070000
2026-02-18T14:45:00+00:00,102709.850000
2026-02-18T21:05:00+00:00,103084.130000
2026-02-19T14:53:00+00:00,103081.910000
2026-02-19T18:20:00+00:00,102338.690000
2026-02-20T14:46:00+00:00,102337.950000
2026-02-20T21:05:00+00:00,102589.210000
2026-02-23T14:45:00+00:00,102587.730000
2026-02-23T21:05:00+00:00,102947.250000
2026-02-24T14:45:00+00:00,102946.510000
2026-02-24T21:05:00+00:00,103135.770000
2026-02-25T14:45:00+00:00,103134.290000
2026-02-25T21:05:00+00:00,103496.810000
2026-02-26T14:48:00+00:00,103494.590000
2026-02-26T15:22:00+00:00,105352.370000
2026-02-27T14:48:00+00:00,105350.890000
2026-02-27T21:05:00+00:00,105554.410000
2026-03-02T14:49:00+00:00,105553.670000
2026-03-02T21:05:00+00:00,105792.430000
2026-03-03T14:49:00+00:00,105790.950000
2026-03-03T16:45:00+00:00,105152.470000
2026-03-04T15:01:00+00:00,105150.990000
2026-03-04T21:05:00+00:00,105775.510000
2026-03-05T14:51:00+00:00,105774.030000
2026-03-05T15:30:00+00:00,105139.550000
2026-03-06T15:00:00+00:00,105137.330000
2026-03-06T20:37:00+00:00,104359.610000
2026-03-09T13:45:00+00:00,104358.130000
2026-03-09T14:44:00+00:00,103661.650000
2026-03-10T13:58:00+00:00,103659.430000
2026-03-10T14:39:00+00:00,102895.210000
2026-03-11T13:50:00+00:00,102892.250000
2026-03-11T14:00:00+00:00,102193.290000
2026-03-11T14:00:00+00:00,102191.810000
2026-03-11T14:23:00+00:00,101634.330000
2026-03-12T13:45:00+00:00,101632.110000
2026-03-12T20:05:00+00:00,102598.890000
2026-03-13T13:45:00+00:00,102597.410000
2026-03-13T14:42:00+00:00,101855.930000
2026-03-16T13:45:00+00:00,101853.710000
2026-03-16T14:50:00+00:00,101246.990000
2026-03-17T13:45:00+00:00,101244.770000
2026-03-17T15:36:00+00:00,100506.050000
2026-03-18T13:46:00+00:00,100503.090000
2026-03-18T14:13:00+00:00,99756.130000
2026-03-18T14:13:00+00:00,99753.170000
2026-03-18T19:44:00+00:00,101545.210000
2026-03-19T13:49:00+00:00,101543.730000
2026-03-19T20:05:00+00:00,102094.250000
2026-03-20T13:50:00+00:00,102092.770000
2026-03-20T19:33:00+00:00,103381.290000
2026-03-23T13:49:00+00:00,103379.810000
2026-03-23T15:52:00+00:00,102804.330000
2026-03-25T13:49:00+00:00,102802.110000
2026-03-25T20:05:00+00:00,103023.390000
2026-03-26T13:45:00+00:00,103021.170000
2026-03-26T14:55:00+00:00,102367.950000
2026-03-27T13:54:00+00:00,102366.470000
2026-03-27T20:05:00+00:00,103304.990000
2026-03-30T13:46:00+00:00,103303.510000
2026-03-30T20:05:00+00:00,104291.030000
2026-03-31T13:46:00+00:00,104288.810000
2026-03-31T14:56:00+00:00,103685.090000
2026-04-01T14:22:00+00:00,103683.610000
2026-04-01T20:05:00+00:00,103612.130000
2026-04-02T13:53:00+00:00,103610.650000
2026-04-02T14:37:00+00:00,105149.170000
2026-04-06T13:50:00+00:00,105147.690000
2026-04-06T17:12:00+00:00,104606.210000
2026-04-07T13:46:00+00:00,104603.990000
2026-04-07T19:45:00+00:00,103856.270000
2026-04-08T13:51:00+00:00,103854.790000
2026-04-08T20:05:00+00:00,103950.310000
2026-04-09T13:56:00+00:00,103947.350000
2026-04-09T15:32:00+00:00,103200.390000
2026-04-10T14:01:00+00:00,103197.430000
2026-04-10T14:32:00+00:00,102534.470000
2026-04-13T13:45:00+00:00,102530.770000
2026-04-13T13:49:00+00:00,101857.070000
2026-04-13T13:49:00+00:00,101854.850000
2026-04-13T19:50:00+00:00,103307.630000
2026-04-14T13:45:00+00:00,103305.410000
2026-04-14T20:05:00+00:00,104620.190000
2026-04-15T13:57:00+00:00,104617.230000
2026-04-15T18:33:00+00:00,106214.270000
2026-04-16T13:51:00+00:00,106212.050000
2026-04-16T15:08:00+00:00,105486.830000
2026-04-17T13:51:00+00:00,105484.610000
2026-04-17T20:05:00+00:00,106073.390000
2026-04-20T13:48:00+00:00,106070.430000
2026-04-20T20:05:00+00:00,105949.470000
2026-04-21T13:59:00+00:00,105947.250000
2026-04-21T15:00:00+00:00,105273.030000
2026-04-22T14:01:00+00:00,105270.070000
2026-04-22T20:02:00+00:00,106922.110000
2026-04-23T13:46:00+00:00,106919.890000
2026-04-23T17:09:00+00:00,106262.170000
2026-04-24T13:54:00+00:00,106259.210000
2026-04-24T14:12:00+00:00,105560.250000
2026-04-24T14:12:00+00:00,105557.290000
2026-04-24T14:31:00+00:00,104864.330000
2026-04-27T13:47:00+00:00,104861.370000
2026-04-27T17:33:00+00:00,104142.410000
2026-04-28T13:48:00+00:00,104140.930000
2026-04-28T14:38:00+00:00,103423.450000
2026-04-29T13:54:00+00:00,103421.230000
2026-04-29T20:05:00+00:00,103977.010000
2026-04-30T13:52:00+00:00,103976.270000
2026-04-30T17:30:00+00:00,103517.530000
2026-05-01T13:50:00+00:00,103516.050000
2026-05-01T20:05:00+00:00,103577.570000
2026-05-04T13:59:00+00:00,103574.610000
2026-05-04T15:19:00+00:00,102867.650000
2026-05-05T13:45:00+00:00,102865.430000
2026-05-05T20:05:00+00:00,103157.210000
2026-05-06T13:54:00+00:00,103155.730000
2026-05-06T20:05:00+00:00,104072.250000
2026-05-07T13:45:00+00:00,104068.550000
2026-05-07T13:54:00+00:00,103362.350000
2026-05-07T13:54:00+00:00,103358.650000
2026-05-07T16:08:00+00:00,102702.450000
2026-05-08T13:45:00+00:00,102700.970000
2026-05-08T20:05:00+00:00,103973.490000
2026-05-12T13:58:00+00:00,103972.010000
2026-05-12T16:52:00+00:00,105495.530000
2026-05-13T13:45:00+00:00,105493.310000
2026-05-13T14:52:00+00:00,104769.590000
2026-05-14T13:45:00+00:00,104768.850000
2026-05-14T20:05:00+00:00,104890.110000
2026-05-15T13:45:00+00:00,104888.630000
2026-05-15T14:13:00+00:00,104254.150000
2026-05-15T14:14:00+00:00,104252.670000
2026-05-15T20:03:00+00:00,103650.190000
2026-05-18T13:46:00+00:00,103649.450000
2026-05-18T20:05:00+00:00,103824.210000
2026-05-19T14:05:00+00:00,103823.470000
2026-05-19T17:09:00+00:00,103359.230000
2026-05-20T13:46:00+00:00,103357.750000
2026-05-20T14:12:00+00:00,102676.270000
2026-05-20T14:16:00+00:00,102674.790000
2026-05-20T20:05:00+00:00,103244.310000
2026-05-21T13:54:00+00:00,103242.090000
2026-05-21T14:20:00+00:00,102515.370000
2026-05-21T14:20:00+00:00,102513.150000
2026-05-21T15:43:00+00:00,101766.930000
2026-05-22T14:06:00+00:00,101765.450000
2026-05-22T17:28:00+00:00,101053.970000
2026-05-25T13:45:00+00:00,101047.310000
2026-05-25T14:29:00+00:00,100347.650000
2026-05-26T13:45:00+00:00,100346.170000
2026-05-26T20:05:00+00:00,100755.690000
2026-05-27T13:46:00+00:00,100754.950000
2026-05-27T20:05:00+00:00,100541.710000
2026-05-28T13:47:00+00:00,100540.230000
2026-05-28T14:12:00+00:00,99857.750000
2026-05-28T14:12:00+00:00,99857.010000
2026-05-28T20:05:00+00:00,100222.270000
2026-05-29T13:47:00+00:00,100220.050000
2026-05-29T14:26:00+00:00,99524.830000
2026-05-29T14:26:00+00:00,99522.610000
2026-05-29T20:05:00+00:00,99223.390000
2026-06-01T14:03:00+00:00,99221.910000
2026-06-01T15:16:00+00:00,98570.430000
2026-06-02T13:53:00+00:00,98568.950000
2026-06-02T20:05:00+00:00,99274.470000
2026-06-03T13:45:00+00:00,99273.730000
2026-06-03T20:05:00+00:00,99261.490000
2026-06-04T13:45:00+00:00,99260.010000
2026-06-04T15:00:00+00:00,98595.530000
2026-06-05T13:45:00+00:00,98594.790000
2026-06-05T16:43:00+00:00,99537.800000
2026-06-08T13:57:00+00:00,99537.060000
2026-06-08T14:36:00+00:00,99126.320000
2026-06-09T13:45:00+00:00,99124.840000
2026-06-09T14:00:00+00:00,98519.360000
2026-06-09T14:09:00+00:00,98517.880000
2026-06-09T14:44:00+00:00,99903.900000
2026-06-10T13:47:00+00:00,99903.160000
2026-06-10T15:11:00+00:00,99250.420000
2026-06-11T13:45:00+00:00,99248.940000
2026-06-11T14:58:00+00:00,98578.460000
