ts,equity
2021-06-14T08:34:00+00:00,49987.42
2021-06-14T09:19:00+00:00,50178.84000
2021-06-14T09:19:00+00:00,50163.30000
2021-06-14T10:44:00+00:00,49654.26000
2021-06-14T13:49:00+00:00,49652.04000
2021-06-14T13:54:00+00:00,49649.08000
2021-06-14T20:09:00+00:00,50131.36000
2021-06-14T20:09:00+00:00,50938.40000
2021-06-14T23:59:00+00:00,50922.12000
2021-06-15T00:09:00+00:00,50399.84000
2021-06-15T00:09:00+00:00,50385.04000
2021-06-15T01:19:00+00:00,51595.240000
2021-06-15T13:54:00+00:00,51591.540000
2021-06-15T14:04:00+00:00,51270.340000
2021-06-15T14:04:00+00:00,51266.640000
2021-06-15T15:49:00+00:00,51582.940000
2021-06-15T15:49:00+00:00,51573.320000
2021-06-15T16:59:00+00:00,51043.700000
2021-06-16T13:54:00+00:00,51039.260000
2021-06-16T15:09:00+00:00,50569.820000
2021-06-17T13:54:00+00:00,50568.340000
2021-06-17T16:44:00+00:00,50566.860000
2021-06-17T20:09:00+00:00,51152.380000
2021-06-17T20:09:00+00:00,51386.900000
2021-06-18T11:34:00+00:00,51378.020000
2021-06-18T11:49:00+00:00,50865.140000
2021-06-18T12:09:00+00:00,50861.440000
2021-06-18T15:14:00+00:00,50859.960000
2021-06-18T15:34:00+00:00,51968.760000
2021-06-18T17:29:00+00:00,51962.100000
2021-06-18T18:04:00+00:00,51455.940000
2021-06-18T20:09:00+00:00,51420.460000
2021-06-21T03:34:00+00:00,51410.100000
2021-06-21T06:24:00+00:00,52659.740000
2021-06-21T08:09:00+00:00,52653.080000
2021-06-21T08:44:00+00:00,52133.420000
2021-06-21T14:39:00+00:00,52131.940000
2021-06-21T20:09:00+00:00,52335.460000
2021-06-22T06:24:00+00:00,52325.100000
2021-06-22T06:49:00+00:00,51803.740000
2021-06-22T09:09:00+00:00,51797.080000
2021-06-22T10:24:00+00:00,52244.920000
2021-06-22T10:24:00+00:00,52234.560000
2021-06-22T10:49:00+00:00,51720.200000
2021-06-22T13:49:00+00:00,51716.500000
2021-06-22T14:34:00+00:00,51222.800000
2021-06-22T15:09:00+00:00,51220.580000
2021-06-22T20:09:00+00:00,51689.360000
2021-06-23T05:29:00+00:00,51671.600000
2021-06-23T07:14:00+00:00,51125.840000
2021-06-23T10:29:00+00:00,51119.180000
2021-06-23T11:24:00+00:00,50626.520000
2021-06-23T13:39:00+00:00,50623.560000
2021-06-23T13:59:00+00:00,50620.600000
2021-06-23T15:04:00+00:00,50203.640000
2021-06-23T15:19:00+00:00,50193.280000
2021-06-23T16:39:00+00:00,49766.320000
2021-06-23T16:39:00+00:00,49251.960000
2021-06-23T18:39:00+00:00,49248.260000
2021-06-23T20:09:00+00:00,49094.560000
2021-06-24T14:09:00+00:00,49090.860000
2021-06-24T17:09:00+00:00,49083.460000
2021-06-24T17:19:00+00:00,48616.060000
2021-06-24T17:24:00+00:00,48179.860000
2021-06-25T12:39:00+00:00,48172.460000
2021-06-25T13:54:00+00:00,47705.060000
2021-06-25T13:54:00+00:00,47699.880000
2021-06-25T14:34:00+00:00,47547.700000
2021-06-25T14:34:00+00:00,47544.740000
2021-06-25T20:09:00+00:00,47179.780000
2021-06-28T14:09:00+00:00,47177.560000
2021-06-28T15:04:00+00:00,47140.840000
2021-06-28T15:04:00+00:00,47133.440000
2021-06-28T16:09:00+00:00,46691.040000
2021-06-29T12:24:00+00:00,46676.980000
2021-06-29T12:49:00+00:00,46206.920000
2021-06-29T14:49:00+00:00,46203.960000
2021-06-29T20:09:00+00:00,46651.000000
2021-06-30T11:09:00+00:00,46645.820000
2021-06-30T13:39:00+00:00,46654.640000
2021-06-30T13:39:00+00:00,46650.940000
2021-06-30T15:09:00+00:00,46497.240000
2021-06-30T15:09:00+00:00,46493.540000
2021-06-30T16:29:00+00:00,46022.340000
2021-07-01T09:34:00+00:00,46008.280000
2021-07-01T09:49:00+00:00,45528.720000
2021-07-01T15:09:00+00:00,45525.760000
2021-07-01T20:09:00+00:00,45296.800000
2021-07-02T13:49:00+00:00,45293.840000
2021-07-02T15:44:00+00:00,45289.400000
2021-07-02T20:09:00+00:00,45626.440000
2021-07-02T20:09:00+00:00,46189.000000
2021-07-05T13:49:00+00:00,46170.500000
2021-07-05T22:04:00+00:00,45689.500000
2021-07-06T14:09:00+00:00,45686.540000
2021-07-06T14:34:00+00:00,45297.580000
2021-07-06T15:14:00+00:00,45292.400000
2021-07-06T15:49:00+00:00,44867.220000
2021-07-07T13:39:00+00:00,44864.260000
2021-07-07T14:04:00+00:00,44862.780000
2021-07-07T14:19:00+00:00,44865.820000
2021-07-07T14:19:00+00:00,44736.340000
2021-07-07T14:24:00+00:00,44732.640000
2021-07-07T14:34:00+00:00,44343.940000
2021-07-08T04:39:00+00:00,44332.840000
2021-07-08T06:19:00+00:00,44366.740000
2021-07-08T06:19:00+00:00,44353.420000
2021-07-08T07:04:00+00:00,45397.600000
2021-07-08T13:49:00+00:00,45396.120000
2021-07-08T13:54:00+00:00,45394.640000
2021-07-08T14:04:00+00:00,44998.160000
2021-07-08T15:14:00+00:00,44908.680000
2021-07-08T15:14:00+00:00,44905.720000
2021-07-08T19:04:00+00:00,44898.320000
2021-07-08T19:19:00+00:00,44435.920000
2021-07-08T20:09:00+00:00,44994.960000
2021-07-09T00:14:00+00:00,44989.040000
2021-07-09T00:39:00+00:00,44539.120000
2021-07-09T00:39:00+00:00,44532.460000
2021-07-09T05:14:00+00:00,44111.800000
2021-07-09T07:14:00+00:00,44108.840000
2021-07-09T08:09:00+00:00,44105.140000
2021-07-09T10:04:00+00:00,43678.180000
2021-07-09T10:04:00+00:00,43289.480000
2021-07-09T12:24:00+00:00,43279.860000
2021-07-09T13:34:00+00:00,44342.740000
2021-07-09T14:24:00+00:00,44340.520000
2021-07-09T20:09:00+00:00,44819.800000
2021-07-12T08:09:00+00:00,44805.740000
2021-07-12T08:59:00+00:00,45907.930000
2021-07-12T13:44:00+00:00,45902.750000
2021-07-12T13:54:00+00:00,45900.530000
2021-07-12T18:04:00+00:00,46080.850000
2021-07-12T18:04:00+00:00,45970.630000
2021-07-12T18:09:00+00:00,45956.570000
2021-07-12T20:04:00+00:00,47058.760000
2021-07-13T13:49:00+00:00,47055.800000
2021-07-13T18:04:00+00:00,46590.840000
2021-07-14T06:24:00+00:00,46575.300000
2021-07-14T07:44:00+00:00,47714.760000
2021-07-14T14:04:00+00:00,47711.800000
2021-07-14T15:29:00+00:00,47260.840000
2021-07-14T16:09:00+00:00,47254.920000
2021-07-14T20:09:00+00:00,47177.000000
2021-07-15T07:44:00+00:00,47171.080000
2021-07-15T10:34:00+00:00,46713.160000
2021-07-15T13:54:00+00:00,46709.460000
2021-07-15T14:29:00+00:00,46295.760000
2021-07-15T14:44:00+00:00,46295.020000
2021-07-15T18:09:00+00:00,46391.280000
2021-07-15T18:09:00+00:00,46384.620000
2021-07-15T19:39:00+00:00,47514.210000
2021-07-16T00:19:00+00:00,47501.630000
2021-07-16T00:59:00+00:00,47030.050000
2021-07-16T05:54:00+00:00,47012.290000
2021-07-16T06:09:00+00:00,48134.530000
2021-07-16T06:29:00+00:00,48126.390000
2021-07-16T07:09:00+00:00,47650.750000
2021-07-16T08:14:00+00:00,47643.350000
2021-07-16T09:09:00+00:00,47160.950000
2021-07-16T13:49:00+00:00,47157.250000
2021-07-16T15:14:00+00:00,48266.050000
2021-07-19T07:09:00+00:00,48257.170000
2021-07-19T07:19:00+00:00,47792.290000
2021-07-19T07:24:00+00:00,47784.150000
2021-07-19T08:39:00+00:00,47303.010000
2021-07-19T13:59:00+00:00,47301.530000
2021-07-19T15:34:00+00:00,46951.050000
2021-07-20T10:14:00+00:00,46944.390000
2021-07-20T11:04:00+00:00,46939.210000
2021-07-20T11:49:00+00:00,46496.050000
2021-07-20T11:49:00+00:00,46053.370000
2021-07-20T14:24:00+00:00,46051.890000
2021-07-20T20:09:00+00:00,46458.410000
2021-07-21T05:59:00+00:00,46436.210000
2021-07-21T06:04:00+00:00,46129.010000
2021-07-21T13:59:00+00:00,46126.790000
2021-07-21T20:09:00+00:00,46523.570000
2021-07-22T00:19:00+00:00,46512.470000
2021-07-22T07:04:00+00:00,47607.620000
2021-07-22T08:09:00+00:00,47598.000000
2021-07-22T13:39:00+00:00,47113.880000
2021-07-22T14:29:00+00:00,47111.660000
2021-07-22T16:09:00+00:00,46854.440000
2021-07-22T16:09:00+00:00,46849.260000
2021-07-22T17:04:00+00:00,46420.580000
2021-07-23T13:39:00+00:00,46416.880000
2021-07-23T13:54:00+00:00,46113.180000
2021-07-23T13:54:00+00:00,46109.480000
2021-07-23T14:19:00+00:00,46107.260000
2021-07-23T17:14:00+00:00,47241.060000
2021-07-23T20:09:00+00:00,47808.840000
2021-07-26T00:09:00+00:00,47788.860000
2021-07-26T00:49:00+00:00,48950.130000
2021-07-26T08:39:00+00:00,48941.250000
2021-07-26T11:09:00+00:00,48932.370000
2021-07-26T11:59:00+00:00,49403.490000
2021-07-26T11:59:00+00:00,49538.610000
2021-07-26T12:04:00+00:00,49527.510000
2021-07-26T13:34:00+00:00,50735.160000
2021-07-26T13:39:00+00:00,50728.500000
2021-07-26T13:54:00+00:00,50411.340000
2021-07-26T13:54:00+00:00,50408.380000
2021-07-26T14:19:00+00:00,50373.420000
2021-07-26T14:19:00+00:00,50363.800000
2021-07-26T14:34:00+00:00,49853.680000
2021-07-26T14:49:00+00:00,49844.060000
2021-07-26T14:59:00+00:00,49333.940000
2021-07-27T05:09:00+00:00,49311.740000
2021-07-27T05:54:00+00:00,48794.540000
2021-07-27T11:29:00+00:00,48778.260000
2021-07-27T13:34:00+00:00,49944.480000
2021-07-27T13:59:00+00:00,49942.260000
2021-07-27T15:19:00+00:00,50903.790000
2021-07-28T01:49:00+00:00,50893.430000
2021-07-28T02:54:00+00:00,50400.070000
2021-07-28T13:44:00+00:00,50396.370000
2021-07-28T13:54:00+00:00,49887.670000
2021-07-28T13:59:00+00:00,49881.750000
2021-07-28T14:19:00+00:00,51075.830000
2021-07-28T14:19:00+00:00,51075.090000
2021-07-28T20:09:00+00:00,50927.850000
2021-07-29T07:44:00+00:00,50916.750000
2021-07-29T10:49:00+00:00,52161.900000
2021-07-29T11:09:00+00:00,52154.500000
2021-07-29T13:39:00+00:00,53409.600000
2021-07-29T14:54:00+00:00,53408.120000
2021-07-29T20:04:00+00:00,53038.640000
2021-07-30T13:49:00+00:00,53035.680000
2021-07-30T20:09:00+00:00,53366.720000
2021-08-02T00:19:00+00:00,53362.280000
2021-08-02T12:39:00+00:00,53356.360000
2021-08-02T13:39:00+00:00,52846.440000
2021-08-02T13:44:00+00:00,52332.000000
2021-08-02T13:44:00+00:00,52327.560000
2021-08-02T14:14:00+00:00,51861.120000
2021-08-02T15:24:00+00:00,51859.640000
2021-08-02T19:39:00+00:00,51480.160000
2021-08-03T00:09:00+00:00,51467.580000
2021-08-03T01:19:00+00:00,50953.500000
2021-08-03T09:19:00+00:00,50946.100000
2021-08-03T12:59:00+00:00,50458.700000
2021-08-03T13:54:00+00:00,50456.480000
2021-08-03T15:49:00+00:00,50133.260000
2021-08-03T15:49:00+00:00,50131.040000
2021-08-03T20:09:00+00:00,50451.320000
2021-08-04T01:54:00+00:00,50438.740000
2021-08-04T12:29:00+00:00,49916.160000
2021-08-04T14:14:00+00:00,49911.720000
2021-08-04T16:14:00+00:00,49454.280000
2021-08-04T23:09:00+00:00,49440.220000
2021-08-05T00:09:00+00:00,48932.160000
2021-08-05T13:49:00+00:00,48928.460000
2021-08-05T20:09:00+00:00,49342.260000
2021-08-06T14:14:00+00:00,49338.560000
2021-08-06T17:29:00+00:00,49325.980000
2021-08-06T20:09:00+00:00,49467.280000
2021-08-06T20:09:00+00:00,49573.700000
2021-08-09T07:14:00+00:00,49567.780000
2021-08-09T13:44:00+00:00,49761.860000
2021-08-09T13:44:00+00:00,49756.680000
2021-08-09T14:34:00+00:00,49286.000000
2021-08-09T18:34:00+00:00,49283.780000
2021-08-09T18:49:00+00:00,49212.560000
2021-08-09T18:49:00+00:00,49199.240000
2021-08-09T20:09:00+00:00,49221.920000
2021-08-10T14:29:00+00:00,49218.960000
2021-08-10T20:04:00+00:00,49676.000000
2021-08-11T13:49:00+00:00,49673.040000
2021-08-11T19:54:00+00:00,49978.080000
2021-08-12T14:19:00+00:00,49975.120000
2021-08-12T14:24:00+00:00,49972.160000
2021-08-12T20:09:00+00:00,50493.200000
2021-08-12T20:09:00+00:00,51006.240000
2021-08-13T13:49:00+00:00,51001.060000
2021-08-13T20:09:00+00:00,51310.880000
2021-08-16T07:24:00+00:00,51302.740000
2021-08-16T10:14:00+00:00,50799.600000
2021-08-16T13:49:00+00:00,50795.160000
2021-08-16T13:59:00+00:00,50792.200000
2021-08-16T14:14:00+00:00,51890.260000
2021-08-16T18:14:00+00:00,51403.300000
2021-08-17T14:19:00+00:00,51401.080000
2021-08-17T14:44:00+00:00,50984.860000
2021-08-17T16:34:00+00:00,50981.160000
2021-08-17T16:54:00+00:00,50497.460000
2021-08-17T17:44:00+00:00,50495.980000
2021-08-17T19:04:00+00:00,50237.500000
2021-08-17T19:04:00+00:00,50235.280000
2021-08-17T20:09:00+00:00,50246.560000
2021-08-18T13:54:00+00:00,50243.600000
2021-08-18T15:39:00+00:00,49802.640000
2021-08-18T18:19:00+00:00,49798.940000
2021-08-18T18:34:00+00:00,49317.740000
2021-08-19T11:59:00+00:00,49314.040000
2021-08-19T12:29:00+00:00,49107.840000
2021-08-19T12:29:00+00:00,49101.920000
2021-08-19T14:04:00+00:00,50286.000000
2021-08-19T14:09:00+00:00,50283.780000
2021-08-19T20:09:00+00:00,50872.560000
2021-08-20T00:09:00+00:00,50858.500000
2021-08-20T01:44:00+00:00,50340.940000
2021-08-20T13:49:00+00:00,50337.980000
2021-08-20T20:09:00+00:00,50967.020000
2021-08-23T07:09:00+00:00,50956.660000
2021-08-23T13:34:00+00:00,50442.300000
2021-08-23T13:49:00+00:00,50440.080000
2021-08-23T20:09:00+00:00,51172.860000
2021-08-24T14:09:00+00:00,51169.160000
2021-08-24T19:39:00+00:00,51150.460000
2021-08-25T08:09:00+00:00,51137.140000
2021-08-25T08:14:00+00:00,50619.820000
2021-08-25T11:49:00+00:00,50607.240000
2021-08-25T13:34:00+00:00,51805.910000
2021-08-25T13:59:00+00:00,51800.730000
2021-08-25T14:09:00+00:00,51796.290000
2021-08-25T17:14:00+00:00,51783.710000
2021-08-25T18:09:00+00:00,51320.630000
2021-08-25T20:09:00+00:00,51532.450000
2021-08-25T20:09:00+00:00,51477.010000
2021-08-26T07:34:00+00:00,51471.090000
2021-08-26T14:04:00+00:00,51841.170000
2021-08-26T14:04:00+00:00,51834.510000
2021-08-26T14:24:00+00:00,51830.070000
2021-08-26T14:29:00+00:00,53083.410000
2021-08-26T14:29:00+00:00,53077.490000
2021-08-26T15:19:00+00:00,52575.570000
2021-08-26T20:09:00+00:00,53207.130000
2021-08-27T06:09:00+00:00,53188.630000
2021-08-27T07:04:00+00:00,52632.630000
2021-08-27T13:19:00+00:00,52622.270000
2021-08-27T13:34:00+00:00,52100.910000
2021-08-27T13:44:00+00:00,52096.470000
2021-08-27T14:04:00+00:00,51588.030000
2021-08-27T14:04:00+00:00,51585.810000
2021-08-27T20:09:00+00:00,51913.590000
2021-08-30T12:54:00+00:00,51897.310000
2021-08-30T13:34:00+00:00,53146.030000
2021-08-30T13:54:00+00:00,53143.070000
2021-08-30T20:09:00+00:00,53790.110000
2021-08-31T11:24:00+00:00,53785.670000
2021-08-31T12:29:00+00:00,53283.230000
2021-08-31T13:39:00+00:00,53274.350000
2021-08-31T13:54:00+00:00,53272.130000
2021-08-31T15:24:00+00:00,52753.250000
2021-08-31T20:09:00+00:00,52362.530000
2021-09-01T13:39:00+00:00,52356.610000
2021-09-01T13:49:00+00:00,52354.390000
2021-09-01T19:14:00+00:00,51828.470000
2021-09-01T19:44:00+00:00,51386.750000
2021-09-02T05:44:00+00:00,51370.470000
2021-09-02T08:09:00+00:00,52619.190000
2021-09-02T09:39:00+00:00,52612.530000
2021-09-02T09:49:00+00:00,52524.870000
2021-09-02T09:49:00+00:00,52507.110000
2021-09-02T10:54:00+00:00,52502.670000
2021-09-02T11:44:00+00:00,51956.910000
2021-09-02T11:44:00+00:00,51772.470000
2021-09-02T13:59:00+00:00,51766.550000
2021-09-02T15:19:00+00:00,51704.630000
2021-09-02T15:19:00+00:00,51697.970000
2021-09-02T16:04:00+00:00,51178.310000
2021-09-03T11:49:00+00:00,51156.850000
2021-09-03T12:34:00+00:00,50613.390000
2021-09-03T12:44:00+00:00,50611.170000
2021-09-03T13:59:00+00:00,50308.950000
2021-09-03T13:59:00+00:00,50307.470000
2021-09-03T19:24:00+00:00,50368.990000
2021-09-03T19:24:00+00:00,50354.930000
2021-09-03T20:09:00+00:00,50521.370000
2021-09-06T13:49:00+00:00,50500.650000
2021-09-07T00:04:00+00:00,49961.930000
2021-09-07T08:29:00+00:00,49956.010000
2021-09-07T09:24:00+00:00,49474.090000
2021-09-07T13:34:00+00:00,49464.470000
2021-09-07T13:44:00+00:00,49457.810000
2021-09-07T13:49:00+00:00,48965.150000
2021-09-07T13:54:00+00:00,48507.030000
2021-09-07T13:54:00+00:00,48504.070000
2021-09-07T14:49:00+00:00,48079.110000
2021-09-08T00:09:00+00:00,48064.310000
2021-09-08T05:24:00+00:00,48056.910000
2021-09-08T06:39:00+00:00,47864.510000
2021-09-08T07:04:00+00:00,47379.710000
2021-09-08T12:54:00+00:00,47369.350000
2021-09-08T13:34:00+00:00,46903.990000
2021-09-08T14:34:00+00:00,46901.770000
2021-09-08T20:09:00+00:00,46797.550000
2021-09-09T07:24:00+00:00,46792.370000
2021-09-09T11:49:00+00:00,47088.190000
2021-09-09T11:49:00+00:00,47083.010000
2021-09-09T12:54:00+00:00,46811.830000
2021-09-09T12:54:00+00:00,46808.870000
2021-09-09T15:29:00+00:00,46703.910000
2021-09-09T15:29:00+00:00,46700.950000
2021-09-09T20:09:00+00:00,47161.990000
2021-09-10T01:34:00+00:00,47149.410000
2021-09-10T06:54:00+00:00,47139.790000
2021-09-10T07:04:00+00:00,48274.710000
2021-09-10T08:24:00+00:00,48882.590000
2021-09-10T12:24:00+00:00,48862.610000
2021-09-10T13:29:00+00:00,48343.130000
2021-09-10T14:04:00+00:00,48339.430000
2021-09-10T19:14:00+00:00,49479.480000
2021-09-13T13:44:00+00:00,49475.780000
2021-09-13T13:59:00+00:00,49474.300000
2021-09-13T19:09:00+00:00,49472.820000
2021-09-13T20:09:00+00:00,49579.120000
2021-09-13T20:09:00+00:00,49578.640000
2021-09-13T20:09:00+00:00,49334.160000
2021-09-14T01:49:00+00:00,49317.140000
2021-09-14T02:24:00+00:00,48805.620000
2021-09-14T05:39:00+00:00,48786.380000
2021-09-14T06:44:00+00:00,49969.640000
2021-09-14T13:54:00+00:00,49967.420000
2021-09-14T20:09:00+00:00,50224.700000
2021-09-15T13:44:00+00:00,50221.740000
2021-09-15T14:14:00+00:00,50220.260000
2021-09-15T16:04:00+00:00,50067.300000
2021-09-15T16:04:00+00:00,49897.820000
2021-09-15T16:09:00+00:00,49894.120000
2021-09-15T17:54:00+00:00,50934.170000
2021-09-16T01:39:00+00:00,50924.550000
2021-09-16T09:49:00+00:00,52133.680000
2021-09-16T13:49:00+00:00,52130.720000
2021-09-16T17:59:00+00:00,51647.760000
2021-09-17T13:54:00+00:00,51646.280000
2021-09-17T15:34:00+00:00,51645.540000
2021-09-17T20:09:00+00:00,52003.060000
2021-09-17T20:09:00+00:00,52020.820000
2021-09-20T14:24:00+00:00,52019.340000
2021-09-20T17:24:00+00:00,52421.860000
2021-09-20T17:24:00+00:00,52415.940000
2021-09-20T18:09:00+00:00,51934.020000
2021-09-20T23:49:00+00:00,51924.400000
2021-09-21T00:34:00+00:00,53133.530000
2021-09-21T03:24:00+00:00,53123.170000
2021-09-21T03:49:00+00:00,52601.810000
2021-09-21T05:29:00+00:00,52595.890000
2021-09-21T07:24:00+00:00,52073.970000
2021-09-21T08:39:00+00:00,52072.490000
2021-09-21T12:19:00+00:00,51922.010000
2021-09-21T12:19:00+00:00,51910.910000
2021-09-21T13:04:00+00:00,53193.560000
2021-09-21T13:49:00+00:00,53192.080000
2021-09-21T13:54:00+00:00,53189.860000
2021-09-21T14:04:00+00:00,52979.380000
2021-09-21T14:04:00+00:00,52777.660000
2021-09-21T14:09:00+00:00,52774.700000
2021-09-21T15:14:00+00:00,52323.740000
2021-09-21T15:14:00+00:00,52320.780000
2021-09-21T17:29:00+00:00,51853.820000
2021-09-22T01:14:00+00:00,51849.380000
2021-09-22T13:19:00+00:00,52306.940000
2021-09-22T13:19:00+00:00,52297.320000
2021-09-22T13:39:00+00:00,53538.950000
2021-09-22T13:59:00+00:00,53535.990000
2021-09-22T14:04:00+00:00,53532.290000
2021-09-22T18:14:00+00:00,54647.340000
2021-09-22T20:09:00+00:00,55366.380000
2021-09-23T03:39:00+00:00,55359.720000
2021-09-23T06:39:00+00:00,55272.060000
2021-09-23T06:39:00+00:00,55260.220000
2021-09-23T07:34:00+00:00,56628.380000
2021-09-23T07:49:00+00:00,56625.420000
2021-09-23T13:09:00+00:00,56092.460000
2021-09-23T13:49:00+00:00,56090.980000
2021-09-23T16:09:00+00:00,56092.500000
2021-09-23T16:09:00+00:00,56088.800000
2021-09-23T17:29:00+00:00,55587.600000
2021-09-24T13:59:00+00:00,55584.640000
2021-09-24T14:19:00+00:00,55429.680000
2021-09-24T14:19:00+00:00,55425.240000
2021-09-24T15:09:00+00:00,55249.800000
2021-09-24T15:09:00+00:00,55246.840000
2021-09-24T20:09:00+00:00,55831.880000
2021-09-27T13:44:00+00:00,55830.400000
2021-09-27T15:04:00+00:00,55385.920000
2021-09-27T15:04:00+00:00,55384.440000
2021-09-27T19:19:00+00:00,55382.960000
2021-09-27T20:09:00+00:00,55233.480000
2021-09-27T20:09:00+00:00,55075.000000
2021-09-28T00:14:00+00:00,55065.380000
2021-09-28T00:29:00+00:00,54529.260000
2021-09-28T05:09:00+00:00,54523.340000
2021-09-28T06:14:00+00:00,54507.800000
2021-09-28T06:29:00+00:00,55804.760000
2021-09-28T06:39:00+00:00,57088.840000
2021-09-28T09:39:00+00:00,57086.620000
2021-09-28T10:29:00+00:00,57252.400000
2021-09-28T10:29:00+00:00,57247.960000
2021-09-28T13:49:00+00:00,56706.520000
2021-09-28T13:49:00+00:00,56705.040000
2021-09-28T20:09:00+00:00,57313.560000
2021-09-29T12:54:00+00:00,57304.680000
2021-09-29T13:19:00+00:00,56749.800000
2021-09-29T13:49:00+00:00,56747.580000
2021-09-29T13:54:00+00:00,56745.360000
2021-09-29T15:24:00+00:00,56261.640000
2021-09-29T15:39:00+00:00,55765.920000
2021-09-30T01:29:00+00:00,55757.040000
2021-09-30T01:59:00+00:00,55208.160000
2021-09-30T07:24:00+00:00,55202.240000
2021-09-30T08:39:00+00:00,54644.320000
2021-09-30T13:39:00+00:00,54641.360000
2021-09-30T14:04:00+00:00,54746.400000
2021-09-30T14:04:00+00:00,54741.220000
2021-09-30T14:54:00+00:00,54739.000000
2021-09-30T15:39:00+00:00,55941.320000
2021-09-30T20:09:00+00:00,56578.100000
2021-10-01T06:19:00+00:00,56567.740000
2021-10-01T07:24:00+00:00,56011.380000
2021-10-01T12:39:00+00:00,56003.980000
2021-10-01T13:09:00+00:00,55441.580000
2021-10-01T13:54:00+00:00,55440.100000
2021-10-01T15:04:00+00:00,55476.620000
2021-10-01T15:04:00+00:00,55474.400000
2021-10-01T19:04:00+00:00,56522.180000
2021-10-04T13:49:00+00:00,56521.440000
2021-10-04T20:09:00+00:00,56699.200000
2021-10-05T10:44:00+00:00,56694.020000
2021-10-05T11:44:00+00:00,56689.580000
2021-10-05T13:49:00+00:00,56687.360000
2021-10-05T14:09:00+00:00,58090.930000
2021-10-05T14:44:00+00:00,59488.990000
2021-10-05T20:09:00+00:00,60025.270000
2021-10-06T07:09:00+00:00,60019.350000
2021-10-06T09:24:00+00:00,61383.430000
2021-10-06T12:04:00+00:00,61380.470000
2021-10-06T12:24:00+00:00,61359.510000
2021-10-06T12:24:00+00:00,61352.850000
2021-10-06T12:44:00+00:00,60747.690000
2021-10-06T13:59:00+00:00,60745.470000
2021-10-06T14:04:00+00:00,60743.990000
2021-10-06T14:19:00+00:00,60540.770000
2021-10-06T14:19:00+00:00,60237.290000
2021-10-06T14:24:00+00:00,60235.810000
2021-10-06T17:59:00+00:00,60362.330000
2021-10-06T17:59:00+00:00,60354.190000
2021-10-06T18:14:00+00:00,59763.050000
2021-10-07T10:29:00+00:00,59754.170000
2021-10-07T10:59:00+00:00,59187.290000
2021-10-07T13:39:00+00:00,59181.370000
2021-10-07T13:59:00+00:00,59179.150000
2021-10-07T16:04:00+00:00,60503.230000
2021-10-07T20:09:00+00:00,60103.510000
2021-10-08T00:14:00+00:00,60091.670000
2021-10-08T00:44:00+00:00,59479.830000
2021-10-08T07:24:00+00:00,59473.910000
2021-10-08T11:29:00+00:00,58907.990000
2021-10-08T12:44:00+00:00,58905.770000
2021-10-08T12:54:00+00:00,58731.050000
2021-10-08T12:54:00+00:00,58728.090000
2021-10-08T14:44:00+00:00,58726.610000
2021-10-08T20:09:00+00:00,59727.650000
2021-10-08T20:09:00+00:00,59843.170000
2021-10-11T13:49:00+00:00,59841.690000
2021-10-11T19:54:00+00:00,59337.210000
2021-10-12T05:39:00+00:00,59327.590000
2021-10-12T06:59:00+00:00,60731.720000
2021-10-12T07:14:00+00:00,60722.840000
2021-10-12T09:04:00+00:00,62198.960000
2021-10-12T13:49:00+00:00,62196.740000
2021-10-12T20:09:00+00:00,62668.520000
2021-10-13T07:09:00+00:00,62657.420000
2021-10-13T07:29:00+00:00,62016.320000
2021-10-13T07:39:00+00:00,62011.140000
2021-10-13T12:39:00+00:00,62128.460000
2021-10-13T12:39:00+00:00,62123.280000
2021-10-13T12:59:00+00:00,61960.600000
2021-10-13T12:59:00+00:00,61951.720000
2021-10-13T13:29:00+00:00,63442.840000
2021-10-13T13:54:00+00:00,63439.880000
2021-10-13T15:54:00+00:00,63324.920000
2021-10-13T15:54:00+00:00,63321.220000
2021-10-13T20:09:00+00:00,63812.520000
2021-10-14T07:39:00+00:00,63803.640000
2021-10-14T08:14:00+00:00,63188.760000
2021-10-14T14:04:00+00:00,63186.540000
2021-10-14T20:09:00+00:00,63580.320000
2021-10-15T06:19:00+00:00,63565.520000
2021-10-15T07:44:00+00:00,65075.720000
2021-10-15T12:49:00+00:00,65068.320000
2021-10-15T13:34:00+00:00,64405.920000
2021-10-15T14:59:00+00:00,64402.220000
2021-10-15T19:09:00+00:00,64233.520000
2021-10-15T19:09:00+00:00,64217.980000
2021-10-15T19:19:00+00:00,63561.940000
2021-10-18T13:49:00+00:00,63558.240000
2021-10-18T19:54:00+00:00,65098.290000
2021-10-19T00:44:00+00:00,65088.670000
2021-10-19T06:04:00+00:00,64435.550000
2021-10-19T08:14:00+00:00,64428.150000
2021-10-19T13:24:00+00:00,64415.570000
2021-10-19T13:34:00+00:00,63773.990000
2021-10-19T13:54:00+00:00,63769.550000
2021-10-19T18:29:00+00:00,64802.150000
2021-10-19T18:29:00+00:00,65046.710000
2021-10-19T18:34:00+00:00,65026.730000
2021-10-19T19:04:00+00:00,64358.750000
2021-10-19T19:29:00+00:00,64345.430000
2021-10-19T20:04:00+00:00,63684.110000
2021-10-20T02:34:00+00:00,63661.910000
2021-10-20T07:19:00+00:00,65177.210000
2021-10-20T09:34:00+00:00,65169.810000
2021-10-20T12:19:00+00:00,65159.450000
2021-10-20T13:34:00+00:00,65155.010000
2021-10-20T13:54:00+00:00,65242.610000
2021-10-20T13:54:00+00:00,65085.250000
2021-10-20T13:54:00+00:00,64939.810000
2021-10-20T13:59:00+00:00,64933.150000
2021-10-20T14:34:00+00:00,64309.990000
2021-10-20T23:24:00+00:00,64304.810000
2021-10-21T01:44:00+00:00,64212.130000
2021-10-21T01:44:00+00:00,64203.990000
2021-10-21T04:19:00+00:00,63557.850000
2021-10-21T07:14:00+00:00,63548.970000
2021-10-21T13:54:00+00:00,63545.270000
2021-10-21T14:09:00+00:00,65051.390000
2021-10-21T20:09:00+00:00,65932.690000
2021-10-21T23:29:00+00:00,65930.470000
2021-10-22T13:44:00+00:00,65608.750000
2021-10-22T13:44:00+00:00,65602.830000
2021-10-22T13:49:00+00:00,64996.910000
2021-10-22T13:49:00+00:00,64993.210000
2021-10-22T14:29:00+00:00,64434.510000
2021-10-22T14:39:00+00:00,64426.370000
2021-10-22T15:19:00+00:00,65985.730000
2021-10-24T22:24:00+00:00,65979.070000
2021-10-24T22:39:00+00:00,65819.410000
2021-10-24T22:39:00+00:00,65813.490000
2021-10-25T05:54:00+00:00,65151.570000
2021-10-25T15:59:00+00:00,65150.090000
2021-10-25T20:09:00+00:00,65453.610000
2021-10-26T01:39:00+00:00,65438.810000
2021-10-26T06:34:00+00:00,64764.010000
2021-10-26T12:19:00+00:00,64746.990000
2021-10-26T12:29:00+00:00,64085.970000
2021-10-26T14:14:00+00:00,64083.750000
2021-10-26T16:04:00+00:00,63513.030000
2021-10-26T16:19:00+00:00,63505.630000
2021-10-26T16:39:00+00:00,62908.230000
2021-10-27T13:49:00+00:00,62905.270000
2021-10-27T14:09:00+00:00,62516.310000
2021-10-27T14:09:00+00:00,62512.610000
2021-10-27T14:44:00+00:00,61916.410000
2021-10-27T17:54:00+00:00,61894.950000
2021-10-27T18:09:00+00:00,61249.990000
2021-10-28T06:44:00+00:00,61238.150000
2021-10-28T07:19:00+00:00,60618.310000
2021-10-28T07:24:00+00:00,60609.430000
2021-10-28T13:49:00+00:00,62070.550000
2021-10-28T14:09:00+00:00,62066.850000
2021-10-28T15:54:00+00:00,62410.650000
2021-10-28T15:54:00+00:00,62403.250000
2021-10-28T18:39:00+00:00,61775.850000
2021-10-29T02:04:00+00:00,61769.190000
2021-10-29T06:34:00+00:00,61794.030000
2021-10-29T06:34:00+00:00,61780.710000
2021-10-29T07:04:00+00:00,61164.390000
2021-10-29T07:19:00+00:00,61156.990000
2021-10-29T10:14:00+00:00,60549.590000
2021-10-29T13:19:00+00:00,60542.190000
2021-10-29T13:54:00+00:00,60539.230000
2021-10-29T15:09:00+00:00,61931.830000
2021-10-29T20:09:00+00:00,63184.870000
2021-10-31T23:24:00+00:00,63181.910000
2021-11-01T13:49:00+00:00,62678.950000
2021-11-01T13:49:00+00:00,62675.990000
2021-11-01T17:04:00+00:00,62155.030000
2021-11-01T17:29:00+00:00,62147.630000
2021-11-01T18:29:00+00:00,62705.230000
2021-11-01T18:29:00+00:00,62697.090000
2021-11-01T19:59:00+00:00,64160.200000
2021-11-02T07:09:00+00:00,64138.000000
2021-11-02T09:04:00+00:00,65653.300000
2021-11-02T09:29:00+00:00,65639.980000
2021-11-02T13:39:00+00:00,67246.660000
2021-11-02T13:49:00+00:00,67244.440000
2021-11-02T15:59:00+00:00,67120.720000
2021-11-02T15:59:00+00:00,67112.580000
2021-11-02T19:44:00+00:00,66471.940000
2021-11-03T14:04:00+00:00,66468.240000
2021-11-03T15:49:00+00:00,66172.040000
2021-11-03T15:49:00+00:00,66162.420000
2021-11-03T18:04:00+00:00,67712.800000
2021-11-03T18:09:00+00:00,67707.620000
2021-11-03T19:44:00+00:00,69259.940000
2021-11-04T07:39:00+00:00,69237.740000
2021-11-04T08:04:00+00:00,68690.540000
2021-11-04T13:49:00+00:00,68686.840000
2021-11-04T20:09:00+00:00,69673.140000
2021-11-05T08:09:00+00:00,69659.820000
2021-11-05T09:39:00+00:00,71379.000000
2021-11-05T13:54:00+00:00,71375.300000
2021-11-05T14:04:00+00:00,70836.600000
2021-11-05T14:04:00+00:00,70833.640000
2021-11-05T17:14:00+00:00,70172.680000
2021-11-07T23:59:00+00:00,70168.980000
2021-11-08T01:59:00+00:00,70162.320000
2021-11-08T08:14:00+00:00,69485.160000
2021-11-08T10:49:00+00:00,69466.660000
2021-11-08T11:24:00+00:00,68798.160000
2021-11-08T14:24:00+00:00,68199.460000
2021-11-08T15:04:00+00:00,68196.500000
2021-11-08T15:54:00+00:00,68065.540000
2021-11-08T15:54:00+00:00,68058.880000
2021-11-08T21:04:00+00:00,67381.720000
2021-11-09T06:29:00+00:00,67359.520000
2021-11-09T08:14:00+00:00,66662.320000
2021-11-09T14:49:00+00:00,66658.620000
2021-11-09T14:54:00+00:00,66653.440000
2021-11-09T15:14:00+00:00,68170.760000
2021-11-09T18:49:00+00:00,69785.810000
2021-11-10T13:39:00+00:00,69776.190000
2021-11-10T13:54:00+00:00,69110.070000
2021-11-10T14:49:00+00:00,69107.850000
2021-11-10T18:14:00+00:00,68522.130000
2021-11-11T08:59:00+00:00,68513.990000
2021-11-11T13:39:00+00:00,70183.350000
2021-11-11T15:29:00+00:00,70179.650000
2021-11-11T15:49:00+00:00,69833.450000
2021-11-11T15:49:00+00:00,69828.270000
2021-11-11T17:19:00+00:00,69154.590000
2021-11-12T05:04:00+00:00,69145.710000
2021-11-12T13:14:00+00:00,68950.830000
2021-11-12T13:14:00+00:00,68928.630000
2021-11-12T14:14:00+00:00,70593.930000
2021-11-12T14:29:00+00:00,70571.730000
2021-11-12T14:39:00+00:00,71862.030000
2021-11-12T15:49:00+00:00,71859.070000
2021-11-12T20:54:00+00:00,72654.110000
2021-11-15T00:04:00+00:00,72631.910000
2021-11-15T04:39:00+00:00,74409.710000
2021-11-15T15:04:00+00:00,74404.530000
2021-11-15T16:49:00+00:00,74401.570000
2021-11-15T21:09:00+00:00,74553.890000
2021-11-15T21:09:00+00:00,73942.930000
2021-11-16T05:24:00+00:00,73934.790000
2021-11-16T13:39:00+00:00,73228.150000
2021-11-16T14:39:00+00:00,73218.530000
2021-11-16T14:54:00+00:00,72513.410000
2021-11-16T16:04:00+00:00,72511.190000
2021-11-16T20:54:00+00:00,72841.970000
2021-11-17T14:54:00+00:00,72835.310000
2021-11-17T15:14:00+00:00,72108.650000
2021-11-18T02:34:00+00:00,72086.450000
2021-11-18T07:14:00+00:00,73489.250000
2021-11-18T14:39:00+00:00,73481.110000
2021-11-18T14:49:00+00:00,72752.470000
2021-11-18T14:49:00+00:00,72748.030000
2021-11-18T14:54:00+00:00,72742.110000
2021-11-18T15:14:00+00:00,72029.670000
2021-11-18T15:14:00+00:00,71331.750000
2021-11-18T15:19:00+00:00,71328.790000
2021-11-18T16:19:00+00:00,70749.830000
2021-11-18T16:19:00+00:00,70746.870000
2021-11-18T17:54:00+00:00,71179.910000
2021-11-18T17:54:00+00:00,71174.730000
2021-11-18T20:39:00+00:00,70536.050000
2021-11-18T23:09:00+00:00,70515.330000
2021-11-19T01:49:00+00:00,69794.610000
2021-11-19T08:59:00+00:00,69781.290000
2021-11-19T09:44:00+00:00,69065.970000
2021-11-19T09:49:00+00:00,69058.570000
2021-11-19T13:19:00+00:00,69043.770000
2021-11-19T13:44:00+00:00,68348.970000
2021-11-19T14:49:00+00:00,67756.570000
2021-11-19T14:49:00+00:00,67752.870000
2021-11-19T21:09:00+00:00,67684.170000
2021-11-22T14:39:00+00:00,67672.330000
2021-11-22T14:49:00+00:00,67670.110000
2021-11-22T15:04:00+00:00,69318.270000
2021-11-22T16:14:00+00:00,68762.550000
2021-11-23T09:34:00+00:00,68757.370000
2021-11-23T10:19:00+00:00,68066.190000
2021-11-23T14:49:00+00:00,68064.710000
2021-11-23T14:54:00+00:00,68062.490000
2021-11-23T15:09:00+00:00,67575.010000
2021-11-23T15:09:00+00:00,66903.790000
2021-11-23T15:09:00+00:00,66898.610000
2021-11-23T15:59:00+00:00,68433.430000
2021-11-23T18:54:00+00:00,68425.290000
2021-11-23T18:59:00+00:00,67773.650000
2021-11-24T03:09:00+00:00,67766.250000
2021-11-24T05:44:00+00:00,67103.850000
2021-11-24T09:44:00+00:00,67100.890000
2021-11-24T12:04:00+00:00,67094.970000
2021-11-24T13:44:00+00:00,67089.790000
2021-11-24T14:34:00+00:00,68743.870000
2021-11-24T14:39:00+00:00,68740.910000
2021-11-24T14:49:00+00:00,70112.950000
2021-11-24T14:49:00+00:00,71787.770000
2021-11-24T15:04:00+00:00,71082.810000
2021-11-24T15:04:00+00:00,71080.590000
2021-11-24T17:44:00+00:00,71079.110000
2021-11-24T19:24:00+00:00,71072.450000
2021-11-24T21:09:00+00:00,71841.230000
2021-11-24T21:09:00+00:00,72030.750000
2021-11-24T21:09:00+00:00,73023.090000
2021-11-25T07:09:00+00:00,73000.890000
2021-11-25T08:19:00+00:00,72303.690000
2021-11-25T08:34:00+00:00,72281.490000
2021-11-25T11:09:00+00:00,73684.290000
2021-11-25T14:49:00+00:00,73676.150000
2021-11-25T23:34:00+00:00,72942.010000
2021-11-26T14:49:00+00:00,72939.790000
2021-11-26T17:59:00+00:00,72938.310000
2021-11-28T23:49:00+00:00,72384.830000
2021-11-29T14:54:00+00:00,71763.110000
2021-11-29T14:59:00+00:00,71760.150000
2021-11-29T20:29:00+00:00,72673.190000
2021-11-29T20:29:00+00:00,72663.570000
2021-11-29T21:09:00+00:00,72855.450000
2021-11-30T02:04:00+00:00,72836.210000
2021-11-30T03:19:00+00:00,74604.470000
2021-11-30T14:54:00+00:00,74600.770000
2021-11-30T15:49:00+00:00,73894.570000
2021-12-01T07:59:00+00:00,73881.990000
2021-12-01T08:24:00+00:00,74957.410000
2021-12-01T08:24:00+00:00,74947.050000
2021-12-01T08:34:00+00:00,74194.690000
2021-12-01T14:09:00+00:00,74183.590000
2021-12-01T14:29:00+00:00,73459.990000
2021-12-01T15:09:00+00:00,73457.770000
2021-12-01T17:59:00+00:00,72849.550000
2021-12-02T08:24:00+00:00,72839.930000
2021-12-02T08:34:00+00:00,72128.310000
2021-12-02T09:39:00+00:00,72121.650000
2021-12-02T10:44:00+00:00,72389.490000
2021-12-02T10:44:00+00:00,72384.310000
2021-12-02T12:09:00+00:00,71693.130000
2021-12-02T14:44:00+00:00,71691.650000
2021-12-02T14:54:00+00:00,71690.910000
2021-12-02T15:39:00+00:00,71209.430000
2021-12-02T15:44:00+00:00,70787.190000
2021-12-02T16:04:00+00:00,70784.970000
2021-12-02T20:59:00+00:00,71444.250000
2021-12-03T07:34:00+00:00,71426.490000
2021-12-03T08:24:00+00:00,70700.730000
2021-12-03T11:09:00+00:00,70694.070000
2021-12-03T13:09:00+00:00,72442.410000
2021-12-03T14:44:00+00:00,72440.190000
2021-12-03T14:49:00+00:00,72438.710000
2021-12-03T16:09:00+00:00,74217.740000
2021-12-03T21:09:00+00:00,75048.260000
2021-12-06T00:19:00+00:00,75042.340000
2021-12-06T00:59:00+00:00,74352.420000
2021-12-06T08:09:00+00:00,74347.240000
2021-12-06T09:49:00+00:00,73645.560000
2021-12-06T15:19:00+00:00,73644.080000
2021-12-06T21:09:00+00:00,73930.600000
2021-12-07T13:59:00+00:00,73918.020000
2021-12-07T14:34:00+00:00,73174.440000
2021-12-07T14:39:00+00:00,73167.780000
2021-12-07T14:49:00+00:00,73164.820000
2021-12-07T15:04:00+00:00,74868.160000
2021-12-07T21:09:00+00:00,75983.200000
2021-12-08T06:19:00+00:00,75974.320000
2021-12-08T11:19:00+00:00,76229.440000
2021-12-08T11:19:00+00:00,76219.080000
2021-12-08T12:14:00+00:00,75480.720000
2021-12-08T14:49:00+00:00,75477.760000
2021-12-08T20:49:00+00:00,75656.800000
2021-12-09T11:19:00+00:00,75653.100000
2021-12-09T14:39:00+00:00,74911.900000
2021-12-09T15:14:00+00:00,74908.940000
2021-12-09T21:09:00+00:00,76505.980000
2021-12-10T00:19:00+00:00,76501.540000
2021-12-10T06:14:00+00:00,76483.780000
2021-12-10T08:49:00+00:00,78086.020000
2021-12-10T09:09:00+00:00,78168.580000
2021-12-10T09:09:00+00:00,78153.040000
2021-12-10T09:39:00+00:00,77360.500000
2021-12-10T10:19:00+00:00,77345.700000
2021-12-10T11:09:00+00:00,76580.900000
2021-12-10T11:39:00+00:00,76558.700000
2021-12-10T11:54:00+00:00,75816.500000
2021-12-10T13:39:00+00:00,75808.360000
2021-12-10T14:34:00+00:00,75057.720000
2021-12-10T14:49:00+00:00,75055.500000
2021-12-10T20:59:00+00:00,74391.780000
2021-12-13T08:09:00+00:00,74380.680000
2021-12-13T08:39:00+00:00,73679.580000
2021-12-13T08:39:00+00:00,73669.220000
2021-12-13T09:04:00+00:00,73882.860000
2021-12-13T09:04:00+00:00,73873.980000
2021-12-13T11:44:00+00:00,73139.100000
2021-12-13T14:54:00+00:00,73136.140000
2021-12-13T21:04:00+00:00,74683.180000
2021-12-14T01:39:00+00:00,74672.080000
2021-12-14T03:39:00+00:00,73918.480000
2021-12-14T13:29:00+00:00,73905.160000
2021-12-14T13:34:00+00:00,75714.340000
2021-12-14T14:49:00+00:00,75712.860000
2021-12-14T15:49:00+00:00,75223.380000
2021-12-14T15:49:00+00:00,75221.900000
2021-12-14T21:09:00+00:00,74848.420000
2021-12-15T09:39:00+00:00,74840.280000
2021-12-15T13:49:00+00:00,75310.640000
2021-12-15T13:49:00+00:00,75305.460000
2021-12-15T14:49:00+00:00,75303.240000
2021-12-15T16:39:00+00:00,77153.060000
2021-12-15T19:09:00+00:00,76571.840000
2021-12-15T19:29:00+00:00,76567.400000
2021-12-15T19:39:00+00:00,75884.960000
2021-12-16T09:09:00+00:00,75878.300000
2021-12-16T10:59:00+00:00,75111.140000
2021-12-16T14:59:00+00:00,75109.660000
2021-12-16T21:09:00+00:00,76269.180000
2021-12-17T07:24:00+00:00,76265.480000
2021-12-17T08:44:00+00:00,75601.780000
2021-12-17T14:49:00+00:00,75600.300000
2021-12-17T15:24:00+00:00,75043.820000
2021-12-17T15:34:00+00:00,75040.860000
2021-12-17T16:39:00+00:00,75437.900000
2021-12-17T16:39:00+00:00,75434.200000
2021-12-17T19:14:00+00:00,74700.500000
2021-12-17T19:59:00+00:00,74694.580000
2021-12-17T20:04:00+00:00,73980.660000
2021-12-20T16:04:00+00:00,73979.180000
2021-12-20T20:24:00+00:00,73480.700000
2021-12-21T07:09:00+00:00,73464.420000
2021-12-21T08:04:00+00:00,75263.140000
2021-12-21T09:39:00+00:00,75258.700000
2021-12-21T10:24:00+00:00,75326.260000
2021-12-21T10:24:00+00:00,75318.120000
2021-12-21T13:09:00+00:00,75920.480000
2021-12-21T13:09:00+00:00,75904.940000
2021-12-21T13:34:00+00:00,75122.900000
2021-12-21T14:49:00+00:00,75120.680000
2021-12-21T16:59:00+00:00,74435.960000
2021-12-22T01:54:00+00:00,74423.380000
2021-12-22T05:39:00+00:00,74674.300000
2021-12-22T05:39:00+00:00,74655.800000
2021-12-22T06:24:00+00:00,76449.800000
2021-12-22T08:54:00+00:00,76441.660000
2021-12-22T14:44:00+00:00,78262.270000
2021-12-22T14:49:00+00:00,78259.310000
2021-12-22T21:09:00+00:00,79464.350000
2021-12-23T06:19:00+00:00,79442.150000
2021-12-23T07:44:00+00:00,78819.950000
2021-12-23T07:44:00+00:00,78797.750000
2021-12-23T08:14:00+00:00,77995.550000
2021-12-23T08:59:00+00:00,77981.490000
2021-12-23T14:39:00+00:00,79891.180000
2021-12-23T15:14:00+00:00,79888.220000
2021-12-23T20:09:00+00:00,80363.260000
2021-12-23T20:09:00+00:00,80341.060000
2021-12-23T20:19:00+00:00,79688.860000
2021-12-27T14:39:00+00:00,79682.200000
2021-12-27T15:04:00+00:00,79679.980000
2021-12-27T16:14:00+00:00,81507.070000
2021-12-27T21:09:00+00:00,82166.350000
2021-12-28T07:54:00+00:00,82144.150000
2021-12-28T08:09:00+00:00,82909.450000
2021-12-28T15:09:00+00:00,82906.490000
2021-12-28T21:09:00+00:00,82855.530000
2021-12-29T01:24:00+00:00,82833.330000
2021-12-29T01:59:00+00:00,84461.130000
2021-12-29T07:39:00+00:00,84439.670000
2021-12-29T11:19:00+00:00,86520.710000
2021-12-29T15:04:00+00:00,86515.530000
2021-12-29T17:44:00+00:00,87231.350000
2021-12-29T17:44:00+00:00,87225.430000
2021-12-29T21:09:00+00:00,88083.510000
2021-12-30T11:44:00+00:00,88061.310000
2021-12-30T13:24:00+00:00,87199.110000
2021-12-30T14:39:00+00:00,87192.450000
2021-12-30T14:44:00+00:00,86317.290000
2021-12-30T15:09:00+00:00,86314.330000
2021-12-30T15:14:00+00:00,86310.630000
2021-12-30T20:44:00+00:00,85541.930000
2021-12-30T20:49:00+00:00,84824.970000
2021-12-31T09:14:00+00:00,84808.690000
2021-12-31T09:24:00+00:00,83956.410000
2021-12-31T14:39:00+00:00,83951.230000
2021-12-31T14:49:00+00:00,83116.550000
2021-12-31T14:49:00+00:00,83112.850000
2021-12-31T17:44:00+00:00,83299.150000
2021-12-31T17:44:00+00:00,83290.270000
2021-12-31T20:54:00+00:00,82501.390000
2023-01-03T06:44:00+00:00,82479.190000
2023-01-03T06:59:00+00:00,81826.990000
2023-01-03T07:04:00+00:00,81814.410000
2023-01-03T08:04:00+00:00,83778.080000
2023-01-03T13:14:00+00:00,83774.380000
2023-01-03T14:44:00+00:00,82945.680000
2023-01-03T14:49:00+00:00,82943.460000
2023-01-03T14:59:00+00:00,82941.980000
2023-01-03T19:49:00+00:00,83610.260000
2023-01-03T19:49:00+00:00,83753.780000
2023-01-03T19:54:00+00:00,83747.860000
2023-01-03T21:09:00+00:00,83665.940000
2023-01-04T03:14:00+00:00,83654.840000
2023-01-04T06:59:00+00:00,83643.740000
2023-01-04T08:14:00+00:00,84570.140000
2023-01-04T08:24:00+00:00,86602.790000
2023-01-04T14:39:00+00:00,86597.610000
2023-01-04T15:04:00+00:00,86595.390000
2023-01-04T16:39:00+00:00,85792.210000
2023-01-04T16:39:00+00:00,84999.490000
2023-01-04T20:04:00+00:00,84995.790000
2023-01-04T20:39:00+00:00,84152.090000
2023-01-05T18:29:00+00:00,84129.890000
2023-01-05T18:59:00+00:00,83297.690000
2023-01-06T07:24:00+00:00,83287.330000
2023-01-06T13:19:00+00:00,85271.970000
2023-01-06T15:39:00+00:00,85270.490000
2023-01-06T21:09:00+00:00,85876.010000
2023-01-09T09:59:00+00:00,85854.550000
2023-01-09T12:34:00+00:00,84963.090000
2023-01-09T14:49:00+00:00,84959.390000
2023-01-09T18:49:00+00:00,84973.190000
2023-01-09T18:49:00+00:00,84969.490000
2023-01-09T21:09:00+00:00,85935.790000
2023-01-10T07:04:00+00:00,85925.430000
2023-01-10T08:29:00+00:00,85915.810000
2023-01-10T11:19:00+00:00,86276.450000
2023-01-10T11:19:00+00:00,86305.830000
2023-01-10T11:24:00+00:00,86298.430000
2023-01-10T14:34:00+00:00,85471.030000
2023-01-10T15:14:00+00:00,85468.810000
2023-01-10T15:44:00+00:00,84760.090000
2023-01-11T02:54:00+00:00,84745.290000
2023-01-11T05:59:00+00:00,84737.890000
2023-01-11T07:04:00+00:00,85317.990000
2023-01-11T09:19:00+00:00,84483.190000
2023-01-11T11:39:00+00:00,84469.870000
2023-01-11T12:24:00+00:00,83610.550000
2023-01-11T15:09:00+00:00,83606.110000
2023-01-11T21:09:00+00:00,84903.670000
2023-01-12T01:59:00+00:00,84881.470000
2023-01-12T07:09:00+00:00,84229.270000
2023-01-12T10:09:00+00:00,84207.070000
2023-01-12T12:19:00+00:00,83434.870000
2023-01-12T14:19:00+00:00,83429.690000
2023-01-12T14:49:00+00:00,85349.510000
2023-01-12T14:49:00+00:00,85348.030000
2023-01-12T17:19:00+00:00,84593.550000
2023-01-13T07:34:00+00:00,84571.350000
2023-01-13T07:49:00+00:00,84339.150000
2023-01-13T08:09:00+00:00,84319.910000
2023-01-13T08:19:00+00:00,83468.670000
2023-01-13T15:04:00+00:00,83463.490000
2023-01-13T20:39:00+00:00,85418.310000
2023-01-16T15:14:00+00:00,85407.210000
2023-01-16T23:09:00+00:00,85276.110000
2023-01-16T23:09:00+00:00,85259.090000
2023-01-17T00:04:00+00:00,84402.570000
2023-01-17T02:09:00+00:00,84383.330000
2023-01-17T02:29:00+00:00,83532.090000
2023-01-17T06:54:00+00:00,83512.110000
2023-01-17T07:14:00+00:00,83127.630000
2023-01-17T07:14:00+00:00,83110.610000
2023-01-17T09:29:00+00:00,83162.590000
2023-01-17T09:29:00+00:00,83154.450000
2023-01-17T12:29:00+00:00,82332.310000
2023-01-17T15:04:00+00:00,82330.090000
2023-01-17T21:09:00+00:00,82119.370000
2023-01-18T06:54:00+00:00,82098.650000
2023-01-18T07:04:00+00:00,81251.930000
2023-01-18T07:49:00+00:00,81236.390000
2023-01-18T08:14:00+00:00,80422.850000
2023-01-18T08:24:00+00:00,80402.130000
2023-01-18T08:59:00+00:00,80311.410000
2023-01-18T08:59:00+00:00,80292.170000
2023-01-18T09:34:00+00:00,79882.930000
2023-01-18T09:34:00+00:00,79874.050000
2023-01-18T10:54:00+00:00,79559.170000
2023-01-18T10:54:00+00:00,79547.330000
2023-01-18T13:34:00+00:00,81495.490000
2023-01-18T15:04:00+00:00,81491.050000
2023-01-18T15:39:00+00:00,80688.610000
2023-01-19T05:44:00+00:00,80670.110000
2023-01-19T06:24:00+00:00,80564.110000
2023-01-19T06:24:00+00:00,80543.390000
2023-01-19T06:59:00+00:00,79710.670000
2023-01-19T14:49:00+00:00,79704.010000
2023-01-19T14:59:00+00:00,78941.350000
2023-01-19T15:04:00+00:00,78935.430000
2023-01-19T15:49:00+00:00,78209.510000
2023-01-20T06:59:00+00:00,78187.310000
2023-01-20T08:24:00+00:00,77400.110000
2023-01-20T10:19:00+00:00,77383.090000
2023-01-20T12:44:00+00:00,79263.570000
2023-01-20T14:39:00+00:00,79254.690000
2023-01-20T14:44:00+00:00,78465.810000
2023-01-20T14:54:00+00:00,78462.110000
2023-01-20T20:04:00+00:00,80270.910000
2023-01-23T08:29:00+00:00,80258.330000
2023-01-23T12:44:00+00:00,79446.750000
2023-01-23T14:49:00+00:00,79444.530000
2023-01-23T21:09:00+00:00,80268.810000
2023-01-24T07:39:00+00:00,80252.530000
2023-01-24T11:09:00+00:00,82188.750000
2023-01-24T14:49:00+00:00,82185.050000
2023-01-24T15:04:00+00:00,81661.350000
2023-01-24T15:04:00+00:00,81656.170000
2023-01-24T15:19:00+00:00,80915.990000
2023-01-25T07:24:00+00:00,80907.110000
2023-01-25T08:19:00+00:00,80502.230000
2023-01-25T08:19:00+00:00,80485.210000
2023-01-25T09:59:00+00:00,82423.190000
2023-01-25T13:09:00+00:00,82409.870000
2023-01-25T14:34:00+00:00,84444.050000
2023-01-25T14:54:00+00:00,84440.350000
2023-01-25T16:19:00+00:00,83709.150000
2023-01-26T13:44:00+00:00,83704.710000
2023-01-26T14:49:00+00:00,83760.270000
2023-01-26T14:49:00+00:00,83756.570000
2023-01-26T20:24:00+00:00,82970.370000
2023-01-27T01:29:00+00:00,82948.170000
2023-01-27T06:49:00+00:00,84613.470000
2023-01-27T07:04:00+00:00,84594.230000
2023-01-27T08:24:00+00:00,84613.990000
2023-01-27T08:24:00+00:00,84599.930000
2023-01-27T10:24:00+00:00,83768.870000
2023-01-27T12:34:00+00:00,83751.110000
2023-01-27T13:29:00+00:00,82905.350000
2023-01-27T13:34:00+00:00,82898.690000
2023-01-27T14:49:00+00:00,82895.730000
2023-01-27T15:09:00+00:00,84947.820000
2023-01-27T21:09:00+00:00,85620.860000
2023-01-29T23:29:00+00:00,85617.900000
2023-01-30T14:49:00+00:00,86236.940000
2023-01-30T14:49:00+00:00,86231.760000
2023-01-30T15:24:00+00:00,85386.580000
2023-01-31T00:09:00+00:00,85364.380000
2023-01-31T01:44:00+00:00,85147.180000
2023-01-31T01:44:00+00:00,85126.460000
2023-01-31T02:04:00+00:00,84265.740000
2023-01-31T06:24:00+00:00,84247.240000
2023-01-31T08:44:00+00:00,83391.240000
2023-01-31T11:44:00+00:00,83372.000000
2023-01-31T13:34:00+00:00,85367.760000
2023-01-31T14:49:00+00:00,85364.060000
2023-01-31T21:09:00+00:00,86420.360000
2023-02-01T06:49:00+00:00,86398.160000
2023-02-01T07:19:00+00:00,85640.960000
2023-02-01T08:54:00+00:00,85620.240000
2023-02-01T12:09:00+00:00,84731.520000
2023-02-01T14:59:00+00:00,84724.120000
2023-02-01T15:04:00+00:00,83886.720000
2023-02-01T15:54:00+00:00,83881.540000
2023-02-01T18:59:00+00:00,83088.860000
2023-02-01T19:44:00+00:00,83087.380000
2023-02-01T21:09:00+00:00,83804.900000
2023-02-02T01:39:00+00:00,83794.540000
2023-02-02T04:44:00+00:00,82944.180000
2023-02-02T04:44:00+00:00,82936.780000
2023-02-02T13:34:00+00:00,84816.880000
2023-02-02T15:34:00+00:00,84814.660000
2023-02-02T21:09:00+00:00,84471.940000
2023-02-03T06:09:00+00:00,84462.320000
2023-02-03T07:29:00+00:00,83614.200000
2023-02-03T11:54:00+00:00,83597.920000
2023-02-03T12:04:00+00:00,82745.640000
2023-02-03T13:39:00+00:00,82741.200000
2023-02-03T14:49:00+00:00,81932.760000
2023-02-03T14:49:00+00:00,81931.280000
2023-02-03T18:59:00+00:00,81927.580000
2023-02-03T20:04:00+00:00,81173.880000
2023-02-03T21:09:00+00:00,80710.400000
2023-02-06T08:09:00+00:00,80696.340000
2023-02-06T08:29:00+00:00,79903.280000
2023-02-06T15:04:00+00:00,79899.580000
2023-02-06T15:19:00+00:00,79313.380000
2023-02-06T15:19:00+00:00,79306.720000
2023-02-06T15:54:00+00:00,78548.560000
2023-02-07T05:54:00+00:00,78538.200000
2023-02-07T09:19:00+00:00,77771.840000
2023-02-07T11:34:00+00:00,77760.000000
2023-02-07T13:39:00+00:00,76996.160000
2023-02-07T15:09:00+00:00,76991.720000
2023-02-07T16:09:00+00:00,76303.280000
2023-02-08T12:24:00+00:00,76294.400000
2023-02-08T14:54:00+00:00,78070.520000
2023-02-08T14:54:00+00:00,78066.820000
2023-02-08T21:09:00+00:00,79458.120000
2023-02-09T14:49:00+00:00,79453.680000
2023-02-09T15:29:00+00:00,79451.460000
2023-02-09T17:49:00+00:00,81427.020000
2023-02-09T21:09:00+00:00,82561.800000
2023-02-10T05:09:00+00:00,82545.520000
2023-02-10T08:29:00+00:00,84536.740000
2023-02-10T15:04:00+00:00,84533.780000
2023-02-10T15:14:00+00:00,83826.820000
2023-02-12T23:09:00+00:00,83820.900000
2023-02-13T01:14:00+00:00,83816.460000
2023-02-13T07:39:00+00:00,83804.620000
2023-02-13T08:04:00+00:00,83400.780000
2023-02-13T08:39:00+00:00,82658.340000
2023-02-13T09:04:00+00:00,81852.420000
2023-02-13T14:59:00+00:00,81850.200000
2023-02-13T21:09:00+00:00,82339.980000
2023-02-14T08:24:00+00:00,82328.880000
2023-02-14T09:04:00+00:00,81492.780000
2023-02-14T09:09:00+00:00,81477.980000
2023-02-14T11:04:00+00:00,83463.180000
2023-02-14T14:49:00+00:00,83461.700000
2023-02-14T21:09:00+00:00,83725.220000
2023-02-15T07:39:00+00:00,83715.600000
2023-02-15T08:39:00+00:00,82867.480000
2023-02-15T11:19:00+00:00,82854.160000
2023-02-15T12:14:00+00:00,82039.840000
2023-02-15T14:04:00+00:00,82031.700000
2023-02-15T14:39:00+00:00,81231.560000
2023-02-15T14:49:00+00:00,81227.860000
2023-02-15T14:54:00+00:00,80469.160000
2023-02-15T14:59:00+00:00,80465.460000
2023-02-15T16:44:00+00:00,79716.760000
2023-02-16T08:09:00+00:00,79706.400000
2023-02-16T12:29:00+00:00,81621.040000
2023-02-16T14:54:00+00:00,81617.340000
2023-02-16T20:34:00+00:00,80831.140000
2023-02-17T05:04:00+00:00,80808.940000
2023-02-17T05:24:00+00:00,80186.740000
2023-02-17T14:49:00+00:00,80184.520000
2023-02-17T15:09:00+00:00,80054.800000
2023-02-17T15:09:00+00:00,80049.620000
2023-02-17T16:34:00+00:00,79298.940000
2023-02-17T19:49:00+00:00,79284.880000
2023-02-17T19:54:00+00:00,78472.820000
2023-02-20T04:49:00+00:00,78450.620000
2023-02-20T08:14:00+00:00,80153.420000
2023-02-20T15:04:00+00:00,80131.220000
2023-02-20T17:34:00+00:00,80469.020000
2023-02-20T17:34:00+00:00,80446.820000
2023-02-20T17:59:00+00:00,79839.620000
2023-02-21T02:59:00+00:00,79824.820000
2023-02-21T07:09:00+00:00,79817.420000
2023-02-21T08:19:00+00:00,81777.620000
2023-02-21T08:24:00+00:00,82407.720000
2023-02-21T14:44:00+00:00,82401.800000
2023-02-21T14:54:00+00:00,81655.880000
2023-02-21T14:54:00+00:00,81648.480000
2023-02-21T15:09:00+00:00,81644.780000
2023-02-21T16:34:00+00:00,83674.880000
2023-02-21T21:09:00+00:00,84753.680000
2023-02-22T07:14:00+00:00,84738.140000
2023-02-22T08:04:00+00:00,84731.480000
2023-02-22T08:09:00+00:00,83886.440000
2023-02-22T08:09:00+00:00,83623.280000
2023-02-22T14:49:00+00:00,83617.360000
2023-02-22T15:04:00+00:00,82811.440000
2023-02-22T15:09:00+00:00,82807.000000
2023-02-22T18:09:00+00:00,82013.560000
2023-02-23T07:19:00+00:00,81991.360000
2023-02-23T08:09:00+00:00,81309.160000
2023-02-23T11:19:00+00:00,81301.020000
2023-02-23T12:39:00+00:00,80484.380000
2023-02-23T15:09:00+00:00,80480.680000
2023-02-23T21:09:00+00:00,80396.980000
2023-02-24T05:39:00+00:00,80380.700000
2023-02-24T07:09:00+00:00,80374.780000
2023-02-24T08:19:00+00:00,82338.500000
2023-02-24T10:19:00+00:00,83082.580000
2023-02-24T12:04:00+00:00,83064.820000
2023-02-24T13:34:00+00:00,82207.060000
2023-02-24T14:49:00+00:00,82204.840000
2023-02-24T21:04:00+00:00,82012.120000
2023-02-27T14:59:00+00:00,82004.720000
2023-02-27T15:39:00+00:00,81242.320000
2023-02-27T19:24:00+00:00,81227.520000
2023-02-27T20:39:00+00:00,83162.720000
2023-02-28T15:04:00+00:00,83159.020000
2023-02-28T21:04:00+00:00,82432.820000
2023-03-01T09:04:00+00:00,82420.980000
2023-03-01T13:04:00+00:00,81601.140000
2023-03-01T14:49:00+00:00,81597.440000
2023-03-01T15:09:00+00:00,80881.240000
2023-03-01T15:14:00+00:00,80879.020000
2023-03-01T21:09:00+00:00,80891.800000
2023-03-02T03:14:00+00:00,80888.840000
2023-03-02T12:29:00+00:00,80871.820000
2023-03-02T13:34:00+00:00,82809.800000
2023-03-02T14:54:00+00:00,82846.840000
2023-03-02T14:54:00+00:00,82841.660000
2023-03-02T19:29:00+00:00,84717.730000
2023-03-03T00:34:00+00:00,84708.110000
2023-03-03T06:29:00+00:00,84412.490000
2023-03-03T06:29:00+00:00,84395.470000
2023-03-03T07:09:00+00:00,83538.950000
2023-03-03T07:09:00+00:00,83519.710000
2023-03-03T08:04:00+00:00,82655.470000
2023-03-03T08:09:00+00:00,82636.230000
2023-03-03T09:14:00+00:00,84631.990000
2023-03-03T12:24:00+00:00,84609.790000
2023-03-03T13:44:00+00:00,83762.590000
2023-03-03T14:49:00+00:00,83757.410000
2023-03-03T19:34:00+00:00,85668.480000
2023-03-06T07:59:00+00:00,85646.280000
2023-03-06T08:19:00+00:00,87424.080000
2023-03-06T12:09:00+00:00,87408.540000
2023-03-06T13:29:00+00:00,89493.000000
2023-03-06T15:14:00+00:00,89487.080000
2023-03-06T19:24:00+00:00,88593.160000
2023-03-07T15:04:00+00:00,88590.940000
2023-03-07T21:09:00+00:00,88921.720000
2023-03-08T07:14:00+00:00,88899.520000
2023-03-08T08:09:00+00:00,88052.320000
2023-03-08T13:14:00+00:00,88043.440000
2023-03-08T15:04:00+00:00,87200.560000
2023-03-08T15:04:00+00:00,87196.120000
2023-03-08T15:34:00+00:00,86405.680000
2023-03-09T05:54:00+00:00,86383.480000
2023-03-09T08:09:00+00:00,87936.280000
2023-03-09T13:39:00+00:00,87928.880000
2023-03-09T14:49:00+00:00,89958.980000
2023-03-09T14:49:00+00:00,89956.020000
2023-03-09T17:49:00+00:00,89221.060000
2023-03-10T02:44:00+00:00,89213.660000
2023-03-10T06:59:00+00:00,89198.860000
2023-03-10T07:24:00+00:00,90984.060000
2023-03-10T11:39:00+00:00,90975.180000
2023-03-10T12:34:00+00:00,90078.300000
2023-03-10T13:34:00+00:00,92195.900000
2023-03-10T14:49:00+00:00,92193.680000
2023-03-10T16:14:00+00:00,91343.960000
2023-03-13T06:24:00+00:00,91330.640000
2023-03-13T06:54:00+00:00,90417.320000
2023-03-13T08:19:00+00:00,90406.220000
2023-03-13T08:34:00+00:00,89487.620000
2023-03-13T13:49:00+00:00,89485.400000
2023-03-13T20:09:00+00:00,90050.180000
2023-03-14T14:24:00+00:00,90047.220000
2023-03-14T15:04:00+00:00,90112.260000
2023-03-14T15:04:00+00:00,90102.640000
2023-03-14T15:24:00+00:00,89235.020000
2023-03-15T12:44:00+00:00,89232.060000
2023-03-15T13:29:00+00:00,88513.100000
2023-03-15T14:34:00+00:00,88510.140000
2023-03-15T15:44:00+00:00,87677.180000
2023-03-15T17:19:00+00:00,87674.220000
2023-03-15T20:09:00+00:00,88701.260000
2023-03-16T05:44:00+00:00,88689.420000
2023-03-16T06:49:00+00:00,87813.580000
2023-03-16T13:59:00+00:00,87810.620000
2023-03-16T14:14:00+00:00,87655.660000
2023-03-16T14:14:00+00:00,87649.000000
2023-03-16T14:44:00+00:00,86769.340000
2023-03-17T07:14:00+00:00,86754.540000
2023-03-17T11:49:00+00:00,87549.740000
2023-03-17T11:49:00+00:00,87527.540000
2023-03-17T12:24:00+00:00,86650.340000
2023-03-17T14:04:00+00:00,86647.380000
2023-03-17T14:24:00+00:00,85832.420000
2023-03-17T14:24:00+00:00,85828.720000
2023-03-17T20:09:00+00:00,86172.520000
2023-03-20T03:44:00+00:00,86157.720000
2023-03-20T04:39:00+00:00,85272.920000
2023-03-20T08:19:00+00:00,85269.220000
2023-03-20T08:44:00+00:00,84653.020000
2023-03-20T08:44:00+00:00,84647.100000
2023-03-20T13:49:00+00:00,83841.180000
2023-03-20T14:49:00+00:00,83837.480000
2023-03-20T20:09:00+00:00,84406.280000
2023-03-21T07:59:00+00:00,84387.780000
2023-03-21T10:29:00+00:00,83544.280000
2023-03-21T14:19:00+00:00,83537.620000
2023-03-21T17:34:00+00:00,82747.960000
2023-03-22T13:54:00+00:00,82739.080000
2023-03-22T18:04:00+00:00,84725.200000
2023-03-22T19:04:00+00:00,84722.240000
2023-03-22T19:24:00+00:00,83879.280000
2023-03-23T12:09:00+00:00,83870.400000
2023-03-23T12:49:00+00:00,83051.520000
2023-03-23T13:19:00+00:00,83037.460000
2023-03-23T13:34:00+00:00,85018.400000
2023-03-23T14:04:00+00:00,85011.740000
2023-03-23T15:04:00+00:00,87108.830000
2023-03-23T19:04:00+00:00,87102.910000
2023-03-23T19:19:00+00:00,86304.990000
2023-03-24T08:09:00+00:00,86287.970000
2023-03-24T08:14:00+00:00,85396.950000
2023-03-24T15:14:00+00:00,85393.990000
2023-03-24T16:04:00+00:00,84545.030000
2023-03-27T08:14:00+00:00,84539.110000
2023-03-27T13:49:00+00:00,84534.670000
2023-03-27T14:34:00+00:00,83777.230000
2023-03-27T15:09:00+00:00,82979.310000
2023-03-28T07:14:00+00:00,82960.810000
2023-03-28T07:44:00+00:00,83729.810000
2023-03-28T07:44:00+00:00,83713.530000
2023-03-28T07:54:00+00:00,82872.250000
2023-03-28T14:34:00+00:00,82870.030000
2023-03-28T20:09:00+00:00,82315.810000
2023-03-29T08:49:00+00:00,82296.570000
2023-03-29T09:09:00+00:00,81458.330000
2023-03-29T11:09:00+00:00,81436.130000
2023-03-29T13:04:00+00:00,83026.430000
2023-03-29T14:04:00+00:00,83020.510000
2023-03-29T14:34:00+00:00,82254.590000
2023-03-30T14:29:00+00:00,82248.670000
2023-03-30T16:49:00+00:00,81422.750000
2023-03-31T13:39:00+00:00,81417.570000
2023-03-31T13:49:00+00:00,81413.130000
2023-03-31T19:04:00+00:00,83394.200000
2023-03-31T20:09:00+00:00,85204.760000
2023-04-03T05:24:00+00:00,85182.560000
2023-04-03T05:54:00+00:00,84350.360000
2023-04-03T08:04:00+00:00,84340.740000
2023-04-03T12:09:00+00:00,83492.620000
2023-04-03T13:49:00+00:00,83488.180000
2023-04-03T14:44:00+00:00,83171.740000
2023-04-03T14:44:00+00:00,83159.160000
2023-04-03T15:09:00+00:00,85165.330000
2023-04-04T06:19:00+00:00,85143.130000
2023-04-04T07:29:00+00:00,84445.930000
2023-04-04T13:59:00+00:00,84438.530000
2023-04-04T14:04:00+00:00,84434.830000
2023-04-04T14:24:00+00:00,83917.430000
2023-04-04T14:24:00+00:00,83441.230000
2023-04-04T14:29:00+00:00,83434.570000
2023-04-04T20:09:00+00:00,84251.410000
2023-04-05T06:19:00+00:00,84233.650000
2023-04-05T07:34:00+00:00,83363.890000
2023-04-05T12:39:00+00:00,83353.530000
2023-04-05T13:49:00+00:00,85338.170000
2023-04-05T13:49:00+00:00,85332.990000
2023-04-05T20:09:00+00:00,86052.310000
2023-04-06T05:59:00+00:00,86030.110000
2023-04-06T06:34:00+00:00,87245.410000
2023-04-06T10:19:00+00:00,87231.350000
2023-04-06T13:24:00+00:00,86371.790000
2023-04-06T14:09:00+00:00,86367.350000
2023-04-06T20:09:00+00:00,88018.910000
2023-04-10T04:39:00+00:00,87996.710000
2023-04-10T05:24:00+00:00,87329.510000
2023-04-10T09:59:00+00:00,87307.310000
2023-04-10T10:19:00+00:00,86715.110000
2023-04-10T13:49:00+00:00,86710.670000
2023-04-10T15:09:00+00:00,85899.230000
2023-04-10T16:09:00+00:00,85892.570000
2023-04-10T16:39:00+00:00,85062.410000
2023-04-11T00:19:00+00:00,85050.570000
2023-04-11T00:39:00+00:00,84222.730000
2023-04-11T14:14:00+00:00,84219.030000
2023-04-11T14:29:00+00:00,83997.830000
2023-04-11T14:29:00+00:00,83988.210000
2023-04-11T14:39:00+00:00,83159.590000
2023-04-12T07:39:00+00:00,83151.450000
2023-04-12T07:49:00+00:00,82774.810000
2023-04-12T07:49:00+00:00,82757.790000
2023-04-12T11:49:00+00:00,82752.610000
2023-04-12T12:29:00+00:00,82470.930000
2023-04-12T12:34:00+00:00,84523.910000
2023-04-12T12:39:00+00:00,84519.470000
2023-04-12T13:34:00+00:00,83711.030000
2023-04-12T13:49:00+00:00,83708.810000
2023-04-12T20:09:00+00:00,84342.590000
2023-04-13T09:19:00+00:00,84327.790000
2023-04-13T10:14:00+00:00,83462.990000
2023-04-13T12:24:00+00:00,83447.450000
2023-04-13T12:34:00+00:00,85453.160000
2023-04-13T14:09:00+00:00,85449.460000
2023-04-13T16:04:00+00:00,85447.240000
2023-04-13T20:09:00+00:00,86471.040000
2023-04-13T20:09:00+00:00,86818.320000
2023-04-14T07:19:00+00:00,86799.820000
2023-04-14T08:14:00+00:00,85918.820000
2023-04-14T12:39:00+00:00,85907.720000
2023-04-14T13:39:00+00:00,85079.120000
2023-04-14T13:49:00+00:00,85076.160000
2023-04-14T14:14:00+00:00,84803.200000
2023-04-14T14:14:00+00:00,84798.020000
2023-04-14T20:09:00+00:00,84775.340000
2023-04-17T06:34:00+00:00,84759.800000
2023-04-17T07:49:00+00:00,85636.760000
2023-04-17T07:49:00+00:00,85616.040000
2023-04-17T09:19:00+00:00,87660.320000
2023-04-17T14:34:00+00:00,87653.660000
2023-04-17T14:39:00+00:00,87649.960000
2023-04-17T20:09:00+00:00,86896.300000
2023-04-17T20:09:00+00:00,86255.100000
2023-04-18T13:49:00+00:00,86246.220000
2023-04-18T13:54:00+00:00,86236.600000
2023-04-18T13:59:00+00:00,85381.720000
2023-04-18T13:59:00+00:00,84559.600000
2023-04-18T16:44:00+00:00,84553.680000
2023-04-18T20:09:00+00:00,84755.760000
2023-04-19T11:54:00+00:00,84736.520000
2023-04-19T13:34:00+00:00,83859.280000
2023-04-19T14:39:00+00:00,83854.100000
2023-04-19T17:24:00+00:00,84741.420000
2023-04-19T17:24:00+00:00,84723.660000
2023-04-19T18:04:00+00:00,83865.900000
2023-04-20T06:19:00+00:00,83852.580000
2023-04-20T07:14:00+00:00,83020.260000
2023-04-20T12:29:00+00:00,83006.940000
2023-04-20T13:49:00+00:00,84973.620000
2023-04-20T13:49:00+00:00,84969.180000
2023-04-20T19:19:00+00:00,84133.740000
2023-04-21T07:39:00+00:00,84126.340000
2023-04-21T08:49:00+00:00,83608.940000
2023-04-21T08:49:00+00:00,83600.060000
2023-04-21T10:34:00+00:00,82763.180000
2023-04-21T13:54:00+00:00,82757.260000
2023-04-21T14:24:00+00:00,82139.340000
2023-04-21T14:24:00+00:00,82135.640000
2023-04-21T14:49:00+00:00,81706.940000
2023-04-21T14:49:00+00:00,81701.760000
2023-04-21T15:04:00+00:00,80954.580000
2023-04-24T14:39:00+00:00,80952.360000
2023-04-24T20:09:00+00:00,80804.640000
2023-04-25T13:49:00+00:00,80797.240000
2023-04-25T17:19:00+00:00,82639.840000
2023-04-26T06:24:00+00:00,82627.260000
2023-04-26T08:04:00+00:00,83031.180000
2023-04-26T08:04:00+00:00,83014.900000
2023-04-26T10:44:00+00:00,82162.620000
2023-04-26T12:19:00+00:00,82154.480000
2023-04-26T13:59:00+00:00,82150.040000
2023-04-26T14:24:00+00:00,81404.600000
2023-04-26T16:09:00+00:00,83293.960000
2023-04-27T14:09:00+00:00,83286.560000
2023-04-27T16:14:00+00:00,85291.660000
2023-04-28T09:24:00+00:00,85269.460000
2023-04-28T09:44:00+00:00,84647.260000
2023-04-28T12:19:00+00:00,84625.060000
2023-04-28T12:34:00+00:00,83777.860000
2023-04-28T14:14:00+00:00,83774.900000
2023-04-28T20:09:00+00:00,84253.940000
2023-05-01T00:49:00+00:00,84233.960000
2023-05-01T06:09:00+00:00,85455.980000
2023-05-01T06:09:00+00:00,85437.480000
2023-05-01T06:44:00+00:00,84581.480000
2023-05-01T13:54:00+00:00,84572.600000
2023-05-01T14:04:00+00:00,83735.720000
2023-05-02T00:14:00+00:00,83716.480000
2023-05-02T00:24:00+00:00,82852.240000
2023-05-02T10:09:00+00:00,82837.440000
2023-05-02T14:09:00+00:00,82831.520000
2023-05-02T14:14:00+00:00,84816.720000
2023-05-02T14:54:00+00:00,86760.800000
2023-05-03T02:09:00+00:00,86738.600000
2023-05-03T08:44:00+00:00,88328.900000
2023-05-03T13:54:00+00:00,88322.240000
2023-05-03T15:04:00+00:00,87433.580000
2023-05-04T07:09:00+00:00,87423.960000
2023-05-04T07:39:00+00:00,86575.840000
2023-05-04T14:24:00+00:00,86571.400000
2023-05-04T15:09:00+00:00,85780.960000
2023-05-05T06:24:00+00:00,85760.980000
2023-05-05T07:09:00+00:00,84890.500000
2023-05-05T12:39:00+00:00,84883.840000
2023-05-05T12:49:00+00:00,84449.680000
2023-05-05T12:49:00+00:00,84443.020000
2023-05-05T13:49:00+00:00,84437.100000
2023-05-05T14:34:00+00:00,86399.190000
2023-05-05T18:04:00+00:00,88513.270000
2023-05-08T06:19:00+00:00,88491.070000
2023-05-08T07:09:00+00:00,87748.870000
2023-05-08T12:14:00+00:00,87726.670000
2023-05-08T12:44:00+00:00,86834.470000
2023-05-08T13:54:00+00:00,86828.550000
2023-05-08T15:49:00+00:00,86042.630000
2023-05-08T18:14:00+00:00,86031.530000
2023-05-08T18:24:00+00:00,85180.430000
2023-05-08T23:24:00+00:00,85170.810000
2023-05-09T08:59:00+00:00,86155.690000
2023-05-09T08:59:00+00:00,86133.490000
2023-05-09T11:29:00+00:00,85256.290000
2023-05-09T12:29:00+00:00,85240.010000
2023-05-09T13:59:00+00:00,84508.730000
2023-05-09T13:59:00+00:00,84499.850000
2023-05-09T14:14:00+00:00,83806.970000
2023-05-09T14:14:00+00:00,83796.610000
2023-05-09T20:09:00+00:00,84101.250000
2023-05-10T14:09:00+00:00,84098.290000
2023-05-10T14:49:00+00:00,83273.330000
2023-05-11T06:39:00+00:00,83251.130000
2023-05-11T07:04:00+00:00,82523.930000
2023-05-11T07:09:00+00:00,82506.910000
2023-05-11T11:14:00+00:00,81684.890000
2023-05-11T11:34:00+00:00,81667.870000
2023-05-11T12:19:00+00:00,83634.600000
2023-05-11T14:34:00+00:00,83629.420000
2023-05-11T14:54:00+00:00,83151.740000
2023-05-11T14:54:00+00:00,83145.080000
2023-05-11T20:09:00+00:00,83673.920000
2023-05-12T13:49:00+00:00,83667.260000
2023-05-12T13:54:00+00:00,83659.860000
2023-05-12T16:24:00+00:00,85739.960000
2023-05-12T16:44:00+00:00,87679.550000
2023-05-15T09:44:00+00:00,87659.570000
2023-05-15T10:29:00+00:00,87734.090000
2023-05-15T10:29:00+00:00,87711.890000
2023-05-15T12:29:00+00:00,86954.690000
2023-05-15T13:54:00+00:00,86944.330000
2023-05-15T15:19:00+00:00,86065.970000
2023-05-15T17:59:00+00:00,86051.170000
2023-05-15T20:09:00+00:00,86716.370000
2023-05-16T07:04:00+00:00,86694.170000
2023-05-16T07:19:00+00:00,85906.970000
2023-05-16T09:39:00+00:00,85898.830000
2023-05-16T11:14:00+00:00,85797.190000
2023-05-16T11:14:00+00:00,85776.470000
2023-05-16T13:24:00+00:00,87890.750000
2023-05-16T13:39:00+00:00,87881.870000
2023-05-16T13:49:00+00:00,87877.430000
2023-05-16T14:34:00+00:00,87873.730000
2023-05-16T20:09:00+00:00,88512.850000
2023-05-16T20:09:00+00:00,88373.410000
2023-05-16T20:09:00+00:00,88322.210000
2023-05-17T05:49:00+00:00,88300.010000
2023-05-17T06:09:00+00:00,87752.810000
2023-05-17T06:34:00+00:00,87730.610000
2023-05-17T06:39:00+00:00,87513.410000
2023-05-17T12:04:00+00:00,87500.830000
2023-05-17T13:49:00+00:00,87267.250000
2023-05-17T13:49:00+00:00,87258.370000
2023-05-17T13:54:00+00:00,87249.490000
2023-05-17T14:19:00+00:00,87018.610000
2023-05-17T14:19:00+00:00,86409.730000
2023-05-17T14:24:00+00:00,86400.110000
2023-05-17T16:49:00+00:00,88535.490000
2023-05-18T07:09:00+00:00,88513.290000
2023-05-18T08:04:00+00:00,89503.590000
2023-05-18T13:59:00+00:00,89498.410000
2023-05-18T19:44:00+00:00,91601.980000
2023-05-19T11:09:00+00:00,91579.780000
2023-05-19T11:49:00+00:00,90837.580000
2023-05-19T13:49:00+00:00,90830.180000
2023-05-19T18:59:00+00:00,91572.780000
2023-05-19T18:59:00+00:00,91560.940000
2023-05-19T20:09:00+00:00,91477.100000
2023-05-22T07:24:00+00:00,91458.600000
2023-05-22T11:39:00+00:00,92315.100000
2023-05-22T11:39:00+00:00,92292.900000
2023-05-22T13:34:00+00:00,94445.700000
2023-05-22T13:39:00+00:00,94437.560000
2023-05-22T13:49:00+00:00,94433.860000
2023-05-22T14:14:00+00:00,94574.220000
2023-05-22T14:14:00+00:00,94335.520000
2023-05-22T14:19:00+00:00,94330.340000
2023-05-22T20:09:00+00:00,94349.660000
2023-05-22T23:09:00+00:00,94340.780000
2023-05-23T00:19:00+00:00,94739.900000
2023-05-23T00:19:00+00:00,94717.700000
2023-05-23T01:49:00+00:00,93915.500000
2023-05-23T05:09:00+00:00,93893.300000
2023-05-23T06:59:00+00:00,93076.100000
2023-05-23T10:14:00+00:00,93058.340000
2023-05-23T11:04:00+00:00,93053.900000
2023-05-23T11:44:00+00:00,92124.140000
2023-05-23T11:44:00+00:00,91918.700000
2023-05-23T13:54:00+00:00,91912.040000
2023-05-23T16:39:00+00:00,91023.380000
2023-05-24T07:19:00+00:00,91006.360000
2023-05-24T07:44:00+00:00,90080.840000
2023-05-24T14:04:00+00:00,90075.660000
2023-05-24T19:24:00+00:00,89251.480000
2023-05-25T06:14:00+00:00,89229.280000
2023-05-25T06:34:00+00:00,90894.580000
2023-05-25T14:24:00+00:00,90891.620000
2023-05-25T15:14:00+00:00,90022.660000
2023-05-25T16:39:00+00:00,90011.560000
2023-05-25T18:04:00+00:00,89107.960000
2023-05-26T07:09:00+00:00,89090.200000
2023-05-26T08:24:00+00:00,88184.440000
2023-05-26T10:24:00+00:00,88174.080000
2023-05-26T13:39:00+00:00,90333.720000
2023-05-26T13:49:00+00:00,90330.020000
2023-05-26T15:54:00+00:00,92363.820000
2023-05-29T00:39:00+00:00,92354.200000
2023-05-29T12:39:00+00:00,92346.060000
2023-05-29T14:24:00+00:00,93083.940000
2023-05-29T14:24:00+00:00,93026.300000
2023-05-29T14:29:00+00:00,93004.100000
2023-05-29T16:59:00+00:00,94706.900000
2023-05-29T23:24:00+00:00,94685.440000
2023-05-30T05:14:00+00:00,94684.700000
2023-05-30T06:04:00+00:00,93706.240000
2023-05-30T06:04:00+00:00,93684.000000
2023-05-30T11:09:00+00:00,93669.940000
2023-05-30T12:14:00+00:00,95959.630000
2023-05-30T13:54:00+00:00,95957.410000
2023-05-30T13:59:00+00:00,95954.450000
2023-05-30T20:09:00+00:00,96163.730000
2023-05-30T20:09:00+00:00,96472.770000
2023-05-31T01:24:00+00:00,96450.570000
2023-05-31T01:34:00+00:00,95753.370000
2023-05-31T11:14:00+00:00,95733.390000
2023-05-31T12:09:00+00:00,98042.160000
2023-05-31T13:49:00+00:00,98037.720000
2023-05-31T14:14:00+00:00,97175.280000
2023-05-31T14:14:00+00:00,97168.620000
2023-05-31T20:09:00+00:00,97706.460000
2023-06-01T01:44:00+00:00,97697.580000
2023-06-01T06:14:00+00:00,96902.700000
2023-06-01T06:14:00+00:00,96889.380000
2023-06-01T08:24:00+00:00,95940.060000
2023-06-01T14:04:00+00:00,95935.620000
2023-06-01T14:29:00+00:00,95661.180000
2023-06-01T14:29:00+00:00,95653.040000
2023-06-01T14:44:00+00:00,94693.400000
2023-06-02T03:34:00+00:00,94680.080000
2023-06-02T07:19:00+00:00,94765.760000
2023-06-02T07:19:00+00:00,94746.520000
2023-06-02T09:09:00+00:00,93791.280000
2023-06-02T11:09:00+00:00,93777.220000
2023-06-02T12:34:00+00:00,92851.160000
2023-06-02T13:49:00+00:00,92847.460000
2023-06-02T13:54:00+00:00,92843.760000
2023-06-02T20:09:00+00:00,92382.560000
2023-06-02T20:09:00+00:00,91876.360000
2023-06-05T09:49:00+00:00,91868.220000
2023-06-05T12:59:00+00:00,91854.160000
2023-06-05T13:34:00+00:00,90977.020000
2023-06-05T13:34:00+00:00,90478.460000
2023-06-05T13:59:00+00:00,90468.840000
2023-06-05T14:04:00+00:00,89607.720000
2023-06-05T14:54:00+00:00,89604.020000
2023-06-05T18:34:00+00:00,88707.820000
2023-06-06T07:09:00+00:00,88685.620000
2023-06-06T07:29:00+00:00,90200.920000
2023-06-06T13:34:00+00:00,90192.040000
2023-06-06T13:49:00+00:00,89343.160000
2023-06-06T14:24:00+00:00,89338.720000
2023-06-06T20:09:00+00:00,89532.280000
2023-06-07T01:14:00+00:00,89516.000000
2023-06-07T11:39:00+00:00,88630.720000
2023-06-07T13:39:00+00:00,88608.520000
2023-06-07T13:54:00+00:00,87896.320000
2023-06-07T14:19:00+00:00,87893.360000
2023-06-07T17:39:00+00:00,89770.400000
2023-06-08T01:49:00+00:00,89748.940000
2023-06-08T04:09:00+00:00,91938.730000
2023-06-08T06:24:00+00:00,91918.010000
2023-06-08T08:14:00+00:00,94137.290000
2023-06-08T12:19:00+00:00,94132.110000
2023-06-08T12:34:00+00:00,93293.930000
2023-06-08T14:14:00+00:00,93290.230000
2023-06-08T20:09:00+00:00,94174.030000
2023-06-08T22:09:00+00:00,94159.230000
2023-06-09T07:59:00+00:00,95194.430000
2023-06-09T07:59:00+00:00,95182.590000
2023-06-09T10:24:00+00:00,95173.710000
2023-06-09T12:44:00+00:00,97421.870000
2023-06-09T13:39:00+00:00,99692.990000
2023-06-09T13:49:00+00:00,99688.550000
2023-06-09T15:29:00+00:00,98754.110000
2023-06-12T14:09:00+00:00,98744.490000
2023-06-12T14:49:00+00:00,97753.370000
2023-06-13T07:59:00+00:00,97736.350000
2023-06-13T11:39:00+00:00,97731.170000
2023-06-13T11:49:00+00:00,100100.400000
2023-06-13T12:29:00+00:00,99472.220000
2023-06-13T13:49:00+00:00,99468.520000
2023-06-13T18:59:00+00:00,99227.320000
2023-06-13T18:59:00+00:00,99220.660000
2023-06-13T20:09:00+00:00,99727.000000
2023-06-14T05:54:00+00:00,99706.280000
2023-06-14T06:39:00+00:00,99704.800000
2023-06-14T07:19:00+00:00,99873.320000
2023-06-14T08:04:00+00:00,102337.600000
2023-06-14T11:44:00+00:00,102323.540000
2023-06-14T12:34:00+00:00,101311.980000
2023-06-14T13:49:00+00:00,101302.360000
2023-06-14T15:14:00+00:00,101299.400000
2023-06-14T15:29:00+00:00,103727.280000
2023-06-14T18:04:00+00:00,102828.320000
2023-06-15T05:34:00+00:00,102812.040000
2023-06-15T06:04:00+00:00,101772.760000
2023-06-15T11:29:00+00:00,101752.040000
2023-06-15T12:39:00+00:00,100709.320000
2023-06-15T12:44:00+00:00,100701.920000
2023-06-15T13:04:00+00:00,99764.520000
2023-06-15T13:49:00+00:00,99760.080000
2023-06-15T18:44:00+00:00,102080.640000
2023-06-16T05:29:00+00:00,102065.100000
2023-06-16T11:29:00+00:00,104569.560000
2023-06-16T13:24:00+00:00,104562.900000
2023-06-16T13:34:00+00:00,103552.740000
2023-06-16T13:39:00+00:00,103543.860000
2023-06-16T13:54:00+00:00,103541.640000
2023-06-16T15:24:00+00:00,103537.940000
2023-06-16T19:14:00+00:00,105974.060000
2023-06-16T20:09:00+00:00,106156.340000
2023-06-16T20:09:00+00:00,106630.140000
2023-06-19T14:14:00+00:00,106612.380000
2023-06-20T00:04:00+00:00,105550.620000
2023-06-20T00:19:00+00:00,105528.420000
2023-06-20T05:24:00+00:00,107081.220000
2023-06-20T11:59:00+00:00,107074.560000
2023-06-20T13:39:00+00:00,107064.200000
2023-06-20T13:49:00+00:00,107060.500000
2023-06-20T13:59:00+00:00,106028.140000
2023-06-20T14:04:00+00:00,105091.940000
2023-06-20T14:04:00+00:00,105202.280000
2023-06-20T14:04:00+00:00,105197.840000
2023-06-20T20:09:00+00:00,105154.400000
2023-06-21T05:34:00+00:00,105132.200000
2023-06-21T06:14:00+00:00,106422.500000
2023-06-21T07:44:00+00:00,106410.660000
2023-06-21T11:49:00+00:00,106230.820000
2023-06-21T11:49:00+00:00,106208.620000
2023-06-21T12:04:00+00:00,105346.420000
2023-06-21T13:49:00+00:00,105340.500000
2023-06-21T15:59:00+00:00,105338.280000
2023-06-21T20:09:00+00:00,106944.360000
2023-06-21T20:09:00+00:00,106777.140000
2023-06-22T10:09:00+00:00,106754.940000
2023-06-22T12:34:00+00:00,105727.740000
2023-06-22T12:39:00+00:00,105719.600000
2023-06-22T13:49:00+00:00,105715.160000
2023-06-22T14:14:00+00:00,108264.520000
2023-06-22T20:09:00+00:00,109928.080000
2023-06-23T13:49:00+00:00,109924.380000
2023-06-23T16:19:00+00:00,108878.180000
2023-06-26T08:09:00+00:00,108870.780000
2023-06-26T13:39:00+00:00,107798.380000
2023-06-26T13:54:00+00:00,107794.680000
2023-06-26T14:54:00+00:00,107787.280000
2023-06-26T15:09:00+00:00,106791.080000
2023-06-26T15:09:00+00:00,105753.680000
2023-06-27T00:14:00+00:00,105731.480000
2023-06-27T01:19:00+00:00,107021.780000
2023-06-27T01:54:00+00:00,107004.020000
2023-06-27T13:39:00+00:00,109656.260000
2023-06-27T15:29:00+00:00,109651.820000
2023-06-27T15:34:00+00:00,109648.120000
2023-06-27T20:09:00+00:00,110948.680000
2023-06-27T20:09:00+00:00,112049.980000
2023-06-28T02:49:00+00:00,112035.180000
2023-06-28T08:39:00+00:00,110890.380000
2023-06-28T13:39:00+00:00,110871.880000
2023-06-28T13:49:00+00:00,109753.380000
2023-06-28T14:19:00+00:00,109748.940000
2023-06-28T16:34:00+00:00,109975.500000
2023-06-28T16:34:00+00:00,109965.140000
2023-06-28T20:04:00+00:00,108869.780000
2023-06-29T00:19:00+00:00,108854.240000
2023-06-29T03:39:00+00:00,107788.700000
2023-06-29T05:09:00+00:00,107766.500000
2023-06-29T05:24:00+00:00,106964.300000
2023-06-29T11:44:00+00:00,106942.100000
2023-06-29T12:04:00+00:00,106019.900000
2023-06-29T14:09:00+00:00,106015.460000
2023-06-29T20:09:00+00:00,105360.020000
2023-06-30T13:49:00+00:00,105356.320000
2023-06-30T20:09:00+00:00,105332.620000
2023-07-03T00:14:00+00:00,105310.420000
2023-07-03T03:39:00+00:00,104238.220000
2023-07-03T13:49:00+00:00,104228.600000
2023-07-03T14:34:00+00:00,103178.980000
2023-07-04T00:14:00+00:00,103156.780000
2023-07-04T01:34:00+00:00,102384.580000
2023-07-04T01:39:00+00:00,102362.380000
2023-07-04T03:49:00+00:00,101320.180000
2023-07-04T13:49:00+00:00,101297.980000
2023-07-04T14:44:00+00:00,102250.780000
2023-07-05T00:34:00+00:00,102228.580000
2023-07-05T06:09:00+00:00,101441.380000
2023-07-05T08:19:00+00:00,101433.240000
2023-07-05T13:44:00+00:00,100446.100000
2023-07-05T13:54:00+00:00,100442.400000
2023-07-05T20:09:00+00:00,100148.700000
2023-07-06T13:54:00+00:00,100144.260000
2023-07-06T16:34:00+00:00,99215.820000
2023-07-07T05:19:00+00:00,99193.620000
2023-07-07T05:49:00+00:00,98286.420000
2023-07-07T08:04:00+00:00,98264.220000
2023-07-07T09:14:00+00:00,100267.020000
2023-07-07T12:49:00+00:00,100263.320000
2023-07-07T13:04:00+00:00,100259.620000
2023-07-07T13:49:00+00:00,100115.920000
2023-07-07T13:49:00+00:00,99684.720000
2023-07-07T13:54:00+00:00,99678.800000
2023-07-07T14:34:00+00:00,98716.880000
2023-07-09T22:29:00+00:00,98704.300000
2023-07-10T00:29:00+00:00,97739.720000
2023-07-10T13:49:00+00:00,97734.540000
2023-07-10T14:14:00+00:00,97396.860000
2023-07-10T14:14:00+00:00,97392.420000
2023-07-10T15:49:00+00:00,96766.980000
2023-07-10T15:49:00+00:00,96761.800000
2023-07-10T17:34:00+00:00,95899.120000
2023-07-11T00:09:00+00:00,95881.360000
2023-07-11T01:19:00+00:00,94927.600000
2023-07-11T05:19:00+00:00,94905.400000
2023-07-11T05:34:00+00:00,94448.200000
2023-07-11T05:39:00+00:00,94426.740000
2023-07-11T08:04:00+00:00,93462.780000
2023-07-11T12:34:00+00:00,93450.200000
2023-07-11T13:19:00+00:00,92545.120000
2023-07-11T13:49:00+00:00,92535.500000
2023-07-11T14:04:00+00:00,92532.540000
2023-07-11T14:39:00+00:00,91599.920000
2023-07-11T15:59:00+00:00,90788.960000
2023-07-12T01:49:00+00:00,90766.760000
2023-07-12T04:29:00+00:00,92207.060000
2023-07-12T06:24:00+00:00,92184.860000
2023-07-12T07:34:00+00:00,91547.660000
2023-07-12T12:39:00+00:00,91539.520000
2023-07-12T13:49:00+00:00,91532.120000
2023-07-12T14:24:00+00:00,93668.980000
2023-07-12T15:39:00+00:00,92811.580000
2023-07-13T11:44:00+00:00,92790.120000
2023-07-13T12:39:00+00:00,91840.660000
2023-07-13T12:49:00+00:00,91828.820000
2023-07-13T13:54:00+00:00,94016.980000
2023-07-13T13:54:00+00:00,94012.540000
2023-07-13T20:09:00+00:00,95022.100000
2023-07-14T10:54:00+00:00,95011.000000
2023-07-14T13:34:00+00:00,94069.900000
2023-07-14T13:54:00+00:00,94066.200000
2023-07-14T18:29:00+00:00,93215.000000
2023-07-17T11:29:00+00:00,93200.200000
2023-07-17T13:09:00+00:00,92245.400000
2023-07-17T13:49:00+00:00,92240.220000
2023-07-17T13:54:00+00:00,92234.300000
2023-07-17T15:29:00+00:00,91385.620000
2023-07-17T15:29:00+00:00,90495.700000
2023-07-18T01:44:00+00:00,90473.500000
2023-07-18T02:24:00+00:00,89776.300000
2023-07-18T05:59:00+00:00,89754.100000
2023-07-18T07:54:00+00:00,89146.900000
2023-07-18T13:39:00+00:00,89141.720000
2023-07-18T15:44:00+00:00,88247.540000
2023-07-18T15:44:00+00:00,88243.840000
2023-07-18T19:19:00+00:00,90215.140000
2023-07-19T15:14:00+00:00,90210.700000
2023-07-19T15:19:00+00:00,90204.780000
2023-07-19T16:24:00+00:00,89423.340000
2023-07-19T16:24:00+00:00,88577.420000
2023-07-20T14:04:00+00:00,88572.980000
2023-07-20T14:09:00+00:00,88567.800000
2023-07-20T18:19:00+00:00,90663.360000
2023-07-20T18:19:00+00:00,92679.430000
2023-07-21T04:34:00+00:00,92657.230000
2023-07-21T05:19:00+00:00,91735.030000
2023-07-21T06:04:00+00:00,91716.530000
2023-07-21T08:19:00+00:00,93916.780000
2023-07-21T13:34:00+00:00,93904.200000
2023-07-21T13:49:00+00:00,96207.870000
2023-07-21T13:49:00+00:00,96203.430000
2023-07-21T18:19:00+00:00,96197.510000
2023-07-21T20:09:00+00:00,97291.070000
2023-07-21T20:09:00+00:00,98109.150000
2023-07-24T07:39:00+00:00,98095.830000
2023-07-24T11:19:00+00:00,97632.510000
2023-07-24T11:19:00+00:00,97610.310000
2023-07-24T12:14:00+00:00,96808.110000
2023-07-24T13:29:00+00:00,96789.610000
2023-07-24T13:34:00+00:00,95821.110000
2023-07-24T13:49:00+00:00,95815.930000
2023-07-24T13:54:00+00:00,95809.270000
2023-07-24T14:14:00+00:00,94934.110000
2023-07-24T14:19:00+00:00,94767.930000
2023-07-24T14:19:00+00:00,94762.750000
2023-07-24T15:19:00+00:00,94758.310000
2023-07-24T20:09:00+00:00,94644.630000
2023-07-24T20:09:00+00:00,94319.190000
2023-07-25T12:24:00+00:00,94302.170000
2023-07-25T13:34:00+00:00,93330.650000
2023-07-25T13:39:00+00:00,93321.770000
2023-07-25T13:49:00+00:00,93315.850000
2023-07-25T17:04:00+00:00,95511.970000
2023-07-25T20:09:00+00:00,96458.050000
2023-07-26T11:44:00+00:00,96444.730000
2023-07-26T13:59:00+00:00,96503.410000
2023-07-26T13:59:00+00:00,96496.750000
2023-07-26T14:54:00+00:00,95558.590000
2023-07-26T14:59:00+00:00,95555.630000
2023-07-26T18:39:00+00:00,94736.670000
2023-07-26T19:14:00+00:00,94733.710000
2023-07-26T20:09:00+00:00,93964.750000
2023-07-27T03:59:00+00:00,93949.210000
2023-07-27T07:39:00+00:00,96217.420000
2023-07-27T14:24:00+00:00,96212.980000
2023-07-27T18:29:00+00:00,98473.540000
2023-07-27T19:19:00+00:00,98465.400000
2023-07-27T19:34:00+00:00,97544.260000
2023-07-28T03:49:00+00:00,97528.720000
2023-07-28T04:19:00+00:00,99928.180000
2023-07-28T13:19:00+00:00,99917.080000
2023-07-28T13:39:00+00:00,98915.980000
2023-07-28T13:49:00+00:00,98912.280000
2023-07-28T13:54:00+00:00,98908.580000
2023-07-28T17:59:00+00:00,98895.260000
2023-07-28T18:44:00+00:00,99449.060000
2023-07-28T18:44:00+00:00,99847.860000
2023-07-28T18:44:00+00:00,100644.540000
2023-07-28T18:49:00+00:00,100637.880000
2023-07-28T20:09:00+00:00,100878.720000
2023-07-31T07:24:00+00:00,100869.100000
2023-07-31T13:59:00+00:00,100729.480000
2023-07-31T13:59:00+00:00,100724.300000
2023-07-31T14:14:00+00:00,100267.620000
2023-07-31T14:14:00+00:00,100260.220000
2023-07-31T17:04:00+00:00,99322.820000
2023-07-31T19:09:00+00:00,99305.800000
2023-07-31T19:59:00+00:00,98311.280000
2023-08-01T00:54:00+00:00,98289.080000
2023-08-01T03:34:00+00:00,97636.880000
2023-08-01T04:39:00+00:00,97614.680000
2023-08-01T05:24:00+00:00,96887.480000
2023-08-01T08:44:00+00:00,96868.240000
2023-08-01T09:34:00+00:00,95900.000000
2023-08-01T14:14:00+00:00,95893.340000
2023-08-01T14:34:00+00:00,95009.180000
2023-08-02T14:09:00+00:00,95006.220000
2023-08-02T20:09:00+00:00,95635.260000
2023-08-03T00:24:00+00:00,95620.460000
2023-08-03T01:34:00+00:00,94655.660000
2023-08-03T03:39:00+00:00,94646.780000
2023-08-03T04:19:00+00:00,94637.900000
2023-08-03T05:59:00+00:00,94803.020000
2023-08-03T05:59:00+00:00,94992.140000
2023-08-03T06:04:00+00:00,94974.380000
2023-08-03T06:49:00+00:00,93996.620000
2023-08-03T10:29:00+00:00,93979.600000
2023-08-03T11:04:00+00:00,93042.580000
2023-08-03T13:49:00+00:00,93038.880000
2023-08-03T14:14:00+00:00,92860.180000
2023-08-03T14:14:00+00:00,92854.260000
2023-08-03T15:19:00+00:00,91944.340000
2023-08-03T18:24:00+00:00,91933.240000
2023-08-03T19:09:00+00:00,90999.640000
2023-08-04T08:39:00+00:00,90989.280000
2023-08-04T09:29:00+00:00,90117.920000
2023-08-04T13:49:00+00:00,90113.480000
2023-08-04T13:54:00+00:00,90110.520000
2023-08-04T14:39:00+00:00,90463.080000
2023-08-04T14:39:00+00:00,90264.120000
2023-08-04T14:44:00+00:00,90261.160000
2023-08-04T18:39:00+00:00,89390.200000
2023-08-07T05:44:00+00:00,89368.000000
2023-08-07T05:54:00+00:00,88445.800000
2023-08-07T06:49:00+00:00,88423.600000
2023-08-07T07:14:00+00:00,90426.400000
2023-08-07T08:59:00+00:00,90409.380000
2023-08-07T10:29:00+00:00,89483.860000
2023-08-07T12:39:00+00:00,89467.580000
2023-08-07T13:34:00+00:00,91623.800000
2023-08-07T13:49:00+00:00,91619.360000
2023-08-07T13:59:00+00:00,91557.920000
2023-08-07T13:59:00+00:00,91550.520000
2023-08-07T14:14:00+00:00,91545.340000
2023-08-07T15:19:00+00:00,90657.940000
2023-08-07T15:19:00+00:00,89805.760000
2023-08-08T07:09:00+00:00,89791.700000
2023-08-08T10:34:00+00:00,88903.640000
2023-08-08T13:49:00+00:00,88900.680000
2023-08-08T20:09:00+00:00,88339.720000
2023-08-09T11:39:00+00:00,88324.920000
2023-08-09T13:14:00+00:00,87440.120000
2023-08-09T13:54:00+00:00,87437.160000
2023-08-09T20:09:00+00:00,88058.200000
2023-08-10T06:49:00+00:00,88036.000000
2023-08-10T07:04:00+00:00,87233.800000
2023-08-10T13:49:00+00:00,87230.840000
2023-08-10T15:24:00+00:00,86393.880000
2023-08-10T16:59:00+00:00,86392.400000
2023-08-10T20:09:00+00:00,86420.920000
2023-08-11T03:44:00+00:00,86415.000000
2023-08-11T06:09:00+00:00,86398.720000
2023-08-11T06:34:00+00:00,85810.440000
2023-08-11T12:54:00+00:00,87764.520000
2023-08-11T14:14:00+00:00,87760.820000
2023-08-11T15:29:00+00:00,87009.620000
2023-08-14T13:54:00+00:00,87005.920000
2023-08-14T20:09:00+00:00,88582.220000
2023-08-15T05:24:00+00:00,88565.200000
2023-08-15T05:39:00+00:00,87662.680000
2023-08-15T13:49:00+00:00,87657.500000
2023-08-15T20:09:00+00:00,88933.320000
2023-08-16T12:29:00+00:00,88925.180000
2023-08-16T13:49:00+00:00,88037.040000
2023-08-16T13:49:00+00:00,88032.600000
2023-08-16T15:54:00+00:00,87200.160000
2023-08-16T18:29:00+00:00,87195.720000
2023-08-16T19:09:00+00:00,86408.280000
2023-08-17T08:04:00+00:00,86401.620000
2023-08-17T13:54:00+00:00,85656.960000
2023-08-17T13:54:00+00:00,85654.000000
2023-08-17T20:09:00+00:00,86827.040000
2023-08-18T03:54:00+00:00,86818.160000
2023-08-18T11:24:00+00:00,88849.280000
2023-08-18T13:49:00+00:00,88844.100000
2023-08-18T14:04:00+00:00,88040.920000
2023-08-21T01:09:00+00:00,88020.940000
2023-08-21T01:19:00+00:00,90160.960000
2023-08-21T13:59:00+00:00,90158.000000
2023-08-21T15:14:00+00:00,89289.040000
2023-08-22T01:29:00+00:00,89273.500000
2023-08-22T03:39:00+00:00,89446.960000
2023-08-22T03:39:00+00:00,89424.760000
2023-08-22T06:14:00+00:00,88637.560000
2023-08-22T12:49:00+00:00,88626.460000
2023-08-22T13:44:00+00:00,90696.610000
2023-08-22T13:54:00+00:00,90692.910000
2023-08-22T14:59:00+00:00,90371.710000
2023-08-22T14:59:00+00:00,90365.050000
2023-08-22T15:44:00+00:00,89485.390000
2023-08-22T16:44:00+00:00,89477.990000
2023-08-22T17:19:00+00:00,88605.590000
2023-08-23T00:14:00+00:00,88583.390000
2023-08-23T01:19:00+00:00,90511.190000
2023-08-23T03:39:00+00:00,90492.690000
2023-08-23T07:29:00+00:00,92692.940000
2023-08-23T12:44:00+00:00,92682.580000
2023-08-23T13:49:00+00:00,92676.660000
2023-08-23T13:54:00+00:00,94871.300000
2023-08-23T15:24:00+00:00,97085.380000
2023-08-24T05:49:00+00:00,97063.180000
2023-08-24T07:04:00+00:00,96230.980000
2023-08-24T07:19:00+00:00,96219.880000
2023-08-24T08:04:00+00:00,95256.280000
2023-08-24T13:49:00+00:00,95254.060000
2023-08-24T18:24:00+00:00,95248.880000
2023-08-24T19:59:00+00:00,97324.160000
2023-08-24T20:09:00+00:00,99093.480000
2023-08-25T01:44:00+00:00,99082.380000
2023-08-25T05:29:00+00:00,99071.280000
2023-08-25T05:54:00+00:00,98610.180000
2023-08-25T08:14:00+00:00,97631.580000
2023-08-25T10:49:00+00:00,97611.600000
2023-08-25T12:14:00+00:00,96633.120000
2023-08-25T13:59:00+00:00,96627.200000
2023-08-25T14:09:00+00:00,95713.280000
2023-08-27T23:19:00+00:00,95705.140000
2023-08-28T01:39:00+00:00,95559.500000
2023-08-28T01:39:00+00:00,95538.040000
2023-08-28T06:54:00+00:00,95537.300000
2023-08-28T07:24:00+00:00,95514.060000
2023-08-28T07:24:00+00:00,95579.600000
2023-08-28T07:24:00+00:00,95569.240000
2023-08-28T12:59:00+00:00,97903.880000
2023-08-28T14:44:00+00:00,97900.180000
2023-08-28T20:09:00+00:00,97228.980000
2023-08-29T06:59:00+00:00,97207.520000
2023-08-29T07:29:00+00:00,96214.560000
2023-08-29T07:49:00+00:00,96198.280000
2023-08-29T12:24:00+00:00,98492.000000
2023-08-29T13:49:00+00:00,98489.040000
2023-08-29T19:19:00+00:00,100531.080000
2023-08-30T06:14:00+00:00,100508.880000
2023-08-30T06:59:00+00:00,99691.680000
2023-08-30T13:54:00+00:00,99687.240000
2023-08-30T13:59:00+00:00,99682.800000
2023-08-30T14:29:00+00:00,98751.360000
2023-08-30T14:29:00+00:00,97864.920000
2023-08-30T14:29:00+00:00,97860.480000
2023-08-30T15:39:00+00:00,96875.040000
2023-08-31T10:09:00+00:00,96852.840000
2023-08-31T11:44:00+00:00,99193.140000
2023-08-31T13:59:00+00:00,99188.700000
2023-08-31T20:09:00+00:00,98935.260000
2023-09-01T13:44:00+00:00,98931.560000
2023-09-01T13:49:00+00:00,98929.340000
2023-09-01T14:04:00+00:00,98820.640000
2023-09-01T14:04:00+00:00,98540.920000
2023-09-01T14:09:00+00:00,98532.040000
2023-09-01T14:39:00+00:00,97599.160000
2023-09-04T10:29:00+00:00,97576.960000
2023-09-04T13:39:00+00:00,96744.760000
2023-09-04T13:54:00+00:00,96728.480000
2023-09-04T14:14:00+00:00,95744.200000
2023-09-04T14:19:00+00:00,95730.880000
2023-09-05T01:19:00+00:00,98080.060000
2023-09-05T01:34:00+00:00,98061.560000
2023-09-05T05:54:00+00:00,98057.860000
2023-09-05T06:29:00+00:00,97076.860000
2023-09-05T06:29:00+00:00,96928.160000
2023-09-05T12:49:00+00:00,96908.180000
2023-09-05T13:09:00+00:00,95916.200000
2023-09-05T13:14:00+00:00,95902.880000
2023-09-05T13:34:00+00:00,94935.560000
2023-09-05T14:04:00+00:00,94930.380000
2023-09-05T14:14:00+00:00,94540.200000
2023-09-05T14:14:00+00:00,94530.580000
2023-09-05T15:09:00+00:00,96812.210000
2023-09-06T08:24:00+00:00,96803.330000
2023-09-06T14:04:00+00:00,96799.630000
2023-09-06T14:09:00+00:00,96795.930000
2023-09-06T14:54:00+00:00,99157.050000
2023-09-06T20:09:00+00:00,99393.350000
2023-09-06T20:09:00+00:00,99609.650000
2023-09-07T08:09:00+00:00,99594.850000
2023-09-07T12:34:00+00:00,101955.050000
2023-09-07T14:44:00+00:00,101952.090000
2023-09-07T19:14:00+00:00,102035.130000
2023-09-07T19:14:00+00:00,102019.590000
2023-09-07T19:54:00+00:00,101017.050000
2023-09-08T00:04:00+00:00,100994.850000
2023-09-08T00:29:00+00:00,102135.150000
2023-09-08T11:24:00+00:00,102124.050000
2023-09-08T12:34:00+00:00,101085.450000
2023-09-08T13:49:00+00:00,101081.750000
2023-09-08T18:19:00+00:00,100330.550000
2023-09-08T18:19:00+00:00,100320.930000
2023-09-08T20:09:00+00:00,99362.310000
2023-09-11T01:44:00+00:00,99340.110000
2023-09-11T04:39:00+00:00,101117.910000
2023-09-11T10:34:00+00:00,101095.710000
2023-09-11T12:14:00+00:00,103136.010000
2023-09-11T13:44:00+00:00,103127.870000
2023-09-11T13:59:00+00:00,103123.430000
2023-09-11T17:24:00+00:00,102103.290000
2023-09-11T17:34:00+00:00,101093.850000
2023-09-11T19:29:00+00:00,101090.150000
2023-09-11T20:09:00+00:00,100918.950000
2023-09-12T05:29:00+00:00,100896.750000
2023-09-12T07:14:00+00:00,100274.550000
2023-09-12T07:14:00+00:00,100252.350000
2023-09-12T13:14:00+00:00,102667.650000
2023-09-12T13:59:00+00:00,102661.730000
2023-09-12T14:29:00+00:00,101635.810000
2023-09-13T06:54:00+00:00,101622.490000
2023-09-13T07:44:00+00:00,101861.170000
2023-09-13T07:44:00+00:00,101847.850000
2023-09-13T09:49:00+00:00,101840.450000
2023-09-13T12:34:00+00:00,104369.630000
2023-09-13T13:34:00+00:00,103412.230000
2023-09-13T14:09:00+00:00,103407.790000
2023-09-13T14:29:00+00:00,102935.350000
2023-09-13T14:29:00+00:00,102931.650000
2023-09-13T20:09:00+00:00,103382.950000
2023-09-14T06:54:00+00:00,103362.970000
2023-09-14T08:29:00+00:00,105874.240000
2023-09-14T12:59:00+00:00,105866.840000
2023-09-14T13:54:00+00:00,104879.440000
2023-09-14T13:54:00+00:00,104875.000000
2023-09-14T14:44:00+00:00,103931.560000
2023-09-14T23:54:00+00:00,103914.540000
2023-09-15T02:04:00+00:00,102851.020000
2023-09-15T12:14:00+00:00,102828.820000
2023-09-15T12:24:00+00:00,102101.620000
2023-09-15T13:59:00+00:00,102098.660000
2023-09-15T20:09:00+00:00,103081.700000
2023-09-17T22:09:00+00:00,103072.080000
2023-09-18T05:49:00+00:00,103309.460000
2023-09-18T05:49:00+00:00,103287.260000
2023-09-18T06:19:00+00:00,102755.060000
2023-09-18T06:19:00+00:00,102732.860000
2023-09-18T06:39:00+00:00,101960.660000
2023-09-18T06:39:00+00:00,101938.460000
2023-09-18T06:59:00+00:00,101631.260000
2023-09-18T06:59:00+00:00,101609.060000
2023-09-18T07:19:00+00:00,100866.860000
2023-09-18T07:29:00+00:00,100844.660000
2023-09-18T11:09:00+00:00,99802.460000
2023-09-18T11:14:00+00:00,99793.580000
2023-09-18T13:39:00+00:00,98824.700000
2023-09-18T13:39:00+00:00,98818.040000
2023-09-18T15:34:00+00:00,98814.340000
2023-09-18T20:09:00+00:00,99086.680000
2023-09-18T20:09:00+00:00,98987.980000
2023-09-19T09:24:00+00:00,98981.320000
2023-09-19T11:44:00+00:00,98862.160000
2023-09-19T11:44:00+00:00,98839.960000
2023-09-19T12:44:00+00:00,100880.260000
2023-09-19T13:59:00+00:00,100875.080000
2023-09-19T17:49:00+00:00,99893.400000
2023-09-19T19:04:00+00:00,99888.220000
2023-09-19T20:09:00+00:00,99459.540000
2023-09-20T08:09:00+00:00,99442.520000
2023-09-20T08:24:00+00:00,98425.000000
2023-09-20T08:24:00+00:00,98413.900000
2023-09-20T09:14:00+00:00,98552.800000
2023-09-20T09:14:00+00:00,98530.600000
2023-09-20T09:59:00+00:00,97848.400000
2023-09-20T11:34:00+00:00,97826.200000
2023-09-20T12:19:00+00:00,96844.000000
2023-09-20T12:49:00+00:00,96829.940000
2023-09-20T13:34:00+00:00,95884.880000
2023-09-20T14:14:00+00:00,95878.960000
2023-09-20T17:59:00+00:00,95893.040000
2023-09-20T17:59:00+00:00,95883.420000
2023-09-20T18:04:00+00:00,94911.800000
2023-09-21T09:09:00+00:00,94896.260000
2023-09-21T09:59:00+00:00,93946.220000
2023-09-21T13:49:00+00:00,93940.300000
2023-09-21T14:14:00+00:00,94082.380000
2023-09-21T14:14:00+00:00,94074.980000
2023-09-21T19:14:00+00:00,93182.580000
2023-09-21T23:59:00+00:00,93169.260000
2023-09-22T01:44:00+00:00,92255.940000
2023-09-22T04:59:00+00:00,92246.320000
2023-09-22T08:54:00+00:00,92581.200000
2023-09-22T08:54:00+00:00,92559.000000
2023-09-22T09:39:00+00:00,91756.800000
2023-09-22T11:29:00+00:00,91742.740000
2023-09-22T12:09:00+00:00,91734.600000
2023-09-22T13:34:00+00:00,91247.960000
2023-09-22T13:44:00+00:00,90321.900000
2023-09-22T13:59:00+00:00,90316.720000
2023-09-22T18:14:00+00:00,89443.540000
2023-09-25T10:39:00+00:00,89439.100000
2023-09-25T12:34:00+00:00,89716.660000
2023-09-25T12:34:00+00:00,89703.340000
2023-09-25T13:09:00+00:00,88799.020000
2023-09-25T13:24:00+00:00,88786.440000
2023-09-25T13:34:00+00:00,87889.860000
2023-09-25T13:59:00+00:00,87886.900000
2023-09-25T16:44:00+00:00,88013.940000
2023-09-25T16:44:00+00:00,88004.320000
2023-09-25T17:14:00+00:00,87377.200000
2023-09-25T17:14:00+00:00,87373.500000
2023-09-25T19:24:00+00:00,87363.140000
2023-09-25T20:09:00+00:00,87571.940000
2023-09-25T20:09:00+00:00,89031.580000
2023-09-26T01:49:00+00:00,89027.880000
2023-09-26T05:29:00+00:00,89009.380000
2023-09-26T06:14:00+00:00,90147.130000
2023-09-26T10:09:00+00:00,90205.930000
2023-09-26T10:09:00+00:00,90197.050000
2023-09-26T11:14:00+00:00,90002.170000
2023-09-26T11:14:00+00:00,89991.070000
2023-09-26T11:24:00+00:00,89417.470000
2023-09-26T11:24:00+00:00,89404.890000
2023-09-26T11:54:00+00:00,89579.310000
2023-09-26T11:54:00+00:00,89557.110000
2023-09-26T12:04:00+00:00,88784.910000
2023-09-26T13:49:00+00:00,88778.250000
2023-09-26T19:19:00+00:00,90875.340000
2023-09-27T14:04:00+00:00,90869.420000
2023-09-27T14:29:00+00:00,90519.500000
2023-09-27T14:29:00+00:00,90509.140000
2023-09-27T14:44:00+00:00,89595.780000
2023-09-27T17:09:00+00:00,89586.160000
2023-09-27T17:14:00+00:00,88718.540000
2023-09-28T08:39:00+00:00,88696.340000
2023-09-28T08:59:00+00:00,87924.140000
2023-09-28T12:54:00+00:00,87920.440000
2023-09-28T13:54:00+00:00,87664.240000
2023-09-28T13:54:00+00:00,87660.540000
2023-09-28T16:19:00+00:00,89538.090000
2023-09-29T09:14:00+00:00,89532.910000
2023-09-29T10:09:00+00:00,89419.230000
2023-09-29T10:09:00+00:00,89397.030000
2023-09-29T10:14:00+00:00,88609.830000
2023-09-29T13:49:00+00:00,88602.430000
2023-09-29T14:24:00+00:00,87775.030000
2023-10-02T06:14:00+00:00,87755.050000
2023-10-02T07:14:00+00:00,89928.820000
2023-10-02T11:39:00+00:00,89923.640000
2023-10-02T14:04:00+00:00,89029.460000
2023-10-02T14:04:00+00:00,89027.240000
2023-10-02T14:19:00+00:00,88812.020000
2023-10-02T14:19:00+00:00,88806.840000
2023-10-02T15:19:00+00:00,87965.160000
2023-10-02T15:49:00+00:00,87961.460000
2023-10-02T18:34:00+00:00,87957.020000
2023-10-02T19:54:00+00:00,87121.580000
2023-10-02T20:09:00+00:00,86680.380000
2023-10-02T23:39:00+00:00,86658.180000
2023-10-03T00:04:00+00:00,86050.980000
2023-10-03T00:09:00+00:00,86036.180000
2023-10-03T00:39:00+00:00,85181.380000
2023-10-03T04:44:00+00:00,85159.920000
2023-10-03T04:59:00+00:00,84282.960000
2023-10-03T07:54:00+00:00,84269.640000
2023-10-03T08:04:00+00:00,83419.320000
2023-10-03T10:49:00+00:00,83413.400000
2023-10-03T12:59:00+00:00,85427.480000
2023-10-03T13:49:00+00:00,85422.300000
2023-10-03T14:04:00+00:00,84608.620000
2023-10-04T03:04:00+00:00,84595.300000
2023-10-04T03:34:00+00:00,83726.980000
2023-10-04T11:14:00+00:00,83720.320000
2023-10-04T14:29:00+00:00,83808.160000
2023-10-04T14:29:00+00:00,83805.200000
2023-10-04T14:44:00+00:00,83032.240000
2023-10-04T14:54:00+00:00,83025.580000
2023-10-04T15:14:00+00:00,82204.420000
2023-10-05T00:09:00+00:00,82189.620000
2023-10-05T00:39:00+00:00,81364.820000
2023-10-05T05:09:00+00:00,81350.020000
2023-10-05T09:04:00+00:00,83360.220000
2023-10-05T10:54:00+00:00,83345.420000
2023-10-05T11:04:00+00:00,82510.620000
2023-10-05T12:19:00+00:00,82501.740000
2023-10-05T13:49:00+00:00,84397.860000
2023-10-05T13:49:00+00:00,84394.160000
2023-10-05T20:09:00+00:00,84275.460000
2023-10-06T00:39:00+00:00,84253.260000
2023-10-06T00:49:00+00:00,83451.060000
2023-10-06T13:14:00+00:00,83444.400000
2023-10-06T14:24:00+00:00,83442.180000
2023-10-06T14:29:00+00:00,85449.270000
2023-10-06T18:39:00+00:00,87269.550000
2023-10-09T00:24:00+00:00,87257.710000
2023-10-09T01:14:00+00:00,86365.870000
2023-10-09T07:34:00+00:00,86353.290000
2023-10-09T08:24:00+00:00,85507.710000
2023-10-09T13:09:00+00:00,85498.830000
2023-10-09T13:34:00+00:00,84673.950000
2023-10-09T13:39:00+00:00,84665.810000
2023-10-09T13:44:00+00:00,83838.170000
2023-10-09T13:49:00+00:00,83835.950000
2023-10-09T20:09:00+00:00,84681.230000
2023-10-10T11:44:00+00:00,84669.390000
2023-10-10T11:59:00+00:00,83833.550000
2023-10-10T13:29:00+00:00,83826.150000
2023-10-10T13:59:00+00:00,83008.750000
2023-10-10T13:59:00+00:00,83004.310000
2023-10-10T20:09:00+00:00,83488.870000
2023-10-11T00:24:00+00:00,83468.890000
2023-10-11T07:19:00+00:00,82611.910000
2023-10-11T14:04:00+00:00,82608.210000
2023-10-11T20:04:00+00:00,81834.510000
2023-10-12T14:09:00+00:00,81829.330000
2023-10-12T17:09:00+00:00,81033.150000
2023-10-12T23:44:00+00:00,81010.950000
2023-10-12T23:54:00+00:00,80433.750000
2023-10-13T07:24:00+00:00,80413.030000
2023-10-13T07:44:00+00:00,79580.310000
2023-10-13T12:29:00+00:00,79575.130000
2023-10-13T14:14:00+00:00,79709.950000
2023-10-13T14:14:00+00:00,79706.250000
2023-10-13T17:29:00+00:00,81652.550000
2023-10-13T17:49:00+00:00,81647.370000
2023-10-13T20:09:00+00:00,81544.190000
2023-10-16T06:04:00+00:00,81528.650000
2023-10-16T06:59:00+00:00,81828.110000
2023-10-16T06:59:00+00:00,81805.910000
2023-10-16T07:24:00+00:00,83658.710000
2023-10-16T14:19:00+00:00,83655.750000
2023-10-16T17:09:00+00:00,83649.090000
2023-10-16T17:24:00+00:00,82881.930000
2023-10-16T17:24:00+00:00,82652.970000
2023-10-16T17:24:00+00:00,82638.170000
2023-10-16T17:29:00+00:00,81813.370000
2023-10-17T01:49:00+00:00,81793.390000
2023-10-17T03:49:00+00:00,80963.410000
2023-10-17T06:24:00+00:00,80941.210000
2023-10-17T07:04:00+00:00,80139.010000
2023-10-17T13:49:00+00:00,80134.570000
2023-10-17T14:09:00+00:00,79428.130000
2023-10-18T07:39:00+00:00,79411.850000
2023-10-18T09:34:00+00:00,78592.570000
2023-10-18T09:39:00+00:00,78585.910000
2023-10-18T14:19:00+00:00,77850.250000
2023-10-18T14:19:00+00:00,77846.550000
2023-10-18T14:34:00+00:00,77150.350000
2023-10-18T14:34:00+00:00,77145.910000
2023-10-18T20:09:00+00:00,77963.470000
2023-10-19T05:09:00+00:00,77944.970000
2023-10-19T06:24:00+00:00,77851.470000
2023-10-19T06:24:00+00:00,77835.930000
2023-10-19T07:44:00+00:00,77032.890000
2023-10-19T13:44:00+00:00,77026.970000
2023-10-19T14:14:00+00:00,76317.050000
2023-10-19T14:29:00+00:00,76314.830000
2023-10-19T14:34:00+00:00,76312.610000
2023-10-19T16:04:00+00:00,75675.890000
2023-10-19T16:04:00+00:00,75039.170000
2023-10-19T16:34:00+00:00,75036.210000
2023-10-19T16:54:00+00:00,74429.250000
2023-10-19T16:54:00+00:00,74427.030000
2023-10-19T18:34:00+00:00,73805.310000
2023-10-20T00:54:00+00:00,73789.030000
2023-10-20T04:54:00+00:00,73783.110000
2023-10-20T05:44:00+00:00,74137.190000
2023-10-20T06:24:00+00:00,75963.410000
2023-10-20T11:59:00+00:00,75956.010000
2023-10-20T12:19:00+00:00,75193.610000
2023-10-20T14:14:00+00:00,75191.390000
2023-10-20T20:09:00+00:00,75958.670000
2023-10-23T00:24:00+00:00,75937.950000
2023-10-23T01:04:00+00:00,75147.230000
2023-10-23T13:44:00+00:00,75144.270000
2023-10-23T13:49:00+00:00,74523.310000
2023-10-23T13:54:00+00:00,74519.610000
2023-10-23T13:59:00+00:00,74517.390000
2023-10-23T16:09:00+00:00,76082.440000
2023-10-23T20:09:00+00:00,76710.220000
2023-10-24T00:59:00+00:00,76693.940000
2023-10-24T01:39:00+00:00,75918.660000
2023-10-24T08:49:00+00:00,75909.780000
2023-10-24T12:29:00+00:00,75898.680000
2023-10-24T13:14:00+00:00,75137.580000
2023-10-24T13:54:00+00:00,75488.700000
2023-10-24T13:54:00+00:00,75484.260000
2023-10-24T14:29:00+00:00,74810.820000
2023-10-24T14:29:00+00:00,74807.860000
2023-10-24T16:24:00+00:00,74124.900000
2023-10-25T12:44:00+00:00,74114.540000
2023-10-25T13:34:00+00:00,75836.680000
2023-10-25T13:49:00+00:00,75835.200000
2023-10-25T20:09:00+00:00,76332.720000
2023-10-26T09:29:00+00:00,76329.760000
2023-10-26T13:49:00+00:00,76434.800000
2023-10-26T13:49:00+00:00,76431.840000
2023-10-26T14:54:00+00:00,76362.880000
2023-10-26T14:54:00+00:00,76359.920000
2023-10-26T15:09:00+00:00,75850.960000
2023-10-26T15:09:00+00:00,75849.480000
2023-10-26T20:09:00+00:00,76109.000000
2023-10-27T00:09:00+00:00,76097.160000
2023-10-27T02:19:00+00:00,75341.320000
2023-10-27T13:49:00+00:00,75336.140000
2023-10-27T14:09:00+00:00,74588.960000
2023-10-30T09:09:00+00:00,74576.380000
2023-10-30T12:29:00+00:00,73849.800000
2023-10-30T13:04:00+00:00,73827.600000
2023-10-30T13:14:00+00:00,73070.400000
2023-10-30T13:49:00+00:00,73068.920000
2023-10-30T14:29:00+00:00,72555.440000
2023-10-30T23:14:00+00:00,72533.240000
2023-10-30T23:59:00+00:00,71911.040000
2023-10-31T09:14:00+00:00,71896.980000
2023-10-31T09:39:00+00:00,71616.920000
2023-10-31T09:39:00+00:00,71612.480000
2023-10-31T12:39:00+00:00,71647.040000
2023-10-31T12:39:00+00:00,71630.020000
2023-10-31T12:49:00+00:00,70911.500000
2023-10-31T13:34:00+00:00,70895.960000
2023-10-31T13:39:00+00:00,70187.420000
2023-10-31T16:19:00+00:00,70182.980000
2023-10-31T16:44:00+00:00,69566.540000
2023-10-31T16:49:00+00:00,69564.320000
2023-10-31T20:09:00+00:00,69775.100000
2023-11-01T02:19:00+00:00,69758.080000
2023-11-01T06:59:00+00:00,71437.310000
2023-11-01T13:49:00+00:00,71433.610000
2023-11-01T19:14:00+00:00,72929.910000
2023-11-02T03:54:00+00:00,72907.710000
2023-11-02T05:54:00+00:00,72405.510000
2023-11-02T14:09:00+00:00,72401.070000
2023-11-02T14:54:00+00:00,71676.630000
2023-11-03T11:24:00+00:00,71654.430000
2023-11-03T11:49:00+00:00,73094.730000
2023-11-03T13:49:00+00:00,73091.770000
2023-11-03T17:29:00+00:00,73508.810000
2023-11-03T17:29:00+00:00,73501.410000
2023-11-03T17:59:00+00:00,72789.010000
2023-11-06T15:14:00+00:00,72785.310000
2023-11-06T18:44:00+00:00,72909.110000
2023-11-06T18:44:00+00:00,72901.710000
2023-11-06T21:09:00+00:00,73919.310000
2023-11-07T01:59:00+00:00,73897.110000
2023-11-07T05:39:00+00:00,74189.910000
2023-11-07T05:39:00+00:00,74167.710000
2023-11-07T06:14:00+00:00,73590.510000
2023-11-07T06:19:00+00:00,73572.010000
2023-11-07T08:34:00+00:00,72816.010000
2023-11-07T14:39:00+00:00,72809.350000
2023-11-07T14:54:00+00:00,72078.190000
2023-11-07T14:59:00+00:00,72075.230000
2023-11-07T15:14:00+00:00,72046.270000
2023-11-07T15:14:00+00:00,72040.350000
2023-11-07T15:29:00+00:00,71386.430000
2023-11-07T16:54:00+00:00,71372.370000
2023-11-07T18:14:00+00:00,70645.810000
2023-11-08T10:29:00+00:00,70629.530000
2023-11-08T10:54:00+00:00,69920.250000
2023-11-08T12:29:00+00:00,69908.410000
2023-11-08T15:04:00+00:00,69512.570000
2023-11-08T15:04:00+00:00,69508.870000
2023-11-08T21:09:00+00:00,69310.170000
2023-11-09T05:59:00+00:00,69287.970000
2023-11-09T06:39:00+00:00,68665.770000
2023-11-09T08:39:00+00:00,68651.710000
2023-11-09T08:59:00+00:00,67944.150000
2023-11-09T08:59:00+00:00,67933.050000
2023-11-09T10:44:00+00:00,67246.950000
2023-11-09T12:09:00+00:00,67227.710000
2023-11-09T14:34:00+00:00,68833.470000
2023-11-09T14:59:00+00:00,68829.770000
2023-11-09T15:09:00+00:00,68248.570000
2023-11-09T17:19:00+00:00,68242.650000
2023-11-09T19:04:00+00:00,69856.730000
2023-11-10T14:54:00+00:00,69853.770000
2023-11-10T20:19:00+00:00,71435.810000
2023-11-13T14:54:00+00:00,71432.110000
2023-11-13T15:49:00+00:00,70798.410000
2023-11-14T08:19:00+00:00,70781.390000
2023-11-14T08:54:00+00:00,70074.370000
2023-11-14T10:39:00+00:00,70059.570000
2023-11-14T13:34:00+00:00,69364.770000
2023-11-14T13:39:00+00:00,69360.330000
2023-11-14T14:59:00+00:00,69357.370000
2023-11-14T20:29:00+00:00,70819.930000
2023-11-14T20:29:00+00:00,71192.970000
2023-11-14T20:34:00+00:00,71178.170000
2023-11-14T20:59:00+00:00,72863.370000
2023-11-15T08:09:00+00:00,72847.830000
2023-11-15T10:49:00+00:00,74591.040000
2023-11-15T12:29:00+00:00,74574.760000
2023-11-15T13:04:00+00:00,73821.480000
2023-11-15T14:54:00+00:00,73817.040000
2023-11-15T15:54:00+00:00,73149.600000
2023-11-16T02:24:00+00:00,73128.140000
2023-11-16T02:39:00+00:00,72381.680000
2023-11-16T13:39:00+00:00,72373.540000
2023-11-16T14:34:00+00:00,71661.400000
2023-11-16T14:49:00+00:00,71655.480000
2023-11-16T15:24:00+00:00,71877.560000
2023-11-16T15:24:00+00:00,71873.120000
2023-11-16T19:59:00+00:00,71864.980000
2023-11-16T21:09:00+00:00,71791.540000
2023-11-16T21:09:00+00:00,71574.400000
2023-11-17T00:29:00+00:00,71561.820000
2023-11-17T06:54:00+00:00,71532.240000
2023-11-17T06:54:00+00:00,71510.040000
2023-11-17T09:14:00+00:00,73250.340000
2023-11-17T16:59:00+00:00,73245.160000
2023-11-17T19:09:00+00:00,73241.460000
2023-11-17T20:44:00+00:00,72582.760000
2023-11-17T21:09:00+00:00,72714.080000
2023-11-20T13:49:00+00:00,72702.980000
2023-11-20T14:39:00+00:00,74491.880000
2023-11-20T14:59:00+00:00,74489.660000
2023-11-20T21:09:00+00:00,74989.940000
2023-11-21T15:24:00+00:00,74986.980000
2023-11-21T21:09:00+00:00,74718.020000
2023-11-22T08:09:00+00:00,74707.660000
2023-11-22T11:24:00+00:00,76464.800000
2023-11-22T14:54:00+00:00,76462.580000
2023-11-22T21:09:00+00:00,76550.360000
2023-11-23T15:04:00+00:00,76531.860000
2023-11-23T15:54:00+00:00,75738.360000
2023-11-24T09:14:00+00:00,75730.220000
2023-11-24T11:14:00+00:00,74974.080000
2023-11-24T15:24:00+00:00,74968.900000
2023-11-27T10:19:00+00:00,74977.720000
2023-11-27T10:19:00+00:00,74965.140000
2023-11-27T14:14:00+00:00,74221.560000
2023-11-27T15:09:00+00:00,74217.860000
2023-11-27T20:54:00+00:00,73909.160000
2023-11-28T00:39:00+00:00,73886.960000
2023-11-28T07:14:00+00:00,73129.760000
2023-11-28T13:29:00+00:00,73116.440000
2023-11-28T14:49:00+00:00,73319.120000
2023-11-28T14:49:00+00:00,73311.720000
2023-11-28T14:54:00+00:00,73306.540000
2023-11-28T15:39:00+00:00,72636.360000
2023-11-28T15:44:00+00:00,71953.960000
2023-11-29T08:14:00+00:00,71939.900000
2023-11-29T09:54:00+00:00,73659.590000
2023-11-29T13:44:00+00:00,73648.490000
2023-11-29T14:34:00+00:00,72902.390000
2023-11-29T15:09:00+00:00,72899.430000
2023-11-29T16:14:00+00:00,72897.210000
2023-11-29T21:09:00+00:00,73542.250000
2023-11-29T21:09:00+00:00,73688.530000
2023-11-30T09:14:00+00:00,73677.430000
2023-11-30T12:09:00+00:00,73666.330000
2023-11-30T14:04:00+00:00,73055.230000
2023-11-30T14:29:00+00:00,72309.130000
2023-11-30T15:04:00+00:00,72307.650000
2023-11-30T15:19:00+00:00,72071.170000
2023-11-30T15:19:00+00:00,72066.730000
2023-11-30T15:39:00+00:00,71411.290000
2023-11-30T20:14:00+00:00,71403.150000
2023-11-30T20:44:00+00:00,70680.010000
2023-12-01T08:09:00+00:00,70657.810000
2023-12-01T09:14:00+00:00,72173.110000
2023-12-01T14:49:00+00:00,72167.930000
2023-12-01T15:04:00+00:00,72164.230000
2023-12-01T15:29:00+00:00,71480.050000
2023-12-01T15:29:00+00:00,70848.850000
2023-12-04T09:14:00+00:00,70841.450000
2023-12-04T13:34:00+00:00,70831.830000
2023-12-04T14:09:00+00:00,72461.930000
2023-12-04T14:14:00+00:00,74109.810000
2023-12-04T15:14:00+00:00,74103.890000
2023-12-04T19:19:00+00:00,74153.970000
2023-12-04T19:19:00+00:00,74148.050000
2023-12-04T21:09:00+00:00,74606.130000
2023-12-05T04:04:00+00:00,74583.930000
2023-12-05T04:49:00+00:00,74051.730000
2023-12-05T13:44:00+00:00,74033.230000
2023-12-05T14:24:00+00:00,75795.980000
2023-12-05T14:54:00+00:00,75792.280000
2023-12-05T16:59:00+00:00,75943.580000
2023-12-05T16:59:00+00:00,75941.360000
2023-12-05T19:39:00+00:00,75933.220000
2023-12-05T19:59:00+00:00,75215.580000
2023-12-05T21:09:00+00:00,74946.360000
2023-12-06T05:09:00+00:00,74929.340000
2023-12-06T11:34:00+00:00,76752.320000
2023-12-06T14:39:00+00:00,76740.480000
2023-12-06T14:54:00+00:00,75968.640000
2023-12-06T15:04:00+00:00,75966.420000
2023-12-06T15:29:00+00:00,75964.200000
2023-12-06T21:09:00+00:00,76578.480000
2023-12-06T21:09:00+00:00,77048.760000
2023-12-07T15:24:00+00:00,77045.800000
2023-12-07T16:19:00+00:00,76630.840000
2023-12-07T16:19:00+00:00,76622.700000
2023-12-07T16:34:00+00:00,75850.060000
2023-12-07T19:39:00+00:00,75838.960000
2023-12-07T21:09:00+00:00,76232.860000
2023-12-08T01:44:00+00:00,76210.660000
2023-12-08T07:19:00+00:00,75498.460000
2023-12-08T13:29:00+00:00,75488.100000
2023-12-08T13:34:00+00:00,74763.740000
2023-12-08T15:04:00+00:00,74761.520000
2023-12-08T21:09:00+00:00,75009.800000
2023-12-11T05:39:00+00:00,74987.600000
2023-12-11T09:19:00+00:00,76540.400000
2023-12-11T13:24:00+00:00,76530.780000
2023-12-11T14:29:00+00:00,76365.160000
2023-12-11T14:29:00+00:00,76350.360000
2023-12-11T14:34:00+00:00,75565.560000
2023-12-11T14:54:00+00:00,75562.600000
2023-12-11T19:24:00+00:00,76179.640000
2023-12-11T19:24:00+00:00,76166.320000
2023-12-11T21:09:00+00:00,75883.000000
2023-12-12T08:04:00+00:00,75860.800000
2023-12-12T08:29:00+00:00,75388.600000
2023-12-12T14:59:00+00:00,75384.900000
2023-12-12T21:09:00+00:00,76631.200000
2023-12-13T09:09:00+00:00,76616.400000
2023-12-13T13:34:00+00:00,75841.600000
2023-12-13T16:24:00+00:00,75836.420000
2023-12-13T19:04:00+00:00,75085.740000
2023-12-14T06:54:00+00:00,75063.540000
2023-12-14T08:24:00+00:00,76653.840000
2023-12-14T08:24:00+00:00,76646.440000
2023-12-14T15:19:00+00:00,76642.000000
2023-12-14T16:14:00+00:00,78484.600000
2023-12-14T18:09:00+00:00,78481.640000
2023-12-14T18:54:00+00:00,80224.700000
2023-12-14T21:09:00+00:00,79945.740000
2023-12-15T13:44:00+00:00,79938.340000
2023-12-15T14:19:00+00:00,79145.940000
2023-12-15T15:19:00+00:00,79142.240000
2023-12-15T18:44:00+00:00,78458.540000
2023-12-18T08:44:00+00:00,78443.000000
2023-12-18T14:59:00+00:00,80369.960000
2023-12-18T14:59:00+00:00,80364.040000
2023-12-18T21:09:00+00:00,80918.120000
2023-12-19T07:14:00+00:00,80899.620000
2023-12-19T08:24:00+00:00,80081.120000
2023-12-19T11:34:00+00:00,80066.320000
2023-12-19T15:34:00+00:00,80061.140000
2023-12-19T15:39:00+00:00,81971.340000
2023-12-19T21:09:00+00:00,82218.160000
2023-12-20T14:44:00+00:00,82210.020000
2023-12-20T15:04:00+00:00,82204.840000
2023-12-20T19:39:00+00:00,81377.200000
2023-12-20T19:39:00+00:00,80598.520000
2023-12-21T00:39:00+00:00,80592.600000
2023-12-21T08:44:00+00:00,80585.200000
2023-12-21T13:39:00+00:00,82409.280000
2023-12-21T13:39:00+00:00,82395.220000
2023-12-21T14:34:00+00:00,81573.660000
2023-12-21T14:59:00+00:00,81851.260000
2023-12-21T14:59:00+00:00,81846.820000
2023-12-21T18:09:00+00:00,82310.380000
2023-12-21T18:09:00+00:00,82296.320000
2023-12-21T18:19:00+00:00,81474.760000
2023-12-21T18:24:00+00:00,81471.800000
2023-12-21T20:39:00+00:00,80780.840000
2023-12-22T03:54:00+00:00,80760.860000
2023-12-22T06:04:00+00:00,79944.380000
2023-12-22T16:04:00+00:00,79938.460000
2023-12-22T21:09:00+00:00,80168.540000
2023-12-26T09:39:00+00:00,80146.340000
2023-12-26T11:24:00+00:00,79374.140000
2023-12-26T15:39:00+00:00,79368.960000
2023-12-26T18:04:00+00:00,79241.280000
2023-12-26T18:04:00+00:00,79225.000000
2023-12-26T19:34:00+00:00,78438.720000
2023-12-27T08:29:00+00:00,78418.000000
2023-12-27T10:14:00+00:00,77599.280000
2023-12-27T15:14:00+00:00,77594.840000
2023-12-27T15:19:00+00:00,77588.180000
2023-12-27T18:14:00+00:00,76860.740000
2023-12-27T18:14:00+00:00,76098.080000
2023-12-28T15:09:00+00:00,76092.900000
2023-12-28T17:54:00+00:00,76081.800000
2023-12-28T21:09:00+00:00,76307.620000
2023-12-28T21:09:00+00:00,77339.020000
2023-12-29T08:09:00+00:00,77324.220000
2023-12-29T12:09:00+00:00,77019.420000
2023-12-29T12:09:00+00:00,76997.220000
2023-12-29T13:19:00+00:00,78775.020000
2023-12-29T14:54:00+00:00,78764.660000
2023-12-29T15:34:00+00:00,77970.300000
2023-12-29T20:09:00+00:00,77953.280000
2023-12-29T20:54:00+00:00,79805.010000
2024-01-02T07:19:00+00:00,79786.510000
2024-01-02T09:14:00+00:00,78980.510000
2024-01-02T14:49:00+00:00,78979.030000
2024-01-02T21:09:00+00:00,78995.550000
2024-01-03T08:34:00+00:00,78977.050000
2024-01-03T09:09:00+00:00,80896.050000
2024-01-03T13:24:00+00:00,80887.170000
2024-01-03T14:14:00+00:00,80122.290000
2024-01-03T14:24:00+00:00,80108.970000
2024-01-03T15:14:00+00:00,79285.650000
2024-01-03T15:14:00+00:00,79281.950000
2024-01-03T21:09:00+00:00,79633.250000
2024-01-04T02:34:00+00:00,79619.190000
2024-01-04T11:59:00+00:00,78807.130000
2024-01-04T12:19:00+00:00,78796.770000
2024-01-04T13:19:00+00:00,78030.410000
2024-01-04T15:09:00+00:00,78026.710000
2024-01-04T20:59:00+00:00,77318.010000
2024-01-05T01:29:00+00:00,77295.810000
2024-01-05T05:24:00+00:00,78698.610000
2024-01-05T08:19:00+00:00,78685.290000
2024-01-05T09:04:00+00:00,77879.970000
2024-01-05T15:04:00+00:00,77877.750000
2024-01-05T18:19:00+00:00,77257.530000
2024-01-08T01:34:00+00:00,77235.330000
2024-01-08T01:59:00+00:00,78675.630000
2024-01-08T13:04:00+00:00,78671.190000
2024-01-08T14:49:00+00:00,78667.490000
2024-01-08T14:59:00+00:00,80478.050000
2024-01-08T19:49:00+00:00,82393.100000
2024-01-09T15:09:00+00:00,82388.660000
2024-01-09T18:54:00+00:00,82383.480000
2024-01-09T20:49:00+00:00,81569.800000
2024-01-09T21:09:00+00:00,82873.360000
2024-01-10T12:09:00+00:00,82860.780000
2024-01-10T13:04:00+00:00,82015.200000
2024-01-10T14:54:00+00:00,82009.280000
2024-01-10T15:19:00+00:00,81623.360000
2024-01-10T15:19:00+00:00,81617.440000
2024-01-10T19:14:00+00:00,83441.520000
2024-01-10T20:29:00+00:00,83435.600000
2024-01-10T21:09:00+00:00,83297.680000
2024-01-11T09:14:00+00:00,83280.660000
2024-01-11T13:34:00+00:00,82435.640000
2024-01-11T14:39:00+00:00,82433.420000
2024-01-11T14:49:00+00:00,82042.700000
2024-01-11T14:49:00+00:00,82039.740000
2024-01-11T21:09:00+00:00,81888.780000
2024-01-12T04:44:00+00:00,81866.580000
2024-01-12T07:09:00+00:00,81664.380000
2024-01-12T07:09:00+00:00,81642.180000
2024-01-12T07:24:00+00:00,80809.980000
2024-01-12T08:14:00+00:00,80795.920000
2024-01-12T09:59:00+00:00,79974.360000
2024-01-12T15:04:00+00:00,79970.660000
2024-01-12T21:09:00+00:00,79919.460000
2024-01-15T08:14:00+00:00,79910.580000
2024-01-15T08:49:00+00:00,79145.700000
2024-01-15T11:44:00+00:00,79127.940000
2024-01-15T14:04:00+00:00,78318.180000
2024-01-15T14:49:00+00:00,78304.860000
2024-01-15T15:39:00+00:00,77517.540000
2024-01-16T08:09:00+00:00,77504.220000
2024-01-16T09:04:00+00:00,76707.900000
2024-01-16T13:39:00+00:00,76701.980000
2024-01-16T14:34:00+00:00,76696.060000
2024-01-16T14:44:00+00:00,75982.140000
2024-01-16T14:44:00+00:00,75232.220000
2024-01-16T15:04:00+00:00,75226.300000
2024-01-16T15:19:00+00:00,75224.080000
2024-01-16T15:44:00+00:00,77098.160000
2024-01-16T19:19:00+00:00,76524.440000
2024-01-16T23:59:00+00:00,76519.260000
2024-01-17T01:24:00+00:00,76502.240000
2024-01-17T01:44:00+00:00,75944.720000
2024-01-17T02:59:00+00:00,75218.540000
2024-01-17T14:49:00+00:00,75216.320000
2024-01-17T18:14:00+00:00,75209.660000
2024-01-17T19:44:00+00:00,74510.000000
2024-01-17T19:49:00+00:00,73825.280000
2024-01-17T20:09:00+00:00,73815.660000
2024-01-17T20:49:00+00:00,73091.040000
2024-01-17T23:24:00+00:00,73086.600000
2024-01-18T07:54:00+00:00,73079.940000
2024-01-18T11:44:00+00:00,74658.000000
2024-01-18T11:44:00+00:00,76462.590000
2024-01-18T15:04:00+00:00,76458.150000
2024-01-18T15:39:00+00:00,75700.710000
2024-01-19T12:59:00+00:00,75689.610000
2024-01-19T14:04:00+00:00,74936.010000
2024-01-19T14:54:00+00:00,74930.090000
2024-01-19T17:54:00+00:00,76674.170000
2024-01-22T06:09:00+00:00,76654.190000
2024-01-22T07:19:00+00:00,76651.970000
2024-01-22T07:39:00+00:00,76556.750000
2024-01-22T07:39:00+00:00,76104.770000
2024-01-22T07:39:00+00:00,76084.050000
2024-01-22T11:39:00+00:00,75293.330000
2024-01-22T14:49:00+00:00,75288.890000
2024-01-22T15:29:00+00:00,75286.670000
2024-01-22T21:09:00+00:00,76257.230000
2024-01-22T21:09:00+00:00,76483.010000
2024-01-23T03:24:00+00:00,76471.170000
2024-01-23T04:09:00+00:00,76460.810000
2024-01-23T08:19:00+00:00,75688.970000
2024-01-23T08:19:00+00:00,75146.610000
2024-01-23T17:59:00+00:00,75143.650000
2024-01-23T21:09:00+00:00,75386.690000
2024-01-24T01:09:00+00:00,75367.450000
2024-01-24T02:04:00+00:00,74607.210000
2024-01-24T11:24:00+00:00,74588.710000
2024-01-24T12:39:00+00:00,73832.710000
2024-01-24T14:39:00+00:00,73823.090000
2024-01-24T14:49:00+00:00,73091.970000
2024-01-24T15:14:00+00:00,73086.050000
2024-01-24T15:19:00+00:00,73082.350000
2024-01-24T18:09:00+00:00,74132.430000
2024-01-24T18:09:00+00:00,74641.230000
2024-01-24T18:14:00+00:00,74625.690000
2024-01-24T18:29:00+00:00,73854.150000
2024-01-25T01:24:00+00:00,73837.870000
2024-01-25T02:04:00+00:00,73876.590000
2024-01-25T02:04:00+00:00,73858.090000
2024-01-25T02:44:00+00:00,73102.090000
2024-01-25T07:29:00+00:00,73087.290000
2024-01-25T08:49:00+00:00,72332.490000
2024-01-25T14:59:00+00:00,72328.050000
2024-01-25T15:24:00+00:00,71621.610000
2024-01-26T03:54:00+00:00,71603.110000
2024-01-26T04:14:00+00:00,70859.610000
2024-01-26T08:19:00+00:00,70846.290000
2024-01-26T10:04:00+00:00,72587.970000
2024-01-26T11:29:00+00:00,72584.270000
2024-01-26T13:14:00+00:00,72580.570000
2024-01-26T14:54:00+00:00,71911.870000
2024-01-26T15:04:00+00:00,71760.670000
2024-01-26T15:04:00+00:00,71754.750000
2024-01-26T15:29:00+00:00,71044.830000
2024-01-29T14:44:00+00:00,71036.690000
2024-01-29T15:04:00+00:00,70313.550000
2024-01-29T17:14:00+00:00,70309.110000
2024-01-29T21:09:00+00:00,71570.670000
2024-01-30T05:49:00+00:00,71548.470000
2024-01-30T07:04:00+00:00,72988.770000
2024-01-30T08:29:00+00:00,72977.670000
2024-01-30T12:44:00+00:00,72246.570000
2024-01-30T15:04:00+00:00,72240.650000
2024-01-30T21:04:00+00:00,73864.730000
2024-01-31T15:14:00+00:00,73861.770000
2024-01-31T19:39:00+00:00,73138.810000
2024-01-31T20:09:00+00:00,73136.590000
2024-01-31T21:09:00+00:00,73351.870000
2024-02-01T06:49:00+00:00,73336.330000
2024-02-01T06:59:00+00:00,72606.790000
2024-02-01T12:14:00+00:00,72597.170000
2024-02-01T13:14:00+00:00,71885.550000
2024-02-01T13:44:00+00:00,71880.370000
2024-02-01T14:59:00+00:00,71157.690000
2024-02-01T15:09:00+00:00,71153.250000
2024-02-01T15:54:00+00:00,70443.810000
2024-02-01T18:09:00+00:00,70440.110000
2024-02-01T19:09:00+00:00,69803.910000
2024-02-02T12:24:00+00:00,69791.330000
2024-02-02T13:24:00+00:00,69107.250000
2024-02-02T14:44:00+00:00,69103.550000
2024-02-02T14:49:00+00:00,69102.070000
2024-02-02T17:29:00+00:00,70748.370000
2024-02-02T21:04:00+00:00,71251.890000
2024-02-05T05:39:00+00:00,71235.610000
2024-02-05T06:09:00+00:00,70504.330000
2024-02-05T10:09:00+00:00,70493.230000
2024-02-05T14:49:00+00:00,70384.630000
2024-02-05T14:49:00+00:00,70379.450000
2024-02-05T15:44:00+00:00,71993.020000
2024-02-06T14:49:00+00:00,71989.320000
2024-02-06T19:14:00+00:00,71982.660000
2024-02-06T19:34:00+00:00,71305.500000
2024-02-06T21:09:00+00:00,71799.300000
2024-02-07T05:39:00+00:00,71790.420000
2024-02-07T11:34:00+00:00,71091.540000
2024-02-07T15:14:00+00:00,71088.580000
2024-02-07T15:19:00+00:00,71086.360000
2024-02-07T21:09:00+00:00,71337.400000
2024-02-07T21:09:00+00:00,71524.180000
2024-02-08T15:04:00+00:00,71519.000000
2024-02-08T18:09:00+00:00,71513.820000
2024-02-08T18:59:00+00:00,71715.140000
2024-02-08T18:59:00+00:00,71615.460000
2024-02-08T19:04:00+00:00,71605.840000
2024-02-08T21:09:00+00:00,71648.220000
2024-02-09T06:39:00+00:00,71626.020000
2024-02-09T07:29:00+00:00,72578.820000
2024-02-09T14:54:00+00:00,72572.160000
2024-02-09T15:04:00+00:00,72567.720000
2024-02-09T16:09:00+00:00,74226.060000
2024-02-09T19:49:00+00:00,75864.120000
2024-02-12T08:44:00+00:00,75841.920000
2024-02-12T09:09:00+00:00,75084.720000
2024-02-12T15:44:00+00:00,75079.540000
2024-02-12T18:29:00+00:00,75007.860000
2024-02-12T18:29:00+00:00,75001.200000
2024-02-12T19:19:00+00:00,76760.790000
2024-02-13T08:29:00+00:00,76751.910000
2024-02-13T10:09:00+00:00,78543.030000
2024-02-13T13:39:00+00:00,78535.630000
2024-02-13T14:34:00+00:00,80415.730000
2024-02-13T14:44:00+00:00,80411.290000
2024-02-13T14:54:00+00:00,80408.330000
2024-02-13T19:54:00+00:00,79599.890000
2024-02-13T19:54:00+00:00,78862.930000
2024-02-14T13:24:00+00:00,78850.350000
2024-02-14T14:34:00+00:00,78081.270000
2024-02-14T14:44:00+00:00,78074.610000
2024-02-14T15:09:00+00:00,77316.450000
2024-02-14T15:19:00+00:00,77313.490000
2024-02-14T16:04:00+00:00,76646.530000
2024-02-14T16:29:00+00:00,76639.870000
2024-02-14T17:04:00+00:00,75863.710000
2024-02-15T13:54:00+00:00,75857.050000
2024-02-15T14:54:00+00:00,75854.090000
2024-02-15T16:09:00+00:00,77658.680000
2024-02-15T18:19:00+00:00,77031.720000
2024-02-16T14:49:00+00:00,77028.020000
2024-02-16T21:09:00+00:00,78309.320000
2024-02-19T01:29:00+00:00,78298.220000
2024-02-19T01:54:00+00:00,78549.620000
2024-02-19T01:54:00+00:00,78534.080000
2024-02-19T07:39:00+00:00,77731.040000
2024-02-19T07:49:00+00:00,77708.840000
2024-02-19T08:24:00+00:00,77176.640000
2024-02-19T15:19:00+00:00,77165.540000
2024-02-20T00:29:00+00:00,79010.690000
2024-02-20T08:44:00+00:00,79004.770000
2024-02-20T10:09:00+00:00,78226.850000
2024-02-20T14:44:00+00:00,78223.890000
2024-02-20T15:04:00+00:00,78222.410000
2024-02-20T18:34:00+00:00,78219.450000
2024-02-20T20:09:00+00:00,77448.490000
2024-02-20T21:09:00+00:00,77427.530000
2024-02-20T21:09:00+00:00,77249.050000
2024-02-21T06:19:00+00:00,77230.550000
2024-02-21T07:29:00+00:00,76449.550000
2024-02-21T10:39:00+00:00,76442.150000
2024-02-21T12:19:00+00:00,76429.750000
2024-02-21T12:19:00+00:00,76420.870000
2024-02-21T12:44:00+00:00,75661.990000
2024-02-21T13:09:00+00:00,75648.670000
2024-02-21T14:34:00+00:00,74879.350000
2024-02-21T15:04:00+00:00,74875.650000
2024-02-21T15:34:00+00:00,74196.950000
2024-02-22T14:34:00+00:00,74187.330000
2024-02-22T14:49:00+00:00,75948.960000
2024-02-22T14:49:00+00:00,75946.000000
2024-02-22T21:09:00+00:00,76589.040000
2024-02-23T08:09:00+00:00,76574.980000
2024-02-23T09:59:00+00:00,76836.420000
2024-02-23T09:59:00+00:00,76820.880000
2024-02-23T13:29:00+00:00,78721.590000
2024-02-23T14:59:00+00:00,78717.150000
2024-02-23T21:09:00+00:00,80059.710000
2024-02-26T14:49:00+00:00,80053.790000
2024-02-26T14:59:00+00:00,80049.350000
2024-02-26T16:44:00+00:00,79287.430000
2024-02-26T16:54:00+00:00,78496.990000
2024-02-27T00:09:00+00:00,78492.550000
2024-02-27T02:24:00+00:00,78474.790000
2024-02-27T07:19:00+00:00,77953.030000
2024-02-27T09:29:00+00:00,77237.590000
2024-02-27T15:19:00+00:00,77234.630000
2024-02-27T17:54:00+00:00,76531.670000
2024-02-28T08:29:00+00:00,76525.750000
2024-02-28T14:54:00+00:00,76521.310000
2024-02-28T16:04:00+00:00,75796.870000
2024-02-28T21:09:00+00:00,77186.950000
2024-02-29T07:14:00+00:00,77166.970000
2024-02-29T07:54:00+00:00,76363.990000
2024-02-29T12:09:00+00:00,76341.790000
2024-02-29T13:34:00+00:00,75554.590000
2024-02-29T13:39:00+00:00,75546.450000
2024-02-29T15:14:00+00:00,75411.810000
2024-02-29T15:14:00+00:00,75408.850000
2024-02-29T20:49:00+00:00,74725.890000
2024-03-01T10:39:00+00:00,74717.010000
2024-03-01T13:54:00+00:00,74706.650000
2024-03-01T15:04:00+00:00,76542.770000
2024-03-01T15:04:00+00:00,78352.410000
2024-03-01T15:09:00+00:00,78349.450000
2024-03-01T19:34:00+00:00,79931.490000
2024-03-04T16:34:00+00:00,79926.310000
2024-03-04T19:39:00+00:00,79217.630000
2024-03-05T14:49:00+00:00,79214.670000
2024-03-05T21:09:00+00:00,79877.710000
2024-03-06T01:09:00+00:00,79857.730000
2024-03-06T07:49:00+00:00,81795.250000
2024-03-06T14:54:00+00:00,81790.810000
2024-03-06T15:39:00+00:00,82179.370000
2024-03-06T15:39:00+00:00,82175.670000
2024-03-06T21:09:00+00:00,82199.470000
2024-03-07T06:29:00+00:00,82187.630000
2024-03-07T06:49:00+00:00,81575.790000
2024-03-07T06:49:00+00:00,81558.030000
2024-03-07T08:14:00+00:00,83550.270000
2024-03-07T14:49:00+00:00,83545.830000
2024-03-07T14:59:00+00:00,83115.390000
2024-03-07T14:59:00+00:00,83112.430000
2024-03-07T21:04:00+00:00,83901.470000
2024-03-08T09:04:00+00:00,83886.670000
2024-03-08T09:54:00+00:00,83031.870000
2024-03-08T14:49:00+00:00,83027.430000
2024-03-08T16:09:00+00:00,82200.990000
2024-03-11T01:54:00+00:00,82185.450000
2024-03-11T04:04:00+00:00,84138.660000
2024-03-11T07:59:00+00:00,84132.740000
2024-03-11T08:14:00+00:00,83310.820000
2024-03-11T08:29:00+00:00,83303.420000
2024-03-11T08:54:00+00:00,82506.020000
2024-03-11T10:39:00+00:00,82502.320000
2024-03-11T12:09:00+00:00,81688.620000
2024-03-11T13:59:00+00:00,81684.920000
2024-03-11T14:34:00+00:00,80911.220000
2024-03-12T02:04:00+00:00,80897.900000
2024-03-12T04:54:00+00:00,80101.580000
2024-03-12T06:09:00+00:00,80079.380000
2024-03-12T08:09:00+00:00,79442.180000
2024-03-12T14:04:00+00:00,79439.220000
2024-03-12T14:24:00+00:00,79437.740000
2024-03-12T18:49:00+00:00,80672.780000
2024-03-12T18:49:00+00:00,81008.300000
2024-03-12T18:54:00+00:00,80997.200000
2024-03-12T19:54:00+00:00,80213.600000
2024-03-13T13:49:00+00:00,80209.900000
2024-03-13T20:09:00+00:00,80301.200000
2024-03-14T06:34:00+00:00,80279.000000
2024-03-14T07:04:00+00:00,79701.800000
2024-03-14T07:04:00+00:00,79689.220000
2024-03-14T07:39:00+00:00,79679.600000
2024-03-14T12:34:00+00:00,78885.020000
2024-03-14T12:34:00+00:00,78439.900000
2024-03-14T12:39:00+00:00,78430.280000
2024-03-14T13:49:00+00:00,80338.160000
2024-03-14T13:49:00+00:00,80335.940000
2024-03-14T13:59:00+00:00,80334.460000
2024-03-14T16:14:00+00:00,80332.980000
2024-03-14T20:09:00+00:00,80350.260000
2024-03-14T20:09:00+00:00,80211.780000
2024-03-14T20:09:00+00:00,80117.300000
2024-03-15T08:14:00+00:00,80106.200000
2024-03-15T10:24:00+00:00,82007.600000
2024-03-15T14:04:00+00:00,82005.380000
2024-03-15T17:54:00+00:00,82000.200000
2024-03-15T18:54:00+00:00,81989.840000
2024-03-15T20:09:00+00:00,81969.620000
2024-03-15T20:09:00+00:00,81890.940000
2024-03-15T20:09:00+00:00,82188.580000
2024-03-18T08:54:00+00:00,82177.480000
2024-03-18T11:34:00+00:00,84191.380000
2024-03-18T14:24:00+00:00,84187.680000
2024-03-18T15:54:00+00:00,83376.480000
2024-03-18T18:49:00+00:00,83361.680000
2024-03-18T19:59:00+00:00,85371.880000
2024-03-19T03:39:00+00:00,85359.300000
2024-03-19T08:44:00+00:00,84513.720000
2024-03-19T09:04:00+00:00,84501.140000
2024-03-19T10:59:00+00:00,84496.700000
2024-03-19T11:04:00+00:00,86587.870000
2024-03-19T15:34:00+00:00,86925.430000
2024-03-19T15:34:00+00:00,86922.470000
2024-03-19T20:09:00+00:00,87853.510000
2024-03-20T04:54:00+00:00,87831.310000
2024-03-20T05:44:00+00:00,87344.110000
2024-03-20T05:44:00+00:00,87321.910000
2024-03-20T08:54:00+00:00,86549.710000
2024-03-20T09:19:00+00:00,86527.510000
2024-03-20T10:34:00+00:00,88305.310000
2024-03-20T10:39:00+00:00,88297.170000
2024-03-20T18:04:00+00:00,88294.950000
2024-03-20T18:09:00+00:00,90363.060000
2024-03-20T20:09:00+00:00,91374.840000
2024-03-21T02:04:00+00:00,91352.640000
2024-03-21T05:39:00+00:00,93392.940000
2024-03-21T13:49:00+00:00,93388.500000
2024-03-21T13:54:00+00:00,93384.060000
2024-03-21T20:09:00+00:00,94219.620000
2024-03-21T20:09:00+00:00,95166.180000
2024-03-22T13:49:00+00:00,95158.040000
2024-03-22T14:04:00+00:00,94214.900000
2024-03-22T18:34:00+00:00,94211.200000
2024-03-22T20:04:00+00:00,93735.000000
2024-03-25T03:09:00+00:00,93723.900000
2024-03-25T10:59:00+00:00,96019.050000
2024-03-25T13:54:00+00:00,96014.610000
2024-03-25T20:09:00+00:00,96355.170000
2024-03-26T01:29:00+00:00,96332.970000
2024-03-26T03:44:00+00:00,97360.770000
2024-03-26T09:49:00+00:00,97340.050000
2024-03-26T12:44:00+00:00,99734.330000
2024-03-26T14:04:00+00:00,99728.410000
2024-03-26T14:29:00+00:00,98814.490000
2024-03-27T06:04:00+00:00,98792.290000
2024-03-27T07:54:00+00:00,100907.590000
2024-03-27T08:09:00+00:00,100885.390000
2024-03-27T10:24:00+00:00,102850.690000
2024-03-27T13:39:00+00:00,102833.670000
2024-03-27T13:54:00+00:00,102830.710000
2024-03-27T14:04:00+00:00,105372.440000
2024-03-27T19:29:00+00:00,105615.480000
2024-03-27T19:29:00+00:00,105599.940000
2024-03-27T19:49:00+00:00,108209.400000
2024-03-28T01:14:00+00:00,108187.200000
2024-03-28T04:49:00+00:00,107535.000000
2024-03-28T08:14:00+00:00,107513.540000
2024-03-28T10:44:00+00:00,107512.800000
2024-03-28T12:09:00+00:00,107244.840000
2024-03-28T12:09:00+00:00,107229.600000
2024-03-28T12:14:00+00:00,107218.500000
2024-03-28T13:34:00+00:00,106164.900000
2024-03-28T13:49:00+00:00,106158.240000
2024-03-28T14:14:00+00:00,105710.580000
2024-03-28T14:14:00+00:00,105698.740000
2024-03-28T15:54:00+00:00,104926.900000
2024-03-28T15:54:00+00:00,104918.760000
2024-03-28T16:14:00+00:00,104311.120000
2024-03-28T16:14:00+00:00,104302.240000
2024-03-28T20:09:00+00:00,104701.360000
2024-04-01T07:19:00+00:00,104681.380000
2024-04-01T08:09:00+00:00,103608.400000
2024-04-01T13:39:00+00:00,103595.080000
2024-04-01T14:04:00+00:00,102537.760000
2024-04-01T14:54:00+00:00,102535.540000
2024-04-01T20:09:00+00:00,102390.820000
2024-04-02T07:29:00+00:00,102377.500000
2024-04-02T07:44:00+00:00,101707.180000
2024-04-02T07:44:00+00:00,101691.640000
2024-04-02T10:09:00+00:00,100689.100000
2024-04-02T14:14:00+00:00,100684.660000
2024-04-02T17:04:00+00:00,99768.220000
2024-04-02T19:19:00+00:00,99756.380000
2024-04-02T19:29:00+00:00,98776.540000
2024-04-03T06:19:00+00:00,98761.740000
2024-04-03T07:54:00+00:00,97986.940000
2024-04-03T07:54:00+00:00,97971.400000
2024-04-03T08:34:00+00:00,96979.360000
2024-04-03T11:09:00+00:00,96969.000000
2024-04-03T12:29:00+00:00,96650.640000
2024-04-03T12:29:00+00:00,96638.800000
2024-04-03T13:39:00+00:00,96362.960000
2024-04-03T13:39:00+00:00,96342.240000
2024-04-03T13:44:00+00:00,95355.520000
2024-04-03T14:04:00+00:00,95352.560000
2024-04-03T20:09:00+00:00,95627.600000
2024-04-04T13:54:00+00:00,95620.940000
2024-04-04T18:19:00+00:00,97864.280000
2024-04-05T06:19:00+00:00,97844.300000
2024-04-05T06:34:00+00:00,96865.820000
2024-04-05T07:49:00+00:00,96846.580000
2024-04-05T08:04:00+00:00,95878.340000
2024-04-05T13:49:00+00:00,95874.640000
2024-04-05T16:59:00+00:00,97958.440000
2024-04-08T06:24:00+00:00,97938.460000
2024-04-08T07:19:00+00:00,96946.480000
2024-04-08T07:19:00+00:00,96933.160000
2024-04-08T07:34:00+00:00,96397.840000
2024-04-08T07:34:00+00:00,96383.780000
2024-04-08T07:54:00+00:00,95429.220000
2024-04-08T14:29:00+00:00,95426.260000
2024-04-08T20:09:00+00:00,95211.300000
2024-04-09T02:24:00+00:00,95189.100000
2024-04-09T07:19:00+00:00,97079.400000
2024-04-09T07:44:00+00:00,97058.680000
2024-04-09T08:24:00+00:00,96085.960000
2024-04-09T10:04:00+00:00,96065.980000
2024-04-09T10:34:00+00:00,98374.750000
2024-04-09T13:39:00+00:00,98365.130000
2024-04-09T13:59:00+00:00,98359.950000
2024-04-09T14:29:00+00:00,100771.580000
2024-04-09T14:34:00+00:00,100767.140000
2024-04-09T14:44:00+00:00,102949.460000
2024-04-09T19:24:00+00:00,102480.020000
2024-04-09T19:24:00+00:00,102470.400000
2024-04-09T20:04:00+00:00,104849.530000
2024-04-10T09:09:00+00:00,104828.810000
2024-04-10T10:04:00+00:00,107398.090000
2024-04-10T12:24:00+00:00,107375.890000
2024-04-10T12:29:00+00:00,106363.690000
2024-04-10T12:39:00+00:00,106360.730000
2024-04-10T13:59:00+00:00,105433.770000
2024-04-10T14:39:00+00:00,105430.070000
2024-04-10T17:09:00+00:00,104403.870000
2024-04-10T17:09:00+00:00,104398.690000
2024-04-10T17:24:00+00:00,103410.010000
2024-04-10T17:29:00+00:00,103404.830000
2024-04-10T20:09:00+00:00,103270.150000
2024-04-11T01:24:00+00:00,103247.950000
2024-04-11T01:39:00+00:00,102490.750000
2024-04-11T12:39:00+00:00,102484.830000
2024-04-11T14:14:00+00:00,101818.910000
2024-04-11T14:14:00+00:00,101812.990000
2024-04-11T15:19:00+00:00,100823.070000
2024-04-12T13:54:00+00:00,100816.410000
2024-04-12T14:09:00+00:00,99855.750000
2024-04-15T13:39:00+00:00,99847.610000
2024-04-15T14:09:00+00:00,99843.910000
2024-04-15T14:59:00+00:00,102324.520000
2024-04-15T17:29:00+00:00,104777.070000
2024-04-16T10:39:00+00:00,104763.010000
2024-04-16T11:54:00+00:00,107290.200000
2024-04-16T13:59:00+00:00,107284.280000
2024-04-16T14:39:00+00:00,106266.360000
2024-04-16T16:14:00+00:00,106261.920000
2024-04-16T17:34:00+00:00,105273.480000
2024-04-17T13:49:00+00:00,105266.820000
2024-04-17T14:54:00+00:00,107712.660000
2024-04-17T15:09:00+00:00,107706.740000
2024-04-17T15:34:00+00:00,106652.820000
2024-04-17T18:49:00+00:00,106650.600000
2024-04-17T18:59:00+00:00,106334.880000
2024-04-17T18:59:00+00:00,106330.440000
2024-04-17T20:09:00+00:00,106809.000000
2024-04-18T05:29:00+00:00,106786.800000
2024-04-18T06:19:00+00:00,109089.600000
2024-04-18T14:39:00+00:00,109086.640000
2024-04-18T17:24:00+00:00,108039.680000
2024-04-19T02:29:00+00:00,108033.020000
2024-04-19T06:14:00+00:00,110658.860000
2024-04-19T08:24:00+00:00,110653.680000
2024-04-19T11:04:00+00:00,110646.280000
2024-04-19T14:14:00+00:00,110319.100000
2024-04-19T14:14:00+00:00,109766.700000
2024-04-19T14:19:00+00:00,109762.260000
2024-04-19T18:44:00+00:00,112450.320000
2024-04-22T11:24:00+00:00,112437.000000
2024-04-22T12:14:00+00:00,111298.680000
2024-04-22T13:49:00+00:00,111292.760000
2024-04-22T14:04:00+00:00,110682.840000
2024-04-22T14:04:00+00:00,110668.040000
2024-04-22T14:24:00+00:00,113403.240000
2024-04-22T15:34:00+00:00,113395.840000
2024-04-22T17:34:00+00:00,116213.440000
2024-04-23T06:09:00+00:00,116191.240000
2024-04-23T06:49:00+00:00,115359.040000
2024-04-23T12:29:00+00:00,115340.540000
2024-04-23T13:34:00+00:00,118103.290000
2024-04-23T13:49:00+00:00,118097.370000
2024-04-23T20:09:00+00:00,120459.450000
2024-04-24T06:24:00+00:00,120437.250000
2024-04-24T07:19:00+00:00,119305.050000
2024-04-24T13:34:00+00:00,119293.210000
2024-04-24T14:39:00+00:00,118481.370000
2024-04-24T14:39:00+00:00,118476.190000
2024-04-24T20:09:00+00:00,120546.510000
2024-04-25T00:09:00+00:00,120533.930000
2024-04-25T05:14:00+00:00,119348.350000
2024-04-25T11:24:00+00:00,119333.550000
2024-04-25T12:19:00+00:00,118118.750000
2024-04-25T12:54:00+00:00,118115.790000
2024-04-25T13:49:00+00:00,118302.830000
2024-04-25T13:49:00+00:00,118293.950000
2024-04-25T14:14:00+00:00,118290.250000
2024-04-25T16:49:00+00:00,121026.370000
2024-04-25T18:34:00+00:00,122160.170000
2024-04-25T18:34:00+00:00,122149.070000
2024-04-25T19:04:00+00:00,120967.970000
2024-04-26T11:44:00+00:00,120949.470000
2024-04-26T12:34:00+00:00,119730.970000
2024-04-26T13:54:00+00:00,119727.270000
2024-04-26T20:09:00+00:00,120273.570000
2024-04-29T07:59:00+00:00,120257.290000
2024-04-29T09:54:00+00:00,119031.010000
2024-04-29T15:49:00+00:00,119021.390000
2024-04-29T18:49:00+00:00,119011.030000
2024-04-29T19:04:00+00:00,117818.410000
2024-04-29T19:04:00+00:00,116618.050000
2024-04-29T19:04:00+00:00,116615.090000
2024-04-29T19:09:00+00:00,116609.170000
2024-04-29T19:54:00+00:00,115475.250000
2024-04-29T20:09:00+00:00,114658.290000
2024-04-30T11:09:00+00:00,114637.570000
2024-04-30T12:34:00+00:00,117416.850000
2024-04-30T15:04:00+00:00,117410.930000
2024-04-30T16:39:00+00:00,117407.970000
2024-04-30T19:54:00+00:00,120232.050000
2024-04-30T20:09:00+00:00,121367.090000
2024-05-01T09:54:00+00:00,121344.890000
2024-05-01T10:29:00+00:00,120242.690000
2024-05-01T14:04:00+00:00,120236.770000
2024-05-01T17:29:00+00:00,120214.850000
2024-05-01T17:29:00+00:00,120200.790000
2024-05-01T18:09:00+00:00,123107.980000
2024-05-02T13:49:00+00:00,123104.280000
2024-05-02T14:29:00+00:00,123033.080000
2024-05-02T14:29:00+00:00,123029.380000
2024-05-02T20:09:00+00:00,124733.180000
2024-05-03T02:04:00+00:00,124710.980000
2024-05-03T06:19:00+00:00,126113.780000
2024-05-03T06:19:00+00:00,126091.580000
2024-05-03T07:09:00+00:00,124944.380000
2024-05-03T12:09:00+00:00,124922.180000
2024-05-03T12:29:00+00:00,127599.980000
2024-05-03T13:49:00+00:00,127594.060000
2024-05-03T14:14:00+00:00,126372.140000
2024-05-06T05:44:00+00:00,126349.940000
2024-05-06T07:29:00+00:00,127107.740000
2024-05-06T07:29:00+00:00,127085.540000
2024-05-06T07:44:00+00:00,126418.340000
2024-05-06T07:44:00+00:00,126406.500000
2024-05-06T08:19:00+00:00,126396.140000
2024-05-06T13:39:00+00:00,128240.780000
2024-05-06T13:59:00+00:00,128234.120000
2024-05-06T15:49:00+00:00,131362.280000
2024-05-06T20:09:00+00:00,132813.620000
2024-05-07T02:59:00+00:00,132791.420000
2024-05-07T04:04:00+00:00,132154.220000
2024-05-07T09:29:00+00:00,132132.020000
2024-05-07T12:59:00+00:00,131299.820000
2024-05-07T13:59:00+00:00,131288.720000
2024-05-07T14:59:00+00:00,129987.620000
2024-05-07T17:54:00+00:00,129978.000000
2024-05-07T20:09:00+00:00,129818.880000
2024-05-08T13:49:00+00:00,129812.960000
2024-05-08T19:24:00+00:00,129801.120000
2024-05-08T20:09:00+00:00,130035.200000
2024-05-08T20:09:00+00:00,129519.360000
2024-05-09T07:29:00+00:00,129497.160000
2024-05-09T10:24:00+00:00,128229.960000
2024-05-09T11:44:00+00:00,128218.860000
2024-05-09T13:49:00+00:00,126977.760000
2024-05-09T13:49:00+00:00,126972.580000
2024-05-09T14:39:00+00:00,125710.900000
2024-05-09T17:34:00+00:00,125702.020000
2024-05-09T20:09:00+00:00,125933.140000
2024-05-10T08:24:00+00:00,125920.560000
2024-05-10T12:39:00+00:00,126188.480000
2024-05-10T12:39:00+00:00,126166.280000
2024-05-10T13:34:00+00:00,125274.080000
2024-05-10T13:49:00+00:00,125268.900000
2024-05-10T14:19:00+00:00,124073.720000
2024-05-13T03:29:00+00:00,124051.520000
2024-05-13T09:39:00+00:00,125641.820000
2024-05-13T12:24:00+00:00,125619.620000
2024-05-13T12:44:00+00:00,124652.420000
2024-05-13T12:49:00+00:00,124638.360000
2024-05-13T13:34:00+00:00,123417.800000
2024-05-13T13:39:00+00:00,123395.600000
2024-05-13T14:19:00+00:00,122428.400000
2024-05-13T17:24:00+00:00,122419.520000
2024-05-13T19:54:00+00:00,122512.640000
2024-05-14T09:09:00+00:00,122490.440000
2024-05-14T11:34:00+00:00,123705.740000
2024-05-14T14:04:00+00:00,123690.200000
2024-05-14T14:24:00+00:00,122477.660000
2024-05-14T14:24:00+00:00,122472.480000
2024-05-14T14:44:00+00:00,121893.300000
2024-05-14T14:44:00+00:00,121877.760000
2024-05-14T14:59:00+00:00,120633.720000
2024-05-15T12:39:00+00:00,120621.140000
2024-05-15T13:49:00+00:00,119988.060000
2024-05-15T13:49:00+00:00,119980.660000
2024-05-15T14:19:00+00:00,118833.260000
2024-05-16T07:24:00+00:00,118814.020000
2024-05-16T12:34:00+00:00,117624.780000
2024-05-16T13:49:00+00:00,117612.200000
2024-05-16T17:29:00+00:00,116477.620000
2024-05-17T13:49:00+00:00,116463.560000
2024-05-17T14:34:00+00:00,115319.000000
2024-05-20T01:29:00+00:00,115296.800000
2024-05-20T12:44:00+00:00,114134.600000
2024-05-20T13:39:00+00:00,114120.540000
2024-05-20T13:54:00+00:00,114116.840000
2024-05-20T16:44:00+00:00,116905.280000
2024-05-20T20:09:00+00:00,116934.080000
2024-05-21T13:39:00+00:00,116918.540000
2024-05-21T13:54:00+00:00,116911.880000
2024-05-21T16:19:00+00:00,119705.090000
2024-05-21T20:09:00+00:00,121268.930000
2024-05-22T06:09:00+00:00,121246.730000
2024-05-22T07:24:00+00:00,121239.530000
2024-05-22T07:24:00+00:00,121217.330000
2024-05-22T07:29:00+00:00,120505.130000
2024-05-22T10:49:00+00:00,120482.930000
2024-05-22T11:04:00+00:00,122523.230000
2024-05-22T15:04:00+00:00,122512.870000
2024-05-22T17:39:00+00:00,121340.510000
2024-05-23T13:49:00+00:00,121334.590000
2024-05-23T14:19:00+00:00,121584.670000
2024-05-23T14:19:00+00:00,121577.270000
2024-05-23T14:54:00+00:00,120454.870000
2024-05-23T15:14:00+00:00,120448.210000
2024-05-23T17:24:00+00:00,119280.550000
2024-05-24T05:44:00+00:00,119258.350000
2024-05-24T08:19:00+00:00,118201.150000
2024-05-24T12:09:00+00:00,118178.950000
2024-05-24T12:39:00+00:00,117331.750000
2024-05-24T12:39:00+00:00,117310.290000
2024-05-24T12:49:00+00:00,116128.830000
2024-05-24T14:04:00+00:00,116120.690000
2024-05-24T15:14:00+00:00,118807.550000
2024-05-27T13:54:00+00:00,118785.350000
2024-05-27T14:49:00+00:00,118073.150000
2024-05-27T15:04:00+00:00,118061.310000
2024-05-27T22:09:00+00:00,118553.470000
2024-05-27T22:09:00+00:00,118531.270000
2024-05-28T00:04:00+00:00,120346.570000
2024-05-28T13:49:00+00:00,120339.170000
2024-05-28T14:19:00+00:00,119221.770000
2024-05-28T17:54:00+00:00,119199.570000
2024-05-28T18:09:00+00:00,117977.370000
2024-05-29T08:09:00+00:00,117955.170000
2024-05-29T08:14:00+00:00,117092.970000
2024-05-29T08:59:00+00:00,117070.770000
2024-05-29T09:09:00+00:00,116163.570000
2024-05-29T12:29:00+00:00,116141.370000
2024-05-29T12:39:00+00:00,117881.670000
2024-05-29T13:54:00+00:00,117876.490000
2024-05-29T15:14:00+00:00,117755.810000
2024-05-29T15:14:00+00:00,117744.710000
2024-05-29T16:39:00+00:00,116601.110000
2024-05-29T17:09:00+00:00,116578.910000
2024-05-29T17:39:00+00:00,118694.210000
2024-05-30T07:09:00+00:00,118672.010000
2024-05-30T08:39:00+00:00,121537.310000
2024-05-30T10:29:00+00:00,121523.990000
2024-05-30T14:14:00+00:00,120304.670000
2024-05-30T14:34:00+00:00,120299.490000
2024-05-30T20:09:00+00:00,122026.810000
2024-05-31T11:19:00+00:00,122018.670000
2024-05-31T12:44:00+00:00,124843.030000
2024-05-31T13:54:00+00:00,124837.850000
2024-05-31T15:34:00+00:00,127895.170000
2024-06-02T22:09:00+00:00,127887.770000
2024-06-03T00:04:00+00:00,126665.370000
2024-06-03T03:24:00+00:00,126643.170000
2024-06-03T05:19:00+00:00,126020.970000
2024-06-03T05:34:00+00:00,125998.770000
2024-06-03T06:39:00+00:00,125361.570000
2024-06-03T11:29:00+00:00,125339.370000
2024-06-03T11:34:00+00:00,124342.170000
2024-06-03T13:54:00+00:00,124334.770000
2024-06-03T16:14:00+00:00,127352.370000
2024-06-04T10:34:00+00:00,127346.450000
2024-06-04T13:14:00+00:00,126192.530000
2024-06-04T13:39:00+00:00,126181.430000
2024-06-04T14:14:00+00:00,126175.510000
2024-06-04T14:44:00+00:00,125013.590000
2024-06-04T18:19:00+00:00,123794.990000
2024-06-05T01:49:00+00:00,123772.790000
2024-06-05T06:49:00+00:00,122820.590000
2024-06-05T07:24:00+00:00,122798.390000
2024-06-05T09:09:00+00:00,125363.690000
2024-06-05T13:59:00+00:00,125353.330000
2024-06-05T14:04:00+00:00,124103.970000
2024-06-06T00:49:00+00:00,124081.770000
2024-06-06T06:19:00+00:00,123219.570000
2024-06-06T12:29:00+00:00,123204.030000
2024-06-06T12:59:00+00:00,123377.490000
2024-06-06T12:59:00+00:00,123364.170000
2024-06-06T13:49:00+00:00,122378.850000
2024-06-06T13:49:00+00:00,122369.970000
2024-06-06T14:04:00+00:00,122364.790000
2024-06-06T20:09:00+00:00,122409.910000
2024-06-06T20:09:00+00:00,122359.230000
2024-06-07T07:04:00+00:00,122337.030000
2024-06-07T08:14:00+00:00,122479.830000
2024-06-07T08:14:00+00:00,122457.630000
2024-06-07T08:54:00+00:00,121205.430000
2024-06-07T13:54:00+00:00,121198.770000
2024-06-07T15:29:00+00:00,121194.330000
2024-06-07T20:09:00+00:00,120647.670000
2024-06-07T20:09:00+00:00,120145.230000
2024-06-10T09:39:00+00:00,120123.030000
2024-06-10T13:24:00+00:00,118885.830000
2024-06-10T14:29:00+00:00,118878.430000
2024-06-10T20:09:00+00:00,119961.030000
2024-06-11T03:59:00+00:00,119938.830000
2024-06-11T08:29:00+00:00,119211.630000
2024-06-11T13:49:00+00:00,119205.710000
2024-06-11T14:09:00+00:00,118551.790000
2024-06-11T14:09:00+00:00,118544.390000
2024-06-11T18:24:00+00:00,121424.490000
2024-06-12T02:04:00+00:00,121402.290000
2024-06-12T06:14:00+00:00,120615.090000
2024-06-12T13:49:00+00:00,120611.390000
2024-06-12T18:24:00+00:00,120604.730000
2024-06-12T19:29:00+00:00,120308.530000
2024-06-12T19:29:00+00:00,119581.870000
2024-06-12T19:34:00+00:00,119573.730000
2024-06-12T19:54:00+00:00,118399.590000
2024-06-13T05:09:00+00:00,118377.390000
2024-06-13T06:44:00+00:00,117770.190000
2024-06-13T09:24:00+00:00,117758.350000
2024-06-13T10:34:00+00:00,118338.510000
2024-06-13T10:34:00+00:00,118316.310000
2024-06-13T10:54:00+00:00,117109.110000
2024-06-13T14:14:00+00:00,117103.930000
2024-06-13T16:39:00+00:00,117777.750000
2024-06-13T16:39:00+00:00,117766.650000
2024-06-13T18:14:00+00:00,117761.470000
2024-06-13T20:09:00+00:00,120600.370000
2024-06-13T20:09:00+00:00,120952.190000
2024-06-14T07:34:00+00:00,120938.870000
2024-06-14T08:09:00+00:00,119728.550000
2024-06-14T08:19:00+00:00,119716.710000
2024-06-14T09:09:00+00:00,118560.870000
2024-06-14T13:49:00+00:00,118554.210000
2024-06-14T14:44:00+00:00,118196.550000
2024-06-14T14:44:00+00:00,118190.630000
2024-06-14T17:34:00+00:00,117100.710000
2024-06-17T13:49:00+00:00,117094.050000
2024-06-17T13:54:00+00:00,117087.390000
2024-06-17T14:14:00+00:00,115910.730000
2024-06-17T15:09:00+00:00,114756.570000
2024-06-18T13:49:00+00:00,114746.950000
2024-06-18T16:59:00+00:00,113957.330000
2024-06-18T16:59:00+00:00,113950.670000
2024-06-18T20:09:00+00:00,113881.010000
2024-06-19T06:29:00+00:00,113858.810000
2024-06-19T06:34:00+00:00,113176.610000
2024-06-19T14:34:00+00:00,113161.070000
2024-06-20T00:54:00+00:00,112011.530000
2024-06-20T12:34:00+00:00,111989.330000
2024-06-20T12:44:00+00:00,110992.130000
2024-06-20T13:49:00+00:00,110983.990000
2024-06-20T14:09:00+00:00,109925.350000
2024-06-20T14:09:00+00:00,109920.170000
2024-06-20T16:34:00+00:00,112356.240000
2024-06-20T17:49:00+00:00,112347.360000
2024-06-20T19:24:00+00:00,111228.480000
2024-06-21T10:49:00+00:00,111222.560000
2024-06-21T13:49:00+00:00,110448.640000
2024-06-21T13:49:00+00:00,110443.460000
2024-06-21T15:19:00+00:00,109444.280000
2024-06-24T07:09:00+00:00,109436.140000
2024-06-24T08:09:00+00:00,109780.000000
2024-06-24T08:09:00+00:00,109757.800000
2024-06-24T09:34:00+00:00,112173.100000
2024-06-24T13:39:00+00:00,112163.480000
2024-06-24T13:44:00+00:00,111094.360000
2024-06-24T13:49:00+00:00,111090.660000
2024-06-24T14:04:00+00:00,110134.460000
2024-06-24T14:34:00+00:00,110127.800000
2024-06-24T15:04:00+00:00,110301.140000
2024-06-24T15:04:00+00:00,110291.520000
2024-06-24T16:59:00+00:00,109228.900000
2024-06-25T11:29:00+00:00,109209.660000
2024-06-25T13:49:00+00:00,108111.420000
2024-06-25T14:04:00+00:00,108106.980000
2024-06-25T20:09:00+00:00,109158.540000
2024-06-26T06:09:00+00:00,109136.340000
2024-06-26T06:29:00+00:00,108349.140000
2024-06-26T07:29:00+00:00,108338.780000
2024-06-26T10:19:00+00:00,107306.420000
2024-06-26T13:49:00+00:00,107299.760000
2024-06-26T15:14:00+00:00,106235.600000
2024-06-27T11:39:00+00:00,106223.760000
2024-06-27T13:34:00+00:00,108711.920000
2024-06-27T14:14:00+00:00,108708.960000
2024-06-27T15:29:00+00:00,107734.000000
2024-06-28T07:14:00+00:00,107714.020000
2024-06-28T12:34:00+00:00,110326.540000
2024-06-28T12:49:00+00:00,110320.620000
2024-06-28T13:39:00+00:00,110317.660000
2024-06-28T13:49:00+00:00,109871.740000
2024-06-28T13:49:00+00:00,109558.780000
2024-06-28T13:54:00+00:00,109554.340000
2024-06-28T16:19:00+00:00,108508.900000
2024-06-28T17:14:00+00:00,108503.720000
2024-06-28T19:09:00+00:00,107543.040000
2024-07-01T07:34:00+00:00,107534.160000
2024-07-01T08:14:00+00:00,107615.280000
2024-07-01T08:14:00+00:00,107606.400000
2024-07-01T08:44:00+00:00,106535.520000
2024-07-01T13:49:00+00:00,106532.560000
2024-07-01T14:09:00+00:00,106081.600000
2024-07-01T14:09:00+00:00,106076.420000
2024-07-01T14:14:00+00:00,105021.240000
2024-07-02T09:29:00+00:00,105013.100000
2024-07-02T13:34:00+00:00,103998.460000
2024-07-02T14:39:00+00:00,103995.500000
2024-07-02T20:09:00+00:00,105174.540000
2024-07-03T02:49:00+00:00,105153.820000
2024-07-03T03:24:00+00:00,105152.340000
2024-07-03T05:09:00+00:00,105098.860000
2024-07-03T06:14:00+00:00,104014.140000
2024-07-03T07:19:00+00:00,103991.940000
2024-07-03T07:49:00+00:00,103099.740000
2024-07-03T13:49:00+00:00,103093.080000
2024-07-03T16:14:00+00:00,105426.420000
2024-07-04T00:04:00+00:00,105414.580000
2024-07-04T13:49:00+00:00,105404.220000
2024-07-05T00:44:00+00:00,104847.860000
2024-07-05T06:14:00+00:00,103820.020000
2024-07-05T12:19:00+00:00,103797.820000
2024-07-05T12:29:00+00:00,102725.620000
2024-07-05T13:59:00+00:00,102721.180000
2024-07-05T14:14:00+00:00,102446.740000
2024-07-05T14:14:00+00:00,102440.080000
2024-07-05T14:49:00+00:00,101443.420000
2024-07-08T11:14:00+00:00,101421.220000
2024-07-08T13:39:00+00:00,100499.020000
2024-07-08T15:24:00+00:00,100493.100000
2024-07-08T16:14:00+00:00,100115.180000
2024-07-08T16:14:00+00:00,100106.300000
2024-07-08T19:59:00+00:00,99119.420000
2024-07-09T01:49:00+00:00,99100.180000
2024-07-09T04:59:00+00:00,98092.940000
2024-07-09T14:24:00+00:00,98085.540000
2024-07-09T14:29:00+00:00,98073.700000
2024-07-09T14:49:00+00:00,97077.860000
2024-07-09T20:09:00+00:00,97935.460000
2024-07-10T02:09:00+00:00,97913.260000
2024-07-10T11:39:00+00:00,100253.560000
2024-07-10T13:49:00+00:00,100246.900000
2024-07-10T15:04:00+00:00,99286.240000
2024-07-10T19:09:00+00:00,99271.440000
2024-07-10T19:49:00+00:00,98286.640000
2024-07-11T12:34:00+00:00,98264.440000
2024-07-11T12:39:00+00:00,97252.240000
2024-07-11T12:59:00+00:00,97248.540000
2024-07-11T13:34:00+00:00,97244.100000
2024-07-11T13:54:00+00:00,97238.920000
2024-07-11T14:19:00+00:00,99626.980000
2024-07-11T14:24:00+00:00,101931.800000
2024-07-11T14:44:00+00:00,104328.100000
2024-07-11T16:54:00+00:00,104326.620000
2024-07-11T20:09:00+00:00,104292.140000
2024-07-12T09:29:00+00:00,104269.940000
2024-07-12T09:49:00+00:00,103377.740000
2024-07-12T11:24:00+00:00,103359.980000
2024-07-12T12:24:00+00:00,102298.220000
2024-07-12T13:49:00+00:00,102293.040000
2024-07-12T16:04:00+00:00,103855.860000
2024-07-12T16:04:00+00:00,103850.680000
2024-07-12T17:34:00+00:00,102841.000000
2024-07-15T08:09:00+00:00,102827.680000
2024-07-15T11:44:00+00:00,102715.360000
2024-07-15T11:44:00+00:00,102693.160000
2024-07-15T12:54:00+00:00,104508.460000
2024-07-15T14:09:00+00:00,104503.280000
2024-07-15T17:04:00+00:00,103476.100000
2024-07-16T11:29:00+00:00,103453.900000
2024-07-16T12:34:00+00:00,102516.700000
2024-07-16T13:49:00+00:00,102512.260000
2024-07-16T18:44:00+00:00,102750.820000
2024-07-16T18:44:00+00:00,102747.120000
2024-07-16T20:09:00+00:00,102985.920000
2024-07-17T03:04:00+00:00,102971.120000
2024-07-17T03:34:00+00:00,102936.320000
2024-07-17T03:34:00+00:00,102914.120000
2024-07-17T03:44:00+00:00,102231.920000
2024-07-17T05:14:00+00:00,102223.780000
2024-07-17T07:29:00+00:00,104580.640000
2024-07-17T13:59:00+00:00,104575.460000
2024-07-17T16:29:00+00:00,107107.780000
2024-07-18T01:09:00+00:00,107085.580000
2024-07-18T03:34:00+00:00,109725.880000
2024-07-18T03:54:00+00:00,109711.080000
2024-07-18T06:19:00+00:00,112396.280000
2024-07-18T10:39:00+00:00,112387.400000
2024-07-18T13:54:00+00:00,111298.520000
2024-07-18T13:54:00+00:00,111295.560000
2024-07-18T14:59:00+00:00,111562.600000
2024-07-18T14:59:00+00:00,111556.680000
2024-07-18T15:09:00+00:00,110470.760000
2024-07-19T07:59:00+00:00,110464.100000
2024-07-19T13:44:00+00:00,113146.190000
2024-07-19T14:14:00+00:00,113139.530000
2024-07-19T14:29:00+00:00,112030.370000
2024-07-19T14:29:00+00:00,112028.150000
2024-07-19T20:09:00+00:00,112645.430000
2024-07-22T13:49:00+00:00,112642.470000
2024-07-22T15:19:00+00:00,111531.510000
2024-07-23T15:14:00+00:00,111528.550000
2024-07-23T15:19:00+00:00,111525.590000
2024-07-23T16:24:00+00:00,110524.630000
2024-07-23T16:59:00+00:00,109563.670000
2024-07-24T07:59:00+00:00,109557.010000
2024-07-24T11:24:00+00:00,109469.350000
2024-07-24T11:24:00+00:00,109455.290000
2024-07-24T12:04:00+00:00,108386.730000
2024-07-24T13:59:00+00:00,108384.510000
2024-07-24T19:39:00+00:00,109769.790000
2024-07-25T06:24:00+00:00,109754.250000
2024-07-25T07:09:00+00:00,108636.210000
2024-07-25T13:54:00+00:00,108633.250000
2024-07-25T15:14:00+00:00,107626.290000
2024-07-26T05:54:00+00:00,107616.670000
2024-07-26T06:14:00+00:00,107015.550000
2024-07-26T06:14:00+00:00,107006.670000
2024-07-26T08:59:00+00:00,109637.790000
2024-07-26T13:49:00+00:00,109634.090000
2024-07-26T14:04:00+00:00,108595.390000
2024-07-26T14:39:00+00:00,108592.430000
2024-07-26T15:49:00+00:00,107631.470000
2024-07-26T17:39:00+00:00,107623.330000
2024-07-26T17:49:00+00:00,106592.190000
2024-07-29T06:59:00+00:00,106569.990000
2024-07-29T07:04:00+00:00,105662.790000
2024-07-29T13:44:00+00:00,105659.090000
2024-07-29T13:59:00+00:00,105656.870000
2024-07-29T14:14:00+00:00,104758.170000
2024-07-29T14:59:00+00:00,103935.450000
2024-07-29T17:34:00+00:00,103930.270000
2024-07-29T20:09:00+00:00,104852.590000
2024-07-30T06:34:00+00:00,104848.150000
2024-07-30T09:29:00+00:00,105206.710000
2024-07-30T09:29:00+00:00,105188.950000
2024-07-30T10:49:00+00:00,104139.190000
2024-07-30T13:49:00+00:00,104134.010000
2024-07-30T15:04:00+00:00,106456.330000
2024-07-31T08:29:00+00:00,106448.190000
2024-07-31T09:54:00+00:00,106291.550000
2024-07-31T09:54:00+00:00,106281.930000
2024-07-31T11:49:00+00:00,105245.310000
2024-07-31T13:39:00+00:00,105239.390000
2024-07-31T14:04:00+00:00,104265.470000
2024-07-31T14:09:00+00:00,104263.250000
2024-07-31T20:09:00+00:00,105107.030000
2024-08-01T06:09:00+00:00,105089.270000
2024-08-01T06:34:00+00:00,104039.510000
2024-08-01T07:14:00+00:00,104027.670000
2024-08-01T07:59:00+00:00,102975.830000
2024-08-01T13:39:00+00:00,102968.430000
2024-08-01T13:49:00+00:00,102966.210000
2024-08-01T14:24:00+00:00,101953.810000
2024-08-01T14:24:00+00:00,101081.590000
2024-08-02T10:29:00+00:00,101075.670000
2024-08-02T10:39:00+00:00,100693.750000
2024-08-02T10:39:00+00:00,100687.830000
2024-08-02T12:34:00+00:00,99749.910000
2024-08-02T12:39:00+00:00,99746.210000
2024-08-02T12:54:00+00:00,98895.010000
2024-08-02T13:44:00+00:00,98893.530000
2024-08-02T14:09:00+00:00,98121.050000
2024-08-02T14:09:00+00:00,98120.310000
2024-08-02T20:09:00+00:00,97968.070000
2024-08-05T10:04:00+00:00,97965.850000
2024-08-05T10:44:00+00:00,97173.130000
2024-08-05T13:49:00+00:00,97172.390000
2024-08-05T20:09:00+00:00,97652.150000
2024-08-06T05:34:00+00:00,97648.450000
2024-08-06T06:49:00+00:00,96794.750000
2024-08-06T09:09:00+00:00,96793.270000
2024-08-06T11:49:00+00:00,96788.830000
2024-08-06T13:44:00+00:00,99176.890000
2024-08-06T14:04:00+00:00,98893.410000
2024-08-06T14:04:00+00:00,98891.930000
2024-08-06T19:04:00+00:00,99409.450000
2024-08-06T19:04:00+00:00,99404.270000
2024-08-06T19:29:00+00:00,98485.590000
2024-08-06T19:29:00+00:00,98475.970000
2024-08-06T19:44:00+00:00,97491.350000
2024-08-07T07:29:00+00:00,97489.870000
2024-08-07T07:39:00+00:00,97253.390000
2024-08-07T07:39:00+00:00,97248.210000
2024-08-07T07:54:00+00:00,96312.030000
2024-08-07T09:49:00+00:00,96303.890000
2024-08-07T10:59:00+00:00,95388.250000
2024-08-07T14:29:00+00:00,95385.290000
2024-08-07T14:49:00+00:00,94526.330000
2024-08-07T19:09:00+00:00,94523.370000
2024-08-07T19:54:00+00:00,93680.410000
2024-08-08T06:24:00+00:00,93676.710000
2024-08-08T07:29:00+00:00,92773.010000
2024-08-08T12:39:00+00:00,92770.790000
2024-08-08T13:49:00+00:00,92389.070000
2024-08-08T13:49:00+00:00,92386.850000
2024-08-08T14:04:00+00:00,91523.630000
2024-08-08T15:29:00+00:00,91522.890000
2024-08-08T17:24:00+00:00,91520.670000
2024-08-08T20:09:00+00:00,91816.930000
2024-08-08T20:09:00+00:00,92297.710000
2024-08-08T23:29:00+00:00,92288.830000
2024-08-09T04:59:00+00:00,94559.950000
2024-08-09T13:49:00+00:00,94556.250000
2024-08-09T14:14:00+00:00,93707.550000
2024-08-11T22:09:00+00:00,93700.150000
2024-08-11T22:14:00+00:00,92832.750000
2024-08-11T22:19:00+00:00,92827.570000
2024-08-11T23:04:00+00:00,91985.890000
2024-08-11T23:54:00+00:00,91982.930000
2024-08-12T07:24:00+00:00,91841.970000
2024-08-12T07:24:00+00:00,91831.610000
2024-08-12T07:29:00+00:00,90925.250000
2024-08-12T07:34:00+00:00,90915.630000
2024-08-12T13:44:00+00:00,90028.510000
2024-08-12T13:49:00+00:00,90026.290000
2024-08-12T14:14:00+00:00,89380.570000
2024-08-12T14:14:00+00:00,89377.610000
2024-08-12T15:29:00+00:00,89138.650000
2024-08-12T15:29:00+00:00,89129.770000
2024-08-12T15:54:00+00:00,88268.890000
2024-08-13T01:14:00+00:00,88257.050000
2024-08-13T02:54:00+00:00,87357.210000
2024-08-13T13:49:00+00:00,87353.510000
2024-08-13T20:09:00+00:00,89506.060000
2024-08-13T22:09:00+00:00,89502.360000
2024-08-14T05:54:00+00:00,89436.160000
2024-08-14T05:54:00+00:00,89418.400000
2024-08-14T06:39:00+00:00,88524.640000
2024-08-14T13:54:00+00:00,88522.420000
2024-08-14T15:54:00+00:00,87639.700000
2024-08-14T16:24:00+00:00,87633.780000
2024-08-14T19:54:00+00:00,86771.860000
2024-08-15T06:44:00+00:00,86762.240000
2024-08-15T08:34:00+00:00,85933.620000
2024-08-15T12:39:00+00:00,85929.920000
2024-08-15T13:49:00+00:00,85926.220000
2024-08-15T14:49:00+00:00,88028.770000
2024-08-15T18:09:00+00:00,89850.070000
2024-08-16T14:09:00+00:00,89846.370000
2024-08-16T20:09:00+00:00,90450.170000
2024-08-19T03:49:00+00:00,90439.070000
2024-08-19T06:09:00+00:00,92584.220000
2024-08-19T09:34:00+00:00,92575.340000
2024-08-19T13:34:00+00:00,92770.460000
2024-08-19T13:34:00+00:00,92758.620000
2024-08-19T13:49:00+00:00,91834.780000
2024-08-19T13:49:00+00:00,91829.600000
2024-08-19T14:04:00+00:00,90991.420000
2024-08-20T06:44:00+00:00,90981.060000
2024-08-20T08:39:00+00:00,90074.700000
2024-08-20T13:49:00+00:00,90070.260000
2024-08-20T14:19:00+00:00,89282.820000
2024-08-20T15:59:00+00:00,89277.640000
2024-08-20T16:54:00+00:00,88383.460000
2024-08-21T00:09:00+00:00,88361.260000
2024-08-21T00:34:00+00:00,87709.060000
2024-08-21T05:49:00+00:00,87690.560000
2024-08-21T09:04:00+00:00,89828.310000
2024-08-21T13:54:00+00:00,89822.390000
2024-08-21T14:54:00+00:00,88988.470000
2024-08-21T14:59:00+00:00,88985.510000
2024-08-21T18:04:00+00:00,88186.550000
2024-08-21T18:44:00+00:00,88179.890000
2024-08-21T20:09:00+00:00,88321.730000
2024-08-22T07:39:00+00:00,88311.370000
2024-08-22T09:19:00+00:00,87447.010000
2024-08-22T14:04:00+00:00,87442.570000
2024-08-22T15:34:00+00:00,89373.130000
2024-08-22T23:14:00+00:00,89353.890000
2024-08-23T00:04:00+00:00,88450.650000
2024-08-23T06:54:00+00:00,88432.890000
2024-08-23T07:29:00+00:00,87527.130000
2024-08-23T13:54:00+00:00,87518.990000
2024-08-23T14:04:00+00:00,89697.100000
2024-08-23T14:04:00+00:00,89694.880000
2024-08-23T14:49:00+00:00,88855.660000
2024-08-23T19:19:00+00:00,88854.180000
2024-08-23T20:09:00+00:00,88886.700000
2024-08-26T08:29:00+00:00,88866.720000
2024-08-26T11:29:00+00:00,91040.490000
2024-08-26T13:49:00+00:00,91036.050000
2024-08-26T14:34:00+00:00,93176.610000
2024-08-27T04:19:00+00:00,93168.470000
2024-08-27T06:09:00+00:00,93358.330000
2024-08-27T06:09:00+00:00,93336.130000
2024-08-27T07:09:00+00:00,92488.930000
2024-08-27T11:14:00+00:00,92477.830000
2024-08-27T12:09:00+00:00,92226.730000
2024-08-27T12:09:00+00:00,92220.810000
2024-08-27T13:49:00+00:00,94354.890000
2024-08-27T13:54:00+00:00,94351.930000
2024-08-27T20:09:00+00:00,95136.970000
2024-08-28T01:49:00+00:00,95127.350000
2024-08-28T07:59:00+00:00,95114.770000
2024-08-28T08:14:00+00:00,94456.190000
2024-08-28T08:59:00+00:00,96802.820000
2024-08-28T13:44:00+00:00,96798.380000
2024-08-28T13:49:00+00:00,96795.420000
2024-08-28T15:14:00+00:00,98890.980000
2024-08-28T18:04:00+00:00,101008.020000
2024-08-29T10:24:00+00:00,101001.360000
2024-08-29T13:34:00+00:00,100027.200000
2024-08-29T13:49:00+00:00,100024.980000
2024-08-29T18:34:00+00:00,99196.260000
2024-08-30T06:04:00+00:00,99174.060000
2024-08-30T06:09:00+00:00,98446.860000
2024-08-30T07:24:00+00:00,98433.540000
2024-08-30T10:59:00+00:00,100850.220000
2024-08-30T10:59:00+00:00,100836.900000
2024-08-30T11:44:00+00:00,99860.580000
2024-08-30T12:09:00+00:00,99850.960000
2024-08-30T12:39:00+00:00,98846.840000
2024-08-30T13:54:00+00:00,98841.660000
2024-08-30T14:59:00+00:00,97877.480000
2024-09-02T14:04:00+00:00,97859.720000
2024-09-02T14:09:00+00:00,97855.280000
2024-09-02T14:34:00+00:00,96865.520000
2024-09-02T14:39:00+00:00,96432.080000
2024-09-02T14:39:00+00:00,96419.500000
2024-09-02T22:09:00+00:00,96410.620000
2024-09-02T22:39:00+00:00,95495.740000
2024-09-02T22:49:00+00:00,94522.660000
2024-09-03T05:29:00+00:00,94507.120000
2024-09-03T07:04:00+00:00,93546.580000
2024-09-03T07:59:00+00:00,93529.560000
2024-09-03T08:44:00+00:00,95812.540000
2024-09-03T11:24:00+00:00,95804.400000
2024-09-03T13:34:00+00:00,94872.260000
2024-09-03T13:54:00+00:00,94870.040000
2024-09-03T17:39:00+00:00,94866.340000
2024-09-03T19:44:00+00:00,96990.370000
2024-09-03T19:49:00+00:00,99255.420000
2024-09-04T07:14:00+00:00,99245.060000
2024-09-04T11:04:00+00:00,98261.700000
2024-09-04T13:49:00+00:00,98259.480000
2024-09-04T14:04:00+00:00,97507.260000
2024-09-05T05:19:00+00:00,97493.940000
2024-09-05T06:59:00+00:00,96544.620000
2024-09-05T07:14:00+00:00,96537.960000
2024-09-05T09:24:00+00:00,95572.800000
2024-09-05T13:54:00+00:00,95570.580000
2024-09-05T15:29:00+00:00,94669.860000
2024-09-06T05:54:00+00:00,94656.540000
2024-09-06T06:09:00+00:00,93707.220000
2024-09-06T06:14:00+00:00,93699.820000
2024-09-06T07:19:00+00:00,95904.920000
2024-09-06T13:44:00+00:00,95903.440000
2024-09-06T13:59:00+00:00,95901.960000
2024-09-06T15:54:00+00:00,97500.480000
2024-09-06T20:09:00+00:00,98695.000000
2024-09-08T23:29:00+00:00,98690.560000
2024-09-09T10:04:00+00:00,100996.120000
2024-09-09T13:59:00+00:00,100991.680000
2024-09-09T14:34:00+00:00,99991.240000
2024-09-09T23:59:00+00:00,99980.880000
2024-09-10T04:34:00+00:00,102350.520000
2024-09-10T09:44:00+00:00,102340.900000
2024-09-10T10:34:00+00:00,102335.720000
2024-09-10T12:14:00+00:00,104714.850000
2024-09-10T13:44:00+00:00,105952.170000
2024-09-10T13:44:00+00:00,105948.470000
2024-09-10T14:14:00+00:00,105945.510000
2024-09-10T14:34:00+00:00,106141.810000
2024-09-10T14:34:00+00:00,105846.850000
2024-09-10T14:39:00+00:00,105840.930000
2024-09-10T14:54:00+00:00,104879.010000
2024-09-10T23:59:00+00:00,104864.210000
2024-09-11T01:34:00+00:00,107449.410000
2024-09-11T05:39:00+00:00,107427.210000
2024-09-11T06:04:00+00:00,109767.510000
2024-09-11T08:54:00+00:00,109750.490000
2024-09-11T11:39:00+00:00,112435.970000
2024-09-11T13:09:00+00:00,112433.750000
2024-09-11T13:39:00+00:00,112065.530000
2024-09-11T13:39:00+00:00,112058.130000
2024-09-11T13:54:00+00:00,112054.430000
2024-09-11T14:14:00+00:00,114809.530000
2024-09-11T16:24:00+00:00,113688.330000
2024-09-12T02:59:00+00:00,113667.610000
2024-09-12T03:44:00+00:00,112512.890000
2024-09-12T05:39:00+00:00,112490.690000
2024-09-12T05:54:00+00:00,111538.490000
2024-09-12T06:24:00+00:00,111516.290000
2024-09-12T07:29:00+00:00,110384.090000
2024-09-12T07:34:00+00:00,110375.210000
2024-09-12T08:04:00+00:00,109262.330000
2024-09-12T13:49:00+00:00,109257.890000
2024-09-12T14:14:00+00:00,108284.450000
2024-09-12T14:19:00+00:00,108281.490000
2024-09-12T20:09:00+00:00,108948.530000
2024-09-12T23:59:00+00:00,108927.070000
2024-09-13T00:39:00+00:00,107832.610000
2024-09-13T06:04:00+00:00,107822.990000
2024-09-13T07:39:00+00:00,107811.150000
2024-09-13T13:44:00+00:00,106748.530000
2024-09-13T13:44:00+00:00,105712.690000
2024-09-13T14:09:00+00:00,105709.730000
2024-09-13T16:59:00+00:00,105706.030000
2024-09-13T20:09:00+00:00,105803.070000
2024-09-13T20:09:00+00:00,105566.870000
2024-09-15T22:09:00+00:00,105552.810000
2024-09-15T22:19:00+00:00,104503.250000
2024-09-16T02:39:00+00:00,104489.190000
2024-09-16T07:24:00+00:00,104481.050000
2024-09-16T11:29:00+00:00,107055.740000
2024-09-16T13:34:00+00:00,109357.600000
2024-09-16T13:54:00+00:00,109354.640000
2024-09-16T14:34:00+00:00,108435.680000
2024-09-16T14:39:00+00:00,108433.460000
2024-09-16T20:09:00+00:00,107847.740000
2024-09-17T01:39:00+00:00,107825.540000
2024-09-17T03:19:00+00:00,107503.340000
2024-09-17T03:19:00+00:00,107481.140000
2024-09-17T03:34:00+00:00,106828.940000
2024-09-17T03:39:00+00:00,106806.740000
2024-09-17T05:29:00+00:00,109109.540000
2024-09-17T12:19:00+00:00,109096.220000
2024-09-17T12:34:00+00:00,108011.900000
2024-09-17T13:49:00+00:00,108007.460000
2024-09-17T13:54:00+00:00,108003.020000
2024-09-17T14:09:00+00:00,107047.580000
2024-09-17T14:49:00+00:00,106086.140000
2024-09-17T15:04:00+00:00,106078.740000
2024-09-17T15:19:00+00:00,105016.340000
2024-09-18T07:29:00+00:00,105000.060000
2024-09-18T11:04:00+00:00,103949.780000
2024-09-18T13:39:00+00:00,103935.720000
2024-09-18T13:44:00+00:00,102905.160000
2024-09-18T14:19:00+00:00,102899.980000
2024-09-18T16:19:00+00:00,103178.300000
2024-09-18T16:19:00+00:00,103170.160000
2024-09-18T17:44:00+00:00,104416.020000
2024-09-18T17:44:00+00:00,104405.660000
2024-09-18T18:04:00+00:00,103359.300000
2024-09-19T13:54:00+00:00,103354.120000
2024-09-19T14:19:00+00:00,102344.440000
2024-09-19T16:09:00+00:00,102342.220000
2024-09-19T20:09:00+00:00,101939.500000
2024-09-20T03:24:00+00:00,101918.040000
2024-09-20T08:29:00+00:00,100867.080000
2024-09-20T13:14:00+00:00,100858.940000
2024-09-20T13:39:00+00:00,99888.300000
2024-09-20T13:59:00+00:00,99883.860000
2024-09-20T19:39:00+00:00,98907.420000
2024-09-23T13:49:00+00:00,98902.240000
2024-09-23T13:54:00+00:00,98896.320000
2024-09-23T17:04:00+00:00,97921.640000
2024-09-23T17:04:00+00:00,96967.720000
2024-09-24T10:54:00+00:00,96958.840000
2024-09-24T13:59:00+00:00,96953.660000
2024-09-24T14:04:00+00:00,99269.780000
2024-09-24T15:49:00+00:00,98354.600000
2024-09-25T03:19:00+00:00,98332.400000
2024-09-25T05:44:00+00:00,97440.200000
2024-09-25T09:39:00+00:00,97430.580000
2024-09-25T13:39:00+00:00,99793.460000
2024-09-25T13:39:00+00:00,99786.800000
2024-09-25T13:59:00+00:00,99783.100000
2024-09-25T17:04:00+00:00,98871.940000
2024-09-25T17:04:00+00:00,97925.740000
2024-09-26T13:54:00+00:00,97922.780000
2024-09-26T16:09:00+00:00,97921.300000
2024-09-26T17:34:00+00:00,99146.340000
2024-09-26T17:34:00+00:00,99230.860000
2024-09-26T17:39:00+00:00,99224.200000
2024-09-26T20:09:00+00:00,100959.040000
2024-09-27T05:34:00+00:00,100944.980000
2024-09-27T05:59:00+00:00,99914.420000
2024-09-27T09:29:00+00:00,99898.140000
2024-09-27T10:09:00+00:00,98902.860000
2024-09-27T12:59:00+00:00,98891.760000
2024-09-27T14:14:00+00:00,101336.910000
2024-09-27T14:19:00+00:00,101333.210000
2024-09-27T20:09:00+00:00,102107.010000
2024-09-29T22:19:00+00:00,102101.090000
2024-09-30T02:14:00+00:00,101107.170000
2024-09-30T14:14:00+00:00,101103.470000
2024-09-30T18:24:00+00:00,101101.250000
2024-09-30T19:49:00+00:00,100257.530000
2024-09-30T19:59:00+00:00,99336.330000
2024-10-01T00:24:00+00:00,99323.010000
2024-10-01T00:49:00+00:00,98310.690000
2024-10-01T13:49:00+00:00,98309.210000
2024-10-01T17:39:00+00:00,98905.730000
2024-10-01T17:39:00+00:00,98902.030000
2024-10-01T20:09:00+00:00,99870.830000
2024-10-02T06:54:00+00:00,99865.650000
2024-10-02T10:24:00+00:00,100094.970000
2024-10-02T10:24:00+00:00,100083.130000
2024-10-02T11:14:00+00:00,101423.290000
2024-10-02T11:14:00+00:00,101415.890000
2024-10-02T12:44:00+00:00,100488.490000
2024-10-02T13:54:00+00:00,100484.050000
2024-10-02T14:19:00+00:00,100481.830000
2024-10-02T20:09:00+00:00,102040.390000
2024-10-02T20:09:00+00:00,102270.670000
2024-10-03T00:09:00+00:00,102257.350000
2024-10-03T01:34:00+00:00,104764.030000
2024-10-03T02:59:00+00:00,104756.630000
2024-10-03T05:49:00+00:00,104743.310000
2024-10-03T06:54:00+00:00,103685.990000
2024-10-03T12:29:00+00:00,103671.190000
2024-10-03T12:34:00+00:00,103096.390000
2024-10-03T13:39:00+00:00,103028.990000
2024-10-03T13:39:00+00:00,103020.850000
2024-10-03T13:54:00+00:00,103017.890000
2024-10-03T14:04:00+00:00,105429.750000
2024-10-03T14:19:00+00:00,105552.790000
2024-10-03T14:19:00+00:00,105547.610000
2024-10-03T20:09:00+00:00,106123.430000
2024-10-04T07:19:00+00:00,106113.810000
2024-10-04T12:34:00+00:00,108655.440000
2024-10-04T13:54:00+00:00,108651.000000
2024-10-04T19:59:00+00:00,107569.560000
2024-10-07T01:54:00+00:00,107552.540000
2024-10-07T02:09:00+00:00,106477.520000
2024-10-07T13:14:00+00:00,106470.860000
2024-10-07T13:54:00+00:00,105897.200000
2024-10-07T13:54:00+00:00,105890.540000
2024-10-07T14:19:00+00:00,104821.880000
2024-10-08T02:49:00+00:00,104813.000000
2024-10-08T05:14:00+00:00,104390.120000
2024-10-08T05:14:00+00:00,104376.800000
2024-10-08T07:39:00+00:00,103364.480000
2024-10-08T13:54:00+00:00,103359.300000
2024-10-08T19:34:00+00:00,105769.120000
2024-10-09T05:09:00+00:00,105746.920000
2024-10-09T05:34:00+00:00,104794.720000
2024-10-09T06:54:00+00:00,104776.220000
2024-10-09T07:14:00+00:00,103707.720000
2024-10-09T07:14:00+00:00,103697.360000
2024-10-09T08:04:00+00:00,102686.000000
2024-10-09T08:24:00+00:00,102671.200000
2024-10-09T08:49:00+00:00,101626.400000
2024-10-09T13:39:00+00:00,101613.820000
2024-10-09T13:44:00+00:00,100581.240000
2024-10-09T14:14:00+00:00,100575.320000
2024-10-09T18:29:00+00:00,103069.400000
2024-10-09T23:29:00+00:00,103055.340000
2024-10-10T02:54:00+00:00,102015.280000
2024-10-10T05:09:00+00:00,101993.080000
2024-10-10T05:54:00+00:00,101250.880000
2024-10-10T13:49:00+00:00,101246.440000
2024-10-10T14:09:00+00:00,100303.000000
2024-10-10T17:54:00+00:00,100297.820000
2024-10-10T20:09:00+00:00,100310.140000
2024-10-11T03:14:00+00:00,100287.940000
2024-10-11T03:39:00+00:00,99260.740000
2024-10-11T13:49:00+00:00,99252.600000
2024-10-11T14:29:00+00:00,101623.210000
2024-10-14T01:44:00+00:00,101603.970000
2024-10-14T02:04:00+00:00,100583.730000
2024-10-14T09:09:00+00:00,100577.070000
2024-10-14T13:49:00+00:00,102887.910000
2024-10-14T13:49:00+00:00,102884.210000
2024-10-14T15:04:00+00:00,101900.510000
2024-10-15T00:09:00+00:00,101879.790000
2024-10-15T02:04:00+00:00,100851.070000
2024-10-15T07:49:00+00:00,100837.750000
2024-10-15T13:09:00+00:00,99807.430000
2024-10-15T13:34:00+00:00,99789.670000
2024-10-15T13:39:00+00:00,98763.910000
2024-10-15T14:14:00+00:00,98759.470000
2024-10-15T14:39:00+00:00,101057.530000
2024-10-16T05:14:00+00:00,101035.330000
2024-10-16T05:29:00+00:00,100533.130000
2024-10-16T07:04:00+00:00,100513.150000
2024-10-16T07:39:00+00:00,100479.670000
2024-10-16T07:39:00+00:00,100473.010000
2024-10-16T13:34:00+00:00,99557.350000
2024-10-16T13:59:00+00:00,99555.130000
2024-10-16T14:14:00+00:00,99072.910000
2024-10-16T14:14:00+00:00,99067.730000
2024-10-16T20:09:00+00:00,99486.050000
2024-10-17T00:34:00+00:00,99474.210000
2024-10-17T01:24:00+00:00,99238.370000
2024-10-17T01:24:00+00:00,99220.610000
2024-10-17T05:34:00+00:00,98206.850000
2024-10-17T14:04:00+00:00,98205.370000
2024-10-17T18:14:00+00:00,98201.670000
2024-10-17T20:09:00+00:00,98178.190000
2024-10-17T20:09:00+00:00,98391.990000
2024-10-18T09:24:00+00:00,98371.270000
2024-10-18T11:29:00+00:00,97356.550000
2024-10-18T13:49:00+00:00,97351.370000
2024-10-18T14:09:00+00:00,97346.930000
2024-10-18T20:09:00+00:00,97880.750000
2024-10-18T20:09:00+00:00,97609.310000
2024-10-21T13:49:00+00:00,97604.130000
2024-10-21T14:44:00+00:00,96653.950000
2024-10-22T12:34:00+00:00,96639.890000
2024-10-22T13:39:00+00:00,95685.330000
2024-10-22T13:54:00+00:00,95681.630000
2024-10-22T14:59:00+00:00,95679.410000
2024-10-22T20:09:00+00:00,96313.210000
2024-10-22T20:09:00+00:00,96513.490000
2024-10-23T02:34:00+00:00,96495.730000
2024-10-23T07:24:00+00:00,95505.970000
2024-10-23T12:39:00+00:00,95491.170000
2024-10-23T14:04:00+00:00,97826.370000
2024-10-23T14:04:00+00:00,97821.930000
2024-10-23T14:59:00+00:00,97817.490000
2024-10-23T17:04:00+00:00,99935.550000
2024-10-23T17:14:00+00:00,102301.110000
2024-10-24T03:14:00+00:00,102278.910000
2024-10-24T03:29:00+00:00,101281.710000
2024-10-24T07:09:00+00:00,101269.870000
2024-10-24T12:34:00+00:00,103738.030000
2024-10-24T13:49:00+00:00,103732.850000
2024-10-24T14:04:00+00:00,102688.170000
2024-10-25T07:14:00+00:00,102677.810000
2024-10-25T08:09:00+00:00,103206.450000
2024-10-25T08:09:00+00:00,103188.690000
2024-10-25T09:14:00+00:00,102138.930000
2024-10-25T13:49:00+00:00,102135.970000
2024-10-25T17:44:00+00:00,101135.010000
2024-10-27T22:09:00+00:00,101126.130000
2024-10-28T01:04:00+00:00,101717.250000
2024-10-28T01:04:00+00:00,101701.710000
2024-10-28T04:54:00+00:00,100667.670000
2024-10-28T05:14:00+00:00,100645.470000
2024-10-28T06:04:00+00:00,102573.270000
2024-10-28T08:24:00+00:00,102561.430000
2024-10-28T10:14:00+00:00,103389.590000
2024-10-28T10:14:00+00:00,103367.390000
2024-10-28T11:04:00+00:00,105182.690000
2024-10-28T13:54:00+00:00,105178.990000
2024-10-28T20:09:00+00:00,105547.790000
2024-10-28T23:54:00+00:00,105535.210000
2024-10-29T00:14:00+00:00,105525.590000
2024-10-29T00:39:00+00:00,104859.470000
2024-10-29T01:29:00+00:00,104260.390000
2024-10-29T01:29:00+00:00,104247.070000
2024-10-29T03:49:00+00:00,103225.750000
2024-10-29T14:04:00+00:00,103222.050000
2024-10-29T20:09:00+00:00,105283.350000
2024-10-29T23:09:00+00:00,105269.290000
2024-10-30T00:19:00+00:00,104219.730000
2024-10-30T14:19:00+00:00,104217.510000
2024-10-30T19:54:00+00:00,103396.290000
2024-10-31T13:49:00+00:00,103394.810000
2024-10-31T20:09:00+00:00,103882.330000
2024-11-01T02:29:00+00:00,103869.750000
2024-11-01T04:54:00+00:00,104367.170000
2024-11-01T04:54:00+00:00,104344.970000
2024-11-01T05:09:00+00:00,103632.770000
2024-11-01T11:54:00+00:00,103610.570000
2024-11-01T12:34:00+00:00,102613.370000
2024-11-01T13:39:00+00:00,102606.710000
2024-11-01T13:59:00+00:00,102603.750000
2024-11-01T14:29:00+00:00,105117.090000
2024-11-01T19:34:00+00:00,105052.130000
2024-11-04T13:04:00+00:00,105046.210000
2024-11-04T14:29:00+00:00,103996.290000
2024-11-04T14:49:00+00:00,103991.850000
2024-11-04T15:19:00+00:00,103989.630000
2024-11-04T17:09:00+00:00,103058.190000
2024-11-04T21:09:00+00:00,102758.970000
2024-11-05T03:39:00+00:00,102736.770000
2024-11-05T06:34:00+00:00,101949.570000
2024-11-05T07:29:00+00:00,101927.370000
2024-11-05T08:44:00+00:00,101005.170000
2024-11-05T14:04:00+00:00,100992.590000
2024-11-05T14:19:00+00:00,99968.510000
2024-11-05T14:49:00+00:00,99965.550000
2024-11-05T16:14:00+00:00,99964.070000
2024-11-05T20:14:00+00:00,99955.930000
2024-11-05T20:49:00+00:00,100550.970000
2024-11-05T20:49:00+00:00,100676.490000
2024-11-05T20:49:00+00:00,100657.350000
2024-11-06T14:54:00+00:00,100654.390000
2024-11-06T15:19:00+00:00,99737.430000
2024-11-07T14:59:00+00:00,99734.470000
2024-11-07T21:09:00+00:00,100775.510000
2024-11-08T04:39:00+00:00,100756.270000
2024-11-08T05:39:00+00:00,99723.030000
2024-11-08T06:14:00+00:00,99702.310000
2024-11-08T10:29:00+00:00,102096.590000
2024-11-08T14:49:00+00:00,102088.450000
2024-11-08T15:09:00+00:00,102081.790000
2024-11-08T15:24:00+00:00,102623.650000
2024-11-08T15:24:00+00:00,102522.490000
2024-11-08T15:29:00+00:00,102512.870000
2024-11-08T21:09:00+00:00,103348.250000
2024-11-11T02:09:00+00:00,103339.370000
2024-11-11T08:29:00+00:00,102298.490000
2024-11-11T13:24:00+00:00,102284.430000
2024-11-11T14:39:00+00:00,104740.370000
2024-11-11T14:49:00+00:00,104736.670000
2024-11-11T15:49:00+00:00,104733.710000
2024-11-11T21:09:00+00:00,104362.510000
2024-11-11T21:09:00+00:00,104217.550000
2024-11-12T07:54:00+00:00,104205.710000
2024-11-12T09:09:00+00:00,103601.870000
2024-11-12T09:09:00+00:00,103584.850000
2024-11-12T09:34:00+00:00,102544.330000
2024-11-12T10:49:00+00:00,102534.710000
2024-11-12T12:59:00+00:00,103500.090000
2024-11-12T12:59:00+00:00,103482.330000
2024-11-12T13:24:00+00:00,102444.570000
2024-11-12T16:09:00+00:00,102438.650000
2024-11-12T16:59:00+00:00,102840.730000
2024-11-12T16:59:00+00:00,102830.370000
2024-11-12T17:54:00+00:00,101840.010000
2024-11-13T06:59:00+00:00,101825.210000
2024-11-13T08:59:00+00:00,104260.410000
2024-11-13T12:44:00+00:00,104251.530000
2024-11-13T13:34:00+00:00,103258.650000
2024-11-13T14:49:00+00:00,103251.990000
2024-11-13T17:09:00+00:00,102264.330000
2024-11-14T10:49:00+00:00,102247.310000
2024-11-14T13:39:00+00:00,104731.540000
2024-11-14T14:49:00+00:00,104722.660000
2024-11-14T15:19:00+00:00,104720.440000
2024-11-14T15:34:00+00:00,104459.560000
2024-11-14T15:34:00+00:00,104119.840000
2024-11-14T15:39:00+00:00,104112.440000
2024-11-14T16:04:00+00:00,103770.040000
2024-11-14T16:04:00+00:00,103765.600000
2024-11-14T21:09:00+00:00,105285.160000
2024-11-15T12:24:00+00:00,105264.440000
2024-11-15T12:54:00+00:00,104207.720000
2024-11-15T15:04:00+00:00,104204.020000
2024-11-15T18:59:00+00:00,106750.320000
2024-11-18T09:09:00+00:00,106734.040000
2024-11-18T13:04:00+00:00,109385.260000
2024-11-18T14:34:00+00:00,109366.020000
2024-11-18T14:39:00+00:00,108254.780000
2024-11-18T14:54:00+00:00,108248.120000
2024-11-18T15:04:00+00:00,107215.460000
2024-11-18T15:09:00+00:00,107208.800000
2024-11-18T16:39:00+00:00,109767.140000
2024-11-18T18:04:00+00:00,109755.300000
2024-11-18T18:44:00+00:00,108671.460000
2024-11-18T19:04:00+00:00,108663.320000
2024-11-18T19:19:00+00:00,107648.680000
2024-11-19T00:39:00+00:00,107629.440000
2024-11-19T01:59:00+00:00,106557.200000
2024-11-19T07:09:00+00:00,106541.660000
2024-11-19T07:29:00+00:00,106452.620000
2024-11-19T07:29:00+00:00,106430.420000
2024-11-19T08:14:00+00:00,105583.220000
2024-11-19T08:19:00+00:00,105570.640000
2024-11-19T08:39:00+00:00,108171.810000
2024-11-19T15:29:00+00:00,108168.110000
2024-11-19T21:09:00+00:00,110006.910000
2024-11-20T14:59:00+00:00,110004.690000
2024-11-20T20:59:00+00:00,109148.970000
2024-11-21T07:34:00+00:00,109141.570000
2024-11-21T07:49:00+00:00,108089.170000
2024-11-21T14:39:00+00:00,108082.510000
2024-11-21T14:49:00+00:00,107081.350000
2024-11-21T15:04:00+00:00,107080.610000
2024-11-21T15:19:00+00:00,106941.370000
2024-11-21T15:19:00+00:00,106936.190000
2024-11-21T15:24:00+00:00,105867.010000
2024-11-22T06:09:00+00:00,105852.210000
2024-11-22T09:09:00+00:00,104817.410000
2024-11-22T15:14:00+00:00,104813.710000
2024-11-22T15:44:00+00:00,104070.010000
2024-11-22T15:44:00+00:00,104065.570000
2024-11-22T16:24:00+00:00,103059.130000
2024-11-22T20:09:00+00:00,103050.990000
2024-11-22T20:59:00+00:00,102058.350000
2024-11-25T03:34:00+00:00,102036.150000
2024-11-25T04:24:00+00:00,101413.950000
2024-11-25T06:09:00+00:00,101391.750000
2024-11-25T07:14:00+00:00,101114.550000
2024-11-25T07:14:00+00:00,101092.350000
2024-11-25T07:34:00+00:00,100395.150000
2024-11-25T12:24:00+00:00,100372.950000
2024-11-25T13:49:00+00:00,102825.750000
2024-11-25T14:34:00+00:00,102813.910000
2024-11-25T14:39:00+00:00,101770.070000
2024-11-25T14:54:00+00:00,101764.150000
2024-11-25T17:59:00+00:00,103014.230000
2024-11-25T17:59:00+00:00,103006.090000
2024-11-25T21:09:00+00:00,103993.450000
2024-11-25T23:09:00+00:00,103989.010000
2024-11-25T23:49:00+00:00,103075.570000
2024-11-26T07:09:00+00:00,103060.030000
2024-11-26T11:49:00+00:00,102046.990000
2024-11-26T14:29:00+00:00,102027.750000
2024-11-26T14:34:00+00:00,101007.510000
2024-11-26T14:49:00+00:00,101003.070000
2024-11-26T15:04:00+00:00,100059.630000
2024-11-27T11:19:00+00:00,100047.790000
2024-11-27T12:54:00+00:00,99075.950000
2024-11-27T14:19:00+00:00,99066.330000
2024-11-27T14:34:00+00:00,98114.210000
2024-11-27T14:54:00+00:00,98110.510000
2024-11-27T21:09:00+00:00,98414.310000
2024-11-28T15:19:00+00:00,98396.550000
2024-11-28T23:04:00+00:00,97382.790000
2024-11-29T00:14:00+00:00,97372.430000
2024-11-29T02:59:00+00:00,96417.070000
2024-11-29T14:09:00+00:00,96407.450000
2024-11-29T14:34:00+00:00,95455.330000
2024-11-29T14:34:00+00:00,95444.970000
2024-11-29T14:39:00+00:00,94531.610000
2024-11-29T14:54:00+00:00,94527.910000
2024-12-02T04:09:00+00:00,94509.410000
2024-12-02T12:09:00+00:00,96084.660000
2024-12-02T14:39:00+00:00,98355.960000
2024-12-02T14:49:00+00:00,98353.000000
2024-12-02T21:09:00+00:00,99008.040000
2024-12-03T07:19:00+00:00,98985.840000
2024-12-03T08:14:00+00:00,98363.640000
2024-12-03T08:19:00+00:00,98349.580000
2024-12-03T12:29:00+00:00,98839.020000
2024-12-03T12:29:00+00:00,98820.520000
2024-12-03T13:59:00+00:00,98277.020000
2024-12-03T13:59:00+00:00,98255.560000
2024-12-03T14:19:00+00:00,100626.600000
2024-12-03T15:04:00+00:00,100622.160000
2024-12-03T21:09:00+00:00,101694.720000
2024-12-04T03:44:00+00:00,101672.520000
2024-12-04T08:54:00+00:00,103975.320000
2024-12-04T15:09:00+00:00,103967.920000
2024-12-04T18:59:00+00:00,103958.300000
2024-12-04T21:09:00+00:00,105685.900000
2024-12-04T21:09:00+00:00,107034.780000
2024-12-04T23:44:00+00:00,107024.420000
2024-12-05T03:14:00+00:00,107021.060000
2024-12-05T03:14:00+00:00,107004.040000
2024-12-05T05:34:00+00:00,106941.020000
2024-12-05T05:34:00+00:00,106918.820000
2024-12-05T06:04:00+00:00,106821.620000
2024-12-05T06:04:00+00:00,106799.420000
2024-12-05T06:54:00+00:00,106027.220000
2024-12-05T08:19:00+00:00,106007.980000
2024-12-05T14:49:00+00:00,106807.740000
2024-12-05T14:49:00+00:00,106795.900000
2024-12-05T17:14:00+00:00,105720.060000
2024-12-06T07:29:00+00:00,105697.860000
2024-12-06T08:19:00+00:00,105150.660000
2024-12-06T14:49:00+00:00,105147.700000
2024-12-06T21:09:00+00:00,105564.740000
2024-12-09T07:29:00+00:00,105544.760000
2024-12-09T09:09:00+00:00,105578.780000
2024-12-09T09:09:00+00:00,105558.060000
2024-12-09T10:19:00+00:00,108162.340000
2024-12-09T11:39:00+00:00,108157.160000
2024-12-09T14:49:00+00:00,107490.480000
2024-12-09T14:49:00+00:00,107484.560000
2024-12-09T14:54:00+00:00,107478.640000
2024-12-09T15:29:00+00:00,106472.720000
2024-12-09T15:29:00+00:00,105446.800000
2024-12-10T14:59:00+00:00,105439.400000
2024-12-10T15:04:00+00:00,104807.000000
2024-12-10T15:04:00+00:00,104801.820000
2024-12-10T15:59:00+00:00,103785.140000
2024-12-10T17:29:00+00:00,103774.040000
2024-12-10T19:04:00+00:00,102720.440000
2024-12-11T04:59:00+00:00,102698.240000
2024-12-11T07:14:00+00:00,103066.040000
2024-12-11T07:14:00+00:00,103043.840000
2024-12-11T07:39:00+00:00,104709.140000
2024-12-11T14:49:00+00:00,104705.440000
2024-12-11T21:09:00+00:00,105581.740000
2024-12-12T03:44:00+00:00,105559.540000
2024-12-12T04:44:00+00:00,105042.340000
2024-12-12T08:09:00+00:00,105020.140000
2024-12-12T08:39:00+00:00,104142.940000
2024-12-12T15:09:00+00:00,104134.800000
2024-12-12T15:24:00+00:00,103098.160000
2024-12-12T19:39:00+00:00,103082.620000
2024-12-12T20:14:00+00:00,102059.080000
2024-12-13T07:09:00+00:00,102036.880000
2024-12-13T08:19:00+00:00,101234.680000
2024-12-13T09:39:00+00:00,101212.480000
2024-12-13T09:44:00+00:00,100380.280000
2024-12-13T12:09:00+00:00,100371.400000
2024-12-13T14:49:00+00:00,102777.520000
2024-12-13T15:44:00+00:00,102775.300000
2024-12-13T16:24:00+00:00,102878.080000
2024-12-13T16:24:00+00:00,102871.420000
2024-12-13T20:49:00+00:00,104354.260000
2024-12-16T05:59:00+00:00,104332.060000
2024-12-16T09:14:00+00:00,106259.860000
2024-12-16T13:19:00+00:00,106250.980000
2024-12-16T14:54:00+00:00,106245.800000
2024-12-16T15:34:00+00:00,108696.920000
2024-12-16T20:09:00+00:00,111176.740000
2024-12-16T23:14:00+00:00,111169.340000
2024-12-17T01:14:00+00:00,111106.940000
2024-12-17T01:14:00+00:00,111084.740000
2024-12-17T03:54:00+00:00,112322.540000
2024-12-17T03:54:00+00:00,112300.340000
2024-12-17T06:29:00+00:00,113628.140000
2024-12-17T11:24:00+00:00,113622.960000
2024-12-17T13:04:00+00:00,112578.280000
2024-12-17T14:49:00+00:00,112570.880000
2024-12-17T15:04:00+00:00,111473.480000
2024-12-17T15:04:00+00:00,111469.040000
2024-12-17T16:34:00+00:00,110447.600000
2024-12-17T16:59:00+00:00,110435.760000
2024-12-17T21:09:00+00:00,111687.920000
2024-12-18T12:34:00+00:00,111665.720000
2024-12-18T13:44:00+00:00,113668.520000
2024-12-18T15:14:00+00:00,113664.820000
2024-12-18T16:34:00+00:00,113660.380000
2024-12-18T19:04:00+00:00,112661.680000
2024-12-18T19:04:00+00:00,111628.240000
2024-12-19T10:44:00+00:00,111614.920000
2024-12-19T12:09:00+00:00,110494.600000
2024-12-19T14:54:00+00:00,110491.640000
2024-12-19T18:04:00+00:00,111410.680000
2024-12-19T18:04:00+00:00,111405.500000
2024-12-19T20:39:00+00:00,111844.820000
2024-12-20T14:44:00+00:00,111843.340000
2024-12-20T15:14:00+00:00,111841.120000
2024-12-20T16:39:00+00:00,114193.900000
2024-12-20T21:09:00+00:00,115337.420000
2024-12-23T14:49:00+00:00,115333.720000
2024-12-23T16:44:00+00:00,114350.020000
2024-12-23T20:19:00+00:00,114340.400000
2024-12-23T21:09:00+00:00,116059.780000
2024-12-24T03:14:00+00:00,116037.580000
2024-12-24T06:39:00+00:00,115190.380000
2024-12-24T06:59:00+00:00,115168.180000
2024-12-24T07:04:00+00:00,114515.980000
2024-12-24T08:14:00+00:00,114504.140000
2024-12-24T08:54:00+00:00,114493.780000
2024-12-24T09:09:00+00:00,113329.940000
2024-12-24T09:14:00+00:00,112241.580000
2024-12-24T14:54:00+00:00,112236.400000
2024-12-24T15:59:00+00:00,113365.220000
2024-12-24T15:59:00+00:00,113347.460000
2024-12-24T16:19:00+00:00,112213.700000
2024-12-26T08:09:00+00:00,112197.420000
2024-12-26T08:34:00+00:00,114903.640000
2024-12-26T10:24:00+00:00,114891.060000
2024-12-26T14:39:00+00:00,117640.980000
2024-12-26T14:49:00+00:00,117633.580000
2024-12-26T14:54:00+00:00,117624.700000
2024-12-26T14:59:00+00:00,116433.820000
2024-12-26T15:39:00+00:00,115331.420000
2024-12-27T15:04:00+00:00,115329.940000
2024-12-27T16:59:00+00:00,115329.200000
2024-12-27T21:09:00+00:00,114851.720000
2024-12-27T21:09:00+00:00,114503.480000
2024-12-30T14:59:00+00:00,114500.520000
2024-12-30T16:24:00+00:00,113471.560000
2024-12-31T13:19:00+00:00,113456.760000
2024-12-31T13:54:00+00:00,113361.960000
2024-12-31T13:54:00+00:00,113353.820000
2024-12-31T14:34:00+00:00,113347.900000
2024-12-31T14:54:00+00:00,114681.760000
2024-12-31T14:54:00+00:00,115471.840000
2024-12-31T14:59:00+00:00,115465.920000
2024-12-31T15:09:00+00:00,114364.000000
2024-12-31T15:09:00+00:00,114361.040000
2024-12-31T19:14:00+00:00,115008.080000
2024-12-31T19:14:00+00:00,114999.200000
2024-12-31T19:24:00+00:00,113910.320000
2024-12-31T19:24:00+00:00,113907.360000
2024-12-31T20:19:00+00:00,113904.400000
2024-12-31T21:09:00+00:00,113615.440000
2024-12-31T21:09:00+00:00,113654.480000
2025-01-02T00:49:00+00:00,113650.040000
2025-01-02T11:49:00+00:00,116143.100000
2025-01-02T14:54:00+00:00,116139.400000
2025-01-02T15:24:00+00:00,115115.700000
2025-01-02T20:04:00+00:00,115106.820000
2025-01-02T20:14:00+00:00,114011.940000
2025-01-03T07:24:00+00:00,113994.920000
2025-01-03T14:24:00+00:00,116766.650000
2025-01-03T16:34:00+00:00,116764.430000
2025-01-03T21:09:00+00:00,117032.210000
2025-01-06T08:24:00+00:00,117010.010000
2025-01-06T08:39:00+00:00,115877.810000
2025-01-06T14:24:00+00:00,115870.410000
2025-01-06T14:34:00+00:00,114723.010000
2025-01-06T14:34:00+00:00,114718.570000
2025-01-06T14:49:00+00:00,114714.870000
2025-01-06T18:49:00+00:00,113646.170000
2025-01-06T19:04:00+00:00,112537.730000
2025-01-07T02:49:00+00:00,112521.450000
2025-01-07T05:24:00+00:00,115310.170000
2025-01-07T08:19:00+00:00,115292.410000
2025-01-07T08:39:00+00:00,114146.650000
2025-01-07T10:19:00+00:00,114138.510000
2025-01-07T14:39:00+00:00,113024.870000
2025-01-07T14:39:00+00:00,113011.550000
2025-01-07T14:44:00+00:00,111909.230000
2025-01-07T15:04:00+00:00,111907.750000
2025-01-07T21:09:00+00:00,112785.270000
2025-01-08T12:44:00+00:00,112774.170000
2025-01-08T13:29:00+00:00,115575.570000
2025-01-08T15:04:00+00:00,115571.870000
2025-01-08T15:14:00+00:00,114585.670000
2025-01-08T15:19:00+00:00,114583.450000
2025-01-08T21:09:00+00:00,114150.730000
2025-01-09T06:34:00+00:00,114138.150000
2025-01-09T07:19:00+00:00,112978.070000
2025-01-10T07:19:00+00:00,112964.750000
2025-01-10T09:14:00+00:00,111835.430000
2025-01-10T14:49:00+00:00,111833.210000
2025-01-10T21:09:00+00:00,111989.990000
2025-01-12T23:54:00+00:00,111981.850000
2025-01-13T03:24:00+00:00,114668.710000
2025-01-13T12:24:00+00:00,114661.310000
2025-01-13T14:39:00+00:00,113513.910000
2025-01-13T14:54:00+00:00,113510.210000
2025-01-13T14:59:00+00:00,113506.510000
2025-01-13T15:59:00+00:00,113392.810000
2025-01-13T15:59:00+00:00,113349.110000
2025-01-13T16:04:00+00:00,113340.970000
2025-01-13T17:19:00+00:00,112260.330000
2025-01-14T01:09:00+00:00,112251.450000
2025-01-14T08:19:00+00:00,111150.570000
2025-01-14T10:39:00+00:00,111140.210000
2025-01-14T11:34:00+00:00,110037.850000
2025-01-14T13:39:00+00:00,110023.050000
2025-01-14T13:44:00+00:00,108918.250000
2025-01-14T14:54:00+00:00,108915.290000
2025-01-14T15:14:00+00:00,108318.330000
2025-01-14T15:14:00+00:00,108314.630000
2025-01-14T15:39:00+00:00,107335.930000
2025-01-14T15:49:00+00:00,107330.750000
2025-01-14T16:04:00+00:00,106356.070000
2025-01-15T08:34:00+00:00,106345.710000
2025-01-15T13:34:00+00:00,108942.850000
2025-01-15T13:39:00+00:00,108937.670000
2025-01-15T14:39:00+00:00,107927.990000
2025-01-15T14:49:00+00:00,107925.770000
2025-01-15T21:09:00+00:00,108087.050000
2025-01-16T12:09:00+00:00,108068.550000
2025-01-16T13:04:00+00:00,110737.550000
2025-01-16T14:39:00+00:00,110716.830000
2025-01-16T14:44:00+00:00,109590.110000
2025-01-16T14:49:00+00:00,109587.150000
2025-01-16T21:09:00+00:00,110806.190000
2025-01-17T07:54:00+00:00,110785.470000
2025-01-17T09:04:00+00:00,113494.750000
2025-01-17T18:14:00+00:00,113492.530000
2025-01-17T21:09:00+00:00,113122.810000
2025-01-20T01:24:00+00:00,113116.890000
2025-01-20T07:49:00+00:00,112098.970000
2025-01-20T12:39:00+00:00,112079.730000
2025-01-20T13:04:00+00:00,110942.490000
2025-01-20T13:39:00+00:00,110937.310000
2025-01-20T15:19:00+00:00,112069.630000
2025-01-20T15:19:00+00:00,112063.710000
2025-01-21T00:24:00+00:00,112047.430000
2025-01-21T00:44:00+00:00,113571.150000
2025-01-21T00:54:00+00:00,116245.230000
2025-01-21T14:54:00+00:00,116242.270000
2025-01-21T17:44:00+00:00,115159.310000
2025-01-22T07:14:00+00:00,115137.110000
2025-01-22T08:44:00+00:00,116839.910000
2025-01-22T14:49:00+00:00,116835.470000
2025-01-22T19:54:00+00:00,116817.710000
2025-01-22T20:39:00+00:00,115623.950000
2025-01-22T21:09:00+00:00,115655.510000
2025-01-23T09:29:00+00:00,115639.970000
2025-01-23T12:34:00+00:00,115633.310000
2025-01-23T14:34:00+00:00,115158.650000
2025-01-23T15:34:00+00:00,115151.990000
2025-01-23T15:49:00+00:00,117945.200000
2025-01-23T21:09:00+00:00,119711.540000
2025-01-24T03:29:00+00:00,119698.960000
2025-01-24T06:14:00+00:00,119507.880000
2025-01-24T06:14:00+00:00,119490.860000
2025-01-24T07:14:00+00:00,118312.340000
2025-01-24T14:49:00+00:00,118305.680000
2025-01-24T15:19:00+00:00,117147.020000
2025-01-24T20:04:00+00:00,117143.320000
2025-01-24T21:09:00+00:00,116927.120000
2025-01-26T23:09:00+00:00,116916.760000
2025-01-27T00:54:00+00:00,119776.400000
2025-01-27T14:49:00+00:00,119774.180000
2025-01-27T16:04:00+00:00,119734.460000
2025-01-27T16:04:00+00:00,119730.760000
2025-01-27T19:54:00+00:00,119727.800000
2025-01-27T20:59:00+00:00,118642.840000
2025-01-27T21:09:00+00:00,118601.640000
2025-01-28T13:39:00+00:00,118597.200000
2025-01-28T14:59:00+00:00,118862.760000
2025-01-28T14:59:00+00:00,118857.580000
2025-01-28T15:04:00+00:00,118855.360000
2025-01-28T17:04:00+00:00,121807.680000
2025-01-28T21:09:00+00:00,123062.460000
2025-01-28T23:24:00+00:00,123049.880000
2025-01-29T06:04:00+00:00,125948.550000
2025-01-29T14:39:00+00:00,125944.110000
2025-01-29T15:44:00+00:00,125941.150000
2025-01-29T21:09:00+00:00,126890.710000
2025-01-29T21:09:00+00:00,126961.750000
2025-01-30T10:39:00+00:00,126943.250000
2025-01-30T12:19:00+00:00,125649.750000
2025-01-30T12:44:00+00:00,125639.390000
2025-01-30T14:49:00+00:00,128604.030000
2025-01-30T14:49:00+00:00,128601.070000
2025-01-30T14:54:00+00:00,128597.370000
2025-01-30T15:04:00+00:00,127480.410000
2025-01-30T15:04:00+00:00,126221.710000
2025-01-31T08:24:00+00:00,126213.570000
2025-01-31T09:09:00+00:00,126199.510000
2025-01-31T14:19:00+00:00,125282.950000
2025-01-31T14:54:00+00:00,125278.510000
2025-01-31T15:34:00+00:00,128309.120000
2025-01-31T18:34:00+00:00,127194.680000
2025-02-03T15:04:00+00:00,127191.720000
2025-02-03T15:24:00+00:00,126022.760000
2025-02-03T15:29:00+00:00,126013.140000
2025-02-03T16:24:00+00:00,129009.770000
2025-02-04T14:54:00+00:00,129006.810000
2025-02-04T21:09:00+00:00,129627.850000
2025-02-05T01:39:00+00:00,129615.270000
2025-02-05T03:04:00+00:00,129607.130000
2025-02-05T07:09:00+00:00,132718.300000
2025-02-05T07:49:00+00:00,133887.160000
2025-02-05T07:49:00+00:00,133866.440000
2025-02-05T08:39:00+00:00,132529.720000
2025-02-05T08:44:00+00:00,132516.400000
2025-02-05T09:04:00+00:00,131225.080000
2025-02-05T12:24:00+00:00,131217.680000
2025-02-05T15:04:00+00:00,131680.280000
2025-02-05T15:04:00+00:00,131673.620000
2025-02-05T15:39:00+00:00,130366.460000
2025-02-05T16:34:00+00:00,130362.020000
2025-02-05T21:09:00+00:00,131929.580000
2025-02-06T07:24:00+00:00,131908.860000
2025-02-06T09:29:00+00:00,131907.380000
2025-02-06T11:04:00+00:00,135141.660000
2025-02-06T11:04:00+00:00,135330.180000
2025-02-06T13:49:00+00:00,135315.380000
2025-02-06T14:49:00+00:00,133980.580000
2025-02-06T14:49:00+00:00,133971.700000
2025-02-06T15:29:00+00:00,133950.820000
2025-02-06T15:29:00+00:00,133934.540000
2025-02-06T15:39:00+00:00,132576.260000
2025-02-07T11:49:00+00:00,132562.200000
2025-02-07T13:34:00+00:00,131218.140000
2025-02-07T15:04:00+00:00,131215.920000
2025-02-07T15:59:00+00:00,131214.440000
2025-02-07T21:09:00+00:00,132187.220000
2025-02-07T21:09:00+00:00,132712.740000
2025-02-10T08:39:00+00:00,132690.540000
2025-02-10T10:04:00+00:00,131738.340000
2025-02-10T15:04:00+00:00,131731.680000
2025-02-10T21:09:00+00:00,131972.520000
2025-02-11T12:09:00+00:00,131955.500000
2025-02-11T13:59:00+00:00,135215.980000
2025-02-11T15:14:00+00:00,135211.540000
2025-02-11T21:09:00+00:00,135042.100000
2025-02-11T23:34:00+00:00,135025.820000
2025-02-12T04:04:00+00:00,133689.540000
2025-02-12T11:14:00+00:00,133674.000000
2025-02-12T12:44:00+00:00,132335.460000
2025-02-12T13:39:00+00:00,132327.320000
2025-02-12T14:39:00+00:00,131059.680000
2025-02-12T14:49:00+00:00,131056.720000
2025-02-12T21:09:00+00:00,132315.760000
2025-02-13T06:54:00+00:00,132298.740000
2025-02-13T08:19:00+00:00,135501.720000
2025-02-13T09:24:00+00:00,135493.580000
2025-02-13T14:39:00+00:00,135489.880000
2025-02-13T15:04:00+00:00,138589.240000
2025-02-13T15:19:00+00:00,138585.540000
2025-02-13T21:09:00+00:00,140921.840000
2025-02-13T21:09:00+00:00,142078.140000
2025-02-14T02:44:00+00:00,142070.740000
2025-02-14T11:24:00+00:00,140708.340000
2025-02-14T12:04:00+00:00,140686.140000
2025-02-14T13:34:00+00:00,143251.440000
2025-02-14T15:09:00+00:00,143241.820000
2025-02-14T15:24:00+00:00,143297.200000
2025-02-14T15:24:00+00:00,143280.180000
2025-02-14T16:24:00+00:00,143275.000000
2025-02-14T17:54:00+00:00,143016.480000
2025-02-14T17:54:00+00:00,142580.800000
2025-02-14T17:59:00+00:00,142567.480000
2025-02-14T21:09:00+00:00,144498.160000
2025-02-17T05:39:00+00:00,144475.960000
2025-02-17T07:44:00+00:00,146178.760000
2025-02-17T16:04:00+00:00,146169.140000
2025-02-18T08:14:00+00:00,147160.520000
2025-02-18T08:14:00+00:00,147144.980000
2025-02-18T12:14:00+00:00,147087.440000
2025-02-18T12:14:00+00:00,147065.240000
2025-02-18T14:29:00+00:00,145768.040000
2025-02-18T14:34:00+00:00,145754.720000
2025-02-18T14:49:00+00:00,145748.800000
2025-02-18T15:04:00+00:00,149335.480000
2025-02-18T17:04:00+00:00,149328.820000
2025-02-18T19:29:00+00:00,149818.900000
2025-02-18T19:29:00+00:00,150460.240000
2025-02-18T19:34:00+00:00,150450.620000
2025-02-18T21:09:00+00:00,152111.500000
2025-02-19T04:09:00+00:00,152089.300000
2025-02-19T07:04:00+00:00,153679.600000
2025-02-19T12:09:00+00:00,153659.620000
2025-02-19T13:04:00+00:00,152141.140000
2025-02-19T13:04:00+00:00,152118.940000
2025-02-19T13:24:00+00:00,154384.240000
2025-02-19T14:49:00+00:00,154374.620000
2025-02-19T16:14:00+00:00,152902.500000
2025-02-19T18:14:00+00:00,152886.220000
2025-02-19T18:24:00+00:00,151384.940000
2025-02-20T14:39:00+00:00,151366.440000
2025-02-20T14:49:00+00:00,151362.740000
2025-02-20T14:54:00+00:00,155000.490000
2025-02-20T21:09:00+00:00,154966.790000
2025-02-21T14:59:00+00:00,154960.870000
2025-02-21T17:59:00+00:00,158774.950000
2025-02-23T23:14:00+00:00,158769.030000
2025-02-24T02:19:00+00:00,158752.750000
2025-02-24T03:19:00+00:00,159246.830000
2025-02-24T03:19:00+00:00,159131.550000
2025-02-24T03:24:00+00:00,159109.350000
2025-02-24T04:04:00+00:00,158187.150000
2025-02-24T05:29:00+00:00,158164.950000
2025-02-24T05:54:00+00:00,158247.750000
2025-02-24T05:54:00+00:00,158225.550000
2025-02-24T07:24:00+00:00,160190.850000
2025-02-24T12:49:00+00:00,160173.830000
2025-02-24T13:24:00+00:00,158569.810000
2025-02-24T14:54:00+00:00,158566.850000
2025-02-24T21:09:00+00:00,160027.890000
2025-02-25T04:24:00+00:00,160010.870000
2025-02-25T07:04:00+00:00,158418.350000
2025-02-25T08:09:00+00:00,158403.550000
2025-02-25T08:54:00+00:00,156868.750000
2025-02-25T10:09:00+00:00,156851.730000
2025-02-25T10:54:00+00:00,155305.210000
2025-02-25T11:09:00+00:00,155287.450000
2025-02-25T12:29:00+00:00,159109.690000
2025-02-25T13:04:00+00:00,159105.250000
2025-02-25T14:49:00+00:00,157507.810000
2025-02-25T14:49:00+00:00,157502.630000
2025-02-25T16:34:00+00:00,161356.200000
2025-02-25T16:54:00+00:00,161351.020000
2025-02-25T21:09:00+00:00,162322.340000
2025-02-26T02:24:00+00:00,162301.620000
2025-02-26T07:29:00+00:00,166200.900000
2025-02-26T13:54:00+00:00,166183.140000
2025-02-26T14:34:00+00:00,170155.380000
2025-02-26T14:49:00+00:00,170148.720000
2025-02-26T15:34:00+00:00,170763.060000
2025-02-26T15:34:00+00:00,170753.440000
2025-02-26T16:04:00+00:00,169086.320000
2025-02-27T01:19:00+00:00,169064.120000
2025-02-27T05:44:00+00:00,173091.920000
2025-02-27T14:49:00+00:00,173086.740000
2025-02-27T14:54:00+00:00,173085.260000
2025-02-27T19:34:00+00:00,177323.830000
2025-02-27T21:09:00+00:00,179180.350000
2025-02-28T01:34:00+00:00,179165.550000
2025-02-28T01:44:00+00:00,177370.750000
2025-02-28T15:14:00+00:00,177368.530000
2025-02-28T17:29:00+00:00,177394.810000
2025-02-28T17:29:00+00:00,177387.410000
2025-02-28T18:19:00+00:00,181642.510000
2025-02-28T18:34:00+00:00,181629.190000
2025-02-28T18:59:00+00:00,179797.870000
2025-03-03T07:09:00+00:00,179778.630000
2025-03-03T08:29:00+00:00,184146.890000
2025-03-03T14:44:00+00:00,184141.710000
2025-03-03T14:49:00+00:00,184138.010000
2025-03-03T16:54:00+00:00,184808.330000
2025-03-03T16:54:00+00:00,184989.630000
2025-03-03T16:59:00+00:00,184983.710000
2025-03-03T18:09:00+00:00,183165.790000
2025-03-03T19:59:00+00:00,183164.310000
2025-03-03T21:09:00+00:00,183585.830000
2025-03-04T04:44:00+00:00,183563.630000
2025-03-04T05:04:00+00:00,182266.430000
2025-03-04T12:09:00+00:00,182260.510000
2025-03-04T14:59:00+00:00,182257.550000
2025-03-04T15:14:00+00:00,186541.630000
2025-03-04T17:29:00+00:00,184952.670000
2025-03-05T15:09:00+00:00,184948.230000
2025-03-05T15:24:00+00:00,183233.790000
2025-03-05T18:14:00+00:00,183226.390000
2025-03-05T19:04:00+00:00,181403.990000
2025-03-06T15:04:00+00:00,181399.550000
2025-03-06T17:04:00+00:00,179823.110000
2025-03-06T18:34:00+00:00,179821.630000
2025-03-06T20:04:00+00:00,179817.190000
2025-03-06T21:09:00+00:00,179834.710000
2025-03-06T21:09:00+00:00,179425.270000
2025-03-07T07:09:00+00:00,179403.070000
2025-03-07T07:39:00+00:00,177715.870000
2025-03-07T07:54:00+00:00,177702.550000
2025-03-07T11:49:00+00:00,178292.230000
2025-03-07T11:49:00+00:00,178277.430000
2025-03-07T13:34:00+00:00,176512.630000
2025-03-07T14:49:00+00:00,176508.930000
2025-03-07T15:34:00+00:00,174792.730000
2025-03-10T06:09:00+00:00,174770.530000
2025-03-10T08:04:00+00:00,173143.330000
2025-03-10T13:54:00+00:00,173138.890000
2025-03-10T16:44:00+00:00,173135.930000
2025-03-10T18:09:00+00:00,177286.490000
2025-03-10T20:09:00+00:00,177823.530000
2025-03-11T08:04:00+00:00,177813.170000
2025-03-11T12:14:00+00:00,177361.810000
2025-03-11T12:14:00+00:00,177349.230000
2025-03-11T12:24:00+00:00,175628.150000
2025-03-11T13:44:00+00:00,175622.970000
2025-03-11T13:49:00+00:00,175620.010000
2025-03-11T14:04:00+00:00,174015.330000
2025-03-11T14:04:00+00:00,172396.370000
2025-03-12T03:44:00+00:00,172374.170000
2025-03-12T06:09:00+00:00,173041.970000
2025-03-12T06:09:00+00:00,173019.770000
2025-03-12T06:49:00+00:00,174722.570000
2025-03-12T13:54:00+00:00,174718.130000
2025-03-12T20:09:00+00:00,175508.690000
2025-03-13T07:44:00+00:00,175490.930000
2025-03-13T07:49:00+00:00,173709.170000
2025-03-13T08:09:00+00:00,173695.110000
2025-03-13T08:19:00+00:00,171999.550000
2025-03-13T13:54:00+00:00,171996.590000
2025-03-13T20:09:00+00:00,172825.630000
2025-03-14T02:04:00+00:00,172805.650000
2025-03-14T02:54:00+00:00,171098.170000
2025-03-14T07:49:00+00:00,171075.970000
2025-03-14T08:04:00+00:00,169688.770000
2025-03-14T13:39:00+00:00,169679.890000
2025-03-14T13:54:00+00:00,169676.190000
2025-03-14T14:04:00+00:00,167981.310000
2025-03-14T14:04:00+00:00,166400.110000
2025-03-14T18:39:00+00:00,166387.530000
2025-03-14T20:09:00+00:00,165592.950000
2025-03-17T06:24:00+00:00,165572.230000
2025-03-17T07:59:00+00:00,163913.510000
2025-03-17T13:39:00+00:00,163903.150000
2025-03-17T13:49:00+00:00,162282.790000
2025-03-17T13:54:00+00:00,162276.870000
2025-03-17T15:04:00+00:00,162273.910000
2025-03-17T18:04:00+00:00,160828.950000
2025-03-17T18:19:00+00:00,159367.030000
2025-03-18T11:34:00+00:00,159360.370000
2025-03-18T13:44:00+00:00,162976.210000
2025-03-18T13:54:00+00:00,162973.250000
2025-03-18T20:09:00+00:00,162776.290000
2025-03-18T22:49:00+00:00,162759.270000
2025-03-19T00:54:00+00:00,166652.250000
2025-03-19T13:54:00+00:00,166647.810000
2025-03-19T19:14:00+00:00,170295.870000
2025-03-20T04:44:00+00:00,170273.670000
2025-03-20T05:54:00+00:00,169441.470000
2025-03-20T13:39:00+00:00,169433.330000
2025-03-20T13:49:00+00:00,169429.630000
2025-03-20T14:29:00+00:00,173505.240000
2025-03-20T19:34:00+00:00,172944.040000
2025-03-21T05:59:00+00:00,172921.840000
2025-03-21T07:39:00+00:00,171744.640000
2025-03-21T12:09:00+00:00,171729.100000
2025-03-21T12:39:00+00:00,170012.560000
2025-03-21T13:54:00+00:00,170007.380000
2025-03-21T20:09:00+00:00,173131.200000
2025-03-24T09:54:00+00:00,173115.660000
2025-03-24T13:49:00+00:00,177273.870000
2025-03-24T13:49:00+00:00,177266.470000
2025-03-24T16:34:00+00:00,177819.070000
2025-03-24T16:34:00+00:00,177802.790000
2025-03-24T19:09:00+00:00,176070.510000
2025-03-25T14:24:00+00:00,176060.150000
2025-03-25T20:09:00+00:00,178093.790000
2025-03-26T00:09:00+00:00,178071.590000
2025-03-26T00:34:00+00:00,177224.390000
2025-03-26T13:24:00+00:00,177202.190000
2025-03-26T13:54:00+00:00,181567.490000
2025-03-27T05:54:00+00:00,181545.290000
2025-03-27T06:14:00+00:00,181133.090000
2025-03-27T06:14:00+00:00,181110.890000
2025-03-27T06:49:00+00:00,180173.690000
2025-03-27T08:24:00+00:00,180157.410000
2025-03-27T11:29:00+00:00,178370.130000
2025-03-27T13:59:00+00:00,178365.690000
2025-03-27T19:04:00+00:00,178172.250000
2025-03-27T19:04:00+00:00,178158.190000
2025-03-27T19:19:00+00:00,176443.630000
2025-03-28T06:09:00+00:00,176421.430000
2025-03-28T06:39:00+00:00,176024.230000
2025-03-28T06:39:00+00:00,176002.030000
2025-03-28T06:54:00+00:00,178754.830000
2025-03-28T13:14:00+00:00,178732.630000
2025-03-28T13:29:00+00:00,176940.430000
2025-03-28T14:04:00+00:00,176934.510000
2025-03-28T14:59:00+00:00,181008.590000
2025-03-31T07:39:00+00:00,180990.830000
2025-03-31T11:29:00+00:00,185383.070000
2025-03-31T15:24:00+00:00,185380.110000
2025-03-31T17:04:00+00:00,185631.150000
2025-03-31T17:04:00+00:00,185618.570000
2025-03-31T17:14:00+00:00,183752.990000
2025-03-31T17:24:00+00:00,183741.890000
2025-03-31T18:09:00+00:00,181953.290000
2025-04-01T01:39:00+00:00,181946.630000
2025-04-01T05:09:00+00:00,180738.470000
2025-04-01T05:09:00+00:00,180721.450000
2025-04-01T07:09:00+00:00,185218.180000
2025-04-01T10:54:00+00:00,185208.560000
2025-04-01T11:34:00+00:00,183411.440000
2025-04-01T13:49:00+00:00,183405.520000
2025-04-01T14:09:00+00:00,181711.600000
2025-04-02T02:34:00+00:00,181689.400000
2025-04-02T03:49:00+00:00,180017.200000
2025-04-02T06:24:00+00:00,179995.740000
2025-04-02T07:09:00+00:00,178161.780000
2025-04-02T13:39:00+00:00,178142.540000
2025-04-02T13:49:00+00:00,178140.320000
2025-04-02T14:04:00+00:00,182443.580000
2025-04-02T20:09:00+00:00,183485.360000
2025-04-03T04:34:00+00:00,183471.300000
2025-04-03T05:24:00+00:00,183463.160000
2025-04-03T08:19:00+00:00,182399.020000
2025-04-03T09:14:00+00:00,182390.880000
2025-04-03T09:59:00+00:00,184170.240000
2025-04-03T10:09:00+00:00,188692.430000
2025-04-03T10:54:00+00:00,188689.470000
2025-04-03T14:09:00+00:00,188685.770000
2025-04-03T20:09:00+00:00,190976.810000
2025-04-03T20:09:00+00:00,193015.610000
2025-04-04T08:39:00+00:00,193002.290000
2025-04-04T10:09:00+00:00,197758.970000
2025-04-04T10:14:00+00:00,197753.050000
2025-04-04T10:29:00+00:00,202327.130000
2025-04-04T11:44:00+00:00,202323.430000
2025-04-04T14:14:00+00:00,203062.230000
2025-04-04T14:14:00+00:00,203059.270000
2025-04-04T15:09:00+00:00,203306.310000
2025-04-04T15:09:00+00:00,203304.090000
2025-04-04T16:39:00+00:00,201741.870000
2025-04-04T18:14:00+00:00,201737.430000
2025-04-04T18:54:00+00:00,202914.990000
2025-04-04T18:54:00+00:00,202906.110000
2025-04-04T19:04:00+00:00,200995.230000
2025-04-07T12:34:00+00:00,200991.530000
2025-04-07T13:29:00+00:00,198980.330000
2025-04-07T13:54:00+00:00,198978.850000
2025-04-07T13:59:00+00:00,198976.630000
2025-04-07T14:14:00+00:00,203924.410000
2025-04-07T14:19:00+00:00,208387.930000
2025-04-08T05:44:00+00:00,208377.570000
2025-04-08T08:19:00+00:00,210054.210000
2025-04-08T08:19:00+00:00,210046.070000
2025-04-08T11:39:00+00:00,208035.930000
2025-04-08T11:39:00+00:00,208031.490000
2025-04-08T13:54:00+00:00,208027.050000
2025-04-08T14:24:00+00:00,213025.110000
2025-04-08T15:14:00+00:00,211160.670000
2025-04-09T04:54:00+00:00,211155.490000
2025-04-09T05:39:00+00:00,209270.810000
2025-04-09T11:09:00+00:00,209267.110000
2025-04-09T12:59:00+00:00,207320.910000
2025-04-09T17:04:00+00:00,207319.430000
2025-04-09T18:04:00+00:00,212230.450000
2025-04-10T07:54:00+00:00,212222.310000
2025-04-10T08:24:00+00:00,210129.670000
2025-04-10T13:59:00+00:00,210125.970000
2025-04-10T16:19:00+00:00,215366.020000
2025-04-11T02:09:00+00:00,215359.360000
2025-04-11T02:29:00+00:00,213278.200000
2025-04-11T05:19:00+00:00,213273.760000
2025-04-11T08:39:00+00:00,211376.320000
2025-04-11T13:49:00+00:00,211373.360000
2025-04-11T14:24:00+00:00,209596.400000
2025-04-11T14:39:00+00:00,209591.220000
2025-04-11T17:44:00+00:00,214451.040000
2025-04-14T03:14:00+00:00,214433.280000
2025-04-14T03:24:00+00:00,212303.520000
2025-04-14T05:59:00+00:00,212290.200000
2025-04-14T09:39:00+00:00,210224.880000
2025-04-14T13:44:00+00:00,210217.480000
2025-04-14T14:04:00+00:00,208220.080000
2025-04-14T15:29:00+00:00,208217.860000
2025-04-14T20:09:00+00:00,208368.640000
2025-04-15T01:44:00+00:00,208348.660000
2025-04-15T07:04:00+00:00,206290.180000
2025-04-15T09:44:00+00:00,206270.940000
2025-04-15T11:54:00+00:00,211289.200000
2025-04-15T13:49:00+00:00,211283.280000
2025-04-15T14:19:00+00:00,209353.360000
2025-04-16T03:34:00+00:00,209331.160000
2025-04-16T05:19:00+00:00,214146.460000
2025-04-16T08:59:00+00:00,214141.280000
2025-04-16T11:59:00+00:00,214130.180000
2025-04-16T13:54:00+00:00,214124.260000
2025-04-16T13:59:00+00:00,219213.160000
2025-04-16T14:14:00+00:00,221444.480000
2025-04-16T14:14:00+00:00,221446.560000
2025-04-16T14:19:00+00:00,221436.200000
2025-04-16T15:29:00+00:00,221431.760000
2025-04-16T17:14:00+00:00,219303.320000
2025-04-16T17:34:00+00:00,217094.960000
2025-04-16T23:24:00+00:00,217089.040000
2025-04-17T02:44:00+00:00,217927.120000
2025-04-17T02:44:00+00:00,217907.140000
2025-04-17T03:04:00+00:00,215767.660000
2025-04-17T05:44:00+00:00,215754.340000
2025-04-17T10:59:00+00:00,213635.020000
2025-04-17T14:24:00+00:00,213629.840000
2025-04-17T14:49:00+00:00,213831.160000
2025-04-17T14:49:00+00:00,213817.840000
2025-04-17T17:59:00+00:00,218912.020000
2025-04-21T01:39:00+00:00,218892.780000
2025-04-21T01:54:00+00:00,216702.540000
2025-04-21T06:59:00+00:00,216680.340000
2025-04-21T07:14:00+00:00,215368.140000
2025-04-21T09:34:00+00:00,215345.940000
2025-04-21T11:19:00+00:00,214903.740000
2025-04-21T11:19:00+00:00,214881.540000
2025-04-21T11:24:00+00:00,218571.840000
2025-04-21T13:54:00+00:00,218565.180000
2025-04-21T17:04:00+00:00,223508.520000
2025-04-22T05:09:00+00:00,223492.980000
2025-04-22T06:59:00+00:00,229016.190000
2025-04-22T13:39:00+00:00,228993.990000
2025-04-22T13:44:00+00:00,227561.790000
2025-04-22T13:49:00+00:00,227555.870000
2025-04-22T16:04:00+00:00,227552.910000
2025-04-22T20:09:00+00:00,229510.990000
2025-04-22T20:09:00+00:00,229066.030000
2025-04-23T06:44:00+00:00,229043.830000
2025-04-23T07:34:00+00:00,227491.630000
2025-04-23T14:34:00+00:00,227487.930000
2025-04-23T15:24:00+00:00,225294.230000
2025-04-23T16:34:00+00:00,225280.910000
2025-04-23T19:24:00+00:00,223098.590000
2025-04-24T04:49:00+00:00,223079.350000
2025-04-24T05:59:00+00:00,220824.110000
2025-04-24T11:09:00+00:00,220808.570000
2025-04-24T12:24:00+00:00,218640.530000
2025-04-24T12:29:00+00:00,218624.990000
2025-04-24T12:39:00+00:00,216467.450000
2025-04-24T13:49:00+00:00,216461.530000
2025-04-24T18:39:00+00:00,221805.610000
2025-04-25T01:24:00+00:00,221783.410000
2025-04-25T01:44:00+00:00,220366.210000
2025-04-25T01:44:00+00:00,220344.010000
2025-04-25T01:54:00+00:00,218311.810000
2025-04-25T04:34:00+00:00,218296.270000
2025-04-25T06:54:00+00:00,216117.730000
2025-04-25T13:54:00+00:00,216111.070000
2025-04-25T14:09:00+00:00,214151.410000
2025-04-28T11:14:00+00:00,214129.210000
2025-04-28T12:14:00+00:00,214122.010000
2025-04-28T12:14:00+00:00,214104.990000
2025-04-28T12:34:00+00:00,211948.970000
2025-04-28T13:59:00+00:00,211943.790000
2025-04-28T14:04:00+00:00,211936.390000
2025-04-28T20:09:00+00:00,211476.210000
2025-04-28T20:09:00+00:00,211593.810000
2025-04-29T00:09:00+00:00,211571.610000
2025-04-29T00:44:00+00:00,210289.410000
2025-04-29T02:49:00+00:00,210267.210000
2025-04-29T04:34:00+00:00,208700.010000
2025-04-29T04:34:00+00:00,208680.030000
2025-04-29T04:54:00+00:00,206567.550000
2025-04-29T04:54:00+00:00,206556.450000
2025-04-29T07:54:00+00:00,204497.850000
2025-04-29T12:34:00+00:00,204480.090000
2025-04-29T12:59:00+00:00,202410.330000
2025-04-29T13:09:00+00:00,202403.670000
2025-04-29T13:49:00+00:00,200538.510000
2025-04-29T13:49:00+00:00,200532.590000
2025-04-29T20:09:00+00:00,202418.670000
2025-04-30T05:39:00+00:00,202399.430000
2025-04-30T08:19:00+00:00,207352.690000
2025-04-30T08:29:00+00:00,207330.490000
2025-04-30T09:29:00+00:00,205688.290000
2025-04-30T11:29:00+00:00,205674.970000
2025-04-30T12:34:00+00:00,210589.150000
2025-04-30T13:44:00+00:00,210587.670000
2025-04-30T13:59:00+00:00,210583.970000
2025-04-30T14:29:00+00:00,208745.270000
2025-04-30T16:44:00+00:00,207792.790000
2025-04-30T16:44:00+00:00,207789.830000
2025-04-30T17:34:00+00:00,207782.430000
2025-04-30T18:54:00+00:00,207777.990000
2025-04-30T20:04:00+00:00,212808.090000
2025-04-30T20:09:00+00:00,215567.130000
2025-04-30T20:09:00+00:00,218724.690000
2025-05-01T05:34:00+00:00,218707.670000
2025-05-01T06:04:00+00:00,216551.650000
2025-05-01T07:14:00+00:00,216529.450000
2025-05-01T09:34:00+00:00,220557.250000
2025-05-01T13:54:00+00:00,220547.630000
2025-05-01T13:59:00+00:00,218406.010000
2025-05-01T13:59:00+00:00,218399.350000
2025-05-01T14:29:00+00:00,216340.690000
2025-05-01T16:34:00+00:00,216333.290000
2025-05-01T19:59:00+00:00,214265.890000
2025-05-02T00:24:00+00:00,214254.050000
2025-05-02T01:24:00+00:00,219342.210000
2025-05-02T09:14:00+00:00,219320.010000
2025-05-02T12:34:00+00:00,224472.810000
2025-05-02T14:09:00+00:00,224464.670000
2025-05-02T18:54:00+00:00,226601.530000
2025-05-02T18:54:00+00:00,226585.990000
2025-05-02T20:09:00+00:00,227021.950000
2025-05-05T03:44:00+00:00,227010.110000
2025-05-05T06:54:00+00:00,227374.270000
2025-05-05T06:54:00+00:00,227352.070000
2025-05-05T08:34:00+00:00,229804.870000
2025-05-05T14:04:00+00:00,229793.030000
2025-05-05T20:09:00+00:00,228717.190000
2025-05-06T00:14:00+00:00,228694.990000
2025-05-06T00:24:00+00:00,227397.790000
2025-05-06T12:54:00+00:00,227375.590000
2025-05-06T13:14:00+00:00,225868.390000
2025-05-06T13:39:00+00:00,225852.110000
2025-05-06T13:49:00+00:00,223569.830000
2025-05-06T13:54:00+00:00,223560.210000
2025-05-06T14:14:00+00:00,221379.590000
2025-05-06T16:19:00+00:00,221375.890000
2025-05-06T16:29:00+00:00,220694.690000
2025-05-06T16:29:00+00:00,220688.030000
2025-05-06T20:09:00+00:00,221194.370000
2025-05-06T22:09:00+00:00,221184.010000
2025-05-06T22:39:00+00:00,219017.650000
2025-05-07T05:39:00+00:00,218995.450000
2025-05-07T06:04:00+00:00,217833.250000
2025-05-07T10:19:00+00:00,217811.050000
2025-05-07T12:09:00+00:00,216258.850000
2025-05-07T12:49:00+00:00,216236.650000
2025-05-07T13:04:00+00:00,214264.450000
2025-05-07T13:59:00+00:00,214254.090000
2025-05-07T14:54:00+00:00,212234.730000
2025-05-08T01:04:00+00:00,212216.230000
2025-05-08T03:24:00+00:00,217447.730000
2025-05-08T13:49:00+00:00,217439.590000
2025-05-08T15:29:00+00:00,215291.950000
2025-05-09T03:14:00+00:00,215280.110000
2025-05-09T08:04:00+00:00,215812.270000
2025-05-09T08:04:00+00:00,215791.550000
2025-05-09T10:34:00+00:00,213628.830000
2025-05-09T14:19:00+00:00,213618.470000
2025-05-09T20:09:00+00:00,215526.110000
2025-05-12T14:29:00+00:00,215522.410000
2025-05-12T17:09:00+00:00,213711.210000
2025-05-12T23:44:00+00:00,213689.010000
2025-05-13T04:04:00+00:00,218916.810000
2025-05-13T08:49:00+00:00,218894.610000
2025-05-13T09:29:00+00:00,217762.410000
2025-05-13T13:54:00+00:00,217757.230000
2025-05-13T20:09:00+00:00,219666.550000
2025-05-14T00:19:00+00:00,219644.350000
2025-05-14T04:39:00+00:00,217942.150000
2025-05-14T05:34:00+00:00,217919.950000
2025-05-14T06:04:00+00:00,216847.750000
2025-05-14T07:29:00+00:00,216825.550000
2025-05-14T09:29:00+00:00,217508.350000
2025-05-14T09:29:00+00:00,217486.150000
2025-05-14T11:24:00+00:00,222863.950000
2025-05-14T13:34:00+00:00,222850.630000
2025-05-14T13:49:00+00:00,222841.750000
2025-05-14T15:29:00+00:00,221248.870000
2025-05-14T18:39:00+00:00,222234.550000
2025-05-14T18:39:00+00:00,222227.150000
2025-05-14T20:09:00+00:00,223004.750000
2025-05-15T05:14:00+00:00,222984.770000
2025-05-15T07:59:00+00:00,228499.790000
2025-05-15T12:39:00+00:00,228482.770000
2025-05-15T13:49:00+00:00,226211.750000
2025-05-15T13:49:00+00:00,226199.910000
2025-05-15T14:04:00+00:00,223900.070000
2025-05-16T03:44:00+00:00,223877.870000
2025-05-16T03:54:00+00:00,223060.670000
2025-05-16T04:59:00+00:00,223038.470000
2025-05-16T06:09:00+00:00,223451.270000
2025-05-16T06:09:00+00:00,223429.070000
2025-05-16T06:34:00+00:00,222821.870000
2025-05-16T06:34:00+00:00,222801.150000
2025-05-16T07:34:00+00:00,220568.430000
2025-05-16T11:39:00+00:00,220546.230000
2025-05-16T12:04:00+00:00,219294.030000
2025-05-16T14:39:00+00:00,219285.890000
2025-05-16T17:34:00+00:00,217215.250000
2025-05-19T11:54:00+00:00,217200.450000
2025-05-19T13:39:00+00:00,217193.050000
2025-05-19T13:49:00+00:00,222478.250000
2025-05-19T13:49:00+00:00,222473.810000
2025-05-19T17:09:00+00:00,226866.410000
2025-05-19T20:09:00+00:00,228352.970000
2025-05-19T23:59:00+00:00,228330.770000
2025-05-20T01:34:00+00:00,233258.570000
2025-05-20T08:24:00+00:00,233240.810000
2025-05-20T13:39:00+00:00,230955.050000
2025-05-20T13:49:00+00:00,230942.470000
2025-05-20T14:39:00+00:00,228711.390000
2025-05-21T00:14:00+00:00,228689.190000
2025-05-21T00:24:00+00:00,227646.990000
2025-05-21T02:39:00+00:00,227624.790000
2025-05-21T03:34:00+00:00,226207.590000
2025-05-21T12:09:00+00:00,226187.610000
2025-05-21T12:29:00+00:00,223967.130000
2025-05-21T13:49:00+00:00,223959.730000
2025-05-21T17:14:00+00:00,225387.330000
2025-05-21T17:14:00+00:00,225377.710000
2025-05-21T17:29:00+00:00,230763.090000
2025-05-22T00:14:00+00:00,230746.070000
2025-05-22T02:14:00+00:00,230740.890000
2025-05-22T08:39:00+00:00,232632.870000
2025-05-22T08:39:00+00:00,233142.190000
2025-05-22T08:44:00+00:00,233119.990000
2025-05-22T10:19:00+00:00,233412.790000
2025-05-22T10:19:00+00:00,233390.590000
2025-05-22T11:19:00+00:00,233578.390000
2025-05-22T11:19:00+00:00,233556.930000
2025-05-22T11:59:00+00:00,239299.220000
2025-05-22T13:54:00+00:00,239292.560000
2025-05-22T20:09:00+00:00,238448.900000
2025-05-23T03:39:00+00:00,238426.700000
2025-05-23T03:54:00+00:00,237459.500000
2025-05-23T05:39:00+00:00,237437.300000
2025-05-23T06:34:00+00:00,239350.100000
2025-05-23T06:34:00+00:00,239327.900000
2025-05-23T07:24:00+00:00,243543.200000
2025-05-23T11:24:00+00:00,243528.400000
2025-05-23T11:44:00+00:00,249588.600000
2025-05-23T13:34:00+00:00,249581.940000
2025-05-23T14:14:00+00:00,249576.020000
2025-05-23T20:09:00+00:00,250136.360000
2025-05-23T20:09:00+00:00,249646.440000
2025-05-26T13:39:00+00:00,249627.940000
2025-05-26T14:34:00+00:00,247171.940000
2025-05-26T14:34:00+00:00,247157.140000
2025-05-27T01:09:00+00:00,247149.740000
2025-05-27T02:19:00+00:00,247892.340000
2025-05-27T07:34:00+00:00,245467.540000
2025-05-27T09:24:00+00:00,245445.340000
2025-05-27T09:44:00+00:00,243743.140000
2025-05-27T13:34:00+00:00,243720.940000
2025-05-27T13:49:00+00:00,242603.740000
2025-05-27T13:59:00+00:00,242594.860000
2025-05-27T14:09:00+00:00,242587.460000
2025-05-27T20:09:00+00:00,246802.580000
2025-05-27T20:09:00+00:00,249200.180000
2025-05-28T03:19:00+00:00,249177.980000
2025-05-28T03:39:00+00:00,248495.780000
2025-05-28T12:54:00+00:00,248473.580000
2025-05-28T13:39:00+00:00,246876.380000
2025-05-28T13:49:00+00:00,246866.020000
2025-05-28T13:54:00+00:00,246854.180000
2025-05-28T19:54:00+00:00,250402.340000
2025-05-28T20:09:00+00:00,252932.980000
2025-05-29T08:34:00+00:00,252916.700000
2025-05-29T12:09:00+00:00,259197.920000
2025-05-29T13:49:00+00:00,259193.480000
2025-05-29T20:09:00+00:00,260425.040000
2025-05-30T05:09:00+00:00,260402.840000
2025-05-30T06:49:00+00:00,258490.640000
2025-05-30T13:49:00+00:00,258481.760000
2025-05-30T14:09:00+00:00,257104.880000
2025-05-30T14:09:00+00:00,257090.080000
2025-05-30T16:19:00+00:00,254525.280000
2025-06-02T07:29:00+00:00,254503.080000
2025-06-02T07:34:00+00:00,252455.880000
2025-06-02T14:04:00+00:00,252450.700000
2025-06-02T17:04:00+00:00,249964.020000
2025-06-03T02:44:00+00:00,249941.820000
2025-06-03T03:29:00+00:00,248689.620000
2025-06-03T06:29:00+00:00,248667.420000
2025-06-03T07:24:00+00:00,247280.220000
2025-06-03T07:39:00+00:00,247258.020000
2025-06-03T08:14:00+00:00,244880.820000
2025-06-03T13:04:00+00:00,244868.980000
2025-06-03T14:04:00+00:00,244860.840000
2025-06-03T16:39:00+00:00,250849.000000
2025-06-03T20:09:00+00:00,252083.860000
2025-06-04T00:19:00+00:00,252061.660000
2025-06-04T07:59:00+00:00,250779.460000
2025-06-04T10:24:00+00:00,250757.260000
2025-06-04T11:09:00+00:00,249535.060000
2025-06-04T12:24:00+00:00,249512.860000
2025-06-04T12:29:00+00:00,247930.660000
2025-06-04T14:04:00+00:00,247921.780000
2025-06-04T18:04:00+00:00,245518.900000
2025-06-05T13:59:00+00:00,245511.500000
2025-06-05T14:44:00+00:00,243164.100000
2025-06-05T18:29:00+00:00,243153.740000
2025-06-05T19:14:00+00:00,240826.380000
2025-06-06T13:49:00+00:00,240816.760000
2025-06-06T14:29:00+00:00,238480.140000
2025-06-06T15:24:00+00:00,238468.300000
2025-06-06T18:19:00+00:00,236080.460000
2025-06-08T22:19:00+00:00,236070.840000
2025-06-09T11:09:00+00:00,235248.720000
2025-06-09T11:09:00+00:00,235226.520000
2025-06-09T13:39:00+00:00,233644.320000
2025-06-09T14:04:00+00:00,233622.120000
2025-06-09T14:09:00+00:00,232354.920000
2025-06-09T14:09:00+00:00,232343.080000
2025-06-09T20:09:00+00:00,231763.240000
2025-06-10T00:09:00+00:00,231741.040000
2025-06-10T00:29:00+00:00,230428.840000
2025-06-10T05:44:00+00:00,230417.000000
2025-06-10T07:44:00+00:00,228213.160000
2025-06-10T11:39:00+00:00,228190.960000
2025-06-10T15:34:00+00:00,226338.760000
2025-06-10T15:34:00+00:00,226331.360000
2025-06-10T16:04:00+00:00,224148.960000
2025-06-10T23:09:00+00:00,224126.760000
2025-06-10T23:14:00+00:00,222094.560000
2025-06-11T05:29:00+00:00,222072.360000
2025-06-11T07:49:00+00:00,220265.160000
2025-06-11T11:34:00+00:00,220242.960000
2025-06-11T12:04:00+00:00,218585.760000
2025-06-11T13:49:00+00:00,218574.660000
2025-06-11T14:24:00+00:00,216403.560000
2025-06-12T12:44:00+00:00,216395.420000
2025-06-12T13:49:00+00:00,216384.320000
2025-06-12T20:09:00+00:00,218411.180000
2025-06-12T20:09:00+00:00,219757.580000
2025-06-13T14:29:00+00:00,219753.140000
2025-06-13T14:44:00+00:00,218779.700000
2025-06-13T14:44:00+00:00,218767.860000
2025-06-13T18:34:00+00:00,216684.020000
2025-06-16T10:49:00+00:00,216665.520000
2025-06-16T11:49:00+00:00,214534.520000
2025-06-16T13:49:00+00:00,214526.380000
2025-06-16T15:34:00+00:00,216437.740000
2025-06-16T15:34:00+00:00,216415.540000
2025-06-16T20:09:00+00:00,217818.340000
2025-06-17T01:14:00+00:00,217802.800000
2025-06-17T02:09:00+00:00,217796.140000
2025-06-17T02:54:00+00:00,217195.480000
2025-06-17T06:19:00+00:00,215048.440000
2025-06-17T13:49:00+00:00,215032.160000
2025-06-17T14:04:00+00:00,212936.880000
2025-06-17T14:14:00+00:00,212928.740000
2025-06-17T16:59:00+00:00,210946.100000
2025-06-18T13:39:00+00:00,210934.260000
2025-06-18T13:49:00+00:00,209626.420000
2025-06-18T13:49:00+00:00,209616.800000
2025-06-18T13:54:00+00:00,209605.700000
2025-06-18T18:59:00+00:00,207607.080000
2025-06-18T18:59:00+00:00,205518.480000
2025-06-18T23:54:00+00:00,205501.460000
2025-06-19T00:09:00+00:00,204552.940000
2025-06-19T00:09:00+00:00,204535.920000
2025-06-19T01:04:00+00:00,209578.900000
2025-06-19T03:09:00+00:00,209567.800000
2025-06-19T07:59:00+00:00,207486.700000
2025-06-19T11:14:00+00:00,207466.720000
2025-06-19T12:09:00+00:00,207464.500000
2025-06-19T13:49:00+00:00,212608.270000
2025-06-19T13:49:00+00:00,213344.800000
2025-06-19T13:49:00+00:00,213337.400000
2025-06-19T22:04:00+00:00,211235.000000
2025-06-20T06:39:00+00:00,211212.800000
2025-06-20T08:09:00+00:00,209735.600000
2025-06-20T09:14:00+00:00,209713.400000
2025-06-20T11:44:00+00:00,213778.700000
2025-06-20T11:49:00+00:00,213763.900000
2025-06-20T13:39:00+00:00,218924.100000
2025-06-20T13:59:00+00:00,218917.440000
2025-06-20T17:34:00+00:00,218910.040000
2025-06-20T18:19:00+00:00,216842.640000
2025-06-20T20:09:00+00:00,219598.980000
2025-06-23T01:24:00+00:00,219581.220000
2025-06-23T02:34:00+00:00,217403.460000
2025-06-23T02:54:00+00:00,217381.260000
2025-06-23T05:09:00+00:00,216204.060000
2025-06-23T13:49:00+00:00,216198.880000
2025-06-23T16:39:00+00:00,214153.200000
2025-06-24T02:14:00+00:00,214131.000000
2025-06-24T05:34:00+00:00,212743.800000
2025-06-24T08:39:00+00:00,212734.180000
2025-06-24T11:34:00+00:00,213179.560000
2025-06-24T11:34:00+00:00,213157.360000
2025-06-24T12:34:00+00:00,211410.160000
2025-06-24T14:44:00+00:00,211400.540000
2025-06-24T20:09:00+00:00,213048.420000
2025-06-25T14:14:00+00:00,213038.060000
2025-06-25T17:39:00+00:00,213026.220000
2025-06-25T19:14:00+00:00,212006.380000
2025-06-25T20:09:00+00:00,212297.020000
2025-06-26T14:24:00+00:00,212287.400000
2025-06-26T15:34:00+00:00,212505.280000
2025-06-26T15:34:00+00:00,212483.080000
2025-06-26T15:44:00+00:00,211305.880000
2025-06-27T07:39:00+00:00,211283.680000
2025-06-27T11:04:00+00:00,209911.480000
2025-06-27T12:19:00+00:00,209889.280000
2025-06-27T13:34:00+00:00,213804.580000
2025-06-27T13:54:00+00:00,213791.260000
2025-06-27T18:19:00+00:00,211662.940000
2025-06-30T04:59:00+00:00,211640.740000
2025-06-30T05:44:00+00:00,211258.540000
2025-06-30T05:44:00+00:00,211236.340000
2025-06-30T07:04:00+00:00,210059.140000
2025-06-30T09:49:00+00:00,210036.940000
2025-06-30T10:19:00+00:00,209144.740000
2025-06-30T11:49:00+00:00,209122.540000
2025-06-30T12:24:00+00:00,207855.340000
2025-06-30T13:49:00+00:00,207845.720000
2025-06-30T19:04:00+00:00,206243.600000
2025-06-30T19:04:00+00:00,206228.060000
2025-06-30T20:09:00+00:00,206737.520000
2025-06-30T23:44:00+00:00,206715.320000
2025-07-01T05:14:00+00:00,204908.120000
2025-07-01T07:19:00+00:00,204885.920000
2025-07-01T12:24:00+00:00,208201.220000
2025-07-01T12:39:00+00:00,208181.980000
2025-07-01T13:54:00+00:00,208179.020000
2025-07-01T14:24:00+00:00,207820.060000
2025-07-01T14:29:00+00:00,207397.820000
2025-07-01T14:29:00+00:00,207375.620000
2025-07-01T14:49:00+00:00,212115.920000
2025-07-02T02:34:00+00:00,212093.720000
2025-07-02T10:39:00+00:00,210421.520000
2025-07-02T13:49:00+00:00,210408.940000
2025-07-02T20:09:00+00:00,214646.360000
2025-07-03T06:04:00+00:00,214624.160000
2025-07-03T07:39:00+00:00,216401.960000
2025-07-03T08:04:00+00:00,216379.760000
2025-07-03T10:04:00+00:00,218870.060000
2025-07-03T12:19:00+00:00,218847.860000
2025-07-03T12:34:00+00:00,217670.660000
2025-07-03T12:39:00+00:00,217652.160000
2025-07-03T13:54:00+00:00,217648.460000
2025-07-03T14:04:00+00:00,223036.210000
2025-07-04T05:49:00+00:00,223017.710000
2025-07-04T06:09:00+00:00,222211.710000
2025-07-04T08:19:00+00:00,221568.010000
2025-07-04T08:29:00+00:00,221545.810000
2025-07-04T08:54:00+00:00,220038.610000
2025-07-04T13:54:00+00:00,220019.370000
2025-07-07T14:59:00+00:00,217790.130000
2025-07-07T14:59:00+00:00,217780.510000
2025-07-07T20:09:00+00:00,218765.390000
2025-07-07T22:39:00+00:00,218743.190000
2025-07-08T00:54:00+00:00,222733.490000
2025-07-08T02:34:00+00:00,222719.430000
2025-07-08T07:09:00+00:00,223104.370000
2025-07-08T07:09:00+00:00,223082.170000
2025-07-08T07:39:00+00:00,222174.970000
2025-07-08T08:09:00+00:00,222152.770000
2025-07-08T13:34:00+00:00,225018.070000
2025-07-08T13:59:00+00:00,225004.750000
2025-07-08T16:24:00+00:00,222750.430000
2025-07-09T05:24:00+00:00,222728.230000
2025-07-09T06:54:00+00:00,221641.030000
2025-07-09T07:19:00+00:00,221618.830000
2025-07-09T09:14:00+00:00,220021.630000
2025-07-09T13:49:00+00:00,220014.230000
2025-07-09T14:39:00+00:00,217851.830000
2025-07-10T13:49:00+00:00,217843.690000
2025-07-10T13:54:00+00:00,217832.590000
2025-07-10T18:24:00+00:00,215661.490000
2025-07-10T20:09:00+00:00,215273.850000
2025-07-11T00:09:00+00:00,215251.650000
2025-07-11T00:19:00+00:00,216691.950000
2025-07-11T06:39:00+00:00,216669.750000
2025-07-11T07:29:00+00:00,219647.550000
2025-07-11T09:34:00+00:00,219637.930000
2025-07-11T13:44:00+00:00,219625.350000
2025-07-11T13:49:00+00:00,217572.770000
2025-07-11T13:54:00+00:00,216724.650000
2025-07-11T13:54:00+00:00,216709.110000
2025-07-11T13:59:00+00:00,216702.450000
2025-07-11T20:09:00+00:00,217201.410000
2025-07-11T20:09:00+00:00,216852.750000
2025-07-14T07:39:00+00:00,216830.550000
2025-07-14T08:54:00+00:00,220070.850000
2025-07-14T12:39:00+00:00,220048.650000
2025-07-14T13:24:00+00:00,219111.450000
2025-07-14T13:49:00+00:00,219101.090000
2025-07-14T14:34:00+00:00,219089.250000
2025-07-14T14:54:00+00:00,217669.410000
2025-07-14T14:59:00+00:00,215622.050000
2025-07-14T14:59:00+00:00,215616.870000
2025-07-14T20:09:00+00:00,216112.190000
2025-07-15T12:39:00+00:00,216089.990000
2025-07-15T13:39:00+00:00,214867.790000
2025-07-15T13:39:00+00:00,214849.290000
2025-07-15T14:19:00+00:00,212680.790000
2025-07-15T14:59:00+00:00,212674.870000
2025-07-15T20:09:00+00:00,213728.950000
2025-07-16T01:29:00+00:00,213706.750000
2025-07-16T02:04:00+00:00,212499.550000
2025-07-16T13:39:00+00:00,212486.230000
2025-07-16T13:49:00+00:00,212478.090000
2025-07-16T15:34:00+00:00,217774.770000
2025-07-16T15:49:00+00:00,218883.130000
2025-07-16T15:49:00+00:00,218873.510000
2025-07-16T20:09:00+00:00,221853.890000
2025-07-17T00:34:00+00:00,221831.690000
2025-07-17T01:39:00+00:00,220714.490000
2025-07-17T11:14:00+00:00,220692.290000
2025-07-17T11:34:00+00:00,220085.090000
2025-07-17T12:19:00+00:00,220062.890000
2025-07-17T12:34:00+00:00,218120.690000
2025-07-17T13:49:00+00:00,218098.490000
2025-07-17T15:09:00+00:00,223288.790000
2025-07-18T14:04:00+00:00,223276.210000
2025-07-18T20:09:00+00:00,224071.130000
2025-07-20T22:34:00+00:00,224048.930000
2025-07-21T05:19:00+00:00,225931.730000
2025-07-21T05:19:00+00:00,225909.530000
2025-07-21T05:34:00+00:00,225377.330000
2025-07-21T13:49:00+00:00,225370.670000
2025-07-21T20:09:00+00:00,224860.010000
2025-07-21T22:09:00+00:00,224837.810000
2025-07-22T04:14:00+00:00,223420.610000
2025-07-22T13:39:00+00:00,223401.370000
2025-07-22T13:49:00+00:00,223398.410000
2025-07-22T13:54:00+00:00,228839.170000
2025-07-22T20:09:00+00:00,228906.210000
2025-07-23T00:09:00+00:00,228884.010000
2025-07-23T06:44:00+00:00,227361.810000
2025-07-23T13:59:00+00:00,227353.670000
2025-07-23T15:54:00+00:00,225189.530000
2025-07-24T13:04:00+00:00,225167.330000
2025-07-24T14:09:00+00:00,223795.130000
2025-07-24T14:09:00+00:00,223783.290000
2025-07-24T15:54:00+00:00,221531.450000
2025-07-24T16:09:00+00:00,221509.250000
2025-07-24T17:09:00+00:00,220197.050000
2025-07-24T17:34:00+00:00,220174.850000
2025-07-24T20:09:00+00:00,220992.650000
2025-07-25T08:34:00+00:00,220970.450000
2025-07-25T13:09:00+00:00,219673.250000
2025-07-25T13:49:00+00:00,219658.450000
2025-07-25T20:09:00+00:00,221173.650000
2025-07-28T07:59:00+00:00,221151.450000
2025-07-28T08:14:00+00:00,220304.250000
2025-07-28T13:54:00+00:00,220285.010000
2025-07-28T15:19:00+00:00,218081.770000
2025-07-29T04:24:00+00:00,218059.570000
2025-07-29T05:49:00+00:00,217497.370000
2025-07-29T06:44:00+00:00,217475.170000
2025-07-29T07:49:00+00:00,219590.470000
2025-07-29T13:49:00+00:00,219577.890000
2025-07-29T13:54:00+00:00,219568.270000
2025-07-29T15:44:00+00:00,223036.150000
2025-07-29T19:39:00+00:00,228357.320000
2025-07-30T05:29:00+00:00,228335.120000
2025-07-30T07:09:00+00:00,227442.920000
2025-07-30T08:29:00+00:00,227420.720000
2025-07-30T11:14:00+00:00,225613.520000
2025-07-30T14:24:00+00:00,225600.940000
2025-07-30T15:19:00+00:00,224644.860000
2025-07-30T15:19:00+00:00,224626.360000
2025-07-30T16:19:00+00:00,222370.360000
2025-07-30T17:54:00+00:00,222348.160000
2025-07-30T18:04:00+00:00,221275.960000
2025-07-30T18:59:00+00:00,221267.080000
2025-07-30T20:04:00+00:00,219134.200000
2025-07-31T04:34:00+00:00,219112.000000
2025-07-31T07:29:00+00:00,218279.800000
2025-07-31T11:09:00+00:00,218257.600000
2025-07-31T11:44:00+00:00,216840.400000
2025-07-31T14:49:00+00:00,216835.220000
2025-07-31T20:09:00+00:00,220557.540000
2025-08-01T11:19:00+00:00,220542.740000
2025-08-01T12:39:00+00:00,221117.940000
2025-08-01T12:39:00+00:00,221106.100000
2025-08-01T13:04:00+00:00,221097.220000
2025-08-01T13:44:00+00:00,226425.380000
2025-08-01T13:49:00+00:00,226421.680000
2025-08-01T14:04:00+00:00,231932.800000
2025-08-01T20:09:00+00:00,231851.600000
2025-08-03T23:39:00+00:00,231829.400000
2025-08-04T00:04:00+00:00,229722.200000
2025-08-04T01:14:00+00:00,229700.000000
2025-08-04T01:34:00+00:00,227892.800000
2025-08-04T11:34:00+00:00,227870.600000
2025-08-04T12:09:00+00:00,226168.400000
2025-08-04T13:49:00+00:00,226162.480000
2025-08-04T19:34:00+00:00,226840.560000
2025-08-05T13:49:00+00:00,226830.200000
2025-08-05T14:19:00+00:00,224635.840000
2025-08-06T00:09:00+00:00,224613.640000
2025-08-06T02:29:00+00:00,229166.440000
2025-08-06T07:29:00+00:00,229144.240000
2025-08-06T08:09:00+00:00,227982.040000
2025-08-06T11:09:00+00:00,227967.240000
2025-08-06T13:29:00+00:00,227872.440000
2025-08-06T13:29:00+00:00,227850.240000
2025-08-06T13:34:00+00:00,226838.040000
2025-08-06T13:54:00+00:00,226828.420000
2025-08-06T18:39:00+00:00,232116.300000
2025-08-07T06:44:00+00:00,232094.100000
2025-08-07T07:14:00+00:00,231336.900000
2025-08-07T07:14:00+00:00,231314.700000
2025-08-07T07:34:00+00:00,230287.500000
2025-08-07T07:34:00+00:00,230265.300000
2025-08-07T07:59:00+00:00,228593.100000
2025-08-07T13:59:00+00:00,228582.000000
2025-08-07T14:14:00+00:00,226388.400000
2025-08-07T16:59:00+00:00,226378.040000
2025-08-07T17:39:00+00:00,224197.680000
2025-08-08T13:49:00+00:00,224189.540000
2025-08-08T15:54:00+00:00,224182.880000
2025-08-08T20:09:00+00:00,226578.240000
2025-08-08T20:09:00+00:00,227845.080000
2025-08-10T22:09:00+00:00,227822.880000
2025-08-11T02:09:00+00:00,225850.680000
2025-08-11T03:19:00+00:00,225829.960000
2025-08-11T05:54:00+00:00,223583.240000
2025-08-11T07:19:00+00:00,223561.040000
2025-08-11T07:49:00+00:00,225826.340000
2025-08-11T10:39:00+00:00,225804.140000
2025-08-11T12:04:00+00:00,224731.940000
2025-08-11T13:59:00+00:00,224719.360000
2025-08-11T18:04:00+00:00,222522.280000
2025-08-12T04:44:00+00:00,222500.080000
2025-08-12T05:04:00+00:00,221622.880000
2025-08-12T10:19:00+00:00,221600.680000
2025-08-12T11:09:00+00:00,220333.480000
2025-08-12T13:39:00+00:00,220329.040000
2025-08-12T13:49:00+00:00,219190.600000
2025-08-12T13:49:00+00:00,219183.200000
2025-08-12T15:09:00+00:00,217005.800000
2025-08-13T02:29:00+00:00,216983.600000
2025-08-13T08:24:00+00:00,220598.900000
2025-08-13T13:59:00+00:00,220583.360000
2025-08-13T16:54:00+00:00,225949.070000
2025-08-13T17:39:00+00:00,225927.610000
2025-08-13T18:14:00+00:00,223673.150000
2025-08-14T07:54:00+00:00,223650.950000
2025-08-14T08:34:00+00:00,222803.750000
2025-08-14T12:39:00+00:00,222781.550000
2025-08-14T12:44:00+00:00,220854.350000
2025-08-14T13:49:00+00:00,220845.470000
2025-08-14T15:54:00+00:00,220836.590000
2025-08-14T20:09:00+00:00,219723.710000
2025-08-14T20:09:00+00:00,218748.830000
2025-08-15T00:44:00+00:00,218726.630000
2025-08-15T08:54:00+00:00,216949.430000
2025-08-15T13:39:00+00:00,216933.150000
2025-08-15T13:49:00+00:00,216927.230000
2025-08-15T15:59:00+00:00,219759.950000
2025-08-15T15:59:00+00:00,219678.030000
2025-08-15T16:04:00+00:00,219666.190000
2025-08-15T20:09:00+00:00,220174.350000
2025-08-17T23:54:00+00:00,220152.150000
2025-08-18T00:09:00+00:00,219184.950000
2025-08-18T03:39:00+00:00,219162.750000
2025-08-18T06:24:00+00:00,221990.550000
2025-08-18T08:39:00+00:00,221971.310000
2025-08-18T09:29:00+00:00,219742.070000
2025-08-18T13:49:00+00:00,219722.830000
2025-08-18T13:54:00+00:00,219719.870000
2025-08-18T14:09:00+00:00,220857.630000
2025-08-18T14:09:00+00:00,220760.670000
2025-08-18T14:14:00+00:00,220740.690000
2025-08-18T14:49:00+00:00,218533.710000
2025-08-18T17:44:00+00:00,218512.990000
2025-08-18T18:59:00+00:00,216350.270000
2025-08-19T03:29:00+00:00,216328.070000
2025-08-19T03:39:00+00:00,215285.870000
2025-08-19T03:44:00+00:00,215263.670000
2025-08-19T08:04:00+00:00,213606.470000
2025-08-19T13:49:00+00:00,213600.550000
2025-08-19T18:09:00+00:00,213593.890000
2025-08-19T20:09:00+00:00,216291.970000
2025-08-19T20:09:00+00:00,216672.310000
2025-08-20T01:14:00+00:00,216660.470000
2025-08-20T06:44:00+00:00,217056.630000
2025-08-20T06:44:00+00:00,217042.570000
2025-08-20T07:39:00+00:00,217608.010000
2025-08-20T07:39:00+00:00,217585.810000
2025-08-20T08:39:00+00:00,216633.610000
2025-08-20T08:39:00+00:00,216619.550000
2025-08-20T13:39:00+00:00,214439.490000
2025-08-20T13:49:00+00:00,214435.050000
2025-08-20T20:09:00+00:00,213764.610000
2025-08-21T00:39:00+00:00,213742.410000
2025-08-21T01:09:00+00:00,211815.210000
2025-08-21T10:29:00+00:00,211793.010000
2025-08-21T11:49:00+00:00,209910.810000
2025-08-21T13:59:00+00:00,209903.410000
2025-08-21T14:14:00+00:00,207841.010000
2025-08-21T23:39:00+00:00,207818.810000
2025-08-22T00:14:00+00:00,209821.610000
2025-08-22T03:04:00+00:00,209799.410000
2025-08-22T06:44:00+00:00,213789.710000
2025-08-22T06:59:00+00:00,213776.390000
2025-08-22T11:19:00+00:00,217912.070000
2025-08-22T11:19:00+00:00,217889.870000
2025-08-22T12:24:00+00:00,216877.670000
2025-08-22T13:49:00+00:00,216871.750000
2025-08-22T20:09:00+00:00,220701.830000
2025-08-24T23:54:00+00:00,220679.630000
2025-08-25T09:34:00+00:00,225869.930000
2025-08-25T12:09:00+00:00,225847.730000
2025-08-25T13:04:00+00:00,224505.530000
2025-08-25T13:59:00+00:00,224495.170000
2025-08-25T14:09:00+00:00,224486.290000
2025-08-25T20:09:00+00:00,224216.930000
2025-08-25T20:09:00+00:00,223284.050000
2025-08-26T02:09:00+00:00,223271.470000
2025-08-26T04:54:00+00:00,223261.850000
2025-08-26T05:49:00+00:00,224097.230000
2025-08-26T12:59:00+00:00,224662.650000
2025-08-26T12:59:00+00:00,224640.450000
2025-08-26T13:34:00+00:00,222713.250000
2025-08-26T13:49:00+00:00,222702.150000
2025-08-26T14:14:00+00:00,220463.550000
2025-08-27T06:04:00+00:00,220441.350000
2025-08-27T07:24:00+00:00,219699.150000
2025-08-27T12:14:00+00:00,219676.950000
2025-08-27T12:29:00+00:00,218259.750000
2025-08-27T12:39:00+00:00,218237.550000
2025-08-27T13:49:00+00:00,223540.350000
2025-08-27T13:49:00+00:00,223528.510000
2025-08-27T14:14:00+00:00,221404.670000
2025-08-27T16:29:00+00:00,221392.830000
2025-08-27T18:14:00+00:00,219236.990000
2025-08-28T13:54:00+00:00,219231.070000
2025-08-28T15:19:00+00:00,217197.150000
2025-08-28T15:34:00+00:00,217187.530000
2025-08-28T19:04:00+00:00,215039.410000
2025-08-29T13:49:00+00:00,215033.490000
2025-08-29T20:09:00+00:00,216331.570000
2025-09-01T04:54:00+00:00,216309.370000
2025-09-01T06:04:00+00:00,214577.170000
2025-09-01T13:49:00+00:00,214559.410000
2025-09-01T23:24:00+00:00,212417.650000
2025-09-02T07:19:00+00:00,212403.590000
2025-09-02T10:29:00+00:00,217614.530000
2025-09-02T13:44:00+00:00,217605.650000
2025-09-02T13:49:00+00:00,217601.210000
2025-09-02T15:39:00+00:00,215540.330000
2025-09-02T20:09:00+00:00,217515.890000
2025-09-03T05:19:00+00:00,217493.690000
2025-09-03T08:14:00+00:00,221896.490000
2025-09-03T11:49:00+00:00,221880.950000
2025-09-03T12:09:00+00:00,221874.290000
2025-09-03T12:34:00+00:00,221354.630000
2025-09-03T13:34:00+00:00,219207.590000
2025-09-03T14:19:00+00:00,219196.490000
2025-09-03T17:49:00+00:00,217040.390000
2025-09-04T00:09:00+00:00,217018.190000
2025-09-04T00:24:00+00:00,219733.490000
2025-09-04T05:29:00+00:00,219711.290000
2025-09-04T07:09:00+00:00,218849.090000
2025-09-04T07:09:00+00:00,218826.890000
2025-09-04T12:24:00+00:00,219089.690000
2025-09-04T12:24:00+00:00,219067.490000
2025-09-04T13:34:00+00:00,217275.290000
2025-09-04T13:39:00+00:00,217261.230000
2025-09-04T14:04:00+00:00,215147.670000
2025-09-04T14:04:00+00:00,215141.010000
2025-09-04T15:24:00+00:00,213050.850000
2025-09-05T11:39:00+00:00,213028.650000
2025-09-05T12:34:00+00:00,212181.450000
2025-09-05T14:09:00+00:00,212174.050000
2025-09-05T15:04:00+00:00,217466.650000
2025-09-08T12:39:00+00:00,217444.450000
2025-09-08T13:34:00+00:00,220197.250000
2025-09-08T13:54:00+00:00,220189.110000
2025-09-08T14:34:00+00:00,220180.970000
2025-09-08T15:34:00+00:00,220175.050000
2025-09-08T17:54:00+00:00,218109.910000
2025-09-08T17:54:00+00:00,216471.990000
2025-09-08T20:09:00+00:00,215385.850000
2025-09-08T22:09:00+00:00,215367.350000
2025-09-09T01:49:00+00:00,215363.650000
2025-09-09T02:34:00+00:00,215753.700000
2025-09-09T07:49:00+00:00,217710.200000
2025-09-09T07:49:00+00:00,217688.000000
2025-09-09T11:39:00+00:00,218835.800000
2025-09-09T11:39:00+00:00,218813.600000
2025-09-09T13:04:00+00:00,217591.400000
2025-09-09T13:54:00+00:00,217575.860000
2025-09-09T19:24:00+00:00,215428.820000
2025-09-10T12:39:00+00:00,215413.280000
2025-09-10T13:34:00+00:00,213287.240000
2025-09-10T13:54:00+00:00,213278.360000
2025-09-10T18:39:00+00:00,214427.480000
2025-09-10T18:39:00+00:00,214405.280000
2025-09-10T19:09:00+00:00,212373.080000
2025-09-10T22:09:00+00:00,212364.200000
2025-09-11T13:44:00+00:00,213609.320000
2025-09-11T13:44:00+00:00,213589.340000
2025-09-11T13:49:00+00:00,211422.860000
2025-09-11T14:34:00+00:00,211413.980000
2025-09-11T20:09:00+00:00,211927.100000
2025-09-12T00:09:00+00:00,211904.900000
2025-09-12T05:34:00+00:00,210607.700000
2025-09-12T14:24:00+00:00,210596.600000
2025-09-12T20:09:00+00:00,211688.000000
2025-09-15T03:34:00+00:00,211665.800000
2025-09-15T04:34:00+00:00,210998.600000
2025-09-15T13:49:00+00:00,210985.280000
2025-09-15T20:09:00+00:00,213392.960000
2025-09-16T04:29:00+00:00,213370.760000
2025-09-16T13:44:00+00:00,211458.560000
2025-09-16T13:54:00+00:00,211445.980000
2025-09-16T20:09:00+00:00,211416.400000
2025-09-17T13:44:00+00:00,211400.860000
2025-09-17T14:09:00+00:00,211394.200000
2025-09-17T18:14:00+00:00,216444.910000
2025-09-17T18:19:00+00:00,216436.030000
2025-09-17T18:49:00+00:00,219804.370000
2025-09-17T19:09:00+00:00,217605.490000
2025-09-18T12:39:00+00:00,217583.290000
2025-09-18T13:04:00+00:00,221348.590000
2025-09-18T13:49:00+00:00,221342.670000
2025-09-18T14:04:00+00:00,220284.750000
2025-09-18T14:04:00+00:00,220276.610000
2025-09-18T20:09:00+00:00,220009.970000
2025-09-19T00:19:00+00:00,219987.770000
2025-09-19T12:09:00+00:00,218360.570000
2025-09-19T13:49:00+00:00,218346.510000
2025-09-19T14:49:00+00:00,216204.450000
2025-09-19T18:54:00+00:00,216182.250000
2025-09-19T19:19:00+00:00,214570.050000
2025-09-22T09:24:00+00:00,214547.850000
2025-09-22T13:49:00+00:00,219288.150000
2025-09-22T13:49:00+00:00,219269.650000
2025-09-22T16:19:00+00:00,224657.400000
2025-09-23T07:14:00+00:00,224635.200000
2025-09-23T08:09:00+00:00,223098.000000
2025-09-23T13:59:00+00:00,223086.900000
2025-09-23T20:09:00+00:00,225993.300000
2025-09-24T00:29:00+00:00,225971.100000
2025-09-24T05:39:00+00:00,226428.900000
2025-09-24T05:39:00+00:00,226406.700000
2025-09-24T05:49:00+00:00,225964.500000
2025-09-24T07:14:00+00:00,225942.300000
2025-09-24T07:49:00+00:00,224465.100000
2025-09-24T13:39:00+00:00,224451.040000
2025-09-24T13:49:00+00:00,224442.900000
2025-09-24T15:59:00+00:00,230033.840000
2025-09-24T17:44:00+00:00,230024.220000
2025-09-24T20:09:00+00:00,231231.580000
2025-09-24T20:09:00+00:00,230552.460000
2025-09-25T07:34:00+00:00,230530.260000
2025-09-25T09:49:00+00:00,228363.060000
2025-09-25T13:39:00+00:00,228356.400000
2025-09-25T14:19:00+00:00,226104.240000
2025-09-25T14:19:00+00:00,226099.800000
2025-09-25T20:09:00+00:00,226272.360000
2025-09-25T22:54:00+00:00,226250.160000
2025-09-26T01:29:00+00:00,228290.460000
2025-09-26T04:14:00+00:00,228268.260000
2025-09-26T06:24:00+00:00,232146.060000
2025-09-26T09:14:00+00:00,232123.860000
2025-09-26T09:24:00+00:00,230766.660000
2025-09-26T10:14:00+00:00,230753.340000
2025-09-26T11:24:00+00:00,230744.460000
2025-09-26T11:34:00+00:00,230213.580000
2025-09-26T12:34:00+00:00,227896.260000
2025-09-26T14:24:00+00:00,227890.340000
2025-09-26T14:44:00+00:00,226984.420000
2025-09-26T14:44:00+00:00,226971.840000
2025-09-26T14:54:00+00:00,224698.260000
2025-09-29T10:39:00+00:00,224676.060000
2025-09-29T12:49:00+00:00,223738.860000
2025-09-29T13:49:00+00:00,223723.320000
2025-09-29T15:14:00+00:00,221523.780000
2025-09-29T23:59:00+00:00,221501.580000
2025-09-30T00:49:00+00:00,220864.380000
2025-09-30T07:59:00+00:00,220842.180000
2025-09-30T08:04:00+00:00,219394.980000
2025-09-30T13:54:00+00:00,219386.840000
2025-09-30T14:49:00+00:00,217239.200000
2025-10-01T13:49:00+00:00,217231.800000
2025-10-01T13:54:00+00:00,217218.480000
2025-10-01T14:19:00+00:00,215116.080000
2025-10-01T14:19:00+00:00,212942.760000
2025-10-01T23:39:00+00:00,212920.560000
2025-10-01T23:59:00+00:00,212058.360000
2025-10-02T04:29:00+00:00,212036.160000
2025-10-02T07:14:00+00:00,210663.960000
2025-10-02T09:09:00+00:00,210641.760000
2025-10-02T09:19:00+00:00,209944.560000
2025-10-02T13:49:00+00:00,209939.380000
2025-10-02T15:59:00+00:00,209248.200000
2025-10-02T15:59:00+00:00,209236.360000
2025-10-02T20:09:00+00:00,210648.520000
2025-10-02T22:49:00+00:00,210626.320000
2025-10-03T00:39:00+00:00,213491.620000
2025-10-03T11:49:00+00:00,213469.420000
2025-10-03T11:54:00+00:00,212292.220000
2025-10-03T13:59:00+00:00,212279.640000
2025-10-03T17:54:00+00:00,217345.810000
2025-10-06T04:09:00+00:00,217323.610000
2025-10-06T04:34:00+00:00,216146.410000
2025-10-06T07:59:00+00:00,216126.430000
2025-10-06T10:54:00+00:00,221337.700000
2025-10-06T17:24:00+00:00,221330.300000
2025-10-06T17:29:00+00:00,221319.940000
2025-10-06T20:09:00+00:00,220452.540000
2025-10-06T20:09:00+00:00,219357.180000
2025-10-07T08:09:00+00:00,219334.980000
2025-10-07T08:44:00+00:00,219147.780000
2025-10-07T08:44:00+00:00,219125.580000
2025-10-07T10:34:00+00:00,221540.880000
2025-10-07T10:49:00+00:00,221518.680000
2025-10-07T11:54:00+00:00,220806.480000
2025-10-07T14:29:00+00:00,220790.200000
2025-10-07T15:09:00+00:00,226273.920000
2025-10-07T16:54:00+00:00,226269.480000
2025-10-07T20:09:00+00:00,225887.040000
2025-10-08T11:24:00+00:00,225864.840000
2025-10-08T13:29:00+00:00,224522.640000
2025-10-08T13:49:00+00:00,224513.760000
2025-10-08T20:09:00+00:00,228572.880000
2025-10-09T01:19:00+00:00,228559.560000
2025-10-09T02:44:00+00:00,228550.680000
2025-10-09T06:19:00+00:00,227419.800000
2025-10-09T11:49:00+00:00,227410.920000
2025-10-09T13:44:00+00:00,228542.040000
2025-10-09T14:29:00+00:00,228533.160000
2025-10-09T17:19:00+00:00,234144.840000
2025-10-09T20:09:00+00:00,233103.960000
2025-10-10T07:09:00+00:00,233081.760000
2025-10-10T09:49:00+00:00,231364.560000
2025-10-10T14:59:00+00:00,231360.120000
2025-10-10T15:04:00+00:00,231353.460000
2025-10-10T15:34:00+00:00,236816.520000
2025-10-10T15:34:00+00:00,242311.110000
2025-10-12T22:09:00+00:00,242308.150000
2025-10-13T03:14:00+00:00,242288.910000
2025-10-13T03:44:00+00:00,240254.670000
2025-10-13T06:39:00+00:00,240235.430000
2025-10-13T10:49:00+00:00,241456.470000
2025-10-13T10:49:00+00:00,241840.230000
2025-10-13T10:54:00+00:00,241821.730000
2025-10-13T13:09:00+00:00,239378.230000
2025-10-13T13:59:00+00:00,239373.050000
2025-10-13T20:09:00+00:00,239773.870000
2025-10-14T00:09:00+00:00,239751.670000
2025-10-14T00:24:00+00:00,242466.970000
2025-10-14T13:09:00+00:00,242461.050000
2025-10-14T13:39:00+00:00,240127.130000
2025-10-14T14:24:00+00:00,240124.170000
2025-10-14T20:09:00+00:00,240255.210000
2025-10-15T07:29:00+00:00,240233.010000
2025-10-15T08:04:00+00:00,238665.810000
2025-10-15T08:09:00+00:00,238645.090000
2025-10-15T13:49:00+00:00,238218.370000
2025-10-15T13:49:00+00:00,238208.750000
2025-10-15T13:59:00+00:00,235924.130000
2025-10-16T08:34:00+00:00,235901.930000
2025-10-16T09:54:00+00:00,234709.730000
2025-10-16T09:54:00+00:00,234694.930000
2025-10-16T13:34:00+00:00,236530.130000
2025-10-16T13:34:00+00:00,236516.070000
2025-10-16T14:34:00+00:00,235732.510000
2025-10-16T14:34:00+00:00,235720.670000
2025-10-16T15:29:00+00:00,233412.830000
2025-10-17T05:59:00+00:00,233390.630000
2025-10-17T06:39:00+00:00,231268.430000
2025-10-17T12:14:00+00:00,231265.470000
2025-10-17T13:54:00+00:00,231261.030000
2025-10-17T20:09:00+00:00,233278.070000
2025-10-17T20:09:00+00:00,235193.630000
2025-10-20T04:44:00+00:00,235171.430000
2025-10-20T05:24:00+00:00,234069.230000
2025-10-20T05:24:00+00:00,234047.030000
2025-10-20T06:29:00+00:00,234549.830000
2025-10-20T06:29:00+00:00,234527.630000
2025-10-20T08:44:00+00:00,233020.430000
2025-10-20T10:49:00+00:00,233004.150000
2025-10-20T12:49:00+00:00,230699.870000
2025-10-20T13:34:00+00:00,230677.670000
2025-10-20T13:39:00+00:00,228885.470000
2025-10-20T13:54:00+00:00,228878.810000
2025-10-20T20:04:00+00:00,230244.650000
2025-10-20T23:24:00+00:00,230222.450000
2025-10-21T01:04:00+00:00,229330.250000
2025-10-21T13:34:00+00:00,229311.010000
2025-10-21T13:44:00+00:00,226990.770000
2025-10-21T14:04:00+00:00,226980.410000
2025-10-21T15:49:00+00:00,224751.050000
2025-10-22T07:09:00+00:00,224734.030000
2025-10-22T09:29:00+00:00,226097.010000
2025-10-22T09:29:00+00:00,226074.810000
2025-10-22T11:14:00+00:00,224552.610000
2025-10-22T13:39:00+00:00,224530.410000
2025-10-22T13:44:00+00:00,223203.210000
2025-10-22T13:54:00+00:00,223195.810000
2025-10-22T14:19:00+00:00,222318.410000
2025-10-22T14:19:00+00:00,222306.570000
2025-10-22T14:44:00+00:00,227554.730000
2025-10-23T00:24:00+00:00,227541.410000
2025-10-23T03:34:00+00:00,229958.090000
2025-10-23T03:34:00+00:00,229935.890000
2025-10-23T04:29:00+00:00,230723.690000
2025-10-23T04:29:00+00:00,230701.490000
2025-10-23T05:24:00+00:00,229509.290000
2025-10-23T13:49:00+00:00,229503.370000
2025-10-23T20:09:00+00:00,231597.450000
2025-10-24T07:54:00+00:00,231575.250000
2025-10-24T08:49:00+00:00,229408.050000
2025-10-24T09:54:00+00:00,229385.850000
2025-10-24T12:34:00+00:00,228583.650000
2025-10-24T14:09:00+00:00,228575.510000
2025-10-24T20:09:00+00:00,228138.370000
2025-10-27T14:04:00+00:00,228126.530000
2025-10-27T20:09:00+00:00,231282.690000
2025-10-28T13:54:00+00:00,231268.630000
2025-10-28T16:29:00+00:00,228946.070000
2025-10-29T08:19:00+00:00,228923.870000
2025-10-29T08:59:00+00:00,231414.170000
2025-10-29T11:04:00+00:00,231396.410000
2025-10-29T12:54:00+00:00,231198.650000
2025-10-29T12:54:00+00:00,231176.450000
2025-10-29T13:54:00+00:00,233179.250000
2025-10-29T13:59:00+00:00,233165.930000
2025-10-29T14:54:00+00:00,230839.610000
2025-10-29T18:44:00+00:00,230830.730000
2025-10-29T18:54:00+00:00,228601.850000
2025-10-30T04:09:00+00:00,228583.350000
2025-10-30T04:14:00+00:00,234189.850000
2025-10-30T07:19:00+00:00,234172.830000
2025-10-30T09:24:00+00:00,231844.310000
2025-10-30T13:54:00+00:00,231839.870000
2025-10-30T19:19:00+00:00,229546.430000
2025-10-31T04:29:00+00:00,229524.230000
2025-10-31T07:09:00+00:00,232577.030000
2025-10-31T08:14:00+00:00,232554.830000
2025-10-31T08:34:00+00:00,231062.630000
2025-10-31T14:04:00+00:00,231056.710000
2025-10-31T20:09:00+00:00,232242.790000
2025-11-03T05:34:00+00:00,232220.590000
2025-11-03T06:24:00+00:00,230473.390000
2025-11-03T11:04:00+00:00,230451.190000
2025-11-03T12:14:00+00:00,229078.990000
2025-11-03T14:44:00+00:00,229068.630000
2025-11-03T14:49:00+00:00,229061.230000
2025-11-03T21:09:00+00:00,229610.870000
2025-11-03T21:09:00+00:00,229753.470000
2025-11-04T12:24:00+00:00,229746.810000
2025-11-04T14:24:00+00:00,229731.270000
2025-11-04T14:34:00+00:00,227657.730000
2025-11-04T14:39:00+00:00,226341.570000
2025-11-04T14:39:00+00:00,226332.690000
2025-11-04T14:44:00+00:00,224175.810000
2025-11-04T14:54:00+00:00,224172.110000
2025-11-04T17:19:00+00:00,222273.410000
2025-11-05T05:14:00+00:00,222268.970000
2025-11-05T08:14:00+00:00,222257.130000
2025-11-05T10:54:00+00:00,220077.290000
2025-11-05T14:49:00+00:00,220070.630000
2025-11-05T14:59:00+00:00,220063.970000
2025-11-05T21:09:00+00:00,222504.530000
2025-11-05T21:09:00+00:00,224657.870000
2025-11-05T21:09:00+00:00,225236.210000
2025-11-06T03:59:00+00:00,225214.010000
2025-11-06T07:39:00+00:00,228904.310000
2025-11-06T07:39:00+00:00,228885.810000
2025-11-06T09:09:00+00:00,226642.310000
2025-11-06T10:44:00+00:00,226620.110000
2025-11-06T12:09:00+00:00,225112.910000
2025-11-06T14:54:00+00:00,225106.990000
2025-11-06T16:44:00+00:00,230351.070000
2025-11-06T18:14:00+00:00,230342.190000
2025-11-06T18:34:00+00:00,228119.310000
2025-11-07T04:24:00+00:00,228103.770000
2025-11-07T08:54:00+00:00,228097.110000
2025-11-07T09:34:00+00:00,227307.450000
2025-11-07T10:24:00+00:00,225002.910000
2025-11-07T13:54:00+00:00,224988.110000
2025-11-07T14:09:00+00:00,222773.310000
2025-11-07T15:39:00+00:00,222769.610000
2025-11-07T19:59:00+00:00,220570.910000
2025-11-10T00:09:00+00:00,220559.070000
2025-11-10T01:14:00+00:00,218379.230000
2025-11-10T08:29:00+00:00,218357.030000
2025-11-10T09:19:00+00:00,221784.830000
2025-11-10T15:04:00+00:00,221778.170000
2025-11-10T15:59:00+00:00,219697.010000
2025-11-11T08:29:00+00:00,219681.470000
2025-11-11T13:14:00+00:00,220390.430000
2025-11-11T13:14:00+00:00,220368.970000
2025-11-11T13:29:00+00:00,218129.010000
2025-11-11T14:49:00+00:00,218116.430000
2025-11-11T15:04:00+00:00,217602.350000
2025-11-11T15:04:00+00:00,217580.150000
2025-11-11T15:09:00+00:00,215667.950000
2025-11-11T16:34:00+00:00,215660.550000
2025-11-11T17:59:00+00:00,213503.150000
2025-11-12T08:24:00+00:00,213486.870000
2025-11-12T11:34:00+00:00,211380.590000
2025-11-12T14:49:00+00:00,211376.890000
2025-11-12T21:09:00+00:00,210718.190000
2025-11-13T00:04:00+00:00,210695.990000
2025-11-13T01:09:00+00:00,215098.790000
2025-11-13T15:49:00+00:00,215095.830000
2025-11-13T21:09:00+00:00,215798.870000
2025-11-14T05:29:00+00:00,215788.510000
2025-11-14T07:14:00+00:00,213643.150000
2025-11-14T07:24:00+00:00,213638.710000
2025-11-14T08:59:00+00:00,213265.270000
2025-11-14T08:59:00+00:00,213248.990000
2025-11-14T09:49:00+00:00,211131.710000
2025-11-14T10:14:00+00:00,211122.090000
2025-11-14T11:09:00+00:00,209077.970000
2025-11-14T14:49:00+00:00,209075.750000
2025-11-14T14:54:00+00:00,209072.790000
2025-11-14T18:59:00+00:00,209060.950000
2025-11-14T20:44:00+00:00,207009.110000
2025-11-14T21:09:00+00:00,208296.890000
2025-11-14T21:09:00+00:00,209721.930000
2025-11-17T14:04:00+00:00,209705.650000
2025-11-17T14:29:00+00:00,207665.370000
2025-11-17T14:39:00+00:00,207659.450000
2025-11-17T14:49:00+00:00,207657.230000
2025-11-17T16:04:00+00:00,205591.310000
2025-11-17T16:19:00+00:00,204006.590000
2025-11-17T16:34:00+00:00,203998.450000
2025-11-17T17:59:00+00:00,202059.810000
2025-11-18T07:29:00+00:00,202043.530000
2025-11-18T08:34:00+00:00,207059.750000
2025-11-18T09:29:00+00:00,207045.690000
2025-11-18T12:59:00+00:00,212042.880000
2025-11-18T13:09:00+00:00,212030.300000
2025-11-18T14:34:00+00:00,209892.720000
2025-11-18T14:49:00+00:00,209889.020000
2025-11-18T21:09:00+00:00,210542.820000
2025-11-19T02:09:00+00:00,210533.200000
2025-11-19T03:24:00+00:00,210107.580000
2025-11-19T03:24:00+00:00,210092.040000
2025-11-19T05:44:00+00:00,215195.250000
2025-11-19T05:59:00+00:00,215182.670000
2025-11-19T08:44:00+00:00,217864.590000
2025-11-19T08:44:00+00:00,217842.390000
2025-11-19T09:19:00+00:00,216755.190000
2025-11-19T09:19:00+00:00,216747.790000
2025-11-19T14:44:00+00:00,216738.910000
2025-11-19T14:49:00+00:00,216735.210000
2025-11-19T14:59:00+00:00,221665.310000
2025-11-19T15:19:00+00:00,226906.430000
2025-11-19T17:34:00+00:00,224935.230000
2025-11-19T17:49:00+00:00,224924.870000
2025-11-19T20:19:00+00:00,230304.510000
2025-11-20T10:24:00+00:00,230282.310000
2025-11-20T11:54:00+00:00,230800.110000
2025-11-20T11:54:00+00:00,230777.910000
2025-11-20T12:19:00+00:00,228460.710000
2025-11-20T14:59:00+00:00,228454.790000
2025-11-20T16:04:00+00:00,226392.870000
2025-11-21T08:14:00+00:00,226383.990000
2025-11-21T09:44:00+00:00,224239.110000
2025-11-21T14:54:00+00:00,224233.190000
2025-11-21T15:04:00+00:00,222183.270000
2025-11-24T08:09:00+00:00,222167.730000
2025-11-24T08:19:00+00:00,220020.690000
2025-11-24T15:04:00+00:00,220016.990000
2025-11-24T20:09:00+00:00,220002.930000
2025-11-24T21:09:00+00:00,222269.230000
2025-11-24T21:09:00+00:00,223024.670000
2025-11-25T12:09:00+00:00,223014.310000
2025-11-25T14:34:00+00:00,220826.950000
2025-11-25T14:49:00+00:00,220823.990000
2025-11-25T16:24:00+00:00,218831.030000
2025-11-26T00:04:00+00:00,218808.830000
2025-11-26T01:34:00+00:00,223699.130000
2025-11-26T14:59:00+00:00,223691.730000
2025-11-26T15:59:00+00:00,221619.330000
2025-11-27T01:14:00+00:00,221597.130000
2025-11-27T01:59:00+00:00,220494.930000
2025-11-27T04:49:00+00:00,220472.730000
2025-11-27T07:54:00+00:00,220660.530000
2025-11-27T07:54:00+00:00,220638.330000
2025-11-27T08:14:00+00:00,220016.130000
2025-11-27T08:14:00+00:00,219993.930000
2025-11-27T23:09:00+00:00,219341.730000
2025-11-27T23:09:00+00:00,219319.530000
2025-11-28T14:39:00+00:00,224322.330000
2025-11-28T16:09:00+00:00,224314.930000
2025-12-01T00:49:00+00:00,222227.530000
2025-12-01T11:19:00+00:00,222205.330000
2025-12-01T12:14:00+00:00,219948.130000
2025-12-01T14:39:00+00:00,219934.810000
2025-12-01T14:54:00+00:00,219928.890000
2025-12-01T15:54:00+00:00,225158.070000
2025-12-01T19:09:00+00:00,226760.150000
2025-12-01T19:09:00+00:00,226737.950000
2025-12-01T19:29:00+00:00,229865.750000
2025-12-01T23:29:00+00:00,229846.510000
2025-12-02T03:29:00+00:00,227565.270000
2025-12-02T15:04:00+00:00,227560.830000
2025-12-02T15:49:00+00:00,227554.910000
2025-12-02T16:24:00+00:00,225585.470000
2025-12-02T16:24:00+00:00,223375.550000
2025-12-03T00:29:00+00:00,223353.350000
2025-12-03T00:49:00+00:00,221291.150000
2025-12-03T00:54:00+00:00,221270.430000
2025-12-03T13:24:00+00:00,223083.710000
2025-12-03T13:24:00+00:00,223061.510000
2025-12-03T14:04:00+00:00,227164.310000
2025-12-03T14:09:00+00:00,227154.690000
2025-12-03T14:34:00+00:00,224889.570000
2025-12-03T15:04:00+00:00,224882.910000
2025-12-03T21:09:00+00:00,226280.250000
2025-12-04T01:14:00+00:00,226258.050000
2025-12-04T02:14:00+00:00,224585.850000
2025-12-04T05:24:00+00:00,224563.650000
2025-12-04T07:09:00+00:00,222891.450000
2025-12-04T14:39:00+00:00,222877.390000
2025-12-04T16:04:00+00:00,222872.950000
2025-12-04T21:09:00+00:00,222184.390000
2025-12-04T21:09:00+00:00,220967.950000
2025-12-05T08:34:00+00:00,220945.750000
2025-12-05T12:24:00+00:00,223848.550000
2025-12-05T14:54:00+00:00,223841.890000
2025-12-05T16:34:00+00:00,221643.730000
2025-12-08T06:14:00+00:00,221621.530000
2025-12-08T06:49:00+00:00,221164.330000
2025-12-08T06:49:00+00:00,221142.130000
2025-12-08T07:24:00+00:00,220309.930000
2025-12-08T07:24:00+00:00,220287.730000
2025-12-08T08:29:00+00:00,218660.530000
2025-12-08T10:34:00+00:00,218638.330000
2025-12-08T11:34:00+00:00,217101.130000
2025-12-08T13:39:00+00:00,217082.630000
2025-12-08T13:49:00+00:00,216439.130000
2025-12-08T13:49:00+00:00,216418.410000
2025-12-08T14:49:00+00:00,214255.690000
2025-12-08T14:49:00+00:00,214248.290000
2025-12-08T21:09:00+00:00,216105.890000
2025-12-09T01:09:00+00:00,216083.690000
2025-12-09T06:04:00+00:00,219586.490000
2025-12-09T15:29:00+00:00,219578.350000
2025-12-09T21:09:00+00:00,220169.710000
2025-12-10T00:14:00+00:00,220147.510000
2025-12-10T00:19:00+00:00,219465.310000
2025-12-10T00:24:00+00:00,219449.770000
2025-12-10T03:24:00+00:00,219443.110000
2025-12-10T04:14:00+00:00,219175.450000
2025-12-10T07:24:00+00:00,217038.910000
2025-12-10T10:29:00+00:00,217026.330000
2025-12-10T13:24:00+00:00,214888.750000
2025-12-10T15:54:00+00:00,214876.170000
2025-12-10T15:59:00+00:00,214651.090000
2025-12-10T15:59:00+00:00,214642.950000
2025-12-10T17:54:00+00:00,212495.310000
2025-12-11T06:44:00+00:00,212473.110000
2025-12-11T07:09:00+00:00,210815.910000
2025-12-11T13:39:00+00:00,210799.630000
2025-12-11T14:39:00+00:00,210793.710000
2025-12-11T14:49:00+00:00,215919.930000
2025-12-11T14:49:00+00:00,215915.490000
2025-12-11T15:14:00+00:00,216377.570000
2025-12-11T15:14:00+00:00,215539.130000
2025-12-11T15:19:00+00:00,215530.990000
2025-12-11T15:54:00+00:00,213405.350000
2025-12-11T16:59:00+00:00,213400.170000
2025-12-11T17:39:00+00:00,211431.490000
2025-12-12T06:39:00+00:00,211409.290000
2025-12-12T09:09:00+00:00,214537.090000
2025-12-12T14:49:00+00:00,214530.430000
2025-12-12T15:59:00+00:00,219575.020000
2025-12-15T04:34:00+00:00,219552.820000
2025-12-15T07:14:00+00:00,219875.620000
2025-12-15T07:14:00+00:00,219853.420000
2025-12-15T08:44:00+00:00,218601.220000
2025-12-15T14:39:00+00:00,218586.420000
2025-12-15T14:54:00+00:00,218581.240000
2025-12-15T15:14:00+00:00,223891.440000
2025-12-15T16:39:00+00:00,223887.000000
2025-12-15T21:09:00+00:00,226275.820000
2025-12-15T21:09:00+00:00,227027.380000
2025-12-16T03:54:00+00:00,227011.100000
2025-12-16T05:59:00+00:00,224805.820000
2025-12-16T08:09:00+00:00,224793.240000
2025-12-16T12:14:00+00:00,230326.910000
2025-12-16T13:59:00+00:00,230320.990000
2025-12-16T14:54:00+00:00,228151.070000
2025-12-16T14:59:00+00:00,228146.630000
2025-12-16T15:29:00+00:00,225985.190000
2025-12-17T13:04:00+00:00,225962.990000
2025-12-17T13:14:00+00:00,228190.790000
2025-12-17T14:54:00+00:00,228185.610000
2025-12-17T21:09:00+00:00,232530.930000
2025-12-18T02:29:00+00:00,232510.210000
2025-12-18T07:04:00+00:00,231201.490000
2025-12-18T07:04:00+00:00,231179.290000
2025-12-18T08:34:00+00:00,233422.090000
2025-12-18T08:34:00+00:00,233399.890000
2025-12-18T08:44:00+00:00,232342.690000
2025-12-18T10:44:00+00:00,232320.490000
2025-12-18T12:04:00+00:00,230843.290000
2025-12-18T14:44:00+00:00,230833.670000
2025-12-18T14:59:00+00:00,228659.550000
2025-12-18T15:34:00+00:00,228655.850000
2025-12-18T17:14:00+00:00,227339.650000
2025-12-18T17:14:00+00:00,227329.290000
2025-12-18T17:44:00+00:00,225134.930000
2025-12-18T23:14:00+00:00,225129.010000
2025-12-19T01:09:00+00:00,225112.730000
2025-12-19T01:44:00+00:00,225142.810000
2025-12-19T01:44:00+00:00,225247.530000
2025-12-19T01:49:00+00:00,225225.330000
2025-12-19T03:29:00+00:00,228915.630000
2025-12-19T10:19:00+00:00,228901.570000
2025-12-19T11:14:00+00:00,226693.010000
2025-12-19T14:59:00+00:00,226689.310000
2025-12-19T21:09:00+00:00,226943.110000
2025-12-22T12:09:00+00:00,226920.910000
2025-12-22T13:24:00+00:00,228886.210000
2025-12-22T13:44:00+00:00,228864.010000
2025-12-22T14:04:00+00:00,227446.810000
2025-12-22T15:39:00+00:00,227441.630000
2025-12-22T21:09:00+00:00,226673.450000
2025-12-23T07:39:00+00:00,226651.250000
2025-12-23T08:24:00+00:00,224544.050000
2025-12-23T11:19:00+00:00,224522.590000
2025-12-23T13:09:00+00:00,224521.850000
2025-12-23T14:34:00+00:00,222296.390000
2025-12-23T14:34:00+00:00,222218.650000
2025-12-23T15:04:00+00:00,222210.510000
2025-12-23T15:09:00+00:00,222203.110000
2025-12-23T15:59:00+00:00,219983.970000
2025-12-23T16:54:00+00:00,217826.570000
2025-12-24T13:14:00+00:00,217804.370000
2025-12-24T13:34:00+00:00,216732.170000
2025-12-24T15:14:00+00:00,216714.410000
2025-12-24T15:29:00+00:00,216060.650000
2025-12-24T15:29:00+00:00,216038.450000
2025-12-24T16:09:00+00:00,214816.250000
2025-12-26T09:24:00+00:00,214794.050000
2025-12-26T09:59:00+00:00,213826.850000
2025-12-26T13:54:00+00:00,213804.650000
2025-12-26T14:19:00+00:00,212642.450000
2025-12-26T15:04:00+00:00,212632.090000
2025-12-26T17:34:00+00:00,212313.730000
2025-12-26T17:34:00+00:00,212295.230000
2025-12-26T21:09:00+00:00,211864.230000
2025-12-29T03:39:00+00:00,211842.030000
2025-12-29T05:04:00+00:00,210634.830000
2025-12-29T06:39:00+00:00,210618.550000
2025-12-29T12:49:00+00:00,210612.630000
2025-12-29T13:49:00+00:00,215738.850000
2025-12-29T13:54:00+00:00,217042.930000
2025-12-29T17:29:00+00:00,217038.490000
2025-12-29T21:09:00+00:00,216080.050000
2025-12-30T00:59:00+00:00,216057.850000
2025-12-30T03:34:00+00:00,213980.650000
2025-12-30T05:54:00+00:00,213958.450000
2025-12-30T06:29:00+00:00,212226.250000
2025-12-30T11:54:00+00:00,212204.050000
2025-12-30T13:34:00+00:00,210771.850000
2025-12-30T13:44:00+00:00,210755.570000
2025-12-30T14:39:00+00:00,211388.290000
2025-12-30T14:39:00+00:00,211366.090000
2025-12-30T14:59:00+00:00,215618.890000
2025-12-30T15:19:00+00:00,215607.790000
2025-12-30T16:19:00+00:00,213436.690000
2025-12-30T16:44:00+00:00,213414.490000
2025-12-30T21:09:00+00:00,216812.290000
2025-12-31T05:44:00+00:00,216790.090000
2025-12-31T07:34:00+00:00,217337.890000
2025-12-31T07:34:00+00:00,217315.690000
2025-12-31T08:14:00+00:00,216378.490000
2025-12-31T14:49:00+00:00,216369.610000
2025-12-31T17:14:00+00:00,216356.290000
2025-12-31T18:44:00+00:00,214713.970000
2025-12-31T21:09:00+00:00,218449.090000
2026-01-02T11:24:00+00:00,218426.890000
2026-01-02T14:24:00+00:00,221742.190000
2026-01-02T14:49:00+00:00,221735.530000
2026-01-02T15:14:00+00:00,219627.370000
2026-01-02T15:19:00+00:00,219622.930000
2026-01-02T21:09:00+00:00,221727.490000
2026-01-05T05:14:00+00:00,221705.290000
2026-01-05T05:34:00+00:00,220843.090000
2026-01-05T06:34:00+00:00,220820.890000
2026-01-05T06:49:00+00:00,219673.690000
2026-01-05T11:34:00+00:00,219651.490000
2026-01-05T11:39:00+00:00,218639.290000
2026-01-05T13:39:00+00:00,218617.090000
2026-01-05T14:29:00+00:00,223694.890000
2026-01-05T15:29:00+00:00,223688.970000
2026-01-05T20:59:00+00:00,222295.050000
2026-01-06T14:49:00+00:00,222287.650000
2026-01-06T21:09:00+00:00,224505.250000
2026-01-07T05:49:00+00:00,224483.050000
2026-01-07T14:34:00+00:00,222210.850000
2026-01-07T15:29:00+00:00,222202.710000
2026-01-07T21:09:00+00:00,221287.070000
2026-01-08T08:54:00+00:00,221264.870000
2026-01-08T13:24:00+00:00,219982.670000
2026-01-08T14:59:00+00:00,219978.970000
2026-01-08T15:14:00+00:00,219227.770000
2026-01-08T15:14:00+00:00,219212.970000
2026-01-08T15:54:00+00:00,217058.170000
2026-01-08T18:24:00+00:00,217048.550000
2026-01-08T21:09:00+00:00,218156.930000
2026-01-09T07:44:00+00:00,218134.730000
2026-01-09T09:34:00+00:00,220100.030000
2026-01-09T12:54:00+00:00,220077.830000
2026-01-09T13:59:00+00:00,224105.630000
2026-01-09T14:44:00+00:00,224098.230000
2026-01-09T15:09:00+00:00,221935.830000
2026-01-09T15:09:00+00:00,221930.650000
2026-01-09T15:24:00+00:00,219849.970000
2026-01-09T15:34:00+00:00,219847.010000
2026-01-09T15:49:00+00:00,219102.050000
2026-01-09T15:49:00+00:00,219090.210000
2026-01-09T16:04:00+00:00,216902.370000
2026-01-09T18:44:00+00:00,216894.970000
2026-01-09T21:09:00+00:00,216817.570000
2026-01-12T08:19:00+00:00,216795.370000
2026-01-12T08:34:00+00:00,219435.670000
2026-01-12T14:39:00+00:00,219421.610000
2026-01-12T14:54:00+00:00,219416.430000
2026-01-12T21:09:00+00:00,222223.870000
2026-01-12T21:09:00+00:00,223093.690000
2026-01-13T01:54:00+00:00,223071.490000
2026-01-13T08:39:00+00:00,224609.290000
2026-01-13T08:39:00+00:00,224587.090000
2026-01-13T13:34:00+00:00,222389.890000
2026-01-13T13:39:00+00:00,222375.090000
2026-01-13T15:04:00+00:00,220220.290000
2026-01-13T15:04:00+00:00,220213.630000
2026-01-13T21:09:00+00:00,220499.470000
2026-01-14T01:39:00+00:00,220477.270000
2026-01-14T03:34:00+00:00,219510.070000
2026-01-14T14:49:00+00:00,219504.890000
2026-01-14T14:59:00+00:00,219501.190000
2026-01-14T17:59:00+00:00,219497.490000
2026-01-14T18:39:00+00:00,219491.570000
2026-01-14T20:09:00+00:00,217265.650000
2026-01-14T20:14:00+00:00,218838.970000
2026-01-14T20:14:00+00:00,219140.270000
2026-01-14T20:14:00+00:00,218089.070000
2026-01-14T20:19:00+00:00,218083.150000
2026-01-14T21:09:00+00:00,219417.230000
2026-01-15T01:09:00+00:00,219405.390000
2026-01-15T01:34:00+00:00,217209.550000
2026-01-15T08:14:00+00:00,217202.150000
2026-01-15T15:44:00+00:00,219829.750000
2026-01-15T15:44:00+00:00,219821.610000
2026-01-15T16:04:00+00:00,218449.470000
2026-01-15T16:04:00+00:00,218433.190000
2026-01-15T17:34:00+00:00,216260.910000
2026-01-16T07:49:00+00:00,216238.710000
2026-01-16T08:04:00+00:00,216336.510000
2026-01-16T08:04:00+00:00,216314.310000
2026-01-16T08:44:00+00:00,218617.110000
2026-01-16T08:59:00+00:00,218594.910000
2026-01-16T12:59:00+00:00,219367.710000
2026-01-16T12:59:00+00:00,219348.470000
2026-01-16T14:29:00+00:00,217145.230000
2026-01-16T14:54:00+00:00,217137.830000
2026-01-16T19:19:00+00:00,217123.030000
2026-01-16T19:39:00+00:00,215828.230000
2026-01-16T21:09:00+00:00,217950.830000
2026-01-19T00:44:00+00:00,217935.290000
2026-01-19T01:59:00+00:00,215809.250000
2026-01-19T05:29:00+00:00,215788.530000
2026-01-19T07:04:00+00:00,213653.810000
2026-01-19T07:54:00+00:00,213631.610000
2026-01-19T08:39:00+00:00,217209.410000
2026-01-19T14:59:00+00:00,217193.130000
2026-01-19T16:29:00+00:00,218056.850000
2026-01-19T16:29:00+00:00,218034.650000
2026-01-19T16:39:00+00:00,216317.450000
2026-01-20T00:44:00+00:00,216298.210000
2026-01-20T00:59:00+00:00,214146.970000
2026-01-20T02:39:00+00:00,214138.830000
2026-01-20T05:44:00+00:00,213223.190000
2026-01-20T05:44:00+00:00,213203.950000
2026-01-20T06:34:00+00:00,218352.210000
2026-01-20T12:24:00+00:00,218331.490000
2026-01-20T12:44:00+00:00,216168.770000
2026-01-20T15:29:00+00:00,216162.850000
2026-01-20T18:34:00+00:00,214112.930000
2026-01-21T09:09:00+00:00,214090.730000
2026-01-21T09:49:00+00:00,212103.530000
2026-01-21T14:49:00+00:00,212096.870000
2026-01-21T18:09:00+00:00,211253.210000
2026-01-21T18:09:00+00:00,211250.990000
2026-01-21T19:34:00+00:00,209510.270000
2026-01-21T23:09:00+00:00,209499.910000
2026-01-22T06:14:00+00:00,207424.550000
2026-01-22T14:49:00+00:00,207420.110000
2026-01-22T19:09:00+00:00,205939.670000
2026-01-22T19:09:00+00:00,205922.650000
2026-01-22T19:59:00+00:00,203904.630000
2026-01-23T14:59:00+00:00,203897.230000
2026-01-23T16:44:00+00:00,203894.270000
2026-01-23T21:09:00+00:00,204866.870000
2026-01-23T21:09:00+00:00,204063.910000
2026-01-26T06:39:00+00:00,204041.710000
2026-01-26T06:54:00+00:00,203029.510000
2026-01-26T10:04:00+00:00,203008.050000
2026-01-26T12:09:00+00:00,207916.590000
2026-01-26T13:54:00+00:00,207897.350000
2026-01-26T14:44:00+00:00,212948.110000
2026-01-26T14:59:00+00:00,212942.190000
2026-01-26T21:09:00+00:00,213120.270000
2026-01-27T03:44:00+00:00,213108.430000
2026-01-27T07:54:00+00:00,214120.590000
2026-01-27T07:54:00+00:00,214098.390000
2026-01-27T10:09:00+00:00,215141.190000
2026-01-27T10:09:00+00:00,215118.990000
2026-01-27T11:39:00+00:00,217496.790000
2026-01-27T14:44:00+00:00,217486.430000
2026-01-27T14:54:00+00:00,215432.070000
2026-01-27T14:54:00+00:00,215425.410000
2026-01-27T14:59:00+00:00,215418.750000
2026-01-27T21:09:00+00:00,216118.590000
2026-01-27T21:09:00+00:00,216530.430000
2026-01-28T04:09:00+00:00,216508.230000
2026-01-28T06:04:00+00:00,218623.530000
2026-01-28T07:49:00+00:00,218613.910000
2026-01-28T14:19:00+00:00,216459.290000
2026-01-28T14:29:00+00:00,216437.090000
2026-01-28T14:34:00+00:00,215184.890000
2026-01-28T15:34:00+00:00,215177.490000
2026-01-28T20:04:00+00:00,215162.690000
2026-01-28T21:04:00+00:00,220047.890000
2026-01-28T21:09:00+00:00,220945.490000
2026-01-28T23:19:00+00:00,220936.610000
2026-01-29T08:19:00+00:00,219181.730000
2026-01-29T08:19:00+00:00,219159.530000
2026-01-29T08:29:00+00:00,217457.330000
2026-01-29T14:54:00+00:00,217454.370000
2026-01-29T19:39:00+00:00,217438.090000
2026-01-29T20:39:00+00:00,215320.810000
2026-01-29T21:09:00+00:00,214867.850000
2026-01-30T09:19:00+00:00,214858.230000
2026-01-30T11:04:00+00:00,212814.110000
2026-01-30T15:29:00+00:00,212808.930000
2026-01-30T15:44:00+00:00,211400.250000
2026-01-30T15:44:00+00:00,211392.850000
2026-01-30T16:19:00+00:00,209410.450000
2026-01-30T18:34:00+00:00,209403.050000
2026-01-30T21:09:00+00:00,209980.650000
2026-02-02T14:49:00+00:00,209976.950000
2026-02-02T21:09:00+00:00,211438.250000
2026-02-03T05:29:00+00:00,211426.410000
2026-02-03T13:29:00+00:00,212126.570000
2026-02-03T13:29:00+00:00,212104.370000
2026-02-03T14:19:00+00:00,215082.170000
2026-02-03T14:54:00+00:00,215079.210000
2026-02-03T21:09:00+00:00,217242.250000
2026-02-03T23:19:00+00:00,217237.810000
2026-02-04T01:09:00+00:00,217223.010000
2026-02-04T09:24:00+00:00,215058.210000
2026-02-04T14:34:00+00:00,212962.770000
2026-02-04T14:59:00+00:00,212959.070000
2026-02-04T15:04:00+00:00,212956.110000
2026-02-04T21:09:00+00:00,214642.410000
2026-02-04T21:09:00+00:00,215625.450000
2026-02-05T01:29:00+00:00,215607.690000
2026-02-05T02:14:00+00:00,220869.930000
2026-02-05T15:04:00+00:00,220864.750000
2026-02-05T15:14:00+00:00,220863.270000
2026-02-05T16:59:00+00:00,218768.590000
2026-02-05T21:09:00+00:00,218632.110000
2026-02-05T23:34:00+00:00,218619.530000
2026-02-05T23:54:00+00:00,216413.950000
2026-02-06T06:44:00+00:00,216400.630000
2026-02-06T09:09:00+00:00,214326.310000
2026-02-06T14:49:00+00:00,214323.350000
2026-02-06T19:29:00+00:00,214316.690000
2026-02-06T21:09:00+00:00,215909.730000
2026-02-06T21:09:00+00:00,216371.070000
2026-02-09T14:44:00+00:00,216366.630000
2026-02-09T14:49:00+00:00,216363.670000
2026-02-09T21:09:00+00:00,218885.230000
2026-02-09T21:09:00+00:00,220390.270000
2026-02-09T23:19:00+00:00,220375.470000
2026-02-10T01:44:00+00:00,221310.670000
2026-02-10T01:44:00+00:00,221288.470000
2026-02-10T02:14:00+00:00,219946.270000
2026-02-10T03:39:00+00:00,219924.070000
2026-02-10T09:09:00+00:00,224251.870000
2026-02-10T12:44:00+00:00,224229.670000
2026-02-10T12:59:00+00:00,226494.970000
2026-02-10T14:59:00+00:00,226486.090000
2026-02-10T15:09:00+00:00,226481.650000
2026-02-10T18:29:00+00:00,224228.770000
2026-02-10T20:09:00+00:00,222187.330000
2026-02-11T02:59:00+00:00,222169.570000
2026-02-11T03:34:00+00:00,222165.130000
2026-02-11T05:44:00+00:00,221752.690000
2026-02-11T06:19:00+00:00,219550.930000
2026-02-11T07:19:00+00:00,219539.830000
2026-02-11T13:34:00+00:00,217398.730000
2026-02-11T14:59:00+00:00,217394.290000
2026-02-11T15:59:00+00:00,218118.850000
2026-02-11T15:59:00+00:00,218114.410000
2026-02-11T16:34:00+00:00,217608.970000
2026-02-11T16:34:00+00:00,217606.010000
2026-02-11T17:14:00+00:00,217521.050000
2026-02-11T17:14:00+00:00,217515.870000
2026-02-11T21:09:00+00:00,218417.190000
2026-02-12T04:39:00+00:00,218394.990000
2026-02-12T05:04:00+00:00,217562.790000
2026-02-12T10:19:00+00:00,217540.590000
2026-02-12T11:24:00+00:00,216393.390000
2026-02-12T13:39:00+00:00,216371.930000
2026-02-12T14:29:00+00:00,214204.470000
2026-02-12T14:49:00+00:00,214199.290000
2026-02-12T16:19:00+00:00,219129.110000
2026-02-13T01:09:00+00:00,219115.050000
2026-02-13T03:59:00+00:00,216915.990000
2026-02-13T08:24:00+00:00,216904.890000
2026-02-13T09:09:00+00:00,216893.790000
2026-02-13T09:24:00+00:00,214790.190000
2026-02-13T09:24:00+00:00,213684.090000
2026-02-13T15:09:00+00:00,213681.130000
2026-02-13T21:09:00+00:00,213536.170000
2026-02-16T15:04:00+00:00,213525.810000
2026-02-16T15:29:00+00:00,211394.450000
2026-02-17T08:39:00+00:00,211382.610000
2026-02-17T13:29:00+00:00,212818.770000
2026-02-17T13:29:00+00:00,212803.970000
2026-02-17T14:34:00+00:00,217889.170000
2026-02-17T14:54:00+00:00,217886.950000
2026-02-17T14:59:00+00:00,217883.990000
2026-02-17T15:24:00+00:00,217803.770000
2026-02-17T15:24:00+00:00,217330.810000
2026-02-17T15:29:00+00:00,217326.370000
2026-02-17T21:09:00+00:00,220258.930000
2026-02-18T12:39:00+00:00,220247.090000
2026-02-18T14:54:00+00:00,219835.250000
2026-02-18T14:54:00+00:00,219829.330000
2026-02-18T14:59:00+00:00,219823.410000
2026-02-18T17:09:00+00:00,219821.190000
2026-02-18T21:09:00+00:00,220595.270000
2026-02-18T21:09:00+00:00,220501.350000
2026-02-18T21:09:00+00:00,219470.130000
2026-02-18T23:09:00+00:00,219461.250000
2026-02-19T00:39:00+00:00,219447.930000
2026-02-19T01:29:00+00:00,218851.050000
2026-02-19T01:29:00+00:00,219539.730000
2026-02-19T01:34:00+00:00,219517.530000
2026-02-19T02:49:00+00:00,218415.330000
2026-02-19T08:14:00+00:00,218399.050000
2026-02-19T08:49:00+00:00,216237.770000
2026-02-19T14:34:00+00:00,216220.750000
2026-02-19T14:54:00+00:00,214076.230000
2026-02-19T15:04:00+00:00,214071.790000
2026-02-19T16:34:00+00:00,213971.350000
2026-02-19T16:34:00+00:00,213955.070000
2026-02-19T17:49:00+00:00,219273.790000
2026-02-19T19:44:00+00:00,219267.130000
2026-02-19T21:09:00+00:00,217694.470000
2026-02-20T01:59:00+00:00,217681.150000
2026-02-20T11:04:00+00:00,215561.830000
2026-02-20T14:39:00+00:00,215552.210000
2026-02-20T15:04:00+00:00,220726.340000
2026-02-20T15:04:00+00:00,220724.120000
2026-02-20T21:09:00+00:00,221353.400000
2026-02-23T08:19:00+00:00,221343.040000
2026-02-23T14:49:00+00:00,221164.680000
2026-02-23T14:49:00+00:00,221155.800000
2026-02-23T15:04:00+00:00,221151.360000
2026-02-23T16:09:00+00:00,226407.480000
2026-02-23T21:09:00+00:00,227447.040000
2026-02-24T05:24:00+00:00,227424.840000
2026-02-24T05:49:00+00:00,229090.140000
2026-02-24T07:49:00+00:00,229070.900000
2026-02-24T09:19:00+00:00,229506.660000
2026-02-24T09:19:00+00:00,229495.560000
2026-02-24T14:34:00+00:00,227301.960000
2026-02-24T14:49:00+00:00,227296.040000
2026-02-24T21:04:00+00:00,228530.120000
2026-02-25T05:54:00+00:00,228516.800000
2026-02-25T14:34:00+00:00,233948.480000
2026-02-25T14:49:00+00:00,233943.300000
2026-02-25T21:09:00+00:00,235079.120000
2026-02-26T05:24:00+00:00,235056.920000
2026-02-26T07:14:00+00:00,237884.720000
2026-02-26T09:59:00+00:00,237862.520000
2026-02-26T13:29:00+00:00,236805.320000
2026-02-26T14:54:00+00:00,236798.660000
2026-02-26T15:24:00+00:00,242450.750000
2026-02-27T00:54:00+00:00,242428.550000
2026-02-27T05:49:00+00:00,246868.850000
2026-02-27T06:39:00+00:00,246846.650000
2026-02-27T08:04:00+00:00,250049.450000
2026-02-27T09:29:00+00:00,250027.250000
2026-02-27T09:49:00+00:00,253192.550000
2026-02-27T12:19:00+00:00,253170.350000
2026-02-27T12:44:00+00:00,250658.150000
2026-02-27T14:49:00+00:00,250652.230000
2026-02-27T21:09:00+00:00,251290.310000
2026-03-02T14:49:00+00:00,251287.350000
2026-03-02T16:44:00+00:00,251284.390000
2026-03-02T21:09:00+00:00,251991.430000
2026-03-02T21:09:00+00:00,251728.470000
2026-03-03T03:44:00+00:00,251706.270000
2026-03-03T04:09:00+00:00,249539.070000
2026-03-03T10:49:00+00:00,249518.350000
2026-03-03T10:59:00+00:00,247033.630000
2026-03-03T14:49:00+00:00,247028.450000
2026-03-03T16:49:00+00:00,244793.770000
2026-03-03T17:49:00+00:00,244791.550000
2026-03-03T21:09:00+00:00,245056.330000
2026-03-04T00:14:00+00:00,245038.570000
2026-03-04T00:39:00+00:00,243484.810000
2026-03-04T00:39:00+00:00,243470.750000
2026-03-04T01:04:00+00:00,241091.190000
2026-03-04T06:39:00+00:00,241079.350000
2026-03-04T09:49:00+00:00,246987.510000
2026-03-04T12:44:00+00:00,246965.310000
2026-03-04T13:09:00+00:00,252905.610000
2026-03-04T14:39:00+00:00,252900.430000
2026-03-04T15:09:00+00:00,252894.510000
2026-03-04T21:09:00+00:00,256466.330000
2026-03-04T21:09:00+00:00,258792.410000
2026-03-05T09:44:00+00:00,258783.530000
2026-03-05T14:39:00+00:00,258744.650000
2026-03-05T14:39:00+00:00,258729.850000
2026-03-05T14:54:00+00:00,258723.930000
2026-03-05T15:24:00+00:00,256129.130000
2026-03-05T15:34:00+00:00,253595.210000
2026-03-05T15:44:00+00:00,253585.590000
2026-03-05T16:19:00+00:00,251073.470000
2026-03-06T01:39:00+00:00,251057.190000
2026-03-06T02:59:00+00:00,251337.910000
2026-03-06T02:59:00+00:00,251315.710000
2026-03-06T03:59:00+00:00,249178.510000
2026-03-06T05:54:00+00:00,249156.310000
2026-03-06T08:29:00+00:00,252471.610000
2026-03-06T15:04:00+00:00,252465.690000
2026-03-06T20:39:00+00:00,249967.770000
2026-03-09T13:44:00+00:00,249959.630000
2026-03-09T13:54:00+00:00,249955.190000
2026-03-09T14:09:00+00:00,249886.550000
2026-03-09T14:09:00+00:00,249351.110000
2026-03-09T14:14:00+00:00,249343.710000
2026-03-09T15:29:00+00:00,255036.310000
2026-03-10T14:09:00+00:00,255031.130000
2026-03-10T14:39:00+00:00,252505.950000
2026-03-10T17:39:00+00:00,252485.970000
2026-03-10T17:54:00+00:00,249941.490000
2026-03-11T06:39:00+00:00,249919.290000
2026-03-11T06:49:00+00:00,248682.090000
2026-03-11T14:04:00+00:00,248671.730000
2026-03-11T14:24:00+00:00,246225.370000
2026-03-12T06:04:00+00:00,246212.050000
2026-03-12T11:59:00+00:00,249483.730000
2026-03-12T11:59:00+00:00,249463.750000
2026-03-12T13:34:00+00:00,255552.520000
2026-03-12T13:49:00+00:00,255542.900000
2026-03-12T20:09:00+00:00,260551.280000
2026-03-13T00:14:00+00:00,260531.300000
2026-03-13T06:34:00+00:00,257932.820000
2026-03-13T13:54:00+00:00,257927.640000
2026-03-13T14:44:00+00:00,255423.460000
2026-03-16T13:59:00+00:00,255415.320000
2026-03-16T14:54:00+00:00,252899.180000
2026-03-16T19:14:00+00:00,252887.340000
2026-03-16T20:09:00+00:00,251723.500000
2026-03-17T11:19:00+00:00,251701.300000
2026-03-17T11:24:00+00:00,250584.100000
2026-03-17T11:59:00+00:00,250561.900000
2026-03-17T12:04:00+00:00,248484.700000
2026-03-17T12:09:00+00:00,248464.720000
2026-03-17T13:19:00+00:00,254620.990000
2026-03-17T13:49:00+00:00,254615.070000
2026-03-17T15:39:00+00:00,252213.150000
2026-03-18T14:14:00+00:00,252203.530000
2026-03-18T18:24:00+00:00,252191.690000
2026-03-18T19:59:00+00:00,258405.820000
2026-03-18T19:59:00+00:00,264533.980000
2026-03-19T02:04:00+00:00,264511.780000
2026-03-19T02:09:00+00:00,262704.580000
2026-03-19T09:34:00+00:00,262694.220000
2026-03-19T09:54:00+00:00,260100.860000
2026-03-19T13:24:00+00:00,260078.660000
2026-03-19T13:34:00+00:00,257461.460000
2026-03-19T13:49:00+00:00,257454.800000
2026-03-19T17:24:00+00:00,257439.260000
2026-03-19T19:04:00+00:00,262358.720000
2026-03-19T19:04:00+00:00,262346.880000
2026-03-19T20:09:00+00:00,264864.720000
2026-03-19T20:09:00+00:00,265292.880000
2026-03-20T00:29:00+00:00,265272.160000
2026-03-20T01:39:00+00:00,262675.440000
2026-03-20T01:59:00+00:00,262653.240000
2026-03-20T02:54:00+00:00,261176.040000
2026-03-20T03:39:00+00:00,261153.840000
2026-03-20T05:04:00+00:00,259256.640000
2026-03-20T13:39:00+00:00,259236.660000
2026-03-20T13:44:00+00:00,256611.180000
2026-03-20T13:54:00+00:00,256603.780000
2026-03-20T19:34:00+00:00,262983.880000
2026-03-23T05:29:00+00:00,262964.640000
2026-03-23T06:59:00+00:00,269380.400000
2026-03-23T13:49:00+00:00,269373.740000
2026-03-23T15:54:00+00:00,266784.080000
2026-03-24T15:19:00+00:00,266779.640000
2026-03-24T20:09:00+00:00,265449.200000
2026-03-25T00:19:00+00:00,265427.000000
2026-03-25T00:34:00+00:00,263124.800000
2026-03-25T07:09:00+00:00,263112.220000
2026-03-25T07:29:00+00:00,263102.600000
2026-03-25T08:04:00+00:00,260574.020000
2026-03-25T08:04:00+00:00,258997.900000
2026-03-25T12:24:00+00:00,258977.180000
2026-03-25T13:09:00+00:00,256422.460000
2026-03-25T13:49:00+00:00,256414.320000
2026-03-25T16:29:00+00:00,256527.180000
2026-03-25T16:29:00+00:00,256520.520000
2026-03-25T20:09:00+00:00,255775.860000
2026-03-26T12:14:00+00:00,255753.660000
2026-03-26T12:34:00+00:00,253451.460000
2026-03-26T13:49:00+00:00,253438.140000
2026-03-26T14:49:00+00:00,250904.820000
2026-03-27T00:19:00+00:00,250882.620000
2026-03-27T02:39:00+00:00,250305.420000
2026-03-27T02:39:00+00:00,250291.360000
2026-03-27T08:14:00+00:00,248956.800000
2026-03-27T08:14:00+00:00,248950.140000
2026-03-27T13:39:00+00:00,248937.560000
2026-03-27T13:54:00+00:00,248934.600000
2026-03-27T13:59:00+00:00,254620.440000
2026-03-27T17:29:00+00:00,260834.110000
2026-03-27T20:09:00+00:00,262713.150000
2026-03-30T13:49:00+00:00,262707.970000
2026-03-30T16:09:00+00:00,262699.830000
2026-03-30T19:14:00+00:00,268755.440000
2026-03-30T20:09:00+00:00,272253.760000
2026-03-31T03:04:00+00:00,272235.260000
2026-03-31T12:09:00+00:00,269516.760000
2026-03-31T12:19:00+00:00,269501.960000
2026-03-31T13:34:00+00:00,266877.160000
2026-03-31T13:49:00+00:00,266871.240000
2026-03-31T14:59:00+00:00,264433.320000
2026-04-01T12:54:00+00:00,264427.400000
2026-04-01T14:34:00+00:00,261945.480000
2026-04-01T14:39:00+00:00,261940.300000
2026-04-01T20:09:00+00:00,261630.620000
2026-04-02T00:49:00+00:00,261617.300000
2026-04-02T01:04:00+00:00,259029.980000
2026-04-02T01:09:00+00:00,259015.180000
2026-04-02T01:14:00+00:00,256440.380000
2026-04-02T01:24:00+00:00,256436.680000
2026-04-02T11:14:00+00:00,256427.060000
2026-04-02T13:44:00+00:00,256418.180000
2026-04-02T13:49:00+00:00,254645.300000
2026-04-02T13:54:00+00:00,252055.180000
2026-04-02T13:54:00+00:00,253556.480000
2026-04-02T13:54:00+00:00,253551.300000
2026-04-02T14:39:00+00:00,259399.870000
2026-04-03T11:24:00+00:00,259377.670000
2026-04-03T12:34:00+00:00,263442.970000
2026-04-06T07:09:00+00:00,263426.690000
2026-04-06T07:44:00+00:00,260836.410000
2026-04-06T13:39:00+00:00,260820.870000
2026-04-06T13:54:00+00:00,260814.210000
2026-04-06T14:04:00+00:00,267229.920000
2026-04-06T14:09:00+00:00,266071.260000
2026-04-06T14:09:00+00:00,266062.380000
2026-04-06T17:29:00+00:00,266293.500000
2026-04-06T17:29:00+00:00,266277.960000
2026-04-06T20:09:00+00:00,267910.920000
2026-04-06T22:29:00+00:00,267888.720000
2026-04-07T00:19:00+00:00,266351.520000
2026-04-07T00:19:00+00:00,266329.320000
2026-04-07T00:39:00+00:00,264117.120000
2026-04-07T00:44:00+00:00,264105.280000
2026-04-07T06:39:00+00:00,264094.920000
2026-04-07T08:04:00+00:00,262915.560000
2026-04-07T09:14:00+00:00,260311.720000
2026-04-07T13:49:00+00:00,260305.060000
2026-04-07T17:39:00+00:00,258601.900000
2026-04-07T17:39:00+00:00,258598.200000
2026-04-07T20:09:00+00:00,259922.000000
2026-04-08T05:44:00+00:00,259899.800000
2026-04-08T05:54:00+00:00,258407.600000
2026-04-08T12:24:00+00:00,258385.400000
2026-04-08T12:49:00+00:00,255888.200000
2026-04-08T13:54:00+00:00,255868.220000
2026-04-08T14:34:00+00:00,253364.240000
2026-04-08T18:24:00+00:00,253350.180000
2026-04-08T20:09:00+00:00,253516.620000
2026-04-09T03:04:00+00:00,253494.420000
2026-04-09T05:24:00+00:00,253937.220000
2026-04-09T05:24:00+00:00,253915.020000
2026-04-09T07:19:00+00:00,252632.820000
2026-04-09T11:44:00+00:00,252610.620000
2026-04-09T14:09:00+00:00,252018.420000
2026-04-09T14:09:00+00:00,252008.800000
2026-04-09T15:34:00+00:00,249574.680000
2026-04-10T03:34:00+00:00,249552.480000
2026-04-10T06:54:00+00:00,253430.280000
2026-04-10T07:49:00+00:00,253408.820000
2026-04-10T10:29:00+00:00,250849.860000
2026-04-10T14:04:00+00:00,250838.760000
2026-04-10T14:34:00+00:00,248427.660000
2026-04-10T15:34:00+00:00,248405.460000
2026-04-10T15:59:00+00:00,253445.760000
2026-04-10T16:19:00+00:00,253423.560000
2026-04-10T16:39:00+00:00,251316.360000
2026-04-12T23:59:00+00:00,251294.160000
2026-04-13T01:14:00+00:00,256859.460000
2026-04-13T13:49:00+00:00,256849.840000
2026-04-13T19:54:00+00:00,263145.220000
2026-04-14T03:09:00+00:00,263123.020000
2026-04-14T05:24:00+00:00,262245.820000
2026-04-14T05:39:00+00:00,262223.620000
2026-04-14T06:44:00+00:00,261091.420000
2026-04-14T06:44:00+00:00,261069.220000
2026-04-14T07:49:00+00:00,263102.020000
2026-04-14T07:49:00+00:00,263079.820000
2026-04-14T08:29:00+00:00,261782.620000
2026-04-14T12:29:00+00:00,261760.420000
2026-04-14T13:39:00+00:00,259413.220000
2026-04-14T14:09:00+00:00,259404.340000
2026-04-14T20:09:00+00:00,264831.460000
2026-04-15T07:24:00+00:00,264819.620000
2026-04-15T13:59:00+00:00,262239.780000
2026-04-15T13:59:00+00:00,262228.680000
2026-04-15T18:39:00+00:00,268686.330000
2026-04-16T03:09:00+00:00,268664.130000
2026-04-16T05:04:00+00:00,266331.930000
2026-04-16T05:24:00+00:00,266309.730000
2026-04-16T06:14:00+00:00,269062.530000
2026-04-16T10:59:00+00:00,269040.330000
2026-04-16T13:34:00+00:00,267068.130000
2026-04-16T13:34:00+00:00,267054.810000
2026-04-16T13:54:00+00:00,264422.490000
2026-04-16T13:54:00+00:00,264417.310000
2026-04-16T15:09:00+00:00,262014.630000
2026-04-17T00:24:00+00:00,261992.430000
2026-04-17T05:04:00+00:00,259765.230000
2026-04-17T13:59:00+00:00,259756.350000
2026-04-17T20:09:00+00:00,262069.470000
2026-04-20T13:49:00+00:00,262059.850000
2026-04-20T20:09:00+00:00,261679.730000
2026-04-21T06:14:00+00:00,261657.530000
2026-04-21T07:19:00+00:00,259235.330000
2026-04-21T09:09:00+00:00,259213.130000
2026-04-21T09:59:00+00:00,257240.930000
2026-04-21T13:59:00+00:00,257232.790000
2026-04-21T14:04:00+00:00,257221.690000
2026-04-21T14:59:00+00:00,254720.590000
2026-04-21T15:04:00+00:00,252248.450000
2026-04-22T14:14:00+00:00,252240.310000
2026-04-22T20:09:00+00:00,256687.170000
2026-04-23T13:44:00+00:00,256677.550000
2026-04-23T13:49:00+00:00,256669.410000
2026-04-23T14:04:00+00:00,255450.790000
2026-04-23T14:04:00+00:00,253963.150000
2026-04-23T14:09:00+00:00,253952.790000
2026-04-23T15:09:00+00:00,251457.430000
2026-04-24T08:04:00+00:00,251435.970000
2026-04-24T11:04:00+00:00,257685.760000
2026-04-24T13:54:00+00:00,257675.400000
2026-04-24T14:14:00+00:00,255229.040000
2026-04-26T22:09:00+00:00,255206.840000
2026-04-26T22:44:00+00:00,253849.640000
2026-04-27T13:49:00+00:00,253839.280000
2026-04-27T17:34:00+00:00,251441.920000
2026-04-28T00:24:00+00:00,251419.720000
2026-04-28T01:54:00+00:00,253872.520000
2026-04-28T01:54:00+00:00,253851.060000
2026-04-28T04:19:00+00:00,255221.600000
2026-04-28T04:19:00+00:00,255199.400000
2026-04-28T05:14:00+00:00,252882.200000
2026-04-28T14:49:00+00:00,252877.020000
2026-04-28T20:09:00+00:00,251100.840000
2026-04-29T13:24:00+00:00,251085.300000
2026-04-29T13:54:00+00:00,250397.760000
2026-04-29T13:54:00+00:00,250388.880000
2026-04-29T15:14:00+00:00,250470.000000
2026-04-29T15:14:00+00:00,250447.800000
2026-04-29T15:24:00+00:00,247920.600000
2026-04-29T18:09:00+00:00,247909.500000
2026-04-29T18:39:00+00:00,245565.900000
2026-04-29T19:04:00+00:00,245559.240000
2026-04-29T20:09:00+00:00,245593.080000
2026-04-30T13:54:00+00:00,245590.120000
2026-04-30T17:09:00+00:00,244091.160000
2026-04-30T17:09:00+00:00,244087.460000
2026-04-30T20:09:00+00:00,245613.760000
2026-05-01T05:24:00+00:00,245595.260000
2026-05-01T11:04:00+00:00,249039.260000
2026-05-01T11:04:00+00:00,249017.060000
2026-05-01T12:14:00+00:00,251274.860000
2026-05-01T12:14:00+00:00,251260.800000
2026-05-01T13:34:00+00:00,248814.740000
2026-05-01T13:59:00+00:00,248811.780000
2026-05-01T20:09:00+00:00,248428.820000
2026-05-04T00:14:00+00:00,248418.460000
2026-05-04T05:34:00+00:00,250739.100000
2026-05-04T05:34:00+00:00,250716.900000
2026-05-04T06:29:00+00:00,253244.700000
2026-05-04T08:09:00+00:00,253226.940000
2026-05-04T10:09:00+00:00,259539.180000
2026-05-04T10:09:00+00:00,259531.780000
2026-05-04T10:34:00+00:00,257084.380000
2026-05-04T13:59:00+00:00,257074.020000
2026-05-04T15:04:00+00:00,256895.660000
2026-05-04T15:04:00+00:00,256873.460000
2026-05-04T15:19:00+00:00,261313.760000
2026-05-05T00:09:00+00:00,261291.560000
2026-05-05T00:24:00+00:00,258944.360000
2026-05-05T04:54:00+00:00,258922.160000
2026-05-05T08:49:00+00:00,264824.960000
2026-05-05T13:59:00+00:00,264816.820000
2026-05-05T20:09:00+00:00,266200.180000
2026-05-06T06:14:00+00:00,266177.980000
2026-05-06T08:49:00+00:00,264250.780000
2026-05-06T13:54:00+00:00,264244.860000
2026-05-06T20:09:00+00:00,268454.940000
2026-05-07T02:19:00+00:00,268432.740000
2026-05-07T03:49:00+00:00,266355.540000
2026-05-07T13:54:00+00:00,266340.740000
2026-05-07T16:09:00+00:00,263715.940000
2026-05-08T02:54:00+00:00,263702.620000
2026-05-08T12:34:00+00:00,270191.800000
2026-05-08T13:39:00+00:00,270169.600000
2026-05-08T13:54:00+00:00,276859.900000
2026-05-11T00:59:00+00:00,276845.100000
2026-05-11T05:49:00+00:00,276837.700000
2026-05-11T09:49:00+00:00,274072.900000
2026-05-11T09:49:00+00:00,273430.500000
2026-05-11T15:49:00+00:00,273424.580000
2026-05-11T17:29:00+00:00,273408.300000
2026-05-11T18:59:00+00:00,271181.020000
2026-05-11T20:09:00+00:00,270547.100000
2026-05-11T23:29:00+00:00,270539.700000
2026-05-12T01:29:00+00:00,267922.300000
2026-05-12T01:54:00+00:00,267909.720000
2026-05-12T03:09:00+00:00,269801.140000
2026-05-12T03:09:00+00:00,269784.860000
2026-05-12T05:54:00+00:00,271979.580000
2026-05-12T05:54:00+00:00,271957.380000
2026-05-12T06:09:00+00:00,270615.180000
2026-05-12T12:19:00+00:00,270593.720000
2026-05-12T13:44:00+00:00,277314.760000
2026-05-12T13:59:00+00:00,277308.840000
2026-05-12T14:19:00+00:00,275858.920000
2026-05-12T14:19:00+00:00,275848.560000
2026-05-12T14:29:00+00:00,273073.200000
2026-05-13T00:24:00+00:00,273057.660000
2026-05-13T04:34:00+00:00,279814.620000
2026-05-13T13:49:00+00:00,279807.960000
2026-05-13T14:54:00+00:00,277065.300000
2026-05-13T15:49:00+00:00,277062.340000
2026-05-13T20:09:00+00:00,278291.380000
2026-05-14T09:54:00+00:00,278269.180000
2026-05-14T10:29:00+00:00,278786.980000
2026-05-14T10:29:00+00:00,278775.880000
2026-05-14T11:29:00+00:00,278764.780000
2026-05-14T13:39:00+00:00,276991.180000
2026-05-14T13:49:00+00:00,274242.580000
2026-05-14T13:49:00+00:00,274238.140000
2026-05-14T14:04:00+00:00,273381.700000
2026-05-14T14:04:00+00:00,273370.600000
2026-05-14T14:44:00+00:00,270712.000000
2026-05-14T23:54:00+00:00,270689.800000
2026-05-15T01:29:00+00:00,276217.600000
2026-05-15T08:49:00+00:00,276207.980000
2026-05-15T09:54:00+00:00,273513.860000
2026-05-15T13:44:00+00:00,273507.940000
2026-05-15T13:59:00+00:00,273501.280000
2026-05-15T14:14:00+00:00,270830.620000
2026-05-15T14:19:00+00:00,268388.700000
2026-05-15T18:24:00+00:00,268366.500000
2026-05-15T18:34:00+00:00,273744.300000
2026-05-18T00:14:00+00:00,273742.080000
2026-05-18T04:29:00+00:00,273722.100000
2026-05-18T04:44:00+00:00,271015.620000
2026-05-18T05:24:00+00:00,271000.820000
2026-05-18T06:49:00+00:00,270590.600000
2026-05-18T06:49:00+00:00,269535.800000
2026-05-18T06:54:00+00:00,269523.220000
2026-05-18T12:39:00+00:00,275928.140000
2026-05-18T13:49:00+00:00,275923.700000
2026-05-18T13:59:00+00:00,274890.260000
2026-05-18T13:59:00+00:00,274884.340000
2026-05-18T14:34:00+00:00,272358.420000
2026-05-18T19:09:00+00:00,272350.280000
2026-05-18T20:09:00+00:00,274828.140000
2026-05-19T04:09:00+00:00,274819.260000
2026-05-19T05:34:00+00:00,275332.380000
2026-05-19T05:34:00+00:00,275318.320000
2026-05-19T07:49:00+00:00,281883.010000
2026-05-19T13:39:00+00:00,281873.390000
2026-05-19T13:44:00+00:00,279198.770000
2026-05-19T14:09:00+00:00,279195.070000
2026-05-19T14:14:00+00:00,279190.630000
2026-05-19T16:34:00+00:00,276579.190000
2026-05-19T17:09:00+00:00,273820.490000
2026-05-20T00:34:00+00:00,273804.210000
2026-05-20T01:39:00+00:00,271103.930000
2026-05-20T01:59:00+00:00,271098.010000
2026-05-20T03:24:00+00:00,271081.730000
2026-05-20T05:34:00+00:00,275712.950000
2026-05-20T13:39:00+00:00,275698.890000
2026-05-20T14:19:00+00:00,275696.670000
2026-05-20T14:34:00+00:00,282498.860000
2026-05-20T15:19:00+00:00,288842.940000
2026-05-20T18:49:00+00:00,289656.720000
2026-05-20T18:49:00+00:00,289634.520000
2026-05-20T19:19:00+00:00,287137.320000
2026-05-21T07:29:00+00:00,287118.080000
2026-05-21T08:14:00+00:00,294118.840000
2026-05-21T13:54:00+00:00,294109.960000
2026-05-21T14:24:00+00:00,291203.080000
2026-05-22T05:29:00+00:00,291180.880000
2026-05-22T07:24:00+00:00,291548.680000
2026-05-22T07:24:00+00:00,291526.480000
2026-05-22T07:34:00+00:00,289449.280000
2026-05-22T08:39:00+00:00,289431.520000
2026-05-22T10:29:00+00:00,296553.760000
2026-05-22T13:39:00+00:00,296547.840000
2026-05-22T14:09:00+00:00,293761.920000
2026-05-22T14:19:00+00:00,293756.000000
2026-05-22T17:24:00+00:00,293739.720000
2026-05-22T17:29:00+00:00,291077.800000
2026-05-22T17:29:00+00:00,289158.520000
2026-05-25T02:54:00+00:00,289142.240000
2026-05-25T13:49:00+00:00,289136.320000
2026-05-25T14:14:00+00:00,289758.040000
2026-05-25T14:14:00+00:00,289308.120000
2026-05-25T14:19:00+00:00,289285.920000
2026-05-25T14:44:00+00:00,291326.220000
2026-05-26T10:49:00+00:00,291304.020000
2026-05-26T12:34:00+00:00,289136.820000
2026-05-26T13:49:00+00:00,289122.760000
2026-05-26T15:54:00+00:00,286306.200000
2026-05-27T14:24:00+00:00,286301.760000
2026-05-27T15:44:00+00:00,286298.800000
2026-05-27T20:09:00+00:00,285136.360000
2026-05-27T20:09:00+00:00,283767.400000
2026-05-28T13:49:00+00:00,283762.220000
2026-05-28T14:14:00+00:00,281233.540000
2026-05-28T14:14:00+00:00,281225.400000
2026-05-28T18:59:00+00:00,281211.340000
2026-05-28T20:09:00+00:00,284767.200000
2026-05-28T20:09:00+00:00,285883.640000
2026-05-29T06:34:00+00:00,285861.440000
2026-05-29T06:54:00+00:00,284759.240000
2026-05-29T11:34:00+00:00,284737.040000
2026-05-29T11:44:00+00:00,282749.840000
2026-05-29T13:49:00+00:00,282741.700000
2026-05-29T14:29:00+00:00,280060.560000
2026-06-01T11:44:00+00:00,280038.360000
2026-06-01T12:09:00+00:00,277481.160000
2026-06-01T13:44:00+00:00,277474.500000
2026-06-01T14:04:00+00:00,275559.840000
2026-06-01T14:04:00+00:00,275553.920000
2026-06-01T15:19:00+00:00,273072.000000
2026-06-02T13:29:00+00:00,273049.800000
2026-06-02T13:34:00+00:00,270522.600000
2026-06-02T13:39:00+00:00,270506.320000
2026-06-02T13:49:00+00:00,267872.040000
2026-06-02T13:54:00+00:00,267863.900000
2026-06-02T13:59:00+00:00,267858.720000
2026-06-02T20:09:00+00:00,271871.080000
2026-06-02T20:09:00+00:00,273822.400000
2026-06-02T23:44:00+00:00,273807.600000
2026-06-03T04:54:00+00:00,274882.800000
2026-06-03T04:54:00+00:00,274860.600000
2026-06-03T06:09:00+00:00,275753.400000
2026-06-03T06:09:00+00:00,275731.200000
2026-06-03T07:29:00+00:00,276459.000000
2026-06-03T07:29:00+00:00,276436.800000
2026-06-03T08:14:00+00:00,274854.600000
2026-06-03T13:49:00+00:00,274848.680000
2026-06-03T14:14:00+00:00,272250.760000
2026-06-03T23:04:00+00:00,272234.480000
2026-06-03T23:39:00+00:00,269567.200000
2026-06-04T13:34:00+00:00,269545.740000
2026-06-04T13:44:00+00:00,276085.530000
2026-06-04T14:04:00+00:00,276079.610000
2026-06-04T14:19:00+00:00,275001.690000
2026-06-04T14:19:00+00:00,274989.850000
2026-06-04T16:24:00+00:00,281718.010000
2026-06-05T12:24:00+00:00,281695.810000
2026-06-05T12:29:00+00:00,279243.610000
2026-06-05T12:49:00+00:00,279228.070000
2026-06-05T12:59:00+00:00,276535.030000
2026-06-05T13:49:00+00:00,276531.330000
2026-06-05T18:29:00+00:00,282596.380000
2026-06-08T13:59:00+00:00,282591.940000
2026-06-08T14:14:00+00:00,281480.500000
2026-06-08T14:14:00+00:00,281470.880000
2026-06-08T15:04:00+00:00,288335.010000
2026-06-09T07:09:00+00:00,288312.810000
2026-06-09T07:19:00+00:00,285920.610000
2026-06-09T13:39:00+00:00,285903.590000
2026-06-09T13:44:00+00:00,283103.570000
2026-06-09T13:49:00+00:00,283096.170000
2026-06-09T13:59:00+00:00,280363.770000
2026-06-09T19:24:00+00:00,280360.070000
2026-06-09T20:04:00+00:00,277643.870000
2026-06-10T00:39:00+00:00,277635.730000
2026-06-10T05:34:00+00:00,280091.590000
2026-06-10T05:34:00+00:00,280070.130000
2026-06-10T08:19:00+00:00,277308.170000
2026-06-10T09:34:00+00:00,277294.850000
2026-06-10T10:24:00+00:00,274599.530000
2026-06-10T13:49:00+00:00,274597.310000
2026-06-10T15:14:00+00:00,272364.590000
2026-06-11T13:49:00+00:00,272358.670000
2026-06-11T14:59:00+00:00,269716.750000
2026-06-11T17:34:00+00:00,269713.790000
2026-06-11T20:09:00+00:00,271988.830000
