ts,equity
2021-06-14T08:34:00+00:00,49991.12
2021-06-14T09:19:00+00:00,50126.24000
2021-06-14T09:19:00+00:00,50114.40000
2021-06-14T10:44:00+00:00,49726.56000
2021-06-14T13:54:00+00:00,49724.34000
2021-06-14T19:59:00+00:00,50350.44000000
2021-06-14T23:59:00+00:00,50338.60000000
2021-06-15T00:09:00+00:00,49958.76000000
2021-06-15T00:09:00+00:00,49947.66000000
2021-06-15T00:29:00+00:00,50525.61000000
2021-06-15T14:04:00+00:00,50522.65000000
2021-06-15T15:49:00+00:00,50775.69000000
2021-06-15T15:49:00+00:00,50769.03000000
2021-06-15T16:04:00+00:00,50950.86600000
2021-06-17T16:44:00+00:00,50949.38600000
2021-06-17T20:09:00+00:00,51183.90600000
2021-06-18T11:34:00+00:00,51177.24600000
2021-06-18T11:49:00+00:00,50792.58600000
2021-06-18T12:09:00+00:00,50789.62600000
2021-06-18T15:14:00+00:00,51519.70600000
2021-06-18T17:29:00+00:00,51514.52600000
2021-06-18T18:04:00+00:00,51120.84600000
2021-06-21T03:34:00+00:00,51113.44600000
2021-06-21T06:29:00+00:00,52087.79600000
2021-06-21T08:09:00+00:00,52083.35600000
2021-06-21T08:44:00+00:00,51736.91600000
2021-06-22T06:24:00+00:00,51729.51600000
2021-06-22T06:49:00+00:00,51357.11600000
2021-06-22T09:09:00+00:00,51352.67600000
2021-06-22T10:24:00+00:00,51651.23600000
2021-06-22T10:24:00+00:00,51643.83600000
2021-06-22T10:49:00+00:00,51276.43600000
2021-06-22T13:49:00+00:00,51274.21600000
2021-06-22T14:34:00+00:00,50977.99600000
2021-06-23T05:29:00+00:00,50965.41600000
2021-06-23T07:14:00+00:00,50578.83600000
2021-06-23T10:29:00+00:00,50573.65600000
2021-06-23T11:24:00+00:00,50190.47600000
2021-06-23T13:39:00+00:00,50188.25600000
2021-06-23T15:19:00+00:00,50180.85600000
2021-06-23T16:39:00+00:00,49860.63600000
2021-06-23T16:39:00+00:00,49493.23600000
2021-06-23T18:39:00+00:00,49490.27600000
2021-06-23T20:09:00+00:00,49367.31600000
2021-06-24T17:09:00+00:00,49361.39600000
2021-06-24T17:19:00+00:00,48987.47600000
2021-06-25T12:39:00+00:00,48981.55600000
2021-06-25T13:54:00+00:00,48607.63600000
2021-06-25T14:34:00+00:00,48605.41600000
2021-06-25T20:09:00+00:00,48331.69600000
2021-06-28T15:04:00+00:00,48325.77600000
2021-06-28T16:09:00+00:00,47971.85600000
2021-06-29T12:24:00+00:00,47960.75600000
2021-06-29T12:49:00+00:00,47589.65600000
2021-06-30T11:09:00+00:00,47585.95600000
2021-06-30T13:39:00+00:00,47592.25600000
2021-06-30T13:39:00+00:00,47589.29600000
2021-06-30T20:09:00+00:00,47652.33600000
2021-07-01T09:34:00+00:00,47641.97600000
2021-07-01T09:49:00+00:00,47288.61600000
2021-07-02T15:44:00+00:00,47284.91600000
2021-07-02T19:54:00+00:00,47955.35100000
2021-07-06T15:14:00+00:00,47950.91100000
2021-07-06T15:49:00+00:00,47586.47100000
2021-07-07T13:39:00+00:00,47584.25100000
2021-07-07T14:19:00+00:00,47586.53100000
2021-07-07T14:19:00+00:00,47583.57100000
2021-07-07T14:29:00+00:00,47272.61100000
2021-07-08T04:39:00+00:00,47263.73100000
2021-07-08T06:19:00+00:00,47290.85100000
2021-07-08T06:19:00+00:00,47279.75100000
2021-07-08T07:19:00+00:00,48741.27600000
2021-07-08T13:54:00+00:00,48739.79600000
2021-07-08T15:14:00+00:00,48650.31600000
2021-07-08T15:14:00+00:00,48648.09600000
2021-07-08T17:29:00+00:00,49305.61200000
2021-07-08T19:04:00+00:00,49299.69200000
2021-07-08T19:19:00+00:00,48929.77200000
2021-07-09T00:14:00+00:00,48925.33200000
2021-07-09T00:39:00+00:00,48587.89200000
2021-07-09T00:39:00+00:00,48581.97200000
2021-07-09T05:14:00+00:00,48208.05200000
2021-07-09T07:14:00+00:00,48205.83200000
2021-07-09T08:09:00+00:00,48202.87200000
2021-07-09T10:04:00+00:00,47882.65200000
2021-07-09T10:04:00+00:00,47571.69200000
2021-07-09T12:24:00+00:00,47564.29200000
2021-07-09T13:34:00+00:00,48420.83200000
2021-07-12T08:09:00+00:00,48409.73200000
2021-07-12T12:24:00+00:00,49871.25700000
2021-07-12T13:44:00+00:00,49867.55700000
2021-07-12T18:04:00+00:00,49996.35700000
2021-07-12T18:04:00+00:00,49985.25700000
2021-07-12T20:04:00+00:00,51152.25700000
2021-07-14T06:24:00+00:00,51139.67700000
2021-07-14T09:04:00+00:00,52284.25300000
2021-07-14T16:09:00+00:00,52279.07300000
2021-07-14T20:09:00+00:00,52210.89300000
2021-07-15T07:44:00+00:00,52206.45300000
2021-07-15T10:34:00+00:00,51863.01300000
2021-07-15T13:54:00+00:00,51860.05300000
2021-07-15T14:29:00+00:00,51529.09300000
2021-07-15T18:09:00+00:00,51523.91300000
2021-07-15T20:09:00+00:00,51914.23300000
2021-07-16T00:19:00+00:00,51903.87300000
2021-07-16T00:59:00+00:00,51515.51300000
2021-07-16T05:54:00+00:00,51500.71300000
2021-07-16T06:29:00+00:00,51385.91300000
2021-07-16T06:29:00+00:00,51379.25300000
2021-07-16T07:09:00+00:00,50990.09300000
2021-07-16T08:14:00+00:00,50984.17300000
2021-07-16T09:09:00+00:00,50598.25300000
2021-07-19T07:09:00+00:00,50590.85300000
2021-07-19T07:19:00+00:00,50203.45300000
2021-07-19T07:24:00+00:00,50197.53300000
2021-07-19T08:39:00+00:00,49847.61300000
2021-07-20T10:14:00+00:00,49842.43300000
2021-07-20T11:04:00+00:00,49837.99300000
2021-07-20T11:49:00+00:00,49493.31300000
2021-07-20T11:49:00+00:00,49113.87300000
2021-07-21T05:59:00+00:00,49091.67300000
2021-07-21T06:04:00+00:00,48784.47300000
2021-07-22T00:19:00+00:00,48775.59300000
2021-07-22T07:04:00+00:00,49457.86500000
2021-07-22T08:09:00+00:00,49450.46500000
2021-07-22T13:14:00+00:00,50045.20500000
2021-07-22T16:09:00+00:00,50040.76500000
2021-07-22T17:04:00+00:00,49673.32500000
2021-07-23T13:39:00+00:00,49670.36500000
2021-07-23T13:54:00+00:00,49427.40500000
2021-07-23T13:54:00+00:00,49424.44500000
2021-07-23T17:24:00+00:00,50421.56100000
2021-07-26T00:09:00+00:00,50406.02100000
2021-07-26T01:14:00+00:00,52039.82100000
2021-07-26T08:39:00+00:00,52032.42100000
2021-07-26T11:09:00+00:00,52025.02100000
2021-07-26T11:59:00+00:00,52417.62100000
2021-07-26T11:59:00+00:00,52530.22100000
2021-07-26T12:04:00+00:00,52521.34100000
2021-07-26T13:34:00+00:00,53407.81700000
2021-07-26T13:39:00+00:00,53402.63700000
2021-07-26T14:04:00+00:00,53012.45700000
2021-07-26T14:19:00+00:00,53005.05700000
2021-07-26T14:34:00+00:00,52612.65700000
2021-07-26T14:49:00+00:00,52605.25700000
2021-07-26T14:59:00+00:00,52212.85700000
2021-07-27T05:09:00+00:00,52195.09700000
2021-07-27T05:54:00+00:00,51781.33700000
2021-07-27T11:29:00+00:00,51768.01700000
2021-07-27T13:29:00+00:00,52532.24300000
2021-07-28T01:49:00+00:00,52524.10300000
2021-07-28T02:54:00+00:00,52136.46300000
2021-07-28T13:44:00+00:00,52134.24300000
2021-07-28T13:54:00+00:00,51829.02300000
2021-07-28T13:59:00+00:00,51824.58300000
2021-07-28T17:39:00+00:00,51457.14300000
2021-07-29T07:44:00+00:00,51449.00300000
2021-07-29T10:49:00+00:00,52103.21700000
2021-07-29T11:09:00+00:00,52098.03700000
2021-07-29T12:34:00+00:00,52477.70300000
2021-08-02T00:19:00+00:00,52474.74300000
2021-08-02T02:44:00+00:00,52670.75100000
2021-08-02T12:39:00+00:00,52666.31100000
2021-08-02T13:39:00+00:00,52283.87100000
2021-08-02T13:44:00+00:00,52280.17100000
2021-08-02T14:14:00+00:00,51891.47100000
2021-08-03T00:09:00+00:00,51881.85100000
2021-08-03T01:19:00+00:00,51488.73100000
2021-08-03T09:19:00+00:00,51482.81100000
2021-08-03T12:59:00+00:00,51092.89100000
2021-08-03T15:49:00+00:00,51091.41100000
2021-08-03T20:09:00+00:00,51304.93100000
2021-08-04T01:54:00+00:00,51295.31100000
2021-08-04T05:44:00+00:00,51779.18400000
2021-08-04T23:09:00+00:00,51768.08400000
2021-08-05T00:09:00+00:00,51366.98400000
2021-08-06T17:29:00+00:00,51357.36400000
2021-08-06T20:09:00+00:00,51438.74400000
2021-08-09T07:14:00+00:00,51434.30400000
2021-08-09T13:44:00+00:00,51579.86400000
2021-08-09T13:44:00+00:00,51576.16400000
2021-08-09T14:34:00+00:00,51239.96400000
2021-08-09T18:49:00+00:00,51229.60400000
2021-08-09T20:09:00+00:00,51247.24400000
2021-08-12T14:24:00+00:00,51245.02400000
2021-08-12T20:09:00+00:00,51629.80400000
2021-08-16T07:24:00+00:00,51623.88400000
2021-08-16T10:14:00+00:00,51257.96400000
2021-08-16T13:59:00+00:00,51255.74400000
2021-08-16T18:14:00+00:00,50890.52400000
2021-08-17T16:34:00+00:00,50888.30400000
2021-08-17T16:54:00+00:00,50598.08400000
2021-08-17T17:44:00+00:00,50596.60400000
2021-08-17T19:04:00+00:00,50338.12400000
2021-08-17T19:04:00+00:00,50336.64400000
2021-08-17T20:09:00+00:00,50344.16400000
2021-08-18T18:19:00+00:00,50341.94400000
2021-08-18T18:34:00+00:00,50053.22400000
2021-08-19T11:59:00+00:00,50050.26400000
2021-08-19T12:29:00+00:00,49885.30400000
2021-08-19T12:29:00+00:00,49880.86400000
2021-08-19T13:39:00+00:00,50693.24000000
2021-08-20T00:09:00+00:00,50682.88000000
2021-08-20T01:44:00+00:00,50301.52000000
2021-08-23T07:09:00+00:00,50294.12000000
2021-08-23T07:29:00+00:00,50417.62000000
2021-08-25T08:09:00+00:00,50408.00000000
2021-08-25T08:14:00+00:00,50034.38000000
2021-08-25T11:49:00+00:00,50024.76000000
2021-08-25T12:04:00+00:00,50134.25900000
2021-08-25T13:59:00+00:00,50130.55900000
2021-08-25T17:14:00+00:00,50120.19900000
2021-08-25T18:09:00+00:00,49738.83900000
2021-08-25T20:09:00+00:00,49890.13900000
2021-08-26T07:34:00+00:00,49885.69900000
2021-08-26T14:04:00+00:00,50163.25900000
2021-08-26T14:04:00+00:00,50158.81900000
2021-08-26T14:29:00+00:00,51034.02700000
2021-08-26T14:29:00+00:00,51029.58700000
2021-08-26T15:19:00+00:00,50653.14700000
2021-08-27T06:09:00+00:00,50639.82700000
2021-08-27T07:04:00+00:00,50239.50700000
2021-08-27T13:19:00+00:00,50232.10700000
2021-08-27T13:34:00+00:00,49859.70700000
2021-08-27T13:44:00+00:00,49856.74700000
2021-08-27T14:04:00+00:00,49517.78700000
2021-08-30T12:54:00+00:00,49505.94700000
2021-08-30T13:34:00+00:00,50457.53100000
2021-08-31T11:24:00+00:00,50454.57100000
2021-08-31T12:29:00+00:00,50119.61100000
2021-08-31T13:39:00+00:00,50113.69100000
2021-08-31T15:24:00+00:00,49767.77100000
2021-09-01T13:39:00+00:00,49764.07100000
2021-09-01T19:14:00+00:00,49435.37100000
2021-09-02T05:44:00+00:00,49423.53100000
2021-09-02T09:34:00+00:00,50521.72300000
2021-09-02T09:39:00+00:00,50517.28300000
2021-09-02T09:49:00+00:00,50458.84300000
2021-09-02T09:49:00+00:00,50446.26300000
2021-09-02T10:54:00+00:00,50437.38300000
2021-09-02T11:44:00+00:00,50050.80300000
2021-09-02T11:44:00+00:00,49681.92300000
2021-09-02T15:19:00+00:00,49677.48300000
2021-09-02T16:04:00+00:00,49331.04300000
2021-09-03T11:49:00+00:00,49315.50300000
2021-09-03T12:34:00+00:00,48921.96300000
2021-09-03T12:44:00+00:00,48920.48300000
2021-09-03T14:04:00+00:00,48656.00300000
2021-09-03T19:24:00+00:00,48646.38300000
2021-09-03T19:44:00+00:00,48772.89900000
2021-09-07T08:29:00+00:00,48768.45900000
2021-09-07T09:24:00+00:00,48407.01900000
2021-09-07T13:34:00+00:00,48400.35900000
2021-09-07T13:44:00+00:00,48395.91900000
2021-09-07T13:49:00+00:00,48067.47900000
2021-09-07T13:59:00+00:00,47714.31900000
2021-09-08T00:09:00+00:00,47703.21900000
2021-09-08T05:24:00+00:00,47692.11900000
2021-09-08T06:39:00+00:00,47403.51900000
2021-09-08T07:04:00+00:00,47039.91900000
2021-09-08T12:54:00+00:00,47031.77900000
2021-09-08T13:34:00+00:00,46666.13900000
2021-09-09T07:24:00+00:00,46662.43900000
2021-09-09T11:49:00+00:00,46873.73900000
2021-09-09T11:49:00+00:00,46870.03900000
2021-09-09T12:54:00+00:00,46676.33900000
2021-09-09T12:54:00+00:00,46674.11900000
2021-09-09T17:24:00+00:00,46370.39900000
2021-09-10T01:34:00+00:00,46361.51900000
2021-09-10T04:44:00+00:00,47043.79100000
2021-09-10T06:54:00+00:00,47030.47100000
2021-09-10T08:24:00+00:00,47888.94500000
2021-09-10T12:24:00+00:00,47874.88500000
2021-09-10T13:29:00+00:00,47509.32500000
2021-09-13T13:44:00+00:00,47507.10500000
2021-09-13T19:09:00+00:00,47505.62500000
2021-09-13T20:09:00+00:00,47569.40500000
2021-09-13T20:09:00+00:00,47324.92500000
2021-09-14T01:49:00+00:00,47313.08500000
2021-09-14T02:24:00+00:00,46957.24500000
2021-09-14T05:39:00+00:00,46943.18500000
2021-09-14T06:09:00+00:00,47550.90000000
2021-09-15T13:44:00+00:00,47549.42000000
2021-09-15T16:04:00+00:00,47472.94000000
2021-09-15T16:04:00+00:00,47469.98000000
2021-09-15T16:44:00+00:00,47974.91200000
2021-09-16T01:39:00+00:00,47968.25200000
2021-09-16T12:29:00+00:00,49151.47300000
2021-09-17T15:34:00+00:00,49150.73300000
2021-09-17T20:09:00+00:00,49168.49300000
2021-09-20T17:24:00+00:00,49164.05300000
2021-09-20T18:09:00+00:00,48802.61300000
2021-09-20T23:49:00+00:00,48795.95300000
2021-09-21T00:39:00+00:00,49684.64900000
2021-09-21T03:24:00+00:00,49677.24900000
2021-09-21T03:49:00+00:00,49304.84900000
2021-09-21T05:29:00+00:00,49301.14900000
2021-09-21T07:24:00+00:00,48974.94900000
2021-09-21T08:39:00+00:00,48974.20900000
2021-09-21T12:19:00+00:00,48898.96900000
2021-09-21T12:19:00+00:00,48891.56900000
2021-09-21T13:54:00+00:00,49114.16900000
2021-09-21T13:54:00+00:00,49112.68900000
2021-09-21T14:04:00+00:00,48978.20900000
2021-09-21T14:04:00+00:00,48975.98900000
2021-09-21T15:14:00+00:00,48955.76900000
2021-09-21T15:14:00+00:00,48953.54900000
2021-09-21T17:29:00+00:00,48603.32900000
2021-09-22T01:14:00+00:00,48600.36900000
2021-09-22T13:19:00+00:00,48905.40900000
2021-09-22T13:19:00+00:00,48898.74900000
2021-09-22T14:04:00+00:00,48541.08900000
2021-09-22T14:04:00+00:00,48538.12900000
2021-09-22T20:09:00+00:00,49115.16900000
2021-09-23T03:39:00+00:00,49110.72900000
2021-09-23T06:39:00+00:00,49052.28900000
2021-09-23T06:39:00+00:00,49044.88900000
2021-09-23T06:54:00+00:00,49495.63900000
2021-09-23T07:49:00+00:00,49494.15900000
2021-09-23T13:09:00+00:00,49227.67900000
2021-09-23T16:09:00+00:00,49225.45900000
2021-09-23T17:29:00+00:00,48924.73900000
2021-09-24T14:19:00+00:00,48921.77900000
2021-09-24T15:09:00+00:00,48804.81900000
2021-09-24T15:09:00+00:00,48802.59900000
2021-09-24T19:49:00+00:00,49342.30500000
2021-09-27T13:44:00+00:00,49341.56500000
2021-09-27T15:04:00+00:00,49119.32500000
2021-09-27T19:19:00+00:00,49118.58500000
2021-09-27T20:09:00+00:00,49039.34500000
2021-09-28T00:14:00+00:00,49032.68500000
2021-09-28T00:29:00+00:00,48661.52500000
2021-09-28T05:09:00+00:00,48657.82500000
2021-09-28T06:14:00+00:00,48647.46500000
2021-09-28T06:29:00+00:00,49147.73000000
2021-09-28T06:34:00+00:00,50420.19000000
2021-09-28T09:39:00+00:00,50418.71000000
2021-09-28T10:29:00+00:00,50529.23000000
2021-09-28T10:29:00+00:00,50526.27000000
2021-09-28T13:49:00+00:00,50165.31000000
2021-09-29T12:54:00+00:00,50159.39000000
2021-09-29T13:19:00+00:00,49789.47000000
2021-09-29T13:54:00+00:00,49787.99000000
2021-09-29T15:24:00+00:00,49465.51000000
2021-09-30T01:29:00+00:00,49459.59000000
2021-09-30T01:59:00+00:00,49093.67000000
2021-09-30T07:24:00+00:00,49089.97000000
2021-09-30T08:39:00+00:00,48741.27000000
2021-09-30T13:39:00+00:00,48739.05000000
2021-09-30T14:04:00+00:00,48817.83000000
2021-09-30T14:04:00+00:00,48814.13000000
2021-09-30T15:49:00+00:00,49909.99000000
2021-10-01T06:19:00+00:00,49903.33000000
2021-10-01T07:24:00+00:00,49545.67000000
2021-10-01T12:39:00+00:00,49541.23000000
2021-10-01T13:09:00+00:00,49203.79000000
2021-10-01T15:04:00+00:00,49202.31000000
2021-10-01T20:09:00+00:00,49841.83000000
2021-10-05T10:44:00+00:00,49838.87000000
2021-10-05T11:44:00+00:00,49835.91000000
2021-10-05T13:34:00+00:00,50131.40200000
2021-10-05T14:44:00+00:00,51029.03400000
2021-10-06T07:09:00+00:00,51025.33400000
2021-10-06T12:04:00+00:00,51349.13400000
2021-10-06T12:04:00+00:00,51346.91400000
2021-10-06T12:24:00+00:00,51331.19400000
2021-10-06T12:24:00+00:00,51327.49400000
2021-10-06T12:44:00+00:00,50991.29400000
2021-10-06T13:59:00+00:00,50989.81400000
2021-10-06T14:19:00+00:00,50854.33400000
2021-10-06T14:19:00+00:00,50853.59400000
2021-10-06T17:59:00+00:00,51092.35400000
2021-10-06T17:59:00+00:00,51087.17400000
2021-10-06T18:14:00+00:00,50710.99400000
2021-10-07T10:29:00+00:00,50705.07400000
2021-10-07T10:59:00+00:00,50327.15400000
2021-10-07T13:39:00+00:00,50323.45400000
2021-10-07T19:54:00+00:00,49984.75400000
2021-10-08T00:14:00+00:00,49977.35400000
2021-10-08T00:44:00+00:00,49594.95400000
2021-10-08T07:24:00+00:00,49591.25400000
2021-10-08T11:29:00+00:00,49237.55400000
2021-10-08T12:44:00+00:00,49236.81400000
2021-10-08T12:54:00+00:00,49178.57400000
2021-10-08T12:54:00+00:00,49177.09400000
2021-10-08T20:09:00+00:00,49677.61400000
2021-10-12T05:39:00+00:00,49671.69400000
2021-10-12T06:04:00+00:00,50199.84600000
2021-10-12T07:14:00+00:00,50194.66600000
2021-10-12T09:09:00+00:00,51234.06800000
2021-10-12T13:49:00+00:00,51232.58800000
2021-10-12T20:09:00+00:00,51547.10800000
2021-10-13T07:09:00+00:00,51540.44800000
2021-10-13T07:29:00+00:00,51155.78800000
2021-10-13T07:39:00+00:00,51152.82800000
2021-10-13T12:39:00+00:00,51219.86800000
2021-10-13T12:39:00+00:00,51216.90800000
2021-10-13T12:59:00+00:00,51123.94800000
2021-10-13T12:59:00+00:00,51118.76800000
2021-10-13T13:34:00+00:00,52277.28900000
2021-10-13T15:54:00+00:00,52275.06900000
2021-10-13T20:09:00+00:00,52569.84900000
2021-10-14T07:39:00+00:00,52564.66900000
2021-10-14T08:14:00+00:00,52205.98900000
2021-10-15T06:19:00+00:00,52197.10900000
2021-10-15T07:44:00+00:00,52957.92100000
2021-10-15T12:49:00+00:00,52953.48100000
2021-10-15T13:34:00+00:00,52556.04100000
2021-10-15T19:09:00+00:00,52546.42100000
2021-10-15T19:19:00+00:00,52140.30100000
2021-10-18T13:49:00+00:00,52138.08100000
2021-10-18T20:09:00+00:00,53068.86100000
2021-10-19T00:44:00+00:00,53062.94100000
2021-10-19T06:04:00+00:00,52661.02100000
2021-10-19T08:14:00+00:00,52656.58100000
2021-10-19T13:24:00+00:00,52649.18100000
2021-10-19T13:34:00+00:00,52271.78100000
2021-10-19T18:29:00+00:00,52891.34100000
2021-10-19T18:29:00+00:00,52879.50100000
2021-10-19T19:09:00+00:00,52483.66100000
2021-10-19T19:29:00+00:00,52475.52100000
2021-10-19T20:04:00+00:00,52071.38100000
2021-10-20T02:34:00+00:00,52057.32100000
2021-10-20T07:29:00+00:00,53062.97200000
2021-10-20T09:34:00+00:00,53058.53200000
2021-10-20T12:19:00+00:00,53052.61200000
2021-10-20T13:34:00+00:00,53048.17200000
2021-10-20T13:44:00+00:00,53459.99400000
2021-10-20T14:04:00+00:00,53082.07400000
2021-10-20T14:04:00+00:00,52708.63400000
2021-10-20T23:24:00+00:00,52705.67400000
2021-10-21T01:44:00+00:00,52652.71400000
2021-10-21T01:44:00+00:00,52648.27400000
2021-10-21T04:19:00+00:00,52295.83400000
2021-10-21T07:14:00+00:00,52290.65400000
2021-10-21T14:19:00+00:00,53311.73000000
2021-10-21T23:29:00+00:00,53310.25000000
2021-10-22T13:44:00+00:00,53095.77000000
2021-10-22T13:44:00+00:00,53092.07000000
2021-10-22T13:49:00+00:00,52713.37000000
2021-10-22T14:39:00+00:00,52708.93000000
2021-10-22T15:24:00+00:00,53788.34200000
2021-10-24T22:24:00+00:00,53784.64200000
2021-10-24T22:39:00+00:00,53695.94200000
2021-10-24T22:39:00+00:00,53692.98200000
2021-10-25T05:54:00+00:00,53362.02200000
2021-10-26T01:39:00+00:00,53353.14200000
2021-10-26T06:34:00+00:00,52948.26200000
2021-10-26T12:19:00+00:00,52937.90200000
2021-10-26T12:29:00+00:00,52535.54200000
2021-10-26T16:19:00+00:00,52531.10200000
2021-10-26T16:39:00+00:00,52172.66200000
2021-10-27T14:09:00+00:00,52170.44200000
2021-10-27T14:44:00+00:00,51812.72200000
2021-10-27T17:54:00+00:00,51799.40200000
2021-10-27T18:09:00+00:00,51399.08200000
2021-10-28T06:44:00+00:00,51391.68200000
2021-10-28T07:19:00+00:00,51004.28200000
2021-10-28T07:24:00+00:00,50999.10200000
2021-10-28T14:49:00+00:00,52542.46900000
2021-10-28T15:54:00+00:00,52538.02900000
2021-10-28T18:39:00+00:00,52161.58900000
2021-10-29T02:04:00+00:00,52157.14900000
2021-10-29T06:34:00+00:00,52173.70900000
2021-10-29T06:34:00+00:00,52165.56900000
2021-10-29T07:04:00+00:00,51788.92900000
2021-10-29T07:19:00+00:00,51784.48900000
2021-10-29T10:14:00+00:00,51420.04900000
2021-10-29T13:19:00+00:00,51415.60900000
2021-10-29T15:09:00+00:00,52267.25500000
2021-10-31T23:24:00+00:00,52265.77500000
2021-11-01T00:19:00+00:00,52403.04900000
2021-11-01T17:29:00+00:00,52398.60900000
2021-11-01T18:29:00+00:00,52733.16900000
2021-11-01T18:29:00+00:00,52727.98900000
2021-11-01T19:34:00+00:00,53492.50100000
2021-11-02T07:09:00+00:00,53478.44100000
2021-11-02T09:29:00+00:00,54186.38100000
2021-11-02T09:29:00+00:00,54178.24100000
2021-11-02T13:39:00+00:00,55149.23300000
2021-11-02T15:59:00+00:00,55144.05300000
2021-11-02T19:44:00+00:00,54736.37300000
2021-11-03T15:49:00+00:00,54730.45300000
2021-11-03T18:04:00+00:00,55782.20500000
2021-11-03T18:09:00+00:00,55779.24500000
2021-11-03T20:09:00+00:00,56754.28500000
2021-11-04T07:39:00+00:00,56735.78500000
2021-11-04T08:04:00+00:00,56279.78500000
2021-11-05T08:09:00+00:00,56272.38500000
2021-11-05T09:39:00+00:00,57168.19500000
2021-11-05T14:04:00+00:00,57166.71500000
2021-11-05T17:14:00+00:00,56836.23500000
2021-11-07T23:59:00+00:00,56834.01500000
2021-11-08T01:59:00+00:00,56830.31500000
2021-11-08T08:14:00+00:00,56454.11500000
2021-11-08T10:49:00+00:00,56442.27500000
2021-11-08T11:24:00+00:00,56014.43500000
2021-11-08T14:24:00+00:00,55655.21500000
2021-11-08T15:54:00+00:00,55651.51500000
2021-11-08T21:04:00+00:00,55275.31500000
2021-11-09T06:29:00+00:00,55261.99500000
2021-11-09T08:14:00+00:00,54843.67500000
2021-11-09T14:54:00+00:00,54840.71500000
2021-11-09T21:09:00+00:00,55569.75500000
2021-11-10T13:39:00+00:00,55563.83500000
2021-11-10T13:54:00+00:00,55153.91500000
2021-11-11T08:59:00+00:00,55149.47500000
2021-11-11T09:39:00+00:00,55851.89500000
2021-11-11T15:49:00+00:00,55848.93500000
2021-11-11T17:19:00+00:00,55463.97500000
2021-11-12T05:04:00+00:00,55458.79500000
2021-11-12T13:14:00+00:00,55345.11500000
2021-11-12T13:14:00+00:00,55331.79500000
2021-11-12T14:09:00+00:00,56143.14500000
2021-11-12T14:29:00+00:00,56125.38500000
2021-11-12T14:34:00+00:00,56610.28100000
2021-11-15T00:04:00+00:00,56597.70100000
2021-11-15T13:14:00+00:00,56168.62100000
2021-11-15T16:49:00+00:00,56167.14100000
2021-11-15T21:09:00+00:00,55861.66100000
2021-11-16T05:24:00+00:00,55857.22100000
2021-11-16T10:14:00+00:00,56104.10900000
2021-11-16T14:39:00+00:00,56098.92900000
2021-11-16T14:54:00+00:00,55719.24900000
2021-11-18T02:34:00+00:00,55703.70900000
2021-11-18T05:04:00+00:00,56292.92700000
2021-11-18T14:39:00+00:00,56288.48700000
2021-11-18T14:49:00+00:00,55891.04700000
2021-11-18T14:54:00+00:00,55888.08700000
2021-11-18T15:14:00+00:00,55539.12700000
2021-11-18T15:19:00+00:00,55537.64700000
2021-11-18T16:19:00+00:00,55248.16700000
2021-11-18T16:19:00+00:00,55246.68700000
2021-11-18T17:54:00+00:00,55463.20700000
2021-11-18T17:54:00+00:00,55460.24700000
2021-11-18T20:39:00+00:00,55095.28700000
2021-11-18T23:09:00+00:00,55083.44700000
2021-11-19T01:49:00+00:00,54671.60700000
2021-11-19T08:59:00+00:00,54664.20700000
2021-11-19T09:44:00+00:00,54266.80700000
2021-11-19T09:49:00+00:00,54262.36700000
2021-11-19T13:19:00+00:00,54253.48700000
2021-11-19T13:44:00+00:00,53836.60700000
2021-11-19T14:54:00+00:00,53427.16700000
2021-11-22T14:39:00+00:00,53420.50700000
2021-11-22T16:04:00+00:00,53035.84700000
2021-11-23T09:34:00+00:00,53032.88700000
2021-11-23T10:19:00+00:00,52637.92700000
2021-11-23T14:54:00+00:00,52637.18700000
2021-11-23T15:09:00+00:00,52413.44700000
2021-11-23T15:09:00+00:00,52410.48700000
2021-11-23T16:04:00+00:00,53548.97500000
2021-11-23T18:54:00+00:00,53544.53500000
2021-11-23T18:59:00+00:00,53189.09500000
2021-11-24T03:09:00+00:00,53184.65500000
2021-11-24T05:44:00+00:00,52787.21500000
2021-11-24T09:44:00+00:00,52785.73500000
2021-11-24T12:04:00+00:00,52782.77500000
2021-11-24T13:44:00+00:00,52779.81500000
2021-11-24T13:49:00+00:00,53089.87700000
2021-11-24T14:34:00+00:00,53783.30500000
2021-11-24T14:39:00+00:00,53781.82500000
2021-11-24T15:04:00+00:00,53429.34500000
2021-11-24T16:14:00+00:00,53040.38500000
2021-11-24T17:44:00+00:00,53039.64500000
2021-11-24T19:24:00+00:00,53035.94500000
2021-11-24T21:09:00+00:00,53130.70500000
2021-11-24T21:09:00+00:00,53682.00500000
2021-11-25T07:09:00+00:00,53668.68500000
2021-11-25T08:19:00+00:00,53250.36500000
2021-11-25T08:34:00+00:00,53234.82500000
2021-11-25T11:14:00+00:00,54373.82300000
2021-11-26T14:49:00+00:00,54373.08300000
2021-11-26T17:59:00+00:00,54751.95300000
2021-11-26T17:59:00+00:00,54751.21300000
2021-11-28T23:49:00+00:00,54474.47300000
2021-11-29T20:29:00+00:00,54469.29300000
2021-11-29T21:09:00+00:00,54572.61300000
2021-11-30T02:04:00+00:00,54562.25300000
2021-11-30T02:29:00+00:00,55266.60700000
2021-12-01T07:59:00+00:00,55259.94700000
2021-12-01T08:14:00+00:00,56077.95700000
2021-12-01T08:24:00+00:00,56072.03700000
2021-12-01T08:34:00+00:00,55642.11700000
2021-12-01T14:09:00+00:00,55636.19700000
2021-12-01T14:29:00+00:00,55250.27700000
2021-12-02T08:24:00+00:00,55245.09700000
2021-12-02T08:34:00+00:00,54861.91700000
2021-12-02T09:39:00+00:00,54858.21700000
2021-12-02T10:44:00+00:00,55007.01700000
2021-12-02T10:44:00+00:00,55004.05700000
2021-12-02T12:09:00+00:00,54609.09700000
2021-12-02T14:44:00+00:00,54608.35700000
2021-12-02T15:39:00+00:00,54367.61700000
2021-12-02T16:04:00+00:00,54366.13700000
2021-12-02T20:59:00+00:00,54805.65700000
2021-12-03T07:34:00+00:00,54795.29700000
2021-12-03T08:24:00+00:00,54371.93700000
2021-12-03T11:09:00+00:00,54368.23700000
2021-12-03T13:09:00+00:00,55261.20200000
2021-12-03T14:44:00+00:00,55260.46200000
2021-12-03T16:09:00+00:00,55885.42400000
2021-12-06T00:19:00+00:00,55882.46400000
2021-12-06T00:59:00+00:00,55537.50400000
2021-12-06T08:09:00+00:00,55534.54400000
2021-12-06T09:49:00+00:00,55133.58400000
2021-12-06T15:19:00+00:00,55132.84400000
2021-12-06T21:09:00+00:00,55276.10400000
2021-12-07T13:59:00+00:00,55269.44400000
2021-12-07T14:34:00+00:00,54875.78400000
2021-12-07T14:39:00+00:00,54872.08400000
2021-12-07T16:39:00+00:00,56537.35900000
2021-12-08T06:19:00+00:00,56532.17900000
2021-12-08T09:49:00+00:00,56994.31200000
2021-12-08T11:19:00+00:00,56988.39200000
2021-12-08T12:14:00+00:00,56566.47200000
2021-12-09T11:19:00+00:00,56564.99200000
2021-12-09T14:39:00+00:00,56268.51200000
2021-12-10T00:19:00+00:00,56266.29200000
2021-12-10T06:14:00+00:00,56255.19200000
2021-12-10T07:04:00+00:00,56247.79200000
2021-12-10T08:44:00+00:00,57218.44200000
2021-12-10T09:09:00+00:00,57259.72200000
2021-12-10T09:09:00+00:00,57642.32200000
2021-12-10T09:14:00+00:00,57634.18200000
2021-12-10T09:39:00+00:00,57219.04200000
2021-12-10T10:19:00+00:00,57210.90200000
2021-12-10T11:09:00+00:00,56790.26200000
2021-12-10T11:39:00+00:00,56776.94200000
2021-12-10T11:54:00+00:00,56331.62200000
2021-12-10T13:39:00+00:00,56327.18200000
2021-12-10T14:34:00+00:00,55917.74200000
2021-12-13T08:09:00+00:00,55911.82200000
2021-12-13T08:39:00+00:00,55537.90200000
2021-12-13T08:39:00+00:00,55531.98200000
2021-12-13T09:04:00+00:00,55654.06200000
2021-12-13T09:04:00+00:00,55649.62200000
2021-12-13T11:44:00+00:00,55282.18200000
2021-12-14T01:39:00+00:00,55276.26200000
2021-12-14T03:39:00+00:00,54874.34200000
2021-12-14T13:29:00+00:00,54866.94200000
2021-12-14T13:34:00+00:00,56168.54200000
2021-12-14T14:49:00+00:00,56167.80200000
2021-12-14T15:54:00+00:00,55899.06200000
2021-12-15T09:39:00+00:00,55894.62200000
2021-12-15T13:34:00+00:00,56652.02000000
2021-12-15T13:49:00+00:00,56649.06000000
2021-12-15T17:19:00+00:00,57955.10000000
2021-12-15T19:29:00+00:00,57952.88000000
2021-12-15T19:34:00+00:00,58029.20000000
2021-12-16T09:09:00+00:00,58025.50000000
2021-12-16T10:59:00+00:00,57599.30000000
2021-12-17T07:24:00+00:00,57597.08000000
2021-12-17T08:44:00+00:00,57198.86000000
2021-12-17T15:34:00+00:00,57197.38000000
2021-12-17T16:39:00+00:00,57395.90000000
2021-12-17T16:39:00+00:00,57394.42000000
2021-12-17T19:14:00+00:00,57100.94000000
2021-12-17T19:59:00+00:00,57097.98000000
2021-12-17T20:04:00+00:00,56741.02000000
2021-12-21T07:09:00+00:00,56732.14000000
2021-12-21T08:04:00+00:00,57807.11200000
2021-12-21T09:39:00+00:00,57804.89200000
2021-12-21T10:24:00+00:00,57838.67200000
2021-12-21T10:24:00+00:00,57834.23200000
2021-12-21T13:09:00+00:00,58162.79200000
2021-12-21T13:09:00+00:00,58153.91200000
2021-12-21T13:34:00+00:00,57707.03200000
2021-12-22T01:54:00+00:00,57699.63200000
2021-12-22T05:39:00+00:00,57847.23200000
2021-12-22T05:39:00+00:00,57836.87200000
2021-12-22T08:19:00+00:00,57413.51200000
2021-12-22T08:54:00+00:00,57409.07200000
2021-12-22T11:14:00+00:00,58103.63800000
2021-12-23T06:19:00+00:00,58091.05800000
2021-12-23T07:44:00+00:00,57738.47800000
2021-12-23T07:44:00+00:00,57725.89800000
2021-12-23T08:14:00+00:00,57271.31800000
2021-12-23T08:59:00+00:00,57263.91800000
2021-12-23T15:14:00+00:00,58827.31800000
2021-12-23T20:09:00+00:00,58811.77800000
2021-12-23T20:19:00+00:00,58355.23800000
2021-12-27T14:39:00+00:00,58351.53800000
2021-12-27T21:09:00+00:00,59692.83800000
2021-12-28T07:54:00+00:00,59670.63800000
2021-12-28T08:29:00+00:00,61062.15800000
2021-12-29T01:24:00+00:00,61047.35800000
2021-12-29T02:04:00+00:00,62655.71800000
2021-12-29T07:39:00+00:00,62643.87800000
2021-12-29T11:19:00+00:00,63825.84600000
2021-12-29T17:44:00+00:00,63822.88600000
2021-12-29T20:34:00+00:00,64395.88600000
2021-12-30T11:44:00+00:00,64383.30600000
2021-12-30T13:24:00+00:00,63894.72600000
2021-12-30T14:39:00+00:00,63891.76600000
2021-12-30T14:44:00+00:00,63502.80600000
2021-12-30T15:14:00+00:00,63500.58600000
2021-12-30T20:44:00+00:00,63039.36600000
2021-12-31T09:14:00+00:00,63030.48600000
2021-12-31T09:24:00+00:00,62565.60600000
2021-12-31T14:39:00+00:00,62563.38600000
2021-12-31T14:49:00+00:00,62205.66600000
2021-12-31T17:44:00+00:00,62200.48600000
2021-12-31T20:54:00+00:00,61740.30600000
2023-01-03T06:44:00+00:00,61724.02600000
2023-01-03T06:59:00+00:00,61245.74600000
2023-01-03T07:04:00+00:00,61239.08600000
2023-01-03T07:54:00+00:00,61774.35200000
2023-01-03T13:14:00+00:00,61772.87200000
2023-01-03T14:44:00+00:00,61441.39200000
2023-01-03T14:59:00+00:00,61440.65200000
2023-01-03T19:49:00+00:00,61512.41200000
2023-01-03T19:49:00+00:00,61509.45200000
2023-01-03T21:09:00+00:00,61318.49200000
2023-01-04T03:14:00+00:00,61312.57200000
2023-01-04T06:59:00+00:00,61299.25200000
2023-01-04T07:49:00+00:00,61659.85200000
2023-01-04T08:14:00+00:00,62683.26000000
2023-01-04T14:39:00+00:00,62680.30000000
2023-01-04T16:39:00+00:00,62221.34000000
2023-01-04T20:04:00+00:00,62219.86000000
2023-01-04T20:39:00+00:00,61882.38000000
2023-01-05T18:29:00+00:00,61869.80000000
2023-01-05T18:59:00+00:00,61398.22000000
2023-01-06T07:24:00+00:00,61392.30000000
2023-01-06T09:24:00+00:00,62108.94800000
2023-01-09T09:59:00+00:00,62097.84800000
2023-01-09T12:34:00+00:00,61636.74800000
2023-01-09T18:49:00+00:00,61635.26800000
2023-01-09T21:09:00+00:00,62021.78800000
2023-01-10T07:04:00+00:00,62016.60800000
2023-01-10T08:29:00+00:00,62011.42800000
2023-01-10T11:19:00+00:00,62191.74800000
2023-01-10T11:19:00+00:00,62207.56800000
2023-01-10T11:24:00+00:00,62203.86800000
2023-01-10T14:34:00+00:00,61790.16800000
2023-01-11T02:54:00+00:00,61782.02800000
2023-01-11T05:59:00+00:00,61767.96800000
2023-01-11T07:04:00+00:00,62798.49000000
2023-01-11T07:09:00+00:00,63582.29500000
2023-01-11T11:39:00+00:00,63574.89500000
2023-01-11T12:24:00+00:00,63097.49500000
2023-01-12T01:59:00+00:00,63080.47500000
2023-01-12T07:09:00+00:00,62580.45500000
2023-01-12T10:09:00+00:00,62566.39500000
2023-01-12T12:19:00+00:00,62077.33500000
2023-01-12T14:19:00+00:00,62074.37500000
2023-01-12T17:19:00+00:00,61629.41500000
2023-01-13T07:34:00+00:00,61607.21500000
2023-01-13T07:49:00+00:00,61375.01500000
2023-01-13T08:09:00+00:00,61364.65500000
2023-01-13T08:19:00+00:00,60906.29500000
2023-01-16T23:09:00+00:00,60897.41500000
2023-01-17T00:04:00+00:00,60450.53500000
2023-01-17T02:09:00+00:00,60440.17500000
2023-01-17T02:29:00+00:00,59981.81500000
2023-01-17T06:54:00+00:00,59971.45500000
2023-01-17T07:14:00+00:00,59772.09500000
2023-01-17T07:14:00+00:00,59763.21500000
2023-01-17T09:29:00+00:00,59790.33500000
2023-01-17T09:29:00+00:00,59785.89500000
2023-01-17T12:29:00+00:00,59337.45500000
2023-01-18T06:54:00+00:00,59326.35500000
2023-01-18T07:04:00+00:00,58872.75500000
2023-01-18T07:49:00+00:00,58864.61500000
2023-01-18T08:14:00+00:00,58438.47500000
2023-01-18T08:24:00+00:00,58427.37500000
2023-01-18T08:59:00+00:00,58378.77500000
2023-01-18T08:59:00+00:00,58368.41500000
2023-01-18T09:34:00+00:00,58148.05500000
2023-01-18T09:34:00+00:00,58142.87500000
2023-01-18T10:54:00+00:00,57959.19500000
2023-01-18T10:54:00+00:00,57953.27500000
2023-01-18T13:34:00+00:00,58931.72300000
2023-01-19T05:44:00+00:00,58922.10300000
2023-01-19T06:24:00+00:00,58866.98300000
2023-01-19T06:24:00+00:00,58855.88300000
2023-01-19T06:59:00+00:00,58409.78300000
2023-01-19T14:49:00+00:00,58406.08300000
2023-01-19T14:59:00+00:00,57982.38300000
2023-01-19T15:04:00+00:00,57979.42300000
2023-01-19T15:49:00+00:00,57616.46300000
2023-01-20T06:59:00+00:00,57603.88300000
2023-01-20T07:54:00+00:00,58503.67600000
2023-01-20T10:19:00+00:00,58494.05600000
2023-01-20T14:39:00+00:00,58802.93600000
2023-01-20T14:39:00+00:00,58798.49600000
2023-01-20T14:44:00+00:00,58404.05600000
2023-01-23T08:29:00+00:00,58397.39600000
2023-01-23T12:44:00+00:00,57967.73600000
2023-01-24T07:39:00+00:00,57958.85600000
2023-01-24T10:14:00+00:00,58656.83600000
2023-01-24T15:04:00+00:00,58653.87600000
2023-01-24T15:19:00+00:00,58230.91600000
2023-01-25T07:24:00+00:00,58226.47600000
2023-01-25T08:19:00+00:00,58024.03600000
2023-01-25T08:19:00+00:00,58015.15600000
2023-01-25T10:14:00+00:00,59467.12000000
2023-01-25T13:09:00+00:00,59460.46000000
2023-01-25T14:34:00+00:00,60490.52800000
2023-01-26T13:44:00+00:00,60488.30800000
2023-01-26T15:59:00+00:00,60112.58800000
2023-01-27T01:29:00+00:00,60097.78800000
2023-01-27T07:04:00+00:00,60842.98800000
2023-01-27T07:04:00+00:00,60832.62800000
2023-01-27T08:24:00+00:00,60843.26800000
2023-01-27T08:24:00+00:00,60835.86800000
2023-01-27T10:24:00+00:00,60398.46800000
2023-01-27T12:34:00+00:00,60388.84800000
2023-01-27T13:29:00+00:00,59930.72800000
2023-01-27T13:34:00+00:00,59927.76800000
2023-01-27T17:19:00+00:00,61097.67200000
2023-01-29T23:29:00+00:00,61096.19200000
2023-01-30T08:09:00+00:00,61429.81600000
2023-01-31T00:09:00+00:00,61417.23600000
2023-01-31T01:44:00+00:00,61294.15600000
2023-01-31T01:44:00+00:00,61283.05600000
2023-01-31T02:04:00+00:00,60821.95600000
2023-01-31T06:24:00+00:00,60812.33600000
2023-01-31T08:44:00+00:00,60367.21600000
2023-01-31T11:44:00+00:00,60356.85600000
2023-01-31T13:34:00+00:00,61867.55400000
2023-02-01T06:49:00+00:00,61853.49400000
2023-02-01T07:19:00+00:00,61373.93400000
2023-02-01T08:54:00+00:00,61362.83400000
2023-02-01T12:09:00+00:00,60886.73400000
2023-02-01T14:59:00+00:00,60883.03400000
2023-02-01T15:04:00+00:00,60464.33400000
2023-02-01T19:44:00+00:00,60463.59400000
2023-02-01T21:09:00+00:00,60822.35400000
2023-02-02T01:39:00+00:00,60817.17400000
2023-02-02T04:44:00+00:00,60391.99400000
2023-02-02T04:44:00+00:00,60387.55400000
2023-02-02T08:29:00+00:00,60877.91600000
2023-02-03T06:09:00+00:00,60872.73600000
2023-02-03T07:29:00+00:00,60416.05600000
2023-02-03T11:54:00+00:00,60407.17600000
2023-02-03T12:04:00+00:00,59942.29600000
2023-02-03T13:39:00+00:00,59940.07600000
2023-02-03T14:49:00+00:00,59535.85600000
2023-02-03T18:59:00+00:00,59534.37600000
2023-02-03T20:04:00+00:00,59232.89600000
2023-02-06T08:09:00+00:00,59225.49600000
2023-02-06T08:29:00+00:00,58808.09600000
2023-02-06T15:19:00+00:00,58804.39600000
2023-02-06T15:54:00+00:00,58383.19600000
2023-02-07T05:54:00+00:00,58377.27600000
2023-02-07T08:09:00+00:00,58832.12400000
2023-02-07T11:34:00+00:00,58825.46400000
2023-02-07T13:39:00+00:00,58395.80400000
2023-02-08T12:24:00+00:00,58390.62400000
2023-02-08T15:34:00+00:00,59842.36100000
2023-02-09T14:49:00+00:00,59840.14100000
2023-02-09T20:04:00+00:00,61259.49500000
2023-02-10T05:09:00+00:00,61250.61500000
2023-02-10T08:04:00+00:00,61728.68300000
2023-02-12T23:09:00+00:00,61725.72300000
2023-02-13T01:14:00+00:00,61723.50300000
2023-02-13T07:39:00+00:00,61709.44300000
2023-02-13T08:04:00+00:00,61229.88300000
2023-02-13T08:39:00+00:00,60858.66300000
2023-02-13T09:04:00+00:00,60455.70300000
2023-02-14T08:24:00+00:00,60449.78300000
2023-02-14T09:04:00+00:00,60003.86300000
2023-02-14T09:09:00+00:00,59995.72300000
2023-02-14T13:34:00+00:00,59542.08300000
2023-02-15T07:39:00+00:00,59537.64300000
2023-02-15T08:39:00+00:00,59146.20300000
2023-02-15T11:19:00+00:00,59138.80300000
2023-02-15T12:14:00+00:00,58686.40300000
2023-02-15T14:04:00+00:00,58681.96300000
2023-02-15T14:39:00+00:00,58245.52300000
2023-02-15T14:59:00+00:00,58244.04300000
2023-02-15T16:44:00+00:00,57944.56300000
2023-02-16T08:09:00+00:00,57939.38300000
2023-02-16T13:19:00+00:00,59024.60000000
2023-02-17T05:04:00+00:00,59008.32000000
2023-02-17T05:24:00+00:00,58552.04000000
2023-02-17T15:09:00+00:00,58549.08000000
2023-02-17T16:34:00+00:00,58120.12000000
2023-02-17T19:49:00+00:00,58112.72000000
2023-02-17T19:54:00+00:00,57685.32000000
2023-02-20T04:49:00+00:00,57672.00000000
2023-02-20T08:14:00+00:00,58718.97000000
2023-02-20T17:34:00+00:00,58701.95000000
2023-02-20T17:59:00+00:00,58236.43000000
2023-02-21T02:59:00+00:00,58228.29000000
2023-02-21T07:09:00+00:00,58215.71000000
2023-02-21T07:19:00+00:00,58769.13100000
2023-02-21T08:34:00+00:00,59980.46600000
2023-02-21T14:44:00+00:00,59977.50600000
2023-02-21T14:54:00+00:00,59604.54600000
2023-02-21T14:54:00+00:00,59600.84600000
2023-02-21T18:39:00+00:00,60768.70100000
2023-02-22T07:14:00+00:00,60760.56100000
2023-02-22T08:04:00+00:00,60748.72100000
2023-02-22T08:09:00+00:00,60306.08100000
2023-02-22T08:09:00+00:00,59838.24100000
2023-02-22T15:09:00+00:00,59836.02100000
2023-02-22T18:09:00+00:00,59439.30100000
2023-02-23T07:19:00+00:00,59424.50100000
2023-02-23T08:09:00+00:00,58969.70100000
2023-02-23T11:19:00+00:00,58965.26100000
2023-02-23T12:39:00+00:00,58519.82100000
2023-02-24T05:39:00+00:00,58510.94100000
2023-02-24T07:09:00+00:00,58502.80100000
2023-02-24T07:49:00+00:00,59153.65700000
2023-02-24T09:49:00+00:00,59995.05800000
2023-02-24T12:04:00+00:00,59985.43800000
2023-02-24T13:34:00+00:00,59520.81800000
2023-02-24T14:49:00+00:00,59520.07800000
2023-02-24T21:04:00+00:00,59455.83800000
2023-02-27T19:24:00+00:00,59447.69800000
2023-02-27T20:39:00+00:00,60577.07900000
2023-03-01T09:04:00+00:00,60570.41900000
2023-03-01T13:04:00+00:00,60109.25900000
2023-03-01T15:14:00+00:00,60108.51900000
2023-03-01T21:09:00+00:00,60112.77900000
2023-03-02T03:14:00+00:00,60111.29900000
2023-03-02T07:34:00+00:00,60308.78700000
2023-03-02T12:29:00+00:00,60299.16700000
2023-03-02T13:34:00+00:00,61327.58400000
2023-03-03T00:34:00+00:00,61322.40400000
2023-03-03T06:29:00+00:00,61163.22400000
2023-03-03T06:29:00+00:00,61154.34400000
2023-03-03T07:09:00+00:00,60707.46400000
2023-03-03T07:09:00+00:00,60697.10400000
2023-03-03T08:04:00+00:00,60231.74400000
2023-03-03T08:09:00+00:00,60221.38400000
2023-03-03T12:24:00+00:00,61604.02400000
2023-03-03T12:24:00+00:00,61591.44400000
2023-03-03T13:44:00+00:00,61111.36400000
2023-03-06T07:59:00+00:00,61097.30400000
2023-03-06T11:49:00+00:00,62799.34300000
2023-03-06T12:09:00+00:00,62791.20300000
2023-03-06T13:24:00+00:00,63733.39700000
2023-03-08T07:14:00+00:00,63720.81700000
2023-03-08T08:09:00+00:00,63240.73700000
2023-03-08T13:14:00+00:00,63236.29700000
2023-03-08T15:04:00+00:00,62814.85700000
2023-03-09T05:54:00+00:00,62798.57700000
2023-03-09T07:19:00+00:00,63675.03500000
2023-03-09T13:39:00+00:00,63671.33500000
2023-03-09T18:24:00+00:00,63257.63500000
2023-03-10T02:44:00+00:00,63253.93500000
2023-03-10T06:59:00+00:00,63244.31500000
2023-03-10T07:24:00+00:00,64340.80000000
2023-03-10T11:39:00+00:00,64336.36000000
2023-03-10T12:34:00+00:00,63887.92000000
2023-03-10T13:34:00+00:00,64977.23500000
2023-03-13T06:24:00+00:00,64970.57500000
2023-03-13T06:54:00+00:00,64513.91500000
2023-03-13T08:19:00+00:00,64507.99500000
2023-03-13T08:34:00+00:00,64018.07500000
2023-03-14T15:04:00+00:00,64012.89500000
2023-03-14T15:24:00+00:00,63545.71500000
2023-03-15T12:44:00+00:00,63544.23500000
2023-03-15T13:29:00+00:00,63184.75500000
2023-03-15T17:19:00+00:00,63183.27500000
2023-03-15T20:09:00+00:00,63696.79500000
2023-03-16T05:44:00+00:00,63690.87500000
2023-03-16T06:49:00+00:00,63252.95500000
2023-03-16T14:14:00+00:00,63249.99500000
2023-03-16T14:44:00+00:00,62859.03500000
2023-03-17T07:14:00+00:00,62850.89500000
2023-03-17T07:24:00+00:00,63058.74000000
2023-03-17T11:49:00+00:00,63046.90000000
2023-03-17T12:24:00+00:00,62579.06000000
2023-03-17T14:24:00+00:00,62577.58000000
2023-03-17T20:09:00+00:00,62715.10000000
2023-03-20T03:44:00+00:00,62707.70000000
2023-03-20T04:39:00+00:00,62265.30000000
2023-03-20T08:19:00+00:00,62263.82000000
2023-03-20T08:44:00+00:00,62017.34000000
2023-03-20T08:44:00+00:00,62014.38000000
2023-03-20T13:49:00+00:00,61611.42000000
2023-03-21T07:59:00+00:00,61601.06000000
2023-03-21T10:29:00+00:00,61128.70000000
2023-03-22T19:04:00+00:00,61127.22000000
2023-03-22T19:24:00+00:00,60705.74000000
2023-03-23T12:09:00+00:00,60701.30000000
2023-03-23T12:49:00+00:00,60291.86000000
2023-03-23T13:19:00+00:00,60284.46000000
2023-03-23T14:04:00+00:00,61847.86000000
2023-03-23T19:04:00+00:00,61844.90000000
2023-03-23T19:19:00+00:00,61445.94000000
2023-03-24T08:09:00+00:00,61437.06000000
2023-03-24T08:14:00+00:00,60972.18000000
2023-03-27T08:14:00+00:00,60969.22000000
2023-03-27T15:09:00+00:00,60570.26000000
2023-03-28T07:14:00+00:00,60560.64000000
2023-03-28T07:44:00+00:00,60960.52000000
2023-03-28T07:44:00+00:00,60951.64000000
2023-03-28T07:54:00+00:00,60492.76000000
2023-03-29T08:49:00+00:00,60482.40000000
2023-03-29T09:09:00+00:00,60031.04000000
2023-03-29T11:09:00+00:00,60016.24000000
2023-03-29T12:54:00+00:00,60996.28000000
2023-03-30T14:29:00+00:00,60993.32000000
2023-03-30T16:49:00+00:00,60580.36000000
2023-03-31T13:39:00+00:00,60577.40000000
2023-03-31T16:34:00+00:00,61490.74000000
2023-04-03T05:24:00+00:00,61478.16000000
2023-04-03T05:54:00+00:00,61006.58000000
2023-04-03T08:04:00+00:00,61001.40000000
2023-04-03T12:09:00+00:00,60544.72000000
2023-04-03T14:44:00+00:00,60538.06000000
2023-04-03T15:14:00+00:00,61874.43400000
2023-04-04T06:19:00+00:00,61858.89400000
2023-04-04T07:29:00+00:00,61370.85400000
2023-04-04T13:59:00+00:00,61367.15400000
2023-04-04T14:24:00+00:00,61108.45400000
2023-04-04T14:24:00+00:00,61104.75400000
2023-04-04T14:34:00+00:00,60663.55400000
2023-04-05T06:19:00+00:00,60654.67400000
2023-04-05T07:34:00+00:00,60219.79400000
2023-04-05T12:39:00+00:00,60214.61400000
2023-04-05T14:29:00+00:00,61648.02500000
2023-04-06T05:59:00+00:00,61627.30500000
2023-04-06T07:09:00+00:00,63145.96900000
2023-04-06T10:19:00+00:00,63138.56900000
2023-04-06T13:24:00+00:00,62686.16900000
2023-04-10T04:39:00+00:00,62669.88900000
2023-04-10T05:24:00+00:00,62180.60900000
2023-04-10T09:59:00+00:00,62162.10900000
2023-04-10T10:19:00+00:00,61668.60900000
2023-04-10T16:09:00+00:00,61664.90900000
2023-04-10T16:39:00+00:00,61203.70900000
2023-04-11T00:19:00+00:00,61197.04900000
2023-04-11T00:39:00+00:00,60731.38900000
2023-04-11T14:29:00+00:00,60726.20900000
2023-04-11T14:39:00+00:00,60280.02900000
2023-04-12T07:39:00+00:00,60275.58900000
2023-04-12T07:49:00+00:00,60070.14900000
2023-04-12T07:49:00+00:00,60061.26900000
2023-04-12T11:49:00+00:00,60053.12900000
2023-04-12T12:29:00+00:00,59610.48900000
2023-04-12T12:34:00+00:00,60748.29300000
2023-04-12T12:39:00+00:00,60746.07300000
2023-04-12T13:34:00+00:00,60341.85300000
2023-04-13T09:19:00+00:00,60334.45300000
2023-04-13T10:14:00+00:00,59902.05300000
2023-04-13T12:24:00+00:00,59893.91300000
2023-04-13T12:34:00+00:00,60922.50100000
2023-04-13T16:04:00+00:00,60921.76100000
2023-04-13T20:09:00+00:00,61037.52100000
2023-04-14T07:19:00+00:00,61027.90100000
2023-04-14T08:14:00+00:00,60569.78100000
2023-04-14T12:39:00+00:00,60563.86100000
2023-04-14T13:39:00+00:00,60121.94100000
2023-04-14T14:14:00+00:00,60118.98100000
2023-04-14T20:09:00+00:00,60106.02100000
2023-04-17T06:34:00+00:00,60097.88100000
2023-04-17T07:39:00+00:00,60723.29700000
2023-04-17T07:49:00+00:00,60712.19700000
2023-04-17T09:19:00+00:00,61800.65700000
2023-04-17T14:34:00+00:00,61796.95700000
2023-04-17T20:09:00+00:00,61378.25700000
2023-04-18T13:54:00+00:00,61373.07700000
2023-04-18T13:59:00+00:00,60930.39700000
2023-04-18T16:44:00+00:00,60927.43700000
2023-04-18T20:09:00+00:00,61028.47700000
2023-04-19T11:54:00+00:00,61018.11700000
2023-04-19T13:34:00+00:00,60545.75700000
2023-04-19T17:24:00+00:00,60536.13700000
2023-04-19T18:04:00+00:00,60071.51700000
2023-04-20T06:19:00+00:00,60064.11700000
2023-04-20T07:14:00+00:00,59601.71700000
2023-04-20T12:29:00+00:00,59594.31700000
2023-04-20T13:49:00+00:00,60804.28700000
2023-04-21T07:39:00+00:00,60800.58700000
2023-04-21T08:49:00+00:00,60541.88700000
2023-04-21T08:49:00+00:00,60537.44700000
2023-04-21T10:34:00+00:00,60119.00700000
2023-04-21T14:24:00+00:00,60116.78700000
2023-04-21T14:49:00+00:00,59859.56700000
2023-04-21T14:49:00+00:00,59856.60700000
2023-04-21T15:04:00+00:00,59429.64700000
2023-04-26T06:24:00+00:00,59422.98700000
2023-04-26T08:04:00+00:00,59636.82700000
2023-04-26T08:04:00+00:00,59628.68700000
2023-04-26T10:44:00+00:00,59202.54700000
2023-04-26T12:19:00+00:00,59198.10700000
2023-04-26T16:09:00+00:00,60183.27100000
2023-04-28T09:24:00+00:00,60166.25100000
2023-04-28T09:44:00+00:00,59689.23100000
2023-04-28T12:19:00+00:00,59677.39100000
2023-04-28T12:34:00+00:00,59225.55100000
2023-05-01T00:49:00+00:00,59215.19100000
2023-05-01T06:09:00+00:00,59848.83100000
2023-05-01T06:09:00+00:00,59839.21100000
2023-05-01T06:44:00+00:00,59394.09100000
2023-05-02T00:14:00+00:00,59384.47100000
2023-05-02T00:24:00+00:00,58952.35100000
2023-05-02T10:09:00+00:00,58944.21100000
2023-05-02T14:14:00+00:00,60260.77900000
2023-05-03T02:09:00+00:00,60245.23900000
2023-05-03T05:49:00+00:00,60238.57900000
2023-05-03T07:04:00+00:00,60502.88200000
2023-05-03T10:19:00+00:00,61834.30300000
2023-05-04T07:09:00+00:00,61829.12300000
2023-05-04T07:39:00+00:00,61372.44300000
2023-05-05T06:24:00+00:00,61362.08300000
2023-05-05T07:09:00+00:00,60910.72300000
2023-05-05T12:39:00+00:00,60907.02300000
2023-05-05T12:49:00+00:00,60665.82300000
2023-05-05T12:49:00+00:00,60662.12300000
2023-05-05T14:09:00+00:00,61522.36300000
2023-05-08T06:19:00+00:00,61508.30300000
2023-05-08T07:09:00+00:00,61038.24300000
2023-05-08T12:14:00+00:00,61026.40300000
2023-05-08T12:44:00+00:00,60550.56300000
2023-05-08T18:14:00+00:00,60544.64300000
2023-05-08T18:24:00+00:00,60090.72300000
2023-05-08T23:24:00+00:00,60085.54300000
2023-05-09T08:14:00+00:00,60391.90500000
2023-05-09T08:59:00+00:00,60380.06500000
2023-05-09T11:29:00+00:00,59912.22500000
2023-05-09T12:29:00+00:00,59904.08500000
2023-05-09T13:14:00+00:00,60428.70800000
2023-05-09T14:14:00+00:00,60423.52800000
2023-05-09T20:09:00+00:00,60575.84800000
2023-05-11T06:39:00+00:00,60561.78800000
2023-05-11T07:04:00+00:00,60101.22800000
2023-05-11T07:09:00+00:00,60091.60800000
2023-05-11T11:14:00+00:00,59626.98800000
2023-05-11T11:34:00+00:00,59618.10800000
2023-05-11T13:34:00+00:00,59189.22800000
2023-05-11T14:54:00+00:00,59185.52800000
2023-05-11T20:09:00+00:00,59479.32800000
2023-05-12T13:54:00+00:00,59475.62800000
2023-05-12T16:24:00+00:00,60506.03800000
2023-05-15T09:44:00+00:00,60495.67800000
2023-05-15T10:29:00+00:00,60534.31800000
2023-05-15T10:29:00+00:00,60520.99800000
2023-05-15T12:29:00+00:00,60066.67800000
2023-05-15T17:59:00+00:00,60059.27800000
2023-05-15T20:09:00+00:00,60391.87800000
2023-05-16T07:04:00+00:00,60378.55800000
2023-05-16T07:19:00+00:00,59906.23800000
2023-05-16T09:39:00+00:00,59901.79800000
2023-05-16T11:14:00+00:00,59846.35800000
2023-05-16T11:14:00+00:00,59835.99800000
2023-05-16T12:34:00+00:00,60503.70000000
2023-05-16T13:39:00+00:00,60499.26000000
2023-05-16T14:34:00+00:00,60497.78000000
2023-05-16T20:09:00+00:00,60817.34000000
2023-05-16T20:09:00+00:00,60796.86000000
2023-05-17T05:49:00+00:00,60777.62000000
2023-05-17T06:09:00+00:00,60303.38000000
2023-05-17T06:34:00+00:00,60281.18000000
2023-05-17T06:39:00+00:00,60063.98000000
2023-05-17T12:04:00+00:00,60058.06000000
2023-05-17T13:34:00+00:00,60429.13200000
2023-05-17T13:54:00+00:00,60424.69200000
2023-05-17T14:19:00+00:00,60120.25200000
2023-05-17T14:19:00+00:00,60115.81200000
2023-05-17T16:49:00+00:00,61030.29000000
2023-05-18T07:09:00+00:00,61008.09000000
2023-05-18T08:09:00+00:00,62556.69000000
2023-05-19T11:09:00+00:00,62542.63000000
2023-05-19T11:49:00+00:00,62072.57000000
2023-05-19T18:59:00+00:00,62066.65000000
2023-05-19T20:09:00+00:00,62024.73000000
2023-05-22T07:24:00+00:00,62015.85000000
2023-05-22T11:39:00+00:00,62426.97000000
2023-05-22T11:39:00+00:00,62415.13000000
2023-05-22T13:39:00+00:00,62411.43000000
2023-05-22T13:44:00+00:00,64305.49400000
2023-05-22T14:14:00+00:00,64369.29400000
2023-05-22T14:14:00+00:00,64367.07400000
2023-05-22T20:09:00+00:00,64301.85400000
2023-05-22T23:09:00+00:00,64297.41400000
2023-05-23T00:19:00+00:00,64496.97400000
2023-05-23T00:19:00+00:00,64483.65400000
2023-05-23T01:49:00+00:00,64002.33400000
2023-05-23T05:09:00+00:00,63989.01400000
2023-05-23T06:59:00+00:00,63498.69400000
2023-05-23T10:14:00+00:00,63489.81400000
2023-05-23T11:04:00+00:00,63479.45400000
2023-05-23T11:44:00+00:00,63014.57400000
2023-05-23T11:44:00+00:00,62535.21400000
2023-05-24T07:19:00+00:00,62526.33400000
2023-05-24T07:44:00+00:00,62043.45400000
2023-05-25T06:14:00+00:00,62028.65400000
2023-05-25T07:44:00+00:00,61553.85400000
2023-05-25T16:39:00+00:00,61548.67400000
2023-05-25T18:04:00+00:00,61126.99400000
2023-05-26T07:09:00+00:00,61118.11400000
2023-05-26T08:24:00+00:00,60665.23400000
2023-05-26T10:24:00+00:00,60660.05400000
2023-05-26T10:44:00+00:00,61213.81700000
2023-05-29T00:39:00+00:00,61209.37700000
2023-05-29T12:39:00+00:00,61205.67700000
2023-05-29T23:24:00+00:00,61195.31700000
2023-05-30T05:14:00+00:00,61191.61700000
2023-05-30T06:04:00+00:00,60719.25700000
2023-05-30T06:04:00+00:00,60608.05700000
2023-05-30T07:09:00+00:00,60211.85700000
2023-05-30T08:09:00+00:00,59784.41700000
2023-05-30T11:09:00+00:00,59777.75700000
2023-05-30T12:09:00+00:00,60772.48200000
2023-05-30T13:59:00+00:00,60771.74200000
2023-05-30T20:09:00+00:00,60849.00200000
2023-05-31T01:24:00+00:00,60834.20200000
2023-05-31T01:34:00+00:00,60369.40200000
2023-05-31T11:14:00+00:00,60359.78200000
2023-05-31T12:59:00+00:00,61558.36900000
2023-05-31T14:14:00+00:00,61555.40900000
2023-05-31T20:09:00+00:00,61794.44900000
2023-06-01T01:44:00+00:00,61790.74900000
2023-06-01T06:14:00+00:00,61459.54900000
2023-06-01T06:14:00+00:00,61453.62900000
2023-06-01T08:24:00+00:00,61031.70900000
2023-06-01T14:29:00+00:00,61028.00900000
2023-06-01T14:44:00+00:00,60591.80900000
2023-06-02T03:34:00+00:00,60585.88900000
2023-06-02T07:19:00+00:00,60623.96900000
2023-06-02T07:19:00+00:00,60615.08900000
2023-06-02T09:09:00+00:00,60174.20900000
2023-06-02T11:09:00+00:00,60167.54900000
2023-06-02T12:34:00+00:00,59728.88900000
2023-06-02T13:54:00+00:00,59727.40900000
2023-06-02T20:09:00+00:00,59524.92900000
2023-06-05T09:49:00+00:00,59521.22900000
2023-06-05T12:59:00+00:00,59508.64900000
2023-06-05T13:34:00+00:00,59109.94900000
2023-06-05T13:34:00+00:00,58663.86900000
2023-06-05T13:59:00+00:00,58659.42900000
2023-06-05T14:04:00+00:00,58261.98900000
2023-06-06T07:09:00+00:00,58246.44900000
2023-06-06T08:59:00+00:00,57789.90900000
2023-06-06T13:34:00+00:00,57785.46900000
2023-06-06T13:49:00+00:00,57361.02900000
2023-06-07T01:14:00+00:00,57352.88900000
2023-06-07T11:39:00+00:00,56910.24900000
2023-06-07T13:39:00+00:00,56896.92900000
2023-06-07T13:54:00+00:00,56469.60900000
2023-06-08T01:49:00+00:00,56459.98900000
2023-06-08T04:49:00+00:00,57913.83100000
2023-06-08T06:24:00+00:00,57904.21100000
2023-06-08T08:14:00+00:00,58881.57700000
2023-06-08T12:19:00+00:00,58879.35700000
2023-06-08T12:34:00+00:00,58520.13700000
2023-06-08T22:09:00+00:00,58513.47700000
2023-06-09T07:59:00+00:00,58979.31700000
2023-06-09T07:59:00+00:00,58974.13700000
2023-06-09T09:04:00+00:00,59408.78100000
2023-06-09T10:24:00+00:00,59405.08100000
2023-06-09T13:19:00+00:00,59938.07100000
2023-06-13T07:59:00+00:00,59930.67100000
2023-06-13T11:39:00+00:00,60865.75100000
2023-06-13T11:39:00+00:00,60862.05100000
2023-06-13T12:29:00+00:00,60413.35100000
2023-06-13T18:59:00+00:00,60410.39100000
2023-06-13T20:09:00+00:00,60635.43100000
2023-06-14T05:54:00+00:00,60626.55100000
2023-06-14T06:39:00+00:00,60616.93100000
2023-06-14T07:19:00+00:00,61236.94000000
2023-06-14T08:39:00+00:00,62468.99200000
2023-06-14T11:44:00+00:00,62462.33200000
2023-06-14T12:34:00+00:00,61983.17200000
2023-06-14T13:49:00+00:00,61978.73200000
2023-06-14T15:14:00+00:00,61977.25200000
2023-06-14T18:04:00+00:00,61519.81200000
2023-06-14T18:04:00+00:00,61070.33200000
2023-06-15T05:34:00+00:00,61063.67200000
2023-06-15T06:04:00+00:00,60638.51200000
2023-06-15T11:29:00+00:00,60629.63200000
2023-06-15T12:39:00+00:00,60182.75200000
2023-06-15T12:44:00+00:00,60179.79200000
2023-06-15T13:04:00+00:00,59804.83200000
2023-06-16T05:29:00+00:00,59798.17200000
2023-06-16T08:29:00+00:00,60463.02900000
2023-06-16T13:24:00+00:00,60460.06900000
2023-06-16T13:34:00+00:00,60011.10900000
2023-06-16T13:39:00+00:00,60007.40900000
2023-06-16T15:24:00+00:00,60005.92900000
2023-06-16T20:09:00+00:00,60794.72900000
2023-06-16T20:09:00+00:00,60984.24900000
2023-06-20T00:19:00+00:00,60968.70900000
2023-06-20T05:24:00+00:00,62355.10800000
2023-06-20T11:59:00+00:00,62352.88800000
2023-06-20T13:39:00+00:00,62348.44800000
2023-06-20T13:44:00+00:00,62731.07400000
2023-06-20T13:59:00+00:00,62288.63400000
2023-06-20T14:04:00+00:00,62287.15400000
2023-06-20T20:09:00+00:00,62272.67400000
2023-06-21T05:34:00+00:00,62253.43400000
2023-06-21T07:44:00+00:00,62250.47400000
2023-06-21T08:34:00+00:00,61763.23400000
2023-06-21T11:49:00+00:00,61718.27400000
2023-06-21T11:49:00+00:00,61706.43400000
2023-06-21T12:04:00+00:00,61246.59400000
2023-06-21T15:59:00+00:00,61245.85400000
2023-06-21T20:09:00+00:00,61190.11400000
2023-06-22T10:09:00+00:00,61180.49400000
2023-06-22T12:34:00+00:00,60735.37400000
2023-06-22T12:39:00+00:00,60732.41400000
2023-06-22T13:49:00+00:00,60730.93400000
2023-06-22T14:14:00+00:00,61471.48600000
2023-06-22T20:09:00+00:00,62026.00600000
2023-06-23T13:49:00+00:00,62024.52600000
2023-06-23T16:19:00+00:00,61606.04600000
2023-06-26T08:09:00+00:00,61603.08600000
2023-06-26T13:39:00+00:00,61174.12600000
2023-06-26T14:54:00+00:00,61171.16600000
2023-06-26T15:09:00+00:00,60756.20600000
2023-06-27T00:14:00+00:00,60736.96600000
2023-06-27T01:19:00+00:00,61772.78000000
2023-06-27T01:54:00+00:00,61765.38000000
2023-06-27T13:39:00+00:00,62988.44000000
2023-06-27T15:34:00+00:00,62986.96000000
2023-06-27T20:09:00+00:00,63427.48000000
2023-06-28T02:49:00+00:00,63421.56000000
2023-06-28T08:39:00+00:00,62963.64000000
2023-06-28T13:39:00+00:00,62956.24000000
2023-06-28T13:49:00+00:00,62508.84000000
2023-06-28T16:34:00+00:00,62504.40000000
2023-06-28T20:04:00+00:00,62034.96000000
2023-06-29T00:19:00+00:00,62028.30000000
2023-06-29T03:39:00+00:00,61571.64000000
2023-06-29T05:09:00+00:00,61558.32000000
2023-06-29T05:24:00+00:00,61077.00000000
2023-06-29T11:44:00+00:00,61065.90000000
2023-06-29T12:04:00+00:00,60604.80000000
2023-07-03T00:14:00+00:00,60595.18000000
2023-07-03T03:39:00+00:00,60130.56000000
2023-07-04T00:14:00+00:00,60117.24000000
2023-07-04T01:34:00+00:00,59653.92000000
2023-07-04T01:39:00+00:00,59644.30000000
2023-07-04T03:49:00+00:00,59192.68000000
2023-07-05T00:34:00+00:00,59180.10000000
2023-07-05T06:09:00+00:00,58734.02000000
2023-07-05T08:19:00+00:00,58731.06000000
2023-07-05T09:14:00+00:00,58932.30400000
2023-07-07T05:19:00+00:00,58921.20400000
2023-07-07T05:49:00+00:00,58467.60400000
2023-07-07T08:04:00+00:00,58455.76400000
2023-07-07T09:14:00+00:00,59553.95600000
2023-07-07T12:49:00+00:00,59552.47600000
2023-07-07T13:04:00+00:00,59550.99600000
2023-07-07T16:04:00+00:00,59211.51600000
2023-07-07T16:34:00+00:00,58872.03600000
2023-07-09T22:29:00+00:00,58866.85600000
2023-07-10T00:29:00+00:00,58469.67600000
2023-07-10T14:14:00+00:00,58467.45600000
2023-07-10T15:49:00+00:00,58154.73600000
2023-07-10T15:49:00+00:00,58152.51600000
2023-07-10T17:34:00+00:00,57782.79600000
2023-07-11T00:09:00+00:00,57774.65600000
2023-07-11T01:19:00+00:00,57337.51600000
2023-07-11T05:19:00+00:00,57315.31600000
2023-07-11T05:34:00+00:00,56858.11600000
2023-07-11T05:39:00+00:00,56848.49600000
2023-07-11T08:04:00+00:00,56416.37600000
2023-07-11T12:34:00+00:00,56410.45600000
2023-07-11T13:19:00+00:00,55984.53600000
2023-07-11T13:49:00+00:00,55980.83600000
2023-07-11T14:39:00+00:00,55622.13600000
2023-07-12T01:49:00+00:00,55606.59600000
2023-07-12T06:24:00+00:00,56221.05600000
2023-07-12T06:24:00+00:00,56205.51600000
2023-07-12T07:34:00+00:00,55759.47600000
2023-07-12T12:39:00+00:00,55755.77600000
2023-07-12T15:44:00+00:00,55359.57600000
2023-07-13T11:44:00+00:00,55349.95600000
2023-07-13T12:39:00+00:00,54924.33600000
2023-07-13T12:49:00+00:00,54919.15600000
2023-07-13T15:59:00+00:00,56096.00300000
2023-07-14T10:54:00+00:00,56091.56300000
2023-07-14T13:34:00+00:00,55715.12300000
2023-07-17T11:29:00+00:00,55709.20300000
2023-07-17T13:09:00+00:00,55327.28300000
2023-07-17T13:54:00+00:00,55325.06300000
2023-07-17T15:29:00+00:00,54991.34300000
2023-07-18T01:44:00+00:00,54978.02300000
2023-07-18T02:24:00+00:00,54559.70300000
2023-07-18T05:59:00+00:00,54544.16300000
2023-07-18T07:54:00+00:00,54119.12300000
2023-07-18T13:39:00+00:00,54116.90300000
2023-07-18T15:44:00+00:00,53733.68300000
2023-07-19T15:19:00+00:00,53731.46300000
2023-07-19T16:24:00+00:00,53414.24300000
2023-07-20T14:09:00+00:00,53412.02300000
2023-07-20T18:59:00+00:00,54615.39200000
2023-07-21T04:34:00+00:00,54605.77200000
2023-07-21T05:19:00+00:00,54206.15200000
2023-07-21T06:04:00+00:00,54198.01200000
2023-07-21T08:09:00+00:00,55082.61000000
2023-07-21T13:34:00+00:00,55077.43000000
2023-07-21T14:04:00+00:00,56336.74400000
2023-07-21T18:19:00+00:00,56334.52400000
2023-07-21T20:09:00+00:00,56641.30400000
2023-07-24T07:39:00+00:00,56635.38400000
2023-07-24T11:19:00+00:00,56429.46400000
2023-07-24T11:19:00+00:00,56417.62400000
2023-07-24T12:14:00+00:00,55989.78400000
2023-07-24T13:29:00+00:00,55981.64400000
2023-07-24T13:34:00+00:00,55555.50400000
2023-07-24T13:54:00+00:00,55552.54400000
2023-07-24T14:14:00+00:00,55163.58400000
2023-07-24T14:19:00+00:00,55161.36400000
2023-07-24T15:19:00+00:00,55159.88400000
2023-07-24T20:09:00+00:00,55111.16400000
2023-07-24T20:09:00+00:00,55002.68400000
2023-07-25T12:24:00+00:00,54995.28400000
2023-07-25T13:34:00+00:00,54572.88400000
2023-07-25T13:39:00+00:00,54569.18400000
2023-07-25T17:04:00+00:00,55494.87400000
2023-07-26T11:44:00+00:00,55488.95400000
2023-07-26T13:34:00+00:00,56257.96200000
2023-07-26T13:59:00+00:00,56255.00200000
2023-07-26T14:54:00+00:00,55838.04200000
2023-07-26T19:14:00+00:00,55836.56200000
2023-07-26T20:09:00+00:00,55452.08200000
2023-07-27T03:59:00+00:00,55445.42200000
2023-07-27T04:14:00+00:00,55874.65900000
2023-07-27T19:19:00+00:00,55870.95900000
2023-07-27T19:34:00+00:00,55452.25900000
2023-07-28T03:49:00+00:00,55445.59900000
2023-07-28T05:29:00+00:00,55020.43900000
2023-07-28T13:19:00+00:00,55015.99900000
2023-07-28T13:39:00+00:00,54615.55900000
2023-07-28T13:54:00+00:00,54614.07900000
2023-07-28T17:59:00+00:00,54608.89900000
2023-07-28T18:44:00+00:00,54768.41900000
2023-07-28T18:44:00+00:00,55078.23900000
2023-07-28T18:49:00+00:00,55076.01900000
2023-07-28T20:09:00+00:00,55156.29900000
2023-07-31T07:24:00+00:00,55152.59900000
2023-07-31T12:49:00+00:00,55764.12900000
2023-07-31T14:14:00+00:00,55761.16900000
2023-07-31T17:04:00+00:00,55386.20900000
2023-07-31T19:09:00+00:00,55379.54900000
2023-07-31T19:59:00+00:00,54990.38900000
2023-08-01T00:54:00+00:00,54975.58900000
2023-08-01T03:34:00+00:00,54540.78900000
2023-08-01T04:39:00+00:00,54528.20900000
2023-08-01T05:24:00+00:00,54116.12900000
2023-08-01T08:44:00+00:00,54107.98900000
2023-08-01T09:34:00+00:00,53698.34900000
2023-08-03T00:24:00+00:00,53692.42900000
2023-08-03T01:34:00+00:00,53306.50900000
2023-08-03T03:39:00+00:00,53302.80900000
2023-08-03T04:19:00+00:00,53299.10900000
2023-08-03T05:44:00+00:00,53589.93400000
2023-08-03T05:59:00+00:00,53658.73400000
2023-08-03T05:59:00+00:00,53651.33400000
2023-08-03T06:49:00+00:00,53243.93400000
2023-08-03T10:29:00+00:00,53236.53400000
2023-08-03T11:04:00+00:00,52829.13400000
2023-08-03T14:14:00+00:00,52826.91400000
2023-08-03T15:19:00+00:00,52485.69400000
2023-08-03T18:24:00+00:00,52481.25400000
2023-08-03T19:09:00+00:00,52107.81400000
2023-08-04T08:39:00+00:00,52103.37400000
2023-08-04T09:29:00+00:00,51729.93400000
2023-08-04T13:49:00+00:00,51728.45400000
2023-08-04T14:04:00+00:00,52203.45000000
2023-08-04T14:39:00+00:00,52202.71000000
2023-08-04T18:39:00+00:00,51984.97000000
2023-08-07T05:44:00+00:00,51975.35000000
2023-08-07T05:54:00+00:00,51575.73000000
2023-08-07T06:49:00+00:00,51565.37000000
2023-08-07T07:09:00+00:00,51793.24800000
2023-08-07T08:59:00+00:00,51786.58800000
2023-08-07T10:29:00+00:00,51424.42800000
2023-08-07T12:39:00+00:00,51417.76800000
2023-08-07T13:44:00+00:00,51051.10800000
2023-08-07T13:49:00+00:00,51049.62800000
2023-08-07T13:59:00+00:00,51029.14800000
2023-08-07T13:59:00+00:00,51026.18800000
2023-08-07T14:14:00+00:00,51023.96800000
2023-08-07T15:19:00+00:00,50669.00800000
2023-08-07T15:19:00+00:00,50303.78800000
2023-08-08T07:09:00+00:00,50297.86800000
2023-08-08T10:34:00+00:00,49923.94800000
2023-08-09T11:39:00+00:00,49918.02800000
2023-08-09T13:14:00+00:00,49564.10800000
2023-08-10T06:49:00+00:00,49553.74800000
2023-08-10T07:04:00+00:00,49179.38800000
2023-08-10T16:59:00+00:00,49178.64800000
2023-08-10T20:09:00+00:00,49192.90800000
2023-08-11T03:44:00+00:00,49190.68800000
2023-08-11T06:09:00+00:00,49180.32800000
2023-08-11T06:34:00+00:00,48805.96800000
2023-08-11T12:34:00+00:00,49227.86400000
2023-08-15T05:24:00+00:00,49221.20400000
2023-08-15T05:39:00+00:00,48868.04400000
2023-08-16T12:29:00+00:00,48865.08400000
2023-08-16T13:49:00+00:00,48542.12400000
2023-08-16T18:29:00+00:00,48540.64400000
2023-08-16T19:09:00+00:00,48278.16400000
2023-08-17T08:04:00+00:00,48275.94400000
2023-08-17T12:39:00+00:00,48615.37300000
2023-08-18T03:54:00+00:00,48611.67300000
2023-08-18T09:29:00+00:00,48994.12800000
2023-08-21T01:09:00+00:00,48985.98800000
2023-08-21T06:09:00+00:00,50144.16700000
2023-08-22T01:29:00+00:00,50137.50700000
2023-08-22T03:39:00+00:00,50211.84700000
2023-08-22T03:39:00+00:00,50200.74700000
2023-08-22T06:14:00+00:00,49807.14700000
2023-08-22T12:49:00+00:00,49802.70700000
2023-08-22T13:44:00+00:00,50599.37500000
2023-08-22T14:59:00+00:00,50597.15500000
2023-08-22T15:44:00+00:00,50303.93500000
2023-08-22T16:44:00+00:00,50300.97500000
2023-08-22T17:19:00+00:00,49952.01500000
2023-08-23T00:14:00+00:00,49941.65500000
2023-08-23T03:39:00+00:00,49934.25500000
2023-08-23T06:44:00+00:00,51481.60500000
2023-08-23T07:19:00+00:00,52154.88500000
2023-08-23T12:44:00+00:00,52150.44500000
2023-08-23T14:14:00+00:00,53520.45500000
2023-08-24T05:49:00+00:00,53509.35500000
2023-08-24T07:04:00+00:00,53093.25500000
2023-08-24T07:19:00+00:00,53088.81500000
2023-08-24T08:04:00+00:00,52703.37500000
2023-08-24T18:24:00+00:00,52701.89500000
2023-08-24T19:29:00+00:00,52943.88900000
2023-08-25T01:44:00+00:00,52939.44900000
2023-08-25T05:29:00+00:00,52929.82900000
2023-08-25T05:54:00+00:00,52530.20900000
2023-08-25T08:14:00+00:00,52138.76900000
2023-08-25T10:49:00+00:00,52130.62900000
2023-08-25T12:14:00+00:00,51731.98900000
2023-08-27T23:19:00+00:00,51729.02900000
2023-08-28T01:39:00+00:00,51676.06900000
2023-08-28T01:39:00+00:00,51667.18900000
2023-08-28T06:54:00+00:00,51654.60900000
2023-08-28T07:24:00+00:00,51259.52900000
2023-08-28T07:24:00+00:00,51286.64900000
2023-08-28T07:24:00+00:00,51282.94900000
2023-08-28T12:29:00+00:00,51796.30400000
2023-08-29T06:59:00+00:00,51788.16400000
2023-08-29T07:29:00+00:00,51411.52400000
2023-08-29T07:49:00+00:00,51404.86400000
2023-08-29T08:14:00+00:00,52211.09300000
2023-08-30T06:14:00+00:00,52199.99300000
2023-08-30T06:59:00+00:00,51791.39300000
2023-08-30T13:59:00+00:00,51789.91300000
2023-08-30T14:29:00+00:00,51494.43300000
2023-08-30T14:29:00+00:00,51492.95300000
2023-08-30T15:39:00+00:00,51164.47300000
2023-08-31T10:09:00+00:00,51155.59300000
2023-08-31T11:44:00+00:00,52152.02500000
2023-09-01T13:44:00+00:00,52150.54500000
2023-09-01T14:04:00+00:00,52107.06500000
2023-09-01T14:04:00+00:00,52103.36500000
2023-09-01T14:49:00+00:00,51714.66500000
2023-09-04T10:29:00+00:00,51704.30500000
2023-09-04T13:39:00+00:00,51315.94500000
2023-09-04T14:19:00+00:00,51310.76500000
2023-09-05T01:19:00+00:00,52212.72200000
2023-09-05T01:34:00+00:00,52205.32200000
2023-09-05T05:54:00+00:00,52195.70200000
2023-09-05T06:29:00+00:00,51803.30200000
2023-09-05T06:29:00+00:00,51416.68200000
2023-09-05T12:49:00+00:00,51409.28200000
2023-09-05T13:09:00+00:00,51041.88200000
2023-09-05T13:14:00+00:00,51036.70200000
2023-09-05T13:34:00+00:00,50660.52200000
2023-09-05T14:14:00+00:00,50656.82200000
2023-09-05T15:09:00+00:00,51556.33200000
2023-09-06T08:24:00+00:00,51553.37200000
2023-09-06T14:04:00+00:00,51932.64000000
2023-09-06T14:09:00+00:00,51931.16000000
2023-09-06T20:09:00+00:00,52017.68000000
2023-09-07T08:09:00+00:00,52011.76000000
2023-09-07T12:19:00+00:00,52843.60000000
2023-09-07T19:14:00+00:00,52837.68000000
2023-09-07T19:54:00+00:00,52455.76000000
2023-09-08T00:04:00+00:00,52437.26000000
2023-09-08T00:29:00+00:00,53367.78500000
2023-09-08T11:24:00+00:00,53364.08500000
2023-09-08T12:34:00+00:00,53017.88500000
2023-09-08T18:19:00+00:00,53014.18500000
2023-09-08T20:09:00+00:00,52645.48500000
2023-09-11T01:44:00+00:00,52633.64500000
2023-09-11T05:04:00+00:00,53773.72500000
2023-09-11T10:34:00+00:00,53763.36500000
2023-09-11T11:39:00+00:00,54522.69700000
2023-09-11T13:44:00+00:00,54519.73700000
2023-09-11T17:24:00+00:00,54148.77700000
2023-09-11T19:29:00+00:00,54147.29700000
2023-09-11T20:09:00+00:00,54078.81700000
2023-09-12T05:29:00+00:00,54064.01700000
2023-09-12T07:14:00+00:00,53649.21700000
2023-09-12T07:14:00+00:00,53640.33700000
2023-09-12T10:49:00+00:00,53629.23700000
2023-09-12T13:14:00+00:00,54599.88700000
2023-09-12T13:19:00+00:00,55784.81500000
2023-09-13T06:54:00+00:00,55779.63500000
2023-09-13T07:44:00+00:00,55872.45500000
2023-09-13T07:44:00+00:00,55867.27500000
2023-09-13T09:49:00+00:00,55864.31500000
2023-09-13T12:34:00+00:00,56967.85800000
2023-09-13T12:34:00+00:00,57268.58600000
2023-09-13T14:29:00+00:00,57267.10600000
2023-09-13T15:09:00+00:00,57532.66200000
2023-09-14T06:54:00+00:00,57524.52200000
2023-09-14T08:24:00+00:00,58236.33200000
2023-09-14T12:59:00+00:00,58233.37200000
2023-09-14T13:54:00+00:00,57838.41200000
2023-09-14T23:54:00+00:00,57831.75200000
2023-09-15T02:04:00+00:00,57415.59200000
2023-09-15T12:14:00+00:00,57402.27200000
2023-09-15T12:24:00+00:00,56965.95200000
2023-09-17T22:09:00+00:00,56962.25200000
2023-09-18T05:49:00+00:00,57053.55200000
2023-09-18T05:49:00+00:00,57035.05200000
2023-09-18T06:19:00+00:00,56591.55200000
2023-09-18T06:19:00+00:00,56578.97200000
2023-09-18T06:39:00+00:00,56141.39200000
2023-09-18T06:39:00+00:00,56126.59200000
2023-09-18T06:59:00+00:00,55921.79200000
2023-09-18T06:59:00+00:00,55909.21200000
2023-09-18T07:19:00+00:00,55488.63200000
2023-09-18T07:29:00+00:00,55479.75200000
2023-09-18T11:09:00+00:00,55062.87200000
2023-09-18T11:14:00+00:00,55059.17200000
2023-09-18T13:39:00+00:00,54655.47200000
2023-09-18T13:39:00+00:00,54653.25200000
2023-09-18T20:09:00+00:00,54744.03200000
2023-09-19T09:24:00+00:00,54741.07200000
2023-09-19T11:44:00+00:00,54688.11200000
2023-09-19T11:44:00+00:00,54677.75200000
2023-09-19T12:39:00+00:00,55382.10600000
2023-09-19T19:04:00+00:00,55379.88600000
2023-09-19T20:09:00+00:00,55196.16600000
2023-09-20T08:09:00+00:00,55189.50600000
2023-09-20T08:24:00+00:00,54791.34600000
2023-09-20T08:24:00+00:00,54786.90600000
2023-09-20T09:14:00+00:00,54842.46600000
2023-09-20T09:14:00+00:00,54828.40600000
2023-09-20T09:59:00+00:00,54396.34600000
2023-09-20T11:34:00+00:00,54387.46600000
2023-09-20T12:19:00+00:00,53994.58600000
2023-09-20T12:49:00+00:00,53988.66600000
2023-09-20T13:34:00+00:00,53590.74600000
2023-09-20T17:59:00+00:00,53587.04600000
2023-09-20T18:04:00+00:00,53213.34600000
2023-09-21T09:09:00+00:00,53206.68600000
2023-09-21T09:59:00+00:00,52799.52600000
2023-09-21T14:14:00+00:00,52796.56600000
2023-09-21T19:14:00+00:00,52439.60600000
2023-09-21T23:59:00+00:00,52434.42600000
2023-09-22T01:44:00+00:00,52079.24600000
2023-09-22T04:59:00+00:00,52075.54600000
2023-09-22T08:54:00+00:00,52204.34600000
2023-09-22T08:54:00+00:00,52193.24600000
2023-09-22T09:39:00+00:00,51792.14600000
2023-09-22T11:29:00+00:00,51786.22600000
2023-09-22T12:09:00+00:00,51779.56600000
2023-09-22T12:14:00+00:00,52255.35800000
2023-09-22T13:34:00+00:00,51857.19800000
2023-09-25T10:39:00+00:00,51855.71800000
2023-09-25T12:34:00+00:00,51948.23800000
2023-09-25T12:34:00+00:00,51943.05800000
2023-09-25T13:09:00+00:00,51591.37800000
2023-09-25T13:24:00+00:00,51586.19800000
2023-09-25T13:34:00+00:00,51217.01800000
2023-09-25T16:44:00+00:00,51213.31800000
2023-09-25T17:14:00+00:00,50972.11800000
2023-09-25T17:14:00+00:00,50970.63800000
2023-09-25T19:24:00+00:00,50966.19800000
2023-09-25T20:09:00+00:00,51049.71800000
2023-09-25T20:09:00+00:00,51675.27800000
2023-09-26T01:49:00+00:00,51673.79800000
2023-09-26T05:29:00+00:00,51658.99800000
2023-09-26T06:14:00+00:00,52612.85800000
2023-09-26T10:09:00+00:00,52636.37800000
2023-09-26T10:09:00+00:00,52632.67800000
2023-09-26T11:14:00+00:00,52551.47800000
2023-09-26T11:14:00+00:00,52547.03800000
2023-09-26T11:24:00+00:00,52317.59800000
2023-09-26T11:24:00+00:00,52312.41800000
2023-09-26T11:54:00+00:00,52384.23800000
2023-09-26T11:54:00+00:00,52372.39800000
2023-09-26T12:04:00+00:00,51960.55800000
2023-09-27T14:29:00+00:00,51956.11800000
2023-09-27T14:44:00+00:00,51564.67800000
2023-09-27T17:09:00+00:00,51560.97800000
2023-09-27T17:14:00+00:00,51227.27800000
2023-09-28T08:39:00+00:00,51216.17800000
2023-09-28T08:59:00+00:00,50830.07800000
2023-09-28T12:54:00+00:00,50828.59800000
2023-09-28T14:59:00+00:00,50519.11800000
2023-09-29T09:14:00+00:00,50516.89800000
2023-09-29T10:09:00+00:00,50468.17800000
2023-09-29T10:09:00+00:00,50457.07800000
2023-09-29T10:14:00+00:00,50063.47800000
2023-10-02T06:14:00+00:00,50055.33800000
2023-10-02T07:14:00+00:00,51227.91600000
2023-10-02T11:39:00+00:00,51225.69600000
2023-10-02T12:24:00+00:00,51490.51200000
2023-10-02T14:19:00+00:00,51488.29200000
2023-10-02T15:19:00+00:00,51127.57200000
2023-10-02T15:49:00+00:00,51126.09200000
2023-10-02T18:34:00+00:00,51124.61200000
2023-10-02T19:54:00+00:00,50846.13200000
2023-10-02T20:09:00+00:00,50669.65200000
2023-10-02T23:39:00+00:00,50654.85200000
2023-10-02T23:49:00+00:00,50901.85200000
2023-10-03T00:09:00+00:00,50895.19200000
2023-10-03T00:39:00+00:00,50510.53200000
2023-10-03T04:44:00+00:00,50500.91200000
2023-10-03T04:59:00+00:00,50107.79200000
2023-10-03T07:54:00+00:00,50101.87200000
2023-10-03T08:04:00+00:00,49723.95200000
2023-10-03T10:49:00+00:00,49721.73200000
2023-10-03T12:39:00+00:00,50324.27000000
2023-10-04T03:04:00+00:00,50318.35000000
2023-10-04T03:34:00+00:00,49932.43000000
2023-10-04T11:14:00+00:00,49929.47000000
2023-10-04T14:54:00+00:00,50234.51000000
2023-10-04T14:54:00+00:00,50231.55000000
2023-10-04T15:14:00+00:00,49866.59000000
2023-10-05T00:09:00+00:00,49859.93000000
2023-10-05T00:39:00+00:00,49488.77000000
2023-10-05T05:09:00+00:00,49482.11000000
2023-10-05T06:49:00+00:00,50076.28100000
2023-10-05T10:54:00+00:00,50069.62100000
2023-10-05T11:04:00+00:00,49693.96100000
2023-10-05T12:19:00+00:00,49690.26100000
2023-10-05T13:49:00+00:00,50432.69100000
2023-10-06T00:39:00+00:00,50422.33100000
2023-10-06T00:49:00+00:00,50047.97100000
2023-10-06T13:14:00+00:00,50045.01100000
2023-10-06T14:49:00+00:00,51387.70300000
2023-10-09T00:24:00+00:00,51382.52300000
2023-10-09T01:14:00+00:00,50992.34300000
2023-10-09T07:34:00+00:00,50987.16300000
2023-10-09T08:24:00+00:00,50638.98300000
2023-10-09T13:09:00+00:00,50635.28300000
2023-10-09T13:34:00+00:00,50291.58300000
2023-10-09T13:39:00+00:00,50287.88300000
2023-10-09T13:44:00+00:00,49911.68300000
2023-10-10T11:44:00+00:00,49906.50300000
2023-10-10T11:59:00+00:00,49540.82300000
2023-10-10T13:29:00+00:00,49537.86300000
2023-10-10T13:59:00+00:00,49210.90300000
2023-10-11T00:24:00+00:00,49202.02300000
2023-10-11T07:19:00+00:00,48821.14300000
2023-10-12T23:44:00+00:00,48806.34300000
2023-10-12T23:54:00+00:00,48421.54300000
2023-10-13T07:24:00+00:00,48412.66300000
2023-10-13T07:44:00+00:00,48055.78300000
2023-10-13T12:29:00+00:00,48053.56300000
2023-10-13T13:04:00+00:00,48389.06500000
2023-10-13T17:49:00+00:00,48386.84500000
2023-10-13T20:09:00+00:00,48342.62500000
2023-10-16T06:04:00+00:00,48335.96500000
2023-10-16T06:59:00+00:00,48464.30500000
2023-10-16T06:59:00+00:00,48453.94500000
2023-10-16T07:39:00+00:00,49763.05700000
2023-10-16T17:09:00+00:00,49760.09700000
2023-10-16T17:24:00+00:00,49419.13700000
2023-10-16T17:24:00+00:00,49412.47700000
2023-10-16T17:29:00+00:00,49041.31700000
2023-10-17T01:49:00+00:00,49032.43700000
2023-10-17T03:49:00+00:00,48663.55700000
2023-10-17T06:24:00+00:00,48653.19700000
2023-10-17T07:04:00+00:00,48278.83700000
2023-10-18T07:39:00+00:00,48271.43700000
2023-10-18T09:34:00+00:00,47899.03700000
2023-10-18T09:39:00+00:00,47896.07700000
2023-10-18T14:19:00+00:00,47569.11700000
2023-10-18T14:34:00+00:00,47567.63700000
2023-10-18T20:09:00+00:00,47840.15700000
2023-10-19T05:09:00+00:00,47832.01700000
2023-10-19T06:09:00+00:00,48356.64000000
2023-10-19T06:24:00+00:00,48349.98000000
2023-10-19T07:44:00+00:00,48005.82000000
2023-10-19T13:44:00+00:00,48002.86000000
2023-10-19T14:14:00+00:00,47647.90000000
2023-10-19T14:34:00+00:00,47647.16000000
2023-10-19T16:04:00+00:00,47434.92000000
2023-10-19T16:34:00+00:00,47433.44000000
2023-10-19T16:54:00+00:00,47129.96000000
2023-10-19T16:54:00+00:00,47129.22000000
2023-10-19T18:34:00+00:00,46921.98000000
2023-10-20T00:54:00+00:00,46914.58000000
2023-10-20T04:54:00+00:00,46900.52000000
2023-10-20T05:39:00+00:00,47707.20300000
2023-10-20T06:24:00+00:00,48537.56300000
2023-10-20T11:59:00+00:00,48534.60300000
2023-10-20T12:19:00+00:00,48229.64300000
2023-10-23T00:24:00+00:00,48220.02300000
2023-10-23T01:04:00+00:00,47852.90300000
2023-10-23T13:44:00+00:00,47851.42300000
2023-10-23T13:49:00+00:00,47540.94300000
2023-10-23T13:54:00+00:00,47539.46300000
2023-10-23T16:59:00+00:00,48441.19300000
2023-10-24T00:59:00+00:00,48433.79300000
2023-10-24T01:39:00+00:00,48081.39300000
2023-10-24T08:49:00+00:00,48077.69300000
2023-10-24T12:29:00+00:00,48072.51300000
2023-10-24T13:14:00+00:00,47717.33300000
2023-10-24T13:44:00+00:00,48243.77800000
2023-10-24T13:54:00+00:00,48241.55800000
2023-10-24T14:34:00+00:00,47886.83800000
2023-10-25T12:44:00+00:00,47881.65800000
2023-10-25T13:34:00+00:00,48911.89700000
2023-10-26T09:29:00+00:00,48910.41700000
2023-10-26T13:34:00+00:00,49264.98500000
2023-10-26T14:54:00+00:00,49263.50500000
2023-10-26T15:09:00+00:00,49009.02500000
2023-10-26T15:09:00+00:00,49008.28500000
2023-10-26T16:19:00+00:00,49251.01900000
2023-10-27T00:09:00+00:00,49245.09900000
2023-10-27T02:19:00+00:00,48867.17900000
2023-10-30T09:09:00+00:00,48861.25900000
2023-10-30T12:29:00+00:00,48519.33900000
2023-10-30T13:04:00+00:00,48508.23900000
2023-10-30T13:14:00+00:00,48129.63900000
2023-10-30T23:14:00+00:00,48116.31900000
2023-10-30T23:59:00+00:00,47742.99900000
2023-10-31T09:14:00+00:00,47736.33900000
2023-10-31T09:39:00+00:00,47603.67900000
2023-10-31T09:39:00+00:00,47601.45900000
2023-10-31T12:39:00+00:00,47618.73900000
2023-10-31T12:39:00+00:00,47610.59900000
2023-10-31T12:49:00+00:00,47266.95900000
2023-10-31T13:34:00+00:00,47259.55900000
2023-10-31T13:39:00+00:00,46922.15900000
2023-10-31T16:19:00+00:00,46919.93900000
2023-10-31T16:44:00+00:00,46611.71900000
2023-11-01T02:19:00+00:00,46603.57900000
2023-11-01T06:59:00+00:00,47459.37900000
2023-11-02T03:54:00+00:00,47443.09900000
2023-11-02T05:54:00+00:00,47074.81900000
2023-11-03T11:24:00+00:00,47061.49900000
2023-11-03T12:34:00+00:00,48179.15500000
2023-11-03T17:29:00+00:00,48175.45500000
2023-11-03T17:59:00+00:00,47819.25500000
2023-11-06T18:44:00+00:00,47815.55500000
2023-11-06T21:09:00+00:00,48324.35500000
2023-11-07T01:59:00+00:00,48311.03500000
2023-11-07T05:39:00+00:00,48486.71500000
2023-11-07T05:39:00+00:00,48471.91500000
2023-11-07T06:14:00+00:00,48087.11500000
2023-11-07T06:19:00+00:00,48078.23500000
2023-11-07T08:34:00+00:00,47715.35500000
2023-11-07T14:39:00+00:00,47712.39500000
2023-11-07T14:54:00+00:00,47387.43500000
2023-11-07T15:14:00+00:00,47384.47500000
2023-11-07T15:29:00+00:00,47057.51500000
2023-11-07T16:54:00+00:00,47050.85500000
2023-11-07T18:14:00+00:00,46706.69500000
2023-11-08T10:29:00+00:00,46698.55500000
2023-11-08T10:54:00+00:00,46343.91500000
2023-11-08T12:29:00+00:00,46338.73500000
2023-11-08T14:34:00+00:00,46874.17200000
2023-11-09T05:59:00+00:00,46860.85200000
2023-11-09T06:39:00+00:00,46487.53200000
2023-11-09T08:39:00+00:00,46480.87200000
2023-11-09T08:59:00+00:00,46145.71200000
2023-11-09T08:59:00+00:00,46140.53200000
2023-11-09T10:44:00+00:00,45820.35200000
2023-11-09T12:09:00+00:00,45810.73200000
2023-11-09T14:34:00+00:00,46600.91100000
2023-11-09T17:19:00+00:00,46597.95100000
2023-11-09T19:09:00+00:00,47495.58300000
2023-11-14T08:19:00+00:00,47486.70300000
2023-11-14T08:54:00+00:00,47117.82300000
2023-11-14T10:39:00+00:00,47110.42300000
2023-11-14T13:34:00+00:00,46763.02300000
2023-11-14T13:39:00+00:00,46760.80300000
2023-11-14T20:29:00+00:00,47492.08300000
2023-11-14T20:29:00+00:00,47484.68300000
2023-11-14T20:39:00+00:00,47621.27300000
2023-11-15T08:09:00+00:00,47613.87300000
2023-11-15T08:59:00+00:00,48313.33300000
2023-11-15T12:29:00+00:00,48305.93300000
2023-11-15T13:04:00+00:00,47963.53300000
2023-11-16T02:24:00+00:00,47953.17300000
2023-11-16T02:39:00+00:00,47592.81300000
2023-11-16T13:39:00+00:00,47589.11300000
2023-11-16T14:34:00+00:00,47265.41300000
2023-11-16T15:24:00+00:00,47263.19300000
2023-11-16T19:59:00+00:00,47259.49300000
2023-11-16T21:09:00+00:00,47222.77300000
2023-11-16T21:09:00+00:00,47124.07300000
2023-11-17T00:29:00+00:00,47118.15300000
2023-11-17T06:54:00+00:00,47104.23300000
2023-11-17T06:54:00+00:00,47093.13300000
2023-11-17T08:34:00+00:00,47631.81300000
2023-11-17T19:09:00+00:00,47630.33300000
2023-11-17T20:44:00+00:00,47366.85300000
2023-11-20T13:49:00+00:00,47361.67300000
2023-11-20T14:39:00+00:00,48245.30400000
2023-11-22T08:09:00+00:00,48240.12400000
2023-11-22T11:29:00+00:00,49160.40700000
2023-11-24T09:14:00+00:00,49156.70700000
2023-11-24T11:14:00+00:00,48813.00700000
2023-11-27T10:19:00+00:00,48807.08700000
2023-11-27T14:14:00+00:00,48457.16700000
2023-11-28T00:39:00+00:00,48446.06700000
2023-11-28T01:09:00+00:00,48709.85700000
2023-11-28T13:29:00+00:00,48703.19700000
2023-11-28T14:49:00+00:00,48804.53700000
2023-11-28T14:49:00+00:00,48800.83700000
2023-11-28T15:44:00+00:00,48459.63700000
2023-11-29T08:14:00+00:00,48452.97700000
2023-11-29T11:54:00+00:00,49388.79700000
2023-11-29T13:44:00+00:00,49383.61700000
2023-11-29T14:34:00+00:00,49035.43700000
2023-11-29T16:14:00+00:00,49034.69700000
2023-11-29T21:09:00+00:00,49083.45700000
2023-11-30T09:14:00+00:00,49078.27700000
2023-11-30T12:09:00+00:00,49071.61700000
2023-11-30T14:04:00+00:00,48704.95700000
2023-11-30T14:29:00+00:00,48356.77700000
2023-11-30T15:19:00+00:00,48354.55700000
2023-11-30T15:39:00+00:00,48026.83700000
2023-11-30T20:14:00+00:00,48023.13700000
2023-11-30T20:44:00+00:00,47694.43700000
2023-12-01T08:09:00+00:00,47681.85700000
2023-12-01T09:34:00+00:00,48959.95100000
2023-12-01T14:49:00+00:00,48957.73100000
2023-12-01T15:29:00+00:00,48664.51100000
2023-12-04T09:14:00+00:00,48660.81100000
2023-12-04T13:34:00+00:00,48655.63100000
2023-12-04T14:09:00+00:00,49483.14600000
2023-12-04T14:14:00+00:00,50320.96200000
2023-12-04T19:19:00+00:00,50318.00200000
2023-12-04T21:09:00+00:00,50547.04200000
2023-12-05T04:04:00+00:00,50530.76200000
2023-12-05T04:49:00+00:00,50140.48200000
2023-12-05T13:44:00+00:00,50130.86200000
2023-12-05T14:39:00+00:00,49744.24200000
2023-12-05T16:59:00+00:00,49743.50200000
2023-12-05T19:39:00+00:00,49739.80200000
2023-12-05T19:59:00+00:00,49413.60200000
2023-12-05T21:09:00+00:00,49323.86200000
2023-12-06T05:09:00+00:00,49315.72200000
2023-12-06T07:09:00+00:00,49681.95600000
2023-12-06T14:39:00+00:00,49676.77600000
2023-12-06T14:54:00+00:00,49339.09600000
2023-12-06T15:29:00+00:00,49338.35600000
2023-12-06T21:09:00+00:00,49495.11600000
2023-12-07T16:19:00+00:00,49491.41600000
2023-12-07T16:34:00+00:00,49140.21600000
2023-12-07T19:39:00+00:00,49135.03600000
2023-12-07T21:09:00+00:00,49318.85600000
2023-12-08T01:44:00+00:00,49307.01600000
2023-12-08T07:19:00+00:00,48927.17600000
2023-12-08T13:29:00+00:00,48921.99600000
2023-12-08T13:34:00+00:00,48559.81600000
2023-12-11T05:39:00+00:00,48547.23600000
2023-12-11T09:19:00+00:00,49424.77600000
2023-12-11T13:24:00+00:00,49420.33600000
2023-12-11T14:29:00+00:00,49343.89600000
2023-12-11T14:29:00+00:00,49337.23600000
2023-12-11T14:34:00+00:00,48984.07600000
2023-12-11T19:24:00+00:00,48977.41600000
2023-12-11T21:09:00+00:00,48835.75600000
2023-12-12T08:04:00+00:00,48817.25600000
2023-12-12T08:29:00+00:00,48423.75600000
2023-12-13T09:09:00+00:00,48417.09600000
2023-12-13T13:34:00+00:00,48068.43600000
2023-12-14T06:54:00+00:00,48056.59600000
2023-12-14T07:34:00+00:00,48484.58000000
2023-12-14T08:24:00+00:00,48481.62000000
2023-12-14T15:39:00+00:00,49091.27200000
2023-12-14T18:09:00+00:00,49090.53200000
2023-12-14T21:09:00+00:00,49020.79200000
2023-12-15T13:44:00+00:00,49017.83200000
2023-12-15T14:19:00+00:00,48700.87200000
2023-12-18T08:44:00+00:00,48694.21200000
2023-12-18T15:04:00+00:00,49806.74700000
2023-12-19T07:14:00+00:00,49798.60700000
2023-12-19T08:24:00+00:00,49438.46700000
2023-12-19T11:34:00+00:00,49431.80700000
2023-12-19T16:04:00+00:00,50344.06500000
2023-12-20T14:44:00+00:00,50340.36500000
2023-12-20T19:39:00+00:00,49964.16500000
2023-12-21T00:39:00+00:00,49961.20500000
2023-12-21T04:44:00+00:00,50151.97700000
2023-12-21T08:44:00+00:00,50149.01700000
2023-12-21T13:39:00+00:00,50502.10500000
2023-12-21T13:39:00+00:00,50495.44500000
2023-12-21T14:34:00+00:00,50106.28500000
2023-12-21T18:09:00+00:00,50100.36500000
2023-12-21T18:19:00+00:00,49754.44500000
2023-12-21T18:24:00+00:00,49752.96500000
2023-12-21T20:39:00+00:00,49407.48500000
2023-12-22T03:54:00+00:00,49398.60500000
2023-12-22T06:04:00+00:00,49035.72500000
2023-12-26T09:39:00+00:00,49024.62500000
2023-12-26T10:44:00+00:00,49013.52500000
2023-12-26T11:19:00+00:00,48657.42500000
2023-12-26T11:24:00+00:00,48271.32500000
2023-12-26T18:04:00+00:00,48263.92500000
2023-12-26T19:34:00+00:00,47906.52500000
2023-12-27T08:29:00+00:00,47897.64500000
2023-12-27T10:14:00+00:00,47546.76500000
2023-12-27T15:19:00+00:00,47543.80500000
2023-12-27T18:14:00+00:00,47204.84500000
2023-12-28T17:54:00+00:00,47199.66500000
2023-12-28T20:19:00+00:00,47744.26500000
2023-12-29T08:09:00+00:00,47737.60500000
2023-12-29T08:29:00+00:00,48072.59400000
2023-12-29T12:09:00+00:00,48061.49400000
2023-12-29T13:19:00+00:00,48914.33400000
2023-12-29T20:09:00+00:00,48906.19400000
2023-12-29T21:09:00+00:00,49486.55400000
2024-01-02T07:19:00+00:00,49478.41400000
2024-01-02T09:14:00+00:00,49123.77400000
2024-01-03T08:34:00+00:00,49115.63400000
2024-01-03T09:09:00+00:00,50000.23200000
2024-01-03T13:24:00+00:00,49995.79200000
2024-01-03T14:14:00+00:00,49613.35200000
2024-01-03T14:24:00+00:00,49607.43200000
2024-01-03T15:14:00+00:00,49241.51200000
2024-01-04T02:34:00+00:00,49235.59200000
2024-01-04T07:24:00+00:00,49606.66400000
2024-01-04T12:19:00+00:00,49602.22400000
2024-01-04T13:19:00+00:00,49273.78400000
2024-01-05T01:29:00+00:00,49259.72400000
2024-01-05T06:34:00+00:00,50812.53700000
2024-01-05T08:19:00+00:00,50806.61700000
2024-01-05T09:04:00+00:00,50448.69700000
2024-01-08T01:34:00+00:00,50434.63700000
2024-01-08T01:54:00+00:00,51067.22300000
2024-01-08T13:04:00+00:00,51065.00300000
2024-01-08T14:44:00+00:00,51596.85500000
2024-01-09T18:54:00+00:00,51594.63500000
2024-01-09T20:49:00+00:00,51245.91500000
2024-01-10T12:09:00+00:00,51240.73500000
2024-01-10T13:04:00+00:00,50892.55500000
2024-01-10T15:19:00+00:00,50889.59500000
2024-01-10T20:29:00+00:00,51624.63500000
2024-01-10T20:29:00+00:00,51622.41500000
2024-01-10T21:09:00+00:00,51570.69500000
2024-01-11T09:14:00+00:00,51563.29500000
2024-01-11T13:34:00+00:00,51195.89500000
2024-01-11T14:39:00+00:00,51195.15500000
2024-01-11T15:04:00+00:00,50948.91500000
2024-01-12T04:44:00+00:00,50933.37500000
2024-01-12T07:04:00+00:00,51632.54900000
2024-01-12T07:09:00+00:00,51622.18900000
2024-01-12T07:24:00+00:00,51233.82900000
2024-01-12T08:14:00+00:00,51227.16900000
2024-01-12T09:59:00+00:00,50838.00900000
2024-01-15T08:14:00+00:00,50833.56900000
2024-01-15T08:49:00+00:00,50451.12900000
2024-01-15T11:44:00+00:00,50442.98900000
2024-01-15T14:04:00+00:00,50071.84900000
2024-01-16T08:09:00+00:00,50065.92900000
2024-01-16T09:04:00+00:00,49712.00900000
2024-01-16T13:39:00+00:00,49709.04900000
2024-01-16T14:34:00+00:00,49706.08900000
2024-01-16T14:44:00+00:00,49349.12900000
2024-01-16T14:44:00+00:00,48974.16900000
2024-01-16T15:04:00+00:00,48971.94900000
2024-01-16T21:09:00+00:00,49377.72900000
2024-01-16T23:59:00+00:00,49375.50900000
2024-01-17T01:24:00+00:00,49363.66900000
2024-01-17T01:44:00+00:00,48975.82900000
2024-01-17T02:59:00+00:00,48664.60900000
2024-01-17T18:14:00+00:00,48661.64900000
2024-01-17T19:44:00+00:00,48350.68900000
2024-01-17T20:09:00+00:00,48346.24900000
2024-01-17T20:49:00+00:00,48011.80900000
2024-01-17T23:24:00+00:00,48009.58900000
2024-01-18T06:44:00+00:00,48223.35400000
2024-01-18T07:54:00+00:00,48220.39400000
2024-01-18T08:19:00+00:00,48447.81800000
2024-01-19T12:59:00+00:00,48442.63800000
2024-01-19T14:04:00+00:00,48090.95800000
2024-01-22T06:09:00+00:00,48081.33800000
2024-01-22T07:19:00+00:00,48073.19800000
2024-01-22T07:39:00+00:00,47724.05800000
2024-01-22T07:39:00+00:00,47506.43800000
2024-01-22T07:39:00+00:00,47496.81800000
2024-01-22T11:39:00+00:00,47129.69800000
2024-01-22T14:49:00+00:00,47127.47800000
2024-01-22T21:09:00+00:00,47612.75800000
2024-01-23T03:24:00+00:00,47607.57800000
2024-01-23T04:09:00+00:00,47600.91800000
2024-01-23T08:19:00+00:00,47263.23800000
2024-01-23T08:19:00+00:00,46914.57800000
2024-01-24T01:09:00+00:00,46905.69800000
2024-01-24T02:04:00+00:00,46554.81800000
2024-01-24T11:24:00+00:00,46545.93800000
2024-01-24T12:39:00+00:00,46183.05800000
2024-01-24T14:39:00+00:00,46178.61800000
2024-01-24T14:49:00+00:00,45841.17800000
2024-01-24T15:14:00+00:00,45838.95800000
2024-01-24T18:09:00+00:00,46232.73800000
2024-01-24T18:09:00+00:00,46226.07800000
2024-01-24T20:19:00+00:00,48469.58900000
2024-01-25T01:24:00+00:00,48461.44900000
2024-01-25T02:04:00+00:00,48480.80900000
2024-01-25T02:04:00+00:00,48471.92900000
2024-01-25T02:44:00+00:00,48109.04900000
2024-01-25T07:29:00+00:00,48102.38900000
2024-01-25T08:49:00+00:00,47762.72900000
2024-01-26T03:54:00+00:00,47753.84900000
2024-01-26T04:14:00+00:00,47396.96900000
2024-01-26T08:19:00+00:00,47390.30900000
2024-01-26T09:54:00+00:00,48102.29000000
2024-01-26T11:29:00+00:00,48100.81000000
2024-01-26T12:34:00+00:00,48272.11800000
2024-01-26T13:14:00+00:00,48270.63800000
2024-01-26T14:54:00+00:00,48003.15800000
2024-01-29T14:44:00+00:00,47999.45800000
2024-01-29T15:04:00+00:00,47670.75800000
2024-01-30T05:49:00+00:00,47657.43800000
2024-01-30T06:19:00+00:00,48091.79600000
2024-01-30T08:29:00+00:00,48086.61600000
2024-01-30T12:44:00+00:00,47745.43600000
2024-01-31T20:09:00+00:00,47744.69600000
2024-01-31T21:09:00+00:00,47816.45600000
2024-02-01T06:49:00+00:00,47809.05600000
2024-02-01T06:59:00+00:00,47461.65600000
2024-02-01T12:14:00+00:00,47457.21600000
2024-02-01T13:14:00+00:00,47128.77600000
2024-02-01T13:44:00+00:00,47126.55600000
2024-02-01T14:59:00+00:00,46816.83600000
2024-02-01T18:09:00+00:00,46815.35600000
2024-02-01T19:09:00+00:00,46560.87600000
2024-02-02T12:24:00+00:00,46554.95600000
2024-02-02T13:24:00+00:00,46233.03600000
2024-02-02T14:44:00+00:00,46231.55600000
2024-02-02T21:04:00+00:00,46775.07600000
2024-02-05T05:39:00+00:00,46767.67600000
2024-02-05T06:09:00+00:00,46435.27600000
2024-02-05T10:09:00+00:00,46430.09600000
2024-02-05T15:04:00+00:00,46106.41600000
2024-02-06T19:14:00+00:00,46103.45600000
2024-02-06T19:34:00+00:00,45802.49600000
2024-02-07T05:39:00+00:00,45798.05600000
2024-02-07T11:34:00+00:00,45448.61600000
2024-02-07T15:19:00+00:00,45447.87600000
2024-02-07T21:09:00+00:00,45510.13600000
2024-02-08T18:09:00+00:00,45507.91600000
2024-02-08T18:59:00+00:00,45465.19600000
2024-02-08T18:59:00+00:00,45460.75600000
2024-02-08T21:09:00+00:00,45585.31600000
2024-02-09T06:39:00+00:00,45566.07600000
2024-02-09T07:44:00+00:00,46499.78800000
2024-02-09T15:04:00+00:00,46497.56800000
2024-02-09T19:34:00+00:00,47237.55100000
2024-02-12T08:44:00+00:00,47227.19100000
2024-02-12T09:09:00+00:00,46873.83100000
2024-02-12T18:29:00+00:00,46870.87100000
2024-02-12T19:19:00+00:00,47648.07500000
2024-02-13T08:29:00+00:00,47644.37500000
2024-02-13T09:49:00+00:00,48360.62500000
2024-02-13T13:39:00+00:00,48357.66500000
2024-02-13T14:44:00+00:00,48662.70500000
2024-02-13T14:44:00+00:00,48661.22500000
2024-02-13T15:39:00+00:00,49185.96300000
2024-02-14T13:24:00+00:00,49180.04300000
2024-02-14T14:34:00+00:00,48818.12300000
2024-02-14T14:44:00+00:00,48815.16300000
2024-02-14T15:09:00+00:00,48478.20300000
2024-02-14T16:29:00+00:00,48475.24300000
2024-02-14T17:04:00+00:00,48130.28300000
2024-02-15T13:54:00+00:00,48127.32300000
2024-02-15T18:34:00+00:00,47800.36300000
2024-02-19T01:29:00+00:00,47795.18300000
2024-02-19T01:54:00+00:00,47912.50300000
2024-02-19T01:54:00+00:00,47905.84300000
2024-02-19T07:39:00+00:00,47561.68300000
2024-02-19T07:49:00+00:00,47546.14300000
2024-02-19T08:24:00+00:00,47173.60300000
2024-02-20T08:44:00+00:00,47171.38300000
2024-02-20T10:09:00+00:00,46879.66300000
2024-02-20T14:44:00+00:00,46878.18300000
2024-02-20T18:34:00+00:00,46877.44300000
2024-02-20T20:09:00+00:00,46684.70300000
2024-02-20T21:09:00+00:00,46674.22300000
2024-02-21T06:19:00+00:00,46666.08300000
2024-02-21T07:29:00+00:00,46322.44300000
2024-02-21T10:39:00+00:00,46319.48300000
2024-02-21T12:19:00+00:00,46314.52300000
2024-02-21T12:19:00+00:00,46310.82300000
2024-02-21T12:44:00+00:00,45994.62300000
2024-02-21T13:09:00+00:00,45988.70300000
2024-02-21T14:34:00+00:00,45646.78300000
2024-02-22T14:34:00+00:00,45642.34300000
2024-02-22T14:54:00+00:00,46658.92300000
2024-02-23T08:09:00+00:00,46653.00300000
2024-02-23T09:59:00+00:00,46763.08300000
2024-02-23T09:59:00+00:00,46756.42300000
2024-02-23T13:19:00+00:00,47456.62300000
2024-02-26T14:49:00+00:00,47454.40300000
2024-02-26T16:44:00+00:00,47168.68300000
2024-02-27T00:09:00+00:00,47167.20300000
2024-02-27T02:24:00+00:00,47154.62300000
2024-02-27T07:19:00+00:00,46785.04300000
2024-02-27T09:29:00+00:00,46546.56300000
2024-02-28T08:29:00+00:00,46544.34300000
2024-02-28T14:54:00+00:00,47048.70600000
2024-02-29T07:14:00+00:00,47039.82600000
2024-02-29T07:54:00+00:00,46682.94600000
2024-02-29T12:09:00+00:00,46672.58600000
2024-02-29T13:34:00+00:00,46305.22600000
2024-02-29T13:39:00+00:00,46301.52600000
2024-02-29T16:34:00+00:00,45972.82600000
2024-03-01T10:39:00+00:00,45969.12600000
2024-03-01T11:19:00+00:00,46011.24100000
2024-03-01T13:54:00+00:00,46006.80100000
2024-03-01T14:34:00+00:00,46591.41100000
2024-03-06T01:09:00+00:00,46582.53100000
2024-03-06T03:59:00+00:00,47296.21900000
2024-03-06T15:39:00+00:00,47294.73900000
2024-03-06T17:14:00+00:00,47822.09500000
2024-03-07T06:29:00+00:00,47816.91500000
2024-03-07T06:49:00+00:00,47549.23500000
2024-03-07T06:49:00+00:00,47541.83500000
2024-03-07T08:14:00+00:00,48398.37500000
2024-03-07T14:59:00+00:00,48396.89500000
2024-03-07T21:04:00+00:00,48791.41500000
2024-03-08T09:04:00+00:00,48785.49500000
2024-03-08T09:54:00+00:00,48443.57500000
2024-03-11T01:54:00+00:00,48436.91500000
2024-03-11T03:59:00+00:00,49078.21000000
2024-03-11T07:59:00+00:00,49075.99000000
2024-03-11T08:14:00+00:00,48767.77000000
2024-03-11T08:29:00+00:00,48764.81000000
2024-03-11T08:54:00+00:00,48445.85000000
2024-03-11T10:39:00+00:00,48444.37000000
2024-03-11T12:09:00+00:00,48118.89000000
2024-03-11T13:59:00+00:00,48117.41000000
2024-03-11T14:34:00+00:00,47807.93000000
2024-03-12T02:04:00+00:00,47802.01000000
2024-03-12T04:54:00+00:00,47448.09000000
2024-03-12T06:09:00+00:00,47435.51000000
2024-03-12T08:09:00+00:00,47074.43000000
2024-03-12T14:04:00+00:00,47073.69000000
2024-03-12T18:49:00+00:00,47382.45000000
2024-03-12T18:49:00+00:00,47378.01000000
2024-03-12T19:24:00+00:00,47064.57000000
2024-03-14T06:34:00+00:00,47050.51000000
2024-03-14T07:04:00+00:00,46684.95000000
2024-03-14T07:04:00+00:00,46679.77000000
2024-03-14T07:39:00+00:00,46672.37000000
2024-03-14T08:19:00+00:00,47207.80700000
2024-03-14T12:09:00+00:00,47197.44700000
2024-03-14T12:34:00+00:00,46855.04700000
2024-03-14T12:34:00+00:00,46494.68700000
2024-03-14T12:39:00+00:00,46490.98700000
2024-03-14T13:59:00+00:00,46490.24700000
2024-03-14T14:04:00+00:00,47991.89700000
2024-03-14T16:14:00+00:00,47991.15700000
2024-03-14T20:09:00+00:00,47921.91700000
2024-03-14T20:09:00+00:00,47874.67700000
2024-03-15T08:14:00+00:00,47869.49700000
2024-03-15T13:14:00+00:00,47503.81700000
2024-03-15T17:54:00+00:00,47501.59700000
2024-03-15T18:54:00+00:00,47497.15700000
2024-03-15T20:09:00+00:00,47463.43700000
2024-03-15T20:09:00+00:00,47590.99700000
2024-03-18T08:54:00+00:00,47586.55700000
2024-03-18T12:04:00+00:00,48658.11500000
2024-03-18T18:49:00+00:00,48651.45500000
2024-03-18T20:09:00+00:00,49441.29500000
2024-03-19T03:39:00+00:00,49436.11500000
2024-03-19T08:44:00+00:00,49087.93500000
2024-03-19T09:04:00+00:00,49082.75500000
2024-03-19T10:59:00+00:00,49080.53500000
2024-03-19T11:04:00+00:00,50202.40400000
2024-03-19T11:34:00+00:00,50612.51900000
2024-03-20T04:54:00+00:00,50599.19900000
2024-03-20T05:44:00+00:00,50306.87900000
2024-03-20T05:44:00+00:00,50295.77900000
2024-03-20T08:54:00+00:00,49909.67900000
2024-03-20T09:19:00+00:00,49898.57900000
2024-03-20T10:39:00+00:00,49894.87900000
2024-03-20T11:04:00+00:00,51002.97400000
2024-03-20T18:09:00+00:00,51974.47900000
2024-03-21T02:04:00+00:00,51964.11900000
2024-03-21T04:34:00+00:00,52833.40700000
2024-03-21T13:54:00+00:00,52831.92700000
2024-03-21T20:09:00+00:00,53147.44700000
2024-03-22T18:34:00+00:00,53145.96700000
2024-03-22T20:04:00+00:00,52955.48700000
2024-03-25T03:09:00+00:00,52951.04700000
2024-03-25T06:04:00+00:00,53276.47500000
2024-03-26T01:29:00+00:00,53255.75500000
2024-03-26T03:44:00+00:00,54481.20300000
2024-03-26T09:49:00+00:00,54473.06300000
2024-03-26T13:14:00+00:00,55516.05000000
2024-03-27T06:04:00+00:00,55505.69000000
2024-03-27T07:54:00+00:00,56503.26000000
2024-03-27T08:09:00+00:00,56492.16000000
2024-03-27T09:49:00+00:00,56489.20000000
2024-03-27T12:59:00+00:00,58088.17000000
2024-03-27T13:29:00+00:00,58498.85400000
2024-03-27T13:39:00+00:00,58492.19400000
2024-03-27T19:29:00+00:00,59615.03400000
2024-03-27T19:29:00+00:00,59609.11400000
2024-03-27T19:44:00+00:00,60472.37000000
2024-03-28T01:14:00+00:00,60456.09000000
2024-03-28T04:49:00+00:00,59977.81000000
2024-03-28T08:14:00+00:00,59968.93000000
2024-03-28T10:44:00+00:00,59958.57000000
2024-03-28T12:09:00+00:00,59847.69000000
2024-03-28T12:09:00+00:00,59634.33000000
2024-03-28T12:14:00+00:00,59629.89000000
2024-03-28T13:34:00+00:00,59208.45000000
2024-03-28T14:14:00+00:00,59204.01000000
2024-03-28T15:54:00+00:00,58914.57000000
2024-03-28T15:54:00+00:00,58911.61000000
2024-03-28T16:14:00+00:00,58690.65000000
2024-03-28T16:14:00+00:00,58686.95000000
2024-03-28T20:09:00+00:00,58853.25000000
2024-04-01T07:19:00+00:00,58845.11000000
2024-04-01T08:09:00+00:00,58407.97000000
2024-04-01T13:39:00+00:00,58402.79000000
2024-04-01T14:04:00+00:00,57991.61000000
2024-04-02T07:29:00+00:00,57986.43000000
2024-04-02T07:44:00+00:00,57725.75000000
2024-04-02T07:44:00+00:00,57719.09000000
2024-04-02T10:09:00+00:00,57289.43000000
2024-04-02T19:19:00+00:00,57284.25000000
2024-04-02T19:29:00+00:00,56855.57000000
2024-04-03T06:19:00+00:00,56849.65000000
2024-04-03T07:54:00+00:00,56539.73000000
2024-04-03T07:54:00+00:00,56533.07000000
2024-04-03T08:34:00+00:00,56107.91000000
2024-04-03T11:09:00+00:00,56103.47000000
2024-04-03T12:29:00+00:00,55967.03000000
2024-04-03T12:29:00+00:00,55961.85000000
2024-04-03T13:39:00+00:00,55841.17000000
2024-04-03T13:39:00+00:00,55832.29000000
2024-04-03T13:44:00+00:00,55409.41000000
2024-04-05T06:19:00+00:00,55401.27000000
2024-04-05T06:34:00+00:00,55002.63000000
2024-04-05T07:49:00+00:00,54994.49000000
2024-04-05T08:04:00+00:00,54584.85000000
2024-04-08T06:24:00+00:00,54576.71000000
2024-04-08T07:19:00+00:00,54172.57000000
2024-04-08T07:19:00+00:00,54167.39000000
2024-04-08T07:34:00+00:00,53959.21000000
2024-04-08T07:34:00+00:00,53953.29000000
2024-04-08T07:54:00+00:00,53551.37000000
2024-04-09T02:24:00+00:00,53540.27000000
2024-04-09T05:04:00+00:00,54196.76000000
2024-04-09T07:44:00+00:00,54187.88000000
2024-04-09T08:24:00+00:00,53771.00000000
2024-04-09T10:04:00+00:00,53762.86000000
2024-04-09T10:34:00+00:00,54762.65000000
2024-04-09T13:39:00+00:00,54758.95000000
2024-04-09T14:34:00+00:00,56149.33500000
2024-04-09T14:34:00+00:00,56147.85500000
2024-04-09T19:24:00+00:00,55991.37500000
2024-04-09T19:24:00+00:00,55987.67500000
2024-04-09T19:34:00+00:00,56697.38000000
2024-04-10T09:09:00+00:00,56689.24000000
2024-04-10T12:24:00+00:00,56679.62000000
2024-04-10T12:29:00+00:00,56258.98000000
2024-04-10T12:29:00+00:00,55820.36000000
2024-04-10T12:39:00+00:00,55819.62000000
2024-04-10T13:59:00+00:00,55587.88000000
2024-04-10T17:09:00+00:00,55586.40000000
2024-04-10T17:24:00+00:00,55303.92000000
2024-04-10T17:29:00+00:00,55301.70000000
2024-04-10T20:09:00+00:00,55243.98000000
2024-04-11T01:24:00+00:00,55231.40000000
2024-04-11T01:39:00+00:00,54802.32000000
2024-04-11T12:39:00+00:00,54800.10000000
2024-04-11T14:19:00+00:00,54437.88000000
2024-04-15T13:39:00+00:00,54434.92000000
2024-04-15T17:19:00+00:00,56154.60400000
2024-04-16T10:39:00+00:00,56149.42400000
2024-04-16T16:14:00+00:00,56147.94400000
2024-04-16T17:34:00+00:00,55764.76400000
2024-04-16T17:34:00+00:00,55435.28400000
2024-04-17T15:09:00+00:00,55433.06400000
2024-04-17T15:34:00+00:00,55037.84400000
2024-04-17T18:49:00+00:00,55037.10400000
2024-04-17T18:59:00+00:00,54931.86400000
2024-04-17T18:59:00+00:00,54930.38400000
2024-04-17T20:09:00+00:00,55089.90400000
2024-04-18T05:29:00+00:00,55080.28400000
2024-04-18T06:24:00+00:00,56108.70100000
2024-04-19T02:29:00+00:00,56106.48100000
2024-04-19T08:24:00+00:00,56105.00100000
2024-04-19T11:04:00+00:00,56102.04100000
2024-04-19T11:44:00+00:00,57552.81100000
2024-04-19T12:19:00+00:00,58225.29500000
2024-04-19T12:34:00+00:00,58642.69500000
2024-04-22T11:24:00+00:00,58637.51500000
2024-04-22T12:14:00+00:00,58194.83500000
2024-04-22T14:04:00+00:00,58189.65500000
2024-04-22T15:09:00+00:00,59962.09700000
2024-04-22T15:34:00+00:00,59959.87700000
2024-04-22T17:49:00+00:00,60911.91800000
2024-04-23T06:09:00+00:00,60899.33800000
2024-04-23T06:49:00+00:00,60427.75800000
2024-04-23T12:29:00+00:00,60420.35800000
2024-04-23T13:14:00+00:00,61394.70800000
2024-04-24T06:24:00+00:00,61385.82800000
2024-04-24T07:19:00+00:00,60932.94800000
2024-04-24T13:34:00+00:00,60928.50800000
2024-04-24T14:44:00+00:00,60495.06800000
2024-04-25T00:09:00+00:00,60490.62800000
2024-04-25T05:14:00+00:00,60072.18800000
2024-04-25T11:24:00+00:00,60067.00800000
2024-04-25T12:19:00+00:00,59641.82800000
2024-04-25T12:54:00+00:00,59641.08800000
2024-04-25T13:49:00+00:00,59687.84800000
2024-04-25T13:49:00+00:00,59684.88800000
2024-04-25T17:39:00+00:00,61095.64800000
2024-04-25T18:34:00+00:00,61091.94800000
2024-04-25T19:04:00+00:00,60698.24800000
2024-04-26T11:44:00+00:00,60691.58800000
2024-04-26T12:34:00+00:00,60252.92800000
2024-04-29T07:59:00+00:00,60247.00800000
2024-04-29T09:54:00+00:00,59801.08800000
2024-04-29T15:49:00+00:00,59798.12800000
2024-04-29T18:49:00+00:00,59794.42800000
2024-04-29T19:04:00+00:00,59427.46800000
2024-04-29T19:04:00+00:00,58998.76800000
2024-04-29T19:09:00+00:00,58996.54800000
2024-04-29T19:54:00+00:00,58571.32800000
2024-04-30T11:09:00+00:00,58563.92800000
2024-04-30T12:34:00+00:00,59577.54800000
2024-04-30T16:39:00+00:00,59576.80800000
2024-04-30T20:04:00+00:00,59913.79000000
2024-05-01T09:54:00+00:00,59904.91000000
2024-05-01T10:29:00+00:00,59464.03000000
2024-05-01T17:29:00+00:00,59458.85000000
2024-05-01T18:29:00+00:00,60818.95700000
2024-05-02T14:29:00+00:00,60817.47700000
2024-05-02T20:09:00+00:00,61498.99700000
2024-05-03T02:04:00+00:00,61485.67700000
2024-05-03T06:19:00+00:00,62327.35700000
2024-05-03T06:19:00+00:00,62318.47700000
2024-05-03T07:09:00+00:00,61859.59700000
2024-05-03T12:09:00+00:00,61850.71700000
2024-05-03T12:34:00+00:00,63318.38900000
2024-05-06T05:44:00+00:00,63306.54900000
2024-05-06T06:39:00+00:00,63985.86100000
2024-05-06T07:29:00+00:00,63975.50100000
2024-05-06T07:44:00+00:00,63664.14100000
2024-05-06T07:44:00+00:00,63659.70100000
2024-05-06T08:19:00+00:00,63653.04100000
2024-05-06T10:04:00+00:00,63978.46900000
2024-05-06T12:34:00+00:00,64855.38400000
2024-05-07T02:59:00+00:00,64837.62400000
2024-05-07T04:04:00+00:00,64327.86400000
2024-05-07T09:29:00+00:00,64314.54400000
2024-05-07T12:59:00+00:00,63815.22400000
2024-05-07T17:54:00+00:00,63811.52400000
2024-05-07T20:09:00+00:00,63750.32400000
2024-05-08T19:24:00+00:00,63745.88400000
2024-05-08T20:09:00+00:00,63552.44400000
2024-05-09T07:29:00+00:00,63544.30400000
2024-05-09T10:24:00+00:00,63079.66400000
2024-05-09T11:44:00+00:00,63075.96400000
2024-05-09T13:49:00+00:00,62662.26400000
2024-05-09T17:34:00+00:00,62659.30400000
2024-05-09T20:09:00+00:00,62736.34400000
2024-05-10T08:24:00+00:00,62731.90400000
2024-05-10T12:39:00+00:00,62826.46400000
2024-05-10T12:39:00+00:00,62814.62400000
2024-05-10T13:34:00+00:00,62338.78400000
2024-05-13T03:29:00+00:00,62323.24400000
2024-05-13T12:24:00+00:00,63515.20400000
2024-05-13T12:24:00+00:00,63504.10400000
2024-05-13T12:44:00+00:00,63020.50400000
2024-05-13T12:49:00+00:00,63015.32400000
2024-05-13T13:34:00+00:00,62565.64400000
2024-05-13T13:39:00+00:00,62554.54400000
2024-05-13T14:19:00+00:00,62070.94400000
2024-05-13T17:24:00+00:00,62067.98400000
2024-05-13T19:54:00+00:00,62099.02400000
2024-05-14T09:09:00+00:00,62078.30400000
2024-05-14T09:39:00+00:00,62863.92800000
2024-05-14T11:14:00+00:00,62851.34800000
2024-05-14T12:34:00+00:00,63840.15300000
2024-05-14T14:04:00+00:00,63834.23300000
2024-05-14T14:24:00+00:00,63372.31300000
2024-05-14T14:44:00+00:00,63366.39300000
2024-05-14T14:59:00+00:00,62892.47300000
2024-05-15T12:39:00+00:00,62888.03300000
2024-05-15T13:54:00+00:00,62466.59300000
2024-05-16T07:24:00+00:00,62459.19300000
2024-05-16T12:34:00+00:00,62001.79300000
2024-05-20T01:29:00+00:00,61992.91300000
2024-05-20T08:54:00+00:00,61979.59300000
2024-05-20T11:29:00+00:00,62861.62900000
2024-05-20T11:34:00+00:00,63323.98900000
2024-05-20T13:39:00+00:00,63318.06900000
2024-05-20T20:09:00+00:00,64048.14900000
2024-05-21T13:39:00+00:00,64042.22900000
2024-05-21T19:39:00+00:00,65397.66900000
2024-05-22T06:09:00+00:00,65375.46900000
2024-05-22T07:24:00+00:00,65368.26900000
2024-05-22T07:24:00+00:00,65352.72900000
2024-05-22T07:29:00+00:00,64854.18900000
2024-05-22T10:49:00+00:00,64841.60900000
2024-05-22T11:04:00+00:00,65852.66700000
2024-05-23T14:19:00+00:00,65849.70700000
2024-05-23T14:54:00+00:00,65400.74700000
2024-05-23T15:14:00+00:00,65398.52700000
2024-05-23T17:24:00+00:00,65009.30700000
2024-05-24T05:44:00+00:00,64998.94700000
2024-05-24T08:19:00+00:00,64505.58700000
2024-05-24T12:09:00+00:00,64493.00700000
2024-05-24T12:39:00+00:00,64012.92700000
2024-05-24T12:39:00+00:00,64004.04700000
2024-05-24T12:49:00+00:00,63515.16700000
2024-05-27T13:54:00+00:00,63499.62700000
2024-05-27T14:49:00+00:00,63001.08700000
2024-05-27T22:09:00+00:00,62987.02700000
2024-05-28T07:14:00+00:00,62497.96700000
2024-05-28T13:49:00+00:00,62495.00700000
2024-05-28T14:19:00+00:00,62048.04700000
2024-05-28T17:54:00+00:00,62039.90700000
2024-05-28T18:09:00+00:00,61591.76700000
2024-05-29T08:09:00+00:00,61579.92700000
2024-05-29T08:14:00+00:00,61120.08700000
2024-05-29T08:59:00+00:00,61108.98700000
2024-05-29T09:09:00+00:00,60655.38700000
2024-05-29T12:29:00+00:00,60641.32700000
2024-05-29T12:39:00+00:00,61895.68800000
2024-05-29T15:14:00+00:00,61891.24800000
2024-05-29T16:39:00+00:00,61433.80800000
2024-05-29T17:09:00+00:00,61421.96800000
2024-05-29T20:09:00+00:00,63314.12800000
2024-05-30T07:09:00+00:00,63305.24800000
2024-05-30T08:59:00+00:00,64757.21200000
2024-05-30T10:29:00+00:00,64752.03200000
2024-05-30T10:49:00+00:00,65177.51300000
2024-05-31T11:19:00+00:00,65174.55300000
2024-05-31T12:44:00+00:00,66114.07300000
2024-06-02T22:09:00+00:00,66111.11300000
2024-06-03T00:04:00+00:00,65622.15300000
2024-06-03T03:24:00+00:00,65603.65300000
2024-06-03T05:19:00+00:00,65085.15300000
2024-06-03T05:34:00+00:00,65067.39300000
2024-06-03T06:39:00+00:00,64557.63300000
2024-06-03T11:29:00+00:00,64546.53300000
2024-06-03T11:34:00+00:00,64047.93300000
2024-06-04T10:34:00+00:00,64045.71300000
2024-06-04T13:14:00+00:00,63612.99300000
2024-06-04T13:39:00+00:00,63609.29300000
2024-06-04T18:19:00+00:00,63203.09300000
2024-06-05T01:49:00+00:00,63191.99300000
2024-06-05T06:49:00+00:00,62715.89300000
2024-06-05T07:24:00+00:00,62706.27300000
2024-06-05T08:54:00+00:00,63581.53700000
2024-06-06T00:49:00+00:00,63568.95700000
2024-06-06T06:19:00+00:00,63080.37700000
2024-06-06T12:29:00+00:00,63074.45700000
2024-06-06T12:59:00+00:00,63140.53700000
2024-06-06T12:59:00+00:00,63136.09700000
2024-06-06T13:59:00+00:00,62720.65700000
2024-06-06T14:04:00+00:00,62719.17700000
2024-06-06T20:09:00+00:00,62704.69700000
2024-06-07T07:04:00+00:00,62691.37700000
2024-06-07T08:14:00+00:00,62777.05700000
2024-06-07T08:14:00+00:00,62768.91700000
2024-06-07T08:54:00+00:00,62309.77700000
2024-06-07T15:29:00+00:00,62308.29700000
2024-06-07T20:09:00+00:00,62140.81700000
2024-06-10T09:39:00+00:00,62132.67700000
2024-06-10T10:34:00+00:00,62844.48700000
2024-06-11T03:59:00+00:00,62829.68700000
2024-06-11T08:29:00+00:00,62344.88700000
2024-06-11T14:09:00+00:00,62341.92700000
2024-06-11T18:29:00+00:00,63600.84300000
2024-06-12T02:04:00+00:00,63586.78300000
2024-06-12T06:14:00+00:00,63088.22300000
2024-06-12T18:24:00+00:00,63086.00300000
2024-06-12T19:29:00+00:00,62843.78300000
2024-06-12T19:29:00+00:00,62840.82300000
2024-06-12T19:59:00+00:00,62413.86300000
2024-06-13T05:09:00+00:00,62396.10300000
2024-06-13T06:44:00+00:00,61910.34300000
2024-06-13T09:24:00+00:00,61905.90300000
2024-06-13T10:34:00+00:00,62123.46300000
2024-06-13T10:34:00+00:00,62115.32300000
2024-06-13T10:54:00+00:00,61672.68300000
2024-06-13T16:39:00+00:00,61668.24300000
2024-06-13T18:14:00+00:00,61666.02300000
2024-06-13T20:09:00+00:00,62531.58300000
2024-06-13T20:09:00+00:00,62682.36300000
2024-06-14T07:34:00+00:00,62677.18300000
2024-06-14T08:09:00+00:00,62206.50300000
2024-06-14T08:19:00+00:00,62202.06300000
2024-06-14T09:09:00+00:00,61768.62300000
2024-06-14T14:44:00+00:00,61766.40300000
2024-06-14T17:34:00+00:00,61357.68300000
2024-06-17T13:54:00+00:00,61355.46300000
2024-06-17T15:09:00+00:00,60970.74300000
2024-06-18T16:59:00+00:00,60968.52300000
2024-06-18T20:09:00+00:00,60945.30300000
2024-06-19T06:29:00+00:00,60929.76300000
2024-06-19T06:34:00+00:00,60452.22300000
2024-06-20T12:34:00+00:00,60441.86300000
2024-06-20T12:44:00+00:00,59976.50300000
2024-06-20T13:49:00+00:00,59973.54300000
2024-06-20T14:09:00+00:00,59588.58300000
2024-06-20T17:49:00+00:00,59585.62300000
2024-06-20T19:24:00+00:00,59212.66300000
2024-06-21T10:49:00+00:00,59210.44300000
2024-06-21T13:54:00+00:00,58833.22300000
2024-06-24T07:09:00+00:00,58830.26300000
2024-06-24T08:09:00+00:00,58955.30300000
2024-06-24T08:09:00+00:00,58945.68300000
2024-06-24T08:39:00+00:00,58936.80300000
2024-06-24T09:34:00+00:00,59982.23700000
2024-06-24T09:49:00+00:00,61277.12100000
2024-06-24T13:39:00+00:00,61273.42100000
2024-06-24T13:44:00+00:00,60862.22100000
2024-06-24T14:34:00+00:00,60860.00100000
2024-06-24T15:04:00+00:00,60917.78100000
2024-06-24T15:04:00+00:00,60914.08100000
2024-06-24T16:59:00+00:00,60505.38100000
2024-06-25T11:29:00+00:00,60497.24100000
2024-06-25T13:49:00+00:00,60032.60100000
2024-06-26T06:09:00+00:00,60019.28100000
2024-06-26T06:29:00+00:00,59546.96100000
2024-06-26T07:29:00+00:00,59542.52100000
2024-06-26T10:19:00+00:00,59100.08100000
2024-06-27T11:39:00+00:00,59094.90100000
2024-06-27T13:34:00+00:00,59868.57600000
2024-06-28T07:14:00+00:00,59860.43600000
2024-06-28T09:39:00+00:00,60255.46800000
2024-06-28T12:49:00+00:00,60253.24800000
2024-06-28T13:39:00+00:00,60252.50800000
2024-06-28T14:04:00+00:00,59842.28800000
2024-06-28T14:04:00+00:00,59579.04800000
2024-06-28T17:14:00+00:00,59576.82800000
2024-06-28T19:09:00+00:00,59165.10800000
2024-07-01T07:34:00+00:00,59161.40800000
2024-07-01T08:14:00+00:00,59195.20800000
2024-07-01T08:14:00+00:00,59191.50800000
2024-07-01T08:44:00+00:00,58745.30800000
2024-07-01T14:09:00+00:00,58743.82800000
2024-07-01T14:14:00+00:00,58442.34800000
2024-07-02T09:29:00+00:00,58439.38800000
2024-07-02T13:34:00+00:00,58070.42800000
2024-07-03T02:49:00+00:00,58062.28800000
2024-07-03T03:24:00+00:00,58049.70800000
2024-07-03T05:09:00+00:00,57595.12800000
2024-07-03T06:14:00+00:00,57168.98800000
2024-07-03T07:19:00+00:00,57157.88800000
2024-07-03T07:49:00+00:00,56711.78800000
2024-07-04T00:04:00+00:00,56707.34800000
2024-07-04T13:49:00+00:00,56883.55000000
2024-07-05T12:19:00+00:00,56874.67000000
2024-07-05T12:29:00+00:00,56445.79000000
2024-07-05T14:14:00+00:00,56443.57000000
2024-07-05T14:49:00+00:00,56111.35000000
2024-07-08T11:14:00+00:00,56100.99000000
2024-07-08T13:39:00+00:00,55670.63000000
2024-07-08T16:14:00+00:00,55666.93000000
2024-07-08T19:59:00+00:00,55255.73000000
2024-07-09T01:49:00+00:00,55247.59000000
2024-07-09T04:59:00+00:00,54821.45000000
2024-07-09T14:29:00+00:00,54817.01000000
2024-07-09T14:49:00+00:00,54443.57000000
2024-07-10T02:09:00+00:00,54434.69000000
2024-07-10T08:04:00+00:00,54802.80200000
2024-07-10T19:09:00+00:00,54796.88200000
2024-07-10T19:49:00+00:00,54402.96200000
2024-07-11T12:34:00+00:00,54394.08200000
2024-07-11T12:39:00+00:00,53989.20200000
2024-07-11T12:59:00+00:00,53987.72200000
2024-07-11T13:34:00+00:00,53986.24200000
2024-07-11T13:54:00+00:00,54191.58400000
2024-07-11T14:09:00+00:00,54470.23000000
2024-07-11T16:54:00+00:00,54469.49000000
2024-07-11T20:09:00+00:00,54452.25000000
2024-07-12T09:29:00+00:00,54441.89000000
2024-07-12T09:49:00+00:00,54025.53000000
2024-07-12T11:24:00+00:00,54018.87000000
2024-07-12T12:24:00+00:00,53620.71000000
2024-07-12T16:04:00+00:00,53619.23000000
2024-07-12T17:34:00+00:00,53330.75000000
2024-07-15T08:09:00+00:00,53325.57000000
2024-07-15T11:44:00+00:00,53281.89000000
2024-07-15T11:44:00+00:00,53270.05000000
2024-07-15T13:34:00+00:00,52858.21000000
2024-07-16T11:29:00+00:00,52848.59000000
2024-07-16T12:34:00+00:00,52442.47000000
2024-07-16T18:44:00+00:00,52440.99000000
2024-07-16T20:09:00+00:00,52536.51000000
2024-07-17T03:04:00+00:00,52531.33000000
2024-07-17T03:34:00+00:00,52519.15000000
2024-07-17T03:34:00+00:00,52505.83000000
2024-07-17T03:44:00+00:00,52096.51000000
2024-07-17T05:14:00+00:00,52093.55000000
2024-07-17T06:24:00+00:00,52582.77400000
2024-07-18T01:09:00+00:00,52574.63400000
2024-07-18T01:19:00+00:00,52568.71400000
2024-07-18T03:54:00+00:00,53193.07400000
2024-07-18T03:54:00+00:00,53427.15400000
2024-07-18T03:59:00+00:00,53421.97400000
2024-07-18T06:14:00+00:00,54113.18200000
2024-07-18T10:39:00+00:00,54110.22200000
2024-07-18T12:24:00+00:00,54463.31000000
2024-07-18T14:59:00+00:00,54461.09000000
2024-07-18T15:09:00+00:00,54053.87000000
2024-07-19T07:59:00+00:00,54051.65000000
2024-07-19T13:44:00+00:00,55121.50100000
2024-07-19T14:14:00+00:00,55119.28100000
2024-07-19T14:29:00+00:00,54749.56100000
2024-07-23T15:19:00+00:00,54748.82100000
2024-07-23T16:24:00+00:00,54498.58100000
2024-07-24T07:59:00+00:00,54496.36100000
2024-07-24T11:24:00+00:00,54467.14100000
2024-07-24T11:24:00+00:00,54461.96100000
2024-07-24T12:04:00+00:00,54068.28100000
2024-07-25T06:24:00+00:00,54063.10100000
2024-07-25T06:29:00+00:00,54067.08400000
2024-07-26T05:54:00+00:00,54063.38400000
2024-07-26T06:14:00+00:00,53832.18400000
2024-07-26T06:14:00+00:00,53829.22400000
2024-07-26T12:34:00+00:00,54852.52000000
2024-07-26T14:39:00+00:00,54851.78000000
2024-07-26T15:49:00+00:00,54611.54000000
2024-07-26T17:39:00+00:00,54608.58000000
2024-07-26T17:49:00+00:00,54233.62000000
2024-07-29T06:59:00+00:00,54223.26000000
2024-07-29T07:04:00+00:00,53799.90000000
2024-07-29T13:44:00+00:00,53798.42000000
2024-07-29T14:14:00+00:00,53438.94000000
2024-07-29T17:34:00+00:00,53436.72000000
2024-07-29T20:09:00+00:00,53832.00000000
2024-07-30T06:34:00+00:00,53830.52000000
2024-07-30T09:29:00+00:00,53950.04000000
2024-07-30T09:29:00+00:00,53943.38000000
2024-07-30T10:49:00+00:00,53549.72000000
2024-07-31T08:29:00+00:00,53546.76000000
2024-07-31T09:54:00+00:00,53489.80000000
2024-07-31T09:54:00+00:00,53486.10000000
2024-07-31T11:49:00+00:00,53087.40000000
2024-07-31T13:39:00+00:00,53085.18000000
2024-07-31T14:04:00+00:00,52719.96000000
2024-08-01T06:09:00+00:00,52713.30000000
2024-08-01T06:34:00+00:00,52319.64000000
2024-08-01T07:14:00+00:00,52315.20000000
2024-08-01T07:59:00+00:00,51920.76000000
2024-08-01T13:39:00+00:00,51918.54000000
2024-08-01T14:24:00+00:00,51614.82000000
2024-08-02T10:29:00+00:00,51612.60000000
2024-08-02T10:39:00+00:00,51469.38000000
2024-08-02T10:39:00+00:00,51467.16000000
2024-08-02T12:34:00+00:00,51115.44000000
2024-08-02T12:39:00+00:00,51113.96000000
2024-08-02T12:54:00+00:00,50773.48000000
2024-08-02T13:44:00+00:00,50772.74000000
2024-08-02T14:09:00+00:00,50386.50000000
2024-08-05T10:04:00+00:00,50385.76000000
2024-08-05T10:44:00+00:00,50121.52000000
2024-08-06T05:34:00+00:00,50120.04000000
2024-08-06T06:49:00+00:00,49778.56000000
2024-08-06T09:09:00+00:00,49777.82000000
2024-08-06T11:49:00+00:00,49776.34000000
2024-08-06T13:44:00+00:00,50492.19200000
2024-08-06T15:54:00+00:00,50016.45200000
2024-08-06T19:04:00+00:00,50014.97200000
2024-08-06T19:29:00+00:00,49752.49200000
2024-08-06T19:29:00+00:00,49748.79200000
2024-08-06T19:44:00+00:00,49370.09200000
2024-08-07T07:29:00+00:00,49369.35200000
2024-08-07T07:39:00+00:00,49251.11200000
2024-08-07T07:39:00+00:00,49249.63200000
2024-08-07T07:54:00+00:00,48982.15200000
2024-08-07T09:49:00+00:00,48979.19200000
2024-08-07T10:59:00+00:00,48646.23200000
2024-08-07T19:09:00+00:00,48645.49200000
2024-08-07T19:54:00+00:00,48434.75200000
2024-08-08T06:24:00+00:00,48433.27200000
2024-08-08T07:29:00+00:00,48071.79200000
2024-08-08T12:39:00+00:00,48071.05200000
2024-08-08T15:29:00+00:00,48070.31200000
2024-08-08T17:24:00+00:00,48069.57200000
2024-08-08T20:04:00+00:00,48420.95300000
2024-08-08T20:09:00+00:00,49155.71300000
2024-08-08T20:09:00+00:00,49315.97300000
2024-08-08T23:29:00+00:00,49313.01300000
2024-08-09T04:59:00+00:00,50378.19700000
2024-08-11T22:09:00+00:00,50375.23700000
2024-08-11T22:14:00+00:00,50028.27700000
2024-08-11T22:19:00+00:00,50026.05700000
2024-08-11T23:04:00+00:00,49665.33700000
2024-08-11T23:54:00+00:00,49664.59700000
2024-08-12T07:24:00+00:00,49629.35700000
2024-08-12T07:24:00+00:00,49625.65700000
2024-08-12T07:29:00+00:00,49301.95700000
2024-08-12T07:34:00+00:00,49298.25700000
2024-08-12T13:44:00+00:00,48957.05700000
2024-08-12T14:14:00+00:00,48956.31700000
2024-08-12T15:29:00+00:00,48896.57700000
2024-08-12T15:29:00+00:00,48892.87700000
2024-08-12T15:54:00+00:00,48534.17700000
2024-08-13T01:14:00+00:00,48529.73700000
2024-08-13T02:54:00+00:00,48192.29700000
2024-08-13T22:09:00+00:00,48190.81700000
2024-08-14T05:54:00+00:00,48164.33700000
2024-08-14T05:54:00+00:00,48156.93700000
2024-08-14T06:39:00+00:00,47784.53700000
2024-08-14T16:24:00+00:00,47782.31700000
2024-08-14T19:54:00+00:00,47459.09700000
2024-08-15T06:44:00+00:00,47455.39700000
2024-08-15T08:34:00+00:00,47136.69700000
2024-08-15T12:39:00+00:00,47135.21700000
2024-08-15T20:09:00+00:00,48273.73700000
2024-08-19T03:49:00+00:00,48269.29700000
2024-08-19T08:09:00+00:00,49497.93500000
2024-08-19T09:34:00+00:00,49494.23500000
2024-08-19T13:34:00+00:00,49575.53500000
2024-08-19T13:34:00+00:00,49571.09500000
2024-08-19T13:49:00+00:00,49224.65500000
2024-08-19T13:49:00+00:00,49222.43500000
2024-08-19T14:04:00+00:00,48863.21500000
2024-08-20T06:44:00+00:00,48859.51500000
2024-08-20T08:39:00+00:00,48535.81500000
2024-08-20T15:59:00+00:00,48534.33500000
2024-08-20T16:54:00+00:00,48278.85500000
2024-08-21T00:09:00+00:00,48266.27500000
2024-08-21T00:34:00+00:00,47896.69500000
2024-08-21T05:49:00+00:00,47889.29500000
2024-08-21T11:04:00+00:00,47531.89500000
2024-08-21T14:59:00+00:00,47531.15500000
2024-08-21T18:04:00+00:00,47331.41500000
2024-08-21T18:44:00+00:00,47329.19500000
2024-08-21T20:09:00+00:00,47376.47500000
2024-08-22T07:39:00+00:00,47372.77500000
2024-08-22T09:19:00+00:00,47064.07500000
2024-08-22T23:14:00+00:00,47056.67500000
2024-08-23T00:04:00+00:00,46709.27500000
2024-08-23T06:54:00+00:00,46702.61500000
2024-08-23T07:29:00+00:00,46362.95500000
2024-08-23T13:54:00+00:00,46359.99500000
2024-08-23T14:14:00+00:00,47357.11100000
2024-08-23T19:19:00+00:00,47356.37100000
2024-08-23T20:09:00+00:00,47372.63100000
2024-08-26T08:29:00+00:00,47365.23100000
2024-08-26T11:29:00+00:00,48182.50100000
2024-08-27T04:19:00+00:00,48179.54100000
2024-08-27T06:09:00+00:00,48248.58100000
2024-08-27T06:09:00+00:00,48238.96100000
2024-08-27T07:09:00+00:00,47871.84100000
2024-08-27T11:14:00+00:00,47867.40100000
2024-08-27T12:09:00+00:00,47766.96100000
2024-08-27T12:09:00+00:00,47764.74100000
2024-08-27T13:04:00+00:00,48284.81200000
2024-08-28T01:49:00+00:00,48281.85200000
2024-08-28T07:04:00+00:00,48697.77200000
2024-08-28T07:59:00+00:00,48691.11200000
2024-08-28T08:14:00+00:00,48342.45200000
2024-08-28T13:44:00+00:00,48340.97200000
2024-08-28T15:14:00+00:00,49085.62200000
2024-08-29T10:24:00+00:00,49083.40200000
2024-08-29T13:34:00+00:00,48758.68200000
2024-08-30T06:04:00+00:00,48747.58200000
2024-08-30T06:09:00+00:00,48383.98200000
2024-08-30T07:24:00+00:00,48379.54200000
2024-08-30T10:59:00+00:00,49168.35600000
2024-08-30T10:59:00+00:00,49163.91600000
2024-08-30T11:44:00+00:00,48838.47600000
2024-08-30T12:09:00+00:00,48835.51600000
2024-08-30T12:39:00+00:00,48526.55600000
2024-09-02T14:04:00+00:00,48519.89600000
2024-09-02T14:34:00+00:00,48148.73600000
2024-09-02T14:39:00+00:00,48144.29600000
2024-09-02T22:09:00+00:00,48141.33600000
2024-09-02T22:39:00+00:00,47836.37600000
2024-09-02T22:49:00+00:00,47492.93600000
2024-09-03T05:29:00+00:00,47487.01600000
2024-09-03T07:04:00+00:00,47121.09600000
2024-09-03T07:59:00+00:00,47115.17600000
2024-09-03T08:54:00+00:00,48313.53600000
2024-09-03T11:24:00+00:00,48310.57600000
2024-09-03T13:34:00+00:00,47971.61600000
2024-09-03T17:39:00+00:00,47970.87600000
2024-09-03T18:19:00+00:00,48210.99200000
2024-09-04T07:14:00+00:00,48207.29200000
2024-09-04T11:04:00+00:00,47856.09200000
2024-09-05T05:19:00+00:00,47851.65200000
2024-09-05T06:59:00+00:00,47535.21200000
2024-09-05T07:14:00+00:00,47532.99200000
2024-09-05T09:24:00+00:00,47211.27200000
2024-09-06T05:54:00+00:00,47206.83200000
2024-09-06T06:09:00+00:00,46890.39200000
2024-09-06T06:14:00+00:00,46888.17200000
2024-09-06T07:19:00+00:00,47471.07500000
2024-09-06T13:44:00+00:00,47470.33500000
2024-09-06T20:09:00+00:00,48273.59500000
2024-09-08T23:29:00+00:00,48272.11500000
2024-09-09T07:54:00+00:00,48964.40500000
2024-09-09T23:59:00+00:00,48960.70500000
2024-09-10T00:14:00+00:00,49454.42500000
2024-09-10T09:44:00+00:00,49450.72500000
2024-09-10T10:34:00+00:00,49449.24500000
2024-09-10T12:14:00+00:00,50355.30000000
2024-09-10T12:19:00+00:00,50613.00200000
2024-09-10T13:44:00+00:00,50611.52200000
2024-09-10T14:34:00+00:00,50690.04200000
2024-09-10T14:34:00+00:00,50687.82200000
2024-09-10T14:54:00+00:00,50327.10200000
2024-09-10T23:59:00+00:00,50321.92200000
2024-09-11T01:34:00+00:00,51278.85700000
2024-09-11T05:39:00+00:00,51269.97700000
2024-09-11T06:24:00+00:00,52973.26900000
2024-09-11T08:54:00+00:00,52967.34900000
2024-09-11T11:39:00+00:00,53945.79700000
2024-09-11T13:09:00+00:00,53945.05700000
2024-09-11T13:39:00+00:00,53822.31700000
2024-09-11T13:39:00+00:00,53820.09700000
2024-09-11T14:34:00+00:00,55058.80900000
2024-09-12T02:59:00+00:00,55051.40900000
2024-09-12T03:44:00+00:00,54639.00900000
2024-09-12T05:39:00+00:00,54629.38900000
2024-09-12T05:54:00+00:00,54216.76900000
2024-09-12T06:24:00+00:00,54208.62900000
2024-09-12T07:29:00+00:00,53793.48900000
2024-09-12T07:34:00+00:00,53790.52900000
2024-09-12T08:04:00+00:00,53419.56900000
2024-09-12T14:19:00+00:00,53418.82900000
2024-09-12T20:09:00+00:00,53585.58900000
2024-09-12T23:59:00+00:00,53577.44900000
2024-09-13T00:39:00+00:00,53162.30900000
2024-09-13T06:04:00+00:00,53159.34900000
2024-09-13T07:39:00+00:00,53154.90900000
2024-09-13T13:44:00+00:00,52827.94900000
2024-09-13T13:44:00+00:00,52439.50900000
2024-09-13T16:59:00+00:00,52438.76900000
2024-09-13T20:09:00+00:00,52391.52900000
2024-09-15T22:09:00+00:00,52386.34900000
2024-09-15T22:19:00+00:00,51999.66900000
2024-09-16T02:39:00+00:00,51994.48900000
2024-09-16T07:24:00+00:00,51991.52900000
2024-09-16T10:29:00+00:00,52266.07700000
2024-09-16T11:24:00+00:00,53003.10000000
2024-09-16T14:39:00+00:00,53002.36000000
2024-09-16T20:09:00+00:00,52807.12000000
2024-09-17T01:39:00+00:00,52796.02000000
2024-09-17T03:19:00+00:00,52634.92000000
2024-09-17T03:19:00+00:00,52620.86000000
2024-09-17T03:34:00+00:00,52207.80000000
2024-09-17T03:39:00+00:00,52198.92000000
2024-09-17T06:34:00+00:00,53368.14000000
2024-09-17T12:19:00+00:00,53363.70000000
2024-09-17T12:34:00+00:00,53002.26000000
2024-09-17T13:54:00+00:00,53000.78000000
2024-09-17T14:09:00+00:00,52682.30000000
2024-09-17T15:04:00+00:00,52680.08000000
2024-09-17T15:19:00+00:00,52361.36000000
2024-09-18T07:29:00+00:00,52355.44000000
2024-09-18T11:04:00+00:00,51973.52000000
2024-09-18T13:39:00+00:00,51968.34000000
2024-09-18T13:44:00+00:00,51588.66000000
2024-09-18T16:19:00+00:00,51585.70000000
2024-09-18T17:44:00+00:00,52038.74000000
2024-09-18T17:44:00+00:00,52035.04000000
2024-09-18T18:04:00+00:00,51661.34000000
2024-09-19T16:09:00+00:00,51660.60000000
2024-09-19T20:09:00+00:00,51526.36000000
2024-09-20T03:24:00+00:00,51518.22000000
2024-09-20T08:29:00+00:00,51119.58000000
2024-09-20T13:14:00+00:00,51116.62000000
2024-09-20T13:39:00+00:00,50763.66000000
2024-09-23T13:54:00+00:00,50761.44000000
2024-09-23T17:04:00+00:00,50403.72000000
2024-09-24T10:54:00+00:00,50400.76000000
2024-09-24T11:14:00+00:00,51015.64800000
2024-09-25T03:19:00+00:00,51006.02800000
2024-09-25T05:44:00+00:00,50619.40800000
2024-09-25T09:39:00+00:00,50615.70800000
2024-09-25T13:34:00+00:00,51233.78300000
2024-09-25T13:39:00+00:00,51231.56300000
2024-09-25T17:04:00+00:00,50927.84300000
2024-09-26T16:09:00+00:00,50927.10300000
2024-09-26T17:34:00+00:00,50969.36300000
2024-09-26T17:34:00+00:00,50967.14300000
2024-09-26T20:09:00+00:00,51533.42300000
2024-09-27T05:34:00+00:00,51528.24300000
2024-09-27T05:59:00+00:00,51148.56300000
2024-09-27T09:29:00+00:00,51142.64300000
2024-09-27T10:09:00+00:00,50780.72300000
2024-09-27T12:59:00+00:00,50777.02300000
2024-09-27T14:19:00+00:00,51676.53300000
2024-09-29T22:19:00+00:00,51674.31300000
2024-09-30T02:14:00+00:00,51301.59300000
2024-09-30T18:24:00+00:00,51300.85300000
2024-09-30T19:49:00+00:00,51019.61300000
2024-10-01T00:24:00+00:00,51015.17300000
2024-10-01T00:49:00+00:00,50677.73300000
2024-10-01T17:39:00+00:00,50676.25300000
2024-10-01T20:09:00+00:00,51063.77300000
2024-10-02T06:54:00+00:00,51062.29300000
2024-10-02T10:24:00+00:00,51127.81300000
2024-10-02T10:24:00+00:00,51123.37300000
2024-10-02T11:14:00+00:00,51625.93300000
2024-10-02T11:14:00+00:00,51622.97300000
2024-10-02T12:44:00+00:00,51252.01300000
2024-10-02T13:54:00+00:00,51250.53300000
2024-10-02T14:49:00+00:00,51819.77700000
2024-10-03T00:09:00+00:00,51815.33700000
2024-10-03T01:49:00+00:00,52800.50100000
2024-10-03T02:59:00+00:00,52797.54100000
2024-10-03T05:49:00+00:00,52793.10100000
2024-10-03T06:54:00+00:00,52440.66100000
2024-10-03T07:19:00+00:00,52977.00900000
2024-10-03T12:29:00+00:00,52966.64900000
2024-10-03T12:34:00+00:00,52564.28900000
2024-10-03T13:39:00+00:00,52561.32900000
2024-10-03T14:19:00+00:00,53058.36900000
2024-10-03T14:19:00+00:00,53056.88900000
2024-10-03T20:09:00+00:00,53221.40900000
2024-10-04T07:19:00+00:00,53217.70900000
2024-10-04T12:34:00+00:00,54189.21400000
2024-10-07T01:54:00+00:00,54183.29400000
2024-10-07T02:09:00+00:00,53809.37400000
2024-10-07T13:14:00+00:00,53807.15400000
2024-10-07T18:34:00+00:00,53459.93400000
2024-10-08T02:49:00+00:00,53456.97400000
2024-10-08T05:14:00+00:00,53316.01400000
2024-10-08T05:14:00+00:00,53310.83400000
2024-10-08T07:39:00+00:00,52917.15400000
2024-10-09T05:09:00+00:00,52907.53400000
2024-10-09T05:34:00+00:00,52494.91400000
2024-10-09T06:54:00+00:00,52488.25400000
2024-10-09T07:14:00+00:00,52103.59400000
2024-10-09T07:14:00+00:00,52099.89400000
2024-10-09T08:04:00+00:00,51738.69400000
2024-10-09T08:24:00+00:00,51733.51400000
2024-10-09T08:49:00+00:00,51367.83400000
2024-10-09T13:39:00+00:00,51363.39400000
2024-10-09T13:44:00+00:00,50998.95400000
2024-10-09T23:29:00+00:00,50993.77400000
2024-10-10T02:54:00+00:00,50610.59400000
2024-10-10T05:09:00+00:00,50598.75400000
2024-10-10T05:54:00+00:00,50202.91400000
2024-10-10T17:54:00+00:00,50201.43400000
2024-10-10T20:09:00+00:00,50204.95400000
2024-10-11T03:14:00+00:00,50196.81400000
2024-10-11T03:39:00+00:00,49820.17400000
2024-10-14T01:44:00+00:00,49813.51400000
2024-10-14T02:04:00+00:00,49460.35400000
2024-10-14T09:09:00+00:00,49458.13400000
2024-10-14T12:59:00+00:00,49781.85500000
2024-10-15T00:09:00+00:00,49774.45500000
2024-10-15T02:04:00+00:00,49407.05500000
2024-10-15T07:49:00+00:00,49402.61500000
2024-10-15T08:34:00+00:00,49877.26900000
2024-10-15T13:34:00+00:00,49870.60900000
2024-10-15T13:39:00+00:00,49485.94900000
2024-10-16T05:14:00+00:00,49468.92900000
2024-10-16T05:29:00+00:00,49083.90900000
2024-10-16T07:04:00+00:00,49077.24900000
2024-10-16T07:09:00+00:00,49341.55200000
2024-10-16T07:39:00+00:00,49339.33200000
2024-10-16T13:34:00+00:00,49034.11200000
2024-10-16T14:14:00+00:00,49032.63200000
2024-10-16T20:09:00+00:00,49152.15200000
2024-10-17T00:34:00+00:00,49147.71200000
2024-10-17T01:24:00+00:00,49059.27200000
2024-10-17T01:24:00+00:00,49053.35200000
2024-10-17T05:34:00+00:00,48715.43200000
2024-10-17T18:14:00+00:00,48714.69200000
2024-10-17T20:09:00+00:00,48757.45200000
2024-10-18T09:24:00+00:00,48750.05200000
2024-10-18T11:29:00+00:00,48387.65200000
2024-10-18T13:49:00+00:00,48386.17200000
2024-10-18T20:09:00+00:00,48538.69200000
2024-10-22T12:34:00+00:00,48533.51200000
2024-10-22T13:39:00+00:00,48181.83200000
2024-10-22T14:59:00+00:00,48181.09200000
2024-10-22T18:04:00+00:00,48358.37600000
2024-10-23T02:34:00+00:00,48351.71600000
2024-10-23T06:34:00+00:00,48733.82900000
2024-10-23T12:39:00+00:00,48728.64900000
2024-10-23T14:04:00+00:00,49868.84400000
2024-10-23T14:59:00+00:00,49867.36400000
2024-10-23T16:24:00+00:00,50342.36000000
2024-10-24T03:14:00+00:00,50334.22000000
2024-10-24T03:29:00+00:00,49968.58000000
2024-10-24T07:09:00+00:00,49964.14000000
2024-10-24T11:14:00+00:00,50713.68400000
2024-10-25T07:14:00+00:00,50709.98400000
2024-10-25T08:09:00+00:00,50898.78400000
2024-10-25T08:09:00+00:00,50892.86400000
2024-10-25T08:19:00+00:00,50949.77600000
2024-10-27T22:09:00+00:00,50946.81600000
2024-10-28T01:04:00+00:00,51143.85600000
2024-10-28T01:04:00+00:00,51138.67600000
2024-10-28T04:54:00+00:00,50793.99600000
2024-10-28T05:14:00+00:00,50783.63600000
2024-10-28T07:19:00+00:00,50402.27600000
2024-10-28T08:24:00+00:00,50397.83600000
2024-10-28T10:14:00+00:00,50708.39600000
2024-10-28T10:14:00+00:00,50697.29600000
2024-10-28T12:04:00+00:00,52453.34600000
2024-10-28T23:54:00+00:00,52448.90600000
2024-10-29T00:14:00+00:00,52443.72600000
2024-10-29T00:39:00+00:00,52085.04600000
2024-10-29T01:29:00+00:00,51873.60600000
2024-10-29T01:29:00+00:00,51868.42600000
2024-10-29T03:49:00+00:00,51471.24600000
2024-10-29T23:09:00+00:00,51466.06600000
2024-10-30T00:19:00+00:00,51079.38600000
2024-11-01T02:29:00+00:00,51074.94600000
2024-11-01T04:54:00+00:00,51250.50600000
2024-11-01T04:54:00+00:00,51237.92600000
2024-11-01T05:09:00+00:00,50834.34600000
2024-11-01T11:54:00+00:00,50826.20600000
2024-11-01T12:34:00+00:00,50460.56600000
2024-11-01T13:39:00+00:00,50458.34600000
2024-11-01T14:19:00+00:00,51159.05900000
2024-11-04T13:04:00+00:00,51157.57900000
2024-11-04T14:29:00+00:00,50895.09900000
2024-11-04T14:49:00+00:00,50893.61900000
2024-11-04T17:09:00+00:00,50583.13900000
2024-11-05T03:39:00+00:00,50572.03900000
2024-11-05T06:34:00+00:00,50178.43900000
2024-11-05T07:29:00+00:00,50169.55900000
2024-11-05T08:44:00+00:00,49800.67900000
2024-11-05T14:04:00+00:00,49796.23900000
2024-11-05T14:19:00+00:00,49434.79900000
2024-11-05T16:14:00+00:00,49434.05900000
2024-11-05T20:14:00+00:00,49431.09900000
2024-11-05T20:49:00+00:00,49493.85900000
2024-11-05T20:49:00+00:00,49486.89900000
2024-11-06T14:54:00+00:00,49486.15900000
2024-11-06T15:19:00+00:00,49256.91900000
2024-11-08T04:39:00+00:00,49250.25900000
2024-11-08T05:39:00+00:00,48892.59900000
2024-11-08T06:14:00+00:00,48885.19900000
2024-11-08T10:34:00+00:00,50095.16900000
2024-11-08T14:49:00+00:00,50092.20900000
2024-11-08T15:24:00+00:00,50289.24900000
2024-11-08T15:24:00+00:00,50285.54900000
2024-11-08T21:09:00+00:00,50716.84900000
2024-11-11T02:09:00+00:00,50713.88900000
2024-11-11T08:29:00+00:00,50366.92900000
2024-11-11T13:24:00+00:00,50361.74900000
2024-11-11T14:44:00+00:00,51575.24800000
2024-11-11T15:49:00+00:00,51574.50800000
2024-11-11T21:09:00+00:00,51538.26800000
2024-11-12T07:54:00+00:00,51533.82800000
2024-11-12T09:09:00+00:00,51307.38800000
2024-11-12T09:09:00+00:00,51301.46800000
2024-11-12T09:34:00+00:00,50939.54800000
2024-11-12T10:49:00+00:00,50936.58800000
2024-11-12T12:44:00+00:00,51352.50800000
2024-11-12T12:59:00+00:00,51345.84800000
2024-11-12T13:24:00+00:00,50956.68800000
2024-11-12T16:59:00+00:00,50952.98800000
2024-11-12T17:54:00+00:00,50599.28800000
2024-11-13T06:59:00+00:00,50594.10800000
2024-11-13T12:44:00+00:00,50791.92800000
2024-11-13T12:44:00+00:00,50788.96800000
2024-11-13T13:34:00+00:00,50458.00800000
2024-11-14T10:49:00+00:00,50452.08800000
2024-11-14T13:39:00+00:00,51147.79200000
2024-11-14T14:49:00+00:00,51144.83200000
2024-11-14T15:34:00+00:00,51057.87200000
2024-11-14T15:34:00+00:00,51055.65200000
2024-11-14T16:04:00+00:00,51036.93200000
2024-11-14T16:04:00+00:00,51035.45200000
2024-11-14T20:49:00+00:00,51499.97600000
2024-11-15T12:24:00+00:00,51492.57600000
2024-11-15T12:54:00+00:00,51115.17600000
2024-11-18T09:09:00+00:00,51109.99600000
2024-11-18T13:24:00+00:00,52790.80800000
2024-11-18T14:34:00+00:00,52784.14800000
2024-11-18T14:39:00+00:00,52399.48800000
2024-11-18T15:09:00+00:00,52397.26800000
2024-11-18T18:04:00+00:00,52393.56800000
2024-11-18T18:44:00+00:00,52054.86800000
2024-11-18T19:04:00+00:00,52051.90800000
2024-11-18T19:19:00+00:00,51682.94800000
2024-11-18T21:09:00+00:00,51955.22800000
2024-11-19T00:39:00+00:00,51948.56800000
2024-11-19T01:59:00+00:00,51577.40800000
2024-11-19T07:09:00+00:00,51572.22800000
2024-11-19T07:29:00+00:00,51542.54800000
2024-11-19T07:29:00+00:00,51532.18800000
2024-11-19T08:14:00+00:00,51136.82800000
2024-11-19T08:19:00+00:00,51132.38800000
2024-11-19T09:29:00+00:00,52455.27400000
2024-11-21T07:34:00+00:00,52453.05400000
2024-11-21T07:49:00+00:00,52137.33400000
2024-11-21T14:39:00+00:00,52135.11400000
2024-11-21T14:49:00+00:00,51801.39400000
2024-11-21T15:19:00+00:00,51799.91400000
2024-11-21T15:24:00+00:00,51494.43400000
2024-11-22T06:09:00+00:00,51489.25400000
2024-11-22T09:09:00+00:00,51127.07400000
2024-11-22T15:44:00+00:00,51125.59400000
2024-11-22T16:24:00+00:00,50790.11400000
2024-11-22T20:09:00+00:00,50787.15400000
2024-11-22T20:59:00+00:00,50426.19400000
2024-11-25T03:34:00+00:00,50412.13400000
2024-11-25T04:24:00+00:00,50018.07400000
2024-11-25T06:09:00+00:00,50002.53400000
2024-11-25T07:14:00+00:00,49808.49400000
2024-11-25T07:14:00+00:00,49796.65400000
2024-11-25T07:34:00+00:00,49424.81400000
2024-11-25T12:24:00+00:00,49416.67400000
2024-11-25T13:49:00+00:00,50358.86800000
2024-11-25T14:34:00+00:00,50355.16800000
2024-11-25T14:39:00+00:00,50028.96800000
2024-11-25T14:54:00+00:00,50026.74800000
2024-11-25T17:59:00+00:00,50495.52800000
2024-11-25T17:59:00+00:00,50492.56800000
2024-11-25T21:09:00+00:00,50851.60800000
2024-11-25T23:09:00+00:00,50850.12800000
2024-11-25T23:49:00+00:00,50545.64800000
2024-11-26T07:09:00+00:00,50539.72800000
2024-11-26T11:49:00+00:00,50153.80800000
2024-11-26T14:29:00+00:00,50147.14800000
2024-11-26T14:34:00+00:00,49793.98800000
2024-11-27T11:19:00+00:00,49789.54800000
2024-11-27T12:54:00+00:00,49425.10800000
2024-11-27T14:19:00+00:00,49421.40800000
2024-11-27T14:34:00+00:00,49055.20800000
2024-11-29T00:14:00+00:00,49051.50800000
2024-11-29T02:59:00+00:00,48710.30800000
2024-11-29T14:09:00+00:00,48706.60800000
2024-11-29T14:34:00+00:00,48340.40800000
2024-11-29T14:34:00+00:00,48336.70800000
2024-11-29T14:39:00+00:00,48010.50800000
2024-12-02T04:09:00+00:00,48000.14800000
2024-12-02T12:09:00+00:00,48649.52400000
2024-12-03T07:19:00+00:00,48636.20400000
2024-12-03T08:14:00+00:00,48262.88400000
2024-12-03T08:19:00+00:00,48257.70400000
2024-12-03T12:29:00+00:00,48438.02400000
2024-12-03T12:29:00+00:00,48431.36400000
2024-12-03T13:59:00+00:00,48235.70400000
2024-12-03T13:59:00+00:00,48227.56400000
2024-12-03T14:34:00+00:00,49472.13700000
2024-12-04T03:44:00+00:00,49463.99700000
2024-12-04T06:49:00+00:00,49454.37700000
2024-12-04T08:39:00+00:00,50057.36900000
2024-12-04T08:49:00+00:00,50841.17400000
2024-12-04T18:59:00+00:00,50838.21400000
2024-12-04T21:09:00+00:00,51253.25400000
2024-12-04T23:44:00+00:00,51249.55400000
2024-12-05T03:14:00+00:00,51248.35400000
2024-12-05T03:14:00+00:00,51242.43400000
2024-12-05T05:34:00+00:00,51220.51400000
2024-12-05T05:34:00+00:00,51205.71400000
2024-12-05T06:04:00+00:00,51140.91400000
2024-12-05T06:04:00+00:00,51129.81400000
2024-12-05T06:54:00+00:00,50743.71400000
2024-12-05T08:19:00+00:00,50737.05400000
2024-12-05T17:14:00+00:00,51719.99800000
2024-12-06T07:29:00+00:00,51703.71800000
2024-12-06T08:19:00+00:00,51302.43800000
2024-12-09T07:29:00+00:00,51295.77800000
2024-12-09T09:09:00+00:00,51307.11800000
2024-12-09T09:09:00+00:00,51299.71800000
2024-12-09T11:39:00+00:00,52850.02800000
2024-12-09T11:39:00+00:00,52848.54800000
2024-12-09T14:54:00+00:00,52665.06800000
2024-12-09T14:54:00+00:00,52662.84800000
2024-12-09T15:29:00+00:00,52278.12800000
2024-12-10T14:59:00+00:00,52275.90800000
2024-12-10T15:09:00+00:00,51969.18800000
2024-12-10T17:29:00+00:00,51965.48800000
2024-12-10T19:04:00+00:00,51614.28800000
2024-12-11T04:59:00+00:00,51597.26800000
2024-12-11T07:14:00+00:00,51879.24800000
2024-12-11T07:14:00+00:00,51866.66800000
2024-12-11T07:39:00+00:00,52855.47300000
2024-12-12T03:44:00+00:00,52837.71300000
2024-12-12T04:44:00+00:00,52423.95300000
2024-12-12T08:09:00+00:00,52413.59300000
2024-12-12T08:39:00+00:00,52004.23300000
2024-12-12T19:39:00+00:00,51998.31300000
2024-12-12T20:14:00+00:00,51608.39300000
2024-12-13T07:09:00+00:00,51597.29300000
2024-12-13T08:19:00+00:00,51196.19300000
2024-12-13T09:39:00+00:00,51185.83300000
2024-12-13T09:44:00+00:00,50797.47300000
2024-12-13T12:09:00+00:00,50794.51300000
2024-12-13T14:44:00+00:00,51158.07300000
2024-12-13T16:24:00+00:00,51155.85300000
2024-12-13T20:49:00+00:00,51650.13300000
2024-12-16T05:59:00+00:00,51639.77300000
2024-12-16T07:54:00+00:00,51633.11300000
2024-12-16T08:49:00+00:00,51956.32100000
2024-12-16T09:09:00+00:00,52752.30500000
2024-12-16T13:19:00+00:00,52749.34500000
2024-12-16T14:44:00+00:00,53091.96100000
2024-12-16T23:14:00+00:00,53089.74100000
2024-12-17T01:14:00+00:00,53071.02100000
2024-12-17T01:14:00+00:00,53062.14100000
2024-12-17T03:54:00+00:00,53557.26100000
2024-12-17T03:54:00+00:00,53540.98100000
2024-12-17T06:24:00+00:00,54359.84300000
2024-12-17T11:24:00+00:00,54358.36300000
2024-12-17T13:04:00+00:00,54059.88300000
2024-12-17T14:49:00+00:00,54057.66300000
2024-12-17T15:04:00+00:00,53728.44300000
2024-12-17T16:59:00+00:00,53724.00300000
2024-12-17T21:09:00+00:00,54193.56300000
2024-12-18T12:34:00+00:00,54182.46300000
2024-12-18T13:44:00+00:00,55290.55800000
2024-12-18T16:34:00+00:00,55289.07800000
2024-12-18T19:04:00+00:00,54944.59800000
2024-12-19T10:44:00+00:00,54940.15800000
2024-12-19T12:09:00+00:00,54566.71800000
2024-12-19T18:04:00+00:00,54565.23800000
2024-12-19T20:39:00+00:00,54690.75800000
2024-12-20T14:44:00+00:00,54690.01800000
2024-12-20T16:04:00+00:00,55342.46900000
2024-12-23T20:19:00+00:00,55339.50900000
2024-12-23T21:09:00+00:00,55868.54900000
2024-12-24T03:14:00+00:00,55857.44900000
2024-12-24T06:39:00+00:00,55433.84900000
2024-12-24T06:59:00+00:00,55419.04900000
2024-12-24T07:04:00+00:00,54984.24900000
2024-12-24T08:14:00+00:00,54980.54900000
2024-12-24T08:54:00+00:00,54976.84900000
2024-12-24T09:09:00+00:00,54613.14900000
2024-12-24T09:14:00+00:00,54224.44900000
2024-12-24T15:59:00+00:00,54218.52900000
2024-12-24T16:19:00+00:00,53840.60900000
2024-12-26T08:09:00+00:00,53834.68900000
2024-12-26T08:34:00+00:00,55116.82500000
2024-12-26T10:24:00+00:00,55112.38500000
2024-12-26T14:54:00+00:00,54714.94500000
2024-12-26T14:54:00+00:00,54711.98500000
2024-12-26T14:59:00+00:00,54315.02500000
2024-12-27T16:59:00+00:00,54314.28500000
2024-12-27T21:09:00+00:00,53966.04500000
2024-12-31T13:19:00+00:00,53960.86500000
2024-12-31T13:54:00+00:00,53927.68500000
2024-12-31T13:54:00+00:00,53924.72500000
2024-12-31T14:34:00+00:00,53922.50500000
2024-12-31T14:39:00+00:00,54416.96500000
2024-12-31T14:44:00+00:00,54933.10900000
2024-12-31T14:54:00+00:00,54930.88900000
2024-12-31T15:14:00+00:00,54517.66900000
2024-12-31T19:14:00+00:00,54514.70900000
2024-12-31T19:24:00+00:00,54151.74900000
2024-12-31T19:24:00+00:00,54151.00900000
2024-12-31T20:19:00+00:00,54150.26900000
2024-12-31T21:09:00+00:00,54078.02900000
2024-12-31T21:09:00+00:00,54087.78900000
2025-01-02T00:49:00+00:00,54086.30900000
2025-01-02T06:19:00+00:00,54684.35100000
2025-01-02T14:54:00+00:00,54682.87100000
2025-01-02T15:09:00+00:00,54854.17900000
2025-01-02T20:04:00+00:00,54851.21900000
2025-01-02T20:14:00+00:00,54486.25900000
2025-01-03T07:24:00+00:00,54480.33900000
2025-01-03T14:34:00+00:00,55867.19500000
2025-01-06T08:24:00+00:00,55859.05500000
2025-01-06T08:39:00+00:00,55443.91500000
2025-01-06T14:24:00+00:00,55441.69500000
2025-01-06T14:34:00+00:00,55097.47500000
2025-01-06T14:34:00+00:00,55095.99500000
2025-01-06T19:04:00+00:00,54726.51500000
2025-01-07T02:49:00+00:00,54720.59500000
2025-01-07T05:24:00+00:00,55793.29100000
2025-01-07T08:19:00+00:00,55787.37100000
2025-01-07T08:39:00+00:00,55405.45100000
2025-01-07T10:19:00+00:00,55402.49100000
2025-01-07T14:39:00+00:00,54997.53100000
2025-01-07T14:39:00+00:00,54993.09100000
2025-01-07T14:44:00+00:00,54625.65100000
2025-01-08T12:44:00+00:00,54621.95100000
2025-01-08T15:14:00+00:00,54240.75100000
2025-01-08T15:19:00+00:00,54240.01100000
2025-01-08T21:09:00+00:00,54095.77100000
2025-01-09T06:34:00+00:00,54091.33100000
2025-01-09T07:19:00+00:00,53681.89100000
2025-01-10T07:19:00+00:00,53677.45100000
2025-01-10T09:14:00+00:00,53301.01100000
2025-01-12T23:54:00+00:00,53298.05100000
2025-01-13T03:24:00+00:00,54221.86300000
2025-01-13T12:24:00+00:00,54219.64300000
2025-01-13T14:39:00+00:00,53875.42300000
2025-01-13T14:59:00+00:00,53874.68300000
2025-01-13T15:59:00+00:00,53865.94300000
2025-01-13T15:59:00+00:00,53862.98300000
2025-01-13T17:24:00+00:00,53470.02300000
2025-01-14T01:09:00+00:00,53467.06300000
2025-01-14T08:19:00+00:00,53100.10300000
2025-01-14T10:39:00+00:00,53096.40300000
2025-01-14T11:34:00+00:00,52702.70300000
2025-01-14T13:39:00+00:00,52697.52300000
2025-01-14T13:44:00+00:00,52310.84300000
2025-01-14T15:14:00+00:00,52309.36300000
2025-01-14T15:39:00+00:00,51917.88300000
2025-01-14T15:49:00+00:00,51916.40300000
2025-01-14T16:04:00+00:00,51637.92300000
2025-01-15T08:34:00+00:00,51634.22300000
2025-01-15T11:59:00+00:00,52298.11300000
2025-01-15T13:39:00+00:00,52296.63300000
2025-01-15T14:39:00+00:00,52008.15300000
2025-01-16T12:09:00+00:00,52001.49300000
2025-01-16T14:24:00+00:00,51603.33300000
2025-01-16T14:39:00+00:00,51596.67300000
2025-01-16T14:44:00+00:00,51234.51300000
2025-01-17T07:54:00+00:00,51227.85300000
2025-01-17T08:59:00+00:00,51916.27200000
2025-01-20T01:24:00+00:00,51914.05200000
2025-01-20T07:49:00+00:00,51532.33200000
2025-01-20T12:39:00+00:00,51525.67200000
2025-01-20T13:04:00+00:00,51132.01200000
2025-01-20T13:39:00+00:00,51130.53200000
2025-01-21T00:24:00+00:00,51489.05200000
2025-01-21T00:24:00+00:00,51479.43200000
2025-01-21T00:54:00+00:00,53409.75000000
2025-01-22T07:14:00+00:00,53397.17000000
2025-01-22T08:19:00+00:00,54252.45700000
2025-01-22T19:54:00+00:00,54246.53700000
2025-01-22T20:39:00+00:00,53848.61700000
2025-01-23T09:29:00+00:00,53843.43700000
2025-01-23T12:34:00+00:00,53838.25700000
2025-01-23T14:34:00+00:00,53469.07700000
2025-01-23T16:29:00+00:00,54499.31600000
2025-01-24T03:29:00+00:00,54495.61600000
2025-01-24T06:14:00+00:00,54439.41600000
2025-01-24T06:14:00+00:00,54433.49600000
2025-01-24T07:14:00+00:00,54023.57600000
2025-01-24T20:04:00+00:00,54022.83600000
2025-01-24T21:09:00+00:00,53979.59600000
2025-01-26T23:09:00+00:00,53976.63600000
2025-01-27T10:34:00+00:00,59225.38400000
2025-01-27T16:04:00+00:00,59223.90400000
2025-01-27T19:54:00+00:00,59223.16400000
2025-01-27T20:59:00+00:00,58951.92400000
2025-01-27T21:09:00+00:00,58935.44400000
2025-01-28T13:39:00+00:00,58933.96400000
2025-01-28T14:34:00+00:00,59107.89000000
2025-01-28T14:59:00+00:00,59106.41000000
2025-01-28T17:24:00+00:00,60212.34400000
2025-01-28T23:24:00+00:00,60207.90400000
2025-01-29T06:04:00+00:00,61279.46200000
2025-01-29T14:39:00+00:00,61277.98200000
2025-01-29T21:09:00+00:00,61594.50200000
2025-01-30T10:39:00+00:00,61587.84200000
2025-01-30T12:19:00+00:00,61122.18200000
2025-01-30T12:44:00+00:00,61118.48200000
2025-01-30T14:54:00+00:00,62358.33200000
2025-01-30T14:54:00+00:00,62357.59200000
2025-01-30T15:04:00+00:00,62105.85200000
2025-01-31T08:24:00+00:00,62102.89200000
2025-01-31T09:09:00+00:00,62096.23200000
2025-01-31T14:19:00+00:00,61662.07200000
2025-01-31T14:34:00+00:00,62072.75600000
2025-02-03T15:29:00+00:00,62069.05600000
2025-02-03T21:09:00+00:00,62780.35600000
2025-02-05T01:39:00+00:00,62775.91600000
2025-02-05T03:04:00+00:00,62772.95600000
2025-02-05T06:44:00+00:00,63236.00000000
2025-02-05T07:49:00+00:00,64032.56000000
2025-02-05T07:49:00+00:00,64025.16000000
2025-02-05T08:39:00+00:00,63547.76000000
2025-02-05T08:44:00+00:00,63543.32000000
2025-02-05T09:04:00+00:00,63112.88000000
2025-02-05T12:24:00+00:00,63110.66000000
2025-02-05T14:34:00+00:00,63501.14000000
2025-02-05T16:34:00+00:00,63499.66000000
2025-02-05T21:04:00+00:00,64068.90400000
2025-02-06T07:24:00+00:00,64061.50400000
2025-02-06T09:29:00+00:00,64052.62400000
2025-02-06T11:04:00+00:00,65127.59600000
2025-02-06T11:24:00+00:00,66363.74600000
2025-02-06T13:49:00+00:00,66358.56600000
2025-02-06T14:49:00+00:00,65891.38600000
2025-02-06T15:29:00+00:00,65885.46600000
2025-02-06T15:39:00+00:00,65391.54600000
2025-02-07T11:49:00+00:00,65386.36600000
2025-02-07T13:34:00+00:00,64891.18600000
2025-02-07T15:59:00+00:00,64890.44600000
2025-02-07T21:09:00+00:00,65153.20600000
2025-02-10T08:39:00+00:00,65141.36600000
2025-02-10T10:04:00+00:00,64633.52600000
2025-02-11T12:09:00+00:00,64627.60600000
2025-02-11T14:34:00+00:00,64161.68600000
2025-02-11T23:34:00+00:00,64155.76600000
2025-02-12T04:04:00+00:00,63669.84600000
2025-02-12T11:14:00+00:00,63664.66600000
2025-02-12T12:44:00+00:00,63218.48600000
2025-02-12T13:39:00+00:00,63215.52600000
2025-02-12T14:39:00+00:00,62754.56600000
2025-02-13T06:54:00+00:00,62748.64600000
2025-02-13T08:19:00+00:00,63947.00600000
2025-02-13T09:24:00+00:00,63944.04600000
2025-02-13T14:39:00+00:00,63942.56600000
2025-02-13T15:24:00+00:00,65311.43800000
2025-02-13T21:09:00+00:00,66245.95800000
2025-02-14T02:44:00+00:00,66243.73800000
2025-02-14T11:24:00+00:00,65835.01800000
2025-02-14T12:04:00+00:00,65824.65800000
2025-02-14T14:04:00+00:00,67262.05200000
2025-02-14T15:24:00+00:00,67256.13200000
2025-02-14T16:24:00+00:00,67251.69200000
2025-02-14T17:54:00+00:00,67161.77200000
2025-02-14T17:54:00+00:00,66788.33200000
2025-02-14T17:59:00+00:00,66783.89200000
2025-02-14T21:09:00+00:00,67427.45200000
2025-02-17T05:39:00+00:00,67411.91200000
2025-02-17T07:09:00+00:00,67405.25200000
2025-02-17T07:44:00+00:00,67716.67900000
2025-02-17T07:49:00+00:00,69130.56700000
2025-02-18T08:14:00+00:00,69125.38700000
2025-02-18T12:14:00+00:00,69106.20700000
2025-02-18T12:14:00+00:00,69097.32700000
2025-02-18T14:29:00+00:00,68578.44700000
2025-02-18T14:34:00+00:00,68574.00700000
2025-02-18T17:04:00+00:00,68571.78700000
2025-02-18T19:29:00+00:00,69749.34700000
2025-02-18T19:29:00+00:00,69963.12700000
2025-02-18T19:34:00+00:00,69960.16700000
2025-02-18T21:09:00+00:00,70471.20700000
2025-02-19T04:09:00+00:00,70453.44700000
2025-02-19T07:04:00+00:00,71723.74300000
2025-02-19T12:09:00+00:00,71717.08300000
2025-02-19T13:04:00+00:00,71210.92300000
2025-02-19T13:04:00+00:00,71198.34300000
2025-02-19T14:49:00+00:00,73388.81000000
2025-02-19T18:14:00+00:00,73382.89000000
2025-02-19T18:24:00+00:00,72836.97000000
2025-02-20T14:39:00+00:00,72830.31000000
2025-02-20T14:54:00+00:00,75356.56500000
2025-02-23T23:14:00+00:00,75354.34500000
2025-02-24T02:19:00+00:00,75348.42500000
2025-02-24T03:19:00+00:00,75533.70500000
2025-02-24T03:19:00+00:00,75491.78500000
2025-02-24T03:24:00+00:00,75477.72500000
2025-02-24T04:04:00+00:00,74893.66500000
2025-02-24T05:29:00+00:00,74883.30500000
2025-02-24T05:54:00+00:00,74921.94500000
2025-02-24T05:54:00+00:00,74906.40500000
2025-02-24T07:29:00+00:00,76347.78200000
2025-02-24T12:49:00+00:00,76341.86200000
2025-02-24T13:24:00+00:00,75783.94200000
2025-02-25T04:24:00+00:00,75778.02200000
2025-02-25T07:04:00+00:00,75224.10200000
2025-02-25T08:09:00+00:00,75218.92200000
2025-02-25T08:54:00+00:00,74681.74200000
2025-02-25T10:09:00+00:00,74675.82200000
2025-02-25T10:54:00+00:00,74137.90200000
2025-02-25T11:09:00+00:00,74131.98200000
2025-02-25T11:44:00+00:00,75204.67800000
2025-02-25T13:04:00+00:00,75203.19800000
2025-02-25T14:49:00+00:00,74670.71800000
2025-02-25T16:54:00+00:00,74669.23800000
2025-02-25T21:09:00+00:00,74946.75800000
2025-02-26T02:24:00+00:00,74939.35800000
2025-02-26T09:19:00+00:00,76633.65800000
2025-02-26T13:54:00+00:00,76627.73800000
2025-02-26T14:59:00+00:00,76085.81800000
2025-02-26T15:34:00+00:00,76082.85800000
2025-02-26T16:04:00+00:00,75569.89800000
2025-02-27T01:19:00+00:00,75562.49800000
2025-02-27T07:19:00+00:00,78094.55800000
2025-02-27T14:49:00+00:00,78093.07800000
2025-02-27T20:59:00+00:00,80298.57200000
2025-02-28T01:34:00+00:00,80294.13200000
2025-02-28T01:44:00+00:00,79755.69200000
2025-02-28T17:29:00+00:00,79753.47200000
2025-02-28T18:34:00+00:00,80229.75200000
2025-02-28T18:34:00+00:00,80226.05200000
2025-02-28T18:59:00+00:00,79717.35200000
2025-03-03T07:09:00+00:00,79711.43200000
2025-03-03T08:29:00+00:00,80553.74400000
2025-03-03T14:44:00+00:00,80552.26400000
2025-03-03T16:54:00+00:00,80743.78400000
2025-03-03T16:54:00+00:00,80742.30400000
2025-03-03T18:09:00+00:00,80287.82400000
2025-03-03T19:59:00+00:00,80287.08400000
2025-03-03T21:09:00+00:00,80497.84400000
2025-03-04T04:44:00+00:00,80487.48400000
2025-03-04T05:04:00+00:00,79882.12400000
2025-03-04T12:09:00+00:00,79880.64400000
2025-03-04T14:59:00+00:00,80570.31600000
2025-03-05T18:14:00+00:00,80568.09600000
2025-03-05T19:04:00+00:00,80021.37600000
2025-03-06T18:34:00+00:00,80020.63600000
2025-03-06T20:04:00+00:00,80019.15600000
2025-03-06T21:09:00+00:00,80027.91600000
2025-03-06T21:09:00+00:00,79891.43600000
2025-03-07T07:09:00+00:00,79884.03600000
2025-03-07T07:39:00+00:00,79321.63600000
2025-03-07T07:54:00+00:00,79317.19600000
2025-03-07T11:49:00+00:00,79513.75600000
2025-03-07T11:49:00+00:00,79509.31600000
2025-03-07T12:34:00+00:00,80188.17400000
2025-03-10T06:09:00+00:00,80180.03400000
2025-03-10T08:04:00+00:00,79583.39400000
2025-03-10T16:44:00+00:00,79582.65400000
2025-03-10T19:09:00+00:00,80091.11500000
2025-03-11T08:04:00+00:00,80087.41500000
2025-03-11T12:14:00+00:00,79926.21500000
2025-03-11T12:14:00+00:00,79921.77500000
2025-03-11T12:24:00+00:00,79314.33500000
2025-03-11T13:44:00+00:00,79312.85500000
2025-03-11T14:04:00+00:00,78854.37500000
2025-03-12T03:44:00+00:00,78845.49500000
2025-03-12T06:09:00+00:00,79112.61500000
2025-03-12T06:09:00+00:00,79094.11500000
2025-03-12T06:49:00+00:00,80188.26500000
2025-03-13T07:44:00+00:00,80182.34500000
2025-03-13T07:49:00+00:00,79588.42500000
2025-03-13T08:09:00+00:00,79583.98500000
2025-03-13T08:19:00+00:00,79048.54500000
2025-03-14T02:04:00+00:00,79041.88500000
2025-03-14T02:54:00+00:00,78472.72500000
2025-03-14T07:49:00+00:00,78463.10500000
2025-03-14T08:04:00+00:00,77861.98500000
2025-03-14T13:39:00+00:00,77859.02500000
2025-03-14T14:04:00+00:00,77294.06500000
2025-03-14T18:39:00+00:00,77289.62500000
2025-03-14T20:09:00+00:00,77009.18500000
2025-03-17T06:24:00+00:00,77002.52500000
2025-03-17T07:59:00+00:00,76469.36500000
2025-03-17T13:39:00+00:00,76465.66500000
2025-03-17T13:49:00+00:00,75886.96500000
2025-03-17T13:54:00+00:00,75884.74500000
2025-03-17T18:19:00+00:00,75336.52500000
2025-03-18T11:34:00+00:00,75334.30500000
2025-03-18T13:34:00+00:00,75771.90900000
2025-03-18T22:49:00+00:00,75765.98900000
2025-03-19T07:44:00+00:00,75212.06900000
2025-03-20T04:44:00+00:00,75196.52900000
2025-03-20T05:54:00+00:00,74613.98900000
2025-03-20T13:39:00+00:00,74611.76900000
2025-03-20T18:29:00+00:00,74162.54900000
2025-03-21T05:59:00+00:00,74152.18900000
2025-03-21T07:39:00+00:00,73602.82900000
2025-03-21T12:09:00+00:00,73598.38900000
2025-03-21T12:39:00+00:00,73107.94900000
2025-03-24T09:54:00+00:00,73103.50900000
2025-03-24T11:14:00+00:00,73664.55700000
2025-03-24T16:34:00+00:00,73659.37700000
2025-03-24T19:09:00+00:00,73108.19700000
2025-03-26T00:09:00+00:00,73093.39700000
2025-03-26T00:34:00+00:00,72528.59700000
2025-03-26T13:24:00+00:00,72521.93700000
2025-03-26T13:54:00+00:00,73940.77800000
2025-03-27T05:54:00+00:00,73928.19800000
2025-03-27T06:14:00+00:00,73694.61800000
2025-03-27T06:14:00+00:00,73681.29800000
2025-03-27T06:49:00+00:00,73118.97800000
2025-03-27T08:24:00+00:00,73114.53800000
2025-03-27T11:29:00+00:00,72627.09800000
2025-03-27T19:04:00+00:00,72622.65800000
2025-03-27T19:19:00+00:00,72081.21800000
2025-03-28T06:09:00+00:00,72069.37800000
2025-03-28T06:39:00+00:00,71857.53800000
2025-03-28T06:39:00+00:00,71847.17800000
2025-03-28T06:59:00+00:00,73376.20200000
2025-03-28T13:14:00+00:00,73369.54200000
2025-03-28T13:29:00+00:00,72831.88200000
2025-03-31T07:39:00+00:00,72826.70200000
2025-03-31T11:34:00+00:00,74269.27600000
2025-03-31T17:04:00+00:00,74265.57600000
2025-03-31T17:14:00+00:00,73716.87600000
2025-03-31T17:24:00+00:00,73713.91600000
2025-03-31T18:09:00+00:00,73236.95600000
2025-04-01T01:39:00+00:00,73235.47600000
2025-04-01T05:09:00+00:00,72966.99600000
2025-04-01T05:09:00+00:00,72962.55600000
2025-04-01T07:04:00+00:00,74010.55200000
2025-04-01T10:54:00+00:00,74007.59200000
2025-04-01T11:34:00+00:00,73454.63200000
2025-04-02T02:34:00+00:00,73447.23200000
2025-04-02T03:49:00+00:00,72889.83200000
2025-04-02T06:24:00+00:00,72883.91200000
2025-04-02T07:09:00+00:00,72377.99200000
2025-04-02T13:39:00+00:00,72372.07200000
2025-04-02T16:29:00+00:00,76670.14400000
2025-04-03T04:34:00+00:00,76665.70400000
2025-04-03T05:24:00+00:00,76661.26400000
2025-04-03T08:19:00+00:00,76080.82400000
2025-04-03T09:14:00+00:00,76074.90400000
2025-04-03T10:14:00+00:00,77523.45400000
2025-04-03T10:49:00+00:00,79653.82200000
2025-04-03T10:54:00+00:00,79653.08200000
2025-04-03T14:49:00+00:00,79986.13700000
2025-04-04T08:39:00+00:00,79982.43700000
2025-04-04T10:14:00+00:00,81772.06700000
2025-04-04T10:14:00+00:00,81770.58700000
2025-04-04T10:54:00+00:00,83222.09700000
2025-04-04T11:44:00+00:00,83221.35700000
2025-04-04T11:49:00+00:00,83347.59000000
2025-04-04T15:09:00+00:00,83346.85000000
2025-04-04T16:39:00+00:00,82826.11000000
2025-04-04T18:14:00+00:00,82825.37000000
2025-04-04T18:44:00+00:00,83171.51500000
2025-04-04T18:54:00+00:00,83169.29500000
2025-04-04T19:04:00+00:00,82691.57500000
2025-04-07T12:34:00+00:00,82690.83500000
2025-04-07T13:29:00+00:00,82288.59500000
2025-04-07T13:59:00+00:00,82287.85500000
2025-04-07T20:09:00+00:00,83138.61500000
2025-04-08T05:44:00+00:00,83135.65500000
2025-04-08T08:19:00+00:00,83614.69500000
2025-04-08T08:19:00+00:00,83612.47500000
2025-04-08T11:39:00+00:00,83064.25500000
2025-04-08T11:39:00+00:00,83063.51500000
2025-04-08T13:54:00+00:00,83632.19000000
2025-04-09T04:54:00+00:00,83630.71000000
2025-04-09T05:39:00+00:00,83092.23000000
2025-04-09T11:09:00+00:00,83091.49000000
2025-04-09T12:59:00+00:00,82702.25000000
2025-04-10T07:54:00+00:00,82700.03000000
2025-04-10T08:24:00+00:00,82129.31000000
2025-04-11T02:09:00+00:00,82127.83000000
2025-04-11T02:29:00+00:00,81665.35000000
2025-04-11T05:19:00+00:00,81664.61000000
2025-04-11T06:04:00+00:00,82114.16600000
2025-04-11T14:39:00+00:00,82112.68600000
2025-04-11T20:09:00+00:00,83477.20600000
2025-04-14T03:14:00+00:00,83472.02600000
2025-04-14T03:24:00+00:00,82850.84600000
2025-04-14T05:59:00+00:00,82847.14600000
2025-04-14T07:54:00+00:00,83524.12600000
2025-04-14T13:44:00+00:00,83521.90600000
2025-04-14T14:04:00+00:00,82922.68600000
2025-04-15T01:44:00+00:00,82916.76600000
2025-04-15T07:04:00+00:00,82306.84600000
2025-04-15T09:44:00+00:00,82301.66600000
2025-04-15T11:54:00+00:00,83661.77300000
2025-04-16T03:34:00+00:00,83655.11300000
2025-04-16T05:19:00+00:00,85356.69800000
2025-04-16T08:59:00+00:00,85355.21800000
2025-04-16T11:59:00+00:00,85352.25800000
2025-04-16T12:49:00+00:00,85654.46600000
2025-04-16T13:24:00+00:00,86384.54600000
2025-04-16T14:14:00+00:00,86381.58600000
2025-04-16T15:24:00+00:00,87630.03000000
2025-04-16T15:29:00+00:00,87629.29000000
2025-04-16T17:14:00+00:00,87274.55000000
2025-04-16T23:24:00+00:00,87273.07000000
2025-04-17T02:44:00+00:00,87482.59000000
2025-04-17T02:44:00+00:00,87476.67000000
2025-04-17T03:04:00+00:00,86842.75000000
2025-04-17T05:44:00+00:00,86839.05000000
2025-04-17T10:59:00+00:00,86250.35000000
2025-04-17T14:49:00+00:00,86246.65000000
2025-04-17T20:09:00+00:00,86765.45000000
2025-04-21T01:39:00+00:00,86760.27000000
2025-04-21T01:54:00+00:00,86170.59000000
2025-04-21T06:59:00+00:00,86159.49000000
2025-04-21T07:14:00+00:00,85503.39000000
2025-04-21T09:34:00+00:00,85495.99000000
2025-04-21T11:19:00+00:00,85348.59000000
2025-04-21T11:19:00+00:00,85338.97000000
2025-04-21T13:59:00+00:00,88069.08700000
2025-04-22T05:09:00+00:00,88064.64700000
2025-04-22T06:54:00+00:00,89002.68700000
2025-04-22T13:39:00+00:00,88992.32700000
2025-04-22T13:44:00+00:00,88323.96700000
2025-04-22T16:04:00+00:00,88323.22700000
2025-04-22T20:09:00+00:00,88211.98700000
2025-04-23T06:44:00+00:00,88202.36700000
2025-04-23T07:34:00+00:00,87529.74700000
2025-04-23T16:34:00+00:00,87526.04700000
2025-04-23T19:24:00+00:00,86919.84700000
2025-04-24T04:49:00+00:00,86914.66700000
2025-04-24T05:59:00+00:00,86307.48700000
2025-04-24T11:09:00+00:00,86303.04700000
2025-04-24T11:19:00+00:00,86644.18300000
2025-04-24T12:29:00+00:00,86639.74300000
2025-04-24T12:39:00+00:00,86023.30300000
2025-04-25T01:24:00+00:00,86016.64300000
2025-04-25T01:44:00+00:00,85591.48300000
2025-04-25T01:44:00+00:00,85584.82300000
2025-04-25T01:54:00+00:00,84975.16300000
2025-04-25T04:34:00+00:00,84970.72300000
2025-04-25T06:54:00+00:00,84348.28300000
2025-04-28T11:14:00+00:00,84338.66300000
2025-04-28T12:14:00+00:00,84335.54300000
2025-04-28T12:14:00+00:00,84331.10300000
2025-04-28T12:34:00+00:00,83768.66300000
2025-04-28T14:04:00+00:00,83766.44300000
2025-04-28T20:09:00+00:00,83801.72300000
2025-04-29T00:09:00+00:00,83790.62300000
2025-04-29T00:44:00+00:00,83149.52300000
2025-04-29T02:49:00+00:00,83142.86300000
2025-04-29T04:34:00+00:00,82672.70300000
2025-04-29T04:34:00+00:00,82666.78300000
2025-04-29T04:54:00+00:00,82040.86300000
2025-04-29T04:54:00+00:00,82037.90300000
2025-04-29T07:54:00+00:00,81488.94300000
2025-04-29T12:34:00+00:00,81483.76300000
2025-04-29T12:59:00+00:00,80880.08300000
2025-04-29T13:09:00+00:00,80878.60300000
2025-04-29T13:49:00+00:00,80464.12300000
2025-04-30T05:39:00+00:00,80458.94300000
2025-04-30T08:19:00+00:00,81672.44200000
2025-04-30T08:29:00+00:00,81664.30200000
2025-04-30T09:29:00+00:00,81062.16200000
2025-04-30T11:29:00+00:00,81058.46200000
2025-04-30T12:24:00+00:00,82357.21700000
2025-04-30T13:44:00+00:00,82356.47700000
2025-04-30T16:44:00+00:00,81880.23700000
2025-04-30T16:44:00+00:00,81879.49700000
2025-04-30T17:34:00+00:00,81877.27700000
2025-04-30T18:09:00+00:00,82182.84300000
2025-04-30T18:54:00+00:00,82181.36300000
2025-04-30T19:59:00+00:00,82983.60900000
2025-04-30T20:09:00+00:00,84614.88900000
2025-05-01T05:34:00+00:00,84610.44900000
2025-05-01T06:04:00+00:00,84048.00900000
2025-05-01T07:14:00+00:00,84039.86900000
2025-05-01T13:34:00+00:00,83432.22900000
2025-05-01T13:54:00+00:00,83430.00900000
2025-05-01T13:59:00+00:00,82935.78900000
2025-05-01T16:34:00+00:00,82933.56900000
2025-05-01T19:59:00+00:00,82313.34900000
2025-05-02T00:24:00+00:00,82310.38900000
2025-05-02T04:04:00+00:00,83637.37300000
2025-05-02T09:14:00+00:00,83630.71300000
2025-05-02T12:34:00+00:00,85308.73600000
2025-05-02T18:54:00+00:00,85305.03600000
2025-05-02T20:09:00+00:00,85408.83600000
2025-05-05T03:44:00+00:00,85405.87600000
2025-05-05T06:54:00+00:00,85496.91600000
2025-05-05T06:54:00+00:00,85482.85600000
2025-05-05T08:34:00+00:00,87184.89500000
2025-05-06T00:14:00+00:00,87173.79500000
2025-05-06T00:24:00+00:00,86525.19500000
2025-05-06T12:54:00+00:00,86515.57500000
2025-05-06T13:14:00+00:00,85862.45500000
2025-05-06T13:39:00+00:00,85858.01500000
2025-05-06T13:49:00+00:00,85235.57500000
2025-05-06T13:54:00+00:00,85233.35500000
2025-05-06T14:14:00+00:00,84730.13500000
2025-05-06T16:19:00+00:00,84729.39500000
2025-05-06T16:29:00+00:00,84593.15500000
2025-05-06T16:29:00+00:00,84591.67500000
2025-05-06T20:09:00+00:00,84704.19500000
2025-05-06T22:09:00+00:00,84701.23500000
2025-05-06T22:39:00+00:00,84082.27500000
2025-05-07T05:39:00+00:00,84070.43500000
2025-05-07T06:04:00+00:00,83450.59500000
2025-05-07T10:19:00+00:00,83441.71500000
2025-05-07T12:09:00+00:00,82820.83500000
2025-05-07T12:49:00+00:00,82814.17500000
2025-05-07T13:04:00+00:00,82222.51500000
2025-05-08T01:04:00+00:00,82217.33500000
2025-05-08T14:59:00+00:00,81620.65500000
2025-05-09T03:14:00+00:00,81617.69500000
2025-05-09T08:04:00+00:00,81750.73500000
2025-05-09T08:04:00+00:00,81744.81500000
2025-05-09T10:34:00+00:00,81126.89500000
2025-05-12T23:44:00+00:00,81120.97500000
2025-05-13T08:49:00+00:00,81109.13500000
2025-05-13T09:29:00+00:00,80505.29500000
2025-05-13T12:09:00+00:00,79935.37500000
2025-05-14T00:19:00+00:00,79927.97500000
2025-05-14T02:09:00+00:00,79922.05500000
2025-05-14T04:39:00+00:00,79354.65500000
2025-05-14T04:39:00+00:00,78768.73500000
2025-05-14T05:34:00+00:00,78756.15500000
2025-05-14T06:04:00+00:00,78148.57500000
2025-05-14T07:29:00+00:00,78142.65500000
2025-05-14T09:29:00+00:00,78324.73500000
2025-05-14T09:29:00+00:00,78318.81500000
2025-05-14T11:19:00+00:00,79349.62300000
2025-05-14T13:34:00+00:00,79346.66300000
2025-05-14T13:49:00+00:00,79987.73100000
2025-05-14T13:49:00+00:00,79984.77100000
2025-05-14T15:09:00+00:00,79981.81100000
2025-05-14T15:29:00+00:00,79450.85100000
2025-05-14T16:09:00+00:00,78951.89100000
2025-05-14T18:39:00+00:00,78950.41100000
2025-05-14T20:09:00+00:00,79105.93100000
2025-05-15T05:14:00+00:00,79100.75100000
2025-05-15T05:39:00+00:00,79727.81800000
2025-05-15T12:39:00+00:00,79723.37800000
2025-05-15T13:49:00+00:00,79130.93800000
2025-05-16T03:44:00+00:00,79114.65800000
2025-05-16T03:54:00+00:00,78515.37800000
2025-05-16T04:59:00+00:00,78505.01800000
2025-05-16T06:09:00+00:00,78697.65800000
2025-05-16T06:09:00+00:00,78684.33800000
2025-05-16T06:34:00+00:00,78320.01800000
2025-05-16T06:34:00+00:00,78314.83800000
2025-05-16T07:34:00+00:00,77756.65800000
2025-05-16T11:39:00+00:00,77746.29800000
2025-05-16T12:04:00+00:00,77161.93800000
2025-05-19T11:54:00+00:00,77158.23800000
2025-05-19T13:39:00+00:00,78155.92300000
2025-05-19T13:39:00+00:00,78153.70300000
2025-05-19T20:09:00+00:00,79235.98300000
2025-05-19T23:59:00+00:00,79229.32300000
2025-05-20T01:39:00+00:00,80824.87900000
2025-05-20T08:24:00+00:00,80820.43900000
2025-05-20T13:39:00+00:00,80248.99900000
2025-05-21T00:14:00+00:00,80236.41900000
2025-05-21T00:24:00+00:00,79645.83900000
2025-05-21T02:39:00+00:00,79636.95900000
2025-05-21T03:34:00+00:00,79070.07900000
2025-05-21T12:09:00+00:00,79064.89900000
2025-05-21T12:29:00+00:00,78489.21900000
2025-05-21T17:14:00+00:00,78486.99900000
2025-05-21T17:29:00+00:00,79937.76900000
2025-05-22T00:14:00+00:00,79933.32900000
2025-05-22T02:14:00+00:00,79925.92900000
2025-05-22T08:39:00+00:00,80419.48900000
2025-05-22T08:39:00+00:00,81147.08900000
2025-05-22T08:44:00+00:00,81138.94900000
2025-05-22T10:19:00+00:00,81246.30900000
2025-05-22T10:19:00+00:00,81238.16900000
2025-05-22T11:19:00+00:00,81307.02900000
2025-05-22T11:19:00+00:00,81301.84900000
2025-05-22T12:04:00+00:00,83211.73600000
2025-05-23T03:39:00+00:00,83196.93600000
2025-05-23T03:54:00+00:00,82552.13600000
2025-05-23T05:39:00+00:00,82546.21600000
2025-05-23T06:09:00+00:00,83179.08800000
2025-05-23T06:34:00+00:00,83170.94800000
2025-05-23T07:09:00+00:00,84084.34400000
2025-05-23T11:24:00+00:00,84080.64400000
2025-05-23T11:49:00+00:00,86033.89900000
2025-05-23T13:34:00+00:00,86032.41900000
2025-05-23T20:09:00+00:00,86156.93900000
2025-05-26T13:39:00+00:00,86152.49900000
2025-05-26T14:34:00+00:00,85563.05900000
2025-05-27T01:09:00+00:00,85547.51900000
2025-05-27T05:44:00+00:00,84891.47900000
2025-05-27T09:24:00+00:00,84883.33900000
2025-05-27T09:44:00+00:00,84259.19900000
2025-05-27T13:34:00+00:00,84246.61900000
2025-05-27T13:49:00+00:00,83613.53900000
2025-05-27T14:09:00+00:00,83612.05900000
2025-05-27T20:09:00+00:00,84091.57900000
2025-05-28T03:19:00+00:00,84070.11900000
2025-05-28T03:39:00+00:00,83410.65900000
2025-05-28T12:54:00+00:00,83401.77900000
2025-05-28T13:39:00+00:00,82762.89900000
2025-05-28T13:54:00+00:00,82758.45900000
2025-05-28T20:09:00+00:00,83942.01900000
2025-05-29T08:34:00+00:00,83938.31900000
2025-05-29T11:54:00+00:00,85027.63400000
2025-05-30T05:09:00+00:00,85020.23400000
2025-05-30T06:49:00+00:00,84382.83400000
2025-05-30T14:09:00+00:00,84379.87400000
2025-05-30T16:19:00+00:00,83866.91400000
2025-06-02T07:29:00+00:00,83860.25400000
2025-06-02T07:34:00+00:00,83246.09400000
2025-06-03T02:44:00+00:00,83234.99400000
2025-06-03T03:29:00+00:00,82608.89400000
2025-06-03T06:29:00+00:00,82599.27400000
2025-06-03T07:24:00+00:00,81998.15400000
2025-06-03T07:39:00+00:00,81992.97400000
2025-06-03T08:14:00+00:00,81438.29400000
2025-06-03T13:04:00+00:00,81435.33400000
2025-06-03T14:04:00+00:00,82113.05400000
2025-06-04T00:19:00+00:00,82102.69400000
2025-06-04T06:24:00+00:00,82093.07400000
2025-06-04T07:59:00+00:00,81494.71400000
2025-06-04T07:59:00+00:00,80874.09400000
2025-06-04T10:24:00+00:00,80862.99400000
2025-06-04T11:09:00+00:00,80251.89400000
2025-06-04T12:24:00+00:00,80243.75400000
2025-06-04T12:29:00+00:00,79663.61400000
2025-06-05T18:29:00+00:00,79661.39400000
2025-06-05T19:14:00+00:00,79162.67400000
2025-06-06T15:24:00+00:00,79159.71400000
2025-06-06T18:19:00+00:00,78562.75400000
2025-06-08T22:19:00+00:00,78560.53400000
2025-06-09T11:09:00+00:00,78370.81400000
2025-06-09T11:09:00+00:00,78362.67400000
2025-06-09T13:39:00+00:00,77782.53400000
2025-06-09T14:04:00+00:00,77775.87400000
2025-06-09T14:14:00+00:00,77229.21400000
2025-06-10T00:09:00+00:00,77219.59400000
2025-06-10T00:29:00+00:00,76650.97400000
2025-06-10T05:44:00+00:00,76648.01400000
2025-06-10T07:44:00+00:00,76097.05400000
2025-06-10T11:39:00+00:00,76090.39400000
2025-06-10T15:34:00+00:00,75534.73400000
2025-06-10T23:09:00+00:00,75528.81400000
2025-06-10T23:14:00+00:00,74986.89400000
2025-06-11T05:29:00+00:00,74980.23400000
2025-06-11T06:39:00+00:00,74972.83400000
2025-06-11T07:49:00+00:00,74430.67400000
2025-06-11T07:49:00+00:00,73898.27400000
2025-06-11T11:34:00+00:00,73890.87400000
2025-06-11T12:04:00+00:00,73338.47400000
2025-06-12T12:44:00+00:00,73336.99400000
2025-06-12T20:09:00+00:00,73705.51400000
2025-06-13T14:44:00+00:00,73702.55400000
2025-06-13T18:34:00+00:00,73181.59400000
2025-06-16T10:49:00+00:00,73177.15400000
2025-06-16T11:49:00+00:00,72665.71400000
2025-06-16T15:34:00+00:00,72657.57400000
2025-06-16T20:09:00+00:00,73171.93400000
2025-06-17T01:14:00+00:00,73168.23400000
2025-06-17T02:09:00+00:00,73162.31400000
2025-06-17T02:54:00+00:00,72628.39400000
2025-06-17T06:19:00+00:00,72117.19400000
2025-06-17T13:49:00+00:00,72113.49400000
2025-06-17T14:04:00+00:00,71637.29400000
2025-06-18T13:39:00+00:00,71634.33400000
2025-06-18T13:54:00+00:00,71129.37400000
2025-06-18T13:54:00+00:00,71127.15400000
2025-06-18T14:39:00+00:00,71686.49500000
2025-06-18T23:54:00+00:00,71682.05500000
2025-06-19T00:09:00+00:00,71434.61500000
2025-06-19T00:09:00+00:00,71430.17500000
2025-06-19T00:19:00+00:00,72242.55100000
2025-06-19T03:09:00+00:00,72240.33100000
2025-06-19T07:59:00+00:00,71824.11100000
2025-06-19T11:14:00+00:00,71818.93100000
2025-06-19T12:09:00+00:00,71815.23100000
2025-06-19T13:44:00+00:00,72590.38600000
2025-06-19T13:49:00+00:00,74252.87200000
2025-06-20T06:39:00+00:00,74244.73200000
2025-06-20T08:09:00+00:00,73703.09200000
2025-06-20T09:14:00+00:00,73695.69200000
2025-06-20T11:44:00+00:00,74709.31200000
2025-06-20T11:49:00+00:00,74705.61200000
2025-06-20T14:24:00+00:00,74181.91200000
2025-06-20T17:34:00+00:00,74180.43200000
2025-06-20T18:19:00+00:00,73766.95200000
2025-06-23T01:24:00+00:00,73762.51200000
2025-06-23T02:34:00+00:00,73218.07200000
2025-06-23T02:54:00+00:00,73207.71200000
2025-06-23T05:09:00+00:00,72658.35200000
2025-06-24T02:14:00+00:00,72649.47200000
2025-06-24T05:34:00+00:00,72094.59200000
2025-06-24T08:39:00+00:00,72092.37200000
2025-06-24T11:34:00+00:00,72195.15200000
2025-06-24T11:34:00+00:00,72188.49200000
2025-06-24T12:34:00+00:00,71664.33200000
2025-06-25T17:39:00+00:00,71658.41200000
2025-06-25T19:14:00+00:00,71148.49200000
2025-06-26T15:34:00+00:00,71138.13200000
2025-06-26T15:44:00+00:00,70588.77200000
2025-06-27T07:39:00+00:00,70580.63200000
2025-06-27T11:04:00+00:00,70077.49200000
2025-06-27T12:19:00+00:00,70070.09200000
2025-06-27T14:04:00+00:00,69532.69200000
2025-06-30T04:59:00+00:00,69511.97200000
2025-06-30T05:44:00+00:00,69155.25200000
2025-06-30T05:44:00+00:00,69145.63200000
2025-06-30T07:04:00+00:00,68635.51200000
2025-06-30T09:49:00+00:00,68622.19200000
2025-06-30T09:54:00+00:00,68679.55800000
2025-06-30T11:49:00+00:00,68670.67800000
2025-06-30T12:24:00+00:00,68163.79800000
2025-06-30T19:04:00+00:00,68160.09800000
2025-06-30T20:09:00+00:00,68281.39800000
2025-06-30T23:44:00+00:00,68275.47800000
2025-07-01T05:14:00+00:00,67793.55800000
2025-07-01T07:19:00+00:00,67785.41800000
2025-07-01T12:14:00+00:00,68670.01600000
2025-07-01T12:39:00+00:00,68665.57600000
2025-07-01T14:19:00+00:00,69399.41200000
2025-07-01T14:29:00+00:00,69393.49200000
2025-07-01T20:09:00+00:00,70775.57200000
2025-07-02T02:34:00+00:00,70768.91200000
2025-07-02T10:39:00+00:00,70267.25200000
2025-07-03T06:04:00+00:00,70251.71200000
2025-07-03T08:04:00+00:00,71202.17200000
2025-07-03T08:04:00+00:00,71191.07200000
2025-07-03T10:09:00+00:00,72750.77200000
2025-07-03T12:19:00+00:00,72740.41200000
2025-07-03T12:34:00+00:00,72191.05200000
2025-07-03T12:39:00+00:00,72186.61200000
2025-07-04T05:49:00+00:00,72174.03200000
2025-07-04T06:09:00+00:00,71625.95200000
2025-07-04T08:29:00+00:00,71617.81200000
2025-07-04T08:54:00+00:00,71065.17200000
2025-07-07T16:24:00+00:00,70538.73200000
2025-07-07T22:39:00+00:00,70532.07200000
2025-07-08T00:44:00+00:00,71326.52000000
2025-07-08T02:34:00+00:00,71323.56000000
2025-07-08T07:09:00+00:00,71404.60000000
2025-07-08T07:09:00+00:00,71391.28000000
2025-07-08T07:39:00+00:00,70846.96000000
2025-07-08T08:09:00+00:00,70837.34000000
2025-07-08T12:39:00+00:00,70827.72000000
2025-07-08T13:04:00+00:00,70298.10000000
2025-07-08T14:04:00+00:00,72126.31600000
2025-07-09T05:24:00+00:00,72115.21600000
2025-07-09T06:54:00+00:00,71571.61600000
2025-07-09T07:19:00+00:00,71564.21600000
2025-07-09T09:14:00+00:00,71031.81600000
2025-07-10T13:54:00+00:00,71029.59600000
2025-07-10T18:24:00+00:00,70595.37600000
2025-07-11T00:09:00+00:00,70575.39600000
2025-07-11T00:24:00+00:00,73842.31500000
2025-07-11T06:39:00+00:00,73832.69500000
2025-07-11T07:24:00+00:00,74963.21400000
2025-07-11T09:34:00+00:00,74960.99400000
2025-07-11T13:44:00+00:00,74958.03400000
2025-07-11T13:49:00+00:00,74475.07400000
2025-07-11T13:54:00+00:00,74279.35400000
2025-07-11T13:54:00+00:00,74275.65400000
2025-07-11T20:09:00+00:00,74394.45400000
2025-07-14T07:39:00+00:00,74385.57400000
2025-07-14T12:39:00+00:00,75846.69400000
2025-07-14T12:39:00+00:00,75833.37400000
2025-07-14T13:24:00+00:00,75271.05400000
2025-07-14T13:49:00+00:00,75268.83400000
2025-07-14T14:34:00+00:00,75264.39400000
2025-07-14T14:54:00+00:00,74731.95400000
2025-07-14T15:04:00+00:00,74275.23400000
2025-07-15T12:39:00+00:00,74268.57400000
2025-07-15T13:39:00+00:00,73901.91400000
2025-07-15T13:39:00+00:00,73897.47400000
2025-07-15T14:19:00+00:00,73377.03400000
2025-07-16T01:29:00+00:00,73366.67400000
2025-07-16T02:04:00+00:00,72803.31400000
2025-07-16T13:39:00+00:00,72800.35400000
2025-07-16T15:39:00+00:00,74253.00200000
2025-07-16T15:49:00+00:00,74250.78200000
2025-07-16T20:09:00+00:00,74938.56200000
2025-07-17T00:34:00+00:00,74927.46200000
2025-07-17T01:39:00+00:00,74368.86200000
2025-07-17T11:14:00+00:00,74347.40200000
2025-07-17T11:34:00+00:00,73760.44200000
2025-07-17T12:19:00+00:00,73754.52200000
2025-07-17T12:34:00+00:00,73236.60200000
2025-07-17T13:49:00+00:00,73231.42200000
2025-07-17T20:09:00+00:00,74801.24200000
2025-07-20T22:34:00+00:00,74793.10200000
2025-07-21T05:19:00+00:00,75483.46200000
2025-07-21T05:19:00+00:00,75461.26200000
2025-07-21T05:34:00+00:00,74929.06200000
2025-07-21T22:09:00+00:00,74920.18200000
2025-07-22T04:14:00+00:00,74353.30200000
2025-07-22T13:39:00+00:00,74348.86200000
2025-07-22T13:54:00+00:00,76582.81200000
2025-07-23T00:09:00+00:00,76574.67200000
2025-07-23T06:44:00+00:00,76016.53200000
2025-07-24T13:04:00+00:00,76009.87200000
2025-07-24T13:34:00+00:00,76851.44400000
2025-07-24T16:09:00+00:00,76841.82400000
2025-07-24T17:09:00+00:00,76273.20400000
2025-07-24T17:34:00+00:00,76267.28400000
2025-07-24T20:09:00+00:00,76485.36400000
2025-07-25T08:34:00+00:00,76475.74400000
2025-07-25T12:29:00+00:00,76463.90400000
2025-07-25T13:09:00+00:00,75901.78400000
2025-07-25T13:09:00+00:00,75321.94400000
2025-07-28T07:59:00+00:00,75307.14400000
2025-07-28T08:14:00+00:00,74742.34400000
2025-07-29T04:24:00+00:00,74720.14400000
2025-07-29T05:49:00+00:00,74157.94400000
2025-07-29T06:44:00+00:00,74143.88400000
2025-07-29T07:49:00+00:00,75025.18000000
2025-07-29T13:54:00+00:00,75021.48000000
2025-07-29T20:09:00+00:00,76367.78000000
2025-07-30T05:29:00+00:00,76352.98000000
2025-07-30T07:09:00+00:00,75758.18000000
2025-07-30T08:29:00+00:00,75751.52000000
2025-07-30T11:14:00+00:00,75209.36000000
2025-07-30T15:19:00+00:00,75204.92000000
2025-07-30T16:19:00+00:00,74663.48000000
2025-07-30T17:54:00+00:00,74651.64000000
2025-07-30T18:04:00+00:00,74079.80000000
2025-07-30T18:59:00+00:00,74077.58000000
2025-07-30T20:04:00+00:00,73544.36000000
2025-07-31T04:34:00+00:00,73529.56000000
2025-07-31T07:29:00+00:00,72974.76000000
2025-07-31T11:09:00+00:00,72966.62000000
2025-07-31T11:44:00+00:00,72446.98000000
2025-08-01T11:19:00+00:00,72444.02000000
2025-08-01T12:39:00+00:00,72559.06000000
2025-08-01T12:39:00+00:00,72556.10000000
2025-08-01T13:04:00+00:00,72554.62000000
2025-08-01T13:49:00+00:00,74284.77600000
2025-08-01T14:04:00+00:00,75181.27000000
2025-08-03T23:39:00+00:00,75175.35000000
2025-08-04T00:04:00+00:00,74613.43000000
2025-08-04T01:14:00+00:00,74606.77000000
2025-08-04T01:34:00+00:00,74064.61000000
2025-08-04T11:34:00+00:00,74057.21000000
2025-08-04T12:09:00+00:00,73489.81000000
2025-08-06T00:09:00+00:00,73483.15000000
2025-08-06T04:04:00+00:00,75172.95400000
2025-08-06T07:29:00+00:00,75161.85400000
2025-08-06T08:09:00+00:00,74580.75400000
2025-08-06T11:09:00+00:00,74577.05400000
2025-08-06T13:29:00+00:00,74553.35400000
2025-08-06T13:29:00+00:00,74540.77400000
2025-08-06T13:34:00+00:00,73967.19400000
2025-08-07T06:44:00+00:00,73950.17400000
2025-08-07T07:14:00+00:00,73369.65400000
2025-08-07T07:14:00+00:00,73362.99400000
2025-08-07T07:34:00+00:00,73054.83400000
2025-08-07T07:34:00+00:00,73047.43400000
2025-08-07T07:59:00+00:00,72490.03400000
2025-08-07T16:59:00+00:00,72487.81400000
2025-08-07T17:39:00+00:00,72020.59400000
2025-08-08T15:54:00+00:00,72019.11400000
2025-08-08T20:09:00+00:00,72300.63400000
2025-08-10T22:09:00+00:00,72294.71400000
2025-08-11T02:09:00+00:00,71768.79400000
2025-08-11T03:19:00+00:00,71764.35400000
2025-08-11T05:54:00+00:00,71282.91400000
2025-08-11T07:19:00+00:00,71270.33400000
2025-08-11T07:49:00+00:00,72459.41600000
2025-08-11T10:39:00+00:00,72448.31600000
2025-08-11T12:04:00+00:00,71912.21600000
2025-08-12T04:44:00+00:00,71898.15600000
2025-08-12T05:04:00+00:00,71342.59600000
2025-08-12T10:19:00+00:00,71332.97600000
2025-08-12T11:09:00+00:00,70783.85600000
2025-08-12T13:39:00+00:00,70783.11600000
2025-08-12T14:04:00+00:00,70457.87600000
2025-08-13T02:29:00+00:00,70450.47600000
2025-08-13T08:24:00+00:00,71686.62600000
2025-08-13T17:39:00+00:00,71681.44600000
2025-08-13T18:14:00+00:00,71137.26600000
2025-08-14T07:54:00+00:00,71123.20600000
2025-08-14T08:34:00+00:00,70586.64600000
2025-08-14T12:39:00+00:00,70580.72600000
2025-08-14T12:44:00+00:00,70066.80600000
2025-08-14T15:54:00+00:00,70065.32600000
2025-08-14T20:09:00+00:00,69902.84600000
2025-08-15T00:44:00+00:00,69896.18600000
2025-08-15T08:09:00+00:00,69886.56600000
2025-08-15T08:34:00+00:00,69369.94600000
2025-08-15T08:54:00+00:00,68836.78600000
2025-08-15T13:39:00+00:00,68833.08600000
2025-08-15T15:59:00+00:00,69476.88600000
2025-08-15T15:59:00+00:00,69474.66600000
2025-08-15T20:09:00+00:00,69503.94600000
2025-08-17T23:54:00+00:00,69492.10600000
2025-08-18T00:09:00+00:00,68976.26600000
2025-08-18T03:39:00+00:00,68966.64600000
2025-08-18T06:09:00+00:00,68958.50600000
2025-08-18T06:24:00+00:00,70208.14400000
2025-08-18T06:29:00+00:00,71006.34800000
2025-08-18T08:39:00+00:00,71001.90800000
2025-08-18T09:29:00+00:00,70487.46800000
2025-08-18T13:49:00+00:00,70483.02800000
2025-08-18T14:09:00+00:00,70745.58800000
2025-08-18T14:09:00+00:00,70741.14800000
2025-08-18T14:49:00+00:00,70250.70800000
2025-08-18T17:44:00+00:00,70246.26800000
2025-08-18T18:59:00+00:00,69782.82800000
2025-08-19T03:29:00+00:00,69771.72800000
2025-08-19T03:39:00+00:00,69250.62800000
2025-08-19T03:44:00+00:00,69243.96800000
2025-08-19T05:14:00+00:00,69238.78800000
2025-08-19T08:04:00+00:00,68741.62800000
2025-08-19T08:04:00+00:00,68221.94800000
2025-08-19T18:09:00+00:00,68220.46800000
2025-08-19T20:09:00+00:00,68304.98800000
2025-08-20T01:14:00+00:00,68302.76800000
2025-08-20T03:44:00+00:00,68622.56200000
2025-08-20T06:44:00+00:00,68619.60200000
2025-08-20T07:39:00+00:00,68738.64200000
2025-08-20T07:39:00+00:00,68729.76200000
2025-08-20T08:39:00+00:00,68348.88200000
2025-08-20T08:39:00+00:00,68345.92200000
2025-08-20T13:39:00+00:00,67886.96200000
2025-08-21T00:39:00+00:00,67881.04200000
2025-08-21T01:09:00+00:00,67367.12200000
2025-08-21T10:29:00+00:00,67361.20200000
2025-08-21T11:49:00+00:00,66859.28200000
2025-08-21T23:39:00+00:00,66845.96200000
2025-08-22T00:09:00+00:00,66837.08200000
2025-08-22T00:14:00+00:00,68755.84600000
2025-08-22T00:19:00+00:00,69909.35800000
2025-08-22T03:04:00+00:00,69902.69800000
2025-08-22T05:14:00+00:00,69896.77800000
2025-08-22T06:39:00+00:00,70718.14600000
2025-08-22T06:44:00+00:00,71842.46200000
2025-08-22T06:59:00+00:00,71839.50200000
2025-08-22T11:19:00+00:00,72758.54200000
2025-08-22T11:19:00+00:00,72746.70200000
2025-08-22T12:24:00+00:00,72206.86200000
2025-08-24T23:54:00+00:00,72201.68200000
2025-08-25T07:04:00+00:00,72966.19400000
2025-08-25T12:09:00+00:00,72957.31400000
2025-08-25T13:04:00+00:00,72420.43400000
2025-08-25T14:09:00+00:00,72418.21400000
2025-08-25T20:09:00+00:00,72184.99400000
2025-08-26T02:09:00+00:00,72182.03400000
2025-08-26T04:54:00+00:00,72167.23400000
2025-08-26T07:09:00+00:00,71622.43400000
2025-08-26T12:59:00+00:00,71755.47400000
2025-08-26T12:59:00+00:00,71749.55400000
2025-08-26T13:34:00+00:00,71235.63400000
2025-08-27T06:04:00+00:00,71219.35400000
2025-08-27T06:29:00+00:00,72095.81200000
2025-08-27T12:14:00+00:00,72087.67200000
2025-08-27T12:29:00+00:00,71568.03200000
2025-08-27T12:39:00+00:00,71562.85200000
2025-08-27T14:44:00+00:00,71057.17200000
2025-08-27T16:29:00+00:00,71054.95200000
2025-08-27T18:14:00+00:00,70650.73200000
2025-08-28T15:34:00+00:00,70648.51200000
2025-08-28T19:04:00+00:00,70152.79200000
2025-09-01T04:54:00+00:00,70146.13200000
2025-09-01T06:04:00+00:00,69626.47200000
2025-09-02T07:19:00+00:00,69623.51200000
2025-09-02T10:29:00+00:00,70835.30400000
2025-09-02T13:44:00+00:00,70833.08400000
2025-09-02T15:39:00+00:00,70317.86400000
2025-09-03T05:19:00+00:00,70311.94400000
2025-09-03T06:14:00+00:00,70306.02400000
2025-09-03T07:54:00+00:00,71043.61600000
2025-09-03T08:04:00+00:00,71980.17600000
2025-09-03T11:49:00+00:00,71976.47600000
2025-09-03T12:09:00+00:00,71969.81600000
2025-09-03T12:34:00+00:00,71450.15600000
2025-09-03T13:34:00+00:00,70938.95600000
2025-09-04T00:09:00+00:00,70928.59600000
2025-09-04T05:29:00+00:00,71051.23600000
2025-09-04T05:29:00+00:00,71043.09600000
2025-09-04T07:09:00+00:00,70726.95600000
2025-09-04T07:09:00+00:00,70718.81600000
2025-09-04T12:24:00+00:00,70815.17600000
2025-09-04T12:24:00+00:00,70808.51600000
2025-09-04T13:34:00+00:00,70270.85600000
2025-09-04T13:39:00+00:00,70267.89600000
2025-09-04T14:04:00+00:00,69822.93600000
2025-09-05T11:39:00+00:00,69808.87600000
2025-09-05T12:34:00+00:00,69272.31600000
2025-09-08T12:39:00+00:00,69261.95600000
2025-09-08T13:39:00+00:00,71029.21800000
2025-09-08T14:34:00+00:00,71027.73800000
2025-09-08T15:34:00+00:00,71026.25800000
2025-09-08T17:54:00+00:00,70616.77800000
2025-09-08T20:09:00+00:00,70419.29800000
2025-09-08T22:09:00+00:00,70414.85800000
2025-09-09T01:49:00+00:00,70403.01800000
2025-09-09T02:34:00+00:00,71522.15400000
2025-09-09T07:39:00+00:00,72358.09200000
2025-09-09T07:49:00+00:00,72346.99200000
2025-09-09T10:54:00+00:00,72335.89200000
2025-09-09T11:39:00+00:00,72909.79200000
2025-09-09T11:39:00+00:00,73131.19200000
2025-09-09T11:44:00+00:00,73121.57200000
2025-09-09T13:04:00+00:00,72591.95200000
2025-09-10T12:39:00+00:00,72588.25200000
2025-09-10T13:34:00+00:00,72082.05200000
2025-09-10T18:39:00+00:00,72076.13200000
2025-09-10T19:09:00+00:00,71534.21200000
2025-09-10T22:09:00+00:00,71531.99200000
2025-09-11T10:44:00+00:00,71949.96100000
2025-09-11T13:44:00+00:00,71945.52100000
2025-09-11T13:49:00+00:00,71464.08100000
2025-09-12T00:09:00+00:00,71455.20100000
2025-09-12T05:34:00+00:00,70936.32100000
2025-09-15T03:34:00+00:00,70917.82100000
2025-09-15T04:34:00+00:00,70361.82100000
2025-09-16T04:29:00+00:00,70355.90100000
2025-09-16T05:54:00+00:00,70685.08500000
2025-09-16T07:19:00+00:00,70676.94500000
2025-09-16T13:34:00+00:00,70151.80500000
2025-09-17T13:44:00+00:00,70148.10500000
2025-09-17T18:19:00+00:00,71780.65500000
2025-09-17T18:19:00+00:00,71779.17500000
2025-09-17T19:09:00+00:00,71412.69500000
2025-09-18T12:39:00+00:00,71405.29500000
2025-09-18T13:44:00+00:00,73138.86500000
2025-09-18T13:49:00+00:00,73137.38500000
2025-09-18T14:24:00+00:00,72641.90500000
2025-09-19T00:19:00+00:00,72634.50500000
2025-09-19T09:59:00+00:00,72623.40500000
2025-09-19T10:19:00+00:00,72079.80500000
2025-09-19T12:09:00+00:00,71537.40500000
2025-09-19T18:54:00+00:00,71530.00500000
2025-09-19T19:19:00+00:00,70992.60500000
2025-09-22T09:24:00+00:00,70986.68500000
2025-09-22T10:19:00+00:00,71273.98100000
2025-09-23T07:14:00+00:00,71266.58100000
2025-09-23T08:09:00+00:00,70754.18100000
2025-09-24T00:29:00+00:00,70746.78100000
2025-09-24T05:39:00+00:00,70899.38100000
2025-09-24T05:39:00+00:00,70877.18100000
2025-09-24T05:49:00+00:00,70434.98100000
2025-09-24T07:14:00+00:00,70426.84100000
2025-09-24T07:49:00+00:00,69885.20100000
2025-09-24T13:39:00+00:00,69882.24100000
2025-09-24T16:09:00+00:00,71361.06900000
2025-09-24T17:44:00+00:00,71358.84900000
2025-09-24T20:09:00+00:00,71202.12900000
2025-09-25T07:34:00+00:00,71196.94900000
2025-09-25T09:49:00+00:00,70691.26900000
2025-09-25T13:39:00+00:00,70689.78900000
2025-09-25T14:19:00+00:00,70189.30900000
2025-09-25T22:54:00+00:00,70175.24900000
2025-09-26T04:14:00+00:00,71339.18900000
2025-09-26T04:14:00+00:00,71331.78900000
2025-09-26T06:24:00+00:00,72711.92900000
2025-09-26T09:14:00+00:00,72703.04900000
2025-09-26T09:24:00+00:00,72160.16900000
2025-09-26T10:14:00+00:00,72157.20900000
2025-09-26T11:24:00+00:00,72148.32900000
2025-09-26T11:34:00+00:00,71617.44900000
2025-09-26T12:34:00+00:00,71102.48900000
2025-09-26T14:44:00+00:00,71099.52900000
2025-09-26T14:54:00+00:00,70564.56900000
2025-09-29T10:39:00+00:00,70551.98900000
2025-09-29T11:44:00+00:00,71585.30000000
2025-09-29T13:49:00+00:00,71581.60000000
2025-09-29T15:14:00+00:00,71057.90000000
2025-09-29T23:59:00+00:00,71038.66000000
2025-09-30T00:49:00+00:00,70486.42000000
2025-09-30T07:59:00+00:00,70478.28000000
2025-09-30T08:04:00+00:00,69947.64000000
2025-10-01T13:54:00+00:00,69944.68000000
2025-10-01T14:19:00+00:00,69461.72000000
2025-10-01T23:39:00+00:00,69448.40000000
2025-10-01T23:59:00+00:00,68931.08000000
2025-10-02T04:29:00+00:00,68922.94000000
2025-10-02T07:14:00+00:00,68419.80000000
2025-10-02T09:09:00+00:00,68402.78000000
2025-10-02T09:19:00+00:00,67868.26000000
2025-10-02T15:59:00+00:00,67865.30000000
2025-10-02T20:09:00+00:00,68218.34000000
2025-10-02T22:49:00+00:00,68208.72000000
2025-10-03T01:54:00+00:00,69832.73200000
2025-10-03T11:49:00+00:00,69823.11200000
2025-10-03T11:54:00+00:00,69312.99200000
2025-10-06T04:09:00+00:00,69303.37200000
2025-10-06T04:34:00+00:00,68793.25200000
2025-10-06T07:59:00+00:00,68788.81200000
2025-10-06T12:04:00+00:00,70119.55200000
2025-10-06T17:29:00+00:00,70117.33200000
2025-10-06T20:09:00+00:00,69882.61200000
2025-10-07T08:09:00+00:00,69877.43200000
2025-10-07T08:44:00+00:00,69833.75200000
2025-10-07T08:44:00+00:00,69821.91200000
2025-10-07T10:49:00+00:00,70674.07200000
2025-10-07T10:49:00+00:00,70657.05200000
2025-10-07T11:54:00+00:00,70111.03200000
2025-10-07T16:54:00+00:00,70110.29200000
2025-10-07T20:09:00+00:00,70046.55200000
2025-10-08T11:24:00+00:00,70037.67200000
2025-10-08T13:29:00+00:00,69500.79200000
2025-10-09T01:19:00+00:00,69497.83200000
2025-10-09T02:44:00+00:00,69494.13200000
2025-10-09T06:19:00+00:00,69022.93200000
2025-10-09T11:49:00+00:00,69013.31200000
2025-10-09T13:44:00+00:00,70331.01800000
2025-10-09T14:34:00+00:00,71118.69400000
2025-10-10T07:09:00+00:00,71112.03400000
2025-10-10T09:49:00+00:00,70596.87400000
2025-10-10T15:04:00+00:00,70595.39400000
2025-10-10T19:54:00+00:00,72992.00200000
2025-10-12T22:09:00+00:00,72991.26200000
2025-10-13T03:14:00+00:00,72986.08200000
2025-10-13T03:44:00+00:00,72438.40200000
2025-10-13T06:39:00+00:00,72434.70200000
2025-10-13T10:49:00+00:00,72739.96200000
2025-10-13T10:49:00+00:00,72813.76200000
2025-10-13T10:54:00+00:00,72810.06200000
2025-10-13T11:09:00+00:00,73585.21700000
2025-10-14T00:09:00+00:00,73574.11700000
2025-10-14T00:29:00+00:00,75192.72200000
2025-10-14T13:09:00+00:00,75191.98200000
2025-10-14T13:39:00+00:00,74900.24200000
2025-10-15T07:29:00+00:00,74892.10200000
2025-10-15T08:04:00+00:00,74317.46200000
2025-10-15T08:09:00+00:00,74313.02200000
2025-10-15T14:09:00+00:00,75753.71800000
2025-10-16T08:34:00+00:00,75747.79800000
2025-10-16T09:54:00+00:00,75429.87800000
2025-10-16T09:54:00+00:00,75426.91800000
2025-10-16T13:34:00+00:00,75793.95800000
2025-10-16T13:34:00+00:00,75790.99800000
2025-10-16T14:44:00+00:00,75304.03800000
2025-10-17T05:59:00+00:00,75298.11800000
2025-10-17T06:39:00+00:00,74732.19800000
2025-10-17T12:14:00+00:00,74731.45800000
2025-10-17T20:09:00+00:00,75235.71800000
2025-10-20T04:44:00+00:00,75224.61800000
2025-10-20T05:24:00+00:00,74673.51800000
2025-10-20T05:24:00+00:00,74663.89800000
2025-10-20T06:29:00+00:00,74881.77800000
2025-10-20T06:29:00+00:00,74873.63800000
2025-10-20T08:44:00+00:00,74320.99800000
2025-10-20T10:49:00+00:00,74317.29800000
2025-10-20T12:49:00+00:00,73793.59800000
2025-10-20T13:34:00+00:00,73786.93800000
2025-10-20T13:39:00+00:00,73249.27800000
2025-10-20T23:24:00+00:00,73235.21800000
2025-10-21T01:04:00+00:00,72670.15800000
2025-10-21T13:34:00+00:00,72665.71800000
2025-10-21T13:44:00+00:00,72130.27800000
2025-10-22T07:09:00+00:00,72126.57800000
2025-10-22T09:29:00+00:00,72422.87800000
2025-10-22T09:29:00+00:00,72415.47800000
2025-10-22T11:14:00+00:00,71908.07800000
2025-10-22T13:39:00+00:00,71899.19800000
2025-10-22T13:44:00+00:00,71368.31800000
2025-10-22T14:19:00+00:00,71365.35800000
2025-10-22T15:24:00+00:00,72886.07400000
2025-10-23T00:24:00+00:00,72883.11400000
2025-10-23T03:34:00+00:00,73420.15400000
2025-10-23T03:34:00+00:00,73405.35400000
2025-10-23T04:29:00+00:00,73930.55400000
2025-10-23T04:29:00+00:00,73920.19400000
2025-10-23T05:24:00+00:00,73363.83400000
2025-10-24T07:54:00+00:00,73358.65400000
2025-10-24T08:49:00+00:00,72852.97400000
2025-10-24T09:54:00+00:00,72837.43400000
2025-10-24T12:34:00+00:00,72275.89400000
2025-10-29T08:19:00+00:00,72264.05400000
2025-10-29T09:09:00+00:00,73781.12600000
2025-10-29T11:04:00+00:00,73777.42600000
2025-10-29T12:54:00+00:00,73736.22600000
2025-10-29T12:54:00+00:00,73721.42600000
2025-10-29T13:59:00+00:00,75722.48600000
2025-10-29T18:44:00+00:00,75720.26600000
2025-10-29T18:54:00+00:00,75163.04600000
2025-10-30T04:09:00+00:00,75158.60600000
2025-10-30T04:14:00+00:00,76450.07600000
2025-10-30T07:19:00+00:00,76446.37600000
2025-10-30T09:24:00+00:00,75940.17600000
2025-10-31T04:29:00+00:00,75930.55600000
2025-10-31T07:04:00+00:00,77078.09200000
2025-10-31T08:14:00+00:00,77069.95200000
2025-10-31T08:34:00+00:00,76522.81200000
2025-11-03T05:34:00+00:00,76515.41200000
2025-11-03T06:24:00+00:00,75933.01200000
2025-11-03T11:04:00+00:00,75924.13200000
2025-11-03T12:14:00+00:00,75375.25200000
2025-11-03T14:44:00+00:00,75373.03200000
2025-11-03T21:09:00+00:00,75490.81200000
2025-11-04T12:24:00+00:00,75489.33200000
2025-11-04T14:24:00+00:00,75485.63200000
2025-11-04T14:34:00+00:00,74991.93200000
2025-11-04T14:39:00+00:00,74699.45200000
2025-11-04T14:39:00+00:00,74697.23200000
2025-11-04T14:44:00+00:00,74158.01200000
2025-11-05T05:14:00+00:00,74157.27200000
2025-11-05T08:14:00+00:00,74154.31200000
2025-11-05T10:54:00+00:00,73609.35200000
2025-11-05T14:59:00+00:00,73943.71600000
2025-11-05T14:59:00+00:00,73942.23600000
2025-11-05T21:09:00+00:00,74070.75600000
2025-11-06T03:59:00+00:00,74062.61600000
2025-11-06T07:39:00+00:00,74058.17600000
2025-11-06T07:44:00+00:00,75518.73400000
2025-11-06T09:09:00+00:00,74980.29400000
2025-11-06T10:44:00+00:00,74972.15400000
2025-11-06T12:09:00+00:00,74419.51400000
2025-11-06T18:14:00+00:00,74417.29400000
2025-11-06T18:34:00+00:00,73861.57400000
2025-11-07T04:24:00+00:00,73857.87400000
2025-11-07T08:54:00+00:00,73853.43400000
2025-11-07T09:34:00+00:00,73326.99400000
2025-11-07T10:24:00+00:00,72778.29400000
2025-11-07T13:54:00+00:00,72775.33400000
2025-11-07T14:09:00+00:00,72332.37400000
2025-11-10T00:09:00+00:00,72329.41400000
2025-11-10T01:14:00+00:00,71784.45400000
2025-11-10T08:29:00+00:00,71776.31400000
2025-11-10T09:19:00+00:00,73164.87700000
2025-11-11T08:29:00+00:00,73161.17700000
2025-11-11T13:14:00+00:00,73329.97700000
2025-11-11T13:14:00+00:00,73324.79700000
2025-11-11T13:29:00+00:00,72784.11700000
2025-11-11T15:04:00+00:00,72778.19700000
2025-11-11T15:09:00+00:00,72268.27700000
2025-11-11T16:34:00+00:00,72266.79700000
2025-11-11T17:59:00+00:00,71835.31700000
2025-11-12T08:24:00+00:00,71831.61700000
2025-11-12T11:34:00+00:00,71352.91700000
2025-11-13T00:04:00+00:00,71346.25700000
2025-11-13T01:09:00+00:00,73142.09000000
2025-11-14T05:29:00+00:00,73139.87000000
2025-11-14T07:14:00+00:00,72680.15000000
2025-11-14T07:24:00+00:00,72679.41000000
2025-11-14T08:59:00+00:00,72617.17000000
2025-11-14T08:59:00+00:00,72613.47000000
2025-11-14T09:49:00+00:00,72132.27000000
2025-11-14T10:14:00+00:00,72130.05000000
2025-11-14T11:09:00+00:00,71658.33000000
2025-11-14T14:54:00+00:00,71657.59000000
2025-11-14T18:59:00+00:00,71654.63000000
2025-11-14T20:44:00+00:00,71141.67000000
2025-11-14T21:09:00+00:00,71497.93000000
2025-11-17T14:04:00+00:00,71494.23000000
2025-11-17T14:29:00+00:00,71030.53000000
2025-11-17T14:39:00+00:00,71029.05000000
2025-11-17T16:04:00+00:00,70512.57000000
2025-11-17T16:34:00+00:00,70510.35000000
2025-11-17T17:59:00+00:00,69981.63000000
2025-11-18T07:29:00+00:00,69977.93000000
2025-11-18T09:29:00+00:00,71196.73000000
2025-11-18T09:29:00+00:00,71193.03000000
2025-11-18T13:09:00+00:00,71679.33000000
2025-11-18T13:09:00+00:00,71676.37000000
2025-11-18T14:34:00+00:00,71173.41000000
2025-11-19T02:09:00+00:00,71171.19000000
2025-11-19T03:24:00+00:00,71072.97000000
2025-11-19T03:24:00+00:00,71069.27000000
2025-11-19T05:59:00+00:00,71615.57000000
2025-11-19T05:59:00+00:00,71612.61000000
2025-11-19T08:44:00+00:00,72243.65000000
2025-11-19T08:44:00+00:00,72238.47000000
2025-11-19T09:19:00+00:00,71984.79000000
2025-11-19T09:19:00+00:00,71983.31000000
2025-11-19T14:44:00+00:00,71981.09000000
2025-11-19T14:54:00+00:00,72668.14400000
2025-11-19T16:39:00+00:00,72139.42400000
2025-11-19T17:49:00+00:00,72137.20400000
2025-11-19T20:54:00+00:00,72931.48400000
2025-11-20T10:24:00+00:00,72925.56400000
2025-11-20T11:39:00+00:00,72921.86400000
2025-11-20T11:54:00+00:00,73059.94400000
2025-11-20T11:54:00+00:00,72583.74400000
2025-11-20T11:59:00+00:00,72578.56400000
2025-11-20T12:44:00+00:00,72037.88400000
2025-11-21T08:14:00+00:00,72035.66400000
2025-11-21T09:44:00+00:00,71499.44400000
2025-11-24T08:09:00+00:00,71495.74400000
2025-11-24T08:19:00+00:00,70984.54400000
2025-11-24T20:09:00+00:00,70981.58400000
2025-11-24T21:09:00+00:00,71140.62400000
2025-11-25T12:09:00+00:00,71138.40400000
2025-11-25T14:34:00+00:00,70669.68400000
2025-11-26T00:04:00+00:00,70663.76400000
2025-11-26T01:19:00+00:00,71841.18000000
2025-11-27T01:14:00+00:00,71830.08000000
2025-11-27T01:59:00+00:00,71278.98000000
2025-11-27T04:49:00+00:00,71270.10000000
2025-11-27T06:54:00+00:00,71763.87600000
2025-11-27T07:54:00+00:00,71757.95600000
2025-11-27T08:14:00+00:00,71592.03600000
2025-11-27T08:14:00+00:00,71586.85600000
2025-11-28T00:09:00+00:00,71102.17600000
2025-12-01T11:19:00+00:00,71096.99600000
2025-12-01T12:14:00+00:00,70570.31600000
2025-12-01T14:39:00+00:00,70567.35600000
2025-12-01T16:44:00+00:00,71946.70000000
2025-12-01T19:09:00+00:00,71937.82000000
2025-12-01T19:34:00+00:00,73672.52800000
2025-12-01T23:29:00+00:00,73668.08800000
2025-12-02T03:29:00+00:00,73141.64800000
2025-12-02T15:49:00+00:00,73140.90800000
2025-12-02T16:24:00+00:00,72864.66800000
2025-12-03T00:29:00+00:00,72858.74800000
2025-12-03T00:49:00+00:00,72308.82800000
2025-12-03T00:54:00+00:00,72303.64800000
2025-12-03T13:24:00+00:00,72756.96800000
2025-12-03T13:24:00+00:00,72750.30800000
2025-12-03T14:04:00+00:00,74204.49200000
2025-12-03T14:09:00+00:00,74202.27200000
2025-12-03T14:34:00+00:00,73679.55200000
2025-12-04T01:14:00+00:00,73672.15200000
2025-12-04T02:14:00+00:00,73114.75200000
2025-12-04T05:24:00+00:00,73107.35200000
2025-12-04T07:09:00+00:00,72549.95200000
2025-12-04T14:39:00+00:00,72546.99200000
2025-12-04T21:09:00+00:00,72402.03200000
2025-12-05T08:34:00+00:00,72392.41200000
2025-12-05T13:24:00+00:00,73846.25400000
2025-12-08T06:14:00+00:00,73837.37400000
2025-12-08T06:49:00+00:00,73654.49400000
2025-12-08T06:49:00+00:00,73639.69400000
2025-12-08T07:24:00+00:00,73084.89400000
2025-12-08T07:24:00+00:00,73077.49400000
2025-12-08T08:29:00+00:00,72535.09400000
2025-12-08T10:34:00+00:00,72527.69400000
2025-12-08T11:34:00+00:00,72015.29400000
2025-12-08T13:39:00+00:00,72010.85400000
2025-12-08T13:49:00+00:00,71856.41400000
2025-12-08T13:49:00+00:00,71851.23400000
2025-12-08T14:34:00+00:00,72505.79000000
2025-12-09T01:09:00+00:00,72497.65000000
2025-12-09T01:34:00+00:00,72484.33000000
2025-12-09T05:29:00+00:00,73599.31200000
2025-12-09T10:39:00+00:00,75895.06800000
2025-12-10T00:14:00+00:00,75875.82800000
2025-12-10T00:19:00+00:00,75284.58800000
2025-12-10T00:24:00+00:00,75280.88800000
2025-12-10T03:24:00+00:00,75266.82800000
2025-12-10T04:14:00+00:00,74701.76800000
2025-12-10T07:24:00+00:00,74193.06800000
2025-12-10T10:29:00+00:00,74190.10800000
2025-12-10T13:24:00+00:00,73687.14800000
2025-12-10T15:54:00+00:00,73684.18800000
2025-12-10T19:09:00+00:00,74995.46400000
2025-12-11T06:44:00+00:00,74988.06400000
2025-12-11T07:09:00+00:00,74435.66400000
2025-12-11T13:39:00+00:00,74431.96400000
2025-12-11T14:39:00+00:00,74430.48400000
2025-12-11T14:49:00+00:00,75434.71400000
2025-12-11T15:14:00+00:00,75550.23400000
2025-12-11T15:14:00+00:00,75548.75400000
2025-12-11T15:54:00+00:00,75162.27400000
2025-12-11T16:59:00+00:00,75160.79400000
2025-12-11T17:39:00+00:00,74598.31400000
2025-12-12T06:39:00+00:00,74588.69400000
2025-12-12T09:09:00+00:00,75991.48500000
2025-12-15T04:34:00+00:00,75981.86500000
2025-12-15T07:14:00+00:00,76121.74500000
2025-12-15T07:14:00+00:00,76111.38500000
2025-12-15T08:44:00+00:00,75527.02500000
2025-12-15T14:39:00+00:00,75523.32500000
2025-12-15T15:24:00+00:00,77686.02000000
2025-12-15T16:39:00+00:00,77685.28000000
2025-12-15T21:09:00+00:00,77810.54000000
2025-12-16T03:54:00+00:00,77806.84000000
2025-12-16T05:59:00+00:00,77305.64000000
2025-12-16T08:09:00+00:00,77302.68000000
2025-12-16T13:34:00+00:00,78854.81200000
2025-12-16T13:59:00+00:00,78853.33200000
2025-12-16T14:54:00+00:00,78310.85200000
2025-12-17T13:04:00+00:00,78296.79200000
2025-12-17T13:19:00+00:00,80570.86400000
2025-12-18T02:29:00+00:00,80565.68400000
2025-12-18T07:04:00+00:00,80238.50400000
2025-12-18T07:04:00+00:00,80230.36400000
2025-12-18T08:34:00+00:00,81052.72400000
2025-12-18T08:34:00+00:00,81040.14400000
2025-12-18T08:44:00+00:00,80441.06400000
2025-12-18T10:44:00+00:00,80432.18400000
2025-12-18T12:04:00+00:00,79841.30400000
2025-12-18T14:44:00+00:00,79839.08400000
2025-12-18T14:59:00+00:00,79337.36400000
2025-12-18T17:14:00+00:00,79335.14400000
2025-12-18T17:44:00+00:00,78864.92400000
2025-12-18T23:14:00+00:00,78863.44400000
2025-12-19T01:09:00+00:00,78858.26400000
2025-12-19T01:44:00+00:00,78865.78400000
2025-12-19T01:44:00+00:00,78899.10400000
2025-12-19T01:49:00+00:00,78890.96400000
2025-12-19T03:59:00+00:00,80725.89600000
2025-12-19T10:19:00+00:00,80722.19600000
2025-12-19T11:14:00+00:00,80140.99600000
2025-12-22T12:09:00+00:00,80124.71600000
2025-12-22T13:44:00+00:00,80922.43600000
2025-12-22T13:44:00+00:00,80912.81600000
2025-12-22T14:04:00+00:00,80298.69600000
2025-12-23T07:39:00+00:00,80292.77600000
2025-12-23T08:24:00+00:00,79730.85600000
2025-12-23T11:19:00+00:00,79725.67600000
2025-12-23T13:09:00+00:00,79720.49600000
2025-12-23T13:39:00+00:00,80448.35600000
2025-12-23T13:39:00+00:00,81066.26000000
2025-12-23T15:09:00+00:00,81064.78000000
2025-12-23T16:54:00+00:00,80633.30000000
2025-12-24T13:14:00+00:00,80620.72000000
2025-12-24T13:34:00+00:00,80013.14000000
2025-12-24T15:29:00+00:00,80002.04000000
2025-12-24T16:09:00+00:00,79390.94000000
2025-12-26T09:24:00+00:00,79376.88000000
2025-12-26T09:59:00+00:00,78764.32000000
2025-12-26T13:54:00+00:00,78753.22000000
2025-12-26T14:19:00+00:00,78172.12000000
2025-12-26T17:34:00+00:00,78166.94000000
2025-12-26T21:09:00+00:00,78046.26000000
2025-12-29T03:39:00+00:00,78035.16000000
2025-12-29T05:04:00+00:00,77431.56000000
2025-12-29T06:39:00+00:00,77427.12000000
2025-12-29T08:34:00+00:00,78019.58400000
2025-12-29T12:49:00+00:00,78013.66400000
2025-12-29T13:54:00+00:00,79337.68800000
2025-12-30T00:59:00+00:00,79331.76800000
2025-12-30T03:34:00+00:00,78777.84800000
2025-12-30T05:54:00+00:00,78770.44800000
2025-12-30T06:29:00+00:00,78193.04800000
2025-12-30T11:54:00+00:00,78184.16800000
2025-12-30T13:34:00+00:00,77611.28800000
2025-12-30T13:44:00+00:00,77606.84800000
2025-12-30T14:39:00+00:00,77779.40800000
2025-12-30T14:39:00+00:00,77772.00800000
2025-12-30T15:19:00+00:00,77854.60800000
2025-12-30T15:19:00+00:00,77851.64800000
2025-12-30T16:19:00+00:00,77272.68800000
2025-12-30T16:44:00+00:00,77266.76800000
2025-12-30T21:09:00+00:00,78172.84800000
2025-12-31T05:44:00+00:00,78161.00800000
2025-12-31T07:14:00+00:00,79238.25600000
2025-12-31T07:34:00+00:00,79224.19600000
2025-12-31T08:14:00+00:00,78630.63600000
2025-12-31T17:14:00+00:00,78626.19600000
2025-12-31T18:44:00+00:00,78078.75600000
2026-01-02T11:24:00+00:00,78069.13600000
2026-01-02T14:14:00+00:00,79165.62100000
2026-01-02T15:19:00+00:00,79164.88100000
2026-01-02T21:09:00+00:00,79515.64100000
2026-01-05T05:14:00+00:00,79500.10100000
2026-01-05T05:34:00+00:00,78896.56100000
2026-01-05T06:34:00+00:00,78885.46100000
2026-01-05T06:49:00+00:00,78311.86100000
2026-01-05T11:34:00+00:00,78298.54100000
2026-01-05T11:39:00+00:00,77691.22100000
2026-01-05T13:39:00+00:00,77685.30100000
2026-01-05T14:34:00+00:00,79250.18100000
2026-01-07T05:49:00+00:00,79245.00100000
2026-01-07T09:04:00+00:00,79624.66700000
2026-01-08T08:54:00+00:00,79614.30700000
2026-01-08T13:24:00+00:00,79015.94700000
2026-01-08T15:14:00+00:00,79012.24700000
2026-01-08T15:54:00+00:00,78473.54700000
2026-01-08T18:24:00+00:00,78471.32700000
2026-01-08T21:09:00+00:00,78727.10700000
2026-01-09T07:44:00+00:00,78710.82700000
2026-01-09T09:34:00+00:00,80595.21500000
2026-01-09T12:54:00+00:00,80587.07500000
2026-01-09T13:59:00+00:00,82033.23400000
2026-01-09T14:44:00+00:00,82031.75400000
2026-01-09T15:09:00+00:00,81599.27400000
2026-01-09T15:34:00+00:00,81598.53400000
2026-01-09T15:49:00+00:00,81412.29400000
2026-01-09T15:49:00+00:00,81409.33400000
2026-01-09T16:04:00+00:00,80862.37400000
2026-01-09T18:44:00+00:00,80860.15400000
2026-01-09T21:09:00+00:00,80836.93400000
2026-01-12T08:19:00+00:00,80824.35400000
2026-01-12T10:34:00+00:00,80199.77400000
2026-01-12T14:39:00+00:00,80196.07400000
2026-01-12T21:09:00+00:00,80934.87400000
2026-01-13T01:54:00+00:00,80925.99400000
2026-01-13T07:19:00+00:00,80922.29400000
2026-01-13T08:39:00+00:00,81537.41400000
2026-01-13T08:39:00+00:00,81433.71400000
2026-01-13T08:44:00+00:00,81427.79400000
2026-01-13T09:49:00+00:00,81421.13400000
2026-01-13T13:34:00+00:00,80835.21400000
2026-01-13T13:34:00+00:00,80270.55400000
2026-01-13T13:39:00+00:00,80266.85400000
2026-01-13T15:04:00+00:00,79728.15400000
2026-01-14T01:39:00+00:00,79714.09400000
2026-01-14T03:34:00+00:00,79101.53400000
2026-01-14T14:49:00+00:00,79100.79400000
2026-01-14T17:59:00+00:00,79100.05400000
2026-01-14T18:39:00+00:00,79098.57400000
2026-01-14T20:09:00+00:00,78542.09400000
2026-01-14T20:14:00+00:00,78766.85400000
2026-01-14T20:14:00+00:00,78556.61400000
2026-01-14T20:19:00+00:00,78555.13400000
2026-01-14T21:09:00+00:00,78888.65400000
2026-01-15T01:09:00+00:00,78885.69400000
2026-01-15T01:34:00+00:00,78336.73400000
2026-01-15T08:14:00+00:00,78335.25400000
2026-01-15T11:14:00+00:00,78810.25000000
2026-01-15T16:04:00+00:00,78805.81000000
2026-01-15T17:34:00+00:00,78213.37000000
2026-01-16T07:49:00+00:00,78203.75000000
2026-01-16T08:04:00+00:00,78246.13000000
2026-01-16T08:04:00+00:00,78232.81000000
2026-01-16T08:39:00+00:00,79538.96200000
2026-01-16T08:59:00+00:00,79533.04200000
2026-01-16T12:59:00+00:00,79739.12200000
2026-01-16T12:59:00+00:00,79733.94200000
2026-01-16T14:29:00+00:00,79140.76200000
2026-01-16T19:19:00+00:00,79134.10200000
2026-01-16T19:39:00+00:00,78551.44200000
2026-01-19T00:44:00+00:00,78547.74200000
2026-01-19T01:59:00+00:00,78041.54200000
2026-01-19T05:29:00+00:00,78036.36200000
2026-01-19T07:04:00+00:00,77502.68200000
2026-01-19T07:54:00+00:00,77493.80200000
2026-01-19T08:04:00+00:00,77673.41800000
2026-01-19T14:59:00+00:00,77668.97800000
2026-01-19T16:29:00+00:00,77904.53800000
2026-01-19T16:29:00+00:00,77897.13800000
2026-01-19T16:39:00+00:00,77324.73800000
2026-01-20T00:44:00+00:00,77319.55800000
2026-01-20T00:59:00+00:00,76740.37800000
2026-01-20T02:39:00+00:00,76738.15800000
2026-01-20T05:44:00+00:00,76488.43800000
2026-01-20T05:44:00+00:00,76483.25800000
2026-01-20T06:19:00+00:00,77211.11800000
2026-01-20T12:24:00+00:00,77205.93800000
2026-01-20T12:44:00+00:00,76665.25800000
2026-01-21T09:09:00+00:00,76659.33800000
2026-01-21T09:49:00+00:00,76129.41800000
2026-01-21T18:09:00+00:00,76128.67800000
2026-01-21T19:34:00+00:00,75548.43800000
2026-01-21T23:09:00+00:00,75546.21800000
2026-01-22T06:14:00+00:00,75101.49800000
2026-01-22T19:09:00+00:00,75097.05800000
2026-01-22T19:59:00+00:00,74570.61800000
2026-01-23T16:44:00+00:00,74569.87800000
2026-01-23T21:09:00+00:00,74369.13800000
2026-01-26T06:39:00+00:00,74356.55800000
2026-01-26T06:54:00+00:00,73782.97800000
2026-01-26T10:04:00+00:00,73777.05800000
2026-01-26T13:54:00+00:00,73771.87800000
2026-01-26T14:04:00+00:00,75420.53400000
2026-01-26T14:39:00+00:00,76414.12100000
2026-01-27T03:44:00+00:00,76411.16100000
2026-01-27T05:54:00+00:00,76670.00100000
2026-01-27T07:54:00+00:00,76661.12100000
2026-01-27T10:09:00+00:00,77078.24100000
2026-01-27T10:09:00+00:00,77064.92100000
2026-01-27T11:54:00+00:00,78960.12300000
2026-01-27T14:44:00+00:00,78957.16300000
2026-01-27T14:54:00+00:00,78370.20300000
2026-01-27T14:59:00+00:00,78368.72300000
2026-01-27T21:09:00+00:00,78460.24300000
2026-01-28T04:09:00+00:00,78445.44300000
2026-01-28T06:04:00+00:00,80420.32300000
2026-01-28T07:49:00+00:00,80418.10300000
2026-01-28T14:19:00+00:00,79920.88300000
2026-01-28T14:29:00+00:00,79910.52300000
2026-01-28T14:34:00+00:00,79326.16300000
2026-01-28T20:04:00+00:00,79321.72300000
2026-01-28T21:04:00+00:00,80707.44100000
2026-01-28T23:19:00+00:00,80705.22100000
2026-01-29T08:19:00+00:00,80266.50100000
2026-01-29T08:19:00+00:00,80259.10100000
2026-01-29T08:29:00+00:00,79691.70100000
2026-01-29T19:39:00+00:00,79687.26100000
2026-01-29T20:39:00+00:00,79109.82100000
2026-01-30T09:19:00+00:00,79107.60100000
2026-01-30T11:04:00+00:00,78635.88100000
2026-01-30T15:44:00+00:00,78634.40100000
2026-01-30T16:19:00+00:00,78237.92100000
2026-01-30T18:34:00+00:00,78235.70100000
2026-01-30T18:59:00+00:00,79140.61800000
2026-02-03T05:29:00+00:00,79137.65800000
2026-02-03T13:29:00+00:00,79312.69800000
2026-02-03T13:29:00+00:00,79302.33800000
2026-02-03T14:34:00+00:00,81326.16400000
2026-02-03T23:19:00+00:00,81325.42400000
2026-02-04T01:09:00+00:00,81321.72400000
2026-02-04T09:24:00+00:00,80780.52400000
2026-02-04T14:34:00+00:00,80431.28400000
2026-02-04T15:04:00+00:00,80430.54400000
2026-02-04T21:09:00+00:00,80676.30400000
2026-02-05T01:29:00+00:00,80671.86400000
2026-02-05T02:14:00+00:00,81924.06400000
2026-02-05T15:04:00+00:00,81922.58400000
2026-02-05T16:59:00+00:00,81324.10400000
2026-02-05T23:34:00+00:00,81321.14400000
2026-02-05T23:54:00+00:00,80802.18400000
2026-02-06T06:44:00+00:00,80798.48400000
2026-02-06T09:09:00+00:00,80222.28400000
2026-02-06T19:29:00+00:00,80220.80400000
2026-02-06T20:54:00+00:00,80630.35000000
2026-02-09T14:44:00+00:00,80629.61000000
2026-02-09T21:09:00+00:00,81049.87000000
2026-02-09T23:19:00+00:00,81046.17000000
2026-02-10T01:44:00+00:00,81279.97000000
2026-02-10T01:44:00+00:00,81269.61000000
2026-02-10T02:14:00+00:00,80643.25000000
2026-02-10T03:39:00+00:00,80635.85000000
2026-02-10T05:39:00+00:00,80631.41000000
2026-02-10T06:39:00+00:00,80020.97000000
2026-02-10T09:19:00+00:00,81584.37000000
2026-02-10T12:44:00+00:00,81569.57000000
2026-02-10T14:19:00+00:00,80934.77000000
2026-02-10T14:59:00+00:00,80932.55000000
2026-02-10T18:29:00+00:00,80369.33000000
2026-02-11T02:59:00+00:00,80364.89000000
2026-02-11T03:34:00+00:00,80358.97000000
2026-02-11T05:44:00+00:00,79809.05000000
2026-02-11T06:19:00+00:00,79258.61000000
2026-02-11T07:19:00+00:00,79255.65000000
2026-02-11T10:04:00+00:00,79964.78600000
2026-02-11T15:59:00+00:00,79964.04600000
2026-02-11T16:34:00+00:00,79879.80600000
2026-02-11T16:34:00+00:00,79879.06600000
2026-02-11T17:14:00+00:00,79857.82600000
2026-02-11T17:14:00+00:00,79856.34600000
2026-02-11T21:09:00+00:00,80113.86600000
2026-02-12T04:39:00+00:00,80097.58600000
2026-02-12T05:04:00+00:00,79487.30600000
2026-02-12T10:19:00+00:00,79475.46600000
2026-02-12T11:24:00+00:00,78863.62600000
2026-02-12T13:39:00+00:00,78857.70600000
2026-02-12T14:29:00+00:00,78259.78600000
2026-02-13T01:09:00+00:00,78256.08600000
2026-02-13T03:59:00+00:00,77677.38600000
2026-02-13T08:24:00+00:00,77674.42600000
2026-02-13T09:09:00+00:00,77668.50600000
2026-02-13T09:24:00+00:00,77107.54600000
2026-02-13T09:24:00+00:00,76517.62600000
2026-02-17T08:39:00+00:00,76514.66600000
2026-02-17T13:14:00+00:00,77401.82600000
2026-02-17T13:29:00+00:00,77398.12600000
2026-02-17T14:54:00+00:00,76881.92600000
2026-02-17T14:59:00+00:00,76881.18600000
2026-02-17T15:24:00+00:00,76762.94600000
2026-02-17T15:24:00+00:00,76762.20600000
2026-02-17T21:09:00+00:00,77217.96600000
2026-02-18T12:39:00+00:00,77215.00600000
2026-02-18T14:59:00+00:00,76666.04600000
2026-02-18T14:59:00+00:00,76664.56600000
2026-02-18T17:09:00+00:00,76663.82600000
2026-02-18T21:09:00+00:00,76640.34600000
2026-02-18T21:09:00+00:00,76296.60600000
2026-02-18T23:09:00+00:00,76294.38600000
2026-02-19T00:39:00+00:00,76288.46600000
2026-02-19T01:29:00+00:00,76139.24600000
2026-02-19T01:29:00+00:00,76445.32600000
2026-02-19T01:34:00+00:00,76433.48600000
2026-02-19T02:49:00+00:00,75845.64600000
2026-02-19T08:14:00+00:00,75841.94600000
2026-02-19T08:49:00+00:00,75350.74600000
2026-02-19T14:34:00+00:00,75346.30600000
2026-02-19T14:54:00+00:00,74786.86600000
2026-02-19T16:34:00+00:00,74783.16600000
2026-02-19T19:44:00+00:00,74781.68600000
2026-02-19T21:09:00+00:00,75345.48600000
2026-02-19T21:09:00+00:00,74996.00600000
2026-02-20T01:59:00+00:00,74993.04600000
2026-02-20T09:19:00+00:00,75461.32600000
2026-02-20T14:39:00+00:00,75459.10600000
2026-02-20T21:09:00+00:00,76842.88600000
2026-02-23T08:19:00+00:00,76840.66600000
2026-02-23T09:14:00+00:00,77305.75900000
2026-02-23T14:49:00+00:00,77303.53900000
2026-02-23T21:09:00+00:00,77976.31900000
2026-02-24T05:24:00+00:00,77957.81900000
2026-02-24T07:49:00+00:00,77954.11900000
2026-02-24T08:19:00+00:00,81993.51900000
2026-02-24T09:19:00+00:00,82077.31900000
2026-02-24T09:19:00+00:00,82074.35900000
2026-02-24T14:34:00+00:00,81489.39900000
2026-02-24T14:49:00+00:00,81487.91900000
2026-02-24T21:04:00+00:00,81796.43900000
2026-02-25T05:54:00+00:00,81792.73900000
2026-02-25T11:49:00+00:00,82397.72400000
2026-02-26T05:24:00+00:00,82385.88400000
2026-02-26T06:49:00+00:00,83777.29200000
2026-02-26T09:59:00+00:00,83763.97200000
2026-02-26T11:04:00+00:00,84928.75200000
2026-02-27T00:54:00+00:00,84921.35200000
2026-02-27T06:39:00+00:00,84910.99200000
2026-02-27T07:29:00+00:00,86605.29200000
2026-02-27T09:19:00+00:00,88464.18400000
2026-02-27T09:29:00+00:00,88453.08400000
2026-02-27T10:04:00+00:00,90857.08900000
2026-02-27T12:19:00+00:00,90851.16900000
2026-02-27T12:44:00+00:00,90181.24900000
2026-03-02T16:44:00+00:00,90180.50900000
2026-03-02T21:09:00+00:00,90114.76900000
2026-03-03T03:44:00+00:00,90108.10900000
2026-03-03T04:09:00+00:00,89457.94900000
2026-03-03T10:49:00+00:00,89452.76900000
2026-03-03T10:59:00+00:00,88831.58900000
2026-03-03T17:49:00+00:00,88830.84900000
2026-03-03T21:09:00+00:00,88919.10900000
2026-03-04T00:14:00+00:00,88914.66900000
2026-03-04T00:24:00+00:00,89672.06700000
2026-03-04T00:39:00+00:00,89668.36700000
2026-03-04T01:04:00+00:00,89042.16700000
2026-03-04T06:39:00+00:00,89039.20700000
2026-03-04T09:39:00+00:00,90298.12300000
2026-03-04T12:44:00+00:00,90292.20300000
2026-03-04T14:34:00+00:00,92747.20300000
2026-03-04T14:39:00+00:00,92745.72300000
2026-03-04T21:09:00+00:00,93766.24300000
2026-03-05T09:44:00+00:00,93764.02300000
2026-03-05T14:39:00+00:00,93754.30300000
2026-03-05T14:39:00+00:00,93750.60300000
2026-03-05T15:24:00+00:00,93101.90300000
2026-03-05T15:44:00+00:00,93099.68300000
2026-03-05T16:19:00+00:00,92519.96300000
2026-03-06T01:39:00+00:00,92515.52300000
2026-03-06T02:59:00+00:00,92592.08300000
2026-03-06T02:59:00+00:00,92585.42300000
2026-03-06T03:59:00+00:00,91944.26300000
2026-03-06T05:54:00+00:00,91933.16300000
2026-03-06T08:29:00+00:00,94023.00800000
2026-03-09T13:44:00+00:00,94020.78800000
2026-03-09T14:09:00+00:00,94002.06800000
2026-03-09T14:09:00+00:00,93999.84800000
2026-03-09T19:24:00+00:00,96518.76200000
2026-03-10T17:39:00+00:00,96513.58200000
2026-03-10T17:54:00+00:00,95853.90200000
2026-03-11T06:39:00+00:00,95841.32200000
2026-03-11T06:49:00+00:00,95140.24200000
2026-03-12T06:04:00+00:00,95136.54200000
2026-03-12T07:54:00+00:00,95931.33200000
2026-03-12T11:59:00+00:00,95926.15200000
2026-03-12T13:49:00+00:00,98404.14500000
2026-03-13T00:14:00+00:00,98398.96500000
2026-03-13T06:34:00+00:00,97725.28500000
2026-03-16T19:14:00+00:00,97722.32500000
2026-03-16T20:09:00+00:00,97431.36500000
2026-03-17T11:19:00+00:00,97416.56500000
2026-03-17T11:24:00+00:00,96671.76500000
2026-03-17T11:59:00+00:00,96664.36500000
2026-03-17T12:04:00+00:00,95971.96500000
2026-03-17T12:09:00+00:00,95966.78500000
2026-03-17T13:19:00+00:00,97345.21800000
2026-03-18T18:24:00+00:00,97342.25800000
2026-03-18T20:09:00+00:00,98977.29800000
2026-03-19T02:04:00+00:00,98968.41800000
2026-03-19T02:09:00+00:00,98245.53800000
2026-03-19T09:34:00+00:00,98242.57800000
2026-03-19T09:54:00+00:00,97501.61800000
2026-03-19T13:24:00+00:00,97495.69800000
2026-03-19T13:34:00+00:00,96797.77800000
2026-03-19T17:24:00+00:00,96792.59800000
2026-03-19T19:04:00+00:00,98711.64800000
2026-03-19T19:04:00+00:00,98708.68800000
2026-03-19T20:09:00+00:00,98815.72800000
2026-03-20T00:29:00+00:00,98809.80800000
2026-03-20T01:39:00+00:00,98067.88800000
2026-03-20T01:59:00+00:00,98056.78800000
2026-03-20T02:54:00+00:00,97318.18800000
2026-03-20T03:39:00+00:00,97310.04800000
2026-03-20T05:04:00+00:00,96614.40800000
2026-03-20T13:39:00+00:00,96609.22800000
2026-03-20T13:44:00+00:00,95928.54800000
2026-03-23T05:29:00+00:00,95923.36800000
2026-03-23T06:59:00+00:00,97805.76600000
2026-03-25T00:19:00+00:00,97799.10600000
2026-03-25T00:34:00+00:00,97108.44600000
2026-03-25T07:09:00+00:00,97105.48600000
2026-03-25T07:29:00+00:00,97101.04600000
2026-03-25T08:04:00+00:00,96506.08600000
2026-03-25T08:04:00+00:00,95778.64600000
2026-03-25T12:24:00+00:00,95773.46600000
2026-03-25T13:09:00+00:00,95134.78600000
2026-03-25T16:29:00+00:00,95133.30600000
2026-03-25T20:09:00+00:00,94967.82600000
2026-03-26T12:14:00+00:00,94961.16600000
2026-03-26T12:34:00+00:00,94270.50600000
2026-03-26T13:49:00+00:00,94266.80600000
2026-03-26T14:49:00+00:00,93563.10600000
2026-03-27T00:19:00+00:00,93554.22600000
2026-03-27T02:39:00+00:00,93323.34600000
2026-03-27T02:39:00+00:00,93319.64600000
2026-03-27T05:14:00+00:00,94251.88100000
2026-03-27T08:14:00+00:00,94250.40100000
2026-03-27T11:04:00+00:00,95063.11900000
2026-03-27T13:39:00+00:00,95060.15900000
2026-03-27T19:04:00+00:00,97240.61100000
2026-03-30T16:09:00+00:00,97238.39100000
2026-03-30T19:29:00+00:00,98999.39400000
2026-03-31T03:04:00+00:00,98994.95400000
2026-03-31T05:09:00+00:00,100035.09600000
2026-03-31T12:19:00+00:00,100031.39600000
2026-03-31T13:34:00+00:00,99375.19600000
2026-04-01T12:54:00+00:00,99373.71600000
2026-04-01T14:34:00+00:00,98753.23600000
2026-04-02T00:49:00+00:00,98749.53600000
2026-04-02T01:04:00+00:00,98030.83600000
2026-04-02T01:09:00+00:00,98027.13600000
2026-04-02T01:14:00+00:00,97383.43600000
2026-04-02T01:24:00+00:00,97382.69600000
2026-04-02T11:14:00+00:00,97380.47600000
2026-04-02T13:44:00+00:00,97376.77600000
2026-04-02T13:49:00+00:00,96638.07600000
2026-04-02T13:54:00+00:00,96040.35600000
2026-04-02T14:39:00+00:00,95607.61600000
2026-04-03T11:24:00+00:00,95597.99600000
2026-04-03T12:34:00+00:00,96932.71900000
2026-04-06T07:09:00+00:00,96928.27900000
2026-04-06T07:44:00+00:00,96221.83900000
2026-04-06T13:39:00+00:00,96218.13900000
2026-04-06T14:09:00+00:00,96429.43900000
2026-04-06T14:09:00+00:00,96427.21900000
2026-04-06T17:29:00+00:00,96484.99900000
2026-04-06T17:29:00+00:00,96481.29900000
2026-04-06T20:09:00+00:00,96870.09900000
2026-04-06T22:29:00+00:00,96863.43900000
2026-04-07T00:19:00+00:00,96402.27900000
2026-04-07T00:19:00+00:00,96394.87900000
2026-04-07T00:39:00+00:00,95657.47900000
2026-04-07T00:44:00+00:00,95654.51900000
2026-04-07T01:59:00+00:00,96594.03900000
2026-04-07T06:39:00+00:00,96588.11900000
2026-04-07T08:04:00+00:00,95914.19900000
2026-04-07T17:39:00+00:00,95913.45900000
2026-04-07T20:09:00+00:00,96178.21900000
2026-04-08T05:44:00+00:00,96167.85900000
2026-04-08T05:54:00+00:00,95471.49900000
2026-04-08T12:24:00+00:00,95465.57900000
2026-04-08T12:49:00+00:00,94799.65900000
2026-04-08T13:54:00+00:00,94794.47900000
2026-04-08T14:34:00+00:00,94145.29900000
2026-04-08T18:24:00+00:00,94141.59900000
2026-04-08T20:09:00+00:00,94185.39900000
2026-04-09T03:04:00+00:00,94170.59900000
2026-04-09T05:14:00+00:00,95464.79900000
2026-04-09T05:24:00+00:00,95452.21900000
2026-04-09T07:19:00+00:00,94725.63900000
2026-04-09T11:44:00+00:00,94718.97900000
2026-04-09T14:19:00+00:00,94037.31900000
2026-04-10T03:34:00+00:00,94027.69900000
2026-04-10T06:39:00+00:00,95481.54100000
2026-04-10T07:49:00+00:00,95475.62100000
2026-04-10T10:29:00+00:00,94769.70100000
2026-04-10T15:34:00+00:00,94762.30100000
2026-04-10T16:19:00+00:00,95639.90100000
2026-04-10T16:19:00+00:00,95632.50100000
2026-04-10T16:39:00+00:00,94930.10100000
2026-04-12T23:59:00+00:00,94923.44100000
2026-04-13T06:24:00+00:00,97331.88600000
2026-04-14T03:09:00+00:00,97312.64600000
2026-04-14T05:24:00+00:00,96552.40600000
2026-04-14T05:39:00+00:00,96538.34600000
2026-04-14T06:44:00+00:00,95821.28600000
2026-04-14T06:44:00+00:00,95810.18600000
2026-04-14T07:49:00+00:00,96826.58600000
2026-04-14T07:49:00+00:00,96814.00600000
2026-04-14T08:29:00+00:00,96078.92600000
2026-04-14T12:29:00+00:00,96072.26600000
2026-04-14T13:39:00+00:00,95368.10600000
2026-04-15T07:24:00+00:00,95365.14600000
2026-04-15T13:59:00+00:00,94720.18600000
2026-04-16T03:09:00+00:00,94713.52600000
2026-04-16T05:04:00+00:00,94013.86600000
2026-04-16T05:24:00+00:00,93999.80600000
2026-04-16T06:09:00+00:00,95676.97400000
2026-04-16T10:59:00+00:00,95668.83400000
2026-04-16T13:34:00+00:00,94945.69400000
2026-04-16T13:34:00+00:00,94942.73400000
2026-04-16T13:54:00+00:00,94357.77400000
2026-04-17T00:24:00+00:00,94351.11400000
2026-04-17T05:04:00+00:00,93682.95400000
2026-04-21T06:14:00+00:00,93677.03400000
2026-04-21T07:19:00+00:00,93031.11400000
2026-04-21T09:09:00+00:00,93023.71400000
2026-04-21T09:59:00+00:00,92366.31400000
2026-04-21T14:04:00+00:00,92363.35400000
2026-04-21T14:59:00+00:00,91696.39400000
2026-04-23T13:44:00+00:00,91694.17400000
2026-04-23T14:04:00+00:00,91412.95400000
2026-04-23T14:04:00+00:00,91410.73400000
2026-04-23T14:59:00+00:00,90876.01400000
2026-04-24T08:04:00+00:00,90870.83400000
2026-04-24T10:29:00+00:00,92258.43000000
2026-04-26T22:09:00+00:00,92247.33000000
2026-04-26T22:44:00+00:00,91568.73000000
2026-04-28T00:24:00+00:00,91553.93000000
2026-04-28T01:54:00+00:00,91548.75000000
2026-04-28T02:39:00+00:00,94570.83000000
2026-04-28T04:19:00+00:00,94901.65000000
2026-04-28T04:19:00+00:00,94894.99000000
2026-04-28T05:14:00+00:00,94199.83000000
2026-04-29T13:24:00+00:00,94196.13000000
2026-04-29T13:39:00+00:00,95043.28000000
2026-04-29T15:14:00+00:00,95037.36000000
2026-04-29T15:24:00+00:00,94363.44000000
2026-04-29T18:09:00+00:00,94360.48000000
2026-04-29T18:39:00+00:00,93735.52000000
2026-04-29T19:04:00+00:00,93734.04000000
2026-04-29T20:09:00+00:00,93741.56000000
2026-04-30T17:09:00+00:00,93740.82000000
2026-04-30T20:09:00+00:00,94046.08000000
2026-05-01T05:24:00+00:00,94040.90000000
2026-05-01T07:39:00+00:00,94612.98900000
2026-05-01T11:04:00+00:00,94604.10900000
2026-05-01T12:14:00+00:00,95507.22900000
2026-05-01T12:14:00+00:00,95503.52900000
2026-05-01T13:34:00+00:00,94859.82900000
2026-05-04T00:14:00+00:00,94856.86900000
2026-05-04T05:34:00+00:00,95519.90900000
2026-05-04T05:34:00+00:00,95504.36900000
2026-05-04T06:44:00+00:00,97962.83900000
2026-05-04T08:09:00+00:00,97958.39900000
2026-05-04T10:09:00+00:00,100113.80900000
2026-05-04T10:09:00+00:00,100111.58900000
2026-05-04T10:34:00+00:00,99377.36900000
2026-05-04T15:04:00+00:00,99368.48900000
2026-05-04T15:24:00+00:00,103239.48500000
2026-05-05T00:09:00+00:00,103232.08500000
2026-05-05T00:24:00+00:00,102449.68500000
2026-05-05T04:54:00+00:00,102443.02500000
2026-05-05T06:39:00+00:00,102431.18500000
2026-05-05T06:59:00+00:00,103178.50900000
2026-05-05T08:09:00+00:00,103175.54900000
2026-05-05T09:49:00+00:00,106074.92500000
2026-05-05T12:09:00+00:00,106517.02500000
2026-05-06T06:14:00+00:00,106508.14500000
2026-05-06T07:19:00+00:00,106500.00500000
2026-05-06T08:04:00+00:00,105716.36500000
2026-05-06T08:49:00+00:00,104945.48500000
2026-05-07T02:19:00+00:00,104937.34500000
2026-05-07T03:49:00+00:00,104175.70500000
2026-05-08T02:54:00+00:00,104172.00500000
2026-05-08T09:24:00+00:00,105523.12000000
2026-05-08T13:39:00+00:00,105517.20000000
2026-05-08T17:04:00+00:00,110139.90400000
2026-05-11T00:59:00+00:00,110135.46400000
2026-05-11T05:49:00+00:00,110125.84400000
2026-05-11T09:49:00+00:00,109296.40400000
2026-05-11T09:49:00+00:00,108461.28400000
2026-05-11T17:29:00+00:00,108455.36400000
2026-05-11T18:59:00+00:00,107645.44400000
2026-05-11T23:29:00+00:00,107643.22400000
2026-05-12T01:29:00+00:00,106858.00400000
2026-05-12T01:54:00+00:00,106854.30400000
2026-05-12T03:09:00+00:00,107410.60400000
2026-05-12T03:09:00+00:00,107406.16400000
2026-05-12T05:54:00+00:00,108004.72400000
2026-05-12T05:54:00+00:00,107991.40400000
2026-05-12T06:09:00+00:00,107186.08400000
2026-05-12T12:19:00+00:00,107180.16400000
2026-05-12T13:44:00+00:00,109163.92400000
2026-05-12T14:19:00+00:00,109160.96400000
2026-05-12T14:29:00+00:00,108368.00400000
2026-05-13T00:24:00+00:00,108363.56400000
2026-05-13T07:44:00+00:00,111005.92200000
2026-05-13T15:49:00+00:00,111005.18200000
2026-05-13T20:09:00+00:00,111312.44200000
2026-05-14T09:54:00+00:00,111305.78200000
2026-05-14T10:29:00+00:00,111461.12200000
2026-05-14T10:29:00+00:00,111458.16200000
2026-05-14T11:29:00+00:00,111452.98200000
2026-05-14T13:39:00+00:00,110625.30200000
2026-05-14T13:49:00+00:00,109892.34200000
2026-05-14T14:04:00+00:00,109889.38200000
2026-05-14T14:44:00+00:00,109180.42200000
2026-05-14T23:54:00+00:00,109172.28200000
2026-05-15T01:29:00+00:00,111151.20400000
2026-05-15T08:49:00+00:00,111148.24400000
2026-05-15T09:54:00+00:00,110319.28400000
2026-05-15T13:44:00+00:00,110317.80400000
2026-05-15T14:19:00+00:00,109707.32400000
2026-05-15T18:24:00+00:00,109699.18400000
2026-05-15T20:04:00+00:00,115321.05300000
2026-05-18T00:14:00+00:00,115320.31300000
2026-05-18T04:29:00+00:00,115314.39300000
2026-05-18T04:44:00+00:00,114512.47300000
2026-05-18T05:24:00+00:00,114508.03300000
2026-05-18T06:49:00+00:00,114371.29300000
2026-05-18T06:49:00+00:00,114054.85300000
2026-05-18T06:54:00+00:00,114051.15300000
2026-05-18T12:44:00+00:00,116043.67800000
2026-05-18T13:59:00+00:00,116042.19800000
2026-05-18T14:34:00+00:00,115410.71800000
2026-05-18T19:09:00+00:00,115408.49800000
2026-05-18T20:09:00+00:00,116084.27800000
2026-05-19T04:09:00+00:00,116082.05800000
2026-05-19T05:34:00+00:00,116210.33800000
2026-05-19T05:34:00+00:00,116205.89800000
2026-05-19T07:09:00+00:00,117497.36800000
2026-05-19T13:39:00+00:00,117494.40800000
2026-05-19T13:44:00+00:00,116671.44800000
2026-05-19T14:14:00+00:00,116669.96800000
2026-05-19T16:34:00+00:00,115799.48800000
2026-05-20T00:34:00+00:00,115794.30800000
2026-05-20T01:39:00+00:00,114935.12800000
2026-05-20T01:59:00+00:00,114933.64800000
2026-05-20T03:24:00+00:00,114926.24800000
2026-05-20T04:04:00+00:00,116280.20800000
2026-05-20T05:09:00+00:00,116275.76800000
2026-05-20T08:34:00+00:00,118494.01000000
2026-05-20T13:39:00+00:00,118489.57000000
2026-05-20T15:19:00+00:00,119962.02400000
2026-05-20T15:19:00+00:00,123036.35200000
2026-05-20T18:49:00+00:00,123028.21200000
2026-05-20T19:19:00+00:00,122112.57200000
2026-05-21T07:29:00+00:00,122106.65200000
2026-05-21T07:44:00+00:00,122571.97200000
2026-05-22T05:29:00+00:00,122560.87200000
2026-05-22T06:59:00+00:00,122553.47200000
2026-05-22T07:24:00+00:00,122737.37200000
2026-05-22T07:24:00+00:00,122389.97200000
2026-05-22T07:29:00+00:00,122380.35200000
2026-05-22T07:34:00+00:00,121480.23200000
2026-05-22T08:39:00+00:00,121475.05200000
2026-05-22T09:34:00+00:00,123229.16800000
2026-05-22T13:39:00+00:00,123227.68800000
2026-05-22T14:09:00+00:00,122531.20800000
2026-05-22T17:24:00+00:00,122523.80800000
2026-05-22T17:29:00+00:00,121651.40800000
2026-05-25T02:54:00+00:00,121646.22800000
2026-05-25T14:14:00+00:00,121844.04800000
2026-05-25T14:14:00+00:00,121821.84800000
2026-05-25T15:14:00+00:00,120959.64800000
2026-05-26T10:49:00+00:00,120950.76800000
2026-05-26T12:34:00+00:00,120083.88800000
2026-05-26T13:49:00+00:00,120079.44800000
2026-05-26T14:39:00+00:00,121630.10000000
2026-05-27T15:44:00+00:00,121629.36000000
2026-05-27T20:09:00+00:00,121287.12000000
2026-05-28T14:14:00+00:00,121284.90000000
2026-05-28T18:59:00+00:00,121276.02000000
2026-05-28T20:09:00+00:00,122245.80000000
2026-05-28T20:09:00+00:00,122950.92000000
2026-05-29T06:34:00+00:00,122932.42000000
2026-05-29T06:54:00+00:00,122013.92000000
2026-05-29T11:34:00+00:00,122003.56000000
2026-05-29T11:44:00+00:00,121076.20000000
2026-06-01T11:44:00+00:00,121068.80000000
2026-06-01T12:09:00+00:00,120216.40000000
2026-06-01T13:44:00+00:00,120214.18000000
2026-06-01T20:09:00+00:00,121038.46000000
2026-06-02T13:29:00+00:00,121031.06000000
2026-06-02T13:34:00+00:00,120188.66000000
2026-06-02T13:39:00+00:00,120183.48000000
2026-06-02T13:49:00+00:00,119345.30000000
2026-06-02T13:54:00+00:00,119343.08000000
2026-06-02T20:09:00+00:00,120437.36000000
2026-06-02T23:44:00+00:00,120432.92000000
2026-06-03T04:54:00+00:00,120755.48000000
2026-06-03T04:54:00+00:00,120741.42000000
2026-06-03T06:09:00+00:00,121306.86000000
2026-06-03T06:09:00+00:00,121298.72000000
2026-06-03T07:29:00+00:00,121565.58000000
2026-06-03T07:29:00+00:00,121553.00000000
2026-06-03T08:14:00+00:00,120656.42000000
2026-06-03T13:49:00+00:00,120654.94000000
2026-06-03T14:14:00+00:00,120005.46000000
2026-06-03T23:04:00+00:00,120000.28000000
2026-06-03T23:39:00+00:00,119151.60000000
2026-06-04T13:34:00+00:00,119144.94000000
2026-06-04T14:19:00+00:00,120560.28000000
2026-06-04T14:19:00+00:00,120556.58000000
2026-06-04T17:34:00+00:00,123197.06000000
2026-06-05T12:24:00+00:00,123188.92000000
2026-06-05T12:29:00+00:00,122289.78000000
2026-06-05T12:49:00+00:00,122284.60000000
2026-06-05T12:59:00+00:00,121386.92000000
2026-06-08T14:14:00+00:00,121383.96000000
2026-06-08T20:09:00+00:00,121471.00000000
2026-06-09T07:09:00+00:00,121462.86000000
2026-06-09T07:19:00+00:00,120585.72000000
2026-06-09T13:39:00+00:00,120580.54000000
2026-06-09T13:44:00+00:00,119728.36000000
2026-06-09T13:49:00+00:00,119726.14000000
2026-06-09T13:59:00+00:00,118906.42000000
2026-06-09T19:24:00+00:00,118905.68000000
2026-06-09T20:04:00+00:00,118362.44000000
2026-06-10T00:39:00+00:00,118360.22000000
2026-06-10T05:34:00+00:00,119030.00000000
2026-06-10T05:34:00+00:00,119023.34000000
2026-06-10T08:19:00+00:00,118166.18000000
2026-06-10T09:34:00+00:00,118162.48000000
2026-06-10T10:24:00+00:00,117413.78000000
2026-06-11T17:34:00+00:00,117413.04000000
2026-06-11T20:09:00+00:00,117981.80000000
