entry_ts,exit_ts,side,pnl_usd,engine_type,r_mfe,r_mae,mfe_pts,mae_pts,displacement_ts,fvg_zone_pts
2021-06-14T08:34:00+00:00,2021-06-14T09:19:00+00:00,long,135.12000,ifvg,0.6552,0.1379,9.5000,2.0000,2021-06-14T08:24:00+00:00,3.5000
2021-06-14T09:19:00+00:00,2021-06-14T10:44:00+00:00,short,-387.84000,ifvg,0.587,1.1304,6.7500,13.0000,2021-06-14T09:09:00+00:00,0.7500
2021-06-14T13:54:00+00:00,2021-06-14T20:09:00+00:00,long,605.28000,ifvg,1.9042,0.5125,114.2500,30.7500,2021-06-14T12:49:00+00:00,0.2500
2021-06-14T23:59:00+00:00,2021-06-15T00:09:00+00:00,short,-379.84000,ifvg,0.0444,1.3556,0.5000,15.2500,2021-06-14T23:04:00+00:00,0.7500
2021-06-15T00:09:00+00:00,2021-06-15T01:19:00+00:00,long,907.650000,ifvg,2.9184,0.1837,35.7500,2.2500,2021-06-14T23:59:00+00:00,3.7500
2021-06-15T14:04:00+00:00,2021-06-15T15:49:00+00:00,short,253.04000,ifvg,1.2131,0.2459,55.5000,11.2500,2021-06-15T13:54:00+00:00,1.5000
2021-06-15T15:49:00+00:00,2021-06-15T16:59:00+00:00,long,-366.66000,ifvg,0.6962,1.038,13.7500,20.5000,2021-06-15T15:39:00+00:00,0.5000
2021-06-17T16:44:00+00:00,2021-06-17T20:09:00+00:00,long,234.52000,ifvg,1.0226,0.2542,90.5000,22.5000,2021-06-17T16:29:00+00:00,12.5000
2021-06-18T11:34:00+00:00,2021-06-18T11:49:00+00:00,long,-384.66000,ifvg,0.0361,1.0361,0.7500,21.5000,2021-06-18T11:24:00+00:00,2.0000
2021-06-18T12:09:00+00:00,2021-06-18T15:34:00+00:00,short,887.040000,ifvg,2.5225,0.2079,112.2500,9.2500,2021-06-18T11:59:00+00:00,0.2500
2021-06-18T17:29:00+00:00,2021-06-18T18:04:00+00:00,short,-393.68000,ifvg,0.4818,1.0545,13.2500,29.0000,2021-06-18T17:14:00+00:00,8.2500
2021-06-21T03:34:00+00:00,2021-06-21T06:24:00+00:00,long,892.600000,ifvg,2.6944,0.5,48.5000,9.0000,2021-06-21T03:14:00+00:00,3.7500
2021-06-21T08:09:00+00:00,2021-06-21T08:44:00+00:00,short,-346.44000,ifvg,0.1858,1.115,5.2500,31.5000,2021-06-21T07:54:00+00:00,8.0000
2021-06-22T06:24:00+00:00,2021-06-22T06:49:00+00:00,long,-372.40000,ifvg,0.1667,1.1806,3.0000,21.2500,2021-06-22T06:04:00+00:00,1.7500
2021-06-22T09:09:00+00:00,2021-06-22T10:24:00+00:00,long,298.56000,ifvg,1.2973,0.0991,36.0000,2.7500,2021-06-22T07:59:00+00:00,13.7500
2021-06-22T10:24:00+00:00,2021-06-22T10:49:00+00:00,short,-367.40000,ifvg,0.1408,1.3099,2.5000,23.2500,2021-06-22T10:14:00+00:00,5.0000
2021-06-22T13:49:00+00:00,2021-06-22T14:34:00+00:00,short,-296.22000,ifvg,0.2974,1.1385,14.5000,55.5000,2021-06-22T13:39:00+00:00,17.5000
2021-06-23T05:29:00+00:00,2021-06-23T07:14:00+00:00,long,-386.58000,ifvg,1.8837,1.4884,20.2500,16.0000,2021-06-23T05:04:00+00:00,0.7500
2021-06-23T10:29:00+00:00,2021-06-23T11:24:00+00:00,long,-383.18000,ifvg,0.028,1.5234,0.7500,40.7500,2021-06-23T07:34:00+00:00,2.0000
2021-06-23T15:19:00+00:00,2021-06-23T16:39:00+00:00,long,-320.22000,ifvg,1.1408,2.1268,20.2500,37.7500,2021-06-23T15:09:00+00:00,4.0000
2021-06-23T18:39:00+00:00,2021-06-23T20:09:00+00:00,long,-122.96000,ifvg,0.1813,0.7033,8.2500,32.0000,2021-06-23T16:39:00+00:00,7.7500
2021-06-24T17:09:00+00:00,2021-06-24T17:19:00+00:00,long,-373.92000,ifvg,0.2637,1.033,6.0000,23.5000,2021-06-24T16:59:00+00:00,4.7500
2021-06-25T12:39:00+00:00,2021-06-25T13:54:00+00:00,long,-373.92000,ifvg,0.4176,1.2637,9.5000,28.7500,2021-06-25T11:39:00+00:00,2.7500
2021-06-25T14:34:00+00:00,2021-06-25T20:09:00+00:00,long,-273.72000,ifvg,0.0364,0.9636,2.0000,53.0000,2021-06-25T13:59:00+00:00,3.0000
2021-06-28T15:04:00+00:00,2021-06-28T16:09:00+00:00,short,-353.92000,ifvg,0.0465,1.0814,1.0000,23.2500,2021-06-28T14:39:00+00:00,1.7500
2021-06-29T12:24:00+00:00,2021-06-29T12:49:00+00:00,long,-371.10000,ifvg,0.0638,1.2553,0.7500,14.7500,2021-06-29T12:09:00+00:00,1.0000
2021-06-30T11:09:00+00:00,2021-06-30T13:39:00+00:00,long,6.30000,ifvg,0.6429,0.9762,20.2500,30.7500,2021-06-30T09:04:00+00:00,2.0000
2021-06-30T13:39:00+00:00,2021-06-30T20:09:00+00:00,short,63.04000,ifvg,0.9268,0.5,38.0000,20.5000,2021-06-30T09:54:00+00:00,1.5000
2021-07-01T09:34:00+00:00,2021-07-01T09:49:00+00:00,long,-353.36000,ifvg,0.2708,1.0208,3.2500,12.2500,2021-07-01T09:24:00+00:00,0.2500
2021-07-02T15:44:00+00:00,2021-07-02T20:09:00+00:00,long,468.80000,ifvg,1.9928,0.1304,68.7500,4.5000,2021-07-02T14:34:00+00:00,2.2500
2021-07-06T15:14:00+00:00,2021-07-06T15:49:00+00:00,long,-303.70000,ifvg,0.2269,1.2605,6.7500,37.5000,2021-07-06T15:04:00+00:00,6.7500
2021-07-07T13:39:00+00:00,2021-07-07T14:19:00+00:00,short,2.28000,ifvg,0.893,0.3904,41.7500,18.2500,2021-07-07T10:49:00+00:00,5.0000
2021-07-07T14:19:00+00:00,2021-07-07T14:29:00+00:00,long,-310.96000,ifvg,0.1176,1.2941,4.5000,49.5000,2021-07-07T14:09:00+00:00,11.2500
2021-07-08T04:39:00+00:00,2021-07-08T06:19:00+00:00,long,27.12000,ifvg,0.8571,0.5536,12.0000,7.7500,2021-07-08T04:24:00+00:00,3.2500
2021-07-08T06:19:00+00:00,2021-07-08T07:04:00+00:00,short,812.140000,ifvg,2.8723,0.1277,33.7500,1.5000,2021-07-08T06:09:00+00:00,2.0000
2021-07-08T13:54:00+00:00,2021-07-08T15:14:00+00:00,short,-89.48000,ifvg,0.5535,0.5975,44.0000,47.5000,2021-07-08T12:24:00+00:00,3.2500
2021-07-08T19:04:00+00:00,2021-07-08T19:19:00+00:00,long,-369.92000,ifvg,0.1556,1.6,3.5000,36.0000,2021-07-08T18:54:00+00:00,5.7500
2021-07-09T00:14:00+00:00,2021-07-09T00:39:00+00:00,long,-337.44000,ifvg,0.0636,1.4091,1.7500,38.7500,2021-07-08T22:39:00+00:00,5.0000
2021-07-09T00:39:00+00:00,2021-07-09T05:14:00+00:00,short,-327.18000,ifvg,1.6154,1.3407,36.7500,30.5000,2021-07-09T00:09:00+00:00,4.7500
2021-07-09T08:09:00+00:00,2021-07-09T10:04:00+00:00,long,-320.22000,ifvg,0.2941,1.3922,11.2500,53.2500,2021-07-09T07:59:00+00:00,1.5000
2021-07-09T12:24:00+00:00,2021-07-09T13:34:00+00:00,short,817.600000,ifvg,2.6364,0.0303,43.5000,0.5000,2021-07-09T12:04:00+00:00,0.5000
2021-07-12T08:09:00+00:00,2021-07-12T08:59:00+00:00,long,870.150000,ifvg,2.8936,0.3191,34.0000,3.7500,2021-07-12T07:59:00+00:00,0.2500
2021-07-12T13:44:00+00:00,2021-07-12T18:04:00+00:00,short,128.80000,ifvg,1.6587,0.1111,52.2500,3.5000,2021-07-12T12:24:00+00:00,1.7500
2021-07-12T18:04:00+00:00,2021-07-12T19:54:00+00:00,long,870.150000,ifvg,2.6383,0.0213,31.0000,0.2500,2021-07-12T17:54:00+00:00,2.2500
2021-07-14T06:24:00+00:00,2021-07-14T07:44:00+00:00,long,868.160000,ifvg,2.8864,0.5,31.7500,5.5000,2021-07-14T06:14:00+00:00,0.2500
2021-07-14T16:09:00+00:00,2021-07-14T20:09:00+00:00,long,-58.44000,ifvg,1.5315,0.8559,42.5000,23.7500,2021-07-14T15:59:00+00:00,3.5000
2021-07-15T07:44:00+00:00,2021-07-15T10:34:00+00:00,long,-343.44000,ifvg,1.1607,1.1339,32.5000,31.7500,2021-07-15T07:29:00+00:00,6.5000
2021-07-15T13:54:00+00:00,2021-07-15T14:29:00+00:00,long,-330.96000,ifvg,1.0061,1.6933,41.0000,69.0000,2021-07-15T13:44:00+00:00,8.5000
2021-07-15T18:09:00+00:00,2021-07-15T19:39:00+00:00,long,878.570000,ifvg,2.5347,0.4554,64.0000,11.5000,2021-07-15T17:59:00+00:00,8.0000
2021-07-16T00:19:00+00:00,2021-07-16T00:59:00+00:00,long,-388.36000,ifvg,1.0755,1.1321,14.2500,15.0000,2021-07-16T00:09:00+00:00,1.2500
2021-07-16T05:54:00+00:00,2021-07-16T06:09:00+00:00,short,888.440000,ifvg,2.7368,0.1579,26.0000,1.5000,2021-07-16T05:39:00+00:00,2.0000
2021-07-16T06:29:00+00:00,2021-07-16T07:09:00+00:00,long,-389.16000,ifvg,0.2381,1.0,5.0000,21.0000,2021-07-16T06:09:00+00:00,8.7500
2021-07-16T08:14:00+00:00,2021-07-16T09:09:00+00:00,short,-385.92000,ifvg,0.4149,1.0319,9.7500,24.2500,2021-07-16T08:04:00+00:00,1.2500
2021-07-19T07:09:00+00:00,2021-07-19T07:19:00+00:00,short,-348.66000,ifvg,0.2,1.04,3.7500,19.5000,2021-07-19T06:54:00+00:00,5.7500
2021-07-19T07:24:00+00:00,2021-07-19T08:39:00+00:00,long,-349.92000,ifvg,1.0588,1.2353,22.5000,26.2500,2021-07-19T07:14:00+00:00,3.7500
2021-07-20T11:04:00+00:00,2021-07-20T11:49:00+00:00,long,-344.68000,ifvg,0.129,1.0565,4.0000,32.7500,2021-07-20T10:54:00+00:00,2.5000
2021-07-21T05:59:00+00:00,2021-07-21T06:04:00+00:00,short,-307.20000,ifvg,0.0556,4.0,0.2500,18.0000,2021-07-20T20:19:00+00:00,5.7500
2021-07-22T00:19:00+00:00,2021-07-22T07:04:00+00:00,long,876.120000,ifvg,2.6271,0.4915,38.7500,7.2500,2021-07-22T00:04:00+00:00,1.5000
2021-07-22T08:09:00+00:00,2021-07-22T13:39:00+00:00,short,-372.40000,ifvg,1.7639,1.1111,31.7500,20.0000,2021-07-22T07:59:00+00:00,0.2500
2021-07-22T16:09:00+00:00,2021-07-22T17:04:00+00:00,short,-367.44000,ifvg,0.4083,1.1,12.2500,33.0000,2021-07-22T15:59:00+00:00,4.7500
2021-07-23T13:39:00+00:00,2021-07-23T13:54:00+00:00,short,-242.96000,ifvg,0.3161,0.9935,12.2500,38.5000,2021-07-22T20:44:00+00:00,3.0000
2021-07-23T13:54:00+00:00,2021-07-23T17:14:00+00:00,long,680.280000,ifvg,2.6154,0.2527,119.0000,11.5000,2021-07-23T13:39:00+00:00,19.7500
2021-07-26T00:09:00+00:00,2021-07-26T00:49:00+00:00,short,860.200000,ifvg,2.8286,0.8,24.7500,7.0000,2021-07-25T23:59:00+00:00,0.5000
2021-07-26T11:09:00+00:00,2021-07-26T11:59:00+00:00,long,353.34000,ifvg,1.0,0.2208,19.2500,4.2500,2021-07-26T10:59:00+00:00,0.5000
2021-07-26T12:04:00+00:00,2021-07-26T13:34:00+00:00,short,885.610000,ifvg,2.7231,0.2615,44.2500,4.2500,2021-07-26T11:44:00+00:00,7.2500
2021-07-26T13:39:00+00:00,2021-07-26T14:04:00+00:00,short,-334.44000,ifvg,0.4128,1.4495,11.2500,39.5000,2021-07-26T13:24:00+00:00,1.0000
2021-07-26T14:19:00+00:00,2021-07-26T14:34:00+00:00,short,-353.16000,ifvg,0.2368,1.3816,4.5000,26.2500,2021-07-26T14:09:00+00:00,5.7500
2021-07-26T14:49:00+00:00,2021-07-26T14:59:00+00:00,short,-353.16000,ifvg,0.25,1.0789,4.7500,20.5000,2021-07-26T14:39:00+00:00,4.7500
2021-07-27T05:09:00+00:00,2021-07-27T05:54:00+00:00,short,-396.52000,ifvg,0.4688,1.125,3.7500,9.0000,2021-07-27T04:44:00+00:00,0.7500
2021-07-27T11:29:00+00:00,2021-07-27T13:34:00+00:00,short,901.170000,ifvg,5.4186,0.814,58.2500,8.7500,2021-07-27T11:19:00+00:00,2.0000
2021-07-28T01:49:00+00:00,2021-07-28T02:54:00+00:00,short,-387.64000,ifvg,1.6176,1.0735,27.5000,18.2500,2021-07-28T01:09:00+00:00,3.7500
2021-07-28T13:44:00+00:00,2021-07-28T13:54:00+00:00,short,-305.22000,ifvg,0.0846,1.1343,4.2500,57.0000,2021-07-28T11:14:00+00:00,3.5000
2021-07-28T13:59:00+00:00,2021-07-28T14:19:00+00:00,long,895.560000,ifvg,2.525,0.175,75.7500,5.2500,2021-07-28T13:49:00+00:00,4.0000
2021-07-29T07:44:00+00:00,2021-07-29T10:49:00+00:00,short,913.110000,ifvg,3.0149,0.2239,50.5000,3.7500,2021-07-29T07:29:00+00:00,3.5000
2021-07-29T11:09:00+00:00,2021-07-29T13:39:00+00:00,long,878.570000,ifvg,2.9703,0.396,75.0000,10.0000,2021-07-29T10:54:00+00:00,11.5000
2021-08-02T12:39:00+00:00,2021-08-02T13:39:00+00:00,long,-382.44000,ifvg,0.744,1.488,23.2500,46.5000,2021-08-02T12:29:00+00:00,6.0000
2021-08-02T13:44:00+00:00,2021-08-02T14:14:00+00:00,short,-388.70000,ifvg,0.5033,1.1569,19.2500,44.2500,2021-08-02T11:14:00+00:00,1.5000
2021-08-03T00:09:00+00:00,2021-08-03T01:19:00+00:00,long,-393.12000,ifvg,0.5862,1.2241,8.5000,17.7500,2021-08-02T23:44:00+00:00,1.7500
2021-08-03T09:19:00+00:00,2021-08-03T12:59:00+00:00,short,-341.18000,ifvg,0.2316,1.0526,5.5000,25.0000,2021-08-03T05:09:00+00:00,7.0000
2021-08-03T15:49:00+00:00,2021-08-03T20:09:00+00:00,long,213.52000,ifvg,0.7644,0.0997,63.2500,8.2500,2021-08-03T14:39:00+00:00,21.5000
2021-08-04T01:54:00+00:00,2021-08-04T12:29:00+00:00,long,-368.88000,ifvg,2.2203,1.4237,32.7500,21.0000,2021-08-04T01:44:00+00:00,1.2500
2021-08-04T23:09:00+00:00,2021-08-05T00:09:00+00:00,short,-374.36000,ifvg,0.1176,1.1176,1.5000,14.2500,2021-08-04T22:59:00+00:00,0.2500
2021-08-06T17:29:00+00:00,2021-08-06T20:09:00+00:00,short,81.38000,ifvg,1.4107,0.9643,19.7500,13.5000,2021-08-06T17:09:00+00:00,4.2500
2021-08-09T07:14:00+00:00,2021-08-09T13:44:00+00:00,long,145.56000,ifvg,1.9746,0.3898,58.2500,11.5000,2021-08-08T22:39:00+00:00,0.2500
2021-08-09T13:44:00+00:00,2021-08-09T14:34:00+00:00,short,-336.20000,ifvg,0.2045,1.2879,6.7500,42.5000,2021-08-09T13:34:00+00:00,6.0000
2021-08-09T18:49:00+00:00,2021-08-09T20:09:00+00:00,short,17.64000,ifvg,1.4717,0.283,19.5000,3.7500,2021-08-09T18:39:00+00:00,5.2500
2021-08-12T14:24:00+00:00,2021-08-12T20:09:00+00:00,long,384.78000,ifvg,1.4273,0.0573,81.0000,3.2500,2021-08-12T13:39:00+00:00,9.7500
2021-08-16T07:24:00+00:00,2021-08-16T10:14:00+00:00,long,-365.92000,ifvg,0.1461,1.1124,3.2500,24.7500,2021-08-16T06:04:00+00:00,0.7500
2021-08-16T13:59:00+00:00,2021-08-16T18:14:00+00:00,short,-365.22000,ifvg,1.8921,1.0,114.0000,60.2500,2021-08-12T18:14:00+00:00,0.5000
2021-08-17T16:34:00+00:00,2021-08-17T16:54:00+00:00,long,-290.22000,ifvg,0.0942,1.0209,4.5000,48.7500,2021-08-17T15:59:00+00:00,16.2500
2021-08-17T17:44:00+00:00,2021-08-17T19:04:00+00:00,short,-258.48000,ifvg,0.1729,0.7954,15.0000,69.0000,2021-08-17T17:34:00+00:00,0.7500
2021-08-17T19:04:00+00:00,2021-08-17T20:09:00+00:00,long,7.52000,ifvg,0.2587,0.347,20.5000,27.5000,2021-08-17T15:59:00+00:00,16.2500
2021-08-18T18:19:00+00:00,2021-08-18T18:34:00+00:00,short,-288.72000,ifvg,0.2053,1.2474,9.7500,59.2500,2021-08-18T18:09:00+00:00,11.0000
2021-08-19T11:59:00+00:00,2021-08-19T12:29:00+00:00,short,-123.72000,ifvg,0.1935,0.7419,9.0000,34.5000,2021-08-19T11:34:00+00:00,1.0000
2021-08-19T12:29:00+00:00,2021-08-19T14:04:00+00:00,long,888.060000,ifvg,3.042,0.8235,90.5000,24.5000,2021-08-19T11:59:00+00:00,10.2500
2021-08-20T00:09:00+00:00,2021-08-20T01:44:00+00:00,long,-381.36000,ifvg,2.0385,1.5769,26.5000,20.5000,2021-08-19T23:59:00+00:00,1.7500
2021-08-23T07:09:00+00:00,2021-08-23T13:34:00+00:00,short,-367.40000,ifvg,0.8451,1.6901,15.0000,30.0000,2021-08-23T06:59:00+00:00,0.7500
2021-08-25T08:09:00+00:00,2021-08-25T08:14:00+00:00,short,-373.62000,ifvg,0.0,1.0545,0,14.5000,2021-08-25T07:54:00+00:00,5.5000
2021-08-25T11:49:00+00:00,2021-08-25T13:34:00+00:00,long,846.120000,ifvg,2.5439,0.614,36.2500,8.7500,2021-08-25T11:34:00+00:00,1.5000
2021-08-25T17:14:00+00:00,2021-08-25T18:09:00+00:00,short,-381.36000,ifvg,0.5385,1.0769,7.0000,14.0000,2021-08-25T17:04:00+00:00,1.7500
2021-08-26T07:34:00+00:00,2021-08-26T14:04:00+00:00,long,277.56000,ifvg,1.0,0.5333,30.0000,16.0000,2021-08-26T06:49:00+00:00,1.7500
2021-08-26T14:04:00+00:00,2021-08-26T14:29:00+00:00,short,835.560000,ifvg,3.125,0.3304,87.5000,9.2500,2021-08-26T13:39:00+00:00,0.2500
2021-08-26T14:29:00+00:00,2021-08-26T15:19:00+00:00,short,-376.44000,ifvg,1.2846,1.1707,39.5000,36.0000,2021-08-26T13:39:00+00:00,0.2500
2021-08-27T06:09:00+00:00,2021-08-27T07:04:00+00:00,long,-378.08000,ifvg,0.6905,1.3571,7.2500,14.2500,2021-08-27T05:44:00+00:00,1.5000
2021-08-27T13:19:00+00:00,2021-08-27T13:34:00+00:00,short,-372.40000,ifvg,0.625,1.4028,11.2500,25.2500,2021-08-27T12:39:00+00:00,3.0000
2021-08-27T13:44:00+00:00,2021-08-27T14:04:00+00:00,short,-338.96000,ifvg,0.5449,1.6647,22.7500,69.5000,2021-08-27T02:09:00+00:00,13.2500
2021-08-30T12:54:00+00:00,2021-08-30T13:34:00+00:00,long,851.400000,ifvg,3.6957,0.4783,42.5000,5.5000,2021-08-30T12:19:00+00:00,2.0000
2021-08-31T11:24:00+00:00,2021-08-31T12:29:00+00:00,long,-334.96000,ifvg,0.1273,1.0788,5.2500,44.5000,2021-08-31T10:54:00+00:00,13.2500
2021-08-31T13:39:00+00:00,2021-08-31T15:24:00+00:00,short,-345.92000,ifvg,1.6905,1.1667,35.5000,24.5000,2021-08-31T13:29:00+00:00,1.2500
2021-09-01T13:39:00+00:00,2021-09-01T19:14:00+00:00,long,-328.70000,ifvg,1.3488,1.0078,43.5000,32.5000,2021-09-01T12:54:00+00:00,0.2500
2021-09-02T05:44:00+00:00,2021-09-02T08:09:00+00:00,long,851.400000,ifvg,2.6304,0.3696,30.2500,4.2500,2021-09-02T04:19:00+00:00,2.0000
2021-09-02T09:39:00+00:00,2021-09-02T09:49:00+00:00,long,-58.44000,ifvg,0.0,0.3451,0,9.7500,2021-09-02T09:19:00+00:00,1.5000
2021-09-02T10:54:00+00:00,2021-09-02T11:44:00+00:00,short,-386.58000,ifvg,0.1356,1.2203,2.0000,18.0000,2021-09-02T10:34:00+00:00,1.7500
2021-09-02T15:19:00+00:00,2021-09-02T16:04:00+00:00,long,-346.44000,ifvg,0.1062,1.0885,3.0000,30.7500,2021-09-02T15:09:00+00:00,3.0000
2021-09-03T11:49:00+00:00,2021-09-03T12:34:00+00:00,short,-374.80000,ifvg,0.9714,5.9714,8.5000,52.2500,2021-09-03T11:24:00+00:00,0.5000
2021-09-03T12:44:00+00:00,2021-09-03T14:04:00+00:00,short,-264.48000,ifvg,0.5878,1.1794,38.5000,77.2500,2021-09-03T10:19:00+00:00,2.2500
2021-09-03T19:24:00+00:00,2021-09-03T20:09:00+00:00,short,113.88000,ifvg,1.2453,0.4906,16.5000,6.5000,2021-09-03T19:14:00+00:00,0.2500
2021-09-07T08:29:00+00:00,2021-09-07T09:24:00+00:00,long,-301.20000,ifvg,0.1949,1.2373,5.7500,36.5000,2021-09-07T08:14:00+00:00,4.0000
2021-09-07T13:44:00+00:00,2021-09-07T13:49:00+00:00,long,-328.44000,ifvg,0.028,1.028,0.7500,27.5000,2021-09-07T13:19:00+00:00,2.0000
2021-09-08T05:24:00+00:00,2021-09-08T06:39:00+00:00,long,-288.60000,ifvg,0.6667,1.0278,6.0000,9.2500,2021-09-08T05:14:00+00:00,0.2500
2021-09-08T12:54:00+00:00,2021-09-08T13:34:00+00:00,long,-332.40000,ifvg,0.25,2.5156,4.0000,40.2500,2021-09-08T12:14:00+00:00,1.7500
2021-09-09T07:24:00+00:00,2021-09-09T11:49:00+00:00,long,211.30000,ifvg,0.8205,0.7094,24.0000,20.7500,2021-09-09T06:44:00+00:00,2.0000
2021-09-09T11:49:00+00:00,2021-09-09T12:54:00+00:00,short,-193.70000,ifvg,0.096,0.832,3.0000,26.0000,2021-09-09T09:39:00+00:00,8.5000
2021-09-09T12:54:00+00:00,2021-09-09T17:24:00+00:00,long,-303.72000,ifvg,0.975,1.12,48.7500,56.0000,2021-09-09T12:14:00+00:00,5.0000
2021-09-10T06:54:00+00:00,2021-09-10T07:04:00+00:00,long,801.120000,ifvg,2.6053,0.5526,24.7500,5.2500,2021-09-10T06:44:00+00:00,0.2500
2021-09-10T12:24:00+00:00,2021-09-10T13:29:00+00:00,short,-365.56000,ifvg,0.8333,1.3889,7.5000,12.5000,2021-09-10T12:14:00+00:00,1.2500
2021-09-13T19:09:00+00:00,2021-09-13T20:09:00+00:00,short,63.78000,ifvg,0.0,0.7343,0,64.2500,2021-09-13T18:49:00+00:00,1.0000
2021-09-14T01:49:00+00:00,2021-09-14T02:24:00+00:00,short,-355.84000,ifvg,0.1667,1.0952,1.7500,11.5000,2021-09-14T01:39:00+00:00,1.0000
2021-09-14T05:39:00+00:00,2021-09-14T06:44:00+00:00,short,819.180000,ifvg,2.8108,0.2162,26.0000,2.0000,2021-09-14T05:29:00+00:00,2.2500
2021-09-15T13:44:00+00:00,2021-09-15T16:04:00+00:00,short,-76.48000,ifvg,0.5708,0.5958,34.2500,35.7500,2021-09-15T02:19:00+00:00,4.0000
2021-09-15T16:04:00+00:00,2021-09-15T17:54:00+00:00,long,832.040000,ifvg,2.5629,0.1976,107.0000,8.2500,2021-09-15T15:54:00+00:00,2.7500
2021-09-16T01:39:00+00:00,2021-09-16T09:49:00+00:00,short,837.090000,ifvg,2.7867,0.2133,52.2500,4.0000,2021-09-16T01:14:00+00:00,4.0000
2021-09-17T15:34:00+00:00,2021-09-17T20:09:00+00:00,short,17.76000,ifvg,0.2243,0.2836,38.7500,49.0000,2021-09-17T15:19:00+00:00,5.5000
2021-09-20T17:24:00+00:00,2021-09-20T18:09:00+00:00,long,-361.44000,ifvg,0.9661,1.1271,28.5000,33.2500,2021-09-20T17:14:00+00:00,7.5000
2021-09-20T23:49:00+00:00,2021-09-21T00:34:00+00:00,long,837.090000,ifvg,2.5467,0.1733,47.7500,3.2500,2021-09-20T23:24:00+00:00,2.5000
2021-09-21T03:24:00+00:00,2021-09-21T03:49:00+00:00,short,-372.40000,ifvg,0.1944,2.0417,3.5000,36.7500,2021-09-21T03:04:00+00:00,5.2500
2021-09-21T05:29:00+00:00,2021-09-21T07:24:00+00:00,short,-326.20000,ifvg,0.6641,1.2422,21.2500,39.7500,2021-09-21T03:49:00+00:00,1.5000
2021-09-21T08:39:00+00:00,2021-09-21T12:19:00+00:00,long,-75.24000,ifvg,0.1029,0.6623,9.7500,62.7500,2021-09-21T08:29:00+00:00,2.2500
2021-09-21T12:19:00+00:00,2021-09-21T13:04:00+00:00,short,855.100000,ifvg,2.7101,0.2464,46.7500,4.2500,2021-09-21T12:09:00+00:00,0.7500
2021-09-21T13:54:00+00:00,2021-09-21T14:04:00+00:00,long,-134.48000,ifvg,0.1381,0.6426,11.5000,53.5000,2021-09-21T12:59:00+00:00,7.7500
2021-09-21T14:04:00+00:00,2021-09-21T15:14:00+00:00,short,-20.22000,ifvg,1.7399,0.1659,97.0000,9.2500,2021-09-21T13:54:00+00:00,21.5000
2021-09-21T15:14:00+00:00,2021-09-21T17:29:00+00:00,long,-350.22000,ifvg,0.7792,1.013,45.0000,58.5000,2021-09-21T14:54:00+00:00,30.7500
2021-09-22T01:14:00+00:00,2021-09-22T13:19:00+00:00,long,305.04000,ifvg,1.7267,0.6686,74.2500,28.7500,2021-09-22T00:09:00+00:00,8.5000
2021-09-22T13:19:00+00:00,2021-09-22T13:39:00+00:00,short,859.590000,ifvg,2.5714,0.2857,49.5000,5.5000,2021-09-22T13:09:00+00:00,6.7500
2021-09-22T14:04:00+00:00,2021-09-22T18:14:00+00:00,long,892.040000,ifvg,2.5196,0.2458,112.7500,11.0000,2021-09-22T13:39:00+00:00,12.5000
2021-09-23T03:39:00+00:00,2021-09-23T06:39:00+00:00,short,-58.44000,ifvg,0.3451,0.6637,9.7500,18.7500,2021-09-23T03:29:00+00:00,1.5000
2021-09-23T06:39:00+00:00,2021-09-23T07:34:00+00:00,long,855.100000,ifvg,2.7246,0.1159,47.0000,2.0000,2021-09-23T06:14:00+00:00,6.2500
2021-09-23T07:49:00+00:00,2021-09-23T13:09:00+00:00,long,-266.48000,ifvg,0.8371,1.1212,55.2500,74.0000,2021-09-20T06:14:00+00:00,7.0000
2021-09-23T16:09:00+00:00,2021-09-23T17:29:00+00:00,short,-300.72000,ifvg,0.101,1.101,5.0000,54.5000,2021-09-23T15:59:00+00:00,9.5000
2021-09-24T14:19:00+00:00,2021-09-24T15:09:00+00:00,short,-116.96000,ifvg,0.5434,0.6243,23.5000,27.0000,2021-09-24T14:04:00+00:00,23.5000
2021-09-24T15:09:00+00:00,2021-09-24T20:09:00+00:00,long,438.78000,ifvg,1.5913,0.613,91.5000,35.2500,2021-09-24T14:54:00+00:00,4.5000
2021-09-27T13:44:00+00:00,2021-09-27T15:04:00+00:00,short,-222.24000,ifvg,0.1878,1.0385,20.7500,114.7500,2021-09-22T19:19:00+00:00,32.7500
2021-09-27T19:19:00+00:00,2021-09-27T20:09:00+00:00,long,-79.24000,ifvg,0.0228,0.4692,2.5000,51.5000,2021-09-27T12:09:00+00:00,6.2500
2021-09-28T00:14:00+00:00,2021-09-28T00:29:00+00:00,long,-371.16000,ifvg,0.3,1.025,6.0000,20.5000,2021-09-28T00:04:00+00:00,1.2500
2021-09-28T06:14:00+00:00,2021-09-28T06:29:00+00:00,short,864.640000,ifvg,3.18,0.56,39.7500,7.0000,2021-09-28T06:04:00+00:00,1.0000
2021-09-28T09:39:00+00:00,2021-09-28T10:29:00+00:00,short,110.52000,ifvg,0.8536,0.1994,68.5000,16.0000,2021-09-28T09:19:00+00:00,10.5000
2021-09-28T10:29:00+00:00,2021-09-28T13:49:00+00:00,long,-360.96000,ifvg,1.4382,1.1966,64.0000,53.2500,2021-09-28T10:04:00+00:00,8.5000
2021-09-29T12:54:00+00:00,2021-09-29T13:19:00+00:00,long,-369.92000,ifvg,0.2111,1.3333,4.7500,30.0000,2021-09-29T12:44:00+00:00,4.2500
2021-09-29T13:54:00+00:00,2021-09-29T15:24:00+00:00,long,-322.48000,ifvg,0.1187,1.05,9.5000,84.0000,2021-09-29T12:24:00+00:00,6.0000
2021-09-30T01:29:00+00:00,2021-09-30T01:59:00+00:00,short,-365.92000,ifvg,0.8764,1.4157,19.5000,31.5000,2021-09-30T00:54:00+00:00,4.5000
2021-09-30T07:24:00+00:00,2021-09-30T08:39:00+00:00,long,-348.70000,ifvg,0.5328,1.0876,18.2500,37.2500,2021-09-30T07:14:00+00:00,15.0000
2021-09-30T13:39:00+00:00,2021-09-30T14:04:00+00:00,long,78.78000,ifvg,0.7386,0.2822,44.5000,17.0000,2021-09-30T09:49:00+00:00,19.2500
2021-09-30T14:04:00+00:00,2021-09-30T15:39:00+00:00,short,858.800000,ifvg,2.558,0.6087,88.2500,21.0000,2021-09-30T13:54:00+00:00,7.5000
2021-10-01T06:19:00+00:00,2021-10-01T07:24:00+00:00,short,-357.66000,ifvg,1.8701,1.3247,36.0000,25.5000,2021-10-01T06:09:00+00:00,3.2500
2021-10-01T12:39:00+00:00,2021-10-01T13:09:00+00:00,short,-337.44000,ifvg,0.4818,1.1818,13.2500,32.5000,2021-10-01T12:24:00+00:00,5.0000
2021-10-01T15:04:00+00:00,2021-10-01T19:04:00+00:00,long,698.520000,ifvg,2.5857,0.4643,181.0000,32.5000,2021-10-01T14:24:00+00:00,24.2500
2021-10-05T11:44:00+00:00,2021-10-05T14:09:00+00:00,long,802.040000,ifvg,2.5294,0.7968,118.2500,37.2500,2021-10-05T10:09:00+00:00,6.5000
2021-10-06T07:09:00+00:00,2021-10-06T09:24:00+00:00,short,852.550000,ifvg,2.7153,0.3139,93.0000,10.7500,2021-10-06T06:59:00+00:00,11.5000
2021-10-06T12:04:00+00:00,2021-10-06T12:24:00+00:00,long,-15.72000,ifvg,0.1943,0.3482,12.0000,21.5000,2021-10-06T08:54:00+00:00,3.0000
2021-10-06T12:24:00+00:00,2021-10-06T12:44:00+00:00,short,-403.44000,ifvg,0.0909,1.0985,3.0000,36.2500,2021-10-06T12:04:00+00:00,10.0000
2021-10-06T13:59:00+00:00,2021-10-06T14:19:00+00:00,short,-135.48000,ifvg,0.6901,0.5815,54.0000,45.5000,2021-10-06T13:44:00+00:00,36.0000
2021-10-06T14:19:00+00:00,2021-10-06T17:59:00+00:00,long,238.76000,ifvg,1.3081,0.0367,133.7500,3.7500,2021-10-06T14:04:00+00:00,16.7500
2021-10-06T17:59:00+00:00,2021-10-06T18:14:00+00:00,short,-376.18000,ifvg,0.7333,1.5238,19.2500,40.0000,2021-10-06T17:44:00+00:00,1.5000
2021-10-07T10:29:00+00:00,2021-10-07T10:59:00+00:00,short,-377.92000,ifvg,0.0761,1.2717,1.7500,29.2500,2021-10-07T10:09:00+00:00,8.7500
2021-10-07T13:39:00+00:00,2021-10-07T16:04:00+00:00,long,827.550000,ifvg,2.5263,0.4812,84.0000,16.0000,2021-10-07T13:29:00+00:00,6.0000
2021-10-08T00:14:00+00:00,2021-10-08T00:44:00+00:00,short,-382.40000,ifvg,0.6757,1.5405,12.5000,28.5000,2021-10-07T23:59:00+00:00,8.7500
2021-10-08T07:24:00+00:00,2021-10-08T11:29:00+00:00,short,-353.70000,ifvg,0.9712,1.0144,33.7500,35.2500,2021-10-08T07:09:00+00:00,8.7500
2021-10-08T12:44:00+00:00,2021-10-08T12:54:00+00:00,long,-116.48000,ifvg,0.049,0.5103,4.7500,49.5000,2021-10-07T18:09:00+00:00,5.7500
2021-10-08T12:54:00+00:00,2021-10-08T20:09:00+00:00,short,500.52000,ifvg,2.0076,0.7727,132.5000,51.0000,2021-10-08T12:44:00+00:00,16.0000
2021-10-12T05:39:00+00:00,2021-10-12T06:59:00+00:00,short,972.090000,ifvg,2.5287,0.3448,55.0000,7.5000,2021-10-12T05:09:00+00:00,8.0000
2021-10-12T07:14:00+00:00,2021-10-12T09:04:00+00:00,long,984.080000,ifvg,2.6263,0.798,65.0000,19.7500,2021-10-12T06:59:00+00:00,3.5000
2021-10-12T13:49:00+00:00,2021-10-12T20:09:00+00:00,short,314.52000,ifvg,1.0229,0.5444,89.2500,47.5000,2021-10-12T09:09:00+00:00,10.2500
2021-10-13T07:09:00+00:00,2021-10-13T07:29:00+00:00,short,-384.66000,ifvg,0.1566,1.6747,3.2500,34.7500,2021-10-13T06:54:00+00:00,4.0000
2021-10-13T07:39:00+00:00,2021-10-13T12:39:00+00:00,long,67.04000,ifvg,1.9244,0.1744,82.7500,7.5000,2021-10-13T07:09:00+00:00,16.5000
2021-10-13T12:39:00+00:00,2021-10-13T12:59:00+00:00,short,-92.96000,ifvg,0.5357,0.4821,22.5000,20.2500,2021-10-13T11:34:00+00:00,8.5000
2021-10-13T12:59:00+00:00,2021-10-13T13:29:00+00:00,long,994.080000,ifvg,2.9,0.33,72.5000,8.2500,2021-10-13T12:49:00+00:00,4.7500
2021-10-13T15:54:00+00:00,2021-10-13T20:09:00+00:00,long,294.78000,ifvg,1.4883,0.3803,79.2500,20.2500,2021-10-13T15:29:00+00:00,5.2500
2021-10-14T07:39:00+00:00,2021-10-14T08:14:00+00:00,short,-409.92000,ifvg,0.14,1.16,3.5000,29.0000,2021-10-14T07:29:00+00:00,6.7500
2021-10-15T06:19:00+00:00,2021-10-15T07:44:00+00:00,short,981.630000,ifvg,2.8033,0.4098,42.7500,6.2500,2021-10-15T06:04:00+00:00,3.7500
2021-10-15T12:49:00+00:00,2021-10-15T13:34:00+00:00,long,-397.44000,ifvg,0.0846,1.4538,2.7500,47.2500,2021-10-15T06:19:00+00:00,8.0000
2021-10-15T19:09:00+00:00,2021-10-15T19:19:00+00:00,short,-437.36000,ifvg,0.0667,1.2167,1.0000,18.2500,2021-10-15T18:59:00+00:00,0.5000
2021-10-18T13:49:00+00:00,2021-10-18T19:54:00+00:00,long,924.030000,ifvg,2.5506,0.2186,157.5000,13.5000,2021-10-18T11:44:00+00:00,0.7500
2021-10-19T00:44:00+00:00,2021-10-19T06:04:00+00:00,short,-401.92000,ifvg,0.5,1.3163,12.2500,32.2500,2021-10-19T00:24:00+00:00,10.2500
2021-10-19T13:24:00+00:00,2021-10-19T13:34:00+00:00,long,-415.14000,ifvg,0.6986,1.0548,12.7500,19.2500,2021-10-19T13:04:00+00:00,2.0000
2021-10-19T18:29:00+00:00,2021-10-19T19:09:00+00:00,short,-420.58000,ifvg,1.1702,1.0851,13.7500,12.7500,2021-10-19T18:04:00+00:00,2.2500
2021-10-19T19:29:00+00:00,2021-10-19T20:04:00+00:00,short,-404.14000,ifvg,1.0282,1.9577,18.2500,34.7500,2021-10-19T19:19:00+00:00,2.0000
2021-10-20T02:34:00+00:00,2021-10-20T07:19:00+00:00,long,1010.200000,ifvg,2.5122,0.7805,25.7500,8.0000,2021-10-20T02:24:00+00:00,0.7500
2021-10-20T13:34:00+00:00,2021-10-20T14:04:00+00:00,long,-425.16000,ifvg,0.8689,1.0656,26.5000,32.5000,2021-10-20T13:24:00+00:00,0.2500
2021-10-20T23:24:00+00:00,2021-10-21T01:44:00+00:00,short,-52.96000,ifvg,0.4643,0.2798,19.5000,11.7500,2021-10-20T23:09:00+00:00,2.2500
2021-10-21T01:44:00+00:00,2021-10-21T04:19:00+00:00,long,-411.18000,ifvg,0.5217,1.0,15.0000,28.7500,2021-10-20T23:24:00+00:00,4.5000
2021-10-21T07:14:00+00:00,2021-10-21T14:09:00+00:00,long,1004.080000,ifvg,2.7327,0.7426,69.0000,18.7500,2021-10-21T06:59:00+00:00,6.7500
2021-10-21T23:29:00+00:00,2021-10-22T13:44:00+00:00,short,-214.48000,ifvg,0.1054,0.7831,8.7500,65.0000,2021-10-21T23:19:00+00:00,0.2500
2021-10-22T13:44:00+00:00,2021-10-22T13:49:00+00:00,long,-378.70000,ifvg,0.0403,1.5638,1.5000,58.2500,2021-10-22T13:04:00+00:00,2.2500
2021-10-22T14:39:00+00:00,2021-10-22T15:19:00+00:00,short,992.320000,ifvg,2.6228,0.2018,74.7500,5.7500,2021-10-22T14:29:00+00:00,0.2500
2021-10-24T22:24:00+00:00,2021-10-24T22:39:00+00:00,long,-106.44000,ifvg,0.1871,0.3741,6.5000,13.0000,2021-10-22T20:39:00+00:00,1.2500
2021-10-24T22:39:00+00:00,2021-10-25T05:54:00+00:00,short,-413.70000,ifvg,0.6442,1.0859,26.2500,44.2500,2021-10-24T22:24:00+00:00,5.0000
2021-10-26T01:39:00+00:00,2021-10-26T06:34:00+00:00,short,-404.88000,ifvg,0.5846,1.1077,9.5000,18.0000,2021-10-26T01:09:00+00:00,2.2500
2021-10-26T12:19:00+00:00,2021-10-26T12:29:00+00:00,long,-431.10000,ifvg,0.0,1.3455,0,18.5000,2021-10-26T12:09:00+00:00,0.2500
2021-10-26T16:19:00+00:00,2021-10-26T16:39:00+00:00,long,-418.18000,ifvg,0.1111,1.1026,3.2500,32.2500,2021-10-26T16:09:00+00:00,9.7500
2021-10-27T14:09:00+00:00,2021-10-27T14:44:00+00:00,short,-357.72000,ifvg,0.3051,1.0,18.0000,59.0000,2021-10-27T13:49:00+00:00,26.5000
2021-10-27T17:54:00+00:00,2021-10-27T18:09:00+00:00,short,-422.56000,ifvg,0.4524,1.0238,4.7500,10.7500,2021-10-27T17:44:00+00:00,1.0000
2021-10-28T06:44:00+00:00,2021-10-28T07:19:00+00:00,short,-387.40000,ifvg,0.8933,1.36,16.7500,25.5000,2021-10-28T06:29:00+00:00,0.5000
2021-10-28T07:24:00+00:00,2021-10-28T13:49:00+00:00,long,974.080000,ifvg,2.5612,0.7143,62.7500,17.5000,2021-10-28T06:44:00+00:00,2.5000
2021-10-28T15:54:00+00:00,2021-10-28T18:39:00+00:00,short,-376.44000,ifvg,1.3008,1.0407,40.0000,32.0000,2021-10-28T15:19:00+00:00,2.2500
2021-10-29T02:04:00+00:00,2021-10-29T06:34:00+00:00,short,16.56000,ifvg,0.8837,0.8527,28.5000,27.5000,2021-10-29T01:54:00+00:00,1.5000
2021-10-29T06:34:00+00:00,2021-10-29T07:04:00+00:00,long,-410.88000,ifvg,0.1667,1.2121,2.7500,20.0000,2021-10-29T06:14:00+00:00,5.5000
2021-10-29T07:19:00+00:00,2021-10-29T10:14:00+00:00,long,-364.44000,ifvg,0.521,1.4202,15.5000,42.2500,2021-10-29T06:49:00+00:00,2.2500
2021-10-29T13:19:00+00:00,2021-10-29T15:09:00+00:00,long,974.820000,ifvg,2.5714,0.8125,72.0000,22.7500,2021-10-29T12:54:00+00:00,4.2500
2021-10-31T23:24:00+00:00,2021-11-01T14:04:00+00:00,long,-302.48000,ifvg,0.6467,1.3033,48.5000,97.7500,2021-10-31T23:14:00+00:00,1.7500
2021-11-01T17:29:00+00:00,2021-11-01T18:29:00+00:00,short,334.56000,ifvg,1.6174,0.2174,46.5000,6.2500,2021-11-01T15:54:00+00:00,0.7500
2021-11-01T18:29:00+00:00,2021-11-01T19:59:00+00:00,long,931.070000,ifvg,3.4299,0.0561,91.7500,1.5000,2021-11-01T18:19:00+00:00,8.5000
2021-11-02T07:09:00+00:00,2021-11-02T09:04:00+00:00,short,1010.200000,ifvg,2.878,0.9024,29.5000,9.2500,2021-11-02T06:59:00+00:00,1.0000
2021-11-02T09:29:00+00:00,2021-11-02T13:39:00+00:00,long,981.860000,ifvg,3.6389,0.8611,65.5000,15.5000,2021-11-02T09:04:00+00:00,2.5000
2021-11-02T15:59:00+00:00,2021-11-02T19:44:00+00:00,short,-407.68000,ifvg,1.1842,1.2281,33.7500,35.0000,2021-11-02T15:49:00+00:00,9.7500
2021-11-03T15:49:00+00:00,2021-11-03T18:04:00+00:00,long,954.080000,ifvg,3.5417,0.5208,85.0000,12.5000,2021-11-03T15:39:00+00:00,3.7500
2021-11-03T18:09:00+00:00,2021-11-03T19:44:00+00:00,long,887.040000,ifvg,2.5843,0.7809,115.0000,34.7500,2021-11-03T17:54:00+00:00,5.7500
2021-11-04T07:39:00+00:00,2021-11-04T08:04:00+00:00,short,-456.00000,ifvg,0.0294,1.6765,0.2500,14.2500,2021-11-04T07:19:00+00:00,1.5000
2021-11-05T08:09:00+00:00,2021-11-05T09:39:00+00:00,long,1050.610000,ifvg,2.8052,0.1299,54.0000,2.5000,2021-11-05T07:39:00+00:00,8.0000
2021-11-05T14:04:00+00:00,2021-11-05T17:14:00+00:00,long,-330.48000,ifvg,0.1494,1.1616,12.2500,95.2500,2021-11-05T13:54:00+00:00,5.0000
2021-11-08T01:59:00+00:00,2021-11-08T08:14:00+00:00,short,-376.20000,ifvg,0.3311,1.0405,12.2500,38.5000,2021-11-08T01:44:00+00:00,2.2500
2021-11-08T10:49:00+00:00,2021-11-08T11:24:00+00:00,short,-454.58000,ifvg,0.0,1.0588,0,13.5000,2021-11-08T10:34:00+00:00,0.2500
2021-11-08T15:54:00+00:00,2021-11-08T21:04:00+00:00,long,-376.20000,ifvg,1.1554,1.0338,42.7500,38.2500,2021-11-08T15:44:00+00:00,7.0000
2021-11-09T06:29:00+00:00,2021-11-09T08:14:00+00:00,short,-441.56000,ifvg,1.4545,1.2273,16.0000,13.5000,2021-11-09T06:09:00+00:00,3.5000
2021-11-09T14:54:00+00:00,2021-11-09T15:14:00+00:00,short,867.040000,ifvg,2.5345,0.2931,110.2500,12.7500,2021-11-09T13:29:00+00:00,2.2500
2021-11-10T13:39:00+00:00,2021-11-10T13:54:00+00:00,short,-409.92000,ifvg,0.36,1.04,9.0000,26.0000,2021-11-10T13:09:00+00:00,3.2500
2021-11-11T08:59:00+00:00,2021-11-11T13:39:00+00:00,long,910.560000,ifvg,2.5984,0.0,79.2500,0,2021-11-11T08:39:00+00:00,8.0000
2021-11-11T15:49:00+00:00,2021-11-11T17:19:00+00:00,long,-384.96000,ifvg,0.2947,1.2526,14.0000,59.5000,2021-11-11T15:09:00+00:00,3.5000
2021-11-12T05:04:00+00:00,2021-11-12T13:14:00+00:00,short,-113.68000,ifvg,0.687,0.9304,19.7500,26.7500,2021-11-12T04:39:00+00:00,0.2500
2021-11-12T13:14:00+00:00,2021-11-12T14:14:00+00:00,long,1054.690000,ifvg,2.6667,0.3111,30.0000,3.5000,2021-11-12T13:04:00+00:00,0.7500
2021-11-12T14:29:00+00:00,2021-11-12T14:39:00+00:00,short,1032.240000,ifvg,6.8857,0.9429,60.2500,8.2500,2021-11-12T14:19:00+00:00,0.7500
2021-11-15T00:04:00+00:00,2021-11-15T04:39:00+00:00,short,1066.680000,ifvg,2.5625,0.3958,30.7500,4.7500,2021-11-14T23:54:00+00:00,0.2500
2021-11-15T16:49:00+00:00,2021-11-15T21:09:00+00:00,short,-305.48000,ifvg,0.3547,0.9162,31.7500,82.0000,2021-11-15T16:39:00+00:00,1.5000
2021-11-16T05:24:00+00:00,2021-11-16T13:39:00+00:00,short,-449.68000,ifvg,0.8968,1.0635,28.2500,33.5000,2021-11-16T05:09:00+00:00,2.7500
2021-11-16T14:39:00+00:00,2021-11-16T14:54:00+00:00,long,-433.92000,ifvg,0.5,1.2264,13.2500,32.5000,2021-11-16T14:19:00+00:00,9.2500
2021-11-18T02:34:00+00:00,2021-11-18T07:14:00+00:00,long,1075.480000,ifvg,2.8947,0.5,27.5000,4.7500,2021-11-18T02:24:00+00:00,0.7500
2021-11-18T14:39:00+00:00,2021-11-18T14:49:00+00:00,short,-397.44000,ifvg,0.1538,1.1846,5.0000,38.5000,2021-11-18T09:04:00+00:00,2.2500
2021-11-18T14:54:00+00:00,2021-11-18T15:14:00+00:00,long,-436.20000,ifvg,0.7849,1.3663,33.7500,58.7500,2021-11-18T14:39:00+00:00,6.5000
2021-11-18T15:19:00+00:00,2021-11-18T16:19:00+00:00,short,-289.48000,ifvg,0.1942,0.9935,15.0000,76.7500,2021-11-18T06:34:00+00:00,2.0000
2021-11-18T16:19:00+00:00,2021-11-18T17:54:00+00:00,long,216.52000,ifvg,1.3267,0.08,99.5000,6.0000,2021-11-18T15:19:00+00:00,23.2500
2021-11-18T17:54:00+00:00,2021-11-18T20:39:00+00:00,short,-364.96000,ifvg,0.8667,1.0333,39.0000,46.5000,2021-11-18T16:49:00+00:00,9.2500
2021-11-18T23:09:00+00:00,2021-11-19T01:49:00+00:00,short,-463.32000,ifvg,0.3673,3.3061,4.5000,40.5000,2021-11-18T21:59:00+00:00,4.5000
2021-11-19T08:59:00+00:00,2021-11-19T09:44:00+00:00,long,-437.14000,ifvg,0.8052,1.013,15.5000,19.5000,2021-11-19T08:09:00+00:00,4.0000
2021-11-19T13:19:00+00:00,2021-11-19T13:44:00+00:00,short,-416.88000,ifvg,0.1493,1.0448,2.5000,17.5000,2021-11-19T13:09:00+00:00,4.5000
2021-11-22T14:39:00+00:00,2021-11-22T15:04:00+00:00,long,1030.100000,ifvg,2.9759,0.4096,61.7500,8.5000,2021-11-22T14:24:00+00:00,0.5000
2021-11-23T09:34:00+00:00,2021-11-23T10:19:00+00:00,short,-394.96000,ifvg,0.0051,1.0103,0.2500,49.2500,2021-11-23T09:24:00+00:00,9.5000
2021-11-23T14:54:00+00:00,2021-11-23T15:09:00+00:00,long,-223.74000,ifvg,0.0831,1.164,9.2500,129.5000,2021-11-23T01:54:00+00:00,6.2500
2021-11-23T15:09:00+00:00,2021-11-23T15:59:00+00:00,short,877.040000,ifvg,2.9205,0.5398,128.5000,23.7500,2021-11-23T14:54:00+00:00,13.7500
2021-11-23T18:54:00+00:00,2021-11-23T18:59:00+00:00,long,-414.68000,ifvg,0.1983,1.0862,5.7500,31.5000,2021-11-23T18:39:00+00:00,2.2500
2021-11-24T03:09:00+00:00,2021-11-24T05:44:00+00:00,short,-397.44000,ifvg,0.5077,1.0692,16.5000,34.7500,2021-11-23T21:39:00+00:00,1.7500
2021-11-24T13:44:00+00:00,2021-11-24T14:34:00+00:00,short,1033.800000,ifvg,2.5625,0.099,123.0000,4.7500,2021-11-24T13:34:00+00:00,0.2500
2021-11-24T14:39:00+00:00,2021-11-24T14:49:00+00:00,short,1029.030000,ifvg,0.3457,1.2229,30.2500,107.0000,2021-11-24T14:29:00+00:00,1.0000
2021-11-24T19:24:00+00:00,2021-11-24T21:09:00+00:00,long,94.76000,ifvg,1.8421,0.6184,70.0000,23.5000,2021-11-24T19:14:00+00:00,0.7500
2021-11-25T07:09:00+00:00,2021-11-25T08:19:00+00:00,short,-464.80000,ifvg,0.9773,1.2273,10.7500,13.5000,2021-11-25T06:34:00+00:00,0.5000
2021-11-25T08:34:00+00:00,2021-11-25T11:09:00+00:00,short,1075.480000,ifvg,2.6316,0.8947,25.0000,8.5000,2021-11-25T08:24:00+00:00,2.0000
2021-11-26T17:59:00+00:00,2021-11-28T23:49:00+00:00,short,-276.74000,ifvg,0.069,1.0163,9.5000,140.0000,2021-11-26T16:34:00+00:00,5.5000
2021-11-29T20:29:00+00:00,2021-11-29T21:09:00+00:00,short,118.08000,ifvg,1.2432,0.4414,34.5000,12.2500,2021-11-29T20:19:00+00:00,6.0000
2021-11-30T02:04:00+00:00,2021-11-30T03:19:00+00:00,short,1088.160000,ifvg,2.8364,0.1091,39.0000,1.5000,2021-11-30T01:54:00+00:00,1.5000
2021-12-01T07:59:00+00:00,2021-12-01T08:24:00+00:00,short,632.60000,ifvg,2.2674,0.0,48.7500,0,2021-12-01T07:49:00+00:00,3.5000
2021-12-01T08:24:00+00:00,2021-12-01T08:34:00+00:00,long,-429.92000,ifvg,0.1238,1.3238,3.2500,34.7500,2021-12-01T08:14:00+00:00,12.2500
2021-12-01T14:09:00+00:00,2021-12-01T14:29:00+00:00,long,-434.16000,ifvg,0.0851,1.0,2.0000,23.5000,2021-12-01T13:59:00+00:00,8.5000
2021-12-02T08:24:00+00:00,2021-12-02T08:34:00+00:00,long,-437.92000,ifvg,0.0748,1.7664,2.0000,47.2500,2021-12-02T08:14:00+00:00,11.2500
2021-12-02T09:39:00+00:00,2021-12-02T10:44:00+00:00,short,178.56000,ifvg,1.5793,0.1586,57.2500,5.7500,2021-12-02T09:09:00+00:00,4.0000
2021-12-02T10:44:00+00:00,2021-12-02T12:09:00+00:00,long,-394.96000,ifvg,0.2513,1.1231,12.2500,54.7500,2021-12-02T10:19:00+00:00,28.2500
2021-12-02T14:44:00+00:00,2021-12-02T15:39:00+00:00,long,-240.74000,ifvg,0.7098,1.2213,85.0000,146.2500,2021-12-02T12:14:00+00:00,15.2500
2021-12-02T16:04:00+00:00,2021-12-02T20:59:00+00:00,long,439.52000,ifvg,1.8625,0.0825,186.2500,8.2500,2021-12-02T15:39:00+00:00,10.7500
2021-12-03T07:34:00+00:00,2021-12-03T08:24:00+00:00,long,-453.60000,ifvg,2.4655,1.0345,35.7500,15.0000,2021-12-03T07:24:00+00:00,0.7500
2021-12-03T11:09:00+00:00,2021-12-03T13:09:00+00:00,long,971.300000,ifvg,2.5,0.3526,97.5000,13.7500,2021-12-03T10:24:00+00:00,7.0000
2021-12-03T14:44:00+00:00,2021-12-03T16:09:00+00:00,short,593.010000,ifvg,2.6737,0.2042,317.5000,24.2500,2021-12-03T12:54:00+00:00,11.5000
2021-12-06T00:19:00+00:00,2021-12-06T00:59:00+00:00,short,-431.20000,ifvg,0.0,1.0235,0,43.5000,2021-12-05T23:39:00+00:00,16.5000
2021-12-06T08:09:00+00:00,2021-12-06T09:49:00+00:00,long,-400.96000,ifvg,0.7626,1.2677,37.7500,62.7500,2021-12-06T07:29:00+00:00,4.0000
2021-12-06T15:19:00+00:00,2021-12-06T21:09:00+00:00,long,143.26000,ifvg,0.7874,0.629,134.2500,107.2500,2021-12-06T14:39:00+00:00,98.0000
2021-12-07T13:59:00+00:00,2021-12-07T14:34:00+00:00,short,-437.40000,ifvg,1.0941,1.9059,23.2500,40.5000,2021-12-07T13:39:00+00:00,2.5000
2021-12-07T14:39:00+00:00,2021-12-07T15:04:00+00:00,long,1135.560000,ifvg,2.6053,0.3158,99.0000,12.0000,2021-12-07T14:04:00+00:00,4.7500
2021-12-08T06:19:00+00:00,2021-12-08T11:19:00+00:00,short,148.82000,ifvg,1.5126,0.6891,45.0000,20.5000,2021-12-08T05:59:00+00:00,3.0000
2021-12-08T11:19:00+00:00,2021-12-08T12:14:00+00:00,long,-474.66000,ifvg,2.2233,1.3398,57.2500,34.5000,2021-12-08T10:39:00+00:00,3.0000
2021-12-09T11:19:00+00:00,2021-12-09T14:39:00+00:00,short,-444.72000,ifvg,0.2109,1.2517,15.5000,92.0000,2021-12-08T17:44:00+00:00,6.0000
2021-12-10T07:04:00+00:00,2021-12-10T08:49:00+00:00,long,1134.920000,ifvg,2.0,0.6429,42.0000,13.5000,2021-12-10T05:39:00+00:00,3.0000
2021-12-10T09:14:00+00:00,2021-12-10T09:39:00+00:00,short,-452.88000,ifvg,0.1096,1.3973,2.0000,25.5000,2021-12-10T08:59:00+00:00,11.2500
2021-12-10T10:19:00+00:00,2021-12-10T11:09:00+00:00,short,-458.88000,ifvg,0.0405,1.2568,0.7500,23.2500,2021-12-10T09:44:00+00:00,2.5000
2021-12-10T11:39:00+00:00,2021-12-10T11:54:00+00:00,short,-470.06000,ifvg,0.0,1.1064,0,13.0000,2021-12-10T11:29:00+00:00,3.5000
2021-12-10T13:39:00+00:00,2021-12-10T14:34:00+00:00,long,-409.44000,ifvg,0.7015,1.1567,23.5000,38.7500,2021-12-10T12:39:00+00:00,3.0000
2021-12-13T08:09:00+00:00,2021-12-13T08:39:00+00:00,short,-420.66000,ifvg,0.0,0.9697,0,24.0000,2021-12-13T07:54:00+00:00,0.2500
2021-12-13T08:39:00+00:00,2021-12-13T09:04:00+00:00,long,137.34000,ifvg,0.3636,0.3333,9.0000,8.2500,2021-12-13T08:09:00+00:00,8.0000
2021-12-13T09:04:00+00:00,2021-12-13T11:44:00+00:00,short,-428.68000,ifvg,0.0917,1.1583,2.7500,34.7500,2021-12-13T08:39:00+00:00,0.5000
2021-12-14T01:39:00+00:00,2021-12-14T03:39:00+00:00,long,-452.16000,ifvg,0.0408,1.2755,1.0000,31.2500,2021-12-14T01:24:00+00:00,3.7500
2021-12-14T13:29:00+00:00,2021-12-14T13:34:00+00:00,short,1105.610000,ifvg,3.8148,0.0741,77.2500,1.5000,2021-12-14T13:14:00+00:00,2.5000
2021-12-14T14:49:00+00:00,2021-12-14T15:54:00+00:00,long,-268.74000,ifvg,0.0411,1.1439,5.5000,153.0000,2021-12-14T13:39:00+00:00,43.0000
2021-12-15T09:39:00+00:00,2021-12-15T13:49:00+00:00,long,299.32000,ifvg,2.4769,0.9769,80.5000,31.7500,2021-12-15T09:29:00+00:00,4.2500
2021-12-15T13:49:00+00:00,2021-12-15T16:39:00+00:00,short,1057.040000,ifvg,2.5519,0.3491,135.2500,18.5000,2021-12-15T13:29:00+00:00,0.5000
2021-12-15T19:29:00+00:00,2021-12-15T19:39:00+00:00,short,-454.96000,ifvg,0.4711,1.0089,26.5000,56.7500,2021-12-15T19:19:00+00:00,0.2500
2021-12-16T09:09:00+00:00,2021-12-16T10:59:00+00:00,short,-426.20000,ifvg,0.125,1.0179,5.2500,42.7500,2021-12-16T08:44:00+00:00,7.0000
2021-12-17T07:24:00+00:00,2021-12-17T08:44:00+00:00,long,-398.22000,ifvg,0.1559,1.1787,10.2500,77.5000,2021-12-17T03:14:00+00:00,5.2500
2021-12-17T15:34:00+00:00,2021-12-17T16:39:00+00:00,long,198.52000,ifvg,2.2313,0.0814,171.2500,6.2500,2021-12-17T15:19:00+00:00,31.5000
2021-12-17T16:39:00+00:00,2021-12-17T19:14:00+00:00,short,-440.22000,ifvg,1.2852,1.079,93.5000,78.5000,2021-12-17T16:19:00+00:00,20.7500
2021-12-17T19:59:00+00:00,2021-12-17T20:04:00+00:00,short,-446.20000,ifvg,0.0284,1.0852,1.2500,47.7500,2021-12-17T19:49:00+00:00,9.5000
2021-12-21T07:09:00+00:00,2021-12-21T08:04:00+00:00,short,1062.880000,ifvg,3.5758,0.6515,59.0000,10.7500,2021-12-21T06:59:00+00:00,5.7500
2021-12-21T09:39:00+00:00,2021-12-21T10:24:00+00:00,short,33.78000,ifvg,0.7521,0.0294,44.7500,1.7500,2021-12-21T09:14:00+00:00,2.5000
2021-12-21T10:24:00+00:00,2021-12-21T13:09:00+00:00,long,328.56000,ifvg,1.9403,0.597,65.0000,20.0000,2021-12-21T09:54:00+00:00,5.2500
2021-12-21T13:09:00+00:00,2021-12-21T13:34:00+00:00,short,-446.88000,ifvg,0.3333,1.0,6.0000,18.0000,2021-12-21T12:54:00+00:00,4.0000
2021-12-22T01:54:00+00:00,2021-12-22T05:39:00+00:00,short,147.60000,ifvg,1.1786,0.2381,24.7500,5.0000,2021-12-22T01:29:00+00:00,0.2500
2021-12-22T05:39:00+00:00,2021-12-22T06:24:00+00:00,long,1076.400000,ifvg,2.6379,0.8276,38.2500,12.0000,2021-12-22T05:19:00+00:00,0.5000
2021-12-22T08:54:00+00:00,2021-12-22T14:44:00+00:00,long,1158.570000,ifvg,3.1278,0.1504,104.0000,5.0000,2021-12-22T08:39:00+00:00,3.7500
2021-12-23T06:19:00+00:00,2021-12-23T07:44:00+00:00,short,-394.06000,ifvg,0.38,0.92,4.7500,11.5000,2021-12-23T06:09:00+00:00,1.5000
2021-12-23T07:44:00+00:00,2021-12-23T08:14:00+00:00,long,-481.32000,ifvg,0.2353,1.451,3.0000,18.5000,2021-12-23T07:29:00+00:00,0.5000
2021-12-23T08:59:00+00:00,2021-12-23T14:39:00+00:00,long,1105.610000,ifvg,3.0617,0.358,62.0000,7.2500,2021-12-23T08:44:00+00:00,4.2500
2021-12-23T20:09:00+00:00,2021-12-23T20:19:00+00:00,short,-500.02000,ifvg,0.2195,1.5366,2.2500,15.7500,2021-12-23T19:59:00+00:00,1.2500
2021-12-27T14:39:00+00:00,2021-12-27T16:14:00+00:00,long,1015.050000,ifvg,2.5399,0.6933,103.5000,28.2500,2021-12-27T14:24:00+00:00,3.7500
2021-12-28T07:54:00+00:00,2021-12-28T08:09:00+00:00,long,765.300000,ifvg,2.5238,0.2381,13.2500,1.2500,2021-12-28T03:19:00+00:00,0.2500
2021-12-29T01:24:00+00:00,2021-12-29T01:59:00+00:00,short,1193.720000,ifvg,3.4091,0.4091,37.5000,4.5000,2021-12-29T01:09:00+00:00,2.5000
2021-12-29T07:39:00+00:00,2021-12-29T11:19:00+00:00,short,1219.920000,ifvg,2.6379,0.7069,38.2500,10.2500,2021-12-29T07:24:00+00:00,2.5000
2021-12-29T17:44:00+00:00,2021-12-29T21:09:00+00:00,long,536.30000,ifvg,1.7897,0.2256,87.2500,11.0000,2021-12-29T17:34:00+00:00,5.7500
2021-12-30T11:44:00+00:00,2021-12-30T13:24:00+00:00,long,-517.32000,ifvg,1.4364,1.6364,19.7500,22.5000,2021-12-30T11:24:00+00:00,4.7500
2021-12-30T14:39:00+00:00,2021-12-30T14:44:00+00:00,long,-486.20000,ifvg,0.0573,1.0469,2.7500,50.2500,2021-12-30T14:29:00+00:00,0.7500
2021-12-30T15:14:00+00:00,2021-12-30T20:44:00+00:00,long,-461.22000,ifvg,0.2066,1.223,15.7500,93.2500,2021-12-30T13:19:00+00:00,3.5000
2021-12-31T09:14:00+00:00,2021-12-31T09:24:00+00:00,long,-503.62000,ifvg,0.0667,1.32,1.2500,24.7500,2021-12-31T08:59:00+00:00,2.0000
2021-12-31T14:39:00+00:00,2021-12-31T14:49:00+00:00,long,-476.96000,ifvg,0.1525,1.1483,9.0000,67.7500,2021-12-31T14:24:00+00:00,3.5000
2021-12-31T17:44:00+00:00,2021-12-31T20:54:00+00:00,long,-460.18000,ifvg,0.7132,1.8372,23.0000,59.2500,2021-12-31T17:19:00+00:00,8.7500
2023-01-03T06:44:00+00:00,2023-01-03T06:59:00+00:00,short,-500.02000,ifvg,0.3171,1.3415,3.2500,13.7500,2023-01-03T06:34:00+00:00,1.0000
2023-01-03T07:04:00+00:00,2023-01-03T08:04:00+00:00,long,1155.100000,ifvg,2.6452,0.3333,61.5000,7.7500,2023-01-03T06:49:00+00:00,1.0000
2023-01-03T13:14:00+00:00,2023-01-03T14:44:00+00:00,short,-331.48000,ifvg,0.152,1.1793,12.5000,97.0000,2023-01-03T12:24:00+00:00,2.7500
2023-01-03T14:59:00+00:00,2023-01-03T19:49:00+00:00,short,71.76000,ifvg,1.0439,0.1649,148.7500,23.5000,2023-01-03T07:34:00+00:00,3.7500
2023-01-03T19:49:00+00:00,2023-01-03T21:09:00+00:00,long,-190.96000,ifvg,0.3103,0.6995,15.7500,35.5000,2023-01-03T19:39:00+00:00,2.5000
2023-01-04T06:59:00+00:00,2023-01-04T08:14:00+00:00,long,1173.440000,ifvg,3.02,0.48,37.7500,6.0000,2023-01-04T06:44:00+00:00,2.2500
2023-01-04T14:39:00+00:00,2023-01-04T16:39:00+00:00,short,-458.96000,ifvg,2.467,1.022,140.0000,58.0000,2023-01-04T13:09:00+00:00,5.2500
2023-01-04T20:04:00+00:00,2023-01-04T20:39:00+00:00,long,-337.48000,ifvg,0.0119,1.1582,1.0000,97.0000,2023-01-04T19:29:00+00:00,5.2500
2023-01-05T18:29:00+00:00,2023-01-05T18:59:00+00:00,long,-499.32000,ifvg,2.2075,1.3962,29.2500,18.5000,2023-01-05T18:19:00+00:00,3.2500
2023-01-06T07:24:00+00:00,2023-01-06T13:19:00+00:00,short,1134.080000,ifvg,2.7982,0.1754,79.7500,5.0000,2023-01-06T07:09:00+00:00,5.0000
2023-01-09T09:59:00+00:00,2023-01-09T12:34:00+00:00,short,-522.58000,ifvg,1.6271,1.2203,24.0000,18.0000,2023-01-09T09:49:00+00:00,2.2500
2023-01-09T18:49:00+00:00,2023-01-09T21:09:00+00:00,short,579.78000,ifvg,1.5144,0.3898,118.5000,30.5000,2023-01-09T15:39:00+00:00,17.0000
2023-01-10T08:29:00+00:00,2023-01-10T11:19:00+00:00,long,206.08000,ifvg,0.9699,0.5338,32.2500,17.7500,2023-01-09T23:49:00+00:00,2.5000
2023-01-10T11:24:00+00:00,2023-01-10T14:34:00+00:00,short,-496.44000,ifvg,1.8528,1.8773,75.5000,76.5000,2023-01-10T09:34:00+00:00,2.0000
2023-01-11T05:59:00+00:00,2023-01-11T07:04:00+00:00,short,1044.180000,ifvg,2.5106,0.5319,29.5000,6.2500,2023-01-11T05:49:00+00:00,2.2500
2023-01-11T11:39:00+00:00,2023-01-11T12:24:00+00:00,long,-477.40000,ifvg,0.6022,1.2581,14.0000,29.2500,2023-01-11T10:44:00+00:00,2.5000
2023-01-12T01:59:00+00:00,2023-01-12T07:09:00+00:00,long,-521.76000,ifvg,2.1707,1.2439,22.2500,12.7500,2023-01-12T01:44:00+00:00,0.7500
2023-01-12T10:09:00+00:00,2023-01-12T12:19:00+00:00,short,-514.80000,ifvg,1.3878,1.0,17.0000,12.2500,2023-01-12T09:49:00+00:00,0.7500
2023-01-12T14:19:00+00:00,2023-01-12T14:49:00+00:00,short,1097.040000,ifvg,2.5682,0.85,141.2500,46.7500,2023-01-12T14:04:00+00:00,10.7500
2023-01-13T07:34:00+00:00,2023-01-13T07:49:00+00:00,short,-232.20000,ifvg,2.3077,3.1538,7.5000,10.2500,2023-01-12T20:59:00+00:00,0.7500
2023-01-13T08:09:00+00:00,2023-01-13T08:19:00+00:00,short,-491.10000,ifvg,0.1746,1.0635,2.7500,16.7500,2023-01-13T07:49:00+00:00,0.2500
2023-01-16T23:09:00+00:00,2023-01-17T00:04:00+00:00,long,-484.12000,ifvg,0.5556,1.0694,10.0000,19.2500,2023-01-16T17:49:00+00:00,1.7500
2023-01-17T02:09:00+00:00,2023-01-17T02:29:00+00:00,long,-491.10000,ifvg,0.1429,1.3968,2.2500,22.0000,2023-01-17T01:59:00+00:00,2.5000
2023-01-17T06:54:00+00:00,2023-01-17T07:14:00+00:00,short,-227.84000,ifvg,0.6333,0.6167,9.5000,9.2500,2023-01-17T06:09:00+00:00,2.2500
2023-01-17T07:14:00+00:00,2023-01-17T09:29:00+00:00,long,29.38000,ifvg,1.7571,0.6,30.7500,10.5000,2023-01-17T06:54:00+00:00,4.0000
2023-01-17T09:29:00+00:00,2023-01-17T12:29:00+00:00,short,-448.44000,ifvg,0.0476,1.1088,1.7500,40.7500,2023-01-17T07:59:00+00:00,1.7500
2023-01-18T06:54:00+00:00,2023-01-18T07:04:00+00:00,short,-483.84000,ifvg,0.0,1.1207,0,16.2500,2023-01-18T06:44:00+00:00,2.2500
2023-01-18T07:49:00+00:00,2023-01-18T08:14:00+00:00,short,-464.88000,ifvg,0.0667,1.1067,1.2500,20.7500,2023-01-18T07:04:00+00:00,5.5000
2023-01-18T08:24:00+00:00,2023-01-18T08:59:00+00:00,short,-55.08000,ifvg,1.4107,0.1071,19.7500,1.5000,2023-01-18T08:14:00+00:00,3.0000
2023-01-18T08:59:00+00:00,2023-01-18T09:34:00+00:00,long,-236.10000,ifvg,0.45,0.55,6.7500,8.2500,2023-01-18T08:39:00+00:00,3.5000
2023-01-18T09:34:00+00:00,2023-01-18T10:54:00+00:00,short,-183.68000,ifvg,0.4355,0.4194,13.5000,13.0000,2023-01-18T09:24:00+00:00,1.0000
2023-01-18T10:54:00+00:00,2023-01-18T13:34:00+00:00,long,1095.840000,ifvg,3.3265,0.2959,81.5000,7.2500,2023-01-18T09:34:00+00:00,2.7500
2023-01-19T05:44:00+00:00,2023-01-19T06:24:00+00:00,short,-63.60000,ifvg,0.6094,0.1406,9.7500,2.2500,2023-01-19T04:09:00+00:00,5.7500
2023-01-19T06:24:00+00:00,2023-01-19T06:59:00+00:00,long,-475.84000,ifvg,0.2807,1.2632,4.0000,18.0000,2023-01-19T05:44:00+00:00,1.2500
2023-01-19T14:49:00+00:00,2023-01-19T14:59:00+00:00,short,-423.70000,ifvg,0.0419,1.3772,1.7500,57.5000,2023-01-19T14:39:00+00:00,2.2500
2023-01-19T15:04:00+00:00,2023-01-19T15:49:00+00:00,long,-453.70000,ifvg,0.5922,1.1229,26.5000,50.2500,2023-01-19T14:54:00+00:00,12.5000
2023-01-20T06:59:00+00:00,2023-01-20T08:24:00+00:00,long,-472.32000,ifvg,2.28,1.54,28.5000,19.2500,2023-01-20T06:44:00+00:00,2.2500
2023-01-20T10:19:00+00:00,2023-01-20T12:44:00+00:00,long,1144.640000,ifvg,2.7273,0.697,45.0000,11.5000,2023-01-20T10:09:00+00:00,0.2500
2023-01-20T14:39:00+00:00,2023-01-20T14:44:00+00:00,short,-460.18000,ifvg,0.0,1.0698,0,34.5000,2023-01-20T14:14:00+00:00,2.2500
2023-01-23T08:29:00+00:00,2023-01-23T12:44:00+00:00,short,-477.40000,ifvg,0.828,1.3656,19.2500,31.7500,2023-01-23T08:14:00+00:00,9.7500
2023-01-24T07:39:00+00:00,2023-01-24T11:09:00+00:00,short,1144.130000,ifvg,2.5634,0.3944,45.5000,7.0000,2023-01-24T07:29:00+00:00,1.2500
2023-01-24T15:04:00+00:00,2023-01-24T15:19:00+00:00,short,-422.96000,ifvg,0.4976,1.3923,26.0000,72.7500,2023-01-24T14:54:00+00:00,4.7500
2023-01-25T07:24:00+00:00,2023-01-25T08:19:00+00:00,long,-236.18000,ifvg,0.464,0.56,14.5000,17.5000,2023-01-25T00:39:00+00:00,9.5000
2023-01-25T08:19:00+00:00,2023-01-25T09:59:00+00:00,short,1095.380000,ifvg,2.6324,0.8971,44.7500,15.2500,2023-01-25T07:59:00+00:00,0.5000
2023-01-25T13:09:00+00:00,2023-01-25T14:34:00+00:00,short,1130.100000,ifvg,4.1429,0.4396,94.2500,10.0000,2023-01-25T12:59:00+00:00,1.2500
2023-01-26T13:44:00+00:00,2023-01-26T15:59:00+00:00,long,-375.72000,ifvg,1.3427,1.3669,83.2500,84.7500,2023-01-26T13:14:00+00:00,9.0000
2023-01-27T01:29:00+00:00,2023-01-27T06:49:00+00:00,short,1165.710000,ifvg,2.5556,0.3778,28.7500,4.2500,2023-01-27T01:19:00+00:00,1.5000
2023-01-27T07:04:00+00:00,2023-01-27T08:24:00+00:00,long,11.40000,ifvg,1.2462,0.4154,20.2500,6.7500,2023-01-27T06:44:00+00:00,5.0000
2023-01-27T08:24:00+00:00,2023-01-27T10:24:00+00:00,short,-481.14000,ifvg,0.3294,1.2353,7.0000,26.2500,2023-01-27T07:29:00+00:00,4.0000
2023-01-27T12:34:00+00:00,2023-01-27T13:29:00+00:00,short,-493.36000,ifvg,0.8088,2.1029,13.7500,35.7500,2023-01-27T12:14:00+00:00,3.0000
2023-01-27T13:34:00+00:00,2023-01-27T15:09:00+00:00,long,1140.050000,ifvg,2.5738,0.7377,117.7500,33.7500,2023-01-27T12:34:00+00:00,10.7500
2023-01-29T23:29:00+00:00,2023-01-30T20:19:00+00:00,short,888.520000,ifvg,2.5281,0.3006,225.0000,26.7500,2023-01-29T23:14:00+00:00,9.0000
2023-01-31T00:09:00+00:00,2023-01-31T01:44:00+00:00,short,-130.32000,ifvg,1.2593,0.7222,17.0000,9.7500,2023-01-30T23:44:00+00:00,4.7500
2023-01-31T01:44:00+00:00,2023-01-31T02:04:00+00:00,long,-491.84000,ifvg,0.2034,1.0169,3.0000,15.0000,2023-01-31T01:29:00+00:00,1.7500
2023-01-31T06:24:00+00:00,2023-01-31T08:44:00+00:00,long,-513.60000,ifvg,2.303,1.2727,38.0000,21.0000,2023-01-31T05:59:00+00:00,1.0000
2023-01-31T11:44:00+00:00,2023-01-31T13:34:00+00:00,long,1151.400000,ifvg,5.2419,0.3548,81.2500,5.5000,2023-01-31T11:34:00+00:00,2.0000
2023-02-01T06:49:00+00:00,2023-02-01T07:19:00+00:00,short,-504.80000,ifvg,0.2083,1.5417,2.5000,18.5000,2023-02-01T06:39:00+00:00,1.0000
2023-02-01T08:54:00+00:00,2023-02-01T12:09:00+00:00,short,-507.84000,ifvg,1.4098,1.2459,21.5000,19.0000,2023-02-01T08:44:00+00:00,1.7500
2023-02-01T14:59:00+00:00,2023-02-01T15:04:00+00:00,long,-418.70000,ifvg,0.1515,1.0242,6.2500,42.2500,2023-02-01T14:39:00+00:00,7.0000
2023-02-01T19:44:00+00:00,2023-02-01T21:09:00+00:00,long,358.76000,ifvg,1.1618,0.1431,201.0000,24.7500,2023-01-29T23:29:00+00:00,10.7500
2023-02-02T01:39:00+00:00,2023-02-02T04:44:00+00:00,short,-485.92000,ifvg,0.3109,1.0084,9.2500,30.0000,2023-02-02T01:29:00+00:00,3.5000
2023-02-02T04:44:00+00:00,2023-02-02T13:34:00+00:00,long,1128.060000,ifvg,2.6755,0.8146,101.0000,30.7500,2023-02-02T01:39:00+00:00,12.5000
2023-02-03T06:09:00+00:00,2023-02-03T07:29:00+00:00,long,-456.68000,ifvg,0.0469,1.1797,1.5000,37.7500,2023-02-03T05:54:00+00:00,2.7500
2023-02-03T11:54:00+00:00,2023-02-03T12:04:00+00:00,short,-503.62000,ifvg,0.1467,1.2933,2.7500,24.2500,2023-02-03T11:39:00+00:00,4.0000
2023-02-03T13:39:00+00:00,2023-02-03T14:49:00+00:00,short,-404.22000,ifvg,1.4794,1.3034,98.7500,87.0000,2023-02-03T12:49:00+00:00,14.0000
2023-02-03T18:59:00+00:00,2023-02-03T20:04:00+00:00,long,-452.22000,ifvg,0.0836,1.291,6.2500,96.5000,2023-02-03T18:39:00+00:00,1.7500
2023-02-06T08:09:00+00:00,2023-02-06T08:29:00+00:00,long,-459.14000,ifvg,0.5679,1.358,11.5000,27.5000,2023-02-06T07:49:00+00:00,2.2500
2023-02-06T15:19:00+00:00,2023-02-06T15:54:00+00:00,short,-421.20000,ifvg,1.3795,1.0542,57.2500,43.7500,2023-02-06T15:09:00+00:00,1.7500
2023-02-07T05:54:00+00:00,2023-02-07T09:19:00+00:00,short,-437.92000,ifvg,2.271,1.1028,60.7500,29.5000,2023-02-07T05:09:00+00:00,1.2500
2023-02-07T11:34:00+00:00,2023-02-07T13:39:00+00:00,long,-477.40000,ifvg,1.3548,1.0323,31.5000,24.0000,2023-02-07T11:24:00+00:00,1.7500
2023-02-08T12:24:00+00:00,2023-02-08T14:54:00+00:00,short,1036.070000,ifvg,3.1092,0.5798,92.5000,17.2500,2023-02-08T12:09:00+00:00,17.0000
2023-02-09T14:49:00+00:00,2023-02-09T17:49:00+00:00,short,987.780000,ifvg,2.7614,0.3939,182.2500,26.0000,2023-02-09T09:44:00+00:00,6.2500
2023-02-10T05:09:00+00:00,2023-02-10T08:29:00+00:00,long,1176.630000,ifvg,2.6027,0.5479,47.5000,10.0000,2023-02-10T04:59:00+00:00,1.0000
2023-02-13T07:39:00+00:00,2023-02-13T08:04:00+00:00,short,-504.80000,ifvg,0.4792,1.5,5.7500,18.0000,2023-02-13T07:29:00+00:00,2.0000
2023-02-14T08:24:00+00:00,2023-02-14T09:04:00+00:00,short,-445.92000,ifvg,0.3394,1.578,9.2500,43.0000,2023-02-14T07:34:00+00:00,4.7500
2023-02-14T09:09:00+00:00,2023-02-14T11:04:00+00:00,long,1191.120000,ifvg,2.5875,0.625,51.7500,12.5000,2023-02-14T08:24:00+00:00,5.2500
2023-02-15T07:39:00+00:00,2023-02-15T08:39:00+00:00,short,-456.68000,ifvg,0.3828,1.0,12.2500,32.0000,2023-02-15T07:09:00+00:00,3.0000
2023-02-15T11:19:00+00:00,2023-02-15T12:14:00+00:00,short,-497.64000,ifvg,0.6591,2.0114,14.5000,44.2500,2023-02-15T10:49:00+00:00,0.2500
2023-02-15T14:04:00+00:00,2023-02-15T14:39:00+00:00,short,-436.44000,ifvg,0.8252,1.1049,29.5000,39.5000,2023-02-15T13:54:00+00:00,9.7500
2023-02-15T14:59:00+00:00,2023-02-15T16:44:00+00:00,short,-449.22000,ifvg,0.5286,1.2828,39.2500,95.2500,2023-02-15T14:39:00+00:00,18.0000
2023-02-16T08:09:00+00:00,2023-02-16T12:29:00+00:00,short,1094.080000,ifvg,2.5273,0.7091,69.5000,19.5000,2023-02-16T07:29:00+00:00,5.7500
2023-02-17T05:04:00+00:00,2023-02-17T05:24:00+00:00,long,-497.76000,ifvg,0.2821,1.2821,2.7500,12.5000,2023-02-17T04:54:00+00:00,1.7500
2023-02-17T15:09:00+00:00,2023-02-17T16:34:00+00:00,long,-428.96000,ifvg,1.3302,1.1934,70.5000,63.2500,2023-02-17T14:54:00+00:00,16.0000
2023-02-17T19:49:00+00:00,2023-02-17T19:54:00+00:00,short,-470.14000,ifvg,0.0,1.0723,0,22.2500,2023-02-17T19:39:00+00:00,3.0000
2023-02-20T04:49:00+00:00,2023-02-20T08:14:00+00:00,short,1135.200000,ifvg,2.5652,0.7826,29.5000,9.0000,2023-02-20T04:29:00+00:00,2.5000
2023-02-20T17:34:00+00:00,2023-02-20T17:59:00+00:00,long,-506.00000,ifvg,0.1316,1.2105,1.2500,11.5000,2023-02-20T17:09:00+00:00,1.0000
2023-02-21T07:09:00+00:00,2023-02-21T08:19:00+00:00,short,1176.120000,ifvg,2.6667,0.6667,34.0000,8.5000,2023-02-21T06:59:00+00:00,0.5000
2023-02-21T14:44:00+00:00,2023-02-21T14:54:00+00:00,long,-466.20000,ifvg,0.2011,1.1793,9.2500,54.2500,2023-02-21T13:09:00+00:00,7.5000
2023-02-21T14:54:00+00:00,2023-02-21T16:34:00+00:00,short,1218.060000,ifvg,2.5951,0.3129,105.7500,12.7500,2023-02-21T14:44:00+00:00,11.5000
2023-02-22T08:04:00+00:00,2023-02-22T08:09:00+00:00,short,-482.88000,ifvg,0.0357,1.7321,0.5000,24.2500,2023-02-22T07:39:00+00:00,1.5000
2023-02-22T15:09:00+00:00,2023-02-22T18:09:00+00:00,short,-396.72000,ifvg,0.7863,1.0153,51.5000,66.5000,2023-02-22T12:24:00+00:00,3.0000
2023-02-23T07:19:00+00:00,2023-02-23T08:09:00+00:00,long,-500.28000,ifvg,0.6744,1.2326,7.2500,13.2500,2023-02-23T07:09:00+00:00,0.2500
2023-02-23T11:19:00+00:00,2023-02-23T12:39:00+00:00,short,-445.44000,ifvg,0.137,1.0068,5.0000,36.7500,2023-02-23T11:09:00+00:00,6.2500
2023-02-24T07:09:00+00:00,2023-02-24T08:19:00+00:00,short,1160.380000,ifvg,2.6,0.2133,48.7500,4.0000,2023-02-24T06:29:00+00:00,2.2500
2023-02-24T12:04:00+00:00,2023-02-24T13:34:00+00:00,long,-500.36000,ifvg,0.7391,4.2029,12.7500,72.5000,2023-02-24T11:49:00+00:00,2.0000
2023-02-24T14:49:00+00:00,2023-02-24T21:04:00+00:00,short,-128.48000,ifvg,0.3871,0.4559,45.0000,53.0000,2023-02-24T14:39:00+00:00,3.2500
2023-02-27T19:24:00+00:00,2023-02-27T20:39:00+00:00,short,1161.120000,ifvg,2.8846,0.4231,56.2500,8.2500,2023-02-27T19:09:00+00:00,5.2500
2023-03-01T09:04:00+00:00,2023-03-01T13:04:00+00:00,long,-512.40000,ifvg,0.71,1.03,17.7500,25.7500,2023-03-01T08:34:00+00:00,3.0000
2023-03-01T15:14:00+00:00,2023-03-01T21:09:00+00:00,short,4.26000,ifvg,0.324,0.58,40.5000,72.5000,2023-03-01T01:14:00+00:00,3.0000
2023-03-02T12:29:00+00:00,2023-03-02T13:34:00+00:00,short,1179.640000,ifvg,2.8971,0.4118,49.2500,7.0000,2023-03-02T12:09:00+00:00,4.7500
2023-03-03T00:34:00+00:00,2023-03-03T06:29:00+00:00,short,-159.18000,ifvg,0.5846,0.8154,19.0000,26.5000,2023-03-03T00:24:00+00:00,1.0000
2023-03-03T06:29:00+00:00,2023-03-03T07:09:00+00:00,long,-521.36000,ifvg,0.4861,1.2778,8.7500,23.0000,2023-03-03T06:19:00+00:00,0.5000
2023-03-03T07:09:00+00:00,2023-03-03T08:04:00+00:00,short,-498.60000,ifvg,0.2656,1.9375,4.2500,31.0000,2023-03-03T06:29:00+00:00,3.2500
2023-03-03T08:09:00+00:00,2023-03-03T09:14:00+00:00,long,1228.160000,ifvg,2.7097,0.7097,42.0000,11.0000,2023-03-03T07:44:00+00:00,3.5000
2023-03-03T12:24:00+00:00,2023-03-03T13:44:00+00:00,short,-508.32000,ifvg,1.4074,1.2037,19.0000,16.2500,2023-03-03T12:09:00+00:00,1.5000
2023-03-06T07:59:00+00:00,2023-03-06T08:19:00+00:00,short,1185.200000,ifvg,2.8125,0.25,33.7500,3.0000,2023-03-06T07:44:00+00:00,2.0000
2023-03-06T12:09:00+00:00,2023-03-06T13:29:00+00:00,long,1191.120000,ifvg,2.5,0.5,50.0000,10.0000,2023-03-06T11:49:00+00:00,1.2500
2023-03-08T07:14:00+00:00,2023-03-08T08:09:00+00:00,short,-536.56000,ifvg,0.4444,1.7222,6.0000,23.2500,2023-03-08T07:04:00+00:00,2.5000
2023-03-08T13:14:00+00:00,2023-03-08T15:04:00+00:00,long,-491.68000,ifvg,1.3043,1.8188,45.0000,62.7500,2023-03-08T12:29:00+00:00,5.5000
2023-03-09T05:54:00+00:00,2023-03-09T08:09:00+00:00,short,1242.240000,ifvg,2.5,0.7381,26.2500,7.7500,2023-03-09T05:34:00+00:00,1.0000
2023-03-09T13:39:00+00:00,2023-03-09T14:49:00+00:00,long,1218.060000,ifvg,2.5337,0.2393,103.2500,9.7500,2023-03-09T08:14:00+00:00,2.5000
2023-03-10T06:59:00+00:00,2023-03-10T07:24:00+00:00,long,1249.640000,ifvg,3.3611,0.2639,60.5000,4.7500,2023-03-10T06:44:00+00:00,0.2500
2023-03-10T11:39:00+00:00,2023-03-10T12:34:00+00:00,long,-523.18000,ifvg,0.3878,1.0408,14.2500,38.2500,2023-03-10T10:39:00+00:00,4.5000
2023-03-13T06:24:00+00:00,2023-03-13T06:54:00+00:00,short,-558.14000,ifvg,0.3838,1.1111,9.5000,27.5000,2023-03-13T06:14:00+00:00,5.7500
2023-03-13T08:19:00+00:00,2023-03-13T08:34:00+00:00,long,-551.16000,ifvg,0.4917,1.3667,14.7500,41.0000,2023-03-13T08:09:00+00:00,12.0000
2023-03-14T15:04:00+00:00,2023-03-14T15:24:00+00:00,short,-533.92000,ifvg,0.0992,1.145,3.2500,37.5000,2023-03-14T14:34:00+00:00,7.7500
2023-03-15T12:44:00+00:00,2023-03-15T13:29:00+00:00,short,-359.48000,ifvg,0.2969,1.0392,26.5000,92.7500,2023-03-15T12:19:00+00:00,5.5000
2023-03-15T17:19:00+00:00,2023-03-15T20:09:00+00:00,long,513.52000,ifvg,1.36,0.2753,144.5000,29.2500,2023-03-15T16:09:00+00:00,9.5000
2023-03-16T05:44:00+00:00,2023-03-16T06:49:00+00:00,long,-492.66000,ifvg,0.0935,1.4019,2.5000,37.5000,2023-03-16T05:19:00+00:00,0.7500
2023-03-16T14:14:00+00:00,2023-03-16T14:44:00+00:00,short,-488.70000,ifvg,0.7358,1.1554,35.5000,55.7500,2023-03-16T14:04:00+00:00,13.2500
2023-03-17T07:14:00+00:00,2023-03-17T11:49:00+00:00,short,477.12000,ifvg,2.2651,0.6024,47.0000,12.5000,2023-03-17T07:04:00+00:00,4.5000
2023-03-17T11:49:00+00:00,2023-03-17T12:24:00+00:00,long,-526.32000,ifvg,1.3393,3.2857,18.7500,46.0000,2023-03-17T11:39:00+00:00,1.0000
2023-03-17T14:24:00+00:00,2023-03-17T20:09:00+00:00,short,206.28000,ifvg,1.6406,0.1156,131.2500,9.2500,2023-03-17T14:04:00+00:00,15.2500
2023-03-20T03:44:00+00:00,2023-03-20T04:39:00+00:00,long,-530.88000,ifvg,0.2442,1.7209,5.2500,37.0000,2023-03-20T03:34:00+00:00,1.2500
2023-03-20T08:19:00+00:00,2023-03-20T08:44:00+00:00,short,-369.72000,ifvg,0.0274,0.9301,2.2500,76.5000,2023-03-20T08:04:00+00:00,11.5000
2023-03-20T08:44:00+00:00,2023-03-20T13:49:00+00:00,long,-503.70000,ifvg,2.005,1.191,99.7500,59.2500,2023-03-20T08:24:00+00:00,24.0000
2023-03-21T07:59:00+00:00,2023-03-21T10:29:00+00:00,short,-506.10000,ifvg,1.8462,1.5231,30.0000,24.7500,2023-03-21T07:49:00+00:00,5.5000
2023-03-22T19:04:00+00:00,2023-03-22T19:24:00+00:00,short,-421.48000,ifvg,0.4057,1.2267,42.5000,128.5000,2023-03-22T18:49:00+00:00,26.2500
2023-03-23T12:09:00+00:00,2023-03-23T12:49:00+00:00,short,-477.68000,ifvg,0.2015,1.0075,6.7500,33.7500,2023-03-23T10:54:00+00:00,2.5000
2023-03-23T13:19:00+00:00,2023-03-23T13:34:00+00:00,long,1251.120000,ifvg,2.7024,0.131,56.7500,2.7500,2023-03-23T13:09:00+00:00,3.0000
2023-03-23T19:04:00+00:00,2023-03-23T19:19:00+00:00,long,-498.70000,ifvg,0.3046,1.2893,15.0000,63.5000,2023-03-23T18:49:00+00:00,7.2500
2023-03-24T08:09:00+00:00,2023-03-24T08:14:00+00:00,short,-503.62000,ifvg,0.0,1.2133,0,22.7500,2023-03-24T07:49:00+00:00,0.5000
2023-03-27T08:14:00+00:00,2023-03-27T15:09:00+00:00,long,-498.70000,ifvg,1.4365,1.2538,70.7500,61.7500,2023-03-27T07:34:00+00:00,12.7500
2023-03-28T07:14:00+00:00,2023-03-28T07:44:00+00:00,short,461.40000,ifvg,1.4091,0.1515,23.2500,2.5000,2023-03-28T07:04:00+00:00,0.2500
2023-03-28T07:44:00+00:00,2023-03-28T07:54:00+00:00,long,-497.12000,ifvg,0.1081,1.1892,2.0000,22.0000,2023-03-28T07:29:00+00:00,5.2500
2023-03-29T08:49:00+00:00,2023-03-29T09:09:00+00:00,short,-515.84000,ifvg,0.1774,1.1129,2.7500,17.2500,2023-03-29T08:39:00+00:00,0.7500
2023-03-29T11:09:00+00:00,2023-03-29T13:04:00+00:00,long,1219.230000,ifvg,2.6744,0.4884,28.7500,5.2500,2023-03-29T10:59:00+00:00,2.0000
2023-03-30T14:29:00+00:00,2023-03-30T16:49:00+00:00,long,-412.96000,ifvg,0.3578,1.0882,18.2500,55.5000,2023-03-30T14:14:00+00:00,16.7500
2023-03-31T13:39:00+00:00,2023-03-31T19:04:00+00:00,long,1132.040000,ifvg,2.5815,0.0396,146.5000,2.2500,2023-03-31T13:29:00+00:00,2.5000
2023-04-03T05:24:00+00:00,2023-04-03T05:54:00+00:00,long,-527.06000,ifvg,0.3208,1.0,4.2500,13.2500,2023-04-03T05:14:00+00:00,0.2500
2023-04-03T08:04:00+00:00,2023-04-03T12:09:00+00:00,long,-456.68000,ifvg,0.0078,1.1016,0.2500,35.2500,2023-04-03T00:09:00+00:00,16.7500
2023-04-03T14:44:00+00:00,2023-04-03T15:09:00+00:00,short,1180.100000,ifvg,2.8105,0.2211,66.7500,5.2500,2023-04-03T14:29:00+00:00,6.0000
2023-04-04T06:19:00+00:00,2023-04-04T07:29:00+00:00,long,-534.52000,ifvg,1.2955,1.1136,14.2500,12.2500,2023-04-04T06:09:00+00:00,0.5000
2023-04-04T13:59:00+00:00,2023-04-04T14:24:00+00:00,long,-310.44000,ifvg,1.1731,0.8782,45.7500,34.2500,2023-04-04T13:49:00+00:00,2.7500
2023-04-04T14:24:00+00:00,2023-04-04T14:34:00+00:00,short,-441.20000,ifvg,0.046,1.0057,2.0000,43.7500,2023-04-04T14:09:00+00:00,0.2500
2023-04-05T06:19:00+00:00,2023-04-05T07:34:00+00:00,long,-507.36000,ifvg,0.4714,1.0,8.2500,17.5000,2023-04-05T06:09:00+00:00,4.7500
2023-04-05T12:39:00+00:00,2023-04-05T13:49:00+00:00,short,1134.080000,ifvg,2.6667,0.4912,76.0000,14.0000,2023-04-05T12:24:00+00:00,4.2500
2023-04-06T05:59:00+00:00,2023-04-06T06:34:00+00:00,long,1215.300000,ifvg,2.5758,0.4545,21.2500,3.7500,2023-04-06T05:49:00+00:00,0.7500
2023-04-06T10:19:00+00:00,2023-04-06T13:24:00+00:00,long,-497.64000,ifvg,2.0795,1.0455,45.7500,23.0000,2023-04-06T10:09:00+00:00,3.5000
2023-04-10T04:39:00+00:00,2023-04-10T05:24:00+00:00,long,-533.76000,ifvg,0.119,1.2381,1.2500,13.0000,2023-04-10T04:29:00+00:00,0.5000
2023-04-10T09:59:00+00:00,2023-04-10T10:19:00+00:00,short,-532.98000,ifvg,0.2432,1.2162,2.2500,11.2500,2023-04-10T09:49:00+00:00,0.7500
2023-04-10T16:09:00+00:00,2023-04-10T16:39:00+00:00,short,-461.20000,ifvg,0.1868,1.6484,8.5000,75.0000,2023-04-10T15:14:00+00:00,5.2500
2023-04-11T00:19:00+00:00,2023-04-11T00:39:00+00:00,long,-465.66000,ifvg,0.0099,1.1089,0.2500,28.0000,2023-04-09T23:09:00+00:00,5.5000
2023-04-11T14:29:00+00:00,2023-04-11T14:39:00+00:00,long,-446.18000,ifvg,0.048,1.144,1.5000,35.7500,2023-04-11T14:19:00+00:00,4.7500
2023-04-12T07:39:00+00:00,2023-04-12T07:49:00+00:00,short,-205.44000,ifvg,0.0,0.46,0,17.2500,2023-04-10T16:34:00+00:00,0.2500
2023-04-12T11:49:00+00:00,2023-04-12T12:29:00+00:00,long,-482.88000,ifvg,0.4487,1.8205,8.7500,35.5000,2023-04-12T10:49:00+00:00,0.5000
2023-04-12T12:39:00+00:00,2023-04-12T13:34:00+00:00,long,-404.22000,ifvg,0.1311,1.0449,8.7500,69.7500,2023-04-11T19:44:00+00:00,17.7500
2023-04-13T09:19:00+00:00,2023-04-13T10:14:00+00:00,long,-475.64000,ifvg,0.7143,1.1786,15.0000,24.7500,2023-04-13T08:19:00+00:00,5.7500
2023-04-13T12:24:00+00:00,2023-04-13T12:34:00+00:00,long,1146.120000,ifvg,3.1169,0.6753,60.0000,13.0000,2023-04-13T12:04:00+00:00,7.5000
2023-04-13T16:04:00+00:00,2023-04-13T20:09:00+00:00,long,231.52000,ifvg,0.762,0.0895,87.2500,10.2500,2023-04-13T15:54:00+00:00,3.2500
2023-04-14T07:19:00+00:00,2023-04-14T08:14:00+00:00,long,-493.36000,ifvg,0.6176,1.1029,10.5000,18.7500,2023-04-14T06:54:00+00:00,2.7500
2023-04-14T12:39:00+00:00,2023-04-14T13:39:00+00:00,short,-497.16000,ifvg,1.5185,2.2222,41.0000,60.0000,2023-04-14T12:09:00+00:00,0.7500
2023-04-14T14:14:00+00:00,2023-04-14T20:09:00+00:00,short,-12.96000,ifvg,2.3482,0.067,131.5000,3.7500,2023-04-14T13:49:00+00:00,3.0000
2023-04-17T06:34:00+00:00,2023-04-17T07:49:00+00:00,long,501.12000,ifvg,1.4625,0.2875,29.2500,5.7500,2023-04-17T06:24:00+00:00,1.5000
2023-04-17T07:49:00+00:00,2023-04-17T09:19:00+00:00,short,1168.160000,ifvg,2.9492,0.1864,43.5000,2.7500,2023-04-17T07:39:00+00:00,5.5000
2023-04-17T14:34:00+00:00,2023-04-17T20:09:00+00:00,short,-418.70000,ifvg,1.7273,0.983,76.0000,43.2500,2023-04-17T14:24:00+00:00,10.7500
2023-04-18T13:54:00+00:00,2023-04-18T13:59:00+00:00,long,-505.92000,ifvg,0.1855,1.2581,5.7500,39.0000,2023-04-18T13:09:00+00:00,5.2500
2023-04-18T16:44:00+00:00,2023-04-18T20:09:00+00:00,short,101.04000,ifvg,0.8107,0.3932,41.7500,20.2500,2023-04-18T16:14:00+00:00,1.5000
2023-04-19T11:54:00+00:00,2023-04-19T13:34:00+00:00,short,-506.10000,ifvg,1.5077,1.9077,24.5000,31.0000,2023-04-19T11:34:00+00:00,0.5000
2023-04-19T17:24:00+00:00,2023-04-19T18:04:00+00:00,short,-500.36000,ifvg,0.6232,1.5652,10.7500,27.0000,2023-04-19T17:14:00+00:00,3.0000
2023-04-20T06:19:00+00:00,2023-04-20T07:14:00+00:00,long,-462.40000,ifvg,0.0111,1.1333,0.2500,25.5000,2023-04-20T05:34:00+00:00,5.2500
2023-04-20T12:29:00+00:00,2023-04-20T13:49:00+00:00,long,1201.860000,ifvg,2.9432,0.625,64.7500,13.7500,2023-04-20T12:04:00+00:00,3.5000
2023-04-21T07:39:00+00:00,2023-04-21T08:49:00+00:00,short,-310.44000,ifvg,0.2037,0.963,8.2500,39.0000,2023-04-20T19:59:00+00:00,6.7500
2023-04-21T08:49:00+00:00,2023-04-21T10:34:00+00:00,long,-488.18000,ifvg,0.5912,1.2044,20.2500,41.2500,2023-04-21T08:39:00+00:00,7.2500
2023-04-21T14:24:00+00:00,2023-04-21T14:49:00+00:00,long,-257.22000,ifvg,0.2986,0.8201,20.7500,57.0000,2023-04-21T13:59:00+00:00,23.2500
2023-04-21T14:49:00+00:00,2023-04-21T15:04:00+00:00,short,-426.96000,ifvg,0.0948,1.0474,5.0000,55.2500,2023-04-21T14:24:00+00:00,21.0000
2023-04-26T06:24:00+00:00,2023-04-26T08:04:00+00:00,short,237.60000,ifvg,1.0206,0.3402,24.7500,8.2500,2023-04-26T05:09:00+00:00,1.5000
2023-04-26T08:04:00+00:00,2023-04-26T10:44:00+00:00,long,-503.62000,ifvg,1.0667,1.0533,20.0000,19.7500,2023-04-26T07:49:00+00:00,0.7500
2023-04-26T12:19:00+00:00,2023-04-26T16:09:00+00:00,long,1202.320000,ifvg,2.6522,0.7029,91.5000,24.2500,2023-04-26T11:14:00+00:00,3.7500
2023-04-28T09:24:00+00:00,2023-04-28T09:44:00+00:00,long,-518.50000,ifvg,0.1282,1.0513,1.2500,10.2500,2023-04-28T09:14:00+00:00,0.7500
2023-04-28T12:19:00+00:00,2023-04-28T12:34:00+00:00,long,-508.32000,ifvg,2.0926,1.463,28.2500,19.7500,2023-04-28T12:09:00+00:00,0.2500
2023-05-01T00:49:00+00:00,2023-05-01T06:09:00+00:00,long,678.90000,ifvg,2.2131,0.5574,33.7500,8.5000,2023-05-01T00:24:00+00:00,2.5000
2023-05-01T06:09:00+00:00,2023-05-01T06:44:00+00:00,short,-479.36000,ifvg,0.1515,2.0,2.5000,33.0000,2023-05-01T05:59:00+00:00,2.2500
2023-05-02T00:14:00+00:00,2023-05-02T00:24:00+00:00,long,-498.60000,ifvg,0.0312,1.6406,0.5000,26.2500,2023-05-01T23:29:00+00:00,2.5000
2023-05-02T10:09:00+00:00,2023-05-02T14:14:00+00:00,short,1191.120000,ifvg,3.825,0.6625,76.5000,13.2500,2023-05-02T09:44:00+00:00,5.7500
2023-05-03T05:49:00+00:00,2023-05-03T08:44:00+00:00,long,1166.220000,ifvg,2.641,0.5897,25.7500,5.7500,2023-05-03T05:29:00+00:00,1.0000
2023-05-04T07:09:00+00:00,2023-05-04T07:39:00+00:00,short,-456.68000,ifvg,0.75,1.4844,24.0000,47.5000,2023-05-04T06:59:00+00:00,5.2500
2023-05-05T06:24:00+00:00,2023-05-05T07:09:00+00:00,long,-515.84000,ifvg,0.9839,1.2419,15.2500,19.2500,2023-05-05T05:49:00+00:00,1.0000
2023-05-05T12:39:00+00:00,2023-05-05T12:49:00+00:00,short,-241.20000,ifvg,0.0409,0.7895,1.7500,33.7500,2023-05-05T09:49:00+00:00,2.2500
2023-05-05T12:49:00+00:00,2023-05-05T14:34:00+00:00,long,1090.050000,ifvg,2.7314,0.4914,119.5000,21.5000,2023-05-05T12:39:00+00:00,9.2500
2023-05-08T06:19:00+00:00,2023-05-08T07:09:00+00:00,short,-519.54000,ifvg,0.0851,1.1702,1.0000,13.7500,2023-05-08T06:09:00+00:00,0.5000
2023-05-08T12:14:00+00:00,2023-05-08T12:44:00+00:00,long,-505.58000,ifvg,0.2807,1.4561,4.0000,20.7500,2023-05-08T11:59:00+00:00,0.2500
2023-05-08T18:14:00+00:00,2023-05-08T18:24:00+00:00,short,-453.92000,ifvg,0.0541,1.009,1.5000,28.0000,2023-05-08T17:19:00+00:00,5.5000
2023-05-08T23:24:00+00:00,2023-05-09T08:59:00+00:00,short,606.08000,ifvg,1.5902,0.418,48.5000,12.7500,2023-05-08T23:09:00+00:00,1.2500
2023-05-09T08:59:00+00:00,2023-05-09T11:29:00+00:00,long,-497.08000,ifvg,0.5714,1.0179,8.0000,14.2500,2023-05-09T08:49:00+00:00,2.0000
2023-05-09T12:29:00+00:00,2023-05-09T14:04:00+00:00,short,-476.88000,ifvg,1.2727,1.2468,24.5000,24.0000,2023-05-09T12:19:00+00:00,2.5000
2023-05-09T14:14:00+00:00,2023-05-09T20:09:00+00:00,short,174.08000,ifvg,1.0603,0.7672,30.7500,22.2500,2023-05-09T14:04:00+00:00,11.0000
2023-05-11T06:39:00+00:00,2023-05-11T07:04:00+00:00,short,-509.04000,ifvg,0.4783,1.7609,5.5000,20.2500,2023-05-11T06:29:00+00:00,0.5000
2023-05-11T07:09:00+00:00,2023-05-11T11:14:00+00:00,long,-500.36000,ifvg,1.3188,1.3043,22.7500,22.5000,2023-05-11T06:39:00+00:00,4.7500
2023-05-11T11:34:00+00:00,2023-05-11T12:19:00+00:00,long,1111.630000,ifvg,2.5507,0.8406,44.0000,14.5000,2023-05-11T11:24:00+00:00,4.5000
2023-05-11T14:54:00+00:00,2023-05-11T20:09:00+00:00,long,293.80000,ifvg,1.4311,0.4072,59.7500,17.0000,2023-05-11T14:39:00+00:00,16.5000
2023-05-12T13:54:00+00:00,2023-05-12T16:24:00+00:00,short,1040.050000,ifvg,2.5389,0.0479,106.0000,2.0000,2023-05-11T22:09:00+00:00,7.0000
2023-05-15T09:44:00+00:00,2023-05-15T10:29:00+00:00,short,41.40000,ifvg,0.8413,0.1587,13.2500,2.5000,2023-05-15T09:24:00+00:00,1.5000
2023-05-15T10:29:00+00:00,2023-05-15T12:29:00+00:00,long,-504.80000,ifvg,1.0417,1.1042,12.5000,13.2500,2023-05-15T10:14:00+00:00,3.7500
2023-05-15T17:59:00+00:00,2023-05-15T20:09:00+00:00,long,365.86000,ifvg,1.0698,0.3488,23.0000,7.5000,2023-05-15T17:49:00+00:00,8.2500
2023-05-16T07:04:00+00:00,2023-05-16T07:19:00+00:00,short,-498.56000,ifvg,0.72,1.36,9.0000,17.0000,2023-05-16T06:54:00+00:00,0.5000
2023-05-16T09:39:00+00:00,2023-05-16T11:14:00+00:00,long,-55.44000,ifvg,0.1544,0.4832,5.7500,18.0000,2023-05-16T09:29:00+00:00,3.7500
2023-05-16T11:14:00+00:00,2023-05-16T13:24:00+00:00,short,1208.160000,ifvg,2.5902,0.9016,39.5000,13.7500,2023-05-16T10:59:00+00:00,0.7500
2023-05-16T14:34:00+00:00,2023-05-16T20:09:00+00:00,long,372.82000,ifvg,0.7475,0.2656,57.0000,20.2500,2023-05-16T13:59:00+00:00,10.7500
2023-05-17T05:49:00+00:00,2023-05-17T06:09:00+00:00,long,-528.96000,ifvg,0.5,1.0588,4.2500,9.0000,2023-05-17T05:39:00+00:00,0.7500
2023-05-17T06:34:00+00:00,2023-05-17T06:39:00+00:00,long,-217.20000,ifvg,0.0,1.4167,0,4.2500,2023-05-16T22:34:00+00:00,1.2500
2023-05-17T12:04:00+00:00,2023-05-17T13:54:00+00:00,long,-470.16000,ifvg,1.1078,1.0294,28.2500,26.2500,2023-05-17T11:44:00+00:00,1.2500
2023-05-17T13:54:00+00:00,2023-05-17T14:19:00+00:00,short,-355.18000,ifvg,0.4088,0.8102,14.0000,27.7500,2023-05-17T12:54:00+00:00,0.2500
2023-05-17T14:19:00+00:00,2023-05-17T16:54:00+00:00,long,1149.820000,ifvg,2.8712,0.2803,94.7500,9.2500,2023-05-17T13:59:00+00:00,10.7500
2023-05-18T07:09:00+00:00,2023-05-18T08:04:00+00:00,long,990.300000,ifvg,3.2222,0.0741,21.7500,0.5000,2023-05-18T06:59:00+00:00,0.5000
2023-05-19T11:09:00+00:00,2023-05-19T11:49:00+00:00,long,-519.54000,ifvg,1.4043,1.1277,16.5000,13.2500,2023-05-19T10:54:00+00:00,0.5000
2023-05-19T18:59:00+00:00,2023-05-19T20:09:00+00:00,long,-41.92000,ifvg,0.5702,0.5439,16.2500,15.5000,2023-05-19T18:34:00+00:00,6.5000
2023-05-22T07:24:00+00:00,2023-05-22T11:39:00+00:00,short,479.64000,ifvg,2.25,0.5972,40.5000,10.7500,2023-05-22T07:14:00+00:00,2.7500
2023-05-22T11:39:00+00:00,2023-05-22T13:34:00+00:00,long,1219.920000,ifvg,2.7931,0.2586,40.5000,3.7500,2023-05-22T11:14:00+00:00,1.0000
2023-05-22T13:39:00+00:00,2023-05-22T14:14:00+00:00,long,76.56000,ifvg,1.2312,0.8812,49.2500,35.2500,2023-05-22T12:49:00+00:00,1.2500
2023-05-22T14:14:00+00:00,2023-05-22T20:09:00+00:00,short,-86.96000,ifvg,0.5506,0.6235,34.0000,38.5000,2023-05-22T13:44:00+00:00,7.5000
2023-05-22T23:09:00+00:00,2023-05-23T00:19:00+00:00,long,232.82000,ifvg,0.6871,0.0612,25.2500,2.2500,2023-05-22T22:49:00+00:00,0.2500
2023-05-23T00:19:00+00:00,2023-05-23T01:49:00+00:00,short,-534.80000,ifvg,0.4118,2.6471,5.2500,33.7500,2023-05-23T00:09:00+00:00,1.5000
2023-05-23T05:09:00+00:00,2023-05-23T06:59:00+00:00,long,-517.56000,ifvg,0.4808,1.1538,6.2500,15.0000,2023-05-23T04:54:00+00:00,3.7500
2023-05-23T11:04:00+00:00,2023-05-23T11:44:00+00:00,long,-503.62000,ifvg,0.0909,1.1667,1.5000,19.2500,2023-05-23T10:54:00+00:00,1.2500
2023-05-24T07:19:00+00:00,2023-05-24T07:44:00+00:00,long,-482.88000,ifvg,0.5,1.0128,9.7500,19.7500,2023-05-24T07:09:00+00:00,7.5000
2023-05-25T06:14:00+00:00,2023-05-25T06:34:00+00:00,long,1221.220000,ifvg,2.5556,0.2,28.7500,2.2500,2023-05-25T06:04:00+00:00,0.2500
2023-05-25T16:39:00+00:00,2023-05-25T18:04:00+00:00,short,-481.92000,ifvg,0.6017,1.6017,17.7500,47.2500,2023-05-25T16:29:00+00:00,6.0000
2023-05-26T07:09:00+00:00,2023-05-26T08:24:00+00:00,short,-490.62000,ifvg,1.2192,1.0274,22.2500,18.7500,2023-05-26T06:29:00+00:00,5.2500
2023-05-26T10:24:00+00:00,2023-05-26T13:39:00+00:00,long,1234.080000,ifvg,2.8306,0.121,87.7500,3.7500,2023-05-26T10:09:00+00:00,0.5000
2023-05-30T05:14:00+00:00,2023-05-30T06:04:00+00:00,short,-506.10000,ifvg,0.2381,1.6429,2.5000,17.2500,2023-05-30T04:34:00+00:00,1.2500
2023-05-30T11:09:00+00:00,2023-05-30T12:14:00+00:00,long,1205.100000,ifvg,2.9072,0.2165,70.5000,5.2500,2023-05-30T10:59:00+00:00,1.2500
2023-05-30T13:59:00+00:00,2023-05-30T20:09:00+00:00,short,154.52000,ifvg,0.9197,0.3623,106.0000,41.7500,2023-05-30T08:24:00+00:00,16.7500
2023-05-31T01:24:00+00:00,2023-05-31T01:34:00+00:00,long,-534.52000,ifvg,0.2045,1.0455,2.2500,11.5000,2023-05-31T01:14:00+00:00,2.0000
2023-05-31T11:14:00+00:00,2023-05-31T12:09:00+00:00,short,1197.140000,ifvg,2.5362,0.3478,43.7500,6.0000,2023-05-31T11:04:00+00:00,2.7500
2023-05-31T14:14:00+00:00,2023-05-31T20:09:00+00:00,short,239.04000,ifvg,1.3894,0.7981,72.2500,41.5000,2023-05-31T13:44:00+00:00,5.2500
2023-06-01T01:44:00+00:00,2023-06-01T06:14:00+00:00,short,-397.44000,ifvg,0.6369,0.8471,25.0000,33.2500,2023-06-01T01:34:00+00:00,0.7500
2023-06-01T06:14:00+00:00,2023-06-01T08:24:00+00:00,long,-474.66000,ifvg,0.767,1.0874,19.7500,28.0000,2023-06-01T06:04:00+00:00,0.2500
2023-06-01T14:29:00+00:00,2023-06-01T14:44:00+00:00,short,-436.20000,ifvg,0.314,1.4709,13.5000,63.2500,2023-06-01T14:04:00+00:00,5.7500
2023-06-02T03:34:00+00:00,2023-06-02T07:19:00+00:00,long,42.84000,ifvg,0.2941,0.7157,7.5000,18.2500,2023-06-02T02:44:00+00:00,1.0000
2023-06-02T07:19:00+00:00,2023-06-02T09:09:00+00:00,short,-514.36000,ifvg,0.8451,1.0986,15.0000,19.5000,2023-06-02T06:29:00+00:00,4.5000
2023-06-02T11:09:00+00:00,2023-06-02T12:34:00+00:00,long,-487.40000,ifvg,1.0526,1.6842,25.0000,40.0000,2023-06-02T10:59:00+00:00,0.2500
2023-06-02T13:54:00+00:00,2023-06-02T20:09:00+00:00,short,-303.72000,ifvg,0.8313,0.8645,69.0000,71.7500,2023-06-02T13:39:00+00:00,55.0000
2023-06-05T12:59:00+00:00,2023-06-05T13:34:00+00:00,short,-478.44000,ifvg,0.26,3.72,3.2500,46.5000,2023-06-05T12:49:00+00:00,4.7500
2023-06-05T13:59:00+00:00,2023-06-05T14:04:00+00:00,short,-463.68000,ifvg,0.1231,1.1231,4.0000,36.5000,2023-06-05T13:49:00+00:00,1.5000
2023-06-06T07:09:00+00:00,2023-06-06T07:29:00+00:00,long,1161.730000,ifvg,2.7073,0.0244,27.7500,0.2500,2023-06-06T06:54:00+00:00,3.5000
2023-06-06T13:34:00+00:00,2023-06-06T13:49:00+00:00,short,-495.18000,ifvg,0.4101,1.2374,14.2500,43.0000,2023-06-06T00:34:00+00:00,1.7500
2023-06-07T01:14:00+00:00,2023-06-07T11:39:00+00:00,short,-482.88000,ifvg,2.3333,1.0385,45.5000,20.2500,2023-06-06T23:19:00+00:00,0.7500
2023-06-07T13:39:00+00:00,2023-06-07T13:54:00+00:00,long,-498.54000,ifvg,2.1111,2.0667,23.7500,23.2500,2023-06-07T01:09:00+00:00,3.5000
2023-06-08T01:49:00+00:00,2023-06-08T04:09:00+00:00,short,1132.650000,ifvg,2.6557,0.623,40.5000,9.5000,2023-06-07T23:59:00+00:00,1.7500
2023-06-08T06:24:00+00:00,2023-06-08T08:14:00+00:00,long,1188.900000,ifvg,2.5469,0.5625,40.7500,9.0000,2023-06-08T06:14:00+00:00,1.2500
2023-06-08T12:19:00+00:00,2023-06-08T12:34:00+00:00,short,-478.96000,ifvg,0.1688,1.0211,10.0000,60.5000,2023-06-08T08:14:00+00:00,5.0000
2023-06-08T22:09:00+00:00,2023-06-09T07:59:00+00:00,short,517.60000,ifvg,2.022,0.4066,46.0000,9.2500,2023-06-08T20:39:00+00:00,7.5000
2023-06-09T10:24:00+00:00,2023-06-09T12:44:00+00:00,long,1124.080000,ifvg,2.5526,0.7105,97.0000,27.0000,2023-06-09T09:44:00+00:00,7.0000
2023-06-13T11:39:00+00:00,2023-06-13T11:49:00+00:00,short,1236.120000,ifvg,0.2429,1.0395,10.7500,46.0000,2023-06-13T11:19:00+00:00,3.0000
2023-06-13T18:59:00+00:00,2023-06-13T20:09:00+00:00,long,281.30000,ifvg,0.7313,0.1294,36.7500,6.5000,2023-06-13T18:34:00+00:00,22.2500
2023-06-14T06:39:00+00:00,2023-06-14T07:19:00+00:00,long,1263.900000,ifvg,2.5294,0.6618,43.0000,11.2500,2023-06-14T06:24:00+00:00,2.7500
2023-06-14T11:44:00+00:00,2023-06-14T12:34:00+00:00,short,-532.40000,ifvg,0.1731,1.0962,4.5000,28.5000,2023-06-14T11:34:00+00:00,2.2500
2023-06-14T15:14:00+00:00,2023-06-14T15:29:00+00:00,long,1307.320000,ifvg,0.3333,1.2886,37.2500,144.0000,2023-06-14T15:04:00+00:00,8.7500
2023-06-15T05:34:00+00:00,2023-06-15T06:04:00+00:00,long,-519.64000,ifvg,0.0978,1.25,2.2500,28.7500,2023-06-15T04:34:00+00:00,2.2500
2023-06-15T11:29:00+00:00,2023-06-15T12:39:00+00:00,long,-558.60000,ifvg,1.0694,1.6528,19.2500,29.7500,2023-06-15T11:14:00+00:00,2.2500
2023-06-15T12:44:00+00:00,2023-06-15T13:04:00+00:00,short,-468.70000,ifvg,0.0757,1.0811,3.5000,50.0000,2023-06-14T18:44:00+00:00,1.2500
2023-06-16T05:29:00+00:00,2023-06-16T11:29:00+00:00,long,1311.860000,ifvg,2.6979,0.6562,64.7500,15.7500,2023-06-16T04:54:00+00:00,1.0000
2023-06-16T13:24:00+00:00,2023-06-16T13:34:00+00:00,long,-448.96000,ifvg,0.2207,1.1847,12.2500,65.7500,2023-06-16T13:14:00+00:00,10.0000
2023-06-16T15:24:00+00:00,2023-06-16T19:14:00+00:00,short,1218.060000,ifvg,1.0374,0.6471,97.0000,60.5000,2023-06-16T15:14:00+00:00,7.7500
2023-06-20T00:19:00+00:00,2023-06-20T05:24:00+00:00,short,1345.760000,ifvg,3.381,0.5952,35.5000,6.2500,2023-06-20T00:09:00+00:00,1.0000
2023-06-20T13:39:00+00:00,2023-06-20T13:59:00+00:00,long,-516.18000,ifvg,0.6966,1.6897,25.2500,61.2500,2023-06-20T13:29:00+00:00,5.0000
2023-06-20T14:04:00+00:00,2023-06-20T20:09:00+00:00,short,-21.72000,ifvg,1.321,0.6667,107.0000,54.0000,2023-06-20T13:39:00+00:00,27.2500
2023-06-21T05:34:00+00:00,2023-06-21T06:14:00+00:00,short,1290.300000,ifvg,2.6,0.5143,22.7500,4.5000,2023-06-21T05:24:00+00:00,1.5000
2023-06-21T07:44:00+00:00,2023-06-21T11:49:00+00:00,short,-89.92000,ifvg,0.2214,0.9847,7.2500,32.2500,2023-06-21T07:34:00+00:00,1.0000
2023-06-21T11:49:00+00:00,2023-06-21T12:04:00+00:00,long,-574.80000,ifvg,0.2909,1.0182,4.0000,14.0000,2023-06-21T11:39:00+00:00,0.7500
2023-06-21T15:59:00+00:00,2023-06-21T20:09:00+00:00,short,-55.74000,ifvg,0.0149,0.7221,2.5000,121.5000,2023-06-21T15:44:00+00:00,3.2500
2023-06-22T10:09:00+00:00,2023-06-22T12:34:00+00:00,short,-582.08000,ifvg,1.8636,1.3939,30.7500,23.0000,2023-06-22T09:49:00+00:00,2.5000
2023-06-22T13:49:00+00:00,2023-06-22T14:14:00+00:00,long,1158.800000,ifvg,1.7654,0.1642,150.5000,14.0000,2023-06-22T00:39:00+00:00,3.5000
2023-06-23T13:49:00+00:00,2023-06-23T16:19:00+00:00,short,-418.48000,ifvg,0.0673,1.0889,7.0000,113.2500,2023-06-23T13:39:00+00:00,3.7500
2023-06-26T08:09:00+00:00,2023-06-26T13:39:00+00:00,short,-536.20000,ifvg,0.4104,1.1698,21.7500,62.0000,2023-06-26T07:59:00+00:00,2.5000
2023-06-26T14:54:00+00:00,2023-06-26T15:09:00+00:00,long,-518.70000,ifvg,0.0585,1.4244,3.0000,73.0000,2023-06-26T14:44:00+00:00,11.5000
2023-06-27T00:14:00+00:00,2023-06-27T01:19:00+00:00,short,1290.300000,ifvg,2.8571,0.0286,25.0000,0.2500,2023-06-26T23:59:00+00:00,1.2500
2023-06-27T01:54:00+00:00,2023-06-27T13:39:00+00:00,long,1326.120000,ifvg,3.8764,0.5056,86.2500,11.2500,2023-06-27T00:59:00+00:00,1.5000
2023-06-27T15:34:00+00:00,2023-06-27T20:09:00+00:00,long,660.78000,ifvg,1.6425,0.0699,158.5000,6.7500,2023-06-26T16:14:00+00:00,46.7500
2023-06-28T02:49:00+00:00,2023-06-28T08:39:00+00:00,long,-572.40000,ifvg,0.5446,1.2411,15.2500,34.7500,2023-06-28T00:24:00+00:00,5.2500
2023-06-28T13:39:00+00:00,2023-06-28T13:49:00+00:00,long,-581.62000,ifvg,1.1034,1.8161,24.0000,39.5000,2023-06-28T13:14:00+00:00,5.2500
2023-06-28T16:34:00+00:00,2023-06-28T20:04:00+00:00,short,-547.68000,ifvg,1.9416,1.1948,74.7500,46.0000,2023-06-28T16:14:00+00:00,5.2500
2023-06-29T00:19:00+00:00,2023-06-29T03:39:00+00:00,long,-558.14000,ifvg,0.5051,1.1111,12.5000,27.5000,2023-06-28T23:44:00+00:00,0.7500
2023-06-29T05:09:00+00:00,2023-06-29T05:24:00+00:00,long,-588.28000,ifvg,0.0784,1.0784,1.0000,13.7500,2023-06-29T04:54:00+00:00,1.2500
2023-06-29T11:44:00+00:00,2023-06-29T12:04:00+00:00,short,-584.06000,ifvg,0.1356,1.4237,2.0000,21.0000,2023-06-29T11:34:00+00:00,1.0000
2023-07-03T00:14:00+00:00,2023-07-03T03:39:00+00:00,short,-571.84000,ifvg,0.3043,1.0,5.2500,17.2500,2023-07-03T00:04:00+00:00,1.5000
2023-07-04T00:14:00+00:00,2023-07-04T01:34:00+00:00,long,-566.28000,ifvg,0.3061,1.1224,3.7500,13.7500,2023-07-03T23:39:00+00:00,4.0000
2023-07-04T01:39:00+00:00,2023-07-04T03:49:00+00:00,short,-555.84000,ifvg,0.0,1.0,0,16.7500,2023-07-04T00:09:00+00:00,1.0000
2023-07-05T00:34:00+00:00,2023-07-05T06:09:00+00:00,long,-551.04000,ifvg,1.3,1.26,16.2500,15.7500,2023-07-05T00:19:00+00:00,3.0000
2023-07-05T08:19:00+00:00,2023-07-05T13:44:00+00:00,short,-538.44000,ifvg,1.322,1.5424,58.5000,68.2500,2023-07-05T08:09:00+00:00,1.7500
2023-07-07T05:19:00+00:00,2023-07-07T05:49:00+00:00,long,-544.32000,ifvg,0.1552,1.1034,2.2500,16.0000,2023-07-07T04:09:00+00:00,3.5000
2023-07-07T08:04:00+00:00,2023-07-07T09:14:00+00:00,long,1268.440000,ifvg,2.9074,0.5556,39.2500,7.5000,2023-07-07T07:54:00+00:00,2.2500
2023-07-07T13:04:00+00:00,2023-07-07T16:04:00+00:00,short,-509.22000,ifvg,0.3116,1.0415,26.2500,87.7500,2023-07-07T12:39:00+00:00,41.7500
2023-07-09T22:29:00+00:00,2023-07-10T00:29:00+00:00,long,-510.66000,ifvg,0.4414,1.2072,12.2500,33.5000,2023-07-09T22:14:00+00:00,5.2500
2023-07-10T14:14:00+00:00,2023-07-10T15:49:00+00:00,long,-312.72000,ifvg,0.4667,0.8632,33.2500,61.5000,2023-07-10T13:54:00+00:00,3.0000
2023-07-10T15:49:00+00:00,2023-07-10T17:34:00+00:00,short,-492.96000,ifvg,0.918,1.0123,56.0000,61.7500,2023-07-10T15:39:00+00:00,10.0000
2023-07-11T00:09:00+00:00,2023-07-11T01:19:00+00:00,short,-516.62000,ifvg,0.0519,1.0519,1.0000,20.2500,2023-07-10T23:54:00+00:00,1.7500
2023-07-11T05:19:00+00:00,2023-07-11T05:34:00+00:00,short,-457.20000,ifvg,0.0,2.25,0,15.7500,2023-07-11T05:09:00+00:00,0.2500
2023-07-11T05:39:00+00:00,2023-07-11T08:04:00+00:00,long,-531.84000,ifvg,1.9844,1.5781,31.7500,25.2500,2023-07-11T05:19:00+00:00,8.2500
2023-07-11T12:34:00+00:00,2023-07-11T13:19:00+00:00,long,-479.16000,ifvg,0.0481,1.0769,1.2500,28.0000,2023-07-11T12:24:00+00:00,3.7500
2023-07-11T13:49:00+00:00,2023-07-11T14:39:00+00:00,short,-502.18000,ifvg,1.2766,1.1773,45.0000,41.5000,2023-07-11T13:39:00+00:00,5.7500
2023-07-12T01:49:00+00:00,2023-07-12T04:29:00+00:00,long,1200.250000,ifvg,2.5128,0.6154,24.5000,6.0000,2023-07-12T01:34:00+00:00,0.5000
2023-07-12T06:24:00+00:00,2023-07-12T07:34:00+00:00,short,-531.00000,ifvg,1.125,1.025,11.2500,10.2500,2023-07-12T06:14:00+00:00,0.5000
2023-07-12T12:39:00+00:00,2023-07-12T14:24:00+00:00,long,1165.560000,ifvg,2.5641,0.891,100.0000,34.7500,2023-07-07T18:39:00+00:00,2.5000
2023-07-13T11:44:00+00:00,2023-07-13T12:39:00+00:00,long,-523.84000,ifvg,1.9683,1.4127,31.0000,22.2500,2023-07-13T11:19:00+00:00,3.5000
2023-07-13T12:49:00+00:00,2023-07-13T13:54:00+00:00,long,1230.840000,ifvg,2.5909,0.4818,71.2500,13.2500,2023-07-13T12:39:00+00:00,4.2500
2023-07-14T10:54:00+00:00,2023-07-14T13:34:00+00:00,short,-501.92000,ifvg,0.2276,2.3008,7.0000,70.7500,2023-07-14T10:34:00+00:00,0.2500
2023-07-17T11:29:00+00:00,2023-07-17T13:09:00+00:00,short,-525.14000,ifvg,0.7312,1.2151,17.0000,28.2500,2023-07-17T11:14:00+00:00,0.7500
2023-07-17T13:54:00+00:00,2023-07-17T15:29:00+00:00,short,-444.96000,ifvg,0.2182,1.1045,12.0000,60.7500,2023-07-17T13:39:00+00:00,21.2500
2023-07-18T01:44:00+00:00,2023-07-18T02:24:00+00:00,short,-534.52000,ifvg,0.25,1.0682,2.7500,11.7500,2023-07-18T01:24:00+00:00,0.2500
2023-07-18T05:59:00+00:00,2023-07-18T07:54:00+00:00,short,-526.24000,ifvg,0.8158,1.8947,7.7500,18.0000,2023-07-18T05:49:00+00:00,2.2500
2023-07-18T13:39:00+00:00,2023-07-18T15:44:00+00:00,short,-383.22000,ifvg,0.3953,1.253,25.0000,79.2500,2023-07-17T16:54:00+00:00,5.2500
2023-07-19T15:19:00+00:00,2023-07-19T16:24:00+00:00,long,-422.96000,ifvg,0.4593,1.2057,24.0000,63.0000,2023-07-19T14:59:00+00:00,11.7500
2023-07-20T14:09:00+00:00,2023-07-20T18:19:00+00:00,short,1152.040000,ifvg,2.8788,0.4286,166.2500,24.7500,2023-07-20T13:39:00+00:00,16.0000
2023-07-21T04:34:00+00:00,2023-07-21T05:19:00+00:00,long,-522.58000,ifvg,0.0678,1.0508,1.0000,15.5000,2023-07-21T04:09:00+00:00,0.7500
2023-07-21T06:04:00+00:00,2023-07-21T08:19:00+00:00,long,1232.140000,ifvg,2.507,0.4507,44.5000,8.0000,2023-07-21T04:59:00+00:00,2.7500
2023-07-21T13:34:00+00:00,2023-07-21T13:49:00+00:00,short,1219.590000,ifvg,2.5963,0.4587,70.7500,12.5000,2023-07-21T13:04:00+00:00,0.5000
2023-07-21T18:19:00+00:00,2023-07-21T20:09:00+00:00,short,409.04000,ifvg,1.4489,0.1911,81.5000,10.7500,2023-07-21T17:19:00+00:00,3.5000
2023-07-24T07:39:00+00:00,2023-07-24T11:19:00+00:00,short,-257.40000,ifvg,0.2019,0.9808,5.2500,25.5000,2023-07-24T07:24:00+00:00,11.7500
2023-07-24T11:19:00+00:00,2023-07-24T12:14:00+00:00,long,-534.80000,ifvg,0.6471,1.3725,8.2500,17.5000,2023-07-24T11:09:00+00:00,0.7500
2023-07-24T13:29:00+00:00,2023-07-24T13:34:00+00:00,short,-503.62000,ifvg,0.24,2.1467,4.5000,40.2500,2023-07-24T13:19:00+00:00,3.7500
2023-07-24T13:54:00+00:00,2023-07-24T14:14:00+00:00,short,-486.20000,ifvg,0.0677,1.4115,3.2500,67.7500,2023-07-24T13:19:00+00:00,3.7500
2023-07-24T15:19:00+00:00,2023-07-24T20:09:00+00:00,long,-64.96000,ifvg,0.121,0.8885,9.5000,69.7500,2023-07-24T15:09:00+00:00,4.7500
2023-07-25T12:24:00+00:00,2023-07-25T13:34:00+00:00,short,-506.88000,ifvg,1.0732,1.1098,22.0000,22.7500,2023-07-25T12:04:00+00:00,6.0000
2023-07-25T13:39:00+00:00,2023-07-25T17:04:00+00:00,long,1098.060000,ifvg,2.585,0.1293,95.0000,4.7500,2023-07-25T12:24:00+00:00,4.5000
2023-07-26T11:44:00+00:00,2023-07-26T13:59:00+00:00,short,29.34000,ifvg,2.4369,0.4757,62.7500,12.2500,2023-07-26T11:24:00+00:00,8.2500
2023-07-26T13:59:00+00:00,2023-07-26T14:54:00+00:00,long,-521.20000,ifvg,0.1408,1.2233,7.2500,63.0000,2023-07-26T13:39:00+00:00,24.5000
2023-07-26T19:14:00+00:00,2023-07-26T20:09:00+00:00,short,-384.48000,ifvg,0.3325,1.6649,31.7500,159.0000,2023-07-26T18:44:00+00:00,55.7500
2023-07-27T03:59:00+00:00,2023-07-27T07:39:00+00:00,long,1188.110000,ifvg,2.6322,0.1724,57.2500,3.7500,2023-07-27T03:44:00+00:00,3.7500
2023-07-27T19:19:00+00:00,2023-07-27T19:34:00+00:00,long,-502.44000,ifvg,0.0242,1.0364,1.0000,42.7500,2023-07-27T19:04:00+00:00,7.5000
2023-07-28T03:49:00+00:00,2023-07-28T04:19:00+00:00,short,1256.860000,ifvg,2.5652,0.9239,59.0000,21.2500,2023-07-28T03:39:00+00:00,0.2500
2023-07-28T13:19:00+00:00,2023-07-28T13:39:00+00:00,short,-467.18000,ifvg,0.2748,1.7099,9.0000,56.0000,2023-07-28T13:04:00+00:00,8.5000
2023-07-28T17:59:00+00:00,2023-07-28T18:44:00+00:00,long,159.52000,ifvg,0.9636,0.5091,26.5000,14.0000,2023-07-28T17:49:00+00:00,4.5000
2023-07-28T18:49:00+00:00,2023-07-28T20:09:00+00:00,short,107.04000,ifvg,0.5962,0.3756,31.7500,20.0000,2023-07-28T18:29:00+00:00,4.0000
2023-07-31T14:14:00+00:00,2023-07-31T17:04:00+00:00,long,-468.70000,ifvg,0.427,1.0973,19.7500,50.7500,2023-07-31T14:04:00+00:00,19.7500
2023-07-31T19:09:00+00:00,2023-07-31T19:59:00+00:00,short,-518.88000,ifvg,1.3333,1.6905,28.0000,35.5000,2023-07-31T18:59:00+00:00,4.2500
2023-08-01T00:54:00+00:00,2023-08-01T03:34:00+00:00,long,-543.50000,ifvg,1.561,1.0976,16.0000,11.2500,2023-08-01T00:44:00+00:00,1.2500
2023-08-01T04:39:00+00:00,2023-08-01T05:24:00+00:00,long,-533.28000,ifvg,0.0435,1.0,0.5000,11.5000,2023-08-01T03:34:00+00:00,2.5000
2023-08-01T08:44:00+00:00,2023-08-01T09:34:00+00:00,long,-521.36000,ifvg,0.4722,1.2917,8.5000,23.2500,2023-08-01T08:34:00+00:00,0.7500
2023-08-03T00:24:00+00:00,2023-08-03T01:34:00+00:00,short,-482.40000,ifvg,0.1702,1.2553,4.0000,29.5000,2023-08-02T22:59:00+00:00,2.2500
2023-08-03T04:19:00+00:00,2023-08-03T05:59:00+00:00,short,82.56000,ifvg,0.8389,0.1946,31.2500,7.2500,2023-08-03T03:59:00+00:00,4.2500
2023-08-03T06:04:00+00:00,2023-08-03T06:49:00+00:00,long,-488.88000,ifvg,0.3544,1.2785,7.0000,25.2500,2023-08-03T05:49:00+00:00,1.5000
2023-08-03T10:29:00+00:00,2023-08-03T11:04:00+00:00,short,-488.88000,ifvg,0.6962,1.3797,13.7500,27.2500,2023-08-03T10:09:00+00:00,8.0000
2023-08-03T14:14:00+00:00,2023-08-03T15:19:00+00:00,short,-454.96000,ifvg,1.1644,1.0622,65.5000,59.7500,2023-08-03T13:54:00+00:00,15.2500
2023-08-03T18:24:00+00:00,2023-08-03T19:09:00+00:00,long,-497.92000,ifvg,0.123,1.1066,3.7500,33.7500,2023-08-03T18:04:00+00:00,3.5000
2023-08-04T08:39:00+00:00,2023-08-04T09:29:00+00:00,short,-435.68000,ifvg,0.0574,1.0738,1.7500,32.7500,2023-08-04T08:09:00+00:00,9.5000
2023-08-04T13:49:00+00:00,2023-08-04T14:39:00+00:00,short,176.28000,ifvg,1.8706,0.1608,133.7500,11.5000,2023-08-04T13:39:00+00:00,36.2500
2023-08-04T14:39:00+00:00,2023-08-04T18:39:00+00:00,long,-435.48000,ifvg,1.0485,1.0462,113.5000,113.2500,2023-08-04T13:59:00+00:00,20.7500
2023-08-07T05:44:00+00:00,2023-08-07T05:54:00+00:00,short,-491.84000,ifvg,0.0678,1.0,1.0000,14.7500,2023-08-07T05:24:00+00:00,1.2500
2023-08-07T06:49:00+00:00,2023-08-07T07:14:00+00:00,long,1134.920000,ifvg,2.8519,0.7037,38.5000,9.5000,2023-08-07T06:39:00+00:00,3.7500
2023-08-07T08:59:00+00:00,2023-08-07T10:29:00+00:00,long,-482.88000,ifvg,1.0641,1.0897,20.7500,21.2500,2023-08-07T08:49:00+00:00,1.0000
2023-08-07T12:39:00+00:00,2023-08-07T13:34:00+00:00,long,1176.120000,ifvg,2.6076,0.443,51.5000,8.7500,2023-08-07T12:24:00+00:00,7.5000
2023-08-07T13:49:00+00:00,2023-08-07T13:59:00+00:00,short,-30.72000,ifvg,0.0102,0.7356,0.7500,54.2500,2023-08-07T12:39:00+00:00,12.2500
2023-08-07T14:14:00+00:00,2023-08-07T15:19:00+00:00,long,-443.70000,ifvg,0.6556,1.0705,39.5000,64.5000,2023-08-07T13:49:00+00:00,4.5000
2023-08-08T07:09:00+00:00,2023-08-08T10:34:00+00:00,long,-467.40000,ifvg,1.044,1.022,23.7500,23.2500,2023-08-08T06:04:00+00:00,4.5000
2023-08-09T11:39:00+00:00,2023-08-09T13:14:00+00:00,long,-486.64000,ifvg,1.1047,1.0349,23.7500,22.2500,2023-08-09T11:09:00+00:00,3.0000
2023-08-10T06:49:00+00:00,2023-08-10T07:04:00+00:00,short,-481.32000,ifvg,0.2745,1.5098,3.5000,19.2500,2023-08-10T06:14:00+00:00,1.5000
2023-08-10T16:59:00+00:00,2023-08-10T20:09:00+00:00,short,14.26000,ifvg,0.428,0.2014,76.5000,36.0000,2023-08-10T16:44:00+00:00,1.2500
2023-08-11T06:09:00+00:00,2023-08-11T06:34:00+00:00,short,-481.32000,ifvg,0.0196,1.2941,0.2500,16.5000,2023-08-11T05:54:00+00:00,2.5000
2023-08-15T05:24:00+00:00,2023-08-15T05:39:00+00:00,long,-470.88000,ifvg,0.1053,1.0658,2.0000,20.2500,2023-08-15T05:09:00+00:00,1.2500
2023-08-16T12:29:00+00:00,2023-08-16T13:49:00+00:00,short,-403.70000,ifvg,0.9182,1.0126,36.5000,40.2500,2023-08-16T11:29:00+00:00,0.5000
2023-08-16T18:29:00+00:00,2023-08-16T19:09:00+00:00,long,-393.72000,ifvg,0.2962,1.1654,19.2500,75.7500,2023-08-16T18:09:00+00:00,18.0000
2023-08-17T08:04:00+00:00,2023-08-17T13:59:00+00:00,long,-388.96000,ifvg,1.2917,1.0052,62.0000,48.2500,2023-08-17T07:49:00+00:00,2.2500
2023-08-18T03:54:00+00:00,2023-08-18T11:24:00+00:00,short,1015.560000,ifvg,2.6471,0.4485,90.0000,15.2500,2023-08-18T03:34:00+00:00,5.2500
2023-08-21T01:09:00+00:00,2023-08-21T01:19:00+00:00,short,1109.640000,ifvg,2.7188,0.1875,43.5000,3.0000,2023-08-21T00:29:00+00:00,1.5000
2023-08-22T01:29:00+00:00,2023-08-22T03:39:00+00:00,long,90.86000,ifvg,0.7711,0.7711,16.0000,16.0000,2023-08-22T01:09:00+00:00,0.2500
2023-08-22T03:39:00+00:00,2023-08-22T06:14:00+00:00,short,-498.56000,ifvg,1.58,1.56,19.7500,19.5000,2023-08-22T03:14:00+00:00,1.7500
2023-08-22T12:49:00+00:00,2023-08-22T13:44:00+00:00,short,1104.080000,ifvg,2.8559,0.2072,79.2500,5.7500,2023-08-22T11:49:00+00:00,2.7500
2023-08-22T14:59:00+00:00,2023-08-22T15:44:00+00:00,long,-488.70000,ifvg,0.1554,1.0311,7.5000,49.7500,2023-08-22T14:34:00+00:00,2.5000
2023-08-22T16:44:00+00:00,2023-08-22T17:19:00+00:00,long,-436.20000,ifvg,0.2674,1.1802,11.5000,50.7500,2023-08-22T16:14:00+00:00,0.5000
2023-08-23T00:14:00+00:00,2023-08-23T01:19:00+00:00,long,1156.680000,ifvg,2.6346,0.0577,34.2500,0.7500,2023-08-22T23:54:00+00:00,2.0000
2023-08-23T03:39:00+00:00,2023-08-23T07:29:00+00:00,long,1144.130000,ifvg,2.8169,0.6761,50.0000,12.0000,2023-08-23T03:19:00+00:00,1.7500
2023-08-23T12:44:00+00:00,2023-08-23T13:54:00+00:00,long,1097.320000,ifvg,2.5,0.8175,78.7500,25.7500,2023-08-23T12:29:00+00:00,0.7500
2023-08-24T05:49:00+00:00,2023-08-24T07:04:00+00:00,short,-499.32000,ifvg,1.6415,1.3208,21.7500,17.5000,2023-08-24T05:34:00+00:00,0.5000
2023-08-24T07:19:00+00:00,2023-08-24T08:04:00+00:00,short,-449.68000,ifvg,0.0873,1.1746,2.7500,37.0000,2023-08-24T07:09:00+00:00,16.5000
2023-08-24T18:24:00+00:00,2023-08-24T20:09:00+00:00,short,758.28000,ifvg,2.176,0.0262,145.2500,1.7500,2023-08-24T18:09:00+00:00,1.5000
2023-08-25T05:29:00+00:00,2023-08-25T05:54:00+00:00,short,-522.58000,ifvg,0.322,1.7797,4.7500,26.2500,2023-08-25T04:34:00+00:00,3.2500
2023-08-25T10:49:00+00:00,2023-08-25T12:14:00+00:00,short,-507.36000,ifvg,1.2714,1.0571,22.2500,18.5000,2023-08-25T10:19:00+00:00,1.0000
2023-08-27T23:19:00+00:00,2023-08-28T01:39:00+00:00,long,-66.20000,ifvg,0.1437,0.908,6.2500,39.5000,2023-08-27T23:09:00+00:00,4.2500
2023-08-28T06:54:00+00:00,2023-08-28T07:24:00+00:00,short,-348.60000,ifvg,1.1591,1.3636,12.7500,15.0000,2023-08-28T06:39:00+00:00,2.0000
2023-08-28T07:24:00+00:00,2023-08-28T12:59:00+00:00,long,1167.320000,ifvg,2.6045,0.8507,87.2500,28.5000,2023-08-28T06:59:00+00:00,4.0000
2023-08-29T06:59:00+00:00,2023-08-29T07:29:00+00:00,short,-513.60000,ifvg,0.4697,1.2576,7.7500,20.7500,2023-08-29T06:39:00+00:00,0.2500
2023-08-29T07:49:00+00:00,2023-08-29T12:24:00+00:00,short,1146.860000,ifvg,2.6786,0.0595,56.2500,1.2500,2023-08-29T07:34:00+00:00,8.0000
2023-08-30T06:14:00+00:00,2023-08-30T06:59:00+00:00,long,-517.56000,ifvg,0.25,1.0962,3.2500,14.2500,2023-08-30T05:59:00+00:00,1.5000
2023-08-30T13:59:00+00:00,2023-08-30T14:29:00+00:00,long,-443.22000,ifvg,0.5734,1.2321,42.0000,90.2500,2023-08-30T04:39:00+00:00,1.0000
2023-08-30T14:29:00+00:00,2023-08-30T15:39:00+00:00,short,-492.72000,ifvg,0.0368,1.1227,3.0000,91.5000,2023-08-30T13:59:00+00:00,23.5000
2023-08-31T10:09:00+00:00,2023-08-31T11:44:00+00:00,long,1170.150000,ifvg,2.9683,0.4127,46.7500,6.5000,2023-08-31T09:59:00+00:00,2.7500
2023-09-01T13:44:00+00:00,2023-09-01T14:04:00+00:00,short,-43.48000,ifvg,0.6236,0.1264,54.2500,11.0000,2023-09-01T12:39:00+00:00,48.0000
2023-09-01T14:04:00+00:00,2023-09-01T14:49:00+00:00,long,-466.44000,ifvg,0.7647,1.5163,29.2500,58.0000,2023-09-01T13:54:00+00:00,5.2500
2023-09-04T10:29:00+00:00,2023-09-04T13:39:00+00:00,short,-499.32000,ifvg,0.8868,1.3208,11.7500,17.5000,2023-09-04T09:59:00+00:00,1.2500
2023-09-04T14:19:00+00:00,2023-09-05T01:19:00+00:00,short,1174.590000,ifvg,2.5238,0.1143,66.2500,3.0000,2023-09-04T13:39:00+00:00,8.5000
2023-09-05T05:54:00+00:00,2023-09-05T06:29:00+00:00,long,-510.12000,ifvg,0.0526,1.6667,0.7500,23.7500,2023-09-05T05:29:00+00:00,3.5000
2023-09-05T12:49:00+00:00,2023-09-05T13:09:00+00:00,long,-477.62000,ifvg,0.6338,1.3521,11.2500,24.0000,2023-09-05T12:39:00+00:00,0.7500
2023-09-05T13:14:00+00:00,2023-09-05T13:34:00+00:00,short,-483.66000,ifvg,0.4286,1.5714,11.2500,41.2500,2023-09-05T12:54:00+00:00,5.5000
2023-09-05T14:14:00+00:00,2023-09-05T15:09:00+00:00,long,1053.060000,ifvg,2.9433,0.4397,103.7500,15.5000,2023-09-05T14:04:00+00:00,2.0000
2023-09-06T14:09:00+00:00,2023-09-06T14:54:00+00:00,short,1180.560000,ifvg,1.1686,0.2781,98.7500,23.5000,2023-09-05T08:44:00+00:00,1.7500
2023-09-07T08:09:00+00:00,2023-09-07T12:34:00+00:00,short,1180.100000,ifvg,3.8105,0.9474,90.5000,22.5000,2023-09-07T07:59:00+00:00,4.0000
2023-09-07T19:14:00+00:00,2023-09-07T19:54:00+00:00,short,-477.40000,ifvg,0.6344,1.2796,14.7500,29.7500,2023-09-07T18:59:00+00:00,8.0000
2023-09-08T00:04:00+00:00,2023-09-08T00:29:00+00:00,short,1140.300000,ifvg,2.5484,0.4194,19.7500,3.2500,2023-09-07T23:54:00+00:00,0.5000
2023-09-08T11:24:00+00:00,2023-09-08T12:34:00+00:00,short,-484.68000,ifvg,0.4265,1.2059,14.5000,41.0000,2023-09-08T10:29:00+00:00,1.5000
2023-09-08T18:19:00+00:00,2023-09-08T20:09:00+00:00,short,-516.18000,ifvg,0.869,1.0069,31.5000,36.5000,2023-09-08T18:09:00+00:00,1.0000
2023-09-11T01:44:00+00:00,2023-09-11T04:39:00+00:00,long,1244.460000,ifvg,2.5208,0.1458,30.2500,1.7500,2023-09-11T01:29:00+00:00,1.5000
2023-09-11T10:34:00+00:00,2023-09-11T12:14:00+00:00,long,1224.180000,ifvg,2.6,0.3091,35.7500,4.2500,2023-09-11T10:24:00+00:00,1.5000
2023-09-11T13:44:00+00:00,2023-09-11T17:24:00+00:00,short,-463.70000,ifvg,0.847,1.1421,38.7500,52.2500,2023-09-11T12:14:00+00:00,6.7500
2023-09-11T19:29:00+00:00,2023-09-11T20:09:00+00:00,long,-68.48000,ifvg,0.0618,0.3258,5.5000,29.0000,2023-09-11T19:19:00+00:00,0.5000
2023-09-12T05:29:00+00:00,2023-09-12T07:14:00+00:00,long,-539.24000,ifvg,1.7179,2.0513,16.7500,20.0000,2023-09-12T05:09:00+00:00,2.0000
2023-09-12T10:49:00+00:00,2023-09-12T13:14:00+00:00,short,1288.160000,ifvg,2.9811,0.8491,39.5000,11.2500,2023-09-12T10:39:00+00:00,0.7500
2023-09-13T06:54:00+00:00,2023-09-13T07:44:00+00:00,long,119.34000,ifvg,1.3241,0.3333,35.7500,9.0000,2023-09-13T05:54:00+00:00,0.2500
2023-09-13T09:49:00+00:00,2023-09-13T12:34:00+00:00,short,1264.590000,ifvg,1.6402,1.5291,77.5000,72.2500,2023-09-13T09:24:00+00:00,0.7500
2023-09-13T14:29:00+00:00,2023-09-13T20:09:00+00:00,long,180.52000,ifvg,1.0212,0.1587,96.5000,15.0000,2023-09-13T14:14:00+00:00,0.2500
2023-09-14T06:54:00+00:00,2023-09-14T08:29:00+00:00,short,1302.140000,ifvg,2.5733,0.2667,48.2500,5.0000,2023-09-14T06:29:00+00:00,2.5000
2023-09-14T12:59:00+00:00,2023-09-14T13:54:00+00:00,long,-493.70000,ifvg,0.641,1.2923,31.2500,63.0000,2023-09-14T12:39:00+00:00,19.0000
2023-09-14T23:54:00+00:00,2023-09-15T02:04:00+00:00,short,-554.88000,ifvg,0.2111,1.3,4.7500,29.2500,2023-09-14T23:14:00+00:00,3.2500
2023-09-15T12:14:00+00:00,2023-09-15T12:24:00+00:00,long,-557.52000,ifvg,0.3696,1.2391,4.2500,14.2500,2023-09-15T11:59:00+00:00,1.7500
2023-09-17T22:09:00+00:00,2023-09-18T05:49:00+00:00,long,127.82000,ifvg,0.5067,0.14,19.0000,5.2500,2023-09-15T20:59:00+00:00,0.2500
2023-09-18T05:49:00+00:00,2023-09-18T06:19:00+00:00,short,-532.20000,ifvg,0.7576,1.0303,6.2500,8.5000,2023-09-18T05:39:00+00:00,1.2500
2023-09-18T06:19:00+00:00,2023-09-18T06:39:00+00:00,long,-540.54000,ifvg,0.3061,1.3265,3.7500,16.2500,2023-09-18T05:49:00+00:00,2.0000
2023-09-18T06:39:00+00:00,2023-09-18T06:59:00+00:00,short,-256.00000,ifvg,0.3171,0.8537,3.2500,8.7500,2023-09-18T06:19:00+00:00,3.2500
2023-09-18T06:59:00+00:00,2023-09-18T07:19:00+00:00,long,-544.28000,ifvg,0.9574,1.1064,11.2500,13.0000,2023-09-18T06:44:00+00:00,4.2500
2023-09-18T07:29:00+00:00,2023-09-18T11:09:00+00:00,long,-521.10000,ifvg,1.3284,1.0746,22.2500,18.0000,2023-09-18T06:44:00+00:00,4.2500
2023-09-18T11:14:00+00:00,2023-09-18T13:39:00+00:00,short,-484.44000,ifvg,1.4906,1.1384,59.2500,45.2500,2023-09-17T22:09:00+00:00,4.0000
2023-09-18T13:39:00+00:00,2023-09-18T20:09:00+00:00,long,121.04000,ifvg,0.9395,0.8558,50.5000,46.0000,2023-09-18T11:39:00+00:00,14.5000
2023-09-19T09:24:00+00:00,2023-09-19T11:44:00+00:00,long,-66.20000,ifvg,0.2663,0.1608,13.2500,8.0000,2023-09-19T09:09:00+00:00,0.7500
2023-09-19T11:44:00+00:00,2023-09-19T12:44:00+00:00,short,1224.180000,ifvg,2.7636,0.4182,38.0000,5.7500,2023-09-19T11:29:00+00:00,2.0000
2023-09-19T19:04:00+00:00,2023-09-19T20:09:00+00:00,short,-244.96000,ifvg,0.2271,0.6016,14.2500,37.7500,2023-09-19T17:54:00+00:00,16.0000
2023-09-20T08:09:00+00:00,2023-09-20T08:24:00+00:00,short,-530.88000,ifvg,0.0698,1.0698,1.5000,23.0000,2023-09-20T07:29:00+00:00,6.2500
2023-09-20T08:24:00+00:00,2023-09-20T09:14:00+00:00,long,74.08000,ifvg,0.5859,0.1172,18.7500,3.7500,2023-09-20T08:09:00+00:00,3.0000
2023-09-20T09:14:00+00:00,2023-09-20T09:59:00+00:00,short,-545.76000,ifvg,0.186,1.2558,2.0000,13.5000,2023-09-20T09:04:00+00:00,0.2500
2023-09-20T11:34:00+00:00,2023-09-20T12:19:00+00:00,short,-523.84000,ifvg,0.0,1.1429,0,18.0000,2023-09-20T11:04:00+00:00,0.2500
2023-09-20T12:49:00+00:00,2023-09-20T13:34:00+00:00,long,-497.40000,ifvg,0.6701,1.8557,16.2500,45.0000,2023-09-20T12:39:00+00:00,1.0000
2023-09-20T17:59:00+00:00,2023-09-20T18:04:00+00:00,long,-448.44000,ifvg,0.0,2.3265,0,85.5000,2023-09-20T17:44:00+00:00,4.5000
2023-09-21T09:09:00+00:00,2023-09-21T09:59:00+00:00,long,-497.64000,ifvg,0.2045,1.1023,4.5000,24.2500,2023-09-21T08:44:00+00:00,7.5000
2023-09-21T14:14:00+00:00,2023-09-21T19:14:00+00:00,long,-446.20000,ifvg,1.4659,1.3068,64.5000,57.5000,2023-09-21T13:59:00+00:00,9.2500
2023-09-21T23:59:00+00:00,2023-09-22T01:44:00+00:00,short,-507.40000,ifvg,0.596,1.0404,14.7500,25.7500,2023-09-21T22:09:00+00:00,3.7500
2023-09-22T04:59:00+00:00,2023-09-22T08:54:00+00:00,long,180.32000,ifvg,0.7744,0.3459,25.7500,11.5000,2023-09-22T04:29:00+00:00,0.5000
2023-09-22T08:54:00+00:00,2023-09-22T09:39:00+00:00,short,-508.06000,ifvg,0.7843,1.1961,10.0000,15.2500,2023-09-22T08:44:00+00:00,0.2500
2023-09-22T12:09:00+00:00,2023-09-22T13:34:00+00:00,long,-486.64000,ifvg,1.3488,1.3488,29.0000,29.0000,2023-09-22T11:04:00+00:00,2.5000
2023-09-25T10:39:00+00:00,2023-09-25T12:34:00+00:00,short,138.78000,ifvg,0.6552,0.3345,47.5000,24.2500,2023-09-25T10:24:00+00:00,5.5000
2023-09-25T12:34:00+00:00,2023-09-25T13:09:00+00:00,long,-452.16000,ifvg,0.9388,1.4286,23.0000,35.0000,2023-09-25T12:24:00+00:00,0.5000
2023-09-25T13:24:00+00:00,2023-09-25T13:34:00+00:00,long,-474.66000,ifvg,0.5922,1.466,15.2500,37.7500,2023-09-25T13:14:00+00:00,5.2500
2023-09-25T16:44:00+00:00,2023-09-25T17:14:00+00:00,short,-337.68000,ifvg,0.8682,0.8915,28.0000,28.7500,2023-09-25T16:24:00+00:00,13.0000
2023-09-25T19:24:00+00:00,2023-09-25T20:09:00+00:00,long,125.28000,ifvg,2.1008,0.4034,62.5000,12.0000,2023-09-25T19:09:00+00:00,11.0000
2023-09-26T05:29:00+00:00,2023-09-26T06:14:00+00:00,short,1183.260000,ifvg,3.4595,0.6216,32.0000,5.7500,2023-09-26T05:19:00+00:00,0.7500
2023-09-26T10:09:00+00:00,2023-09-26T11:14:00+00:00,long,-97.44000,ifvg,0.4722,0.375,17.0000,13.5000,2023-09-26T09:59:00+00:00,2.5000
2023-09-26T11:14:00+00:00,2023-09-26T11:24:00+00:00,short,-305.92000,ifvg,0.0522,0.7478,1.5000,21.5000,2023-09-26T10:09:00+00:00,0.7500
2023-09-26T11:24:00+00:00,2023-09-26T11:54:00+00:00,long,92.34000,ifvg,0.8762,0.0667,23.0000,1.7500,2023-09-26T11:14:00+00:00,11.7500
2023-09-26T11:54:00+00:00,2023-09-26T12:04:00+00:00,short,-489.06000,ifvg,0.0816,1.3265,1.0000,16.2500,2023-09-26T11:44:00+00:00,1.2500
2023-09-27T14:29:00+00:00,2023-09-27T14:44:00+00:00,long,-456.68000,ifvg,0.2969,1.0156,9.5000,32.5000,2023-09-27T14:14:00+00:00,6.7500
2023-09-27T17:09:00+00:00,2023-09-27T17:14:00+00:00,long,-467.18000,ifvg,0.0458,1.0458,1.5000,34.2500,2023-09-27T16:59:00+00:00,4.7500
2023-09-28T08:39:00+00:00,2023-09-28T08:59:00+00:00,long,-489.06000,ifvg,0.4898,1.3265,6.0000,16.2500,2023-09-28T08:29:00+00:00,1.7500
2023-09-28T12:54:00+00:00,2023-09-28T14:59:00+00:00,short,-464.22000,ifvg,0.6547,1.0391,50.2500,79.7500,2023-09-28T12:09:00+00:00,18.7500
2023-09-29T09:14:00+00:00,2023-09-29T10:09:00+00:00,long,-64.96000,ifvg,0.1545,0.2446,9.0000,14.2500,2023-09-29T08:59:00+00:00,4.5000
2023-09-29T10:09:00+00:00,2023-09-29T10:14:00+00:00,short,-472.32000,ifvg,0.14,1.08,1.7500,13.5000,2023-09-29T09:59:00+00:00,1.5000
2023-10-02T06:14:00+00:00,2023-10-02T07:14:00+00:00,long,1127.140000,ifvg,3.6154,0.0769,58.7500,1.2500,2023-10-02T05:59:00+00:00,1.0000
2023-10-02T11:39:00+00:00,2023-10-02T14:04:00+00:00,short,-383.22000,ifvg,1.1423,1.4862,72.2500,94.0000,2023-10-02T11:29:00+00:00,1.7500
2023-10-02T14:19:00+00:00,2023-10-02T15:19:00+00:00,short,-360.72000,ifvg,0.6933,1.021,41.2500,60.7500,2023-10-02T14:09:00+00:00,22.2500
2023-10-02T18:34:00+00:00,2023-10-02T19:54:00+00:00,short,-417.72000,ifvg,0.3913,1.1558,27.0000,79.7500,2023-10-02T17:24:00+00:00,1.2500
2023-10-02T23:39:00+00:00,2023-10-03T00:04:00+00:00,long,-485.76000,ifvg,1.3158,1.0,12.5000,9.5000,2023-10-02T23:29:00+00:00,1.7500
2023-10-03T00:09:00+00:00,2023-10-03T00:39:00+00:00,short,-470.14000,ifvg,0.4217,1.1205,8.7500,23.2500,2023-10-02T23:44:00+00:00,2.7500
2023-10-03T04:44:00+00:00,2023-10-03T04:59:00+00:00,long,-453.60000,ifvg,0.2069,1.0517,3.0000,15.2500,2023-10-03T04:29:00+00:00,6.7500
2023-10-03T07:54:00+00:00,2023-10-03T08:04:00+00:00,short,-425.16000,ifvg,0.1739,1.2826,4.0000,29.5000,2023-10-03T07:44:00+00:00,10.2500
2023-10-03T10:49:00+00:00,2023-10-03T12:59:00+00:00,short,1007.040000,ifvg,2.505,0.0347,126.5000,1.7500,2023-10-03T10:29:00+00:00,3.5000
2023-10-04T03:04:00+00:00,2023-10-04T03:34:00+00:00,long,-434.16000,ifvg,0.0957,1.1489,2.2500,27.0000,2023-10-04T02:54:00+00:00,1.5000
2023-10-04T11:14:00+00:00,2023-10-04T14:44:00+00:00,long,1077.550000,ifvg,2.7052,0.3121,117.0000,13.5000,2023-10-04T10:39:00+00:00,5.7500
2023-10-04T14:54:00+00:00,2023-10-04T15:14:00+00:00,short,-456.20000,ifvg,0.2556,1.0556,11.5000,47.5000,2023-10-04T14:44:00+00:00,8.7500
2023-10-05T00:09:00+00:00,2023-10-05T00:39:00+00:00,short,-453.64000,ifvg,0.075,1.0875,1.5000,21.7500,2023-10-04T22:19:00+00:00,1.0000
2023-10-05T05:09:00+00:00,2023-10-05T09:04:00+00:00,short,1105.610000,ifvg,2.8148,0.5062,57.0000,10.2500,2023-10-05T03:39:00+00:00,2.5000
2023-10-05T10:54:00+00:00,2023-10-05T11:04:00+00:00,short,-459.14000,ifvg,0.0247,1.0494,0.5000,21.2500,2023-10-05T10:39:00+00:00,3.2500
2023-10-05T12:19:00+00:00,2023-10-05T13:49:00+00:00,short,1106.070000,ifvg,2.5197,0.3307,80.0000,10.5000,2023-10-05T11:44:00+00:00,0.5000
2023-10-06T00:39:00+00:00,2023-10-06T00:49:00+00:00,short,-481.32000,ifvg,0.0196,1.5098,0.2500,19.2500,2023-10-06T00:29:00+00:00,2.0000
2023-10-06T13:14:00+00:00,2023-10-06T14:29:00+00:00,long,1115.050000,ifvg,2.7654,0.419,123.7500,18.7500,2023-10-06T12:54:00+00:00,8.0000
2023-10-09T00:24:00+00:00,2023-10-09T01:14:00+00:00,long,-445.92000,ifvg,0.1927,1.1009,5.2500,30.0000,2023-10-09T00:14:00+00:00,11.0000
2023-10-09T07:34:00+00:00,2023-10-09T08:24:00+00:00,long,-447.66000,ifvg,0.5155,1.0103,12.5000,24.5000,2023-10-09T07:19:00+00:00,1.2500
2023-10-09T13:09:00+00:00,2023-10-09T13:34:00+00:00,long,-412.44000,ifvg,0.5778,1.3778,19.5000,46.5000,2023-10-09T12:39:00+00:00,5.7500
2023-10-09T13:39:00+00:00,2023-10-09T13:44:00+00:00,short,-451.44000,ifvg,0.3378,1.3514,12.5000,50.0000,2023-10-09T13:09:00+00:00,0.7500
2023-10-10T11:44:00+00:00,2023-10-10T11:59:00+00:00,long,-470.16000,ifvg,0.0686,1.049,1.7500,26.7500,2023-10-10T11:29:00+00:00,12.2500
2023-10-10T13:29:00+00:00,2023-10-10T13:59:00+00:00,short,-408.70000,ifvg,0.5031,1.0186,20.2500,41.0000,2023-10-10T13:19:00+00:00,2.2500
2023-10-11T00:24:00+00:00,2023-10-11T07:19:00+00:00,short,-444.36000,ifvg,0.9344,1.2295,14.2500,18.7500,2023-10-11T00:09:00+00:00,3.5000
2023-10-12T23:44:00+00:00,2023-10-12T23:54:00+00:00,short,-461.76000,ifvg,0.0556,1.0556,0.5000,9.5000,2023-10-12T23:34:00+00:00,1.0000
2023-10-13T07:24:00+00:00,2023-10-13T07:44:00+00:00,short,-446.10000,ifvg,0.0702,1.0702,1.0000,15.2500,2023-10-13T07:14:00+00:00,0.7500
2023-10-13T12:29:00+00:00,2023-10-13T14:54:00+00:00,long,-408.96000,ifvg,1.7475,1.8168,88.2500,91.7500,2023-10-13T12:14:00+00:00,1.2500
2023-10-13T17:49:00+00:00,2023-10-13T20:09:00+00:00,long,-58.96000,ifvg,0.9816,0.6267,53.2500,34.0000,2023-10-13T17:34:00+00:00,31.0000
2023-10-16T06:04:00+00:00,2023-10-16T06:59:00+00:00,long,156.86000,ifvg,1.2267,0.08,23.0000,1.5000,2023-10-16T05:49:00+00:00,3.0000
2023-10-16T06:59:00+00:00,2023-10-16T07:24:00+00:00,short,1049.920000,ifvg,2.76,0.2,34.5000,2.5000,2023-10-16T06:44:00+00:00,0.2500
2023-10-16T17:09:00+00:00,2023-10-16T17:24:00+00:00,long,-426.20000,ifvg,0.2143,1.9226,9.0000,80.7500,2023-10-16T15:44:00+00:00,6.7500
2023-10-16T17:24:00+00:00,2023-10-16T17:29:00+00:00,short,-453.64000,ifvg,1.1875,1.6375,23.7500,32.7500,2023-10-16T17:14:00+00:00,3.7500
2023-10-17T01:49:00+00:00,2023-10-17T03:49:00+00:00,long,-430.36000,ifvg,0.2542,1.4576,3.7500,21.5000,2023-10-17T01:34:00+00:00,2.5000
2023-10-17T06:24:00+00:00,2023-10-17T07:04:00+00:00,short,-454.58000,ifvg,0.2353,1.4314,3.0000,18.2500,2023-10-17T05:59:00+00:00,3.0000
2023-10-18T07:39:00+00:00,2023-10-18T09:34:00+00:00,long,-446.88000,ifvg,1.1667,1.9306,21.0000,34.7500,2023-10-18T07:29:00+00:00,1.0000
2023-10-18T09:39:00+00:00,2023-10-18T14:19:00+00:00,short,-408.70000,ifvg,1.0435,1.0248,42.0000,41.2500,2023-10-18T07:39:00+00:00,7.2500
2023-10-18T14:34:00+00:00,2023-10-18T20:09:00+00:00,short,408.78000,ifvg,2.4756,0.7439,152.2500,45.7500,2023-10-18T14:24:00+00:00,34.5000
2023-10-19T05:09:00+00:00,2023-10-19T06:24:00+00:00,short,-52.36000,ifvg,1.7,0.5,25.5000,7.5000,2023-10-19T04:59:00+00:00,1.0000
2023-10-19T06:24:00+00:00,2023-10-19T07:44:00+00:00,long,-420.64000,ifvg,1.4054,1.027,26.0000,19.0000,2023-10-19T05:49:00+00:00,1.2500
2023-10-19T13:44:00+00:00,2023-10-19T14:14:00+00:00,short,-354.96000,ifvg,0.24,1.68,10.5000,73.5000,2023-10-19T12:44:00+00:00,1.2500
2023-10-19T14:34:00+00:00,2023-10-19T16:04:00+00:00,short,-424.48000,ifvg,0.4763,1.0261,50.2500,108.2500,2023-10-19T09:39:00+00:00,11.7500
2023-10-19T16:34:00+00:00,2023-10-19T16:54:00+00:00,short,-303.48000,ifvg,0.5083,1.299,38.2500,97.7500,2023-10-19T16:24:00+00:00,18.7500
2023-10-19T16:54:00+00:00,2023-10-19T18:34:00+00:00,long,-414.48000,ifvg,0.5898,1.25,60.7500,128.7500,2023-10-19T16:39:00+00:00,61.0000
2023-10-20T04:54:00+00:00,2023-10-20T05:44:00+00:00,short,796.680000,ifvg,2.6389,0.25,23.7500,2.2500,2023-10-20T04:39:00+00:00,1.0000
2023-10-20T11:59:00+00:00,2023-10-20T12:19:00+00:00,long,-381.20000,ifvg,0.04,1.0267,1.5000,38.5000,2023-10-20T09:29:00+00:00,1.0000
2023-10-23T00:24:00+00:00,2023-10-23T01:04:00+00:00,short,-423.60000,ifvg,0.3704,1.037,5.0000,14.0000,2023-10-22T23:59:00+00:00,3.2500
2023-10-23T13:44:00+00:00,2023-10-23T13:49:00+00:00,short,-310.48000,ifvg,0.0552,1.0649,4.2500,82.0000,2023-10-23T10:44:00+00:00,0.7500
2023-10-23T13:54:00+00:00,2023-10-23T16:09:00+00:00,long,939.030000,ifvg,2.5418,0.1394,159.5000,8.7500,2023-10-23T13:44:00+00:00,25.0000
2023-10-24T00:59:00+00:00,2023-10-24T01:39:00+00:00,long,-422.88000,ifvg,0.7647,1.0882,13.0000,18.5000,2023-10-24T00:44:00+00:00,1.0000
2023-10-24T12:29:00+00:00,2023-10-24T13:14:00+00:00,long,-405.92000,ifvg,0.1919,1.0303,4.7500,25.5000,2023-10-24T12:09:00+00:00,7.2500
2023-10-24T13:54:00+00:00,2023-10-24T14:34:00+00:00,short,-354.72000,ifvg,0.2821,1.0556,16.5000,61.7500,2023-10-24T13:39:00+00:00,2.7500
2023-10-25T12:44:00+00:00,2023-10-25T13:34:00+00:00,short,984.080000,ifvg,3.5253,0.5253,87.2500,13.0000,2023-10-25T12:09:00+00:00,5.7500
2023-10-26T09:29:00+00:00,2023-10-26T14:39:00+00:00,long,-330.48000,ifvg,1.3384,1.003,109.7500,82.2500,2023-10-26T09:19:00+00:00,7.0000
2023-10-26T14:54:00+00:00,2023-10-26T15:09:00+00:00,long,-254.48000,ifvg,0.074,0.8219,6.7500,75.0000,2023-10-26T13:59:00+00:00,2.2500
2023-10-26T15:09:00+00:00,2023-10-26T20:09:00+00:00,short,129.76000,ifvg,1.2072,0.1784,167.5000,24.7500,2023-10-26T14:54:00+00:00,37.5000
2023-10-27T00:09:00+00:00,2023-10-27T02:19:00+00:00,short,-425.16000,ifvg,0.8152,1.0652,18.7500,24.5000,2023-10-26T23:14:00+00:00,3.7500
2023-10-30T09:09:00+00:00,2023-10-30T12:29:00+00:00,long,-427.40000,ifvg,0.5301,1.012,11.0000,21.0000,2023-10-30T08:29:00+00:00,0.7500
2023-10-30T13:04:00+00:00,2023-10-30T13:14:00+00:00,long,-429.08000,ifvg,0.2917,1.5625,3.5000,18.7500,2023-10-30T12:54:00+00:00,4.0000
2023-10-30T23:14:00+00:00,2023-10-30T23:59:00+00:00,long,-435.54000,ifvg,0.0513,1.3333,0.5000,13.0000,2023-10-30T23:04:00+00:00,0.7500
2023-10-31T09:14:00+00:00,2023-10-31T09:39:00+00:00,short,-162.14000,ifvg,1.1622,0.4189,21.5000,7.7500,2023-10-31T08:54:00+00:00,2.2500
2023-10-31T09:39:00+00:00,2023-10-31T12:39:00+00:00,long,17.28000,ifvg,0.8311,0.0731,45.5000,4.0000,2023-10-31T09:29:00+00:00,4.2500
2023-10-31T12:39:00+00:00,2023-10-31T12:49:00+00:00,short,-406.12000,ifvg,0.6,1.0,9.0000,15.0000,2023-10-31T12:24:00+00:00,1.5000
2023-10-31T13:34:00+00:00,2023-10-31T13:39:00+00:00,long,-404.88000,ifvg,0.1077,3.2154,1.7500,52.2500,2023-10-31T13:24:00+00:00,1.7500
2023-10-31T16:19:00+00:00,2023-10-31T16:44:00+00:00,short,-308.22000,ifvg,0.0985,1.266,5.0000,64.2500,2023-10-31T16:04:00+00:00,7.2500
2023-11-01T02:19:00+00:00,2023-11-01T06:59:00+00:00,long,949.130000,ifvg,2.6949,0.3051,39.7500,4.5000,2023-11-01T01:54:00+00:00,1.0000
2023-11-02T03:54:00+00:00,2023-11-02T05:54:00+00:00,long,-435.24000,ifvg,0.4194,1.129,3.2500,8.7500,2023-11-02T03:44:00+00:00,1.0000
2023-11-03T11:24:00+00:00,2023-11-03T11:49:00+00:00,long,960.200000,ifvg,2.5128,0.0769,24.5000,0.7500,2023-11-03T11:14:00+00:00,0.7500
2023-11-03T17:29:00+00:00,2023-11-03T17:59:00+00:00,short,-356.20000,ifvg,0.1929,1.0429,6.7500,36.5000,2023-11-03T16:24:00+00:00,1.0000
2023-11-06T18:44:00+00:00,2023-11-06T21:09:00+00:00,long,508.80000,ifvg,1.773,0.8723,62.5000,30.7500,2023-11-06T18:24:00+00:00,14.2500
2023-11-07T01:59:00+00:00,2023-11-07T05:39:00+00:00,short,195.20000,ifvg,1.8,0.325,18.0000,3.2500,2023-11-07T01:49:00+00:00,1.2500
2023-11-07T05:39:00+00:00,2023-11-07T06:14:00+00:00,long,-442.52000,ifvg,0.3889,1.1111,3.5000,10.0000,2023-11-07T05:29:00+00:00,1.2500
2023-11-07T06:19:00+00:00,2023-11-07T08:34:00+00:00,short,-423.36000,ifvg,1.069,1.0,15.5000,14.5000,2023-11-07T05:39:00+00:00,4.0000
2023-11-07T14:39:00+00:00,2023-11-07T14:54:00+00:00,short,-406.20000,ifvg,0.0437,1.1812,1.7500,47.2500,2023-11-07T14:24:00+00:00,19.2500
2023-11-07T15:14:00+00:00,2023-11-07T15:29:00+00:00,short,-408.70000,ifvg,0.2733,1.2298,11.0000,49.5000,2023-11-07T15:04:00+00:00,14.2500
2023-11-07T16:54:00+00:00,2023-11-07T18:14:00+00:00,short,-382.40000,ifvg,2.2973,1.2432,42.5000,23.0000,2023-11-07T16:39:00+00:00,3.0000
2023-11-08T10:29:00+00:00,2023-11-08T10:54:00+00:00,short,-386.88000,ifvg,0.1935,1.0968,3.0000,17.0000,2023-11-08T09:49:00+00:00,3.0000
2023-11-08T12:29:00+00:00,2023-11-08T15:24:00+00:00,long,-402.66000,ifvg,2.2529,1.3218,49.0000,28.7500,2023-11-08T12:09:00+00:00,3.2500
2023-11-09T05:59:00+00:00,2023-11-09T06:39:00+00:00,short,-414.80000,ifvg,0.5128,1.2308,5.0000,12.0000,2023-11-09T05:49:00+00:00,0.5000
2023-11-09T08:39:00+00:00,2023-11-09T08:59:00+00:00,long,-372.40000,ifvg,0.5556,1.0,10.0000,18.0000,2023-11-09T08:19:00+00:00,3.5000
2023-11-09T08:59:00+00:00,2023-11-09T10:44:00+00:00,short,-365.92000,ifvg,0.4494,1.2584,10.0000,28.0000,2023-11-09T08:44:00+00:00,8.2500
2023-11-09T12:09:00+00:00,2023-11-09T14:34:00+00:00,long,926.400000,ifvg,3.14,0.86,39.2500,10.7500,2023-11-09T11:54:00+00:00,0.5000
2023-11-09T17:19:00+00:00,2023-11-09T19:04:00+00:00,short,807.040000,ifvg,2.6852,0.4938,108.7500,20.0000,2023-11-09T16:54:00+00:00,11.0000
2023-11-14T08:19:00+00:00,2023-11-14T08:54:00+00:00,short,-399.62000,ifvg,0.1525,1.1017,2.2500,16.2500,2023-11-14T07:39:00+00:00,1.5000
2023-11-14T10:39:00+00:00,2023-11-14T13:34:00+00:00,short,-382.14000,ifvg,2.1045,13.4179,35.2500,224.7500,2023-11-14T10:29:00+00:00,2.7500
2023-11-14T13:39:00+00:00,2023-11-14T20:29:00+00:00,long,731.28000,ifvg,2.4194,0.0829,131.2500,4.5000,2023-11-14T09:29:00+00:00,2.7500
2023-11-14T20:29:00+00:00,2023-11-14T20:59:00+00:00,short,926.860000,ifvg,2.7647,0.3235,47.0000,5.5000,2023-11-14T20:19:00+00:00,5.0000
2023-11-15T08:09:00+00:00,2023-11-15T10:49:00+00:00,long,996.120000,ifvg,2.5522,0.3582,42.7500,6.0000,2023-11-15T07:09:00+00:00,3.2500
2023-11-15T12:29:00+00:00,2023-11-15T13:04:00+00:00,short,-410.88000,ifvg,0.3182,1.0152,5.2500,16.7500,2023-11-15T12:19:00+00:00,6.5000
2023-11-16T02:24:00+00:00,2023-11-16T02:39:00+00:00,long,-411.84000,ifvg,0.0,1.4082,0,17.2500,2023-11-16T02:09:00+00:00,0.5000
2023-11-16T13:39:00+00:00,2023-11-16T14:34:00+00:00,long,-388.44000,ifvg,0.4409,1.3858,14.0000,44.0000,2023-11-16T12:14:00+00:00,10.7500
2023-11-16T19:59:00+00:00,2023-11-16T21:09:00+00:00,short,-36.72000,ifvg,0.4426,0.9262,13.5000,28.2500,2023-11-16T19:49:00+00:00,6.5000
2023-11-17T00:29:00+00:00,2023-11-17T06:54:00+00:00,short,-15.66000,ifvg,0.4568,0.7901,9.2500,16.0000,2023-11-17T00:09:00+00:00,3.2500
2023-11-17T06:54:00+00:00,2023-11-17T09:14:00+00:00,long,986.170000,ifvg,2.7234,0.9787,32.0000,11.5000,2023-11-17T06:44:00+00:00,0.7500
2023-11-17T19:09:00+00:00,2023-11-17T20:44:00+00:00,long,-395.22000,ifvg,0.0192,1.0115,1.2500,66.0000,2023-11-17T18:49:00+00:00,3.2500
2023-11-20T13:49:00+00:00,2023-11-20T14:39:00+00:00,long,954.080000,ifvg,3.0,0.8333,72.0000,20.0000,2023-11-20T12:44:00+00:00,4.7500
2023-11-22T08:09:00+00:00,2023-11-22T11:24:00+00:00,long,1004.080000,ifvg,2.5248,0.6931,63.7500,17.5000,2023-11-22T05:49:00+00:00,0.5000
2023-11-24T09:14:00+00:00,2023-11-24T11:14:00+00:00,long,-412.44000,ifvg,0.2667,1.1259,9.0000,38.0000,2023-11-24T06:14:00+00:00,2.7500
2023-11-27T10:19:00+00:00,2023-11-27T14:14:00+00:00,long,-393.66000,ifvg,1.0588,1.0824,22.5000,23.0000,2023-11-27T09:44:00+00:00,1.5000
2023-11-28T00:39:00+00:00,2023-11-28T07:14:00+00:00,long,-429.08000,ifvg,1.3125,1.5833,15.7500,19.0000,2023-11-28T00:29:00+00:00,5.7500
2023-11-28T13:29:00+00:00,2023-11-28T14:49:00+00:00,long,112.60000,ifvg,1.65,0.6125,33.0000,12.2500,2023-11-28T13:14:00+00:00,7.7500
2023-11-28T14:49:00+00:00,2023-11-28T15:44:00+00:00,short,-409.44000,ifvg,0.6567,2.0149,22.0000,67.5000,2023-11-28T14:39:00+00:00,6.0000
2023-11-29T08:14:00+00:00,2023-11-29T09:54:00+00:00,long,995.610000,ifvg,2.6438,0.8767,48.2500,16.0000,2023-11-29T07:09:00+00:00,1.5000
2023-11-29T13:44:00+00:00,2023-11-29T14:34:00+00:00,short,-397.92000,ifvg,0.3196,1.7732,7.7500,43.0000,2023-11-29T13:29:00+00:00,1.2500
2023-11-29T16:14:00+00:00,2023-11-29T21:09:00+00:00,short,48.76000,ifvg,0.4966,0.2966,54.0000,32.2500,2023-11-29T15:59:00+00:00,13.7500
2023-11-30T12:09:00+00:00,2023-11-30T14:04:00+00:00,long,-407.40000,ifvg,1.519,1.7089,30.0000,33.7500,2023-11-30T11:59:00+00:00,0.2500
2023-11-30T15:19:00+00:00,2023-11-30T15:39:00+00:00,long,-327.72000,ifvg,0.1574,1.338,8.5000,72.2500,2023-11-30T15:09:00+00:00,22.7500
2023-11-30T20:14:00+00:00,2023-11-30T20:44:00+00:00,short,-394.44000,ifvg,0.7132,1.0853,23.0000,35.0000,2023-11-30T19:49:00+00:00,11.5000
2023-12-01T08:09:00+00:00,2023-12-01T09:14:00+00:00,long,959.690000,ifvg,2.5366,0.561,26.0000,5.7500,2023-12-01T07:59:00+00:00,2.5000
2023-12-01T14:49:00+00:00,2023-12-01T15:29:00+00:00,long,-390.96000,ifvg,0.8135,1.0518,39.2500,50.7500,2023-12-01T14:39:00+00:00,3.2500
2023-12-04T13:34:00+00:00,2023-12-04T14:09:00+00:00,short,978.060000,ifvg,2.5098,0.0,64.0000,0,2023-12-04T12:39:00+00:00,4.7500
2023-12-04T19:19:00+00:00,2023-12-04T21:09:00+00:00,long,229.04000,ifvg,1.2595,0.427,58.2500,19.7500,2023-12-04T19:09:00+00:00,13.2500
2023-12-05T04:04:00+00:00,2023-12-05T04:49:00+00:00,long,-443.50000,ifvg,0.0,1.1212,0,9.2500,2023-12-05T03:49:00+00:00,2.2500
2023-12-05T13:44:00+00:00,2023-12-05T14:24:00+00:00,short,987.140000,ifvg,2.5439,0.2105,36.2500,3.0000,2023-12-05T13:34:00+00:00,2.2500
2023-12-05T19:39:00+00:00,2023-12-05T19:59:00+00:00,short,-391.44000,ifvg,0.2266,1.0312,7.2500,33.0000,2023-12-05T19:19:00+00:00,9.2500
2023-12-06T05:09:00+00:00,2023-12-06T11:34:00+00:00,short,1030.380000,ifvg,2.9375,0.5156,47.0000,8.2500,2023-12-06T04:59:00+00:00,1.5000
2023-12-06T14:39:00+00:00,2023-12-06T14:54:00+00:00,short,-434.16000,ifvg,0.2553,1.2234,6.0000,28.7500,2023-12-06T14:09:00+00:00,3.5000
2023-12-06T15:29:00+00:00,2023-12-06T21:09:00+00:00,short,156.76000,ifvg,0.752,0.4206,94.7500,53.0000,2023-12-05T23:54:00+00:00,1.0000
2023-12-07T16:19:00+00:00,2023-12-07T16:34:00+00:00,short,-421.44000,ifvg,0.0942,1.7101,3.2500,59.0000,2023-12-07T15:29:00+00:00,0.7500
2023-12-07T19:39:00+00:00,2023-12-07T21:09:00+00:00,short,210.08000,ifvg,0.68,0.59,17.0000,14.7500,2023-12-07T19:24:00+00:00,5.7500
2023-12-08T01:44:00+00:00,2023-12-08T07:19:00+00:00,long,-427.32000,ifvg,1.3556,1.1778,15.2500,13.2500,2023-12-08T01:29:00+00:00,0.7500
2023-12-08T13:29:00+00:00,2023-12-08T13:34:00+00:00,long,-413.92000,ifvg,1.0693,3.3168,27.0000,83.7500,2023-12-08T13:09:00+00:00,1.7500
2023-12-11T05:39:00+00:00,2023-12-11T09:19:00+00:00,long,983.440000,ifvg,2.6667,0.4524,28.0000,4.7500,2023-12-11T04:39:00+00:00,0.7500
2023-12-11T13:24:00+00:00,2023-12-11T14:29:00+00:00,long,-89.18000,ifvg,0.4464,0.7768,12.5000,21.7500,2023-12-11T13:09:00+00:00,3.5000
2023-12-11T14:29:00+00:00,2023-12-11T14:34:00+00:00,short,-431.64000,ifvg,0.4342,3.25,8.2500,61.7500,2023-12-11T14:04:00+00:00,0.2500
2023-12-11T19:24:00+00:00,2023-12-11T21:09:00+00:00,short,-157.40000,ifvg,0.8889,0.8025,18.0000,16.2500,2023-12-11T18:54:00+00:00,6.0000
2023-12-12T08:04:00+00:00,2023-12-12T08:29:00+00:00,short,-440.72000,ifvg,0.4483,2.4828,3.2500,18.0000,2023-12-12T07:54:00+00:00,1.0000
2023-12-13T09:09:00+00:00,2023-12-13T13:34:00+00:00,short,-426.14000,ifvg,0.4667,1.1733,8.7500,22.0000,2023-12-13T08:59:00+00:00,0.2500
2023-12-14T06:54:00+00:00,2023-12-14T08:24:00+00:00,short,1007.190000,ifvg,2.7209,0.4884,29.2500,5.2500,2023-12-14T06:39:00+00:00,0.5000
2023-12-14T08:24:00+00:00,2023-12-14T16:14:00+00:00,short,921.300000,ifvg,3.0203,0.5068,111.7500,18.7500,2023-12-14T00:54:00+00:00,2.5000
2023-12-14T18:09:00+00:00,2023-12-14T21:09:00+00:00,short,-139.48000,ifvg,0.8262,0.5642,82.0000,56.0000,2023-12-13T20:39:00+00:00,4.2500
2023-12-15T13:44:00+00:00,2023-12-15T14:19:00+00:00,short,-396.20000,ifvg,0.1218,1.109,4.7500,43.2500,2023-12-15T07:14:00+00:00,4.2500
2023-12-18T08:44:00+00:00,2023-12-18T14:59:00+00:00,long,1009.360000,ifvg,2.6216,0.9459,48.5000,17.5000,2023-12-18T08:34:00+00:00,0.2500
2023-12-19T07:14:00+00:00,2023-12-19T08:24:00+00:00,short,-425.62000,ifvg,0.1111,1.254,1.7500,19.7500,2023-12-19T06:59:00+00:00,1.0000
2023-12-19T11:34:00+00:00,2023-12-19T15:39:00+00:00,long,1050.610000,ifvg,2.6104,0.6623,50.2500,12.7500,2023-12-18T21:04:00+00:00,13.5000
2023-12-20T14:44:00+00:00,2023-12-20T19:39:00+00:00,long,-376.20000,ifvg,1.6824,1.3243,62.2500,49.0000,2023-12-20T08:39:00+00:00,10.0000
2023-12-21T08:44:00+00:00,2023-12-21T13:39:00+00:00,long,912.040000,ifvg,2.2531,1.1543,91.2500,46.7500,2023-12-21T08:34:00+00:00,1.5000
2023-12-21T13:39:00+00:00,2023-12-21T14:34:00+00:00,long,-432.40000,ifvg,1.8214,1.0,38.2500,21.0000,2023-12-21T13:29:00+00:00,1.0000
2023-12-21T18:09:00+00:00,2023-12-21T18:19:00+00:00,long,-432.40000,ifvg,0.6548,1.869,13.7500,39.2500,2023-12-21T17:59:00+00:00,4.5000
2023-12-21T18:24:00+00:00,2023-12-21T20:39:00+00:00,short,-345.48000,ifvg,0.172,1.0466,14.7500,89.7500,2023-12-21T18:09:00+00:00,7.2500
2023-12-22T03:54:00+00:00,2023-12-22T06:04:00+00:00,long,-423.36000,ifvg,0.2586,1.1207,3.7500,16.2500,2023-12-22T03:44:00+00:00,2.0000
2023-12-26T10:44:00+00:00,2023-12-26T11:19:00+00:00,long,-308.62000,ifvg,0.0,1.0889,0,12.2500,2023-12-26T10:29:00+00:00,0.5000
2023-12-26T18:04:00+00:00,2023-12-26T19:34:00+00:00,short,-428.88000,ifvg,0.1884,1.1014,3.2500,19.0000,2023-12-26T17:54:00+00:00,1.7500
2023-12-27T08:29:00+00:00,2023-12-27T10:14:00+00:00,long,-409.36000,ifvg,0.4643,1.0179,6.5000,14.2500,2023-12-27T08:09:00+00:00,4.7500
2023-12-27T15:19:00+00:00,2023-12-27T18:14:00+00:00,short,-338.96000,ifvg,0.4551,1.2096,19.0000,50.5000,2023-12-27T13:04:00+00:00,2.5000
2023-12-28T17:54:00+00:00,2023-12-28T21:09:00+00:00,short,550.08000,ifvg,2.0707,0.3434,51.2500,8.5000,2023-12-28T17:39:00+00:00,3.2500
2023-12-29T08:09:00+00:00,2023-12-29T12:09:00+00:00,long,-167.64000,ifvg,1.1216,0.6622,20.7500,12.2500,2023-12-29T07:49:00+00:00,0.2500
2023-12-29T12:09:00+00:00,2023-12-29T13:19:00+00:00,short,1007.420000,ifvg,3.0833,0.25,37.0000,3.0000,2023-12-29T11:44:00+00:00,1.7500
2023-12-29T20:09:00+00:00,2023-12-29T20:54:00+00:00,short,966.120000,ifvg,2.7846,0.5077,45.2500,8.2500,2023-12-29T19:59:00+00:00,3.2500
2024-01-02T07:19:00+00:00,2024-01-02T09:14:00+00:00,long,-419.12000,ifvg,1.0323,1.2419,16.0000,19.2500,2024-01-02T06:14:00+00:00,2.0000
2024-01-03T08:34:00+00:00,2024-01-03T09:09:00+00:00,short,997.880000,ifvg,2.9677,0.2419,46.0000,3.7500,2024-01-03T08:19:00+00:00,3.5000
2024-01-03T13:24:00+00:00,2024-01-03T14:14:00+00:00,long,-382.44000,ifvg,0.496,1.248,15.5000,39.0000,2024-01-03T12:29:00+00:00,6.5000
2024-01-03T14:24:00+00:00,2024-01-03T15:14:00+00:00,long,-411.66000,ifvg,2.2584,1.5393,50.2500,34.2500,2024-01-03T14:14:00+00:00,4.0000
2024-01-04T02:34:00+00:00,2024-01-04T11:59:00+00:00,long,-427.40000,ifvg,1.747,1.0964,36.2500,22.7500,2024-01-04T02:24:00+00:00,2.0000
2024-01-04T12:19:00+00:00,2024-01-04T13:19:00+00:00,long,-383.18000,ifvg,0.4579,1.0467,12.2500,28.0000,2024-01-04T12:09:00+00:00,12.2500
2024-01-05T01:29:00+00:00,2024-01-05T05:24:00+00:00,short,1028.720000,ifvg,3.3421,0.8158,31.7500,7.7500,2024-01-05T01:19:00+00:00,1.7500
2024-01-05T08:19:00+00:00,2024-01-05T09:04:00+00:00,long,-402.66000,ifvg,0.7126,1.069,15.5000,23.2500,2024-01-05T07:44:00+00:00,0.7500
2024-01-08T01:34:00+00:00,2024-01-08T01:59:00+00:00,short,1008.210000,ifvg,2.9744,0.0256,29.0000,0.2500,2024-01-08T01:14:00+00:00,4.0000
2024-01-08T13:04:00+00:00,2024-01-08T14:59:00+00:00,long,905.280000,ifvg,2.5083,0.2025,151.7500,12.2500,2024-01-08T12:39:00+00:00,4.7500
2024-01-09T18:54:00+00:00,2024-01-09T20:49:00+00:00,long,-348.72000,ifvg,0.0522,1.0391,3.0000,59.7500,2024-01-09T18:39:00+00:00,5.5000
2024-01-10T12:09:00+00:00,2024-01-10T13:04:00+00:00,long,-397.92000,ifvg,0.3402,1.0722,8.2500,26.0000,2024-01-10T11:54:00+00:00,8.5000
2024-01-10T15:19:00+00:00,2024-01-10T19:14:00+00:00,long,912.040000,ifvg,2.5956,0.2131,118.7500,9.7500,2024-01-10T14:59:00+00:00,5.7500
2024-01-10T20:29:00+00:00,2024-01-10T21:09:00+00:00,short,-68.96000,ifvg,0.9433,0.2938,45.7500,14.2500,2024-01-10T19:19:00+00:00,11.2500
2024-01-11T09:14:00+00:00,2024-01-11T13:34:00+00:00,short,-440.88000,ifvg,7.338,1.9437,130.2500,34.5000,2024-01-11T08:29:00+00:00,3.7500
2024-01-11T14:39:00+00:00,2024-01-11T15:04:00+00:00,long,-246.24000,ifvg,0.0816,1.0571,10.0000,129.5000,2024-01-11T13:39:00+00:00,37.7500
2024-01-12T04:44:00+00:00,2024-01-12T07:09:00+00:00,long,-161.76000,ifvg,2.1429,0.5714,18.7500,5.0000,2024-01-12T04:34:00+00:00,3.0000
2024-01-12T07:09:00+00:00,2024-01-12T07:24:00+00:00,short,-443.84000,ifvg,0.1321,1.0,1.7500,13.2500,2024-01-12T06:59:00+00:00,1.2500
2024-01-12T08:14:00+00:00,2024-01-12T09:59:00+00:00,long,-432.40000,ifvg,1.3452,1.1548,28.2500,24.2500,2024-01-12T07:44:00+00:00,3.0000
2024-01-15T08:14:00+00:00,2024-01-15T08:49:00+00:00,long,-382.44000,ifvg,0.304,1.128,9.5000,35.2500,2024-01-15T07:34:00+00:00,2.5000
2024-01-15T11:44:00+00:00,2024-01-15T14:04:00+00:00,long,-404.88000,ifvg,0.9231,1.0923,15.0000,17.7500,2024-01-15T11:24:00+00:00,1.7500
2024-01-16T08:09:00+00:00,2024-01-16T09:04:00+00:00,short,-398.16000,ifvg,1.186,1.2326,25.5000,26.5000,2024-01-16T07:34:00+00:00,0.2500
2024-01-16T14:34:00+00:00,2024-01-16T14:44:00+00:00,long,-356.96000,ifvg,0.4541,1.1892,21.0000,55.0000,2024-01-16T13:54:00+00:00,6.7500
2024-01-16T15:04:00+00:00,2024-01-16T15:44:00+00:00,long,937.040000,ifvg,2.6489,0.133,124.5000,6.2500,2024-01-16T14:49:00+00:00,9.7500
2024-01-17T01:24:00+00:00,2024-01-17T01:44:00+00:00,long,-436.32000,ifvg,0.1957,1.2391,2.2500,14.2500,2024-01-17T01:09:00+00:00,3.0000
2024-01-17T18:14:00+00:00,2024-01-17T19:44:00+00:00,short,-388.70000,ifvg,1.3922,1.4118,53.2500,54.0000,2024-01-17T18:04:00+00:00,1.0000
2024-01-17T20:09:00+00:00,2024-01-17T20:49:00+00:00,short,-390.18000,ifvg,0.789,1.1927,21.5000,32.5000,2024-01-17T19:49:00+00:00,5.5000
2024-01-18T07:54:00+00:00,2024-01-18T11:44:00+00:00,long,789.030000,ifvg,2.646,0.0435,106.5000,1.7500,2024-01-18T07:44:00+00:00,5.5000
2024-01-19T12:59:00+00:00,2024-01-19T14:04:00+00:00,long,-401.92000,ifvg,0.6939,1.2347,17.0000,30.2500,2024-01-19T12:24:00+00:00,4.2500
2024-01-22T07:19:00+00:00,2024-01-22T07:39:00+00:00,long,-412.62000,ifvg,0.2295,1.4262,3.5000,21.7500,2024-01-22T07:09:00+00:00,2.0000
2024-01-22T07:39:00+00:00,2024-01-22T11:39:00+00:00,short,-423.60000,ifvg,1.4444,1.3333,19.5000,18.0000,2024-01-22T07:24:00+00:00,4.2500
2024-01-22T14:49:00+00:00,2024-01-22T21:09:00+00:00,short,485.28000,ifvg,1.7477,0.3739,97.0000,20.7500,2024-01-22T14:39:00+00:00,12.2500
2024-01-23T04:09:00+00:00,2024-01-23T08:19:00+00:00,long,-385.92000,ifvg,0.6533,1.48,12.2500,27.7500,2024-01-23T03:59:00+00:00,0.2500
2024-01-24T01:09:00+00:00,2024-01-24T02:04:00+00:00,short,-409.36000,ifvg,0.2857,1.0357,4.0000,14.5000,2024-01-24T00:59:00+00:00,3.2500
2024-01-24T11:24:00+00:00,2024-01-24T12:39:00+00:00,short,-393.12000,ifvg,0.5172,1.5517,7.5000,22.5000,2024-01-24T11:14:00+00:00,0.5000
2024-01-24T14:39:00+00:00,2024-01-24T14:49:00+00:00,short,-393.68000,ifvg,0.0182,1.2182,0.5000,33.5000,2024-01-24T14:24:00+00:00,6.2500
2024-01-24T15:14:00+00:00,2024-01-24T18:09:00+00:00,long,525.04000,ifvg,2.3408,0.0112,104.7500,0.5000,2024-01-24T14:39:00+00:00,16.0000
2024-01-24T18:09:00+00:00,2024-01-24T18:44:00+00:00,short,968.110000,ifvg,3.0,0.7465,53.2500,13.2500,2024-01-24T17:54:00+00:00,1.5000
2024-01-25T01:24:00+00:00,2024-01-25T02:04:00+00:00,short,21.12000,ifvg,1.2923,0.0923,21.0000,1.5000,2024-01-25T01:09:00+00:00,3.5000
2024-01-25T02:04:00+00:00,2024-01-25T02:44:00+00:00,long,-423.36000,ifvg,0.5345,1.3966,7.7500,20.2500,2024-01-25T01:54:00+00:00,3.2500
2024-01-25T07:29:00+00:00,2024-01-25T08:49:00+00:00,short,-415.14000,ifvg,1.6027,1.2603,29.2500,23.0000,2024-01-25T07:19:00+00:00,1.5000
2024-01-26T03:54:00+00:00,2024-01-26T04:14:00+00:00,long,-416.36000,ifvg,0.0175,1.4035,0.2500,20.0000,2024-01-26T03:44:00+00:00,0.2500
2024-01-26T08:19:00+00:00,2024-01-26T10:04:00+00:00,long,967.600000,ifvg,2.7308,0.9231,53.2500,18.0000,2024-01-26T07:54:00+00:00,3.5000
2024-01-26T13:14:00+00:00,2024-01-26T14:54:00+00:00,long,-401.22000,ifvg,0.3849,1.0377,25.5000,68.7500,2024-01-26T12:59:00+00:00,10.5000
2024-01-29T14:44:00+00:00,2024-01-29T15:04:00+00:00,long,-394.44000,ifvg,0.2326,1.3178,7.5000,42.5000,2024-01-29T13:24:00+00:00,5.0000
2024-01-30T05:49:00+00:00,2024-01-30T07:04:00+00:00,short,960.200000,ifvg,3.4103,0.3846,33.2500,3.7500,2024-01-30T05:39:00+00:00,0.5000
2024-01-30T08:29:00+00:00,2024-01-30T12:44:00+00:00,long,-389.92000,ifvg,0.8421,1.0,20.0000,23.7500,2024-01-30T08:09:00+00:00,3.0000
2024-01-31T20:09:00+00:00,2024-01-31T21:09:00+00:00,short,71.76000,ifvg,0.6091,0.3218,70.5000,37.2500,2024-01-31T19:44:00+00:00,44.2500
2024-02-01T06:49:00+00:00,2024-02-01T06:59:00+00:00,long,-382.14000,ifvg,0.0,1.3731,0,23.0000,2024-02-01T06:34:00+00:00,2.5000
2024-02-01T12:14:00+00:00,2024-02-01T13:14:00+00:00,long,-383.18000,ifvg,0.8598,1.1028,23.0000,29.5000,2024-02-01T11:14:00+00:00,2.0000
2024-02-01T13:44:00+00:00,2024-02-01T14:59:00+00:00,long,-309.72000,ifvg,0.2892,1.0343,14.7500,52.7500,2024-02-01T13:04:00+00:00,3.2500
2024-02-01T18:09:00+00:00,2024-02-01T19:09:00+00:00,short,-381.72000,ifvg,0.0198,1.0238,1.2500,64.5000,2024-02-01T17:54:00+00:00,27.0000
2024-02-02T12:24:00+00:00,2024-02-02T13:24:00+00:00,long,-402.40000,ifvg,0.5897,1.1538,11.5000,22.5000,2024-02-02T12:14:00+00:00,1.0000
2024-02-02T14:44:00+00:00,2024-02-02T17:29:00+00:00,long,658.520000,ifvg,2.6515,0.4205,175.0000,27.7500,2024-02-02T13:59:00+00:00,12.0000
2024-02-05T05:39:00+00:00,2024-02-05T06:09:00+00:00,short,-398.88000,ifvg,0.0469,1.0469,0.7500,16.7500,2024-02-05T05:24:00+00:00,6.5000
2024-02-05T10:09:00+00:00,2024-02-05T15:04:00+00:00,long,-369.92000,ifvg,2.0111,1.8556,45.2500,41.7500,2024-02-05T09:54:00+00:00,4.0000
2024-02-06T19:14:00+00:00,2024-02-06T19:34:00+00:00,short,-376.20000,ifvg,0.223,1.0811,8.2500,40.0000,2024-02-06T18:39:00+00:00,0.2500
2024-02-07T05:39:00+00:00,2024-02-07T11:34:00+00:00,short,-349.44000,ifvg,0.9123,1.1053,26.0000,31.5000,2024-02-07T05:24:00+00:00,1.0000
2024-02-07T15:19:00+00:00,2024-02-07T21:09:00+00:00,long,124.52000,ifvg,0.7479,0.3186,67.5000,28.7500,2024-01-24T18:09:00+00:00,17.2500
2024-02-08T18:09:00+00:00,2024-02-08T18:59:00+00:00,long,-56.96000,ifvg,0.3859,0.3424,17.7500,15.7500,2024-02-08T17:49:00+00:00,8.5000
2024-02-08T18:59:00+00:00,2024-02-08T21:09:00+00:00,short,145.32000,ifvg,1.5673,0.4423,40.7500,11.5000,2024-02-08T18:34:00+00:00,5.5000
2024-02-09T06:39:00+00:00,2024-02-09T07:29:00+00:00,long,921.040000,ifvg,2.7308,0.6923,17.7500,4.5000,2024-02-09T06:29:00+00:00,0.2500
2024-02-09T15:04:00+00:00,2024-02-09T19:49:00+00:00,long,819.030000,ifvg,2.5342,0.1735,138.7500,9.5000,2024-02-09T14:29:00+00:00,10.5000
2024-02-12T08:44:00+00:00,2024-02-12T09:09:00+00:00,short,-403.84000,ifvg,0.5,1.0208,6.0000,12.2500,2024-02-12T08:34:00+00:00,1.2500
2024-02-12T18:29:00+00:00,2024-02-12T19:19:00+00:00,short,782.040000,ifvg,2.8662,0.0318,112.5000,1.2500,2024-02-12T17:54:00+00:00,3.0000
2024-02-13T08:29:00+00:00,2024-02-13T10:09:00+00:00,short,895.560000,ifvg,2.575,0.075,77.2500,2.2500,2024-02-13T05:29:00+00:00,0.5000
2024-02-13T13:39:00+00:00,2024-02-13T14:34:00+00:00,short,940.050000,ifvg,2.5099,0.3377,94.7500,12.7500,2024-02-13T13:14:00+00:00,6.5000
2024-02-13T14:44:00+00:00,2024-02-13T19:54:00+00:00,long,-404.22000,ifvg,2.2285,1.0112,148.7500,67.5000,2024-02-13T14:09:00+00:00,3.7500
2024-02-14T13:24:00+00:00,2024-02-14T14:34:00+00:00,short,-407.16000,ifvg,0.9659,1.4545,21.2500,32.0000,2024-02-14T13:09:00+00:00,10.5000
2024-02-14T14:44:00+00:00,2024-02-14T15:09:00+00:00,short,-336.96000,ifvg,0.5,1.0663,20.7500,44.2500,2024-02-14T14:34:00+00:00,3.5000
2024-02-14T16:29:00+00:00,2024-02-14T17:04:00+00:00,long,-344.96000,ifvg,0.3824,1.3,16.2500,55.2500,2024-02-14T16:09:00+00:00,0.7500
2024-02-15T13:54:00+00:00,2024-02-15T16:09:00+00:00,short,802.040000,ifvg,2.7081,0.3416,109.0000,13.7500,2024-02-15T13:39:00+00:00,13.2500
2024-02-19T01:29:00+00:00,2024-02-19T01:54:00+00:00,short,134.08000,ifvg,1.2727,0.101,31.5000,2.5000,2024-02-19T00:24:00+00:00,2.7500
2024-02-19T01:54:00+00:00,2024-02-19T07:39:00+00:00,long,-420.64000,ifvg,1.0,1.0135,18.5000,18.7500,2024-02-19T01:44:00+00:00,0.2500
2024-02-19T07:49:00+00:00,2024-02-19T08:24:00+00:00,long,-425.76000,ifvg,1.7879,2.0,14.7500,16.5000,2024-02-19T07:39:00+00:00,0.2500
2024-02-20T08:44:00+00:00,2024-02-20T10:09:00+00:00,long,-388.96000,ifvg,0.75,1.1458,36.0000,55.0000,2024-02-20T08:29:00+00:00,20.2500
2024-02-20T18:34:00+00:00,2024-02-20T20:09:00+00:00,short,-385.48000,ifvg,0.0757,1.0104,7.2500,96.7500,2024-02-20T18:24:00+00:00,3.2500
2024-02-21T06:19:00+00:00,2024-02-21T07:29:00+00:00,short,-406.12000,ifvg,0.7667,1.15,11.5000,17.2500,2024-02-21T06:09:00+00:00,4.2500
2024-02-21T10:39:00+00:00,2024-02-21T12:19:00+00:00,short,-6.20000,ifvg,1.1064,0.5106,39.0000,18.0000,2024-02-21T10:29:00+00:00,1.2500
2024-02-21T12:19:00+00:00,2024-02-21T12:44:00+00:00,long,-379.44000,ifvg,0.1371,1.0081,4.2500,31.2500,2024-02-21T12:09:00+00:00,5.2500
2024-02-21T13:09:00+00:00,2024-02-21T14:34:00+00:00,long,-384.66000,ifvg,0.6627,1.7831,13.7500,37.0000,2024-02-21T12:54:00+00:00,7.0000
2024-02-22T14:34:00+00:00,2024-02-22T14:49:00+00:00,long,948.570000,ifvg,2.9174,0.1927,79.5000,5.2500,2024-02-22T14:14:00+00:00,2.5000
2024-02-23T08:09:00+00:00,2024-02-23T09:59:00+00:00,short,123.84000,ifvg,1.2658,0.8101,25.0000,16.0000,2024-02-23T07:54:00+00:00,4.0000
2024-02-23T09:59:00+00:00,2024-02-23T13:29:00+00:00,long,905.100000,ifvg,2.6438,0.7945,48.2500,14.5000,2024-02-23T09:34:00+00:00,6.2500
2024-02-26T14:49:00+00:00,2024-02-26T16:44:00+00:00,short,-380.96000,ifvg,0.5638,1.0213,26.5000,48.0000,2024-02-26T14:34:00+00:00,3.0000
2024-02-27T02:24:00+00:00,2024-02-27T07:19:00+00:00,short,-413.06000,ifvg,2.1707,1.1951,22.2500,12.2500,2024-02-27T02:04:00+00:00,1.5000
2024-02-28T08:29:00+00:00,2024-02-28T21:09:00+00:00,short,695.04000,ifvg,1.9421,0.2789,92.2500,13.2500,2024-02-27T19:04:00+00:00,9.2500
2024-02-29T07:14:00+00:00,2024-02-29T07:54:00+00:00,long,-386.62000,ifvg,0.2807,1.4561,4.0000,20.7500,2024-02-29T07:04:00+00:00,2.5000
2024-02-29T12:09:00+00:00,2024-02-29T13:34:00+00:00,short,-393.60000,ifvg,1.52,6.82,19.0000,85.2500,2024-02-29T11:59:00+00:00,3.5000
2024-02-29T13:39:00+00:00,2024-02-29T16:34:00+00:00,long,-394.44000,ifvg,2.4574,1.2016,79.2500,38.7500,2024-02-29T12:09:00+00:00,4.7500
2024-03-01T13:54:00+00:00,2024-03-01T15:04:00+00:00,long,918.060000,ifvg,3.5288,0.1346,91.7500,3.5000,2024-03-01T13:44:00+00:00,5.0000
2024-03-06T01:09:00+00:00,2024-03-06T07:49:00+00:00,long,932.880000,ifvg,3.2414,0.569,47.0000,8.2500,2024-03-06T00:54:00+00:00,5.0000
2024-03-06T15:39:00+00:00,2024-03-06T21:09:00+00:00,long,9.52000,ifvg,1.9046,0.5921,144.7500,45.0000,2024-03-06T15:09:00+00:00,30.0000
2024-03-07T06:29:00+00:00,2024-03-07T06:49:00+00:00,long,-305.92000,ifvg,0.0495,0.8515,1.2500,21.5000,2024-03-07T06:19:00+00:00,0.7500
2024-03-07T06:49:00+00:00,2024-03-07T08:14:00+00:00,short,996.120000,ifvg,3.3582,0.1045,56.2500,1.7500,2024-03-07T06:29:00+00:00,6.2500
2024-03-07T14:59:00+00:00,2024-03-07T21:04:00+00:00,long,394.52000,ifvg,1.9251,0.2161,167.0000,18.7500,2024-03-07T14:49:00+00:00,21.5000
2024-03-08T09:04:00+00:00,2024-03-08T09:54:00+00:00,short,-427.40000,ifvg,0.6867,1.0964,14.2500,22.7500,2024-03-08T08:54:00+00:00,1.7500
2024-03-11T01:54:00+00:00,2024-03-11T04:04:00+00:00,short,1023.110000,ifvg,2.9733,0.2267,55.7500,4.2500,2024-03-11T01:39:00+00:00,0.7500
2024-03-11T07:59:00+00:00,2024-03-11T08:14:00+00:00,long,-410.96000,ifvg,0.3251,1.197,16.5000,60.7500,2024-03-11T07:24:00+00:00,1.0000
2024-03-11T08:29:00+00:00,2024-03-11T08:54:00+00:00,long,-398.70000,ifvg,0.4968,1.1529,19.5000,45.2500,2024-03-11T08:19:00+00:00,4.5000
2024-03-11T10:39:00+00:00,2024-03-11T12:09:00+00:00,long,-325.48000,ifvg,0.2384,1.0588,19.2500,85.5000,2024-03-11T10:29:00+00:00,11.0000
2024-03-11T13:59:00+00:00,2024-03-11T14:34:00+00:00,short,-309.48000,ifvg,0.114,1.1336,8.7500,87.0000,2024-03-11T12:59:00+00:00,5.0000
2024-03-12T02:04:00+00:00,2024-03-12T04:54:00+00:00,short,-398.16000,ifvg,0.1512,1.2791,3.2500,27.5000,2024-03-12T01:49:00+00:00,1.5000
2024-03-12T06:09:00+00:00,2024-03-12T08:09:00+00:00,short,-424.80000,ifvg,1.675,1.325,16.7500,13.2500,2024-03-12T05:59:00+00:00,1.0000
2024-03-12T14:04:00+00:00,2024-03-12T18:49:00+00:00,long,617.52000,ifvg,1.9164,0.0529,172.0000,4.7500,2024-03-12T13:44:00+00:00,13.7500
2024-03-12T18:49:00+00:00,2024-03-12T19:24:00+00:00,short,-365.68000,ifvg,0.3235,1.0,8.2500,25.5000,2024-03-12T18:34:00+00:00,2.0000
2024-03-14T06:34:00+00:00,2024-03-14T07:04:00+00:00,short,-423.28000,ifvg,1.0278,1.0,9.2500,9.0000,2024-03-14T06:24:00+00:00,0.2500
2024-03-14T12:09:00+00:00,2024-03-14T12:34:00+00:00,long,-373.92000,ifvg,0.9796,4.1429,12.0000,50.7500,2024-03-14T11:54:00+00:00,1.5000
2024-03-14T12:39:00+00:00,2024-03-14T13:49:00+00:00,short,880.560000,ifvg,3.3644,0.8983,99.2500,26.5000,2024-03-14T12:09:00+00:00,4.2500
2024-03-14T16:14:00+00:00,2024-03-14T20:09:00+00:00,short,-69.24000,ifvg,0.6119,0.5839,87.5000,83.5000,2024-03-14T14:14:00+00:00,1.7500
2024-03-15T08:14:00+00:00,2024-03-15T10:24:00+00:00,long,887.320000,ifvg,2.6471,0.402,67.5000,10.2500,2024-03-15T07:59:00+00:00,5.2500
2024-03-15T18:54:00+00:00,2024-03-15T20:09:00+00:00,short,-33.72000,ifvg,1.3846,0.7607,40.5000,22.2500,2024-03-15T18:44:00+00:00,4.2500
2024-03-18T08:54:00+00:00,2024-03-18T11:34:00+00:00,long,939.820000,ifvg,3.037,0.5093,82.0000,13.7500,2024-03-18T08:24:00+00:00,2.7500
2024-03-18T18:49:00+00:00,2024-03-18T19:59:00+00:00,short,1005.100000,ifvg,2.9259,0.9259,59.2500,18.7500,2024-03-18T18:34:00+00:00,3.0000
2024-03-19T03:39:00+00:00,2024-03-19T08:44:00+00:00,short,-397.92000,ifvg,1.4845,1.5979,36.0000,38.7500,2024-03-19T02:19:00+00:00,6.5000
2024-03-19T10:59:00+00:00,2024-03-19T11:04:00+00:00,short,984.080000,ifvg,2.0685,1.121,128.2500,69.5000,2024-03-19T10:49:00+00:00,0.5000
2024-03-20T04:54:00+00:00,2024-03-20T05:44:00+00:00,short,-341.04000,ifvg,0.85,0.85,8.5000,8.5000,2024-03-20T04:34:00+00:00,0.2500
2024-03-20T05:44:00+00:00,2024-03-20T08:54:00+00:00,long,-437.58000,ifvg,2.3469,1.3265,28.7500,16.2500,2024-03-20T04:59:00+00:00,1.0000
2024-03-20T09:19:00+00:00,2024-03-20T10:34:00+00:00,long,1007.420000,ifvg,2.9583,0.1875,35.5000,2.2500,2024-03-20T09:09:00+00:00,0.5000
2024-03-20T10:39:00+00:00,2024-03-20T18:09:00+00:00,long,940.050000,ifvg,3.2715,0.9669,123.5000,36.5000,2024-03-20T10:29:00+00:00,2.2500
2024-03-21T02:04:00+00:00,2024-03-21T05:39:00+00:00,long,1020.150000,ifvg,2.6182,0.3273,36.0000,4.5000,2024-03-21T01:29:00+00:00,4.0000
2024-03-21T13:54:00+00:00,2024-03-21T20:09:00+00:00,short,473.28000,ifvg,1.308,0.8374,94.5000,60.5000,2024-03-21T12:09:00+00:00,6.2500
2024-03-22T18:34:00+00:00,2024-03-22T20:04:00+00:00,long,-190.48000,ifvg,0.0405,0.7477,3.2500,60.0000,2024-03-22T18:24:00+00:00,9.5000
2024-03-25T03:09:00+00:00,2024-03-25T10:59:00+00:00,short,1071.070000,ifvg,2.5447,0.1057,78.2500,3.2500,2024-03-25T02:59:00+00:00,1.2500
2024-03-26T01:29:00+00:00,2024-03-26T03:44:00+00:00,short,1027.800000,ifvg,4.25,0.4286,29.7500,3.0000,2024-03-26T01:19:00+00:00,1.5000
2024-03-26T09:49:00+00:00,2024-03-26T12:44:00+00:00,short,1111.630000,ifvg,2.7681,0.8261,47.7500,14.2500,2024-03-26T09:24:00+00:00,4.0000
2024-03-27T06:04:00+00:00,2024-03-27T07:54:00+00:00,short,1128.160000,ifvg,2.6316,0.2281,37.5000,3.2500,2024-03-27T05:49:00+00:00,5.5000
2024-03-27T09:49:00+00:00,2024-03-27T10:24:00+00:00,long,1113.670000,ifvg,1.0969,0.551,53.7500,27.0000,2024-03-27T09:24:00+00:00,1.0000
2024-03-27T13:39:00+00:00,2024-03-27T14:04:00+00:00,short,1105.100000,ifvg,5.0449,0.6517,112.2500,14.5000,2024-03-27T13:24:00+00:00,2.2500
2024-03-27T19:29:00+00:00,2024-03-27T19:49:00+00:00,long,1118.340000,ifvg,2.54,0.37,63.5000,9.2500,2024-03-27T19:19:00+00:00,4.0000
2024-03-28T01:14:00+00:00,2024-03-28T04:49:00+00:00,short,-521.76000,ifvg,1.0244,1.0488,10.5000,10.7500,2024-03-28T01:04:00+00:00,2.5000
2024-03-28T10:44:00+00:00,2024-03-28T12:09:00+00:00,short,-120.12000,ifvg,1.1967,0.8852,18.2500,13.5000,2024-03-28T10:34:00+00:00,5.0000
2024-03-28T12:14:00+00:00,2024-03-28T13:34:00+00:00,long,-491.68000,ifvg,0.7971,1.2464,27.5000,43.0000,2024-03-28T11:39:00+00:00,10.0000
2024-03-28T14:14:00+00:00,2024-03-28T15:54:00+00:00,short,-337.68000,ifvg,0.4419,0.8605,14.2500,27.7500,2024-03-28T13:54:00+00:00,6.0000
2024-03-28T15:54:00+00:00,2024-03-28T16:14:00+00:00,long,-276.20000,ifvg,0.0952,0.7354,4.5000,34.7500,2024-03-28T15:44:00+00:00,1.0000
2024-03-28T16:14:00+00:00,2024-03-28T20:09:00+00:00,short,166.30000,ifvg,0.9636,0.5697,39.7500,23.5000,2024-03-28T15:54:00+00:00,5.5000
2024-04-01T07:19:00+00:00,2024-04-01T08:09:00+00:00,long,-476.88000,ifvg,0.7792,1.1948,15.0000,23.0000,2024-04-01T05:39:00+00:00,1.7500
2024-04-01T13:39:00+00:00,2024-04-01T14:04:00+00:00,long,-469.92000,ifvg,0.4087,1.6696,11.7500,48.0000,2024-04-01T13:19:00+00:00,4.5000
2024-04-02T07:29:00+00:00,2024-04-02T07:44:00+00:00,short,-297.92000,ifvg,0.1607,0.8125,4.5000,22.7500,2024-04-02T06:24:00+00:00,3.0000
2024-04-02T07:44:00+00:00,2024-04-02T10:09:00+00:00,long,-477.40000,ifvg,1.7742,1.172,41.2500,27.2500,2024-04-02T07:34:00+00:00,6.5000
2024-04-02T19:19:00+00:00,2024-04-02T19:29:00+00:00,short,-428.68000,ifvg,0.0417,1.1083,1.2500,33.2500,2024-04-02T19:09:00+00:00,5.5000
2024-04-03T06:19:00+00:00,2024-04-03T07:54:00+00:00,long,-348.66000,ifvg,0.5052,0.9897,12.2500,24.0000,2024-04-03T05:54:00+00:00,3.2500
2024-04-03T07:54:00+00:00,2024-04-03T08:34:00+00:00,short,-472.40000,ifvg,0.0,1.1196,0,25.7500,2024-04-03T07:44:00+00:00,6.2500
2024-04-03T11:09:00+00:00,2024-04-03T12:29:00+00:00,long,-136.44000,ifvg,1.3485,0.4773,44.5000,15.7500,2024-04-03T09:54:00+00:00,3.0000
2024-04-03T12:29:00+00:00,2024-04-03T13:39:00+00:00,short,-120.68000,ifvg,1.0917,0.6167,32.7500,18.5000,2024-04-03T11:59:00+00:00,6.7500
2024-04-03T13:39:00+00:00,2024-04-03T13:44:00+00:00,long,-458.12000,ifvg,0.3235,1.1324,5.5000,19.2500,2024-04-03T13:29:00+00:00,3.2500
2024-04-05T06:19:00+00:00,2024-04-05T06:34:00+00:00,short,-434.88000,ifvg,0.0143,1.2143,0.2500,21.2500,2024-04-05T06:09:00+00:00,2.0000
2024-04-05T07:49:00+00:00,2024-04-05T08:04:00+00:00,short,-446.88000,ifvg,0.0139,1.375,0.2500,24.7500,2024-04-05T07:29:00+00:00,3.7500
2024-04-08T06:24:00+00:00,2024-04-08T07:19:00+00:00,short,-440.88000,ifvg,0.7606,1.9296,13.5000,34.2500,2024-04-08T06:09:00+00:00,5.2500
2024-04-08T07:19:00+00:00,2024-04-08T07:34:00+00:00,long,-237.92000,ifvg,0.2264,0.8585,6.0000,22.7500,2024-04-08T06:24:00+00:00,8.5000
2024-04-08T07:34:00+00:00,2024-04-08T07:54:00+00:00,short,-452.16000,ifvg,0.0714,1.4898,1.7500,36.5000,2024-04-08T07:24:00+00:00,6.7500
2024-04-09T02:24:00+00:00,2024-04-09T07:19:00+00:00,long,1071.170000,ifvg,2.8039,0.4706,35.7500,6.0000,2024-04-09T01:59:00+00:00,1.0000
2024-04-09T07:44:00+00:00,2024-04-09T08:24:00+00:00,short,-451.62000,ifvg,1.5672,1.0597,26.2500,17.7500,2024-04-09T07:24:00+00:00,6.0000
2024-04-09T10:04:00+00:00,2024-04-09T10:34:00+00:00,short,1026.120000,ifvg,3.0,0.1884,51.7500,3.2500,2024-04-09T09:54:00+00:00,5.7500
2024-04-09T13:39:00+00:00,2024-04-09T14:29:00+00:00,short,1113.060000,ifvg,3.2081,0.349,119.5000,13.0000,2024-04-09T13:24:00+00:00,12.2500
2024-04-09T14:34:00+00:00,2024-04-09T19:24:00+00:00,short,-156.48000,ifvg,1.016,0.8173,79.2500,63.7500,2024-04-09T12:04:00+00:00,6.7500
2024-04-09T19:24:00+00:00,2024-04-09T20:04:00+00:00,long,1098.060000,ifvg,3.4966,0.0476,128.5000,1.7500,2024-04-09T19:09:00+00:00,5.5000
2024-04-10T09:09:00+00:00,2024-04-10T10:04:00+00:00,short,1101.120000,ifvg,2.7162,0.1081,50.2500,2.0000,2024-04-10T08:59:00+00:00,2.2500
2024-04-10T12:24:00+00:00,2024-04-10T12:29:00+00:00,short,-472.36000,ifvg,0.2615,5.6615,4.2500,92.0000,2024-04-10T12:14:00+00:00,4.7500
2024-04-10T12:39:00+00:00,2024-04-10T13:59:00+00:00,short,-463.48000,ifvg,0.3015,1.039,34.7500,119.7500,2024-04-10T10:59:00+00:00,6.2500
2024-04-10T17:09:00+00:00,2024-04-10T17:24:00+00:00,short,-423.72000,ifvg,0.075,1.4286,5.2500,100.0000,2024-04-10T16:59:00+00:00,12.5000
2024-04-10T17:29:00+00:00,2024-04-10T20:09:00+00:00,long,-57.72000,ifvg,0.7528,0.9101,50.2500,60.7500,2024-04-10T17:09:00+00:00,33.5000
2024-04-11T01:24:00+00:00,2024-04-11T01:39:00+00:00,short,-479.56000,ifvg,0.2708,1.7292,3.2500,20.7500,2024-04-11T01:14:00+00:00,1.2500
2024-04-11T12:39:00+00:00,2024-04-11T14:19:00+00:00,long,-362.22000,ifvg,0.5439,1.41,32.5000,84.2500,2024-04-11T11:39:00+00:00,0.5000
2024-04-15T13:39:00+00:00,2024-04-15T14:59:00+00:00,short,1127.550000,ifvg,2.6519,0.7845,120.0000,35.5000,2024-04-15T12:39:00+00:00,1.7500
2024-04-16T10:39:00+00:00,2024-04-16T11:54:00+00:00,long,1064.080000,ifvg,2.6729,0.2617,71.5000,7.0000,2024-04-16T10:29:00+00:00,1.7500
2024-04-16T16:14:00+00:00,2024-04-16T17:34:00+00:00,long,-329.48000,ifvg,0.2661,1.1131,21.7500,91.0000,2024-04-16T16:04:00+00:00,9.5000
2024-04-17T15:09:00+00:00,2024-04-17T15:34:00+00:00,long,-395.22000,ifvg,0.0766,1.4138,5.0000,92.2500,2024-04-17T14:59:00+00:00,18.5000
2024-04-17T18:49:00+00:00,2024-04-17T18:59:00+00:00,long,-105.24000,ifvg,0.0778,0.4182,12.0000,64.5000,2024-04-17T15:39:00+00:00,20.2500
2024-04-17T18:59:00+00:00,2024-04-17T20:09:00+00:00,short,159.52000,ifvg,0.7695,0.1287,64.2500,10.7500,2024-04-17T18:49:00+00:00,35.2500
2024-04-18T05:29:00+00:00,2024-04-18T06:19:00+00:00,long,1151.400000,ifvg,2.5484,0.0323,39.5000,0.5000,2024-04-18T05:09:00+00:00,2.5000
2024-04-19T02:29:00+00:00,2024-04-19T06:14:00+00:00,long,1167.040000,ifvg,2.5769,0.4786,150.7500,28.0000,2024-04-19T02:19:00+00:00,19.0000
2024-04-19T11:04:00+00:00,2024-04-19T14:24:00+00:00,long,-408.96000,ifvg,2.2673,1.5743,114.5000,79.5000,2024-04-19T10:24:00+00:00,6.5000
2024-04-22T11:24:00+00:00,2024-04-22T12:14:00+00:00,long,-442.68000,ifvg,0.5887,1.0806,18.2500,33.5000,2024-04-22T10:49:00+00:00,1.0000
2024-04-22T14:04:00+00:00,2024-04-22T14:24:00+00:00,short,1094.080000,ifvg,2.8818,0.4091,79.2500,11.2500,2024-04-22T13:54:00+00:00,2.0000
2024-04-22T15:34:00+00:00,2024-04-22T17:34:00+00:00,long,1127.040000,ifvg,2.5531,0.115,144.2500,6.5000,2024-04-22T14:59:00+00:00,14.7500
2024-04-23T06:09:00+00:00,2024-04-23T06:49:00+00:00,short,-499.32000,ifvg,0.8302,1.1321,11.0000,15.0000,2024-04-23T05:59:00+00:00,1.2500
2024-04-23T12:29:00+00:00,2024-04-23T13:34:00+00:00,long,1105.100000,ifvg,3.4719,0.0,77.2500,0,2024-04-23T12:14:00+00:00,3.5000
2024-04-24T06:24:00+00:00,2024-04-24T07:19:00+00:00,long,-490.62000,ifvg,0.2877,1.2055,5.2500,22.0000,2024-04-24T06:09:00+00:00,0.2500
2024-04-24T13:34:00+00:00,2024-04-24T14:44:00+00:00,long,-433.44000,ifvg,1.7042,1.1197,60.5000,39.7500,2024-04-24T12:54:00+00:00,1.7500
2024-04-25T00:09:00+00:00,2024-04-25T05:14:00+00:00,long,-488.18000,ifvg,0.7372,1.0146,25.2500,34.7500,2024-04-24T23:54:00+00:00,6.7500
2024-04-25T11:24:00+00:00,2024-04-25T12:19:00+00:00,long,-485.92000,ifvg,0.4874,1.0588,14.5000,31.5000,2024-04-25T11:04:00+00:00,4.2500
2024-04-25T12:54:00+00:00,2024-04-25T13:49:00+00:00,short,46.76000,ifvg,0.542,0.0973,71.0000,12.7500,2024-04-23T12:39:00+00:00,5.7500
2024-04-25T13:49:00+00:00,2024-04-25T16:49:00+00:00,long,1140.050000,ifvg,2.623,0.5683,120.0000,26.0000,2024-04-25T13:39:00+00:00,4.7500
2024-04-25T18:34:00+00:00,2024-04-25T19:04:00+00:00,short,-472.44000,ifvg,0.8452,1.2194,32.7500,47.2500,2024-04-25T17:54:00+00:00,5.0000
2024-04-26T11:44:00+00:00,2024-04-26T12:34:00+00:00,short,-487.40000,ifvg,1.5263,3.1684,36.2500,75.2500,2024-04-26T11:14:00+00:00,2.0000
2024-04-29T07:59:00+00:00,2024-04-29T09:54:00+00:00,long,-445.92000,ifvg,0.3119,1.1193,8.5000,30.5000,2024-04-29T06:29:00+00:00,1.0000
2024-04-29T18:49:00+00:00,2024-04-29T19:04:00+00:00,long,-458.70000,ifvg,0.2485,1.8817,10.5000,79.5000,2024-04-29T18:39:00+00:00,18.2500
2024-04-29T19:09:00+00:00,2024-04-29T19:54:00+00:00,short,-425.22000,ifvg,0.0142,1.0534,1.0000,74.0000,2024-04-29T18:49:00+00:00,13.7500
2024-04-30T11:09:00+00:00,2024-04-30T12:34:00+00:00,short,1091.860000,ifvg,4.7625,0.375,95.2500,7.5000,2024-04-30T10:44:00+00:00,3.5000
2024-04-30T16:39:00+00:00,2024-04-30T20:09:00+00:00,short,283.76000,ifvg,1.4706,0.2904,200.0000,39.5000,2024-04-30T16:19:00+00:00,4.0000
2024-05-01T09:54:00+00:00,2024-05-01T10:29:00+00:00,long,-477.62000,ifvg,0.2113,1.4648,3.7500,26.0000,2024-05-01T09:39:00+00:00,4.0000
2024-05-01T17:29:00+00:00,2024-05-01T18:09:00+00:00,long,1071.070000,ifvg,2.5691,0.252,79.0000,7.7500,2024-05-01T17:19:00+00:00,0.7500
2024-05-02T14:29:00+00:00,2024-05-02T20:09:00+00:00,long,681.52000,ifvg,1.6512,0.479,187.0000,54.2500,2024-05-02T14:09:00+00:00,18.0000
2024-05-03T02:04:00+00:00,2024-05-03T06:19:00+00:00,short,888.44000,ifvg,2.32,0.52,29.0000,6.5000,2024-05-03T01:39:00+00:00,2.5000
2024-05-03T06:19:00+00:00,2024-05-03T07:09:00+00:00,long,-497.12000,ifvg,0.0135,1.0541,0.2500,19.5000,2024-05-03T06:09:00+00:00,7.2500
2024-05-03T12:09:00+00:00,2024-05-03T12:29:00+00:00,long,1160.380000,ifvg,2.6806,0.7917,48.2500,14.2500,2024-05-03T11:54:00+00:00,1.7500
2024-05-06T05:44:00+00:00,2024-05-06T07:29:00+00:00,long,429.42000,ifvg,2.2807,0.4035,32.5000,5.7500,2024-05-06T05:24:00+00:00,0.2500
2024-05-06T07:29:00+00:00,2024-05-06T07:44:00+00:00,short,-333.60000,ifvg,0.0597,0.9104,1.0000,15.2500,2024-05-06T06:44:00+00:00,0.7500
2024-05-06T08:19:00+00:00,2024-05-06T13:39:00+00:00,long,1185.840000,ifvg,3.0755,0.0377,81.5000,1.0000,2024-05-06T07:59:00+00:00,6.5000
2024-05-07T02:59:00+00:00,2024-05-07T04:04:00+00:00,short,-552.24000,ifvg,0.175,1.1,1.7500,11.0000,2024-05-07T02:34:00+00:00,3.0000
2024-05-07T09:29:00+00:00,2024-05-07T12:59:00+00:00,short,-527.06000,ifvg,2.2075,1.1887,29.2500,15.7500,2024-05-07T08:59:00+00:00,1.0000
2024-05-07T17:54:00+00:00,2024-05-07T20:09:00+00:00,short,-61.20000,ifvg,0.8602,0.3065,40.0000,14.2500,2024-05-07T14:59:00+00:00,8.5000
2024-05-08T19:24:00+00:00,2024-05-08T20:09:00+00:00,long,-193.44000,ifvg,0.3797,0.5823,15.0000,23.0000,2024-05-08T19:04:00+00:00,1.7500
2024-05-09T07:29:00+00:00,2024-05-09T10:24:00+00:00,short,-506.88000,ifvg,1.2195,1.1585,25.0000,23.7500,2024-05-09T07:09:00+00:00,4.0000
2024-05-09T11:44:00+00:00,2024-05-09T13:49:00+00:00,long,-496.44000,ifvg,1.2454,1.2515,50.7500,51.0000,2024-05-09T11:29:00+00:00,3.7500
2024-05-09T17:34:00+00:00,2024-05-09T20:09:00+00:00,long,77.04000,ifvg,0.4585,0.4927,23.5000,25.2500,2024-05-09T17:24:00+00:00,2.0000
2024-05-10T08:24:00+00:00,2024-05-10T12:39:00+00:00,long,110.32000,ifvg,1.2168,0.0559,43.5000,2.0000,2024-05-10T07:54:00+00:00,4.5000
2024-05-10T12:39:00+00:00,2024-05-10T13:34:00+00:00,short,-505.58000,ifvg,1.6667,3.0351,23.7500,43.2500,2024-05-10T12:29:00+00:00,3.7500
2024-05-13T03:29:00+00:00,2024-05-13T09:39:00+00:00,long,1219.230000,ifvg,2.5116,0.4651,27.0000,5.0000,2024-05-13T02:34:00+00:00,1.7500
2024-05-13T12:24:00+00:00,2024-05-13T12:44:00+00:00,short,-515.84000,ifvg,0.3548,1.2903,5.5000,20.0000,2024-05-13T11:49:00+00:00,0.7500
2024-05-13T12:49:00+00:00,2024-05-13T13:34:00+00:00,long,-513.92000,ifvg,0.3651,1.0476,11.5000,33.0000,2024-05-13T12:19:00+00:00,1.5000
2024-05-13T13:39:00+00:00,2024-05-13T14:19:00+00:00,short,-515.84000,ifvg,2.3065,1.0161,35.7500,15.7500,2024-05-13T13:24:00+00:00,0.2500
2024-05-13T17:24:00+00:00,2024-05-13T19:54:00+00:00,long,38.80000,ifvg,0.1818,0.4899,9.0000,24.2500,2024-05-13T17:14:00+00:00,14.0000
2024-05-14T09:09:00+00:00,2024-05-14T11:34:00+00:00,short,1215.300000,ifvg,3.0,0.4848,24.7500,4.0000,2024-05-14T08:59:00+00:00,1.5000
2024-05-14T14:04:00+00:00,2024-05-14T14:24:00+00:00,short,-461.92000,ifvg,0.4425,2.0531,12.5000,58.0000,2024-05-14T13:49:00+00:00,5.5000
2024-05-14T14:44:00+00:00,2024-05-14T14:59:00+00:00,short,-473.92000,ifvg,0.4397,1.2586,12.7500,36.5000,2024-05-14T14:34:00+00:00,6.7500
2024-05-15T12:39:00+00:00,2024-05-15T13:54:00+00:00,long,-491.68000,ifvg,1.1232,1.3478,38.7500,46.5000,2024-05-15T04:04:00+00:00,0.2500
2024-05-16T07:24:00+00:00,2024-05-16T12:34:00+00:00,long,-503.14000,ifvg,0.5056,1.0674,11.2500,23.7500,2024-05-16T06:04:00+00:00,1.0000
2024-05-20T08:54:00+00:00,2024-05-20T11:04:00+00:00,long,752.420000,ifvg,2.5,0.5556,22.5000,5.0000,2024-05-20T08:44:00+00:00,2.0000
2024-05-20T13:39:00+00:00,2024-05-20T16:44:00+00:00,long,1174.080000,ifvg,2.7034,0.4237,79.7500,12.5000,2024-05-20T12:49:00+00:00,3.2500
2024-05-21T13:39:00+00:00,2024-05-21T16:19:00+00:00,long,1197.090000,ifvg,2.514,0.8879,67.2500,23.7500,2024-05-21T13:24:00+00:00,1.7500
2024-05-22T06:09:00+00:00,2024-05-22T07:24:00+00:00,short,-7.20000,ifvg,1.5862,0.8276,11.5000,6.0000,2024-05-22T05:59:00+00:00,1.7500
2024-05-22T07:24:00+00:00,2024-05-22T07:29:00+00:00,long,-522.28000,ifvg,0.0,1.0444,0,11.7500,2024-05-22T07:14:00+00:00,1.5000
2024-05-22T10:49:00+00:00,2024-05-22T11:04:00+00:00,long,1224.180000,ifvg,2.6364,0.1818,36.2500,2.5000,2024-05-22T10:39:00+00:00,1.5000
2024-05-23T14:19:00+00:00,2024-05-23T14:54:00+00:00,long,-448.96000,ifvg,0.4144,1.0721,23.0000,59.5000,2024-05-23T13:59:00+00:00,26.7500
2024-05-23T15:14:00+00:00,2024-05-23T17:24:00+00:00,long,-389.22000,ifvg,0.8016,1.0389,51.5000,66.7500,2024-05-23T14:59:00+00:00,23.5000
2024-05-24T05:44:00+00:00,2024-05-24T08:19:00+00:00,short,-493.36000,ifvg,1.3529,1.0441,23.0000,17.7500,2024-05-24T04:49:00+00:00,0.2500
2024-05-24T12:09:00+00:00,2024-05-24T12:39:00+00:00,short,-508.32000,ifvg,1.6481,2.0,22.2500,27.0000,2024-05-24T11:59:00+00:00,3.0000
2024-05-24T12:39:00+00:00,2024-05-24T12:49:00+00:00,long,-488.88000,ifvg,0.1772,1.0886,3.5000,21.5000,2024-05-24T12:24:00+00:00,2.0000
2024-05-27T13:54:00+00:00,2024-05-27T14:49:00+00:00,short,-522.28000,ifvg,0.8667,1.2889,9.7500,14.5000,2024-05-27T13:44:00+00:00,0.2500
2024-05-27T22:09:00+00:00,2024-05-28T00:04:00+00:00,short,1210.200000,ifvg,2.5918,0.0,31.7500,0,2024-05-27T16:54:00+00:00,1.0000
2024-05-28T13:49:00+00:00,2024-05-28T14:19:00+00:00,short,-446.96000,ifvg,0.0814,1.0136,4.5000,56.0000,2024-05-27T14:44:00+00:00,5.5000
2024-05-28T17:54:00+00:00,2024-05-28T18:09:00+00:00,short,-488.88000,ifvg,0.3291,1.1646,6.5000,23.0000,2024-05-28T17:39:00+00:00,7.2500
2024-05-29T08:09:00+00:00,2024-05-29T08:14:00+00:00,long,-517.32000,ifvg,0.1455,1.1091,2.0000,15.2500,2024-05-29T07:59:00+00:00,0.5000
2024-05-29T08:59:00+00:00,2024-05-29T09:09:00+00:00,long,-483.84000,ifvg,0.3103,1.1724,4.5000,17.0000,2024-05-29T08:49:00+00:00,0.2500
2024-05-29T12:29:00+00:00,2024-05-29T12:39:00+00:00,short,1160.200000,ifvg,3.4043,0.0638,40.0000,0.7500,2024-05-29T12:19:00+00:00,0.7500
2024-05-29T15:14:00+00:00,2024-05-29T16:39:00+00:00,short,-457.44000,ifvg,0.36,1.02,13.5000,38.2500,2024-05-29T14:29:00+00:00,1.0000
2024-05-29T17:09:00+00:00,2024-05-29T17:39:00+00:00,short,1198.670000,ifvg,2.7018,0.4561,38.5000,6.5000,2024-05-29T16:59:00+00:00,0.2500
2024-05-30T07:09:00+00:00,2024-05-30T08:39:00+00:00,long,1241.630000,ifvg,2.5195,0.0,48.5000,0,2024-05-30T06:39:00+00:00,1.0000
2024-05-30T10:29:00+00:00,2024-05-30T14:14:00+00:00,long,-474.18000,ifvg,1.812,1.2782,60.2500,42.5000,2024-05-30T10:19:00+00:00,0.5000
2024-05-31T11:19:00+00:00,2024-05-31T12:44:00+00:00,long,1027.040000,ifvg,2.5583,0.1505,131.7500,7.7500,2024-05-31T10:19:00+00:00,1.2500
2024-06-02T22:09:00+00:00,2024-06-03T00:04:00+00:00,short,-488.96000,ifvg,0.0372,1.0207,2.2500,61.7500,2024-05-31T20:04:00+00:00,2.7500
2024-06-03T03:24:00+00:00,2024-06-03T05:19:00+00:00,short,-539.24000,ifvg,0.7179,1.359,7.0000,13.2500,2024-06-03T03:14:00+00:00,3.7500
2024-06-03T05:34:00+00:00,2024-06-03T06:39:00+00:00,short,-531.00000,ifvg,1.8,2.625,18.0000,26.2500,2024-06-03T05:24:00+00:00,1.0000
2024-06-03T11:29:00+00:00,2024-06-03T11:34:00+00:00,short,-498.60000,ifvg,0.0469,1.375,0.7500,22.0000,2024-06-03T11:19:00+00:00,3.2500
2024-06-04T10:34:00+00:00,2024-06-04T13:14:00+00:00,short,-432.72000,ifvg,0.2308,1.0524,16.5000,75.2500,2024-06-04T10:24:00+00:00,10.0000
2024-06-04T13:39:00+00:00,2024-06-04T18:19:00+00:00,short,-487.44000,ifvg,1.4563,1.7688,58.2500,70.7500,2024-06-04T13:19:00+00:00,9.2500
2024-06-05T01:49:00+00:00,2024-06-05T06:49:00+00:00,long,-507.84000,ifvg,1.6721,1.1803,25.5000,18.0000,2024-06-05T01:29:00+00:00,4.7500
2024-06-05T07:24:00+00:00,2024-06-05T09:09:00+00:00,long,1197.140000,ifvg,2.7246,0.6812,47.0000,11.7500,2024-06-05T07:14:00+00:00,2.5000
2024-06-06T00:49:00+00:00,2024-06-06T06:19:00+00:00,long,-517.32000,ifvg,1.6909,1.0,23.2500,13.7500,2024-06-06T00:39:00+00:00,2.7500
2024-06-06T12:29:00+00:00,2024-06-06T12:59:00+00:00,short,66.08000,ifvg,1.4261,0.713,41.0000,20.5000,2024-06-06T12:09:00+00:00,3.0000
2024-06-06T12:59:00+00:00,2024-06-06T13:59:00+00:00,long,-484.68000,ifvg,0.6544,1.8015,22.2500,61.2500,2024-06-06T12:39:00+00:00,3.5000
2024-06-06T14:04:00+00:00,2024-06-06T20:09:00+00:00,short,-14.48000,ifvg,0.5072,0.5275,43.7500,45.5000,2024-06-05T19:59:00+00:00,22.5000
2024-06-07T07:04:00+00:00,2024-06-07T08:14:00+00:00,short,90.44000,ifvg,1.9,0.04,23.7500,0.5000,2024-06-07T06:34:00+00:00,2.0000
2024-06-07T08:14:00+00:00,2024-06-07T08:54:00+00:00,long,-500.88000,ifvg,0.0741,1.0123,1.5000,20.5000,2024-06-07T07:24:00+00:00,1.7500
2024-06-07T15:29:00+00:00,2024-06-07T20:09:00+00:00,long,-167.48000,ifvg,0.962,0.7554,88.5000,69.5000,2024-06-07T15:14:00+00:00,6.5000
2024-06-10T09:39:00+00:00,2024-06-10T13:24:00+00:00,long,-494.88000,ifvg,1.9625,1.075,39.2500,21.5000,2024-06-10T09:29:00+00:00,1.2500
2024-06-11T03:59:00+00:00,2024-06-11T08:29:00+00:00,long,-484.80000,ifvg,1.9783,1.2391,22.7500,14.2500,2024-06-11T03:39:00+00:00,2.2500
2024-06-11T14:09:00+00:00,2024-06-11T18:24:00+00:00,long,1152.040000,ifvg,2.5671,0.0563,148.2500,3.2500,2024-06-11T13:54:00+00:00,13.7500
2024-06-12T02:04:00+00:00,2024-06-12T06:14:00+00:00,short,-498.56000,ifvg,0.52,1.02,6.5000,12.7500,2024-06-12T01:39:00+00:00,1.7500
2024-06-12T18:24:00+00:00,2024-06-12T19:29:00+00:00,long,-242.22000,ifvg,1.2576,0.8409,83.0000,55.5000,2024-06-12T18:09:00+00:00,8.2500
2024-06-12T19:29:00+00:00,2024-06-12T19:59:00+00:00,short,-426.96000,ifvg,0.6209,1.2322,32.7500,65.0000,2024-06-12T19:19:00+00:00,9.0000
2024-06-13T05:09:00+00:00,2024-06-13T06:44:00+00:00,short,-506.00000,ifvg,1.4737,1.8421,14.0000,17.5000,2024-06-13T04:54:00+00:00,1.2500
2024-06-13T09:24:00+00:00,2024-06-13T10:34:00+00:00,short,217.56000,ifvg,1.2245,0.0,45.0000,0,2024-06-13T09:04:00+00:00,2.2500
2024-06-13T10:34:00+00:00,2024-06-13T10:54:00+00:00,long,-482.88000,ifvg,0.0641,1.0,1.2500,19.5000,2024-06-13T10:24:00+00:00,1.2500
2024-06-13T18:14:00+00:00,2024-06-13T20:09:00+00:00,long,1135.560000,ifvg,0.7129,0.1089,54.0000,8.2500,2024-06-13T18:04:00+00:00,0.5000
2024-06-14T07:34:00+00:00,2024-06-14T08:09:00+00:00,long,-470.68000,ifvg,0.053,1.0303,1.7500,34.0000,2024-06-14T06:54:00+00:00,5.7500
2024-06-14T08:19:00+00:00,2024-06-14T09:09:00+00:00,long,-433.44000,ifvg,0.0493,1.1901,1.7500,42.2500,2024-06-14T08:09:00+00:00,9.2500
2024-06-14T14:44:00+00:00,2024-06-14T17:34:00+00:00,short,-408.72000,ifvg,0.5963,1.0,40.2500,67.5000,2024-06-14T13:44:00+00:00,0.5000
2024-06-17T13:54:00+00:00,2024-06-17T15:09:00+00:00,short,-384.72000,ifvg,0.2598,1.2913,16.5000,82.0000,2024-06-14T20:04:00+00:00,15.5000
2024-06-18T16:59:00+00:00,2024-06-18T20:09:00+00:00,long,-23.22000,ifvg,0.3622,0.7087,23.0000,45.0000,2024-06-18T16:19:00+00:00,5.2500
2024-06-19T06:29:00+00:00,2024-06-19T06:34:00+00:00,short,-477.54000,ifvg,0.0465,1.0465,0.5000,11.2500,2024-06-19T06:19:00+00:00,2.7500
2024-06-20T12:34:00+00:00,2024-06-20T12:44:00+00:00,long,-465.36000,ifvg,0.4844,1.1719,7.7500,18.7500,2024-06-20T12:14:00+00:00,0.5000
2024-06-20T13:49:00+00:00,2024-06-20T14:09:00+00:00,long,-384.96000,ifvg,0.0895,1.3684,4.2500,65.0000,2024-06-20T13:39:00+00:00,6.2500
2024-06-20T17:49:00+00:00,2024-06-20T19:24:00+00:00,long,-372.96000,ifvg,1.4783,1.0272,68.0000,47.2500,2024-06-20T17:39:00+00:00,12.7500
2024-06-21T10:49:00+00:00,2024-06-21T13:54:00+00:00,long,-377.22000,ifvg,0.6506,1.4578,40.5000,90.7500,2024-06-21T10:34:00+00:00,6.0000
2024-06-24T07:09:00+00:00,2024-06-24T08:09:00+00:00,long,125.04000,ifvg,0.4388,0.5204,21.5000,25.5000,2024-06-24T06:49:00+00:00,3.0000
2024-06-24T08:39:00+00:00,2024-06-24T09:34:00+00:00,short,1046.630000,ifvg,2.5507,0.3768,44.0000,6.5000,2024-06-24T07:59:00+00:00,1.0000
2024-06-24T13:39:00+00:00,2024-06-24T13:44:00+00:00,long,-411.20000,ifvg,0.0185,1.2531,0.7500,50.7500,2024-06-24T13:09:00+00:00,4.5000
2024-06-24T14:34:00+00:00,2024-06-24T15:04:00+00:00,short,57.78000,ifvg,1.5865,0.4388,94.0000,26.0000,2024-06-24T14:04:00+00:00,1.2500
2024-06-24T15:04:00+00:00,2024-06-24T16:59:00+00:00,long,-408.70000,ifvg,0.6584,1.5901,26.5000,64.0000,2024-06-24T14:54:00+00:00,2.5000
2024-06-25T11:29:00+00:00,2024-06-25T13:49:00+00:00,short,-464.64000,ifvg,1.8902,1.0488,38.7500,21.5000,2024-06-25T11:19:00+00:00,4.5000
2024-06-26T06:09:00+00:00,2024-06-26T06:29:00+00:00,short,-472.32000,ifvg,0.18,1.06,2.2500,13.2500,2024-06-26T05:49:00+00:00,0.2500
2024-06-26T07:29:00+00:00,2024-06-26T10:19:00+00:00,long,-442.44000,ifvg,0.7931,1.0621,28.7500,38.5000,2024-06-24T08:39:00+00:00,8.0000
2024-06-27T11:39:00+00:00,2024-06-27T13:34:00+00:00,long,1088.570000,ifvg,2.784,0.48,87.0000,15.0000,2024-06-27T11:09:00+00:00,5.2500
2024-06-28T07:14:00+00:00,2024-06-28T12:34:00+00:00,long,1064.360000,ifvg,3.5513,0.8718,69.2500,17.0000,2024-06-28T06:59:00+00:00,0.5000
2024-06-28T13:39:00+00:00,2024-06-28T14:04:00+00:00,short,-410.22000,ifvg,0.1489,1.0344,19.5000,135.5000,2024-06-27T20:09:00+00:00,11.7500
2024-06-28T17:14:00+00:00,2024-06-28T19:09:00+00:00,long,-411.72000,ifvg,0.1618,1.0,11.0000,68.0000,2024-06-28T16:39:00+00:00,4.2500
2024-07-01T07:34:00+00:00,2024-07-01T08:14:00+00:00,short,33.80000,ifvg,0.896,0.1618,38.7500,7.0000,2024-07-01T05:09:00+00:00,2.5000
2024-07-01T08:14:00+00:00,2024-07-01T08:44:00+00:00,long,-446.20000,ifvg,0.5398,1.1307,23.7500,49.7500,2024-07-01T07:39:00+00:00,1.7500
2024-07-01T14:09:00+00:00,2024-07-01T14:14:00+00:00,long,-452.22000,ifvg,0.0167,1.3278,1.2500,99.2500,2024-07-01T13:54:00+00:00,44.5000
2024-07-02T09:29:00+00:00,2024-07-02T13:34:00+00:00,short,-461.20000,ifvg,1.0385,1.7692,47.2500,80.5000,2024-07-02T08:59:00+00:00,7.5000
2024-07-03T03:24:00+00:00,2024-07-03T05:09:00+00:00,short,-454.58000,ifvg,0.1569,1.0392,2.0000,13.2500,2024-07-03T03:09:00+00:00,2.0000
2024-07-03T07:19:00+00:00,2024-07-03T07:49:00+00:00,long,-446.10000,ifvg,0.4912,1.0,7.0000,14.2500,2024-07-03T07:04:00+00:00,0.5000
2024-07-04T00:04:00+00:00,2024-07-05T06:14:00+00:00,short,-449.68000,ifvg,1.3175,1.1825,41.5000,37.2500,2024-07-03T23:54:00+00:00,0.2500
2024-07-05T12:19:00+00:00,2024-07-05T12:29:00+00:00,short,-428.88000,ifvg,0.087,1.2754,1.5000,22.0000,2024-07-05T12:09:00+00:00,0.5000
2024-07-05T14:14:00+00:00,2024-07-05T14:49:00+00:00,short,-332.22000,ifvg,0.1279,1.105,7.0000,60.5000,2024-07-05T14:04:00+00:00,15.7500
2024-07-08T11:14:00+00:00,2024-07-08T13:39:00+00:00,long,-430.36000,ifvg,1.6271,1.3729,24.0000,20.2500,2024-07-08T11:04:00+00:00,2.5000
2024-07-08T16:14:00+00:00,2024-07-08T19:59:00+00:00,short,-411.20000,ifvg,0.6481,1.3025,26.2500,52.7500,2024-07-08T15:24:00+00:00,5.5000
2024-07-09T01:49:00+00:00,2024-07-09T04:59:00+00:00,short,-426.14000,ifvg,0.88,1.0667,16.5000,20.0000,2024-07-09T01:39:00+00:00,0.5000
2024-07-09T14:29:00+00:00,2024-07-09T14:49:00+00:00,short,-373.44000,ifvg,0.7705,1.2459,23.5000,38.0000,2024-07-09T14:19:00+00:00,7.7500
2024-07-10T02:09:00+00:00,2024-07-10T11:39:00+00:00,long,1014.130000,ifvg,2.6825,0.5397,42.2500,8.5000,2024-07-10T01:54:00+00:00,0.7500
2024-07-10T19:09:00+00:00,2024-07-10T19:49:00+00:00,short,-393.92000,ifvg,0.3854,1.4375,9.2500,34.5000,2024-07-10T18:54:00+00:00,8.7500
2024-07-11T12:34:00+00:00,2024-07-11T12:39:00+00:00,long,-438.62000,ifvg,0.3231,1.6308,5.2500,26.5000,2024-07-11T12:24:00+00:00,4.2500
2024-07-11T13:34:00+00:00,2024-07-11T14:19:00+00:00,short,796.020000,ifvg,2.6583,0.094,212.0000,7.5000,2024-07-11T13:24:00+00:00,2.2500
2024-07-11T16:54:00+00:00,2024-07-11T20:09:00+00:00,short,-17.24000,ifvg,0.2891,0.1983,69.2500,47.5000,2024-07-11T16:34:00+00:00,11.7500
2024-07-12T09:29:00+00:00,2024-07-12T09:49:00+00:00,short,-446.10000,ifvg,0.386,1.0702,5.5000,15.2500,2024-07-12T09:09:00+00:00,2.7500
2024-07-12T11:24:00+00:00,2024-07-12T12:24:00+00:00,long,-442.40000,ifvg,0.6279,1.2093,13.5000,26.0000,2024-07-12T11:09:00+00:00,1.5000
2024-07-12T16:04:00+00:00,2024-07-12T17:34:00+00:00,short,-288.48000,ifvg,0.7273,1.1084,52.0000,79.2500,2024-07-12T14:44:00+00:00,18.2500
2024-07-15T08:09:00+00:00,2024-07-15T11:44:00+00:00,long,-43.68000,ifvg,0.8496,0.7345,24.0000,20.7500,2024-07-15T07:59:00+00:00,3.5000
2024-07-15T11:44:00+00:00,2024-07-15T12:54:00+00:00,short,1028.670000,ifvg,2.6122,0.9592,32.0000,11.7500,2024-07-15T11:34:00+00:00,0.5000
2024-07-16T11:29:00+00:00,2024-07-16T12:34:00+00:00,short,-437.36000,ifvg,3.4167,1.4,51.2500,21.0000,2024-07-16T11:09:00+00:00,5.2500
2024-07-16T18:44:00+00:00,2024-07-16T20:09:00+00:00,long,95.52000,ifvg,0.3672,0.2825,32.5000,25.0000,2024-07-16T16:14:00+00:00,15.5000
2024-07-17T03:04:00+00:00,2024-07-17T03:34:00+00:00,short,-13.92000,ifvg,0.37,0.1,9.2500,2.5000,2024-07-17T02:44:00+00:00,2.2500
2024-07-17T03:34:00+00:00,2024-07-17T03:44:00+00:00,long,-432.06000,ifvg,0.0698,1.6279,0.7500,17.5000,2024-07-17T03:14:00+00:00,0.5000
2024-07-17T05:14:00+00:00,2024-07-17T07:29:00+00:00,short,857.040000,ifvg,2.5407,0.3314,109.2500,14.2500,2024-07-17T05:04:00+00:00,0.7500
2024-07-18T01:19:00+00:00,2024-07-18T03:34:00+00:00,short,1056.120000,ifvg,1.6064,0.4149,37.7500,9.7500,2024-07-18T00:34:00+00:00,4.0000
2024-07-18T03:54:00+00:00,2024-07-18T06:19:00+00:00,long,1074.080000,ifvg,3.037,0.4352,82.0000,11.7500,2024-07-18T03:39:00+00:00,11.7500
2024-07-18T10:39:00+00:00,2024-07-18T13:54:00+00:00,long,-453.70000,ifvg,2.1788,1.0112,97.5000,45.2500,2024-07-18T10:09:00+00:00,17.5000
2024-07-18T14:59:00+00:00,2024-07-18T15:09:00+00:00,long,-407.22000,ifvg,0.2193,1.0074,14.7500,67.7500,2024-07-18T14:44:00+00:00,6.0000
2024-07-19T07:59:00+00:00,2024-07-19T13:44:00+00:00,long,894.030000,ifvg,3.0042,0.2008,179.5000,12.0000,2024-07-19T07:44:00+00:00,7.2500
2024-07-19T14:14:00+00:00,2024-07-19T14:29:00+00:00,long,-369.72000,ifvg,0.8074,1.0,49.2500,61.0000,2024-07-19T14:04:00+00:00,7.5000
2024-07-23T15:19:00+00:00,2024-07-23T16:24:00+00:00,long,-250.24000,ifvg,0.0442,1.0241,5.5000,127.5000,2024-07-18T14:34:00+00:00,1.2500
2024-07-24T07:59:00+00:00,2024-07-24T11:24:00+00:00,short,-29.22000,ifvg,0.5789,0.636,33.0000,36.2500,2024-07-24T07:14:00+00:00,2.2500
2024-07-24T11:24:00+00:00,2024-07-24T12:04:00+00:00,long,-449.92000,ifvg,0.3545,1.0818,9.7500,29.7500,2024-07-24T11:09:00+00:00,11.0000
2024-07-25T06:24:00+00:00,2024-07-25T07:09:00+00:00,long,-425.92000,ifvg,2.2212,1.1058,57.7500,28.7500,2024-07-25T06:14:00+00:00,1.5000
2024-07-26T05:54:00+00:00,2024-07-26T06:14:00+00:00,short,-231.20000,ifvg,0.3526,0.9167,13.7500,35.7500,2024-07-26T04:29:00+00:00,2.5000
2024-07-26T06:14:00+00:00,2024-07-26T08:59:00+00:00,long,877.040000,ifvg,2.733,0.6989,120.2500,30.7500,2024-07-26T05:49:00+00:00,14.7500
2024-07-26T14:39:00+00:00,2024-07-26T15:49:00+00:00,short,-240.24000,ifvg,0.2406,1.0167,28.7500,121.5000,2024-07-26T14:29:00+00:00,15.0000
2024-07-26T17:39:00+00:00,2024-07-26T17:49:00+00:00,short,-374.96000,ifvg,0.1297,1.4,6.0000,64.7500,2024-07-26T16:49:00+00:00,2.7500
2024-07-29T06:59:00+00:00,2024-07-29T07:04:00+00:00,long,-453.60000,ifvg,0.069,1.2069,1.0000,17.5000,2024-07-29T06:44:00+00:00,2.5000
2024-07-29T13:44:00+00:00,2024-07-29T14:14:00+00:00,long,-359.48000,ifvg,0.3894,1.0896,34.7500,97.2500,2024-07-29T13:09:00+00:00,6.5000
2024-07-29T17:34:00+00:00,2024-07-29T20:09:00+00:00,short,395.28000,ifvg,1.1801,0.5594,77.0000,36.5000,2024-07-29T16:14:00+00:00,6.5000
2024-07-30T06:34:00+00:00,2024-07-30T09:29:00+00:00,long,119.52000,ifvg,0.7373,0.2299,61.7500,19.2500,2024-07-29T23:09:00+00:00,1.2500
2024-07-30T09:29:00+00:00,2024-07-30T10:49:00+00:00,short,-437.40000,ifvg,1.3059,1.0235,27.7500,21.7500,2024-07-30T09:09:00+00:00,10.5000
2024-07-31T08:29:00+00:00,2024-07-31T09:54:00+00:00,long,-56.96000,ifvg,0.7198,0.456,32.7500,20.7500,2024-07-31T08:09:00+00:00,5.5000
2024-07-31T09:54:00+00:00,2024-07-31T11:49:00+00:00,short,-398.70000,ifvg,0.2739,1.3121,10.7500,51.5000,2024-07-31T09:39:00+00:00,9.2500
2024-07-31T13:39:00+00:00,2024-07-31T14:04:00+00:00,short,-365.22000,ifvg,0.6846,1.0996,41.2500,66.2500,2024-07-31T12:54:00+00:00,7.7500
2024-08-01T06:09:00+00:00,2024-08-01T06:34:00+00:00,short,-437.40000,ifvg,0.4471,1.1176,9.5000,23.7500,2024-08-01T05:59:00+00:00,1.2500
2024-08-01T07:14:00+00:00,2024-08-01T07:59:00+00:00,long,-394.44000,ifvg,0.7519,1.0,24.2500,32.2500,2024-08-01T07:04:00+00:00,7.0000
2024-08-01T13:39:00+00:00,2024-08-01T14:24:00+00:00,long,-404.96000,ifvg,2.365,2.035,118.2500,101.7500,2024-08-01T13:24:00+00:00,6.0000
2024-08-02T10:29:00+00:00,2024-08-02T10:39:00+00:00,long,-143.22000,ifvg,0.032,0.728,2.0000,45.5000,2024-08-02T09:19:00+00:00,2.0000
2024-08-02T10:39:00+00:00,2024-08-02T12:34:00+00:00,short,-351.72000,ifvg,2.5733,1.2414,149.2500,72.0000,2024-08-02T10:29:00+00:00,20.2500
2024-08-02T12:39:00+00:00,2024-08-02T12:54:00+00:00,short,-340.48000,ifvg,0.2722,1.216,23.0000,102.7500,2024-08-02T12:09:00+00:00,18.0000
2024-08-02T13:44:00+00:00,2024-08-02T14:09:00+00:00,long,-386.24000,ifvg,0.1935,1.2052,37.2500,232.0000,2024-08-02T12:39:00+00:00,131.7500
2024-08-05T10:04:00+00:00,2024-08-05T10:44:00+00:00,long,-264.24000,ifvg,0.2947,1.0152,38.7500,133.5000,2024-08-05T09:44:00+00:00,51.7500
2024-08-06T05:34:00+00:00,2024-08-06T06:49:00+00:00,long,-341.48000,ifvg,0.0885,1.2625,7.5000,107.0000,2024-08-06T05:14:00+00:00,30.7500
2024-08-06T11:49:00+00:00,2024-08-06T13:44:00+00:00,short,796.020000,ifvg,2.5392,0.3542,202.5000,28.2500,2024-08-06T11:09:00+00:00,7.0000
2024-08-06T19:04:00+00:00,2024-08-06T19:29:00+00:00,short,-393.72000,ifvg,0.7077,1.0154,46.0000,66.0000,2024-08-06T18:24:00+00:00,12.0000
2024-08-06T19:29:00+00:00,2024-08-06T19:44:00+00:00,long,-378.70000,ifvg,0.4027,1.0067,15.0000,37.5000,2024-08-06T15:19:00+00:00,18.7500
2024-08-07T07:29:00+00:00,2024-08-07T07:39:00+00:00,short,-118.24000,ifvg,0.0044,0.4137,0.7500,70.7500,2024-08-07T01:49:00+00:00,18.2500
2024-08-07T07:39:00+00:00,2024-08-07T07:54:00+00:00,long,-401.22000,ifvg,0.1509,1.0792,10.0000,71.5000,2024-08-07T07:29:00+00:00,25.7500
2024-08-07T09:49:00+00:00,2024-08-07T10:59:00+00:00,short,-332.96000,ifvg,0.3232,1.2317,13.2500,50.5000,2024-08-07T09:34:00+00:00,7.5000
2024-08-07T19:09:00+00:00,2024-08-07T19:54:00+00:00,long,-210.74000,ifvg,0.3222,1.2506,33.7500,131.0000,2024-08-07T18:14:00+00:00,8.2500
2024-08-08T06:24:00+00:00,2024-08-08T07:29:00+00:00,long,-361.48000,ifvg,0.1365,1.3454,12.2500,120.7500,2024-08-08T05:24:00+00:00,10.0000
2024-08-08T17:24:00+00:00,2024-08-08T17:49:00+00:00,long,723.010000,ifvg,1.0292,0.3812,123.5000,45.7500,2024-08-08T16:34:00+00:00,1.5000
2024-08-08T23:29:00+00:00,2024-08-09T04:59:00+00:00,short,946.300000,ifvg,3.7368,0.9671,142.0000,36.7500,2024-08-08T23:19:00+00:00,9.0000
2024-08-11T22:09:00+00:00,2024-08-11T22:14:00+00:00,long,-346.96000,ifvg,0.0,2.1345,0,91.2500,2024-08-09T20:49:00+00:00,1.2500
2024-08-11T22:19:00+00:00,2024-08-11T23:04:00+00:00,short,-360.72000,ifvg,0.4832,1.0336,28.7500,61.5000,2024-08-11T22:09:00+00:00,24.2500
2024-08-11T23:54:00+00:00,2024-08-12T07:24:00+00:00,long,-35.24000,ifvg,0.3094,0.427,35.5000,49.0000,2024-08-11T22:19:00+00:00,57.2500
2024-08-12T07:24:00+00:00,2024-08-12T07:29:00+00:00,short,-388.44000,ifvg,0.0,1.1339,0,36.0000,2024-08-12T07:09:00+00:00,4.0000
2024-08-12T07:34:00+00:00,2024-08-12T13:44:00+00:00,long,-341.20000,ifvg,1.6418,2.4328,55.0000,81.5000,2024-08-12T07:24:00+00:00,11.0000
2024-08-12T14:14:00+00:00,2024-08-12T15:29:00+00:00,long,-119.48000,ifvg,1.1518,0.897,106.2500,82.7500,2024-08-12T13:49:00+00:00,37.5000
2024-08-12T15:29:00+00:00,2024-08-12T15:54:00+00:00,short,-358.70000,ifvg,1.0922,1.8794,38.5000,66.2500,2024-08-12T15:09:00+00:00,0.2500
2024-08-13T01:14:00+00:00,2024-08-13T02:54:00+00:00,short,-393.68000,ifvg,0.0455,1.1182,1.2500,30.7500,2024-08-13T00:59:00+00:00,4.0000
2024-08-13T22:09:00+00:00,2024-08-14T05:54:00+00:00,long,-26.48000,ifvg,0.4691,0.4625,36.0000,35.5000,2024-08-13T20:34:00+00:00,2.0000
2024-08-14T05:54:00+00:00,2024-08-14T06:39:00+00:00,short,-372.40000,ifvg,0.2917,1.2222,5.2500,22.0000,2024-08-14T05:19:00+00:00,1.0000
2024-08-14T16:24:00+00:00,2024-08-14T19:54:00+00:00,short,-323.22000,ifvg,0.9624,1.1596,51.2500,61.7500,2024-08-14T15:59:00+00:00,22.2500
2024-08-15T06:44:00+00:00,2024-08-15T08:34:00+00:00,long,-382.44000,ifvg,0.84,1.48,26.2500,46.2500,2024-08-15T06:29:00+00:00,18.5000
2024-08-15T12:39:00+00:00,2024-08-15T14:49:00+00:00,long,841.020000,ifvg,2.5816,0.1454,217.5000,12.2500,2024-08-15T08:14:00+00:00,9.0000
2024-08-19T03:49:00+00:00,2024-08-19T06:09:00+00:00,short,858.060000,ifvg,2.887,0.1826,83.0000,5.2500,2024-08-19T03:34:00+00:00,0.7500
2024-08-19T09:34:00+00:00,2024-08-19T13:34:00+00:00,long,81.30000,ifvg,1.5743,0.473,58.2500,17.5000,2024-08-19T09:14:00+00:00,4.7500
2024-08-19T13:34:00+00:00,2024-08-19T13:49:00+00:00,short,-346.44000,ifvg,1.5752,1.2478,44.5000,35.2500,2024-08-19T12:09:00+00:00,0.2500
2024-08-19T13:49:00+00:00,2024-08-19T14:04:00+00:00,long,-359.22000,ifvg,0.0338,1.0084,2.0000,59.7500,2024-08-19T13:39:00+00:00,0.7500
2024-08-20T06:44:00+00:00,2024-08-20T08:39:00+00:00,long,-388.44000,ifvg,1.0079,1.2126,32.0000,38.5000,2024-08-20T03:24:00+00:00,7.2500
2024-08-20T15:59:00+00:00,2024-08-20T16:54:00+00:00,long,-383.22000,ifvg,0.087,1.1146,5.5000,70.5000,2024-08-20T15:49:00+00:00,4.2500
2024-08-21T00:09:00+00:00,2024-08-21T00:34:00+00:00,long,-391.32000,ifvg,1.3659,1.0244,14.0000,10.5000,2024-08-20T23:59:00+00:00,0.5000
2024-08-21T05:49:00+00:00,2024-08-21T09:04:00+00:00,short,855.100000,ifvg,2.5362,0.087,43.7500,1.5000,2024-08-21T04:54:00+00:00,1.7500
2024-08-21T14:59:00+00:00,2024-08-21T18:04:00+00:00,short,-199.74000,ifvg,0.6247,1.0353,62.0000,102.7500,2024-08-21T14:44:00+00:00,44.5000
2024-08-21T18:44:00+00:00,2024-08-21T20:09:00+00:00,short,63.04000,ifvg,1.4341,0.5495,65.2500,25.0000,2024-08-21T18:34:00+00:00,20.2500
2024-08-22T07:39:00+00:00,2024-08-22T09:19:00+00:00,short,-370.44000,ifvg,0.2562,1.0331,7.7500,31.2500,2024-08-22T06:19:00+00:00,4.0000
2024-08-22T23:14:00+00:00,2024-08-23T00:04:00+00:00,short,-382.14000,ifvg,0.4925,1.0746,8.2500,18.0000,2024-08-22T22:39:00+00:00,1.7500
2024-08-23T06:54:00+00:00,2024-08-23T07:29:00+00:00,short,-377.40000,ifvg,0.2329,1.0822,4.2500,19.7500,2024-08-23T06:44:00+00:00,0.5000
2024-08-23T13:54:00+00:00,2024-08-23T14:04:00+00:00,long,792.040000,ifvg,2.8679,0.6855,114.0000,27.2500,2024-08-23T13:39:00+00:00,6.0000
2024-08-23T19:19:00+00:00,2024-08-23T20:09:00+00:00,long,16.26000,ifvg,0.1641,0.3435,27.0000,56.5000,2024-08-23T19:04:00+00:00,12.5000
2024-08-26T08:29:00+00:00,2024-08-26T11:29:00+00:00,short,885.610000,ifvg,2.8769,0.8308,46.7500,13.5000,2024-08-26T08:14:00+00:00,0.5000
2024-08-27T04:19:00+00:00,2024-08-27T06:09:00+00:00,long,69.04000,ifvg,0.6319,0.0368,25.7500,1.5000,2024-08-27T04:09:00+00:00,2.0000
2024-08-27T06:09:00+00:00,2024-08-27T07:09:00+00:00,short,-395.36000,ifvg,0.6852,1.037,9.2500,14.0000,2024-08-27T05:59:00+00:00,3.7500
2024-08-27T11:14:00+00:00,2024-08-27T12:09:00+00:00,long,-100.44000,ifvg,0.8908,0.4286,26.5000,12.7500,2024-08-27T10:59:00+00:00,1.7500
2024-08-27T12:09:00+00:00,2024-08-27T13:49:00+00:00,short,800.280000,ifvg,2.5888,0.0,138.5000,0,2024-08-27T11:34:00+00:00,2.2500
2024-08-28T07:59:00+00:00,2024-08-28T08:14:00+00:00,long,-387.40000,ifvg,0.2533,1.24,4.7500,23.2500,2024-08-28T07:39:00+00:00,1.0000
2024-08-28T13:44:00+00:00,2024-08-28T15:14:00+00:00,short,698.520000,ifvg,3.2714,0.1036,229.0000,7.2500,2024-08-28T01:49:00+00:00,6.0000
2024-08-29T10:24:00+00:00,2024-08-29T13:34:00+00:00,short,-324.72000,ifvg,0.9953,2.2196,53.2500,118.7500,2024-08-29T09:49:00+00:00,11.5000
2024-08-30T06:04:00+00:00,2024-08-30T06:09:00+00:00,short,-412.08000,ifvg,0.0435,1.8478,0.5000,21.2500,2024-08-30T05:49:00+00:00,0.7500
2024-08-30T07:24:00+00:00,2024-08-30T10:59:00+00:00,long,939.820000,ifvg,2.5278,0.0926,68.2500,2.5000,2024-08-30T07:14:00+00:00,6.0000
2024-08-30T10:59:00+00:00,2024-08-30T11:44:00+00:00,long,-379.68000,ifvg,0.0,1.2547,0,33.2500,2024-08-30T10:24:00+00:00,1.2500
2024-08-30T12:09:00+00:00,2024-08-30T12:39:00+00:00,long,-386.20000,ifvg,0.6513,1.0461,24.7500,39.7500,2024-08-30T11:49:00+00:00,4.7500
2024-09-02T14:04:00+00:00,2024-09-02T14:34:00+00:00,short,-371.16000,ifvg,1.3875,1.05,27.7500,21.0000,2024-09-02T13:49:00+00:00,2.7500
2024-09-02T22:09:00+00:00,2024-09-02T22:39:00+00:00,long,-381.20000,ifvg,0.2267,1.16,8.5000,43.5000,2024-09-02T15:29:00+00:00,4.0000
2024-09-03T05:29:00+00:00,2024-09-03T07:04:00+00:00,short,-365.92000,ifvg,1.7865,2.1798,39.7500,48.5000,2024-09-03T05:09:00+00:00,3.0000
2024-09-03T07:59:00+00:00,2024-09-03T08:44:00+00:00,short,893.340000,ifvg,2.925,0.8875,58.5000,17.7500,2024-09-03T07:49:00+00:00,1.7500
2024-09-03T11:24:00+00:00,2024-09-03T13:34:00+00:00,long,-338.96000,ifvg,0.8743,1.9341,36.5000,80.7500,2024-09-03T11:14:00+00:00,9.2500
2024-09-03T17:39:00+00:00,2024-09-03T19:49:00+00:00,short,906.020000,ifvg,2.7686,0.0055,251.2500,0.5000,2024-09-03T17:29:00+00:00,19.0000
2024-09-04T07:14:00+00:00,2024-09-04T11:04:00+00:00,long,-351.20000,ifvg,1.7319,1.0725,59.7500,37.0000,2024-09-04T07:04:00+00:00,11.7500
2024-09-05T05:19:00+00:00,2024-09-05T06:59:00+00:00,long,-369.18000,ifvg,1.3204,1.1262,34.0000,29.0000,2024-09-05T05:09:00+00:00,7.5000
2024-09-05T07:14:00+00:00,2024-09-05T09:24:00+00:00,long,-321.72000,ifvg,0.7264,1.0283,38.5000,54.5000,2024-09-05T06:24:00+00:00,5.0000
2024-09-06T05:54:00+00:00,2024-09-06T06:09:00+00:00,long,-369.18000,ifvg,0.0874,1.4369,2.2500,37.0000,2024-09-06T05:44:00+00:00,6.5000
2024-09-06T06:14:00+00:00,2024-09-06T07:19:00+00:00,short,882.040000,ifvg,2.9379,0.2373,130.0000,10.5000,2024-09-06T05:59:00+00:00,9.0000
2024-09-06T13:44:00+00:00,2024-09-06T15:54:00+00:00,short,799.260000,ifvg,2.5172,0.2234,402.7500,35.7500,2024-09-06T12:39:00+00:00,36.5000
2024-09-08T23:29:00+00:00,2024-09-09T10:04:00+00:00,long,768.520000,ifvg,2.5,0.1526,192.5000,11.7500,2024-09-08T23:09:00+00:00,3.5000
2024-09-09T23:59:00+00:00,2024-09-10T04:34:00+00:00,short,846.300000,ifvg,2.5074,0.0882,85.2500,3.0000,2024-09-09T23:24:00+00:00,7.5000
2024-09-10T10:34:00+00:00,2024-09-10T12:14:00+00:00,long,915.050000,ifvg,2.2201,0.5328,143.7500,34.5000,2024-09-10T10:19:00+00:00,13.0000
2024-09-10T13:44:00+00:00,2024-09-10T14:34:00+00:00,short,78.52000,ifvg,0.8791,0.5522,80.0000,50.2500,2024-09-10T12:24:00+00:00,3.5000
2024-09-10T14:34:00+00:00,2024-09-10T14:54:00+00:00,long,-360.72000,ifvg,0.3908,1.2353,23.2500,73.5000,2024-09-10T14:19:00+00:00,4.5000
2024-09-10T23:59:00+00:00,2024-09-11T01:34:00+00:00,short,1034.080000,ifvg,3.3654,0.2981,87.5000,7.7500,2024-09-10T22:49:00+00:00,5.0000
2024-09-11T05:39:00+00:00,2024-09-11T06:04:00+00:00,long,1014.130000,ifvg,2.7937,0.127,44.0000,2.0000,2024-09-11T05:29:00+00:00,0.5000
2024-09-11T08:54:00+00:00,2024-09-11T11:39:00+00:00,long,1050.840000,ifvg,2.8404,0.1277,66.7500,3.0000,2024-09-11T08:44:00+00:00,0.5000
2024-09-11T13:09:00+00:00,2024-09-11T13:39:00+00:00,long,-122.74000,ifvg,0.2127,0.4365,33.5000,68.7500,2024-09-06T13:44:00+00:00,19.5000
2024-09-11T13:39:00+00:00,2024-09-11T14:14:00+00:00,short,826.530000,ifvg,2.5339,0.6561,140.0000,36.2500,2024-09-11T13:09:00+00:00,11.7500
2024-09-12T02:59:00+00:00,2024-09-12T03:44:00+00:00,short,-453.64000,ifvg,0.525,1.0125,10.5000,20.2500,2024-09-12T02:34:00+00:00,5.7500
2024-09-12T05:39:00+00:00,2024-09-12T05:54:00+00:00,short,-444.36000,ifvg,0.1967,1.0984,3.0000,16.7500,2024-09-12T05:29:00+00:00,4.7500
2024-09-12T06:24:00+00:00,2024-09-12T07:29:00+00:00,short,-452.88000,ifvg,1.5616,1.2466,28.5000,22.7500,2024-09-12T06:14:00+00:00,3.5000
2024-09-12T07:34:00+00:00,2024-09-12T08:04:00+00:00,long,-370.96000,ifvg,0.0874,1.2404,4.0000,56.7500,2024-09-12T06:24:00+00:00,9.5000
2024-09-12T14:19:00+00:00,2024-09-12T20:09:00+00:00,long,166.76000,ifvg,1.2369,0.6687,154.0000,83.2500,2024-09-12T12:39:00+00:00,28.7500
2024-09-12T23:59:00+00:00,2024-09-13T00:39:00+00:00,short,-415.14000,ifvg,0.5342,1.1096,9.7500,20.2500,2024-09-12T23:49:00+00:00,0.7500
2024-09-13T07:39:00+00:00,2024-09-13T13:44:00+00:00,short,-408.70000,ifvg,1.9291,1.3228,61.2500,42.0000,2024-09-13T07:29:00+00:00,0.2500
2024-09-13T16:59:00+00:00,2024-09-13T20:09:00+00:00,long,-94.48000,ifvg,0.3317,0.488,34.5000,50.7500,2024-09-13T16:19:00+00:00,8.7500
2024-09-15T22:09:00+00:00,2024-09-15T22:19:00+00:00,long,-386.68000,ifvg,0.0463,1.2315,1.2500,33.2500,2024-09-13T20:54:00+00:00,6.5000
2024-09-16T07:24:00+00:00,2024-09-16T11:29:00+00:00,short,948.570000,ifvg,3.8452,0.9524,161.5000,40.0000,2024-09-16T07:14:00+00:00,1.7500
2024-09-16T14:39:00+00:00,2024-09-16T20:09:00+00:00,short,-195.24000,ifvg,0.2417,0.7517,36.5000,113.5000,2024-09-12T16:54:00+00:00,10.7500
2024-09-17T01:39:00+00:00,2024-09-17T03:19:00+00:00,long,-182.58000,ifvg,1.3725,0.4118,17.5000,5.2500,2024-09-17T01:29:00+00:00,3.0000
2024-09-17T03:19:00+00:00,2024-09-17T03:34:00+00:00,short,-456.54000,ifvg,0.2683,1.561,2.7500,16.0000,2024-09-17T02:59:00+00:00,1.2500
2024-09-17T03:39:00+00:00,2024-09-17T05:29:00+00:00,long,997.880000,ifvg,2.5484,0.4839,39.5000,7.5000,2024-09-17T03:24:00+00:00,5.7500
2024-09-17T12:19:00+00:00,2024-09-17T12:34:00+00:00,short,-421.68000,ifvg,0.1441,1.7373,4.2500,51.2500,2024-09-17T11:59:00+00:00,6.5000
2024-09-17T13:54:00+00:00,2024-09-17T14:09:00+00:00,short,-318.48000,ifvg,0.0253,1.057,2.0000,83.5000,2024-09-17T11:49:00+00:00,14.5000
2024-09-17T15:04:00+00:00,2024-09-17T15:19:00+00:00,short,-424.96000,ifvg,0.0095,1.0476,0.5000,55.0000,2024-09-17T14:49:00+00:00,15.0000
2024-09-18T07:29:00+00:00,2024-09-18T11:04:00+00:00,short,-429.66000,ifvg,1.5161,1.0753,35.2500,25.0000,2024-09-18T06:59:00+00:00,4.2500
2024-09-18T13:39:00+00:00,2024-09-18T13:44:00+00:00,short,-433.92000,ifvg,0.2736,1.217,7.2500,32.2500,2024-09-18T12:44:00+00:00,9.0000
2024-09-18T16:19:00+00:00,2024-09-18T17:44:00+00:00,long,453.04000,ifvg,1.9218,0.0223,86.0000,1.0000,2024-09-18T15:49:00+00:00,4.2500
2024-09-18T17:44:00+00:00,2024-09-18T18:04:00+00:00,short,-373.70000,ifvg,1.9728,5.3741,72.5000,197.5000,2024-09-18T17:34:00+00:00,5.7500
2024-09-19T16:09:00+00:00,2024-09-19T20:09:00+00:00,long,-134.24000,ifvg,0.3922,0.4465,65.0000,74.0000,2024-09-19T15:59:00+00:00,16.2500
2024-09-20T03:24:00+00:00,2024-09-20T08:29:00+00:00,long,-434.88000,ifvg,1.9,1.3857,33.2500,24.2500,2024-09-20T02:54:00+00:00,4.2500
2024-09-20T13:14:00+00:00,2024-09-20T13:39:00+00:00,short,-352.96000,ifvg,0.3218,1.092,14.0000,47.5000,2024-09-20T12:14:00+00:00,4.0000
2024-09-23T13:54:00+00:00,2024-09-23T17:04:00+00:00,long,-357.72000,ifvg,0.8008,1.0297,47.2500,60.7500,2024-09-23T13:14:00+00:00,1.5000
2024-09-24T10:54:00+00:00,2024-09-24T14:04:00+00:00,short,965.050000,ifvg,3.7871,0.5742,146.7500,22.2500,2024-09-24T10:44:00+00:00,4.2500
2024-09-25T03:19:00+00:00,2024-09-25T05:44:00+00:00,long,-416.36000,ifvg,0.807,2.0877,11.5000,29.7500,2024-09-25T03:09:00+00:00,0.7500
2024-09-25T09:39:00+00:00,2024-09-25T13:39:00+00:00,long,908.800000,ifvg,2.7603,0.137,100.7500,5.0000,2024-09-25T09:24:00+00:00,4.5000
2024-09-25T13:39:00+00:00,2024-09-25T17:04:00+00:00,long,-404.96000,ifvg,1.655,1.055,82.7500,52.7500,2024-09-25T00:19:00+00:00,8.7500
2024-09-26T16:09:00+00:00,2024-09-26T17:34:00+00:00,short,42.26000,ifvg,0.5478,0.0399,96.0000,7.0000,2024-09-26T15:59:00+00:00,1.0000
2024-09-26T17:34:00+00:00,2024-09-26T20:09:00+00:00,long,755.04000,ifvg,1.9701,0.1592,99.0000,8.0000,2024-09-26T17:24:00+00:00,11.2500
2024-09-27T05:34:00+00:00,2024-09-27T05:59:00+00:00,short,-433.92000,ifvg,0.0943,1.1509,2.5000,30.5000,2024-09-27T04:49:00+00:00,0.5000
2024-09-27T09:29:00+00:00,2024-09-27T10:09:00+00:00,short,-407.16000,ifvg,0.7841,1.0455,17.2500,23.0000,2024-09-27T09:19:00+00:00,1.5000
2024-09-27T12:59:00+00:00,2024-09-27T14:14:00+00:00,short,978.060000,ifvg,2.6336,0.4885,86.2500,16.0000,2024-09-27T12:39:00+00:00,1.0000
2024-09-29T22:19:00+00:00,2024-09-30T02:14:00+00:00,long,-372.72000,ifvg,1.0488,1.0081,64.5000,62.0000,2024-09-27T20:09:00+00:00,0.5000
2024-09-30T18:24:00+00:00,2024-09-30T19:49:00+00:00,short,-281.24000,ifvg,0.1125,1.0446,15.7500,146.2500,2024-09-25T10:59:00+00:00,2.2500
2024-10-01T00:24:00+00:00,2024-10-01T00:49:00+00:00,short,-393.68000,ifvg,0.1364,1.4182,3.7500,39.0000,2024-09-30T23:59:00+00:00,3.5000
2024-10-01T17:39:00+00:00,2024-10-01T20:09:00+00:00,long,387.52000,ifvg,2.1514,0.0857,188.2500,7.5000,2024-10-01T17:09:00+00:00,4.0000
2024-10-02T06:54:00+00:00,2024-10-02T10:24:00+00:00,short,65.52000,ifvg,0.7057,0.6099,49.7500,43.0000,2024-10-02T06:44:00+00:00,11.7500
2024-10-02T10:24:00+00:00,2024-10-02T11:14:00+00:00,long,502.56000,ifvg,1.9917,0.1983,60.2500,6.0000,2024-10-02T10:09:00+00:00,7.7500
2024-10-02T11:14:00+00:00,2024-10-02T12:44:00+00:00,short,-370.96000,ifvg,0.6284,1.2404,28.7500,56.7500,2024-10-02T10:39:00+00:00,13.0000
2024-10-02T13:54:00+00:00,2024-10-02T20:09:00+00:00,long,519.52000,ifvg,2.2577,0.1135,184.0000,9.2500,2024-10-02T13:44:00+00:00,6.0000
2024-10-03T00:09:00+00:00,2024-10-03T01:34:00+00:00,short,974.820000,ifvg,2.7143,0.0357,76.0000,1.0000,2024-10-02T23:49:00+00:00,2.0000
2024-10-03T05:49:00+00:00,2024-10-03T06:54:00+00:00,short,-411.18000,ifvg,0.513,1.1652,14.7500,33.5000,2024-10-03T05:39:00+00:00,1.0000
2024-10-03T12:29:00+00:00,2024-10-03T12:34:00+00:00,short,-431.10000,ifvg,0.9636,1.9273,13.2500,26.5000,2024-10-03T12:19:00+00:00,0.2500
2024-10-03T13:39:00+00:00,2024-10-03T14:04:00+00:00,long,877.040000,ifvg,2.892,0.3864,127.2500,17.0000,2024-10-03T13:04:00+00:00,9.2500
2024-10-03T14:19:00+00:00,2024-10-03T20:09:00+00:00,short,246.78000,ifvg,2.1715,0.4635,148.7500,31.7500,2024-10-03T14:09:00+00:00,40.7500
2024-10-04T07:19:00+00:00,2024-10-04T12:34:00+00:00,long,977.550000,ifvg,3.6369,0.6178,142.7500,24.2500,2024-10-04T06:59:00+00:00,2.0000
2024-10-07T01:54:00+00:00,2024-10-07T02:09:00+00:00,short,-420.66000,ifvg,0.1538,1.022,3.5000,23.2500,2024-10-07T01:39:00+00:00,3.2500
2024-10-07T13:14:00+00:00,2024-10-07T18:34:00+00:00,long,-347.22000,ifvg,0.8908,1.8297,51.0000,104.7500,2024-10-07T12:59:00+00:00,1.5000
2024-10-08T02:49:00+00:00,2024-10-08T05:14:00+00:00,long,-176.20000,ifvg,0.4529,0.6353,19.2500,27.0000,2024-10-08T01:24:00+00:00,7.5000
2024-10-08T05:14:00+00:00,2024-10-08T07:39:00+00:00,short,-393.68000,ifvg,1.2,1.2182,33.0000,33.5000,2024-10-08T04:09:00+00:00,2.7500
2024-10-09T05:09:00+00:00,2024-10-09T05:34:00+00:00,long,-444.36000,ifvg,0.2951,1.0492,4.5000,16.0000,2024-10-09T04:59:00+00:00,1.5000
2024-10-09T06:54:00+00:00,2024-10-09T07:14:00+00:00,long,-427.40000,ifvg,0.5542,1.3133,11.5000,27.2500,2024-10-09T06:19:00+00:00,3.7500
2024-10-09T07:14:00+00:00,2024-10-09T08:04:00+00:00,short,-433.44000,ifvg,0.3803,1.0141,13.5000,36.0000,2024-10-09T06:49:00+00:00,2.2500
2024-10-09T08:24:00+00:00,2024-10-09T08:49:00+00:00,short,-417.92000,ifvg,0.3039,1.2255,7.7500,31.2500,2024-10-09T08:04:00+00:00,2.5000
2024-10-09T13:39:00+00:00,2024-10-09T13:44:00+00:00,short,-425.18000,ifvg,1.0252,1.0252,30.5000,30.5000,2024-10-09T13:09:00+00:00,9.0000
2024-10-09T23:29:00+00:00,2024-10-10T02:54:00+00:00,short,-383.18000,ifvg,0.2897,1.0467,7.7500,28.0000,2024-10-09T23:19:00+00:00,0.7500
2024-10-10T05:09:00+00:00,2024-10-10T05:54:00+00:00,long,-420.58000,ifvg,0.2979,1.5106,3.5000,17.7500,2024-10-10T04:54:00+00:00,1.2500
2024-10-10T17:54:00+00:00,2024-10-10T20:09:00+00:00,short,3.52000,ifvg,0.7101,0.3913,49.0000,27.0000,2024-10-10T17:29:00+00:00,11.0000
2024-10-11T03:14:00+00:00,2024-10-11T03:39:00+00:00,long,-410.88000,ifvg,0.0303,1.0455,0.5000,17.2500,2024-10-11T02:39:00+00:00,1.5000
2024-10-14T01:44:00+00:00,2024-10-14T02:04:00+00:00,long,-392.40000,ifvg,0.2237,1.1842,4.2500,22.5000,2024-10-14T01:09:00+00:00,4.2500
2024-10-14T09:09:00+00:00,2024-10-14T13:49:00+00:00,long,770.280000,ifvg,3.0485,0.1845,157.0000,9.5000,2024-10-14T08:59:00+00:00,5.7500
2024-10-15T00:09:00+00:00,2024-10-15T02:04:00+00:00,short,-404.14000,ifvg,1.6338,1.0282,29.0000,18.2500,2024-10-14T23:29:00+00:00,2.2500
2024-10-15T07:49:00+00:00,2024-10-15T13:09:00+00:00,short,-400.68000,ifvg,1.5179,1.3304,42.5000,37.2500,2024-10-15T07:39:00+00:00,0.2500
2024-10-15T13:34:00+00:00,2024-10-15T13:39:00+00:00,short,-384.66000,ifvg,0.9036,1.0964,18.7500,22.7500,2024-10-15T13:14:00+00:00,7.7500
2024-10-16T05:14:00+00:00,2024-10-16T05:29:00+00:00,short,-418.50000,ifvg,0.9032,1.5484,7.0000,12.0000,2024-10-16T04:14:00+00:00,1.2500
2024-10-16T07:04:00+00:00,2024-10-16T07:39:00+00:00,short,-12.40000,ifvg,2.2838,0.7973,42.2500,14.7500,2024-10-16T06:54:00+00:00,4.2500
2024-10-16T07:39:00+00:00,2024-10-16T13:34:00+00:00,long,-305.22000,ifvg,0.4129,1.4378,20.7500,72.2500,2024-10-16T07:09:00+00:00,3.0000
2024-10-16T14:14:00+00:00,2024-10-16T20:09:00+00:00,long,119.52000,ifvg,1.1477,0.875,75.7500,57.7500,2024-10-16T13:49:00+00:00,9.7500
2024-10-17T00:34:00+00:00,2024-10-17T01:24:00+00:00,long,-88.44000,ifvg,0.3833,0.4083,11.5000,12.2500,2024-10-17T00:14:00+00:00,1.2500
2024-10-17T01:24:00+00:00,2024-10-17T05:34:00+00:00,short,-380.16000,ifvg,1.3171,1.1463,27.0000,23.5000,2024-10-17T01:14:00+00:00,2.0000
2024-10-17T18:14:00+00:00,2024-10-17T20:09:00+00:00,short,85.52000,ifvg,0.7346,0.1475,68.5000,13.7500,2024-10-17T15:34:00+00:00,6.5000
2024-10-18T09:24:00+00:00,2024-10-18T11:29:00+00:00,short,-398.64000,ifvg,1.7143,1.5286,30.0000,26.7500,2024-10-18T09:14:00+00:00,1.5000
2024-10-18T13:49:00+00:00,2024-10-18T20:09:00+00:00,long,152.52000,ifvg,1.1504,0.1692,76.5000,11.2500,2024-10-18T13:34:00+00:00,28.5000
2024-10-22T12:34:00+00:00,2024-10-22T13:39:00+00:00,short,-351.68000,ifvg,1.7755,1.3367,43.5000,32.7500,2024-10-22T12:14:00+00:00,6.0000
2024-10-22T14:59:00+00:00,2024-10-22T20:09:00+00:00,long,66.76000,ifvg,0.8851,0.5423,109.7500,67.2500,2024-10-22T14:49:00+00:00,3.7500
2024-10-23T02:34:00+00:00,2024-10-23T07:24:00+00:00,short,-371.16000,ifvg,1.15,1.25,23.0000,25.0000,2024-10-23T02:24:00+00:00,1.0000
2024-10-23T12:39:00+00:00,2024-10-23T14:04:00+00:00,short,934.080000,ifvg,3.6064,0.2447,84.7500,5.7500,2024-10-23T12:24:00+00:00,5.7500
2024-10-23T14:59:00+00:00,2024-10-23T17:04:00+00:00,short,706.020000,ifvg,2.5618,0.3746,181.2500,26.5000,2024-10-23T14:39:00+00:00,2.5000
2024-10-24T03:14:00+00:00,2024-10-24T03:29:00+00:00,short,-398.88000,ifvg,0.0625,1.0469,1.0000,16.7500,2024-10-24T02:59:00+00:00,2.0000
2024-10-24T07:09:00+00:00,2024-10-24T12:34:00+00:00,long,925.560000,ifvg,2.7258,0.1452,84.5000,4.5000,2024-10-24T06:49:00+00:00,2.2500
2024-10-25T07:14:00+00:00,2024-10-25T08:09:00+00:00,long,188.80000,ifvg,1.4,0.2759,50.7500,10.0000,2024-10-25T06:44:00+00:00,0.5000
2024-10-25T08:09:00+00:00,2024-10-25T09:14:00+00:00,short,-393.66000,ifvg,0.6941,1.1059,14.7500,23.5000,2024-10-25T07:59:00+00:00,3.0000
2024-10-27T22:09:00+00:00,2024-10-28T01:04:00+00:00,long,197.04000,ifvg,1.1429,0.3512,48.0000,14.7500,2024-10-25T19:59:00+00:00,5.0000
2024-10-28T01:04:00+00:00,2024-10-28T04:54:00+00:00,short,-393.92000,ifvg,1.0521,1.1562,25.2500,27.7500,2024-10-28T00:39:00+00:00,1.0000
2024-10-28T05:14:00+00:00,2024-10-28T06:04:00+00:00,short,963.900000,ifvg,2.5385,0.1731,33.0000,2.2500,2024-10-28T04:59:00+00:00,2.2500
2024-10-28T08:24:00+00:00,2024-10-28T10:14:00+00:00,long,310.56000,ifvg,1.4032,0.1613,43.5000,5.0000,2024-10-28T08:09:00+00:00,5.2500
2024-10-28T10:14:00+00:00,2024-10-28T11:04:00+00:00,short,968.160000,ifvg,3.8776,0.7551,47.5000,9.2500,2024-10-28T10:04:00+00:00,0.5000
2024-10-29T00:14:00+00:00,2024-10-29T00:39:00+00:00,short,-409.92000,ifvg,0.12,1.14,3.0000,28.5000,2024-10-29T00:04:00+00:00,3.5000
2024-10-29T01:29:00+00:00,2024-10-29T03:49:00+00:00,long,-397.18000,ifvg,0.1351,1.2072,3.7500,33.5000,2024-10-29T01:19:00+00:00,1.0000
2024-10-29T23:09:00+00:00,2024-10-30T00:19:00+00:00,short,-386.68000,ifvg,0.1481,1.0,4.0000,27.0000,2024-10-29T22:39:00+00:00,2.7500
2024-11-01T02:29:00+00:00,2024-11-01T04:54:00+00:00,long,175.56000,ifvg,1.2377,0.1721,37.7500,5.2500,2024-11-01T02:14:00+00:00,2.2500
2024-11-01T04:54:00+00:00,2024-11-01T05:09:00+00:00,short,-427.32000,ifvg,0.3111,1.3333,3.5000,15.0000,2024-11-01T04:44:00+00:00,0.2500
2024-11-01T11:54:00+00:00,2024-11-01T12:34:00+00:00,short,-398.88000,ifvg,2.1719,2.0781,34.7500,33.2500,2024-11-01T11:44:00+00:00,2.0000
2024-11-01T13:39:00+00:00,2024-11-01T14:29:00+00:00,long,837.780000,ifvg,2.692,0.0134,150.7500,0.7500,2024-11-01T13:09:00+00:00,3.5000
2024-11-04T13:04:00+00:00,2024-11-04T14:29:00+00:00,long,-393.72000,ifvg,0.1,1.3192,6.5000,85.7500,2024-11-04T12:34:00+00:00,18.7500
2024-11-04T14:49:00+00:00,2024-11-04T17:09:00+00:00,long,-310.48000,ifvg,1.2695,1.3019,97.7500,100.2500,2024-11-04T14:39:00+00:00,24.5000
2024-11-05T03:39:00+00:00,2024-11-05T06:34:00+00:00,short,-419.84000,ifvg,1.74,1.18,21.7500,14.7500,2024-11-05T03:29:00+00:00,0.2500
2024-11-05T07:29:00+00:00,2024-11-05T08:44:00+00:00,short,-399.62000,ifvg,1.5085,1.0169,22.2500,15.0000,2024-11-05T07:19:00+00:00,2.2500
2024-11-05T14:04:00+00:00,2024-11-05T14:19:00+00:00,short,-361.44000,ifvg,0.1695,1.0339,5.0000,30.5000,2024-11-05T13:29:00+00:00,0.2500
2024-11-05T20:14:00+00:00,2024-11-05T20:49:00+00:00,long,62.76000,ifvg,0.5893,0.4821,24.7500,20.2500,2024-11-05T19:59:00+00:00,16.0000
2024-11-06T14:54:00+00:00,2024-11-06T15:19:00+00:00,short,-229.24000,ifvg,0.1096,1.0768,12.5000,122.7500,2024-11-06T14:39:00+00:00,26.7500
2024-11-08T04:39:00+00:00,2024-11-08T05:39:00+00:00,short,-397.40000,ifvg,0.1429,1.2208,2.7500,23.5000,2024-11-08T04:24:00+00:00,2.0000
2024-11-08T06:14:00+00:00,2024-11-08T10:29:00+00:00,short,940.610000,ifvg,2.5217,0.7681,43.5000,13.2500,2024-11-08T05:49:00+00:00,2.0000
2024-11-08T14:49:00+00:00,2024-11-08T15:24:00+00:00,short,197.04000,ifvg,1.0578,0.4509,45.7500,19.5000,2024-11-08T14:39:00+00:00,12.7500
2024-11-08T15:24:00+00:00,2024-11-08T21:09:00+00:00,long,431.30000,ifvg,2.2432,0.3041,83.0000,11.2500,2024-11-08T15:14:00+00:00,6.7500
2024-11-11T02:09:00+00:00,2024-11-11T08:29:00+00:00,short,-346.96000,ifvg,0.3275,1.0994,14.0000,47.0000,2024-11-11T01:39:00+00:00,2.0000
2024-11-11T13:24:00+00:00,2024-11-11T14:39:00+00:00,short,904.820000,ifvg,2.6923,0.0673,70.0000,1.7500,2024-11-11T12:49:00+00:00,7.7500
2024-11-11T15:49:00+00:00,2024-11-11T21:09:00+00:00,short,-36.24000,ifvg,0.924,0.192,115.5000,24.0000,2024-11-11T15:39:00+00:00,11.0000
2024-11-12T07:54:00+00:00,2024-11-12T09:09:00+00:00,long,-226.44000,ifvg,0.9032,0.6452,28.0000,20.0000,2024-11-12T07:34:00+00:00,5.5000
2024-11-12T09:09:00+00:00,2024-11-12T09:34:00+00:00,short,-407.16000,ifvg,0.1136,1.2955,2.5000,28.5000,2024-11-12T08:59:00+00:00,6.2500
2024-11-12T10:49:00+00:00,2024-11-12T12:59:00+00:00,long,371.30000,ifvg,1.4522,0.1083,57.0000,4.2500,2024-11-12T10:29:00+00:00,14.2500
2024-11-12T12:59:00+00:00,2024-11-12T13:24:00+00:00,short,-389.16000,ifvg,0.5714,1.25,12.0000,26.2500,2024-11-12T12:49:00+00:00,6.5000
2024-11-12T16:59:00+00:00,2024-11-12T17:54:00+00:00,long,-353.70000,ifvg,0.4532,1.2518,15.7500,43.5000,2024-11-12T16:44:00+00:00,5.0000
2024-11-13T06:59:00+00:00,2024-11-13T08:59:00+00:00,long,974.080000,ifvg,2.5,0.1531,61.2500,3.7500,2024-11-13T06:19:00+00:00,8.5000
2024-11-13T12:44:00+00:00,2024-11-13T13:34:00+00:00,short,-330.96000,ifvg,0.4479,2.2086,18.2500,90.0000,2024-11-13T12:24:00+00:00,8.0000
2024-11-14T10:49:00+00:00,2024-11-14T13:39:00+00:00,short,972.090000,ifvg,2.6322,0.5977,57.2500,13.0000,2024-11-14T10:39:00+00:00,2.0000
2024-11-14T14:49:00+00:00,2024-11-14T15:34:00+00:00,short,-86.96000,ifvg,1.1018,0.8443,46.0000,35.2500,2024-11-14T14:39:00+00:00,3.5000
2024-11-14T15:34:00+00:00,2024-11-14T16:04:00+00:00,long,-24.96000,ifvg,0.8462,0.2974,41.2500,14.5000,2024-11-14T15:24:00+00:00,12.2500
2024-11-14T16:04:00+00:00,2024-11-14T21:09:00+00:00,short,506.52000,ifvg,1.7876,0.6013,136.7500,46.0000,2024-11-14T15:44:00+00:00,4.0000
2024-11-15T12:24:00+00:00,2024-11-15T12:54:00+00:00,short,-415.14000,ifvg,0.137,1.1233,2.5000,20.5000,2024-11-15T12:14:00+00:00,4.5000
2024-11-18T09:09:00+00:00,2024-11-18T13:04:00+00:00,short,964.080000,ifvg,2.7938,0.3402,67.7500,8.2500,2024-11-18T08:54:00+00:00,1.5000
2024-11-18T14:34:00+00:00,2024-11-18T14:39:00+00:00,short,-384.66000,ifvg,0.2048,1.988,4.2500,41.2500,2024-11-18T14:19:00+00:00,5.0000
2024-11-18T15:09:00+00:00,2024-11-18T16:39:00+00:00,long,852.780000,ifvg,2.5044,0.1316,142.7500,7.5000,2024-11-18T14:54:00+00:00,7.7500
2024-11-18T18:04:00+00:00,2024-11-18T18:44:00+00:00,long,-406.44000,ifvg,0.3684,1.4887,12.2500,49.5000,2024-11-18T17:49:00+00:00,15.0000
2024-11-18T19:04:00+00:00,2024-11-18T19:19:00+00:00,long,-368.96000,ifvg,0.0659,1.044,3.0000,47.5000,2024-11-18T18:49:00+00:00,20.0000
2024-11-19T00:39:00+00:00,2024-11-19T01:59:00+00:00,short,-412.40000,ifvg,0.625,1.1875,12.5000,23.7500,2024-11-19T00:24:00+00:00,9.2500
2024-11-19T07:09:00+00:00,2024-11-19T07:29:00+00:00,short,-33.92000,ifvg,0.6327,0.1837,15.5000,4.5000,2024-11-19T06:24:00+00:00,4.2500
2024-11-19T07:29:00+00:00,2024-11-19T08:14:00+00:00,long,-423.60000,ifvg,1.5,1.6481,20.2500,22.2500,2024-11-19T07:19:00+00:00,0.7500
2024-11-19T08:19:00+00:00,2024-11-19T08:39:00+00:00,short,918.060000,ifvg,3.1789,0.3171,97.7500,9.7500,2024-11-19T07:29:00+00:00,2.2500
2024-11-21T07:34:00+00:00,2024-11-21T07:49:00+00:00,short,-315.72000,ifvg,0.2885,1.1106,15.0000,57.7500,2024-11-21T06:34:00+00:00,10.0000
2024-11-21T14:39:00+00:00,2024-11-21T14:49:00+00:00,short,-333.72000,ifvg,0.4545,2.3045,25.0000,126.7500,2024-11-21T14:09:00+00:00,0.5000
2024-11-21T15:19:00+00:00,2024-11-21T15:24:00+00:00,long,-305.48000,ifvg,0.2442,1.264,18.5000,95.7500,2024-11-21T15:09:00+00:00,25.0000
2024-11-22T06:09:00+00:00,2024-11-22T09:09:00+00:00,long,-413.92000,ifvg,1.3366,1.1386,33.7500,28.7500,2024-11-22T05:54:00+00:00,3.0000
2024-11-22T15:44:00+00:00,2024-11-22T16:24:00+00:00,long,-335.48000,ifvg,0.1351,1.1712,11.2500,97.5000,2024-11-22T15:14:00+00:00,8.2500
2024-11-22T20:09:00+00:00,2024-11-22T20:59:00+00:00,short,-360.96000,ifvg,0.3539,1.1404,15.7500,50.7500,2024-11-22T19:59:00+00:00,1.2500
2024-11-25T03:34:00+00:00,2024-11-25T04:24:00+00:00,short,-414.80000,ifvg,0.359,1.1026,3.5000,10.7500,2024-11-25T03:19:00+00:00,2.2500
2024-11-25T06:09:00+00:00,2024-11-25T07:14:00+00:00,short,-203.28000,ifvg,0.9429,0.8286,8.2500,7.2500,2024-11-25T05:59:00+00:00,1.0000
2024-11-25T07:14:00+00:00,2024-11-25T07:34:00+00:00,long,-395.08000,ifvg,0.2955,1.2045,3.2500,13.2500,2024-11-25T07:04:00+00:00,0.2500
2024-11-25T12:24:00+00:00,2024-11-25T13:49:00+00:00,long,899.360000,ifvg,3.0758,0.9545,50.7500,15.7500,2024-11-25T12:14:00+00:00,0.5000
2024-11-25T14:34:00+00:00,2024-11-25T14:39:00+00:00,short,-391.44000,ifvg,0.3203,1.7812,10.2500,57.0000,2024-11-25T14:19:00+00:00,14.2500
2024-11-25T14:54:00+00:00,2024-11-25T17:59:00+00:00,short,468.78000,ifvg,2.435,0.5122,149.7500,31.5000,2024-11-25T14:44:00+00:00,18.5000
2024-11-25T17:59:00+00:00,2024-11-25T21:09:00+00:00,long,359.04000,ifvg,1.044,0.5714,47.5000,26.0000,2024-11-25T17:49:00+00:00,10.0000
2024-11-25T23:09:00+00:00,2024-11-25T23:49:00+00:00,long,-304.48000,ifvg,0.0629,1.2881,4.7500,97.2500,2024-11-25T21:44:00+00:00,3.5000
2024-11-26T07:09:00+00:00,2024-11-26T11:49:00+00:00,short,-385.92000,ifvg,1.7021,1.2979,40.0000,30.5000,2024-11-26T06:44:00+00:00,6.0000
2024-11-26T14:29:00+00:00,2024-11-26T14:34:00+00:00,short,-392.40000,ifvg,0.0,3.0,0,57.0000,2024-11-26T14:19:00+00:00,3.5000
2024-11-27T11:19:00+00:00,2024-11-27T12:54:00+00:00,short,-364.44000,ifvg,0.4034,1.0588,12.0000,31.5000,2024-11-27T11:04:00+00:00,4.2500
2024-11-27T14:19:00+00:00,2024-11-27T14:34:00+00:00,long,-366.20000,ifvg,0.0625,2.2778,2.2500,82.0000,2024-11-27T14:09:00+00:00,8.5000
2024-11-29T00:14:00+00:00,2024-11-29T02:59:00+00:00,short,-341.20000,ifvg,1.3507,1.0,45.2500,33.5000,2024-11-28T14:19:00+00:00,1.2500
2024-11-29T14:09:00+00:00,2024-11-29T14:34:00+00:00,long,-366.20000,ifvg,0.4722,1.4306,17.0000,51.5000,2024-11-29T13:34:00+00:00,4.5000
2024-11-29T14:34:00+00:00,2024-11-29T14:39:00+00:00,short,-326.20000,ifvg,0.4375,1.3203,14.0000,42.2500,2024-11-29T14:19:00+00:00,1.5000
2024-12-02T04:09:00+00:00,2024-12-02T12:09:00+00:00,long,882.140000,ifvg,3.1569,0.8431,40.2500,10.7500,2024-12-02T03:59:00+00:00,4.0000
2024-12-03T07:19:00+00:00,2024-12-03T08:14:00+00:00,long,-394.06000,ifvg,1.6667,1.1538,16.2500,11.2500,2024-12-03T07:09:00+00:00,0.5000
2024-12-03T08:19:00+00:00,2024-12-03T12:29:00+00:00,short,180.32000,ifvg,1.3,0.29,32.5000,7.2500,2024-12-03T03:14:00+00:00,0.5000
2024-12-03T12:29:00+00:00,2024-12-03T13:59:00+00:00,long,-217.40000,ifvg,1.0395,0.5658,19.7500,10.7500,2024-12-03T12:19:00+00:00,3.0000
2024-12-03T13:59:00+00:00,2024-12-03T14:19:00+00:00,short,899.360000,ifvg,3.1061,0.8788,51.2500,14.5000,2024-12-03T13:49:00+00:00,4.0000
2024-12-04T06:49:00+00:00,2024-12-04T08:54:00+00:00,long,921.120000,ifvg,2.6111,0.3889,35.2500,5.2500,2024-12-04T06:34:00+00:00,2.0000
2024-12-04T18:59:00+00:00,2024-12-04T21:09:00+00:00,long,518.80000,ifvg,1.949,0.2229,76.5000,8.7500,2024-12-04T18:34:00+00:00,8.5000
2024-12-04T23:44:00+00:00,2024-12-05T03:14:00+00:00,short,-1.20000,ifvg,0.5203,0.1622,19.2500,6.0000,2024-12-04T23:24:00+00:00,2.0000
2024-12-05T03:14:00+00:00,2024-12-05T05:34:00+00:00,long,-21.92000,ifvg,0.1304,0.5,3.0000,11.5000,2024-12-05T02:54:00+00:00,2.0000
2024-12-05T05:34:00+00:00,2024-12-05T06:04:00+00:00,short,-68.04000,ifvg,0.8421,0.6842,8.0000,6.5000,2024-12-05T05:24:00+00:00,2.0000
2024-12-05T06:04:00+00:00,2024-12-05T06:54:00+00:00,long,-411.84000,ifvg,0.1429,1.0,1.7500,12.2500,2024-12-05T05:49:00+00:00,2.2500
2024-12-05T08:19:00+00:00,2024-12-05T17:14:00+00:00,long,992.600000,ifvg,2.925,0.7375,58.5000,14.7500,2024-12-05T06:59:00+00:00,0.5000
2024-12-06T07:29:00+00:00,2024-12-06T08:19:00+00:00,short,-419.52000,ifvg,1.0882,1.0588,9.2500,9.0000,2024-12-06T07:19:00+00:00,1.0000
2024-12-09T07:29:00+00:00,2024-12-09T09:09:00+00:00,long,12.60000,ifvg,2.0519,0.1169,39.5000,2.2500,2024-12-09T07:04:00+00:00,0.7500
2024-12-09T09:09:00+00:00,2024-12-09T10:19:00+00:00,short,930.100000,ifvg,2.7733,0.3333,52.0000,6.2500,2024-12-09T08:44:00+00:00,1.7500
2024-12-09T11:39:00+00:00,2024-12-09T14:54:00+00:00,short,-183.48000,ifvg,0.2047,0.6812,15.2500,50.7500,2024-12-09T11:29:00+00:00,5.0000
2024-12-09T14:54:00+00:00,2024-12-09T15:29:00+00:00,long,-384.72000,ifvg,0.0433,1.5512,2.7500,98.5000,2024-12-09T09:59:00+00:00,6.5000
2024-12-10T14:59:00+00:00,2024-12-10T15:09:00+00:00,short,-408.96000,ifvg,0.0693,1.1188,3.5000,56.5000,2024-12-10T14:49:00+00:00,29.5000
2024-12-10T17:29:00+00:00,2024-12-10T19:04:00+00:00,long,-351.20000,ifvg,0.6377,1.1449,22.0000,39.5000,2024-12-10T17:19:00+00:00,16.5000
2024-12-11T04:59:00+00:00,2024-12-11T07:14:00+00:00,long,294.24000,ifvg,2.3333,0.9697,19.2500,8.0000,2024-12-11T04:49:00+00:00,1.5000
2024-12-11T07:14:00+00:00,2024-12-11T07:39:00+00:00,short,943.670000,ifvg,2.8444,0.6,32.0000,6.7500,2024-12-11T07:04:00+00:00,2.5000
2024-12-12T03:44:00+00:00,2024-12-12T04:44:00+00:00,short,-431.00000,ifvg,0.0,1.0312,0,8.2500,2024-12-12T03:34:00+00:00,0.5000
2024-12-12T08:09:00+00:00,2024-12-12T08:39:00+00:00,long,-409.36000,ifvg,0.7143,1.125,10.0000,15.7500,2024-12-12T07:59:00+00:00,5.2500
2024-12-12T19:39:00+00:00,2024-12-12T20:14:00+00:00,long,-389.92000,ifvg,0.2,1.5263,4.7500,36.2500,2024-12-12T19:29:00+00:00,1.2500
2024-12-13T07:09:00+00:00,2024-12-13T08:19:00+00:00,short,-401.10000,ifvg,1.1569,1.2353,14.7500,15.7500,2024-12-13T06:59:00+00:00,2.5000
2024-12-13T09:39:00+00:00,2024-12-13T09:44:00+00:00,short,-416.10000,ifvg,0.0,1.2264,0,16.2500,2024-12-13T09:29:00+00:00,1.5000
2024-12-13T12:09:00+00:00,2024-12-13T14:49:00+00:00,long,802.040000,ifvg,2.528,0.764,101.7500,30.7500,2024-12-13T11:59:00+00:00,2.7500
2024-12-13T16:24:00+00:00,2024-12-13T20:49:00+00:00,long,494.28000,ifvg,1.8169,0.9953,96.7500,53.0000,2024-12-13T16:04:00+00:00,18.2500
2024-12-16T07:54:00+00:00,2024-12-16T09:14:00+00:00,long,963.900000,ifvg,2.8025,0.1975,56.7500,4.0000,2024-12-16T07:44:00+00:00,3.0000
2024-12-16T13:19:00+00:00,2024-12-16T15:34:00+00:00,long,1021.300000,ifvg,3.0183,0.3232,123.7500,13.2500,2024-12-16T12:54:00+00:00,2.0000
2024-12-16T23:14:00+00:00,2024-12-17T01:14:00+00:00,short,-24.96000,ifvg,0.2406,0.2547,12.7500,13.5000,2024-12-16T21:39:00+00:00,0.5000
2024-12-17T01:14:00+00:00,2024-12-17T03:54:00+00:00,long,536.38000,ifvg,1.7969,0.2812,28.7500,4.5000,2024-12-17T00:59:00+00:00,3.5000
2024-12-17T03:54:00+00:00,2024-12-17T06:29:00+00:00,short,1017.980000,ifvg,3.2222,0.8611,29.0000,7.7500,2024-12-17T03:29:00+00:00,1.5000
2024-12-17T11:24:00+00:00,2024-12-17T13:04:00+00:00,long,-298.48000,ifvg,0.0101,1.1351,0.7500,84.0000,2024-12-17T05:44:00+00:00,2.0000
2024-12-17T14:49:00+00:00,2024-12-17T15:04:00+00:00,long,-438.96000,ifvg,0.2627,1.3871,14.2500,75.2500,2024-12-17T14:39:00+00:00,13.7500
2024-12-17T16:59:00+00:00,2024-12-17T21:09:00+00:00,short,469.56000,ifvg,2.4924,0.5152,82.2500,17.0000,2024-12-17T16:39:00+00:00,2.0000
2024-12-18T12:34:00+00:00,2024-12-18T13:44:00+00:00,short,1068.160000,ifvg,3.463,0.7222,46.7500,9.7500,2024-12-18T12:14:00+00:00,0.7500
2024-12-18T16:34:00+00:00,2024-12-18T19:04:00+00:00,long,-344.48000,ifvg,0.269,1.1725,23.0000,100.2500,2024-12-18T16:24:00+00:00,22.0000
2024-12-19T10:44:00+00:00,2024-12-19T12:09:00+00:00,short,-435.68000,ifvg,0.9344,1.041,28.5000,31.7500,2024-12-19T10:24:00+00:00,10.5000
2024-12-19T18:04:00+00:00,2024-12-19T20:39:00+00:00,long,188.28000,ifvg,2.0828,0.7207,151.0000,52.2500,2024-12-19T17:29:00+00:00,15.0000
2024-12-20T14:44:00+00:00,2024-12-20T21:09:00+00:00,long,571.76000,ifvg,2.187,0.42,546.7500,105.0000,2024-12-20T08:24:00+00:00,6.5000
2024-12-23T20:19:00+00:00,2024-12-23T21:09:00+00:00,long,661.30000,ifvg,2.0636,0.1329,89.2500,5.7500,2024-12-23T20:09:00+00:00,2.5000
2024-12-24T03:14:00+00:00,2024-12-24T06:39:00+00:00,short,-451.84000,ifvg,1.6296,1.1111,22.0000,15.0000,2024-12-24T03:04:00+00:00,0.5000
2024-12-24T06:59:00+00:00,2024-12-24T07:04:00+00:00,short,-456.54000,ifvg,0.0488,1.3415,0.5000,13.7500,2024-12-24T06:49:00+00:00,2.2500
2024-12-24T08:54:00+00:00,2024-12-24T09:09:00+00:00,short,-436.44000,ifvg,0.0196,1.0131,0.7500,38.7500,2024-12-24T08:44:00+00:00,1.2500
2024-12-24T15:59:00+00:00,2024-12-24T16:19:00+00:00,short,-425.16000,ifvg,0.413,1.0652,9.5000,24.5000,2024-12-24T15:49:00+00:00,0.7500
2024-12-26T08:09:00+00:00,2024-12-26T08:34:00+00:00,short,984.080000,ifvg,3.5758,0.1818,88.5000,4.5000,2024-12-26T07:59:00+00:00,1.5000
2024-12-26T10:24:00+00:00,2024-12-26T14:39:00+00:00,long,970.560000,ifvg,2.8385,0.2538,92.2500,8.2500,2024-12-26T10:09:00+00:00,5.7500
2024-12-26T14:54:00+00:00,2024-12-26T14:59:00+00:00,short,-396.96000,ifvg,0.0,1.75,0,85.7500,2024-12-26T14:39:00+00:00,0.5000
2024-12-27T16:59:00+00:00,2024-12-27T21:09:00+00:00,short,-348.24000,ifvg,0.1737,0.6052,52.2500,182.0000,2024-12-27T16:29:00+00:00,0.7500
2024-12-31T13:19:00+00:00,2024-12-31T13:54:00+00:00,long,-37.92000,ifvg,0.9266,0.789,25.2500,21.5000,2024-12-31T13:09:00+00:00,2.5000
2024-12-31T14:34:00+00:00,2024-12-31T14:54:00+00:00,short,485.04000,ifvg,1.4038,0.2377,93.0000,15.7500,2024-12-31T14:14:00+00:00,1.0000
2024-12-31T14:59:00+00:00,2024-12-31T15:09:00+00:00,long,-413.22000,ifvg,0.3516,1.293,24.0000,88.2500,2024-12-31T14:44:00+00:00,22.0000
2024-12-31T19:14:00+00:00,2024-12-31T19:24:00+00:00,long,-362.96000,ifvg,0.0503,1.5866,2.2500,71.0000,2024-12-31T19:04:00+00:00,0.2500
2024-12-31T20:19:00+00:00,2024-12-31T21:09:00+00:00,short,-72.24000,ifvg,0.5194,0.5754,60.2500,66.7500,2024-12-31T19:59:00+00:00,7.5000
2025-01-02T00:49:00+00:00,2025-01-02T11:49:00+00:00,long,831.020000,ifvg,2.6336,0.0871,219.2500,7.2500,2025-01-02T00:24:00+00:00,45.2500
2025-01-02T14:54:00+00:00,2025-01-02T15:24:00+00:00,long,-409.48000,ifvg,0.6314,1.226,64.2500,124.7500,2025-01-02T14:44:00+00:00,35.0000
2025-01-02T20:04:00+00:00,2025-01-02T20:14:00+00:00,short,-364.96000,ifvg,0.3889,1.1222,17.5000,50.5000,2025-01-02T19:54:00+00:00,0.5000
2025-01-03T07:24:00+00:00,2025-01-03T14:24:00+00:00,long,1084.590000,ifvg,2.5052,0.8557,60.7500,20.7500,2025-01-03T07:14:00+00:00,6.2500
2025-01-06T08:24:00+00:00,2025-01-06T08:39:00+00:00,short,-452.88000,ifvg,0.589,1.0411,10.7500,19.0000,2025-01-06T08:14:00+00:00,4.2500
2025-01-06T14:24:00+00:00,2025-01-06T14:34:00+00:00,short,-344.22000,ifvg,0.0176,1.7313,1.0000,98.2500,2025-01-06T11:34:00+00:00,11.7500
2025-01-06T14:34:00+00:00,2025-01-06T19:04:00+00:00,long,-369.48000,ifvg,1.2752,1.1226,117.0000,103.0000,2025-01-06T14:24:00+00:00,29.0000
2025-01-07T02:49:00+00:00,2025-01-07T05:24:00+00:00,short,1014.080000,ifvg,3.6765,0.0294,93.7500,0.7500,2025-01-07T01:59:00+00:00,0.7500
2025-01-07T08:19:00+00:00,2025-01-07T08:39:00+00:00,short,-429.66000,ifvg,0.5484,1.0753,12.7500,25.0000,2025-01-07T07:54:00+00:00,1.7500
2025-01-07T10:19:00+00:00,2025-01-07T14:39:00+00:00,long,-404.96000,ifvg,0.865,1.35,43.2500,67.5000,2025-01-07T09:54:00+00:00,8.0000
2025-01-07T14:39:00+00:00,2025-01-07T14:44:00+00:00,short,-428.68000,ifvg,0.1917,2.25,5.7500,67.5000,2025-01-07T14:09:00+00:00,2.2500
2025-01-08T12:44:00+00:00,2025-01-08T13:29:00+00:00,long,933.800000,ifvg,2.7467,0.9933,103.0000,37.2500,2025-01-08T12:34:00+00:00,0.2500
2025-01-08T15:19:00+00:00,2025-01-08T21:09:00+00:00,short,-144.24000,ifvg,0.8468,0.9811,123.0000,142.5000,2025-01-08T13:09:00+00:00,24.7500
2025-01-09T06:34:00+00:00,2025-01-09T07:19:00+00:00,long,-409.44000,ifvg,0.0299,1.0746,1.0000,36.0000,2025-01-09T06:19:00+00:00,0.2500
2025-01-10T07:19:00+00:00,2025-01-10T09:14:00+00:00,long,-439.18000,ifvg,0.6423,1.0163,19.7500,31.2500,2025-01-10T06:59:00+00:00,9.5000
2025-01-12T23:54:00+00:00,2025-01-13T03:24:00+00:00,short,977.040000,ifvg,2.7959,0.8469,137.0000,41.5000,2025-01-12T23:39:00+00:00,16.0000
2025-01-13T12:24:00+00:00,2025-01-13T14:39:00+00:00,long,-344.22000,ifvg,0.8855,1.5815,50.2500,89.7500,2025-01-13T12:09:00+00:00,7.5000
2025-01-13T14:59:00+00:00,2025-01-13T15:59:00+00:00,long,-17.48000,ifvg,0.7488,0.8397,78.2500,87.7500,2025-01-13T14:09:00+00:00,10.5000
2025-01-13T15:59:00+00:00,2025-01-13T17:24:00+00:00,short,-392.96000,ifvg,1.6443,1.1701,79.7500,56.7500,2025-01-13T15:49:00+00:00,11.7500
2025-01-14T01:09:00+00:00,2025-01-14T08:19:00+00:00,short,-366.96000,ifvg,0.9724,1.1271,44.0000,51.0000,2025-01-14T00:59:00+00:00,1.2500
2025-01-14T10:39:00+00:00,2025-01-14T11:34:00+00:00,long,-393.70000,ifvg,0.3097,1.1226,12.0000,43.5000,2025-01-14T10:29:00+00:00,1.2500
2025-01-14T13:39:00+00:00,2025-01-14T13:44:00+00:00,long,-441.92000,ifvg,0.037,1.0,1.0000,27.0000,2025-01-14T13:29:00+00:00,5.7500
2025-01-14T15:14:00+00:00,2025-01-14T15:39:00+00:00,long,-391.48000,ifvg,0.3111,1.3188,30.2500,128.2500,2025-01-14T14:59:00+00:00,8.0000
2025-01-14T15:49:00+00:00,2025-01-14T16:04:00+00:00,long,-417.72000,ifvg,0.2971,1.3261,20.5000,91.5000,2025-01-14T15:39:00+00:00,2.2500
2025-01-15T08:34:00+00:00,2025-01-15T13:34:00+00:00,long,927.550000,ifvg,9.1007,0.557,339.0000,20.7500,2025-01-15T07:49:00+00:00,6.0000
2025-01-15T13:39:00+00:00,2025-01-15T14:39:00+00:00,long,-432.72000,ifvg,0.549,1.4406,39.2500,103.0000,2025-01-14T15:34:00+00:00,4.0000
2025-01-16T12:09:00+00:00,2025-01-16T13:04:00+00:00,short,960.840000,ifvg,2.5465,0.5,54.7500,10.7500,2025-01-16T11:54:00+00:00,2.2500
2025-01-16T14:39:00+00:00,2025-01-16T14:44:00+00:00,short,-442.64000,ifvg,2.1282,1.4231,41.5000,27.7500,2025-01-16T14:24:00+00:00,0.2500
2025-01-17T07:54:00+00:00,2025-01-17T09:04:00+00:00,long,1064.360000,ifvg,2.6667,0.5256,52.0000,10.2500,2025-01-17T07:39:00+00:00,3.0000
2025-01-20T01:24:00+00:00,2025-01-20T07:49:00+00:00,short,-381.72000,ifvg,0.1151,1.1468,7.2500,72.2500,2025-01-20T01:09:00+00:00,6.5000
2025-01-20T12:39:00+00:00,2025-01-20T13:04:00+00:00,long,-437.40000,ifvg,0.2941,1.3882,6.2500,29.5000,2025-01-20T12:29:00+00:00,2.5000
2025-01-20T13:39:00+00:00,2025-01-21T00:24:00+00:00,long,537.78000,ifvg,2.1064,0.2872,148.5000,20.2500,2025-01-20T12:24:00+00:00,8.0000
2025-01-21T00:24:00+00:00,2025-01-21T00:44:00+00:00,short,1038.900000,ifvg,2.5536,0.1071,35.7500,1.5000,2025-01-21T00:14:00+00:00,1.5000
2025-01-22T07:14:00+00:00,2025-01-22T08:44:00+00:00,long,1078.440000,ifvg,2.8478,0.7826,32.7500,9.0000,2025-01-22T06:59:00+00:00,5.2500
2025-01-22T19:54:00+00:00,2025-01-22T20:39:00+00:00,long,-447.66000,ifvg,0.2062,1.3918,5.0000,33.7500,2025-01-22T19:34:00+00:00,6.5000
2025-01-23T12:34:00+00:00,2025-01-23T14:34:00+00:00,long,-421.92000,ifvg,1.0583,1.0194,27.2500,26.2500,2025-01-23T12:09:00+00:00,4.0000
2025-01-24T03:29:00+00:00,2025-01-24T06:14:00+00:00,short,-67.44000,ifvg,0.8261,0.2464,28.5000,8.5000,2025-01-24T02:19:00+00:00,3.0000
2025-01-24T06:14:00+00:00,2025-01-24T07:14:00+00:00,long,-461.16000,ifvg,0.1,1.0,2.5000,25.0000,2025-01-24T06:04:00+00:00,1.2500
2025-01-24T20:04:00+00:00,2025-01-24T21:09:00+00:00,short,-43.24000,ifvg,0.2633,0.2876,29.7500,32.5000,2025-01-24T19:54:00+00:00,0.7500
2025-01-26T23:09:00+00:00,2025-01-27T00:54:00+00:00,short,1021.300000,ifvg,2.7683,0.128,113.5000,5.2500,2025-01-24T20:59:00+00:00,8.7500
2025-01-27T19:54:00+00:00,2025-01-27T20:59:00+00:00,short,-271.24000,ifvg,0.0926,1.1037,12.5000,149.0000,2025-01-27T14:39:00+00:00,74.7500
2025-01-28T13:39:00+00:00,2025-01-28T14:59:00+00:00,short,88.52000,ifvg,1.7155,0.1613,146.2500,13.7500,2025-01-28T13:29:00+00:00,16.7500
2025-01-28T14:59:00+00:00,2025-01-28T17:04:00+00:00,long,843.520000,ifvg,2.5207,0.0266,213.0000,2.2500,2025-01-28T14:44:00+00:00,9.2500
2025-01-28T23:24:00+00:00,2025-01-29T06:04:00+00:00,long,1023.060000,ifvg,3.3358,0.8978,114.2500,30.7500,2025-01-28T23:04:00+00:00,2.7500
2025-01-29T14:39:00+00:00,2025-01-29T21:09:00+00:00,short,316.52000,ifvg,1.9008,0.6059,177.2500,56.5000,2025-01-29T14:04:00+00:00,14.2500
2025-01-30T10:39:00+00:00,2025-01-30T12:19:00+00:00,long,-465.66000,ifvg,1.4257,2.0099,36.0000,50.7500,2025-01-30T10:24:00+00:00,9.0000
2025-01-30T12:44:00+00:00,2025-01-30T14:49:00+00:00,long,1058.800000,ifvg,2.7882,0.5529,118.5000,23.5000,2025-01-30T12:24:00+00:00,23.0000
2025-01-30T14:54:00+00:00,2025-01-30T15:04:00+00:00,long,-251.74000,ifvg,0.1597,1.1657,20.0000,146.0000,2025-01-30T09:09:00+00:00,12.5000
2025-01-31T09:09:00+00:00,2025-01-31T14:19:00+00:00,long,-482.40000,ifvg,1.4681,1.2128,34.5000,28.5000,2025-01-31T08:59:00+00:00,3.2500
2025-02-03T15:29:00+00:00,2025-02-03T16:24:00+00:00,long,1152.550000,ifvg,2.6378,0.6757,122.0000,31.2500,2025-02-03T15:19:00+00:00,13.5000
2025-02-05T03:04:00+00:00,2025-02-05T07:09:00+00:00,short,1098.060000,ifvg,1.5328,0.0961,87.7500,5.5000,2025-02-05T02:39:00+00:00,0.5000
2025-02-05T07:49:00+00:00,2025-02-05T08:39:00+00:00,long,-477.40000,ifvg,1.086,1.3011,25.2500,30.2500,2025-02-05T07:39:00+00:00,1.0000
2025-02-05T08:44:00+00:00,2025-02-05T09:04:00+00:00,short,-502.18000,ifvg,0.1418,1.1631,5.0000,41.0000,2025-02-05T08:29:00+00:00,7.2500
2025-02-05T16:34:00+00:00,2025-02-05T16:39:00+00:00,long,1212.040000,ifvg,1.5838,0.0209,151.2500,2.0000,2025-02-05T16:24:00+00:00,10.2500
2025-02-06T09:29:00+00:00,2025-02-06T11:04:00+00:00,short,1155.100000,ifvg,3.2105,0.3553,61.0000,6.7500,2025-02-06T09:14:00+00:00,6.7500
2025-02-06T13:49:00+00:00,2025-02-06T14:49:00+00:00,short,-467.18000,ifvg,0.6107,1.7023,20.0000,55.7500,2025-02-06T12:49:00+00:00,1.2500
2025-02-06T15:29:00+00:00,2025-02-06T15:39:00+00:00,short,-493.92000,ifvg,1.1488,1.438,34.7500,43.5000,2025-02-06T15:19:00+00:00,9.2500
2025-02-07T11:49:00+00:00,2025-02-07T13:34:00+00:00,long,-495.18000,ifvg,1.8058,2.2158,62.7500,77.0000,2025-02-07T08:24:00+00:00,4.7500
2025-02-07T15:59:00+00:00,2025-02-07T21:09:00+00:00,short,262.76000,ifvg,0.5421,0.1203,169.0000,37.5000,2025-02-05T16:54:00+00:00,19.7500
2025-02-10T08:39:00+00:00,2025-02-10T10:04:00+00:00,short,-507.84000,ifvg,1.0656,1.0492,16.2500,16.0000,2025-02-10T08:29:00+00:00,0.5000
2025-02-11T12:09:00+00:00,2025-02-11T13:59:00+00:00,short,1134.080000,ifvg,2.5175,0.5088,71.7500,14.5000,2025-02-11T11:14:00+00:00,1.0000
2025-02-11T23:34:00+00:00,2025-02-12T04:04:00+00:00,long,-485.92000,ifvg,0.6134,1.042,18.2500,31.0000,2025-02-11T23:19:00+00:00,1.2500
2025-02-12T11:14:00+00:00,2025-02-12T12:44:00+00:00,short,-509.92000,ifvg,0.368,1.072,11.5000,33.5000,2025-02-12T11:04:00+00:00,4.7500
2025-02-12T13:39:00+00:00,2025-02-12T14:39:00+00:00,short,-460.96000,ifvg,0.5658,1.4737,32.2500,84.0000,2025-02-12T12:19:00+00:00,3.5000
2025-02-13T06:54:00+00:00,2025-02-13T08:19:00+00:00,short,1253.340000,ifvg,3.0804,0.0268,86.2500,0.7500,2025-02-13T06:14:00+00:00,5.0000
2025-02-13T14:39:00+00:00,2025-02-13T15:04:00+00:00,long,1127.040000,ifvg,2.2516,0.1447,268.5000,17.2500,2025-02-13T06:54:00+00:00,8.0000
2025-02-14T02:44:00+00:00,2025-02-14T11:24:00+00:00,long,-408.72000,ifvg,0.4,1.0037,27.0000,67.7500,2025-02-14T02:19:00+00:00,0.7500
2025-02-14T12:04:00+00:00,2025-02-14T13:34:00+00:00,long,1282.650000,ifvg,2.5797,0.4638,44.5000,8.0000,2025-02-14T11:54:00+00:00,3.0000
2025-02-14T16:24:00+00:00,2025-02-14T17:54:00+00:00,short,-101.16000,ifvg,0.8138,0.9172,29.5000,33.2500,2025-02-14T15:59:00+00:00,12.5000
2025-02-14T17:59:00+00:00,2025-02-14T21:09:00+00:00,long,643.56000,ifvg,1.7197,0.3185,67.5000,12.5000,2025-02-14T17:14:00+00:00,8.5000
2025-02-17T07:09:00+00:00,2025-02-17T07:44:00+00:00,short,1305.480000,ifvg,2.5088,0.1228,35.7500,1.7500,2025-02-17T06:54:00+00:00,3.7500
2025-02-18T08:14:00+00:00,2025-02-18T12:14:00+00:00,short,-21.92000,ifvg,0.6148,0.6889,20.7500,23.2500,2025-02-18T06:49:00+00:00,3.5000
2025-02-18T12:14:00+00:00,2025-02-18T14:29:00+00:00,long,-562.12000,ifvg,1.5952,1.5357,33.5000,32.2500,2025-02-18T11:44:00+00:00,1.7500
2025-02-18T14:34:00+00:00,2025-02-18T15:04:00+00:00,short,1195.560000,ifvg,2.5312,0.1812,101.2500,7.2500,2025-02-18T13:24:00+00:00,11.5000
2025-02-18T17:04:00+00:00,2025-02-18T19:29:00+00:00,short,213.78000,ifvg,1.0594,0.2313,84.7500,18.5000,2025-02-18T16:54:00+00:00,12.5000
2025-02-18T19:29:00+00:00,2025-02-18T21:09:00+00:00,long,771.30000,ifvg,1.7909,0.1364,98.5000,7.5000,2025-02-18T19:14:00+00:00,20.7500
2025-02-19T04:09:00+00:00,2025-02-19T07:04:00+00:00,short,1378.260000,ifvg,2.8372,0.0465,30.5000,0.5000,2025-02-19T03:49:00+00:00,1.0000
2025-02-19T12:09:00+00:00,2025-02-19T13:04:00+00:00,long,-562.40000,ifvg,0.2909,1.1455,8.0000,31.5000,2025-02-19T11:29:00+00:00,2.7500
2025-02-19T13:04:00+00:00,2025-02-19T13:24:00+00:00,short,1359.180000,ifvg,2.6066,0.3115,39.7500,4.7500,2025-02-19T12:54:00+00:00,2.5000
2025-02-19T18:14:00+00:00,2025-02-19T18:24:00+00:00,short,-545.92000,ifvg,0.0373,1.2015,1.2500,40.2500,2025-02-19T17:49:00+00:00,1.2500
2025-02-20T14:39:00+00:00,2025-02-20T14:54:00+00:00,short,1309.590000,ifvg,5.4274,0.4957,158.7500,14.5000,2025-02-20T14:04:00+00:00,2.7500
2025-02-24T02:19:00+00:00,2025-02-24T03:19:00+00:00,long,185.28000,ifvg,0.3478,0.1739,12.0000,6.0000,2025-02-24T01:29:00+00:00,4.0000
2025-02-24T03:24:00+00:00,2025-02-24T04:04:00+00:00,short,-584.06000,ifvg,0.7288,1.322,10.7500,19.5000,2025-02-24T02:54:00+00:00,1.7500
2025-02-24T05:29:00+00:00,2025-02-24T05:54:00+00:00,long,41.40000,ifvg,0.7467,0.0267,14.0000,0.5000,2025-02-24T05:04:00+00:00,0.2500
2025-02-24T05:54:00+00:00,2025-02-24T07:24:00+00:00,short,1375.710000,ifvg,2.5094,0.8868,33.2500,11.7500,2025-02-24T05:39:00+00:00,0.7500
2025-02-24T12:49:00+00:00,2025-02-24T13:24:00+00:00,short,-557.92000,ifvg,0.146,1.0219,5.0000,35.0000,2025-02-24T12:39:00+00:00,8.0000
2025-02-25T04:24:00+00:00,2025-02-25T07:04:00+00:00,long,-553.92000,ifvg,0.25,1.0809,8.5000,36.7500,2025-02-25T04:09:00+00:00,3.7500
2025-02-25T08:09:00+00:00,2025-02-25T08:54:00+00:00,long,-537.18000,ifvg,0.6556,1.2649,24.7500,47.7500,2025-02-25T07:59:00+00:00,11.2500
2025-02-25T10:09:00+00:00,2025-02-25T10:54:00+00:00,long,-537.92000,ifvg,0.3939,1.1136,13.0000,36.7500,2025-02-25T09:54:00+00:00,3.7500
2025-02-25T11:09:00+00:00,2025-02-25T12:29:00+00:00,long,1274.080000,ifvg,2.75,0.2344,88.0000,7.5000,2025-02-25T10:59:00+00:00,3.7500
2025-02-25T13:04:00+00:00,2025-02-25T14:49:00+00:00,long,-532.48000,ifvg,0.1604,1.1509,21.2500,152.5000,2025-02-25T07:09:00+00:00,10.5000
2025-02-25T16:54:00+00:00,2025-02-25T21:09:00+00:00,long,277.52000,ifvg,1.3589,0.1941,150.5000,21.5000,2025-02-25T16:09:00+00:00,1.7500
2025-02-26T02:24:00+00:00,2025-02-26T07:29:00+00:00,long,1392.600000,ifvg,2.6518,0.1071,74.2500,3.0000,2025-02-26T01:39:00+00:00,3.7500
2025-02-26T13:54:00+00:00,2025-02-26T14:34:00+00:00,short,1324.080000,ifvg,2.5639,0.2707,85.2500,9.0000,2025-02-26T13:29:00+00:00,7.0000
2025-02-26T15:34:00+00:00,2025-02-26T16:04:00+00:00,short,-512.96000,ifvg,0.1457,1.0748,9.2500,68.2500,2025-02-26T15:19:00+00:00,3.2500
2025-02-27T01:19:00+00:00,2025-02-27T05:44:00+00:00,long,1476.860000,ifvg,3.3056,0.7963,89.2500,21.5000,2025-02-27T01:09:00+00:00,4.0000
2025-02-27T14:49:00+00:00,2025-02-27T19:34:00+00:00,short,1211.020000,ifvg,3.068,0.1072,372.0000,13.0000,2025-02-27T08:29:00+00:00,8.5000
2025-02-28T01:34:00+00:00,2025-02-28T01:44:00+00:00,short,-538.44000,ifvg,0.0169,1.209,0.7500,53.5000,2025-02-28T01:19:00+00:00,2.7500
2025-02-28T17:29:00+00:00,2025-02-28T18:19:00+00:00,short,1276.530000,ifvg,2.5044,0.0792,213.5000,6.7500,2025-02-28T17:19:00+00:00,0.7500
2025-02-28T18:34:00+00:00,2025-02-28T18:59:00+00:00,long,-610.44000,ifvg,0.9701,1.5572,48.7500,78.2500,2025-02-28T18:24:00+00:00,9.2500
2025-03-03T07:09:00+00:00,2025-03-03T08:29:00+00:00,short,1512.090000,ifvg,2.6,0.4222,87.7500,14.2500,2025-03-03T06:54:00+00:00,0.7500
2025-03-03T14:44:00+00:00,2025-03-03T16:54:00+00:00,short,191.52000,ifvg,1.7996,0.3156,211.0000,37.0000,2025-03-03T11:09:00+00:00,0.7500
2025-03-03T16:54:00+00:00,2025-03-03T18:09:00+00:00,long,-454.48000,ifvg,0.3695,1.646,41.7500,186.0000,2025-03-03T16:44:00+00:00,4.5000
2025-03-03T19:59:00+00:00,2025-03-03T21:09:00+00:00,short,210.76000,ifvg,0.898,0.0094,286.2500,3.0000,2025-02-28T19:44:00+00:00,15.7500
2025-03-04T04:44:00+00:00,2025-03-04T05:04:00+00:00,short,-648.60000,ifvg,2.2381,2.7024,47.0000,56.7500,2025-03-04T04:29:00+00:00,9.0000
2025-03-04T12:09:00+00:00,2025-03-04T15:14:00+00:00,short,1071.020000,ifvg,2.5175,0.1515,270.0000,16.2500,2025-03-03T21:04:00+00:00,33.0000
2025-03-05T18:14:00+00:00,2025-03-05T19:04:00+00:00,short,-546.72000,ifvg,0.8149,1.0359,73.7500,93.7500,2025-03-05T17:59:00+00:00,39.0000
2025-03-06T20:04:00+00:00,2025-03-06T21:09:00+00:00,short,8.76000,ifvg,0.4734,0.4449,62.2500,58.5000,2025-03-06T19:54:00+00:00,67.5000
2025-03-07T07:09:00+00:00,2025-03-07T07:39:00+00:00,long,-618.64000,ifvg,0.4636,1.0545,12.7500,29.0000,2025-03-07T06:39:00+00:00,0.5000
2025-03-07T07:54:00+00:00,2025-03-07T11:49:00+00:00,long,196.56000,ifvg,1.4526,0.3105,69.0000,14.7500,2025-03-07T07:44:00+00:00,7.7500
2025-03-07T11:49:00+00:00,2025-03-07T13:34:00+00:00,short,-617.68000,ifvg,2.6264,2.2529,114.2500,98.0000,2025-03-07T11:39:00+00:00,6.7500
2025-03-10T06:09:00+00:00,2025-03-10T08:04:00+00:00,long,-596.64000,ifvg,1.217,1.5755,32.2500,41.7500,2025-03-10T05:54:00+00:00,12.7500
2025-03-10T16:44:00+00:00,2025-03-10T20:09:00+00:00,short,134.26000,ifvg,1.3457,0.2436,263.7500,47.7500,2025-03-10T16:34:00+00:00,10.0000
2025-03-11T08:04:00+00:00,2025-03-11T12:14:00+00:00,long,-161.20000,ifvg,1.6151,0.3013,96.5000,18.0000,2025-03-11T07:39:00+00:00,15.5000
2025-03-11T12:14:00+00:00,2025-03-11T12:24:00+00:00,short,-607.44000,ifvg,0.14,1.105,7.0000,55.2500,2025-03-11T11:39:00+00:00,16.2500
2025-03-11T13:44:00+00:00,2025-03-11T14:04:00+00:00,long,-458.48000,ifvg,0.6798,1.6075,77.5000,183.2500,2025-03-11T12:39:00+00:00,3.2500
2025-03-12T03:44:00+00:00,2025-03-12T06:09:00+00:00,long,267.12000,ifvg,1.0632,0.8947,25.2500,21.2500,2025-03-12T03:24:00+00:00,6.0000
2025-03-12T06:09:00+00:00,2025-03-12T06:49:00+00:00,short,1475.760000,ifvg,3.7609,0.0,43.2500,0,2025-03-12T05:59:00+00:00,0.2500
2025-03-13T07:44:00+00:00,2025-03-13T07:49:00+00:00,short,-593.92000,ifvg,0.0,1.1164,0,40.7500,2025-03-13T07:29:00+00:00,6.5000
2025-03-13T08:09:00+00:00,2025-03-13T08:19:00+00:00,long,-624.68000,ifvg,0.1023,1.2216,4.5000,53.7500,2025-03-13T07:59:00+00:00,5.0000
2025-03-14T02:04:00+00:00,2025-03-14T02:54:00+00:00,short,-569.16000,ifvg,0.0565,1.2339,1.7500,38.2500,2025-03-14T01:49:00+00:00,5.7500
2025-03-14T07:49:00+00:00,2025-03-14T08:04:00+00:00,long,-601.12000,ifvg,0.1889,1.5111,4.2500,34.0000,2025-03-14T07:39:00+00:00,1.5000
2025-03-14T13:39:00+00:00,2025-03-14T14:04:00+00:00,long,-564.96000,ifvg,0.5571,2.0714,39.0000,145.0000,2025-03-14T13:19:00+00:00,10.5000
2025-03-14T18:39:00+00:00,2025-03-14T20:09:00+00:00,long,-280.44000,ifvg,1.1316,0.8158,53.7500,38.7500,2025-03-14T18:19:00+00:00,5.7500
2025-03-17T06:24:00+00:00,2025-03-17T07:59:00+00:00,short,-592.40000,ifvg,0.5086,1.0517,14.7500,30.5000,2025-03-17T00:34:00+00:00,3.0000
2025-03-17T13:39:00+00:00,2025-03-17T13:49:00+00:00,long,-578.70000,ifvg,0.4192,1.393,24.0000,79.7500,2025-03-17T13:29:00+00:00,3.2500
2025-03-17T13:54:00+00:00,2025-03-17T18:19:00+00:00,short,-548.22000,ifvg,1.9697,1.0165,178.7500,92.2500,2025-03-17T13:44:00+00:00,45.5000
2025-03-18T11:34:00+00:00,2025-03-18T13:44:00+00:00,short,1205.280000,ifvg,2.8975,0.4099,233.2500,33.0000,2025-03-18T10:49:00+00:00,5.2500
2025-03-18T22:49:00+00:00,2025-03-19T00:54:00+00:00,long,1354.080000,ifvg,2.6324,0.5956,89.5000,20.2500,2025-03-18T22:19:00+00:00,2.7500
2025-03-20T04:44:00+00:00,2025-03-20T05:54:00+00:00,short,-610.28000,ifvg,0.2453,1.1509,3.2500,15.2500,2025-03-20T04:29:00+00:00,3.7500
2025-03-20T13:39:00+00:00,2025-03-20T14:29:00+00:00,long,1482.040000,ifvg,2.6061,0.404,193.5000,30.0000,2025-03-20T13:09:00+00:00,12.7500
2025-03-21T05:59:00+00:00,2025-03-21T07:39:00+00:00,long,-627.84000,ifvg,2.4211,1.0658,46.0000,20.2500,2025-03-21T05:49:00+00:00,0.7500
2025-03-21T12:09:00+00:00,2025-03-21T12:39:00+00:00,long,-572.18000,ifvg,0.5093,1.7826,20.5000,71.7500,2025-03-21T11:59:00+00:00,7.0000
2025-03-24T09:54:00+00:00,2025-03-24T13:49:00+00:00,long,1386.070000,ifvg,3.0314,0.3019,120.5000,12.0000,2025-03-24T09:39:00+00:00,0.7500
2025-03-24T16:34:00+00:00,2025-03-24T19:09:00+00:00,short,-551.18000,ifvg,0.9032,1.2452,35.0000,48.2500,2025-03-24T15:59:00+00:00,5.5000
2025-03-26T00:09:00+00:00,2025-03-26T00:34:00+00:00,short,-621.28000,ifvg,0.0926,1.2407,1.2500,16.7500,2025-03-25T23:54:00+00:00,0.5000
2025-03-26T13:24:00+00:00,2025-03-26T13:54:00+00:00,short,1455.100000,ifvg,3.0684,0.906,89.7500,26.5000,2025-03-26T12:54:00+00:00,5.0000
2025-03-27T05:54:00+00:00,2025-03-27T06:14:00+00:00,short,-261.06000,ifvg,0.9206,0.4286,14.5000,6.7500,2025-03-27T05:44:00+00:00,3.2500
2025-03-27T06:14:00+00:00,2025-03-27T06:49:00+00:00,long,-624.80000,ifvg,0.8,1.0333,12.0000,15.5000,2025-03-27T06:04:00+00:00,2.2500
2025-03-27T08:24:00+00:00,2025-03-27T11:29:00+00:00,long,-568.68000,ifvg,1.6875,1.0,67.5000,40.0000,2025-03-27T08:14:00+00:00,17.2500
2025-03-27T19:04:00+00:00,2025-03-27T19:19:00+00:00,short,-541.44000,ifvg,0.3708,1.0225,16.5000,45.5000,2025-03-27T18:44:00+00:00,1.2500
2025-03-28T06:09:00+00:00,2025-03-28T06:39:00+00:00,long,-238.32000,ifvg,0.9846,0.5231,16.0000,8.5000,2025-03-28T05:34:00+00:00,0.7500
2025-03-28T06:39:00+00:00,2025-03-28T06:54:00+00:00,short,1468.160000,ifvg,2.6757,0.2432,49.5000,4.5000,2025-03-28T06:19:00+00:00,2.5000
2025-03-28T13:14:00+00:00,2025-03-28T13:29:00+00:00,long,-597.40000,ifvg,0.906,1.3333,26.5000,39.0000,2025-03-28T13:04:00+00:00,8.2500
2025-03-31T07:39:00+00:00,2025-03-31T11:29:00+00:00,short,1464.080000,ifvg,2.7755,0.9456,102.0000,34.7500,2025-03-31T07:29:00+00:00,2.7500
2025-03-31T17:04:00+00:00,2025-03-31T17:14:00+00:00,short,-548.70000,ifvg,0.1521,1.1014,8.2500,59.7500,2025-03-31T16:34:00+00:00,15.7500
2025-03-31T17:24:00+00:00,2025-03-31T18:09:00+00:00,short,-596.20000,ifvg,0.5424,1.6441,32.0000,97.0000,2025-03-31T17:14:00+00:00,29.2500
2025-04-01T01:39:00+00:00,2025-04-01T05:09:00+00:00,short,-402.72000,ifvg,0.008,0.856,0.7500,80.2500,2025-04-01T01:24:00+00:00,7.2500
2025-04-01T05:09:00+00:00,2025-04-01T07:09:00+00:00,long,1368.570000,ifvg,2.586,0.7134,101.5000,28.0000,2025-04-01T03:39:00+00:00,8.0000
2025-04-01T10:54:00+00:00,2025-04-01T11:34:00+00:00,long,-552.96000,ifvg,0.0328,1.2409,2.2500,85.0000,2025-04-01T10:34:00+00:00,14.2500
2025-04-02T02:34:00+00:00,2025-04-02T03:49:00+00:00,long,-613.14000,ifvg,0.1376,1.0917,3.7500,29.7500,2025-04-02T02:14:00+00:00,4.5000
2025-04-02T06:24:00+00:00,2025-04-02T07:09:00+00:00,long,-569.16000,ifvg,0.0968,1.3306,3.0000,41.2500,2025-04-02T05:59:00+00:00,1.5000
2025-04-02T13:39:00+00:00,2025-04-02T14:04:00+00:00,long,1324.080000,ifvg,3.6541,0.7744,121.5000,25.7500,2025-04-02T13:29:00+00:00,3.7500
2025-04-03T05:24:00+00:00,2025-04-03T08:19:00+00:00,short,-580.44000,ifvg,1.377,1.0995,65.7500,52.5000,2025-04-03T04:09:00+00:00,6.5000
2025-04-03T09:14:00+00:00,2025-04-03T09:59:00+00:00,short,1455.840000,ifvg,2.6231,0.4923,85.2500,16.0000,2025-04-03T09:04:00+00:00,2.2500
2025-04-03T10:54:00+00:00,2025-04-03T20:09:00+00:00,short,572.76000,ifvg,1.5251,0.3862,326.7500,82.7500,2025-04-03T00:24:00+00:00,16.5000
2025-04-04T08:39:00+00:00,2025-04-04T10:09:00+00:00,short,1321.300000,ifvg,2.684,0.3915,142.2500,20.7500,2025-04-04T08:29:00+00:00,15.7500
2025-04-04T10:14:00+00:00,2025-04-04T10:29:00+00:00,short,1143.520000,ifvg,2.8799,0.0895,329.7500,10.2500,2025-04-04T05:34:00+00:00,24.7500
2025-04-04T11:44:00+00:00,2025-04-04T14:49:00+00:00,long,-405.74000,ifvg,1.7046,1.0606,344.7500,214.5000,2025-04-04T11:34:00+00:00,77.2500
2025-04-04T15:09:00+00:00,2025-04-04T16:39:00+00:00,long,-520.74000,ifvg,0.6805,1.0058,176.7500,261.2500,2025-04-04T14:39:00+00:00,1.2500
2025-04-04T18:14:00+00:00,2025-04-04T18:54:00+00:00,short,196.26000,ifvg,1.2568,0.0135,209.2500,2.2500,2025-04-04T18:04:00+00:00,6.5000
2025-04-04T18:54:00+00:00,2025-04-04T19:04:00+00:00,long,-636.96000,ifvg,0.1835,1.0411,14.5000,82.2500,2025-04-04T18:44:00+00:00,0.2500
2025-04-07T12:34:00+00:00,2025-04-07T13:29:00+00:00,long,-402.24000,ifvg,0.3304,1.2157,66.2500,243.7500,2025-04-07T12:14:00+00:00,31.0000
2025-04-07T13:59:00+00:00,2025-04-07T14:14:00+00:00,long,1649.260000,ifvg,2.5712,0.3333,848.5000,110.0000,2025-04-07T13:34:00+00:00,20.5000
2025-04-08T05:44:00+00:00,2025-04-08T08:19:00+00:00,long,479.04000,ifvg,2.2921,0.3505,166.7500,25.5000,2025-04-08T05:09:00+00:00,4.0000
2025-04-08T08:19:00+00:00,2025-04-08T11:39:00+00:00,short,-548.22000,ifvg,1.0303,1.8402,93.5000,167.0000,2025-04-08T07:19:00+00:00,0.2500
2025-04-08T11:39:00+00:00,2025-04-08T14:24:00+00:00,long,833.010000,ifvg,2.5007,0.1844,417.0000,30.7500,2025-04-08T08:14:00+00:00,24.7500
2025-04-09T04:54:00+00:00,2025-04-09T05:39:00+00:00,long,-538.48000,ifvg,0.0784,1.0653,10.5000,142.7500,2025-04-09T04:29:00+00:00,7.7500
2025-04-09T11:09:00+00:00,2025-04-09T12:59:00+00:00,short,-389.24000,ifvg,0.692,1.1173,134.2500,216.7500,2025-04-09T10:49:00+00:00,20.5000
2025-04-10T07:54:00+00:00,2025-04-10T08:24:00+00:00,long,-570.72000,ifvg,0.0,1.3624,0,128.7500,2025-04-10T07:44:00+00:00,4.7500
2025-04-11T02:09:00+00:00,2025-04-11T02:29:00+00:00,short,-462.48000,ifvg,0.45,1.0152,51.7500,116.7500,2025-04-11T01:54:00+00:00,8.2500
2025-04-11T05:19:00+00:00,2025-04-11T08:39:00+00:00,long,-632.48000,ifvg,1.7317,1.2,272.7500,189.0000,2025-04-11T04:54:00+00:00,0.5000
2025-04-11T14:39:00+00:00,2025-04-11T17:44:00+00:00,long,1388.520000,ifvg,2.8543,0.9478,396.7500,131.7500,2025-04-11T14:29:00+00:00,20.0000
2025-04-14T03:14:00+00:00,2025-04-14T03:24:00+00:00,short,-621.18000,ifvg,0.0629,1.0571,2.7500,46.2500,2025-04-14T02:19:00+00:00,8.2500
2025-04-14T05:59:00+00:00,2025-04-14T09:39:00+00:00,long,-573.70000,ifvg,1.6476,1.1366,93.5000,64.5000,2025-04-14T05:29:00+00:00,4.7500
2025-04-14T13:44:00+00:00,2025-04-14T14:04:00+00:00,short,-599.22000,ifvg,0.6675,1.0856,66.2500,107.7500,2025-04-14T12:44:00+00:00,1.0000
2025-04-15T01:44:00+00:00,2025-04-15T07:04:00+00:00,short,-609.92000,ifvg,1.1667,2.0667,43.7500,77.5000,2025-04-15T01:19:00+00:00,16.0000
2025-04-15T09:44:00+00:00,2025-04-15T11:54:00+00:00,short,1544.080000,ifvg,2.6452,0.9032,102.5000,35.0000,2025-04-15T09:34:00+00:00,6.0000
2025-04-16T03:34:00+00:00,2025-04-16T05:19:00+00:00,short,1444.590000,ifvg,3.6357,0.155,117.2500,5.0000,2025-04-16T03:19:00+00:00,6.0000
2025-04-16T11:59:00+00:00,2025-04-16T13:59:00+00:00,short,1357.040000,ifvg,2.5294,0.2647,172.0000,18.0000,2025-04-16T11:49:00+00:00,10.5000
2025-04-16T15:29:00+00:00,2025-04-16T17:14:00+00:00,long,-354.74000,ifvg,0.0255,1.0297,4.5000,182.0000,2025-04-16T12:44:00+00:00,10.7500
2025-04-16T23:24:00+00:00,2025-04-17T02:44:00+00:00,long,209.52000,ifvg,0.724,0.5406,95.7500,71.5000,2025-04-16T23:14:00+00:00,5.5000
2025-04-17T02:44:00+00:00,2025-04-17T03:04:00+00:00,short,-633.92000,ifvg,0.0513,1.0641,2.0000,41.5000,2025-04-17T02:14:00+00:00,4.7500
2025-04-17T05:44:00+00:00,2025-04-17T10:59:00+00:00,long,-588.70000,ifvg,1.4807,1.2017,86.2500,70.0000,2025-04-16T17:39:00+00:00,50.2500
2025-04-17T14:49:00+00:00,2025-04-17T17:59:00+00:00,long,1415.050000,ifvg,2.511,0.9515,142.5000,54.0000,2025-04-17T14:39:00+00:00,9.7500
2025-04-21T01:39:00+00:00,2025-04-21T01:54:00+00:00,long,-589.68000,ifvg,0.0723,1.1807,3.0000,49.0000,2025-04-21T01:14:00+00:00,13.0000
2025-04-21T06:59:00+00:00,2025-04-21T07:14:00+00:00,long,-656.10000,ifvg,0.4235,2.1412,9.0000,45.5000,2025-04-21T06:49:00+00:00,4.2500
2025-04-21T09:34:00+00:00,2025-04-21T11:19:00+00:00,long,-147.40000,ifvg,1.9344,0.3607,59.0000,11.0000,2025-04-21T09:19:00+00:00,9.7500
2025-04-21T11:19:00+00:00,2025-04-21T11:24:00+00:00,short,1599.130000,ifvg,2.5152,0.0909,62.2500,2.2500,2025-04-21T11:09:00+00:00,2.7500
2025-04-22T05:09:00+00:00,2025-04-22T06:59:00+00:00,long,1578.060000,ifvg,2.8673,0.7583,151.2500,40.0000,2025-04-22T03:59:00+00:00,2.2500
2025-04-22T13:39:00+00:00,2025-04-22T13:44:00+00:00,short,-668.36000,ifvg,0.3763,2.6344,8.7500,61.2500,2025-04-22T13:29:00+00:00,3.5000
2025-04-22T16:04:00+00:00,2025-04-22T20:09:00+00:00,long,-111.24000,ifvg,0.3601,0.7966,94.2500,208.5000,2025-04-22T15:34:00+00:00,1.0000
2025-04-23T06:44:00+00:00,2025-04-23T07:34:00+00:00,short,-672.62000,ifvg,1.1287,1.0,28.5000,25.2500,2025-04-23T06:29:00+00:00,7.7500
2025-04-23T16:34:00+00:00,2025-04-23T19:24:00+00:00,long,-606.20000,ifvg,2.1292,1.25,127.7500,75.0000,2025-04-23T16:24:00+00:00,21.5000
2025-04-24T04:49:00+00:00,2025-04-24T05:59:00+00:00,long,-607.18000,ifvg,0.386,2.0292,16.5000,86.7500,2025-04-24T04:14:00+00:00,1.5000
2025-04-24T11:09:00+00:00,2025-04-24T12:24:00+00:00,short,-619.44000,ifvg,1.0,1.0931,51.0000,55.7500,2025-04-24T10:59:00+00:00,18.7500
2025-04-24T12:29:00+00:00,2025-04-24T12:39:00+00:00,short,-616.44000,ifvg,0.1872,1.1527,9.5000,58.5000,2025-04-24T12:19:00+00:00,13.2500
2025-04-25T01:24:00+00:00,2025-04-25T01:44:00+00:00,short,-425.16000,ifvg,0.6087,0.8696,21.0000,30.0000,2025-04-25T00:59:00+00:00,12.7500
2025-04-25T01:44:00+00:00,2025-04-25T01:54:00+00:00,long,-609.66000,ifvg,0.0677,1.1278,2.2500,37.5000,2025-04-25T01:34:00+00:00,10.2500
2025-04-25T04:34:00+00:00,2025-04-25T06:54:00+00:00,short,-622.44000,ifvg,0.4098,1.2829,21.0000,65.7500,2025-04-25T04:14:00+00:00,22.2500
2025-04-28T11:14:00+00:00,2025-04-28T12:14:00+00:00,long,-3.12000,ifvg,2.0625,0.5833,49.5000,14.0000,2025-04-28T10:59:00+00:00,8.0000
2025-04-28T12:14:00+00:00,2025-04-28T12:34:00+00:00,short,-562.44000,ifvg,0.0162,1.0108,0.7500,46.7500,2025-04-28T11:34:00+00:00,9.0000
2025-04-28T14:04:00+00:00,2025-04-28T20:09:00+00:00,short,35.28000,ifvg,2.4406,0.7426,246.5000,75.0000,2025-04-28T13:49:00+00:00,34.5000
2025-04-29T00:09:00+00:00,2025-04-29T00:44:00+00:00,short,-641.10000,ifvg,0.6988,1.0361,14.5000,21.5000,2025-04-28T23:54:00+00:00,1.7500
2025-04-29T02:49:00+00:00,2025-04-29T04:34:00+00:00,short,-470.16000,ifvg,0.6765,0.9706,23.0000,33.0000,2025-04-29T02:09:00+00:00,1.2500
2025-04-29T04:34:00+00:00,2025-04-29T04:54:00+00:00,long,-625.92000,ifvg,0.0,1.0909,0,42.0000,2025-04-29T03:39:00+00:00,3.5000
2025-04-29T04:54:00+00:00,2025-04-29T07:54:00+00:00,short,-548.96000,ifvg,0.3934,1.0074,26.7500,68.5000,2025-04-29T04:29:00+00:00,6.5000
2025-04-29T12:34:00+00:00,2025-04-29T12:59:00+00:00,long,-603.68000,ifvg,0.9176,1.2588,39.0000,53.5000,2025-04-29T12:24:00+00:00,5.2500
2025-04-29T13:09:00+00:00,2025-04-29T13:49:00+00:00,short,-414.48000,ifvg,0.1505,1.2937,15.5000,133.2500,2025-04-28T19:09:00+00:00,10.5000
2025-04-30T05:39:00+00:00,2025-04-30T08:19:00+00:00,long,1333.570000,ifvg,2.5033,0.2941,95.7500,11.2500,2025-04-30T05:19:00+00:00,3.0000
2025-04-30T08:29:00+00:00,2025-04-30T09:29:00+00:00,short,-602.14000,ifvg,0.6355,1.028,17.0000,27.5000,2025-04-30T08:19:00+00:00,2.0000
2025-04-30T11:29:00+00:00,2025-04-30T12:34:00+00:00,short,1365.050000,ifvg,3.4338,0.0731,188.0000,4.0000,2025-04-30T11:04:00+00:00,4.7500
2025-04-30T13:44:00+00:00,2025-04-30T16:44:00+00:00,short,-476.24000,ifvg,0.1853,0.7132,76.2500,293.5000,2025-04-24T16:24:00+00:00,10.5000
2025-04-30T18:54:00+00:00,2025-04-30T20:04:00+00:00,long,1509.030000,ifvg,1.8987,0.2108,290.5000,32.2500,2025-04-30T18:44:00+00:00,11.7500
2025-05-01T05:34:00+00:00,2025-05-01T06:04:00+00:00,long,-562.44000,ifvg,0.2162,1.0541,10.0000,48.7500,2025-05-01T05:24:00+00:00,10.2500
2025-05-01T07:14:00+00:00,2025-05-01T09:34:00+00:00,long,1476.860000,ifvg,2.5185,0.5556,68.0000,15.0000,2025-05-01T07:04:00+00:00,2.7500
2025-05-01T13:54:00+00:00,2025-05-01T13:59:00+00:00,long,-494.22000,ifvg,0.0,1.0367,0,84.7500,2025-05-01T13:39:00+00:00,2.0000
2025-05-01T16:34:00+00:00,2025-05-01T19:59:00+00:00,long,-620.22000,ifvg,0.7324,1.1314,75.2500,116.2500,2025-05-01T16:24:00+00:00,11.2500
2025-05-02T00:24:00+00:00,2025-05-02T01:24:00+00:00,long,1272.040000,ifvg,2.5137,0.0157,160.2500,1.0000,2025-05-01T23:39:00+00:00,6.2500
2025-05-02T09:14:00+00:00,2025-05-02T12:34:00+00:00,long,1545.840000,ifvg,4.1087,0.4783,141.7500,16.5000,2025-05-02T09:04:00+00:00,14.5000
2025-05-02T18:54:00+00:00,2025-05-02T20:09:00+00:00,short,124.56000,ifvg,1.4299,0.1308,76.5000,7.0000,2025-05-02T18:09:00+00:00,14.5000
2025-05-05T03:44:00+00:00,2025-05-05T06:54:00+00:00,long,91.04000,ifvg,0.5786,0.5893,40.5000,41.2500,2025-05-05T01:44:00+00:00,4.5000
2025-05-05T06:54:00+00:00,2025-05-05T08:34:00+00:00,short,1553.440000,ifvg,2.7424,0.4697,45.2500,7.7500,2025-05-05T06:44:00+00:00,2.2500
2025-05-06T00:14:00+00:00,2025-05-06T00:24:00+00:00,long,-648.60000,ifvg,0.2262,1.4048,4.7500,29.5000,2025-05-05T23:59:00+00:00,6.7500
2025-05-06T12:54:00+00:00,2025-05-06T13:14:00+00:00,long,-653.12000,ifvg,0.5306,1.1837,13.0000,29.0000,2025-05-06T12:39:00+00:00,3.0000
2025-05-06T13:39:00+00:00,2025-05-06T13:49:00+00:00,long,-622.44000,ifvg,0.039,1.2683,2.0000,65.0000,2025-05-06T13:14:00+00:00,10.0000
2025-05-06T13:54:00+00:00,2025-05-06T14:14:00+00:00,short,-503.22000,ifvg,0.1772,1.1021,14.7500,91.7500,2025-05-06T13:39:00+00:00,17.2500
2025-05-06T16:19:00+00:00,2025-05-06T16:29:00+00:00,long,-136.24000,ifvg,0.0527,0.4078,10.5000,81.2500,2025-05-06T15:49:00+00:00,16.2500
2025-05-06T16:29:00+00:00,2025-05-06T20:09:00+00:00,short,112.52000,ifvg,0.5751,0.5666,68.0000,67.0000,2025-05-06T16:19:00+00:00,47.0000
2025-05-06T22:09:00+00:00,2025-05-06T22:39:00+00:00,long,-618.96000,ifvg,0.1238,1.1303,9.5000,86.7500,2025-05-06T20:34:00+00:00,29.7500
2025-05-07T05:39:00+00:00,2025-05-07T06:04:00+00:00,long,-658.58000,ifvg,0.44,1.0667,8.2500,20.0000,2025-05-07T05:29:00+00:00,1.7500
2025-05-07T10:19:00+00:00,2025-05-07T12:09:00+00:00,long,-620.88000,ifvg,1.495,2.4851,37.7500,62.7500,2025-05-07T10:09:00+00:00,3.7500
2025-05-07T12:49:00+00:00,2025-05-07T13:04:00+00:00,long,-591.66000,ifvg,0.6589,1.0698,21.2500,34.5000,2025-05-07T12:34:00+00:00,1.5000
2025-05-08T01:04:00+00:00,2025-05-08T03:24:00+00:00,long,1464.820000,ifvg,2.9464,0.3333,123.7500,14.0000,2025-05-08T00:44:00+00:00,12.2500
2025-05-09T03:14:00+00:00,2025-05-09T08:04:00+00:00,long,166.30000,ifvg,0.9297,0.3164,59.5000,20.2500,2025-05-09T03:04:00+00:00,4.7500
2025-05-09T08:04:00+00:00,2025-05-09T10:34:00+00:00,short,-617.92000,ifvg,0.6513,1.2171,24.7500,46.2500,2025-05-09T07:39:00+00:00,6.7500
2025-05-12T23:44:00+00:00,2025-05-13T04:04:00+00:00,short,1568.340000,ifvg,2.6143,0.0643,91.5000,2.2500,2025-05-12T23:14:00+00:00,0.5000
2025-05-13T08:49:00+00:00,2025-05-13T09:29:00+00:00,short,-641.58000,ifvg,0.5753,1.3151,10.5000,24.0000,2025-05-13T08:39:00+00:00,0.5000
2025-05-14T02:09:00+00:00,2025-05-14T04:39:00+00:00,short,-624.14000,ifvg,0.0556,1.3264,2.0000,47.7500,2025-05-14T01:49:00+00:00,6.2500
2025-05-14T05:34:00+00:00,2025-05-14T06:04:00+00:00,short,-643.32000,ifvg,0.0145,1.1014,0.2500,19.0000,2025-05-14T05:09:00+00:00,0.5000
2025-05-14T07:29:00+00:00,2025-05-14T09:29:00+00:00,short,204.84000,ifvg,1.5821,0.694,53.0000,23.2500,2025-05-14T07:04:00+00:00,13.0000
2025-05-14T09:29:00+00:00,2025-05-14T11:24:00+00:00,long,1434.080000,ifvg,2.5417,0.7083,91.5000,25.5000,2025-05-14T09:09:00+00:00,13.5000
2025-05-14T15:09:00+00:00,2025-05-14T15:29:00+00:00,short,-530.96000,ifvg,0.1215,1.0931,7.5000,67.5000,2025-05-14T14:59:00+00:00,4.2500
2025-05-14T18:39:00+00:00,2025-05-14T20:09:00+00:00,long,233.28000,ifvg,0.3863,0.346,40.7500,36.5000,2025-05-14T16:44:00+00:00,1.0000
2025-05-15T05:14:00+00:00,2025-05-15T07:59:00+00:00,short,1429.820000,ifvg,2.5488,0.1159,104.5000,4.7500,2025-05-15T02:39:00+00:00,6.5000
2025-05-15T12:39:00+00:00,2025-05-15T13:49:00+00:00,long,-592.44000,ifvg,0.6821,1.1949,33.2500,58.2500,2025-05-15T12:14:00+00:00,1.2500
2025-05-16T03:44:00+00:00,2025-05-16T03:54:00+00:00,short,-653.76000,ifvg,0.0962,1.0385,1.2500,13.5000,2025-05-16T03:34:00+00:00,2.2500
2025-05-16T04:59:00+00:00,2025-05-16T06:09:00+00:00,short,206.40000,ifvg,0.8902,0.2073,18.2500,4.2500,2025-05-16T03:54:00+00:00,2.7500
2025-05-16T06:09:00+00:00,2025-05-16T06:34:00+00:00,long,-404.80000,ifvg,0.9516,0.9677,14.7500,15.0000,2025-05-16T05:39:00+00:00,1.2500
2025-05-16T06:34:00+00:00,2025-05-16T07:34:00+00:00,short,-637.92000,ifvg,0.5924,1.1847,23.2500,46.5000,2025-05-16T02:29:00+00:00,8.0000
2025-05-16T11:39:00+00:00,2025-05-16T12:04:00+00:00,short,-626.10000,ifvg,0.0741,1.0123,1.5000,20.5000,2025-05-16T11:29:00+00:00,2.0000
2025-05-19T13:39:00+00:00,2025-05-19T13:49:00+00:00,long,1321.300000,ifvg,2.6903,0.1676,236.7500,14.7500,2025-05-19T06:39:00+00:00,7.7500
2025-05-19T23:59:00+00:00,2025-05-20T01:34:00+00:00,short,1478.340000,ifvg,2.697,0.7045,89.0000,23.2500,2025-05-19T23:39:00+00:00,16.0000
2025-05-20T08:24:00+00:00,2025-05-20T13:39:00+00:00,long,-666.68000,ifvg,0.8351,1.133,39.2500,53.2500,2025-05-20T08:14:00+00:00,4.2500
2025-05-21T00:14:00+00:00,2025-05-21T00:24:00+00:00,short,-660.06000,ifvg,0.4627,1.2388,7.7500,20.7500,2025-05-21T00:04:00+00:00,5.5000
2025-05-21T02:39:00+00:00,2025-05-21T03:34:00+00:00,long,-661.36000,ifvg,0.1304,1.0217,3.0000,23.5000,2025-05-21T02:24:00+00:00,6.2500
2025-05-21T12:09:00+00:00,2025-05-21T12:29:00+00:00,short,-575.68000,ifvg,0.0988,1.0123,4.0000,41.0000,2025-05-21T11:24:00+00:00,4.2500
2025-05-21T17:14:00+00:00,2025-05-21T17:29:00+00:00,short,1242.780000,ifvg,3.1265,0.0452,259.5000,3.7500,2025-05-21T15:14:00+00:00,18.2500
2025-05-22T02:14:00+00:00,2025-05-22T08:39:00+00:00,long,493.56000,ifvg,2.2167,0.4917,66.5000,14.7500,2025-05-22T02:04:00+00:00,2.0000
2025-05-22T08:44:00+00:00,2025-05-22T10:19:00+00:00,short,117.12000,ifvg,1.422,0.2844,38.7500,7.7500,2025-05-22T08:24:00+00:00,5.2500
2025-05-22T10:19:00+00:00,2025-05-22T11:19:00+00:00,long,75.12000,ifvg,1.5192,0.7692,39.5000,20.0000,2025-05-22T10:09:00+00:00,0.5000
2025-05-22T11:19:00+00:00,2025-05-22T11:59:00+00:00,short,1584.080000,ifvg,3.327,0.2579,132.2500,10.2500,2025-05-22T11:09:00+00:00,7.5000
2025-05-23T03:39:00+00:00,2025-05-23T03:54:00+00:00,short,-677.04000,ifvg,0.1452,1.0645,2.2500,16.5000,2025-05-23T03:29:00+00:00,0.2500
2025-05-23T05:39:00+00:00,2025-05-23T06:34:00+00:00,short,510.08000,ifvg,1.8158,0.2368,69.0000,9.0000,2025-05-23T05:24:00+00:00,1.2500
2025-05-23T06:34:00+00:00,2025-05-23T07:24:00+00:00,long,1545.610000,ifvg,2.531,0.2655,71.5000,7.5000,2025-05-23T06:19:00+00:00,3.5000
2025-05-23T11:24:00+00:00,2025-05-23T11:44:00+00:00,short,1515.050000,ifvg,2.9753,0.6914,180.7500,42.0000,2025-05-23T07:09:00+00:00,16.2500
2025-05-23T13:34:00+00:00,2025-05-23T20:09:00+00:00,long,124.52000,ifvg,1.3872,0.517,173.7500,64.7500,2025-05-23T12:04:00+00:00,9.2500
2025-05-26T13:39:00+00:00,2025-05-26T14:34:00+00:00,long,-687.68000,ifvg,0.1134,1.1959,5.5000,58.0000,2025-05-22T19:44:00+00:00,7.0000
2025-05-27T01:09:00+00:00,2025-05-27T02:19:00+00:00,short,1633.720000,ifvg,2.5667,0.1,38.5000,1.5000,2025-05-27T00:59:00+00:00,0.2500
2025-05-27T09:24:00+00:00,2025-05-27T09:44:00+00:00,short,-680.88000,ifvg,0.4775,1.036,13.2500,28.7500,2025-05-27T09:14:00+00:00,1.5000
2025-05-27T13:34:00+00:00,2025-05-27T13:49:00+00:00,short,-707.56000,ifvg,2.3056,2.5278,41.5000,45.5000,2025-05-27T13:24:00+00:00,2.5000
2025-05-27T14:09:00+00:00,2025-05-27T20:09:00+00:00,long,719.28000,ifvg,1.2279,0.0442,138.7500,5.0000,2025-05-27T13:34:00+00:00,18.2500
2025-05-28T03:19:00+00:00,2025-05-28T03:39:00+00:00,long,-682.20000,ifvg,0.0,1.6279,0,17.5000,2025-05-28T02:59:00+00:00,1.0000
2025-05-28T12:54:00+00:00,2025-05-28T13:39:00+00:00,short,-692.12000,ifvg,0.7212,2.0096,18.7500,52.2500,2025-05-28T12:44:00+00:00,10.5000
2025-05-28T13:54:00+00:00,2025-05-28T19:54:00+00:00,short,1552.320000,ifvg,3.1798,0.5337,141.5000,23.7500,2025-05-28T13:44:00+00:00,12.2500
2025-05-29T08:34:00+00:00,2025-05-29T12:09:00+00:00,short,1713.060000,ifvg,2.5109,0.7162,143.7500,41.0000,2025-05-29T07:49:00+00:00,2.5000
2025-05-30T05:09:00+00:00,2025-05-30T06:49:00+00:00,long,-701.14000,ifvg,1.512,1.008,47.2500,31.5000,2025-05-30T03:24:00+00:00,9.7500
2025-05-30T14:09:00+00:00,2025-05-30T16:19:00+00:00,long,-641.20000,ifvg,0.8189,1.252,52.0000,79.5000,2025-05-30T13:59:00+00:00,10.5000
2025-06-02T07:29:00+00:00,2025-06-02T07:34:00+00:00,short,-682.40000,ifvg,0.1791,1.5,6.0000,50.2500,2025-06-02T07:09:00+00:00,14.5000
2025-06-03T02:44:00+00:00,2025-06-03T03:29:00+00:00,long,-709.58000,ifvg,0.1852,1.4444,3.7500,29.2500,2025-06-03T02:34:00+00:00,0.2500
2025-06-03T06:29:00+00:00,2025-06-03T07:24:00+00:00,long,-693.60000,ifvg,1.4,1.8778,31.5000,42.2500,2025-06-03T06:14:00+00:00,3.5000
2025-06-03T07:39:00+00:00,2025-06-03T08:14:00+00:00,long,-633.92000,ifvg,0.0833,1.0897,3.2500,42.5000,2025-06-03T07:29:00+00:00,20.0000
2025-06-03T13:04:00+00:00,2025-06-03T16:39:00+00:00,long,1497.040000,ifvg,2.68,0.48,201.0000,36.0000,2025-06-03T12:44:00+00:00,7.0000
2025-06-04T06:24:00+00:00,2025-06-04T07:59:00+00:00,short,-683.84000,ifvg,0.6667,1.3871,15.5000,32.2500,2025-06-04T06:09:00+00:00,11.7500
2025-06-04T10:24:00+00:00,2025-06-04T11:09:00+00:00,short,-692.58000,ifvg,0.6203,1.0759,12.2500,21.2500,2025-06-04T10:14:00+00:00,1.2500
2025-06-04T12:24:00+00:00,2025-06-04T12:29:00+00:00,short,-685.62000,ifvg,0.2621,1.0874,6.7500,28.0000,2025-06-04T11:54:00+00:00,4.2500
2025-06-05T18:29:00+00:00,2025-06-05T19:14:00+00:00,long,-664.96000,ifvg,0.3848,1.1788,31.7500,97.2500,2025-06-05T18:19:00+00:00,1.7500
2025-06-06T15:24:00+00:00,2025-06-06T18:19:00+00:00,short,-596.96000,ifvg,0.8412,1.0574,62.2500,78.2500,2025-06-06T14:44:00+00:00,15.5000
2025-06-08T22:19:00+00:00,2025-06-09T11:09:00+00:00,short,-189.72000,ifvg,0.4944,0.4548,43.7500,40.2500,2025-06-06T17:24:00+00:00,18.5000
2025-06-09T11:09:00+00:00,2025-06-09T13:39:00+00:00,long,-632.88000,ifvg,1.2913,1.5631,33.2500,40.2500,2025-06-09T10:49:00+00:00,1.5000
2025-06-09T14:04:00+00:00,2025-06-09T14:14:00+00:00,short,-607.40000,ifvg,0.1345,1.6471,4.0000,49.0000,2025-06-09T13:54:00+00:00,2.7500
2025-06-10T00:09:00+00:00,2025-06-10T00:29:00+00:00,short,-656.10000,ifvg,0.1765,1.2235,3.7500,26.0000,2025-06-09T23:24:00+00:00,3.2500
2025-06-10T05:44:00+00:00,2025-06-10T07:44:00+00:00,long,-550.96000,ifvg,0.0476,1.3297,3.2500,90.7500,2025-06-10T05:34:00+00:00,31.0000
2025-06-10T11:39:00+00:00,2025-06-10T15:34:00+00:00,long,-617.40000,ifvg,1.7025,3.2727,51.5000,99.0000,2025-06-10T11:14:00+00:00,8.5000
2025-06-10T23:09:00+00:00,2025-06-10T23:14:00+00:00,short,-609.66000,ifvg,0.1654,1.3158,5.5000,43.7500,2025-06-10T22:59:00+00:00,19.2500
2025-06-11T06:39:00+00:00,2025-06-11T07:49:00+00:00,short,-602.40000,ifvg,0.2019,1.2692,5.2500,33.0000,2025-06-11T06:29:00+00:00,4.0000
2025-06-11T11:34:00+00:00,2025-06-11T12:04:00+00:00,long,-607.64000,ifvg,2.6296,1.2315,71.0000,33.2500,2025-06-11T11:24:00+00:00,8.5000
2025-06-12T12:44:00+00:00,2025-06-12T20:09:00+00:00,long,552.78000,ifvg,1.4312,0.2182,137.7500,21.0000,2025-06-12T11:04:00+00:00,1.5000
2025-06-13T14:44:00+00:00,2025-06-13T18:34:00+00:00,long,-520.96000,ifvg,2.2713,1.2442,146.5000,80.2500,2025-06-13T14:29:00+00:00,8.5000
2025-06-16T10:49:00+00:00,2025-06-16T11:49:00+00:00,short,-596.68000,ifvg,0.2619,1.0238,11.0000,43.0000,2025-06-16T10:19:00+00:00,1.7500
2025-06-16T15:34:00+00:00,2025-06-16T20:09:00+00:00,short,561.12000,ifvg,2.4688,0.5417,59.2500,13.0000,2025-06-16T15:24:00+00:00,2.7500
2025-06-17T02:09:00+00:00,2025-06-17T02:54:00+00:00,short,-600.66000,ifvg,0.7786,1.855,25.5000,60.7500,2025-06-17T01:54:00+00:00,7.2500
2025-06-17T13:49:00+00:00,2025-06-17T14:04:00+00:00,short,-571.44000,ifvg,0.234,1.2713,11.0000,59.7500,2025-06-17T13:39:00+00:00,1.5000
2025-06-18T13:39:00+00:00,2025-06-18T13:54:00+00:00,short,-504.96000,ifvg,0.064,1.02,4.0000,63.7500,2025-06-18T11:29:00+00:00,1.2500
2025-06-18T13:54:00+00:00,2025-06-18T18:59:00+00:00,long,-556.96000,ifvg,1.3841,1.6123,95.5000,111.2500,2025-06-18T13:39:00+00:00,25.5000
2025-06-18T23:54:00+00:00,2025-06-19T00:09:00+00:00,long,-247.44000,ifvg,0.1503,0.6301,6.5000,27.2500,2025-06-18T22:14:00+00:00,6.0000
2025-06-19T00:09:00+00:00,2025-06-19T01:04:00+00:00,short,1315.560000,ifvg,2.6875,0.0,118.2500,0,2025-06-18T23:54:00+00:00,5.0000
2025-06-19T03:09:00+00:00,2025-06-19T07:59:00+00:00,long,-554.96000,ifvg,0.4836,1.2727,33.2500,87.5000,2025-06-19T02:59:00+00:00,4.5000
2025-06-19T12:09:00+00:00,2025-06-19T13:49:00+00:00,short,1333.570000,ifvg,2.9645,0.5888,146.0000,29.0000,2025-06-19T11:59:00+00:00,2.2500
2025-06-20T06:39:00+00:00,2025-06-20T08:09:00+00:00,short,-590.88000,ifvg,1.0833,1.0,26.0000,24.0000,2025-06-20T06:09:00+00:00,1.2500
2025-06-20T09:14:00+00:00,2025-06-20T11:44:00+00:00,long,1490.610000,ifvg,3.0734,0.578,83.7500,15.7500,2025-06-20T08:59:00+00:00,6.2500
2025-06-20T11:49:00+00:00,2025-06-20T13:39:00+00:00,long,1548.060000,ifvg,2.5266,0.5411,130.7500,28.0000,2025-06-20T08:29:00+00:00,0.2500
2025-06-20T17:34:00+00:00,2025-06-20T18:19:00+00:00,short,-620.22000,ifvg,0.2847,1.0292,29.2500,105.7500,2025-06-20T15:19:00+00:00,24.2500
2025-06-23T01:24:00+00:00,2025-06-23T02:34:00+00:00,short,-635.18000,ifvg,0.1508,1.0168,6.7500,45.5000,2025-06-23T01:14:00+00:00,2.7500
2025-06-23T02:54:00+00:00,2025-06-23T05:09:00+00:00,short,-627.84000,ifvg,0.0658,2.0263,1.2500,38.5000,2025-06-23T02:39:00+00:00,3.0000
2025-06-24T02:14:00+00:00,2025-06-24T05:34:00+00:00,short,-601.12000,ifvg,1.3333,1.5889,30.0000,35.7500,2025-06-24T01:54:00+00:00,8.2500
2025-06-24T08:39:00+00:00,2025-06-24T11:34:00+00:00,short,137.04000,ifvg,0.7078,0.5974,54.5000,46.0000,2025-06-24T08:29:00+00:00,5.5000
2025-06-24T11:34:00+00:00,2025-06-24T12:34:00+00:00,long,-582.40000,ifvg,0.8947,1.0614,25.5000,30.2500,2025-06-24T11:14:00+00:00,1.2500
2025-06-25T17:39:00+00:00,2025-06-25T19:14:00+00:00,short,-573.66000,ifvg,1.232,1.104,38.5000,34.5000,2025-06-25T17:29:00+00:00,4.2500
2025-06-26T15:34:00+00:00,2025-06-26T15:44:00+00:00,short,-627.84000,ifvg,0.0395,1.3026,0.7500,24.7500,2025-06-26T15:24:00+00:00,3.7500
2025-06-27T07:39:00+00:00,2025-06-27T11:04:00+00:00,short,-594.62000,ifvg,0.3708,1.0449,8.2500,23.2500,2025-06-27T07:24:00+00:00,5.5000
2025-06-27T12:19:00+00:00,2025-06-27T13:34:00+00:00,short,1435.610000,ifvg,2.5619,0.8095,67.2500,21.2500,2025-06-27T11:39:00+00:00,1.0000
2025-06-30T04:59:00+00:00,2025-06-30T05:44:00+00:00,short,-382.20000,ifvg,1.3333,0.8611,12.0000,7.7500,2025-06-30T04:44:00+00:00,2.5000
2025-06-30T05:44:00+00:00,2025-06-30T07:04:00+00:00,long,-627.84000,ifvg,1.1316,1.0789,21.5000,20.5000,2025-06-30T05:29:00+00:00,2.0000
2025-06-30T09:49:00+00:00,2025-06-30T10:19:00+00:00,short,-624.54000,ifvg,0.6491,1.1228,9.2500,16.0000,2025-06-30T09:39:00+00:00,3.0000
2025-06-30T11:49:00+00:00,2025-06-30T12:24:00+00:00,long,-591.36000,ifvg,0.0488,1.061,1.0000,21.7500,2025-06-30T11:39:00+00:00,2.5000
2025-06-30T19:04:00+00:00,2025-06-30T20:09:00+00:00,long,145.56000,ifvg,1.5285,0.2228,73.7500,10.7500,2025-06-30T18:34:00+00:00,3.2500
2025-06-30T23:44:00+00:00,2025-07-01T05:14:00+00:00,long,-602.40000,ifvg,1.2373,1.0508,36.5000,31.0000,2025-06-30T22:44:00+00:00,1.0000
2025-07-01T07:19:00+00:00,2025-07-01T12:24:00+00:00,short,1436.630000,ifvg,3.5281,0.8539,78.5000,19.0000,2025-07-01T07:09:00+00:00,4.7500
2025-07-01T12:39:00+00:00,2025-07-01T14:29:00+00:00,long,-113.68000,ifvg,1.8968,0.671,73.5000,26.0000,2025-07-01T12:29:00+00:00,15.7500
2025-07-01T14:29:00+00:00,2025-07-01T14:49:00+00:00,short,1422.090000,ifvg,2.6693,0.5197,84.7500,16.5000,2025-07-01T14:19:00+00:00,0.2500
2025-07-02T02:34:00+00:00,2025-07-02T10:39:00+00:00,long,-613.14000,ifvg,2.4771,1.0183,67.5000,27.7500,2025-07-02T02:04:00+00:00,7.2500
2025-07-03T06:04:00+00:00,2025-07-03T07:39:00+00:00,long,1481.500000,ifvg,2.8125,0.0,33.7500,0,2025-07-03T05:49:00+00:00,0.2500
2025-07-03T08:04:00+00:00,2025-07-03T10:04:00+00:00,short,1494.180000,ifvg,2.7164,0.1642,45.5000,2.7500,2025-07-03T07:44:00+00:00,8.7500
2025-07-03T12:19:00+00:00,2025-07-03T12:34:00+00:00,short,-627.84000,ifvg,0.3816,3.6447,7.2500,69.2500,2025-07-03T12:09:00+00:00,7.0000
2025-07-03T12:39:00+00:00,2025-07-03T14:04:00+00:00,long,1508.570000,ifvg,3.0058,0.7283,130.0000,31.5000,2025-07-03T12:19:00+00:00,4.7500
2025-07-04T05:49:00+00:00,2025-07-04T06:09:00+00:00,long,-644.80000,ifvg,0.3226,1.129,5.0000,17.5000,2025-07-04T05:39:00+00:00,2.7500
2025-07-04T08:29:00+00:00,2025-07-04T08:54:00+00:00,long,-602.88000,ifvg,0.0204,1.7245,0.5000,42.2500,2025-07-04T08:19:00+00:00,4.5000
2025-07-07T22:39:00+00:00,2025-07-08T00:54:00+00:00,long,1463.110000,ifvg,2.5514,0.2804,68.2500,7.5000,2025-07-07T22:24:00+00:00,7.5000
2025-07-08T02:34:00+00:00,2025-07-08T07:09:00+00:00,long,101.30000,ifvg,0.6,0.2478,34.5000,14.2500,2025-07-08T01:49:00+00:00,18.2500
2025-07-08T07:09:00+00:00,2025-07-08T07:39:00+00:00,short,-635.04000,ifvg,0.7414,1.5,10.7500,21.7500,2025-07-08T06:54:00+00:00,0.7500
2025-07-08T12:39:00+00:00,2025-07-08T13:04:00+00:00,short,-570.36000,ifvg,0.3924,1.443,7.7500,28.5000,2025-07-08T12:19:00+00:00,6.0000
2025-07-09T05:24:00+00:00,2025-07-09T06:54:00+00:00,short,-652.32000,ifvg,1.9571,1.0286,34.2500,18.0000,2025-07-09T04:44:00+00:00,6.5000
2025-07-09T07:19:00+00:00,2025-07-09T09:14:00+00:00,short,-638.88000,ifvg,0.0769,1.1827,2.0000,30.7500,2025-07-09T06:59:00+00:00,11.7500
2025-07-10T13:54:00+00:00,2025-07-10T18:24:00+00:00,short,-578.96000,ifvg,1.0627,1.0105,76.2500,72.5000,2025-07-10T09:59:00+00:00,0.2500
2025-07-11T00:09:00+00:00,2025-07-11T00:19:00+00:00,short,1440.300000,ifvg,6.1538,0.1795,60.0000,1.7500,2025-07-10T23:59:00+00:00,1.5000
2025-07-11T06:39:00+00:00,2025-07-11T07:29:00+00:00,short,1488.900000,ifvg,2.5125,0.8125,50.2500,16.2500,2025-07-11T06:29:00+00:00,2.0000
2025-07-11T13:44:00+00:00,2025-07-11T13:49:00+00:00,short,-603.70000,ifvg,0.2385,1.0418,14.2500,62.2500,2025-07-11T13:34:00+00:00,7.7500
2025-07-11T13:54:00+00:00,2025-07-11T20:09:00+00:00,long,142.56000,ifvg,1.802,0.4873,88.7500,24.0000,2025-07-11T13:44:00+00:00,11.2500
2025-07-14T07:39:00+00:00,2025-07-14T08:54:00+00:00,long,1512.140000,ifvg,2.5977,0.1034,56.5000,2.2500,2025-07-14T07:24:00+00:00,5.2500
2025-07-14T12:39:00+00:00,2025-07-14T13:24:00+00:00,short,-656.04000,ifvg,0.9167,1.2167,13.7500,18.2500,2025-07-14T12:29:00+00:00,6.0000
2025-07-14T14:34:00+00:00,2025-07-14T14:54:00+00:00,short,-621.18000,ifvg,0.1143,1.2,5.0000,52.5000,2025-07-14T14:24:00+00:00,9.7500
2025-07-15T12:39:00+00:00,2025-07-15T13:39:00+00:00,long,-448.14000,ifvg,1.6552,0.7672,48.0000,22.2500,2025-07-15T12:14:00+00:00,3.7500
2025-07-15T13:39:00+00:00,2025-07-15T14:19:00+00:00,short,-607.18000,ifvg,0.8012,1.0234,34.2500,43.7500,2025-07-15T12:59:00+00:00,11.0000
2025-07-16T01:29:00+00:00,2025-07-16T02:04:00+00:00,short,-643.84000,ifvg,0.0897,1.0128,1.7500,19.7500,2025-07-16T01:19:00+00:00,4.5000
2025-07-16T13:39:00+00:00,2025-07-16T15:34:00+00:00,short,1471.300000,ifvg,2.6229,0.0508,154.7500,3.0000,2025-07-16T12:39:00+00:00,28.0000
2025-07-16T15:49:00+00:00,2025-07-16T20:09:00+00:00,long,687.78000,ifvg,1.9068,0.413,153.5000,33.2500,2025-07-16T15:39:00+00:00,14.7500
2025-07-17T00:34:00+00:00,2025-07-17T01:39:00+00:00,long,-633.08000,ifvg,0.7778,1.0833,14.0000,19.5000,2025-07-17T00:14:00+00:00,6.0000
2025-07-17T11:14:00+00:00,2025-07-17T11:34:00+00:00,long,-607.20000,ifvg,0.4737,1.5789,4.5000,15.0000,2025-07-16T20:04:00+00:00,3.0000
2025-07-17T12:19:00+00:00,2025-07-17T12:34:00+00:00,short,-582.66000,ifvg,0.3937,1.0866,12.5000,34.5000,2025-07-17T12:09:00+00:00,3.7500
2025-07-17T13:49:00+00:00,2025-07-17T15:09:00+00:00,long,1557.090000,ifvg,3.0935,0.6187,107.5000,21.5000,2025-07-17T13:39:00+00:00,3.7500
2025-07-20T22:34:00+00:00,2025-07-21T05:19:00+00:00,long,753.12000,ifvg,1.7549,0.0588,44.7500,1.5000,2025-07-20T22:09:00+00:00,4.2500
2025-07-21T05:19:00+00:00,2025-07-21T05:34:00+00:00,short,-532.20000,ifvg,0.2121,1.3333,1.7500,11.0000,2025-07-21T05:09:00+00:00,0.2500
2025-07-21T22:09:00+00:00,2025-07-22T04:14:00+00:00,long,-614.12000,ifvg,1.0217,1.2391,23.5000,28.5000,2025-07-21T20:34:00+00:00,1.7500
2025-07-22T13:39:00+00:00,2025-07-22T13:54:00+00:00,short,1464.820000,ifvg,4.5774,0.0238,192.2500,1.0000,2025-07-22T11:49:00+00:00,6.2500
2025-07-23T00:09:00+00:00,2025-07-23T06:44:00+00:00,short,-659.62000,ifvg,1.7576,1.0909,43.5000,27.0000,2025-07-22T23:59:00+00:00,9.0000
2025-07-24T13:04:00+00:00,2025-07-24T14:14:00+00:00,long,-627.40000,ifvg,1.5935,1.748,49.0000,53.7500,2025-07-24T12:49:00+00:00,5.0000
2025-07-24T16:09:00+00:00,2025-07-24T17:09:00+00:00,short,-612.36000,ifvg,1.1059,1.3294,23.5000,28.2500,2025-07-24T15:54:00+00:00,1.0000
2025-07-24T17:34:00+00:00,2025-07-24T20:09:00+00:00,short,245.34000,ifvg,0.8613,0.8394,29.5000,28.7500,2025-07-24T17:19:00+00:00,7.5000
2025-07-25T12:29:00+00:00,2025-07-25T13:09:00+00:00,long,-648.60000,ifvg,0.5571,1.7143,9.7500,30.0000,2025-07-25T11:54:00+00:00,3.7500
2025-07-28T07:59:00+00:00,2025-07-28T08:14:00+00:00,long,-649.52000,ifvg,0.1111,1.0556,1.5000,14.2500,2025-07-28T07:39:00+00:00,4.0000
2025-07-29T04:24:00+00:00,2025-07-29T05:49:00+00:00,short,-562.20000,ifvg,0.4286,1.0571,3.7500,9.2500,2025-07-29T04:14:00+00:00,0.2500
2025-07-29T06:44:00+00:00,2025-07-29T07:49:00+00:00,long,1480.710000,ifvg,3.2456,0.6316,46.2500,9.0000,2025-07-29T06:34:00+00:00,4.0000
2025-07-29T13:54:00+00:00,2025-07-29T15:44:00+00:00,short,1333.800000,ifvg,2.7804,0.1262,148.7500,6.7500,2025-07-29T13:39:00+00:00,23.7500
2025-07-30T05:29:00+00:00,2025-07-30T07:09:00+00:00,long,-654.28000,ifvg,0.5614,1.7193,8.0000,24.5000,2025-07-30T05:14:00+00:00,2.0000
2025-07-30T08:29:00+00:00,2025-07-30T11:14:00+00:00,short,-602.40000,ifvg,0.6102,1.0169,18.0000,30.0000,2025-07-30T07:34:00+00:00,5.7500
2025-07-30T15:19:00+00:00,2025-07-30T16:19:00+00:00,short,-631.68000,ifvg,0.2753,1.2753,12.2500,56.7500,2025-07-30T14:29:00+00:00,1.5000
2025-07-30T17:54:00+00:00,2025-07-30T18:04:00+00:00,short,-643.32000,ifvg,1.5217,1.3043,26.2500,22.5000,2025-07-30T17:44:00+00:00,6.0000
2025-07-30T18:59:00+00:00,2025-07-30T20:04:00+00:00,short,-533.22000,ifvg,0.6346,2.2975,56.0000,202.7500,2025-07-30T15:59:00+00:00,6.7500
2025-07-31T04:34:00+00:00,2025-07-31T07:29:00+00:00,short,-638.02000,ifvg,1.5283,1.3774,20.2500,18.2500,2025-07-31T03:54:00+00:00,3.7500
2025-07-31T11:09:00+00:00,2025-07-31T11:44:00+00:00,long,-614.12000,ifvg,0.1087,1.2391,2.5000,28.5000,2025-07-31T10:59:00+00:00,2.7500
2025-08-01T11:19:00+00:00,2025-08-01T12:39:00+00:00,long,143.80000,ifvg,0.7136,0.7909,39.2500,43.5000,2025-08-01T10:49:00+00:00,3.2500
2025-08-01T13:04:00+00:00,2025-08-01T13:44:00+00:00,short,1332.040000,ifvg,3.0245,0.1902,278.2500,17.5000,2025-08-01T11:19:00+00:00,16.5000
2025-08-03T23:39:00+00:00,2025-08-04T00:04:00+00:00,short,-632.16000,ifvg,0.2536,1.0652,8.7500,36.7500,2025-08-03T23:24:00+00:00,14.5000
2025-08-04T01:14:00+00:00,2025-08-04T01:34:00+00:00,short,-602.40000,ifvg,0.0,1.0339,0,30.5000,2025-08-04T00:54:00+00:00,4.7500
2025-08-04T11:34:00+00:00,2025-08-04T12:09:00+00:00,long,-624.14000,ifvg,0.2072,1.0,5.7500,27.7500,2025-08-04T11:09:00+00:00,7.2500
2025-08-06T00:09:00+00:00,2025-08-06T02:29:00+00:00,long,1517.600000,ifvg,2.5082,0.4426,76.5000,13.5000,2025-08-05T23:59:00+00:00,3.7500
2025-08-06T07:29:00+00:00,2025-08-06T08:09:00+00:00,short,-619.84000,ifvg,0.2,1.08,3.7500,20.2500,2025-08-06T07:19:00+00:00,0.2500
2025-08-06T11:09:00+00:00,2025-08-06T13:29:00+00:00,long,-23.70000,ifvg,0.4773,0.55,26.2500,30.2500,2025-08-06T09:34:00+00:00,5.5000
2025-08-06T13:29:00+00:00,2025-08-06T13:34:00+00:00,short,-641.06000,ifvg,0.9385,3.3231,15.2500,54.0000,2025-08-06T13:19:00+00:00,1.7500
2025-08-07T06:44:00+00:00,2025-08-07T07:14:00+00:00,short,-631.00000,ifvg,1.3333,1.5,16.0000,18.0000,2025-08-07T06:34:00+00:00,1.0000
2025-08-07T07:14:00+00:00,2025-08-07T07:34:00+00:00,long,-342.40000,ifvg,0.453,0.6923,13.2500,20.2500,2025-08-07T07:04:00+00:00,2.0000
2025-08-07T07:34:00+00:00,2025-08-07T07:59:00+00:00,short,-613.14000,ifvg,0.0,1.1193,0,30.5000,2025-08-07T07:19:00+00:00,3.2500
2025-08-07T16:59:00+00:00,2025-08-07T17:39:00+00:00,long,-467.22000,ifvg,0.3398,1.0453,26.2500,80.7500,2025-08-07T16:49:00+00:00,34.7500
2025-08-08T15:54:00+00:00,2025-08-08T20:09:00+00:00,long,281.52000,ifvg,0.6333,0.1023,74.2500,12.0000,2025-08-08T15:44:00+00:00,11.7500
2025-08-10T22:09:00+00:00,2025-08-11T02:09:00+00:00,short,-591.66000,ifvg,0.9225,1.0853,29.7500,35.0000,2025-08-08T20:19:00+00:00,8.2500
2025-08-11T03:19:00+00:00,2025-08-11T05:54:00+00:00,long,-561.68000,ifvg,0.019,1.0063,0.7500,39.7500,2025-08-11T02:34:00+00:00,1.2500
2025-08-11T07:19:00+00:00,2025-08-11T07:49:00+00:00,short,1434.690000,ifvg,2.6885,0.3607,41.0000,5.5000,2025-08-11T06:59:00+00:00,2.7500
2025-08-11T10:39:00+00:00,2025-08-11T12:04:00+00:00,short,-607.58000,ifvg,1.1014,1.4638,19.0000,25.2500,2025-08-11T10:29:00+00:00,2.5000
2025-08-12T04:44:00+00:00,2025-08-12T05:04:00+00:00,long,-614.04000,ifvg,0.5893,4.8036,8.2500,67.2500,2025-08-12T03:49:00+00:00,0.7500
2025-08-12T10:19:00+00:00,2025-08-12T11:09:00+00:00,long,-591.36000,ifvg,0.1585,1.0854,3.2500,22.2500,2025-08-12T10:04:00+00:00,5.7500
2025-08-12T13:39:00+00:00,2025-08-12T14:04:00+00:00,long,-325.24000,ifvg,0.0864,1.0633,14.0000,172.2500,2025-08-12T13:09:00+00:00,18.2500
2025-08-13T02:29:00+00:00,2025-08-13T08:24:00+00:00,long,1446.120000,ifvg,2.5876,0.5258,62.7500,12.7500,2025-08-13T01:19:00+00:00,0.5000
2025-08-13T17:39:00+00:00,2025-08-13T18:14:00+00:00,short,-544.18000,ifvg,0.2876,1.1111,11.0000,42.5000,2025-08-13T17:29:00+00:00,12.2500
2025-08-14T07:54:00+00:00,2025-08-14T08:34:00+00:00,short,-593.04000,ifvg,0.0926,1.1481,1.2500,15.5000,2025-08-14T07:24:00+00:00,1.2500
2025-08-14T12:39:00+00:00,2025-08-14T12:44:00+00:00,short,-578.16000,ifvg,0.0714,1.0079,2.2500,31.7500,2025-08-14T11:29:00+00:00,2.7500
2025-08-14T15:54:00+00:00,2025-08-14T20:09:00+00:00,long,-243.72000,ifvg,0.6113,0.6873,54.2500,61.0000,2025-08-14T15:34:00+00:00,4.5000
2025-08-15T08:09:00+00:00,2025-08-15T08:34:00+00:00,long,-596.10000,ifvg,0.1818,1.1429,3.5000,22.0000,2025-08-15T07:49:00+00:00,1.2500
2025-08-15T13:39:00+00:00,2025-08-15T15:59:00+00:00,short,772.56000,ifvg,2.4895,0.5947,118.2500,28.2500,2025-08-15T10:14:00+00:00,2.2500
2025-08-15T15:59:00+00:00,2025-08-15T20:09:00+00:00,long,39.04000,ifvg,0.8914,0.3633,59.5000,24.2500,2025-08-15T15:44:00+00:00,19.2500
2025-08-17T23:54:00+00:00,2025-08-18T00:09:00+00:00,short,-580.32000,ifvg,0.129,1.1452,2.0000,17.7500,2025-08-17T23:39:00+00:00,0.5000
2025-08-18T06:09:00+00:00,2025-08-18T06:24:00+00:00,short,1413.900000,ifvg,3.1379,0.0,68.2500,0,2025-08-18T05:44:00+00:00,1.2500
2025-08-18T08:39:00+00:00,2025-08-18T09:29:00+00:00,long,-600.18000,ifvg,0.2071,1.1361,8.7500,48.0000,2025-08-18T08:19:00+00:00,7.2500
2025-08-18T13:49:00+00:00,2025-08-18T14:09:00+00:00,short,262.56000,ifvg,1.3314,0.0059,56.2500,0.2500,2025-08-18T13:39:00+00:00,9.2500
2025-08-18T14:09:00+00:00,2025-08-18T14:49:00+00:00,long,-572.18000,ifvg,1.3727,1.2422,55.2500,50.0000,2025-08-18T13:59:00+00:00,3.2500
2025-08-18T17:44:00+00:00,2025-08-18T18:59:00+00:00,short,-540.68000,ifvg,0.2697,1.1447,10.2500,43.5000,2025-08-18T17:34:00+00:00,3.5000
2025-08-19T03:29:00+00:00,2025-08-19T03:39:00+00:00,long,-590.58000,ifvg,0.0,1.8955,0,31.7500,2025-08-19T03:04:00+00:00,2.7500
2025-08-19T05:14:00+00:00,2025-08-19T08:04:00+00:00,short,-552.40000,ifvg,0.226,1.2397,8.2500,45.2500,2025-08-19T04:59:00+00:00,1.7500
2025-08-19T18:09:00+00:00,2025-08-19T20:09:00+00:00,short,84.52000,ifvg,0.6776,0.0307,77.2500,3.5000,2025-08-19T17:34:00+00:00,4.5000
2025-08-20T01:14:00+00:00,2025-08-20T06:44:00+00:00,short,99.04000,ifvg,0.9774,0.0755,64.7500,5.0000,2025-08-20T00:54:00+00:00,4.7500
2025-08-20T06:44:00+00:00,2025-08-20T07:39:00+00:00,long,148.80000,ifvg,0.8009,0.181,44.2500,10.0000,2025-08-20T03:14:00+00:00,12.7500
2025-08-20T07:39:00+00:00,2025-08-20T08:39:00+00:00,short,-412.62000,ifvg,1.4405,0.9524,30.2500,20.0000,2025-08-20T07:29:00+00:00,3.0000
2025-08-20T08:39:00+00:00,2025-08-20T13:39:00+00:00,long,-573.70000,ifvg,0.6167,1.0573,35.0000,60.0000,2025-08-20T08:19:00+00:00,3.5000
2025-08-21T00:39:00+00:00,2025-08-21T01:09:00+00:00,long,-513.92000,ifvg,0.246,1.1429,7.7500,36.0000,2025-08-21T00:29:00+00:00,10.5000
2025-08-21T10:29:00+00:00,2025-08-21T11:49:00+00:00,long,-564.66000,ifvg,1.0244,1.2439,31.5000,38.2500,2025-08-21T10:19:00+00:00,4.0000
2025-08-22T00:09:00+00:00,2025-08-22T00:14:00+00:00,short,1335.200000,ifvg,3.9535,0.0465,42.5000,0.5000,2025-08-21T23:59:00+00:00,0.7500
2025-08-22T05:14:00+00:00,2025-08-22T06:44:00+00:00,short,1330.100000,ifvg,3.9268,0.252,120.7500,7.7500,2025-08-22T04:44:00+00:00,0.2500
2025-08-22T06:59:00+00:00,2025-08-22T11:19:00+00:00,long,1148.80000,ifvg,2.4737,0.0965,141.0000,5.5000,2025-08-22T06:49:00+00:00,9.0000
2025-08-22T11:19:00+00:00,2025-08-22T12:24:00+00:00,short,-607.32000,ifvg,0.8769,1.0,14.2500,16.2500,2025-08-22T11:09:00+00:00,0.2500
2025-08-24T23:54:00+00:00,2025-08-25T09:34:00+00:00,short,1384.080000,ifvg,2.5108,0.7194,87.2500,25.0000,2025-08-24T23:44:00+00:00,2.7500
2025-08-25T12:09:00+00:00,2025-08-25T13:04:00+00:00,short,-581.62000,ifvg,0.1609,1.1839,3.5000,25.7500,2025-08-25T11:19:00+00:00,6.2500
2025-08-25T14:09:00+00:00,2025-08-25T20:09:00+00:00,long,-233.22000,ifvg,0.7692,0.7179,67.5000,63.0000,2025-08-25T08:49:00+00:00,5.2500
2025-08-26T04:54:00+00:00,2025-08-26T05:49:00+00:00,long,1477.980000,ifvg,2.5192,0.4615,32.7500,6.0000,2025-08-26T04:39:00+00:00,0.7500
2025-08-26T12:59:00+00:00,2025-08-26T13:34:00+00:00,short,-578.16000,ifvg,0.246,1.3968,7.7500,44.0000,2025-08-26T10:09:00+00:00,3.2500
2025-08-27T06:04:00+00:00,2025-08-27T07:24:00+00:00,long,-618.50000,ifvg,1.8298,1.4468,21.5000,17.0000,2025-08-27T05:54:00+00:00,0.2500
2025-08-27T12:14:00+00:00,2025-08-27T12:29:00+00:00,long,-614.12000,ifvg,0.163,1.0652,3.7500,24.5000,2025-08-27T12:04:00+00:00,0.7500
2025-08-27T12:39:00+00:00,2025-08-27T13:49:00+00:00,short,1414.080000,ifvg,2.5211,0.2535,89.5000,9.0000,2025-08-27T09:09:00+00:00,2.7500
2025-08-27T16:29:00+00:00,2025-08-27T18:14:00+00:00,short,-538.96000,ifvg,0.367,1.2996,24.5000,86.7500,2025-08-27T14:24:00+00:00,21.7500
2025-08-28T15:34:00+00:00,2025-08-28T19:04:00+00:00,short,-495.72000,ifvg,0.4451,1.0793,36.5000,88.5000,2025-08-28T14:49:00+00:00,10.0000
2025-09-01T04:54:00+00:00,2025-09-01T06:04:00+00:00,long,-577.40000,ifvg,0.3982,1.0796,11.2500,30.5000,2025-09-01T04:39:00+00:00,6.7500
2025-09-02T07:19:00+00:00,2025-09-02T10:29:00+00:00,short,1371.300000,ifvg,2.7955,0.3727,153.7500,20.5000,2025-09-01T06:44:00+00:00,20.2500
2025-09-02T13:44:00+00:00,2025-09-02T15:39:00+00:00,long,-515.22000,ifvg,1.5191,1.1232,129.5000,95.7500,2025-09-02T13:34:00+00:00,5.0000
2025-09-03T06:14:00+00:00,2025-09-03T08:14:00+00:00,long,1467.600000,ifvg,2.6917,0.4417,80.7500,13.2500,2025-09-03T05:49:00+00:00,0.5000
2025-09-03T12:09:00+00:00,2025-09-03T12:34:00+00:00,long,-635.14000,ifvg,0.4867,1.2212,13.7500,34.5000,2025-09-03T11:59:00+00:00,1.5000
2025-09-04T00:09:00+00:00,2025-09-04T00:24:00+00:00,long,1448.160000,ifvg,2.6986,0.2466,49.2500,4.5000,2025-09-03T23:39:00+00:00,5.2500
2025-09-04T05:29:00+00:00,2025-09-04T07:09:00+00:00,short,-373.62000,ifvg,0.8211,0.6737,19.5000,16.0000,2025-09-04T04:19:00+00:00,4.7500
2025-09-04T07:09:00+00:00,2025-09-04T12:24:00+00:00,long,113.88000,ifvg,2.2198,0.4615,50.5000,10.5000,2025-09-04T06:59:00+00:00,2.0000
2025-09-04T12:24:00+00:00,2025-09-04T13:34:00+00:00,short,-597.40000,ifvg,1.094,1.6667,32.0000,48.7500,2025-09-04T12:14:00+00:00,0.5000
2025-09-04T13:39:00+00:00,2025-09-04T14:04:00+00:00,long,-556.20000,ifvg,0.3727,1.1955,20.5000,65.7500,2025-09-04T12:24:00+00:00,17.0000
2025-09-05T11:39:00+00:00,2025-09-05T12:34:00+00:00,short,-621.28000,ifvg,4.5556,3.2407,61.5000,43.7500,2025-09-05T11:19:00+00:00,1.2500
2025-09-08T12:39:00+00:00,2025-09-08T13:34:00+00:00,long,1468.160000,ifvg,3.2162,0.3919,59.5000,7.2500,2025-09-08T12:14:00+00:00,1.7500
2025-09-08T15:34:00+00:00,2025-09-08T17:54:00+00:00,long,-614.22000,ifvg,0.0491,1.0639,5.0000,108.2500,2025-09-08T15:24:00+00:00,10.5000
2025-09-09T01:49:00+00:00,2025-09-09T02:34:00+00:00,long,1482.190000,ifvg,2.5397,0.2222,40.0000,3.5000,2025-09-09T01:29:00+00:00,4.2500
2025-09-09T10:54:00+00:00,2025-09-09T11:39:00+00:00,short,688.68000,ifvg,2.0526,0.3158,29.2500,4.5000,2025-09-09T10:44:00+00:00,4.2500
2025-09-09T11:44:00+00:00,2025-09-09T13:04:00+00:00,long,-651.84000,ifvg,1.0253,1.8608,20.2500,36.7500,2025-09-09T11:24:00+00:00,2.5000
2025-09-10T12:39:00+00:00,2025-09-10T13:34:00+00:00,long,-607.44000,ifvg,0.245,1.42,12.2500,71.0000,2025-09-10T12:19:00+00:00,2.2500
2025-09-10T18:39:00+00:00,2025-09-10T19:09:00+00:00,long,-609.66000,ifvg,0.2857,1.3083,9.5000,43.5000,2025-09-10T18:24:00+00:00,4.7500
2025-09-10T22:09:00+00:00,2025-09-11T13:44:00+00:00,long,311.28000,ifvg,1.4735,0.4029,125.2500,34.2500,2025-09-10T20:54:00+00:00,3.7500
2025-09-11T13:44:00+00:00,2025-09-11T13:49:00+00:00,short,-561.68000,ifvg,0.3734,1.038,14.7500,41.0000,2025-09-11T13:34:00+00:00,6.7500
2025-09-12T00:09:00+00:00,2025-09-12T05:34:00+00:00,short,-605.36000,ifvg,0.8333,1.1667,17.5000,24.5000,2025-09-11T23:19:00+00:00,3.0000
2025-09-15T03:34:00+00:00,2025-09-15T04:34:00+00:00,short,-644.96000,ifvg,0.0952,1.1667,1.0000,12.2500,2025-09-15T03:24:00+00:00,1.7500
2025-09-16T07:19:00+00:00,2025-09-16T13:34:00+00:00,long,-620.62000,ifvg,1.7312,2.0538,40.2500,47.7500,2025-09-16T06:34:00+00:00,3.5000
2025-09-17T13:44:00+00:00,2025-09-17T18:14:00+00:00,short,1443.060000,ifvg,3.1295,0.9585,151.0000,46.2500,2025-09-17T11:54:00+00:00,6.5000
2025-09-17T18:19:00+00:00,2025-09-17T19:09:00+00:00,short,-549.72000,ifvg,1.4451,1.4863,131.5000,135.2500,2025-09-17T18:04:00+00:00,8.0000
2025-09-18T12:39:00+00:00,2025-09-18T13:04:00+00:00,short,1506.120000,ifvg,2.7921,0.3465,70.5000,8.7500,2025-09-18T12:29:00+00:00,9.5000
2025-09-18T13:49:00+00:00,2025-09-18T14:24:00+00:00,short,-495.48000,ifvg,0.1217,1.0122,15.0000,124.7500,2025-09-18T07:54:00+00:00,10.0000
2025-09-19T09:59:00+00:00,2025-09-19T10:19:00+00:00,short,-616.08000,ifvg,0.3571,1.2,6.2500,21.0000,2025-09-19T09:29:00+00:00,4.2500
2025-09-19T18:54:00+00:00,2025-09-19T19:19:00+00:00,short,-591.14000,ifvg,0.0095,1.0,0.2500,26.2500,2025-09-19T18:39:00+00:00,7.0000
2025-09-22T09:24:00+00:00,2025-09-22T13:49:00+00:00,long,1422.090000,ifvg,2.7323,0.4016,86.7500,12.7500,2025-09-22T09:14:00+00:00,5.0000
2025-09-23T07:14:00+00:00,2025-09-23T08:09:00+00:00,short,-614.88000,ifvg,0.27,1.05,6.7500,26.2500,2025-09-23T05:29:00+00:00,5.7500
2025-09-24T00:29:00+00:00,2025-09-24T05:39:00+00:00,long,167.86000,ifvg,0.5429,0.9905,14.2500,26.0000,2025-09-24T00:14:00+00:00,5.5000
2025-09-24T05:39:00+00:00,2025-09-24T05:49:00+00:00,short,-442.20000,ifvg,0.0,1.1481,0,7.7500,2025-09-24T05:29:00+00:00,0.2500
2025-09-24T07:14:00+00:00,2025-09-24T07:49:00+00:00,short,-590.88000,ifvg,0.2604,1.3646,6.2500,32.7500,2025-09-24T06:49:00+00:00,4.2500
2025-09-24T13:39:00+00:00,2025-09-24T15:59:00+00:00,short,1471.300000,ifvg,2.6653,0.2627,157.2500,15.5000,2025-09-24T07:49:00+00:00,12.2500
2025-09-24T17:44:00+00:00,2025-09-24T20:09:00+00:00,short,-156.72000,ifvg,0.4853,0.3588,41.2500,30.5000,2025-09-24T17:34:00+00:00,4.0000
2025-09-25T07:34:00+00:00,2025-09-25T09:49:00+00:00,long,-577.92000,ifvg,0.7817,1.331,27.7500,47.2500,2025-09-25T07:09:00+00:00,4.0000
2025-09-25T13:39:00+00:00,2025-09-25T14:19:00+00:00,short,-500.48000,ifvg,0.4217,1.1004,52.5000,137.0000,2025-09-25T13:24:00+00:00,16.2500
2025-09-25T22:54:00+00:00,2025-09-26T01:29:00+00:00,short,1428.210000,ifvg,2.5636,0.8,35.2500,11.0000,2025-09-25T22:44:00+00:00,3.0000
2025-09-26T04:14:00+00:00,2025-09-26T06:24:00+00:00,long,1421.860000,ifvg,2.7692,0.875,72.0000,22.7500,2025-09-26T03:19:00+00:00,5.0000
2025-09-26T09:14:00+00:00,2025-09-26T09:24:00+00:00,long,-633.36000,ifvg,0.0568,1.0455,1.2500,23.0000,2025-09-26T09:04:00+00:00,1.2500
2025-09-26T11:24:00+00:00,2025-09-26T11:34:00+00:00,short,-619.36000,ifvg,0.2209,1.1395,4.7500,24.5000,2025-09-26T11:14:00+00:00,2.0000
2025-09-26T14:44:00+00:00,2025-09-26T14:54:00+00:00,long,-534.96000,ifvg,0.1321,1.1623,8.7500,77.0000,2025-09-26T14:29:00+00:00,9.5000
2025-09-29T10:39:00+00:00,2025-09-29T12:49:00+00:00,short,-624.80000,ifvg,2.2333,1.2167,33.5000,18.2500,2025-09-29T10:29:00+00:00,6.0000
2025-09-29T13:49:00+00:00,2025-09-29T15:14:00+00:00,long,-523.70000,ifvg,0.5459,1.0918,28.2500,56.5000,2025-09-29T13:09:00+00:00,3.5000
2025-09-29T23:59:00+00:00,2025-09-30T00:49:00+00:00,short,-615.96000,ifvg,1.8,1.375,18.0000,13.7500,2025-09-29T23:39:00+00:00,2.0000
2025-09-30T07:59:00+00:00,2025-09-30T08:04:00+00:00,long,-578.88000,ifvg,0.0106,1.0426,0.2500,24.5000,2025-09-30T07:49:00+00:00,0.2500
2025-10-01T13:54:00+00:00,2025-10-01T14:19:00+00:00,short,-482.96000,ifvg,0.4728,1.3682,28.2500,81.7500,2025-10-01T13:39:00+00:00,20.5000
2025-10-01T23:39:00+00:00,2025-10-01T23:59:00+00:00,short,-603.54000,ifvg,0.0364,1.0182,0.5000,14.0000,2025-10-01T23:24:00+00:00,5.0000
2025-10-02T04:29:00+00:00,2025-10-02T07:14:00+00:00,short,-594.62000,ifvg,0.3483,1.1236,7.7500,25.0000,2025-10-02T04:04:00+00:00,1.7500
2025-10-02T09:09:00+00:00,2025-10-02T09:19:00+00:00,short,-604.24000,ifvg,0.1136,1.1818,1.2500,13.0000,2025-10-02T08:59:00+00:00,0.2500
2025-10-02T15:59:00+00:00,2025-10-02T20:09:00+00:00,long,353.04000,ifvg,0.7708,0.6917,48.7500,43.7500,2025-10-02T14:54:00+00:00,2.0000
2025-10-02T22:49:00+00:00,2025-10-03T00:39:00+00:00,long,1337.140000,ifvg,2.6364,0.0779,50.7500,1.5000,2025-10-02T22:39:00+00:00,3.7500
2025-10-03T11:49:00+00:00,2025-10-03T11:54:00+00:00,long,-588.60000,ifvg,0.1974,1.1711,3.7500,22.2500,2025-10-03T11:34:00+00:00,0.7500
2025-10-06T04:09:00+00:00,2025-10-06T04:34:00+00:00,short,-588.60000,ifvg,0.0658,1.0658,1.2500,20.2500,2025-10-06T03:09:00+00:00,4.0000
2025-10-06T07:59:00+00:00,2025-10-06T10:54:00+00:00,long,1351.070000,ifvg,2.6645,0.0581,103.2500,2.2500,2025-10-06T07:44:00+00:00,4.2500
2025-10-06T17:29:00+00:00,2025-10-06T20:09:00+00:00,long,-234.72000,ifvg,0.4026,0.5911,31.5000,46.2500,2025-10-06T16:09:00+00:00,1.0000
2025-10-07T08:09:00+00:00,2025-10-07T08:44:00+00:00,short,-49.92000,ifvg,0.6767,0.1203,22.5000,4.0000,2025-10-07T07:59:00+00:00,2.7500
2025-10-07T08:44:00+00:00,2025-10-07T10:34:00+00:00,long,1368.670000,ifvg,2.5385,0.0308,41.2500,0.5000,2025-10-07T08:34:00+00:00,0.5000
2025-10-07T10:49:00+00:00,2025-10-07T11:54:00+00:00,short,-617.24000,ifvg,0.8889,2.0667,10.0000,23.2500,2025-10-07T10:39:00+00:00,2.5000
2025-10-07T16:54:00+00:00,2025-10-07T20:09:00+00:00,short,-63.74000,ifvg,0.2125,0.2231,40.0000,42.0000,2025-10-07T16:39:00+00:00,7.5000
2025-10-08T11:24:00+00:00,2025-10-08T13:29:00+00:00,short,-581.62000,ifvg,1.5172,1.1264,33.0000,24.5000,2025-10-08T10:39:00+00:00,1.2500
2025-10-09T02:44:00+00:00,2025-10-09T06:19:00+00:00,short,-565.44000,ifvg,0.3065,1.0,14.2500,46.5000,2025-10-09T02:34:00+00:00,1.2500
2025-10-09T11:49:00+00:00,2025-10-09T13:44:00+00:00,short,1413.900000,ifvg,3.6447,0.5132,69.2500,9.7500,2025-10-09T11:29:00+00:00,2.2500
2025-10-10T07:09:00+00:00,2025-10-10T09:49:00+00:00,long,-572.40000,ifvg,1.25,1.3661,35.0000,38.2500,2025-10-10T06:54:00+00:00,7.7500
2025-10-10T15:04:00+00:00,2025-10-10T15:34:00+00:00,short,1221.020000,ifvg,2.9305,0.593,358.2500,72.5000,2025-10-10T10:14:00+00:00,6.7500
2025-10-13T03:14:00+00:00,2025-10-13T03:44:00+00:00,long,-547.68000,ifvg,0.0584,1.1169,2.2500,43.0000,2025-10-13T03:04:00+00:00,7.0000
2025-10-13T06:39:00+00:00,2025-10-13T10:49:00+00:00,long,305.26000,ifvg,2.4372,0.3825,111.5000,17.5000,2025-10-13T06:19:00+00:00,6.5000
2025-10-13T10:54:00+00:00,2025-10-13T13:09:00+00:00,short,-586.44000,ifvg,2.2332,1.0052,107.7500,48.5000,2025-10-13T10:34:00+00:00,4.2500
2025-10-14T00:09:00+00:00,2025-10-14T00:24:00+00:00,long,1448.160000,ifvg,2.6575,0.4658,48.5000,8.5000,2025-10-13T23:44:00+00:00,1.2500
2025-10-14T13:09:00+00:00,2025-10-14T13:39:00+00:00,long,-583.48000,ifvg,0.0034,1.253,0.5000,182.0000,2025-10-14T12:39:00+00:00,20.2500
2025-10-15T07:29:00+00:00,2025-10-15T08:04:00+00:00,short,-574.64000,ifvg,0.5,1.3039,12.7500,33.2500,2025-10-15T07:19:00+00:00,3.7500
2025-10-15T08:09:00+00:00,2025-10-15T14:04:00+00:00,long,1473.570000,ifvg,2.8462,0.6213,120.2500,26.2500,2025-10-15T07:29:00+00:00,11.7500
2025-10-16T08:34:00+00:00,2025-10-16T09:54:00+00:00,short,-357.66000,ifvg,0.5606,0.6364,18.5000,21.0000,2025-10-16T08:04:00+00:00,4.5000
2025-10-16T09:54:00+00:00,2025-10-16T13:34:00+00:00,long,458.80000,ifvg,1.1,0.4043,63.2500,23.2500,2025-10-16T09:44:00+00:00,3.2500
2025-10-16T13:34:00+00:00,2025-10-16T14:44:00+00:00,short,-608.70000,ifvg,1.2573,1.4855,75.7500,89.5000,2025-10-16T12:39:00+00:00,4.2500
2025-10-17T05:59:00+00:00,2025-10-17T06:39:00+00:00,long,-565.92000,ifvg,0.8633,2.1439,30.0000,74.5000,2025-10-17T05:44:00+00:00,6.2500
2025-10-17T12:14:00+00:00,2025-10-17T20:09:00+00:00,long,504.26000,ifvg,1.0803,0.3032,299.2500,84.0000,2025-10-17T03:44:00+00:00,11.2500
2025-10-20T04:44:00+00:00,2025-10-20T05:24:00+00:00,short,-624.58000,ifvg,0.4085,1.0845,7.2500,19.2500,2025-10-20T04:24:00+00:00,1.0000
2025-10-20T05:24:00+00:00,2025-10-20T06:29:00+00:00,short,234.64000,ifvg,1.4146,0.561,29.0000,11.5000,2025-10-20T04:59:00+00:00,1.2500
2025-10-20T06:29:00+00:00,2025-10-20T08:44:00+00:00,long,-602.88000,ifvg,1.8367,1.0,45.0000,24.5000,2025-10-20T06:09:00+00:00,7.7500
2025-10-20T10:49:00+00:00,2025-10-20T12:49:00+00:00,short,-523.70000,ifvg,0.372,1.3092,19.2500,67.7500,2025-10-20T10:39:00+00:00,15.7500
2025-10-20T13:34:00+00:00,2025-10-20T13:39:00+00:00,short,-597.40000,ifvg,0.2564,1.3419,7.5000,39.2500,2025-10-20T13:04:00+00:00,3.5000
2025-10-20T23:24:00+00:00,2025-10-21T01:04:00+00:00,short,-594.80000,ifvg,1.3509,1.3684,19.2500,19.5000,2025-10-20T23:14:00+00:00,0.2500
2025-10-21T13:34:00+00:00,2025-10-21T13:44:00+00:00,long,-535.44000,ifvg,0.2955,1.0909,13.0000,48.0000,2025-10-21T13:14:00+00:00,6.0000
2025-10-22T07:09:00+00:00,2025-10-22T09:29:00+00:00,short,296.30000,ifvg,1.1649,0.3763,56.5000,18.2500,2025-10-22T04:09:00+00:00,14.7500
2025-10-22T09:29:00+00:00,2025-10-22T11:14:00+00:00,long,-558.14000,ifvg,1.9192,1.2323,47.5000,30.5000,2025-10-22T09:14:00+00:00,0.5000
2025-10-22T13:39:00+00:00,2025-10-22T13:44:00+00:00,short,-575.12000,ifvg,0.093,1.8372,2.0000,39.5000,2025-10-22T13:19:00+00:00,10.5000
2025-10-22T14:19:00+00:00,2025-10-22T14:44:00+00:00,short,1312.040000,ifvg,2.5209,0.0494,165.7500,3.2500,2025-10-22T13:49:00+00:00,9.7500
2025-10-23T00:24:00+00:00,2025-10-23T03:34:00+00:00,long,537.04000,ifvg,1.38,0.208,86.2500,13.0000,2025-10-23T00:04:00+00:00,14.2500
2025-10-23T03:34:00+00:00,2025-10-23T04:29:00+00:00,short,577.72000,ifvg,2.4528,0.3774,32.5000,5.0000,2025-10-23T03:14:00+00:00,2.0000
2025-10-23T04:29:00+00:00,2025-10-23T05:24:00+00:00,long,-596.10000,ifvg,0.0779,1.3506,1.5000,26.0000,2025-10-23T04:19:00+00:00,3.7500
2025-10-24T07:54:00+00:00,2025-10-24T08:49:00+00:00,short,-577.92000,ifvg,0.331,1.007,11.7500,35.7500,2025-10-24T07:39:00+00:00,8.2500
2025-10-24T09:54:00+00:00,2025-10-24T12:34:00+00:00,short,-588.28000,ifvg,2.7255,11.3333,34.7500,144.5000,2025-10-24T09:44:00+00:00,4.2500
2025-10-29T08:19:00+00:00,2025-10-29T08:59:00+00:00,short,1411.170000,ifvg,2.7015,0.2537,45.2500,4.2500,2025-10-29T08:09:00+00:00,1.0000
2025-10-29T11:04:00+00:00,2025-10-29T12:54:00+00:00,short,-49.44000,ifvg,0.3351,0.7696,16.0000,36.7500,2025-10-29T10:54:00+00:00,0.7500
2025-10-29T12:54:00+00:00,2025-10-29T13:54:00+00:00,long,1401.960000,ifvg,2.5741,0.6667,34.7500,9.0000,2025-10-29T12:44:00+00:00,0.5000
2025-10-29T18:44:00+00:00,2025-10-29T18:54:00+00:00,short,-557.22000,ifvg,0.0949,1.5528,8.7500,143.2500,2025-10-29T01:59:00+00:00,6.0000
2025-10-30T04:09:00+00:00,2025-10-30T04:14:00+00:00,short,1345.560000,ifvg,2.5667,0.0,115.5000,0,2025-10-30T03:09:00+00:00,7.2500
2025-10-30T07:19:00+00:00,2025-10-30T09:24:00+00:00,long,-607.44000,ifvg,0.265,1.155,13.2500,57.7500,2025-10-30T07:04:00+00:00,2.7500
2025-10-31T04:29:00+00:00,2025-10-31T07:09:00+00:00,short,1424.640000,ifvg,2.6098,0.2683,53.5000,5.5000,2025-10-31T04:14:00+00:00,3.5000
2025-10-31T08:14:00+00:00,2025-10-31T08:34:00+00:00,short,-596.88000,ifvg,0.1134,1.0,2.7500,24.2500,2025-10-31T07:49:00+00:00,3.2500
2025-11-03T05:34:00+00:00,2025-11-03T06:24:00+00:00,long,-582.40000,ifvg,0.3684,1.1404,10.5000,32.5000,2025-11-03T05:24:00+00:00,11.7500
2025-11-03T11:04:00+00:00,2025-11-03T12:14:00+00:00,short,-594.62000,ifvg,0.3034,1.1461,6.7500,25.5000,2025-11-03T10:49:00+00:00,0.2500
2025-11-03T14:44:00+00:00,2025-11-03T21:09:00+00:00,short,117.78000,ifvg,1.9453,0.2026,151.2500,15.7500,2025-11-03T14:09:00+00:00,15.2500
2025-11-04T14:24:00+00:00,2025-11-04T14:34:00+00:00,long,-592.44000,ifvg,0.3077,1.6103,15.0000,78.5000,2025-11-04T13:29:00+00:00,10.7500
2025-11-04T14:39:00+00:00,2025-11-04T14:44:00+00:00,short,-539.22000,ifvg,0.0924,1.0532,8.2500,94.0000,2025-11-04T14:19:00+00:00,11.7500
2025-11-05T08:14:00+00:00,2025-11-05T10:54:00+00:00,long,-544.96000,ifvg,0.437,1.2778,29.5000,86.2500,2025-11-05T07:14:00+00:00,8.7500
2025-11-05T14:59:00+00:00,2025-11-05T21:09:00+00:00,long,406.76000,ifvg,1.4879,0.6579,183.7500,81.2500,2025-11-04T20:54:00+00:00,11.5000
2025-11-06T03:59:00+00:00,2025-11-06T07:39:00+00:00,short,1353.110000,ifvg,2.5657,0.8788,63.5000,21.7500,2025-11-06T03:44:00+00:00,4.5000
2025-11-06T07:39:00+00:00,2025-11-06T09:09:00+00:00,short,-538.44000,ifvg,0.661,1.1695,29.2500,51.7500,2025-11-06T07:29:00+00:00,0.5000
2025-11-06T10:44:00+00:00,2025-11-06T12:09:00+00:00,short,-602.88000,ifvg,0.7857,1.0714,19.2500,26.2500,2025-11-06T10:34:00+00:00,5.7500
2025-11-06T18:14:00+00:00,2025-11-06T18:34:00+00:00,short,-555.72000,ifvg,0.1304,1.1114,12.0000,102.2500,2025-11-06T17:49:00+00:00,4.7500
2025-11-07T08:54:00+00:00,2025-11-07T09:34:00+00:00,long,-526.44000,ifvg,0.3815,1.1561,16.5000,50.0000,2025-11-07T08:34:00+00:00,4.7500
2025-11-07T13:54:00+00:00,2025-11-07T14:09:00+00:00,long,-553.70000,ifvg,0.0913,1.0183,5.0000,55.7500,2025-11-07T13:34:00+00:00,11.0000
2025-11-10T00:09:00+00:00,2025-11-10T01:14:00+00:00,short,-544.96000,ifvg,0.1778,1.0222,12.0000,69.0000,2025-11-09T23:59:00+00:00,8.0000
2025-11-10T08:29:00+00:00,2025-11-10T09:19:00+00:00,long,1371.120000,ifvg,3.3478,0.2174,77.0000,5.0000,2025-11-10T08:19:00+00:00,5.7500
2025-11-11T08:29:00+00:00,2025-11-11T13:14:00+00:00,short,168.80000,ifvg,1.1561,0.2585,59.2500,13.2500,2025-11-11T08:09:00+00:00,1.2500
2025-11-11T13:14:00+00:00,2025-11-11T13:29:00+00:00,long,-540.68000,ifvg,0.0,1.3816,0,52.5000,2025-11-11T12:44:00+00:00,17.7500
2025-11-11T15:04:00+00:00,2025-11-11T15:09:00+00:00,long,-573.66000,ifvg,0.272,1.696,8.5000,53.0000,2025-11-11T14:54:00+00:00,1.2500
2025-11-11T16:34:00+00:00,2025-11-11T17:59:00+00:00,short,-431.48000,ifvg,0.1748,1.035,18.7500,111.0000,2025-11-11T16:24:00+00:00,7.0000
2025-11-12T08:24:00+00:00,2025-11-12T11:34:00+00:00,long,-574.44000,ifvg,0.8783,1.2487,41.5000,59.0000,2025-11-12T08:04:00+00:00,2.0000
2025-11-13T00:04:00+00:00,2025-11-13T01:09:00+00:00,long,1320.840000,ifvg,4.678,0.4576,138.0000,13.5000,2025-11-12T23:54:00+00:00,1.7500
2025-11-14T05:29:00+00:00,2025-11-14T07:14:00+00:00,long,-459.72000,ifvg,0.773,1.0987,58.7500,83.5000,2025-11-14T05:04:00+00:00,6.2500
2025-11-14T07:24:00+00:00,2025-11-14T08:59:00+00:00,short,-62.24000,ifvg,0.3318,0.4244,53.7500,68.7500,2025-11-07T19:39:00+00:00,35.7500
2025-11-14T08:59:00+00:00,2025-11-14T09:49:00+00:00,long,-577.44000,ifvg,1.1579,1.1789,55.0000,56.0000,2025-11-14T08:49:00+00:00,9.7500
2025-11-14T10:14:00+00:00,2025-11-14T11:09:00+00:00,long,-471.72000,ifvg,0.1987,1.1635,15.5000,90.7500,2025-11-14T09:39:00+00:00,5.2500
2025-11-14T18:59:00+00:00,2025-11-14T20:44:00+00:00,long,-512.96000,ifvg,1.2323,1.0906,78.2500,69.2500,2025-11-14T18:44:00+00:00,22.5000
2025-11-17T14:04:00+00:00,2025-11-17T14:29:00+00:00,long,-556.44000,ifvg,0.071,1.5246,3.2500,69.7500,2025-11-17T13:49:00+00:00,3.2500
2025-11-17T14:39:00+00:00,2025-11-17T16:04:00+00:00,long,-516.48000,ifvg,0.642,1.1051,82.5000,142.0000,2025-11-17T13:39:00+00:00,6.7500
2025-11-17T16:34:00+00:00,2025-11-17T17:59:00+00:00,long,-528.72000,ifvg,1.1686,1.1629,102.2500,101.7500,2025-11-17T16:14:00+00:00,4.2500
2025-11-18T07:29:00+00:00,2025-11-18T08:34:00+00:00,long,1140.050000,ifvg,2.929,0.1202,134.0000,5.5000,2025-11-18T07:09:00+00:00,0.7500
2025-11-18T09:29:00+00:00,2025-11-18T12:59:00+00:00,short,1315.050000,ifvg,2.7062,0.8863,142.7500,46.7500,2025-11-18T09:19:00+00:00,11.5000
2025-11-18T13:09:00+00:00,2025-11-18T14:34:00+00:00,long,-502.96000,ifvg,1.2651,1.4257,78.7500,88.7500,2025-11-18T12:54:00+00:00,3.2500
2025-11-19T02:09:00+00:00,2025-11-19T03:24:00+00:00,long,-98.22000,ifvg,0.6535,0.4026,49.5000,30.5000,2025-11-19T01:59:00+00:00,11.7500
2025-11-19T03:24:00+00:00,2025-11-19T05:44:00+00:00,short,1215.050000,ifvg,2.7487,0.1436,134.0000,7.0000,2025-11-19T02:34:00+00:00,13.7500
2025-11-19T05:59:00+00:00,2025-11-19T08:44:00+00:00,long,631.04000,ifvg,1.9419,0.2324,117.0000,14.0000,2025-11-19T05:44:00+00:00,11.5000
2025-11-19T08:44:00+00:00,2025-11-19T09:19:00+00:00,short,-289.92000,ifvg,1.2826,0.6232,44.2500,21.5000,2025-11-19T08:34:00+00:00,5.7500
2025-11-19T14:44:00+00:00,2025-11-19T14:59:00+00:00,long,986.020000,ifvg,2.7914,0.2314,244.2500,20.2500,2025-11-19T14:14:00+00:00,14.2500
2025-11-19T17:49:00+00:00,2025-11-19T20:19:00+00:00,long,1152.780000,ifvg,2.5584,0.3799,197.0000,29.2500,2025-11-19T17:39:00+00:00,8.0000
2025-11-20T11:39:00+00:00,2025-11-20T11:54:00+00:00,long,155.34000,ifvg,0.325,0.995,16.2500,49.7500,2025-11-20T11:29:00+00:00,1.0000
2025-11-20T11:59:00+00:00,2025-11-20T12:44:00+00:00,short,-540.68000,ifvg,0.6908,1.1645,26.2500,44.2500,2025-11-20T11:44:00+00:00,12.0000
2025-11-21T08:14:00+00:00,2025-11-21T09:44:00+00:00,long,-536.22000,ifvg,0.5859,1.1606,52.0000,103.0000,2025-11-21T07:54:00+00:00,24.5000
2025-11-24T08:09:00+00:00,2025-11-24T08:19:00+00:00,short,-511.20000,ifvg,0.1584,1.4406,8.0000,72.7500,2025-11-24T07:49:00+00:00,29.0000
2025-11-24T20:09:00+00:00,2025-11-24T21:09:00+00:00,long,198.80000,ifvg,0.917,0.2795,52.5000,16.0000,2025-11-24T19:34:00+00:00,2.0000
2025-11-25T12:09:00+00:00,2025-11-25T14:34:00+00:00,long,-468.72000,ifvg,0.7323,1.3194,56.7500,102.2500,2025-11-25T08:54:00+00:00,10.5000
2025-11-26T00:04:00+00:00,2025-11-26T01:34:00+00:00,long,1304.080000,ifvg,2.5954,0.374,85.0000,12.2500,2025-11-25T23:54:00+00:00,2.7500
2025-11-27T01:14:00+00:00,2025-11-27T01:59:00+00:00,short,-587.84000,ifvg,0.7183,1.0282,12.7500,18.2500,2025-11-27T01:04:00+00:00,5.2500
2025-11-27T04:49:00+00:00,2025-11-27T07:54:00+00:00,short,81.38000,ifvg,1.3294,0.6353,28.2500,13.5000,2025-11-27T04:39:00+00:00,1.0000
2025-11-27T07:54:00+00:00,2025-11-27T08:14:00+00:00,long,-186.66000,ifvg,0.1885,0.8852,5.7500,27.0000,2025-11-27T06:09:00+00:00,0.5000
2025-11-27T08:14:00+00:00,2025-11-28T00:09:00+00:00,short,-553.92000,ifvg,0.7206,1.0147,24.5000,34.5000,2025-11-27T07:49:00+00:00,4.7500
2025-12-01T11:19:00+00:00,2025-12-01T12:14:00+00:00,long,-526.68000,ifvg,0.2162,1.4324,8.0000,53.0000,2025-12-01T11:09:00+00:00,1.7500
2025-12-01T14:39:00+00:00,2025-12-01T15:54:00+00:00,long,1162.040000,ifvg,2.6781,0.8755,156.0000,51.0000,2025-12-01T14:29:00+00:00,1.7500
2025-12-01T19:09:00+00:00,2025-12-01T19:29:00+00:00,short,1355.380000,ifvg,2.6429,0.2143,55.5000,4.5000,2025-12-01T18:59:00+00:00,2.7500
2025-12-01T23:29:00+00:00,2025-12-02T03:29:00+00:00,long,-526.44000,ifvg,0.6879,1.1329,29.7500,49.0000,2025-12-01T23:14:00+00:00,17.7500
2025-12-02T15:49:00+00:00,2025-12-02T16:24:00+00:00,long,-552.48000,ifvg,0.1436,1.3909,19.7500,191.2500,2025-12-02T15:34:00+00:00,24.7500
2025-12-03T00:29:00+00:00,2025-12-03T00:49:00+00:00,short,-549.92000,ifvg,0.1407,1.3852,4.7500,46.7500,2025-12-02T23:09:00+00:00,3.5000
2025-12-03T00:54:00+00:00,2025-12-03T13:24:00+00:00,long,453.32000,ifvg,1.4379,0.4706,55.0000,18.0000,2025-12-03T00:29:00+00:00,21.7500
2025-12-03T13:24:00+00:00,2025-12-03T14:04:00+00:00,short,1367.600000,ifvg,5.2091,0.5727,143.2500,15.7500,2025-12-03T12:44:00+00:00,3.2500
2025-12-03T14:09:00+00:00,2025-12-03T14:34:00+00:00,short,-522.72000,ifvg,0.2168,1.1301,18.7500,97.7500,2025-12-03T00:44:00+00:00,4.5000
2025-12-04T01:14:00+00:00,2025-12-04T02:14:00+00:00,long,-557.40000,ifvg,0.1835,1.2018,5.0000,32.7500,2025-12-04T00:59:00+00:00,8.5000
2025-12-04T05:24:00+00:00,2025-12-04T07:09:00+00:00,short,-557.40000,ifvg,0.4037,1.1193,11.0000,30.5000,2025-12-04T04:49:00+00:00,1.5000
2025-12-04T14:39:00+00:00,2025-12-04T21:09:00+00:00,short,-181.20000,ifvg,2.188,0.6239,128.0000,36.5000,2025-12-04T14:14:00+00:00,29.2500
2025-12-05T08:34:00+00:00,2025-12-05T12:24:00+00:00,short,1354.640000,ifvg,2.7692,0.2692,54.0000,5.2500,2025-12-05T08:24:00+00:00,3.0000
2025-12-08T06:14:00+00:00,2025-12-08T06:49:00+00:00,long,-198.12000,ifvg,0.2093,0.4884,4.5000,10.5000,2025-12-08T05:59:00+00:00,2.5000
2025-12-08T06:49:00+00:00,2025-12-08T07:24:00+00:00,short,-610.28000,ifvg,1.8491,1.2075,24.5000,16.0000,2025-12-08T06:19:00+00:00,3.7500
2025-12-08T07:24:00+00:00,2025-12-08T08:29:00+00:00,long,-596.64000,ifvg,0.3679,1.1415,9.7500,30.2500,2025-12-08T06:59:00+00:00,1.0000
2025-12-08T10:34:00+00:00,2025-12-08T11:34:00+00:00,long,-563.64000,ifvg,0.12,1.0,3.0000,25.0000,2025-12-08T09:49:00+00:00,3.2500
2025-12-08T13:39:00+00:00,2025-12-08T13:49:00+00:00,short,-154.44000,ifvg,0.1,0.3882,4.2500,16.5000,2025-12-08T12:49:00+00:00,4.7500
2025-12-08T13:49:00+00:00,2025-12-08T14:49:00+00:00,long,-540.68000,ifvg,1.4605,2.2039,55.5000,83.7500,2025-12-08T13:39:00+00:00,3.5000
2025-12-09T01:34:00+00:00,2025-12-09T05:59:00+00:00,short,1291.680000,ifvg,2.5345,0.6724,36.7500,9.7500,2025-12-09T01:19:00+00:00,3.5000
2025-12-10T00:14:00+00:00,2025-12-10T00:19:00+00:00,long,-613.98000,ifvg,0.0,1.5349,0,16.5000,2025-12-09T23:59:00+00:00,2.5000
2025-12-10T03:24:00+00:00,2025-12-10T04:14:00+00:00,short,-594.80000,ifvg,0.4912,1.1053,7.0000,15.7500,2025-12-10T03:09:00+00:00,1.2500
2025-12-10T10:29:00+00:00,2025-12-10T13:24:00+00:00,short,-502.96000,ifvg,0.2731,1.0964,17.0000,68.2500,2025-12-10T06:14:00+00:00,13.0000
2025-12-10T15:54:00+00:00,2025-12-10T19:04:00+00:00,long,1202.040000,ifvg,2.527,0.7303,152.2500,44.0000,2025-12-10T15:39:00+00:00,10.2500
2025-12-11T06:44:00+00:00,2025-12-11T07:09:00+00:00,long,-552.40000,ifvg,0.1759,1.2963,4.7500,35.0000,2025-12-11T06:29:00+00:00,5.7500
2025-12-11T14:39:00+00:00,2025-12-11T14:49:00+00:00,short,1398.060000,ifvg,2.0392,0.2063,195.2500,19.7500,2025-12-11T11:54:00+00:00,10.2500
2025-12-11T15:14:00+00:00,2025-12-11T15:54:00+00:00,long,-579.72000,ifvg,0.7604,1.0495,73.0000,100.7500,2025-12-11T14:59:00+00:00,20.5000
2025-12-11T16:59:00+00:00,2025-12-11T17:39:00+00:00,short,-562.48000,ifvg,0.0446,1.0161,6.2500,142.2500,2025-12-11T16:49:00+00:00,11.5000
2025-12-12T06:39:00+00:00,2025-12-12T09:09:00+00:00,short,1355.380000,ifvg,3.119,0.0714,65.5000,1.5000,2025-12-12T05:44:00+00:00,2.7500
2025-12-15T04:34:00+00:00,2025-12-15T07:14:00+00:00,long,150.64000,ifvg,1.4578,0.1687,30.2500,3.5000,2025-12-15T04:19:00+00:00,4.5000
2025-12-15T07:14:00+00:00,2025-12-15T08:44:00+00:00,short,-584.36000,ifvg,1.3704,1.642,27.7500,33.2500,2025-12-15T06:49:00+00:00,4.5000
2025-12-15T14:39:00+00:00,2025-12-15T15:14:00+00:00,short,1327.550000,ifvg,2.5258,0.7793,134.5000,41.5000,2025-12-15T13:54:00+00:00,12.0000
2025-12-15T16:39:00+00:00,2025-12-15T21:09:00+00:00,short,125.26000,ifvg,0.4311,0.2496,74.2500,43.0000,2025-12-15T16:29:00+00:00,1.5000
2025-12-16T03:54:00+00:00,2025-12-16T05:59:00+00:00,long,-601.44000,ifvg,0.1465,1.2475,7.2500,61.7500,2025-12-16T03:19:00+00:00,5.0000
2025-12-16T08:09:00+00:00,2025-12-16T12:14:00+00:00,long,1302.040000,ifvg,2.5019,0.046,163.2500,3.0000,2025-12-16T07:39:00+00:00,7.2500
2025-12-16T13:59:00+00:00,2025-12-16T14:54:00+00:00,short,-542.48000,ifvg,0.3389,1.0389,45.7500,140.2500,2025-12-16T11:44:00+00:00,10.2500
2025-12-17T13:04:00+00:00,2025-12-17T13:14:00+00:00,short,1485.200000,ifvg,3.5667,0.0333,53.5000,0.5000,2025-12-17T12:54:00+00:00,1.5000
2025-12-18T02:29:00+00:00,2025-12-18T07:04:00+00:00,short,-327.18000,ifvg,1.7256,0.8963,70.7500,36.7500,2025-12-18T02:19:00+00:00,1.2500
2025-12-18T07:04:00+00:00,2025-12-18T08:34:00+00:00,long,897.12000,ifvg,2.0198,0.1782,51.0000,4.5000,2025-12-18T06:54:00+00:00,0.2500
2025-12-18T08:34:00+00:00,2025-12-18T08:44:00+00:00,short,-634.32000,ifvg,0.3971,1.1324,6.7500,19.2500,2025-12-18T08:24:00+00:00,2.2500
2025-12-18T10:44:00+00:00,2025-12-18T12:04:00+00:00,short,-590.88000,ifvg,0.4792,1.1875,11.5000,28.5000,2025-12-18T10:34:00+00:00,5.0000
2025-12-18T14:44:00+00:00,2025-12-18T14:59:00+00:00,short,-501.72000,ifvg,0.4337,1.1355,36.0000,94.2500,2025-12-18T14:14:00+00:00,2.0000
2025-12-18T17:14:00+00:00,2025-12-18T17:44:00+00:00,short,-470.22000,ifvg,0.627,1.3891,48.7500,108.0000,2025-12-18T15:39:00+00:00,2.5000
2025-12-19T01:09:00+00:00,2025-12-19T01:44:00+00:00,short,7.52000,ifvg,0.5096,0.3376,20.0000,13.2500,2025-12-19T00:59:00+00:00,4.7500
2025-12-19T01:49:00+00:00,2025-12-19T03:29:00+00:00,long,1476.120000,ifvg,3.2525,0.0606,80.5000,1.5000,2025-12-19T01:34:00+00:00,0.2500
2025-12-19T10:19:00+00:00,2025-12-19T11:14:00+00:00,long,-581.20000,ifvg,0.0739,1.0913,4.2500,62.7500,2025-12-19T10:09:00+00:00,3.0000
2025-12-22T12:09:00+00:00,2025-12-22T13:24:00+00:00,long,1506.730000,ifvg,2.8113,0.8302,37.2500,11.0000,2025-12-22T11:59:00+00:00,0.7500
2025-12-22T13:44:00+00:00,2025-12-22T14:04:00+00:00,short,-614.12000,ifvg,0.087,1.087,2.0000,25.0000,2025-12-22T13:09:00+00:00,2.0000
2025-12-23T07:39:00+00:00,2025-12-23T08:24:00+00:00,short,-561.92000,ifvg,0.087,1.058,3.0000,36.5000,2025-12-23T07:29:00+00:00,1.5000
2025-12-23T13:09:00+00:00,2025-12-23T14:34:00+00:00,short,-613.92000,ifvg,1.6797,1.7124,64.2500,65.5000,2025-12-23T12:59:00+00:00,1.0000
2025-12-23T15:09:00+00:00,2025-12-23T16:54:00+00:00,short,-431.48000,ifvg,0.2517,1.1026,27.0000,118.2500,2025-12-23T14:39:00+00:00,53.0000
2025-12-24T13:14:00+00:00,2025-12-24T13:34:00+00:00,short,-607.58000,ifvg,0.0145,1.087,0.2500,18.7500,2025-12-24T12:24:00+00:00,6.7500
2025-12-24T15:29:00+00:00,2025-12-24T16:09:00+00:00,short,-611.10000,ifvg,0.3291,1.3797,6.5000,27.2500,2025-12-24T15:19:00+00:00,3.2500
2025-12-26T09:24:00+00:00,2025-12-26T09:59:00+00:00,short,-612.56000,ifvg,0.0645,1.129,1.0000,17.5000,2025-12-26T09:14:00+00:00,2.0000
2025-12-26T13:54:00+00:00,2025-12-26T14:19:00+00:00,short,-581.10000,ifvg,0.0933,1.0,1.7500,18.7500,2025-12-26T13:44:00+00:00,6.5000
2025-12-26T17:34:00+00:00,2025-12-26T21:09:00+00:00,long,-103.44000,ifvg,0.6707,0.4192,28.0000,17.5000,2025-12-26T17:09:00+00:00,1.7500
2025-12-29T03:39:00+00:00,2025-12-29T05:04:00+00:00,long,-563.36000,ifvg,0.8205,1.0256,16.0000,20.0000,2025-12-29T03:29:00+00:00,4.0000
2025-12-29T12:49:00+00:00,2025-12-29T13:49:00+00:00,short,1398.060000,ifvg,2.5725,0.542,84.2500,17.7500,2025-12-29T11:39:00+00:00,9.7500
2025-12-30T00:59:00+00:00,2025-12-30T03:34:00+00:00,short,-553.92000,ifvg,0.2206,1.1103,7.5000,37.7500,2025-12-30T00:49:00+00:00,1.2500
2025-12-30T05:54:00+00:00,2025-12-30T06:29:00+00:00,long,-577.40000,ifvg,0.0177,1.0796,0.5000,30.5000,2025-12-30T05:24:00+00:00,1.2500
2025-12-30T11:54:00+00:00,2025-12-30T13:34:00+00:00,long,-572.88000,ifvg,0.4731,1.0215,11.0000,23.7500,2025-12-30T11:14:00+00:00,2.5000
2025-12-30T13:44:00+00:00,2025-12-30T14:39:00+00:00,short,172.56000,ifvg,0.4324,0.5838,20.0000,27.0000,2025-12-30T08:04:00+00:00,1.5000
2025-12-30T14:39:00+00:00,2025-12-30T14:59:00+00:00,long,1417.600000,ifvg,2.9123,0.614,83.0000,17.5000,2025-12-30T14:29:00+00:00,6.2500
2025-12-30T15:19:00+00:00,2025-12-30T16:19:00+00:00,short,-578.96000,ifvg,0.2056,1.0105,14.7500,72.5000,2025-12-30T14:54:00+00:00,19.7500
2025-12-30T16:44:00+00:00,2025-12-30T21:09:00+00:00,short,906.08000,ifvg,2.1037,0.1481,71.0000,5.0000,2025-12-30T16:24:00+00:00,3.7500
2025-12-31T05:44:00+00:00,2025-12-31T07:34:00+00:00,short,310.42000,ifvg,2.0286,0.0571,35.5000,1.0000,2025-12-31T05:34:00+00:00,1.0000
2025-12-31T07:34:00+00:00,2025-12-31T08:14:00+00:00,long,-624.80000,ifvg,0.4,1.2333,6.0000,18.5000,2025-12-31T07:19:00+00:00,2.0000
2025-12-31T17:14:00+00:00,2025-12-31T18:44:00+00:00,short,-547.44000,ifvg,0.1944,1.0222,8.7500,46.0000,2025-12-31T17:04:00+00:00,3.2500
2026-01-02T11:24:00+00:00,2026-01-02T14:24:00+00:00,short,1436.630000,ifvg,2.6629,0.3483,59.2500,7.7500,2026-01-02T10:54:00+00:00,6.5000
2026-01-02T15:19:00+00:00,2026-01-02T21:09:00+00:00,short,350.76000,ifvg,1.7825,0.1588,311.5000,27.7500,2026-01-02T08:04:00+00:00,5.0000
2026-01-05T05:14:00+00:00,2026-01-05T05:34:00+00:00,short,-603.54000,ifvg,0.3273,1.0364,4.5000,14.2500,2026-01-05T04:54:00+00:00,3.2500
2026-01-05T06:34:00+00:00,2026-01-05T06:49:00+00:00,short,-611.84000,ifvg,0.1486,1.4054,2.7500,26.0000,2026-01-05T06:04:00+00:00,4.2500
2026-01-05T11:34:00+00:00,2026-01-05T11:39:00+00:00,short,-607.32000,ifvg,0.0,1.0,0,16.2500,2026-01-05T11:24:00+00:00,1.2500
2026-01-05T13:39:00+00:00,2026-01-05T14:29:00+00:00,long,1354.080000,ifvg,2.6618,0.4485,90.5000,15.2500,2026-01-05T13:29:00+00:00,10.0000
2026-01-07T05:49:00+00:00,2026-01-07T14:34:00+00:00,short,-605.92000,ifvg,1.4295,1.1409,53.2500,42.5000,2026-01-07T05:39:00+00:00,0.2500
2026-01-08T08:54:00+00:00,2026-01-08T13:24:00+00:00,short,-598.36000,ifvg,2.3494,1.0964,48.7500,22.7500,2026-01-08T08:39:00+00:00,1.5000
2026-01-08T15:14:00+00:00,2026-01-08T15:54:00+00:00,long,-538.70000,ifvg,0.6714,1.2207,35.7500,65.0000,2026-01-08T15:04:00+00:00,4.2500
2026-01-08T18:24:00+00:00,2026-01-08T21:09:00+00:00,long,255.78000,ifvg,0.6687,0.6656,53.5000,53.2500,2026-01-08T18:14:00+00:00,4.2500
2026-01-09T07:44:00+00:00,2026-01-09T09:34:00+00:00,long,1441.220000,ifvg,3.5283,0.6981,46.7500,9.2500,2026-01-09T07:34:00+00:00,2.0000
2026-01-09T12:54:00+00:00,2026-01-09T13:59:00+00:00,long,1476.860000,ifvg,2.5,0.5,67.5000,13.5000,2026-01-09T12:24:00+00:00,2.5000
2026-01-09T14:44:00+00:00,2026-01-09T15:09:00+00:00,long,-432.48000,ifvg,0.1651,1.2698,17.7500,136.5000,2026-01-09T14:24:00+00:00,17.0000
2026-01-09T15:34:00+00:00,2026-01-09T15:49:00+00:00,long,-186.24000,ifvg,0.0248,0.4684,5.5000,103.7500,2026-01-08T02:19:00+00:00,1.2500
2026-01-09T15:49:00+00:00,2026-01-09T16:04:00+00:00,short,-546.96000,ifvg,0.1292,1.2103,8.7500,82.0000,2026-01-09T15:34:00+00:00,16.7500
2026-01-09T18:44:00+00:00,2026-01-09T21:09:00+00:00,long,-15.48000,ifvg,0.4577,0.1517,46.0000,15.2500,2026-01-07T19:14:00+00:00,7.2500
2026-01-12T08:19:00+00:00,2026-01-12T08:34:00+00:00,short,1408.160000,ifvg,2.7183,0.0,48.2500,0,2026-01-12T08:09:00+00:00,1.0000
2026-01-12T14:39:00+00:00,2026-01-12T21:09:00+00:00,long,738.80000,ifvg,2.4489,0.8667,137.7500,48.7500,2026-01-12T02:09:00+00:00,8.0000
2026-01-13T07:19:00+00:00,2026-01-13T08:39:00+00:00,long,615.12000,ifvg,0.1454,0.3656,8.2500,20.7500,2026-01-13T07:04:00+00:00,1.0000
2026-01-13T09:49:00+00:00,2026-01-13T13:34:00+00:00,short,-585.92000,ifvg,1.1382,4.5528,35.0000,140.0000,2026-01-13T09:09:00+00:00,7.0000
2026-01-13T13:39:00+00:00,2026-01-13T15:04:00+00:00,long,-538.70000,ifvg,1.1315,1.6854,60.2500,89.7500,2026-01-13T09:44:00+00:00,4.2500
2026-01-14T01:39:00+00:00,2026-01-14T03:34:00+00:00,short,-612.56000,ifvg,1.9032,1.2581,29.5000,19.5000,2026-01-14T01:24:00+00:00,1.5000
2026-01-14T18:39:00+00:00,2026-01-14T20:09:00+00:00,short,-556.48000,ifvg,0.0126,1.1588,1.7500,160.5000,2026-01-14T18:09:00+00:00,6.5000
2026-01-14T20:19:00+00:00,2026-01-14T21:09:00+00:00,long,333.52000,ifvg,0.8778,0.0907,118.5000,12.2500,2026-01-14T16:44:00+00:00,6.2500
2026-01-15T01:09:00+00:00,2026-01-15T01:34:00+00:00,long,-548.96000,ifvg,0.0846,1.0331,5.7500,70.2500,2026-01-14T21:59:00+00:00,5.0000
2026-01-15T16:04:00+00:00,2026-01-15T17:34:00+00:00,long,-592.44000,ifvg,0.5026,1.0154,24.5000,49.5000,2026-01-15T15:54:00+00:00,6.2500
2026-01-16T07:49:00+00:00,2026-01-16T08:04:00+00:00,long,42.38000,ifvg,0.427,0.573,9.5000,12.7500,2026-01-16T07:39:00+00:00,6.2500
2026-01-16T08:04:00+00:00,2026-01-16T08:44:00+00:00,short,1458.440000,ifvg,2.7258,0.371,42.2500,5.7500,2026-01-16T07:54:00+00:00,6.7500
2026-01-16T08:59:00+00:00,2026-01-16T12:59:00+00:00,long,231.84000,ifvg,1.6767,0.3534,55.7500,11.7500,2026-01-16T08:29:00+00:00,2.7500
2026-01-16T12:59:00+00:00,2026-01-16T14:29:00+00:00,short,-593.18000,ifvg,0.6886,1.1317,28.7500,47.2500,2026-01-16T12:44:00+00:00,0.2500
2026-01-16T19:19:00+00:00,2026-01-16T19:39:00+00:00,short,-582.66000,ifvg,0.1811,1.063,5.7500,33.7500,2026-01-16T19:09:00+00:00,12.5000
2026-01-19T00:44:00+00:00,2026-01-19T01:59:00+00:00,long,-506.20000,ifvg,0.29,1.02,14.5000,51.0000,2026-01-19T00:24:00+00:00,1.5000
2026-01-19T05:29:00+00:00,2026-01-19T07:04:00+00:00,long,-533.68000,ifvg,0.1,1.2467,3.7500,46.7500,2026-01-19T03:29:00+00:00,10.5000
2026-01-19T07:54:00+00:00,2026-01-19T08:39:00+00:00,long,1431.120000,ifvg,2.6042,0.5208,62.5000,12.5000,2026-01-19T07:44:00+00:00,1.5000
2026-01-19T14:59:00+00:00,2026-01-19T16:29:00+00:00,long,235.56000,ifvg,1.401,0.6094,67.2500,29.2500,2026-01-19T14:39:00+00:00,14.2500
2026-01-19T16:29:00+00:00,2026-01-19T16:39:00+00:00,short,-572.40000,ifvg,0.0714,1.4107,2.0000,39.5000,2026-01-19T16:19:00+00:00,15.2500
2026-01-20T00:44:00+00:00,2026-01-20T00:59:00+00:00,long,-579.18000,ifvg,0.1104,1.1902,4.5000,48.5000,2026-01-20T00:14:00+00:00,2.2500
2026-01-20T02:39:00+00:00,2026-01-20T05:44:00+00:00,long,-249.72000,ifvg,0.1417,0.6337,13.2500,59.2500,2026-01-20T02:24:00+00:00,5.7500
2026-01-20T05:44:00+00:00,2026-01-20T06:34:00+00:00,short,1386.070000,ifvg,2.8302,0.3585,112.5000,14.2500,2026-01-20T05:34:00+00:00,11.5000
2026-01-20T12:24:00+00:00,2026-01-20T12:44:00+00:00,short,-540.68000,ifvg,0.2763,1.1447,10.5000,43.5000,2026-01-20T12:14:00+00:00,5.5000
2026-01-21T09:09:00+00:00,2026-01-21T09:49:00+00:00,long,-596.16000,ifvg,0.6,1.4692,19.5000,47.7500,2026-01-21T08:59:00+00:00,1.0000
2026-01-21T18:09:00+00:00,2026-01-21T19:34:00+00:00,short,-580.24000,ifvg,0.0207,1.0225,6.0000,296.0000,2026-01-21T17:59:00+00:00,14.2500
2026-01-21T23:09:00+00:00,2026-01-22T06:14:00+00:00,long,-592.96000,ifvg,0.5408,1.0374,39.7500,76.2500,2026-01-21T21:34:00+00:00,1.5000
2026-01-22T19:09:00+00:00,2026-01-22T19:59:00+00:00,long,-526.44000,ifvg,0.4046,1.474,17.5000,63.7500,2026-01-22T18:59:00+00:00,5.0000
2026-01-23T16:44:00+00:00,2026-01-23T21:09:00+00:00,long,-200.74000,ifvg,0.0616,0.5164,15.5000,130.0000,2026-01-23T16:34:00+00:00,3.7500
2026-01-26T06:39:00+00:00,2026-01-26T06:54:00+00:00,short,-573.58000,ifvg,0.7231,1.0923,11.7500,17.7500,2026-01-26T06:24:00+00:00,4.2500
2026-01-26T10:04:00+00:00,2026-01-26T12:09:00+00:00,long,1354.080000,ifvg,2.5368,0.3162,86.2500,10.7500,2026-01-26T09:54:00+00:00,11.7500
2026-01-26T13:54:00+00:00,2026-01-26T14:44:00+00:00,long,1359.820000,ifvg,3.0705,0.1218,119.7500,4.7500,2026-01-26T13:44:00+00:00,2.7500
2026-01-27T03:44:00+00:00,2026-01-27T07:54:00+00:00,long,253.04000,ifvg,0.8571,0.1165,57.0000,7.7500,2026-01-27T03:34:00+00:00,0.2500
2026-01-27T07:54:00+00:00,2026-01-27T10:09:00+00:00,short,451.88000,ifvg,1.5934,0.3736,36.2500,8.5000,2026-01-27T07:44:00+00:00,1.2500
2026-01-27T10:09:00+00:00,2026-01-27T11:39:00+00:00,long,1426.680000,ifvg,3.0,0.2969,48.0000,4.7500,2026-01-27T09:59:00+00:00,1.7500
2026-01-27T14:44:00+00:00,2026-01-27T14:54:00+00:00,short,-586.96000,ifvg,0.0069,1.0893,0.5000,79.2500,2026-01-27T02:44:00+00:00,7.2500
2026-01-27T14:59:00+00:00,2026-01-27T21:09:00+00:00,long,91.52000,ifvg,0.5283,0.2783,60.7500,32.0000,2026-01-27T12:09:00+00:00,9.7500
2026-01-28T04:09:00+00:00,2026-01-28T06:04:00+00:00,long,1480.710000,ifvg,5.7193,0.4737,81.5000,6.7500,2026-01-28T03:49:00+00:00,2.0000
2026-01-28T07:49:00+00:00,2026-01-28T14:19:00+00:00,long,-497.22000,ifvg,0.1429,1.0365,11.7500,85.2500,2026-01-28T07:34:00+00:00,2.7500
2026-01-28T14:29:00+00:00,2026-01-28T14:34:00+00:00,long,-626.10000,ifvg,1.716,1.1481,34.7500,23.2500,2026-01-28T14:19:00+00:00,2.2500
2026-01-28T20:04:00+00:00,2026-01-28T21:04:00+00:00,short,1465.560000,ifvg,3.8673,0.602,189.5000,29.5000,2026-01-28T19:54:00+00:00,14.7500
2026-01-28T23:19:00+00:00,2026-01-29T08:19:00+00:00,short,-438.72000,ifvg,1.3707,0.8707,119.2500,75.7500,2026-01-28T21:29:00+00:00,16.7500
2026-01-29T08:19:00+00:00,2026-01-29T08:29:00+00:00,long,-624.14000,ifvg,0.027,1.0,0.7500,27.7500,2026-01-29T08:09:00+00:00,1.0000
2026-01-29T19:39:00+00:00,2026-01-29T20:39:00+00:00,short,-577.44000,ifvg,0.3526,1.4947,16.7500,71.0000,2026-01-29T19:14:00+00:00,6.0000
2026-01-30T09:19:00+00:00,2026-01-30T11:04:00+00:00,short,-471.72000,ifvg,0.9583,1.0128,74.7500,79.0000,2026-01-30T08:54:00+00:00,11.2500
2026-01-30T15:44:00+00:00,2026-01-30T16:19:00+00:00,long,-594.72000,ifvg,0.4061,1.1777,40.0000,116.0000,2026-01-30T15:34:00+00:00,38.2500
2026-01-30T18:34:00+00:00,2026-01-30T21:09:00+00:00,long,173.28000,ifvg,1.8556,0.3517,176.7500,33.5000,2026-01-30T18:24:00+00:00,32.0000
2026-02-03T05:29:00+00:00,2026-02-03T13:29:00+00:00,long,175.04000,ifvg,0.8935,0.692,58.7500,45.5000,2026-02-03T05:09:00+00:00,3.0000
2026-02-03T13:29:00+00:00,2026-02-03T14:19:00+00:00,short,1488.900000,ifvg,2.6375,0.4125,52.7500,8.2500,2026-02-03T13:14:00+00:00,2.0000
2026-02-04T01:09:00+00:00,2026-02-04T09:24:00+00:00,long,-541.20000,ifvg,1.8411,1.028,98.5000,55.0000,2026-02-04T00:49:00+00:00,1.2500
2026-02-04T15:04:00+00:00,2026-02-04T21:09:00+00:00,short,245.76000,ifvg,1.5488,0.6656,364.7500,156.7500,2026-02-02T07:04:00+00:00,17.5000
2026-02-05T01:29:00+00:00,2026-02-05T02:14:00+00:00,short,1315.560000,ifvg,2.625,0.608,115.5000,26.7500,2026-02-05T01:14:00+00:00,22.0000
2026-02-05T15:04:00+00:00,2026-02-05T16:59:00+00:00,short,-598.48000,ifvg,1.0839,1.0185,161.5000,151.7500,2026-02-05T14:44:00+00:00,27.5000
2026-02-05T23:34:00+00:00,2026-02-05T23:54:00+00:00,long,-518.96000,ifvg,0.07,1.358,4.5000,87.2500,2026-02-05T23:24:00+00:00,9.7500
2026-02-06T06:44:00+00:00,2026-02-06T09:09:00+00:00,short,-576.20000,ifvg,1.1667,1.2237,66.5000,69.7500,2026-02-06T05:59:00+00:00,20.2500
2026-02-06T19:29:00+00:00,2026-02-06T21:09:00+00:00,long,102.52000,ifvg,1.0736,0.4828,116.7500,52.5000,2026-02-06T19:19:00+00:00,0.7500
2026-02-09T14:44:00+00:00,2026-02-09T21:09:00+00:00,long,420.26000,ifvg,1.613,0.3377,278.2500,58.2500,2026-02-09T13:34:00+00:00,1.5000
2026-02-09T23:19:00+00:00,2026-02-10T01:44:00+00:00,short,233.80000,ifvg,1.0558,0.3023,56.7500,16.2500,2026-02-09T23:09:00+00:00,9.2500
2026-02-10T01:44:00+00:00,2026-02-10T02:14:00+00:00,long,-626.36000,ifvg,0.8736,1.1034,19.0000,24.0000,2026-02-10T01:34:00+00:00,1.7500
2026-02-10T05:39:00+00:00,2026-02-10T06:39:00+00:00,long,-610.44000,ifvg,0.204,1.01,10.2500,50.7500,2026-02-10T05:29:00+00:00,2.5000
2026-02-10T12:44:00+00:00,2026-02-10T12:59:00+00:00,short,1510.200000,ifvg,2.541,0.0164,38.7500,0.2500,2026-02-10T12:34:00+00:00,0.7500
2026-02-10T14:59:00+00:00,2026-02-10T18:29:00+00:00,long,-563.22000,ifvg,0.5871,1.1153,54.7500,104.0000,2026-02-10T14:44:00+00:00,11.5000
2026-02-11T03:34:00+00:00,2026-02-11T05:44:00+00:00,long,-618.66000,ifvg,0.7556,1.0444,25.5000,35.2500,2026-02-11T03:09:00+00:00,3.0000
2026-02-11T07:19:00+00:00,2026-02-11T13:34:00+00:00,short,-570.96000,ifvg,1.7102,1.4205,121.0000,100.5000,2026-02-10T23:09:00+00:00,12.0000
2026-02-11T15:59:00+00:00,2026-02-11T16:34:00+00:00,long,-84.24000,ifvg,0.172,0.3874,30.7500,69.2500,2026-02-11T15:19:00+00:00,39.0000
2026-02-11T16:34:00+00:00,2026-02-11T17:14:00+00:00,short,-21.24000,ifvg,0.2447,0.2185,60.7500,54.2500,2026-02-11T16:19:00+00:00,1.7500
2026-02-11T17:14:00+00:00,2026-02-11T21:09:00+00:00,long,257.52000,ifvg,1.0649,0.1081,147.7500,15.0000,2026-02-11T17:04:00+00:00,9.7500
2026-02-12T04:39:00+00:00,2026-02-12T05:04:00+00:00,short,-610.28000,ifvg,0.3962,1.1509,5.2500,15.2500,2026-02-12T04:29:00+00:00,0.5000
2026-02-12T10:19:00+00:00,2026-02-12T11:24:00+00:00,short,-611.84000,ifvg,0.6757,1.1081,12.5000,20.5000,2026-02-12T10:09:00+00:00,2.0000
2026-02-12T13:39:00+00:00,2026-02-12T14:29:00+00:00,long,-597.92000,ifvg,0.9524,1.0544,35.0000,38.7500,2026-02-12T13:09:00+00:00,4.2500
2026-02-13T01:09:00+00:00,2026-02-13T03:59:00+00:00,long,-578.70000,ifvg,0.4236,1.0961,24.2500,62.7500,2026-02-13T00:49:00+00:00,8.7500
2026-02-13T09:09:00+00:00,2026-02-13T09:24:00+00:00,short,-560.96000,ifvg,0.2552,1.1241,9.2500,40.7500,2026-02-13T08:54:00+00:00,12.0000
2026-02-17T08:39:00+00:00,2026-02-17T13:29:00+00:00,short,359.04000,ifvg,2.0076,0.7121,132.5000,47.0000,2026-02-17T08:09:00+00:00,26.0000
2026-02-17T13:29:00+00:00,2026-02-17T14:34:00+00:00,long,1271.300000,ifvg,3.1078,0.5539,158.5000,28.2500,2026-02-17T13:14:00+00:00,10.7500
2026-02-17T14:59:00+00:00,2026-02-17T15:24:00+00:00,short,-118.24000,ifvg,0.0909,0.608,23.2500,155.5000,2026-02-17T13:29:00+00:00,33.7500
2026-02-17T15:24:00+00:00,2026-02-17T21:09:00+00:00,long,455.76000,ifvg,2.136,0.5873,345.5000,95.0000,2026-02-17T14:59:00+00:00,71.7500
2026-02-18T12:39:00+00:00,2026-02-18T14:59:00+00:00,short,-548.96000,ifvg,1.7978,1.239,122.2500,84.2500,2026-02-18T12:09:00+00:00,29.0000
2026-02-18T17:09:00+00:00,2026-02-18T21:09:00+00:00,long,-23.48000,ifvg,0.0604,0.7493,20.2500,251.0000,2026-02-18T16:59:00+00:00,6.0000
2026-02-19T00:39:00+00:00,2026-02-19T01:29:00+00:00,long,-149.22000,ifvg,1.563,0.3259,52.7500,11.0000,2026-02-19T00:29:00+00:00,12.0000
2026-02-19T01:34:00+00:00,2026-02-19T02:49:00+00:00,short,-587.84000,ifvg,1.7324,1.1127,30.7500,19.7500,2026-02-19T01:14:00+00:00,0.2500
2026-02-19T08:14:00+00:00,2026-02-19T08:49:00+00:00,long,-589.44000,ifvg,0.4485,1.0309,21.7500,50.0000,2026-02-19T08:04:00+00:00,0.5000
2026-02-19T14:34:00+00:00,2026-02-19T14:54:00+00:00,short,-559.44000,ifvg,1.5326,1.1793,70.5000,54.2500,2026-02-19T14:24:00+00:00,10.0000
2026-02-19T16:34:00+00:00,2026-02-19T17:49:00+00:00,short,1208.800000,ifvg,2.7732,0.0206,134.5000,1.0000,2026-02-19T16:24:00+00:00,23.5000
2026-02-19T19:44:00+00:00,2026-02-19T21:09:00+00:00,short,-349.48000,ifvg,0.1879,0.8488,21.7500,98.2500,2026-02-19T18:54:00+00:00,7.2500
2026-02-20T01:59:00+00:00,2026-02-20T11:04:00+00:00,long,-588.70000,ifvg,1.3348,1.1373,77.7500,66.2500,2026-02-20T01:49:00+00:00,6.5000
2026-02-20T14:39:00+00:00,2026-02-20T15:04:00+00:00,long,1194.030000,ifvg,2.9342,0.0596,234.0000,4.7500,2026-02-20T14:19:00+00:00,16.5000
2026-02-23T08:19:00+00:00,2026-02-23T14:49:00+00:00,long,-38.22000,ifvg,1.8779,0.5281,142.2500,40.0000,2026-02-23T08:09:00+00:00,1.2500
2026-02-23T14:49:00+00:00,2026-02-23T16:09:00+00:00,short,1314.030000,ifvg,2.5071,0.8376,220.0000,73.5000,2026-02-23T14:34:00+00:00,15.2500
2026-02-24T05:24:00+00:00,2026-02-24T05:49:00+00:00,short,1443.260000,ifvg,2.5778,0.4,29.0000,4.5000,2026-02-24T05:09:00+00:00,1.0000
2026-02-24T07:49:00+00:00,2026-02-24T09:19:00+00:00,short,100.56000,ifvg,1.7371,0.2057,76.0000,9.0000,2026-02-24T07:09:00+00:00,0.2500
2026-02-24T09:19:00+00:00,2026-02-24T14:34:00+00:00,long,-584.96000,ifvg,1.0207,1.6483,74.0000,119.5000,2026-02-24T08:09:00+00:00,17.0000
2026-02-24T14:49:00+00:00,2026-02-24T21:04:00+00:00,long,308.52000,ifvg,1.0019,0.9221,135.0000,124.2500,2026-02-24T14:34:00+00:00,0.2500
2026-02-25T05:54:00+00:00,2026-02-25T14:34:00+00:00,long,1508.800000,ifvg,3.2149,0.5289,194.5000,32.0000,2026-02-25T05:24:00+00:00,3.7500
2026-02-26T05:24:00+00:00,2026-02-26T07:14:00+00:00,long,1508.160000,ifvg,2.6579,0.4605,50.5000,8.7500,2026-02-26T05:09:00+00:00,5.5000
2026-02-26T09:59:00+00:00,2026-02-26T13:29:00+00:00,short,-634.32000,ifvg,1.9412,1.2353,33.0000,21.0000,2026-02-26T09:44:00+00:00,1.0000
2026-02-27T00:54:00+00:00,2026-02-27T05:49:00+00:00,long,1480.100000,ifvg,2.521,0.5042,75.0000,15.0000,2026-02-27T00:44:00+00:00,2.5000
2026-02-27T06:39:00+00:00,2026-02-27T08:04:00+00:00,long,1494.640000,ifvg,2.8605,0.2907,61.5000,6.2500,2026-02-27T06:24:00+00:00,2.2500
2026-02-27T09:29:00+00:00,2026-02-27T09:49:00+00:00,short,1582.650000,ifvg,2.5294,0.0118,53.7500,0.2500,2026-02-27T09:19:00+00:00,0.2500
2026-02-27T12:19:00+00:00,2026-02-27T12:44:00+00:00,long,-586.18000,ifvg,0.3758,1.2788,15.5000,52.7500,2026-02-27T11:49:00+00:00,1.5000
2026-03-02T16:44:00+00:00,2026-03-02T21:09:00+00:00,long,-65.74000,ifvg,0.2783,0.2137,87.2500,67.0000,2026-03-02T16:34:00+00:00,5.2500
2026-03-03T03:44:00+00:00,2026-03-03T04:09:00+00:00,long,-650.16000,ifvg,0.4648,1.0704,16.5000,38.0000,2026-03-03T03:29:00+00:00,0.7500
2026-03-03T10:49:00+00:00,2026-03-03T10:59:00+00:00,long,-621.18000,ifvg,0.4857,1.2914,21.2500,56.5000,2026-03-03T10:39:00+00:00,17.0000
2026-03-03T17:49:00+00:00,2026-03-03T21:09:00+00:00,long,88.26000,ifvg,0.4954,0.1974,161.2500,64.2500,2026-03-03T17:39:00+00:00,25.5000
2026-03-04T00:14:00+00:00,2026-03-04T00:39:00+00:00,long,-388.44000,ifvg,1.299,0.8088,66.2500,41.2500,2026-03-04T00:04:00+00:00,2.7500
2026-03-04T00:39:00+00:00,2026-03-04T01:04:00+00:00,short,-626.20000,ifvg,0.2661,1.0806,16.5000,67.0000,2026-03-04T00:24:00+00:00,26.0000
2026-03-04T06:39:00+00:00,2026-03-04T09:49:00+00:00,long,1477.040000,ifvg,2.5439,0.5473,188.2500,40.5000,2026-03-04T06:09:00+00:00,11.5000
2026-03-04T12:44:00+00:00,2026-03-04T13:09:00+00:00,long,1584.080000,ifvg,2.6352,0.6478,104.7500,25.7500,2026-03-04T12:34:00+00:00,5.5000
2026-03-04T14:39:00+00:00,2026-03-04T21:09:00+00:00,long,1020.52000,ifvg,2.0368,0.3629,332.5000,59.2500,2026-03-04T14:29:00+00:00,0.7500
2026-03-05T09:44:00+00:00,2026-03-05T14:39:00+00:00,short,-9.72000,ifvg,1.217,0.6226,129.0000,66.0000,2026-03-05T09:14:00+00:00,56.0000
2026-03-05T14:39:00+00:00,2026-03-05T15:24:00+00:00,long,-648.70000,ifvg,1.8171,1.0817,116.7500,69.5000,2026-03-05T14:04:00+00:00,11.0000
2026-03-05T15:44:00+00:00,2026-03-05T16:19:00+00:00,long,-579.72000,ifvg,0.5885,1.0365,56.5000,99.5000,2026-03-05T15:34:00+00:00,9.7500
2026-03-06T01:39:00+00:00,2026-03-06T02:59:00+00:00,long,63.80000,ifvg,0.9071,0.4115,51.2500,23.2500,2026-03-06T01:29:00+00:00,9.5000
2026-03-06T02:59:00+00:00,2026-03-06T03:59:00+00:00,short,-641.16000,ifvg,0.0429,1.2429,1.5000,43.5000,2026-03-06T02:19:00+00:00,12.2500
2026-03-06T05:54:00+00:00,2026-03-06T08:29:00+00:00,short,1547.140000,ifvg,3.8989,0.8539,86.7500,19.0000,2026-03-06T05:39:00+00:00,2.5000
2026-03-09T13:44:00+00:00,2026-03-09T14:09:00+00:00,short,-18.72000,ifvg,0.6596,0.9061,70.2500,96.5000,2026-03-09T13:34:00+00:00,2.2500
2026-03-09T14:09:00+00:00,2026-03-09T16:04:00+00:00,long,1138.520000,ifvg,2.5789,0.5789,294.0000,66.0000,2026-03-09T13:44:00+00:00,14.5000
2026-03-10T17:39:00+00:00,2026-03-10T17:54:00+00:00,short,-659.68000,ifvg,0.2473,1.1452,11.5000,53.2500,2026-03-10T17:24:00+00:00,7.5000
2026-03-11T06:39:00+00:00,2026-03-11T06:49:00+00:00,long,-659.84000,ifvg,0.075,1.1125,1.5000,22.2500,2026-03-11T06:29:00+00:00,3.5000
2026-03-12T06:04:00+00:00,2026-03-12T11:59:00+00:00,long,727.04000,ifvg,2.3985,0.2804,162.5000,19.0000,2026-03-12T05:54:00+00:00,9.7500
2026-03-12T11:59:00+00:00,2026-03-12T13:34:00+00:00,short,1578.570000,ifvg,2.5304,0.1326,114.5000,6.0000,2026-03-12T11:39:00+00:00,8.2500
2026-03-13T00:14:00+00:00,2026-03-13T06:34:00+00:00,long,-673.68000,ifvg,1.7632,1.0211,83.7500,48.5000,2026-03-13T00:04:00+00:00,5.7500
2026-03-16T19:14:00+00:00,2026-03-16T20:09:00+00:00,long,-290.96000,ifvg,0.2748,0.9329,21.5000,73.0000,2026-03-16T18:59:00+00:00,11.5000
2026-03-17T11:19:00+00:00,2026-03-17T11:24:00+00:00,short,-670.32000,ifvg,0.0,1.6528,0,29.7500,2026-03-17T11:09:00+00:00,0.5000
2026-03-17T11:59:00+00:00,2026-03-17T12:04:00+00:00,short,-623.16000,ifvg,0.0588,1.0441,2.0000,35.5000,2026-03-17T11:29:00+00:00,18.2500
2026-03-17T12:09:00+00:00,2026-03-17T13:19:00+00:00,long,1596.070000,ifvg,2.6667,0.1202,122.0000,5.5000,2026-03-17T11:59:00+00:00,15.2500
2026-03-18T18:24:00+00:00,2026-03-18T19:59:00+00:00,short,1532.040000,ifvg,2.6059,0.2899,200.0000,22.2500,2026-03-18T17:44:00+00:00,2.7500
2026-03-19T02:04:00+00:00,2026-03-19T02:09:00+00:00,short,-662.64000,ifvg,0.0,1.7712,0,52.2500,2026-03-19T01:44:00+00:00,6.5000
2026-03-19T09:34:00+00:00,2026-03-19T09:54:00+00:00,short,-555.72000,ifvg,0.1984,1.3125,18.2500,120.7500,2026-03-19T08:59:00+00:00,0.2500
2026-03-19T13:24:00+00:00,2026-03-19T13:34:00+00:00,long,-610.68000,ifvg,0.1977,2.5407,8.5000,109.2500,2026-03-19T13:09:00+00:00,1.5000
2026-03-19T17:24:00+00:00,2026-03-19T19:04:00+00:00,long,1639.820000,ifvg,3.2021,0.7181,150.5000,33.7500,2026-03-19T17:14:00+00:00,17.5000
2026-03-19T19:04:00+00:00,2026-03-19T20:09:00+00:00,long,107.04000,ifvg,1.3718,0.5192,107.0000,40.5000,2026-03-19T18:44:00+00:00,3.0000
2026-03-20T00:29:00+00:00,2026-03-20T01:39:00+00:00,short,-649.18000,ifvg,0.2842,1.2787,13.0000,58.5000,2026-03-20T00:19:00+00:00,5.7500
2026-03-20T01:59:00+00:00,2026-03-20T02:54:00+00:00,short,-689.36000,ifvg,0.2292,1.0312,5.5000,24.7500,2026-03-20T01:44:00+00:00,3.0000
2026-03-20T03:39:00+00:00,2026-03-20T05:04:00+00:00,long,-632.40000,ifvg,0.5403,1.2339,16.7500,38.2500,2026-03-20T03:09:00+00:00,3.5000
2026-03-20T13:39:00+00:00,2026-03-20T13:44:00+00:00,short,-583.44000,ifvg,0.1302,1.4427,6.2500,69.2500,2026-03-20T13:29:00+00:00,5.7500
2026-03-23T05:29:00+00:00,2026-03-23T06:59:00+00:00,short,1480.560000,ifvg,3.197,0.3434,158.2500,17.0000,2026-03-23T05:04:00+00:00,6.5000
2026-03-25T00:19:00+00:00,2026-03-25T00:34:00+00:00,long,-613.92000,ifvg,1.1523,1.0265,43.5000,38.7500,2026-03-25T00:09:00+00:00,1.0000
2026-03-25T07:29:00+00:00,2026-03-25T08:04:00+00:00,short,-594.96000,ifvg,0.0292,1.6292,1.7500,97.7500,2026-03-25T07:19:00+00:00,14.2500
2026-03-25T12:24:00+00:00,2026-03-25T13:09:00+00:00,short,-638.68000,ifvg,1.4444,1.05,65.0000,47.2500,2026-03-25T12:09:00+00:00,2.0000
2026-03-25T16:29:00+00:00,2026-03-25T20:09:00+00:00,long,-165.48000,ifvg,0.619,0.7676,81.2500,100.7500,2026-03-25T15:44:00+00:00,24.0000
2026-03-26T12:14:00+00:00,2026-03-26T12:34:00+00:00,long,-613.92000,ifvg,0.2781,1.1854,10.5000,44.7500,2026-03-26T12:04:00+00:00,4.5000
2026-03-26T13:49:00+00:00,2026-03-26T14:49:00+00:00,long,-562.96000,ifvg,1.0968,1.0323,76.5000,72.0000,2026-03-26T13:39:00+00:00,2.7500
2026-03-27T00:19:00+00:00,2026-03-27T02:39:00+00:00,short,-211.64000,ifvg,1.9558,0.8761,55.2500,24.7500,2026-03-27T00:09:00+00:00,2.2500
2026-03-27T02:39:00+00:00,2026-03-27T08:14:00+00:00,long,-351.20000,ifvg,1.688,0.812,105.5000,50.7500,2026-03-27T02:24:00+00:00,1.5000
2026-03-27T13:39:00+00:00,2026-03-27T13:59:00+00:00,short,1263.520000,ifvg,2.9625,0.727,217.0000,53.2500,2026-03-27T13:29:00+00:00,13.5000
2026-03-30T16:09:00+00:00,2026-03-30T19:14:00+00:00,short,1651.530000,ifvg,2.5828,0.2177,284.7500,24.0000,2026-03-30T15:39:00+00:00,10.0000
2026-03-31T03:04:00+00:00,2026-03-31T12:09:00+00:00,short,-652.44000,ifvg,2.2419,1.3488,120.5000,72.5000,2026-03-31T02:54:00+00:00,3.0000
2026-03-31T12:19:00+00:00,2026-03-31T13:34:00+00:00,short,-656.20000,ifvg,0.5846,1.2038,38.0000,78.2500,2026-03-31T12:09:00+00:00,7.7500
2026-04-01T12:54:00+00:00,2026-04-01T14:34:00+00:00,short,-620.48000,ifvg,0.1472,1.0243,22.7500,158.2500,2026-04-01T10:54:00+00:00,25.2500
2026-04-02T00:49:00+00:00,2026-04-02T01:04:00+00:00,long,-574.96000,ifvg,0.3509,1.5333,25.0000,109.2500,2026-04-01T19:59:00+00:00,9.2500
2026-04-02T01:09:00+00:00,2026-04-02T01:14:00+00:00,short,-643.70000,ifvg,0.2824,1.4588,18.0000,93.0000,2026-04-02T00:49:00+00:00,28.5000
2026-04-02T13:44:00+00:00,2026-04-02T13:49:00+00:00,short,-590.96000,ifvg,0.2082,1.116,15.2500,81.7500,2026-04-02T13:34:00+00:00,14.2500
2026-04-03T11:24:00+00:00,2026-04-03T12:34:00+00:00,long,1490.610000,ifvg,3.8257,0.4495,104.2500,12.2500,2026-04-03T11:09:00+00:00,5.5000
2026-04-06T07:09:00+00:00,2026-04-06T07:44:00+00:00,short,-588.70000,ifvg,0.2275,1.0644,13.2500,62.0000,2026-04-06T06:59:00+00:00,11.0000
2026-04-06T13:39:00+00:00,2026-04-06T14:04:00+00:00,long,1527.550000,ifvg,2.5755,0.498,157.7500,30.5000,2026-04-06T12:59:00+00:00,3.0000
2026-04-06T14:09:00+00:00,2026-04-06T17:29:00+00:00,short,57.78000,ifvg,1.0535,0.7,113.2500,75.2500,2026-04-06T13:54:00+00:00,8.2500
2026-04-06T17:29:00+00:00,2026-04-06T20:09:00+00:00,long,388.80000,ifvg,1.1285,0.9719,70.2500,60.5000,2026-04-06T17:19:00+00:00,3.2500
2026-04-06T22:29:00+00:00,2026-04-07T00:19:00+00:00,short,-461.16000,ifvg,1.1769,0.9932,43.2500,36.5000,2026-04-06T22:09:00+00:00,15.7500
2026-04-07T00:19:00+00:00,2026-04-07T00:39:00+00:00,long,-663.66000,ifvg,0.0207,1.5655,0.7500,56.7500,2026-04-07T00:04:00+00:00,12.5000
2026-04-07T06:39:00+00:00,2026-04-07T08:04:00+00:00,short,-589.68000,ifvg,0.6747,2.6325,28.0000,109.2500,2026-04-07T06:29:00+00:00,0.2500
2026-04-07T17:39:00+00:00,2026-04-07T20:09:00+00:00,long,264.76000,ifvg,0.5328,0.7095,138.0000,183.7500,2026-04-07T17:24:00+00:00,1.5000
2026-04-08T05:44:00+00:00,2026-04-08T05:54:00+00:00,short,-646.62000,ifvg,0.0515,1.567,1.2500,38.0000,2026-04-08T05:34:00+00:00,0.5000
2026-04-08T12:24:00+00:00,2026-04-08T12:49:00+00:00,short,-582.68000,ifvg,0.1037,1.1402,4.2500,46.7500,2026-04-08T12:09:00+00:00,12.5000
2026-04-08T13:54:00+00:00,2026-04-08T14:34:00+00:00,long,-556.44000,ifvg,0.5137,1.1585,23.5000,53.0000,2026-04-08T13:44:00+00:00,1.5000
2026-04-08T18:24:00+00:00,2026-04-08T20:09:00+00:00,short,35.04000,ifvg,1.8397,0.5076,120.5000,33.2500,2026-04-08T18:09:00+00:00,18.7500
2026-04-09T03:04:00+00:00,2026-04-09T05:24:00+00:00,short,265.68000,ifvg,2.0143,0.4429,35.2500,7.7500,2026-04-09T02:54:00+00:00,2.5000
2026-04-09T05:24:00+00:00,2026-04-09T07:19:00+00:00,long,-641.10000,ifvg,1.7952,1.1687,37.2500,24.2500,2026-04-09T05:14:00+00:00,0.2500
2026-04-09T11:44:00+00:00,2026-04-09T14:19:00+00:00,long,-605.92000,ifvg,2.3154,1.3221,86.2500,49.2500,2026-04-09T10:59:00+00:00,2.7500
2026-04-10T03:34:00+00:00,2026-04-10T06:54:00+00:00,short,1551.120000,ifvg,2.6154,0.6538,68.0000,17.0000,2026-04-10T03:09:00+00:00,1.7500
2026-04-10T07:49:00+00:00,2026-04-10T10:29:00+00:00,short,-617.68000,ifvg,0.6667,1.1552,29.0000,50.2500,2026-04-10T07:34:00+00:00,2.5000
2026-04-10T15:34:00+00:00,2026-04-10T15:59:00+00:00,short,1512.090000,ifvg,2.6444,0.1407,89.2500,4.7500,2026-04-10T15:19:00+00:00,4.2500
2026-04-10T16:19:00+00:00,2026-04-10T16:39:00+00:00,long,-632.16000,ifvg,0.1232,1.2464,4.2500,43.0000,2026-04-10T16:04:00+00:00,6.2500
2026-04-12T23:59:00+00:00,2026-04-13T01:14:00+00:00,long,1484.080000,ifvg,2.6577,0.9195,99.0000,34.2500,2026-04-12T23:39:00+00:00,2.2500
2026-04-14T03:09:00+00:00,2026-04-14T05:24:00+00:00,short,-672.52000,ifvg,0.5893,1.1071,8.2500,15.5000,2026-04-14T02:49:00+00:00,3.5000
2026-04-14T05:39:00+00:00,2026-04-14T06:44:00+00:00,short,-641.58000,ifvg,0.4932,1.0822,9.0000,19.7500,2026-04-14T04:24:00+00:00,2.0000
2026-04-14T06:44:00+00:00,2026-04-14T07:49:00+00:00,long,880.88000,ifvg,2.4674,0.4783,56.7500,11.0000,2026-04-14T05:39:00+00:00,4.5000
2026-04-14T07:49:00+00:00,2026-04-14T08:29:00+00:00,short,-648.60000,ifvg,0.6905,1.1429,14.5000,24.0000,2026-04-14T07:39:00+00:00,1.7500
2026-04-14T12:29:00+00:00,2026-04-14T13:39:00+00:00,short,-625.92000,ifvg,1.1039,1.3766,42.5000,53.0000,2026-04-14T12:04:00+00:00,0.7500
2026-04-15T07:24:00+00:00,2026-04-15T13:59:00+00:00,short,-483.72000,ifvg,0.6188,1.1125,49.5000,89.0000,2026-04-15T06:34:00+00:00,0.5000
2026-04-16T03:09:00+00:00,2026-04-16T05:04:00+00:00,long,-621.92000,ifvg,0.0261,1.0196,1.0000,39.0000,2026-04-16T02:54:00+00:00,0.2500
2026-04-16T05:24:00+00:00,2026-04-16T06:14:00+00:00,long,1559.920000,ifvg,2.6216,0.1757,48.5000,3.2500,2026-04-16T05:09:00+00:00,4.2500
2026-04-16T10:59:00+00:00,2026-04-16T13:34:00+00:00,long,-591.66000,ifvg,1.4574,1.1938,47.0000,38.5000,2026-04-16T10:49:00+00:00,5.7500
2026-04-16T13:34:00+00:00,2026-04-16T13:54:00+00:00,long,-584.96000,ifvg,0.2,1.5793,14.5000,114.5000,2026-04-16T10:34:00+00:00,4.0000
2026-04-17T00:24:00+00:00,2026-04-17T05:04:00+00:00,long,-593.92000,ifvg,0.3767,1.2055,13.7500,44.0000,2026-04-17T00:09:00+00:00,1.5000
2026-04-21T06:14:00+00:00,2026-04-21T07:19:00+00:00,long,-565.18000,ifvg,0.0818,1.1321,3.2500,45.0000,2026-04-21T05:39:00+00:00,1.2500
2026-04-21T09:09:00+00:00,2026-04-21T09:59:00+00:00,short,-591.66000,ifvg,0.0155,1.1318,0.5000,36.5000,2026-04-21T08:49:00+00:00,18.2500
2026-04-21T14:04:00+00:00,2026-04-21T14:59:00+00:00,long,-500.22000,ifvg,0.7039,1.1722,58.2500,97.0000,2026-04-21T13:39:00+00:00,39.0000
2026-04-23T13:44:00+00:00,2026-04-23T14:04:00+00:00,long,-281.22000,ifvg,0.4613,0.9547,43.2500,89.5000,2026-04-23T12:54:00+00:00,12.5000
2026-04-23T14:04:00+00:00,2026-04-23T14:59:00+00:00,short,-534.72000,ifvg,0.4068,1.0537,36.0000,93.2500,2026-04-23T13:44:00+00:00,15.7500
2026-04-24T08:04:00+00:00,2026-04-24T11:04:00+00:00,long,1508.570000,ifvg,3.2659,0.526,141.2500,22.7500,2026-04-24T07:39:00+00:00,6.7500
2026-04-26T22:09:00+00:00,2026-04-26T22:44:00+00:00,short,-633.36000,ifvg,0.625,1.3864,13.7500,30.5000,2026-04-24T20:59:00+00:00,0.2500
2026-04-28T00:24:00+00:00,2026-04-28T01:54:00+00:00,short,1471.680000,ifvg,3.1364,0.1212,51.7500,2.0000,2026-04-28T00:14:00+00:00,0.2500
2026-04-28T01:54:00+00:00,2026-04-28T04:19:00+00:00,short,330.82000,ifvg,1.431,0.069,62.2500,3.0000,2026-04-28T01:44:00+00:00,4.5000
2026-04-28T04:19:00+00:00,2026-04-28T05:14:00+00:00,long,-617.92000,ifvg,0.4013,1.3289,15.2500,50.5000,2026-04-28T03:54:00+00:00,7.5000
2026-04-29T13:24:00+00:00,2026-04-29T14:29:00+00:00,short,-603.70000,ifvg,1.4435,1.113,86.2500,66.5000,2026-04-29T13:09:00+00:00,6.2500
2026-04-29T15:14:00+00:00,2026-04-29T15:24:00+00:00,short,-589.68000,ifvg,0.253,1.0964,10.5000,45.5000,2026-04-29T14:39:00+00:00,7.0000
2026-04-29T18:09:00+00:00,2026-04-29T18:39:00+00:00,short,-468.72000,ifvg,0.2484,1.1581,19.2500,89.7500,2026-04-29T17:54:00+00:00,6.2500
2026-04-29T19:04:00+00:00,2026-04-29T20:09:00+00:00,long,7.52000,ifvg,1.0341,0.4088,129.0000,51.0000,2026-04-29T15:59:00+00:00,29.7500
2026-04-30T17:09:00+00:00,2026-04-30T20:09:00+00:00,long,305.26000,ifvg,0.9055,0.0248,191.7500,5.2500,2026-04-30T16:59:00+00:00,4.7500
2026-05-01T05:24:00+00:00,2026-05-01T11:04:00+00:00,short,826.56000,ifvg,1.9541,0.1224,95.7500,6.0000,2026-05-01T05:14:00+00:00,0.5000
2026-05-01T11:04:00+00:00,2026-05-01T12:14:00+00:00,long,752.60000,ifvg,2.0513,0.8718,60.0000,25.5000,2026-05-01T10:39:00+00:00,0.2500
2026-05-01T12:14:00+00:00,2026-05-01T13:34:00+00:00,short,-514.96000,ifvg,0.549,2.3137,35.0000,147.5000,2026-05-01T12:04:00+00:00,0.5000
2026-05-04T00:14:00+00:00,2026-05-04T05:34:00+00:00,long,497.28000,ifvg,1.2543,0.5514,109.7500,48.2500,2026-05-03T23:19:00+00:00,10.7500
2026-05-04T05:34:00+00:00,2026-05-04T06:29:00+00:00,short,1516.680000,ifvg,2.7353,0.8088,46.5000,13.7500,2026-05-04T05:24:00+00:00,2.7500
2026-05-04T08:09:00+00:00,2026-05-04T10:09:00+00:00,short,1578.060000,ifvg,4.2275,0.7156,223.0000,37.7500,2026-05-04T07:14:00+00:00,10.5000
2026-05-04T10:09:00+00:00,2026-05-04T10:34:00+00:00,short,-489.48000,ifvg,0.3203,1.2567,39.0000,153.0000,2026-05-04T00:34:00+00:00,1.2500
2026-05-04T15:04:00+00:00,2026-05-04T15:19:00+00:00,short,1480.100000,ifvg,4.0588,0.3866,120.7500,11.5000,2026-05-04T14:49:00+00:00,9.7500
2026-05-05T00:09:00+00:00,2026-05-05T00:24:00+00:00,long,-625.92000,ifvg,0.1299,1.0909,5.0000,42.0000,2026-05-04T22:49:00+00:00,2.5000
2026-05-05T06:39:00+00:00,2026-05-05T07:44:00+00:00,long,1550.380000,ifvg,2.6042,0.3021,62.5000,7.2500,2026-05-05T06:24:00+00:00,3.0000
2026-05-05T08:09:00+00:00,2026-05-05T08:49:00+00:00,long,1574.080000,ifvg,2.5106,0.0785,207.7500,6.5000,2026-05-05T07:54:00+00:00,8.5000
2026-05-06T07:19:00+00:00,2026-05-06T08:04:00+00:00,short,-641.16000,ifvg,0.2857,1.1,10.0000,38.5000,2026-05-06T07:09:00+00:00,4.0000
2026-05-07T02:19:00+00:00,2026-05-07T03:49:00+00:00,short,-623.16000,ifvg,0.2574,1.0074,8.7500,34.2500,2026-05-07T01:49:00+00:00,1.2500
2026-05-08T02:54:00+00:00,2026-05-08T12:34:00+00:00,long,1442.040000,ifvg,2.5882,0.1696,187.0000,12.2500,2026-05-08T01:59:00+00:00,0.5000
2026-05-08T13:39:00+00:00,2026-05-08T13:54:00+00:00,long,1561.070000,ifvg,2.676,0.5363,119.7500,24.0000,2026-05-08T13:14:00+00:00,2.7500
2026-05-11T05:49:00+00:00,2026-05-11T09:49:00+00:00,short,-691.20000,ifvg,2.0079,1.254,63.2500,39.5000,2026-05-11T04:34:00+00:00,2.5000
2026-05-11T17:29:00+00:00,2026-05-11T18:59:00+00:00,long,-607.44000,ifvg,0.79,1.02,39.5000,51.0000,2026-05-11T17:19:00+00:00,6.2500
2026-05-11T23:29:00+00:00,2026-05-12T01:29:00+00:00,long,-523.48000,ifvg,0.0173,1.0461,2.2500,136.2500,2026-05-11T23:19:00+00:00,1.7500
2026-05-12T01:54:00+00:00,2026-05-12T03:09:00+00:00,long,445.04000,ifvg,1.1133,0.2492,86.0000,19.2500,2026-05-12T01:44:00+00:00,30.2500
2026-05-12T03:09:00+00:00,2026-05-12T05:54:00+00:00,short,498.80000,ifvg,1.0798,0.1975,64.2500,11.7500,2026-05-12T02:59:00+00:00,8.2500
2026-05-12T05:54:00+00:00,2026-05-12T06:09:00+00:00,long,-671.10000,ifvg,0.6092,1.1149,13.2500,24.2500,2026-05-12T05:39:00+00:00,0.7500
2026-05-12T12:19:00+00:00,2026-05-12T13:44:00+00:00,long,1622.320000,ifvg,2.957,0.7581,137.5000,35.2500,2026-05-12T12:09:00+00:00,23.5000
2026-05-12T14:19:00+00:00,2026-05-12T14:29:00+00:00,long,-594.72000,ifvg,0.0888,1.4061,8.7500,138.5000,2026-05-12T14:04:00+00:00,21.5000
2026-05-13T00:24:00+00:00,2026-05-13T04:34:00+00:00,long,1608.800000,ifvg,2.5271,0.6279,163.0000,40.5000,2026-05-12T23:44:00+00:00,10.7500
2026-05-13T15:49:00+00:00,2026-05-13T20:09:00+00:00,long,307.26000,ifvg,0.7278,0.1886,213.2500,55.2500,2026-05-13T12:24:00+00:00,10.5000
2026-05-14T09:54:00+00:00,2026-05-14T10:29:00+00:00,long,120.82000,ifvg,1.1892,0.1784,55.0000,8.2500,2026-05-14T09:44:00+00:00,8.5000
2026-05-14T11:29:00+00:00,2026-05-14T13:39:00+00:00,short,-591.20000,ifvg,1.2863,1.3034,75.2500,76.2500,2026-05-14T10:59:00+00:00,4.0000
2026-05-14T14:04:00+00:00,2026-05-14T14:44:00+00:00,short,-531.72000,ifvg,0.6506,1.0455,57.2500,92.0000,2026-05-14T13:49:00+00:00,25.5000
2026-05-14T23:54:00+00:00,2026-05-15T01:29:00+00:00,short,1658.340000,ifvg,3.1014,0.8311,114.7500,30.7500,2026-05-14T22:39:00+00:00,1.7500
2026-05-15T08:49:00+00:00,2026-05-15T09:54:00+00:00,long,-621.72000,ifvg,0.0874,1.0024,9.0000,103.2500,2026-05-15T08:34:00+00:00,48.2500
2026-05-15T13:44:00+00:00,2026-05-15T14:19:00+00:00,short,-610.48000,ifvg,0.5082,1.2911,77.2500,196.2500,2026-05-15T13:24:00+00:00,13.7500
2026-05-15T18:24:00+00:00,2026-05-15T18:34:00+00:00,short,1613.340000,ifvg,2.9236,0.2986,105.2500,10.7500,2026-05-15T18:09:00+00:00,7.0000
2026-05-18T04:29:00+00:00,2026-05-18T04:44:00+00:00,short,-701.68000,ifvg,0.1616,1.0303,8.0000,51.0000,2026-05-18T04:14:00+00:00,9.7500
2026-05-18T05:24:00+00:00,2026-05-18T06:49:00+00:00,short,-136.74000,ifvg,0.9884,0.6409,64.0000,41.5000,2026-05-18T05:09:00+00:00,17.0000
2026-05-18T06:54:00+00:00,2026-05-18T12:39:00+00:00,long,1507.040000,ifvg,2.606,0.5199,196.7500,39.2500,2026-05-18T06:04:00+00:00,13.2500
2026-05-18T13:59:00+00:00,2026-05-18T14:34:00+00:00,long,-631.48000,ifvg,0.3498,1.4706,55.0000,231.2500,2026-05-18T13:49:00+00:00,34.0000
2026-05-18T19:09:00+00:00,2026-05-18T20:09:00+00:00,long,450.52000,ifvg,1.2112,0.7143,146.2500,86.2500,2026-05-18T18:19:00+00:00,14.0000
2026-05-19T04:09:00+00:00,2026-05-19T05:34:00+00:00,short,128.28000,ifvg,0.6101,0.2798,66.5000,30.5000,2026-05-19T03:14:00+00:00,11.5000
2026-05-19T05:34:00+00:00,2026-05-19T07:49:00+00:00,long,1727.550000,ifvg,2.8231,0.3574,195.5000,24.7500,2026-05-19T05:24:00+00:00,2.2500
2026-05-19T13:39:00+00:00,2026-05-19T13:44:00+00:00,long,-617.22000,ifvg,0.0587,1.3154,6.0000,134.5000,2026-05-19T13:14:00+00:00,25.5000
2026-05-19T14:14:00+00:00,2026-05-19T16:34:00+00:00,short,-435.24000,ifvg,0.3387,1.0081,73.5000,218.7500,2026-05-19T13:39:00+00:00,84.2500
2026-05-20T00:34:00+00:00,2026-05-20T01:39:00+00:00,long,-613.70000,ifvg,0.9588,1.1235,58.2500,68.2500,2026-05-20T00:19:00+00:00,14.2500
2026-05-20T05:09:00+00:00,2026-05-20T05:34:00+00:00,long,1684.080000,ifvg,2.5094,0.483,166.2500,32.0000,2026-05-20T04:44:00+00:00,1.2500
2026-05-20T13:39:00+00:00,2026-05-20T14:34:00+00:00,long,1790.050000,ifvg,2.7387,0.8084,196.5000,58.0000,2026-05-20T13:04:00+00:00,8.5000
2026-05-20T18:49:00+00:00,2026-05-20T19:19:00+00:00,short,-749.16000,ifvg,0.3659,1.1341,15.0000,46.5000,2026-05-20T18:39:00+00:00,1.5000
2026-05-21T07:29:00+00:00,2026-05-21T08:14:00+00:00,long,1615.560000,ifvg,3.2361,0.088,174.7500,4.7500,2026-05-21T07:19:00+00:00,17.2500
2026-05-22T06:59:00+00:00,2026-05-22T07:24:00+00:00,short,159.38000,ifvg,0.7898,0.3864,34.7500,17.0000,2026-05-22T06:39:00+00:00,7.7500
2026-05-22T07:29:00+00:00,2026-05-22T07:34:00+00:00,long,-761.64000,ifvg,0.0809,1.1103,2.7500,37.7500,2026-05-22T07:09:00+00:00,2.2500
2026-05-22T08:39:00+00:00,2026-05-22T10:29:00+00:00,short,1780.560000,ifvg,2.6513,0.1891,157.7500,11.2500,2026-05-22T08:24:00+00:00,20.2500
2026-05-22T13:39:00+00:00,2026-05-22T14:09:00+00:00,long,-696.48000,ifvg,0.1398,1.013,24.2500,175.7500,2026-05-22T08:39:00+00:00,5.2500
2026-05-22T17:24:00+00:00,2026-05-22T17:29:00+00:00,short,-697.92000,ifvg,0.157,1.2209,6.7500,52.5000,2026-05-22T17:09:00+00:00,17.2500
2026-05-25T02:54:00+00:00,2026-05-25T14:14:00+00:00,long,141.30000,ifvg,0.8755,0.7665,56.2500,49.2500,2026-05-25T02:24:00+00:00,2.7500
2026-05-25T14:14:00+00:00,2026-05-25T14:44:00+00:00,short,1836.270000,ifvg,3.1455,0.3091,43.2500,4.2500,2026-05-25T13:59:00+00:00,1.5000
2026-05-26T10:49:00+00:00,2026-05-26T12:34:00+00:00,short,-722.40000,ifvg,1.5775,1.007,56.0000,35.7500,2026-05-26T10:34:00+00:00,14.5000
2026-05-26T13:49:00+00:00,2026-05-26T15:54:00+00:00,long,-741.20000,ifvg,1.9728,1.0,145.0000,73.5000,2026-05-26T13:39:00+00:00,23.7500
2026-05-27T15:44:00+00:00,2026-05-27T20:09:00+00:00,short,-342.24000,ifvg,0.0256,0.5998,7.7500,181.7500,2026-05-27T15:34:00+00:00,20.2500
2026-05-28T18:59:00+00:00,2026-05-28T20:09:00+00:00,long,969.78000,ifvg,1.0203,0.527,37.7500,19.5000,2026-05-28T18:39:00+00:00,4.7500
2026-05-29T06:34:00+00:00,2026-05-29T06:54:00+00:00,short,-771.54000,ifvg,0.0,1.4789,0,26.2500,2026-05-29T06:24:00+00:00,0.2500
2026-05-29T11:34:00+00:00,2026-05-29T11:44:00+00:00,short,-728.64000,ifvg,0.1538,1.1538,5.0000,37.5000,2026-05-29T11:09:00+00:00,9.5000
2026-06-01T11:44:00+00:00,2026-06-01T12:09:00+00:00,long,-767.16000,ifvg,0.1548,1.2143,6.5000,51.0000,2026-06-01T11:09:00+00:00,9.2500
2026-06-01T13:44:00+00:00,2026-06-01T20:09:00+00:00,long,549.52000,ifvg,1.9753,0.8587,279.5000,121.5000,2026-06-01T13:19:00+00:00,45.5000
2026-06-02T13:29:00+00:00,2026-06-02T13:34:00+00:00,long,-758.16000,ifvg,0.253,2.1747,10.5000,90.2500,2026-06-02T13:14:00+00:00,11.5000
2026-06-02T13:39:00+00:00,2026-06-02T13:49:00+00:00,short,-718.44000,ifvg,0.6835,1.4599,40.5000,86.5000,2026-06-02T13:29:00+00:00,17.0000
2026-06-02T13:54:00+00:00,2026-06-02T20:09:00+00:00,long,1094.28000,ifvg,1.7838,0.2096,204.2500,24.0000,2026-06-02T13:39:00+00:00,46.0000
2026-06-02T23:44:00+00:00,2026-06-03T04:54:00+00:00,long,268.80000,ifvg,0.7116,0.4494,47.5000,30.0000,2026-06-02T23:29:00+00:00,14.2500
2026-06-03T04:54:00+00:00,2026-06-03T06:09:00+00:00,short,476.16000,ifvg,1.5,0.5532,35.2500,13.0000,2026-06-03T04:09:00+00:00,6.5000
2026-06-03T06:09:00+00:00,2026-06-03T07:29:00+00:00,long,218.34000,ifvg,1.1463,0.6037,47.0000,24.7500,2026-06-03T05:34:00+00:00,5.5000
2026-06-03T07:29:00+00:00,2026-06-03T08:14:00+00:00,short,-738.36000,ifvg,0.7961,1.7087,20.5000,44.0000,2026-06-03T07:19:00+00:00,1.7500
2026-06-03T13:49:00+00:00,2026-06-03T14:14:00+00:00,short,-649.48000,ifvg,0.17,1.0155,27.5000,164.2500,2026-06-02T23:49:00+00:00,22.7500
2026-06-03T23:04:00+00:00,2026-06-03T23:39:00+00:00,long,-727.44000,ifvg,0.0,1.0125,0,60.7500,2026-06-03T22:54:00+00:00,6.2500
2026-06-04T13:34:00+00:00,2026-06-04T13:44:00+00:00,short,1804.080000,ifvg,2.7182,0.4696,123.0000,21.2500,2026-06-04T13:24:00+00:00,1.2500
2026-06-04T14:19:00+00:00,2026-06-04T16:24:00+00:00,long,1682.040000,ifvg,2.635,0.1484,222.0000,12.5000,2026-06-04T14:09:00+00:00,23.2500
2026-06-05T12:24:00+00:00,2026-06-05T12:29:00+00:00,long,-735.66000,ifvg,0.0186,1.087,0.7500,43.7500,2026-06-05T12:09:00+00:00,9.2500
2026-06-05T12:49:00+00:00,2026-06-05T12:59:00+00:00,long,-769.44000,ifvg,0.0118,1.1417,0.7500,72.5000,2026-06-05T12:39:00+00:00,9.0000
2026-06-08T14:14:00+00:00,2026-06-08T15:04:00+00:00,long,1584.030000,ifvg,2.5059,0.6336,265.0000,67.0000,2026-06-08T14:04:00+00:00,2.2500
2026-06-09T07:09:00+00:00,2026-06-09T07:19:00+00:00,long,-717.66000,ifvg,0.1656,1.172,6.5000,46.0000,2026-06-09T06:59:00+00:00,0.7500
2026-06-09T13:39:00+00:00,2026-06-09T13:44:00+00:00,short,-730.44000,ifvg,0.4523,1.3817,27.2500,83.2500,2026-06-09T13:04:00+00:00,20.0000
2026-06-09T13:49:00+00:00,2026-06-09T13:59:00+00:00,long,-546.48000,ifvg,0.0349,1.3254,4.7500,180.2500,2026-06-05T15:19:00+00:00,4.7500
2026-06-09T19:24:00+00:00,2026-06-09T20:04:00+00:00,short,-543.24000,ifvg,0.1494,1.1264,40.5000,305.2500,2026-06-09T18:24:00+00:00,20.2500
2026-06-10T00:39:00+00:00,2026-06-10T05:34:00+00:00,short,669.78000,ifvg,1.4744,0.7585,172.5000,88.7500,2026-06-10T00:04:00+00:00,10.7500
2026-06-10T05:34:00+00:00,2026-06-10T08:19:00+00:00,long,-761.92000,ifvg,2.1223,1.016,99.7500,47.7500,2026-06-10T05:24:00+00:00,12.5000
2026-06-10T09:34:00+00:00,2026-06-10T10:24:00+00:00,long,-748.70000,ifvg,0.6835,1.0774,50.7500,80.0000,2026-06-10T09:19:00+00:00,17.5000
2026-06-11T17:34:00+00:00,2026-06-11T20:09:00+00:00,long,568.76000,ifvg,1.2018,0.4898,338.0000,137.7500,2026-06-11T16:59:00+00:00,41.0000
