entry_ts,exit_ts,side,pnl_usd,engine_type,r_mfe,r_mae,mfe_pts,mae_pts,displacement_ts,fvg_zone_pts,date_et,year,r_label,or_width,or_atr_ratio,atr14,or_q,or_atr_q
2021-06-18 15:14:00+00:00,2021-06-18 20:09:00+00:00,short,-17.74,orb,0.1858,0.7848,19.0,80.25,,,2021-06-18,2021,1.0,87.0,0.4726976365118174,184.05,Q3,A4_bloated
2021-06-21 14:39:00+00:00,2021-06-21 20:09:00+00:00,long,101.76,orb,0.503,0.0183,62.0,2.25,,,2021-06-21,2021,1.0,113.25,0.6145150350440878,184.29166666666666,Q4_wide,A4_bloated
2021-06-22 15:09:00+00:00,2021-06-22 19:24:00+00:00,long,317.52,orb,1.0596,0.0063,84.5,0.5,,,2021-06-22,2021,1.0,64.5,0.3547436652916912,181.82142857142858,Q2,A3
2021-06-23 13:59:00+00:00,2021-06-23 15:04:00+00:00,long,-312.72,orb,0.1942,1.0388,10.0,53.5,,,2021-06-23,2021,1.0,41.75,0.24617652478348995,169.59375,Q1_narrow,A2
2021-06-24 14:09:00+00:00,2021-06-24 17:24:00+00:00,long,-348.96,orb,0.8081,1.0523,34.75,45.25,,,2021-06-24,2021,1.0,38.0,0.23561832586978987,161.27777777777777,Q1_narrow,A1_tight
2021-06-25 13:54:00+00:00,2021-06-25 13:59:00+00:00,short,355.56,orb,1.0333,0.0667,31.0,2.0,,,2021-06-25,2021,1.0,29.0,0.18969746524938674,152.875,Q1_narrow,A1_tight
2021-06-28 14:09:00+00:00,2021-06-28 20:09:00+00:00,long,138.52,orb,0.6941,0.1579,52.75,12.0,,,2021-06-28,2021,1.0,44.0,0.2962056303549572,148.54545454545453,Q1_narrow,A2
2021-06-29 14:49:00+00:00,2021-06-29 20:09:00+00:00,long,329.28,orb,1.0271,0.6018,56.75,33.25,,,2021-06-29,2021,1.0,59.0,0.4079515989628349,144.625,Q2,A4_bloated
2021-06-30 15:09:00+00:00,2021-06-30 16:29:00+00:00,long,-376.96,orb,0.0108,1.0806,0.5,50.25,,,2021-06-30,2021,1.0,39.25,0.28442028985507245,138.0,Q1_narrow,A2
2021-07-01 15:09:00+00:00,2021-07-01 20:09:00+00:00,short,-171.72,orb,0.7032,0.7991,38.5,43.75,,,2021-07-01,2021,1.0,47.5,0.3512942419440042,135.21428571428572,Q1_narrow,A3
2021-07-02 13:49:00+00:00,2021-07-02 19:39:00+00:00,long,361.04,orb,1.1154,0.8681,50.75,39.5,,,2021-07-02,2021,1.0,41.25,0.3145853193517636,131.125,Q1_narrow,A3
2021-07-05 13:49:00+00:00,2021-07-05 22:04:00+00:00,short,-384.8,orb,0.6667,1.0,6.0,9.0,,,2021-07-05,2021,1.0,5.75,0.046592388945159886,123.41071428571429,Q1_narrow,A1_tight
2021-07-06 14:09:00+00:00,2021-07-06 14:34:00+00:00,long,-291.72,orb,0.0781,1.2708,3.75,61.0,,,2021-07-06,2021,1.0,32.5,0.2796558082360172,116.21428571428571,Q1_narrow,A2
2021-07-07 14:04:00+00:00,2021-07-07 20:09:00+00:00,short,12.52,orb,0.9294,0.5429,75.75,44.25,,,2021-07-07,2021,1.0,60.25,0.5500489077274209,109.53571428571429,Q2,A4_bloated
2021-07-08 13:49:00+00:00,2021-07-08 14:04:00+00:00,short,-198.24,orb,0.0203,1.0508,2.0,103.5,,,2021-07-08,2021,1.0,69.75,0.6003688902551491,116.17857142857143,Q2,A4_bloated
2021-07-09 14:24:00+00:00,2021-07-09 15:04:00+00:00,long,356.28,orb,1.0293,0.41,61.5,24.5,,,2021-07-09,2021,1.0,54.25,0.47320872274143305,114.64285714285714,Q2,A4_bloated
2021-07-12 13:54:00+00:00,2021-07-12 20:09:00+00:00,short,-226.48,orb,0.3231,0.9192,21.0,59.75,,,2021-07-12,2021,1.0,64.5,0.5924225028702641,108.875,Q2,A4_bloated
2021-07-13 13:49:00+00:00,2021-07-13 14:34:00+00:00,long,342.78,orb,1.1435,0.1826,65.75,10.5,,,2021-07-13,2021,1.0,39.25,0.3431158289103965,114.39285714285714,Q1_narrow,A3
2021-07-14 14:04:00+00:00,2021-07-14 15:29:00+00:00,long,-338.22,orb,0.0359,1.5336,2.0,85.5,,,2021-07-14,2021,1.0,54.75,0.4671644065214079,117.19642857142857,Q2,A4_bloated
2021-07-15 14:44:00+00:00,2021-07-15 20:09:00+00:00,short,38.76,orb,0.6703,0.3793,77.75,44.0,,,2021-07-15,2021,1.0,91.25,0.729583095374072,125.07142857142857,Q3,A4_bloated
2021-07-16 13:49:00+00:00,2021-07-16 14:14:00+00:00,short,353.04,orb,1.1742,0.0955,52.25,4.25,,,2021-07-16,2021,1.0,40.75,0.30684415759042627,132.80357142857142,Q1_narrow,A2
2021-07-19 13:59:00+00:00,2021-07-19 15:34:00+00:00,short,-350.48,orb,0.4397,1.0489,38.25,91.25,,,2021-07-19,2021,1.0,81.0,0.6008742879851636,134.80357142857142,Q3,A4_bloated
2021-07-20 14:24:00+00:00,2021-07-20 15:54:00+00:00,long,364.52,orb,1.0,0.2978,91.5,27.25,,,2021-07-20,2021,1.0,77.25,0.5163523513965147,149.60714285714286,Q3,A4_bloated
2021-07-21 13:59:00+00:00,2021-07-21 19:54:00+00:00,long,253.52,orb,1.051,0.4824,67.0,30.75,,,2021-07-21,2021,1.0,55.25,0.3620830895260386,152.58928571428572,Q2,A3
2021-07-22 14:29:00+00:00,2021-07-22 20:09:00+00:00,long,138.52,orb,0.7137,0.8359,46.75,54.75,,,2021-07-22,2021,1.0,38.25,0.25229681978798585,151.60714285714286,Q1_narrow,A2
2021-07-23 14:19:00+00:00,2021-07-23 15:34:00+00:00,long,250.52,orb,1.1627,0.2183,73.25,13.75,,,2021-07-23,2021,1.0,35.0,0.21376376922237975,163.73214285714286,Q1_narrow,A1_tight
2021-07-26 13:54:00+00:00,2021-07-26 20:09:00+00:00,long,189.78,orb,0.7395,0.2233,39.75,12.0,,,2021-07-26,2021,1.0,50.25,0.31671356218345526,158.66071428571428,Q1_narrow,A3
2021-07-27 13:59:00+00:00,2021-07-27 14:14:00+00:00,short,255.52,orb,1.2023,0.2568,77.25,16.5,,,2021-07-27,2021,1.0,46.25,0.27069397993311034,170.85714285714286,Q1_narrow,A2
2021-07-28 14:19:00+00:00,2021-07-28 20:09:00+00:00,long,-147.24,orb,0.1346,0.8686,20.5,132.25,,,2021-07-28,2021,1.0,120.75,0.7192086790044672,167.89285714285714,Q4_wide,A4_bloated
2021-07-29 14:54:00+00:00,2021-07-29 20:04:00+00:00,long,-369.48,orb,0.1063,1.0163,9.75,93.25,,,2021-07-29,2021,1.0,81.5,0.49994522948844344,163.01785714285714,Q3,A4_bloated
2021-07-30 13:49:00+00:00,2021-07-30 20:09:00+00:00,long,248.28,orb,0.8648,0.2787,52.75,17.0,,,2021-07-30,2021,1.0,51.0,0.31053604436229204,164.23214285714286,Q1_narrow,A2
2021-08-02 15:24:00+00:00,2021-08-02 19:39:00+00:00,long,-379.48,orb,0.0663,1.0371,6.25,97.75,,,2021-08-02,2021,1.0,104.25,0.6465832318086167,161.23214285714286,Q4_wide,A4_bloated
2021-08-03 13:54:00+00:00,2021-08-03 14:09:00+00:00,short,258.52,orb,1.0769,0.0115,70.0,0.75,,,2021-08-03,2021,1.0,44.5,0.26804345487791764,166.01785714285714,Q1_narrow,A2
2021-08-04 14:14:00+00:00,2021-08-04 16:14:00+00:00,short,-381.2,orb,0.86,1.0667,32.25,40.0,,,2021-08-04,2021,1.0,33.25,0.20709598487376266,160.55357142857142,Q1_narrow,A1_tight
2021-08-05 13:49:00+00:00,2021-08-05 15:04:00+00:00,long,355.04,orb,1.0726,0.3352,48.0,15.0,,,2021-08-05,2021,1.0,41.75,0.2739629716428404,152.39285714285714,Q1_narrow,A2
2021-08-06 14:14:00+00:00,2021-08-06 15:09:00+00:00,short,367.04,orb,1.1405,0.4108,52.75,19.0,,,2021-08-06,2021,1.0,43.0,0.285748190340572,150.48214285714286,Q1_narrow,A2
2021-08-09 18:34:00+00:00,2021-08-09 20:09:00+00:00,long,-53.48,orb,0.0134,0.4147,1.0,31.0,,,2021-08-09,2021,1.0,69.75,0.5092568448500652,136.96428571428572,Q2,A4_bloated
2021-08-10 14:29:00+00:00,2021-08-10 14:44:00+00:00,short,342.78,orb,1.5565,0.013,89.5,0.75,,,2021-08-10,2021,1.0,37.0,0.26707914410930655,138.53571428571428,Q1_narrow,A2
2021-08-11 13:49:00+00:00,2021-08-11 15:04:00+00:00,short,351.78,orb,1.3686,0.3729,80.75,22.0,,,2021-08-11,2021,1.0,69.0,0.4831207801950487,142.82142857142858,Q2,A4_bloated
2021-08-12 14:19:00+00:00,2021-08-12 15:44:00+00:00,long,333.78,orb,1.0536,0.0804,59.0,4.5,,,2021-08-12,2021,1.0,53.0,0.3774640722370597,140.41071428571428,Q2,A3
2021-08-13 13:49:00+00:00,2021-08-13 14:19:00+00:00,long,379.56,orb,1.1641,0.5625,37.25,18.0,,,2021-08-13,2021,1.0,27.25,0.1960935492161398,138.96428571428572,Q1_narrow,A1_tight
2021-08-16 13:49:00+00:00,2021-08-16 13:54:00+00:00,short,363.8,orb,1.3129,0.034,48.25,1.25,,,2021-08-16,2021,1.0,31.25,0.23722380371424698,131.73214285714286,Q1_narrow,A1_tight
2021-08-17 14:19:00+00:00,2021-08-17 14:44:00+00:00,short,-277.48,orb,0.12,1.2145,8.25,83.5,,,2021-08-17,2021,1.0,68.0,0.5195797516714422,130.875,Q2,A4_bloated
2021-08-18 13:54:00+00:00,2021-08-18 15:39:00+00:00,long,-330.72,orb,0.3211,1.1376,17.5,62.0,,,2021-08-18,2021,1.0,36.0,0.2609370955216153,137.96428571428572,Q1_narrow,A2
2021-08-19 14:09:00+00:00,2021-08-19 15:19:00+00:00,long,330.52,orb,1.0723,0.2831,89.0,23.5,,,2021-08-19,2021,1.0,62.5,0.425998052580331,146.71428571428572,Q2,A4_bloated
2021-08-20 13:49:00+00:00,2021-08-20 14:04:00+00:00,long,300.78,orb,1.0644,0.0198,53.75,1.0,,,2021-08-20,2021,1.0,56.0,0.37769480910514275,148.26785714285714,Q2,A3
2021-08-23 13:49:00+00:00,2021-08-23 14:49:00+00:00,long,288.52,orb,1.0241,0.1,74.25,7.25,,,2021-08-23,2021,1.0,52.25,0.35329630524028016,147.89285714285714,Q1_narrow,A3
2021-08-24 14:09:00+00:00,2021-08-24 20:09:00+00:00,long,-54.96,orb,0.401,0.6458,19.25,31.0,,,2021-08-24,2021,1.0,37.25,0.25727676369018254,144.78571428571428,Q1_narrow,A2
2021-08-25 14:09:00+00:00,2021-08-25 20:09:00+00:00,short,-36.96,orb,0.6038,0.7233,24.0,28.75,,,2021-08-25,2021,1.0,36.25,0.2548010543491904,142.26785714285714,Q1_narrow,A2
2021-08-26 14:24:00+00:00,2021-08-26 14:29:00+00:00,short,378.8,orb,1.3922,0.0131,53.25,0.5,,,2021-08-26,2021,1.0,24.75,0.17335834896810506,142.76785714285714,Q1_narrow,A1_tight
2021-08-27 14:04:00+00:00,2021-08-27 17:39:00+00:00,long,305.52,orb,1.0,0.2573,76.75,19.75,,,2021-08-27,2021,1.0,48.25,0.3238255033557047,149.0,Q1_narrow,A3
2021-08-30 13:54:00+00:00,2021-08-30 14:34:00+00:00,long,381.78,orb,1.0391,0.043,66.5,2.75,,,2021-08-30,2021,1.0,51.0,0.3440134907251265,148.25,Q1_narrow,A3
2021-08-31 13:54:00+00:00,2021-08-31 20:09:00+00:00,short,-260.48,orb,0.1442,0.9342,11.5,74.5,,,2021-08-31,2021,1.0,51.75,0.3612565445026178,143.25,Q1_narrow,A3
2021-09-01 13:49:00+00:00,2021-09-01 19:44:00+00:00,long,-294.48,orb,0.0514,1.1199,3.75,81.75,,,2021-09-01,2021,1.0,56.5,0.4051735177359457,139.44642857142858,Q2,A3
2021-09-02 13:59:00+00:00,2021-09-02 14:24:00+00:00,short,364.56,orb,1.122,0.3659,34.5,11.25,,,2021-09-02,2021,1.0,30.25,0.21080139372822299,143.5,Q1_narrow,A1_tight
2021-09-03 13:59:00+00:00,2021-09-03 20:09:00+00:00,long,40.52,orb,0.3362,0.429,29.0,37.0,,,2021-09-03,2021,1.0,48.0,0.35308025745435434,135.94642857142858,Q1_narrow,A3
2021-09-06 13:49:00+00:00,2021-09-06 14:04:00+00:00,long,379.72,orb,1.1111,0.0833,10.0,0.75,,,2021-09-06,2021,1.0,5.75,0.04565433149014604,125.94642857142857,Q1_narrow,A1_tight
2021-09-07 13:54:00+00:00,2021-09-07 14:49:00+00:00,short,-318.72,orb,0.1762,1.1048,9.25,58.0,,,2021-09-07,2021,1.0,43.25,0.3641010222489477,118.78571428571429,Q1_narrow,A3
2021-09-08 14:34:00+00:00,2021-09-08 20:09:00+00:00,short,-69.48,orb,0.9293,0.4444,69.0,33.0,,,2021-09-08,2021,1.0,49.25,0.43722257450856056,112.64285714285714,Q1_narrow,A4_bloated
2021-09-09 15:29:00+00:00,2021-09-09 17:44:00+00:00,short,333.78,orb,1.0045,0.4509,56.25,25.25,,,2021-09-09,2021,1.0,53.75,0.48345647285576615,111.17857142857143,Q2,A4_bloated
2021-09-10 14:04:00+00:00,2021-09-10 14:34:00+00:00,short,363.04,orb,1.1421,0.1639,52.25,7.5,,,2021-09-10,2021,1.0,17.0,0.1491929164707726,113.94642857142857,Q1_narrow,A1_tight
2021-09-13 13:59:00+00:00,2021-09-13 20:09:00+00:00,short,-0.24,orb,0.8063,0.0926,95.75,11.0,,,2021-09-13,2021,1.0,123.5,0.9922525107604018,124.46428571428571,Q4_wide,A4_bloated
2021-09-14 13:54:00+00:00,2021-09-14 18:39:00+00:00,short,331.52,orb,1.03,0.5796,85.75,48.25,,,2021-09-14,2021,1.0,63.0,0.47470398277717973,132.71428571428572,Q2,A4_bloated
2021-09-15 14:14:00+00:00,2021-09-15 16:59:00+00:00,short,-230.24,orb,0.0961,1.0939,11.0,125.25,,,2021-09-15,2021,1.0,102.25,0.732225063938619,139.64285714285714,Q4_wide,A4_bloated
2021-09-16 13:49:00+00:00,2021-09-16 17:59:00+00:00,short,-362.22,orb,0.9038,1.0209,54.0,61.0,,,2021-09-16,2021,1.0,59.0,0.4203562340966921,140.35714285714286,Q2,A4_bloated
2021-09-17 13:54:00+00:00,2021-09-17 15:34:00+00:00,short,355.52,orb,1.0672,0.1261,95.25,11.25,,,2021-09-17,2021,1.0,63.75,0.4444167807792854,143.44642857142858,Q2,A4_bloated
2021-09-20 14:24:00+00:00,2021-09-20 17:09:00+00:00,short,241.76,orb,1.1155,0.2598,135.25,31.5,,,2021-09-20,2021,1.0,113.0,0.6981465136804943,161.85714285714286,Q4_wide,A4_bloated
2021-09-21 13:49:00+00:00,2021-09-21 14:09:00+00:00,long,-381.48,orb,0.0712,1.1478,6.75,108.75,,,2021-09-21,2021,1.0,89.75,0.5399076162853153,166.23214285714286,Q3,A4_bloated
2021-09-22 13:59:00+00:00,2021-09-22 15:04:00+00:00,long,368.28,orb,1.0729,0.0283,66.25,1.75,,,2021-09-22,2021,1.0,46.5,0.270208571132095,172.08928571428572,Q1_narrow,A2
2021-09-23 13:49:00+00:00,2021-09-23 20:09:00+00:00,long,119.52,orb,0.6684,0.157,66.0,15.5,,,2021-09-23,2021,1.0,85.5,0.4867832452216348,175.64285714285714,Q3,A4_bloated
2021-09-24 13:59:00+00:00,2021-09-24 19:24:00+00:00,long,342.78,orb,1.1783,0.7391,67.75,42.5,,,2021-09-24,2021,1.0,53.0,0.2873184898354308,184.46428571428572,Q2,A2
2021-09-27 15:04:00+00:00,2021-09-27 20:09:00+00:00,long,-74.74,orb,0.0655,0.7382,9.0,101.5,,,2021-09-27,2021,1.0,130.5,0.6934902258493073,188.17857142857142,Q4_wide,A4_bloated
2021-09-28 13:49:00+00:00,2021-09-28 15:09:00+00:00,short,230.26,orb,1.119,0.4177,129.25,48.25,,,2021-09-28,2021,1.0,115.75,0.5822853036291772,198.78571428571428,Q4_wide,A4_bloated
2021-09-29 13:49:00+00:00,2021-09-29 15:39:00+00:00,long,-330.48,orb,0.4451,1.3537,36.5,111.0,,,2021-09-29,2021,1.0,64.75,0.31720759338640536,204.125,Q2,A3
2021-09-30 14:54:00+00:00,2021-09-30 15:49:00+00:00,short,281.52,orb,1.0601,0.5583,75.0,39.5,,,2021-09-30,2021,1.0,52.0,0.2570848415290898,202.26785714285714,Q1_narrow,A2
2021-10-01 13:54:00+00:00,2021-10-01 17:49:00+00:00,short,-220.24,orb,0.8105,1.0571,88.75,115.75,,,2021-10-01,2021,1.0,109.5,0.5289855072463768,207.0,Q4_wide,A4_bloated
2021-10-04 13:49:00+00:00,2021-10-04 14:39:00+00:00,short,282.76,orb,1.0159,0.2257,144.0,32.0,,,2021-10-04,2021,1.0,136.25,0.6211837498982333,219.33928571428572,Q4_wide,A4_bloated
2021-10-05 13:49:00+00:00,2021-10-05 14:49:00+00:00,long,308.52,orb,1.1452,0.271,88.75,21.0,,,2021-10-05,2021,1.0,75.75,0.33976772126551863,222.94642857142858,Q3,A3
2021-10-06 14:04:00+00:00,2021-10-06 14:24:00+00:00,short,-286.24,orb,0.0632,1.207,9.0,172.0,,,2021-10-06,2021,1.0,122.5,0.5311653116531165,230.625,Q4_wide,A4_bloated
2021-10-07 13:59:00+00:00,2021-10-07 20:09:00+00:00,long,-266.48,orb,0.4804,0.906,46.0,86.75,,,2021-10-07,2021,1.0,76.0,0.33607075173720785,226.14285714285714,Q3,A3
2021-10-08 14:44:00+00:00,2021-10-08 20:09:00+00:00,short,57.76,orb,0.3132,0.4233,36.25,49.0,,,2021-10-08,2021,1.0,83.0,0.3922362869198312,211.60714285714286,Q3,A3
2021-10-11 13:49:00+00:00,2021-10-11 19:54:00+00:00,long,-252.24,orb,0.3944,1.0936,49.5,137.25,,,2021-10-11,2021,1.0,115.25,0.5362692147901953,214.91071428571428,Q4_wide,A4_bloated
2021-10-12 13:49:00+00:00,2021-10-12 20:09:00+00:00,short,314.52,orb,0.9495,0.5053,89.25,47.5,,,2021-10-12,2021,1.0,121.5,0.5754397834912044,211.14285714285714,Q4_wide,A4_bloated
2021-10-13 13:54:00+00:00,2021-10-13 18:04:00+00:00,short,-306.48,orb,0.5526,1.227,42.0,93.25,,,2021-10-13,2021,1.0,60.75,0.2906450234942332,209.01785714285714,Q2,A2
2021-10-14 14:04:00+00:00,2021-10-14 20:09:00+00:00,long,262.52,orb,0.9152,0.0939,75.5,7.75,,,2021-10-14,2021,1.0,60.5,0.28809523809523807,210.0,Q2,A2
2021-10-15 14:59:00+00:00,2021-10-15 20:09:00+00:00,long,150.78,orb,0.4653,0.8531,28.5,52.25,,,2021-10-15,2021,1.0,34.5,0.1674031713023135,206.08928571428572,Q1_narrow,A1_tight
2021-10-18 13:49:00+00:00,2021-10-18 16:14:00+00:00,long,330.52,orb,1.0151,0.1627,84.25,13.5,,,2021-10-18,2021,1.0,69.0,0.3402306947257198,202.80357142857142,Q2,A3
2021-10-19 13:54:00+00:00,2021-10-19 20:04:00+00:00,long,317.28,orb,1.3615,0.8263,72.5,44.0,,,2021-10-19,2021,1.0,52.5,0.2665699519448726,196.94642857142858,Q1_narrow,A2
2021-10-20 13:54:00+00:00,2021-10-20 14:29:00+00:00,short,-415.44,orb,0.6103,1.0809,20.75,36.75,,,2021-10-20,2021,1.0,32.75,0.1713218122372723,191.16071428571428,Q1_narrow,A1_tight
2021-10-21 13:54:00+00:00,2021-10-21 15:04:00+00:00,long,332.28,orb,1.0,0.2691,55.75,15.0,,,2021-10-21,2021,1.0,50.5,0.2777996070726916,181.78571428571428,Q1_narrow,A2
2021-10-22 13:49:00+00:00,2021-10-22 14:29:00+00:00,short,-335.22,orb,0.3122,1.095,17.25,60.5,,,2021-10-22,2021,1.0,50.75,0.2982161594963274,170.17857142857142,Q1_narrow,A2
2021-10-25 15:59:00+00:00,2021-10-25 20:09:00+00:00,long,151.76,orb,0.9147,0.0263,104.5,3.0,,,2021-10-25,2021,1.0,111.75,0.6673776261064306,167.44642857142858,Q4_wide,A4_bloated
2021-10-26 14:14:00+00:00,2021-10-26 16:04:00+00:00,long,-380.48,orb,0.2778,1.1138,26.25,105.25,,,2021-10-26,2021,1.0,75.75,0.46904024767801855,161.5,Q3,A4_bloated
2021-10-27 13:49:00+00:00,2021-10-27 17:24:00+00:00,long,283.52,orb,1.0667,0.9544,76.0,68.0,,,2021-10-27,2021,1.0,74.0,0.4529951902055094,163.35714285714286,Q3,A4_bloated
2021-10-28 14:09:00+00:00,2021-10-28 15:19:00+00:00,long,336.78,orb,1.0354,0.6372,58.5,36.0,,,2021-10-28,2021,1.0,52.0,0.3181470556101824,163.44642857142858,Q1_narrow,A3
2021-10-29 13:54:00+00:00,2021-10-29 16:09:00+00:00,long,404.28,orb,1.0996,0.2399,74.5,16.25,,,2021-10-29,2021,1.0,56.5,0.3435023341656715,164.48214285714286,Q2,A3
2021-11-01 13:49:00+00:00,2021-11-01 17:04:00+00:00,short,-390.72,orb,0.5465,1.0543,35.25,68.0,,,2021-11-01,2021,1.0,52.5,0.3232545354590434,162.41071428571428,Q1_narrow,A3
2021-11-02 13:49:00+00:00,2021-11-02 20:09:00+00:00,long,-13.48,orb,0.2211,0.6816,21.0,64.75,,,2021-11-02,2021,1.0,89.0,0.553593246695546,160.76785714285714,Q3,A4_bloated
2021-11-03 14:04:00+00:00,2021-11-03 18:04:00+00:00,short,-353.22,orb,0.0343,1.9614,2.0,114.25,,,2021-11-03,2021,1.0,41.5,0.25227963525835867,164.5,Q1_narrow,A2
2021-11-04 13:49:00+00:00,2021-11-04 14:29:00+00:00,long,408.78,orb,1.0438,0.0839,71.5,5.75,,,2021-11-04,2021,1.0,60.0,0.345679012345679,173.57142857142858,Q2,A3
2021-11-05 13:54:00+00:00,2021-11-05 15:49:00+00:00,short,-398.22,orb,0.076,1.0,5.0,65.75,,,2021-11-05,2021,1.0,47.5,0.2836728164658206,167.44642857142858,Q1_narrow,A2
2021-11-08 15:04:00+00:00,2021-11-08 21:09:00+00:00,short,23.28,orb,0.3225,0.8514,22.25,58.75,,,2021-11-08,2021,1.0,52.75,0.3179763186221744,165.89285714285714,Q2,A3
2021-11-09 14:49:00+00:00,2021-11-09 14:59:00+00:00,short,386.28,orb,1.9923,0.1583,129.0,10.25,,,2021-11-09,2021,1.0,37.75,0.21778098279592045,173.33928571428572,Q1_narrow,A1_tight
2021-11-10 14:49:00+00:00,2021-11-10 18:14:00+00:00,long,-390.48,orb,0.8454,1.0,82.0,97.0,,,2021-11-10,2021,1.0,88.0,0.47357293868921774,185.82142857142858,Q3,A4_bloated
2021-11-11 15:29:00+00:00,2021-11-11 21:09:00+00:00,short,114.78,orb,0.7236,0.7846,44.5,48.25,,,2021-11-11,2021,1.0,54.5,0.3033495676374118,179.66071428571428,Q2,A2
2021-11-12 15:49:00+00:00,2021-11-12 16:19:00+00:00,long,319.52,orb,1.1558,0.0654,92.75,5.25,,,2021-11-12,2021,1.0,71.25,0.39776692254012563,179.125,Q2,A3
2021-11-15 15:04:00+00:00,2021-11-15 15:44:00+00:00,short,314.28,orb,1.0379,0.1659,54.75,8.75,,,2021-11-15,2021,1.0,42.75,0.2411604714415231,177.26785714285714,Q1_narrow,A2
2021-11-16 16:04:00+00:00,2021-11-16 21:09:00+00:00,long,84.26,orb,0.6439,0.0943,68.25,10.0,,,2021-11-16,2021,1.0,102.5,0.5745745745745746,178.39285714285714,Q4_wide,A4_bloated
2021-11-17 14:54:00+00:00,2021-11-17 15:14:00+00:00,short,-403.7,orb,0.1258,1.1195,5.0,44.5,,,2021-11-17,2021,1.0,29.25,0.16495468277945619,177.32142857142858,Q1_narrow,A1_tight
2021-11-18 14:49:00+00:00,2021-11-18 15:14:00+00:00,long,-356.22,orb,0.1149,1.4596,6.75,85.75,,,2021-11-18,2021,1.0,39.75,0.22582935984579486,176.01785714285714,Q1_narrow,A1_tight
2021-11-19 14:49:00+00:00,2021-11-19 21:09:00+00:00,long,-41.22,orb,0.75,0.7344,48.0,47.0,,,2021-11-19,2021,1.0,60.25,0.34484873262469334,174.71428571428572,Q2,A3
2021-11-22 14:49:00+00:00,2021-11-22 16:14:00+00:00,long,-370.48,orb,0.4022,1.0217,37.0,94.0,,,2021-11-22,2021,1.0,67.75,0.3481692208864825,194.58928571428572,Q2,A3
2021-11-23 14:49:00+00:00,2021-11-23 15:09:00+00:00,long,-243.74,orb,0.1278,1.0392,15.5,126.0,,,2021-11-23,2021,1.0,96.0,0.47761194029850745,201.0,Q3,A4_bloated
2021-11-24 15:04:00+00:00,2021-11-24 16:54:00+00:00,long,220.26,orb,1.0158,0.6199,112.25,68.5,,,2021-11-24,2021,1.0,79.25,0.38773370609820024,204.39285714285714,Q3,A3
2021-11-25 14:49:00+00:00,2021-11-25 23:34:00+00:00,long,-400.44,orb,0.1756,1.626,5.75,53.25,,,2021-11-25,2021,1.0,27.25,0.13904328018223233,195.98214285714286,Q1_narrow,A1_tight
2021-11-26 14:49:00+00:00,2021-11-26 16:19:00+00:00,short,253.76,orb,1.1238,0.5383,143.0,68.5,,,2021-11-26,2021,1.0,129.25,0.608900479515437,212.26785714285714,Q4_wide,A4_bloated
2021-11-29 14:59:00+00:00,2021-11-29 17:24:00+00:00,long,348.52,orb,1.0343,0.8114,90.5,71.0,,,2021-11-29,2021,1.0,71.5,0.33712216889786983,212.08928571428572,Q2,A3
2021-11-30 14:54:00+00:00,2021-11-30 15:49:00+00:00,long,-282.48,orb,0.9571,1.8071,67.0,126.5,,,2021-11-30,2021,1.0,57.5,0.2654794294665677,216.58928571428572,Q2,A2
2021-12-01 15:09:00+00:00,2021-12-01 17:59:00+00:00,long,-405.48,orb,0.5558,1.3747,56.0,138.5,,,2021-12-01,2021,1.0,56.5,0.22614537917232505,249.83928571428572,Q2,A1_tight
2021-12-02 14:54:00+00:00,2021-12-02 15:44:00+00:00,long,-422.24,orb,0.1318,1.0784,27.75,227.0,,,2021-12-02,2021,1.0,162.5,0.6337488683055923,256.4107142857143,Q4_wide,A4_bloated
2021-12-03 14:49:00+00:00,2021-12-03 15:09:00+00:00,short,346.76,orb,1.0245,0.1583,178.0,27.5,,,2021-12-03,2021,1.0,158.75,0.5597884264215099,283.5892857142857,Q4_wide,A4_bloated
2021-12-06 15:19:00+00:00,2021-12-06 21:09:00+00:00,long,143.26,orb,0.6597,0.527,134.25,107.25,,,2021-12-06,2021,1.0,188.0,0.6367100090716661,295.26785714285717,Q4_wide,A4_bloated
2021-12-07 14:49:00+00:00,2021-12-07 15:39:00+00:00,long,298.52,orb,1.1667,0.1033,87.5,7.75,,,2021-12-07,2021,1.0,66.25,0.2192930606454664,302.10714285714283,Q2,A1_tight
2021-12-08 14:49:00+00:00,2021-12-08 21:09:00+00:00,long,130.52,orb,0.6313,0.9665,56.5,86.5,,,2021-12-08,2021,1.0,82.25,0.27574233716475094,298.2857142857143,Q3,A2
2021-12-09 15:14:00+00:00,2021-12-09 18:49:00+00:00,short,346.52,orb,1.2931,0.2557,112.5,22.25,,,2021-12-09,2021,1.0,73.25,0.23635839815615098,309.9107142857143,Q3,A1_tight
2021-12-10 14:49:00+00:00,2021-12-10 20:59:00+00:00,short,-221.24,orb,0.7455,1.0909,82.0,120.0,,,2021-12-10,2021,1.0,108.75,0.36684537076079754,296.44642857142856,Q4_wide,A3
2021-12-13 14:54:00+00:00,2021-12-13 15:34:00+00:00,short,308.52,orb,1.0,0.6677,77.5,51.75,,,2021-12-13,2021,1.0,63.0,0.21458548750076029,293.5892857142857,Q2,A1_tight
2021-12-14 15:49:00+00:00,2021-12-14 21:09:00+00:00,short,-186.74,orb,0.7013,0.8317,106.25,126.0,,,2021-12-14,2021,1.0,118.0,0.40209322137032977,293.4642857142857,Q4_wide,A3
2021-12-15 14:49:00+00:00,2021-12-15 19:09:00+00:00,short,-387.48,orb,0.9455,1.2649,91.0,121.75,,,2021-12-15,2021,1.0,68.25,0.2065052950075643,330.5,Q2,A1_tight
2021-12-16 14:59:00+00:00,2021-12-16 16:39:00+00:00,short,343.76,orb,1.0058,0.1408,173.25,24.25,,,2021-12-16,2021,1.0,129.75,0.37403479872336043,346.89285714285717,Q4_wide,A3
2021-12-17 14:49:00+00:00,2021-12-17 15:24:00+00:00,long,-278.24,orb,0.3412,1.0397,47.25,144.0,,,2021-12-17,2021,1.0,134.25,0.38108272506082724,352.2857142857143,Q4_wide,A3
2021-12-20 16:04:00+00:00,2021-12-20 20:24:00+00:00,short,-249.24,orb,0.2097,1.0746,26.0,133.25,,,2021-12-20,2021,1.0,99.25,0.2949323427964977,336.51785714285717,Q3,A2
2021-12-21 14:49:00+00:00,2021-12-21 16:59:00+00:00,short,-228.24,orb,0.7004,1.0352,79.5,117.5,,,2021-12-21,2021,1.0,96.5,0.29859653000331526,323.17857142857144,Q3,A2
2021-12-22 14:49:00+00:00,2021-12-22 16:14:00+00:00,long,350.52,orb,1.1023,0.8182,97.0,72.0,,,2021-12-22,2021,1.0,81.5,0.25577224837480383,318.64285714285717,Q3,A2
2021-12-23 15:14:00+00:00,2021-12-23 20:49:00+00:00,long,326.52,orb,1.1189,0.1555,91.75,12.75,,,2021-12-23,2021,1.0,60.5,0.2071917808219178,292.0,Q2,A1_tight
2021-12-27 15:04:00+00:00,2021-12-27 21:09:00+00:00,long,225.26,orb,1.0111,0.0575,114.25,6.5,,,2021-12-27,2021,1.0,73.0,0.25914421553090333,281.69642857142856,Q3,A2
2021-12-28 15:09:00+00:00,2021-12-28 21:09:00+00:00,short,-25.48,orb,0.7577,0.7352,67.25,65.25,,,2021-12-28,2021,1.0,69.25,0.25084087968952135,276.07142857142856,Q2,A2
2021-12-29 15:04:00+00:00,2021-12-29 15:14:00+00:00,short,360.78,orb,1.1405,0.219,69.0,13.25,,,2021-12-29,2021,1.0,58.25,0.21013979256587,277.19642857142856,Q2,A1_tight
2021-12-30 15:09:00+00:00,2021-12-30 20:49:00+00:00,long,-358.48,orb,0.3258,1.0674,29.0,95.0,,,2021-12-30,2021,1.0,68.75,0.25584795321637427,268.7142857142857,Q2,A2
2021-12-31 14:49:00+00:00,2021-12-31 20:54:00+00:00,short,280.52,orb,1.1099,0.5284,78.25,37.25,,,2021-12-31,2021,1.0,47.5,0.17923320530961523,265.01785714285717,Q1_narrow,A1_tight
2023-01-03 14:49:00+00:00,2023-01-03 15:14:00+00:00,short,224.76,orb,1.0865,0.1375,122.5,15.5,,,2023-01-03,2023,1.0,109.5,0.43436990862081176,252.08928571428572,Q4_wide,A4_bloated
2023-01-04 15:04:00+00:00,2023-01-04 16:39:00+00:00,short,-264.24,orb,0.3897,1.116,51.25,146.75,,,2023-01-04,2023,1.0,84.75,0.3614347726753484,234.48214285714286,Q3,A3
2023-01-06 15:39:00+00:00,2023-01-06 19:54:00+00:00,long,353.26,orb,1.0989,0.096,194.5,17.0,,,2023-01-06,2023,1.0,172.0,0.7638382236320381,225.17857142857142,Q4_wide,A4_bloated
2023-01-09 14:49:00+00:00,2023-01-09 15:49:00+00:00,long,324.52,orb,1.0736,0.0521,87.5,4.25,,,2023-01-09,2023,1.0,65.5,0.28998339789706695,225.875,Q2,A2
2023-01-10 15:14:00+00:00,2023-01-10 15:44:00+00:00,long,-236.24,orb,0.234,1.1064,27.5,130.0,,,2023-01-10,2023,1.0,102.0,0.45681381957773515,223.28571428571428,Q3,A4_bloated
2023-01-11 15:09:00+00:00,2023-01-11 18:09:00+00:00,long,405.78,orb,1.011,0.6765,68.75,46.0,,,2023-01-11,2023,1.0,67.0,0.2992741485203797,223.875,Q2,A2
2023-01-12 14:49:00+00:00,2023-01-12 17:19:00+00:00,short,-377.24,orb,0.1024,1.0465,19.25,196.75,,,2023-01-12,2023,1.0,178.75,0.7847287550956413,227.78571428571428,Q4_wide,A4_bloated
2023-01-13 15:04:00+00:00,2023-01-13 15:44:00+00:00,long,333.78,orb,1.058,0.0045,59.25,0.25,,,2023-01-13,2023,1.0,57.75,0.26311935562606786,219.48214285714286,Q2,A2
2023-01-16 15:14:00+00:00,2023-01-17 01:54:00+00:00,short,369.32,orb,1.243,0.6636,33.25,17.75,,,2023-01-16,2023,1.0,20.25,0.09654350417163289,209.75,Q1_narrow,A1_tight
2023-01-17 15:04:00+00:00,2023-01-17 21:09:00+00:00,long,-70.24,orb,0.189,0.956,21.5,108.75,,,2023-01-17,2023,1.0,69.5,0.3320819112627986,209.28571428571428,Q2,A3
2023-01-18 15:04:00+00:00,2023-01-18 15:39:00+00:00,long,-401.22,orb,0.3132,1.3283,20.75,88.0,,,2023-01-18,2023,1.0,54.5,0.25593291404612156,212.94642857142858,Q2,A2
2023-01-19 14:49:00+00:00,2023-01-19 19:39:00+00:00,short,-352.48,orb,0.5743,1.0257,50.25,89.75,,,2023-01-19,2023,1.0,70.25,0.33774038461538464,208.0,Q2,A3
2023-01-20 14:54:00+00:00,2023-01-20 16:29:00+00:00,long,288.52,orb,1.131,0.4448,82.0,32.25,,,2023-01-20,2023,1.0,62.25,0.2862303965842844,217.48214285714286,Q2,A2
2023-01-23 14:49:00+00:00,2023-01-23 16:04:00+00:00,long,220.26,orb,1.2127,0.0181,134.0,2.0,,,2023-01-23,2023,1.0,82.75,0.383768115942029,215.625,Q3,A3
2023-01-24 14:49:00+00:00,2023-01-24 15:09:00+00:00,long,-305.48,orb,0.4653,1.0297,35.25,78.0,,,2023-01-24,2023,1.0,62.0,0.29654936795353604,209.07142857142858,Q2,A2
2023-01-25 14:54:00+00:00,2023-01-25 16:19:00+00:00,short,-292.48,orb,0.6448,1.1759,46.75,85.25,,,2023-01-25,2023,1.0,65.75,0.29657672170761173,221.69642857142858,Q2,A2
2023-01-26 14:49:00+00:00,2023-01-26 15:59:00+00:00,short,310.52,orb,1.1506,0.6635,89.75,51.75,,,2023-01-26,2023,1.0,72.75,0.3496395468589083,208.07142857142858,Q3,A3
2023-01-27 14:49:00+00:00,2023-01-27 17:19:00+00:00,long,348.52,orb,1.08,0.4257,94.5,37.25,,,2023-01-27,2023,1.0,50.5,0.24100903357763764,209.53571428571428,Q1_narrow,A2
2023-01-30 14:49:00+00:00,2023-01-30 15:24:00+00:00,long,-362.22,orb,0.3975,1.0628,23.75,63.5,,,2023-01-30,2023,1.0,51.25,0.2433234421364985,210.625,Q1_narrow,A2
2023-01-31 14:49:00+00:00,2023-01-31 19:54:00+00:00,long,285.52,orb,1.0871,0.892,78.0,64.0,,,2023-01-31,2023,1.0,53.25,0.2536361316662414,209.94642857142858,Q2,A2
2023-02-01 15:54:00+00:00,2023-02-01 18:59:00+00:00,short,-339.72,orb,0.4107,1.1027,23.0,61.75,,,2023-02-01,2023,1.0,54.75,0.24436120188092772,224.05357142857142,Q2,A2
2023-02-02 15:34:00+00:00,2023-02-02 18:59:00+00:00,long,238.76,orb,1.1441,0.1628,137.0,19.5,,,2023-02-02,2023,1.0,66.5,0.28973780440364116,229.51785714285714,Q2,A2
2023-02-03 14:49:00+00:00,2023-02-03 21:09:00+00:00,long,-231.74,orb,0.8919,0.883,150.5,149.0,,,2023-02-03,2023,1.0,119.75,0.4833849924313414,247.73214285714286,Q4_wide,A4_bloated
2023-02-06 15:04:00+00:00,2023-02-06 15:24:00+00:00,long,-414.72,orb,0.3066,1.2591,21.0,86.25,,,2023-02-06,2023,1.0,51.0,0.20484865872902022,248.96428571428572,Q1_narrow,A1_tight
2023-02-07 15:09:00+00:00,2023-02-07 16:09:00+00:00,short,-344.22,orb,0.1366,1.3744,7.75,78.0,,,2023-02-07,2023,1.0,53.0,0.20867608802643606,253.98214285714286,Q2,A1_tight
2023-02-08 14:54:00+00:00,2023-02-08 15:34:00+00:00,short,280.52,orb,1.1064,0.7482,78.0,52.75,,,2023-02-08,2023,1.0,68.25,0.2618346235527848,260.6607142857143,Q2,A2
2023-02-09 15:29:00+00:00,2023-02-09 17:49:00+00:00,short,216.26,orb,1.1083,0.4009,120.25,43.5,,,2023-02-09,2023,1.0,79.75,0.3022878028969812,263.82142857142856,Q3,A2
2023-02-10 15:04:00+00:00,2023-02-10 15:14:00+00:00,short,-353.48,orb,0.0826,1.0142,7.25,89.0,,,2023-02-10,2023,1.0,82.5,0.3243470935130581,254.35714285714286,Q3,A3
2023-02-13 14:59:00+00:00,2023-02-13 21:09:00+00:00,long,163.26,orb,0.9702,0.4151,105.75,45.25,,,2023-02-13,2023,1.0,77.0,0.29431438127090304,261.625,Q3,A2
2023-02-14 14:49:00+00:00,2023-02-14 21:09:00+00:00,long,131.76,orb,0.8602,0.824,130.75,125.25,,,2023-02-14,2023,1.0,144.5,0.5547405223829438,260.48214285714283,Q4_wide,A4_bloated
2023-02-15 14:49:00+00:00,2023-02-15 14:54:00+00:00,long,-303.48,orb,0.0498,1.1196,3.75,84.25,,,2023-02-15,2023,1.0,62.25,0.23881619510858396,260.6607142857143,Q2,A2
2023-02-16 14:54:00+00:00,2023-02-16 15:49:00+00:00,long,310.52,orb,1.1538,0.5032,90.0,39.25,,,2023-02-16,2023,1.0,71.5,0.27629036709908916,258.7857142857143,Q2,A2
2023-02-17 14:49:00+00:00,2023-02-17 21:09:00+00:00,short,-138.24,orb,0.4812,0.8615,51.25,91.75,,,2023-02-17,2023,1.0,96.5,0.3755124730734487,256.98214285714283,Q3,A3
2023-02-20 15:04:00+00:00,2023-02-20 15:29:00+00:00,short,395.42,orb,1.0208,0.25,12.25,3.0,,,2023-02-20,2023,1.0,9.75,0.039602524116921736,246.19642857142858,Q1_narrow,A1_tight
2023-02-21 15:09:00+00:00,2023-02-21 16:59:00+00:00,short,283.52,orb,1.0175,0.1509,72.5,10.75,,,2023-02-21,2023,1.0,69.5,0.30544655470098886,227.53571428571428,Q2,A2
2023-02-22 14:49:00+00:00,2023-02-22 15:04:00+00:00,long,-402.96,orb,0.0503,1.4724,2.5,73.25,,,2023-02-22,2023,1.0,52.0,0.23831737458057123,218.19642857142858,Q1_narrow,A1_tight
2023-02-23 15:09:00+00:00,2023-02-23 15:49:00+00:00,short,283.52,orb,1.0947,0.2281,78.0,16.25,,,2023-02-23,2023,1.0,52.75,0.24817272956397549,212.55357142857142,Q2,A2
2023-02-24 14:49:00+00:00,2023-02-24 21:09:00+00:00,short,-129.48,orb,0.602,0.709,45.0,53.0,,,2023-02-24,2023,1.0,71.75,0.34131838260278624,210.21428571428572,Q2,A3
2023-02-27 14:59:00+00:00,2023-02-27 15:09:00+00:00,long,371.3,orb,1.1267,0.3467,42.25,13.0,,,2023-02-27,2023,1.0,34.75,0.17920618841513952,193.91071428571428,Q1_narrow,A1_tight
2023-02-28 15:04:00+00:00,2023-02-28 21:04:00+00:00,long,-290.48,orb,0.8194,1.0243,59.0,73.75,,,2023-02-28,2023,1.0,67.5,0.36252037978325496,186.19642857142858,Q2,A3
2023-03-01 14:49:00+00:00,2023-03-01 15:09:00+00:00,long,-286.48,orb,0.0599,1.412,4.25,100.25,,,2023-03-01,2023,1.0,56.0,0.3247721623860812,172.42857142857142,Q2,A3
2023-03-02 14:54:00+00:00,2023-03-02 18:39:00+00:00,long,320.28,orb,1.4837,0.5163,79.75,27.75,,,2023-03-02,2023,1.0,34.0,0.1918774564143908,177.19642857142858,Q1_narrow,A1_tight
2023-03-03 14:49:00+00:00,2023-03-03 15:29:00+00:00,long,326.28,orb,1.0776,0.6484,59.0,35.5,,,2023-03-03,2023,1.0,51.25,0.2898404362754999,176.82142857142858,Q1_narrow,A2
2023-03-06 15:14:00+00:00,2023-03-06 15:44:00+00:00,long,329.28,orb,1.1765,0.0905,65.0,5.0,,,2023-03-06,2023,1.0,43.0,0.25459928103193064,168.89285714285714,Q1_narrow,A2
2023-03-07 15:04:00+00:00,2023-03-07 21:09:00+00:00,short,110.26,orb,0.6679,0.6794,87.5,89.0,,,2023-03-07,2023,1.0,48.0,0.2830963665086888,169.55357142857142,Q1_narrow,A2
2023-03-08 15:04:00+00:00,2023-03-08 15:34:00+00:00,short,-395.22,orb,0.2529,1.1034,16.5,72.0,,,2023-03-08,2023,1.0,61.0,0.37130434782608696,164.28571428571428,Q2,A3
2023-03-09 14:49:00+00:00,2023-03-09 17:49:00+00:00,long,-367.48,orb,0.3507,1.1452,32.0,104.5,,,2023-03-09,2023,1.0,66.5,0.36973788721207307,179.85714285714286,Q2,A3
2023-03-10 14:49:00+00:00,2023-03-10 16:14:00+00:00,short,-283.24,orb,0.1312,1.0089,18.5,142.25,,,2023-03-10,2023,1.0,146.5,0.7392322941070464,198.17857142857142,Q4_wide,A4_bloated
2023-03-13 13:49:00+00:00,2023-03-13 15:04:00+00:00,long,287.76,orb,1.0347,0.1352,149.25,19.5,,,2023-03-13,2023,1.0,111.25,0.5269390171699231,211.125,Q4_wide,A4_bloated
2023-03-14 14:24:00+00:00,2023-03-14 18:09:00+00:00,long,-376.48,orb,0.6283,1.107,58.75,103.5,,,2023-03-14,2023,1.0,78.25,0.3672477371773382,213.07142857142858,Q3,A3
2023-03-15 14:34:00+00:00,2023-03-15 15:44:00+00:00,short,-416.48,orb,0.1957,1.0628,20.25,110.0,,,2023-03-15,2023,1.0,82.75,0.38469201394653824,215.10714285714286,Q3,A3
2023-03-16 13:59:00+00:00,2023-03-16 14:54:00+00:00,long,411.52,orb,1.0097,0.5278,104.25,54.5,,,2023-03-16,2023,1.0,67.25,0.28416207651097863,236.66071428571428,Q2,A2
2023-03-17 14:04:00+00:00,2023-03-17 14:24:00+00:00,long,-407.48,orb,0.0395,1.0395,4.0,105.25,,,2023-03-17,2023,1.0,72.25,0.2954147196261682,244.57142857142858,Q3,A2
2023-03-20 14:49:00+00:00,2023-03-20 20:09:00+00:00,long,227.52,orb,0.8735,0.8464,72.5,70.25,,,2023-03-20,2023,1.0,79.5,0.3206337774576881,247.94642857142858,Q3,A3
2023-03-21 14:19:00+00:00,2023-03-21 14:54:00+00:00,short,343.04,orb,1.1908,0.1561,51.5,6.75,,,2023-03-21,2023,1.0,33.25,0.13291455492897425,250.16071428571428,Q1_narrow,A1_tight
2023-03-22 13:54:00+00:00,2023-03-22 14:29:00+00:00,long,394.56,orb,1.6316,0.6241,54.25,20.75,,,2023-03-22,2023,1.0,29.25,0.11241507103150093,260.19642857142856,Q1_narrow,A1_tight
2023-03-23 14:04:00+00:00,2023-03-23 14:19:00+00:00,long,371.04,orb,1.1016,0.1337,51.5,6.25,,,2023-03-23,2023,1.0,44.75,0.1679399544297011,266.4642857142857,Q1_narrow,A1_tight
2023-03-24 15:14:00+00:00,2023-03-24 16:04:00+00:00,short,-424.48,orb,0.1043,1.0972,11.0,115.75,,,2023-03-24,2023,1.0,87.75,0.32898172323759794,266.73214285714283,Q3,A3
2023-03-27 13:49:00+00:00,2023-03-27 14:34:00+00:00,long,-378.72,orb,0.348,1.092,21.75,68.25,,,2023-03-27,2023,1.0,61.25,0.23091423185673893,265.25,Q2,A1_tight
2023-03-28 14:34:00+00:00,2023-03-28 20:09:00+00:00,short,-184.74,orb,0.1307,0.8218,16.5,103.75,,,2023-03-28,2023,1.0,85.5,0.32340425531914896,264.375,Q3,A3
2023-03-29 14:04:00+00:00,2023-03-29 14:34:00+00:00,long,-382.96,orb,0.0635,1.0741,3.0,50.75,,,2023-03-29,2023,1.0,31.5,0.12728191067176564,247.48214285714286,Q1_narrow,A1_tight
2023-03-30 14:29:00+00:00,2023-03-30 17:34:00+00:00,long,-341.22,orb,0.3244,1.0889,18.25,61.25,,,2023-03-30,2023,1.0,42.5,0.18136096929055856,234.33928571428572,Q1_narrow,A1_tight
2023-03-31 13:49:00+00:00,2023-03-31 16:04:00+00:00,long,402.78,orb,1.0593,0.263,71.5,17.75,,,2023-03-31,2023,1.0,48.5,0.21778526180739313,222.69642857142858,Q1_narrow,A1_tight
2023-04-03 13:49:00+00:00,2023-04-03 14:54:00+00:00,long,-375.72,orb,0.125,1.2782,7.75,79.25,,,2023-04-03,2023,1.0,49.5,0.22656313853698407,218.48214285714286,Q1_narrow,A1_tight
2023-04-04 14:04:00+00:00,2023-04-04 15:09:00+00:00,long,-284.48,orb,0.3404,1.0532,24.0,74.25,,,2023-04-04,2023,1.0,66.25,0.31313301823092504,211.57142857142858,Q2,A3
2023-04-05 13:49:00+00:00,2023-04-05 14:44:00+00:00,short,333.78,orb,1.3661,0.7009,76.5,39.25,,,2023-04-05,2023,1.0,44.5,0.22936033133916245,194.01785714285714,Q1_narrow,A1_tight
2023-04-06 14:09:00+00:00,2023-04-06 15:39:00+00:00,long,410.28,orb,1.0545,0.2727,72.5,18.75,,,2023-04-06,2023,1.0,51.0,0.26325006913079546,193.73214285714286,Q1_narrow,A2
2023-04-10 13:49:00+00:00,2023-04-10 15:09:00+00:00,short,-405.72,orb,0.2313,1.0597,15.5,71.0,,,2023-04-10,2023,1.0,51.0,0.2614426949835225,195.07142857142858,Q1_narrow,A2
2023-04-11 14:14:00+00:00,2023-04-11 20:09:00+00:00,short,12.52,orb,0.4,0.6492,30.5,49.5,,,2023-04-11,2023,1.0,60.75,0.3206711282873032,189.44642857142858,Q2,A3
2023-04-12 13:49:00+00:00,2023-04-12 19:29:00+00:00,short,228.26,orb,1.0677,0.5524,122.25,63.25,,,2023-04-12,2023,1.0,103.25,0.5761259465922678,179.21428571428572,Q4_wide,A4_bloated
2023-04-13 14:09:00+00:00,2023-04-13 17:39:00+00:00,long,303.52,orb,1.0525,0.0852,80.25,6.5,,,2023-04-13,2023,1.0,46.25,0.2692307692307692,171.78571428571428,Q1_narrow,A2
2023-04-14 13:49:00+00:00,2023-04-14 14:29:00+00:00,long,-360.48,orb,0.3547,1.014,31.75,90.75,,,2023-04-14,2023,1.0,82.75,0.4774858320453375,173.30357142857142,Q3,A4_bloated
2023-04-17 14:39:00+00:00,2023-04-17 20:09:00+00:00,short,-256.48,orb,0.7143,0.8704,53.75,65.5,,,2023-04-17,2023,1.0,60.25,0.3580600657964555,168.26785714285714,Q2,A3
2023-04-18 13:49:00+00:00,2023-04-18 13:59:00+00:00,long,-356.2,orb,0.0429,1.4929,1.5,52.25,,,2023-04-18,2023,1.0,25.25,0.14843585975225698,170.10714285714286,Q1_narrow,A1_tight
2023-04-19 14:39:00+00:00,2023-04-19 16:19:00+00:00,long,329.28,orb,1.095,0.2127,60.5,11.75,,,2023-04-19,2023,1.0,51.0,0.2991202346041056,170.5,Q1_narrow,A2
2023-04-20 13:49:00+00:00,2023-04-20 17:09:00+00:00,long,274.52,orb,1.029,0.3478,71.0,24.0,,,2023-04-20,2023,1.0,52.25,0.2967846637590019,176.05357142857142,Q1_narrow,A2
2023-04-21 13:54:00+00:00,2023-04-21 14:29:00+00:00,short,-412.96,orb,0.7892,1.1569,40.25,59.0,,,2023-04-21,2023,1.0,35.75,0.20974332111052907,170.44642857142858,Q1_narrow,A1_tight
2023-04-24 14:39:00+00:00,2023-04-24 20:09:00+00:00,short,-98.48,orb,0.6204,0.3577,63.75,36.75,,,2023-04-24,2023,1.0,80.0,0.46123751673015545,173.44642857142858,Q3,A4_bloated
2023-04-25 13:49:00+00:00,2023-04-25 14:14:00+00:00,short,366.3,orb,1.0068,0.6419,37.25,23.75,,,2023-04-25,2023,1.0,36.75,0.20702142641585355,177.51785714285714,Q1_narrow,A1_tight
2023-04-26 13:59:00+00:00,2023-04-26 14:24:00+00:00,long,-372.72,orb,0.1057,1.0488,6.5,64.5,,,2023-04-26,2023,1.0,46.75,0.2663004780795443,175.55357142857142,Q1_narrow,A2
2023-04-27 14:09:00+00:00,2023-04-27 14:34:00+00:00,long,398.8,orb,1.1429,0.1366,46.0,5.5,,,2023-04-27,2023,1.0,39.0,0.22197377782294947,175.69642857142858,Q1_narrow,A1_tight
2023-04-28 14:14:00+00:00,2023-04-28 20:09:00+00:00,long,239.52,orb,0.744,0.8827,69.75,82.75,,,2023-04-28,2023,1.0,71.75,0.41431222932563416,173.17857142857142,Q2,A4_bloated
2023-05-01 13:54:00+00:00,2023-05-01 14:04:00+00:00,long,-418.44,orb,0.0438,1.0803,1.5,37.0,,,2023-05-01,2023,1.0,30.25,0.17483744452471875,173.01785714285714,Q1_narrow,A1_tight
2023-05-02 14:09:00+00:00,2023-05-02 14:24:00+00:00,short,387.04,orb,1.3077,0.0667,63.75,3.25,,,2023-05-02,2023,1.0,47.5,0.27911857292759706,170.17857142857142,Q1_narrow,A2
2023-05-03 13:54:00+00:00,2023-05-03 15:04:00+00:00,long,-394.96,orb,0.1077,1.1026,5.25,53.75,,,2023-05-03,2023,1.0,42.5,0.24683675585978015,172.17857142857142,Q1_narrow,A2
2023-05-04 14:24:00+00:00,2023-05-04 15:09:00+00:00,short,-395.22,orb,0.2874,1.3295,18.75,86.75,,,2023-05-04,2023,1.0,55.75,0.333119931711481,167.35714285714286,Q2,A3
2023-05-05 13:49:00+00:00,2023-05-05 14:14:00+00:00,long,315.78,orb,1.0425,0.1698,55.25,9.0,,,2023-05-05,2023,1.0,48.5,0.2773126403920768,174.89285714285714,Q1_narrow,A2
2023-05-08 13:54:00+00:00,2023-05-08 15:49:00+00:00,short,-392.96,orb,0.1443,1.0928,7.0,53.0,,,2023-05-08,2023,1.0,36.75,0.21417421167655323,171.58928571428572,Q1_narrow,A1_tight
2023-05-09 13:59:00+00:00,2023-05-09 15:14:00+00:00,long,-356.2,orb,0.2214,1.3,7.75,45.5,,,2023-05-09,2023,1.0,22.0,0.13251586533290308,166.01785714285714,Q1_narrow,A1_tight
2023-05-10 14:09:00+00:00,2023-05-10 14:49:00+00:00,long,-206.24,orb,0.0951,1.0488,9.75,107.5,,,2023-05-10,2023,1.0,95.75,0.57519845526711,166.46428571428572,Q3,A4_bloated
2023-05-11 14:34:00+00:00,2023-05-11 15:29:00+00:00,short,-341.22,orb,0.2711,1.0356,15.25,58.25,,,2023-05-11,2023,1.0,46.5,0.2830742472007827,164.26785714285714,Q1_narrow,A2
2023-05-12 13:49:00+00:00,2023-05-12 14:34:00+00:00,short,343.04,orb,1.2312,0.4798,53.25,20.75,,,2023-05-12,2023,1.0,26.5,0.16062344409568136,164.98214285714286,Q1_narrow,A1_tight
2023-05-15 13:54:00+00:00,2023-05-15 14:09:00+00:00,short,364.56,orb,1.1463,0.1301,35.25,4.0,,,2023-05-15,2023,1.0,37.0,0.2330446518951749,158.76785714285714,Q1_narrow,A1_tight
2023-05-16 13:49:00+00:00,2023-05-16 20:09:00+00:00,long,-46.48,orb,0.7292,0.7509,50.5,52.0,,,2023-05-16,2023,1.0,63.0,0.40458715596330275,155.71428571428572,Q2,A3
2023-05-17 13:49:00+00:00,2023-05-17 15:04:00+00:00,short,-351.2,orb,0.8623,1.087,29.75,37.5,,,2023-05-17,2023,1.0,27.75,0.18207381370826012,152.41071428571428,Q1_narrow,A1_tight
2023-05-18 13:59:00+00:00,2023-05-18 14:29:00+00:00,long,359.28,orb,1.0373,0.2116,62.5,12.75,,,2023-05-18,2023,1.0,50.25,0.31818181818181823,157.92857142857142,Q1_narrow,A3
2023-05-19 13:49:00+00:00,2023-05-19 15:34:00+00:00,short,329.04,orb,1.1867,0.6145,49.25,25.5,,,2023-05-19,2023,1.0,40.25,0.25371454299864926,158.64285714285714,Q1_narrow,A2
2023-05-22 13:49:00+00:00,2023-05-22 20:09:00+00:00,long,-55.48,orb,0.236,0.8137,19.0,65.5,,,2023-05-22,2023,1.0,76.25,0.5040727186872861,151.26785714285714,Q3,A4_bloated
2023-05-23 13:54:00+00:00,2023-05-23 16:39:00+00:00,long,-394.96,orb,0.1385,1.5641,6.75,76.25,,,2023-05-23,2023,1.0,37.75,0.2560251907472447,147.44642857142858,Q1_narrow,A2
2023-05-24 14:04:00+00:00,2023-05-24 19:24:00+00:00,short,-353.22,orb,0.8584,1.1502,50.0,67.0,,,2023-05-24,2023,1.0,54.25,0.3662005785920926,148.14285714285714,Q2,A3
2023-05-25 14:24:00+00:00,2023-05-25 15:14:00+00:00,short,-217.24,orb,0.0394,1.1528,4.25,124.5,,,2023-05-25,2023,1.0,65.25,0.45239569146960507,144.23214285714286,Q2,A4_bloated
2023-05-26 13:49:00+00:00,2023-05-26 14:24:00+00:00,long,324.52,orb,1.0706,0.0092,87.25,0.75,,,2023-05-26,2023,1.0,74.25,0.46021029330381846,161.33928571428572,Q3,A4_bloated
2023-05-29 14:24:00+00:00,2023-05-29 16:49:00+00:00,long,378.42,orb,1.0435,0.3696,12.0,4.25,,,2023-05-29,2023,1.0,10.0,0.0626118067978533,159.71428571428572,Q1_narrow,A1_tight
2023-05-30 13:54:00+00:00,2023-05-30 20:09:00+00:00,short,69.76,orb,0.8503,0.3784,102.25,45.5,,,2023-05-30,2023,1.0,83.5,0.5140156095416071,162.44642857142858,Q3,A4_bloated
2023-05-31 13:49:00+00:00,2023-05-31 14:14:00+00:00,long,-287.48,orb,0.1754,1.0316,12.5,73.5,,,2023-05-31,2023,1.0,67.75,0.4076939608854503,166.17857142857142,Q2,A4_bloated
2023-06-01 14:04:00+00:00,2023-06-01 15:19:00+00:00,long,282.52,orb,1.1162,0.7113,79.25,50.5,,,2023-06-01,2023,1.0,61.75,0.3563478977741138,173.28571428571428,Q2,A3
2023-06-02 13:49:00+00:00,2023-06-02 20:09:00+00:00,short,-184.48,orb,0.8571,0.7843,73.5,67.25,,,2023-06-02,2023,1.0,54.5,0.31054131054131057,175.5,Q2,A2
2023-06-05 14:54:00+00:00,2023-06-05 18:34:00+00:00,long,-358.48,orb,0.4242,1.264,37.75,112.5,,,2023-06-05,2023,1.0,81.25,0.45454545454545453,178.75,Q3,A4_bloated
2023-06-06 14:24:00+00:00,2023-06-06 20:09:00+00:00,long,64.52,orb,0.6136,0.6881,45.25,50.75,,,2023-06-06,2023,1.0,45.5,0.2623288376402759,173.44642857142858,Q1_narrow,A2
2023-06-07 14:19:00+00:00,2023-06-07 14:44:00+00:00,short,374.52,orb,1.0239,0.0612,96.25,5.75,,,2023-06-07,2023,1.0,53.25,0.2913816689466484,182.75,Q2,A2
2023-06-08 14:14:00+00:00,2023-06-08 15:09:00+00:00,long,312.52,orb,1.0382,0.2006,81.5,15.75,,,2023-06-08,2023,1.0,69.0,0.36601307189542487,188.51785714285714,Q2,A3
2023-06-09 13:49:00+00:00,2023-06-09 15:29:00+00:00,long,-311.48,orb,0.6861,1.1133,53.0,86.0,,,2023-06-09,2023,1.0,79.0,0.40501693673899114,195.05357142857142,Q3,A3
2023-06-12 14:09:00+00:00,2023-06-12 14:49:00+00:00,short,-381.2,orb,0.44,1.3733,16.5,51.5,,,2023-06-12,2023,1.0,36.25,0.18176934097421205,199.42857142857142,Q1_narrow,A1_tight
2023-06-13 13:49:00+00:00,2023-06-13 20:09:00+00:00,short,-212.48,orb,0.9159,0.8377,79.0,72.25,,,2023-06-13,2023,1.0,68.0,0.33779827907389337,201.30357142857142,Q2,A3
2023-06-14 13:49:00+00:00,2023-06-14 15:14:00+00:00,long,381.78,orb,1.0117,0.2578,64.75,16.5,,,2023-06-14,2023,1.0,56.75,0.2760357856336315,205.58928571428572,Q2,A2
2023-06-15 13:49:00+00:00,2023-06-15 14:29:00+00:00,long,308.52,orb,1.0065,0.1516,78.0,11.75,,,2023-06-15,2023,1.0,79.5,0.39028666608223017,203.69642857142858,Q3,A3
2023-06-16 13:54:00+00:00,2023-06-16 20:09:00+00:00,short,60.76,orb,0.585,0.574,80.0,78.5,,,2023-06-16,2023,1.0,124.25,0.5769007544979686,215.375,Q4_wide,A4_bloated
2023-06-19 14:14:00+00:00,2023-06-20 00:04:00+00:00,short,-398.16,orb,0.0233,1.2093,0.5,26.0,,,2023-06-19,2023,1.0,14.5,0.07215212368935489,200.96428571428572,Q1_narrow,A1_tight
2023-06-20 13:49:00+00:00,2023-06-20 14:04:00+00:00,long,-374.48,orb,0.0269,1.0081,2.5,93.75,,,2023-06-20,2023,1.0,67.75,0.33436150524367675,202.625,Q2,A3
2023-06-21 13:49:00+00:00,2023-06-21 14:04:00+00:00,short,372.78,orb,1.264,0.16,79.0,10.0,,,2023-06-21,2023,1.0,60.0,0.30243024302430244,198.39285714285714,Q2,A2
2023-06-22 13:49:00+00:00,2023-06-22 15:44:00+00:00,long,209.26,orb,1.0095,0.1333,106.0,14.0,,,2023-06-22,2023,1.0,81.5,0.39835908178406215,204.58928571428572,Q3,A3
2023-06-23 13:49:00+00:00,2023-06-23 16:19:00+00:00,short,-383.48,orb,0.0735,1.189,7.0,113.25,,,2023-06-23,2023,1.0,92.5,0.4491848768643774,205.92857142857142,Q3,A4_bloated
2023-06-26 13:54:00+00:00,2023-06-26 15:09:00+00:00,long,-398.48,orb,0.2904,1.0884,28.75,107.75,,,2023-06-26,2023,1.0,69.0,0.31540282425924415,218.76785714285714,Q2,A3
2023-06-27 15:29:00+00:00,2023-06-27 16:49:00+00:00,long,335.52,orb,1.0208,0.1009,86.0,8.5,,,2023-06-27,2023,1.0,72.5,0.34471047716080827,210.32142857142858,Q3,A3
2023-06-28 14:19:00+00:00,2023-06-28 14:49:00+00:00,long,352.52,orb,1.0028,0.1525,88.75,13.5,,,2023-06-28,2023,1.0,75.75,0.36040781648258285,210.17857142857142,Q3,A3
2023-06-29 14:09:00+00:00,2023-06-29 20:09:00+00:00,short,-218.48,orb,0.3687,0.944,31.25,80.0,,,2023-06-29,2023,1.0,66.75,0.3258936355710549,204.82142857142858,Q2,A3
2023-06-30 13:49:00+00:00,2023-06-30 20:09:00+00:00,long,-9.48,orb,0.5549,0.4901,49.25,43.5,,,2023-06-30,2023,1.0,73.25,0.3694496982797442,198.26785714285714,Q3,A3
2023-07-03 13:49:00+00:00,2023-07-03 14:34:00+00:00,long,-403.7,orb,0.3208,1.0881,12.75,43.25,,,2023-07-03,2023,1.0,37.5,0.1950041786609713,192.30357142857142,Q1_narrow,A1_tight
2023-07-04 13:49:00+00:00,2023-07-04 14:24:00+00:00,short,367.8,orb,1.3462,0.7308,8.75,4.75,,,2023-07-04,2023,1.0,4.5,0.0254006652555186,177.16071428571428,Q1_narrow,A1_tight
2023-07-05 13:54:00+00:00,2023-07-05 20:09:00+00:00,long,-117.48,orb,0.5136,0.6576,47.25,60.5,,,2023-07-05,2023,1.0,66.75,0.41253724754442117,161.80357142857142,Q2,A4_bloated
2023-07-06 13:54:00+00:00,2023-07-06 16:34:00+00:00,short,-309.48,orb,0.3355,1.0033,25.75,77.0,,,2023-07-06,2023,1.0,63.0,0.4012738853503185,157.0,Q2,A3
2023-07-07 13:49:00+00:00,2023-07-07 14:34:00+00:00,long,-360.72,orb,0.4958,1.1597,29.5,69.0,,,2023-07-07,2023,1.0,53.75,0.3182491012899133,168.89285714285714,Q2,A3
2023-07-10 13:49:00+00:00,2023-07-10 16:04:00+00:00,short,267.52,orb,1.0929,0.8476,73.5,57.0,,,2023-07-10,2023,1.0,61.0,0.3662485257853544,166.55357142857142,Q2,A3
2023-07-11 14:04:00+00:00,2023-07-11 15:59:00+00:00,short,-202.74,orb,0.2283,1.0323,23.0,104.0,,,2023-07-11,2023,1.0,83.25,0.5102889667250438,163.14285714285714,Q3,A4_bloated
2023-07-12 13:49:00+00:00,2023-07-12 14:19:00+00:00,long,335.04,orb,1.2367,0.4379,52.25,18.5,,,2023-07-12,2023,1.0,40.0,0.2543720190779014,157.25,Q1_narrow,A2
2023-07-13 13:54:00+00:00,2023-07-13 19:04:00+00:00,long,267.52,orb,1.1636,0.8996,78.25,60.5,,,2023-07-13,2023,1.0,63.0,0.397252561648463,158.58928571428572,Q2,A3
2023-07-14 13:54:00+00:00,2023-07-14 18:29:00+00:00,long,-340.48,orb,0.6036,1.0651,51.0,90.0,,,2023-07-14,2023,1.0,60.5,0.4003781611912077,151.10714285714286,Q2,A3
2023-07-17 13:49:00+00:00,2023-07-17 15:29:00+00:00,short,-363.72,orb,0.2083,1.05,12.5,63.0,,,2023-07-17,2023,1.0,63.75,0.4378756286029682,145.58928571428572,Q2,A4_bloated
2023-07-18 15:44:00+00:00,2023-07-18 16:34:00+00:00,long,314.52,orb,1.0538,0.0063,83.25,0.5,,,2023-07-18,2023,1.0,49.5,0.323604949801541,152.96428571428572,Q1_narrow,A3
2023-07-19 15:14:00+00:00,2023-07-19 16:24:00+00:00,long,-390.72,orb,0.3178,1.031,20.5,66.5,,,2023-07-19,2023,1.0,59.5,0.38268060181463187,155.48214285714286,Q2,A3
2023-07-20 14:04:00+00:00,2023-07-20 14:29:00+00:00,short,278.52,orb,1.0964,0.1429,76.75,10.0,,,2023-07-20,2023,1.0,55.5,0.32547910775997485,170.51785714285714,Q2,A3
2023-07-21 13:49:00+00:00,2023-07-21 14:29:00+00:00,short,299.52,orb,1.2392,0.1262,93.25,9.5,,,2023-07-21,2023,1.0,68.0,0.3804575881706464,178.73214285714286,Q2,A3
2023-07-24 13:49:00+00:00,2023-07-24 13:54:00+00:00,short,362.28,orb,1.2181,0.0535,74.0,3.25,,,2023-07-24,2023,1.0,44.0,0.23608316566063045,186.375,Q1_narrow,A1_tight
2023-07-25 13:49:00+00:00,2023-07-25 17:04:00+00:00,long,341.28,orb,1.0218,0.7205,58.5,41.25,,,2023-07-25,2023,1.0,51.5,0.2732613227212431,188.46428571428572,Q1_narrow,A2
2023-07-26 14:59:00+00:00,2023-07-26 18:39:00+00:00,short,-204.74,orb,0.2187,1.2604,22.25,128.25,,,2023-07-26,2023,1.0,73.25,0.3844423617619494,190.53571428571428,Q3,A3
2023-07-27 14:24:00+00:00,2023-07-27 17:24:00+00:00,short,300.52,orb,1.0464,0.5033,79.0,38.0,,,2023-07-27,2023,1.0,78.5,0.382560264554869,205.19642857142858,Q3,A3
2023-07-28 13:49:00+00:00,2023-07-28 15:54:00+00:00,long,340.52,orb,1.0731,0.2251,91.75,19.25,,,2023-07-28,2023,1.0,79.25,0.3824872877704042,207.19642857142858,Q3,A3
2023-07-31 13:59:00+00:00,2023-07-31 20:09:00+00:00,short,-161.48,orb,0.3971,0.7509,27.5,52.0,,,2023-07-31,2023,1.0,58.5,0.2887615689731159,202.58928571428572,Q2,A2
2023-08-01 14:14:00+00:00,2023-08-01 14:34:00+00:00,short,-392.96,orb,0.5567,1.0206,27.0,49.5,,,2023-08-01,2023,1.0,43.75,0.2192589940934312,199.53571428571428,Q1_narrow,A1_tight
2023-08-02 14:09:00+00:00,2023-08-02 16:04:00+00:00,short,224.26,orb,1.1333,0.1044,127.5,11.75,,,2023-08-02,2023,1.0,71.75,0.3525798525798526,203.5,Q2,A3
2023-08-03 13:49:00+00:00,2023-08-03 16:49:00+00:00,long,338.52,orb,1.0,0.9765,85.0,83.0,,,2023-08-03,2023,1.0,62.25,0.3082773257870534,201.92857142857142,Q2,A2
2023-08-04 13:54:00+00:00,2023-08-04 16:29:00+00:00,short,-223.24,orb,0.7162,1.0833,79.5,120.25,,,2023-08-04,2023,1.0,87.5,0.41855300247715044,209.05357142857142,Q3,A4_bloated
2023-08-07 13:49:00+00:00,2023-08-07 19:54:00+00:00,short,-364.48,orb,0.5331,1.0773,48.25,97.5,,,2023-08-07,2023,1.0,87.0,0.4370290635091496,199.07142857142858,Q3,A4_bloated
2023-08-08 13:49:00+00:00,2023-08-08 20:09:00+00:00,short,-280.48,orb,0.7339,0.9005,68.25,83.75,,,2023-08-08,2023,1.0,62.75,0.31462082549914944,199.44642857142858,Q2,A3
2023-08-09 13:54:00+00:00,2023-08-09 15:14:00+00:00,short,359.52,orb,1.1136,0.2687,100.5,24.25,,,2023-08-09,2023,1.0,87.25,0.45813408345053913,190.44642857142858,Q3,A4_bloated
2023-08-10 13:49:00+00:00,2023-08-10 15:24:00+00:00,long,-209.24,orb,0.6226,1.1154,64.75,116.0,,,2023-08-10,2023,1.0,72.0,0.36317780580075665,198.25,Q3,A3
2023-08-11 14:14:00+00:00,2023-08-11 15:29:00+00:00,long,-300.48,orb,0.5671,1.0268,42.25,76.5,,,2023-08-11,2023,1.0,64.5,0.3251125112511251,198.39285714285714,Q2,A3
2023-08-14 13:54:00+00:00,2023-08-14 14:39:00+00:00,long,321.52,orb,1.1393,0.195,92.0,15.75,,,2023-08-14,2023,1.0,80.0,0.38936207196245437,205.46428571428572,Q3,A3
2023-08-15 13:49:00+00:00,2023-08-15 14:09:00+00:00,short,372.78,orb,1.192,0.332,74.5,20.75,,,2023-08-15,2023,1.0,70.75,0.34255576690299155,206.53571428571428,Q2,A3
2023-08-16 13:49:00+00:00,2023-08-16 15:54:00+00:00,long,-277.48,orb,0.3491,1.0764,24.0,74.0,,,2023-08-16,2023,1.0,57.5,0.2969657843770174,193.625,Q2,A2
2023-08-17 13:54:00+00:00,2023-08-17 18:49:00+00:00,short,366.52,orb,1.087,0.4592,100.0,42.25,,,2023-08-17,2023,1.0,62.75,0.31637705951201944,198.33928571428572,Q2,A3
2023-08-18 13:49:00+00:00,2023-08-18 14:04:00+00:00,long,-344.22,orb,0.2907,1.1454,16.5,65.0,,,2023-08-18,2023,1.0,46.0,0.2247426278136451,204.67857142857142,Q1_narrow,A1_tight
2023-08-21 13:59:00+00:00,2023-08-21 15:14:00+00:00,long,-217.24,orb,0.1736,1.0069,18.75,108.75,,,2023-08-21,2023,1.0,83.25,0.39249031823539315,212.10714285714286,Q3,A3
2023-08-22 13:54:00+00:00,2023-08-22 16:19:00+00:00,short,303.52,orb,1.0787,0.541,82.25,41.25,,,2023-08-22,2023,1.0,71.0,0.3449292964344582,205.83928571428572,Q2,A3
2023-08-23 13:49:00+00:00,2023-08-23 14:14:00+00:00,long,330.78,orb,1.3514,0.0901,75.0,5.0,,,2023-08-23,2023,1.0,48.0,0.2277387104973312,210.76785714285714,Q1_narrow,A1_tight
2023-08-24 13:49:00+00:00,2023-08-24 14:34:00+00:00,short,276.26,orb,1.0939,0.2419,151.5,33.5,,,2023-08-24,2023,1.0,114.0,0.5076739562624255,224.55357142857142,Q4_wide,A4_bloated
2023-08-25 13:59:00+00:00,2023-08-25 14:09:00+00:00,long,-342.72,orb,0.823,1.2035,46.5,68.0,,,2023-08-25,2023,1.0,46.5,0.19824895317853064,234.55357142857142,Q1_narrow,A1_tight
2023-08-28 14:44:00+00:00,2023-08-28 20:09:00+00:00,short,-268.48,orb,0.5308,0.8284,49.5,77.25,,,2023-08-28,2023,1.0,91.25,0.3906727828746177,233.57142857142858,Q3,A3
2023-08-29 13:49:00+00:00,2023-08-29 14:19:00+00:00,long,203.76,orb,1.0733,0.2103,109.75,21.5,,,2023-08-29,2023,1.0,93.5,0.3832247676205811,243.98214285714286,Q3,A3
2023-08-30 13:54:00+00:00,2023-08-30 14:29:00+00:00,long,-310.48,orb,0.5649,1.1526,43.5,88.75,,,2023-08-30,2023,1.0,61.25,0.2632588840279377,232.66071428571428,Q2,A2
2023-08-31 13:59:00+00:00,2023-08-31 20:09:00+00:00,long,-84.48,orb,0.5145,0.9486,40.0,73.75,,,2023-08-31,2023,1.0,49.5,0.21428571428571427,231.0,Q1_narrow,A1_tight
2023-09-01 13:49:00+00:00,2023-09-01 20:09:00+00:00,short,3.76,orb,0.4677,0.5582,63.25,75.5,,,2023-09-01,2023,1.0,129.75,0.5689007203257125,228.07142857142858,Q4_wide,A4_bloated
2023-09-04 13:54:00+00:00,2023-09-04 14:14:00+00:00,long,-402.66,orb,0.1149,1.023,2.5,22.25,,,2023-09-04,2023,1.0,17.0,0.07739837398373983,219.64285714285714,Q1_narrow,A1_tight
2023-09-05 14:04:00+00:00,2023-09-05 14:24:00+00:00,short,-369.72,orb,0.0328,1.0943,2.0,66.75,,,2023-09-05,2023,1.0,57.0,0.2653807781842368,214.78571428571428,Q2,A2
2023-09-06 14:04:00+00:00,2023-09-06 16:54:00+00:00,short,381.52,orb,1.0052,0.2245,96.25,21.5,,,2023-09-06,2023,1.0,53.75,0.25377286906668917,211.80357142857142,Q2,A2
2023-09-07 14:44:00+00:00,2023-09-07 20:09:00+00:00,long,-4.24,orb,0.3568,0.6498,40.5,73.75,,,2023-09-07,2023,1.0,83.5,0.39952153110047844,209.0,Q3,A3
2023-09-08 13:49:00+00:00,2023-09-08 18:59:00+00:00,long,-369.48,orb,0.3134,1.0109,28.75,92.75,,,2023-09-08,2023,1.0,66.25,0.32704513399153734,202.57142857142858,Q2,A3
2023-09-11 13:59:00+00:00,2023-09-11 17:34:00+00:00,short,-336.48,orb,0.3054,1.0359,25.5,86.5,,,2023-09-11,2023,1.0,75.0,0.36997885835095135,202.71428571428572,Q3,A3
2023-09-12 13:59:00+00:00,2023-09-12 14:29:00+00:00,long,-384.72,orb,0.0709,1.0866,4.5,69.0,,,2023-09-12,2023,1.0,60.75,0.30712286720231113,197.80357142857142,Q2,A2
2023-09-13 14:09:00+00:00,2023-09-13 14:44:00+00:00,short,-310.48,orb,0.3896,1.1429,30.0,88.0,,,2023-09-13,2023,1.0,44.0,0.24959481361426258,176.28571428571428,Q1_narrow,A2
2023-09-14 13:54:00+00:00,2023-09-14 14:44:00+00:00,short,-314.48,orb,0.3782,1.0962,29.5,85.5,,,2023-09-14,2023,1.0,40.75,0.24230197494160122,168.17857142857142,Q1_narrow,A2
2023-09-15 13:59:00+00:00,2023-09-15 17:24:00+00:00,short,229.26,orb,1.1283,0.1761,129.75,20.25,,,2023-09-15,2023,1.0,105.5,0.5950246751938766,177.30357142857142,Q4_wide,A4_bloated
2023-09-18 15:34:00+00:00,2023-09-18 20:09:00+00:00,long,-39.48,orb,0.2764,0.6125,25.5,56.5,,,2023-09-18,2023,1.0,79.25,0.49983106205653793,158.55357142857142,Q3,A4_bloated
2023-09-19 13:59:00+00:00,2023-09-19 17:49:00+00:00,short,-280.48,orb,0.7914,1.0899,55.0,75.75,,,2023-09-19,2023,1.0,49.25,0.30898498767645083,159.39285714285714,Q1_narrow,A2
2023-09-20 14:14:00+00:00,2023-09-20 18:04:00+00:00,short,342.78,orb,1.5087,0.3435,86.75,19.75,,,2023-09-20,2023,1.0,55.5,0.3228084752804321,171.92857142857142,Q2,A3
2023-09-21 13:49:00+00:00,2023-09-21 19:14:00+00:00,short,336.78,orb,1.1814,0.9779,66.75,55.25,,,2023-09-21,2023,1.0,48.0,0.283245521601686,169.46428571428572,Q1_narrow,A2
2023-09-22 13:59:00+00:00,2023-09-22 14:59:00+00:00,long,368.28,orb,1.0567,0.6194,65.25,38.25,,,2023-09-22,2023,1.0,45.0,0.2539298669891173,177.21428571428572,Q1_narrow,A2
2023-09-25 13:59:00+00:00,2023-09-25 20:09:00+00:00,long,243.52,orb,0.762,0.6524,71.25,61.0,,,2023-09-25,2023,1.0,85.0,0.47619047619047616,178.5,Q3,A4_bloated
2023-09-26 13:49:00+00:00,2023-09-26 14:14:00+00:00,short,371.04,orb,1.2941,0.0321,60.5,1.5,,,2023-09-26,2023,1.0,43.5,0.24603575396424604,176.80357142857142,Q1_narrow,A2
2023-09-27 14:04:00+00:00,2023-09-27 14:59:00+00:00,short,309.78,orb,1.1346,0.5962,59.0,31.0,,,2023-09-27,2023,1.0,54.75,0.29982397809505185,182.60714285714286,Q2,A2
2023-09-28 13:54:00+00:00,2023-09-28 15:24:00+00:00,long,299.52,orb,1.1296,0.7176,85.0,54.0,,,2023-09-28,2023,1.0,55.25,0.28531907045370714,193.64285714285714,Q2,A2
2023-09-29 13:49:00+00:00,2023-09-29 14:04:00+00:00,long,323.04,orb,1.0552,0.1595,43.0,6.5,,,2023-09-29,2023,1.0,37.75,0.18859844767597467,200.16071428571428,Q1_narrow,A1_tight
2023-10-02 14:04:00+00:00,2023-10-02 20:09:00+00:00,long,22.26,orb,0.4694,0.8794,63.25,118.5,,,2023-10-02,2023,1.0,108.75,0.5392243669204888,201.67857142857142,Q4_wide,A4_bloated
2023-10-03 13:49:00+00:00,2023-10-03 14:04:00+00:00,long,-348.72,orb,0.7565,1.3739,43.5,79.0,,,2023-10-03,2023,1.0,51.75,0.2430188679245283,212.94642857142858,Q1_narrow,A2
2023-10-04 14:29:00+00:00,2023-10-04 14:44:00+00:00,short,-386.48,orb,0.0,1.1641,0.0,111.75,,,2023-10-04,2023,1.0,64.0,0.2967624410035605,215.66071428571428,Q2,A2
2023-10-05 13:49:00+00:00,2023-10-05 14:09:00+00:00,short,316.52,orb,1.0,0.1352,79.5,10.75,,,2023-10-05,2023,1.0,71.25,0.33713561470215464,211.33928571428572,Q2,A3
2023-10-06 14:24:00+00:00,2023-10-06 15:29:00+00:00,long,242.26,orb,1.0412,0.0494,126.5,6.0,,,2023-10-06,2023,1.0,98.75,0.41748452362977506,236.53571428571428,Q3,A4_bloated
2023-10-09 13:49:00+00:00,2023-10-09 17:44:00+00:00,long,217.26,orb,1.0298,0.8601,112.25,93.75,,,2023-10-09,2023,1.0,96.25,0.39455383939682304,243.94642857142858,Q3,A3
2023-10-10 13:59:00+00:00,2023-10-10 14:34:00+00:00,long,360.78,orb,1.2479,0.0496,75.5,3.0,,,2023-10-10,2023,1.0,46.0,0.19342243580117133,237.82142857142858,Q1_narrow,A1_tight
2023-10-11 14:04:00+00:00,2023-10-11 20:04:00+00:00,short,-309.48,orb,0.7459,1.241,57.25,95.25,,,2023-10-11,2023,1.0,49.75,0.21109258978633128,235.67857142857142,Q1_narrow,A1_tight
2023-10-12 14:09:00+00:00,2023-10-12 17:09:00+00:00,long,-341.22,orb,0.8222,1.1467,46.25,64.5,,,2023-10-12,2023,1.0,50.25,0.2083209949659461,241.21428571428572,Q1_narrow,A1_tight
2023-10-13 14:14:00+00:00,2023-10-13 14:54:00+00:00,short,310.52,orb,1.3045,0.2179,101.75,17.0,,,2023-10-13,2023,1.0,55.0,0.2190455870848446,251.08928571428572,Q2,A1_tight
2023-10-16 14:19:00+00:00,2023-10-16 20:09:00+00:00,long,134.52,orb,0.7658,0.5474,72.75,52.0,,,2023-10-16,2023,1.0,85.0,0.34029167858164144,249.78571428571428,Q3,A3
2023-10-17 13:49:00+00:00,2023-10-17 14:09:00+00:00,short,-353.22,orb,0.5708,1.0944,33.25,63.75,,,2023-10-17,2023,1.0,63.75,0.2535151256923732,251.46428571428572,Q2,A2
2023-10-18 14:19:00+00:00,2023-10-18 14:39:00+00:00,long,-302.48,orb,0.3067,1.2833,23.0,96.25,,,2023-10-18,2023,1.0,76.25,0.3071500503524673,248.25,Q3,A2
2023-10-19 14:29:00+00:00,2023-10-19 16:04:00+00:00,short,-212.24,orb,0.3507,1.1517,37.0,121.5,,,2023-10-19,2023,1.0,87.75,0.3498255855342778,250.83928571428572,Q3,A3
2023-10-20 14:14:00+00:00,2023-10-20 14:59:00+00:00,short,202.26,orb,1.0025,0.2882,101.75,29.25,,,2023-10-20,2023,1.0,74.75,0.2946020128087832,253.73214285714286,Q3,A2
2023-10-23 13:59:00+00:00,2023-10-23 15:39:00+00:00,long,243.76,orb,1.0675,0.2106,130.5,25.75,,,2023-10-23,2023,1.0,107.75,0.4227266358413899,254.89285714285714,Q4_wide,A4_bloated
2023-10-24 14:29:00+00:00,2023-10-24 16:24:00+00:00,long,-341.48,orb,0.354,1.0973,30.0,93.0,,,2023-10-24,2023,1.0,75.0,0.29453015427769985,254.64285714285714,Q3,A2
2023-10-25 13:49:00+00:00,2023-10-25 17:39:00+00:00,short,272.26,orb,1.0073,0.5293,137.5,72.25,,,2023-10-25,2023,1.0,113.0,0.4355726872246696,259.42857142857144,Q4_wide,A4_bloated
2023-10-26 13:49:00+00:00,2023-10-26 15:24:00+00:00,short,382.52,orb,1.0807,0.2318,103.75,22.25,,,2023-10-26,2023,1.0,90.25,0.36174933791425096,249.48214285714286,Q3,A3
2023-10-27 13:49:00+00:00,2023-10-27 14:09:00+00:00,short,-320.22,orb,0.0995,1.1754,5.25,62.0,,,2023-10-27,2023,1.0,55.0,0.224653537563822,244.82142857142858,Q2,A1_tight
2023-10-30 13:49:00+00:00,2023-10-30 14:29:00+00:00,long,-256.74,orb,0.1076,1.0333,13.75,132.0,,,2023-10-30,2023,1.0,114.0,0.47020696766590553,242.44642857142858,Q4_wide,A4_bloated
2023-10-31 16:49:00+00:00,2023-10-31 20:09:00+00:00,long,70.26,orb,0.6216,0.211,67.75,23.0,,,2023-10-31,2023,1.0,90.5,0.3669804489500362,246.60714285714286,Q3,A3
2023-11-01 13:49:00+00:00,2023-11-01 14:24:00+00:00,long,357.78,orb,1.0125,0.7583,60.75,45.5,,,2023-11-01,2023,1.0,53.5,0.21730615797490388,246.19642857142858,Q2,A1_tight
2023-11-02 14:09:00+00:00,2023-11-02 14:54:00+00:00,short,-362.22,orb,0.3849,1.2134,23.0,72.5,,,2023-11-02,2023,1.0,48.75,0.20773093897428094,234.67857142857142,Q1_narrow,A1_tight
2023-11-03 13:49:00+00:00,2023-11-03 16:29:00+00:00,long,297.52,orb,1.01,0.8562,75.5,64.0,,,2023-11-03,2023,1.0,70.25,0.29697289952442063,236.55357142857142,Q2,A2
2023-11-06 15:14:00+00:00,2023-11-06 21:09:00+00:00,short,-157.48,orb,0.6915,0.8404,48.75,59.25,,,2023-11-06,2023,1.0,52.5,0.23169674521238867,226.58928571428572,Q1_narrow,A1_tight
2023-11-07 14:59:00+00:00,2023-11-07 15:49:00+00:00,long,293.52,orb,1.061,0.3424,78.25,25.25,,,2023-11-07,2023,1.0,61.75,0.27743902439024387,222.57142857142858,Q2,A2
2023-11-08 15:04:00+00:00,2023-11-08 17:09:00+00:00,short,354.78,orb,1.1723,0.5126,69.75,30.5,,,2023-11-08,2023,1.0,42.25,0.19978046103183314,211.48214285714286,Q1_narrow,A1_tight
2023-11-09 14:59:00+00:00,2023-11-09 15:09:00+00:00,long,-348.72,orb,0.1652,1.2304,9.5,70.75,,,2023-11-09,2023,1.0,40.5,0.19262782401902498,210.25,Q1_narrow,A1_tight
2023-11-10 14:54:00+00:00,2023-11-10 17:04:00+00:00,long,315.52,orb,1.0379,0.795,82.25,63.0,,,2023-11-10,2023,1.0,78.0,0.3760330578512397,207.42857142857142,Q3,A3
2023-11-13 14:54:00+00:00,2023-11-13 15:49:00+00:00,short,-380.22,orb,0.1713,1.1235,10.75,70.5,,,2023-11-13,2023,1.0,55.0,0.2739969753580642,200.73214285714286,Q2,A2
2023-11-14 14:59:00+00:00,2023-11-14 21:09:00+00:00,long,125.52,orb,0.7751,0.564,56.0,40.75,,,2023-11-14,2023,1.0,72.25,0.3800488446364832,190.10714285714286,Q3,A3
2023-11-15 14:54:00+00:00,2023-11-15 15:54:00+00:00,short,-333.72,orb,0.2227,1.0727,12.25,59.0,,,2023-11-15,2023,1.0,39.0,0.21949748743718595,177.67857142857142,Q1_narrow,A1_tight
2023-11-16 14:49:00+00:00,2023-11-16 15:44:00+00:00,long,-344.96,orb,0.8882,1.2588,37.75,53.5,,,2023-11-16,2023,1.0,44.0,0.25672015003125653,171.39285714285714,Q1_narrow,A2
2023-11-17 16:59:00+00:00,2023-11-17 19:09:00+00:00,long,383.04,orb,1.228,0.342,59.25,16.5,,,2023-11-17,2023,1.0,42.0,0.25082649034872556,167.44642857142858,Q1_narrow,A2
2023-11-20 14:59:00+00:00,2023-11-20 19:49:00+00:00,long,202.26,orb,1.0025,0.5788,101.75,58.75,,,2023-11-20,2023,1.0,60.0,0.35805626598465473,167.57142857142858,Q2,A3
2023-11-21 15:24:00+00:00,2023-11-21 21:09:00+00:00,short,-134.48,orb,0.3696,0.7459,28.0,56.5,,,2023-11-21,2023,1.0,40.5,0.25734710087370927,157.375,Q1_narrow,A2
2023-11-22 14:54:00+00:00,2023-11-22 21:09:00+00:00,short,29.26,orb,0.4651,0.3996,53.25,45.75,,,2023-11-22,2023,1.0,77.5,0.4860566692798745,159.44642857142858,Q3,A4_bloated
2023-11-23 15:04:00+00:00,2023-11-23 15:54:00+00:00,short,-412.62,orb,0.1475,1.0656,2.25,16.25,,,2023-11-23,2023,1.0,14.25,0.09649334945586457,147.67857142857142,Q1_narrow,A1_tight
2023-11-24 15:24:00+00:00,2023-11-27 02:34:00+00:00,short,315.78,orb,1.0283,0.4717,54.5,25.0,,,2023-11-24,2023,1.0,51.5,0.35697487312786236,144.26785714285714,Q1_narrow,A3
2023-11-27 15:09:00+00:00,2023-11-27 21:09:00+00:00,long,-150.48,orb,0.6102,0.6305,45.0,46.5,,,2023-11-27,2023,1.0,66.0,0.4737246859779543,139.32142857142858,Q2,A4_bloated
2023-11-28 14:54:00+00:00,2023-11-28 15:39:00+00:00,short,-382.96,orb,0.0265,1.1111,1.25,52.5,,,2023-11-28,2023,1.0,45.25,0.327771310309145,138.05357142857142,Q1_narrow,A3
2023-11-29 15:09:00+00:00,2023-11-29 16:29:00+00:00,short,336.52,orb,1.0,0.1065,84.5,9.0,,,2023-11-29,2023,1.0,50.75,0.3718435169436085,136.48214285714286,Q1_narrow,A3
2023-11-30 15:04:00+00:00,2023-11-30 21:09:00+00:00,short,-90.74,orb,0.5048,0.5973,65.5,77.5,,,2023-11-30,2023,1.0,92.25,0.7150173010380623,129.01785714285714,Q3,A4_bloated
2023-12-01 15:04:00+00:00,2023-12-01 15:29:00+00:00,long,-378.72,orb,0.188,1.036,11.75,64.75,,,2023-12-01,2023,1.0,67.75,0.507762312633833,133.42857142857142,Q2,A4_bloated
2023-12-04 15:14:00+00:00,2023-12-04 15:24:00+00:00,short,359.04,orb,1.5249,0.0718,69.0,3.25,,,2023-12-04,2023,1.0,44.5,0.3272058823529412,136.0,Q1_narrow,A3
2023-12-05 14:54:00+00:00,2023-12-05 15:04:00+00:00,long,274.52,orb,1.1014,0.0652,76.0,4.5,,,2023-12-05,2023,1.0,66.25,0.4788332472896231,138.35714285714286,Q2,A4_bloated
2023-12-06 15:04:00+00:00,2023-12-06 20:59:00+00:00,short,232.76,orb,1.0171,0.4497,118.75,52.5,,,2023-12-06,2023,1.0,74.25,0.5106853352984525,145.39285714285714,Q3,A4_bloated
2023-12-07 15:24:00+00:00,2023-12-07 21:09:00+00:00,long,111.52,orb,0.83,0.7291,72.0,63.25,,,2023-12-07,2023,1.0,58.75,0.39185326345878996,149.92857142857142,Q2,A3
2023-12-08 15:04:00+00:00,2023-12-08 21:09:00+00:00,long,165.52,orb,0.7609,0.5681,74.0,55.25,,,2023-12-08,2023,1.0,72.0,0.48707417250543605,147.82142857142858,Q3,A4_bloated
2023-12-11 14:54:00+00:00,2023-12-11 18:49:00+00:00,long,326.52,orb,1.0457,0.3598,85.75,29.5,,,2023-12-11,2023,1.0,74.25,0.486088379705401,152.75,Q3,A4_bloated
2023-12-12 14:59:00+00:00,2023-12-12 19:39:00+00:00,long,279.52,orb,1.0249,0.1779,72.0,12.5,,,2023-12-12,2023,1.0,49.0,0.318736206295737,153.73214285714286,Q1_narrow,A3
2023-12-13 16:24:00+00:00,2023-12-13 19:04:00+00:00,short,-321.72,orb,0.5283,1.2406,28.0,65.75,,,2023-12-13,2023,1.0,38.25,0.2269548633184997,168.53571428571428,Q1_narrow,A1_tight
2023-12-14 15:19:00+00:00,2023-12-14 16:19:00+00:00,short,347.28,orb,1.0129,0.2704,59.0,15.75,,,2023-12-14,2023,1.0,45.75,0.252463539613717,181.21428571428572,Q1_narrow,A2
2023-12-15 15:19:00+00:00,2023-12-15 18:44:00+00:00,long,-410.22,orb,0.5793,1.0996,39.25,74.5,,,2023-12-15,2023,1.0,57.25,0.3152099105299381,181.625,Q2,A3
2023-12-18 14:59:00+00:00,2023-12-18 17:14:00+00:00,long,365.04,orb,1.0598,0.5,48.75,23.0,,,2023-12-18,2023,1.0,31.25,0.1708984375,182.85714285714286,Q1_narrow,A1_tight
2023-12-19 15:34:00+00:00,2023-12-19 21:09:00+00:00,long,105.78,orb,0.5841,0.6168,31.25,33.0,,,2023-12-19,2023,1.0,42.5,0.24370264181855417,174.39285714285714,Q1_narrow,A2
2023-12-20 15:04:00+00:00,2023-12-20 19:39:00+00:00,long,-333.72,orb,0.8591,1.1636,47.25,64.0,,,2023-12-20,2023,1.0,44.0,0.24053104256149943,182.92857142857142,Q1_narrow,A2
2023-12-21 14:59:00+00:00,2023-12-21 17:59:00+00:00,short,389.28,orb,1.046,0.613,68.25,40.0,,,2023-12-21,2023,1.0,58.0,0.32145684877276326,180.42857142857142,Q2,A3
2023-12-22 16:04:00+00:00,2023-12-22 19:19:00+00:00,short,395.04,orb,1.1407,0.6884,56.75,34.25,,,2023-12-22,2023,1.0,47.75,0.2666533705624252,179.07142857142858,Q1_narrow,A2
2023-12-26 15:39:00+00:00,2023-12-26 20:34:00+00:00,long,413.04,orb,1.0288,0.6779,53.5,35.25,,,2023-12-26,2023,1.0,46.5,0.26735112936344974,173.92857142857142,Q1_narrow,A2
2023-12-27 15:14:00+00:00,2023-12-27 18:14:00+00:00,short,-363.72,orb,0.0542,1.1042,3.25,66.25,,,2023-12-27,2023,1.0,25.75,0.1568243610657966,164.19642857142858,Q1_narrow,A1_tight
2023-12-28 15:09:00+00:00,2023-12-28 21:09:00+00:00,short,129.04,orb,0.6875,0.7031,33.0,33.75,,,2023-12-28,2023,1.0,39.5,0.2514493577355917,157.08928571428572,Q1_narrow,A2
2023-12-29 14:54:00+00:00,2023-12-29 15:34:00+00:00,long,-397.18,orb,0.2072,1.2703,5.75,35.25,,,2023-12-29,2023,1.0,26.25,0.16676120249574589,157.41071428571428,Q1_narrow,A1_tight
2024-01-02 14:49:00+00:00,2024-01-02 21:09:00+00:00,short,8.26,orb,0.8336,0.3839,114.0,52.5,,,2024-01-02,2024,1.0,109.25,0.6703188342281143,162.98214285714286,Q4_wide,A4_bloated
2024-01-03 15:14:00+00:00,2024-01-03 21:09:00+00:00,short,140.52,orb,0.6495,0.8179,47.25,59.5,,,2024-01-03,2024,1.0,60.75,0.38113376652475917,159.39285714285714,Q2,A3
2024-01-04 15:09:00+00:00,2024-01-04 20:59:00+00:00,long,-283.48,orb,0.9964,1.1068,70.0,77.75,,,2024-01-04,2024,1.0,42.75,0.27853403141361255,153.48214285714286,Q1_narrow,A2
2024-01-05 15:04:00+00:00,2024-01-05 18:19:00+00:00,long,-413.48,orb,0.3577,1.073,36.75,110.25,,,2024-01-05,2024,1.0,49.5,0.3342981186685962,148.07142857142858,Q1_narrow,A3
2024-01-08 14:49:00+00:00,2024-01-08 15:44:00+00:00,long,305.52,orb,1.0065,0.0717,77.25,5.5,,,2024-01-08,2024,1.0,71.5,0.44622757160369997,160.23214285714286,Q2,A4_bloated
2024-01-09 15:09:00+00:00,2024-01-09 16:19:00+00:00,long,357.78,orb,1.0125,0.1458,60.75,8.75,,,2024-01-09,2024,1.0,54.0,0.3257216716932357,165.78571428571428,Q2,A3
2024-01-10 14:54:00+00:00,2024-01-10 15:44:00+00:00,short,-414.96,orb,0.4098,1.2732,21.0,65.25,,,2024-01-10,2024,1.0,26.25,0.15148392415498765,173.28571428571428,Q1_narrow,A1_tight
2024-01-11 14:49:00+00:00,2024-01-11 15:09:00+00:00,short,376.52,orb,1.2196,0.1349,115.25,12.75,,,2024-01-11,2024,1.0,81.5,0.4751197168436394,171.53571428571428,Q3,A4_bloated
2024-01-12 15:04:00+00:00,2024-01-12 21:09:00+00:00,short,-20.48,orb,0.5705,0.5893,45.5,47.0,,,2024-01-12,2024,1.0,68.5,0.4030258457659172,169.96428571428572,Q2,A3
2024-01-15 14:49:00+00:00,2024-01-15 15:39:00+00:00,short,-393.66,orb,0.4,1.0,8.5,21.25,,,2024-01-15,2024,1.0,14.0,0.08608762490392007,162.625,Q1_narrow,A1_tight
2024-01-16 15:19:00+00:00,2024-01-16 19:19:00+00:00,long,-382.48,orb,0.7184,1.0895,68.25,103.5,,,2024-01-16,2024,1.0,82.75,0.4930311735290988,167.83928571428572,Q3,A4_bloated
2024-01-17 14:49:00+00:00,2024-01-17 19:49:00+00:00,short,-228.24,orb,0.3524,1.0022,40.0,113.75,,,2024-01-17,2024,1.0,95.75,0.541999393510563,176.66071428571428,Q3,A4_bloated
2024-01-18 15:04:00+00:00,2024-01-18 15:39:00+00:00,short,-378.72,orb,0.084,1.152,5.25,72.0,,,2024-01-18,2024,1.0,43.25,0.23491755577109602,184.10714285714286,Q1_narrow,A1_tight
2024-01-19 14:54:00+00:00,2024-01-19 16:14:00+00:00,long,347.04,orb,1.2686,0.9429,55.5,41.25,,,2024-01-19,2024,1.0,43.0,0.22379182156133828,192.14285714285714,Q1_narrow,A1_tight
2024-01-22 15:29:00+00:00,2024-01-22 21:09:00+00:00,short,150.52,orb,0.5541,0.268,53.75,26.0,,,2024-01-22,2024,1.0,93.0,0.5027027027027027,185.0,Q3,A4_bloated
2024-01-23 17:59:00+00:00,2024-01-23 21:09:00+00:00,long,121.52,orb,0.8156,0.3719,65.25,29.75,,,2024-01-23,2024,1.0,68.0,0.3664004618493216,185.58928571428572,Q2,A3
2024-01-24 15:19:00+00:00,2024-01-24 17:29:00+00:00,long,392.28,orb,1.0722,0.2319,70.5,15.25,,,2024-01-24,2024,1.0,49.5,0.26249999999999996,188.57142857142858,Q1_narrow,A2
2024-01-25 14:59:00+00:00,2024-01-25 15:24:00+00:00,short,-353.22,orb,0.3262,1.1416,19.0,66.5,,,2024-01-25,2024,1.0,39.25,0.20530543620399777,191.17857142857142,Q1_narrow,A1_tight
2024-01-26 15:04:00+00:00,2024-01-26 15:29:00+00:00,short,-354.96,orb,0.5257,1.2571,23.0,55.0,,,2024-01-26,2024,1.0,43.5,0.24262948207171317,179.28571428571428,Q1_narrow,A2
2024-01-29 17:14:00+00:00,2024-01-29 20:04:00+00:00,long,323.28,orb,1.6452,0.1475,89.25,8.0,,,2024-01-29,2024,1.0,53.75,0.301180708425055,178.46428571428572,Q2,A2
2024-01-30 15:04:00+00:00,2024-01-30 17:24:00+00:00,short,403.8,orb,1.2086,0.589,49.25,24.0,,,2024-01-30,2024,1.0,21.0,0.11982881597717546,175.25,Q1_narrow,A1_tight
2024-01-31 15:14:00+00:00,2024-01-31 19:39:00+00:00,short,-361.48,orb,0.5905,1.1031,53.0,99.0,,,2024-01-31,2024,1.0,79.25,0.4591351127663977,172.60714285714286,Q3,A4_bloated
2024-02-01 15:09:00+00:00,2024-02-01 15:54:00+00:00,long,-354.72,orb,0.3205,1.1538,18.75,67.5,,,2024-02-01,2024,1.0,43.5,0.24588674674472596,176.91071428571428,Q1_narrow,A2
2024-02-02 14:49:00+00:00,2024-02-02 16:54:00+00:00,long,240.26,orb,1.0913,0.3133,131.5,37.75,,,2024-02-02,2024,1.0,140.75,0.7181122448979592,196.0,Q4_wide,A4_bloated
2024-02-05 14:49:00+00:00,2024-02-05 15:19:00+00:00,short,367.04,orb,1.9459,0.373,90.0,17.25,,,2024-02-05,2024,1.0,46.0,0.23362960275711955,196.89285714285714,Q1_narrow,A1_tight
2024-02-06 14:49:00+00:00,2024-02-06 15:04:00+00:00,short,277.52,orb,1.0502,0.0573,73.25,4.0,,,2024-02-06,2024,1.0,65.5,0.3313160509439075,197.69642857142858,Q2,A3
2024-02-07 15:14:00+00:00,2024-02-07 21:09:00+00:00,long,125.52,orb,0.8018,0.3373,67.75,28.5,,,2024-02-07,2024,1.0,50.0,0.2553579571363429,195.80357142857142,Q1_narrow,A2
2024-02-08 15:04:00+00:00,2024-02-08 21:09:00+00:00,long,25.04,orb,0.9611,0.65,43.25,29.25,,,2024-02-08,2024,1.0,44.5,0.2445054945054945,182.0,Q1_narrow,A2
2024-02-09 14:54:00+00:00,2024-02-09 15:04:00+00:00,long,366.3,orb,1.0676,0.1014,39.5,3.75,,,2024-02-09,2024,1.0,34.75,0.1876205167759352,185.21428571428572,Q1_narrow,A1_tight
2024-02-12 15:44:00+00:00,2024-02-12 16:34:00+00:00,long,413.04,orb,1.0481,0.0481,54.5,2.5,,,2024-02-12,2024,1.0,43.75,0.23213947318552206,188.46428571428572,Q1_narrow,A1_tight
2024-02-13 14:54:00+00:00,2024-02-13 15:39:00+00:00,long,364.52,orb,1.123,0.5191,102.75,47.5,,,2024-02-13,2024,1.0,70.5,0.36572487262621584,192.76785714285714,Q2,A3
2024-02-14 15:19:00+00:00,2024-02-14 16:04:00+00:00,long,-333.48,orb,0.2538,1.4562,21.0,120.5,,,2024-02-14,2024,1.0,76.0,0.39620182461366593,191.82142857142858,Q3,A3
2024-02-15 14:54:00+00:00,2024-02-15 18:19:00+00:00,short,-313.48,orb,0.5756,1.1897,44.75,92.5,,,2024-02-15,2024,1.0,65.0,0.3358553238604909,193.53571428571428,Q2,A3
2024-02-16 14:49:00+00:00,2024-02-16 14:54:00+00:00,short,401.28,orb,1.3383,0.0595,90.0,4.0,,,2024-02-16,2024,1.0,47.5,0.24446282510798642,194.30357142857142,Q1_narrow,A2
2024-02-19 15:19:00+00:00,2024-02-19 23:14:00+00:00,short,390.08,orb,1.2323,0.5657,30.5,14.0,,,2024-02-19,2024,1.0,22.5,0.12028639618138426,187.05357142857142,Q1_narrow,A1_tight
2024-02-20 15:04:00+00:00,2024-02-20 21:09:00+00:00,short,-89.24,orb,0.4623,0.4111,85.75,76.25,,,2024-02-20,2024,1.0,164.75,0.8747511140608704,188.33928571428572,Q4_wide,A4_bloated
2024-02-21 15:04:00+00:00,2024-02-21 15:34:00+00:00,long,-407.22,orb,0.0037,1.0223,0.25,68.75,,,2024-02-21,2024,1.0,56.25,0.30048650195554705,187.19642857142858,Q2,A2
2024-02-22 14:49:00+00:00,2024-02-22 18:29:00+00:00,long,325.52,orb,1.0092,0.6667,82.5,54.5,,,2024-02-22,2024,1.0,70.0,0.3867784903798717,180.98214285714286,Q2,A3
2024-02-23 14:59:00+00:00,2024-02-23 15:59:00+00:00,short,387.78,orb,1.0192,0.2,66.25,13.0,,,2024-02-23,2024,1.0,39.75,0.2189867191342843,181.51785714285714,Q1_narrow,A1_tight
2024-02-26 14:59:00+00:00,2024-02-26 16:54:00+00:00,short,-395.22,orb,0.2605,1.1264,17.0,73.5,,,2024-02-26,2024,1.0,65.0,0.3748326639892905,173.41071428571428,Q2,A3
2024-02-27 15:19:00+00:00,2024-02-27 17:54:00+00:00,long,-351.48,orb,0.0458,1.0487,4.0,91.5,,,2024-02-27,2024,1.0,86.25,0.5042279987472597,171.05357142857142,Q3,A4_bloated
2024-02-28 14:54:00+00:00,2024-02-28 16:04:00+00:00,short,-362.22,orb,0.113,1.2008,6.75,71.75,,,2024-02-28,2024,1.0,45.25,0.26338218480407444,171.80357142857142,Q1_narrow,A2
2024-02-29 15:14:00+00:00,2024-02-29 16:44:00+00:00,short,337.52,orb,1.0531,0.5959,89.25,50.5,,,2024-02-29,2024,1.0,41.5,0.24003305102251601,172.89285714285714,Q1_narrow,A2
2024-03-01 15:09:00+00:00,2024-03-01 17:14:00+00:00,long,315.52,orb,1.0095,0.3722,80.0,29.5,,,2024-03-01,2024,1.0,40.25,0.2242562929061785,179.48214285714286,Q1_narrow,A1_tight
2024-03-04 16:34:00+00:00,2024-03-04 19:39:00+00:00,short,-404.96,orb,0.285,1.24,14.25,62.0,,,2024-03-04,2024,1.0,40.75,0.24183976261127596,168.5,Q1_narrow,A2
2024-03-05 14:49:00+00:00,2024-03-05 15:24:00+00:00,short,355.52,orb,1.0112,0.4258,90.25,38.0,,,2024-03-05,2024,1.0,85.75,0.48810733889001834,175.67857142857142,Q3,A4_bloated
2024-03-06 14:54:00+00:00,2024-03-06 15:04:00+00:00,short,381.78,orb,1.0977,0.1172,70.25,7.5,,,2024-03-06,2024,1.0,57.25,0.3183397875086883,179.83928571428572,Q2,A3
2024-03-07 14:49:00+00:00,2024-03-07 15:19:00+00:00,short,-411.72,orb,0.1176,1.125,8.0,76.5,,,2024-03-07,2024,1.0,84.25,0.46223180170471245,182.26785714285714,Q3,A4_bloated
2024-03-08 14:49:00+00:00,2024-03-08 15:14:00+00:00,long,407.28,orb,1.0366,0.1355,70.75,9.25,,,2024-03-08,2024,1.0,65.0,0.3094448695060784,210.05357142857142,Q2,A2
2024-03-11 13:59:00+00:00,2024-03-11 14:54:00+00:00,short,-404.48,orb,0.0871,1.1144,8.75,112.0,,,2024-03-11,2024,1.0,93.0,0.4643366619115549,200.28571428571428,Q3,A4_bloated
2024-03-12 14:24:00+00:00,2024-03-12 20:09:00+00:00,long,223.26,orb,0.8537,0.2195,131.25,33.75,,,2024-03-12,2024,1.0,149.25,0.7101104502973662,210.17857142857142,Q4_wide,A4_bloated
2024-03-13 13:49:00+00:00,2024-03-13 20:09:00+00:00,short,36.52,orb,0.8644,0.6814,68.5,54.0,,,2024-03-13,2024,1.0,61.0,0.29980691592066,203.46428571428572,Q2,A2
2024-03-14 13:49:00+00:00,2024-03-14 20:09:00+00:00,short,5.76,orb,0.9306,0.5449,114.0,66.75,,,2024-03-14,2024,1.0,62.25,0.3019227438073792,206.17857142857142,Q2,A2
2024-03-15 14:04:00+00:00,2024-03-15 20:09:00+00:00,short,-13.48,orb,0.6193,0.9783,64.25,101.5,,,2024-03-15,2024,1.0,94.0,0.44478242501056187,211.33928571428572,Q3,A4_bloated
2024-03-18 14:24:00+00:00,2024-03-18 15:54:00+00:00,long,-324.48,orb,0.2826,1.0155,22.75,81.75,,,2024-03-18,2024,1.0,65.0,0.30325751895359493,214.33928571428572,Q2,A2
2024-03-19 15:34:00+00:00,2024-03-19 16:49:00+00:00,long,396.52,orb,1.0126,0.2035,100.75,20.25,,,2024-03-19,2024,1.0,98.5,0.43948689347462355,224.125,Q3,A4_bloated
2024-03-20 18:04:00+00:00,2024-03-20 19:19:00+00:00,long,224.76,orb,1.0931,0.6718,123.25,75.75,,,2024-03-20,2024,1.0,86.25,0.3797766944488127,227.10714285714286,Q3,A3
2024-03-21 13:49:00+00:00,2024-03-21 18:39:00+00:00,short,282.52,orb,1.0563,0.9824,75.0,69.75,,,2024-03-21,2024,1.0,53.75,0.24603563838482914,218.46428571428572,Q2,A2
2024-03-22 13:49:00+00:00,2024-03-22 14:04:00+00:00,short,-428.7,orb,0.0,1.3077,0.0,55.25,,,2024-03-22,2024,1.0,43.75,0.1983163347903513,220.60714285714286,Q1_narrow,A1_tight
2024-03-25 13:54:00+00:00,2024-03-25 15:49:00+00:00,long,411.78,orb,1.0072,0.25,69.5,17.25,,,2024-03-25,2024,1.0,66.0,0.3134062579496311,210.58928571428572,Q2,A3
2024-03-26 14:04:00+00:00,2024-03-26 14:29:00+00:00,long,-342.72,orb,0.0177,1.0398,1.0,58.75,,,2024-03-26,2024,1.0,40.0,0.19265502709211318,207.625,Q1_narrow,A1_tight
2024-03-27 13:54:00+00:00,2024-03-27 20:09:00+00:00,short,-212.48,orb,0.8558,0.5529,89.0,57.5,,,2024-03-27,2024,1.0,74.5,0.3662862159789289,203.39285714285714,Q3,A3
2024-03-28 13:49:00+00:00,2024-03-28 17:19:00+00:00,long,-350.22,orb,0.4069,1.0606,23.5,61.25,,,2024-03-28,2024,1.0,59.0,0.3286254227173265,179.53571428571428,Q2,A3
2024-04-01 14:54:00+00:00,2024-04-01 20:09:00+00:00,short,-48.24,orb,0.457,0.3059,59.75,40.0,,,2024-04-01,2024,1.0,122.75,0.6683519688867283,183.66071428571428,Q4_wide,A4_bloated
2024-04-02 14:14:00+00:00,2024-04-02 17:04:00+00:00,short,-305.48,orb,0.1914,1.0759,14.5,81.5,,,2024-04-02,2024,1.0,68.25,0.3972972972972973,171.78571428571428,Q2,A3
2024-04-03 14:04:00+00:00,2024-04-03 20:09:00+00:00,long,68.76,orb,0.8803,0.439,99.25,49.5,,,2024-04-03,2024,1.0,37.5,0.21156558533145275,177.25,Q1_narrow,A1_tight
2024-04-04 13:54:00+00:00,2024-04-04 18:09:00+00:00,short,397.04,orb,1.31,0.98,65.5,49.0,,,2024-04-04,2024,1.0,40.25,0.20539456898122835,195.96428571428572,Q1_narrow,A1_tight
2024-04-05 13:49:00+00:00,2024-04-05 14:54:00+00:00,long,332.52,orb,1.2186,0.1407,101.75,11.75,,,2024-04-05,2024,1.0,79.75,0.38720305184671405,205.96428571428572,Q3,A3
2024-04-08 14:29:00+00:00,2024-04-08 20:09:00+00:00,long,-107.48,orb,0.3488,0.861,35.75,88.25,,,2024-04-08,2024,1.0,96.5,0.47299781181619255,204.01785714285714,Q3,A4_bloated
2024-04-09 13:59:00+00:00,2024-04-09 14:29:00+00:00,short,372.78,orb,1.148,0.444,71.75,27.75,,,2024-04-09,2024,1.0,62.25,0.3042415779368127,204.60714285714286,Q2,A2
2024-04-10 14:39:00+00:00,2024-04-10 17:09:00+00:00,long,-410.48,orb,0.0147,1.0098,1.5,103.0,,,2024-04-10,2024,1.0,77.25,0.39503241713085563,195.55357142857142,Q3,A3
2024-04-11 14:14:00+00:00,2024-04-11 15:19:00+00:00,short,-371.22,orb,0.702,1.0245,43.0,62.75,,,2024-04-11,2024,1.0,50.75,0.2424500938406415,209.32142857142858,Q1_narrow,A2
2024-04-12 13:54:00+00:00,2024-04-12 14:09:00+00:00,long,-320.22,orb,0.1754,1.2891,9.25,68.0,,,2024-04-12,2024,1.0,46.0,0.21271676300578035,216.25,Q1_narrow,A1_tight
2024-04-15 14:09:00+00:00,2024-04-15 16:24:00+00:00,short,391.52,orb,1.0992,0.2087,108.0,20.5,,,2024-04-15,2024,1.0,54.5,0.22740481335220925,239.66071428571428,Q2,A1_tight
2024-04-16 13:59:00+00:00,2024-04-16 14:39:00+00:00,long,-381.72,orb,0.5317,1.0079,33.5,63.5,,,2024-04-16,2024,1.0,52.75,0.22005363528009533,239.71428571428572,Q2,A1_tight
2024-04-17 13:49:00+00:00,2024-04-17 14:04:00+00:00,short,324.78,orb,1.2156,0.1927,66.25,10.5,,,2024-04-17,2024,1.0,43.0,0.17127818479265952,251.05357142857142,Q1_narrow,A1_tight
2024-04-18 14:39:00+00:00,2024-04-18 17:24:00+00:00,long,-261.74,orb,0.4875,1.1036,63.5,143.75,,,2024-04-18,2024,1.0,122.25,0.4670487106017192,261.75,Q4_wide,A4_bloated
2024-04-19 14:14:00+00:00,2024-04-19 15:29:00+00:00,short,357.52,orb,1.0279,0.2033,92.25,18.25,,,2024-04-19,2024,1.0,69.0,0.24924208217764304,276.8392857142857,Q2,A2
2024-04-22 13:49:00+00:00,2024-04-22 14:09:00+00:00,long,-387.72,orb,0.0508,1.0117,3.25,64.75,,,2024-04-22,2024,1.0,43.0,0.1493889199081829,287.8392857142857,Q1_narrow,A1_tight
2024-04-23 13:49:00+00:00,2024-04-23 14:29:00+00:00,long,289.52,orb,1.1546,0.433,84.0,31.5,,,2024-04-23,2024,1.0,102.0,0.35105402249400774,290.55357142857144,Q3,A3
2024-04-24 14:39:00+00:00,2024-04-24 15:44:00+00:00,short,305.52,orb,1.1303,0.114,86.75,8.75,,,2024-04-24,2024,1.0,73.75,0.27190730133649355,271.23214285714283,Q3,A2
2024-04-25 14:14:00+00:00,2024-04-25 17:04:00+00:00,long,410.52,orb,1.0388,0.6772,107.0,69.75,,,2024-04-25,2024,1.0,68.75,0.252790544977019,271.9642857142857,Q2,A2
2024-04-26 13:54:00+00:00,2024-04-26 17:29:00+00:00,long,225.26,orb,1.0354,0.1128,117.0,12.75,,,2024-04-26,2024,1.0,97.0,0.34800435646101613,278.73214285714283,Q3,A3
2024-04-29 19:04:00+00:00,2024-04-29 20:09:00+00:00,short,-204.24,orb,0.1864,0.8738,24.75,116.0,,,2024-04-29,2024,1.0,117.25,0.43019065714472904,272.55357142857144,Q4_wide,A4_bloated
2024-04-30 15:04:00+00:00,2024-04-30 15:34:00+00:00,short,422.28,orb,1.0707,0.106,75.75,7.5,,,2024-04-30,2024,1.0,62.75,0.21777392166584034,288.14285714285717,Q2,A1_tight
2024-05-01 14:04:00+00:00,2024-05-01 18:04:00+00:00,short,-419.22,orb,0.704,1.0686,48.75,74.0,,,2024-05-01,2024,1.0,44.5,0.15274287465522524,291.3392857142857,Q1_narrow,A1_tight
2024-05-02 13:49:00+00:00,2024-05-02 17:29:00+00:00,short,-222.24,orb,0.9548,1.043,105.5,115.25,,,2024-05-02,2024,1.0,66.5,0.22406738868832732,296.7857142857143,Q2,A1_tight
2024-05-03 13:49:00+00:00,2024-05-03 14:14:00+00:00,long,-305.48,orb,0.7261,1.0957,55.0,83.0,,,2024-05-03,2024,1.0,76.75,0.2807865682367544,273.3392857142857,Q3,A2
2024-05-06 13:59:00+00:00,2024-05-06 19:54:00+00:00,long,399.78,orb,1.0,0.6381,67.0,42.75,,,2024-05-06,2024,1.0,58.75,0.21575185258049706,272.30357142857144,Q2,A1_tight
2024-05-07 13:59:00+00:00,2024-05-07 14:59:00+00:00,short,-346.96,orb,0.2632,1.3743,11.25,58.75,,,2024-05-07,2024,1.0,33.25,0.1303465173258663,255.08928571428572,Q1_narrow,A1_tight
2024-05-08 13:49:00+00:00,2024-05-08 14:49:00+00:00,long,306.52,orb,1.1234,0.1299,86.5,10.0,,,2024-05-08,2024,1.0,40.25,0.16184390033747395,248.69642857142858,Q1_narrow,A1_tight
2024-05-09 13:49:00+00:00,2024-05-09 14:39:00+00:00,short,-360.48,orb,0.0335,1.1089,3.0,99.25,,,2024-05-09,2024,1.0,82.75,0.361072152095995,229.17857142857142,Q3,A3
2024-05-10 13:49:00+00:00,2024-05-10 14:19:00+00:00,long,-341.48,orb,0.0354,1.1121,3.0,94.25,,,2024-05-10,2024,1.0,73.5,0.3353430014665146,219.17857142857142,Q3,A3
2024-05-13 13:49:00+00:00,2024-05-13 20:09:00+00:00,short,-102.48,orb,0.3512,0.6722,26.25,50.25,,,2024-05-13,2024,1.0,70.5,0.33789798014378636,208.64285714285714,Q2,A3
2024-05-14 14:24:00+00:00,2024-05-14 19:24:00+00:00,long,310.52,orb,1.1186,0.7756,87.25,60.5,,,2024-05-14,2024,1.0,57.75,0.2826675989861026,204.30357142857142,Q2,A2
2024-05-15 13:49:00+00:00,2024-05-15 14:19:00+00:00,short,-344.22,orb,0.4978,1.0352,28.25,58.75,,,2024-05-15,2024,1.0,49.0,0.24460688179711176,200.32142857142858,Q1_narrow,A2
2024-05-16 13:49:00+00:00,2024-05-16 14:59:00+00:00,long,388.56,orb,1.3664,0.9542,44.75,31.25,,,2024-05-16,2024,1.0,28.0,0.1455355485427882,192.39285714285714,Q1_narrow,A1_tight
2024-05-17 13:49:00+00:00,2024-05-17 14:34:00+00:00,short,-421.68,orb,0.5847,1.2881,17.25,38.0,,,2024-05-17,2024,1.0,29.75,0.1561240745946959,190.55357142857142,Q1_narrow,A1_tight
2024-05-20 13:54:00+00:00,2024-05-20 20:09:00+00:00,long,5.76,orb,0.4825,0.3333,51.75,35.75,,,2024-05-20,2024,1.0,72.75,0.41105841993744324,176.98214285714286,Q3,A4_bloated
2024-05-21 13:54:00+00:00,2024-05-21 14:39:00+00:00,long,391.3,orb,1.038,0.4051,41.0,16.0,,,2024-05-21,2024,1.0,36.0,0.2275908783020998,158.17857142857142,Q1_narrow,A1_tight
2024-05-22 15:04:00+00:00,2024-05-22 17:39:00+00:00,long,-418.7,orb,0.2061,1.5273,8.5,63.0,,,2024-05-22,2024,1.0,37.5,0.25365382292547406,147.83928571428572,Q1_narrow,A2
2024-05-23 13:49:00+00:00,2024-05-23 14:54:00+00:00,short,293.52,orb,1.0237,0.0949,75.5,7.0,,,2024-05-23,2024,1.0,72.5,0.4487179487179487,161.57142857142858,Q3,A4_bloated
2024-05-24 14:04:00+00:00,2024-05-24 14:29:00+00:00,long,389.04,orb,1.1378,0.148,55.75,7.25,,,2024-05-24,2024,1.0,46.0,0.28,164.28571428571428,Q1_narrow,A2
2024-05-27 15:04:00+00:00,2024-05-27 16:29:00+00:00,long,351.3,orb,1.0915,0.0563,38.75,2.0,,,2024-05-27,2024,1.0,24.5,0.15042210283960092,162.875,Q1_narrow,A1_tight
2024-05-28 13:49:00+00:00,2024-05-28 15:34:00+00:00,short,-359.48,orb,0.0504,1.0364,4.5,92.5,,,2024-05-28,2024,1.0,82.5,0.5070237050043898,162.71428571428572,Q3,A4_bloated
2024-05-29 13:54:00+00:00,2024-05-29 20:09:00+00:00,long,-192.48,orb,0.454,0.7086,37.0,57.75,,,2024-05-29,2024,1.0,38.5,0.23976868327402134,160.57142857142858,Q1_narrow,A2
2024-05-30 14:34:00+00:00,2024-05-30 19:39:00+00:00,short,325.52,orb,1.1407,0.5076,93.25,41.5,,,2024-05-30,2024,1.0,72.5,0.4390613171839515,165.125,Q3,A4_bloated
2024-05-31 13:54:00+00:00,2024-05-31 14:24:00+00:00,short,348.52,orb,1.4714,0.1543,128.75,13.5,,,2024-05-31,2024,1.0,55.75,0.29950115118956255,186.14285714285714,Q2,A2
2024-06-03 13:54:00+00:00,2024-06-03 14:49:00+00:00,short,360.78,orb,1.3636,0.657,82.5,39.75,,,2024-06-03,2024,1.0,51.25,0.2601287047947068,197.01785714285714,Q1_narrow,A2
2024-06-04 14:14:00+00:00,2024-06-04 14:44:00+00:00,short,-290.48,orb,0.0938,1.059,6.75,76.25,,,2024-06-04,2024,1.0,56.5,0.2947643003540153,191.67857142857142,Q2,A2
2024-06-05 13:59:00+00:00,2024-06-05 14:04:00+00:00,long,-356.96,orb,0.0966,1.3182,4.25,58.0,,,2024-06-05,2024,1.0,34.25,0.16879345243333627,202.91071428571428,Q1_narrow,A1_tight
2024-06-06 13:49:00+00:00,2024-06-06 18:14:00+00:00,short,389.04,orb,1.0051,0.8163,49.25,40.0,,,2024-06-06,2024,1.0,32.25,0.16083355597114615,200.51785714285714,Q1_narrow,A1_tight
2024-06-07 13:54:00+00:00,2024-06-07 14:49:00+00:00,long,371.28,orb,1.004,0.5944,62.5,37.0,,,2024-06-07,2024,1.0,38.0,0.18897078412219162,201.08928571428572,Q1_narrow,A1_tight
2024-06-10 14:29:00+00:00,2024-06-10 15:34:00+00:00,long,339.78,orb,1.1535,0.2237,65.75,12.75,,,2024-06-10,2024,1.0,46.0,0.22704036664903932,202.60714285714286,Q1_narrow,A1_tight
2024-06-11 13:49:00+00:00,2024-06-11 14:29:00+00:00,short,-294.48,orb,0.2705,1.0548,19.75,77.0,,,2024-06-11,2024,1.0,41.25,0.19676320272572403,209.64285714285714,Q1_narrow,A1_tight
2024-06-12 13:49:00+00:00,2024-06-12 20:09:00+00:00,long,-26.74,orb,0.7812,0.5167,93.75,62.0,,,2024-06-12,2024,1.0,113.25,0.5671615095689502,199.67857142857142,Q4_wide,A4_bloated
2024-06-13 14:14:00+00:00,2024-06-13 16:29:00+00:00,short,307.52,orb,1.1068,0.2977,85.5,23.0,,,2024-06-13,2024,1.0,45.25,0.22907250045199784,197.53571428571428,Q1_narrow,A1_tight
2024-06-14 13:49:00+00:00,2024-06-14 19:59:00+00:00,long,392.28,orb,1.0532,0.9087,69.25,59.75,,,2024-06-14,2024,1.0,53.75,0.2667730213595675,201.48214285714286,Q2,A2
2024-06-17 13:49:00+00:00,2024-06-17 14:14:00+00:00,short,-392.22,orb,0.0,1.0811,0.0,70.0,,,2024-06-17,2024,1.0,45.75,0.21115964724305614,216.66071428571428,Q1_narrow,A1_tight
2024-06-18 13:49:00+00:00,2024-06-18 15:14:00+00:00,short,349.04,orb,1.0966,0.8636,48.25,38.0,,,2024-06-18,2024,1.0,38.5,0.17765326301911666,216.71428571428572,Q1_narrow,A1_tight
2024-06-19 14:34:00+00:00,2024-06-20 00:54:00+00:00,short,-437.92,orb,0.0748,1.0561,2.0,28.25,,,2024-06-19,2024,1.0,17.25,0.08504269742054758,202.83928571428572,Q1_narrow,A1_tight
2024-06-20 14:09:00+00:00,2024-06-20 14:19:00+00:00,short,416.28,orb,1.0287,0.1004,71.75,7.0,,,2024-06-20,2024,1.0,63.75,0.3240152477763659,196.75,Q2,A3
2024-06-21 13:49:00+00:00,2024-06-21 15:19:00+00:00,short,-428.22,orb,0.6042,1.0848,42.75,76.75,,,2024-06-21,2024,1.0,72.25,0.3900510941868312,185.23214285714286,Q3,A3
2024-06-24 13:49:00+00:00,2024-06-24 14:04:00+00:00,short,-382.48,orb,0.0132,1.2605,1.25,119.75,,,2024-06-24,2024,1.0,78.25,0.41141676837855595,190.19642857142858,Q3,A4_bloated
2024-06-25 14:04:00+00:00,2024-06-25 15:59:00+00:00,long,331.52,orb,1.021,0.2733,85.0,22.75,,,2024-06-25,2024,1.0,49.5,0.2694139372145009,183.73214285714286,Q1_narrow,A2
2024-06-26 13:49:00+00:00,2024-06-26 15:14:00+00:00,long,-354.72,orb,0.7863,1.1282,46.0,66.0,,,2024-06-26,2024,1.0,39.25,0.21218264311226953,184.98214285714286,Q1_narrow,A1_tight
2024-06-27 14:14:00+00:00,2024-06-27 15:29:00+00:00,long,-243.74,orb,0.0454,1.0969,5.5,133.0,,,2024-06-27,2024,1.0,92.75,0.5013513513513513,185.0,Q3,A4_bloated
2024-06-28 13:49:00+00:00,2024-06-28 14:04:00+00:00,long,344.52,orb,1.1185,0.0173,96.75,1.5,,,2024-06-28,2024,1.0,77.75,0.3880570409982175,200.35714285714286,Q3,A3
2024-07-01 13:49:00+00:00,2024-07-01 16:09:00+00:00,short,-246.24,orb,0.4184,1.1551,51.25,141.5,,,2024-07-01,2024,1.0,76.25,0.3793195345118593,201.01785714285714,Q3,A3
2024-07-02 14:39:00+00:00,2024-07-02 17:54:00+00:00,long,226.76,orb,1.0242,0.2593,116.5,29.5,,,2024-07-02,2024,1.0,101.0,0.49058894960534305,205.875,Q3,A4_bloated
2024-07-03 13:49:00+00:00,2024-07-03 14:59:00+00:00,long,413.04,orb,1.0096,0.6298,52.5,32.75,,,2024-07-03,2024,1.0,33.25,0.15943145817278878,208.55357142857142,Q1_narrow,A1_tight
2024-07-04 13:49:00+00:00,2024-07-04 22:04:00+00:00,short,415.36,orb,1.3377,0.3636,25.75,7.0,,,2024-07-04,2024,1.0,15.25,0.07577639751552795,201.25,Q1_narrow,A1_tight
2024-07-05 13:59:00+00:00,2024-07-05 15:44:00+00:00,long,292.52,orb,1.0714,0.7041,78.75,51.75,,,2024-07-05,2024,1.0,49.75,0.26103251194603205,190.58928571428572,Q1_narrow,A2
2024-07-08 15:24:00+00:00,2024-07-08 20:09:00+00:00,long,150.78,orb,0.5108,0.8571,29.5,49.5,,,2024-07-08,2024,1.0,44.25,0.23228346456692914,190.5,Q1_narrow,A1_tight
2024-07-09 14:24:00+00:00,2024-07-09 15:29:00+00:00,short,365.04,orb,1.0435,0.5163,48.0,23.75,,,2024-07-09,2024,1.0,45.25,0.2267358625626342,199.57142857142858,Q1_narrow,A1_tight
2024-07-10 13:49:00+00:00,2024-07-10 15:04:00+00:00,long,-426.96,orb,0.4171,1.3555,22.0,71.5,,,2024-07-10,2024,1.0,46.5,0.24086578484876517,193.05357142857142,Q1_narrow,A2
2024-07-11 13:54:00+00:00,2024-07-11 14:14:00+00:00,short,393.78,orb,1.25,0.5455,82.5,36.0,,,2024-07-11,2024,1.0,44.0,0.20101158427149618,218.89285714285714,Q1_narrow,A1_tight
2024-07-12 13:49:00+00:00,2024-07-12 14:04:00+00:00,long,413.28,orb,1.1191,0.0722,77.5,5.0,,,2024-07-12,2024,1.0,52.75,0.236301095912327,223.23214285714286,Q2,A1_tight
2024-07-15 14:09:00+00:00,2024-07-15 15:04:00+00:00,long,434.28,orb,1.1856,0.2577,86.25,18.75,,,2024-07-15,2024,1.0,82.5,0.3579175704989154,230.5,Q3,A3
2024-07-16 13:49:00+00:00,2024-07-16 14:09:00+00:00,short,327.52,orb,1.4164,0.4103,116.5,33.75,,,2024-07-16,2024,1.0,54.25,0.2280096067247073,237.92857142857142,Q2,A1_tight
2024-07-17 13:59:00+00:00,2024-07-17 14:09:00+00:00,short,432.78,orb,1.3862,0.0552,100.5,4.0,,,2024-07-17,2024,1.0,75.25,0.30253428099648216,248.73214285714286,Q3,A2
2024-07-18 13:54:00+00:00,2024-07-18 14:44:00+00:00,short,249.76,orb,1.0439,0.6647,130.75,83.25,,,2024-07-18,2024,1.0,109.0,0.437061434913361,249.39285714285714,Q4_wide,A4_bloated
2024-07-19 14:29:00+00:00,2024-07-19 20:09:00+00:00,short,205.76,orb,0.8414,0.4229,147.25,74.0,,,2024-07-19,2024,1.0,140.75,0.5547969310903076,253.69642857142858,Q4_wide,A4_bloated
2024-07-22 13:49:00+00:00,2024-07-22 15:19:00+00:00,long,-277.74,orb,0.0398,1.1338,5.5,156.75,,,2024-07-22,2024,1.0,96.75,0.3859524148739137,250.67857142857142,Q3,A3
2024-07-23 15:14:00+00:00,2024-07-23 16:59:00+00:00,long,-240.24,orb,0.2636,1.0607,31.5,126.75,,,2024-07-23,2024,1.0,102.5,0.41126316543669844,249.23214285714286,Q4_wide,A4_bloated
2024-07-24 13:59:00+00:00,2024-07-24 15:24:00+00:00,short,282.76,orb,1.0,0.0847,141.75,12.0,,,2024-07-24,2024,1.0,127.25,0.45201395496352675,281.51785714285717,Q4_wide,A4_bloated
2024-07-25 13:54:00+00:00,2024-07-25 14:04:00+00:00,short,249.76,orb,1.0439,0.02,130.75,2.5,,,2024-07-25,2024,1.0,111.0,0.36674730072570655,302.6607142857143,Q4_wide,A3
2024-07-26 13:49:00+00:00,2024-07-26 14:04:00+00:00,short,-415.48,orb,0.0194,1.0751,2.0,111.0,,,2024-07-26,2024,1.0,76.25,0.24290346436088514,313.9107142857143,Q3,A2
2024-07-29 13:59:00+00:00,2024-07-29 14:59:00+00:00,long,-274.24,orb,0.1355,1.0275,18.5,140.25,,,2024-07-29,2024,1.0,145.0,0.45083560046638166,321.625,Q4_wide,A4_bloated
2024-07-30 13:49:00+00:00,2024-07-30 14:04:00+00:00,short,396.78,orb,1.3346,0.0075,88.75,0.5,,,2024-07-30,2024,1.0,85.5,0.24907662695729071,343.26785714285717,Q3,A2
2024-07-31 14:09:00+00:00,2024-07-31 20:09:00+00:00,long,266.26,orb,1.5243,0.7472,203.5,99.75,,,2024-07-31,2024,1.0,103.75,0.31937115215479334,324.85714285714283,Q4_wide,A3
2024-08-01 13:49:00+00:00,2024-08-01 14:24:00+00:00,long,-290.74,orb,0.2211,1.2988,32.0,188.0,,,2024-08-01,2024,1.0,140.0,0.38842647641696393,360.42857142857144,Q4_wide,A3
2024-08-02 14:09:00+00:00,2024-08-02 20:09:00+00:00,short,-152.24,orb,0.3158,0.5518,90.0,157.25,,,2024-08-02,2024,1.0,219.0,0.5976025728486503,366.4642857142857,Q4_wide,A4_bloated
2024-08-05 13:49:00+00:00,2024-08-05 20:09:00+00:00,long,479.76,orb,0.8897,0.1727,367.0,71.25,,,2024-08-05,2024,1.0,314.5,0.7804316036690744,402.98214285714283,Q4_wide,A4_bloated
2024-08-06 14:04:00+00:00,2024-08-06 16:54:00+00:00,long,419.26,orb,1.1976,0.256,251.5,53.75,,,2024-08-06,2024,1.0,208.0,0.49820359281437127,417.5,Q4_wide,A4_bloated
2024-08-07 14:29:00+00:00,2024-08-07 14:49:00+00:00,short,-429.48,orb,0.1756,1.0281,18.75,109.75,,,2024-08-07,2024,1.0,84.5,0.19471648423998025,433.9642857142857,Q3,A1_tight
2024-08-08 13:49:00+00:00,2024-08-08 14:04:00+00:00,short,-287.74,orb,0.2461,1.2792,35.25,183.25,,,2024-08-08,2024,1.0,110.75,0.24759471435985467,447.30357142857144,Q4_wide,A2
2024-08-09 13:49:00+00:00,2024-08-09 14:14:00+00:00,short,-339.48,orb,0.4718,1.451,39.75,122.25,,,2024-08-09,2024,1.0,82.5,0.18341339473579737,449.80357142857144,Q3,A1_tight
2024-08-12 13:49:00+00:00,2024-08-12 14:19:00+00:00,short,-242.24,orb,0.2344,1.0913,28.25,131.5,,,2024-08-12,2024,1.0,115.5,0.254315259701962,454.1607142857143,Q4_wide,A2
2024-08-13 13:49:00+00:00,2024-08-13 15:54:00+00:00,long,343.52,orb,1.0464,0.542,90.25,46.75,,,2024-08-13,2024,1.0,61.75,0.1403466049758513,439.98214285714283,Q2,A1_tight
2024-08-14 13:54:00+00:00,2024-08-14 15:54:00+00:00,short,-294.24,orb,0.7048,1.0256,103.25,150.25,,,2024-08-14,2024,1.0,132.25,0.3121996458983223,423.60714285714283,Q4_wide,A3
2024-08-15 13:49:00+00:00,2024-08-15 14:04:00+00:00,long,435.78,orb,1.0034,0.0925,73.25,6.75,,,2024-08-15,2024,1.0,59.75,0.14082491582491583,424.2857142857143,Q2,A1_tight
2024-08-16 14:09:00+00:00,2024-08-16 16:39:00+00:00,long,336.52,orb,1.0592,0.6183,89.5,52.25,,,2024-08-16,2024,1.0,72.0,0.17159637400519215,419.5892857142857,Q3,A1_tight
2024-08-19 13:49:00+00:00,2024-08-19 14:19:00+00:00,long,-455.22,orb,0.0731,1.2093,5.5,91.0,,,2024-08-19,2024,1.0,72.5,0.17821869101444185,406.80357142857144,Q3,A1_tight
2024-08-20 13:49:00+00:00,2024-08-20 14:19:00+00:00,long,-393.72,orb,0.6577,1.05,42.75,68.25,,,2024-08-20,2024,1.0,47.75,0.11906140077474509,401.05357142857144,Q1_narrow,A1_tight
2024-08-21 13:54:00+00:00,2024-08-21 14:39:00+00:00,long,409.04,orb,1.5388,0.466,79.25,24.0,,,2024-08-21,2024,1.0,50.5,0.14108256423048143,357.94642857142856,Q1_narrow,A1_tight
2024-08-22 14:04:00+00:00,2024-08-22 14:14:00+00:00,short,384.78,orb,1.1357,0.1822,73.25,11.75,,,2024-08-22,2024,1.0,57.0,0.15588220930800412,365.6607142857143,Q2,A1_tight
2024-08-23 14:04:00+00:00,2024-08-23 14:49:00+00:00,long,-279.74,orb,0.4183,1.4686,58.25,204.5,,,2024-08-23,2024,1.0,36.5,0.10871183916604617,335.75,Q1_narrow,A1_tight
2024-08-26 13:49:00+00:00,2024-08-26 14:09:00+00:00,short,426.78,orb,1.0594,0.2413,75.75,17.25,,,2024-08-26,2024,1.0,65.75,0.20550315342970366,319.94642857142856,Q2,A1_tight
2024-08-27 13:54:00+00:00,2024-08-27 14:34:00+00:00,long,383.52,orb,1.174,0.2416,113.0,23.25,,,2024-08-27,2024,1.0,97.75,0.331737470456336,294.6607142857143,Q3,A3
2024-08-28 13:49:00+00:00,2024-08-28 15:04:00+00:00,short,422.52,orb,1.3042,0.4057,138.25,43.0,,,2024-08-28,2024,1.0,96.25,0.337465564738292,285.2142857142857,Q3,A3
2024-08-29 13:49:00+00:00,2024-08-29 18:34:00+00:00,long,-276.24,orb,0.5636,1.1636,77.5,160.0,,,2024-08-29,2024,1.0,129.75,0.4452751562691506,291.39285714285717,Q4_wide,A4_bloated
2024-08-30 13:54:00+00:00,2024-08-30 14:59:00+00:00,long,-413.22,orb,0.6777,1.696,46.25,115.75,,,2024-08-30,2024,1.0,69.0,0.235609756097561,292.85714285714283,Q2,A1_tight
2024-09-02 14:09:00+00:00,2024-09-02 14:39:00+00:00,short,-433.44,orb,0.5704,1.2887,20.25,45.75,,,2024-09-02,2024,1.0,32.0,0.1149823548283606,278.30357142857144,Q1_narrow,A1_tight
2024-09-03 13:54:00+00:00,2024-09-03 14:49:00+00:00,short,282.76,orb,1.1552,0.3157,163.75,44.75,,,2024-09-03,2024,1.0,109.0,0.3655527608096778,298.17857142857144,Q4_wide,A3
2024-09-04 13:49:00+00:00,2024-09-04 14:04:00+00:00,long,-250.74,orb,0.0381,1.1764,4.75,146.75,,,2024-09-04,2024,1.0,111.75,0.3739244741873805,298.85714285714283,Q4_wide,A3
2024-09-05 13:54:00+00:00,2024-09-05 15:29:00+00:00,long,-300.24,orb,0.7742,1.1421,115.75,170.75,,,2024-09-05,2024,1.0,152.5,0.4971764568900274,306.73214285714283,Q4_wide,A4_bloated
2024-09-06 13:59:00+00:00,2024-09-06 14:54:00+00:00,short,442.26,orb,1.0519,0.1919,233.0,42.5,,,2024-09-06,2024,1.0,196.25,0.611949440392004,320.69642857142856,Q4_wide,A4_bloated
2024-09-09 13:59:00+00:00,2024-09-09 14:34:00+00:00,long,-333.48,orb,0.3988,1.4653,33.0,121.25,,,2024-09-09,2024,1.0,68.5,0.21121021913886137,324.32142857142856,Q2,A1_tight
2024-09-10 14:14:00+00:00,2024-09-10 16:04:00+00:00,short,443.52,orb,1.0831,0.7169,120.5,79.75,,,2024-09-10,2024,1.0,100.0,0.30309590820523924,329.92857142857144,Q3,A2
2024-09-11 13:54:00+00:00,2024-09-11 14:19:00+00:00,short,444.52,orb,1.3565,0.2534,151.25,28.25,,,2024-09-11,2024,1.0,97.75,0.280301090685647,348.73214285714283,Q3,A2
2024-09-12 13:49:00+00:00,2024-09-12 14:14:00+00:00,short,-324.48,orb,0.2857,1.4006,23.0,112.75,,,2024-09-12,2024,1.0,78.5,0.22574847224361938,347.73214285714283,Q3,A1_tight
2024-09-13 14:09:00+00:00,2024-09-13 20:09:00+00:00,long,48.52,orb,0.6475,0.8641,70.25,93.75,,,2024-09-13,2024,1.0,98.0,0.2890855457227139,339.0,Q3,A2
2024-09-16 13:54:00+00:00,2024-09-16 14:34:00+00:00,long,-229.74,orb,0.1991,1.1969,22.75,136.75,,,2024-09-16,2024,1.0,100.25,0.3013419216317767,332.67857142857144,Q3,A2
2024-09-17 13:49:00+00:00,2024-09-17 14:49:00+00:00,short,-320.48,orb,0.4874,1.2767,38.75,101.5,,,2024-09-17,2024,1.0,71.25,0.2189901207464325,325.35714285714283,Q2,A1_tight
2024-09-18 14:19:00+00:00,2024-09-18 15:49:00+00:00,short,420.78,orb,1.1277,0.8333,79.5,58.75,,,2024-09-18,2024,1.0,62.0,0.1911683735271446,324.32142857142856,Q2,A1_tight
2024-09-19 13:54:00+00:00,2024-09-19 14:19:00+00:00,short,-432.72,orb,0.1119,1.1888,8.0,85.0,,,2024-09-19,2024,1.0,69.25,0.21462172782113012,322.6607142857143,Q2,A1_tight
2024-09-20 13:59:00+00:00,2024-09-20 15:09:00+00:00,short,321.52,orb,1.0402,0.3034,84.0,24.5,,,2024-09-20,2024,1.0,51.75,0.1555221637866266,332.75,Q1_narrow,A1_tight
2024-09-23 13:49:00+00:00,2024-09-23 17:04:00+00:00,long,-417.72,orb,0.3804,1.1848,26.25,81.75,,,2024-09-23,2024,1.0,54.5,0.18122439285078085,300.73214285714283,Q2,A1_tight
2024-09-24 13:59:00+00:00,2024-09-24 14:04:00+00:00,short,386.28,orb,1.6062,0.0656,104.0,4.25,,,2024-09-24,2024,1.0,49.25,0.16434274818257655,299.67857142857144,Q1_narrow,A1_tight
2024-09-25 13:59:00+00:00,2024-09-25 17:04:00+00:00,long,-378.48,orb,0.4122,1.0293,38.75,96.75,,,2024-09-25,2024,1.0,61.5,0.21404599129894344,287.32142857142856,Q2,A1_tight
2024-09-26 13:54:00+00:00,2024-09-26 14:34:00+00:00,short,399.52,orb,1.0973,0.1995,110.0,20.0,,,2024-09-26,2024,1.0,68.5,0.2531010820797044,270.64285714285717,Q2,A2
2024-09-27 14:19:00+00:00,2024-09-27 18:34:00+00:00,short,381.52,orb,1.1906,0.5483,114.0,52.5,,,2024-09-27,2024,1.0,58.5,0.21783363255535607,268.55357142857144,Q2,A1_tight
2024-09-30 14:14:00+00:00,2024-09-30 18:24:00+00:00,short,364.52,orb,1.2268,0.9426,112.25,86.25,,,2024-09-30,2024,1.0,92.75,0.35078003646923755,264.4107142857143,Q3,A3
2024-10-01 13:49:00+00:00,2024-10-01 15:19:00+00:00,short,445.76,orb,1.0056,0.1601,224.5,35.75,,,2024-10-01,2024,1.0,191.75,0.7897911150338335,242.78571428571428,Q4_wide,A4_bloated
2024-10-02 14:19:00+00:00,2024-10-02 20:09:00+00:00,long,76.76,orb,0.5728,0.3173,92.5,51.25,,,2024-10-02,2024,1.0,133.25,0.5556631171345595,239.80357142857142,Q4_wide,A4_bloated
2024-10-03 13:54:00+00:00,2024-10-03 17:04:00+00:00,long,-235.24,orb,0.8697,1.1368,101.75,133.0,,,2024-10-03,2024,1.0,111.75,0.45769033862356473,244.16071428571428,Q4_wide,A4_bloated
2024-10-04 13:54:00+00:00,2024-10-04 14:09:00+00:00,short,356.52,orb,1.3212,0.0866,118.25,7.75,,,2024-10-04,2024,1.0,53.25,0.21384008605234853,249.01785714285714,Q2,A1_tight
2024-10-07 13:54:00+00:00,2024-10-07 14:19:00+00:00,short,-356.22,orb,0.1574,1.2298,9.25,72.25,,,2024-10-07,2024,1.0,63.5,0.25760649087221094,246.5,Q2,A2
2024-10-08 13:54:00+00:00,2024-10-08 14:34:00+00:00,long,411.78,orb,1.0435,0.1558,72.0,10.75,,,2024-10-08,2024,1.0,46.0,0.19116883116883118,240.625,Q1_narrow,A1_tight
2024-10-09 14:14:00+00:00,2024-10-09 14:59:00+00:00,long,372.78,orb,1.0,0.116,62.5,7.25,,,2024-10-09,2024,1.0,61.0,0.25311203319502074,241.0,Q2,A2
2024-10-10 13:49:00+00:00,2024-10-10 14:09:00+00:00,short,-471.72,orb,0.1314,1.1314,10.25,88.25,,,2024-10-10,2024,1.0,49.5,0.20644969092127802,239.76785714285714,Q1_narrow,A1_tight
2024-10-11 13:49:00+00:00,2024-10-11 14:09:00+00:00,long,428.8,orb,1.2948,0.7572,56.0,32.75,,,2024-10-11,2024,1.0,41.0,0.16743236345074017,244.875,Q1_narrow,A1_tight
2024-10-14 13:49:00+00:00,2024-10-14 15:04:00+00:00,long,-393.48,orb,0.4194,1.1407,41.0,111.5,,,2024-10-14,2024,1.0,62.0,0.2613277133825079,237.25,Q2,A2
2024-10-15 14:14:00+00:00,2024-10-15 14:34:00+00:00,short,458.28,orb,2.1629,0.0521,166.0,4.0,,,2024-10-15,2024,1.0,44.25,0.17250261051166027,256.51785714285717,Q1_narrow,A1_tight
2024-10-16 13:59:00+00:00,2024-10-16 18:24:00+00:00,short,-268.24,orb,0.1292,1.1648,17.25,155.5,,,2024-10-16,2024,1.0,106.25,0.42935488526482896,247.46428571428572,Q4_wide,A4_bloated
2024-10-17 14:04:00+00:00,2024-10-17 20:09:00+00:00,short,-11.74,orb,0.2282,0.74,41.25,133.75,,,2024-10-17,2024,1.0,156.25,0.6310854670032455,247.58928571428572,Q4_wide,A4_bloated
2024-10-18 14:09:00+00:00,2024-10-18 20:09:00+00:00,long,-90.48,orb,0.195,0.8916,15.75,72.0,,,2024-10-18,2024,1.0,77.75,0.32665616325305724,238.01785714285714,Q3,A3
2024-10-21 13:49:00+00:00,2024-10-21 14:44:00+00:00,long,-407.22,orb,0.9554,1.1115,64.25,74.75,,,2024-10-21,2024,1.0,65.5,0.29599741768883153,221.28571428571428,Q2,A2
2024-10-22 13:54:00+00:00,2024-10-22 17:44:00+00:00,long,369.52,orb,1.0674,0.4016,99.0,37.25,,,2024-10-22,2024,1.0,101.25,0.46112556929082626,219.57142857142858,Q3,A4_bloated
2024-10-23 14:04:00+00:00,2024-10-23 15:34:00+00:00,short,314.52,orb,1.019,0.9399,80.5,74.25,,,2024-10-23,2024,1.0,44.75,0.19468614045991298,229.85714285714286,Q1_narrow,A1_tight
2024-10-24 13:49:00+00:00,2024-10-24 14:04:00+00:00,short,-447.72,orb,0.0034,1.0338,0.25,76.5,,,2024-10-24,2024,1.0,48.25,0.21564245810055865,223.75,Q1_narrow,A1_tight
2024-10-25 13:49:00+00:00,2024-10-25 17:44:00+00:00,long,-250.24,orb,0.741,1.0562,92.25,131.5,,,2024-10-25,2024,1.0,84.25,0.3755771373985034,224.32142857142858,Q3,A3
2024-10-28 13:54:00+00:00,2024-10-28 20:09:00+00:00,short,147.52,orb,0.5831,0.9042,51.75,80.25,,,2024-10-28,2024,1.0,47.75,0.22189029956020245,215.19642857142858,Q1_narrow,A1_tight
2024-10-29 14:04:00+00:00,2024-10-29 16:04:00+00:00,long,392.52,orb,1.1523,0.1954,113.5,19.25,,,2024-10-29,2024,1.0,81.25,0.36898872759711293,220.19642857142858,Q3,A3
2024-10-30 14:19:00+00:00,2024-10-30 19:54:00+00:00,long,-273.74,orb,0.1486,1.0367,20.25,141.25,,,2024-10-30,2024,1.0,126.5,0.571014025471546,221.53571428571428,Q4_wide,A4_bloated
2024-10-31 13:49:00+00:00,2024-10-31 20:09:00+00:00,short,243.76,orb,0.8949,0.1183,170.25,22.5,,,2024-10-31,2024,1.0,119.25,0.5127850725639254,232.55357142857142,Q4_wide,A4_bloated
2024-11-01 13:59:00+00:00,2024-11-01 15:29:00+00:00,long,447.52,orb,1.0512,0.3363,118.0,37.75,,,2024-11-01,2024,1.0,91.5,0.38639619938164543,236.80357142857142,Q3,A3
2024-11-04 15:19:00+00:00,2024-11-04 21:09:00+00:00,long,-99.74,orb,0.4426,0.8953,65.5,132.5,,,2024-11-04,2024,1.0,123.75,0.5546218487394958,223.125,Q4_wide,A4_bloated
2024-11-05 14:49:00+00:00,2024-11-05 17:14:00+00:00,long,408.52,orb,1.1366,0.1683,116.5,17.25,,,2024-11-05,2024,1.0,69.0,0.30669100722279546,224.98214285714286,Q2,A2
2024-11-06 14:54:00+00:00,2024-11-06 15:34:00+00:00,short,-295.74,orb,0.0849,1.1154,12.5,164.25,,,2024-11-06,2024,1.0,131.25,0.5686213832585486,230.82142857142858,Q4_wide,A4_bloated
2024-11-07 14:59:00+00:00,2024-11-07 19:39:00+00:00,long,417.52,orb,1.0263,0.2148,107.5,22.5,,,2024-11-07,2024,1.0,82.0,0.33994669825288715,241.21428571428572,Q3,A3
2024-11-08 15:09:00+00:00,2024-11-08 16:59:00+00:00,short,-446.96,orb,0.2805,1.0814,15.5,59.75,,,2024-11-08,2024,1.0,56.0,0.2396637371035537,233.66071428571428,Q2,A2
2024-11-11 14:49:00+00:00,2024-11-11 21:09:00+00:00,short,-148.48,orb,0.9872,0.5064,96.5,49.5,,,2024-11-11,2024,1.0,100.0,0.4330678215141907,230.91071428571428,Q3,A4_bloated
2024-11-12 16:09:00+00:00,2024-11-12 17:54:00+00:00,short,362.28,orb,1.1358,0.3457,69.0,21.0,,,2024-11-12,2024,1.0,60.0,0.2753195673549656,217.92857142857142,Q2,A2
2024-11-13 14:49:00+00:00,2024-11-13 15:09:00+00:00,short,431.04,orb,1.3548,0.5853,73.5,31.75,,,2024-11-13,2024,1.0,45.5,0.20441235459286,222.58928571428572,Q1_narrow,A1_tight
2024-11-14 15:19:00+00:00,2024-11-14 21:09:00+00:00,short,146.26,orb,0.6224,0.7439,83.25,99.5,,,2024-11-14,2024,1.0,97.25,0.44312449145646865,219.46428571428572,Q3,A4_bloated
2024-11-15 15:04:00+00:00,2024-11-15 15:39:00+00:00,short,406.52,orb,1.0196,0.1495,104.0,15.25,,,2024-11-15,2024,1.0,81.0,0.34329826685839704,235.94642857142858,Q3,A3
2024-11-18 14:54:00+00:00,2024-11-18 15:04:00+00:00,short,-458.96,orb,0.1718,1.2775,9.75,72.5,,,2024-11-18,2024,1.0,50.25,0.21900537006770954,229.44642857142858,Q1_narrow,A1_tight
2024-11-19 15:29:00+00:00,2024-11-19 16:39:00+00:00,long,376.52,orb,1.037,0.2143,98.0,20.25,,,2024-11-19,2024,1.0,78.0,0.3338173481085212,233.66071428571428,Q3,A3
2024-11-20 14:59:00+00:00,2024-11-20 20:59:00+00:00,short,-285.24,orb,0.963,1.0616,136.75,150.75,,,2024-11-20,2024,1.0,116.5,0.5041341472838266,231.08928571428572,Q4_wide,A4_bloated
2024-11-21 15:04:00+00:00,2024-11-21 21:09:00+00:00,short,-392.24,orb,0.3538,0.9074,102.25,262.25,,,2024-11-21,2024,1.0,277.5,1.1385449483478642,243.73214285714286,Q4_wide,A4_bloated
2024-11-22 15:14:00+00:00,2024-11-22 17:54:00+00:00,short,-362.48,orb,0.4944,1.05,44.5,94.5,,,2024-11-22,2024,1.0,86.0,0.35873370577281194,239.73214285714286,Q3,A3
2024-11-25 14:54:00+00:00,2024-11-25 21:09:00+00:00,short,64.76,orb,0.9934,0.209,149.75,31.5,,,2024-11-25,2024,1.0,124.75,0.5050607287449392,247.0,Q4_wide,A4_bloated
2024-11-26 14:49:00+00:00,2024-11-26 15:04:00+00:00,long,-471.72,orb,0.109,1.1122,8.5,86.75,,,2024-11-26,2024,1.0,61.75,0.26260631834750914,235.14285714285714,Q2,A2
2024-11-27 14:54:00+00:00,2024-11-27 15:39:00+00:00,short,388.52,orb,1.1872,0.2256,115.75,22.0,,,2024-11-27,2024,1.0,44.25,0.18921808185705558,233.85714285714286,Q1_narrow,A1_tight
2024-11-28 15:19:00+00:00,2024-11-28 23:04:00+00:00,long,-464.64,orb,0.7195,1.0488,14.75,21.5,,,2024-11-28,2024,1.0,17.5,0.07643709539037516,228.94642857142858,Q1_narrow,A1_tight
2024-11-29 14:54:00+00:00,2024-11-29 16:14:00+00:00,long,362.52,orb,1.0769,0.044,98.0,4.0,,,2024-11-29,2024,1.0,74.5,0.32361154204157616,230.21428571428572,Q3,A3
2024-12-02 14:49:00+00:00,2024-12-02 21:09:00+00:00,long,163.76,orb,0.8982,0.1874,110.25,23.0,,,2024-12-02,2024,1.0,83.0,0.3598637349024466,230.64285714285714,Q3,A3
2024-12-03 15:04:00+00:00,2024-12-03 20:59:00+00:00,long,452.28,orb,1.0495,0.604,79.5,45.75,,,2024-12-03,2024,1.0,72.5,0.3199369582348306,226.60714285714286,Q3,A3
2024-12-04 15:09:00+00:00,2024-12-04 15:39:00+00:00,long,389.04,orb,1.1071,0.4439,54.25,21.75,,,2024-12-04,2024,1.0,48.5,0.21698490053527203,223.51785714285714,Q1_narrow,A1_tight
2024-12-05 14:49:00+00:00,2024-12-05 17:14:00+00:00,short,-470.68,orb,0.9242,1.2955,30.5,42.75,,,2024-12-05,2024,1.0,32.75,0.1594782608695652,205.35714285714286,Q1_narrow,A1_tight
2024-12-06 14:49:00+00:00,2024-12-06 21:09:00+00:00,long,208.52,orb,0.7305,0.1797,77.25,19.0,,,2024-12-06,2024,1.0,78.75,0.38985148514851486,202.0,Q3,A3
2024-12-09 14:49:00+00:00,2024-12-09 15:29:00+00:00,long,-377.22,orb,0.0562,1.6104,3.5,100.25,,,2024-12-09,2024,1.0,55.25,0.2806349206349206,196.875,Q2,A2
2024-12-10 15:04:00+00:00,2024-12-10 15:59:00+00:00,long,-435.72,orb,0.4028,1.125,29.0,81.0,,,2024-12-10,2024,1.0,83.25,0.4296774193548387,193.75,Q3,A4_bloated
2024-12-11 14:49:00+00:00,2024-12-11 16:39:00+00:00,long,385.52,orb,1.0336,0.0284,100.0,2.75,,,2024-12-11,2024,1.0,82.75,0.45117320611430245,183.41071428571428,Q3,A4_bloated
2024-12-12 15:09:00+00:00,2024-12-12 15:24:00+00:00,short,-471.2,orb,0.543,1.1129,25.25,51.75,,,2024-12-12,2024,1.0,36.25,0.20057306590257878,180.73214285714286,Q1_narrow,A1_tight
2024-12-13 15:44:00+00:00,2024-12-13 21:09:00+00:00,short,-73.24,orb,0.5217,0.5283,78.25,79.25,,,2024-12-13,2024,1.0,108.0,0.6118980169971672,176.5,Q4_wide,A4_bloated
2024-12-16 14:54:00+00:00,2024-12-16 16:19:00+00:00,long,423.78,orb,1.0599,0.5352,75.25,38.0,,,2024-12-16,2024,1.0,53.0,0.2848915338836629,186.03571428571428,Q2,A2
2024-12-17 15:04:00+00:00,2024-12-17 16:34:00+00:00,short,-340.48,orb,0.4083,1.0503,34.5,88.75,,,2024-12-17,2024,1.0,85.0,0.47250347429025213,179.89285714285714,Q3,A4_bloated
2024-12-18 15:14:00+00:00,2024-12-18 19:04:00+00:00,long,-399.48,orb,0.4106,1.068,40.75,106.0,,,2024-12-18,2024,1.0,71.75,0.29707948243992605,241.51785714285714,Q2,A2
2024-12-19 14:54:00+00:00,2024-12-19 20:39:00+00:00,short,267.76,orb,1.2477,0.5568,167.5,74.75,,,2024-12-19,2024,1.0,129.75,0.5180009980751408,250.48214285714286,Q4_wide,A4_bloated
2024-12-20 15:14:00+00:00,2024-12-20 15:34:00+00:00,long,313.26,orb,1.2484,0.1099,196.0,17.25,,,2024-12-20,2024,1.0,124.75,0.4415371002401719,282.5357142857143,Q4_wide,A4_bloated
2024-12-23 14:49:00+00:00,2024-12-23 15:14:00+00:00,short,389.52,orb,1.0307,0.7698,100.75,75.25,,,2024-12-23,2024,1.0,69.0,0.235609756097561,292.85714285714283,Q2,A1_tight
2024-12-24 14:54:00+00:00,2024-12-24 15:44:00+00:00,long,318.52,orb,1.0063,0.1031,80.5,8.25,,,2024-12-24,2024,1.0,80.25,0.2681224270628244,299.30357142857144,Q3,A2
2024-12-26 14:49:00+00:00,2024-12-26 14:54:00+00:00,short,433.04,orb,1.5229,0.055,83.0,3.0,,,2024-12-26,2024,1.0,52.0,0.16978601830797035,306.26785714285717,Q1_narrow,A1_tight
2024-12-27 15:04:00+00:00,2024-12-27 21:09:00+00:00,short,-238.74,orb,0.4163,0.4951,107.0,127.25,,,2024-12-27,2024,1.0,184.25,0.576714549214689,319.48214285714283,Q4_wide,A4_bloated
2024-12-30 14:59:00+00:00,2024-12-30 16:24:00+00:00,short,-257.24,orb,0.2715,1.0605,34.75,135.75,,,2024-12-30,2024,1.0,95.25,0.29128440366972475,327.0,Q3,A2
2024-12-31 15:09:00+00:00,2024-12-31 17:39:00+00:00,short,274.26,orb,1.0109,0.8564,139.0,117.75,,,2024-12-31,2024,1.0,120.5,0.36432350718065004,330.75,Q4_wide,A3
2025-01-02 14:54:00+00:00,2025-01-02 17:29:00+00:00,long,-427.24,orb,0.3016,1.1092,64.25,236.25,,,2025-01-02,2025,1.0,206.5,0.596820809248555,346.0,Q4_wide,A4_bloated
2025-01-03 16:34:00+00:00,2025-01-03 21:09:00+00:00,long,89.26,orb,0.6094,0.0959,106.5,16.75,,,2025-01-03,2025,1.0,125.25,0.3491984466792791,358.67857142857144,Q4_wide,A3
2025-01-06 14:49:00+00:00,2025-01-06 18:49:00+00:00,long,-427.48,orb,0.6282,1.1506,66.75,122.25,,,2025-01-06,2025,1.0,94.25,0.2623782064028634,359.2142857142857,Q3,A2
2025-01-07 15:04:00+00:00,2025-01-07 17:49:00+00:00,short,405.76,orb,1.0295,0.1673,209.25,34.0,,,2025-01-07,2025,1.0,106.25,0.2808458415935052,378.32142857142856,Q4_wide,A2
2025-01-08 15:04:00+00:00,2025-01-08 15:14:00+00:00,long,-394.48,orb,0.0383,1.5255,3.75,149.5,,,2025-01-08,2025,1.0,95.0,0.24521779211799954,387.4107142857143,Q3,A2
2025-01-10 14:49:00+00:00,2025-01-10 21:09:00+00:00,short,52.26,orb,0.9892,0.8735,160.25,141.5,,,2025-01-10,2025,1.0,122.5,0.35422906124135084,345.82142857142856,Q4_wide,A3
2025-01-13 14:54:00+00:00,2025-01-13 19:44:00+00:00,long,425.52,orb,1.1007,0.8876,117.5,94.75,,,2025-01-13,2025,1.0,83.5,0.2452533305360327,340.4642857142857,Q3,A2
2025-01-14 14:54:00+00:00,2025-01-14 16:04:00+00:00,short,245.26,orb,1.063,0.8496,130.75,104.5,,,2025-01-14,2025,1.0,111.5,0.349138895101767,319.35714285714283,Q4_wide,A3
2025-01-15 14:49:00+00:00,2025-01-15 21:09:00+00:00,long,53.76,orb,0.6846,0.6244,108.0,98.5,,,2025-01-15,2025,1.0,121.25,0.3825783186837953,316.92857142857144,Q4_wide,A3
2025-01-16 14:49:00+00:00,2025-01-16 18:49:00+00:00,short,450.52,orb,1.0841,0.7965,122.5,90.0,,,2025-01-16,2025,1.0,91.5,0.2880917575621275,317.60714285714283,Q3,A2
2025-01-17 18:14:00+00:00,2025-01-17 21:09:00+00:00,long,-123.24,orb,0.0879,0.5197,14.5,85.75,,,2025-01-17,2025,1.0,117.75,0.3720169252468265,316.51785714285717,Q4_wide,A3
2025-01-20 15:19:00+00:00,2025-01-20 15:44:00+00:00,short,399.78,orb,1.0485,0.056,70.25,3.75,,,2025-01-20,2025,1.0,65.5,0.21684895063553059,302.05357142857144,Q2,A1_tight
2025-01-21 14:54:00+00:00,2025-01-21 17:44:00+00:00,short,-270.74,orb,0.4267,1.0074,57.5,135.75,,,2025-01-21,2025,1.0,123.75,0.4167668992061583,296.92857142857144,Q4_wide,A4_bloated
2025-01-22 14:49:00+00:00,2025-01-22 16:54:00+00:00,long,335.52,orb,1.0237,0.1306,86.25,11.0,,,2025-01-22,2025,1.0,72.0,0.2498605688789738,288.1607142857143,Q3,A2
2025-01-23 15:34:00+00:00,2025-01-23 18:24:00+00:00,long,433.04,orb,1.0046,0.4404,54.75,24.0,,,2025-01-23,2025,1.0,50.0,0.18630647414997673,268.375,Q1_narrow,A1_tight
2025-01-24 14:49:00+00:00,2025-01-24 15:19:00+00:00,long,-386.22,orb,0.2275,1.0275,14.5,65.5,,,2025-01-24,2025,1.0,64.5,0.24446700507614214,263.8392857142857,Q2,A2
2025-01-27 14:49:00+00:00,2025-01-27 19:54:00+00:00,long,-393.24,orb,0.5778,1.0727,113.25,210.25,,,2025-01-27,2025,1.0,136.5,0.5071319578053474,269.1607142857143,Q4_wide,A4_bloated
2025-01-28 15:04:00+00:00,2025-01-28 17:19:00+00:00,long,366.76,orb,1.0517,0.234,193.25,43.0,,,2025-01-28,2025,1.0,141.25,0.5326240657194802,265.19642857142856,Q4_wide,A4_bloated
2025-01-29 15:44:00+00:00,2025-01-29 21:09:00+00:00,short,17.76,orb,0.8106,0.9602,107.0,126.75,,,2025-01-29,2025,1.0,91.5,0.3480032599837001,262.92857142857144,Q3,A3
2025-01-30 14:49:00+00:00,2025-01-30 15:04:00+00:00,long,-279.24,orb,0.0917,1.2392,12.75,172.25,,,2025-01-30,2025,1.0,72.0,0.27281954124095,263.9107142857143,Q3,A2
2025-01-31 14:54:00+00:00,2025-01-31 15:59:00+00:00,long,367.52,orb,1.0786,0.3117,99.5,28.75,,,2025-01-31,2025,1.0,73.25,0.26550161812297735,275.89285714285717,Q3,A2
2025-02-03 15:04:00+00:00,2025-02-03 15:24:00+00:00,short,-292.24,orb,0.3814,1.1065,55.5,161.0,,,2025-02-03,2025,1.0,120.0,0.4293655357485145,279.48214285714283,Q4_wide,A4_bloated
2025-02-04 14:54:00+00:00,2025-02-04 16:39:00+00:00,long,282.76,orb,1.0088,0.0141,143.0,2.0,,,2025-02-04,2025,1.0,111.0,0.39557082856051934,280.60714285714283,Q4_wide,A3
2025-02-05 15:04:00+00:00,2025-02-05 15:39:00+00:00,short,-435.72,orb,0.125,1.1181,9.0,80.5,,,2025-02-05,2025,1.0,69.0,0.24457244129375277,282.125,Q2,A2
2025-02-06 14:49:00+00:00,2025-02-06 15:19:00+00:00,long,433.04,orb,1.0229,0.5138,55.75,28.0,,,2025-02-06,2025,1.0,69.75,0.24848908963674535,280.69642857142856,Q2,A2
2025-02-07 15:04:00+00:00,2025-02-07 21:09:00+00:00,short,324.26,orb,0.928,0.2393,199.75,51.5,,,2025-02-07,2025,1.0,70.25,0.23493580173186024,299.01785714285717,Q2,A1_tight
2025-02-10 15:04:00+00:00,2025-02-10 15:44:00+00:00,long,422.28,orb,1.0177,0.0247,72.0,1.75,,,2025-02-10,2025,1.0,62.5,0.2139364303178484,292.14285714285717,Q2,A1_tight
2025-02-11 15:14:00+00:00,2025-02-11 21:09:00+00:00,long,-56.48,orb,0.7093,0.8521,70.75,85.0,,,2025-02-11,2025,1.0,74.5,0.2567700640078779,290.14285714285717,Q3,A2
2025-02-12 14:49:00+00:00,2025-02-12 17:59:00+00:00,long,277.26,orb,1.0809,0.6835,150.25,95.0,,,2025-02-12,2025,1.0,131.5,0.44027262943919643,298.67857142857144,Q4_wide,A4_bloated
2025-02-13 15:19:00+00:00,2025-02-13 20:59:00+00:00,long,276.26,orb,1.0866,0.5993,150.5,83.0,,,2025-02-13,2025,1.0,116.25,0.3841614540304497,302.60714285714283,Q4_wide,A3
2025-02-14 15:09:00+00:00,2025-02-14 18:49:00+00:00,long,431.04,orb,1.0,0.9677,54.25,52.5,,,2025-02-14,2025,1.0,48.0,0.1660079051383399,289.14285714285717,Q1_narrow,A1_tight
2025-02-17 16:04:00+00:00,2025-02-18 06:44:00+00:00,long,417.04,orb,1.0619,0.8952,55.75,47.0,,,2025-02-17,2025,1.0,39.5,0.15189178053972394,260.05357142857144,Q1_narrow,A1_tight
2025-02-18 14:49:00+00:00,2025-02-18 21:09:00+00:00,short,-189.48,orb,0.9355,0.7918,79.75,67.5,,,2025-02-18,2025,1.0,70.0,0.27433690251242215,255.16071428571428,Q2,A2
2025-02-19 14:49:00+00:00,2025-02-19 16:14:00+00:00,short,-452.96,orb,0.8438,1.0357,47.25,58.0,,,2025-02-19,2025,1.0,49.0,0.2003065917220235,244.625,Q1_narrow,A1_tight
2025-02-20 14:49:00+00:00,2025-02-20 14:54:00+00:00,short,342.52,orb,1.1541,0.032,99.25,2.75,,,2025-02-20,2025,1.0,75.0,0.32119914346895073,233.5,Q3,A3
2025-02-21 14:59:00+00:00,2025-02-21 15:29:00+00:00,short,380.52,orb,1.0471,0.1937,100.0,18.5,,,2025-02-21,2025,1.0,78.25,0.32449644549763035,241.14285714285714,Q3,A3
2025-02-24 14:54:00+00:00,2025-02-24 20:59:00+00:00,short,377.76,orb,1.0753,0.255,203.5,48.25,,,2025-02-24,2025,1.0,117.75,0.47272205892895547,249.08928571428572,Q4_wide,A4_bloated
2025-02-25 14:49:00+00:00,2025-02-25 15:09:00+00:00,short,439.52,orb,1.0771,0.0816,118.75,9.0,,,2025-02-25,2025,1.0,91.0,0.3525667635256677,258.10714285714283,Q3,A3
2025-02-26 14:49:00+00:00,2025-02-26 15:19:00+00:00,long,349.52,orb,1.0028,0.1937,88.0,17.0,,,2025-02-26,2025,1.0,85.0,0.3141914191419142,270.5357142857143,Q3,A3
2025-02-27 14:54:00+00:00,2025-02-27 20:04:00+00:00,short,614.76,orb,1.0918,0.3022,336.0,93.0,,,2025-02-27,2025,1.0,210.75,0.7077236747421444,297.7857142857143,Q4_wide,A4_bloated
2025-02-28 15:14:00+00:00,2025-02-28 20:59:00+00:00,long,463.76,orb,1.0818,0.8988,251.25,208.75,,,2025-02-28,2025,1.0,184.5,0.5736494364554994,321.625,Q4_wide,A4_bloated
2025-03-03 14:49:00+00:00,2025-03-03 15:04:00+00:00,short,358.26,orb,1.0097,0.124,181.25,22.25,,,2025-03-03,2025,1.0,183.75,0.4993933511283669,367.94642857142856,Q4_wide,A4_bloated
2025-03-04 14:59:00+00:00,2025-03-04 17:29:00+00:00,short,-397.24,orb,0.7904,1.0328,156.5,204.5,,,2025-03-04,2025,1.0,170.0,0.43227534849929616,393.26785714285717,Q4_wide,A4_bloated
2025-03-05 15:09:00+00:00,2025-03-05 15:24:00+00:00,long,-285.74,orb,0.1459,1.1019,20.75,156.75,,,2025-03-05,2025,1.0,142.0,0.34715794988212695,409.0357142857143,Q4_wide,A3
2025-03-06 15:04:00+00:00,2025-03-06 15:39:00+00:00,long,260.76,orb,1.088,0.0249,142.25,3.25,,,2025-03-06,2025,1.0,91.5,0.20993977137706396,435.8392857142857,Q3,A1_tight
2025-03-07 14:49:00+00:00,2025-03-07 15:34:00+00:00,long,-343.24,orb,0.2749,1.5789,47.0,270.0,,,2025-03-07,2025,1.0,160.0,0.34129432826724565,468.80357142857144,Q4_wide,A3
2025-03-10 13:54:00+00:00,2025-03-10 14:34:00+00:00,short,276.26,orb,1.0379,0.4495,143.75,62.25,,,2025-03-10,2025,1.0,117.0,0.23299313680167846,502.1607142857143,Q4_wide,A1_tight
2025-03-11 13:49:00+00:00,2025-03-11 14:04:00+00:00,long,-404.74,orb,0.1301,1.1623,26.25,234.5,,,2025-03-11,2025,1.0,167.0,0.318778334526366,523.875,Q4_wide,A3
2025-03-12 13:54:00+00:00,2025-03-12 14:44:00+00:00,short,269.76,orb,1.0444,0.6137,141.25,83.0,,,2025-03-12,2025,1.0,111.25,0.20927810809902922,531.5892857142857,Q4_wide,A1_tight
2025-03-13 13:54:00+00:00,2025-03-13 17:14:00+00:00,short,344.76,orb,1.0463,0.9609,180.75,166.0,,,2025-03-13,2025,1.0,118.5,0.22615274511808608,523.9821428571429,Q4_wide,A1_tight
2025-03-14 13:54:00+00:00,2025-03-14 14:04:00+00:00,long,-316.24,orb,0.0063,1.0905,1.0,171.75,,,2025-03-14,2025,1.0,116.75,0.22549492998551424,517.75,Q4_wide,A1_tight
2025-03-17 15:04:00+00:00,2025-03-17 18:04:00+00:00,short,-361.24,orb,0.2153,1.0417,38.75,187.5,,,2025-03-17,2025,1.0,164.5,0.3211322596388482,512.25,Q4_wide,A3
2025-03-18 13:54:00+00:00,2025-03-18 20:09:00+00:00,short,-49.24,orb,0.5232,0.4111,101.5,79.75,,,2025-03-18,2025,1.0,198.0,0.38979118329466356,507.9642857142857,Q4_wide,A3
2025-03-19 13:54:00+00:00,2025-03-19 18:34:00+00:00,long,485.52,orb,1.0493,0.6263,127.75,76.25,,,2025-03-19,2025,1.0,106.75,0.22155511081461715,481.82142857142856,Q4_wide,A1_tight
2025-03-20 13:49:00+00:00,2025-03-20 14:24:00+00:00,long,304.26,orb,1.0689,0.1,163.0,15.25,,,2025-03-20,2025,1.0,155.25,0.3289941724059638,471.89285714285717,Q4_wide,A3
2025-03-21 13:54:00+00:00,2025-03-21 16:19:00+00:00,long,444.52,orb,1.1502,0.5045,128.25,56.25,,,2025-03-21,2025,1.0,104.0,0.23602836879432623,440.625,Q4_wide,A1_tight
2025-03-24 13:49:00+00:00,2025-03-24 19:54:00+00:00,long,512.28,orb,1.0758,0.4723,92.25,40.5,,,2025-03-24,2025,1.0,69.25,0.1703342557209997,406.55357142857144,Q2,A1_tight
2025-03-25 14:24:00+00:00,2025-03-25 15:04:00+00:00,long,497.04,orb,1.0,0.244,62.5,15.25,,,2025-03-25,2025,1.0,60.0,0.1578057486379861,380.2142857142857,Q2,A1_tight
2025-03-26 13:49:00+00:00,2025-03-26 13:59:00+00:00,short,449.28,orb,1.2425,0.103,93.5,7.75,,,2025-03-26,2025,1.0,62.0,0.16556196652520147,374.48214285714283,Q2,A1_tight
2025-03-27 13:59:00+00:00,2025-03-27 20:09:00+00:00,long,-151.24,orb,0.8815,0.7307,122.75,101.75,,,2025-03-27,2025,1.0,135.0,0.3791944625570547,356.01785714285717,Q4_wide,A3
2025-03-28 14:04:00+00:00,2025-03-28 14:14:00+00:00,short,406.52,orb,1.3578,0.0441,138.5,4.5,,,2025-03-28,2025,1.0,101.5,0.2916666666666667,348.0,Q3,A2
2025-03-31 15:24:00+00:00,2025-03-31 19:14:00+00:00,long,423.76,orb,1.04,0.2509,220.75,53.25,,,2025-03-31,2025,1.0,197.0,0.56294330764913,349.94642857142856,Q4_wide,A4_bloated
2025-04-01 13:49:00+00:00,2025-04-01 14:09:00+00:00,long,-423.48,orb,0.1188,1.114,12.5,117.25,,,2025-04-01,2025,1.0,94.75,0.2707419124400449,349.9642857142857,Q3,A2
2025-04-02 13:49:00+00:00,2025-04-02 16:54:00+00:00,long,500.76,orb,1.0429,0.3041,261.5,76.25,,,2025-04-02,2025,1.0,236.5,0.6535405872193437,361.875,Q4_wide,A4_bloated
2025-04-03 14:09:00+00:00,2025-04-03 15:09:00+00:00,short,329.26,orb,1.1455,0.3152,189.0,52.0,,,2025-04-03,2025,1.0,115.5,0.3127659574468085,369.2857142857143,Q4_wide,A3
2025-04-04 14:14:00+00:00,2025-04-04 14:49:00+00:00,short,491.26,orb,1.1738,0.2815,288.75,69.25,,,2025-04-04,2025,1.0,243.25,0.612527541706012,397.125,Q4_wide,A4_bloated
2025-04-07 13:54:00+00:00,2025-04-07 14:14:00+00:00,long,892.26,orb,2.2441,0.098,1002.0,43.75,,,2025-04-07,2025,1.0,306.5,0.6162573603331898,497.35714285714283,Q4_wide,A4_bloated
2025-04-08 13:54:00+00:00,2025-04-08 15:14:00+00:00,long,-310.74,orb,0.9241,1.1906,143.0,184.25,,,2025-04-08,2025,1.0,142.75,0.2524633653360283,565.4285714285714,Q4_wide,A2
2025-04-09 17:04:00+00:00,2025-04-09 17:24:00+00:00,long,981.76,orb,1.5094,0.5562,741.5,273.25,,,2025-04-09,2025,1.0,349.0,0.5009740592638163,696.6428571428571,Q4_wide,A4_bloated
2025-04-10 13:59:00+00:00,2025-04-10 15:34:00+00:00,short,418.76,orb,1.18,0.6651,247.5,139.5,,,2025-04-10,2025,1.0,191.75,0.25964793500338523,738.5,Q4_wide,A2
2025-04-11 13:49:00+00:00,2025-04-11 14:24:00+00:00,long,-444.24,orb,0.3375,1.3409,74.75,297.0,,,2025-04-11,2025,1.0,218.75,0.28455945550419287,768.7321428571429,Q4_wide,A2
2025-04-14 15:29:00+00:00,2025-04-14 20:09:00+00:00,short,50.26,orb,0.6718,0.4842,207.75,149.75,,,2025-04-14,2025,1.0,258.75,0.32523062420039056,795.5892857142857,Q4_wide,A3
2025-04-15 13:49:00+00:00,2025-04-15 14:19:00+00:00,long,-482.48,orb,0.4667,1.0708,56.0,128.5,,,2025-04-15,2025,1.0,113.0,0.14422792022792022,783.4821428571429,Q4_wide,A1_tight
2025-04-16 13:54:00+00:00,2025-04-16 15:24:00+00:00,short,-508.48,orb,0.3439,1.2352,43.5,156.25,,,2025-04-16,2025,1.0,93.25,0.11527339352332178,808.9464285714286,Q3,A1_tight
2025-04-17 14:24:00+00:00,2025-04-17 18:14:00+00:00,short,-300.24,orb,0.6572,1.0268,98.25,153.5,,,2025-04-17,2025,1.0,111.0,0.14038257413220714,790.6964285714286,Q4_wide,A1_tight
2025-04-21 13:54:00+00:00,2025-04-21 14:09:00+00:00,short,438.52,orb,1.05,0.0386,115.5,4.25,,,2025-04-21,2025,1.0,104.25,0.13241998775149139,787.2678571428571,Q4_wide,A1_tight
2025-04-22 13:49:00+00:00,2025-04-22 15:19:00+00:00,long,281.26,orb,1.0018,0.3032,141.25,42.75,,,2025-04-22,2025,1.0,143.0,0.18113548970821083,789.4642857142857,Q4_wide,A1_tight
2025-04-23 14:34:00+00:00,2025-04-23 15:24:00+00:00,long,-438.74,orb,0.1371,1.0766,30.0,235.5,,,2025-04-23,2025,1.0,196.0,0.2514086765312199,779.6071428571429,Q4_wide,A2
2025-04-24 13:49:00+00:00,2025-04-24 14:24:00+00:00,long,533.52,orb,1.1084,0.0542,148.25,7.25,,,2025-04-24,2025,1.0,123.0,0.1565917202809921,785.4821428571429,Q4_wide,A1_tight
2025-04-25 13:54:00+00:00,2025-04-25 14:09:00+00:00,short,-435.48,orb,0.0208,1.1778,2.25,127.5,,,2025-04-25,2025,1.0,107.75,0.14235160894592808,756.9285714285714,Q4_wide,A1_tight
2025-04-28 13:59:00+00:00,2025-04-28 15:29:00+00:00,short,534.52,orb,1.1437,0.5541,153.25,74.25,,,2025-04-28,2025,1.0,130.5,0.19698644168306423,662.4821428571429,Q4_wide,A1_tight
2025-04-29 13:49:00+00:00,2025-04-29 17:49:00+00:00,long,448.52,orb,1.2867,0.4467,144.75,50.25,,,2025-04-29,2025,1.0,91.0,0.15582668256734855,583.9821428571429,Q3,A1_tight
2025-04-30 13:59:00+00:00,2025-04-30 14:29:00+00:00,short,-367.74,orb,0.0941,1.0587,17.25,194.0,,,2025-04-30,2025,1.0,169.5,0.3590829991677385,472.0357142857143,Q4_wide,A3
2025-05-01 13:59:00+00:00,2025-05-01 14:29:00+00:00,short,-457.48,orb,0.0989,1.1319,11.25,128.75,,,2025-05-01,2025,1.0,89.5,0.2115124915597569,423.14285714285717,Q3,A1_tight
2025-05-02 14:09:00+00:00,2025-05-02 16:04:00+00:00,long,398.52,orb,1.25,0.1875,125.0,18.75,,,2025-05-02,2025,1.0,94.0,0.2359480053787539,398.39285714285717,Q3,A1_tight
2025-05-05 14:04:00+00:00,2025-05-05 16:09:00+00:00,long,428.28,orb,1.0279,0.6725,73.75,48.25,,,2025-05-05,2025,1.0,68.0,0.18076521408905344,376.17857142857144,Q2,A1_tight
2025-05-06 13:54:00+00:00,2025-05-06 14:19:00+00:00,short,-442.48,orb,0.1341,1.0636,14.75,117.0,,,2025-05-06,2025,1.0,75.25,0.19902706276862042,378.0892857142857,Q3,A1_tight
2025-05-07 13:59:00+00:00,2025-05-07 14:54:00+00:00,long,-432.72,orb,0.5524,1.3427,39.5,96.0,,,2025-05-07,2025,1.0,68.25,0.18923602515225033,360.6607142857143,Q2,A1_tight
2025-05-08 13:49:00+00:00,2025-05-08 14:59:00+00:00,short,386.52,orb,1.0077,0.4897,97.75,47.5,,,2025-05-08,2025,1.0,73.25,0.1993972389655843,367.35714285714283,Q3,A1_tight
2025-05-09 14:19:00+00:00,2025-05-09 14:29:00+00:00,short,441.78,orb,1.2669,0.0676,93.75,5.0,,,2025-05-09,2025,1.0,59.75,0.17072299607122812,349.98214285714283,Q2,A1_tight
2025-05-12 14:29:00+00:00,2025-05-12 17:09:00+00:00,short,-362.24,orb,0.2853,1.072,51.5,193.5,,,2025-05-12,2025,1.0,120.0,0.35231204781377795,340.60714285714283,Q4_wide,A3
2025-05-13 13:54:00+00:00,2025-05-13 14:54:00+00:00,long,275.76,orb,1.0235,0.0615,141.5,8.5,,,2025-05-13,2025,1.0,107.75,0.3205141825135451,336.17857142857144,Q4_wide,A3
2025-05-14 13:49:00+00:00,2025-05-14 16:34:00+00:00,short,-388.48,orb,0.3601,1.1503,34.75,111.0,,,2025-05-14,2025,1.0,86.25,0.2769177846577227,311.4642857142857,Q3,A2
2025-05-15 13:49:00+00:00,2025-05-15 14:04:00+00:00,short,-431.22,orb,0.1474,1.1053,10.5,78.75,,,2025-05-15,2025,1.0,61.5,0.1992133271633503,308.7142857142857,Q2,A1_tight
2025-05-16 14:39:00+00:00,2025-05-16 17:34:00+00:00,short,-376.48,orb,0.5989,1.0668,56.0,99.75,,,2025-05-16,2025,1.0,58.0,0.19575699132111862,296.2857142857143,Q2,A1_tight
2025-05-19 13:49:00+00:00,2025-05-19 17:04:00+00:00,long,318.76,orb,1.0172,0.1299,162.5,20.75,,,2025-05-19,2025,1.0,118.5,0.3965342097400657,298.8392857142857,Q4_wide,A3
2025-05-20 13:49:00+00:00,2025-05-20 14:39:00+00:00,short,-524.96,orb,0.3038,1.0423,19.75,67.75,,,2025-05-20,2025,1.0,48.5,0.1812842077159258,267.5357142857143,Q1_narrow,A1_tight
2025-05-21 13:49:00+00:00,2025-05-21 15:09:00+00:00,long,419.52,orb,1.2969,0.19,136.5,20.0,,,2025-05-21,2025,1.0,76.0,0.2684665363022772,283.0892857142857,Q3,A2
2025-05-22 13:54:00+00:00,2025-05-22 20:09:00+00:00,long,-187.48,orb,0.8395,0.572,102.0,69.5,,,2025-05-22,2025,1.0,105.75,0.37671755725190836,280.7142857142857,Q4_wide,A3
2025-05-23 14:14:00+00:00,2025-05-23 20:09:00+00:00,long,-61.24,orb,0.7555,0.5784,112.0,85.75,,,2025-05-23,2025,1.0,129.0,0.4535409342039176,284.42857142857144,Q4_wide,A4_bloated
2025-05-26 14:34:00+00:00,2025-05-27 01:19:00+00:00,short,477.04,orb,1.0083,0.775,60.5,46.5,,,2025-05-26,2025,1.0,35.25,0.13031423290203328,270.5,Q1_narrow,A1_tight
2025-05-27 13:59:00+00:00,2025-05-27 15:29:00+00:00,long,402.52,orb,1.052,0.0173,106.25,1.75,,,2025-05-27,2025,1.0,90.5,0.34169363538295583,264.85714285714283,Q3,A3
2025-05-28 13:49:00+00:00,2025-05-28 19:54:00+00:00,short,507.78,orb,1.5676,0.3765,133.25,32.0,,,2025-05-28,2025,1.0,77.0,0.30078125,256.0,Q3,A2
2025-05-29 13:49:00+00:00,2025-05-29 16:04:00+00:00,short,376.76,orb,1.0053,0.355,189.75,67.0,,,2025-05-29,2025,1.0,133.0,0.501683955274148,265.10714285714283,Q4_wide,A4_bloated
2025-05-30 13:49:00+00:00,2025-05-30 14:29:00+00:00,short,-401.48,orb,0.5589,1.0251,55.75,102.25,,,2025-05-30,2025,1.0,89.75,0.331421035278602,270.80357142857144,Q3,A3
2025-06-02 14:04:00+00:00,2025-06-02 17:04:00+00:00,short,-355.24,orb,0.1031,1.0847,18.25,192.0,,,2025-06-02,2025,1.0,130.25,0.48907067185195124,266.32142857142856,Q4_wide,A4_bloated
2025-06-03 14:04:00+00:00,2025-06-03 16:34:00+00:00,long,423.52,orb,1.0541,0.5529,112.0,58.75,,,2025-06-03,2025,1.0,86.0,0.3141347596373361,273.76785714285717,Q3,A3
2025-06-04 14:04:00+00:00,2025-06-04 18:04:00+00:00,short,-400.48,orb,0.5276,1.0477,52.5,104.25,,,2025-06-04,2025,1.0,61.0,0.23001818059389942,265.19642857142856,Q2,A1_tight
2025-06-05 13:59:00+00:00,2025-06-05 14:44:00+00:00,short,-469.48,orb,0.1734,1.2313,20.25,143.75,,,2025-06-05,2025,1.0,108.75,0.3851992409867173,282.32142857142856,Q4_wide,A3
2025-06-06 13:49:00+00:00,2025-06-06 14:29:00+00:00,long,-539.22,orb,0.0644,1.0644,5.75,95.0,,,2025-06-06,2025,1.0,88.25,0.3265494912118409,270.25,Q3,A3
2025-06-09 14:09:00+00:00,2025-06-09 20:09:00+00:00,long,-108.72,orb,0.9545,0.3077,68.25,22.0,,,2025-06-09,2025,1.0,64.25,0.2400426979785176,267.6607142857143,Q2,A2
2025-06-10 15:34:00+00:00,2025-06-10 16:04:00+00:00,short,-436.48,orb,0.0507,1.1475,5.5,124.5,,,2025-06-10,2025,1.0,68.5,0.27314155511250354,250.78571428571428,Q2,A2
2025-06-11 13:49:00+00:00,2025-06-11 14:24:00+00:00,short,-434.22,orb,0.0105,1.0976,0.75,78.75,,,2025-06-11,2025,1.0,63.5,0.24952634902813836,254.48214285714286,Q2,A2
2025-06-12 13:49:00+00:00,2025-06-12 15:04:00+00:00,long,405.78,orb,1.3309,0.6801,90.5,46.25,,,2025-06-12,2025,1.0,55.5,0.22503801317790167,246.625,Q2,A1_tight
2025-06-13 14:29:00+00:00,2025-06-13 15:24:00+00:00,short,-321.74,orb,0.0359,1.1217,5.75,179.75,,,2025-06-13,2025,1.0,66.5,0.25753803596127245,258.2142857142857,Q2,A2
2025-06-16 13:49:00+00:00,2025-06-16 14:29:00+00:00,long,359.52,orb,1.036,0.1025,93.5,9.25,,,2025-06-16,2025,1.0,66.0,0.2646616541353383,249.375,Q2,A2
2025-06-17 14:14:00+00:00,2025-06-17 16:59:00+00:00,long,-540.72,orb,0.1564,1.0587,14.0,94.75,,,2025-06-17,2025,1.0,83.5,0.3357265939115451,248.71428571428572,Q3,A3
2025-06-18 13:49:00+00:00,2025-06-18 14:29:00+00:00,long,455.28,orb,1.0525,0.2918,80.25,22.25,,,2025-06-18,2025,1.0,66.75,0.27910102292242217,239.16071428571428,Q2,A2
2025-06-19 13:49:00+00:00,2025-06-19 22:04:00+00:00,short,-420.48,orb,0.1579,1.5502,16.5,162.0,,,2025-06-19,2025,1.0,65.75,0.29557678413743277,222.44642857142858,Q2,A2
2025-06-20 13:59:00+00:00,2025-06-20 14:29:00+00:00,short,448.52,orb,1.1489,0.1111,129.25,12.5,,,2025-06-20,2025,1.0,71.0,0.31368836291913216,226.33928571428572,Q2,A3
2025-06-23 13:49:00+00:00,2025-06-23 16:39:00+00:00,long,-292.24,orb,0.7818,1.1409,113.75,166.0,,,2025-06-23,2025,1.0,135.5,0.5795020620131358,233.82142857142858,Q4_wide,A4_bloated
2025-06-24 14:44:00+00:00,2025-06-24 16:44:00+00:00,long,455.28,orb,1.0656,0.4689,81.25,35.75,,,2025-06-24,2025,1.0,67.5,0.286385332222138,235.69642857142858,Q2,A2
2025-06-25 14:14:00+00:00,2025-06-25 17:44:00+00:00,short,440.28,orb,1.1627,0.6847,85.75,50.5,,,2025-06-25,2025,1.0,51.25,0.2369550858652576,216.28571428571428,Q1_narrow,A1_tight
2025-06-26 14:24:00+00:00,2025-06-26 17:44:00+00:00,long,455.28,orb,1.0557,0.282,80.5,21.5,,,2025-06-26,2025,1.0,68.0,0.3076425916949426,221.03571428571428,Q2,A2
2025-06-27 13:54:00+00:00,2025-06-27 14:09:00+00:00,long,465.04,orb,1.2222,0.0128,71.5,0.75,,,2025-06-27,2025,1.0,58.75,0.2586477987421384,227.14285714285714,Q2,A2
2025-06-30 13:49:00+00:00,2025-06-30 19:24:00+00:00,short,-456.72,orb,0.2483,1.096,18.75,82.75,,,2025-06-30,2025,1.0,70.75,0.32114776688011676,220.30357142857142,Q2,A3
2025-07-01 13:54:00+00:00,2025-07-01 14:24:00+00:00,long,-538.44,orb,0.5367,1.096,23.75,48.5,,,2025-07-01,2025,1.0,39.25,0.17942857142857144,218.75,Q1_narrow,A1_tight
2025-07-02 13:49:00+00:00,2025-07-02 14:29:00+00:00,long,467.04,orb,1.4979,0.1277,88.0,7.5,,,2025-07-02,2025,1.0,71.75,0.3222649983958935,222.64285714285714,Q2,A3
2025-07-03 13:54:00+00:00,2025-07-03 14:14:00+00:00,long,507.04,orb,1.0863,0.0863,69.25,5.5,,,2025-07-03,2025,1.0,54.25,0.2503708587440251,216.67857142857142,Q2,A2
2025-07-04 13:54:00+00:00,2025-07-06 22:04:00+00:00,long,502.56,orb,2.3195,0.8166,98.0,34.5,,,2025-07-04,2025,1.0,42.0,0.2014388489208633,208.5,Q1_narrow,A1_tight
2025-07-07 14:59:00+00:00,2025-07-07 18:19:00+00:00,short,479.28,orb,1.0,0.838,80.25,67.25,,,2025-07-07,2025,1.0,73.0,0.35341920982104263,206.55357142857142,Q3,A3
2025-07-08 13:59:00+00:00,2025-07-08 16:24:00+00:00,short,-500.96,orb,0.6492,1.0685,40.25,66.25,,,2025-07-08,2025,1.0,54.0,0.270192994996426,199.85714285714286,Q2,A2
2025-07-09 13:49:00+00:00,2025-07-09 14:39:00+00:00,long,-432.48,orb,0.2442,1.1465,26.25,123.25,,,2025-07-09,2025,1.0,78.25,0.3827408507293213,204.44642857142858,Q3,A3
2025-07-10 13:49:00+00:00,2025-07-10 20:09:00+00:00,short,-70.48,orb,0.9534,0.5881,92.0,56.75,,,2025-07-10,2025,1.0,61.5,0.32177894048397643,191.125,Q2,A3
2025-07-11 13:59:00+00:00,2025-07-11 20:09:00+00:00,long,-77.48,orb,0.6199,0.5957,57.5,55.25,,,2025-07-11,2025,1.0,90.5,0.5109901189755999,177.10714285714286,Q3,A4_bloated
2025-07-14 14:59:00+00:00,2025-07-14 20:09:00+00:00,long,70.76,orb,0.5397,0.0505,74.75,7.0,,,2025-07-14,2025,1.0,137.0,0.7624726694494137,179.67857142857142,Q4_wide,A4_bloated
2025-07-15 14:59:00+00:00,2025-07-15 20:09:00+00:00,short,263.52,orb,0.5943,0.6633,73.25,81.75,,,2025-07-15,2025,1.0,87.25,0.48520357497517375,179.82142857142858,Q3,A4_bloated
2025-07-16 13:49:00+00:00,2025-07-16 15:24:00+00:00,short,549.78,orb,1.0734,0.5272,98.75,48.5,,,2025-07-16,2025,1.0,66.75,0.36446957878315134,183.14285714285714,Q2,A3
2025-07-17 13:49:00+00:00,2025-07-17 15:04:00+00:00,long,420.78,orb,1.1383,0.305,80.25,21.5,,,2025-07-17,2025,1.0,63.5,0.3482859941234084,182.32142857142858,Q2,A3
2025-07-18 14:04:00+00:00,2025-07-18 16:29:00+00:00,short,497.04,orb,1.12,0.148,70.0,9.25,,,2025-07-18,2025,1.0,52.75,0.29083390764989664,181.375,Q2,A2
2025-07-21 13:49:00+00:00,2025-07-21 20:09:00+00:00,long,-113.48,orb,0.376,0.4065,46.25,50.0,,,2025-07-21,2025,1.0,91.75,0.5283833813245578,173.64285714285714,Q3,A4_bloated
2025-07-22 13:49:00+00:00,2025-07-22 20:09:00+00:00,short,33.52,orb,0.7725,0.3266,105.25,44.5,,,2025-07-22,2025,1.0,72.25,0.4135322976287817,174.71428571428572,Q3,A4_bloated
2025-07-23 13:59:00+00:00,2025-07-23 15:54:00+00:00,short,-393.48,orb,0.1944,1.2609,19.0,123.25,,,2025-07-23,2025,1.0,73.25,0.41797432239657634,175.25,Q3,A4_bloated
2025-07-24 14:09:00+00:00,2025-07-24 15:54:00+00:00,short,-562.96,orb,0.448,1.0179,31.25,71.0,,,2025-07-24,2025,1.0,59.25,0.3288730300327089,180.16071428571428,Q2,A3
2025-07-25 13:49:00+00:00,2025-07-25 16:09:00+00:00,long,526.3,orb,1.0283,0.2075,54.5,11.0,,,2025-07-25,2025,1.0,47.5,0.2692580220670108,176.41071428571428,Q1_narrow,A2
2025-07-28 13:54:00+00:00,2025-07-28 15:19:00+00:00,long,-508.44,orb,0.5329,1.2994,22.25,54.25,,,2025-07-28,2025,1.0,45.25,0.2596045487142711,174.30357142857142,Q1_narrow,A2
2025-07-29 13:49:00+00:00,2025-07-29 14:54:00+00:00,short,499.04,orb,1.1952,0.0677,75.0,4.25,,,2025-07-29,2025,1.0,54.0,0.30493092669153976,177.08928571428572,Q2,A2
2025-07-30 14:24:00+00:00,2025-07-30 18:39:00+00:00,long,515.04,orb,1.139,0.6216,73.75,40.25,,,2025-07-30,2025,1.0,69.25,0.3827099575643935,180.94642857142858,Q2,A3
2025-07-31 14:49:00+00:00,2025-07-31 17:29:00+00:00,short,297.26,orb,1.1174,0.0956,166.5,14.25,,,2025-07-31,2025,1.0,86.5,0.43651437325403264,198.16071428571428,Q3,A4_bloated
2025-08-01 13:49:00+00:00,2025-08-01 20:09:00+00:00,short,-16.24,orb,0.3935,0.7826,90.5,180.0,,,2025-08-01,2025,1.0,200.75,0.9790124531916747,205.05357142857142,Q4_wide,A4_bloated
2025-08-04 13:49:00+00:00,2025-08-04 20:09:00+00:00,long,474.52,orb,0.9492,0.2285,121.5,29.25,,,2025-08-04,2025,1.0,125.0,0.597473540457494,209.21428571428572,Q4_wide,A4_bloated
2025-08-05 13:49:00+00:00,2025-08-05 14:19:00+00:00,long,-470.22,orb,0.1415,1.1447,11.0,89.0,,,2025-08-05,2025,1.0,79.0,0.37513779360637667,210.58928571428572,Q3,A3
2025-08-06 13:54:00+00:00,2025-08-06 15:19:00+00:00,long,486.78,orb,1.0521,0.8098,85.75,66.0,,,2025-08-06,2025,1.0,79.75,0.3683602771362587,216.5,Q3,A3
2025-08-07 13:59:00+00:00,2025-08-07 14:14:00+00:00,long,-438.72,orb,0.2241,1.031,16.25,74.75,,,2025-08-07,2025,1.0,70.75,0.3064191802010828,230.89285714285714,Q2,A2
2025-08-08 13:49:00+00:00,2025-08-08 20:04:00+00:00,long,392.52,orb,1.0964,0.1701,108.0,16.75,,,2025-08-08,2025,1.0,99.0,0.42230347349177333,234.42857142857142,Q3,A4_bloated
2025-08-11 13:59:00+00:00,2025-08-11 18:04:00+00:00,long,-516.96,orb,0.9297,1.0352,59.5,66.25,,,2025-08-11,2025,1.0,57.5,0.24533333333333332,234.375,Q2,A2
2025-08-12 13:49:00+00:00,2025-08-12 15:09:00+00:00,short,-435.48,orb,0.7182,1.0647,77.75,115.25,,,2025-08-12,2025,1.0,98.0,0.3999125555636523,245.05357142857142,Q3,A3
2025-08-13 13:59:00+00:00,2025-08-13 14:29:00+00:00,short,508.8,orb,1.3659,0.0293,70.0,1.5,,,2025-08-13,2025,1.0,41.25,0.16561514195583596,249.07142857142858,Q1_narrow,A1_tight
2025-08-14 13:49:00+00:00,2025-08-14 20:09:00+00:00,long,-278.22,orb,0.8472,0.7611,76.25,68.5,,,2025-08-14,2025,1.0,90.75,0.36214636927242927,250.58928571428572,Q3,A3
2025-08-15 13:49:00+00:00,2025-08-15 20:09:00+00:00,short,-43.48,orb,0.3824,0.7667,48.75,97.75,,,2025-08-15,2025,1.0,74.5,0.29225919439579684,254.91071428571428,Q3,A2
2025-08-18 13:54:00+00:00,2025-08-18 14:24:00+00:00,short,-482.96,orb,0.3724,1.046,22.25,62.5,,,2025-08-18,2025,1.0,46.25,0.1880763924188512,245.91071428571428,Q1_narrow,A1_tight
2025-08-19 13:49:00+00:00,2025-08-19 15:04:00+00:00,short,476.52,orb,1.1402,0.6527,136.25,78.0,,,2025-08-19,2025,1.0,97.25,0.3844959051115504,252.92857142857142,Q3,A3
2025-08-20 13:49:00+00:00,2025-08-20 14:09:00+00:00,short,334.26,orb,1.0045,0.006,168.25,1.0,,,2025-08-20,2025,1.0,104.75,0.4179253348532345,250.64285714285714,Q4_wide,A4_bloated
2025-08-21 13:59:00+00:00,2025-08-21 14:14:00+00:00,short,-412.48,orb,0.3073,1.1293,31.5,115.75,,,2025-08-21,2025,1.0,97.0,0.39736649597659107,244.10714285714286,Q3,A3
2025-08-22 13:49:00+00:00,2025-08-22 14:04:00+00:00,long,509.52,orb,1.593,0.683,203.5,87.25,,,2025-08-22,2025,1.0,132.0,0.5074135090609555,260.14285714285717,Q4_wide,A4_bloated
2025-08-25 13:59:00+00:00,2025-08-25 15:24:00+00:00,long,453.78,orb,1.0954,0.1908,83.25,14.5,,,2025-08-25,2025,1.0,68.5,0.27157522123893807,252.23214285714286,Q2,A2
2025-08-26 13:49:00+00:00,2025-08-26 14:14:00+00:00,short,-447.72,orb,0.0878,1.1216,6.5,83.0,,,2025-08-26,2025,1.0,55.25,0.22699926632428466,243.39285714285714,Q2,A1_tight
2025-08-27 13:49:00+00:00,2025-08-27 14:14:00+00:00,short,-530.96,orb,0.0038,1.0304,0.25,67.75,,,2025-08-27,2025,1.0,69.25,0.2996445680729408,231.10714285714286,Q2,A2
2025-08-28 13:54:00+00:00,2025-08-28 15:19:00+00:00,short,-508.48,orb,0.3399,1.085,43.0,137.25,,,2025-08-28,2025,1.0,77.25,0.3305570413387331,233.69642857142858,Q3,A3
2025-08-29 13:49:00+00:00,2025-08-29 14:59:00+00:00,short,497.52,orb,1.024,0.2585,127.75,32.25,,,2025-08-29,2025,1.0,94.5,0.3988543864938197,236.92857142857142,Q3,A3
2025-09-01 13:49:00+00:00,2025-09-01 23:24:00+00:00,long,-535.44,orb,0.5341,1.2614,23.5,55.5,,,2025-09-01,2025,1.0,42.25,0.19368041912246234,218.14285714285714,Q1_narrow,A1_tight
2025-09-02 13:49:00+00:00,2025-09-02 20:09:00+00:00,long,329.26,orb,0.9726,0.9913,168.5,171.75,,,2025-09-02,2025,1.0,152.5,0.6806950422445401,224.03571428571428,Q4_wide,A4_bloated
2025-09-03 14:19:00+00:00,2025-09-03 14:44:00+00:00,long,425.28,orb,1.0175,0.1754,72.5,12.5,,,2025-09-03,2025,1.0,47.5,0.20931696569090338,226.92857142857142,Q1_narrow,A1_tight
2025-09-04 14:04:00+00:00,2025-09-04 15:24:00+00:00,short,-464.48,orb,0.1948,1.0065,22.5,116.25,,,2025-09-04,2025,1.0,86.25,0.36651995750493244,235.32142857142858,Q3,A3
2025-09-05 14:09:00+00:00,2025-09-05 14:24:00+00:00,short,422.52,orb,1.3443,0.066,142.5,7.0,,,2025-09-05,2025,1.0,65.75,0.2573025856044724,255.53571428571428,Q2,A2
2025-09-08 13:54:00+00:00,2025-09-08 17:54:00+00:00,long,-563.22,orb,0.244,1.0992,22.75,102.5,,,2025-09-08,2025,1.0,77.25,0.32051567014892196,241.01785714285714,Q3,A3
2025-09-09 13:54:00+00:00,2025-09-09 14:34:00+00:00,short,501.3,orb,1.0842,0.8663,54.75,43.75,,,2025-09-09,2025,1.0,39.0,0.172199006544193,226.48214285714286,Q1_narrow,A1_tight
2025-09-10 13:54:00+00:00,2025-09-10 19:09:00+00:00,short,506.28,orb,1.0826,0.8909,91.75,75.5,,,2025-09-10,2025,1.0,65.75,0.29245432883240663,224.82142857142858,Q2,A2
2025-09-11 14:34:00+00:00,2025-09-11 20:09:00+00:00,long,128.28,orb,0.5444,0.2693,47.5,23.5,,,2025-09-11,2025,1.0,87.75,0.4326846878577089,202.80357142857142,Q3,A4_bloated
2025-09-12 14:24:00+00:00,2025-09-12 18:44:00+00:00,long,557.04,orb,1.0143,0.1036,71.0,7.25,,,2025-09-12,2025,1.0,50.75,0.2516157591854803,201.69642857142858,Q1_narrow,A2
2025-09-15 13:49:00+00:00,2025-09-15 15:59:00+00:00,long,553.8,orb,1.0942,0.0493,61.0,2.75,,,2025-09-15,2025,1.0,40.0,0.20145696555445636,198.55357142857142,Q1_narrow,A1_tight
2025-09-16 13:54:00+00:00,2025-09-16 20:09:00+00:00,short,-6.96,orb,0.6008,0.4774,36.5,29.0,,,2025-09-16,2025,1.0,49.5,0.2561685611311339,193.23214285714286,Q1_narrow,A2
2025-09-17 14:09:00+00:00,2025-09-17 16:39:00+00:00,short,447.78,orb,1.1133,0.1967,83.5,14.75,,,2025-09-17,2025,1.0,76.5,0.38552915766738666,198.42857142857142,Q3,A3
2025-09-18 14:04:00+00:00,2025-09-18 20:09:00+00:00,long,-48.48,orb,0.9542,0.3511,93.75,34.5,,,2025-09-18,2025,1.0,102.75,0.5263446761800219,195.21428571428572,Q4_wide,A4_bloated
2025-09-19 13:49:00+00:00,2025-09-19 14:49:00+00:00,long,-563.7,orb,0.4305,1.0673,24.0,59.5,,,2025-09-19,2025,1.0,45.75,0.22489466292134833,203.42857142857142,Q1_narrow,A1_tight
2025-09-22 13:49:00+00:00,2025-09-22 14:29:00+00:00,long,514.56,orb,1.1156,0.0636,48.25,2.75,,,2025-09-22,2025,1.0,35.25,0.17696100403406542,199.19642857142858,Q1_narrow,A1_tight
2025-09-23 13:59:00+00:00,2025-09-23 17:29:00+00:00,short,555.04,orb,1.0609,0.509,74.0,35.5,,,2025-09-23,2025,1.0,67.0,0.3336890786197083,200.78571428571428,Q2,A3
2025-09-24 13:49:00+00:00,2025-09-24 15:59:00+00:00,short,561.78,orb,1.3484,0.383,126.75,36.0,,,2025-09-24,2025,1.0,52.25,0.26225687908936096,199.23214285714286,Q1_narrow,A2
2025-09-25 14:19:00+00:00,2025-09-25 20:09:00+00:00,long,28.76,orb,0.4952,0.8322,90.75,152.5,,,2025-09-25,2025,1.0,138.5,0.7247920755069619,191.08928571428572,Q4_wide,A4_bloated
2025-09-26 14:24:00+00:00,2025-09-26 17:14:00+00:00,short,-568.48,orb,0.3587,1.0318,50.75,146.0,,,2025-09-26,2025,1.0,115.5,0.5849687980464864,197.44642857142858,Q4_wide,A4_bloated
2025-09-29 13:49:00+00:00,2025-09-29 15:39:00+00:00,long,-397.48,orb,0.2861,1.0886,28.25,107.5,,,2025-09-29,2025,1.0,78.75,0.3944191038368661,199.66071428571428,Q3,A3
2025-09-30 13:54:00+00:00,2025-09-30 14:49:00+00:00,short,-390.48,orb,0.1186,1.0799,11.5,104.75,,,2025-09-30,2025,1.0,68.75,0.3461296412838263,198.625,Q2,A3
2025-10-01 13:49:00+00:00,2025-10-01 14:19:00+00:00,short,-420.48,orb,0.1029,1.1794,10.75,123.25,,,2025-10-01,2025,1.0,98.75,0.46781152186786223,211.08928571428572,Q3,A4_bloated
2025-10-02 13:49:00+00:00,2025-10-02 20:09:00+00:00,short,-377.48,orb,0.25,0.6982,35.0,97.75,,,2025-10-02,2025,1.0,118.75,0.5619401723846543,211.32142857142858,Q4_wide,A4_bloated
2025-10-03 13:59:00+00:00,2025-10-03 17:04:00+00:00,short,475.04,orb,1.251,0.8452,74.75,50.5,,,2025-10-03,2025,1.0,52.0,0.23680572497357077,219.58928571428572,Q1_narrow,A1_tight
2025-10-06 17:24:00+00:00,2025-10-06 20:09:00+00:00,long,-173.48,orb,0.2512,0.4654,27.25,50.5,,,2025-10-06,2025,1.0,94.75,0.42475184117835413,223.07142857142858,Q3,A4_bloated
2025-10-07 14:29:00+00:00,2025-10-07 15:04:00+00:00,short,496.3,orb,1.46,0.365,73.0,18.25,,,2025-10-07,2025,1.0,43.75,0.19764440141981285,221.35714285714286,Q1_narrow,A1_tight
2025-10-08 13:49:00+00:00,2025-10-08 15:54:00+00:00,long,522.78,orb,1.1229,0.2143,98.25,18.75,,,2025-10-08,2025,1.0,63.25,0.28234356317257875,224.01785714285714,Q2,A2
2025-10-09 14:29:00+00:00,2025-10-09 17:34:00+00:00,short,495.78,orb,1.0753,0.2771,89.25,23.0,,,2025-10-09,2025,1.0,81.0,0.3622713840747544,223.58928571428572,Q3,A3
2025-10-10 14:59:00+00:00,2025-10-10 15:04:00+00:00,short,363.76,orb,1.107,0.0096,201.75,1.75,,,2025-10-10,2025,1.0,71.25,0.2539298669891173,280.5892857142857,Q2,A2
2025-10-13 13:59:00+00:00,2025-10-13 20:09:00+00:00,long,57.26,orb,0.4694,0.8823,76.75,144.25,,,2025-10-13,2025,1.0,118.25,0.42023099378093665,281.39285714285717,Q4_wide,A4_bloated
2025-10-14 14:24:00+00:00,2025-10-14 16:54:00+00:00,long,514.76,orb,1.0039,0.0718,258.75,18.5,,,2025-10-14,2025,1.0,206.5,0.6854771784232365,301.25,Q4_wide,A4_bloated
2025-10-15 13:49:00+00:00,2025-10-15 13:59:00+00:00,short,-527.22,orb,0.086,1.2321,7.5,107.5,,,2025-10-15,2025,1.0,74.0,0.23572241183162684,313.92857142857144,Q3,A1_tight
2025-10-16 14:34:00+00:00,2025-10-16 15:29:00+00:00,long,-576.96,orb,0.9755,1.2762,69.75,91.25,,,2025-10-16,2025,1.0,85.75,0.2546669495120916,336.7142857142857,Q3,A2
2025-10-17 13:54:00+00:00,2025-10-17 18:24:00+00:00,long,351.76,orb,1.027,0.9872,181.0,174.0,,,2025-10-17,2025,1.0,146.0,0.4169513998674078,350.1607142857143,Q4_wide,A4_bloated
2025-10-20 13:54:00+00:00,2025-10-20 15:54:00+00:00,long,459.52,orb,1.0,0.243,115.25,28.0,,,2025-10-20,2025,1.0,57.25,0.16365492598264422,349.82142857142856,Q2,A1_tight
2025-10-21 14:04:00+00:00,2025-10-21 15:49:00+00:00,short,-477.72,orb,0.2785,1.2089,22.0,95.5,,,2025-10-21,2025,1.0,62.25,0.1841715976331361,338.0,Q2,A1_tight
2025-10-22 13:54:00+00:00,2025-10-22 14:29:00+00:00,long,-434.48,orb,0.0185,1.5394,2.0,166.25,,,2025-10-22,2025,1.0,92.25,0.2554517133956386,361.125,Q3,A2
2025-10-23 13:49:00+00:00,2025-10-23 17:49:00+00:00,long,551.52,orb,1.0054,0.387,139.0,53.5,,,2025-10-23,2025,1.0,121.25,0.33284313725490194,364.2857142857143,Q4_wide,A3
2025-10-24 14:09:00+00:00,2025-10-24 20:09:00+00:00,long,-79.48,orb,0.3698,0.9854,38.0,101.25,,,2025-10-24,2025,1.0,105.25,0.2891058027174179,364.05357142857144,Q4_wide,A2
2025-10-27 14:04:00+00:00,2025-10-27 18:44:00+00:00,long,557.04,orb,1.0179,0.625,71.25,43.75,,,2025-10-27,2025,1.0,63.0,0.17634709587123862,357.25,Q2,A1_tight
2025-10-28 13:54:00+00:00,2025-10-28 16:29:00+00:00,short,-488.96,orb,0.4628,1.0579,28.0,64.0,,,2025-10-28,2025,1.0,53.25,0.14992458521870286,355.17857142857144,Q2,A1_tight
2025-10-29 13:59:00+00:00,2025-10-29 14:54:00+00:00,long,-516.96,orb,0.1172,1.1797,7.5,75.5,,,2025-10-29,2025,1.0,38.0,0.10432906800019612,364.23214285714283,Q1_narrow,A1_tight
2025-10-30 13:54:00+00:00,2025-10-30 19:19:00+00:00,long,-382.24,orb,0.2598,1.1273,49.5,214.75,,,2025-10-30,2025,1.0,154.5,0.4888135593220339,316.07142857142856,Q4_wide,A4_bloated
2025-10-31 14:04:00+00:00,2025-10-31 16:59:00+00:00,short,535.52,orb,1.0074,0.8771,135.25,117.75,,,2025-10-31,2025,1.0,92.0,0.2872435325602141,320.2857142857143,Q3,A2
2025-11-03 14:49:00+00:00,2025-11-03 15:29:00+00:00,short,444.52,orb,1.0874,0.0381,121.25,4.25,,,2025-11-03,2025,1.0,111.0,0.36929657794676807,300.57142857142856,Q4_wide,A3
2025-11-04 14:54:00+00:00,2025-11-04 17:19:00+00:00,long,-379.74,orb,0.2166,1.0489,41.0,198.5,,,2025-11-04,2025,1.0,119.25,0.4066248553857395,293.26785714285717,Q4_wide,A4_bloated
2025-11-05 14:49:00+00:00,2025-11-05 15:44:00+00:00,long,480.52,orb,1.0062,0.0685,121.25,8.25,,,2025-11-05,2025,1.0,88.0,0.3109736858711428,282.98214285714283,Q3,A2
2025-11-06 14:54:00+00:00,2025-11-06 15:04:00+00:00,short,523.52,orb,1.0743,0.0895,141.0,11.75,,,2025-11-06,2025,1.0,82.75,0.2857671435619142,289.57142857142856,Q3,A2
2025-11-07 15:39:00+00:00,2025-11-07 19:59:00+00:00,short,-439.74,orb,0.8312,1.0274,182.25,225.25,,,2025-11-07,2025,1.0,171.5,0.5527482014388488,310.26785714285717,Q4_wide,A4_bloated
2025-11-10 15:04:00+00:00,2025-11-10 15:59:00+00:00,long,-462.48,orb,0.2261,1.0783,26.0,124.0,,,2025-11-10,2025,1.0,82.25,0.2554914577324162,321.92857142857144,Q3,A2
2025-11-11 14:49:00+00:00,2025-11-11 15:34:00+00:00,short,501.04,orb,1.2143,0.8056,76.5,50.75,,,2025-11-11,2025,1.0,57.5,0.18984729673957904,302.875,Q2,A1_tight
2025-11-12 14:49:00+00:00,2025-11-12 21:09:00+00:00,short,-131.74,orb,0.4337,0.4079,88.25,83.0,,,2025-11-12,2025,1.0,100.75,0.33579335793357934,300.0357142857143,Q3,A3
2025-11-13 15:49:00+00:00,2025-11-13 21:09:00+00:00,short,175.76,orb,0.9128,0.1418,238.25,37.0,,,2025-11-13,2025,1.0,196.5,0.6041174855888004,325.26785714285717,Q4_wide,A4_bloated
2025-11-14 14:49:00+00:00,2025-11-14 15:49:00+00:00,long,537.26,orb,1.0548,0.1357,283.75,36.5,,,2025-11-14,2025,1.0,228.75,0.6358897989575577,359.73214285714283,Q4_wide,A4_bloated
2025-11-17 14:49:00+00:00,2025-11-17 16:19:00+00:00,long,-528.24,orb,0.1338,1.0285,35.25,271.0,,,2025-11-17,2025,1.0,237.25,0.6228201762610163,380.92857142857144,Q4_wide,A4_bloated
2025-11-18 14:49:00+00:00,2025-11-18 16:04:00+00:00,short,417.26,orb,1.1794,0.1005,246.5,21.0,,,2025-11-18,2025,1.0,191.5,0.4885204081632653,392.0,Q4_wide,A4_bloated
2025-11-19 14:49:00+00:00,2025-11-19 15:19:00+00:00,long,392.26,orb,1.1132,0.1349,218.75,26.5,,,2025-11-19,2025,1.0,192.5,0.4778792446138842,402.82142857142856,Q4_wide,A4_bloated
2025-11-20 14:59:00+00:00,2025-11-20 16:04:00+00:00,long,-515.48,orb,0.2768,1.3977,35.5,179.25,,,2025-11-20,2025,1.0,91.25,0.1947853930014485,468.4642857142857,Q3,A1_tight
2025-11-21 14:54:00+00:00,2025-11-21 15:04:00+00:00,long,-512.48,orb,0.0235,1.6196,3.0,206.5,,,2025-11-21,2025,1.0,129.5,0.25985380536047015,498.35714285714283,Q4_wide,A2
2025-11-24 15:04:00+00:00,2025-11-24 18:14:00+00:00,long,433.76,orb,1.0104,0.3234,219.5,70.25,,,2025-11-24,2025,1.0,179.0,0.3540923381256844,505.51785714285717,Q4_wide,A3
2025-11-25 14:49:00+00:00,2025-11-25 16:24:00+00:00,short,-498.24,orb,0.1157,1.0161,28.75,252.5,,,2025-11-25,2025,1.0,196.25,0.38061924222483895,515.6071428571429,Q4_wide,A3
2025-11-26 14:59:00+00:00,2025-11-26 15:59:00+00:00,short,-414.48,orb,0.3252,1.0121,33.5,104.25,,,2025-11-26,2025,1.0,81.5,0.16334418954224975,498.94642857142856,Q3,A1_tight
2025-11-27 23:09:00+00:00,2025-11-28 01:09:00+00:00,long,530.08,orb,1.0224,0.4328,34.25,14.5,,,2025-11-27,2025,1.0,30.75,0.0658181401215457,467.19642857142856,Q1_narrow,A1_tight
2025-11-28 16:09:00+00:00,2025-11-30 23:04:00+00:00,long,413.52,orb,1.0699,0.6506,111.0,67.5,,,2025-11-28,2025,1.0,91.0,0.19903140134354008,457.2142857142857,Q3,A1_tight
2025-12-01 14:54:00+00:00,2025-12-01 17:49:00+00:00,long,545.52,orb,1.0932,0.5759,149.5,78.75,,,2025-12-01,2025,1.0,112.75,0.24398160670814173,462.125,Q4_wide,A2
2025-12-02 15:04:00+00:00,2025-12-02 16:24:00+00:00,long,-328.24,orb,0.2141,1.0765,35.0,176.0,,,2025-12-02,2025,1.0,141.75,0.3064391599752934,462.57142857142856,Q4_wide,A2
2025-12-03 15:04:00+00:00,2025-12-03 21:09:00+00:00,long,310.52,orb,0.9829,0.6154,115.0,72.0,,,2025-12-03,2025,1.0,85.0,0.19079685746352412,445.5,Q3,A1_tight
2025-12-04 16:04:00+00:00,2025-12-04 21:09:00+00:00,short,-202.74,orb,0.2497,0.6681,44.75,119.75,,,2025-12-04,2025,1.0,127.75,0.31053042798854064,411.39285714285717,Q4_wide,A2
2025-12-05 14:54:00+00:00,2025-12-05 16:34:00+00:00,long,-488.48,orb,0.5988,1.1852,72.75,144.0,,,2025-12-05,2025,1.0,103.75,0.26631829849651634,389.57142857142856,Q4_wide,A2
2025-12-08 14:49:00+00:00,2025-12-08 15:59:00+00:00,short,407.52,orb,1.0611,0.2225,108.5,22.75,,,2025-12-08,2025,1.0,89.25,0.23601076639750673,378.1607142857143,Q3,A1_tight
2025-12-09 15:29:00+00:00,2025-12-09 21:09:00+00:00,long,161.28,orb,0.814,0.2222,78.75,21.5,,,2025-12-09,2025,1.0,93.5,0.26237722990579276,356.35714285714283,Q3,A2
2025-12-10 15:59:00+00:00,2025-12-10 17:54:00+00:00,short,-585.72,orb,0.3892,1.0644,37.75,103.25,,,2025-12-10,2025,1.0,91.5,0.31148936170212765,293.75,Q3,A3
2025-12-11 14:49:00+00:00,2025-12-11 18:39:00+00:00,short,-327.74,orb,0.5911,1.0904,96.5,178.0,,,2025-12-11,2025,1.0,85.5,0.31639463424304504,270.23214285714283,Q3,A3
2025-12-12 14:49:00+00:00,2025-12-12 15:24:00+00:00,short,447.52,orb,1.2094,0.5612,135.75,63.0,,,2025-12-12,2025,1.0,91.0,0.33220338983050846,273.92857142857144,Q3,A3
2025-12-15 14:54:00+00:00,2025-12-15 15:24:00+00:00,short,300.26,orb,1.2043,0.0332,181.25,5.0,,,2025-12-15,2025,1.0,136.25,0.5200736146138641,261.98214285714283,Q4_wide,A4_bloated
2025-12-16 14:59:00+00:00,2025-12-16 15:29:00+00:00,long,-360.24,orb,0.0961,1.1699,17.25,210.0,,,2025-12-16,2025,1.0,129.25,0.4897158322056833,263.92857142857144,Q4_wide,A4_bloated
2025-12-17 14:54:00+00:00,2025-12-17 15:44:00+00:00,short,320.26,orb,1.0093,0.3863,162.0,62.0,,,2025-12-17,2025,1.0,152.25,0.504735969689794,301.64285714285717,Q4_wide,A4_bloated
2025-12-18 15:34:00+00:00,2025-12-18 21:09:00+00:00,long,-267.24,orb,0.2507,0.9399,48.0,180.0,,,2025-12-18,2025,1.0,156.75,0.5096968993148299,307.5357142857143,Q4_wide,A4_bloated
2025-12-19 14:59:00+00:00,2025-12-19 21:09:00+00:00,long,50.76,orb,0.1956,0.4945,39.75,100.5,,,2025-12-19,2025,1.0,175.0,0.5792989300703434,302.0892857142857,Q4_wide,A4_bloated
2025-12-22 15:39:00+00:00,2025-12-22 21:09:00+00:00,short,-219.48,orb,0.0428,0.5394,6.25,78.75,,,2025-12-22,2025,1.0,122.5,0.41420118343195267,295.75,Q4_wide,A4_bloated
2025-12-23 15:04:00+00:00,2025-12-23 15:59:00+00:00,short,-403.48,orb,0.0723,1.0324,7.25,103.5,,,2025-12-23,2025,1.0,55.75,0.19141630901287554,291.25,Q2,A1_tight
2025-12-24 15:14:00+00:00,2025-12-24 16:39:00+00:00,long,526.56,orb,1.2542,0.5593,55.5,24.75,,,2025-12-24,2025,1.0,38.25,0.13401739348057312,285.4107142857143,Q1_narrow,A1_tight
2025-12-26 15:04:00+00:00,2025-12-26 21:09:00+00:00,short,-28.96,orb,0.3614,0.7298,25.75,52.0,,,2025-12-26,2025,1.0,70.75,0.25528350515463916,277.14285714285717,Q2,A2
2025-12-29 17:29:00+00:00,2025-12-29 21:09:00+00:00,short,-159.74,orb,0.0202,0.7232,3.25,116.25,,,2025-12-29,2025,1.0,152.5,0.5685752330226365,268.2142857142857,Q4_wide,A4_bloated
2025-12-30 14:49:00+00:00,2025-12-30 15:44:00+00:00,long,-553.7,orb,0.6941,1.0091,38.0,55.25,,,2025-12-30,2025,1.0,54.25,0.20500708549834673,264.625,Q2,A1_tight
2025-12-31 14:49:00+00:00,2025-12-31 20:04:00+00:00,short,524.28,orb,1.1197,0.3561,98.25,31.25,,,2025-12-31,2025,1.0,103.25,0.4003877847794474,257.875,Q4_wide,A3
2026-01-02 14:49:00+00:00,2026-01-02 15:14:00+00:00,long,-468.48,orb,0.4185,1.3863,48.75,161.5,,,2026-01-02,2026,1.0,95.25,0.3500918876345498,272.07142857142856,Q3,A3
2026-01-05 15:29:00+00:00,2026-01-05 21:09:00+00:00,long,-362.48,orb,0.2584,0.9201,34.75,123.75,,,2026-01-05,2026,1.0,126.75,0.5103537532355479,248.35714285714286,Q4_wide,A4_bloated
2026-01-06 14:49:00+00:00,2026-01-06 19:24:00+00:00,long,408.52,orb,1.0122,0.6976,103.75,71.5,,,2026-01-06,2026,1.0,82.0,0.34363541121005764,238.625,Q3,A3
2026-01-07 15:29:00+00:00,2026-01-07 16:49:00+00:00,long,572.28,orb,1.0078,0.5875,96.5,56.25,,,2026-01-07,2026,1.0,93.25,0.39602608827544367,235.46428571428572,Q3,A3
2026-01-08 14:59:00+00:00,2026-01-08 21:09:00+00:00,short,-178.24,orb,0.1702,0.5532,34.0,110.5,,,2026-01-08,2026,1.0,168.25,0.8031026252983293,209.5,Q4_wide,A4_bloated
2026-01-09 15:09:00+00:00,2026-01-09 15:24:00+00:00,short,-297.24,orb,0.0186,1.1639,2.75,172.25,,,2026-01-09,2026,1.0,141.75,0.6502826247235193,217.98214285714286,Q4_wide,A4_bloated
2026-01-12 14:54:00+00:00,2026-01-12 21:09:00+00:00,long,124.26,orb,0.8358,0.204,126.0,30.75,,,2026-01-12,2026,1.0,109.25,0.49683287315250935,219.89285714285714,Q4_wide,A4_bloated
2026-01-13 15:04:00+00:00,2026-01-13 15:29:00+00:00,short,451.52,orb,1.0353,0.2517,117.25,28.5,,,2026-01-13,2026,1.0,107.25,0.4764775882586275,225.08928571428572,Q4_wide,A4_bloated
2026-01-14 14:59:00+00:00,2026-01-14 21:09:00+00:00,short,-80.74,orb,0.799,0.5298,164.0,108.75,,,2026-01-14,2026,1.0,176.25,0.7413249211356467,237.75,Q4_wide,A4_bloated
2026-01-15 15:44:00+00:00,2026-01-15 19:34:00+00:00,short,564.78,orb,1.0397,0.9153,98.25,86.5,,,2026-01-15,2026,1.0,99.25,0.3973689854865232,249.76785714285714,Q3,A3
2026-01-16 14:54:00+00:00,2026-01-16 15:19:00+00:00,short,420.52,orb,1.1185,0.019,118.0,2.0,,,2026-01-16,2026,1.0,77.75,0.29456734997632095,263.94642857142856,Q3,A2
2026-01-19 14:59:00+00:00,2026-01-19 17:09:00+00:00,long,452.28,orb,1.0792,0.3861,81.75,29.25,,,2026-01-19,2026,1.0,53.5,0.2021592442645074,264.64285714285717,Q2,A1_tight
2026-01-20 15:29:00+00:00,2026-01-20 18:34:00+00:00,long,-512.48,orb,0.5353,1.1196,68.25,142.75,,,2026-01-20,2026,1.0,123.5,0.44205816554809846,279.375,Q4_wide,A4_bloated
2026-01-21 14:49:00+00:00,2026-01-21 15:19:00+00:00,long,431.52,orb,1.3025,0.067,141.0,7.25,,,2026-01-21,2026,1.0,95.75,0.3199474909004117,299.26785714285717,Q3,A3
2026-01-22 14:49:00+00:00,2026-01-22 21:09:00+00:00,short,-161.74,orb,0.2424,0.949,38.0,148.75,,,2026-01-22,2026,1.0,93.25,0.3401511203751954,274.14285714285717,Q3,A3
2026-01-23 14:59:00+00:00,2026-01-23 15:34:00+00:00,long,403.52,orb,1.0914,0.0247,110.5,2.5,,,2026-01-23,2026,1.0,90.0,0.3188460808502562,282.26785714285717,Q3,A3
2026-01-26 14:59:00+00:00,2026-01-26 21:09:00+00:00,long,44.52,orb,0.7444,0.2594,99.0,34.5,,,2026-01-26,2026,1.0,118.0,0.4190234622701332,281.60714285714283,Q4_wide,A4_bloated
2026-01-27 14:54:00+00:00,2026-01-27 21:09:00+00:00,long,155.52,orb,0.6396,0.1333,76.75,16.0,,,2026-01-27,2026,1.0,95.25,0.34067829086031803,279.5892857142857,Q3,A3
2026-01-28 15:34:00+00:00,2026-01-28 21:04:00+00:00,short,599.28,orb,2.0175,0.3267,202.25,32.75,,,2026-01-28,2026,1.0,87.25,0.309084008097166,282.2857142857143,Q3,A2
2026-01-29 14:54:00+00:00,2026-01-29 15:34:00+00:00,short,467.26,orb,1.0929,0.0502,255.75,11.75,,,2026-01-29,2026,1.0,249.5,0.8275290215588723,301.5,Q4_wide,A4_bloated
2026-01-30 15:29:00+00:00,2026-01-30 18:19:00+00:00,short,582.52,orb,1.2209,0.9606,178.25,140.25,,,2026-01-30,2026,1.0,126.5,0.40663566959416797,311.0892857142857,Q4_wide,A4_bloated
2026-02-02 14:49:00+00:00,2026-02-02 21:09:00+00:00,long,292.26,orb,0.9927,0.0827,204.0,17.0,,,2026-02-02,2026,1.0,147.25,0.4601819297951895,319.98214285714283,Q4_wide,A4_bloated
2026-02-03 14:54:00+00:00,2026-02-03 15:24:00+00:00,short,463.26,orb,1.0474,0.0366,243.0,8.5,,,2026-02-03,2026,1.0,222.75,0.6447178002894356,345.5,Q4_wide,A4_bloated
2026-02-04 14:59:00+00:00,2026-02-04 16:44:00+00:00,short,390.76,orb,1.1188,0.567,219.0,111.0,,,2026-02-04,2026,1.0,160.0,0.4334994436112052,369.0892857142857,Q4_wide,A4_bloated
2026-02-05 15:14:00+00:00,2026-02-05 21:09:00+00:00,short,-68.24,orb,0.0432,0.8718,16.25,328.0,,,2026-02-05,2026,1.0,284.0,0.7522822950664585,377.51785714285717,Q4_wide,A4_bloated
2026-02-06 14:49:00+00:00,2026-02-06 20:49:00+00:00,long,460.76,orb,1.0271,0.8169,237.0,188.5,,,2026-02-06,2026,1.0,242.25,0.6028529529396081,401.8392857142857,Q4_wide,A4_bloated
2026-02-09 14:49:00+00:00,2026-02-09 16:49:00+00:00,long,432.76,orb,1.0081,0.3702,218.5,80.25,,,2026-02-09,2026,1.0,211.75,0.514023147947462,411.94642857142856,Q4_wide,A4_bloated
2026-02-10 15:09:00+00:00,2026-02-10 20:09:00+00:00,long,-340.24,orb,0.0723,1.028,12.25,174.25,,,2026-02-10,2026,1.0,144.75,0.36910887482355087,392.1607142857143,Q4_wide,A3
2026-02-11 14:59:00+00:00,2026-02-11 15:14:00+00:00,short,319.26,orb,1.0203,0.2391,163.25,38.25,,,2026-02-11,2026,1.0,126.0,0.30890464933018125,407.89285714285717,Q4_wide,A2
2026-02-12 14:49:00+00:00,2026-02-12 15:44:00+00:00,short,562.52,orb,1.2004,0.289,169.25,40.75,,,2026-02-12,2026,1.0,119.5,0.2743409994670602,435.5892857142857,Q4_wide,A2
2026-02-13 15:09:00+00:00,2026-02-13 21:09:00+00:00,long,-36.24,orb,0.8573,0.3802,192.25,85.25,,,2026-02-13,2026,1.0,225.75,0.5021050123123362,449.60714285714283,Q4_wide,A4_bloated
2026-02-16 15:04:00+00:00,2026-02-16 15:29:00+00:00,long,-608.96,orb,0.1358,1.0265,10.25,77.5,,,2026-02-16,2026,1.0,79.0,0.17769209141663653,444.5892857142857,Q3,A1_tight
2026-02-17 14:54:00+00:00,2026-02-17 18:39:00+00:00,short,-569.74,orb,0.2885,1.015,82.0,288.5,,,2026-02-17,2026,1.0,210.0,0.45719617448098904,459.32142857142856,Q4_wide,A4_bloated
2026-02-18 14:54:00+00:00,2026-02-18 15:09:00+00:00,long,536.52,orb,1.21,0.0242,162.75,3.25,,,2026-02-18,2026,1.0,122.25,0.2776606099935107,440.2857142857143,Q4_wide,A2
2026-02-19 15:04:00+00:00,2026-02-19 18:24:00+00:00,long,-324.74,orb,0.2133,1.0881,34.5,176.0,,,2026-02-19,2026,1.0,120.5,0.2810144505059759,428.80357142857144,Q4_wide,A2
2026-02-20 15:04:00+00:00,2026-02-20 21:09:00+00:00,long,209.76,orb,0.5566,0.3936,164.75,116.5,,,2026-02-20,2026,1.0,229.75,0.5307755775577558,432.85714285714283,Q4_wide,A4_bloated
2026-02-23 15:04:00+00:00,2026-02-23 16:04:00+00:00,short,346.26,orb,1.0317,0.3674,179.0,63.75,,,2026-02-23,2026,1.0,174.5,0.4282020945620262,407.51785714285717,Q4_wide,A4_bloated
2026-02-24 14:49:00+00:00,2026-02-24 21:09:00+00:00,long,129.26,orb,0.5422,0.499,135.0,124.25,,,2026-02-24,2026,1.0,230.0,0.5872697428415101,391.64285714285717,Q4_wide,A4_bloated
2026-02-25 14:49:00+00:00,2026-02-25 21:09:00+00:00,long,162.26,orb,0.5408,0.3374,87.75,54.75,,,2026-02-25,2026,1.0,95.0,0.25316455696202533,375.25,Q3,A2
2026-02-26 14:54:00+00:00,2026-02-26 15:14:00+00:00,short,501.52,orb,1.2087,0.2028,152.0,25.5,,,2026-02-26,2026,1.0,121.25,0.3260347642370114,371.89285714285717,Q4_wide,A3
2026-02-27 14:49:00+00:00,2026-02-27 21:09:00+00:00,long,159.52,orb,0.7582,0.532,109.75,77.0,,,2026-02-27,2026,1.0,127.0,0.3564554931836407,356.2857142857143,Q4_wide,A3
2026-03-02 14:49:00+00:00,2026-03-02 21:09:00+00:00,long,176.76,orb,0.7258,0.3151,208.5,90.5,,,2026-03-02,2026,1.0,201.5,0.5470765053815573,368.32142857142856,Q4_wide,A4_bloated
2026-03-03 14:49:00+00:00,2026-03-03 16:49:00+00:00,short,-638.48,orb,0.9434,1.4009,150.0,222.75,,,2026-03-03,2026,1.0,158.75,0.42353501667460697,374.82142857142856,Q4_wide,A4_bloated
2026-03-04 15:09:00+00:00,2026-03-04 16:04:00+00:00,long,628.52,orb,1.0365,0.2381,163.25,37.5,,,2026-03-04,2026,1.0,144.25,0.40648115533638607,354.875,Q4_wide,A3
2026-03-05 14:54:00+00:00,2026-03-05 15:34:00+00:00,long,-633.48,orb,0.4216,1.3487,66.5,212.75,,,2026-03-05,2026,1.0,102.0,0.2862440491104986,356.3392857142857,Q3,A2
2026-03-06 15:04:00+00:00,2026-03-06 17:04:00+00:00,long,620.52,orb,1.0402,0.6431,161.75,100.0,,,2026-03-06,2026,1.0,123.75,0.3339919996144392,370.51785714285717,Q4_wide,A3
2026-03-09 13:54:00+00:00,2026-03-09 14:44:00+00:00,short,-367.74,orb,0.1569,1.06,28.75,194.25,,,2026-03-09,2026,1.0,181.25,0.46205672144580506,392.26785714285717,Q4_wide,A4_bloated
2026-03-10 14:09:00+00:00,2026-03-10 14:39:00+00:00,short,-360.74,orb,0.0529,1.0612,9.5,190.75,,,2026-03-10,2026,1.0,122.25,0.3143539351639269,388.89285714285717,Q4_wide,A3
2026-03-11 14:04:00+00:00,2026-03-11 14:24:00+00:00,long,-524.22,orb,0.317,1.2046,27.5,104.5,,,2026-03-11,2026,1.0,62.5,0.15792798483891346,395.75,Q2,A1_tight
2026-03-12 13:49:00+00:00,2026-03-12 13:59:00+00:00,short,585.78,orb,1.0791,0.3163,105.75,31.0,,,2026-03-12,2026,1.0,108.0,0.2794049708953155,386.5357142857143,Q4_wide,A2
2026-03-13 13:54:00+00:00,2026-03-13 14:44:00+00:00,long,-357.74,orb,0.0154,1.0954,2.75,195.25,,,2026-03-13,2026,1.0,186.25,0.4745870682986759,392.44642857142856,Q4_wide,A4_bloated
2026-03-16 13:59:00+00:00,2026-03-16 14:54:00+00:00,long,-457.48,orb,0.2418,1.1099,27.5,126.25,,,2026-03-16,2026,1.0,76.5,0.20148621954660897,379.67857142857144,Q3,A1_tight
2026-03-17 13:49:00+00:00,2026-03-17 15:39:00+00:00,long,-600.48,orb,0.0,1.0686,0.0,159.75,,,2026-03-17,2026,1.0,103.0,0.27244816021916773,378.05357142857144,Q4_wide,A2
2026-03-18 14:14:00+00:00,2026-03-18 17:14:00+00:00,short,572.28,orb,1.0261,0.3969,98.25,38.0,,,2026-03-18,2026,1.0,85.5,0.23130434782608694,369.64285714285717,Q3,A1_tight
2026-03-19 13:49:00+00:00,2026-03-19 19:04:00+00:00,long,522.52,orb,1.0496,0.6126,137.5,80.25,,,2026-03-19,2026,1.0,126.0,0.3337748344370861,377.5,Q4_wide,A3
2026-03-20 13:54:00+00:00,2026-03-20 14:54:00+00:00,short,509.52,orb,1.0333,0.0626,132.0,8.0,,,2026-03-20,2026,1.0,90.0,0.23480083857442346,383.30357142857144,Q3,A1_tight
2026-03-23 13:49:00+00:00,2026-03-23 15:54:00+00:00,long,-575.48,orb,0.7958,1.0279,114.0,147.25,,,2026-03-23,2026,1.0,123.25,0.3286823182056289,374.98214285714283,Q4_wide,A3
2026-03-24 15:19:00+00:00,2026-03-24 20:09:00+00:00,long,-221.74,orb,0.2599,0.8866,51.0,174.0,,,2026-03-24,2026,1.0,179.75,0.49253804374418947,364.94642857142856,Q4_wide,A4_bloated
2026-03-25 13:49:00+00:00,2026-03-25 15:19:00+00:00,short,429.52,orb,1.2204,0.942,131.5,101.5,,,2026-03-25,2026,1.0,94.0,0.2679425837320574,350.82142857142856,Q3,A2
2026-03-26 13:49:00+00:00,2026-03-26 14:59:00+00:00,long,-614.22,orb,0.7518,1.3342,76.5,135.75,,,2026-03-26,2026,1.0,128.75,0.35666584219638886,360.98214285714283,Q4_wide,A3
2026-03-27 13:54:00+00:00,2026-03-27 17:29:00+00:00,short,554.52,orb,1.0629,0.6169,147.75,85.75,,,2026-03-27,2026,1.0,117.0,0.349346840842442,334.9107142857143,Q4_wide,A3
2026-03-30 13:49:00+00:00,2026-03-30 17:34:00+00:00,short,357.76,orb,1.0502,0.4324,188.25,77.5,,,2026-03-30,2026,1.0,163.75,0.4700394689630427,348.375,Q4_wide,A4_bloated
2026-03-31 13:49:00+00:00,2026-03-31 14:59:00+00:00,long,-609.48,orb,0.3756,1.0165,57.0,154.25,,,2026-03-31,2026,1.0,86.25,0.23358158429248477,369.25,Q3,A1_tight
2026-04-01 14:39:00+00:00,2026-04-01 20:09:00+00:00,long,-44.24,orb,0.7926,0.5235,134.75,89.0,,,2026-04-01,2026,1.0,151.5,0.4092421976749795,370.19642857142856,Q4_wide,A4_bloated
2026-04-02 13:54:00+00:00,2026-04-02 14:34:00+00:00,long,333.76,orb,1.1046,0.0538,184.75,9.0,,,2026-04-02,2026,1.0,140.75,0.37062115013871255,379.76785714285717,Q4_wide,A3
2026-04-06 13:54:00+00:00,2026-04-06 17:14:00+00:00,long,-538.48,orb,0.5392,1.3228,72.25,177.25,,,2026-04-06,2026,1.0,128.0,0.3342815837336194,382.9107142857143,Q4_wide,A3
2026-04-07 13:49:00+00:00,2026-04-07 14:09:00+00:00,short,564.52,orb,1.2173,0.2933,172.25,41.5,,,2026-04-07,2026,1.0,87.0,0.21614906832298136,402.5,Q3,A1_tight
2026-04-08 13:54:00+00:00,2026-04-08 20:09:00+00:00,short,43.26,orb,0.9169,0.454,154.5,76.5,,,2026-04-08,2026,1.0,104.25,0.26316263974035337,396.14285714285717,Q4_wide,A2
2026-04-09 14:09:00+00:00,2026-04-09 15:34:00+00:00,short,-561.72,orb,0.5941,1.5161,55.25,141.0,,,2026-04-09,2026,1.0,92.5,0.23586194335670704,392.17857142857144,Q3,A1_tight
2026-04-10 14:04:00+00:00,2026-04-10 14:34:00+00:00,short,-482.22,orb,0.2665,1.0596,21.25,84.5,,,2026-04-10,2026,1.0,78.75,0.2135593220338983,368.75,Q3,A1_tight
2026-04-13 13:49:00+00:00,2026-04-13 16:29:00+00:00,long,579.78,orb,1.2912,0.4381,125.25,42.5,,,2026-04-13,2026,1.0,64.5,0.1746192893401015,369.375,Q2,A1_tight
2026-04-14 14:09:00+00:00,2026-04-14 15:44:00+00:00,long,614.28,orb,1.1192,0.146,115.0,15.0,,,2026-04-14,2026,1.0,79.0,0.21101836393989984,374.375,Q3,A1_tight
2026-04-15 13:59:00+00:00,2026-04-15 14:49:00+00:00,long,515.28,orb,1.1188,0.2348,96.5,20.25,,,2026-04-15,2026,1.0,77.5,0.20103761348897536,385.5,Q3,A1_tight
2026-04-16 13:54:00+00:00,2026-04-16 15:09:00+00:00,short,-343.24,orb,0.038,1.0877,6.5,186.0,,,2026-04-16,2026,1.0,63.5,0.17037178995783825,372.7142857142857,Q2,A1_tight
2026-04-17 13:59:00+00:00,2026-04-17 14:44:00+00:00,long,608.28,orb,1.0467,0.1671,106.5,17.0,,,2026-04-17,2026,1.0,90.5,0.24876061453885043,363.80357142857144,Q3,A2
2026-04-20 13:49:00+00:00,2026-04-20 14:54:00+00:00,short,576.78,orb,1.2409,0.7565,119.75,73.0,,,2026-04-20,2026,1.0,83.25,0.24145431945307644,344.7857142857143,Q3,A2
2026-04-21 13:59:00+00:00,2026-04-21 15:04:00+00:00,long,-449.48,orb,0.4161,1.5011,46.5,167.75,,,2026-04-21,2026,1.0,51.25,0.1572861292267222,325.8392857142857,Q1_narrow,A1_tight
2026-04-22 14:14:00+00:00,2026-04-22 17:14:00+00:00,long,433.52,orb,1.0437,0.0023,113.5,0.25,,,2026-04-22,2026,1.0,63.0,0.19434804164600894,324.1607142857143,Q2,A1_tight
2026-04-23 13:49:00+00:00,2026-04-23 17:09:00+00:00,long,-462.48,orb,0.6565,1.1304,75.5,130.0,,,2026-04-23,2026,1.0,93.0,0.29433706341132587,315.9642857142857,Q3,A2
2026-04-24 13:54:00+00:00,2026-04-24 14:14:00+00:00,short,-524.22,orb,0.4928,1.0865,42.75,94.25,,,2026-04-24,2026,1.0,77.75,0.24155339805825243,321.875,Q3,A2
2026-04-27 13:49:00+00:00,2026-04-27 17:34:00+00:00,short,-513.72,orb,0.6029,1.0441,51.25,88.75,,,2026-04-27,2026,1.0,59.75,0.19808193227563342,301.64285714285717,Q2,A1_tight
2026-04-28 14:49:00+00:00,2026-04-28 20:09:00+00:00,short,-253.74,orb,0.2863,0.9148,51.25,163.75,,,2026-04-28,2026,1.0,171.75,0.5727727489280611,299.85714285714283,Q4_wide,A4_bloated
2026-04-29 13:54:00+00:00,2026-04-29 19:19:00+00:00,long,609.78,orb,1.1152,0.7157,113.75,73.0,,,2026-04-29,2026,1.0,75.75,0.25695075413410867,294.80357142857144,Q3,A2
2026-04-30 13:54:00+00:00,2026-04-30 17:34:00+00:00,short,-497.24,orb,0.3226,1.0464,80.0,259.5,,,2026-04-30,2026,1.0,170.5,0.5406262386048355,315.375,Q4_wide,A4_bloated
2026-05-01 13:59:00+00:00,2026-05-01 20:09:00+00:00,long,-95.74,orb,0.1691,0.48,43.25,122.75,,,2026-05-01,2026,1.0,136.75,0.446921505690108,305.98214285714283,Q4_wide,A4_bloated
2026-05-04 13:59:00+00:00,2026-05-04 15:19:00+00:00,long,-530.22,orb,0.51,1.4444,44.75,126.75,,,2026-05-04,2026,1.0,79.75,0.26022608087635474,306.4642857142857,Q3,A2
2026-05-05 13:59:00+00:00,2026-05-05 20:09:00+00:00,long,251.52,orb,0.8993,0.4705,102.75,53.75,,,2026-05-05,2026,1.0,126.25,0.4297872340425532,293.75,Q4_wide,A4_bloated
2026-05-06 13:54:00+00:00,2026-05-06 18:39:00+00:00,long,317.76,orb,1.0691,0.6939,170.25,110.5,,,2026-05-06,2026,1.0,156.0,0.5194125691182591,300.3392857142857,Q4_wide,A4_bloated
2026-05-07 13:54:00+00:00,2026-05-07 14:19:00+00:00,long,517.04,orb,1.1038,0.2385,71.75,15.5,,,2026-05-07,2026,1.0,71.5,0.23052564914502852,310.1607142857143,Q2,A1_tight
2026-05-08 13:49:00+00:00,2026-05-08 17:04:00+00:00,long,412.76,orb,1.0786,0.1197,223.0,24.75,,,2026-05-08,2026,1.0,170.25,0.5218390804597701,326.25,Q4_wide,A4_bloated
2026-05-11 15:49:00+00:00,2026-05-11 20:09:00+00:00,long,-158.48,orb,0.2488,0.4504,39.5,71.5,,,2026-05-11,2026,1.0,102.5,0.32122670546756954,319.0892857142857,Q4_wide,A3
2026-05-12 13:59:00+00:00,2026-05-12 15:09:00+00:00,short,623.52,orb,1.0384,0.6336,162.25,99.0,,,2026-05-12,2026,1.0,153.0,0.45192256975578876,338.55357142857144,Q4_wide,A4_bloated
2026-05-13 13:49:00+00:00,2026-05-13 14:54:00+00:00,short,-609.48,orb,0.2669,1.1763,40.5,178.5,,,2026-05-13,2026,1.0,103.0,0.30318002628120894,339.73214285714283,Q4_wide,A2
2026-05-14 13:49:00+00:00,2026-05-14 20:09:00+00:00,long,79.76,orb,0.5616,0.6715,116.25,139.0,,,2026-05-14,2026,1.0,214.5,0.6325434439178516,339.10714285714283,Q4_wide,A4_bloated
2026-05-15 13:59:00+00:00,2026-05-15 14:14:00+00:00,short,-593.48,orb,0.0745,1.0948,11.0,161.75,,,2026-05-15,2026,1.0,148.5,0.41677943166441134,356.30357142857144,Q4_wide,A4_bloated
2026-05-18 13:49:00+00:00,2026-05-18 15:29:00+00:00,short,394.76,orb,1.0215,0.7611,202.0,150.5,,,2026-05-18,2026,1.0,216.25,0.5726039056220152,377.6607142857143,Q4_wide,A4_bloated
2026-05-19 14:09:00+00:00,2026-05-19 17:09:00+00:00,short,-551.74,orb,0.4705,1.0163,129.5,279.75,,,2026-05-19,2026,1.0,166.75,0.42351127035239694,393.73214285714283,Q4_wide,A4_bloated
2026-05-20 14:19:00+00:00,2026-05-20 15:19:00+00:00,long,573.52,orb,1.5878,0.3461,228.25,49.75,,,2026-05-20,2026,1.0,137.0,0.352411575562701,388.75,Q4_wide,A3
2026-05-21 13:54:00+00:00,2026-05-21 14:24:00+00:00,long,-484.48,orb,0.3755,1.3921,45.25,167.75,,,2026-05-21,2026,1.0,94.5,0.23579735329501403,400.76785714285717,Q3,A1_tight
2026-05-22 14:19:00+00:00,2026-05-22 17:29:00+00:00,short,-332.74,orb,0.3575,1.1327,59.25,187.75,,,2026-05-22,2026,1.0,119.5,0.30190381665614,395.82142857142856,Q4_wide,A2
2026-05-25 13:49:00+00:00,2026-05-25 14:29:00+00:00,long,-582.68,orb,0.311,1.0,12.75,41.0,,,2026-05-25,2026,1.0,41.0,0.10613905325443787,386.2857142857143,Q1_narrow,A1_tight
2026-05-26 13:49:00+00:00,2026-05-26 20:09:00+00:00,long,362.52,orb,0.9881,0.598,145.0,87.75,,,2026-05-26,2026,1.0,136.5,0.3592611740376933,379.94642857142856,Q4_wide,A3
2026-05-27 14:24:00+00:00,2026-05-27 20:09:00+00:00,short,-193.74,orb,0.3828,0.473,87.0,107.5,,,2026-05-27,2026,1.0,205.75,0.5518463527946741,372.8392857142857,Q4_wide,A4_bloated
2026-05-28 13:49:00+00:00,2026-05-28 14:14:00+00:00,short,-361.24,orb,0.0639,1.4181,11.5,255.25,,,2026-05-28,2026,1.0,168.75,0.45685279187817257,369.375,Q4_wide,A4_bloated
2026-05-29 13:49:00+00:00,2026-05-29 14:29:00+00:00,long,-487.48,orb,0.4103,1.1567,49.75,140.25,,,2026-05-29,2026,1.0,103.0,0.2770945426594927,371.7142857142857,Q4_wide,A2
2026-06-01 14:04:00+00:00,2026-06-01 15:19:00+00:00,short,-620.48,orb,0.0291,1.0566,4.5,163.25,,,2026-06-01,2026,1.0,152.75,0.423381508612156,360.7857142857143,Q4_wide,A4_bloated
2026-06-02 13:59:00+00:00,2026-06-02 20:09:00+00:00,long,278.76,orb,0.9059,0.361,161.25,64.25,,,2026-06-02,2026,1.0,106.5,0.3069164265129683,347.0,Q4_wide,A2
2026-06-03 13:49:00+00:00,2026-06-03 20:09:00+00:00,short,-172.24,orb,0.0968,0.7606,27.5,216.0,,,2026-06-03,2026,1.0,204.25,0.5900438483363425,346.1607142857143,Q4_wide,A4_bloated
2026-06-04 14:04:00+00:00,2026-06-04 15:04:00+00:00,short,-335.24,orb,0.2769,1.1108,46.25,185.5,,,2026-06-04,2026,1.0,176.75,0.5048454554728145,350.10714285714283,Q4_wide,A4_bloated
2026-06-05 13:49:00+00:00,2026-06-05 15:44:00+00:00,short,484.76,orb,1.001,0.3502,243.0,85.0,,,2026-06-05,2026,1.0,194.75,0.49696969696969695,391.875,Q4_wide,A4_bloated
2026-06-08 13:59:00+00:00,2026-06-08 14:39:00+00:00,short,-469.74,orb,0.0768,1.0854,18.0,254.25,,,2026-06-08,2026,1.0,186.5,0.4804710861664443,388.1607142857143,Q4_wide,A4_bloated
2026-06-09 13:49:00+00:00,2026-06-09 14:04:00+00:00,long,-421.24,orb,0.0226,1.0345,4.75,217.25,,,2026-06-09,2026,1.0,152.25,0.31976896823313206,476.125,Q4_wide,A3
2026-06-10 13:49:00+00:00,2026-06-10 15:14:00+00:00,long,-744.24,orb,0.2847,1.0747,105.75,399.25,,,2026-06-10,2026,1.0,320.25,0.6401799100449775,500.25,Q4_wide,A4_bloated
2026-06-11 13:49:00+00:00,2026-06-11 13:54:00+00:00,long,328.26,orb,1.2234,0.0,201.25,0.0,,,2026-06-11,2026,1.0,169.75,0.3081761006289308,550.8214285714286,Q4_wide,A2
